stringId_A	stringId_B	preferredName_A	preferredName_B	ncbiTaxonId	score	nscore	fscore	pscore	ascore	escore	dscore	tscore
9606.ENSP00000003302	9606.ENSP00000371475	USP28	TP53BP1	9606	0.986	0	0	0	0	0.587	0	0.969
9606.ENSP00000003302	9606.ENSP00000441543	USP28	UBC	9606	0.965	0	0	0	0	0.965	0	0
9606.ENSP00000003302	9606.ENSP00000388107	USP28	UBA52	9606	0.931	0	0	0	0	0.931	0	0
9606.ENSP00000003302	9606.ENSP00000478771	USP28	UBB	9606	0.914	0	0	0	0	0.914	0	0
9606.ENSP00000003302	9606.ENSP00000272317	USP28	RPS27A	9606	0.913	0	0	0	0	0.913	0	0
9606.ENSP00000003302	9606.ENSP00000474725	USP28	FBXW7	9606	0.9	0	0	0	0	0.292	0	0.865
9606.ENSP00000003302	9606.ENSP00000478887	USP28	MYC	9606	0.83	0	0	0	0	0.457	0.7	0
9606.ENSP00000003302	9606.ENSP00000312995	USP28	CLSPN	9606	0.778	0	0	0	0	0.292	0.7	0
9606.ENSP00000013807	9606.ENSP00000310520	ERCC1	ERCC4	9606	0.999	0	0	0	0	0.982	0.9	0.985
9606.ENSP00000013807	9606.ENSP00000364270	ERCC1	XPA	9606	0.998	0	0	0	0	0.674	0.54	0.987
9606.ENSP00000013807	9606.ENSP00000294008	ERCC1	SLX4	9606	0.997	0	0	0	0	0.658	0.5	0.984
9606.ENSP00000013807	9606.ENSP00000307853	ERCC1	MUS81	9606	0.978	0	0	0	0	0.77	0.5	0.831
9606.ENSP00000013807	9606.ENSP00000498881	ERCC1	ERCC5	9606	0.961	0	0	0	0	0	0.9	0.629
9606.ENSP00000013807	9606.ENSP00000251303	ERCC1	SLX1A	9606	0.961	0	0	0	0	0.457	0.5	0.87
9606.ENSP00000013807	9606.ENSP00000350708	ERCC1	RAD23B	9606	0.957	0	0	0	0	0	0.9	0.595
9606.ENSP00000013807	9606.ENSP00000285021	ERCC1	XPC	9606	0.948	0	0	0	0	0	0.9	0.507
9606.ENSP00000013807	9606.ENSP00000265038	ERCC1	ERCC8	9606	0.94	0	0	0	0	0	0.9	0.426
9606.ENSP00000013807	9606.ENSP00000233146	ERCC1	MSH2	9606	0.926	0	0	0	0	0.292	0.9	0
9606.ENSP00000013807	9606.ENSP00000359300	ERCC1	CETN2	9606	0.924	0	0	0	0	0	0.9	0.275
9606.ENSP00000013807	9606.ENSP00000398824	ERCC1	PHF21A	9606	0.921	0	0	0	0	0	0.9	0.243
9606.ENSP00000013807	9606.ENSP00000375978	ERCC1	XRCC5	9606	0.913	0	0	0	0	0	0.9	0.167
9606.ENSP00000013807	9606.ENSP00000383042	ERCC1	KDM1A	9606	0.9	0	0	0	0	0	0.9	0
9606.ENSP00000013807	9606.ENSP00000310008	ERCC1	SWSAP1	9606	0.9	0	0	0	0	0	0.9	0
9606.ENSP00000013807	9606.ENSP00000421491	ERCC1	XRCC4	9606	0.9	0	0	0	0	0	0.9	0
9606.ENSP00000013807	9606.ENSP00000262241	ERCC1	RCOR1	9606	0.9	0	0	0	0	0	0.9	0
9606.ENSP00000013807	9606.ENSP00000360682	ERCC1	PAXX	9606	0.9	0	0	0	0	0	0.9	0
9606.ENSP00000013807	9606.ENSP00000278616	ERCC1	ATM	9606	0.9	0	0	0	0	0	0.9	0
9606.ENSP00000013807	9606.ENSP00000352257	ERCC1	XRCC6	9606	0.9	0	0	0	0	0	0.9	0
9606.ENSP00000013807	9606.ENSP00000349313	ERCC1	NHEJ1	9606	0.9	0	0	0	0	0	0.9	0
9606.ENSP00000013807	9606.ENSP00000300145	ERCC1	ATP23	9606	0.9	0	0	0	0	0	0.9	0
9606.ENSP00000013807	9606.ENSP00000313420	ERCC1	PRKDC	9606	0.9	0	0	0	0	0	0.9	0
9606.ENSP00000013807	9606.ENSP00000367527	ERCC1	DCLRE1C	9606	0.9	0	0	0	0	0	0.9	0
9606.ENSP00000013807	9606.ENSP00000382218	ERCC1	ZSWIM7	9606	0.9	0	0	0	0	0	0.9	0
9606.ENSP00000013807	9606.ENSP00000234420	ERCC1	MSH6	9606	0.9	0	0	0	0	0	0.9	0
9606.ENSP00000013807	9606.ENSP00000472445	ERCC1	POLD1	9606	0.9	0	0	0	0	0	0.9	0
9606.ENSP00000013807	9606.ENSP00000484288	ERCC1	LIG4	9606	0.9	0	0	0	0	0	0.9	0.049
9606.ENSP00000013807	9606.ENSP00000285398	ERCC1	ERCC3	9606	0.886	0	0	0	0	0	0.54	0.764
9606.ENSP00000013807	9606.ENSP00000375809	ERCC1	ERCC2	9606	0.821	0	0	0	0	0	0.5	0.657
9606.ENSP00000013807	9606.ENSP00000267430	ERCC1	FANCM	9606	0.771	0	0	0	0	0.35	0.5	0.353
9606.ENSP00000013807	9606.ENSP00000418960	ERCC1	BRCA1	9606	0.73	0	0	0	0	0.439	0.54	0
9606.ENSP00000013807	9606.ENSP00000351284	ERCC1	RAD52	9606	0.721	0	0	0	0	0.292	0	0.623
9606.ENSP00000013807	9606.ENSP00000265081	ERCC1	MSH3	9606	0.72	0	0	0	0	0	0.72	0
9606.ENSP00000013807	9606.ENSP00000305480	ERCC1	FEN1	9606	0.718	0	0	0	0	0	0	0.718
9606.ENSP00000020945	9606.ENSP00000383042	SNAI2	KDM1A	9606	0.916	0	0	0	0	0.292	0	0.886
9606.ENSP00000020945	9606.ENSP00000378402	SNAI2	SIN3A	9606	0.841	0	0	0	0	0.292	0	0.784
9606.ENSP00000020945	9606.ENSP00000244050	SNAI2	SNAI1	9606	0.802	0	0	0	0	0	0.8	0.051
9606.ENSP00000159111	9606.ENSP00000405330	KDM4B	ESR1	9606	0.863	0	0	0	0	0.457	0.5	0.536
9606.ENSP00000159111	9606.ENSP00000321744	KDM4B	H2BC4	9606	0.702	0	0	0	0	0.075	0.5	0.409
9606.ENSP00000212015	9606.ENSP00000337976	SIRT1	SUV39H1	9606	0.998	0	0	0	0	0.457	0.9	0.97
9606.ENSP00000212015	9606.ENSP00000254605	SIRT1	RRP8	9606	0.995	0	0	0	0	0.292	0.9	0.947
9606.ENSP00000212015	9606.ENSP00000310670	SIRT1	CCAR2	9606	0.992	0	0	0	0	0.457	0.9	0.879
9606.ENSP00000212015	9606.ENSP00000264867	SIRT1	PPARGC1A	9606	0.988	0	0	0	0	0.457	0	0.979
9606.ENSP00000212015	9606.ENSP00000268712	SIRT1	NCOR1	9606	0.988	0	0	0	0	0.481	0	0.978
9606.ENSP00000212015	9606.ENSP00000426983	SIRT1	CLOCK	9606	0.986	0	0	0	0	0.292	0	0.981
9606.ENSP00000212015	9606.ENSP00000354916	SIRT1	CDC14A	9606	0.985	0	0	0	0	0.048	0	0.984
9606.ENSP00000212015	9606.ENSP00000358072	SIRT1	ATG5	9606	0.982	0	0	0	0	0.292	0	0.975
9606.ENSP00000212015	9606.ENSP00000346437	SIRT1	ATG7	9606	0.981	0	0	0	0	0.457	0	0.968
9606.ENSP00000212015	9606.ENSP00000411256	SIRT1	GABARAPL1	9606	0.978	0	0	0	0	0.292	0	0.97
9606.ENSP00000212015	9606.ENSP00000384517	SIRT1	ARNTL	9606	0.963	0	0	0	0	0.292	0	0.95
9606.ENSP00000212015	9606.ENSP00000269305	SIRT1	TP53	9606	0.95	0	0	0	0	0.457	0	0.913
9606.ENSP00000212015	9606.ENSP00000037243	SIRT1	GABARAPL2	9606	0.95	0	0	0	0	0	0	0.95
9606.ENSP00000212015	9606.ENSP00000287820	SIRT1	PPARG	9606	0.94	0	0	0	0	0.292	0	0.92
9606.ENSP00000212015	9606.ENSP00000362649	SIRT1	HDAC1	9606	0.939	0	0	0	0	0.387	0	0.905
9606.ENSP00000212015	9606.ENSP00000368880	SIRT1	FOXO1	9606	0.931	0	0	0	0	0.457	0	0.878
9606.ENSP00000212015	9606.ENSP00000249396	SIRT1	SIRT2	9606	0.926	0	0	0	0	0.292	0.9	0
9606.ENSP00000212015	9606.ENSP00000245919	SIRT1	FOSB	9606	0.9	0	0	0	0	0	0.9	0
9606.ENSP00000212015	9606.ENSP00000396976	SIRT1	BAHD1	9606	0.9	0	0	0	0	0	0.9	0
9606.ENSP00000212015	9606.ENSP00000316578	SIRT1	SUZ12	9606	0.891	0	0	0	0	0.457	0.36	0.713
9606.ENSP00000212015	9606.ENSP00000262238	SIRT1	YY1	9606	0.879	0	0	0	0	0	0.36	0.82
9606.ENSP00000212015	9606.ENSP00000339527	SIRT1	FOXO3	9606	0.862	0	0	0	0	0.457	0	0.757
9606.ENSP00000212015	9606.ENSP00000384273	SIRT1	RELA	9606	0.861	0	0	0	0	0.457	0	0.755
9606.ENSP00000212015	9606.ENSP00000328547	SIRT1	DNMT3B	9606	0.834	0	0	0	0	0.509	0	0.676
9606.ENSP00000212015	9606.ENSP00000263754	SIRT1	KAT2B	9606	0.818	0	0	0	0	0.387	0	0.716
9606.ENSP00000212015	9606.ENSP00000383042	SIRT1	KDM1A	9606	0.786	0	0	0	0	0	0	0.786
9606.ENSP00000212015	9606.ENSP00000320147	SIRT1	EZH2	9606	0.774	0	0	0	0	0.457	0.36	0.401
9606.ENSP00000212015	9606.ENSP00000497916	SIRT1	NDN	9606	0.753	0	0	0	0	0.292	0	0.666
9606.ENSP00000212015	9606.ENSP00000363377	SIRT1	FOXO4	9606	0.746	0	0	0	0	0.292	0	0.657
9606.ENSP00000212015	9606.ENSP00000384371	SIRT1	BCL6	9606	0.743	0	0	0	0	0.292	0	0.652
9606.ENSP00000212015	9606.ENSP00000495360	SIRT1	CTNNB1	9606	0.743	0	0	0	0	0.292	0	0.652
9606.ENSP00000212015	9606.ENSP00000352516	SIRT1	DNMT1	9606	0.741	0	0	0	0	0.457	0	0.543
9606.ENSP00000212015	9606.ENSP00000267163	SIRT1	RB1	9606	0.739	0	0	0	0	0.457	0.54	0
9606.ENSP00000212015	9606.ENSP00000225916	SIRT1	KAT2A	9606	0.738	0	0	0	0	0.457	0	0.539
9606.ENSP00000212015	9606.ENSP00000274031	SIRT1	SETD7	9606	0.726	0	0	0	0	0.292	0	0.63
9606.ENSP00000212015	9606.ENSP00000381657	SIRT1	DOT1L	9606	0.726	0	0	0	0	0.457	0	0.517
9606.ENSP00000212015	9606.ENSP00000446880	SIRT1	BAZ2A	9606	0.72	0	0	0	0	0	0.72	0
9606.ENSP00000212015	9606.ENSP00000250003	SIRT1	MYOD1	9606	0.72	0	0	0	0	0.226	0	0.654
9606.ENSP00000212015	9606.ENSP00000219476	SIRT1	TSC2	9606	0.718	0	0	0	0	0.292	0	0.618
9606.ENSP00000212015	9606.ENSP00000268058	SIRT1	PML	9606	0.713	0	0	0	0	0.292	0	0.612
9606.ENSP00000212015	9606.ENSP00000254657	SIRT1	PER2	9606	0.713	0	0	0	0	0	0	0.713
9606.ENSP00000217086	9606.ENSP00000229307	SALL4	NANOG	9606	0.997	0	0	0	0	0.457	0.8	0.975
9606.ENSP00000217086	9606.ENSP00000259915	SALL4	POU5F1	9606	0.978	0	0	0	0	0.457	0.8	0.813
9606.ENSP00000217086	9606.ENSP00000362592	SALL4	RBBP4	9606	0.961	0	0	0	0	0.926	0.5	0
9606.ENSP00000217086	9606.ENSP00000323588	SALL4	SOX2	9606	0.926	0	0	0	0	0	0.8	0.648
9606.ENSP00000217086	9606.ENSP00000276594	SALL4	PRDM14	9606	0.834	0	0	0	0	0	0.8	0.205
9606.ENSP00000217086	9606.ENSP00000458879	SALL4	ZSCAN10	9606	0.8	0	0	0	0	0	0.8	0
9606.ENSP00000217086	9606.ENSP00000484803	SALL4	FOXP1	9606	0.8	0	0	0	0	0	0.8	0
9606.ENSP00000217086	9606.ENSP00000412302	SALL4	MBD3	9606	0.795	0	0	0	0	0.607	0.5	0
9606.ENSP00000217086	9606.ENSP00000357644	SALL4	GATAD2B	9606	0.786	0	0	0	0	0.591	0.5	0
9606.ENSP00000217086	9606.ENSP00000368253	SALL4	NR0B1	9606	0.781	0	0	0	0	0.041	0	0.781
9606.ENSP00000217086	9606.ENSP00000384899	SALL4	GATAD2A	9606	0.752	0	0	0	0	0.526	0.5	0
9606.ENSP00000217086	9606.ENSP00000370270	SALL4	ESRRB	9606	0.735	0	0	0	0	0	0	0.735
9606.ENSP00000217086	9606.ENSP00000369716	SALL4	CHD3	9606	0.727	0	0	0	0	0.468	0.5	0.057
9606.ENSP00000217086	9606.ENSP00000440542	SALL4	CHD4	9606	0.707	0	0	0	0	0.421	0.5	0.071
9606.ENSP00000217086	9606.ENSP00000385823	SALL4	MTA3	9606	0.704	0	0	0	0	0.433	0.5	0
9606.ENSP00000225983	9606.ENSP00000264606	HDAC5	HDAC4	9606	0.965	0	0	0	0	0.457	0.9	0.413
9606.ENSP00000225983	9606.ENSP00000357979	HDAC5	NR2E1	9606	0.944	0	0	0	0	0.457	0.5	0.813
9606.ENSP00000225983	9606.ENSP00000268712	HDAC5	NCOR1	9606	0.919	0	0	0	0	0.459	0.5	0.726
9606.ENSP00000225983	9606.ENSP00000384018	HDAC5	NCOR2	9606	0.836	0	0	0	0	0.459	0.5	0.444
9606.ENSP00000225983	9606.ENSP00000349430	HDAC5	H2BC12	9606	0.744	0	0	0	0	0.298	0.65	0
9606.ENSP00000225983	9606.ENSP00000332194	HDAC5	H2AC20	9606	0.741	0	0	0	0	0.292	0.65	0
9606.ENSP00000225983	9606.ENSP00000495556	HDAC5	TBL1X	9606	0.726	0	0	0	0	0.457	0.5	0.075
9606.ENSP00000225983	9606.ENSP00000340874	HDAC5	MEF2C	9606	0.714	0	0	0	0	0.428	0	0.521
9606.ENSP00000229307	9606.ENSP00000217086	NANOG	SALL4	9606	0.997	0	0	0	0	0.457	0.8	0.975
9606.ENSP00000229307	9606.ENSP00000323588	NANOG	SOX2	9606	0.993	0	0	0	0	0.292	0.8	0.956
9606.ENSP00000229307	9606.ENSP00000259915	NANOG	POU5F1	9606	0.991	0	0	0	0	0.422	0.9	0.86
9606.ENSP00000229307	9606.ENSP00000264657	NANOG	STAT3	9606	0.983	0	0	0	0	0	0.9	0.837
9606.ENSP00000229307	9606.ENSP00000487073	NANOG	NANOGP8	9606	0.979	0	0	0	0	0.8	0.9	0
9606.ENSP00000229307	9606.ENSP00000425979	NANOG	DROSHA	9606	0.937	0	0	0	0	0	0.9	0.401
9606.ENSP00000229307	9606.ENSP00000362748	NANOG	TET1	9606	0.937	0	0	0	0	0.041	0	0.937
9606.ENSP00000229307	9606.ENSP00000398632	NANOG	CD44	9606	0.933	0	0	0	0	0	0.9	0.361
9606.ENSP00000229307	9606.ENSP00000225792	NANOG	DDX5	9606	0.9	0	0	0	0	0	0.9	0
9606.ENSP00000229307	9606.ENSP00000372295	NANOG	GJB2	9606	0.899	0	0	0	0	0	0	0.899
9606.ENSP00000229307	9606.ENSP00000442788	NANOG	TET2	9606	0.86	0	0	0	0	0	0	0.86
9606.ENSP00000229307	9606.ENSP00000276594	NANOG	PRDM14	9606	0.852	0	0	0	0	0.292	0.8	0
9606.ENSP00000229307	9606.ENSP00000363804	NANOG	KLF4	9606	0.843	0	0	0	0	0	0.8	0.251
9606.ENSP00000229307	9606.ENSP00000495360	NANOG	CTNNB1	9606	0.8	0	0	0	0	0	0.8	0
9606.ENSP00000229307	9606.ENSP00000366534	NANOG	FOXH1	9606	0.8	0	0	0	0	0	0.8	0
9606.ENSP00000229307	9606.ENSP00000332973	NANOG	SMAD3	9606	0.8	0	0	0	0	0	0.8	0
9606.ENSP00000229307	9606.ENSP00000484803	NANOG	FOXP1	9606	0.8	0	0	0	0	0	0.8	0
9606.ENSP00000229307	9606.ENSP00000247219	NANOG	TBPL2	9606	0.8	0	0	0	0	0	0.8	0
9606.ENSP00000229307	9606.ENSP00000405890	NANOG	PBX1	9606	0.8	0	0	0	0	0	0.8	0
9606.ENSP00000229307	9606.ENSP00000458879	NANOG	ZSCAN10	9606	0.8	0	0	0	0	0	0.8	0
9606.ENSP00000229307	9606.ENSP00000251020	NANOG	SALL1	9606	0.788	0	0	0	0	0.292	0	0.714
9606.ENSP00000229307	9606.ENSP00000383042	NANOG	KDM1A	9606	0.769	0	0	0	0	0.041	0	0.769
9606.ENSP00000229307	9606.ENSP00000294740	NANOG	ZNF281	9606	0.721	0	0	0	0	0.457	0	0.508
9606.ENSP00000229595	9606.ENSP00000263208	ASF1A	HIRA	9606	0.998	0	0	0	0	0.978	0.8	0.575
9606.ENSP00000229595	9606.ENSP00000262376	ASF1A	UBN1	9606	0.996	0	0	0	0	0.614	0.8	0.954
9606.ENSP00000229595	9606.ENSP00000381364	ASF1A	CABIN1	9606	0.992	0	0	0	0	0.582	0.8	0.916
9606.ENSP00000229595	9606.ENSP00000352252	ASF1A	H3C12	9606	0.99	0	0	0	0	0.961	0	0.769
9606.ENSP00000229595	9606.ENSP00000333277	ASF1A	H3C13	9606	0.987	0	0	0	0	0.964	0	0.647
9606.ENSP00000229595	9606.ENSP00000254810	ASF1A	H3-3B	9606	0.986	0	0	0	0	0.962	0	0.644
9606.ENSP00000229595	9606.ENSP00000355657	ASF1A	H3-4	9606	0.982	0	0	0	0	0.952	0	0.647
9606.ENSP00000229595	9606.ENSP00000265056	ASF1A	MCM2	9606	0.973	0	0	0	0	0.964	0	0.289
9606.ENSP00000229595	9606.ENSP00000244537	ASF1A	H4C6	9606	0.972	0	0	0	0	0.971	0	0
9606.ENSP00000229595	9606.ENSP00000339835	ASF1A	H3-5	9606	0.969	0	0	0	0	0.915	0	0.647
9606.ENSP00000229595	9606.ENSP00000480960	ASF1A	H4C13	9606	0.968	0	0	0	0	0.967	0	0
9606.ENSP00000229595	9606.ENSP00000406549	ASF1A	TAF1	9606	0.967	0	0	0	0	0.946	0	0.422
9606.ENSP00000229595	9606.ENSP00000367034	ASF1A	H4C3	9606	0.966	0	0	0	0	0.966	0	0
9606.ENSP00000229595	9606.ENSP00000480826	ASF1A	H3C1	9606	0.966	0	0	0	0	0.962	0	0.131
9606.ENSP00000229595	9606.ENSP00000462667	ASF1A	H4C14	9606	0.966	0	0	0	0	0.965	0	0
9606.ENSP00000229595	9606.ENSP00000484658	ASF1A	H3C3	9606	0.965	0	0	0	0	0.961	0	0.131
9606.ENSP00000229595	9606.ENSP00000481486	ASF1A	H4C9	9606	0.964	0	0	0	0	0.963	0	0
9606.ENSP00000229595	9606.ENSP00000366974	ASF1A	H4C2	9606	0.962	0	0	0	0	0.962	0	0
9606.ENSP00000229595	9606.ENSP00000316512	ASF1A	TLK2	9606	0.961	0	0	0	0	0.951	0	0.221
9606.ENSP00000229595	9606.ENSP00000484638	ASF1A	H3C8	9606	0.958	0	0	0	0	0.953	0	0.131
9606.ENSP00000229595	9606.ENSP00000358160	ASF1A	H3C10	9606	0.958	0	0	0	0	0.953	0	0.131
9606.ENSP00000229595	9606.ENSP00000484095	ASF1A	H3C7	9606	0.954	0	0	0	0	0.949	0	0.131
9606.ENSP00000229595	9606.ENSP00000484841	ASF1A	H3C2	9606	0.953	0	0	0	0	0.947	0	0.131
9606.ENSP00000229595	9606.ENSP00000479461	ASF1A	H4C4	9606	0.928	0	0	0	0	0.928	0	0
9606.ENSP00000229595	9606.ENSP00000347168	ASF1A	H4C11	9606	0.928	0	0	0	0	0.928	0	0
9606.ENSP00000229595	9606.ENSP00000489236	ASF1A	H4C8	9606	0.928	0	0	0	0	0.928	0	0
9606.ENSP00000229595	9606.ENSP00000484789	ASF1A	H4C5	9606	0.928	0	0	0	0	0.928	0	0
9606.ENSP00000229595	9606.ENSP00000479794	ASF1A	H4C12	9606	0.928	0	0	0	0	0.928	0	0
9606.ENSP00000229595	9606.ENSP00000385479	ASF1A	H3C15	9606	0.923	0	0	0	0	0.915	0	0.131
9606.ENSP00000229595	9606.ENSP00000355780	ASF1A	H3-3A	9606	0.923	0	0	0	0	0.915	0	0.131
9606.ENSP00000229595	9606.ENSP00000489282	ASF1A	H3C6	9606	0.923	0	0	0	0	0.915	0	0.131
9606.ENSP00000229595	9606.ENSP00000366999	ASF1A	H3C4	9606	0.923	0	0	0	0	0.915	0	0.131
9606.ENSP00000229595	9606.ENSP00000483283	ASF1A	H3C11	9606	0.923	0	0	0	0	0.915	0	0.131
9606.ENSP00000229595	9606.ENSP00000358154	ASF1A	H3C14	9606	0.923	0	0	0	0	0.915	0	0.131
9606.ENSP00000229595	9606.ENSP00000462355	ASF1A	H4C15	9606	0.921	0	0	0	0	0.921	0	0
9606.ENSP00000229595	9606.ENSP00000443017	ASF1A	H4-16	9606	0.921	0	0	0	0	0.921	0	0
9606.ENSP00000229595	9606.ENSP00000479106	ASF1A	H4C1	9606	0.921	0	0	0	0	0.921	0	0
9606.ENSP00000229595	9606.ENSP00000255120	ASF1A	NASP	9606	0.887	0	0	0	0	0.775	0	0.519
9606.ENSP00000229595	9606.ENSP00000315700	ASF1A	CHAF1B	9606	0.852	0	0	0	0	0.708	0	0.514
9606.ENSP00000229595	9606.ENSP00000499501	ASF1A	H3-2	9606	0.703	0	0	0	0	0.193	0	0.647
9606.ENSP00000233146	9606.ENSP00000234420	MSH2	MSH6	9606	0.999	0	0	0	0	0.976	0.9	0.987
9606.ENSP00000233146	9606.ENSP00000265081	MSH2	MSH3	9606	0.999	0	0	0	0	0.968	0.9	0.987
9606.ENSP00000233146	9606.ENSP00000231790	MSH2	MLH1	9606	0.997	0	0	0	0	0.645	0.54	0.984
9606.ENSP00000233146	9606.ENSP00000265849	MSH2	PMS2	9606	0.996	0	0	0	0	0.574	0.54	0.984
9606.ENSP00000233146	9606.ENSP00000278616	MSH2	ATM	9606	0.996	0	0	0	0	0.287	0.9	0.957
9606.ENSP00000233146	9606.ENSP00000406490	MSH2	PMS1	9606	0.993	0	0	0	0	0.444	0.54	0.978
9606.ENSP00000233146	9606.ENSP00000355506	MSH2	EXO1	9606	0.993	0	0	0	0	0.457	0.5	0.977
9606.ENSP00000233146	9606.ENSP00000348020	MSH2	MLH3	9606	0.986	0	0	0	0	0.248	0.54	0.964
9606.ENSP00000233146	9606.ENSP00000310520	MSH2	ERCC4	9606	0.942	0	0	0	0	0.292	0.9	0.257
9606.ENSP00000233146	9606.ENSP00000352257	MSH2	XRCC6	9606	0.933	0	0	0	0	0.36	0.9	0
9606.ENSP00000233146	9606.ENSP00000320485	MSH2	ARID1A	9606	0.931	0	0	0	0	0	0	0.931
9606.ENSP00000233146	9606.ENSP00000013807	MSH2	ERCC1	9606	0.926	0	0	0	0	0.292	0.9	0
9606.ENSP00000233146	9606.ENSP00000375978	MSH2	XRCC5	9606	0.909	0	0	0	0	0.133	0.9	0
9606.ENSP00000233146	9606.ENSP00000498881	MSH2	ERCC5	9606	0.906	0	0	0	0	0	0.9	0.102
9606.ENSP00000233146	9606.ENSP00000285021	MSH2	XPC	9606	0.9	0	0	0	0	0	0.9	0
9606.ENSP00000233146	9606.ENSP00000360682	MSH2	PAXX	9606	0.9	0	0	0	0	0	0.9	0
9606.ENSP00000233146	9606.ENSP00000350708	MSH2	RAD23B	9606	0.9	0	0	0	0	0	0.9	0
9606.ENSP00000233146	9606.ENSP00000383042	MSH2	KDM1A	9606	0.9	0	0	0	0	0	0.9	0
9606.ENSP00000233146	9606.ENSP00000472445	MSH2	POLD1	9606	0.9	0	0	0	0	0	0.9	0
9606.ENSP00000233146	9606.ENSP00000265038	MSH2	ERCC8	9606	0.9	0	0	0	0	0	0.9	0
9606.ENSP00000233146	9606.ENSP00000398824	MSH2	PHF21A	9606	0.9	0	0	0	0	0	0.9	0
9606.ENSP00000233146	9606.ENSP00000300145	MSH2	ATP23	9606	0.9	0	0	0	0	0	0.9	0
9606.ENSP00000233146	9606.ENSP00000349313	MSH2	NHEJ1	9606	0.9	0	0	0	0	0	0.9	0
9606.ENSP00000233146	9606.ENSP00000262241	MSH2	RCOR1	9606	0.9	0	0	0	0	0	0.9	0
9606.ENSP00000233146	9606.ENSP00000421491	MSH2	XRCC4	9606	0.9	0	0	0	0	0	0.9	0
9606.ENSP00000233146	9606.ENSP00000310008	MSH2	SWSAP1	9606	0.9	0	0	0	0	0	0.9	0
9606.ENSP00000233146	9606.ENSP00000484288	MSH2	LIG4	9606	0.9	0	0	0	0	0	0.9	0
9606.ENSP00000233146	9606.ENSP00000359300	MSH2	CETN2	9606	0.9	0	0	0	0	0	0.9	0
9606.ENSP00000233146	9606.ENSP00000382218	MSH2	ZSWIM7	9606	0.9	0	0	0	0	0	0.9	0
9606.ENSP00000233146	9606.ENSP00000367527	MSH2	DCLRE1C	9606	0.9	0	0	0	0	0	0.9	0
9606.ENSP00000233146	9606.ENSP00000313420	MSH2	PRKDC	9606	0.9	0	0	0	0	0	0.9	0
9606.ENSP00000233146	9606.ENSP00000287647	MSH2	FANCD2	9606	0.886	0	0	0	0	0.457	0.54	0.582
9606.ENSP00000233146	9606.ENSP00000294008	MSH2	SLX4	9606	0.831	0	0	0	0	0.457	0	0.702
9606.ENSP00000233146	9606.ENSP00000368458	MSH2	PCNA	9606	0.808	0	0	0	0	0.622	0.5	0.065
9606.ENSP00000233146	9606.ENSP00000418960	MSH2	BRCA1	9606	0.792	0	0	0	0	0.457	0.54	0.235
9606.ENSP00000233146	9606.ENSP00000314505	MSH2	MCM9	9606	0.776	0	0	0	0	0.52	0	0.554
9606.ENSP00000234420	9606.ENSP00000265081	MSH6	MSH3	9606	0.999	0	0	0	0	0.694	0.9	0.987
9606.ENSP00000234420	9606.ENSP00000233146	MSH6	MSH2	9606	0.999	0	0	0	0	0.976	0.9	0.987
9606.ENSP00000234420	9606.ENSP00000265849	MSH6	PMS2	9606	0.996	0	0	0	0	0.574	0.54	0.982
9606.ENSP00000234420	9606.ENSP00000231790	MSH6	MLH1	9606	0.996	0	0	0	0	0.574	0.54	0.984
9606.ENSP00000234420	9606.ENSP00000278616	MSH6	ATM	9606	0.995	0	0	0	0	0.287	0.9	0.939
9606.ENSP00000234420	9606.ENSP00000406490	MSH6	PMS1	9606	0.986	0	0	0	0	0.444	0.54	0.952
9606.ENSP00000234420	9606.ENSP00000352257	MSH6	XRCC6	9606	0.977	0	0	0	0	0.454	0.9	0.613
9606.ENSP00000234420	9606.ENSP00000348020	MSH6	MLH3	9606	0.974	0	0	0	0	0.248	0.54	0.933
9606.ENSP00000234420	9606.ENSP00000418960	MSH6	BRCA1	9606	0.936	0	0	0	0	0.457	0.54	0.767
9606.ENSP00000234420	9606.ENSP00000355506	MSH6	EXO1	9606	0.928	0	0	0	0	0.329	0.5	0.804
9606.ENSP00000234420	9606.ENSP00000375978	MSH6	XRCC5	9606	0.926	0	0	0	0	0.292	0.9	0
9606.ENSP00000234420	9606.ENSP00000313420	MSH6	PRKDC	9606	0.926	0	0	0	0	0.292	0.9	0
9606.ENSP00000234420	9606.ENSP00000498881	MSH6	ERCC5	9606	0.906	0	0	0	0	0	0.9	0.102
9606.ENSP00000234420	9606.ENSP00000310520	MSH6	ERCC4	9606	0.901	0	0	0	0	0	0.9	0.052
9606.ENSP00000234420	9606.ENSP00000360682	MSH6	PAXX	9606	0.9	0	0	0	0	0	0.9	0
9606.ENSP00000234420	9606.ENSP00000285021	MSH6	XPC	9606	0.9	0	0	0	0	0	0.9	0
9606.ENSP00000234420	9606.ENSP00000350708	MSH6	RAD23B	9606	0.9	0	0	0	0	0	0.9	0
9606.ENSP00000234420	9606.ENSP00000383042	MSH6	KDM1A	9606	0.9	0	0	0	0	0	0.9	0
9606.ENSP00000234420	9606.ENSP00000013807	MSH6	ERCC1	9606	0.9	0	0	0	0	0	0.9	0
9606.ENSP00000234420	9606.ENSP00000472445	MSH6	POLD1	9606	0.9	0	0	0	0	0	0.9	0
9606.ENSP00000234420	9606.ENSP00000265038	MSH6	ERCC8	9606	0.9	0	0	0	0	0	0.9	0
9606.ENSP00000234420	9606.ENSP00000398824	MSH6	PHF21A	9606	0.9	0	0	0	0	0	0.9	0
9606.ENSP00000234420	9606.ENSP00000300145	MSH6	ATP23	9606	0.9	0	0	0	0	0	0.9	0
9606.ENSP00000234420	9606.ENSP00000349313	MSH6	NHEJ1	9606	0.9	0	0	0	0	0	0.9	0
9606.ENSP00000234420	9606.ENSP00000421491	MSH6	XRCC4	9606	0.9	0	0	0	0	0	0.9	0
9606.ENSP00000234420	9606.ENSP00000262241	MSH6	RCOR1	9606	0.9	0	0	0	0	0	0.9	0
9606.ENSP00000234420	9606.ENSP00000310008	MSH6	SWSAP1	9606	0.9	0	0	0	0	0	0.9	0
9606.ENSP00000234420	9606.ENSP00000359300	MSH6	CETN2	9606	0.9	0	0	0	0	0	0.9	0
9606.ENSP00000234420	9606.ENSP00000484288	MSH6	LIG4	9606	0.9	0	0	0	0	0	0.9	0
9606.ENSP00000234420	9606.ENSP00000382218	MSH6	ZSWIM7	9606	0.9	0	0	0	0	0	0.9	0
9606.ENSP00000234420	9606.ENSP00000367527	MSH6	DCLRE1C	9606	0.9	0	0	0	0	0	0.9	0
9606.ENSP00000234420	9606.ENSP00000368458	MSH6	PCNA	9606	0.887	0	0	0	0	0.778	0.5	0.065
9606.ENSP00000234420	9606.ENSP00000347232	MSH6	BLM	9606	0.863	0	0	0	0	0.54	0	0.713
9606.ENSP00000234420	9606.ENSP00000500891	MSH6	MUTYH	9606	0.859	0	0	0	0	0.292	0	0.81
9606.ENSP00000244050	9606.ENSP00000362649	SNAI1	HDAC1	9606	0.99	0	0	0	0	0.457	0	0.982
9606.ENSP00000244050	9606.ENSP00000320147	SNAI1	EZH2	9606	0.989	0	0	0	0	0.457	0	0.982
9606.ENSP00000244050	9606.ENSP00000352516	SNAI1	DNMT1	9606	0.989	0	0	0	0	0.457	0	0.982
9606.ENSP00000244050	9606.ENSP00000383042	SNAI1	KDM1A	9606	0.988	0	0	0	0	0.618	0	0.971
9606.ENSP00000244050	9606.ENSP00000430432	SNAI1	HDAC2	9606	0.987	0	0	0	0	0.457	0	0.977
9606.ENSP00000244050	9606.ENSP00000379078	SNAI1	EHMT2	9606	0.982	0	0	0	0	0	0	0.982
9606.ENSP00000244050	9606.ENSP00000332973	SNAI1	SMAD3	9606	0.98	0	0	0	0	0	0	0.98
9606.ENSP00000244050	9606.ENSP00000269305	SNAI1	TP53	9606	0.948	0	0	0	0	0.457	0	0.909
9606.ENSP00000244050	9606.ENSP00000373783	SNAI1	LOXL2	9606	0.94	0	0	0	0	0.292	0	0.919
9606.ENSP00000244050	9606.ENSP00000290158	SNAI1	KPNB1	9606	0.926	0	0	0	0	0.926	0	0
9606.ENSP00000244050	9606.ENSP00000262241	SNAI1	RCOR1	9606	0.904	0	0	0	0	0.618	0	0.759
9606.ENSP00000244050	9606.ENSP00000316578	SNAI1	SUZ12	9606	0.876	0	0	0	0	0.292	0	0.833
9606.ENSP00000244050	9606.ENSP00000341551	SNAI1	SMAD4	9606	0.873	0	0	0	0	0	0	0.873
9606.ENSP00000244050	9606.ENSP00000337976	SNAI1	SUV39H1	9606	0.807	0	0	0	0	0	0	0.807
9606.ENSP00000244050	9606.ENSP00000020945	SNAI1	SNAI2	9606	0.802	0	0	0	0	0	0.8	0.051
9606.ENSP00000244050	9606.ENSP00000359206	SNAI1	BTRC	9606	0.791	0	0	0	0	0.457	0	0.632
9606.ENSP00000244050	9606.ENSP00000319169	SNAI1	PRMT5	9606	0.745	0	0	0	0	0.292	0	0.655
9606.ENSP00000244050	9606.ENSP00000378402	SNAI1	SIN3A	9606	0.734	0	0	0	0	0.292	0	0.64
9606.ENSP00000244050	9606.ENSP00000324806	SNAI1	GSK3B	9606	0.729	0	0	0	0	0.457	0	0.522
9606.ENSP00000244050	9606.ENSP00000264709	SNAI1	DNMT3A	9606	0.707	0	0	0	0	0	0	0.707
9606.ENSP00000244050	9606.ENSP00000355759	SNAI1	PARP1	9606	0.703	0	0	0	0	0.292	0	0.598
9606.ENSP00000244537	9606.ENSP00000336868	H4C6	CENPA	9606	0.999	0	0	0	0	0.965	0.9	0.795
9606.ENSP00000244537	9606.ENSP00000355657	H4C6	H3-4	9606	0.999	0	0	0	0	0.965	0.8	0.965
9606.ENSP00000244537	9606.ENSP00000358155	H4C6	H2AC18	9606	0.999	0	0	0	0	0.928	0.4	0.98
9606.ENSP00000244537	9606.ENSP00000254810	H4C6	H3-3B	9606	0.999	0	0	0	0	0.961	0.8	0.975
9606.ENSP00000244537	9606.ENSP00000339835	H4C6	H3-5	9606	0.999	0	0	0	0	0.904	0.8	0.961
9606.ENSP00000244537	9606.ENSP00000352252	H4C6	H3C12	9606	0.999	0	0	0	0	0.965	0.8	0.97
9606.ENSP00000244537	9606.ENSP00000333277	H4C6	H3C13	9606	0.999	0	0	0	0	0.965	0.8	0.967
9606.ENSP00000244537	9606.ENSP00000332194	H4C6	H2AC20	9606	0.999	0	0	0	0	0.945	0.4	0.98
9606.ENSP00000244537	9606.ENSP00000358151	H4C6	H2BC21	9606	0.999	0	0	0	0	0.945	0.4	0.979
9606.ENSP00000244537	9606.ENSP00000414109	H4C6	HJURP	9606	0.998	0	0	0	0	0.943	0.5	0.952
9606.ENSP00000244537	9606.ENSP00000378702	H4C6	BRD2	9606	0.998	0	0	0	0	0.96	0	0.959
9606.ENSP00000244537	9606.ENSP00000371475	H4C6	TP53BP1	9606	0.998	0	0	0	0	0.96	0.5	0.945
9606.ENSP00000244537	9606.ENSP00000303373	H4C6	H2AC8	9606	0.995	0	0	0	0	0.968	0.54	0.721
9606.ENSP00000244537	9606.ENSP00000362592	H4C6	RBBP4	9606	0.994	0	0	0	0	0.621	0.5	0.973
9606.ENSP00000244537	9606.ENSP00000263377	H4C6	BRD4	9606	0.992	0	0	0	0	0.618	0	0.981
9606.ENSP00000244537	9606.ENSP00000349430	H4C6	H2BC12	9606	0.99	0	0	0	0	0.945	0.4	0.735
9606.ENSP00000244537	9606.ENSP00000406549	H4C6	TAF1	9606	0.989	0	0	0	0	0.892	0	0.906
9606.ENSP00000244537	9606.ENSP00000434024	H4C6	H2AX	9606	0.989	0	0	0	0	0.945	0.8	0.081
9606.ENSP00000244537	9606.ENSP00000384629	H4C6	KMT5A	9606	0.988	0	0	0	0	0.96	0	0.715
9606.ENSP00000244537	9606.ENSP00000477907	H4C6	H2BC14	9606	0.984	0	0	0	0	0.939	0.4	0.59
9606.ENSP00000244537	9606.ENSP00000361473	H4C6	KDM4A	9606	0.984	0	0	0	0	0.955	0.5	0.342
9606.ENSP00000244537	9606.ENSP00000367022	H4C6	H2AC6	9606	0.984	0	0	0	0	0.921	0.8	0.081
9606.ENSP00000244537	9606.ENSP00000255120	H4C6	NASP	9606	0.983	0	0	0	0	0.957	0	0.633
9606.ENSP00000244537	9606.ENSP00000264108	H4C6	HAT1	9606	0.981	0	0	0	0	0.717	0.9	0.388
9606.ENSP00000244537	9606.ENSP00000482674	H4C6	H2BC3	9606	0.977	0	0	0	0	0.945	0.4	0.358
9606.ENSP00000244537	9606.ENSP00000476136	H4C6	H2BC11	9606	0.977	0	0	0	0	0.929	0.54	0.357
9606.ENSP00000244537	9606.ENSP00000483842	H4C6	H2AC4	9606	0.977	0	0	0	0	0.903	0.54	0.522
9606.ENSP00000244537	9606.ENSP00000264515	H4C6	RBBP5	9606	0.976	0	0	0	0	0.955	0.5	0
9606.ENSP00000244537	9606.ENSP00000229595	H4C6	ASF1A	9606	0.972	0	0	0	0	0.971	0	0
9606.ENSP00000244537	9606.ENSP00000481486	H4C6	H4C9	9606	0.971	0	0	0	0	0.9	0.54	0.428
9606.ENSP00000244537	9606.ENSP00000266000	H4C6	DAXX	9606	0.97	0	0	0	0	0.944	0.5	0
9606.ENSP00000244537	9606.ENSP00000477527	H4C6	H2BC17	9606	0.97	0	0	0	0	0.929	0.4	0.358
9606.ENSP00000244537	9606.ENSP00000321744	H4C6	H2BC4	9606	0.97	0	0	0	0	0.904	0.4	0.532
9606.ENSP00000244537	9606.ENSP00000263253	H4C6	EP300	9606	0.97	0	0	0	0	0.943	0.5	0
9606.ENSP00000244537	9606.ENSP00000369424	H4C6	RBBP7	9606	0.97	0	0	0	0	0.699	0.5	0.822
9606.ENSP00000244537	9606.ENSP00000366974	H4C6	H4C2	9606	0.969	0	0	0	0	0.9	0.54	0.398
9606.ENSP00000244537	9606.ENSP00000308405	H4C6	H2AZ2	9606	0.968	0	0	0	0	0.939	0.5	0
9606.ENSP00000244537	9606.ENSP00000402107	H4C6	L3MBTL1	9606	0.968	0	0	0	0	0.943	0	0.461
9606.ENSP00000244537	9606.ENSP00000263382	H4C6	ASF1B	9606	0.967	0	0	0	0	0.966	0	0
9606.ENSP00000244537	9606.ENSP00000480826	H4C6	H3C1	9606	0.967	0	0	0	0	0.945	0	0.426
9606.ENSP00000244537	9606.ENSP00000499501	H4C6	H3-2	9606	0.966	0	0	0	0	0.16	0	0.962
9606.ENSP00000244537	9606.ENSP00000340896	H4C6	ASH2L	9606	0.965	0	0	0	0	0.905	0.5	0.328
9606.ENSP00000244537	9606.ENSP00000296417	H4C6	H2AZ1	9606	0.964	0	0	0	0	0.907	0.4	0.402
9606.ENSP00000244537	9606.ENSP00000332790	H4C6	H2AC21	9606	0.963	0	0	0	0	0.939	0.4	0.081
9606.ENSP00000244537	9606.ENSP00000262189	H4C6	KMT2C	9606	0.963	0	0	0	0	0.929	0.5	0.054
9606.ENSP00000244537	9606.ENSP00000484841	H4C6	H3C2	9606	0.962	0	0	0	0	0.929	0	0.487
9606.ENSP00000244537	9606.ENSP00000479106	H4C6	H4C1	9606	0.961	0	0	0	0	0.9	0.54	0.221
9606.ENSP00000244537	9606.ENSP00000480960	H4C6	H4C13	9606	0.961	0	0	0	0	0.9	0.54	0.221
9606.ENSP00000244537	9606.ENSP00000347168	H4C6	H4C11	9606	0.961	0	0	0	0	0.9	0.54	0.222
9606.ENSP00000244537	9606.ENSP00000479794	H4C6	H4C12	9606	0.961	0	0	0	0	0.9	0.54	0.222
9606.ENSP00000244537	9606.ENSP00000479284	H4C6	H2BU1	9606	0.961	0	0	0	0	0.904	0.4	0.379
9606.ENSP00000244537	9606.ENSP00000443017	H4C6	H4-16	9606	0.961	0	0	0	0	0.9	0.54	0.221
9606.ENSP00000244537	9606.ENSP00000462355	H4C6	H4C15	9606	0.961	0	0	0	0	0.9	0.54	0.223
9606.ENSP00000244537	9606.ENSP00000489236	H4C6	H4C8	9606	0.961	0	0	0	0	0.9	0.54	0.223
9606.ENSP00000244537	9606.ENSP00000479461	H4C6	H4C4	9606	0.96	0	0	0	0	0.9	0.54	0.218
9606.ENSP00000244537	9606.ENSP00000367034	H4C6	H4C3	9606	0.96	0	0	0	0	0.9	0.54	0.219
9606.ENSP00000244537	9606.ENSP00000319169	H4C6	PRMT5	9606	0.96	0	0	0	0	0.96	0	0
9606.ENSP00000244537	9606.ENSP00000484789	H4C6	H4C5	9606	0.96	0	0	0	0	0.9	0.54	0.22
9606.ENSP00000244537	9606.ENSP00000262367	H4C6	CREBBP	9606	0.96	0	0	0	0	0.96	0	0
9606.ENSP00000244537	9606.ENSP00000462667	H4C6	H4C14	9606	0.96	0	0	0	0	0.9	0.54	0.22
9606.ENSP00000244537	9606.ENSP00000386239	H4C6	TONSL	9606	0.96	0	0	0	0	0.96	0	0
9606.ENSP00000244537	9606.ENSP00000274764	H4C6	H2BC1	9606	0.959	0	0	0	0	0.904	0.4	0.358
9606.ENSP00000244537	9606.ENSP00000278412	H4C6	SSRP1	9606	0.958	0	0	0	0	0.958	0	0
9606.ENSP00000244537	9606.ENSP00000341094	H4C6	H2AC7	9606	0.957	0	0	0	0	0.928	0.4	0.081
9606.ENSP00000244537	9606.ENSP00000283131	H4C6	SMARCA5	9606	0.957	0	0	0	0	0.954	0	0.099
9606.ENSP00000244537	9606.ENSP00000351589	H4C6	H2AC13	9606	0.957	0	0	0	0	0.928	0.4	0.081
9606.ENSP00000244537	9606.ENSP00000366999	H4C6	H3C4	9606	0.957	0	0	0	0	0.929	0	0.425
9606.ENSP00000244537	9606.ENSP00000346453	H4C6	IPO4	9606	0.956	0	0	0	0	0.955	0	0
9606.ENSP00000244537	9606.ENSP00000216297	H4C6	SUPT16H	9606	0.956	0	0	0	0	0.955	0	0
9606.ENSP00000244537	9606.ENSP00000387822	H4C6	BRDT	9606	0.954	0	0	0	0	0.089	0	0.952
9606.ENSP00000244537	9606.ENSP00000289316	H4C6	H2BC5	9606	0.953	0	0	0	0	0.89	0.4	0.349
9606.ENSP00000244537	9606.ENSP00000265056	H4C6	MCM2	9606	0.953	0	0	0	0	0.953	0	0
9606.ENSP00000244537	9606.ENSP00000264709	H4C6	DNMT3A	9606	0.951	0	0	0	0	0	0.9	0.534
9606.ENSP00000244537	9606.ENSP00000272645	H4C6	POLR2D	9606	0.95	0	0	0	0	0.904	0.5	0
9606.ENSP00000244537	9606.ENSP00000312244	H4C6	MSL3	9606	0.95	0	0	0	0	0.943	0	0.155
9606.ENSP00000244537	9606.ENSP00000366679	H4C6	H2AC12	9606	0.949	0	0	0	0	0.915	0.4	0.081
9606.ENSP00000244537	9606.ENSP00000479169	H4C6	H2BC9	9606	0.949	0	0	0	0	0.878	0.4	0.358
9606.ENSP00000244537	9606.ENSP00000328484	H4C6	H2AC14	9606	0.949	0	0	0	0	0.915	0.4	0.081
9606.ENSP00000244537	9606.ENSP00000423563	H4C6	MACROH2A1	9606	0.947	0	0	0	0	0.945	0	0.083
9606.ENSP00000244537	9606.ENSP00000377007	H4C6	CENPN	9606	0.947	0	0	0	0	0.9	0.5	0
9606.ENSP00000244537	9606.ENSP00000273853	H4C6	CENPC	9606	0.947	0	0	0	0	0.9	0.5	0
9606.ENSP00000244537	9606.ENSP00000440542	H4C6	CHD4	9606	0.944	0	0	0	0	0.944	0	0
9606.ENSP00000244537	9606.ENSP00000362041	H4C6	DNAJC9	9606	0.943	0	0	0	0	0.943	0	0
9606.ENSP00000244537	9606.ENSP00000351446	H4C6	WDR5	9606	0.943	0	0	0	0	0.89	0.5	0
9606.ENSP00000244537	9606.ENSP00000358160	H4C6	H3C10	9606	0.942	0	0	0	0	0.904	0	0.425
9606.ENSP00000244537	9606.ENSP00000484095	H4C6	H3C7	9606	0.942	0	0	0	0	0.904	0	0.426
9606.ENSP00000244537	9606.ENSP00000489282	H4C6	H3C6	9606	0.942	0	0	0	0	0.904	0	0.42
9606.ENSP00000244537	9606.ENSP00000483283	H4C6	H3C11	9606	0.942	0	0	0	0	0.904	0	0.426
9606.ENSP00000244537	9606.ENSP00000297012	H4C6	H2AC1	9606	0.942	0	0	0	0	0.903	0.4	0.081
9606.ENSP00000244537	9606.ENSP00000484638	H4C6	H3C8	9606	0.942	0	0	0	0	0.904	0	0.425
9606.ENSP00000244537	9606.ENSP00000436786	H4C6	KMT2A	9606	0.941	0	0	0	0	0.887	0.5	0
9606.ENSP00000244537	9606.ENSP00000484658	H4C6	H3C3	9606	0.941	0	0	0	0	0.904	0	0.418
9606.ENSP00000244537	9606.ENSP00000372351	H4C6	NSD2	9606	0.941	0	0	0	0	0.887	0.5	0
9606.ENSP00000244537	9606.ENSP00000320147	H4C6	EZH2	9606	0.941	0	0	0	0	0.887	0.5	0
9606.ENSP00000244537	9606.ENSP00000316578	H4C6	SUZ12	9606	0.94	0	0	0	0	0.886	0.5	0
9606.ENSP00000244537	9606.ENSP00000358262	H4C6	CHD1L	9606	0.94	0	0	0	0	0.93	0	0.177
9606.ENSP00000244537	9606.ENSP00000483903	H4C6	H2BC15	9606	0.94	0	0	0	0	0.858	0.4	0.36
9606.ENSP00000244537	9606.ENSP00000219252	H4C6	POLR2C	9606	0.939	0	0	0	0	0.883	0.5	0
9606.ENSP00000244537	9606.ENSP00000324124	H4C6	POLR2L	9606	0.939	0	0	0	0	0.884	0.5	0
9606.ENSP00000244537	9606.ENSP00000343896	H4C6	SMARCA4	9606	0.939	0	0	0	0	0.935	0	0.088
9606.ENSP00000244537	9606.ENSP00000385725	H4C6	POLR2F	9606	0.939	0	0	0	0	0.884	0.5	0
9606.ENSP00000244537	9606.ENSP00000370625	H4C6	POLR2B	9606	0.939	0	0	0	0	0.883	0.5	0
9606.ENSP00000244537	9606.ENSP00000415536	H4C6	POLR2H	9606	0.939	0	0	0	0	0.884	0.5	0
9606.ENSP00000244537	9606.ENSP00000478303	H4C6	POLR2E	9606	0.939	0	0	0	0	0.884	0.5	0
9606.ENSP00000244537	9606.ENSP00000221859	H4C6	POLR2I	9606	0.939	0	0	0	0	0.883	0.5	0
9606.ENSP00000244537	9606.ENSP00000342889	H4C6	POLR2K	9606	0.939	0	0	0	0	0.884	0.5	0
9606.ENSP00000244537	9606.ENSP00000461879	H4C6	POLR2A	9606	0.939	0	0	0	0	0.884	0.5	0
9606.ENSP00000244537	9606.ENSP00000260947	H4C6	BARD1	9606	0.935	0	0	0	0	0.926	0	0.158
9606.ENSP00000244537	9606.ENSP00000243903	H4C6	ACTR5	9606	0.935	0	0	0	0	0.935	0	0
9606.ENSP00000244537	9606.ENSP00000318297	H4C6	RUVBL1	9606	0.931	0	0	0	0	0.868	0.5	0
9606.ENSP00000244537	9606.ENSP00000369695	H4C6	MLLT3	9606	0.93	0	0	0	0	0.9	0	0.334
9606.ENSP00000244537	9606.ENSP00000337991	H4C6	SPTY2D1	9606	0.93	0	0	0	0	0.93	0	0
9606.ENSP00000244537	9606.ENSP00000445831	H4C6	H2BC18	9606	0.93	0	0	0	0	0.832	0.4	0.361
9606.ENSP00000244537	9606.ENSP00000438553	H4C6	H2AJ	9606	0.926	0	0	0	0	0.807	0.5	0.302
9606.ENSP00000244537	9606.ENSP00000296930	H4C6	NPM1	9606	0.925	0	0	0	0	0.457	0.5	0.748
9606.ENSP00000244537	9606.ENSP00000287394	H4C6	ATAD2	9606	0.924	0	0	0	0	0.9	0	0.276
9606.ENSP00000244537	9606.ENSP00000464357	H4C6	CENPX	9606	0.923	0	0	0	0	0.852	0.5	0
9606.ENSP00000244537	9606.ENSP00000308583	H4C6	CENPS	9606	0.923	0	0	0	0	0.852	0.5	0
9606.ENSP00000244537	9606.ENSP00000381657	H4C6	DOT1L	9606	0.922	0	0	0	0	0.912	0	0.159
9606.ENSP00000244537	9606.ENSP00000301788	H4C6	POLR2G	9606	0.918	0	0	0	0	0.842	0.5	0
9606.ENSP00000244537	9606.ENSP00000445633	H4C6	H2BC8	9606	0.916	0	0	0	0	0.911	0	0.086
9606.ENSP00000244537	9606.ENSP00000340883	H4C6	SMARCB1	9606	0.913	0	0	0	0	0.912	0	0
9606.ENSP00000244537	9606.ENSP00000337289	H4C6	CENPQ	9606	0.912	0	0	0	0	0.831	0.5	0
9606.ENSP00000244537	9606.ENSP00000385479	H4C6	H3C15	9606	0.911	0	0	0	0	0.904	0	0.114
9606.ENSP00000244537	9606.ENSP00000358154	H4C6	H3C14	9606	0.911	0	0	0	0	0.904	0	0.114
9606.ENSP00000244537	9606.ENSP00000352119	H4C6	H2AC11	9606	0.911	0	0	0	0	0.907	0	0.081
9606.ENSP00000244537	9606.ENSP00000370193	H4C6	TAF9	9606	0.91	0	0	0	0	0.91	0	0
9606.ENSP00000244537	9606.ENSP00000263974	H4C6	TAF12	9606	0.91	0	0	0	0	0.91	0	0
9606.ENSP00000244537	9606.ENSP00000348924	H4C6	H2BC7	9606	0.908	0	0	0	0	0.904	0	0.086
9606.ENSP00000244537	9606.ENSP00000489317	H4C6	H2BC6	9606	0.908	0	0	0	0	0.904	0	0.086
9606.ENSP00000244537	9606.ENSP00000292614	H4C6	POLR2J	9606	0.908	0	0	0	0	0.824	0.5	0
9606.ENSP00000244537	9606.ENSP00000355780	H4C6	H3-3A	9606	0.908	0	0	0	0	0.904	0	0.089
9606.ENSP00000244537	9606.ENSP00000366962	H4C6	H2BC10	9606	0.908	0	0	0	0	0.904	0	0.086
9606.ENSP00000244537	9606.ENSP00000496014	H4C6	H3Y1	9606	0.908	0	0	0	0	0.904	0	0.089
9606.ENSP00000244537	9606.ENSP00000482538	H4C6	H2AC16	9606	0.907	0	0	0	0	0.903	0	0.081
9606.ENSP00000244537	9606.ENSP00000346509	H4C6	H2AB2	9606	0.907	0	0	0	0	0.903	0	0.081
9606.ENSP00000244537	9606.ENSP00000489311	H4C6	hCG_2039566	9606	0.907	0	0	0	0	0.903	0	0.081
9606.ENSP00000244537	9606.ENSP00000352627	H4C6	H2AC17	9606	0.907	0	0	0	0	0.903	0	0.081
9606.ENSP00000244537	9606.ENSP00000482431	H4C6	H2AC15	9606	0.907	0	0	0	0	0.903	0	0.081
9606.ENSP00000244537	9606.ENSP00000475814	H4C6	H2AC19	9606	0.907	0	0	0	0	0.903	0	0.081
9606.ENSP00000244537	9606.ENSP00000482564	H4C6	H2AB3	9606	0.907	0	0	0	0	0.903	0	0.081
9606.ENSP00000244537	9606.ENSP00000345837	H4C6	DPY30	9606	0.906	0	0	0	0	0.905	0	0
9606.ENSP00000244537	9606.ENSP00000272317	H4C6	RPS27A	9606	0.902	0	0	0	0	0.901	0	0
9606.ENSP00000244537	9606.ENSP00000477870	H4C6	H4C7	9606	0.9	0	0	0	0	0	0.9	0
9606.ENSP00000244537	9606.ENSP00000499734	H4C6	ENSP00000499734	9606	0.9	0	0	0	0	0.9	0	0
9606.ENSP00000244537	9606.ENSP00000341805	H4C6	PHF10	9606	0.9	0	0	0	0	0.9	0	0
9606.ENSP00000244537	9606.ENSP00000303584	H4C6	N6AMT1	9606	0.9	0	0	0	0	0.9	0	0
9606.ENSP00000244537	9606.ENSP00000386593	H4C6	PBRM1	9606	0.898	0	0	0	0	0.897	0	0
9606.ENSP00000244537	9606.ENSP00000379911	H4C6	CENPK	9606	0.895	0	0	0	0	0.8	0.5	0
9606.ENSP00000244537	9606.ENSP00000283006	H4C6	CENPH	9606	0.895	0	0	0	0	0.8	0.5	0
9606.ENSP00000244537	9606.ENSP00000348527	H4C6	CENPL	9606	0.895	0	0	0	0	0.8	0.5	0
9606.ENSP00000244537	9606.ENSP00000362018	H4C6	CENPI	9606	0.895	0	0	0	0	0.8	0.5	0
9606.ENSP00000244537	9606.ENSP00000360133	H4C6	ITGB3BP	9606	0.895	0	0	0	0	0.8	0.5	0
9606.ENSP00000244537	9606.ENSP00000457810	H4C6	CENPT	9606	0.895	0	0	0	0	0.8	0.5	0
9606.ENSP00000244537	9606.ENSP00000357308	H4C6	CENPW	9606	0.895	0	0	0	0	0.8	0.5	0
9606.ENSP00000244537	9606.ENSP00000370214	H4C6	CENPO	9606	0.895	0	0	0	0	0.8	0.5	0
9606.ENSP00000244537	9606.ENSP00000364737	H4C6	CENPP	9606	0.895	0	0	0	0	0.8	0.5	0
9606.ENSP00000244537	9606.ENSP00000215980	H4C6	CENPM	9606	0.895	0	0	0	0	0.8	0.5	0
9606.ENSP00000244537	9606.ENSP00000281453	H4C6	CENPU	9606	0.895	0	0	0	0	0.8	0.5	0
9606.ENSP00000244537	9606.ENSP00000344504	H4C6	H1-0	9606	0.894	0	0	0	0	0.893	0	0
9606.ENSP00000244537	9606.ENSP00000473172	H4C6	RUVBL2	9606	0.892	0	0	0	0	0.892	0	0
9606.ENSP00000244537	9606.ENSP00000497609	H4C6	INO80	9606	0.889	0	0	0	0	0.888	0	0
9606.ENSP00000244537	9606.ENSP00000307705	H4C6	H1-4	9606	0.888	0	0	0	0	0.887	0	0
9606.ENSP00000244537	9606.ENSP00000313983	H4C6	NSD3	9606	0.887	0	0	0	0	0.887	0	0
9606.ENSP00000244537	9606.ENSP00000358854	H4C6	TAF5	9606	0.886	0	0	0	0	0.886	0	0
9606.ENSP00000244537	9606.ENSP00000300651	H4C6	MED1	9606	0.886	0	0	0	0	0.886	0	0
9606.ENSP00000244537	9606.ENSP00000378181	H4C6	BRD7	9606	0.886	0	0	0	0	0.886	0	0
9606.ENSP00000244537	9606.ENSP00000256996	H4C6	DDB2	9606	0.886	0	0	0	0	0.886	0	0
9606.ENSP00000244537	9606.ENSP00000320485	H4C6	ARID1A	9606	0.886	0	0	0	0	0.886	0	0
9606.ENSP00000244537	9606.ENSP00000399982	H4C6	TAF6	9606	0.886	0	0	0	0	0.886	0	0
9606.ENSP00000244537	9606.ENSP00000301764	H4C6	DDB1	9606	0.886	0	0	0	0	0.886	0	0
9606.ENSP00000244537	9606.ENSP00000221265	H4C6	PAF1	9606	0.885	0	0	0	0	0.866	0	0.18
9606.ENSP00000244537	9606.ENSP00000470252	H4C6	SUPT5H	9606	0.884	0	0	0	0	0.884	0	0
9606.ENSP00000244537	9606.ENSP00000263754	H4C6	KAT2B	9606	0.874	0	0	0	0	0.538	0	0.738
9606.ENSP00000244537	9606.ENSP00000319104	H4C6	SUPT6H	9606	0.873	0	0	0	0	0.873	0	0
9606.ENSP00000244537	9606.ENSP00000299601	H4C6	LEO1	9606	0.873	0	0	0	0	0.872	0	0
9606.ENSP00000244537	9606.ENSP00000356405	H4C6	CDC73	9606	0.871	0	0	0	0	0.87	0	0
9606.ENSP00000244537	9606.ENSP00000397552	H4C6	ACTL6A	9606	0.87	0	0	0	0	0.869	0	0
9606.ENSP00000244537	9606.ENSP00000494750	H4C6	ACTB	9606	0.869	0	0	0	0	0.852	0	0.146
9606.ENSP00000244537	9606.ENSP00000386759	H4C6	SETD2	9606	0.868	0	0	0	0	0.868	0	0
9606.ENSP00000244537	9606.ENSP00000259915	H4C6	POU5F1	9606	0.867	0	0	0	0	0.8	0	0.367
9606.ENSP00000244537	9606.ENSP00000355013	H4C6	CTR9	9606	0.866	0	0	0	0	0.866	0	0
9606.ENSP00000244537	9606.ENSP00000378414	H4C6	SMARCD1	9606	0.864	0	0	0	0	0.864	0	0
9606.ENSP00000244537	9606.ENSP00000329662	H4C6	H1-10	9606	0.854	0	0	0	0	0.854	0	0
9606.ENSP00000244537	9606.ENSP00000312709	H4C6	TAF7	9606	0.852	0	0	0	0	0.852	0	0
9606.ENSP00000244537	9606.ENSP00000438349	H4C6	TRMT112	9606	0.852	0	0	0	0	0.852	0	0
9606.ENSP00000244537	9606.ENSP00000251871	H4C6	MED17	9606	0.852	0	0	0	0	0.852	0	0
9606.ENSP00000244537	9606.ENSP00000252996	H4C6	TAF4	9606	0.852	0	0	0	0	0.852	0	0
9606.ENSP00000244537	9606.ENSP00000370114	H4C6	PSIP1	9606	0.852	0	0	0	0	0.852	0	0
9606.ENSP00000244537	9606.ENSP00000335044	H4C6	ARID2	9606	0.852	0	0	0	0	0.852	0	0
9606.ENSP00000244537	9606.ENSP00000481733	H4C6	MED29	9606	0.852	0	0	0	0	0.852	0	0
9606.ENSP00000244537	9606.ENSP00000258648	H4C6	MED4	9606	0.852	0	0	0	0	0.852	0	0
9606.ENSP00000244537	9606.ENSP00000323967	H4C6	SMARCE1	9606	0.852	0	0	0	0	0.852	0	0
9606.ENSP00000244537	9606.ENSP00000255764	H4C6	MED10	9606	0.852	0	0	0	0	0.852	0	0
9606.ENSP00000244537	9606.ENSP00000481920	H4C6	MED6	9606	0.852	0	0	0	0	0.852	0	0
9606.ENSP00000244537	9606.ENSP00000268711	H4C6	MED9	9606	0.852	0	0	0	0	0.852	0	0
9606.ENSP00000244537	9606.ENSP00000299424	H4C6	TAF10	9606	0.852	0	0	0	0	0.852	0	0
9606.ENSP00000244537	9606.ENSP00000216639	H4C6	VRK1	9606	0.852	0	0	0	0	0.852	0	0
9606.ENSP00000244537	9606.ENSP00000225504	H4C6	SUPT4H1	9606	0.842	0	0	0	0	0.842	0	0
9606.ENSP00000244537	9606.ENSP00000388107	H4C6	UBA52	9606	0.839	0	0	0	0	0.839	0	0
9606.ENSP00000244537	9606.ENSP00000235090	H4C6	WDR77	9606	0.837	0	0	0	0	0.8	0	0.219
9606.ENSP00000244537	9606.ENSP00000307208	H4C6	BPTF	9606	0.83	0	0	0	0	0.618	0	0.575
9606.ENSP00000244537	9606.ENSP00000441543	H4C6	UBC	9606	0.828	0	0	0	0	0.828	0	0
9606.ENSP00000244537	9606.ENSP00000478771	H4C6	UBB	9606	0.828	0	0	0	0	0.828	0	0
9606.ENSP00000244537	9606.ENSP00000301067	H4C6	KMT2D	9606	0.828	0	0	0	0	0.662	0.5	0.064
9606.ENSP00000244537	9606.ENSP00000225916	H4C6	KAT2A	9606	0.828	0	0	0	0	0.538	0	0.644
9606.ENSP00000244537	9606.ENSP00000297439	H4C6	DEFB1	9606	0.823	0	0	0	0	0	0	0.823
9606.ENSP00000244537	9606.ENSP00000365588	H4C6	MDC1	9606	0.822	0	0	0	0	0.457	0.5	0.397
9606.ENSP00000244537	9606.ENSP00000269305	H4C6	TP53	9606	0.821	0	0	0	0	0.821	0	0
9606.ENSP00000244537	9606.ENSP00000449396	H4C6	SMARCC2	9606	0.819	0	0	0	0	0.819	0	0
9606.ENSP00000244537	9606.ENSP00000379372	H4C6	GTF2A2	9606	0.818	0	0	0	0	0.818	0	0
9606.ENSP00000244537	9606.ENSP00000374280	H4C6	RTF1	9606	0.818	0	0	0	0	0.818	0	0
9606.ENSP00000244537	9606.ENSP00000305918	H4C6	BRD3	9606	0.809	0	0	0	0	0.457	0	0.663
9606.ENSP00000244537	9606.ENSP00000377969	H4C6	GTF2F1	9606	0.808	0	0	0	0	0.808	0	0
9606.ENSP00000244537	9606.ENSP00000283875	H4C6	GTF2E1	9606	0.808	0	0	0	0	0.808	0	0
9606.ENSP00000244537	9606.ENSP00000445162	H4C6	GTF2H3	9606	0.808	0	0	0	0	0.808	0	0
9606.ENSP00000244537	9606.ENSP00000340823	H4C6	GTF2F2	9606	0.808	0	0	0	0	0.808	0	0
9606.ENSP00000244537	9606.ENSP00000375809	H4C6	ERCC2	9606	0.808	0	0	0	0	0.808	0	0
9606.ENSP00000244537	9606.ENSP00000261245	H4C6	MNAT1	9606	0.808	0	0	0	0	0.808	0	0
9606.ENSP00000244537	9606.ENSP00000359531	H4C6	GTF2B	9606	0.808	0	0	0	0	0.808	0	0
9606.ENSP00000244537	9606.ENSP00000259895	H4C6	GTF2H4	9606	0.808	0	0	0	0	0.808	0	0
9606.ENSP00000244537	9606.ENSP00000348168	H4C6	GTF2E2	9606	0.808	0	0	0	0	0.808	0	0
9606.ENSP00000244537	9606.ENSP00000265963	H4C6	GTF2H1	9606	0.808	0	0	0	0	0.808	0	0
9606.ENSP00000244537	9606.ENSP00000285398	H4C6	ERCC3	9606	0.808	0	0	0	0	0.808	0	0
9606.ENSP00000244537	9606.ENSP00000263390	H4C6	MED26	9606	0.807	0	0	0	0	0.807	0	0
9606.ENSP00000244537	9606.ENSP00000428426	H4C6	TCEA1	9606	0.807	0	0	0	0	0.807	0	0
9606.ENSP00000244537	9606.ENSP00000230354	H4C6	TBP	9606	0.807	0	0	0	0	0.807	0	0
9606.ENSP00000244537	9606.ENSP00000274400	H4C6	GTF2H2	9606	0.805	0	0	0	0	0.805	0	0
9606.ENSP00000244537	9606.ENSP00000323720	H4C6	MED14	9606	0.8	0	0	0	0	0.8	0	0
9606.ENSP00000244537	9606.ENSP00000362948	H4C6	MED18	9606	0.8	0	0	0	0	0.8	0	0
9606.ENSP00000244537	9606.ENSP00000325612	H4C6	MED16	9606	0.8	0	0	0	0	0.8	0	0
9606.ENSP00000244537	9606.ENSP00000326767	H4C6	MED25	9606	0.8	0	0	0	0	0.8	0	0
9606.ENSP00000244537	9606.ENSP00000453801	H4C6	WDR61	9606	0.8	0	0	0	0	0.8	0	0
9606.ENSP00000244537	9606.ENSP00000367406	H4C6	TAF2	9606	0.8	0	0	0	0	0.8	0	0
9606.ENSP00000244537	9606.ENSP00000498791	H4C6	MED19	9606	0.8	0	0	0	0	0.8	0	0
9606.ENSP00000244537	9606.ENSP00000290663	H4C6	MED8	9606	0.8	0	0	0	0	0.8	0	0
9606.ENSP00000244537	9606.ENSP00000225728	H4C6	MED31	9606	0.8	0	0	0	0	0.8	0	0
9606.ENSP00000244537	9606.ENSP00000233331	H4C6	INO80B	9606	0.8	0	0	0	0	0.8	0	0
9606.ENSP00000244537	9606.ENSP00000359339	H4C6	CGAS	9606	0.8	0	0	0	0	0.8	0	0
9606.ENSP00000244537	9606.ENSP00000452454	H4C6	GTF2A1	9606	0.8	0	0	0	0	0.8	0	0
9606.ENSP00000244537	9606.ENSP00000362068	H4C6	TAF8	9606	0.8	0	0	0	0	0.8	0	0
9606.ENSP00000244537	9606.ENSP00000355051	H4C6	TAF13	9606	0.8	0	0	0	0	0.8	0	0
9606.ENSP00000244537	9606.ENSP00000256443	H4C6	CDK7	9606	0.8	0	0	0	0	0.8	0	0
9606.ENSP00000244537	9606.ENSP00000340271	H4C6	TAF3	9606	0.8	0	0	0	0	0.8	0	0
9606.ENSP00000244537	9606.ENSP00000354633	H4C6	TAF11	9606	0.8	0	0	0	0	0.8	0	0
9606.ENSP00000244537	9606.ENSP00000292035	H4C6	MED27	9606	0.8	0	0	0	0	0.8	0	0
9606.ENSP00000244537	9606.ENSP00000265350	H4C6	MED20	9606	0.8	0	0	0	0	0.8	0	0
9606.ENSP00000244537	9606.ENSP00000237380	H4C6	MED28	9606	0.8	0	0	0	0	0.8	0	0
9606.ENSP00000244537	9606.ENSP00000440100	H4C6	MED24	9606	0.8	0	0	0	0	0.8	0	0
9606.ENSP00000244537	9606.ENSP00000322568	H4C6	SOX11	9606	0.8	0	0	0	0	0.8	0	0
9606.ENSP00000244537	9606.ENSP00000498750	H4C6	CCNH	9606	0.8	0	0	0	0	0.8	0	0
9606.ENSP00000244537	9606.ENSP00000482438	H4C6	MED22	9606	0.8	0	0	0	0	0.8	0	0
9606.ENSP00000244537	9606.ENSP00000286317	H4C6	MED7	9606	0.8	0	0	0	0	0.8	0	0
9606.ENSP00000244537	9606.ENSP00000357047	H4C6	MED23	9606	0.8	0	0	0	0	0.8	0	0
9606.ENSP00000244537	9606.ENSP00000282892	H4C6	MED21	9606	0.8	0	0	0	0	0.8	0	0
9606.ENSP00000244537	9606.ENSP00000323588	H4C6	SOX2	9606	0.8	0	0	0	0	0.8	0	0
9606.ENSP00000244537	9606.ENSP00000216714	H4C6	APEX1	9606	0.8	0	0	0	0	0.8	0	0
9606.ENSP00000244537	9606.ENSP00000293777	H4C6	MED11	9606	0.8	0	0	0	0	0.8	0	0
9606.ENSP00000244537	9606.ENSP00000297347	H4C6	MED30	9606	0.8	0	0	0	0	0.8	0	0
9606.ENSP00000244537	9606.ENSP00000476100	H4C6	GTF2H5	9606	0.8	0	0	0	0	0.8	0	0
9606.ENSP00000244537	9606.ENSP00000263205	H4C6	MED15	9606	0.8	0	0	0	0	0.8	0	0
9606.ENSP00000244537	9606.ENSP00000360609	H4C6	HSP90AB1	9606	0.763	0	0	0	0	0	0	0.763
9606.ENSP00000244537	9606.ENSP00000360623	H4C6	ORC1	9606	0.739	0	0	0	0	0.444	0.5	0.137
9606.ENSP00000244537	9606.ENSP00000340330	H4C6	KAT5	9606	0.728	0	0	0	0	0.478	0.5	0
9606.ENSP00000244537	9606.ENSP00000362441	H4C6	ATRX	9606	0.723	0	0	0	0	0.47	0.5	0
9606.ENSP00000244537	9606.ENSP00000302967	H4C6	HDAC3	9606	0.722	0	0	0	0	0.458	0.5	0.056
9606.ENSP00000244537	9606.ENSP00000362649	H4C6	HDAC1	9606	0.717	0	0	0	0	0.458	0.5	0
9606.ENSP00000244537	9606.ENSP00000254719	H4C6	RPA1	9606	0.716	0	0	0	0	0.457	0.5	0
9606.ENSP00000244537	9606.ENSP00000218089	H4C6	STAG2	9606	0.716	0	0	0	0	0.457	0.5	0
9606.ENSP00000244537	9606.ENSP00000350676	H4C6	PHF8	9606	0.716	0	0	0	0	0.457	0.5	0
9606.ENSP00000244537	9606.ENSP00000359095	H4C6	PRMT6	9606	0.716	0	0	0	0	0.457	0.5	0
9606.ENSP00000244537	9606.ENSP00000418960	H4C6	BRCA1	9606	0.716	0	0	0	0	0.457	0.5	0
9606.ENSP00000244537	9606.ENSP00000306245	H4C6	FOS	9606	0.716	0	0	0	0	0.457	0.5	0
9606.ENSP00000244537	9606.ENSP00000268712	H4C6	NCOR1	9606	0.716	0	0	0	0	0.457	0.5	0
9606.ENSP00000244537	9606.ENSP00000378402	H4C6	SIN3A	9606	0.716	0	0	0	0	0.457	0.5	0
9606.ENSP00000244537	9606.ENSP00000300086	H4C6	TERF2IP	9606	0.716	0	0	0	0	0.457	0.5	0
9606.ENSP00000244537	9606.ENSP00000361066	H4C6	NCOA3	9606	0.716	0	0	0	0	0.457	0.5	0
9606.ENSP00000244537	9606.ENSP00000336687	H4C6	CBX3	9606	0.716	0	0	0	0	0.457	0.5	0
9606.ENSP00000244537	9606.ENSP00000269385	H4C6	CBX8	9606	0.716	0	0	0	0	0.457	0.5	0
9606.ENSP00000244537	9606.ENSP00000269397	H4C6	CBX4	9606	0.716	0	0	0	0	0.457	0.5	0
9606.ENSP00000244537	9606.ENSP00000377060	H4C6	CBX1	9606	0.716	0	0	0	0	0.457	0.5	0
9606.ENSP00000244537	9606.ENSP00000297338	H4C6	RAD21	9606	0.716	0	0	0	0	0.457	0.5	0
9606.ENSP00000244537	9606.ENSP00000325863	H4C6	MRE11	9606	0.716	0	0	0	0	0.457	0.5	0
9606.ENSP00000244537	9606.ENSP00000243326	H4C6	RIF1	9606	0.716	0	0	0	0	0.457	0.5	0
9606.ENSP00000244537	9606.ENSP00000223129	H4C6	RPA3	9606	0.716	0	0	0	0	0.457	0.5	0
9606.ENSP00000244537	9606.ENSP00000363017	H4C6	RPA2	9606	0.716	0	0	0	0	0.457	0.5	0
9606.ENSP00000244537	9606.ENSP00000356480	H4C6	RNF2	9606	0.716	0	0	0	0	0.457	0.5	0
9606.ENSP00000250448	9606.ENSP00000405330	FOXA1	ESR1	9606	0.988	0	0	0	0	0.457	0.5	0.961
9606.ENSP00000250448	9606.ENSP00000368632	FOXA1	GATA3	9606	0.988	0	0	0	0	0.457	0.9	0.809
9606.ENSP00000250448	9606.ENSP00000363822	FOXA1	AR	9606	0.973	0	0	0	0	0.457	0	0.954
9606.ENSP00000250448	9606.ENSP00000080059	FOXA1	HDAC7	9606	0.968	0	0	0	0	0.457	0	0.945
9606.ENSP00000250448	9606.ENSP00000452871	FOXA1	TLE3	9606	0.964	0	0	0	0	0.292	0.8	0.771
9606.ENSP00000250448	9606.ENSP00000408617	FOXA1	HDAC9	9606	0.857	0	0	0	0	0	0	0.857
9606.ENSP00000250448	9606.ENSP00000263253	FOXA1	EP300	9606	0.832	0	0	0	0	0	0.8	0.197
9606.ENSP00000250448	9606.ENSP00000327213	FOXA1	NRIP1	9606	0.8	0	0	0	0	0	0.8	0
9606.ENSP00000250448	9606.ENSP00000405890	FOXA1	PBX1	9606	0.774	0	0	0	0	0.164	0	0.741
9606.ENSP00000250448	9606.ENSP00000304004	FOXA1	FOXA3	9606	0.759	0	0	0	0	0.164	0	0.724
9606.ENSP00000250448	9606.ENSP00000438574	FOXA1	PIAS1	9606	0.745	0	0	0	0	0.292	0	0.655
9606.ENSP00000250448	9606.ENSP00000250416	FOXA1	PARP2	9606	0.712	0	0	0	0	0.292	0	0.61
9606.ENSP00000250448	9606.ENSP00000333277	FOXA1	H3C13	9606	0.71	0	0	0	0	0	0.5	0.444
9606.ENSP00000250448	9606.ENSP00000254810	FOXA1	H3-3B	9606	0.71	0	0	0	0	0	0.5	0.444
9606.ENSP00000250448	9606.ENSP00000352252	FOXA1	H3C12	9606	0.709	0	0	0	0	0	0.5	0.443
9606.ENSP00000250448	9606.ENSP00000325120	FOXA1	PGR	9606	0.706	0	0	0	0	0	0.5	0.438
9606.ENSP00000253024	9606.ENSP00000271640	TRIM28	SETDB1	9606	0.99	0	0	0	0	0.457	0	0.982
9606.ENSP00000253024	9606.ENSP00000473093	TRIM28	MAGEA3	9606	0.986	0	0	0	0	0.457	0	0.976
9606.ENSP00000253024	9606.ENSP00000351947	TRIM28	SMARCAD1	9606	0.978	0	0	0	0	0.96	0	0.471
9606.ENSP00000253024	9606.ENSP00000325018	TRIM28	ZNF569	9606	0.977	0	0	0	0	0	0.5	0.956
9606.ENSP00000253024	9606.ENSP00000313582	TRIM28	ZNF436	9606	0.977	0	0	0	0	0	0.5	0.956
9606.ENSP00000253024	9606.ENSP00000348419	TRIM28	ZNF44	9606	0.961	0	0	0	0	0.165	0	0.956
9606.ENSP00000253024	9606.ENSP00000354660	TRIM28	MAGEC2	9606	0.959	0	0	0	0	0.457	0	0.929
9606.ENSP00000253024	9606.ENSP00000482632	TRIM28	ZNF501	9606	0.956	0	0	0	0	0	0	0.956
9606.ENSP00000253024	9606.ENSP00000262525	TRIM28	ZNF629	9606	0.956	0	0	0	0	0	0	0.956
9606.ENSP00000253024	9606.ENSP00000369774	TRIM28	ZNF763	9606	0.956	0	0	0	0	0	0	0.956
9606.ENSP00000253024	9606.ENSP00000352516	TRIM28	DNMT1	9606	0.955	0	0	0	0	0.457	0	0.921
9606.ENSP00000253024	9606.ENSP00000369716	TRIM28	CHD3	9606	0.951	0	0	0	0	0.457	0	0.915
9606.ENSP00000253024	9606.ENSP00000243644	TRIM28	ZNF350	9606	0.943	0	0	0	0	0.457	0.9	0
9606.ENSP00000253024	9606.ENSP00000209875	TRIM28	CBX5	9606	0.941	0	0	0	0	0.457	0	0.897
9606.ENSP00000253024	9606.ENSP00000324064	TRIM28	ZNF354C	9606	0.929	0	0	0	0	0.457	0.5	0.762
9606.ENSP00000253024	9606.ENSP00000342002	TRIM28	ZNF93	9606	0.926	0	0	0	0	0.926	0	0
9606.ENSP00000253024	9606.ENSP00000484810	TRIM28	ZNF274	9606	0.921	0	0	0	0	0.457	0.5	0.733
9606.ENSP00000253024	9606.ENSP00000418259	TRIM28	ZFP57	9606	0.908	0	0	0	0	0.292	0	0.876
9606.ENSP00000253024	9606.ENSP00000273320	TRIM28	ZKSCAN7	9606	0.899	0	0	0	0	0	0.5	0.807
9606.ENSP00000253024	9606.ENSP00000479617	TRIM28	UHRF1	9606	0.886	0	0	0	0	0.292	0	0.846
9606.ENSP00000253024	9606.ENSP00000248211	TRIM28	ZNF10	9606	0.884	0	0	0	0	0.457	0.5	0.608
9606.ENSP00000253024	9606.ENSP00000365804	TRIM28	HDAC6	9606	0.865	0	0	0	0	0.457	0	0.762
9606.ENSP00000253024	9606.ENSP00000340507	TRIM28	TRIM24	9606	0.865	0	0	0	0	0.483	0	0.751
9606.ENSP00000253024	9606.ENSP00000362649	TRIM28	HDAC1	9606	0.856	0	0	0	0	0.457	0	0.746
9606.ENSP00000253024	9606.ENSP00000264709	TRIM28	DNMT3A	9606	0.847	0	0	0	0	0.292	0	0.794
9606.ENSP00000253024	9606.ENSP00000351250	TRIM28	TRIM33	9606	0.838	0	0	0	0	0.457	0	0.714
9606.ENSP00000253024	9606.ENSP00000268712	TRIM28	NCOR1	9606	0.827	0	0	0	0	0.457	0	0.695
9606.ENSP00000253024	9606.ENSP00000493970	TRIM28	ZNF746	9606	0.806	0	0	0	0	0.457	0.5	0.346
9606.ENSP00000253024	9606.ENSP00000343896	TRIM28	SMARCA4	9606	0.788	0	0	0	0	0.457	0	0.626
9606.ENSP00000253024	9606.ENSP00000405965	TRIM28	SUMO2	9606	0.78	0	0	0	0	0.457	0	0.612
9606.ENSP00000253024	9606.ENSP00000336687	TRIM28	CBX3	9606	0.767	0	0	0	0	0.457	0	0.589
9606.ENSP00000253024	9606.ENSP00000440542	TRIM28	CHD4	9606	0.764	0	0	0	0	0.457	0	0.584
9606.ENSP00000253024	9606.ENSP00000337976	TRIM28	SUV39H1	9606	0.762	0	0	0	0	0.292	0	0.678
9606.ENSP00000253024	9606.ENSP00000318195	TRIM28	NCL	9606	0.76	0	0	0	0	0.292	0	0.675
9606.ENSP00000253024	9606.ENSP00000379387	TRIM28	ZNF445	9606	0.756	0	0	0	0	0.164	0.5	0.464
9606.ENSP00000253024	9606.ENSP00000444812	TRIM28	ZNF324	9606	0.755	0	0	0	0	0.363	0.5	0.294
9606.ENSP00000253024	9606.ENSP00000377060	TRIM28	CBX1	9606	0.738	0	0	0	0	0.457	0	0.538
9606.ENSP00000253024	9606.ENSP00000328547	TRIM28	DNMT3B	9606	0.732	0	0	0	0	0.292	0	0.638
9606.ENSP00000253024	9606.ENSP00000383301	TRIM28	ZNF74	9606	0.73	0	0	0	0	0.483	0.5	0
9606.ENSP00000253024	9606.ENSP00000382511	TRIM28	ZNF195	9606	0.725	0	0	0	0	0.457	0.5	0.069
9606.ENSP00000253024	9606.ENSP00000401642	TRIM28	ZNF304	9606	0.724	0	0	0	0	0.292	0.5	0.283
9606.ENSP00000253024	9606.ENSP00000363055	TRIM28	ZWINT	9606	0.724	0	0	0	0	0.724	0	0
9606.ENSP00000253024	9606.ENSP00000287461	TRIM28	ZNF689	9606	0.716	0	0	0	0	0.457	0.5	0
9606.ENSP00000253024	9606.ENSP00000460547	TRIM28	ZFP90	9606	0.716	0	0	0	0	0.457	0.5	0
9606.ENSP00000253024	9606.ENSP00000337122	TRIM28	ZNF354A	9606	0.716	0	0	0	0	0.457	0.5	0
9606.ENSP00000253458	9606.ENSP00000362649	GSE1	HDAC1	9606	0.907	0	0	0	0	0.457	0	0.836
9606.ENSP00000253458	9606.ENSP00000328269	GSE1	HMG20B	9606	0.899	0	0	0	0	0.669	0	0.71
9606.ENSP00000253458	9606.ENSP00000262241	GSE1	RCOR1	9606	0.869	0	0	0	0	0.477	0	0.76
9606.ENSP00000253458	9606.ENSP00000383042	GSE1	KDM1A	9606	0.797	0	0	0	0	0.457	0	0.642
9606.ENSP00000253458	9606.ENSP00000371133	GSE1	HMG20A	9606	0.793	0	0	0	0	0.653	0	0.429
9606.ENSP00000253458	9606.ENSP00000430432	GSE1	HDAC2	9606	0.758	0	0	0	0	0.457	0	0.574
9606.ENSP00000254480	9606.ENSP00000340883	SMARCC1	SMARCB1	9606	0.999	0	0	0	0	0.98	0.9	0.987
9606.ENSP00000254480	9606.ENSP00000320485	SMARCC1	ARID1A	9606	0.999	0	0	0	0	0.67	0.9	0.982
9606.ENSP00000254480	9606.ENSP00000371638	SMARCC1	SMARCA2	9606	0.999	0	0	0	0	0.764	0.9	0.985
9606.ENSP00000254480	9606.ENSP00000378414	SMARCC1	SMARCD1	9606	0.999	0	0	0	0	0.779	0.9	0.985
9606.ENSP00000254480	9606.ENSP00000323967	SMARCC1	SMARCE1	9606	0.999	0	0	0	0	0.748	0.9	0.987
9606.ENSP00000254480	9606.ENSP00000449396	SMARCC1	SMARCC2	9606	0.999	0	0	0	0	0.671	0.9	0.982
9606.ENSP00000254480	9606.ENSP00000397552	SMARCC1	ACTL6A	9606	0.999	0	0	0	0	0.72	0.9	0.986
9606.ENSP00000254480	9606.ENSP00000343896	SMARCC1	SMARCA4	9606	0.999	0	0	0	0	0.783	0.9	0.985
9606.ENSP00000254480	9606.ENSP00000392617	SMARCC1	SMARCD2	9606	0.997	0	0	0	0	0.783	0.9	0.88
9606.ENSP00000254480	9606.ENSP00000490491	SMARCC1	ARID1B	9606	0.995	0	0	0	0	0.667	0.9	0.871
9606.ENSP00000254480	9606.ENSP00000262188	SMARCC1	SMARCD3	9606	0.994	0	0	0	0	0.727	0.9	0.803
9606.ENSP00000254480	9606.ENSP00000419765	SMARCC1	BRD9	9606	0.991	0	0	0	0	0.616	0.9	0.787
9606.ENSP00000254480	9606.ENSP00000386593	SMARCC1	PBRM1	9606	0.988	0	0	0	0	0.663	0.72	0.891
9606.ENSP00000254480	9606.ENSP00000369674	SMARCC1	BCL7C	9606	0.976	0	0	0	0	0.646	0.9	0.388
9606.ENSP00000254480	9606.ENSP00000335044	SMARCC1	ARID2	9606	0.976	0	0	0	0	0.457	0.72	0.855
9606.ENSP00000254480	9606.ENSP00000341805	SMARCC1	PHF10	9606	0.974	0	0	0	0	0.716	0.72	0.702
9606.ENSP00000254480	9606.ENSP00000445868	SMARCC1	BCL7A	9606	0.97	0	0	0	0	0.614	0.9	0.287
9606.ENSP00000254480	9606.ENSP00000414516	SMARCC1	SS18	9606	0.965	0	0	0	0	0.67	0.9	0
9606.ENSP00000254480	9606.ENSP00000252268	SMARCC1	DPF2	9606	0.962	0	0	0	0	0.671	0.54	0.769
9606.ENSP00000254480	9606.ENSP00000411073	SMARCC1	BCL7B	9606	0.944	0	0	0	0	0.197	0.9	0.364
9606.ENSP00000254480	9606.ENSP00000379946	SMARCC1	BICRA	9606	0.944	0	0	0	0	0.47	0.9	0
9606.ENSP00000254480	9606.ENSP00000347716	SMARCC1	DPF1	9606	0.941	0	0	0	0	0.67	0.72	0.42
9606.ENSP00000254480	9606.ENSP00000160382	SMARCC1	ACTL6B	9606	0.939	0	0	0	0	0.25	0.72	0.735
9606.ENSP00000254480	9606.ENSP00000378181	SMARCC1	BRD7	9606	0.936	0	0	0	0	0.62	0.65	0.559
9606.ENSP00000254480	9606.ENSP00000313933	SMARCC1	BICRAL	9606	0.934	0	0	0	0	0	0.9	0.375
9606.ENSP00000254480	9606.ENSP00000479526	SMARCC1	DPF3	9606	0.921	0	0	0	0	0.669	0.72	0.225
9606.ENSP00000254480	9606.ENSP00000287820	SMARCC1	PPARG	9606	0.903	0	0	0	0	0.073	0.9	0
9606.ENSP00000254480	9606.ENSP00000349723	SMARCC1	BCL11B	9606	0.9	0	0	0	0	0	0.9	0
9606.ENSP00000254480	9606.ENSP00000496168	SMARCC1	BCL11A	9606	0.9	0	0	0	0	0	0.9	0
9606.ENSP00000254480	9606.ENSP00000494750	SMARCC1	ACTB	9606	0.83	0	0	0	0	0.228	0.65	0.42
9606.ENSP00000254480	9606.ENSP00000450607	SMARCC1	TIMELESS	9606	0.789	0	0	0	0	0	0	0.789
9606.ENSP00000254480	9606.ENSP00000342434	SMARCC1	BAZ1B	9606	0.773	0	0	0	0	0.559	0	0.507
9606.ENSP00000254480	9606.ENSP00000362649	SMARCC1	HDAC1	9606	0.764	0	0	0	0	0.336	0	0.66
9606.ENSP00000254480	9606.ENSP00000360162	SMARCC1	SMARCA1	9606	0.75	0	0	0	0	0.56	0	0.455
9606.ENSP00000254480	9606.ENSP00000378702	SMARCC1	BRD2	9606	0.734	0	0	0	0	0.564	0	0.416
9606.ENSP00000254480	9606.ENSP00000458162	SMARCC1	ACTG1	9606	0.728	0	0	0	0	0.216	0.65	0.091
9606.ENSP00000254480	9606.ENSP00000291890	SMARCC1	NCR1	9606	0.72	0	0	0	0	0	0.72	0
9606.ENSP00000254480	9606.ENSP00000267163	SMARCC1	RB1	9606	0.72	0	0	0	0	0	0.72	0
9606.ENSP00000254480	9606.ENSP00000319169	SMARCC1	PRMT5	9606	0.716	0	0	0	0	0.457	0.5	0
9606.ENSP00000254480	9606.ENSP00000268712	SMARCC1	NCOR1	9606	0.703	0	0	0	0	0.292	0	0.598
9606.ENSP00000254810	9606.ENSP00000244537	H3-3B	H4C6	9606	0.999	0	0	0	0	0.961	0.8	0.975
9606.ENSP00000254810	9606.ENSP00000351446	H3-3B	WDR5	9606	0.999	0	0	0	0	0.904	0.5	0.981
9606.ENSP00000254810	9606.ENSP00000209875	H3-3B	CBX5	9606	0.999	0	0	0	0	0.955	0.5	0.976
9606.ENSP00000254810	9606.ENSP00000362441	H3-3B	ATRX	9606	0.998	0	0	0	0	0.96	0.5	0.937
9606.ENSP00000254810	9606.ENSP00000270172	H3-3B	DNMT3L	9606	0.998	0	0	0	0	0.879	0.5	0.979
9606.ENSP00000254810	9606.ENSP00000336687	H3-3B	CBX3	9606	0.998	0	0	0	0	0.94	0.5	0.961
9606.ENSP00000254810	9606.ENSP00000358151	H3-3B	H2BC21	9606	0.998	0	0	0	0	0.86	0.4	0.982
9606.ENSP00000254810	9606.ENSP00000264709	H3-3B	DNMT3A	9606	0.997	0	0	0	0	0.939	0.5	0.935
9606.ENSP00000254810	9606.ENSP00000266000	H3-3B	DAXX	9606	0.996	0	0	0	0	0.96	0.5	0.853
9606.ENSP00000254810	9606.ENSP00000307208	H3-3B	BPTF	9606	0.996	0	0	0	0	0.96	0	0.921
9606.ENSP00000254810	9606.ENSP00000477870	H3-3B	H4C7	9606	0.995	0	0	0	0	0.081	0.8	0.975
9606.ENSP00000254810	9606.ENSP00000361473	H3-3B	KDM4A	9606	0.993	0	0	0	0	0.946	0	0.881
9606.ENSP00000254810	9606.ENSP00000377060	H3-3B	CBX1	9606	0.99	0	0	0	0	0.923	0	0.877
9606.ENSP00000254810	9606.ENSP00000358155	H3-3B	H2AC18	9606	0.989	0	0	0	0	0.071	0.4	0.982
9606.ENSP00000254810	9606.ENSP00000332194	H3-3B	H2AC20	9606	0.989	0	0	0	0	0.071	0.4	0.982
9606.ENSP00000254810	9606.ENSP00000369695	H3-3B	MLLT3	9606	0.989	0	0	0	0	0.946	0	0.81
9606.ENSP00000254810	9606.ENSP00000479617	H3-3B	UHRF1	9606	0.988	0	0	0	0	0.926	0.5	0.72
9606.ENSP00000254810	9606.ENSP00000307183	H3-3B	ING2	9606	0.987	0	0	0	0	0.928	0	0.833
9606.ENSP00000254810	9606.ENSP00000229595	H3-3B	ASF1A	9606	0.986	0	0	0	0	0.962	0	0.644
9606.ENSP00000254810	9606.ENSP00000386593	H3-3B	PBRM1	9606	0.985	0	0	0	0	0.912	0	0.838
9606.ENSP00000254810	9606.ENSP00000263377	H3-3B	BRD4	9606	0.983	0	0	0	0	0.459	0	0.971
9606.ENSP00000254810	9606.ENSP00000379078	H3-3B	EHMT2	9606	0.979	0	0	0	0	0.917	0	0.756
9606.ENSP00000254810	9606.ENSP00000440542	H3-3B	CHD4	9606	0.976	0	0	0	0	0.902	0	0.765
9606.ENSP00000254810	9606.ENSP00000263382	H3-3B	ASF1B	9606	0.976	0	0	0	0	0.962	0	0.392
9606.ENSP00000254810	9606.ENSP00000265713	H3-3B	KAT6A	9606	0.975	0	0	0	0	0.903	0	0.753
9606.ENSP00000254810	9606.ENSP00000291582	H3-3B	AIRE	9606	0.974	0	0	0	0	0.901	0	0.753
9606.ENSP00000254810	9606.ENSP00000478672	H3-3B	RAG2	9606	0.973	0	0	0	0	0.247	0	0.965
9606.ENSP00000254810	9606.ENSP00000263754	H3-3B	KAT2B	9606	0.973	0	0	0	0	0.949	0	0.486
9606.ENSP00000254810	9606.ENSP00000303373	H3-3B	H2AC8	9606	0.971	0	0	0	0	0.939	0.4	0.262
9606.ENSP00000254810	9606.ENSP00000357442	H3-3B	PYGO2	9606	0.969	0	0	0	0	0.903	0	0.702
9606.ENSP00000254810	9606.ENSP00000364929	H3-3B	ING1	9606	0.967	0	0	0	0	0.9	0	0.684
9606.ENSP00000254810	9606.ENSP00000355388	H3-3B	MPHOSPH8	9606	0.964	0	0	0	0	0.909	0	0.625
9606.ENSP00000254810	9606.ENSP00000350676	H3-3B	PHF8	9606	0.963	0	0	0	0	0.903	0.5	0.297
9606.ENSP00000254810	9606.ENSP00000336868	H3-3B	CENPA	9606	0.962	0	0	0	0	0.943	0.36	0.052
9606.ENSP00000254810	9606.ENSP00000351250	H3-3B	TRIM33	9606	0.962	0	0	0	0	0.9	0	0.638
9606.ENSP00000254810	9606.ENSP00000436786	H3-3B	KMT2A	9606	0.961	0	0	0	0	0.926	0.5	0
9606.ENSP00000254810	9606.ENSP00000384490	H3-3B	CBX6	9606	0.961	0	0	0	0	0.92	0.5	0.104
9606.ENSP00000254810	9606.ENSP00000265056	H3-3B	MCM2	9606	0.96	0	0	0	0	0.96	0	0.045
9606.ENSP00000254810	9606.ENSP00000255120	H3-3B	NASP	9606	0.958	0	0	0	0	0.958	0	0
9606.ENSP00000254810	9606.ENSP00000349430	H3-3B	H2BC12	9606	0.957	0	0	0	0	0.807	0.4	0.662
9606.ENSP00000254810	9606.ENSP00000480960	H3-3B	H4C13	9606	0.956	0	0	0	0	0.954	0	0.089
9606.ENSP00000254810	9606.ENSP00000483667	H3-3B	CHD1	9606	0.956	0	0	0	0	0.903	0	0.571
9606.ENSP00000254810	9606.ENSP00000302327	H3-3B	PYGO1	9606	0.953	0	0	0	0	0.9	0	0.557
9606.ENSP00000254810	9606.ENSP00000287239	H3-3B	KAT6B	9606	0.95	0	0	0	0	0.903	0	0.504
9606.ENSP00000254810	9606.ENSP00000264108	H3-3B	HAT1	9606	0.95	0	0	0	0	0.507	0.9	0.085
9606.ENSP00000254810	9606.ENSP00000380024	H3-3B	ING4	9606	0.945	0	0	0	0	0.926	0	0.292
9606.ENSP00000254810	9606.ENSP00000365019	H3-3B	SPIN1	9606	0.945	0	0	0	0	0.9	0	0.476
9606.ENSP00000254810	9606.ENSP00000476136	H3-3B	H2BC11	9606	0.945	0	0	0	0	0.843	0.4	0.46
9606.ENSP00000254810	9606.ENSP00000346453	H3-3B	IPO4	9606	0.942	0	0	0	0	0.942	0	0
9606.ENSP00000254810	9606.ENSP00000341094	H3-3B	H2AC7	9606	0.941	0	0	0	0	0.903	0.4	0.076
9606.ENSP00000254810	9606.ENSP00000266070	H3-3B	DIDO1	9606	0.935	0	0	0	0	0.914	0	0.275
9606.ENSP00000254810	9606.ENSP00000343896	H3-3B	SMARCA4	9606	0.934	0	0	0	0	0.828	0	0.633
9606.ENSP00000254810	9606.ENSP00000355780	H3-3B	H3-3A	9606	0.933	0	0	0	0	0.9	0.36	0
9606.ENSP00000254810	9606.ENSP00000477527	H3-3B	H2BC17	9606	0.932	0	0	0	0	0.807	0.4	0.46
9606.ENSP00000254810	9606.ENSP00000483345	H3-3B	HDGFL2	9606	0.932	0	0	0	0	0.9	0	0.348
9606.ENSP00000254810	9606.ENSP00000321744	H3-3B	H2BC4	9606	0.931	0	0	0	0	0.807	0.4	0.459
9606.ENSP00000254810	9606.ENSP00000216133	H3-3B	CBX7	9606	0.931	0	0	0	0	0.92	0	0.177
9606.ENSP00000254810	9606.ENSP00000469158	H3-3B	SPHK2	9606	0.931	0	0	0	0	0	0	0.931
9606.ENSP00000254810	9606.ENSP00000313983	H3-3B	NSD3	9606	0.927	0	0	0	0	0.901	0	0.295
9606.ENSP00000254810	9606.ENSP00000386759	H3-3B	SETD2	9606	0.922	0	0	0	0	0.922	0	0
9606.ENSP00000254810	9606.ENSP00000362592	H3-3B	RBBP4	9606	0.919	0	0	0	0	0.538	0.5	0.68
9606.ENSP00000254810	9606.ENSP00000362041	H3-3B	DNAJC9	9606	0.917	0	0	0	0	0.917	0	0
9606.ENSP00000254810	9606.ENSP00000417980	H3-3B	EHMT1	9606	0.915	0	0	0	0	0.915	0	0
9606.ENSP00000254810	9606.ENSP00000333277	H3-3B	H3C13	9606	0.914	0	0	0	0	0.862	0.4	0
9606.ENSP00000254810	9606.ENSP00000386239	H3-3B	TONSL	9606	0.912	0	0	0	0	0.912	0	0
9606.ENSP00000254810	9606.ENSP00000308750	H3-3B	CBX2	9606	0.912	0	0	0	0	0.457	0.5	0.702
9606.ENSP00000254810	9606.ENSP00000332790	H3-3B	H2AC21	9606	0.91	0	0	0	0	0.906	0	0.076
9606.ENSP00000254810	9606.ENSP00000352119	H3-3B	H2AC11	9606	0.91	0	0	0	0	0.907	0	0.076
9606.ENSP00000254810	9606.ENSP00000366974	H3-3B	H4C2	9606	0.908	0	0	0	0	0.904	0	0.089
9606.ENSP00000254810	9606.ENSP00000367034	H3-3B	H4C3	9606	0.908	0	0	0	0	0.904	0	0.089
9606.ENSP00000254810	9606.ENSP00000479461	H3-3B	H4C4	9606	0.908	0	0	0	0	0.904	0	0.089
9606.ENSP00000254810	9606.ENSP00000479794	H3-3B	H4C12	9606	0.908	0	0	0	0	0.904	0	0.089
9606.ENSP00000254810	9606.ENSP00000462667	H3-3B	H4C14	9606	0.908	0	0	0	0	0.904	0	0.089
9606.ENSP00000254810	9606.ENSP00000481486	H3-3B	H4C9	9606	0.908	0	0	0	0	0.904	0	0.089
9606.ENSP00000254810	9606.ENSP00000479106	H3-3B	H4C1	9606	0.908	0	0	0	0	0.904	0	0.089
9606.ENSP00000254810	9606.ENSP00000484789	H3-3B	H4C5	9606	0.908	0	0	0	0	0.904	0	0.089
9606.ENSP00000254810	9606.ENSP00000347168	H3-3B	H4C11	9606	0.908	0	0	0	0	0.904	0	0.089
9606.ENSP00000254810	9606.ENSP00000443017	H3-3B	H4-16	9606	0.908	0	0	0	0	0.904	0	0.089
9606.ENSP00000254810	9606.ENSP00000489236	H3-3B	H4C8	9606	0.908	0	0	0	0	0.904	0	0.089
9606.ENSP00000254810	9606.ENSP00000462355	H3-3B	H4C15	9606	0.908	0	0	0	0	0.904	0	0.089
9606.ENSP00000254810	9606.ENSP00000358154	H3-3B	H3C14	9606	0.907	0	0	0	0	0.885	0	0.223
9606.ENSP00000254810	9606.ENSP00000482538	H3-3B	H2AC16	9606	0.906	0	0	0	0	0.903	0	0.076
9606.ENSP00000254810	9606.ENSP00000482431	H3-3B	H2AC15	9606	0.906	0	0	0	0	0.903	0	0.076
9606.ENSP00000254810	9606.ENSP00000258962	H3-3B	SRSF1	9606	0.906	0	0	0	0	0	0	0.906
9606.ENSP00000254810	9606.ENSP00000351589	H3-3B	H2AC13	9606	0.906	0	0	0	0	0.903	0	0.076
9606.ENSP00000254810	9606.ENSP00000483842	H3-3B	H2AC4	9606	0.906	0	0	0	0	0.903	0	0.076
9606.ENSP00000254810	9606.ENSP00000352627	H3-3B	H2AC17	9606	0.906	0	0	0	0	0.903	0	0.076
9606.ENSP00000254810	9606.ENSP00000489311	H3-3B	hCG_2039566	9606	0.906	0	0	0	0	0.903	0	0.076
9606.ENSP00000254810	9606.ENSP00000433760	H3-3B	BANF1	9606	0.906	0	0	0	0	0	0	0.906
9606.ENSP00000254810	9606.ENSP00000325690	H3-3B	CARM1	9606	0.901	0	0	0	0	0.901	0	0
9606.ENSP00000254810	9606.ENSP00000271640	H3-3B	SETDB1	9606	0.901	0	0	0	0	0.901	0	0
9606.ENSP00000254810	9606.ENSP00000312379	H3-3B	KMT2E	9606	0.9	0	0	0	0	0.9	0	0
9606.ENSP00000254810	9606.ENSP00000336712	H3-3B	TNPO1	9606	0.9	0	0	0	0	0.9	0	0
9606.ENSP00000254810	9606.ENSP00000262367	H3-3B	CREBBP	9606	0.9	0	0	0	0	0.9	0	0
9606.ENSP00000254810	9606.ENSP00000372191	H3-3B	SIRT3	9606	0.9	0	0	0	0	0.9	0	0
9606.ENSP00000254810	9606.ENSP00000359837	H3-3B	ZZZ3	9606	0.9	0	0	0	0	0.9	0	0
9606.ENSP00000254810	9606.ENSP00000343023	H3-3B	SP100	9606	0.9	0	0	0	0	0.9	0	0
9606.ENSP00000254810	9606.ENSP00000476228	H3-3B	SIRT5	9606	0.9	0	0	0	0	0.9	0	0
9606.ENSP00000254810	9606.ENSP00000316114	H3-3B	SGF29	9606	0.9	0	0	0	0	0.9	0	0
9606.ENSP00000254810	9606.ENSP00000373278	H3-3B	ZCWPW2	9606	0.9	0	0	0	0	0.9	0	0
9606.ENSP00000254810	9606.ENSP00000383333	H3-3B	MORC3	9606	0.9	0	0	0	0	0.9	0	0
9606.ENSP00000254810	9606.ENSP00000495413	H3-3B	TRIM66	9606	0.9	0	0	0	0	0.9	0	0
9606.ENSP00000254810	9606.ENSP00000361918	H3-3B	PPIE	9606	0.9	0	0	0	0	0.9	0	0
9606.ENSP00000254810	9606.ENSP00000352252	H3-3B	H3C12	9606	0.893	0	0	0	0	0.828	0.4	0
9606.ENSP00000254810	9606.ENSP00000352516	H3-3B	DNMT1	9606	0.883	0	0	0	0	0	0.5	0.777
9606.ENSP00000254810	9606.ENSP00000402280	H3-3B	CDY2A	9606	0.875	0	0	0	0	0.808	0	0.379
9606.ENSP00000254810	9606.ENSP00000441273	H3-3B	CDY2B	9606	0.875	0	0	0	0	0.808	0	0.379
9606.ENSP00000254810	9606.ENSP00000320566	H3-3B	ING3	9606	0.871	0	0	0	0	0.079	0	0.865
9606.ENSP00000254810	9606.ENSP00000328547	H3-3B	DNMT3B	9606	0.869	0	0	0	0	0	0.5	0.75
9606.ENSP00000254810	9606.ENSP00000480826	H3-3B	H3C1	9606	0.863	0	0	0	0	0.863	0	0
9606.ENSP00000254810	9606.ENSP00000371475	H3-3B	TP53BP1	9606	0.862	0	0	0	0	0	0	0.862
9606.ENSP00000254810	9606.ENSP00000369424	H3-3B	RBBP7	9606	0.858	0	0	0	0	0.289	0.5	0.633
9606.ENSP00000254810	9606.ENSP00000499501	H3-3B	H3-2	9606	0.856	0	0	0	0	0.855	0	0
9606.ENSP00000254810	9606.ENSP00000469686	H3-3B	EGLN2	9606	0.856	0	0	0	0	0	0	0.856
9606.ENSP00000254810	9606.ENSP00000362649	H3-3B	HDAC1	9606	0.849	0	0	0	0	0.127	0.5	0.682
9606.ENSP00000254810	9606.ENSP00000385479	H3-3B	H3C15	9606	0.842	0	0	0	0	0.842	0	0
9606.ENSP00000254810	9606.ENSP00000319104	H3-3B	SUPT6H	9606	0.84	0	0	0	0	0.247	0	0.797
9606.ENSP00000254810	9606.ENSP00000225916	H3-3B	KAT2A	9606	0.838	0	0	0	0	0.37	0	0.754
9606.ENSP00000254810	9606.ENSP00000483283	H3-3B	H3C11	9606	0.828	0	0	0	0	0.828	0	0
9606.ENSP00000254810	9606.ENSP00000484638	H3-3B	H3C8	9606	0.828	0	0	0	0	0.828	0	0
9606.ENSP00000254810	9606.ENSP00000484095	H3-3B	H3C7	9606	0.828	0	0	0	0	0.828	0	0
9606.ENSP00000254810	9606.ENSP00000358160	H3-3B	H3C10	9606	0.828	0	0	0	0	0.828	0	0
9606.ENSP00000254810	9606.ENSP00000355657	H3-3B	H3-4	9606	0.828	0	0	0	0	0.828	0	0
9606.ENSP00000254810	9606.ENSP00000366999	H3-3B	H3C4	9606	0.828	0	0	0	0	0.828	0	0
9606.ENSP00000254810	9606.ENSP00000484658	H3-3B	H3C3	9606	0.828	0	0	0	0	0.828	0	0
9606.ENSP00000254810	9606.ENSP00000484841	H3-3B	H3C2	9606	0.828	0	0	0	0	0.828	0	0
9606.ENSP00000254810	9606.ENSP00000489282	H3-3B	H3C6	9606	0.828	0	0	0	0	0.828	0	0
9606.ENSP00000254810	9606.ENSP00000302968	H3-3B	CDY1	9606	0.823	0	0	0	0	0.808	0	0.12
9606.ENSP00000254810	9606.ENSP00000303178	H3-3B	CDY1B	9606	0.823	0	0	0	0	0.808	0	0.12
9606.ENSP00000254810	9606.ENSP00000397552	H3-3B	ACTL6A	9606	0.818	0	0	0	0	0.818	0	0
9606.ENSP00000254810	9606.ENSP00000341280	H3-3B	JARID2	9606	0.818	0	0	0	0	0.122	0.5	0.619
9606.ENSP00000254810	9606.ENSP00000378414	H3-3B	SMARCD1	9606	0.816	0	0	0	0	0.808	0	0.081
9606.ENSP00000254810	9606.ENSP00000449396	H3-3B	SMARCC2	9606	0.808	0	0	0	0	0.808	0	0
9606.ENSP00000254810	9606.ENSP00000348924	H3-3B	H2BC7	9606	0.807	0	0	0	0	0.807	0	0
9606.ENSP00000254810	9606.ENSP00000445633	H3-3B	H2BC8	9606	0.807	0	0	0	0	0.807	0	0
9606.ENSP00000254810	9606.ENSP00000366962	H3-3B	H2BC10	9606	0.807	0	0	0	0	0.807	0	0
9606.ENSP00000254810	9606.ENSP00000489317	H3-3B	H2BC6	9606	0.807	0	0	0	0	0.807	0	0
9606.ENSP00000254810	9606.ENSP00000234739	H3-3B	BCL9	9606	0.8	0	0	0	0	0.8	0	0
9606.ENSP00000254810	9606.ENSP00000323967	H3-3B	SMARCE1	9606	0.8	0	0	0	0	0.8	0	0
9606.ENSP00000254810	9606.ENSP00000294244	H3-3B	SPINDOC	9606	0.8	0	0	0	0	0.8	0	0
9606.ENSP00000254810	9606.ENSP00000494750	H3-3B	ACTB	9606	0.8	0	0	0	0	0.8	0	0
9606.ENSP00000254810	9606.ENSP00000320485	H3-3B	ARID1A	9606	0.8	0	0	0	0	0.8	0	0
9606.ENSP00000254810	9606.ENSP00000339835	H3-3B	H3-5	9606	0.8	0	0	0	0	0.8	0	0
9606.ENSP00000254810	9606.ENSP00000398824	H3-3B	PHF21A	9606	0.777	0	0	0	0	0.3	0	0.695
9606.ENSP00000254810	9606.ENSP00000410042	H3-3B	BRD1	9606	0.776	0	0	0	0	0.457	0	0.605
9606.ENSP00000254810	9606.ENSP00000439128	H3-3B	BANF2	9606	0.766	0	0	0	0	0	0	0.766
9606.ENSP00000254810	9606.ENSP00000311360	H3-3B	RAD9A	9606	0.762	0	0	0	0	0	0	0.762
9606.ENSP00000254810	9606.ENSP00000482674	H3-3B	H2BC3	9606	0.758	0	0	0	0	0.317	0.4	0.459
9606.ENSP00000254810	9606.ENSP00000225275	H3-3B	MPO	9606	0.742	0	0	0	0	0	0	0.742
9606.ENSP00000254810	9606.ENSP00000320147	H3-3B	EZH2	9606	0.741	0	0	0	0	0.422	0.5	0.176
9606.ENSP00000254810	9606.ENSP00000434024	H3-3B	H2AX	9606	0.738	0	0	0	0	0.473	0.4	0.237
9606.ENSP00000254810	9606.ENSP00000371003	H3-3B	ZMYND11	9606	0.737	0	0	0	0	0.56	0	0.427
9606.ENSP00000254810	9606.ENSP00000340330	H3-3B	KAT5	9606	0.734	0	0	0	0	0.077	0	0.724
9606.ENSP00000254810	9606.ENSP00000340271	H3-3B	TAF3	9606	0.733	0	0	0	0	0.407	0	0.568
9606.ENSP00000254810	9606.ENSP00000364597	H3-3B	PADI4	9606	0.726	0	0	0	0	0	0	0.726
9606.ENSP00000254810	9606.ENSP00000263253	H3-3B	EP300	9606	0.716	0	0	0	0	0.457	0.5	0
9606.ENSP00000254810	9606.ENSP00000339883	H3-3B	LBR	9606	0.711	0	0	0	0	0	0	0.711
9606.ENSP00000254810	9606.ENSP00000250448	H3-3B	FOXA1	9606	0.71	0	0	0	0	0	0.5	0.444
9606.ENSP00000254810	9606.ENSP00000269385	H3-3B	CBX8	9606	0.702	0	0	0	0	0.24	0.5	0.278
9606.ENSP00000254810	9606.ENSP00000337976	H3-3B	SUV39H1	9606	0.701	0	0	0	0	0.397	0.5	0.089
9606.ENSP00000254846	9606.ENSP00000264515	KDM6B	RBBP5	9606	0.913	0	0	0	0	0.331	0.54	0.74
9606.ENSP00000254846	9606.ENSP00000351446	KDM6B	WDR5	9606	0.91	0	0	0	0	0.294	0.54	0.745
9606.ENSP00000254846	9606.ENSP00000177694	KDM6B	TBX21	9606	0.889	0	0	0	0	0	0	0.889
9606.ENSP00000254846	9606.ENSP00000340896	KDM6B	ASH2L	9606	0.876	0	0	0	0	0.338	0.54	0.627
9606.ENSP00000254846	9606.ENSP00000343896	KDM6B	SMARCA4	9606	0.846	0	0	0	0	0	0	0.846
9606.ENSP00000254846	9606.ENSP00000332973	KDM6B	SMAD3	9606	0.76	0	0	0	0	0.292	0	0.675
9606.ENSP00000254846	9606.ENSP00000489282	KDM6B	H3C6	9606	0.755	0	0	0	0	0.749	0	0.064
9606.ENSP00000254846	9606.ENSP00000385523	KDM6B	PPARA	9606	0.745	0	0	0	0	0	0	0.745
9606.ENSP00000254846	9606.ENSP00000262160	KDM6B	SMAD2	9606	0.737	0	0	0	0	0.292	0	0.645
9606.ENSP00000254846	9606.ENSP00000381736	KDM6B	ATP5F1A	9606	0.712	0	0	0	0	0.34	0.385	0.349
9606.ENSP00000254846	9606.ENSP00000215375	KDM6B	ATP5F1D	9606	0.71	0	0	0	0	0.34	0.385	0.345
9606.ENSP00000254846	9606.ENSP00000354632	KDM6B	MT-ATP6	9606	0.708	0	0	0	0	0.34	0.385	0.339
9606.ENSP00000256429	9606.ENSP00000384899	MBD2	GATAD2A	9606	0.995	0	0	0	0	0.971	0.54	0.666
9606.ENSP00000256429	9606.ENSP00000362649	MBD2	HDAC1	9606	0.99	0	0	0	0	0.954	0.54	0.562
9606.ENSP00000256429	9606.ENSP00000333633	MBD2	MTA1	9606	0.987	0	0	0	0	0.968	0.54	0.181
9606.ENSP00000256429	9606.ENSP00000362592	MBD2	RBBP4	9606	0.968	0	0	0	0	0.907	0.54	0.317
9606.ENSP00000256429	9606.ENSP00000357644	MBD2	GATAD2B	9606	0.95	0	0	0	0	0.725	0.54	0.64
9606.ENSP00000256429	9606.ENSP00000385823	MBD2	MTA3	9606	0.904	0	0	0	0	0.744	0.54	0.253
9606.ENSP00000256429	9606.ENSP00000430432	MBD2	HDAC2	9606	0.895	0	0	0	0	0.616	0.54	0.453
9606.ENSP00000256429	9606.ENSP00000278823	MBD2	MTA2	9606	0.88	0	0	0	0	0.697	0.54	0.21
9606.ENSP00000256429	9606.ENSP00000369716	MBD2	CHD3	9606	0.866	0	0	0	0	0.457	0.54	0.509
9606.ENSP00000256429	9606.ENSP00000369424	MBD2	RBBP7	9606	0.866	0	0	0	0	0.562	0.54	0.39
9606.ENSP00000256429	9606.ENSP00000352516	MBD2	DNMT1	9606	0.864	0	0	0	0	0.526	0	0.725
9606.ENSP00000256429	9606.ENSP00000440542	MBD2	CHD4	9606	0.836	0	0	0	0	0.457	0.54	0.398
9606.ENSP00000256429	9606.ENSP00000262450	MBD2	CHD5	9606	0.758	0	0	0	0	0.429	0.54	0.156
9606.ENSP00000256429	9606.ENSP00000412302	MBD2	MBD3	9606	0.739	0	0	0	0	0.457	0.54	0
9606.ENSP00000256429	9606.ENSP00000264709	MBD2	DNMT3A	9606	0.719	0	0	0	0	0	0	0.719
9606.ENSP00000256644	9606.ENSP00000424183	LAMTOR5	LAMTOR3	9606	0.999	0	0	0	0	0.972	0.9	0.982
9606.ENSP00000256644	9606.ENSP00000343118	LAMTOR5	LAMTOR4	9606	0.999	0	0	0	0	0.972	0.9	0.982
9606.ENSP00000256644	9606.ENSP00000357288	LAMTOR5	LAMTOR2	9606	0.999	0	0	0	0	0.972	0.9	0.982
9606.ENSP00000256644	9606.ENSP00000278671	LAMTOR5	LAMTOR1	9606	0.999	0	0	0	0	0.972	0.9	0.982
9606.ENSP00000256644	9606.ENSP00000369899	LAMTOR5	RRAGA	9606	0.972	0	0	0	0	0.944	0.5	0.086
9606.ENSP00000256644	9606.ENSP00000380074	LAMTOR5	SLC38A9	9606	0.971	0	0	0	0	0.944	0.5	0
9606.ENSP00000256644	9606.ENSP00000307272	LAMTOR5	RPTOR	9606	0.971	0	0	0	0	0.944	0.5	0
9606.ENSP00000256644	9606.ENSP00000362092	LAMTOR5	RRAGC	9606	0.971	0	0	0	0	0.944	0.5	0
9606.ENSP00000256644	9606.ENSP00000354558	LAMTOR5	MTOR	9606	0.93	0	0	0	0	0.867	0.5	0
9606.ENSP00000256644	9606.ENSP00000416696	LAMTOR5	RIC1	9606	0.9	0	0	0	0	0	0.9	0
9606.ENSP00000256644	9606.ENSP00000367318	LAMTOR5	RGP1	9606	0.9	0	0	0	0	0	0.9	0
9606.ENSP00000256644	9606.ENSP00000457870	LAMTOR5	MLST8	9606	0.895	0	0	0	0	0.8	0.5	0
9606.ENSP00000256644	9606.ENSP00000264433	LAMTOR5	FNIP2	9606	0.879	0	0	0	0	0.879	0	0
9606.ENSP00000256644	9606.ENSP00000262850	LAMTOR5	RRAGB	9606	0.867	0	0	0	0	0.734	0.5	0.086
9606.ENSP00000256644	9606.ENSP00000358423	LAMTOR5	RRAGD	9606	0.861	0	0	0	0	0.734	0.5	0
9606.ENSP00000256644	9606.ENSP00000285071	LAMTOR5	FLCN	9606	0.8	0	0	0	0	0.8	0	0
9606.ENSP00000256644	9606.ENSP00000498382	LAMTOR5	DEPDC5	9606	0.8	0	0	0	0	0.8	0	0
9606.ENSP00000256644	9606.ENSP00000351742	LAMTOR5	TFEB	9606	0.8	0	0	0	0	0.8	0	0
9606.ENSP00000256644	9606.ENSP00000232501	LAMTOR5	NPRL2	9606	0.8	0	0	0	0	0.8	0	0
9606.ENSP00000256644	9606.ENSP00000483814	LAMTOR5	NPRL3	9606	0.8	0	0	0	0	0.8	0	0
9606.ENSP00000256644	9606.ENSP00000385025	LAMTOR5	SMCR8	9606	0.72	0	0	0	0	0	0.72	0
9606.ENSP00000256644	9606.ENSP00000482753	LAMTOR5	C9orf72	9606	0.72	0	0	0	0	0	0.72	0
9606.ENSP00000256644	9606.ENSP00000485033	LAMTOR5	DOCK1	9606	0.72	0	0	0	0	0	0.72	0
9606.ENSP00000256644	9606.ENSP00000312185	LAMTOR5	ELMO1	9606	0.72	0	0	0	0	0	0.72	0
9606.ENSP00000256644	9606.ENSP00000282096	LAMTOR5	PDE3B	9606	0.72	0	0	0	0	0	0.72	0
9606.ENSP00000256644	9606.ENSP00000296679	LAMTOR5	WDR41	9606	0.72	0	0	0	0	0	0.72	0
9606.ENSP00000256644	9606.ENSP00000304437	LAMTOR5	KNDC1	9606	0.72	0	0	0	0	0	0.72	0
9606.ENSP00000256644	9606.ENSP00000383042	LAMTOR5	KDM1A	9606	0.702	0	0	0	0	0	0	0.702
9606.ENSP00000258962	9606.ENSP00000376276	SRSF1	SRSF2	9606	0.991	0	0	0	0	0.606	0.8	0.899
9606.ENSP00000258962	9606.ENSP00000265388	SRSF1	TNPO3	9606	0.989	0	0	0	0	0.926	0	0.86
9606.ENSP00000258962	9606.ENSP00000472998	SRSF1	SNRNP70	9606	0.981	0	0	0	0	0.483	0	0.965
9606.ENSP00000258962	9606.ENSP00000325905	SRSF1	SRSF7	9606	0.977	0	0	0	0	0.684	0.8	0.672
9606.ENSP00000258962	9606.ENSP00000229390	SRSF1	SRSF9	9606	0.965	0	0	0	0	0.73	0.8	0.411
9606.ENSP00000258962	9606.ENSP00000362820	SRSF1	SRSF3	9606	0.964	0	0	0	0	0.561	0.8	0.631
9606.ENSP00000258962	9606.ENSP00000307863	SRSF1	U2AF2	9606	0.963	0	0	0	0	0.423	0.8	0.709
9606.ENSP00000258962	9606.ENSP00000364289	SRSF1	NCBP1	9606	0.953	0	0	0	0	0.853	0.5	0.419
9606.ENSP00000258962	9606.ENSP00000244020	SRSF1	SRSF6	9606	0.946	0	0	0	0	0.697	0.8	0.189
9606.ENSP00000258962	9606.ENSP00000221494	SRSF1	SF3A2	9606	0.943	0	0	0	0	0.939	0	0.086
9606.ENSP00000258962	9606.ENSP00000352252	SRSF1	H3C12	9606	0.943	0	0	0	0	0	0	0.943
9606.ENSP00000258962	9606.ENSP00000420195	SRSF1	SRSF10	9606	0.939	0	0	0	0	0.734	0.4	0.653
9606.ENSP00000258962	9606.ENSP00000362900	SRSF1	SRSF4	9606	0.935	0	0	0	0	0.677	0.8	0.085
9606.ENSP00000258962	9606.ENSP00000291552	SRSF1	U2AF1	9606	0.917	0	0	0	0	0.483	0	0.847
9606.ENSP00000258962	9606.ENSP00000436679	SRSF1	NXF1	9606	0.913	0	0	0	0	0.483	0	0.839
9606.ENSP00000258962	9606.ENSP00000266735	SRSF1	SNRPF	9606	0.91	0	0	0	0	0.905	0	0.092
9606.ENSP00000258962	9606.ENSP00000370114	SRSF1	PSIP1	9606	0.908	0	0	0	0	0.292	0	0.876
9606.ENSP00000258962	9606.ENSP00000360532	SRSF1	CDC5L	9606	0.907	0	0	0	0	0.907	0	0
9606.ENSP00000258962	9606.ENSP00000254810	SRSF1	H3-3B	9606	0.906	0	0	0	0	0	0	0.906
9606.ENSP00000258962	9606.ENSP00000326806	SRSF1	NCBP2	9606	0.899	0	0	0	0	0.807	0.5	0
9606.ENSP00000258962	9606.ENSP00000246071	SRSF1	SNRPB2	9606	0.89	0	0	0	0	0.813	0	0.433
9606.ENSP00000258962	9606.ENSP00000296215	SRSF1	SNIP1	9606	0.886	0	0	0	0	0.886	0	0
9606.ENSP00000258962	9606.ENSP00000392094	SRSF1	EFTUD2	9606	0.88	0	0	0	0	0.841	0	0.273
9606.ENSP00000258962	9606.ENSP00000296702	SRSF1	TCERG1	9606	0.876	0	0	0	0	0.876	0	0
9606.ENSP00000258962	9606.ENSP00000452123	SRSF1	SRSF5	9606	0.874	0	0	0	0	0.397	0.8	0
9606.ENSP00000258962	9606.ENSP00000342374	SRSF1	SNRPD2	9606	0.868	0	0	0	0	0.868	0	0
9606.ENSP00000258962	9606.ENSP00000460348	SRSF1	PRPF8	9606	0.866	0	0	0	0	0.82	0	0.288
9606.ENSP00000258962	9606.ENSP00000215829	SRSF1	SNRPD3	9606	0.857	0	0	0	0	0.836	0	0.166
9606.ENSP00000258962	9606.ENSP00000215793	SRSF1	SF3A1	9606	0.855	0	0	0	0	0.843	0	0.11
9606.ENSP00000258962	9606.ENSP00000393388	SRSF1	SNRPG	9606	0.852	0	0	0	0	0.844	0	0.094
9606.ENSP00000258962	9606.ENSP00000305790	SRSF1	SF3B3	9606	0.847	0	0	0	0	0.846	0	0
9606.ENSP00000258962	9606.ENSP00000335321	SRSF1	SF3B1	9606	0.844	0	0	0	0	0.843	0	0
9606.ENSP00000258962	9606.ENSP00000318861	SRSF1	SF3B2	9606	0.842	0	0	0	0	0.826	0	0.13
9606.ENSP00000258962	9606.ENSP00000359988	SRSF1	SRSF11	9606	0.839	0	0	0	0	0.23	0.8	0
9606.ENSP00000258962	9606.ENSP00000326261	SRSF1	SRRM1	9606	0.838	0	0	0	0	0.826	0	0.109
9606.ENSP00000258962	9606.ENSP00000303015	SRSF1	ZRSR2	9606	0.838	0	0	0	0	0.225	0.8	0
9606.ENSP00000258962	9606.ENSP00000412566	SRSF1	SNRPB	9606	0.837	0	0	0	0	0.837	0	0
9606.ENSP00000258962	9606.ENSP00000400591	SRSF1	SNRPE	9606	0.836	0	0	0	0	0.836	0	0
9606.ENSP00000258962	9606.ENSP00000317123	SRSF1	SNRNP200	9606	0.834	0	0	0	0	0.834	0	0
9606.ENSP00000258962	9606.ENSP00000254193	SRSF1	SNRPA1	9606	0.834	0	0	0	0	0.834	0	0
9606.ENSP00000258962	9606.ENSP00000300413	SRSF1	SNRPD1	9606	0.828	0	0	0	0	0.828	0	0
9606.ENSP00000258962	9606.ENSP00000416959	SRSF1	TRA2B	9606	0.826	0	0	0	0	0.697	0.4	0.123
9606.ENSP00000258962	9606.ENSP00000451129	SRSF1	SNW1	9606	0.818	0	0	0	0	0.818	0	0
9606.ENSP00000258962	9606.ENSP00000216277	SRSF1	PAPOLA	9606	0.815	0	0	0	0	0	0.8	0.116
9606.ENSP00000258962	9606.ENSP00000348056	SRSF1	UBE2I	9606	0.814	0	0	0	0	0.292	0	0.748
9606.ENSP00000258962	9606.ENSP00000362110	SRSF1	SF3A3	9606	0.813	0	0	0	0	0.813	0	0
9606.ENSP00000258962	9606.ENSP00000216727	SRSF1	PABPN1	9606	0.809	0	0	0	0	0.086	0.8	0
9606.ENSP00000258962	9606.ENSP00000463982	SRSF1	YTHDC1	9606	0.807	0	0	0	0	0	0	0.807
9606.ENSP00000258962	9606.ENSP00000271628	SRSF1	SF3B4	9606	0.803	0	0	0	0	0.803	0	0
9606.ENSP00000258962	9606.ENSP00000216252	SRSF1	PHF5A	9606	0.803	0	0	0	0	0.803	0	0
9606.ENSP00000258962	9606.ENSP00000356541	SRSF1	SF3B5	9606	0.803	0	0	0	0	0.803	0	0
9606.ENSP00000258962	9606.ENSP00000469468	SRSF1	LSM4	9606	0.801	0	0	0	0	0.8	0	0.046
9606.ENSP00000258962	9606.ENSP00000351492	SRSF1	UBL5	9606	0.8	0	0	0	0	0.8	0	0
9606.ENSP00000258962	9606.ENSP00000233468	SRSF1	SF3B6	9606	0.8	0	0	0	0	0.8	0	0
9606.ENSP00000258962	9606.ENSP00000267812	SRSF1	MFAP1	9606	0.8	0	0	0	0	0.8	0	0
9606.ENSP00000258962	9606.ENSP00000424417	SRSF1	PLRG1	9606	0.8	0	0	0	0	0.8	0	0
9606.ENSP00000258962	9606.ENSP00000261167	SRSF1	WBP11	9606	0.8	0	0	0	0	0.8	0	0
9606.ENSP00000258962	9606.ENSP00000357928	SRSF1	CDC40	9606	0.8	0	0	0	0	0	0.8	0
9606.ENSP00000258962	9606.ENSP00000296581	SRSF1	LSM6	9606	0.8	0	0	0	0	0.8	0	0
9606.ENSP00000258962	9606.ENSP00000257181	SRSF1	PRPF38A	9606	0.8	0	0	0	0	0.8	0	0
9606.ENSP00000258962	9606.ENSP00000297151	SRSF1	SLU7	9606	0.8	0	0	0	0	0	0.8	0
9606.ENSP00000258962	9606.ENSP00000302160	SRSF1	LSM3	9606	0.8	0	0	0	0	0.8	0	0
9606.ENSP00000258962	9606.ENSP00000386023	SRSF1	BUD31	9606	0.8	0	0	0	0	0.8	0	0
9606.ENSP00000258962	9606.ENSP00000364813	SRSF1	LSM2	9606	0.8	0	0	0	0	0.8	0	0
9606.ENSP00000258962	9606.ENSP00000410758	SRSF1	LSM5	9606	0.8	0	0	0	0	0.8	0	0
9606.ENSP00000258962	9606.ENSP00000475615	SRSF1	CWC15	9606	0.8	0	0	0	0	0.8	0	0
9606.ENSP00000258962	9606.ENSP00000268482	SRSF1	DHX38	9606	0.8	0	0	0	0	0	0.8	0
9606.ENSP00000258962	9606.ENSP00000252622	SRSF1	LSM7	9606	0.8	0	0	0	0	0.8	0	0
9606.ENSP00000258962	9606.ENSP00000199814	SRSF1	RBM22	9606	0.8	0	0	0	0	0.8	0	0
9606.ENSP00000258962	9606.ENSP00000249299	SRSF1	LSM8	9606	0.8	0	0	0	0	0.8	0	0
9606.ENSP00000258962	9606.ENSP00000274712	SRSF1	ZMAT2	9606	0.8	0	0	0	0	0.8	0	0
9606.ENSP00000258962	9606.ENSP00000263694	SRSF1	SNRNP40	9606	0.8	0	0	0	0	0.8	0	0
9606.ENSP00000258962	9606.ENSP00000499501	SRSF1	H3-2	9606	0.794	0	0	0	0	0	0	0.794
9606.ENSP00000258962	9606.ENSP00000333277	SRSF1	H3C13	9606	0.794	0	0	0	0	0	0	0.794
9606.ENSP00000258962	9606.ENSP00000355657	SRSF1	H3-4	9606	0.794	0	0	0	0	0	0	0.794
9606.ENSP00000258962	9606.ENSP00000339835	SRSF1	H3-5	9606	0.794	0	0	0	0	0	0	0.794
9606.ENSP00000258962	9606.ENSP00000360525	SRSF1	MAGOH	9606	0.767	0	0	0	0	0.734	0	0.163
9606.ENSP00000258962	9606.ENSP00000269305	SRSF1	TP53	9606	0.765	0	0	0	0	0.292	0	0.682
9606.ENSP00000258962	9606.ENSP00000346453	SRSF1	IPO4	9606	0.743	0	0	0	0	0	0	0.743
9606.ENSP00000258962	9606.ENSP00000438574	SRSF1	PIAS1	9606	0.74	0	0	0	0	0.292	0	0.649
9606.ENSP00000258962	9606.ENSP00000362931	SRSF1	SRPK1	9606	0.736	0	0	0	0	0.46	0	0.532
9606.ENSP00000258962	9606.ENSP00000463058	SRSF1	RBM8A	9606	0.734	0	0	0	0	0.734	0	0
9606.ENSP00000258962	9606.ENSP00000497641	SRSF1	EIF4A3	9606	0.734	0	0	0	0	0.734	0	0
9606.ENSP00000258962	9606.ENSP00000349428	SRSF1	PTBP1	9606	0.727	0	0	0	0	0	0.4	0.565
9606.ENSP00000258962	9606.ENSP00000421592	SRSF1	ALYREF	9606	0.719	0	0	0	0	0.616	0	0.299
9606.ENSP00000259915	9606.ENSP00000323588	POU5F1	SOX2	9606	0.999	0	0	0	0	0.95	0.8	0.982
9606.ENSP00000259915	9606.ENSP00000495360	POU5F1	CTNNB1	9606	0.996	0	0	0	0	0.457	0.8	0.972
9606.ENSP00000259915	9606.ENSP00000229307	POU5F1	NANOG	9606	0.991	0	0	0	0	0.422	0.9	0.86
9606.ENSP00000259915	9606.ENSP00000351446	POU5F1	WDR5	9606	0.98	0	0	0	0	0.292	0	0.974
9606.ENSP00000259915	9606.ENSP00000217086	POU5F1	SALL4	9606	0.978	0	0	0	0	0.457	0.8	0.813
9606.ENSP00000259915	9606.ENSP00000320171	POU5F1	PKM	9606	0.943	0	0	0	0	0	0	0.943
9606.ENSP00000259915	9606.ENSP00000297316	POU5F1	SOX17	9606	0.933	0	0	0	0	0.292	0	0.909
9606.ENSP00000259915	9606.ENSP00000332973	POU5F1	SMAD3	9606	0.931	0	0	0	0	0.292	0.8	0.553
9606.ENSP00000259915	9606.ENSP00000419298	POU5F1	POU5F1B	9606	0.9	0	0	0	0	0	0.9	0
9606.ENSP00000259915	9606.ENSP00000443017	POU5F1	H4-16	9606	0.869	0	0	0	0	0.8	0	0.373
9606.ENSP00000259915	9606.ENSP00000244537	POU5F1	H4C6	9606	0.867	0	0	0	0	0.8	0	0.367
9606.ENSP00000259915	9606.ENSP00000262160	POU5F1	SMAD2	9606	0.847	0	0	0	0	0	0.5	0.707
9606.ENSP00000259915	9606.ENSP00000244745	POU5F1	SOX4	9606	0.844	0	0	0	0	0	0	0.844
9606.ENSP00000259915	9606.ENSP00000264657	POU5F1	STAT3	9606	0.826	0	0	0	0	0	0.7	0.446
9606.ENSP00000259915	9606.ENSP00000363804	POU5F1	KLF4	9606	0.811	0	0	0	0	0	0.8	0.098
9606.ENSP00000259915	9606.ENSP00000494538	POU5F1	CTCF	9606	0.804	0	0	0	0	0.292	0	0.735
9606.ENSP00000259915	9606.ENSP00000479106	POU5F1	H4C1	9606	0.8	0	0	0	0	0.8	0	0
9606.ENSP00000259915	9606.ENSP00000484789	POU5F1	H4C5	9606	0.8	0	0	0	0	0.8	0	0
9606.ENSP00000259915	9606.ENSP00000462355	POU5F1	H4C15	9606	0.8	0	0	0	0	0.8	0	0
9606.ENSP00000259915	9606.ENSP00000276594	POU5F1	PRDM14	9606	0.8	0	0	0	0	0	0.8	0
9606.ENSP00000259915	9606.ENSP00000489236	POU5F1	H4C8	9606	0.8	0	0	0	0	0.8	0	0
9606.ENSP00000259915	9606.ENSP00000484095	POU5F1	H3C7	9606	0.8	0	0	0	0	0.8	0	0
9606.ENSP00000259915	9606.ENSP00000347168	POU5F1	H4C11	9606	0.8	0	0	0	0	0.8	0	0
9606.ENSP00000259915	9606.ENSP00000358160	POU5F1	H3C10	9606	0.8	0	0	0	0	0.8	0	0
9606.ENSP00000259915	9606.ENSP00000481486	POU5F1	H4C9	9606	0.8	0	0	0	0	0.8	0	0
9606.ENSP00000259915	9606.ENSP00000484638	POU5F1	H3C8	9606	0.8	0	0	0	0	0.8	0	0
9606.ENSP00000259915	9606.ENSP00000458879	POU5F1	ZSCAN10	9606	0.8	0	0	0	0	0	0.8	0
9606.ENSP00000259915	9606.ENSP00000489282	POU5F1	H3C6	9606	0.8	0	0	0	0	0.8	0	0
9606.ENSP00000259915	9606.ENSP00000352252	POU5F1	H3C12	9606	0.8	0	0	0	0	0.8	0	0
9606.ENSP00000259915	9606.ENSP00000303373	POU5F1	H2AC8	9606	0.8	0	0	0	0	0.8	0	0
9606.ENSP00000259915	9606.ENSP00000405890	POU5F1	PBX1	9606	0.8	0	0	0	0	0	0.8	0
9606.ENSP00000259915	9606.ENSP00000479794	POU5F1	H4C12	9606	0.8	0	0	0	0	0.8	0	0
9606.ENSP00000259915	9606.ENSP00000483283	POU5F1	H3C11	9606	0.8	0	0	0	0	0.8	0	0
9606.ENSP00000259915	9606.ENSP00000462667	POU5F1	H4C14	9606	0.8	0	0	0	0	0.8	0	0
9606.ENSP00000259915	9606.ENSP00000476136	POU5F1	H2BC11	9606	0.8	0	0	0	0	0.8	0	0
9606.ENSP00000259915	9606.ENSP00000366534	POU5F1	FOXH1	9606	0.8	0	0	0	0	0	0.8	0
9606.ENSP00000259915	9606.ENSP00000483842	POU5F1	H2AC4	9606	0.8	0	0	0	0	0.8	0	0
9606.ENSP00000259915	9606.ENSP00000484803	POU5F1	FOXP1	9606	0.8	0	0	0	0	0	0.8	0
9606.ENSP00000259915	9606.ENSP00000484841	POU5F1	H3C2	9606	0.8	0	0	0	0	0.8	0	0
9606.ENSP00000259915	9606.ENSP00000247219	POU5F1	TBPL2	9606	0.8	0	0	0	0	0	0.8	0
9606.ENSP00000259915	9606.ENSP00000366999	POU5F1	H3C4	9606	0.8	0	0	0	0	0.8	0	0
9606.ENSP00000259915	9606.ENSP00000480826	POU5F1	H3C1	9606	0.8	0	0	0	0	0.8	0	0
9606.ENSP00000259915	9606.ENSP00000480960	POU5F1	H4C13	9606	0.8	0	0	0	0	0.8	0	0
9606.ENSP00000259915	9606.ENSP00000367034	POU5F1	H4C3	9606	0.8	0	0	0	0	0.8	0	0
9606.ENSP00000259915	9606.ENSP00000366974	POU5F1	H4C2	9606	0.8	0	0	0	0	0.8	0	0
9606.ENSP00000259915	9606.ENSP00000479461	POU5F1	H4C4	9606	0.8	0	0	0	0	0.8	0	0
9606.ENSP00000259915	9606.ENSP00000484658	POU5F1	H3C3	9606	0.8	0	0	0	0	0.8	0	0
9606.ENSP00000259915	9606.ENSP00000263734	POU5F1	EPAS1	9606	0.79	0	0	0	0	0	0	0.79
9606.ENSP00000259915	9606.ENSP00000262238	POU5F1	YY1	9606	0.765	0	0	0	0	0	0	0.765
9606.ENSP00000259915	9606.ENSP00000378402	POU5F1	SIN3A	9606	0.762	0	0	0	0	0.292	0	0.678
9606.ENSP00000259915	9606.ENSP00000360157	POU5F1	FOXD3	9606	0.751	0	0	0	0	0.292	0	0.663
9606.ENSP00000259915	9606.ENSP00000362649	POU5F1	HDAC1	9606	0.75	0	0	0	0	0	0	0.75
9606.ENSP00000259915	9606.ENSP00000294740	POU5F1	ZNF281	9606	0.743	0	0	0	0	0.292	0	0.652
9606.ENSP00000259915	9606.ENSP00000478927	POU5F1	YAP1	9606	0.734	0	0	0	0	0	0	0.734
9606.ENSP00000259915	9606.ENSP00000500595	POU5F1	OTX2	9606	0.713	0	0	0	0	0.292	0	0.612
9606.ENSP00000261497	9606.ENSP00000397259	USP22	ATXN7L3	9606	0.998	0	0	0	0	0.726	0.9	0.964
9606.ENSP00000261497	9606.ENSP00000429986	USP22	ENY2	9606	0.997	0	0	0	0	0.661	0.9	0.923
9606.ENSP00000261497	9606.ENSP00000295900	USP22	ATXN7	9606	0.993	0	0	0	0	0.712	0.8	0.889
9606.ENSP00000261497	9606.ENSP00000225916	USP22	KAT2A	9606	0.973	0	0	0	0	0.654	0.9	0.297
9606.ENSP00000261497	9606.ENSP00000352925	USP22	TRRAP	9606	0.97	0	0	0	0	0.72	0.9	0
9606.ENSP00000261497	9606.ENSP00000316114	USP22	SGF29	9606	0.97	0	0	0	0	0.685	0.9	0.126
9606.ENSP00000261497	9606.ENSP00000360515	USP22	SUPT3H	9606	0.969	0	0	0	0	0.706	0.9	0
9606.ENSP00000261497	9606.ENSP00000299424	USP22	TAF10	9606	0.967	0	0	0	0	0.637	0.9	0.182
9606.ENSP00000261497	9606.ENSP00000294168	USP22	TAF6L	9606	0.964	0	0	0	0	0.632	0.9	0.11
9606.ENSP00000261497	9606.ENSP00000258281	USP22	TAF5L	9606	0.964	0	0	0	0	0.663	0.9	0
9606.ENSP00000261497	9606.ENSP00000263974	USP22	TAF12	9606	0.963	0	0	0	0	0.6	0.9	0.162
9606.ENSP00000261497	9606.ENSP00000307684	USP22	TADA3	9606	0.963	0	0	0	0	0.652	0.9	0
9606.ENSP00000261497	9606.ENSP00000439585	USP22	ATXN7-2	9606	0.962	0	0	0	0	0.327	0.54	0.889
9606.ENSP00000261497	9606.ENSP00000356848	USP22	TADA1	9606	0.96	0	0	0	0	0.625	0.9	0
9606.ENSP00000261497	9606.ENSP00000370193	USP22	TAF9	9606	0.957	0	0	0	0	0.594	0.9	0
9606.ENSP00000261497	9606.ENSP00000263754	USP22	KAT2B	9606	0.956	0	0	0	0	0.562	0.9	0.092
9606.ENSP00000261497	9606.ENSP00000336750	USP22	SUPT7L	9606	0.956	0	0	0	0	0.581	0.9	0
9606.ENSP00000261497	9606.ENSP00000339917	USP22	TAF9B	9606	0.956	0	0	0	0	0.586	0.9	0
9606.ENSP00000261497	9606.ENSP00000399982	USP22	TAF6	9606	0.941	0	0	0	0	0.36	0.9	0.161
9606.ENSP00000261497	9606.ENSP00000417510	USP22	SUPT20H	9606	0.939	0	0	0	0	0.708	0.8	0
9606.ENSP00000261497	9606.ENSP00000481091	USP22	TADA2A	9606	0.936	0	0	0	0	0.391	0.9	0
9606.ENSP00000261497	9606.ENSP00000358854	USP22	TAF5	9606	0.929	0	0	0	0	0.324	0.9	0
9606.ENSP00000261497	9606.ENSP00000308022	USP22	TADA2B	9606	0.904	0	0	0	0	0.541	0.8	0
9606.ENSP00000261497	9606.ENSP00000367406	USP22	TAF2	9606	0.9	0	0	0	0	0	0.9	0
9606.ENSP00000261497	9606.ENSP00000312709	USP22	TAF7	9606	0.9	0	0	0	0	0	0.9	0
9606.ENSP00000261497	9606.ENSP00000252996	USP22	TAF4	9606	0.9	0	0	0	0	0	0.9	0
9606.ENSP00000261497	9606.ENSP00000350333	USP22	SAP130	9606	0.8	0	0	0	0	0	0.8	0
9606.ENSP00000261497	9606.ENSP00000332194	USP22	H2AC20	9606	0.729	0	0	0	0	0.294	0.5	0.295
9606.ENSP00000261497	9606.ENSP00000358151	USP22	H2BC21	9606	0.727	0	0	0	0	0.292	0.5	0.291
9606.ENSP00000261497	9606.ENSP00000359295	USP22	DR1	9606	0.72	0	0	0	0	0	0.72	0
9606.ENSP00000261497	9606.ENSP00000351446	USP22	WDR5	9606	0.72	0	0	0	0	0	0.72	0
9606.ENSP00000261497	9606.ENSP00000399718	USP22	MBIP	9606	0.72	0	0	0	0	0	0.72	0
9606.ENSP00000261497	9606.ENSP00000306983	USP22	YEATS2	9606	0.72	0	0	0	0	0	0.72	0
9606.ENSP00000261497	9606.ENSP00000420176	USP22	POLE4	9606	0.72	0	0	0	0	0	0.72	0
9606.ENSP00000261497	9606.ENSP00000363286	USP22	POLE3	9606	0.72	0	0	0	0	0	0.72	0
9606.ENSP00000261497	9606.ENSP00000358335	USP22	MAP3K7	9606	0.72	0	0	0	0	0	0.72	0
9606.ENSP00000261497	9606.ENSP00000359837	USP22	ZZZ3	9606	0.72	0	0	0	0	0	0.72	0
9606.ENSP00000261497	9606.ENSP00000392318	USP22	KAT14	9606	0.72	0	0	0	0	0	0.72	0
9606.ENSP00000262241	9606.ENSP00000398824	RCOR1	PHF21A	9606	0.999	0	0	0	0	0.583	0.9	0.981
9606.ENSP00000262241	9606.ENSP00000383042	RCOR1	KDM1A	9606	0.999	0	0	0	0	0.975	0.9	0.986
9606.ENSP00000262241	9606.ENSP00000362649	RCOR1	HDAC1	9606	0.998	0	0	0	0	0.457	0.8	0.984
9606.ENSP00000262241	9606.ENSP00000430432	RCOR1	HDAC2	9606	0.998	0	0	0	0	0.457	0.8	0.984
9606.ENSP00000262241	9606.ENSP00000328269	RCOR1	HMG20B	9606	0.998	0	0	0	0	0.652	0.8	0.979
9606.ENSP00000262241	9606.ENSP00000311816	RCOR1	REST	9606	0.997	0	0	0	0	0.457	0.8	0.982
9606.ENSP00000262241	9606.ENSP00000378402	RCOR1	SIN3A	9606	0.996	0	0	0	0	0	0.8	0.985
9606.ENSP00000262241	9606.ENSP00000290921	RCOR1	CTBP1	9606	0.992	0	0	0	0	0.555	0	0.983
9606.ENSP00000262241	9606.ENSP00000360526	RCOR1	ZNF217	9606	0.985	0	0	0	0	0.578	0	0.966
9606.ENSP00000262241	9606.ENSP00000395535	RCOR1	MECP2	9606	0.985	0	0	0	0	0.292	0	0.981
9606.ENSP00000262241	9606.ENSP00000268712	RCOR1	NCOR1	9606	0.964	0	0	0	0	0	0	0.964
9606.ENSP00000262241	9606.ENSP00000379078	RCOR1	EHMT2	9606	0.929	0	0	0	0	0	0	0.929
9606.ENSP00000262241	9606.ENSP00000244050	RCOR1	SNAI1	9606	0.904	0	0	0	0	0.618	0	0.759
9606.ENSP00000262241	9606.ENSP00000013807	RCOR1	ERCC1	9606	0.9	0	0	0	0	0	0.9	0
9606.ENSP00000262241	9606.ENSP00000472445	RCOR1	POLD1	9606	0.9	0	0	0	0	0	0.9	0
9606.ENSP00000262241	9606.ENSP00000234420	RCOR1	MSH6	9606	0.9	0	0	0	0	0	0.9	0
9606.ENSP00000262241	9606.ENSP00000265038	RCOR1	ERCC8	9606	0.9	0	0	0	0	0	0.9	0
9606.ENSP00000262241	9606.ENSP00000300145	RCOR1	ATP23	9606	0.9	0	0	0	0	0	0.9	0
9606.ENSP00000262241	9606.ENSP00000285021	RCOR1	XPC	9606	0.9	0	0	0	0	0	0.9	0
9606.ENSP00000262241	9606.ENSP00000352257	RCOR1	XRCC6	9606	0.9	0	0	0	0	0	0.9	0
9606.ENSP00000262241	9606.ENSP00000360682	RCOR1	PAXX	9606	0.9	0	0	0	0	0	0.9	0
9606.ENSP00000262241	9606.ENSP00000350708	RCOR1	RAD23B	9606	0.9	0	0	0	0	0	0.9	0
9606.ENSP00000262241	9606.ENSP00000498881	RCOR1	ERCC5	9606	0.9	0	0	0	0	0	0.9	0
9606.ENSP00000262241	9606.ENSP00000310520	RCOR1	ERCC4	9606	0.9	0	0	0	0	0	0.9	0
9606.ENSP00000262241	9606.ENSP00000484288	RCOR1	LIG4	9606	0.9	0	0	0	0	0	0.9	0
9606.ENSP00000262241	9606.ENSP00000359300	RCOR1	CETN2	9606	0.9	0	0	0	0	0	0.9	0
9606.ENSP00000262241	9606.ENSP00000382218	RCOR1	ZSWIM7	9606	0.9	0	0	0	0	0	0.9	0
9606.ENSP00000262241	9606.ENSP00000367527	RCOR1	DCLRE1C	9606	0.9	0	0	0	0	0	0.9	0
9606.ENSP00000262241	9606.ENSP00000313420	RCOR1	PRKDC	9606	0.9	0	0	0	0	0	0.9	0
9606.ENSP00000262241	9606.ENSP00000233146	RCOR1	MSH2	9606	0.9	0	0	0	0	0	0.9	0
9606.ENSP00000262241	9606.ENSP00000349313	RCOR1	NHEJ1	9606	0.9	0	0	0	0	0	0.9	0
9606.ENSP00000262241	9606.ENSP00000278616	RCOR1	ATM	9606	0.9	0	0	0	0	0	0.9	0
9606.ENSP00000262241	9606.ENSP00000421491	RCOR1	XRCC4	9606	0.9	0	0	0	0	0	0.9	0
9606.ENSP00000262241	9606.ENSP00000375978	RCOR1	XRCC5	9606	0.9	0	0	0	0	0	0.9	0
9606.ENSP00000262241	9606.ENSP00000310008	RCOR1	SWSAP1	9606	0.9	0	0	0	0	0	0.9	0
9606.ENSP00000262241	9606.ENSP00000344782	RCOR1	GFI1B	9606	0.878	0	0	0	0	0.292	0	0.836
9606.ENSP00000262241	9606.ENSP00000253458	RCOR1	GSE1	9606	0.869	0	0	0	0	0.477	0	0.76
9606.ENSP00000262241	9606.ENSP00000312631	RCOR1	INSM1	9606	0.865	0	0	0	0	0.8	0	0.356
9606.ENSP00000262241	9606.ENSP00000311825	RCOR1	CTBP2	9606	0.863	0	0	0	0	0.545	0	0.712
9606.ENSP00000262241	9606.ENSP00000336687	RCOR1	CBX3	9606	0.847	0	0	0	0	0	0	0.847
9606.ENSP00000262241	9606.ENSP00000394757	RCOR1	ZNF516	9606	0.842	0	0	0	0	0.538	0	0.673
9606.ENSP00000262241	9606.ENSP00000356233	RCOR1	KDM5B	9606	0.835	0	0	0	0	0.292	0	0.777
9606.ENSP00000262241	9606.ENSP00000479904	RCOR1	ZMYM2	9606	0.819	0	0	0	0	0.579	0	0.589
9606.ENSP00000262241	9606.ENSP00000378235	RCOR1	SFMBT1	9606	0.79	0	0	0	0	0.636	0	0.449
9606.ENSP00000262241	9606.ENSP00000278823	RCOR1	MTA2	9606	0.782	0	0	0	0	0	0.5	0.582
9606.ENSP00000262241	9606.ENSP00000371133	RCOR1	HMG20A	9606	0.777	0	0	0	0	0.635	0	0.415
9606.ENSP00000262241	9606.ENSP00000413929	RCOR1	RCOR3	9606	0.739	0	0	0	0	0.637	0	0.313
9606.ENSP00000262241	9606.ENSP00000261884	RCOR1	TRIP4	9606	0.734	0	0	0	0	0.734	0	0
9606.ENSP00000262241	9606.ENSP00000237380	RCOR1	MED28	9606	0.734	0	0	0	0	0.734	0	0
9606.ENSP00000262241	9606.ENSP00000224950	RCOR1	STN1	9606	0.734	0	0	0	0	0.734	0	0
9606.ENSP00000262241	9606.ENSP00000363193	RCOR1	MED12	9606	0.734	0	0	0	0	0.734	0	0
9606.ENSP00000262241	9606.ENSP00000265081	RCOR1	MSH3	9606	0.72	0	0	0	0	0	0.72	0
9606.ENSP00000262241	9606.ENSP00000362592	RCOR1	RBBP4	9606	0.705	0	0	0	0	0	0.5	0.435
9606.ENSP00000262519	9606.ENSP00000351446	SETD1A	WDR5	9606	0.999	0	0	0	0	0.969	0.9	0.961
9606.ENSP00000262519	9606.ENSP00000390475	SETD1A	CXXC1	9606	0.999	0	0	0	0	0.817	0.9	0.957
9606.ENSP00000262519	9606.ENSP00000340896	SETD1A	ASH2L	9606	0.999	0	0	0	0	0.768	0.9	0.976
9606.ENSP00000262519	9606.ENSP00000264515	SETD1A	RBBP5	9606	0.999	0	0	0	0	0.727	0.9	0.98
9606.ENSP00000262519	9606.ENSP00000296490	SETD1A	WDR82	9606	0.999	0	0	0	0	0.674	0.9	0.979
9606.ENSP00000262519	9606.ENSP00000474253	SETD1A	SETD1B	9606	0.997	0	0	0	0	0.476	0.9	0.948
9606.ENSP00000262519	9606.ENSP00000309555	SETD1A	HCFC1	9606	0.994	0	0	0	0	0.476	0.9	0.905
9606.ENSP00000262519	9606.ENSP00000345837	SETD1A	DPY30	9606	0.993	0	0	0	0	0.705	0.9	0.793
9606.ENSP00000262519	9606.ENSP00000262189	SETD1A	KMT2C	9606	0.964	0	0	0	0	0.32	0	0.95
9606.ENSP00000262519	9606.ENSP00000495360	SETD1A	CTNNB1	9606	0.924	0	0	0	0	0	0	0.924
9606.ENSP00000262519	9606.ENSP00000040738	SETD1A	BOD1L1	9606	0.864	0	0	0	0	0.607	0.54	0.313
9606.ENSP00000262519	9606.ENSP00000370542	SETD1A	SDC1	9606	0.836	0	0	0	0	0	0	0.836
9606.ENSP00000262519	9606.ENSP00000436786	SETD1A	KMT2A	9606	0.832	0	0	0	0	0.318	0	0.765
9606.ENSP00000262519	9606.ENSP00000229330	SETD1A	HCFC2	9606	0.75	0	0	0	0	0.479	0.54	0
9606.ENSP00000263253	9606.ENSP00000444198	EP300	CITED2	9606	0.999	0	0	0	0	0.943	0.5	0.98
9606.ENSP00000263253	9606.ENSP00000437955	EP300	HIF1A	9606	0.999	0	0	0	0	0.96	0.9	0.982
9606.ENSP00000263253	9606.ENSP00000269305	EP300	TP53	9606	0.999	0	0	0	0	0.964	0.5	0.982
9606.ENSP00000263253	9606.ENSP00000263754	EP300	KAT2B	9606	0.998	0	0	0	0	0.457	0.9	0.982
9606.ENSP00000263253	9606.ENSP00000387699	EP300	CREB1	9606	0.998	0	0	0	0	0.457	0.8	0.983
9606.ENSP00000263253	9606.ENSP00000361066	EP300	NCOA3	9606	0.998	0	0	0	0	0.618	0.8	0.982
9606.ENSP00000263253	9606.ENSP00000262367	EP300	CREBBP	9606	0.998	0	0	0	0	0.457	0.9	0.982
9606.ENSP00000263253	9606.ENSP00000351407	EP300	ARNT	9606	0.997	0	0	0	0	0.457	0.8	0.974
9606.ENSP00000263253	9606.ENSP00000471896	EP300	IRF3	9606	0.997	0	0	0	0	0.607	0.7	0.981
9606.ENSP00000263253	9606.ENSP00000385216	EP300	NCOA1	9606	0.995	0	0	0	0	0.457	0.8	0.965
9606.ENSP00000263253	9606.ENSP00000332973	EP300	SMAD3	9606	0.994	0	0	0	0	0.457	0.5	0.982
9606.ENSP00000263253	9606.ENSP00000292599	EP300	MAML1	9606	0.994	0	0	0	0	0.457	0.8	0.953
9606.ENSP00000263253	9606.ENSP00000495360	EP300	CTNNB1	9606	0.994	0	0	0	0	0.457	0.5	0.981
9606.ENSP00000263253	9606.ENSP00000329357	EP300	SP1	9606	0.993	0	0	0	0	0.457	0.8	0.944
9606.ENSP00000263253	9606.ENSP00000384273	EP300	RELA	9606	0.993	0	0	0	0	0.457	0.5	0.979
9606.ENSP00000263253	9606.ENSP00000360266	EP300	JUN	9606	0.993	0	0	0	0	0.618	0.5	0.969
9606.ENSP00000263253	9606.ENSP00000399968	EP300	NCOA2	9606	0.993	0	0	0	0	0.457	0.8	0.942
9606.ENSP00000263253	9606.ENSP00000262238	EP300	YY1	9606	0.992	0	0	0	0	0.457	0.8	0.938
9606.ENSP00000263253	9606.ENSP00000263734	EP300	EPAS1	9606	0.992	0	0	0	0	0.457	0.9	0.879
9606.ENSP00000263253	9606.ENSP00000325690	EP300	CARM1	9606	0.99	0	0	0	0	0.457	0.8	0.923
9606.ENSP00000263253	9606.ENSP00000264657	EP300	STAT3	9606	0.989	0	0	0	0	0.457	0	0.982
9606.ENSP00000263253	9606.ENSP00000379441	EP300	JMY	9606	0.988	0	0	0	0	0.457	0.8	0.906
9606.ENSP00000263253	9606.ENSP00000478887	EP300	MYC	9606	0.988	0	0	0	0	0.457	0	0.98
9606.ENSP00000263253	9606.ENSP00000258149	EP300	MDM2	9606	0.987	0	0	0	0	0.457	0	0.978
9606.ENSP00000263253	9606.ENSP00000258821	EP300	TTC5	9606	0.985	0	0	0	0	0.457	0.8	0.88
9606.ENSP00000263253	9606.ENSP00000226574	EP300	NFKB1	9606	0.982	0	0	0	0	0.457	0.5	0.941
9606.ENSP00000263253	9606.ENSP00000362649	EP300	HDAC1	9606	0.981	0	0	0	0	0.457	0	0.968
9606.ENSP00000263253	9606.ENSP00000453095	EP300	MEF2A	9606	0.978	0	0	0	0	0.943	0	0.642
9606.ENSP00000263253	9606.ENSP00000300305	EP300	RUNX1	9606	0.974	0	0	0	0	0.457	0.5	0.914
9606.ENSP00000263253	9606.ENSP00000406162	EP300	PRMT1	9606	0.974	0	0	0	0	0.457	0.8	0.785
9606.ENSP00000263253	9606.ENSP00000354394	EP300	STAT1	9606	0.974	0	0	0	0	0.457	0	0.955
9606.ENSP00000263253	9606.ENSP00000363377	EP300	FOXO4	9606	0.972	0	0	0	0	0.076	0.9	0.725
9606.ENSP00000263253	9606.ENSP00000225916	EP300	KAT2A	9606	0.971	0	0	0	0	0	0.9	0.731
9606.ENSP00000263253	9606.ENSP00000244537	EP300	H4C6	9606	0.97	0	0	0	0	0.943	0.5	0
9606.ENSP00000263253	9606.ENSP00000264867	EP300	PPARGC1A	9606	0.969	0	0	0	0	0.292	0.8	0.803
9606.ENSP00000263253	9606.ENSP00000339992	EP300	MYB	9606	0.969	0	0	0	0	0.457	0	0.946
9606.ENSP00000263253	9606.ENSP00000265165	EP300	LEF1	9606	0.968	0	0	0	0	0.292	0.9	0.586
9606.ENSP00000263253	9606.ENSP00000287820	EP300	PPARG	9606	0.968	0	0	0	0	0.483	0.5	0.887
9606.ENSP00000263253	9606.ENSP00000426983	EP300	CLOCK	9606	0.966	0	0	0	0	0.292	0	0.954
9606.ENSP00000263253	9606.ENSP00000365858	EP300	GATA1	9606	0.964	0	0	0	0	0.457	0.5	0.88
9606.ENSP00000263253	9606.ENSP00000305422	EP300	CEBPB	9606	0.96	0	0	0	0	0.457	0	0.93
9606.ENSP00000263253	9606.ENSP00000264110	EP300	ATF2	9606	0.96	0	0	0	0	0.457	0.8	0.665
9606.ENSP00000263253	9606.ENSP00000336790	EP300	ATF4	9606	0.959	0	0	0	0	0.457	0.9	0.312
9606.ENSP00000263253	9606.ENSP00000312987	EP300	HNF4A	9606	0.957	0	0	0	0	0	0	0.957
9606.ENSP00000263253	9606.ENSP00000341551	EP300	SMAD4	9606	0.956	0	0	0	0	0.457	0.5	0.853
9606.ENSP00000263253	9606.ENSP00000440864	EP300	NR4A1	9606	0.955	0	0	0	0	0.457	0	0.922
9606.ENSP00000263253	9606.ENSP00000401764	EP300	CITED1	9606	0.955	0	0	0	0	0.495	0.8	0.593
9606.ENSP00000263253	9606.ENSP00000339527	EP300	FOXO3	9606	0.95	0	0	0	0	0.476	0.5	0.825
9606.ENSP00000263253	9606.ENSP00000476136	EP300	H2BC11	9606	0.947	0	0	0	0	0.9	0.5	0
9606.ENSP00000263253	9606.ENSP00000349430	EP300	H2BC12	9606	0.947	0	0	0	0	0.9	0.5	0
9606.ENSP00000263253	9606.ENSP00000435712	EP300	GATA4	9606	0.943	0	0	0	0	0.457	0	0.9
9606.ENSP00000263253	9606.ENSP00000405330	EP300	ESR1	9606	0.941	0	0	0	0	0.49	0.5	0.788
9606.ENSP00000263253	9606.ENSP00000263377	EP300	BRD4	9606	0.941	0	0	0	0	0.457	0	0.897
9606.ENSP00000263253	9606.ENSP00000303373	EP300	H2AC8	9606	0.94	0	0	0	0	0.886	0.5	0
9606.ENSP00000263253	9606.ENSP00000245414	EP300	IRF1	9606	0.938	0	0	0	0	0.476	0	0.887
9606.ENSP00000263253	9606.ENSP00000284981	EP300	APP	9606	0.937	0	0	0	0	0	0	0.937
9606.ENSP00000263253	9606.ENSP00000486891	EP300	TCF7L2	9606	0.935	0	0	0	0	0.292	0.9	0.167
9606.ENSP00000263253	9606.ENSP00000434552	EP300	MAML2	9606	0.931	0	0	0	0	0.292	0.8	0.552
9606.ENSP00000263253	9606.ENSP00000384517	EP300	ARNTL	9606	0.93	0	0	0	0	0.292	0	0.906
9606.ENSP00000263253	9606.ENSP00000342307	EP300	FOXM1	9606	0.93	0	0	0	0	0.317	0.9	0.057
9606.ENSP00000263253	9606.ENSP00000261523	EP300	RORA	9606	0.926	0	0	0	0	0.292	0.9	0
9606.ENSP00000263253	9606.ENSP00000462667	EP300	H4C14	9606	0.926	0	0	0	0	0.926	0	0
9606.ENSP00000263253	9606.ENSP00000481486	EP300	H4C9	9606	0.926	0	0	0	0	0.926	0	0
9606.ENSP00000263253	9606.ENSP00000359531	EP300	GTF2B	9606	0.924	0	0	0	0	0.292	0	0.898
9606.ENSP00000263253	9606.ENSP00000362680	EP300	SRC	9606	0.919	0	0	0	0	0.292	0	0.891
9606.ENSP00000263253	9606.ENSP00000250003	EP300	MYOD1	9606	0.917	0	0	0	0	0.457	0	0.854
9606.ENSP00000263253	9606.ENSP00000343896	EP300	SMARCA4	9606	0.915	0	0	0	0	0.292	0	0.886
9606.ENSP00000263253	9606.ENSP00000418960	EP300	BRCA1	9606	0.914	0	0	0	0	0.457	0	0.849
9606.ENSP00000263253	9606.ENSP00000376436	EP300	ETS1	9606	0.911	0	0	0	0	0.457	0	0.843
9606.ENSP00000263253	9606.ENSP00000361721	EP300	CITED4	9606	0.91	0	0	0	0	0.292	0.5	0.768
9606.ENSP00000263253	9606.ENSP00000382800	EP300	RUNX3	9606	0.91	0	0	0	0	0.457	0.5	0.697
9606.ENSP00000263253	9606.ENSP00000368880	EP300	FOXO1	9606	0.908	0	0	0	0	0.476	0.5	0.679
9606.ENSP00000263253	9606.ENSP00000421180	EP300	MAML3	9606	0.906	0	0	0	0	0	0.8	0.551
9606.ENSP00000263253	9606.ENSP00000380697	EP300	IRF7	9606	0.903	0	0	0	0	0.317	0.7	0.567
9606.ENSP00000263253	9606.ENSP00000365804	EP300	HDAC6	9606	0.9	0	0	0	0	0.457	0	0.824
9606.ENSP00000263253	9606.ENSP00000480960	EP300	H4C13	9606	0.9	0	0	0	0	0.9	0	0
9606.ENSP00000263253	9606.ENSP00000489236	EP300	H4C8	9606	0.9	0	0	0	0	0.9	0	0
9606.ENSP00000263253	9606.ENSP00000462355	EP300	H4C15	9606	0.9	0	0	0	0	0.9	0	0
9606.ENSP00000263253	9606.ENSP00000340347	EP300	TCF7	9606	0.9	0	0	0	0	0	0.9	0
9606.ENSP00000263253	9606.ENSP00000282111	EP300	TCF7L1	9606	0.9	0	0	0	0	0	0.9	0
9606.ENSP00000263253	9606.ENSP00000443017	EP300	H4-16	9606	0.9	0	0	0	0	0.9	0	0
9606.ENSP00000263253	9606.ENSP00000347168	EP300	H4C11	9606	0.9	0	0	0	0	0.9	0	0
9606.ENSP00000263253	9606.ENSP00000318057	EP300	EGR3	9606	0.9	0	0	0	0	0	0.9	0
9606.ENSP00000263253	9606.ENSP00000242480	EP300	EGR2	9606	0.9	0	0	0	0	0	0.9	0
9606.ENSP00000263253	9606.ENSP00000479794	EP300	H4C12	9606	0.9	0	0	0	0	0.9	0	0
9606.ENSP00000263253	9606.ENSP00000366974	EP300	H4C2	9606	0.9	0	0	0	0	0.9	0	0
9606.ENSP00000263253	9606.ENSP00000367034	EP300	H4C3	9606	0.9	0	0	0	0	0.9	0	0
9606.ENSP00000263253	9606.ENSP00000479461	EP300	H4C4	9606	0.9	0	0	0	0	0.9	0	0
9606.ENSP00000263253	9606.ENSP00000484789	EP300	H4C5	9606	0.9	0	0	0	0	0.9	0	0
9606.ENSP00000263253	9606.ENSP00000479106	EP300	H4C1	9606	0.9	0	0	0	0	0.9	0	0
9606.ENSP00000263253	9606.ENSP00000307183	EP300	ING2	9606	0.9	0	0	0	0	0.292	0.8	0.351
9606.ENSP00000263253	9606.ENSP00000357622	EP300	CRTC2	9606	0.898	0	0	0	0	0.292	0.8	0.341
9606.ENSP00000263253	9606.ENSP00000378181	EP300	BRD7	9606	0.898	0	0	0	0	0.292	0.8	0.344
9606.ENSP00000263253	9606.ENSP00000352252	EP300	H3C12	9606	0.895	0	0	0	0	0.8	0.5	0
9606.ENSP00000263253	9606.ENSP00000227163	EP300	SPI1	9606	0.891	0	0	0	0	0	0.8	0.479
9606.ENSP00000263253	9606.ENSP00000368632	EP300	GATA3	9606	0.89	0	0	0	0	0.052	0.8	0.469
9606.ENSP00000263253	9606.ENSP00000311825	EP300	CTBP2	9606	0.89	0	0	0	0	0.592	0	0.743
9606.ENSP00000263253	9606.ENSP00000480826	EP300	H3C1	9606	0.886	0	0	0	0	0.886	0	0
9606.ENSP00000263253	9606.ENSP00000356840	EP300	POU2F1	9606	0.885	0	0	0	0	0	0.8	0.452
9606.ENSP00000263253	9606.ENSP00000262160	EP300	SMAD2	9606	0.883	0	0	0	0	0.457	0	0.794
9606.ENSP00000263253	9606.ENSP00000274255	EP300	SKP2	9606	0.876	0	0	0	0	0.457	0	0.782
9606.ENSP00000263253	9606.ENSP00000380252	EP300	NFE2L2	9606	0.873	0	0	0	0	0.292	0.7	0.451
9606.ENSP00000263253	9606.ENSP00000354487	EP300	ZEB1	9606	0.87	0	0	0	0	0.457	0	0.771
9606.ENSP00000263253	9606.ENSP00000388940	EP300	TCF12	9606	0.866	0	0	0	0	0.36	0.8	0
9606.ENSP00000263253	9606.ENSP00000364270	EP300	XPA	9606	0.863	0	0	0	0	0.292	0.8	0.115
9606.ENSP00000263253	9606.ENSP00000490767	EP300	ING5	9606	0.861	0	0	0	0	0.292	0.5	0.641
9606.ENSP00000263253	9606.ENSP00000230354	EP300	TBP	9606	0.861	0	0	0	0	0.292	0.5	0.641
9606.ENSP00000263253	9606.ENSP00000357000	EP300	USF1	9606	0.857	0	0	0	0	0.292	0.8	0.077
9606.ENSP00000263253	9606.ENSP00000271555	EP300	MEF2D	9606	0.855	0	0	0	0	0.457	0	0.744
9606.ENSP00000263253	9606.ENSP00000492024	EP300	PAX6	9606	0.855	0	0	0	0	0.292	0.8	0.062
9606.ENSP00000263253	9606.ENSP00000266744	EP300	ASCL1	9606	0.852	0	0	0	0	0.292	0.8	0
9606.ENSP00000263253	9606.ENSP00000494538	EP300	CTCF	9606	0.852	0	0	0	0	0.292	0.8	0
9606.ENSP00000263253	9606.ENSP00000370125	EP300	HMGN1	9606	0.852	0	0	0	0	0.292	0.8	0.043
9606.ENSP00000263253	9606.ENSP00000262965	EP300	TCF3	9606	0.85	0	0	0	0	0.457	0	0.736
9606.ENSP00000263253	9606.ENSP00000342136	EP300	CREB3	9606	0.848	0	0	0	0	0	0.8	0.275
9606.ENSP00000263253	9606.ENSP00000408617	EP300	HDAC9	9606	0.843	0	0	0	0	0	0	0.843
9606.ENSP00000263253	9606.ENSP00000222305	EP300	USF2	9606	0.839	0	0	0	0	0.23	0.8	0
9606.ENSP00000263253	9606.ENSP00000242261	EP300	TWIST1	9606	0.837	0	0	0	0	0.292	0	0.78
9606.ENSP00000263253	9606.ENSP00000391803	EP300	MITF	9606	0.837	0	0	0	0	0.292	0	0.78
9606.ENSP00000263253	9606.ENSP00000370896	EP300	GREB1	9606	0.837	0	0	0	0	0.221	0.8	0
9606.ENSP00000263253	9606.ENSP00000419692	EP300	RXRA	9606	0.835	0	0	0	0	0.292	0.65	0.39
9606.ENSP00000263253	9606.ENSP00000250448	EP300	FOXA1	9606	0.832	0	0	0	0	0	0.8	0.197
9606.ENSP00000263253	9606.ENSP00000498587	EP300	NOTCH1	9606	0.832	0	0	0	0	0.457	0.5	0.431
9606.ENSP00000263253	9606.ENSP00000225792	EP300	DDX5	9606	0.821	0	0	0	0	0.457	0.5	0.397
9606.ENSP00000263253	9606.ENSP00000345206	EP300	RBPJ	9606	0.818	0	0	0	0	0	0.5	0.652
9606.ENSP00000263253	9606.ENSP00000351446	EP300	WDR5	9606	0.817	0	0	0	0	0.292	0.5	0.525
9606.ENSP00000263253	9606.ENSP00000300651	EP300	MED1	9606	0.813	0	0	0	0	0	0.8	0.106
9606.ENSP00000263253	9606.ENSP00000350359	EP300	CREB5	9606	0.812	0	0	0	0	0	0.8	0.102
9606.ENSP00000263253	9606.ENSP00000301764	EP300	DDB1	9606	0.81	0	0	0	0	0.457	0	0.666
9606.ENSP00000263253	9606.ENSP00000365380	EP300	FOXP3	9606	0.808	0	0	0	0	0.457	0	0.661
9606.ENSP00000263253	9606.ENSP00000216714	EP300	APEX1	9606	0.806	0	0	0	0	0.457	0	0.658
9606.ENSP00000263253	9606.ENSP00000428426	EP300	TCEA1	9606	0.806	0	0	0	0	0.074	0.8	0
9606.ENSP00000263253	9606.ENSP00000245479	EP300	SOX9	9606	0.804	0	0	0	0	0.457	0	0.655
9606.ENSP00000263253	9606.ENSP00000484841	EP300	H3C2	9606	0.8	0	0	0	0	0.8	0	0
9606.ENSP00000263253	9606.ENSP00000483842	EP300	H2AC4	9606	0.8	0	0	0	0	0.8	0	0
9606.ENSP00000263253	9606.ENSP00000078445	EP300	CREB3L3	9606	0.8	0	0	0	0	0	0.8	0
9606.ENSP00000263253	9606.ENSP00000484658	EP300	H3C3	9606	0.8	0	0	0	0	0.8	0	0
9606.ENSP00000263253	9606.ENSP00000366999	EP300	H3C4	9606	0.8	0	0	0	0	0.8	0	0
9606.ENSP00000263253	9606.ENSP00000268058	EP300	PML	9606	0.8	0	0	0	0	0	0.8	0
9606.ENSP00000263253	9606.ENSP00000418734	EP300	MYSM1	9606	0.8	0	0	0	0	0	0.8	0
9606.ENSP00000263253	9606.ENSP00000489282	EP300	H3C6	9606	0.8	0	0	0	0	0.8	0	0
9606.ENSP00000263253	9606.ENSP00000271889	EP300	CREB3L4	9606	0.8	0	0	0	0	0	0.8	0
9606.ENSP00000263253	9606.ENSP00000329140	EP300	CREB3L2	9606	0.8	0	0	0	0	0	0.8	0
9606.ENSP00000263253	9606.ENSP00000264824	EP300	LYL1	9606	0.8	0	0	0	0	0	0.8	0
9606.ENSP00000263253	9606.ENSP00000498881	EP300	ERCC5	9606	0.8	0	0	0	0	0	0.8	0
9606.ENSP00000263253	9606.ENSP00000483283	EP300	H3C11	9606	0.8	0	0	0	0	0.8	0	0
9606.ENSP00000263253	9606.ENSP00000481956	EP300	CREB3L1	9606	0.8	0	0	0	0	0	0.8	0
9606.ENSP00000263253	9606.ENSP00000452871	EP300	TLE3	9606	0.8	0	0	0	0	0	0.8	0
9606.ENSP00000263253	9606.ENSP00000348089	EP300	ERCC6	9606	0.8	0	0	0	0	0	0.8	0
9606.ENSP00000263253	9606.ENSP00000327213	EP300	NRIP1	9606	0.8	0	0	0	0	0	0.8	0
9606.ENSP00000263253	9606.ENSP00000484638	EP300	H3C8	9606	0.8	0	0	0	0	0.8	0	0
9606.ENSP00000263253	9606.ENSP00000484095	EP300	H3C7	9606	0.8	0	0	0	0	0.8	0	0
9606.ENSP00000263253	9606.ENSP00000358160	EP300	H3C10	9606	0.8	0	0	0	0	0.8	0	0
9606.ENSP00000263253	9606.ENSP00000363804	EP300	KLF4	9606	0.793	0	0	0	0	0.457	0	0.636
9606.ENSP00000263253	9606.ENSP00000240055	EP300	NFYB	9606	0.793	0	0	0	0	0.457	0.5	0.302
9606.ENSP00000263253	9606.ENSP00000290921	EP300	CTBP1	9606	0.789	0	0	0	0	0.457	0	0.628
9606.ENSP00000263253	9606.ENSP00000366915	EP300	KLF5	9606	0.789	0	0	0	0	0.457	0	0.629
9606.ENSP00000263253	9606.ENSP00000368686	EP300	E2F4	9606	0.779	0	0	0	0	0.292	0	0.701
9606.ENSP00000263253	9606.ENSP00000278616	EP300	ATM	9606	0.776	0	0	0	0	0	0	0.776
9606.ENSP00000263253	9606.ENSP00000306245	EP300	FOS	9606	0.771	0	0	0	0	0.457	0.5	0.224
9606.ENSP00000263253	9606.ENSP00000352926	EP300	TEAD4	9606	0.77	0	0	0	0	0	0	0.77
9606.ENSP00000263253	9606.ENSP00000080059	EP300	HDAC7	9606	0.768	0	0	0	0	0.292	0	0.686
9606.ENSP00000263253	9606.ENSP00000345571	EP300	E2F1	9606	0.763	0	0	0	0	0.457	0	0.583
9606.ENSP00000263253	9606.ENSP00000340330	EP300	KAT5	9606	0.761	0	0	0	0	0.457	0	0.578
9606.ENSP00000263253	9606.ENSP00000252951	EP300	HBZ	9606	0.76	0	0	0	0	0	0	0.76
9606.ENSP00000263253	9606.ENSP00000444896	EP300	NUTM1	9606	0.759	0	0	0	0	0.457	0	0.575
9606.ENSP00000263253	9606.ENSP00000345702	EP300	NFYA	9606	0.753	0	0	0	0	0.457	0.5	0.165
9606.ENSP00000263253	9606.ENSP00000376765	EP300	PIAS3	9606	0.749	0	0	0	0	0.292	0	0.661
9606.ENSP00000263253	9606.ENSP00000294339	EP300	TAL1	9606	0.748	0	0	0	0	0.457	0	0.555
9606.ENSP00000263253	9606.ENSP00000376611	EP300	TDG	9606	0.745	0	0	0	0	0.292	0	0.655
9606.ENSP00000263253	9606.ENSP00000491215	EP300	HNRNPU	9606	0.745	0	0	0	0	0.321	0	0.641
9606.ENSP00000263253	9606.ENSP00000320886	EP300	MLXIPL	9606	0.744	0	0	0	0	0.292	0	0.654
9606.ENSP00000263253	9606.ENSP00000361626	EP300	YBX1	9606	0.743	0	0	0	0	0.292	0	0.652
9606.ENSP00000263253	9606.ENSP00000264637	EP300	THRA	9606	0.741	0	0	0	0	0.292	0.65	0
9606.ENSP00000263253	9606.ENSP00000415151	EP300	CBFB	9606	0.74	0	0	0	0	0	0.5	0.502
9606.ENSP00000263253	9606.ENSP00000379003	EP300	NUPR1	9606	0.739	0	0	0	0	0.292	0	0.647
9606.ENSP00000263253	9606.ENSP00000451129	EP300	SNW1	9606	0.737	0	0	0	0	0.321	0.5	0.288
9606.ENSP00000263253	9606.ENSP00000338629	EP300	RERE	9606	0.736	0	0	0	0	0.292	0	0.643
9606.ENSP00000263253	9606.ENSP00000260129	EP300	TGS1	9606	0.735	0	0	0	0	0.457	0	0.533
9606.ENSP00000263253	9606.ENSP00000358151	EP300	H2BC21	9606	0.734	0	0	0	0	0.457	0.5	0.101
9606.ENSP00000263253	9606.ENSP00000360493	EP300	RUNX2	9606	0.734	0	0	0	0	0.457	0	0.531
9606.ENSP00000263253	9606.ENSP00000380033	EP300	DDX17	9606	0.732	0	0	0	0	0.457	0	0.528
9606.ENSP00000263253	9606.ENSP00000438804	EP300	HNF1A	9606	0.728	0	0	0	0	0.457	0	0.52
9606.ENSP00000263253	9606.ENSP00000380024	EP300	ING4	9606	0.727	0	0	0	0	0.292	0	0.631
9606.ENSP00000263253	9606.ENSP00000440542	EP300	CHD4	9606	0.726	0	0	0	0	0.457	0	0.517
9606.ENSP00000263253	9606.ENSP00000262158	EP300	SMAD7	9606	0.725	0	0	0	0	0.457	0	0.516
9606.ENSP00000263253	9606.ENSP00000364885	EP300	ZBTB17	9606	0.723	0	0	0	0	0.457	0	0.512
9606.ENSP00000263253	9606.ENSP00000342434	EP300	BAZ1B	9606	0.718	0	0	0	0	0.074	0.5	0.441
9606.ENSP00000263253	9606.ENSP00000482674	EP300	H2BC3	9606	0.716	0	0	0	0	0.457	0.5	0
9606.ENSP00000263253	9606.ENSP00000254810	EP300	H3-3B	9606	0.716	0	0	0	0	0.457	0.5	0
9606.ENSP00000263253	9606.ENSP00000501092	EP300	TFAP2A	9606	0.716	0	0	0	0	0.457	0.5	0
9606.ENSP00000263253	9606.ENSP00000332790	EP300	H2AC21	9606	0.716	0	0	0	0	0.457	0.5	0
9606.ENSP00000263253	9606.ENSP00000332194	EP300	H2AC20	9606	0.716	0	0	0	0	0.457	0.5	0
9606.ENSP00000263253	9606.ENSP00000409581	EP300	ARRB1	9606	0.715	0	0	0	0	0.292	0	0.614
9606.ENSP00000263253	9606.ENSP00000320147	EP300	EZH2	9606	0.712	0	0	0	0	0.457	0	0.492
9606.ENSP00000263253	9606.ENSP00000401678	EP300	MYOCD	9606	0.702	0	0	0	0	0	0	0.702
9606.ENSP00000263377	9606.ENSP00000394085	BRD4	JMJD6	9606	0.998	0	0	0	0	0.96	0	0.952
9606.ENSP00000263377	9606.ENSP00000384273	BRD4	RELA	9606	0.998	0	0	0	0	0.96	0	0.972
9606.ENSP00000263377	9606.ENSP00000313983	BRD4	NSD3	9606	0.997	0	0	0	0	0.955	0	0.952
9606.ENSP00000263377	9606.ENSP00000244537	BRD4	H4C6	9606	0.992	0	0	0	0	0.618	0	0.981
9606.ENSP00000263377	9606.ENSP00000362361	BRD4	CDK9	9606	0.989	0	0	0	0	0.457	0	0.982
9606.ENSP00000263377	9606.ENSP00000261900	BRD4	CCNT1	9606	0.988	0	0	0	0	0.457	0	0.98
9606.ENSP00000263377	9606.ENSP00000254810	BRD4	H3-3B	9606	0.983	0	0	0	0	0.459	0	0.971
9606.ENSP00000263377	9606.ENSP00000477870	BRD4	H4C7	9606	0.981	0	0	0	0	0	0	0.981
9606.ENSP00000263377	9606.ENSP00000333277	BRD4	H3C13	9606	0.979	0	0	0	0	0.294	0	0.971
9606.ENSP00000263377	9606.ENSP00000352252	BRD4	H3C12	9606	0.974	0	0	0	0	0.131	0	0.972
9606.ENSP00000263377	9606.ENSP00000355657	BRD4	H3-4	9606	0.973	0	0	0	0	0.045	0	0.973
9606.ENSP00000263377	9606.ENSP00000339835	BRD4	H3-5	9606	0.972	0	0	0	0	0.045	0	0.972
9606.ENSP00000263377	9606.ENSP00000499501	BRD4	H3-2	9606	0.971	0	0	0	0	0.045	0	0.971
9606.ENSP00000263377	9606.ENSP00000269305	BRD4	TP53	9606	0.957	0	0	0	0	0.457	0	0.924
9606.ENSP00000263377	9606.ENSP00000297439	BRD4	DEFB1	9606	0.944	0	0	0	0	0	0	0.944
9606.ENSP00000263377	9606.ENSP00000263253	BRD4	EP300	9606	0.941	0	0	0	0	0.457	0	0.897
9606.ENSP00000263377	9606.ENSP00000231948	BRD4	CRBN	9606	0.93	0	0	0	0	0.9	0	0.334
9606.ENSP00000263377	9606.ENSP00000440542	BRD4	CHD4	9606	0.927	0	0	0	0	0.524	0	0.853
9606.ENSP00000263377	9606.ENSP00000256474	BRD4	VHL	9606	0.926	0	0	0	0	0.926	0	0
9606.ENSP00000263377	9606.ENSP00000363822	BRD4	AR	9606	0.925	0	0	0	0	0.514	0	0.853
9606.ENSP00000263377	9606.ENSP00000339527	BRD4	FOXO3	9606	0.921	0	0	0	0	0.9	0	0.247
9606.ENSP00000263377	9606.ENSP00000387822	BRD4	BRDT	9606	0.902	0	0	0	0	0.421	0	0.838
9606.ENSP00000263377	9606.ENSP00000378702	BRD4	BRD2	9606	0.899	0	0	0	0	0.564	0	0.779
9606.ENSP00000263377	9606.ENSP00000305918	BRD4	BRD3	9606	0.895	0	0	0	0	0.614	0	0.74
9606.ENSP00000263377	9606.ENSP00000282516	BRD4	NIPBL	9606	0.895	0	0	0	0	0.457	0	0.816
9606.ENSP00000263377	9606.ENSP00000495240	BRD4	CHD8	9606	0.892	0	0	0	0	0.457	0	0.81
9606.ENSP00000263377	9606.ENSP00000262306	BRD4	ELOB	9606	0.886	0	0	0	0	0.886	0	0
9606.ENSP00000263377	9606.ENSP00000478121	BRD4	ELOC	9606	0.886	0	0	0	0	0.886	0	0
9606.ENSP00000263377	9606.ENSP00000498336	BRD4	MTHFD1	9606	0.88	0	0	0	0	0.292	0	0.838
9606.ENSP00000263377	9606.ENSP00000264157	BRD4	CCNT2	9606	0.862	0	0	0	0	0.457	0	0.757
9606.ENSP00000263377	9606.ENSP00000256443	BRD4	CDK7	9606	0.805	0	0	0	0	0.292	0	0.736
9606.ENSP00000263377	9606.ENSP00000313171	BRD4	ATAD5	9606	0.797	0	0	0	0	0.564	0	0.554
9606.ENSP00000263377	9606.ENSP00000379946	BRD4	BICRA	9606	0.791	0	0	0	0	0.457	0	0.632
9606.ENSP00000263377	9606.ENSP00000345571	BRD4	E2F1	9606	0.757	0	0	0	0	0.662	0	0.311
9606.ENSP00000263377	9606.ENSP00000281043	BRD4	MYCN	9606	0.748	0	0	0	0	0	0	0.748
9606.ENSP00000263377	9606.ENSP00000328773	BRD4	HEXIM1	9606	0.725	0	0	0	0	0.457	0	0.516
9606.ENSP00000263377	9606.ENSP00000419765	BRD4	BRD9	9606	0.724	0	0	0	0	0.564	0	0.395
9606.ENSP00000263377	9606.ENSP00000372351	BRD4	NSD2	9606	0.714	0	0	0	0	0.564	0	0.373
9606.ENSP00000263377	9606.ENSP00000362649	BRD4	HDAC1	9606	0.714	0	0	0	0	0.457	0	0.495
9606.ENSP00000263377	9606.ENSP00000343896	BRD4	SMARCA4	9606	0.709	0	0	0	0	0.457	0	0.487
9606.ENSP00000263377	9606.ENSP00000365858	BRD4	GATA1	9606	0.702	0	0	0	0	0.488	0	0.443
9606.ENSP00000263377	9606.ENSP00000411532	BRD4	TOP2A	9606	0.702	0	0	0	0	0.618	0	0.253
9606.ENSP00000263382	9606.ENSP00000255120	ASF1B	NASP	9606	0.987	0	0	0	0	0.971	0	0.555
9606.ENSP00000263382	9606.ENSP00000254810	ASF1B	H3-3B	9606	0.976	0	0	0	0	0.962	0	0.392
9606.ENSP00000263382	9606.ENSP00000265056	ASF1B	MCM2	9606	0.97	0	0	0	0	0.96	0	0.289
9606.ENSP00000263382	9606.ENSP00000244537	ASF1B	H4C6	9606	0.967	0	0	0	0	0.966	0	0
9606.ENSP00000263382	9606.ENSP00000462667	ASF1B	H4C14	9606	0.967	0	0	0	0	0.967	0	0
9606.ENSP00000263382	9606.ENSP00000481486	ASF1B	H4C9	9606	0.964	0	0	0	0	0.964	0	0
9606.ENSP00000263382	9606.ENSP00000367034	ASF1B	H4C3	9606	0.958	0	0	0	0	0.958	0	0
9606.ENSP00000263382	9606.ENSP00000366974	ASF1B	H4C2	9606	0.956	0	0	0	0	0.955	0	0
9606.ENSP00000263382	9606.ENSP00000480960	ASF1B	H4C13	9606	0.956	0	0	0	0	0.955	0	0
9606.ENSP00000263382	9606.ENSP00000333277	ASF1B	H3C13	9606	0.946	0	0	0	0	0.915	0	0.395
9606.ENSP00000263382	9606.ENSP00000355780	ASF1B	H3-3A	9606	0.923	0	0	0	0	0.915	0	0.131
9606.ENSP00000263382	9606.ENSP00000385479	ASF1B	H3C15	9606	0.923	0	0	0	0	0.915	0	0.131
9606.ENSP00000263382	9606.ENSP00000358154	ASF1B	H3C14	9606	0.923	0	0	0	0	0.915	0	0.131
9606.ENSP00000263382	9606.ENSP00000479461	ASF1B	H4C4	9606	0.921	0	0	0	0	0.921	0	0
9606.ENSP00000263382	9606.ENSP00000347168	ASF1B	H4C11	9606	0.921	0	0	0	0	0.921	0	0
9606.ENSP00000263382	9606.ENSP00000484789	ASF1B	H4C5	9606	0.921	0	0	0	0	0.921	0	0
9606.ENSP00000263382	9606.ENSP00000462355	ASF1B	H4C15	9606	0.921	0	0	0	0	0.921	0	0
9606.ENSP00000263382	9606.ENSP00000489236	ASF1B	H4C8	9606	0.921	0	0	0	0	0.921	0	0
9606.ENSP00000263382	9606.ENSP00000479794	ASF1B	H4C12	9606	0.921	0	0	0	0	0.921	0	0
9606.ENSP00000263382	9606.ENSP00000479106	ASF1B	H4C1	9606	0.921	0	0	0	0	0.921	0	0
9606.ENSP00000263382	9606.ENSP00000443017	ASF1B	H4-16	9606	0.921	0	0	0	0	0.921	0	0
9606.ENSP00000263382	9606.ENSP00000263208	ASF1B	HIRA	9606	0.849	0	0	0	0	0.777	0	0.348
9606.ENSP00000263382	9606.ENSP00000315700	ASF1B	CHAF1B	9606	0.848	0	0	0	0	0.791	0	0.304
9606.ENSP00000263382	9606.ENSP00000346453	ASF1B	IPO4	9606	0.788	0	0	0	0	0.615	0	0.474
9606.ENSP00000263382	9606.ENSP00000352252	ASF1B	H3C12	9606	0.765	0	0	0	0	0.632	0	0.387
9606.ENSP00000263382	9606.ENSP00000386239	ASF1B	TONSL	9606	0.743	0	0	0	0	0.575	0	0.421
9606.ENSP00000263382	9606.ENSP00000355657	ASF1B	H3-4	9606	0.712	0	0	0	0	0.543	0	0.395
9606.ENSP00000263382	9606.ENSP00000484658	ASF1B	H3C3	9606	0.706	0	0	0	0	0.676	0	0.131
9606.ENSP00000263382	9606.ENSP00000480826	ASF1B	H3C1	9606	0.705	0	0	0	0	0.675	0	0.131
9606.ENSP00000263754	9606.ENSP00000370193	KAT2B	TAF9	9606	0.999	0	0	0	0	0.642	0.9	0.978
9606.ENSP00000263754	9606.ENSP00000316114	KAT2B	SGF29	9606	0.999	0	0	0	0	0.733	0.9	0.978
9606.ENSP00000263754	9606.ENSP00000352925	KAT2B	TRRAP	9606	0.999	0	0	0	0	0.748	0.9	0.984
9606.ENSP00000263754	9606.ENSP00000307684	KAT2B	TADA3	9606	0.999	0	0	0	0	0.788	0.9	0.987
9606.ENSP00000263754	9606.ENSP00000263253	KAT2B	EP300	9606	0.998	0	0	0	0	0.457	0.9	0.982
9606.ENSP00000263754	9606.ENSP00000262367	KAT2B	CREBBP	9606	0.997	0	0	0	0	0.457	0.9	0.962
9606.ENSP00000263754	9606.ENSP00000481091	KAT2B	TADA2A	9606	0.995	0	0	0	0	0.778	0.9	0.82
9606.ENSP00000263754	9606.ENSP00000258281	KAT2B	TAF5L	9606	0.988	0	0	0	0	0.642	0.9	0.709
9606.ENSP00000263754	9606.ENSP00000385216	KAT2B	NCOA1	9606	0.985	0	0	0	0	0.457	0.8	0.878
9606.ENSP00000263754	9606.ENSP00000294168	KAT2B	TAF6L	9606	0.984	0	0	0	0	0.722	0.9	0.485
9606.ENSP00000263754	9606.ENSP00000360515	KAT2B	SUPT3H	9606	0.984	0	0	0	0	0.665	0.9	0.585
9606.ENSP00000263754	9606.ENSP00000356848	KAT2B	TADA1	9606	0.984	0	0	0	0	0.753	0.9	0.408
9606.ENSP00000263754	9606.ENSP00000399982	KAT2B	TAF6	9606	0.984	0	0	0	0	0.36	0.9	0.782
9606.ENSP00000263754	9606.ENSP00000263974	KAT2B	TAF12	9606	0.982	0	0	0	0	0.745	0.9	0.374
9606.ENSP00000263754	9606.ENSP00000299424	KAT2B	TAF10	9606	0.981	0	0	0	0	0.707	0.9	0.418
9606.ENSP00000263754	9606.ENSP00000358854	KAT2B	TAF5	9606	0.975	0	0	0	0	0.361	0.9	0.643
9606.ENSP00000263754	9606.ENSP00000254810	KAT2B	H3-3B	9606	0.973	0	0	0	0	0.949	0	0.486
9606.ENSP00000263754	9606.ENSP00000351446	KAT2B	WDR5	9606	0.972	0	0	0	0	0.616	0.72	0.766
9606.ENSP00000263754	9606.ENSP00000480826	KAT2B	H3C1	9606	0.972	0	0	0	0	0.949	0	0.479
9606.ENSP00000263754	9606.ENSP00000355657	KAT2B	H3-4	9606	0.972	0	0	0	0	0.949	0	0.482
9606.ENSP00000263754	9606.ENSP00000352252	KAT2B	H3C12	9606	0.972	0	0	0	0	0.911	0	0.698
9606.ENSP00000263754	9606.ENSP00000339917	KAT2B	TAF9B	9606	0.967	0	0	0	0	0.596	0.9	0.254
9606.ENSP00000263754	9606.ENSP00000361066	KAT2B	NCOA3	9606	0.967	0	0	0	0	0.457	0.8	0.723
9606.ENSP00000263754	9606.ENSP00000429986	KAT2B	ENY2	9606	0.967	0	0	0	0	0.654	0.9	0.136
9606.ENSP00000263754	9606.ENSP00000397259	KAT2B	ATXN7L3	9606	0.964	0	0	0	0	0.661	0.9	0
9606.ENSP00000263754	9606.ENSP00000418734	KAT2B	MYSM1	9606	0.962	0	0	0	0	0.296	0.8	0.757
9606.ENSP00000263754	9606.ENSP00000252996	KAT2B	TAF4	9606	0.96	0	0	0	0	0	0.9	0.617
9606.ENSP00000263754	9606.ENSP00000225916	KAT2B	KAT2A	9606	0.96	0	0	0	0	0.468	0.9	0.318
9606.ENSP00000263754	9606.ENSP00000417510	KAT2B	SUPT20H	9606	0.958	0	0	0	0	0.66	0.72	0.601
9606.ENSP00000263754	9606.ENSP00000261497	KAT2B	USP22	9606	0.956	0	0	0	0	0.562	0.9	0.092
9606.ENSP00000263754	9606.ENSP00000478887	KAT2B	MYC	9606	0.955	0	0	0	0	0.316	0	0.937
9606.ENSP00000263754	9606.ENSP00000358154	KAT2B	H3C14	9606	0.954	0	0	0	0	0.949	0	0.131
9606.ENSP00000263754	9606.ENSP00000499501	KAT2B	H3-2	9606	0.952	0	0	0	0	0.911	0	0.482
9606.ENSP00000263754	9606.ENSP00000339835	KAT2B	H3-5	9606	0.952	0	0	0	0	0.911	0	0.482
9606.ENSP00000263754	9606.ENSP00000333277	KAT2B	H3C13	9606	0.952	0	0	0	0	0.911	0	0.482
9606.ENSP00000263754	9606.ENSP00000484841	KAT2B	H3C2	9606	0.951	0	0	0	0	0.911	0	0.479
9606.ENSP00000263754	9606.ENSP00000483283	KAT2B	H3C11	9606	0.951	0	0	0	0	0.911	0	0.479
9606.ENSP00000263754	9606.ENSP00000484658	KAT2B	H3C3	9606	0.951	0	0	0	0	0.911	0	0.479
9606.ENSP00000263754	9606.ENSP00000366999	KAT2B	H3C4	9606	0.951	0	0	0	0	0.911	0	0.479
9606.ENSP00000263754	9606.ENSP00000347184	KAT2B	HTT	9606	0.951	0	0	0	0	0.292	0	0.934
9606.ENSP00000263754	9606.ENSP00000489282	KAT2B	H3C6	9606	0.951	0	0	0	0	0.911	0	0.479
9606.ENSP00000263754	9606.ENSP00000484095	KAT2B	H3C7	9606	0.951	0	0	0	0	0.911	0	0.479
9606.ENSP00000263754	9606.ENSP00000358160	KAT2B	H3C10	9606	0.951	0	0	0	0	0.911	0	0.479
9606.ENSP00000263754	9606.ENSP00000484638	KAT2B	H3C8	9606	0.951	0	0	0	0	0.911	0	0.479
9606.ENSP00000263754	9606.ENSP00000392318	KAT2B	KAT14	9606	0.947	0	0	0	0	0.636	0.72	0.527
9606.ENSP00000263754	9606.ENSP00000308022	KAT2B	TADA2B	9606	0.942	0	0	0	0	0.593	0.72	0.537
9606.ENSP00000263754	9606.ENSP00000345206	KAT2B	RBPJ	9606	0.941	0	0	0	0	0.292	0.5	0.849
9606.ENSP00000263754	9606.ENSP00000367406	KAT2B	TAF2	9606	0.937	0	0	0	0	0	0.9	0.402
9606.ENSP00000263754	9606.ENSP00000336750	KAT2B	SUPT7L	9606	0.936	0	0	0	0	0.394	0.9	0
9606.ENSP00000263754	9606.ENSP00000308236	KAT2B	COMMD1	9606	0.933	0	0	0	0	0	0	0.933
9606.ENSP00000263754	9606.ENSP00000302620	KAT2B	AGXT	9606	0.926	0	0	0	0	0	0	0.926
9606.ENSP00000263754	9606.ENSP00000355780	KAT2B	H3-3A	9606	0.919	0	0	0	0	0.911	0	0.131
9606.ENSP00000263754	9606.ENSP00000385479	KAT2B	H3C15	9606	0.919	0	0	0	0	0.911	0	0.131
9606.ENSP00000263754	9606.ENSP00000292599	KAT2B	MAML1	9606	0.915	0	0	0	0	0	0.8	0.595
9606.ENSP00000263754	9606.ENSP00000369497	KAT2B	BRCA2	9606	0.913	0	0	0	0	0.457	0	0.848
9606.ENSP00000263754	9606.ENSP00000340330	KAT2B	KAT5	9606	0.904	0	0	0	0	0	0	0.904
9606.ENSP00000263754	9606.ENSP00000359295	KAT2B	DR1	9606	0.903	0	0	0	0	0.671	0.72	0
9606.ENSP00000263754	9606.ENSP00000312709	KAT2B	TAF7	9606	0.9	0	0	0	0	0	0.9	0
9606.ENSP00000263754	9606.ENSP00000359837	KAT2B	ZZZ3	9606	0.897	0	0	0	0	0.318	0.72	0.506
9606.ENSP00000263754	9606.ENSP00000399968	KAT2B	NCOA2	9606	0.896	0	0	0	0	0	0.8	0.505
9606.ENSP00000263754	9606.ENSP00000295900	KAT2B	ATXN7	9606	0.89	0	0	0	0	0.57	0.54	0.488
9606.ENSP00000263754	9606.ENSP00000399718	KAT2B	MBIP	9606	0.882	0	0	0	0	0.598	0.72	0
9606.ENSP00000263754	9606.ENSP00000414095	KAT2B	CUL2	9606	0.878	0	0	0	0	0	0	0.878
9606.ENSP00000263754	9606.ENSP00000244537	KAT2B	H4C6	9606	0.874	0	0	0	0	0.538	0	0.738
9606.ENSP00000263754	9606.ENSP00000228682	KAT2B	GLI1	9606	0.867	0	0	0	0	0.457	0	0.766
9606.ENSP00000263754	9606.ENSP00000250003	KAT2B	MYOD1	9606	0.863	0	0	0	0	0.457	0	0.759
9606.ENSP00000263754	9606.ENSP00000227507	KAT2B	CCND1	9606	0.862	0	0	0	0	0.457	0	0.757
9606.ENSP00000263754	9606.ENSP00000473172	KAT2B	RUVBL2	9606	0.858	0	0	0	0	0	0	0.858
9606.ENSP00000263754	9606.ENSP00000305790	KAT2B	SF3B3	9606	0.849	0	0	0	0	0.329	0.54	0.55
9606.ENSP00000263754	9606.ENSP00000306983	KAT2B	YEATS2	9606	0.848	0	0	0	0	0.48	0.72	0
9606.ENSP00000263754	9606.ENSP00000439585	KAT2B	ATXN7-2	9606	0.823	0	0	0	0	0.31	0.54	0.488
9606.ENSP00000263754	9606.ENSP00000212015	KAT2B	SIRT1	9606	0.818	0	0	0	0	0.387	0	0.716
9606.ENSP00000263754	9606.ENSP00000269305	KAT2B	TP53	9606	0.812	0	0	0	0	0.457	0	0.669
9606.ENSP00000263754	9606.ENSP00000380033	KAT2B	DDX17	9606	0.81	0	0	0	0	0.292	0	0.743
9606.ENSP00000263754	9606.ENSP00000264674	KAT2B	MECOM	9606	0.803	0	0	0	0	0.457	0	0.653
9606.ENSP00000263754	9606.ENSP00000419465	KAT2B	WWTR1	9606	0.8	0	0	0	0	0	0.8	0
9606.ENSP00000263754	9606.ENSP00000421180	KAT2B	MAML3	9606	0.8	0	0	0	0	0	0.8	0
9606.ENSP00000263754	9606.ENSP00000434552	KAT2B	MAML2	9606	0.8	0	0	0	0	0	0.8	0
9606.ENSP00000263754	9606.ENSP00000309913	KAT2B	TBX5	9606	0.8	0	0	0	0	0	0.8	0
9606.ENSP00000263754	9606.ENSP00000332973	KAT2B	SMAD3	9606	0.787	0	0	0	0	0.457	0	0.625
9606.ENSP00000263754	9606.ENSP00000362649	KAT2B	HDAC1	9606	0.787	0	0	0	0	0	0	0.787
9606.ENSP00000263754	9606.ENSP00000498587	KAT2B	NOTCH1	9606	0.783	0	0	0	0	0	0.5	0.585
9606.ENSP00000263754	9606.ENSP00000242261	KAT2B	TWIST1	9606	0.783	0	0	0	0	0.457	0	0.617
9606.ENSP00000263754	9606.ENSP00000343896	KAT2B	SMARCA4	9606	0.781	0	0	0	0	0	0	0.781
9606.ENSP00000263754	9606.ENSP00000477870	KAT2B	H4C7	9606	0.777	0	0	0	0	0.185	0	0.738
9606.ENSP00000263754	9606.ENSP00000325690	KAT2B	CARM1	9606	0.774	0	0	0	0	0.292	0.5	0.415
9606.ENSP00000263754	9606.ENSP00000387699	KAT2B	CREB1	9606	0.774	0	0	0	0	0	0	0.774
9606.ENSP00000263754	9606.ENSP00000426983	KAT2B	CLOCK	9606	0.755	0	0	0	0	0.292	0	0.669
9606.ENSP00000263754	9606.ENSP00000354487	KAT2B	ZEB1	9606	0.746	0	0	0	0	0	0	0.746
9606.ENSP00000263754	9606.ENSP00000230354	KAT2B	TBP	9606	0.741	0	0	0	0	0.249	0.5	0.368
9606.ENSP00000263754	9606.ENSP00000356541	KAT2B	SF3B5	9606	0.731	0	0	0	0	0.44	0.54	0
9606.ENSP00000263754	9606.ENSP00000363286	KAT2B	POLE3	9606	0.725	0	0	0	0	0.061	0.72	0
9606.ENSP00000263754	9606.ENSP00000491215	KAT2B	HNRNPU	9606	0.724	0	0	0	0	0.292	0	0.627
9606.ENSP00000263754	9606.ENSP00000358335	KAT2B	MAP3K7	9606	0.72	0	0	0	0	0	0.72	0
9606.ENSP00000263754	9606.ENSP00000420176	KAT2B	POLE4	9606	0.72	0	0	0	0	0	0.72	0
9606.ENSP00000263754	9606.ENSP00000303373	KAT2B	H2AC8	9606	0.716	0	0	0	0	0.457	0.5	0
9606.ENSP00000263754	9606.ENSP00000264834	KAT2B	KLF1	9606	0.705	0	0	0	0	0	0	0.705
9606.ENSP00000264606	9606.ENSP00000268712	HDAC4	NCOR1	9606	0.995	0	0	0	0	0.459	0.5	0.983
9606.ENSP00000264606	9606.ENSP00000384018	HDAC4	NCOR2	9606	0.992	0	0	0	0	0.943	0.5	0.769
9606.ENSP00000264606	9606.ENSP00000360493	HDAC4	RUNX2	9606	0.991	0	0	0	0	0.457	0.7	0.952
9606.ENSP00000264606	9606.ENSP00000296785	HDAC4	ANKRA2	9606	0.989	0	0	0	0	0.943	0	0.828
9606.ENSP00000264606	9606.ENSP00000225983	HDAC4	HDAC5	9606	0.965	0	0	0	0	0.457	0.9	0.413
9606.ENSP00000264606	9606.ENSP00000335153	HDAC4	HSP90AA1	9606	0.956	0	0	0	0	0.13	0	0.952
9606.ENSP00000264606	9606.ENSP00000305071	HDAC4	RFXANK	9606	0.952	0	0	0	0	0.926	0	0.382
9606.ENSP00000264606	9606.ENSP00000306330	HDAC4	YWHAG	9606	0.949	0	0	0	0	0.943	0	0.15
9606.ENSP00000264606	9606.ENSP00000384371	HDAC4	BCL6	9606	0.941	0	0	0	0	0.457	0	0.897
9606.ENSP00000264606	9606.ENSP00000360609	HDAC4	HSP90AB1	9606	0.933	0	0	0	0	0.13	0	0.927
9606.ENSP00000264606	9606.ENSP00000231498	HDAC4	NUP155	9606	0.912	0	0	0	0	0.457	0	0.845
9606.ENSP00000264606	9606.ENSP00000332973	HDAC4	SMAD3	9606	0.902	0	0	0	0	0.292	0	0.867
9606.ENSP00000264606	9606.ENSP00000338157	HDAC4	ZBTB16	9606	0.89	0	0	0	0	0.457	0	0.805
9606.ENSP00000264606	9606.ENSP00000378402	HDAC4	SIN3A	9606	0.868	0	0	0	0	0.521	0	0.736
9606.ENSP00000264606	9606.ENSP00000262238	HDAC4	YY1	9606	0.865	0	0	0	0	0.457	0	0.762
9606.ENSP00000264606	9606.ENSP00000371475	HDAC4	TP53BP1	9606	0.818	0	0	0	0	0.457	0	0.68
9606.ENSP00000264606	9606.ENSP00000227507	HDAC4	CCND1	9606	0.812	0	0	0	0	0	0.8	0.101
9606.ENSP00000264606	9606.ENSP00000437955	HDAC4	HIF1A	9606	0.798	0	0	0	0	0.457	0	0.644
9606.ENSP00000264606	9606.ENSP00000262177	HDAC4	DNAJB6	9606	0.782	0	0	0	0	0.457	0	0.615
9606.ENSP00000264606	9606.ENSP00000340874	HDAC4	MEF2C	9606	0.781	0	0	0	0	0.457	0	0.613
9606.ENSP00000264606	9606.ENSP00000453095	HDAC4	MEF2A	9606	0.756	0	0	0	0	0.501	0	0.532
9606.ENSP00000264606	9606.ENSP00000405574	HDAC4	TBL1XR1	9606	0.708	0	0	0	0	0.421	0.5	0.075
9606.ENSP00000264709	9606.ENSP00000270172	DNMT3A	DNMT3L	9606	0.999	0	0	0	0	0.967	0.9	0.982
9606.ENSP00000264709	9606.ENSP00000254810	DNMT3A	H3-3B	9606	0.997	0	0	0	0	0.939	0.5	0.935
9606.ENSP00000264709	9606.ENSP00000352252	DNMT3A	H3C12	9606	0.997	0	0	0	0	0.929	0.5	0.947
9606.ENSP00000264709	9606.ENSP00000333277	DNMT3A	H3C13	9606	0.996	0	0	0	0	0.9	0.5	0.932
9606.ENSP00000264709	9606.ENSP00000320147	DNMT3A	EZH2	9606	0.994	0	0	0	0	0.457	0.5	0.982
9606.ENSP00000264709	9606.ENSP00000328547	DNMT3A	DNMT3B	9606	0.994	0	0	0	0	0.691	0.9	0.85
9606.ENSP00000264709	9606.ENSP00000339835	DNMT3A	H3-5	9606	0.993	0	0	0	0	0.9	0	0.935
9606.ENSP00000264709	9606.ENSP00000355657	DNMT3A	H3-4	9606	0.993	0	0	0	0	0.9	0	0.933
9606.ENSP00000264709	9606.ENSP00000499501	DNMT3A	H3-2	9606	0.992	0	0	0	0	0.9	0	0.932
9606.ENSP00000264709	9606.ENSP00000352516	DNMT3A	DNMT1	9606	0.989	0	0	0	0	0.457	0.9	0.819
9606.ENSP00000264709	9606.ENSP00000362649	DNMT3A	HDAC1	9606	0.989	0	0	0	0	0.457	0	0.982
9606.ENSP00000264709	9606.ENSP00000355388	DNMT3A	MPHOSPH8	9606	0.988	0	0	0	0	0.946	0	0.787
9606.ENSP00000264709	9606.ENSP00000337976	DNMT3A	SUV39H1	9606	0.986	0	0	0	0	0.292	0	0.982
9606.ENSP00000264709	9606.ENSP00000271640	DNMT3A	SETDB1	9606	0.986	0	0	0	0	0.292	0	0.982
9606.ENSP00000264709	9606.ENSP00000379078	DNMT3A	EHMT2	9606	0.981	0	0	0	0	0.292	0	0.975
9606.ENSP00000264709	9606.ENSP00000478887	DNMT3A	MYC	9606	0.977	0	0	0	0	0.457	0	0.96
9606.ENSP00000264709	9606.ENSP00000244537	DNMT3A	H4C6	9606	0.951	0	0	0	0	0	0.9	0.534
9606.ENSP00000264709	9606.ENSP00000480826	DNMT3A	H3C1	9606	0.944	0	0	0	0	0.943	0	0.065
9606.ENSP00000264709	9606.ENSP00000430432	DNMT3A	HDAC2	9606	0.922	0	0	0	0	0	0	0.922
9606.ENSP00000264709	9606.ENSP00000355780	DNMT3A	H3-3A	9606	0.905	0	0	0	0	0.9	0	0.091
9606.ENSP00000264709	9606.ENSP00000484841	DNMT3A	H3C2	9606	0.902	0	0	0	0	0.9	0	0.065
9606.ENSP00000264709	9606.ENSP00000483283	DNMT3A	H3C11	9606	0.902	0	0	0	0	0.9	0	0.065
9606.ENSP00000264709	9606.ENSP00000489282	DNMT3A	H3C6	9606	0.902	0	0	0	0	0.9	0	0.065
9606.ENSP00000264709	9606.ENSP00000484658	DNMT3A	H3C3	9606	0.902	0	0	0	0	0.9	0	0.065
9606.ENSP00000264709	9606.ENSP00000358160	DNMT3A	H3C10	9606	0.902	0	0	0	0	0.9	0	0.065
9606.ENSP00000264709	9606.ENSP00000366999	DNMT3A	H3C4	9606	0.902	0	0	0	0	0.9	0	0.065
9606.ENSP00000264709	9606.ENSP00000484095	DNMT3A	H3C7	9606	0.902	0	0	0	0	0.9	0	0.065
9606.ENSP00000264709	9606.ENSP00000484638	DNMT3A	H3C8	9606	0.902	0	0	0	0	0.9	0	0.065
9606.ENSP00000264709	9606.ENSP00000358154	DNMT3A	H3C14	9606	0.9	0	0	0	0	0.9	0	0
9606.ENSP00000264709	9606.ENSP00000385479	DNMT3A	H3C15	9606	0.9	0	0	0	0	0.9	0	0
9606.ENSP00000264709	9606.ENSP00000227163	DNMT3A	SPI1	9606	0.899	0	0	0	0	0.292	0	0.864
9606.ENSP00000264709	9606.ENSP00000452871	DNMT3A	TLE3	9606	0.896	0	0	0	0	0	0	0.896
9606.ENSP00000264709	9606.ENSP00000451506	DNMT3A	TCL1A	9606	0.885	0	0	0	0	0.671	0	0.665
9606.ENSP00000264709	9606.ENSP00000253024	DNMT3A	TRIM28	9606	0.847	0	0	0	0	0.292	0	0.794
9606.ENSP00000264709	9606.ENSP00000343896	DNMT3A	SMARCA4	9606	0.843	0	0	0	0	0	0	0.843
9606.ENSP00000264709	9606.ENSP00000362306	DNMT3A	AGO4	9606	0.836	0	0	0	0	0	0	0.836
9606.ENSP00000264709	9606.ENSP00000366347	DNMT3A	NKX2-2	9606	0.829	0	0	0	0	0	0	0.829
9606.ENSP00000264709	9606.ENSP00000351539	DNMT3A	ZBTB18	9606	0.815	0	0	0	0	0.457	0	0.675
9606.ENSP00000264709	9606.ENSP00000376611	DNMT3A	TDG	9606	0.796	0	0	0	0	0.292	0	0.724
9606.ENSP00000264709	9606.ENSP00000362300	DNMT3A	AGO1	9606	0.796	0	0	0	0	0	0	0.796
9606.ENSP00000264709	9606.ENSP00000377060	DNMT3A	CBX1	9606	0.782	0	0	0	0	0.292	0	0.706
9606.ENSP00000264709	9606.ENSP00000290130	DNMT3A	MIS18A	9606	0.774	0	0	0	0	0	0	0.774
9606.ENSP00000264709	9606.ENSP00000479617	DNMT3A	UHRF1	9606	0.757	0	0	0	0	0.483	0	0.551
9606.ENSP00000264709	9606.ENSP00000441875	DNMT3A	PHB2	9606	0.745	0	0	0	0	0	0	0.745
9606.ENSP00000264709	9606.ENSP00000305899	DNMT3A	KMT5B	9606	0.744	0	0	0	0	0	0	0.744
9606.ENSP00000264709	9606.ENSP00000256429	DNMT3A	MBD2	9606	0.719	0	0	0	0	0	0	0.719
9606.ENSP00000264709	9606.ENSP00000319169	DNMT3A	PRMT5	9606	0.717	0	0	0	0	0.292	0	0.618
9606.ENSP00000264709	9606.ENSP00000244050	DNMT3A	SNAI1	9606	0.707	0	0	0	0	0	0	0.707
9606.ENSP00000265038	9606.ENSP00000301764	ERCC8	DDB1	9606	0.998	0	0	0	0	0.964	0.9	0.486
9606.ENSP00000265038	9606.ENSP00000364589	ERCC8	CUL4A	9606	0.995	0	0	0	0	0.893	0.9	0.568
9606.ENSP00000265038	9606.ENSP00000216225	ERCC8	RBX1	9606	0.988	0	0	0	0	0.886	0.9	0
9606.ENSP00000265038	9606.ENSP00000348089	ERCC8	ERCC6	9606	0.986	0	0	0	0	0.943	0.5	0.549
9606.ENSP00000265038	9606.ENSP00000425130	ERCC8	UVSSA	9606	0.977	0	0	0	0	0.943	0	0.617
9606.ENSP00000265038	9606.ENSP00000384109	ERCC8	CUL4B	9606	0.954	0	0	0	0	0.564	0.9	0
9606.ENSP00000265038	9606.ENSP00000461879	ERCC8	POLR2A	9606	0.94	0	0	0	0	0.886	0.5	0
9606.ENSP00000265038	9606.ENSP00000013807	ERCC8	ERCC1	9606	0.94	0	0	0	0	0	0.9	0.426
9606.ENSP00000265038	9606.ENSP00000352928	ERCC8	DDA1	9606	0.939	0	0	0	0	0.421	0.9	0
9606.ENSP00000265038	9606.ENSP00000256996	ERCC8	DDB2	9606	0.926	0	0	0	0	0.292	0.9	0
9606.ENSP00000265038	9606.ENSP00000356641	ERCC8	COP1	9606	0.914	0	0	0	0	0.184	0.9	0
9606.ENSP00000265038	9606.ENSP00000341351	ERCC8	DCAF5	9606	0.9	0	0	0	0	0	0.9	0
9606.ENSP00000265038	9606.ENSP00000285021	ERCC8	XPC	9606	0.9	0	0	0	0	0	0.9	0
9606.ENSP00000265038	9606.ENSP00000231948	ERCC8	CRBN	9606	0.9	0	0	0	0	0	0.9	0
9606.ENSP00000265038	9606.ENSP00000352257	ERCC8	XRCC6	9606	0.9	0	0	0	0	0	0.9	0
9606.ENSP00000265038	9606.ENSP00000349313	ERCC8	NHEJ1	9606	0.9	0	0	0	0	0	0.9	0
9606.ENSP00000265038	9606.ENSP00000278616	ERCC8	ATM	9606	0.9	0	0	0	0	0	0.9	0
9606.ENSP00000265038	9606.ENSP00000360682	ERCC8	PAXX	9606	0.9	0	0	0	0	0	0.9	0
9606.ENSP00000265038	9606.ENSP00000350708	ERCC8	RAD23B	9606	0.9	0	0	0	0	0	0.9	0
9606.ENSP00000265038	9606.ENSP00000262241	ERCC8	RCOR1	9606	0.9	0	0	0	0	0	0.9	0
9606.ENSP00000265038	9606.ENSP00000393183	ERCC8	DCAF1	9606	0.9	0	0	0	0	0	0.9	0
9606.ENSP00000265038	9606.ENSP00000421491	ERCC8	XRCC4	9606	0.9	0	0	0	0	0	0.9	0
9606.ENSP00000265038	9606.ENSP00000355958	ERCC8	DTL	9606	0.9	0	0	0	0	0	0.9	0
9606.ENSP00000265038	9606.ENSP00000364404	ERCC8	DCAF17	9606	0.9	0	0	0	0	0	0.9	0
9606.ENSP00000265038	9606.ENSP00000228872	ERCC8	CDKN1B	9606	0.9	0	0	0	0	0	0.9	0
9606.ENSP00000265038	9606.ENSP00000431926	ERCC8	AMBRA1	9606	0.9	0	0	0	0	0	0.9	0
9606.ENSP00000265038	9606.ENSP00000313034	ERCC8	FBXW5	9606	0.9	0	0	0	0	0	0.9	0
9606.ENSP00000265038	9606.ENSP00000356814	ERCC8	DCAF6	9606	0.9	0	0	0	0	0	0.9	0
9606.ENSP00000265038	9606.ENSP00000375978	ERCC8	XRCC5	9606	0.9	0	0	0	0	0	0.9	0
9606.ENSP00000265038	9606.ENSP00000498881	ERCC8	ERCC5	9606	0.9	0	0	0	0	0	0.9	0
9606.ENSP00000265038	9606.ENSP00000310008	ERCC8	SWSAP1	9606	0.9	0	0	0	0	0	0.9	0
9606.ENSP00000265038	9606.ENSP00000310520	ERCC8	ERCC4	9606	0.9	0	0	0	0	0	0.9	0
9606.ENSP00000265038	9606.ENSP00000351147	ERCC8	DCAF4	9606	0.9	0	0	0	0	0	0.9	0
9606.ENSP00000265038	9606.ENSP00000383042	ERCC8	KDM1A	9606	0.9	0	0	0	0	0	0.9	0
9606.ENSP00000265038	9606.ENSP00000483236	ERCC8	DCAF7	9606	0.9	0	0	0	0	0	0.9	0
9606.ENSP00000265038	9606.ENSP00000355114	ERCC8	DCAF12	9606	0.9	0	0	0	0	0	0.9	0
9606.ENSP00000265038	9606.ENSP00000484288	ERCC8	LIG4	9606	0.9	0	0	0	0	0	0.9	0
9606.ENSP00000265038	9606.ENSP00000359300	ERCC8	CETN2	9606	0.9	0	0	0	0	0	0.9	0
9606.ENSP00000265038	9606.ENSP00000456340	ERCC8	DET1	9606	0.9	0	0	0	0	0	0.9	0
9606.ENSP00000265038	9606.ENSP00000472445	ERCC8	POLD1	9606	0.9	0	0	0	0	0	0.9	0
9606.ENSP00000265038	9606.ENSP00000234420	ERCC8	MSH6	9606	0.9	0	0	0	0	0	0.9	0
9606.ENSP00000265038	9606.ENSP00000382218	ERCC8	ZSWIM7	9606	0.9	0	0	0	0	0	0.9	0
9606.ENSP00000265038	9606.ENSP00000367527	ERCC8	DCLRE1C	9606	0.9	0	0	0	0	0	0.9	0
9606.ENSP00000265038	9606.ENSP00000371682	ERCC8	DCAF16	9606	0.9	0	0	0	0	0	0.9	0
9606.ENSP00000265038	9606.ENSP00000357052	ERCC8	DCAF8	9606	0.9	0	0	0	0	0	0.9	0
9606.ENSP00000265038	9606.ENSP00000313420	ERCC8	PRKDC	9606	0.9	0	0	0	0	0	0.9	0
9606.ENSP00000265038	9606.ENSP00000297579	ERCC8	DCAF13	9606	0.9	0	0	0	0	0	0.9	0
9606.ENSP00000265038	9606.ENSP00000398824	ERCC8	PHF21A	9606	0.9	0	0	0	0	0	0.9	0
9606.ENSP00000265038	9606.ENSP00000233146	ERCC8	MSH2	9606	0.9	0	0	0	0	0	0.9	0
9606.ENSP00000265038	9606.ENSP00000300145	ERCC8	ATP23	9606	0.9	0	0	0	0	0	0.9	0
9606.ENSP00000265038	9606.ENSP00000415556	ERCC8	DCAF11	9606	0.9	0	0	0	0	0	0.9	0
9606.ENSP00000265038	9606.ENSP00000366953	ERCC8	DCAF10	9606	0.9	0	0	0	0	0	0.9	0
9606.ENSP00000265038	9606.ENSP00000252015	ERCC8	TRPC4AP	9606	0.9	0	0	0	0	0	0.9	0
9606.ENSP00000265038	9606.ENSP00000254337	ERCC8	DCAF15	9606	0.9	0	0	0	0	0	0.9	0
9606.ENSP00000265038	9606.ENSP00000385725	ERCC8	POLR2F	9606	0.895	0	0	0	0	0.8	0.5	0
9606.ENSP00000265038	9606.ENSP00000219252	ERCC8	POLR2C	9606	0.895	0	0	0	0	0.8	0.5	0
9606.ENSP00000265038	9606.ENSP00000301788	ERCC8	POLR2G	9606	0.895	0	0	0	0	0.8	0.5	0
9606.ENSP00000265038	9606.ENSP00000272645	ERCC8	POLR2D	9606	0.895	0	0	0	0	0.8	0.5	0
9606.ENSP00000265038	9606.ENSP00000221859	ERCC8	POLR2I	9606	0.895	0	0	0	0	0.8	0.5	0
9606.ENSP00000265038	9606.ENSP00000415536	ERCC8	POLR2H	9606	0.895	0	0	0	0	0.8	0.5	0
9606.ENSP00000265038	9606.ENSP00000478303	ERCC8	POLR2E	9606	0.895	0	0	0	0	0.8	0.5	0
9606.ENSP00000265038	9606.ENSP00000292614	ERCC8	POLR2J	9606	0.895	0	0	0	0	0.8	0.5	0
9606.ENSP00000265038	9606.ENSP00000370625	ERCC8	POLR2B	9606	0.895	0	0	0	0	0.8	0.5	0
9606.ENSP00000265038	9606.ENSP00000342889	ERCC8	POLR2K	9606	0.895	0	0	0	0	0.8	0.5	0
9606.ENSP00000265038	9606.ENSP00000324124	ERCC8	POLR2L	9606	0.895	0	0	0	0	0.8	0.5	0
9606.ENSP00000265038	9606.ENSP00000453801	ERCC8	WDR61	9606	0.815	0	0	0	0	0.815	0	0
9606.ENSP00000265038	9606.ENSP00000221265	ERCC8	PAF1	9606	0.8	0	0	0	0	0.8	0	0
9606.ENSP00000265038	9606.ENSP00000299601	ERCC8	LEO1	9606	0.8	0	0	0	0	0.8	0	0
9606.ENSP00000265038	9606.ENSP00000355013	ERCC8	CTR9	9606	0.8	0	0	0	0	0.8	0	0
9606.ENSP00000265038	9606.ENSP00000319104	ERCC8	SUPT6H	9606	0.8	0	0	0	0	0.8	0	0
9606.ENSP00000265038	9606.ENSP00000356405	ERCC8	CDC73	9606	0.8	0	0	0	0	0.8	0	0
9606.ENSP00000265038	9606.ENSP00000274400	ERCC8	GTF2H2	9606	0.783	0	0	0	0	0.292	0.5	0.438
9606.ENSP00000265038	9606.ENSP00000376167	ERCC8	GPS1	9606	0.77	0	0	0	0	0.56	0.5	0
9606.ENSP00000265038	9606.ENSP00000268717	ERCC8	COPS3	9606	0.759	0	0	0	0	0.538	0.5	0
9606.ENSP00000265038	9606.ENSP00000350512	ERCC8	COPS5	9606	0.757	0	0	0	0	0.535	0.5	0
9606.ENSP00000265038	9606.ENSP00000359385	ERCC8	GLMN	9606	0.72	0	0	0	0	0	0.72	0
9606.ENSP00000265038	9606.ENSP00000265081	ERCC8	MSH3	9606	0.72	0	0	0	0	0	0.72	0
9606.ENSP00000265038	9606.ENSP00000299259	ERCC8	COPS2	9606	0.716	0	0	0	0	0.457	0.5	0
9606.ENSP00000265038	9606.ENSP00000304102	ERCC8	COPS6	9606	0.716	0	0	0	0	0.457	0.5	0
9606.ENSP00000265038	9606.ENSP00000424655	ERCC8	COPS4	9606	0.716	0	0	0	0	0.457	0.5	0
9606.ENSP00000265038	9606.ENSP00000346340	ERCC8	COPS8	9606	0.716	0	0	0	0	0.457	0.5	0
9606.ENSP00000265038	9606.ENSP00000446039	ERCC8	COPS7A	9606	0.716	0	0	0	0	0.457	0.5	0
9606.ENSP00000265081	9606.ENSP00000234420	MSH3	MSH6	9606	0.999	0	0	0	0	0.694	0.9	0.987
9606.ENSP00000265081	9606.ENSP00000233146	MSH3	MSH2	9606	0.999	0	0	0	0	0.968	0.9	0.987
9606.ENSP00000265081	9606.ENSP00000231790	MSH3	MLH1	9606	0.996	0	0	0	0	0.574	0.54	0.983
9606.ENSP00000265081	9606.ENSP00000265849	MSH3	PMS2	9606	0.99	0	0	0	0	0.346	0.54	0.969
9606.ENSP00000265081	9606.ENSP00000348020	MSH3	MLH3	9606	0.985	0	0	0	0	0.248	0.54	0.961
9606.ENSP00000265081	9606.ENSP00000406490	MSH3	PMS1	9606	0.978	0	0	0	0	0.248	0.54	0.943
9606.ENSP00000265081	9606.ENSP00000355506	MSH3	EXO1	9606	0.922	0	0	0	0	0.292	0.5	0.799
9606.ENSP00000265081	9606.ENSP00000294008	MSH3	SLX4	9606	0.857	0	0	0	0	0.292	0	0.807
9606.ENSP00000265081	9606.ENSP00000368458	MSH3	PCNA	9606	0.808	0	0	0	0	0.622	0.5	0.065
9606.ENSP00000265081	9606.ENSP00000278616	MSH3	ATM	9606	0.802	0	0	0	0	0	0.72	0.323
9606.ENSP00000265081	9606.ENSP00000310520	MSH3	ERCC4	9606	0.743	0	0	0	0	0	0.72	0.12
9606.ENSP00000265081	9606.ENSP00000498881	MSH3	ERCC5	9606	0.737	0	0	0	0	0	0.72	0.102
9606.ENSP00000265081	9606.ENSP00000222990	MSH3	SNX8	9606	0.734	0	0	0	0	0.734	0	0
9606.ENSP00000265081	9606.ENSP00000352257	MSH3	XRCC6	9606	0.722	0	0	0	0	0	0.72	0.051
9606.ENSP00000265081	9606.ENSP00000472445	MSH3	POLD1	9606	0.72	0	0	0	0	0	0.72	0
9606.ENSP00000265081	9606.ENSP00000013807	MSH3	ERCC1	9606	0.72	0	0	0	0	0	0.72	0
9606.ENSP00000265081	9606.ENSP00000367527	MSH3	DCLRE1C	9606	0.72	0	0	0	0	0	0.72	0
9606.ENSP00000265081	9606.ENSP00000382218	MSH3	ZSWIM7	9606	0.72	0	0	0	0	0	0.72	0
9606.ENSP00000265081	9606.ENSP00000484288	MSH3	LIG4	9606	0.72	0	0	0	0	0	0.72	0
9606.ENSP00000265081	9606.ENSP00000359300	MSH3	CETN2	9606	0.72	0	0	0	0	0	0.72	0
9606.ENSP00000265081	9606.ENSP00000300145	MSH3	ATP23	9606	0.72	0	0	0	0	0	0.72	0
9606.ENSP00000265081	9606.ENSP00000313420	MSH3	PRKDC	9606	0.72	0	0	0	0	0	0.72	0
9606.ENSP00000265081	9606.ENSP00000398824	MSH3	PHF21A	9606	0.72	0	0	0	0	0	0.72	0
9606.ENSP00000265081	9606.ENSP00000265038	MSH3	ERCC8	9606	0.72	0	0	0	0	0	0.72	0
9606.ENSP00000265081	9606.ENSP00000350708	MSH3	RAD23B	9606	0.72	0	0	0	0	0	0.72	0
9606.ENSP00000265081	9606.ENSP00000262241	MSH3	RCOR1	9606	0.72	0	0	0	0	0	0.72	0
9606.ENSP00000265081	9606.ENSP00000421491	MSH3	XRCC4	9606	0.72	0	0	0	0	0	0.72	0
9606.ENSP00000265081	9606.ENSP00000285021	MSH3	XPC	9606	0.72	0	0	0	0	0	0.72	0
9606.ENSP00000265081	9606.ENSP00000349313	MSH3	NHEJ1	9606	0.72	0	0	0	0	0	0.72	0
9606.ENSP00000265081	9606.ENSP00000360682	MSH3	PAXX	9606	0.72	0	0	0	0	0	0.72	0
9606.ENSP00000265081	9606.ENSP00000310008	MSH3	SWSAP1	9606	0.72	0	0	0	0	0	0.72	0
9606.ENSP00000265081	9606.ENSP00000383042	MSH3	KDM1A	9606	0.72	0	0	0	0	0	0.72	0
9606.ENSP00000265081	9606.ENSP00000375978	MSH3	XRCC5	9606	0.72	0	0	0	0	0	0.72	0
9606.ENSP00000267199	9606.ENSP00000481126	VPS33A	VPS11	9606	0.999	0	0	0	0	0.805	0.9	0.982
9606.ENSP00000267199	9606.ENSP00000369810	VPS33A	VPS16	9606	0.999	0	0	0	0	0.985	0.9	0.987
9606.ENSP00000267199	9606.ENSP00000335193	VPS33A	VPS39	9606	0.999	0	0	0	0	0.829	0.9	0.973
9606.ENSP00000267199	9606.ENSP00000220509	VPS33A	VPS18	9606	0.999	0	0	0	0	0.834	0.9	0.987
9606.ENSP00000267199	9606.ENSP00000309457	VPS33A	VPS41	9606	0.989	0	0	0	0	0.795	0.9	0.528
9606.ENSP00000267199	9606.ENSP00000377027	VPS33A	TGFBRAP1	9606	0.929	0	0	0	0	0.784	0.54	0.348
9606.ENSP00000267199	9606.ENSP00000327650	VPS33A	VPS33B	9606	0.9	0	0	0	0	0	0.9	0
9606.ENSP00000267199	9606.ENSP00000495563	VPS33A	VPS45	9606	0.892	0	0	0	0	0.3	0.8	0.297
9606.ENSP00000267199	9606.ENSP00000487164	VPS33A	VPS8	9606	0.871	0	0	0	0	0.604	0.54	0.349
9606.ENSP00000267199	9606.ENSP00000259400	VPS33A	STX17	9606	0.802	0	0	0	0	0.506	0	0.615
9606.ENSP00000268712	9606.ENSP00000378402	NCOR1	SIN3A	9606	0.999	0	0	0	0	0.457	0.9	0.984
9606.ENSP00000268712	9606.ENSP00000254066	NCOR1	RARA	9606	0.999	0	0	0	0	0.96	0.5	0.959
9606.ENSP00000268712	9606.ENSP00000356426	NCOR1	TAB2	9606	0.998	0	0	0	0	0.364	0.9	0.974
9606.ENSP00000268712	9606.ENSP00000384371	NCOR1	BCL6	9606	0.998	0	0	0	0	0.945	0	0.965
9606.ENSP00000268712	9606.ENSP00000405330	NCOR1	ESR1	9606	0.998	0	0	0	0	0.457	0.9	0.968
9606.ENSP00000268712	9606.ENSP00000302967	NCOR1	HDAC3	9606	0.998	0	0	0	0	0.468	0.8	0.985
9606.ENSP00000268712	9606.ENSP00000287820	NCOR1	PPARG	9606	0.998	0	0	0	0	0.946	0.5	0.957
9606.ENSP00000268712	9606.ENSP00000384018	NCOR1	NCOR2	9606	0.997	0	0	0	0	0.457	0.8	0.982
9606.ENSP00000268712	9606.ENSP00000362649	NCOR1	HDAC1	9606	0.997	0	0	0	0	0.306	0.8	0.984
9606.ENSP00000268712	9606.ENSP00000379841	NCOR1	GPS2	9606	0.997	0	0	0	0	0.457	0.9	0.966
9606.ENSP00000268712	9606.ENSP00000495556	NCOR1	TBL1X	9606	0.996	0	0	0	0	0.571	0.5	0.985
9606.ENSP00000268712	9606.ENSP00000246672	NCOR1	NR1D1	9606	0.996	0	0	0	0	0.742	0.5	0.975
9606.ENSP00000268712	9606.ENSP00000264606	NCOR1	HDAC4	9606	0.995	0	0	0	0	0.459	0.5	0.983
9606.ENSP00000268712	9606.ENSP00000395535	NCOR1	MECP2	9606	0.994	0	0	0	0	0.457	0.5	0.98
9606.ENSP00000268712	9606.ENSP00000405574	NCOR1	TBL1XR1	9606	0.993	0	0	0	0	0.571	0.5	0.973
9606.ENSP00000268712	9606.ENSP00000372499	NCOR1	TBL1Y	9606	0.991	0	0	0	0	0.461	0	0.984
9606.ENSP00000268712	9606.ENSP00000325120	NCOR1	PGR	9606	0.988	0	0	0	0	0.926	0.5	0.709
9606.ENSP00000268712	9606.ENSP00000212015	NCOR1	SIRT1	9606	0.988	0	0	0	0	0.481	0	0.978
9606.ENSP00000268712	9606.ENSP00000430432	NCOR1	HDAC2	9606	0.982	0	0	0	0	0.061	0.8	0.915
9606.ENSP00000268712	9606.ENSP00000231509	NCOR1	NR3C1	9606	0.981	0	0	0	0	0.943	0.5	0.4
9606.ENSP00000268712	9606.ENSP00000310006	NCOR1	NR1D2	9606	0.98	0	0	0	0	0.943	0.5	0.367
9606.ENSP00000268712	9606.ENSP00000447149	NCOR1	NR1H4	9606	0.968	0	0	0	0	0.926	0.5	0.216
9606.ENSP00000268712	9606.ENSP00000262241	NCOR1	RCOR1	9606	0.964	0	0	0	0	0	0	0.964
9606.ENSP00000268712	9606.ENSP00000385523	NCOR1	PPARA	9606	0.94	0	0	0	0	0.483	0.5	0.79
9606.ENSP00000268712	9606.ENSP00000343925	NCOR1	ESR2	9606	0.939	0	0	0	0	0	0.9	0.415
9606.ENSP00000268712	9606.ENSP00000408617	NCOR1	HDAC9	9606	0.938	0	0	0	0	0.294	0.5	0.839
9606.ENSP00000268712	9606.ENSP00000345206	NCOR1	RBPJ	9606	0.934	0	0	0	0	0	0.5	0.874
9606.ENSP00000268712	9606.ENSP00000363822	NCOR1	AR	9606	0.924	0	0	0	0	0.457	0.5	0.745
9606.ENSP00000268712	9606.ENSP00000225983	NCOR1	HDAC5	9606	0.919	0	0	0	0	0.459	0.5	0.726
9606.ENSP00000268712	9606.ENSP00000080059	NCOR1	HDAC7	9606	0.914	0	0	0	0	0.339	0.5	0.762
9606.ENSP00000268712	9606.ENSP00000347184	NCOR1	HTT	9606	0.9	0	0	0	0	0.421	0	0.836
9606.ENSP00000268712	9606.ENSP00000310928	NCOR1	PPARD	9606	0.894	0	0	0	0	0.483	0.5	0.623
9606.ENSP00000268712	9606.ENSP00000450969	NCOR1	ZBTB33	9606	0.892	0	0	0	0	0.292	0	0.855
9606.ENSP00000268712	9606.ENSP00000332973	NCOR1	SMAD3	9606	0.887	0	0	0	0	0	0.5	0.784
9606.ENSP00000268712	9606.ENSP00000415243	NCOR1	SKIL	9606	0.886	0	0	0	0	0.457	0.5	0.617
9606.ENSP00000268712	9606.ENSP00000231572	NCOR1	RARS1	9606	0.885	0	0	0	0	0	0	0.885
9606.ENSP00000268712	9606.ENSP00000361473	NCOR1	KDM4A	9606	0.883	0	0	0	0	0.457	0	0.794
9606.ENSP00000268712	9606.ENSP00000379904	NCOR1	THRB	9606	0.882	0	0	0	0	0.457	0.65	0.429
9606.ENSP00000268712	9606.ENSP00000419692	NCOR1	RXRA	9606	0.881	0	0	0	0	0.463	0.65	0.418
9606.ENSP00000268712	9606.ENSP00000262238	NCOR1	YY1	9606	0.874	0	0	0	0	0	0.8	0.397
9606.ENSP00000268712	9606.ENSP00000308413	NCOR1	RPS6KB2	9606	0.87	0	0	0	0	0	0	0.87
9606.ENSP00000268712	9606.ENSP00000264637	NCOR1	THRA	9606	0.867	0	0	0	0	0.457	0.65	0.356
9606.ENSP00000268712	9606.ENSP00000257749	NCOR1	BACH2	9606	0.854	0	0	0	0	0.164	0	0.832
9606.ENSP00000268712	9606.ENSP00000335153	NCOR1	HSP90AA1	9606	0.845	0	0	0	0	0	0	0.845
9606.ENSP00000268712	9606.ENSP00000360609	NCOR1	HSP90AB1	9606	0.845	0	0	0	0	0	0	0.845
9606.ENSP00000268712	9606.ENSP00000253024	NCOR1	TRIM28	9606	0.827	0	0	0	0	0.457	0	0.695
9606.ENSP00000268712	9606.ENSP00000352516	NCOR1	DNMT1	9606	0.825	0	0	0	0	0.292	0	0.764
9606.ENSP00000268712	9606.ENSP00000325819	NCOR1	NR2F1	9606	0.821	0	0	0	0	0	0.5	0.656
9606.ENSP00000268712	9606.ENSP00000369424	NCOR1	RBBP7	9606	0.819	0	0	0	0	0	0.5	0.653
9606.ENSP00000268712	9606.ENSP00000477707	NCOR1	NR1H3	9606	0.817	0	0	0	0	0.483	0.5	0.349
9606.ENSP00000268712	9606.ENSP00000355568	NCOR1	IRF2BP2	9606	0.811	0	0	0	0	0.292	0	0.745
9606.ENSP00000268712	9606.ENSP00000367797	NCOR1	SKI	9606	0.809	0	0	0	0	0.457	0.5	0.356
9606.ENSP00000268712	9606.ENSP00000362592	NCOR1	RBBP4	9606	0.809	0	0	0	0	0.221	0.5	0.55
9606.ENSP00000268712	9606.ENSP00000338157	NCOR1	ZBTB16	9606	0.806	0	0	0	0	0.457	0	0.658
9606.ENSP00000268712	9606.ENSP00000364912	NCOR1	SPEN	9606	0.801	0	0	0	0	0.292	0	0.73
9606.ENSP00000268712	9606.ENSP00000262713	NCOR1	AJUBA	9606	0.8	0	0	0	0	0	0.8	0
9606.ENSP00000268712	9606.ENSP00000494538	NCOR1	CTCF	9606	0.8	0	0	0	0	0	0.8	0
9606.ENSP00000268712	9606.ENSP00000363817	NCOR1	RXRB	9606	0.8	0	0	0	0	0.053	0.65	0.447
9606.ENSP00000268712	9606.ENSP00000482063	NCOR1	PCGF2	9606	0.8	0	0	0	0	0	0.8	0
9606.ENSP00000268712	9606.ENSP00000296504	NCOR1	SAP30	9606	0.797	0	0	0	0	0.457	0	0.642
9606.ENSP00000268712	9606.ENSP00000499121	NCOR1	NR1H2	9606	0.79	0	0	0	0	0.483	0.5	0.253
9606.ENSP00000268712	9606.ENSP00000342235	NCOR1	ERBB4	9606	0.785	0	0	0	0	0.292	0.5	0.444
9606.ENSP00000268712	9606.ENSP00000341551	NCOR1	SMAD4	9606	0.776	0	0	0	0	0.292	0.5	0.42
9606.ENSP00000268712	9606.ENSP00000483059	NCOR1	NR2C2	9606	0.766	0	0	0	0	0.292	0.5	0.393
9606.ENSP00000268712	9606.ENSP00000333275	NCOR1	NR2C1	9606	0.738	0	0	0	0	0.226	0.5	0.378
9606.ENSP00000268712	9606.ENSP00000369131	NCOR1	SIN3B	9606	0.725	0	0	0	0	0	0	0.725
9606.ENSP00000268712	9606.ENSP00000244537	NCOR1	H4C6	9606	0.716	0	0	0	0	0.457	0.5	0
9606.ENSP00000268712	9606.ENSP00000254480	NCOR1	SMARCC1	9606	0.703	0	0	0	0	0.292	0	0.598
9606.ENSP00000269305	9606.ENSP00000263253	TP53	EP300	9606	0.999	0	0	0	0	0.964	0.5	0.982
9606.ENSP00000269305	9606.ENSP00000262367	TP53	CREBBP	9606	0.999	0	0	0	0	0.96	0.7	0.982
9606.ENSP00000269305	9606.ENSP00000365230	TP53	BCL2L1	9606	0.999	0	0	0	0	0.955	0	0.982
9606.ENSP00000269305	9606.ENSP00000258149	TP53	MDM2	9606	0.999	0	0	0	0	0.964	0.7	0.983
9606.ENSP00000269305	9606.ENSP00000356150	TP53	MDM4	9606	0.999	0	0	0	0	0.96	0.7	0.983
9606.ENSP00000269305	9606.ENSP00000381185	TP53	BCL2	9606	0.999	0	0	0	0	0.618	0.9	0.982
9606.ENSP00000269305	9606.ENSP00000341957	TP53	TP53BP2	9606	0.999	0	0	0	0	0.96	0.5	0.982
9606.ENSP00000269305	9606.ENSP00000371475	TP53	TP53BP1	9606	0.999	0	0	0	0	0.96	0	0.982
9606.ENSP00000269305	9606.ENSP00000347184	TP53	HTT	9606	0.996	0	0	0	0	0.307	0.8	0.979
9606.ENSP00000269305	9606.ENSP00000354218	TP53	PPP1R13L	9606	0.995	0	0	0	0	0.96	0.5	0.783
9606.ENSP00000269305	9606.ENSP00000254719	TP53	RPA1	9606	0.993	0	0	0	0	0.943	0	0.891
9606.ENSP00000269305	9606.ENSP00000418960	TP53	BRCA1	9606	0.993	0	0	0	0	0.642	0	0.982
9606.ENSP00000269305	9606.ENSP00000497594	TP53	UBE3A	9606	0.992	0	0	0	0	0.618	0	0.981
9606.ENSP00000269305	9606.ENSP00000335153	TP53	HSP90AA1	9606	0.992	0	0	0	0	0.618	0	0.981
9606.ENSP00000269305	9606.ENSP00000493712	TP53	RAD51	9606	0.99	0	0	0	0	0.642	0	0.974
9606.ENSP00000269305	9606.ENSP00000291700	TP53	S100B	9606	0.989	0	0	0	0	0.457	0	0.982
9606.ENSP00000269305	9606.ENSP00000345347	TP53	HMGB1	9606	0.989	0	0	0	0	0.955	0	0.761
9606.ENSP00000269305	9606.ENSP00000297185	TP53	HSPA9	9606	0.989	0	0	0	0	0.457	0	0.981
9606.ENSP00000269305	9606.ENSP00000425979	TP53	DROSHA	9606	0.989	0	0	0	0	0.457	0	0.982
9606.ENSP00000269305	9606.ENSP00000362649	TP53	HDAC1	9606	0.988	0	0	0	0	0.657	0	0.967
9606.ENSP00000269305	9606.ENSP00000387699	TP53	CREB1	9606	0.987	0	0	0	0	0.542	0	0.974
9606.ENSP00000269305	9606.ENSP00000225174	TP53	PPIF	9606	0.986	0	0	0	0	0.292	0	0.982
9606.ENSP00000269305	9606.ENSP00000352516	TP53	DNMT1	9606	0.984	0	0	0	0	0.457	0	0.973
9606.ENSP00000269305	9606.ENSP00000340989	TP53	SFN	9606	0.983	0	0	0	0	0.96	0	0.6
9606.ENSP00000269305	9606.ENSP00000360609	TP53	HSP90AB1	9606	0.983	0	0	0	0	0.226	0	0.98
9606.ENSP00000269305	9606.ENSP00000225792	TP53	DDX5	9606	0.983	0	0	0	0	0.457	0	0.97
9606.ENSP00000269305	9606.ENSP00000357704	TP53	S100A4	9606	0.982	0	0	0	0	0.526	0	0.964
9606.ENSP00000269305	9606.ENSP00000363377	TP53	FOXO4	9606	0.982	0	0	0	0	0	0	0.982
9606.ENSP00000269305	9606.ENSP00000497916	TP53	NDN	9606	0.982	0	0	0	0	0.457	0	0.969
9606.ENSP00000269305	9606.ENSP00000343535	TP53	USP7	9606	0.982	0	0	0	0	0.618	0.5	0.916
9606.ENSP00000269305	9606.ENSP00000437955	TP53	HIF1A	9606	0.981	0	0	0	0	0.621	0	0.954
9606.ENSP00000269305	9606.ENSP00000357113	TP53	IFI16	9606	0.976	0	0	0	0	0.483	0	0.957
9606.ENSP00000269305	9606.ENSP00000360266	TP53	JUN	9606	0.975	0	0	0	0	0.324	0.5	0.934
9606.ENSP00000269305	9606.ENSP00000339527	TP53	FOXO3	9606	0.974	0	0	0	0	0.542	0	0.947
9606.ENSP00000269305	9606.ENSP00000402107	TP53	L3MBTL1	9606	0.974	0	0	0	0	0.488	0.7	0.85
9606.ENSP00000269305	9606.ENSP00000481380	TP53	CCNA2	9606	0.974	0	0	0	0	0.292	0	0.965
9606.ENSP00000269305	9606.ENSP00000317872	TP53	RBBP6	9606	0.973	0	0	0	0	0.292	0	0.964
9606.ENSP00000269305	9606.ENSP00000302961	TP53	HSPA4	9606	0.973	0	0	0	0	0.618	0	0.933
9606.ENSP00000269305	9606.ENSP00000378181	TP53	BRD7	9606	0.971	0	0	0	0	0.457	0.5	0.902
9606.ENSP00000269305	9606.ENSP00000376077	TP53	SUMO1	9606	0.97	0	0	0	0	0.57	0.9	0.371
9606.ENSP00000269305	9606.ENSP00000025008	TP53	RB1CC1	9606	0.969	0	0	0	0	0.457	0	0.946
9606.ENSP00000269305	9606.ENSP00000499289	TP53	S100A2	9606	0.968	0	0	0	0	0.307	0	0.957
9606.ENSP00000269305	9606.ENSP00000216911	TP53	AURKA	9606	0.963	0	0	0	0	0.457	0	0.935
9606.ENSP00000269305	9606.ENSP00000230354	TP53	TBP	9606	0.963	0	0	0	0	0.457	0	0.936
9606.ENSP00000269305	9606.ENSP00000354476	TP53	SREBF2	9606	0.963	0	0	0	0	0.363	0	0.945
9606.ENSP00000269305	9606.ENSP00000324806	TP53	GSK3B	9606	0.963	0	0	0	0	0.457	0	0.935
9606.ENSP00000269305	9606.ENSP00000344635	TP53	CCNG1	9606	0.962	0	0	0	0	0.457	0	0.933
9606.ENSP00000269305	9606.ENSP00000346032	TP53	ANXA2	9606	0.961	0	0	0	0	0.937	0	0.409
9606.ENSP00000269305	9606.ENSP00000363124	TP53	PHF20	9606	0.959	0	0	0	0	0.292	0.7	0.823
9606.ENSP00000269305	9606.ENSP00000478887	TP53	MYC	9606	0.958	0	0	0	0	0.3	0	0.943
9606.ENSP00000269305	9606.ENSP00000262160	TP53	SMAD2	9606	0.957	0	0	0	0	0.542	0	0.91
9606.ENSP00000269305	9606.ENSP00000263377	TP53	BRD4	9606	0.957	0	0	0	0	0.457	0	0.924
9606.ENSP00000269305	9606.ENSP00000266000	TP53	DAXX	9606	0.953	0	0	0	0	0.657	0	0.87
9606.ENSP00000269305	9606.ENSP00000380033	TP53	DDX17	9606	0.952	0	0	0	0	0.364	0	0.928
9606.ENSP00000269305	9606.ENSP00000212015	TP53	SIRT1	9606	0.95	0	0	0	0	0.457	0	0.913
9606.ENSP00000269305	9606.ENSP00000379287	TP53	YWHAZ	9606	0.948	0	0	0	0	0.465	0	0.908
9606.ENSP00000269305	9606.ENSP00000244050	TP53	SNAI1	9606	0.948	0	0	0	0	0.457	0	0.909
9606.ENSP00000269305	9606.ENSP00000352925	TP53	TRRAP	9606	0.946	0	0	0	0	0.457	0	0.906
9606.ENSP00000269305	9606.ENSP00000296930	TP53	NPM1	9606	0.944	0	0	0	0	0.549	0	0.883
9606.ENSP00000269305	9606.ENSP00000202556	TP53	PPP1R13B	9606	0.943	0	0	0	0	0.457	0.5	0.808
9606.ENSP00000269305	9606.ENSP00000340330	TP53	KAT5	9606	0.943	0	0	0	0	0.457	0	0.901
9606.ENSP00000269305	9606.ENSP00000343896	TP53	SMARCA4	9606	0.941	0	0	0	0	0.457	0	0.896
9606.ENSP00000269305	9606.ENSP00000340883	TP53	SMARCB1	9606	0.938	0	0	0	0	0.292	0	0.917
9606.ENSP00000269305	9606.ENSP00000405965	TP53	SUMO2	9606	0.937	0	0	0	0	0.397	0.9	0
9606.ENSP00000269305	9606.ENSP00000301727	TP53	E4F1	9606	0.935	0	0	0	0	0.457	0	0.886
9606.ENSP00000269305	9606.ENSP00000385571	TP53	HIPK2	9606	0.933	0	0	0	0	0.457	0.5	0.775
9606.ENSP00000269305	9606.ENSP00000490767	TP53	ING5	9606	0.932	0	0	0	0	0.457	0.5	0.773
9606.ENSP00000269305	9606.ENSP00000395772	TP53	GNL3	9606	0.926	0	0	0	0	0.457	0	0.871
9606.ENSP00000269305	9606.ENSP00000372023	TP53	CHEK2	9606	0.926	0	0	0	0	0.457	0	0.87
9606.ENSP00000269305	9606.ENSP00000420588	TP53	TFAM	9606	0.922	0	0	0	0	0	0	0.922
9606.ENSP00000269305	9606.ENSP00000226574	TP53	NFKB1	9606	0.921	0	0	0	0	0	0	0.921
9606.ENSP00000269305	9606.ENSP00000437125	TP53	HSPA8	9606	0.92	0	0	0	0	0.457	0	0.859
9606.ENSP00000269305	9606.ENSP00000353344	TP53	ETS2	9606	0.918	0	0	0	0	0.457	0	0.856
9606.ENSP00000269305	9606.ENSP00000281456	TP53	SLC25A4	9606	0.912	0	0	0	0	0	0	0.912
9606.ENSP00000269305	9606.ENSP00000433623	TP53	TRAF6	9606	0.911	0	0	0	0	0.292	0	0.88
9606.ENSP00000269305	9606.ENSP00000362441	TP53	ATRX	9606	0.909	0	0	0	0	0.457	0	0.84
9606.ENSP00000269305	9606.ENSP00000303754	TP53	PPID	9606	0.906	0	0	0	0	0.292	0	0.873
9606.ENSP00000269305	9606.ENSP00000380024	TP53	ING4	9606	0.905	0	0	0	0	0.618	0	0.764
9606.ENSP00000269305	9606.ENSP00000376436	TP53	ETS1	9606	0.904	0	0	0	0	0.457	0	0.832
9606.ENSP00000269305	9606.ENSP00000329357	TP53	SP1	9606	0.903	0	0	0	0	0.457	0	0.829
9606.ENSP00000269305	9606.ENSP00000484824	TP53	MUC1	9606	0.901	0	0	0	0	0.292	0	0.867
9606.ENSP00000269305	9606.ENSP00000379441	TP53	JMY	9606	0.901	0	0	0	0	0.292	0.5	0.743
9606.ENSP00000269305	9606.ENSP00000317992	TP53	NOC2L	9606	0.901	0	0	0	0	0.457	0.7	0.446
9606.ENSP00000269305	9606.ENSP00000318635	TP53	SUMO4	9606	0.9	0	0	0	0	0	0.9	0
9606.ENSP00000269305	9606.ENSP00000406549	TP53	TAF1	9606	0.894	0	0	0	0	0.457	0	0.813
9606.ENSP00000269305	9606.ENSP00000415430	TP53	GTSE1	9606	0.894	0	0	0	0	0	0.7	0.663
9606.ENSP00000269305	9606.ENSP00000215832	TP53	MAPK1	9606	0.893	0	0	0	0	0.542	0	0.778
9606.ENSP00000269305	9606.ENSP00000338927	TP53	ZNF385A	9606	0.893	0	0	0	0	0.292	0.7	0.54
9606.ENSP00000269305	9606.ENSP00000364801	TP53	HSPA1B	9606	0.89	0	0	0	0	0.542	0	0.77
9606.ENSP00000269305	9606.ENSP00000406162	TP53	PRMT1	9606	0.889	0	0	0	0	0.292	0.5	0.713
9606.ENSP00000269305	9606.ENSP00000370193	TP53	TAF9	9606	0.889	0	0	0	0	0.457	0	0.804
9606.ENSP00000269305	9606.ENSP00000251810	TP53	RRM2B	9606	0.888	0	0	0	0	0.457	0	0.803
9606.ENSP00000269305	9606.ENSP00000242261	TP53	TWIST1	9606	0.885	0	0	0	0	0.457	0	0.798
9606.ENSP00000269305	9606.ENSP00000325690	TP53	CARM1	9606	0.882	0	0	0	0	0.455	0.5	0.605
9606.ENSP00000269305	9606.ENSP00000368370	TP53	WT1	9606	0.88	0	0	0	0	0.457	0	0.789
9606.ENSP00000269305	9606.ENSP00000356641	TP53	COP1	9606	0.88	0	0	0	0	0.618	0.7	0
9606.ENSP00000269305	9606.ENSP00000348056	TP53	UBE2I	9606	0.88	0	0	0	0	0.621	0	0.698
9606.ENSP00000269305	9606.ENSP00000300093	TP53	PLK1	9606	0.877	0	0	0	0	0.465	0	0.781
9606.ENSP00000269305	9606.ENSP00000321239	TP53	RCHY1	9606	0.875	0	0	0	0	0.524	0	0.75
9606.ENSP00000269305	9606.ENSP00000430432	TP53	HDAC2	9606	0.874	0	0	0	0	0.564	0	0.725
9606.ENSP00000269305	9606.ENSP00000344352	TP53	ATF3	9606	0.873	0	0	0	0	0.457	0	0.777
9606.ENSP00000269305	9606.ENSP00000263209	TP53	DGCR8	9606	0.871	0	0	0	0	0.292	0	0.826
9606.ENSP00000269305	9606.ENSP00000369497	TP53	BRCA2	9606	0.87	0	0	0	0	0.642	0	0.653
9606.ENSP00000269305	9606.ENSP00000350512	TP53	COPS5	9606	0.865	0	0	0	0	0.457	0	0.763
9606.ENSP00000269305	9606.ENSP00000376902	TP53	BANP	9606	0.863	0	0	0	0	0.457	0.7	0.227
9606.ENSP00000269305	9606.ENSP00000378402	TP53	SIN3A	9606	0.862	0	0	0	0	0.457	0.5	0.535
9606.ENSP00000269305	9606.ENSP00000254322	TP53	DNAJB1	9606	0.86	0	0	0	0	0.457	0	0.753
9606.ENSP00000269305	9606.ENSP00000384273	TP53	RELA	9606	0.858	0	0	0	0	0.448	0	0.755
9606.ENSP00000269305	9606.ENSP00000332973	TP53	SMAD3	9606	0.858	0	0	0	0	0.457	0	0.749
9606.ENSP00000269305	9606.ENSP00000358716	TP53	DDX20	9606	0.853	0	0	0	0	0.364	0	0.779
9606.ENSP00000269305	9606.ENSP00000303373	TP53	H2AC8	9606	0.852	0	0	0	0	0.852	0	0
9606.ENSP00000269305	9606.ENSP00000319169	TP53	PRMT5	9606	0.851	0	0	0	0	0.446	0.5	0.508
9606.ENSP00000269305	9606.ENSP00000345571	TP53	E2F1	9606	0.85	0	0	0	0	0.457	0	0.736
9606.ENSP00000269305	9606.ENSP00000378414	TP53	SMARCD1	9606	0.846	0	0	0	0	0.292	0	0.792
9606.ENSP00000269305	9606.ENSP00000501092	TP53	TFAP2A	9606	0.844	0	0	0	0	0.457	0	0.725
9606.ENSP00000269305	9606.ENSP00000265963	TP53	GTF2H1	9606	0.841	0	0	0	0	0.576	0	0.642
9606.ENSP00000269305	9606.ENSP00000405330	TP53	ESR1	9606	0.841	0	0	0	0	0.457	0	0.72
9606.ENSP00000269305	9606.ENSP00000251871	TP53	MED17	9606	0.84	0	0	0	0	0.292	0	0.784
9606.ENSP00000269305	9606.ENSP00000264731	TP53	TP63	9606	0.839	0	0	0	0	0.457	0.7	0.096
9606.ENSP00000269305	9606.ENSP00000382800	TP53	RUNX3	9606	0.837	0	0	0	0	0.292	0.7	0.298
9606.ENSP00000269305	9606.ENSP00000306245	TP53	FOS	9606	0.836	0	0	0	0	0.23	0.5	0.609
9606.ENSP00000269305	9606.ENSP00000216714	TP53	APEX1	9606	0.833	0	0	0	0	0.457	0	0.706
9606.ENSP00000269305	9606.ENSP00000248553	TP53	HSPB1	9606	0.832	0	0	0	0	0.657	0	0.532
9606.ENSP00000269305	9606.ENSP00000247970	TP53	PIN1	9606	0.83	0	0	0	0	0.457	0.5	0.426
9606.ENSP00000269305	9606.ENSP00000361186	TP53	TP53RK	9606	0.827	0	0	0	0	0.457	0	0.695
9606.ENSP00000269305	9606.ENSP00000377681	TP53	G3BP1	9606	0.824	0	0	0	0	0.292	0	0.762
9606.ENSP00000269305	9606.ENSP00000354522	TP53	TOP1	9606	0.822	0	0	0	0	0.457	0	0.687
9606.ENSP00000269305	9606.ENSP00000244537	TP53	H4C6	9606	0.821	0	0	0	0	0.821	0	0
9606.ENSP00000269305	9606.ENSP00000264657	TP53	STAT3	9606	0.819	0	0	0	0	0.164	0	0.793
9606.ENSP00000269305	9606.ENSP00000225916	TP53	KAT2A	9606	0.819	0	0	0	0	0.457	0	0.682
9606.ENSP00000269305	9606.ENSP00000320485	TP53	ARID1A	9606	0.815	0	0	0	0	0.292	0	0.749
9606.ENSP00000269305	9606.ENSP00000384863	TP53	XPO1	9606	0.813	0	0	0	0	0.457	0	0.671
9606.ENSP00000269305	9606.ENSP00000263754	TP53	KAT2B	9606	0.812	0	0	0	0	0.457	0	0.669
9606.ENSP00000269305	9606.ENSP00000353735	TP53	TOPORS	9606	0.809	0	0	0	0	0.457	0	0.664
9606.ENSP00000269305	9606.ENSP00000462667	TP53	H4C14	9606	0.808	0	0	0	0	0.8	0	0.084
9606.ENSP00000269305	9606.ENSP00000427514	TP53	CEBPA	9606	0.805	0	0	0	0	0	0	0.805
9606.ENSP00000269305	9606.ENSP00000359531	TP53	GTF2B	9606	0.804	0	0	0	0	0	0	0.804
9606.ENSP00000269305	9606.ENSP00000256925	TP53	CABLES1	9606	0.802	0	0	0	0	0.457	0	0.652
9606.ENSP00000269305	9606.ENSP00000352252	TP53	H3C12	9606	0.8	0	0	0	0	0.8	0	0
9606.ENSP00000269305	9606.ENSP00000489282	TP53	H3C6	9606	0.8	0	0	0	0	0.8	0	0
9606.ENSP00000269305	9606.ENSP00000347168	TP53	H4C11	9606	0.8	0	0	0	0	0.8	0	0
9606.ENSP00000269305	9606.ENSP00000484658	TP53	H3C3	9606	0.8	0	0	0	0	0.8	0	0
9606.ENSP00000269305	9606.ENSP00000480960	TP53	H4C13	9606	0.8	0	0	0	0	0.8	0	0
9606.ENSP00000269305	9606.ENSP00000484789	TP53	H4C5	9606	0.8	0	0	0	0	0.8	0	0
9606.ENSP00000269305	9606.ENSP00000479106	TP53	H4C1	9606	0.8	0	0	0	0	0.8	0	0
9606.ENSP00000269305	9606.ENSP00000358160	TP53	H3C10	9606	0.8	0	0	0	0	0.8	0	0
9606.ENSP00000269305	9606.ENSP00000484095	TP53	H3C7	9606	0.8	0	0	0	0	0.8	0	0
9606.ENSP00000269305	9606.ENSP00000367034	TP53	H4C3	9606	0.8	0	0	0	0	0.8	0	0
9606.ENSP00000269305	9606.ENSP00000366974	TP53	H4C2	9606	0.8	0	0	0	0	0.8	0	0
9606.ENSP00000269305	9606.ENSP00000479461	TP53	H4C4	9606	0.8	0	0	0	0	0.8	0	0
9606.ENSP00000269305	9606.ENSP00000489236	TP53	H4C8	9606	0.8	0	0	0	0	0.8	0	0
9606.ENSP00000269305	9606.ENSP00000462355	TP53	H4C15	9606	0.8	0	0	0	0	0.8	0	0
9606.ENSP00000269305	9606.ENSP00000443017	TP53	H4-16	9606	0.8	0	0	0	0	0.8	0	0
9606.ENSP00000269305	9606.ENSP00000483842	TP53	H2AC4	9606	0.8	0	0	0	0	0.8	0	0
9606.ENSP00000269305	9606.ENSP00000484841	TP53	H3C2	9606	0.8	0	0	0	0	0.8	0	0
9606.ENSP00000269305	9606.ENSP00000476136	TP53	H2BC11	9606	0.8	0	0	0	0	0.8	0	0
9606.ENSP00000269305	9606.ENSP00000480826	TP53	H3C1	9606	0.8	0	0	0	0	0.8	0	0
9606.ENSP00000269305	9606.ENSP00000366999	TP53	H3C4	9606	0.8	0	0	0	0	0.8	0	0
9606.ENSP00000269305	9606.ENSP00000484638	TP53	H3C8	9606	0.8	0	0	0	0	0.8	0	0
9606.ENSP00000269305	9606.ENSP00000349430	TP53	H2BC12	9606	0.8	0	0	0	0	0.8	0	0
9606.ENSP00000269305	9606.ENSP00000481486	TP53	H4C9	9606	0.8	0	0	0	0	0.8	0	0
9606.ENSP00000269305	9606.ENSP00000483283	TP53	H3C11	9606	0.8	0	0	0	0	0.8	0	0
9606.ENSP00000269305	9606.ENSP00000479794	TP53	H4C12	9606	0.8	0	0	0	0	0.8	0	0
9606.ENSP00000269305	9606.ENSP00000373772	TP53	RNF20	9606	0.799	0	0	0	0	0.457	0	0.646
9606.ENSP00000269305	9606.ENSP00000353863	TP53	ZNF148	9606	0.795	0	0	0	0	0.292	0	0.723
9606.ENSP00000269305	9606.ENSP00000355924	TP53	SMYD2	9606	0.794	0	0	0	0	0.794	0	0
9606.ENSP00000269305	9606.ENSP00000310572	TP53	PSMC5	9606	0.793	0	0	0	0	0.457	0	0.636
9606.ENSP00000269305	9606.ENSP00000260947	TP53	BARD1	9606	0.792	0	0	0	0	0.457	0	0.633
9606.ENSP00000269305	9606.ENSP00000298139	TP53	WRN	9606	0.792	0	0	0	0	0.457	0	0.633
9606.ENSP00000269305	9606.ENSP00000473348	TP53	H6PD	9606	0.788	0	0	0	0	0	0	0.788
9606.ENSP00000269305	9606.ENSP00000278572	TP53	RPS3	9606	0.788	0	0	0	0	0.454	0	0.629
9606.ENSP00000269305	9606.ENSP00000374212	TP53	EP400	9606	0.787	0	0	0	0	0.292	0.7	0.082
9606.ENSP00000269305	9606.ENSP00000329466	TP53	SIRT7	9606	0.786	0	0	0	0	0	0	0.786
9606.ENSP00000269305	9606.ENSP00000231509	TP53	NR3C1	9606	0.782	0	0	0	0	0.457	0	0.616
9606.ENSP00000269305	9606.ENSP00000355231	TP53	BECN1	9606	0.782	0	0	0	0	0.292	0	0.706
9606.ENSP00000269305	9606.ENSP00000364597	TP53	PADI4	9606	0.782	0	0	0	0	0.457	0	0.616
9606.ENSP00000269305	9606.ENSP00000438788	TP53	CUL7	9606	0.782	0	0	0	0	0.524	0	0.561
9606.ENSP00000269305	9606.ENSP00000328835	TP53	TOP1MT	9606	0.78	0	0	0	0	0.292	0	0.703
9606.ENSP00000269305	9606.ENSP00000254657	TP53	PER2	9606	0.779	0	0	0	0	0.457	0	0.61
9606.ENSP00000269305	9606.ENSP00000252050	TP53	CUL9	9606	0.779	0	0	0	0	0.465	0	0.604
9606.ENSP00000269305	9606.ENSP00000377958	TP53	CCT4	9606	0.778	0	0	0	0	0.465	0.5	0.239
9606.ENSP00000269305	9606.ENSP00000407442	TP53	HIPK1	9606	0.778	0	0	0	0	0.292	0.7	0
9606.ENSP00000269305	9606.ENSP00000419665	TP53	SSBP1	9606	0.775	0	0	0	0	0.488	0	0.579
9606.ENSP00000269305	9606.ENSP00000463784	TP53	RPL26	9606	0.775	0	0	0	0	0.383	0	0.651
9606.ENSP00000269305	9606.ENSP00000378974	TP53	MAPK8	9606	0.775	0	0	0	0	0.457	0	0.603
9606.ENSP00000269305	9606.ENSP00000262809	TP53	ELL	9606	0.772	0	0	0	0	0.397	0	0.638
9606.ENSP00000269305	9606.ENSP00000410042	TP53	BRD1	9606	0.772	0	0	0	0	0.564	0.5	0
9606.ENSP00000269305	9606.ENSP00000260810	TP53	TOPBP1	9606	0.771	0	0	0	0	0.457	0	0.596
9606.ENSP00000269305	9606.ENSP00000301962	TP53	USP42	9606	0.769	0	0	0	0	0.292	0.5	0.402
9606.ENSP00000269305	9606.ENSP00000258962	TP53	SRSF1	9606	0.765	0	0	0	0	0.292	0	0.682
9606.ENSP00000269305	9606.ENSP00000346437	TP53	ATG7	9606	0.764	0	0	0	0	0.292	0	0.681
9606.ENSP00000269305	9606.ENSP00000268058	TP53	PML	9606	0.761	0	0	0	0	0.542	0.5	0
9606.ENSP00000269305	9606.ENSP00000377192	TP53	G6PD	9606	0.761	0	0	0	0	0	0	0.761
9606.ENSP00000269305	9606.ENSP00000462664	TP53	POLI	9606	0.758	0	0	0	0	0.457	0	0.573
9606.ENSP00000269305	9606.ENSP00000363591	TP53	BAK1	9606	0.757	0	0	0	0	0.457	0	0.572
9606.ENSP00000269305	9606.ENSP00000419782	TP53	CDK5	9606	0.757	0	0	0	0	0.292	0	0.672
9606.ENSP00000269305	9606.ENSP00000419923	TP53	KLF6	9606	0.751	0	0	0	0	0	0	0.751
9606.ENSP00000269305	9606.ENSP00000365458	TP53	HNRNPK	9606	0.75	0	0	0	0	0.457	0	0.56
9606.ENSP00000269305	9606.ENSP00000300651	TP53	MED1	9606	0.746	0	0	0	0	0.457	0	0.553
9606.ENSP00000269305	9606.ENSP00000498750	TP53	CCNH	9606	0.746	0	0	0	0	0.292	0	0.656
9606.ENSP00000269305	9606.ENSP00000356438	TP53	PTGS2	9606	0.745	0	0	0	0	0.457	0	0.551
9606.ENSP00000269305	9606.ENSP00000457411	TP53	USP10	9606	0.744	0	0	0	0	0.457	0.5	0.133
9606.ENSP00000269305	9606.ENSP00000385216	TP53	NCOA1	9606	0.74	0	0	0	0	0.292	0	0.648
9606.ENSP00000269305	9606.ENSP00000352257	TP53	XRCC6	9606	0.739	0	0	0	0	0.457	0	0.54
9606.ENSP00000269305	9606.ENSP00000317334	TP53	TCP1	9606	0.732	0	0	0	0	0.465	0.5	0.079
9606.ENSP00000269305	9606.ENSP00000418915	TP53	CDKN2A	9606	0.731	0	0	0	0	0.465	0.5	0.077
9606.ENSP00000269305	9606.ENSP00000319788	TP53	NQO1	9606	0.731	0	0	0	0	0.457	0	0.526
9606.ENSP00000269305	9606.ENSP00000363929	TP53	NCOA6	9606	0.729	0	0	0	0	0.397	0	0.57
9606.ENSP00000269305	9606.ENSP00000462521	TP53	TXNIP	9606	0.729	0	0	0	0	0.457	0	0.523
9606.ENSP00000269305	9606.ENSP00000345206	TP53	RBPJ	9606	0.729	0	0	0	0	0.292	0	0.634
9606.ENSP00000269305	9606.ENSP00000265421	TP53	POLB	9606	0.727	0	0	0	0	0	0	0.727
9606.ENSP00000269305	9606.ENSP00000357709	TP53	S100A6	9606	0.727	0	0	0	0	0.457	0	0.519
9606.ENSP00000269305	9606.ENSP00000367545	TP53	TP73	9606	0.721	0	0	0	0	0.457	0.5	0.055
9606.ENSP00000269305	9606.ENSP00000258091	TP53	CCT7	9606	0.721	0	0	0	0	0.465	0.5	0
9606.ENSP00000269305	9606.ENSP00000275603	TP53	CCT6A	9606	0.721	0	0	0	0	0.465	0.5	0
9606.ENSP00000269305	9606.ENSP00000299300	TP53	CCT2	9606	0.721	0	0	0	0	0.465	0.5	0
9606.ENSP00000269305	9606.ENSP00000295688	TP53	CCT3	9606	0.721	0	0	0	0	0.465	0.5	0
9606.ENSP00000269305	9606.ENSP00000286788	TP53	CCT8	9606	0.721	0	0	0	0	0.465	0.5	0
9606.ENSP00000269305	9606.ENSP00000280326	TP53	CCT5	9606	0.721	0	0	0	0	0.465	0.5	0
9606.ENSP00000269305	9606.ENSP00000313950	TP53	AURKB	9606	0.716	0	0	0	0	0.457	0.5	0
9606.ENSP00000269305	9606.ENSP00000364519	TP53	TFDP1	9606	0.716	0	0	0	0	0.457	0.5	0
9606.ENSP00000269305	9606.ENSP00000307183	TP53	ING2	9606	0.716	0	0	0	0	0.457	0.5	0
9606.ENSP00000269305	9606.ENSP00000324856	TP53	STK11	9606	0.716	0	0	0	0	0.457	0.5	0
9606.ENSP00000269305	9606.ENSP00000444357	TP53	OTUB1	9606	0.716	0	0	0	0	0.457	0.5	0
9606.ENSP00000269305	9606.ENSP00000265713	TP53	KAT6A	9606	0.716	0	0	0	0	0.457	0.5	0
9606.ENSP00000269305	9606.ENSP00000344215	TP53	TP53INP1	9606	0.716	0	0	0	0	0.457	0.5	0
9606.ENSP00000269305	9606.ENSP00000278616	TP53	ATM	9606	0.713	0	0	0	0	0.457	0	0.493
9606.ENSP00000269305	9606.ENSP00000276893	TP53	UHRF2	9606	0.713	0	0	0	0	0.292	0	0.612
9606.ENSP00000269305	9606.ENSP00000263025	TP53	MAPK3	9606	0.706	0	0	0	0	0.457	0	0.481
9606.ENSP00000269305	9606.ENSP00000433560	TP53	CRYAB	9606	0.705	0	0	0	0	0.457	0	0.48
9606.ENSP00000269305	9606.ENSP00000366413	TP53	POU4F1	9606	0.701	0	0	0	0	0	0.7	0.045
9606.ENSP00000269305	9606.ENSP00000281321	TP53	POU4F2	9606	0.701	0	0	0	0	0	0.7	0.045
9606.ENSP00000270722	9606.ENSP00000394757	PRDM16	ZNF516	9606	0.991	0	0	0	0	0.61	0.9	0.804
9606.ENSP00000270722	9606.ENSP00000305422	PRDM16	CEBPB	9606	0.982	0	0	0	0	0.041	0	0.982
9606.ENSP00000270722	9606.ENSP00000287820	PRDM16	PPARG	9606	0.981	0	0	0	0	0	0	0.981
9606.ENSP00000270722	9606.ENSP00000264867	PRDM16	PPARGC1A	9606	0.954	0	0	0	0	0	0	0.954
9606.ENSP00000270722	9606.ENSP00000290921	PRDM16	CTBP1	9606	0.949	0	0	0	0	0.596	0	0.881
9606.ENSP00000270722	9606.ENSP00000417980	PRDM16	EHMT1	9606	0.907	0	0	0	0	0	0	0.907
9606.ENSP00000270722	9606.ENSP00000383042	PRDM16	KDM1A	9606	0.9	0	0	0	0	0	0.9	0
9606.ENSP00000270722	9606.ENSP00000311825	PRDM16	CTBP2	9606	0.883	0	0	0	0	0.484	0	0.784
9606.ENSP00000271640	9606.ENSP00000440440	SETDB1	ATF7IP	9606	0.996	0	0	0	0	0.678	0.9	0.892
9606.ENSP00000271640	9606.ENSP00000253024	SETDB1	TRIM28	9606	0.99	0	0	0	0	0.457	0	0.982
9606.ENSP00000271640	9606.ENSP00000264709	SETDB1	DNMT3A	9606	0.986	0	0	0	0	0.292	0	0.982
9606.ENSP00000271640	9606.ENSP00000337976	SETDB1	SUV39H1	9606	0.978	0	0	0	0	0.457	0	0.962
9606.ENSP00000271640	9606.ENSP00000362649	SETDB1	HDAC1	9606	0.974	0	0	0	0	0.457	0	0.955
9606.ENSP00000271640	9606.ENSP00000484810	SETDB1	ZNF274	9606	0.954	0	0	0	0	0.292	0	0.939
9606.ENSP00000271640	9606.ENSP00000328547	SETDB1	DNMT3B	9606	0.953	0	0	0	0	0.292	0	0.936
9606.ENSP00000271640	9606.ENSP00000209875	SETDB1	CBX5	9606	0.949	0	0	0	0	0.292	0	0.931
9606.ENSP00000271640	9606.ENSP00000480826	SETDB1	H3C1	9606	0.944	0	0	0	0	0.943	0	0
9606.ENSP00000271640	9606.ENSP00000379078	SETDB1	EHMT2	9606	0.937	0	0	0	0	0.292	0	0.916
9606.ENSP00000271640	9606.ENSP00000333277	SETDB1	H3C13	9606	0.927	0	0	0	0	0.926	0	0
9606.ENSP00000271640	9606.ENSP00000355657	SETDB1	H3-4	9606	0.901	0	0	0	0	0.901	0	0
9606.ENSP00000271640	9606.ENSP00000358154	SETDB1	H3C14	9606	0.901	0	0	0	0	0.901	0	0
9606.ENSP00000271640	9606.ENSP00000339835	SETDB1	H3-5	9606	0.901	0	0	0	0	0.901	0	0
9606.ENSP00000271640	9606.ENSP00000254810	SETDB1	H3-3B	9606	0.901	0	0	0	0	0.901	0	0
9606.ENSP00000271640	9606.ENSP00000484638	SETDB1	H3C8	9606	0.901	0	0	0	0	0.901	0	0
9606.ENSP00000271640	9606.ENSP00000484095	SETDB1	H3C7	9606	0.901	0	0	0	0	0.901	0	0
9606.ENSP00000271640	9606.ENSP00000358160	SETDB1	H3C10	9606	0.901	0	0	0	0	0.901	0	0
9606.ENSP00000271640	9606.ENSP00000352252	SETDB1	H3C12	9606	0.901	0	0	0	0	0.901	0	0
9606.ENSP00000271640	9606.ENSP00000489282	SETDB1	H3C6	9606	0.901	0	0	0	0	0.901	0	0
9606.ENSP00000271640	9606.ENSP00000499501	SETDB1	H3-2	9606	0.901	0	0	0	0	0.901	0	0
9606.ENSP00000271640	9606.ENSP00000483283	SETDB1	H3C11	9606	0.901	0	0	0	0	0.901	0	0
9606.ENSP00000271640	9606.ENSP00000484841	SETDB1	H3C2	9606	0.901	0	0	0	0	0.901	0	0
9606.ENSP00000271640	9606.ENSP00000366999	SETDB1	H3C4	9606	0.901	0	0	0	0	0.901	0	0
9606.ENSP00000271640	9606.ENSP00000385479	SETDB1	H3C15	9606	0.901	0	0	0	0	0.901	0	0
9606.ENSP00000271640	9606.ENSP00000484658	SETDB1	H3C3	9606	0.901	0	0	0	0	0.901	0	0
9606.ENSP00000271640	9606.ENSP00000355780	SETDB1	H3-3A	9606	0.901	0	0	0	0	0.901	0	0
9606.ENSP00000271640	9606.ENSP00000352516	SETDB1	DNMT1	9606	0.895	0	0	0	0	0	0	0.895
9606.ENSP00000271640	9606.ENSP00000414150	SETDB1	ERG	9606	0.822	0	0	0	0	0.292	0	0.76
9606.ENSP00000271640	9606.ENSP00000273320	SETDB1	ZKSCAN7	9606	0.708	0	0	0	0	0	0	0.708
9606.ENSP00000272317	9606.ENSP00000388107	RPS27A	UBA52	9606	0.999	0	0	0	0	0.99	0.9	0
9606.ENSP00000272317	9606.ENSP00000230050	RPS27A	RPS12	9606	0.998	0	0	0	0	0.983	0.9	0
9606.ENSP00000272317	9606.ENSP00000338413	RPS27A	UBA1	9606	0.997	0	0	0	0	0.97	0.9	0.165
9606.ENSP00000272317	9606.ENSP00000341885	RPS27A	RPS2	9606	0.997	0	0	0	0	0.967	0.9	0.212
9606.ENSP00000272317	9606.ENSP00000270625	RPS27A	RPS11	9606	0.996	0	0	0	0	0.957	0.9	0.286
9606.ENSP00000272317	9606.ENSP00000278572	RPS27A	RPS3	9606	0.996	0	0	0	0	0.964	0.9	0
9606.ENSP00000272317	9606.ENSP00000367806	RPS27A	RPS16	9606	0.996	0	0	0	0	0.957	0.9	0.279
9606.ENSP00000272317	9606.ENSP00000470972	RPS27A	RPS19	9606	0.996	0	0	0	0	0.963	0.9	0
9606.ENSP00000272317	9606.ENSP00000472985	RPS27A	RPS5	9606	0.996	0	0	0	0	0.965	0.9	0
9606.ENSP00000272317	9606.ENSP00000389351	RPS27A	RPSA	9606	0.996	0	0	0	0	0.969	0.9	0
9606.ENSP00000272317	9606.ENSP00000296674	RPS27A	RPS23	9606	0.995	0	0	0	0	0.957	0.9	0
9606.ENSP00000272317	9606.ENSP00000346050	RPS27A	RPS3A	9606	0.995	0	0	0	0	0.961	0.9	0
9606.ENSP00000272317	9606.ENSP00000435777	RPS27A	RPS13	9606	0.995	0	0	0	0	0.957	0.9	0
9606.ENSP00000272317	9606.ENSP00000379888	RPS27A	RPS8	9606	0.995	0	0	0	0	0.957	0.9	0
9606.ENSP00000272317	9606.ENSP00000435096	RPS27A	RPS25	9606	0.995	0	0	0	0	0.947	0.9	0.194
9606.ENSP00000272317	9606.ENSP00000414321	RPS27A	RPS24	9606	0.995	0	0	0	0	0.957	0.9	0
9606.ENSP00000272317	9606.ENSP00000441543	RPS27A	UBC	9606	0.995	0	0	0	0	0.956	0.9	0
9606.ENSP00000272317	9606.ENSP00000393241	RPS27A	RPS18	9606	0.995	0	0	0	0	0.947	0.9	0.255
9606.ENSP00000272317	9606.ENSP00000369757	RPS27A	RPS6	9606	0.995	0	0	0	0	0.957	0.9	0
9606.ENSP00000272317	9606.ENSP00000348849	RPS27A	RPS26	9606	0.995	0	0	0	0	0.959	0.9	0
9606.ENSP00000272317	9606.ENSP00000498019	RPS27A	RPS17	9606	0.994	0	0	0	0	0.947	0.9	0
9606.ENSP00000272317	9606.ENSP00000379339	RPS27A	RPS29	9606	0.994	0	0	0	0	0.947	0.9	0.087
9606.ENSP00000272317	9606.ENSP00000345957	RPS27A	RPS21	9606	0.994	0	0	0	0	0.947	0.9	0
9606.ENSP00000272317	9606.ENSP00000495273	RPS27A	RPS7	9606	0.994	0	0	0	0	0.947	0.9	0
9606.ENSP00000272317	9606.ENSP00000466010	RPS27A	RPS15	9606	0.994	0	0	0	0	0.947	0.9	0.112
9606.ENSP00000272317	9606.ENSP00000472469	RPS27A	RPS28	9606	0.994	0	0	0	0	0.947	0.9	0
9606.ENSP00000272317	9606.ENSP00000375632	RPS27A	RPS9	9606	0.994	0	0	0	0	0.947	0.9	0
9606.ENSP00000272317	9606.ENSP00000431822	RPS27A	FAU	9606	0.994	0	0	0	0	0.947	0.9	0
9606.ENSP00000272317	9606.ENSP00000478771	RPS27A	UBB	9606	0.994	0	0	0	0	0.947	0.9	0
9606.ENSP00000272317	9606.ENSP00000429374	RPS27A	RPS20	9606	0.994	0	0	0	0	0.947	0.9	0
9606.ENSP00000272317	9606.ENSP00000287156	RPS27A	UBE2L6	9606	0.993	0	0	0	0	0.94	0.9	0
9606.ENSP00000272317	9606.ENSP00000481646	RPS27A	RPS10	9606	0.992	0	0	0	0	0.931	0.9	0
9606.ENSP00000272317	9606.ENSP00000316176	RPS27A	UBE2N	9606	0.992	0	0	0	0	0.972	0.5	0.518
9606.ENSP00000272317	9606.ENSP00000426909	RPS27A	RACK1	9606	0.991	0	0	0	0	0.982	0.54	0
9606.ENSP00000272317	9606.ENSP00000499044	RPS27A	RPS27	9606	0.989	0	0	0	0	0.895	0.9	0
9606.ENSP00000272317	9606.ENSP00000362744	RPS27A	RPS4X	9606	0.989	0	0	0	0	0.899	0.9	0
9606.ENSP00000272317	9606.ENSP00000385958	RPS27A	RPS14	9606	0.989	0	0	0	0	0.895	0.9	0
9606.ENSP00000272317	9606.ENSP00000318646	RPS27A	RPS15A	9606	0.989	0	0	0	0	0.899	0.9	0
9606.ENSP00000272317	9606.ENSP00000251968	RPS27A	TSG101	9606	0.987	0	0	0	0	0.975	0.5	0
9606.ENSP00000272317	9606.ENSP00000478877	RPS27A	ADRM1	9606	0.985	0	0	0	0	0.984	0	0.112
9606.ENSP00000272317	9606.ENSP00000284440	RPS27A	UCHL1	9606	0.985	0	0	0	0	0.972	0.5	0
9606.ENSP00000272317	9606.ENSP00000261427	RPS27A	UBE2K	9606	0.983	0	0	0	0	0.968	0.5	0
9606.ENSP00000272317	9606.ENSP00000381717	RPS27A	UBE2D2	9606	0.983	0	0	0	0	0.969	0.5	0
9606.ENSP00000272317	9606.ENSP00000313454	RPS27A	UBA6	9606	0.982	0	0	0	0	0.961	0.5	0.165
9606.ENSP00000272317	9606.ENSP00000355865	RPS27A	PRKN	9606	0.982	0	0	0	0	0.964	0.5	0.11
9606.ENSP00000272317	9606.ENSP00000215574	RPS27A	CDC34	9606	0.981	0	0	0	0	0.964	0.5	0
9606.ENSP00000272317	9606.ENSP00000366819	RPS27A	UCHL3	9606	0.981	0	0	0	0	0.963	0.5	0
9606.ENSP00000272317	9606.ENSP00000366746	RPS27A	STAM	9606	0.98	0	0	0	0	0.96	0.5	0.081
9606.ENSP00000272317	9606.ENSP00000424827	RPS27A	NEDD4	9606	0.979	0	0	0	0	0.96	0.5	0
9606.ENSP00000272317	9606.ENSP00000499786	RPS27A	ITCH	9606	0.979	0	0	0	0	0.96	0.5	0
9606.ENSP00000272317	9606.ENSP00000363019	RPS27A	UBE2D1	9606	0.979	0	0	0	0	0.959	0.5	0
9606.ENSP00000272317	9606.ENSP00000331487	RPS27A	NPLOC4	9606	0.979	0	0	0	0	0.959	0.5	0
9606.ENSP00000272317	9606.ENSP00000367299	RPS27A	VPS36	9606	0.976	0	0	0	0	0.955	0.5	0
9606.ENSP00000272317	9606.ENSP00000368458	RPS27A	PCNA	9606	0.976	0	0	0	0	0.955	0.5	0
9606.ENSP00000272317	9606.ENSP00000216797	RPS27A	NFKBIA	9606	0.976	0	0	0	0	0.955	0.5	0
9606.ENSP00000272317	9606.ENSP00000357876	RPS27A	PSMD4	9606	0.975	0	0	0	0	0.974	0	0.092
9606.ENSP00000272317	9606.ENSP00000380921	RPS27A	SH3KBP1	9606	0.974	0	0	0	0	0.95	0.5	0
9606.ENSP00000272317	9606.ENSP00000310842	RPS27A	FANCI	9606	0.973	0	0	0	0	0.947	0.5	0
9606.ENSP00000272317	9606.ENSP00000477613	RPS27A	BIRC2	9606	0.973	0	0	0	0	0.949	0.5	0
9606.ENSP00000272317	9606.ENSP00000229268	RPS27A	USP5	9606	0.971	0	0	0	0	0.945	0.5	0
9606.ENSP00000272317	9606.ENSP00000496250	RPS27A	RPL11	9606	0.971	0	0	0	0	0.969	0	0.107
9606.ENSP00000272317	9606.ENSP00000467024	RPS27A	RAD23A	9606	0.97	0	0	0	0	0.943	0.5	0
9606.ENSP00000272317	9606.ENSP00000263904	RPS27A	STAM2	9606	0.97	0	0	0	0	0.941	0.5	0.081
9606.ENSP00000272317	9606.ENSP00000351589	RPS27A	H2AC13	9606	0.969	0	0	0	0	0.969	0	0
9606.ENSP00000272317	9606.ENSP00000315112	RPS27A	RNF31	9606	0.968	0	0	0	0	0.939	0.5	0
9606.ENSP00000272317	9606.ENSP00000263228	RPS27A	UBE2R2	9606	0.967	0	0	0	0	0.937	0.5	0
9606.ENSP00000272317	9606.ENSP00000428209	RPS27A	UBE2V2	9606	0.967	0	0	0	0	0.938	0.5	0
9606.ENSP00000272317	9606.ENSP00000392025	RPS27A	CYLD	9606	0.966	0	0	0	0	0.935	0.5	0
9606.ENSP00000272317	9606.ENSP00000343535	RPS27A	USP7	9606	0.965	0	0	0	0	0.965	0	0
9606.ENSP00000272317	9606.ENSP00000264515	RPS27A	RBBP5	9606	0.965	0	0	0	0	0.965	0	0
9606.ENSP00000272317	9606.ENSP00000380178	RPS27A	UBE2G1	9606	0.965	0	0	0	0	0.933	0.5	0
9606.ENSP00000272317	9606.ENSP00000361076	RPS27A	RPL7A	9606	0.964	0	0	0	0	0.959	0	0.145
9606.ENSP00000272317	9606.ENSP00000323889	RPS27A	TRIM25	9606	0.963	0	0	0	0	0.929	0.5	0
9606.ENSP00000272317	9606.ENSP00000365576	RPS27A	UBQLN1	9606	0.963	0	0	0	0	0.962	0	0
9606.ENSP00000272317	9606.ENSP00000449328	RPS27A	RPLP0	9606	0.963	0	0	0	0	0.963	0	0
9606.ENSP00000272317	9606.ENSP00000418082	RPS27A	RPL37A	9606	0.963	0	0	0	0	0.961	0	0.101
9606.ENSP00000272317	9606.ENSP00000326804	RPS27A	CUL1	9606	0.962	0	0	0	0	0.884	0.5	0.409
9606.ENSP00000272317	9606.ENSP00000377640	RPS27A	RPL24	9606	0.962	0	0	0	0	0.962	0	0
9606.ENSP00000272317	9606.ENSP00000228872	RPS27A	CDKN1B	9606	0.961	0	0	0	0	0.926	0.5	0
9606.ENSP00000272317	9606.ENSP00000225430	RPS27A	RPL19	9606	0.961	0	0	0	0	0.961	0	0
9606.ENSP00000272317	9606.ENSP00000374455	RPS27A	SQSTM1	9606	0.961	0	0	0	0	0.55	0.9	0.208
9606.ENSP00000272317	9606.ENSP00000379721	RPS27A	USP8	9606	0.961	0	0	0	0	0.926	0.5	0
9606.ENSP00000272317	9606.ENSP00000346037	RPS27A	RPLP1	9606	0.961	0	0	0	0	0.961	0	0
9606.ENSP00000272317	9606.ENSP00000311430	RPS27A	RPL4	9606	0.961	0	0	0	0	0.961	0	0
9606.ENSP00000272317	9606.ENSP00000462664	RPS27A	POLI	9606	0.961	0	0	0	0	0.926	0.5	0
9606.ENSP00000272317	9606.ENSP00000379506	RPS27A	RPL14	9606	0.96	0	0	0	0	0.96	0	0
9606.ENSP00000272317	9606.ENSP00000369213	RPS27A	DDX58	9606	0.96	0	0	0	0	0.96	0	0
9606.ENSP00000272317	9606.ENSP00000420311	RPS27A	RPL23	9606	0.96	0	0	0	0	0.96	0	0
9606.ENSP00000272317	9606.ENSP00000326813	RPS27A	YOD1	9606	0.96	0	0	0	0	0.96	0	0
9606.ENSP00000272317	9606.ENSP00000262435	RPS27A	SMURF2	9606	0.96	0	0	0	0	0.96	0	0
9606.ENSP00000272317	9606.ENSP00000222247	RPS27A	RPL18A	9606	0.959	0	0	0	0	0.958	0	0.059
9606.ENSP00000272317	9606.ENSP00000309334	RPS27A	RPL15	9606	0.959	0	0	0	0	0.959	0	0
9606.ENSP00000272317	9606.ENSP00000389103	RPS27A	RPL23A	9606	0.959	0	0	0	0	0.959	0	0
9606.ENSP00000272317	9606.ENSP00000346027	RPS27A	RPL21	9606	0.958	0	0	0	0	0.957	0	0
9606.ENSP00000272317	9606.ENSP00000386717	RPS27A	RPL31	9606	0.958	0	0	0	0	0.958	0	0
9606.ENSP00000272317	9606.ENSP00000494697	RPS27A	RPL9	9606	0.958	0	0	0	0	0.958	0	0
9606.ENSP00000272317	9606.ENSP00000359345	RPS27A	RPL5	9606	0.957	0	0	0	0	0.957	0	0
9606.ENSP00000272317	9606.ENSP00000264926	RPS27A	RAD18	9606	0.957	0	0	0	0	0.918	0.5	0
9606.ENSP00000272317	9606.ENSP00000447001	RPS27A	RPL18	9606	0.957	0	0	0	0	0.957	0	0
9606.ENSP00000272317	9606.ENSP00000403172	RPS27A	RPL6	9606	0.957	0	0	0	0	0.957	0	0
9606.ENSP00000272317	9606.ENSP00000257548	RPS27A	USP30	9606	0.956	0	0	0	0	0.955	0	0
9606.ENSP00000272317	9606.ENSP00000358151	RPS27A	H2BC21	9606	0.955	0	0	0	0	0.955	0	0
9606.ENSP00000272317	9606.ENSP00000340305	RPS27A	UBE2V1	9606	0.955	0	0	0	0	0.915	0.5	0
9606.ENSP00000272317	9606.ENSP00000310129	RPS27A	PSMD2	9606	0.955	0	0	0	0	0.951	0	0.124
9606.ENSP00000272317	9606.ENSP00000287647	RPS27A	FANCD2	9606	0.955	0	0	0	0	0.914	0.5	0
9606.ENSP00000272317	9606.ENSP00000258149	RPS27A	MDM2	9606	0.955	0	0	0	0	0.955	0	0
9606.ENSP00000272317	9606.ENSP00000261601	RPS27A	USP14	9606	0.954	0	0	0	0	0.954	0	0
9606.ENSP00000272317	9606.ENSP00000365804	RPS27A	HDAC6	9606	0.953	0	0	0	0	0.926	0.4	0
9606.ENSP00000272317	9606.ENSP00000345195	RPS27A	UBQLN2	9606	0.953	0	0	0	0	0.952	0	0.062
9606.ENSP00000272317	9606.ENSP00000444357	RPS27A	OTUB1	9606	0.952	0	0	0	0	0.952	0	0
9606.ENSP00000272317	9606.ENSP00000216225	RPS27A	RBX1	9606	0.951	0	0	0	0	0.9	0.5	0.112
9606.ENSP00000272317	9606.ENSP00000481570	RPS27A	TNFAIP3	9606	0.95	0	0	0	0	0.95	0	0
9606.ENSP00000272317	9606.ENSP00000264834	RPS27A	KLF1	9606	0.95	0	0	0	0	0.95	0	0
9606.ENSP00000272317	9606.ENSP00000264552	RPS27A	UBE2S	9606	0.949	0	0	0	0	0.902	0.5	0
9606.ENSP00000272317	9606.ENSP00000343479	RPS27A	NBR1	9606	0.949	0	0	0	0	0.949	0	0
9606.ENSP00000272317	9606.ENSP00000383199	RPS27A	NEDD4L	9606	0.948	0	0	0	0	0.948	0	0
9606.ENSP00000272317	9606.ENSP00000294189	RPS27A	RPL29	9606	0.948	0	0	0	0	0.947	0	0.053
9606.ENSP00000272317	9606.ENSP00000309830	RPS27A	RPL38	9606	0.948	0	0	0	0	0.947	0	0.05
9606.ENSP00000272317	9606.ENSP00000258428	RPS27A	REV1	9606	0.947	0	0	0	0	0.9	0.5	0
9606.ENSP00000272317	9606.ENSP00000476136	RPS27A	H2BC11	9606	0.947	0	0	0	0	0.9	0.5	0
9606.ENSP00000272317	9606.ENSP00000307889	RPS27A	RPL13	9606	0.947	0	0	0	0	0.947	0	0
9606.ENSP00000272317	9606.ENSP00000452763	RPS27A	RPL28	9606	0.947	0	0	0	0	0.947	0	0
9606.ENSP00000272317	9606.ENSP00000464342	RPS27A	RPL36	9606	0.947	0	0	0	0	0.947	0	0
9606.ENSP00000272317	9606.ENSP00000307940	RPS27A	EEF2	9606	0.947	0	0	0	0	0.947	0	0
9606.ENSP00000272317	9606.ENSP00000346015	RPS27A	RPL27A	9606	0.947	0	0	0	0	0.947	0	0
9606.ENSP00000272317	9606.ENSP00000464813	RPS27A	RPL27	9606	0.947	0	0	0	0	0.947	0	0
9606.ENSP00000272317	9606.ENSP00000259469	RPS27A	RPL35	9606	0.947	0	0	0	0	0.947	0	0
9606.ENSP00000272317	9606.ENSP00000349430	RPS27A	H2BC12	9606	0.947	0	0	0	0	0.9	0.5	0
9606.ENSP00000272317	9606.ENSP00000348089	RPS27A	ERCC6	9606	0.947	0	0	0	0	0.9	0.5	0
9606.ENSP00000272317	9606.ENSP00000428085	RPS27A	RPL30	9606	0.947	0	0	0	0	0.947	0	0
9606.ENSP00000272317	9606.ENSP00000378163	RPS27A	RPL34	9606	0.947	0	0	0	0	0.947	0	0
9606.ENSP00000272317	9606.ENSP00000307491	RPS27A	WDR48	9606	0.947	0	0	0	0	0.9	0.5	0
9606.ENSP00000272317	9606.ENSP00000264033	RPS27A	CBL	9606	0.947	0	0	0	0	0.9	0.5	0
9606.ENSP00000272317	9606.ENSP00000343526	RPS27A	USP1	9606	0.947	0	0	0	0	0.9	0.5	0
9606.ENSP00000272317	9606.ENSP00000274242	RPS27A	RPL37	9606	0.947	0	0	0	0	0.947	0	0
9606.ENSP00000272317	9606.ENSP00000354739	RPS27A	RPL12	9606	0.947	0	0	0	0	0.947	0	0
9606.ENSP00000272317	9606.ENSP00000321744	RPS27A	H2BC4	9606	0.947	0	0	0	0	0.9	0.5	0
9606.ENSP00000272317	9606.ENSP00000416429	RPS27A	RPL32	9606	0.947	0	0	0	0	0.947	0	0
9606.ENSP00000272317	9606.ENSP00000314004	RPS27A	ANAPC2	9606	0.947	0	0	0	0	0.9	0.5	0
9606.ENSP00000272317	9606.ENSP00000495672	RPS27A	RPL35A	9606	0.947	0	0	0	0	0.947	0	0
9606.ENSP00000272317	9606.ENSP00000262584	RPS27A	RPL8	9606	0.947	0	0	0	0	0.947	0	0
9606.ENSP00000272317	9606.ENSP00000156084	RPS27A	OTUD5	9606	0.946	0	0	0	0	0.946	0	0
9606.ENSP00000272317	9606.ENSP00000333266	RPS27A	UBA7	9606	0.945	0	0	0	0	0.396	0.9	0.165
9606.ENSP00000272317	9606.ENSP00000290649	RPS27A	AMFR	9606	0.944	0	0	0	0	0.944	0	0
9606.ENSP00000272317	9606.ENSP00000320898	RPS27A	RNF168	9606	0.943	0	0	0	0	0.943	0	0
9606.ENSP00000272317	9606.ENSP00000454786	RPS27A	H3BNC9_HUMAN	9606	0.943	0	0	0	0	0.943	0	0
9606.ENSP00000272317	9606.ENSP00000356426	RPS27A	TAB2	9606	0.943	0	0	0	0	0.943	0	0
9606.ENSP00000272317	9606.ENSP00000496695	RPS27A	ATXN3	9606	0.943	0	0	0	0	0.943	0	0
9606.ENSP00000272317	9606.ENSP00000370208	RPS27A	RABGEF1	9606	0.941	0	0	0	0	0.939	0	0.067
9606.ENSP00000272317	9606.ENSP00000231487	RPS27A	SKP1	9606	0.941	0	0	0	0	0.829	0.5	0.366
9606.ENSP00000272317	9606.ENSP00000250784	RPS27A	RPS4Y1	9606	0.94	0	0	0	0	0.875	0.54	0
9606.ENSP00000272317	9606.ENSP00000499037	RPS27A	CBLB	9606	0.939	0	0	0	0	0.939	0	0
9606.ENSP00000272317	9606.ENSP00000358994	RPS27A	MYO6	9606	0.939	0	0	0	0	0.939	0	0
9606.ENSP00000272317	9606.ENSP00000369217	RPS27A	ARIH1	9606	0.939	0	0	0	0	0.939	0	0
9606.ENSP00000272317	9606.ENSP00000217169	RPS27A	BIRC7	9606	0.937	0	0	0	0	0.937	0	0
9606.ENSP00000272317	9606.ENSP00000250495	RPS27A	NEDD8	9606	0.937	0	0	0	0	0.937	0	0
9606.ENSP00000272317	9606.ENSP00000463842	RPS27A	RPL17	9606	0.936	0	0	0	0	0.936	0	0
9606.ENSP00000272317	9606.ENSP00000346088	RPS27A	RPL22	9606	0.936	0	0	0	0	0.936	0	0
9606.ENSP00000272317	9606.ENSP00000381657	RPS27A	DOT1L	9606	0.933	0	0	0	0	0.933	0	0
9606.ENSP00000272317	9606.ENSP00000421926	RPS27A	UIMC1	9606	0.933	0	0	0	0	0.933	0	0
9606.ENSP00000272317	9606.ENSP00000462729	RPS27A	OTUD7B	9606	0.933	0	0	0	0	0.933	0	0
9606.ENSP00000272317	9606.ENSP00000413697	RPS27A	TOM1	9606	0.933	0	0	0	0	0.933	0	0
9606.ENSP00000272317	9606.ENSP00000303373	RPS27A	H2AC8	9606	0.932	0	0	0	0	0.932	0	0
9606.ENSP00000272317	9606.ENSP00000301364	RPS27A	TSR1	9606	0.931	0	0	0	0	0.931	0	0
9606.ENSP00000272317	9606.ENSP00000230340	RPS27A	BYSL	9606	0.931	0	0	0	0	0.931	0	0
9606.ENSP00000272317	9606.ENSP00000298283	RPS27A	RPL10L	9606	0.93	0	0	0	0	0.93	0	0
9606.ENSP00000272317	9606.ENSP00000356981	RPS27A	USP21	9606	0.929	0	0	0	0	0.929	0	0
9606.ENSP00000272317	9606.ENSP00000401980	RPS27A	MAVS	9606	0.926	0	0	0	0	0.926	0	0
9606.ENSP00000272317	9606.ENSP00000260187	RPS27A	USP2	9606	0.926	0	0	0	0	0.926	0	0
9606.ENSP00000272317	9606.ENSP00000352676	RPS27A	ZRANB1	9606	0.926	0	0	0	0	0.926	0	0
9606.ENSP00000272317	9606.ENSP00000497271	RPS27A	IFIH1	9606	0.926	0	0	0	0	0.926	0	0
9606.ENSP00000272317	9606.ENSP00000371475	RPS27A	TP53BP1	9606	0.926	0	0	0	0	0.926	0	0
9606.ENSP00000272317	9606.ENSP00000429084	RPS27A	UBR5	9606	0.926	0	0	0	0	0.926	0	0
9606.ENSP00000272317	9606.ENSP00000352516	RPS27A	DNMT1	9606	0.926	0	0	0	0	0.926	0	0
9606.ENSP00000272317	9606.ENSP00000356150	RPS27A	MDM4	9606	0.926	0	0	0	0	0.926	0	0
9606.ENSP00000272317	9606.ENSP00000438085	RPS27A	GGA3	9606	0.926	0	0	0	0	0.926	0	0
9606.ENSP00000272317	9606.ENSP00000360992	RPS27A	STAMBPL1	9606	0.925	0	0	0	0	0.925	0	0
9606.ENSP00000272317	9606.ENSP00000352252	RPS27A	H3C12	9606	0.925	0	0	0	0	0.925	0	0
9606.ENSP00000272317	9606.ENSP00000261798	RPS27A	CSNK1A1	9606	0.923	0	0	0	0	0.852	0.5	0
9606.ENSP00000272317	9606.ENSP00000302886	RPS27A	PA2G4	9606	0.922	0	0	0	0	0.922	0	0
9606.ENSP00000272317	9606.ENSP00000261479	RPS27A	PSMA6	9606	0.922	0	0	0	0	0.921	0	0
9606.ENSP00000272317	9606.ENSP00000391211	RPS27A	PSMC2	9606	0.922	0	0	0	0	0.921	0	0
9606.ENSP00000272317	9606.ENSP00000483842	RPS27A	H2AC4	9606	0.921	0	0	0	0	0.921	0	0
9606.ENSP00000272317	9606.ENSP00000484841	RPS27A	H3C2	9606	0.921	0	0	0	0	0.921	0	0
9606.ENSP00000272317	9606.ENSP00000352119	RPS27A	H2AC11	9606	0.921	0	0	0	0	0.921	0	0
9606.ENSP00000272317	9606.ENSP00000044462	RPS27A	PSMA4	9606	0.921	0	0	0	0	0.921	0	0
9606.ENSP00000272317	9606.ENSP00000480826	RPS27A	H3C1	9606	0.921	0	0	0	0	0.921	0	0
9606.ENSP00000272317	9606.ENSP00000366999	RPS27A	H3C4	9606	0.921	0	0	0	0	0.921	0	0
9606.ENSP00000272317	9606.ENSP00000367022	RPS27A	H2AC6	9606	0.921	0	0	0	0	0.921	0	0
9606.ENSP00000272317	9606.ENSP00000499501	RPS27A	H3-2	9606	0.921	0	0	0	0	0.921	0	0
9606.ENSP00000272317	9606.ENSP00000482431	RPS27A	H2AC15	9606	0.921	0	0	0	0	0.921	0	0
9606.ENSP00000272317	9606.ENSP00000475814	RPS27A	H2AC19	9606	0.921	0	0	0	0	0.921	0	0
9606.ENSP00000272317	9606.ENSP00000483283	RPS27A	H3C11	9606	0.921	0	0	0	0	0.921	0	0
9606.ENSP00000272317	9606.ENSP00000385479	RPS27A	H3C15	9606	0.921	0	0	0	0	0.921	0	0
9606.ENSP00000272317	9606.ENSP00000358154	RPS27A	H3C14	9606	0.921	0	0	0	0	0.921	0	0
9606.ENSP00000272317	9606.ENSP00000484638	RPS27A	H3C8	9606	0.921	0	0	0	0	0.921	0	0
9606.ENSP00000272317	9606.ENSP00000333277	RPS27A	H3C13	9606	0.921	0	0	0	0	0.921	0	0
9606.ENSP00000272317	9606.ENSP00000484658	RPS27A	H3C3	9606	0.921	0	0	0	0	0.921	0	0
9606.ENSP00000272317	9606.ENSP00000352627	RPS27A	H2AC17	9606	0.921	0	0	0	0	0.921	0	0
9606.ENSP00000272317	9606.ENSP00000489282	RPS27A	H3C6	9606	0.921	0	0	0	0	0.921	0	0
9606.ENSP00000272317	9606.ENSP00000482538	RPS27A	H2AC16	9606	0.921	0	0	0	0	0.921	0	0
9606.ENSP00000272317	9606.ENSP00000358160	RPS27A	H3C10	9606	0.921	0	0	0	0	0.921	0	0
9606.ENSP00000272317	9606.ENSP00000484095	RPS27A	H3C7	9606	0.921	0	0	0	0	0.921	0	0
9606.ENSP00000272317	9606.ENSP00000358155	RPS27A	H2AC18	9606	0.921	0	0	0	0	0.921	0	0
9606.ENSP00000272317	9606.ENSP00000256383	RPS27A	EIF2S1	9606	0.917	0	0	0	0	0.917	0	0
9606.ENSP00000272317	9606.ENSP00000363018	RPS27A	RPL10A	9606	0.916	0	0	0	0	0.916	0	0
9606.ENSP00000272317	9606.ENSP00000344166	RPS27A	TMEM189-UBE2V1	9606	0.915	0	0	0	0	0.915	0	0
9606.ENSP00000272317	9606.ENSP00000360034	RPS27A	SERBP1	9606	0.915	0	0	0	0	0.915	0	0
9606.ENSP00000272317	9606.ENSP00000357565	RPS27A	ZUP1	9606	0.915	0	0	0	0	0.915	0	0
9606.ENSP00000272317	9606.ENSP00000003302	RPS27A	USP28	9606	0.913	0	0	0	0	0.913	0	0
9606.ENSP00000272317	9606.ENSP00000381577	RPS27A	USP34	9606	0.913	0	0	0	0	0.913	0	0
9606.ENSP00000272317	9606.ENSP00000203664	RPS27A	OTUB2	9606	0.911	0	0	0	0	0.911	0	0
9606.ENSP00000272317	9606.ENSP00000434024	RPS27A	H2AX	9606	0.91	0	0	0	0	0.91	0	0
9606.ENSP00000272317	9606.ENSP00000457703	RPS27A	UBL7	9606	0.91	0	0	0	0	0.91	0	0
9606.ENSP00000272317	9606.ENSP00000413436	RPS27A	RPL10	9606	0.909	0	0	0	0	0.909	0	0
9606.ENSP00000272317	9606.ENSP00000289528	RPS27A	ZFAND2B	9606	0.909	0	0	0	0	0.909	0	0
9606.ENSP00000272317	9606.ENSP00000463784	RPS27A	RPL26	9606	0.909	0	0	0	0	0.908	0	0
9606.ENSP00000272317	9606.ENSP00000259605	RPS27A	RNF38	9606	0.909	0	0	0	0	0.909	0	0
9606.ENSP00000272317	9606.ENSP00000340648	RPS27A	HUWE1	9606	0.906	0	0	0	0	0.9	0	0.1
9606.ENSP00000272317	9606.ENSP00000254436	RPS27A	TRIM21	9606	0.905	0	0	0	0	0.905	0	0
9606.ENSP00000272317	9606.ENSP00000274255	RPS27A	SKP2	9606	0.905	0	0	0	0	0.818	0.5	0
9606.ENSP00000272317	9606.ENSP00000280557	RPS27A	DENR	9606	0.903	0	0	0	0	0.902	0	0
9606.ENSP00000272317	9606.ENSP00000244537	RPS27A	H4C6	9606	0.902	0	0	0	0	0.901	0	0
9606.ENSP00000272317	9606.ENSP00000433623	RPS27A	TRAF6	9606	0.902	0	0	0	0	0.812	0.5	0
9606.ENSP00000272317	9606.ENSP00000339795	RPS27A	RPL7	9606	0.902	0	0	0	0	0.895	0	0.104
9606.ENSP00000272317	9606.ENSP00000490225	RPS27A	UBE2L5	9606	0.902	0	0	0	0	0.902	0	0
9606.ENSP00000272317	9606.ENSP00000251595	RPS27A	HBA2	9606	0.9	0	0	0	0	0	0.9	0
9606.ENSP00000272317	9606.ENSP00000366962	RPS27A	H2BC10	9606	0.9	0	0	0	0	0.9	0	0
9606.ENSP00000272317	9606.ENSP00000352264	RPS27A	CD2AP	9606	0.9	0	0	0	0	0.9	0	0
9606.ENSP00000272317	9606.ENSP00000369996	RPS27A	ATXN3L	9606	0.9	0	0	0	0	0.9	0	0
9606.ENSP00000272317	9606.ENSP00000322421	RPS27A	HBA1	9606	0.9	0	0	0	0	0	0.9	0
9606.ENSP00000272317	9606.ENSP00000284274	RPS27A	OTULIN	9606	0.9	0	0	0	0	0.9	0	0
9606.ENSP00000272317	9606.ENSP00000452885	RPS27A	MINDY2	9606	0.9	0	0	0	0	0.9	0	0
9606.ENSP00000272317	9606.ENSP00000380460	RPS27A	PLAA	9606	0.9	0	0	0	0	0.9	0	0
9606.ENSP00000272317	9606.ENSP00000263925	RPS27A	LNX1	9606	0.9	0	0	0	0	0.9	0	0
9606.ENSP00000272317	9606.ENSP00000265986	RPS27A	IDE	9606	0.9	0	0	0	0	0.9	0	0
9606.ENSP00000272317	9606.ENSP00000445633	RPS27A	H2BC8	9606	0.9	0	0	0	0	0.9	0	0
9606.ENSP00000272317	9606.ENSP00000356548	RPS27A	LTV1	9606	0.9	0	0	0	0	0.9	0	0
9606.ENSP00000272317	9606.ENSP00000222823	RPS27A	NOD1	9606	0.9	0	0	0	0	0.9	0	0
9606.ENSP00000272317	9606.ENSP00000426503	RPS27A	RNF4	9606	0.9	0	0	0	0	0.9	0	0
9606.ENSP00000272317	9606.ENSP00000260947	RPS27A	BARD1	9606	0.9	0	0	0	0	0.9	0	0
9606.ENSP00000272317	9606.ENSP00000377015	RPS27A	PICALM	9606	0.9	0	0	0	0	0.9	0	0
9606.ENSP00000272317	9606.ENSP00000468956	RPS27A	JOSD2	9606	0.9	0	0	0	0	0.9	0	0
9606.ENSP00000272317	9606.ENSP00000489317	RPS27A	H2BC6	9606	0.9	0	0	0	0	0.9	0	0
9606.ENSP00000272317	9606.ENSP00000353741	RPS27A	ETF1	9606	0.9	0	0	0	0	0.9	0	0
9606.ENSP00000272317	9606.ENSP00000407818	RPS27A	USP46	9606	0.9	0	0	0	0	0.9	0	0
9606.ENSP00000272317	9606.ENSP00000282344	RPS27A	USP12	9606	0.9	0	0	0	0	0.9	0	0
9606.ENSP00000272317	9606.ENSP00000341361	RPS27A	RNF13	9606	0.9	0	0	0	0	0.9	0	0
9606.ENSP00000272317	9606.ENSP00000374552	RPS27A	RNF216	9606	0.9	0	0	0	0	0.9	0	0
9606.ENSP00000272317	9606.ENSP00000231524	RPS27A	TRIM23	9606	0.9	0	0	0	0	0.9	0	0
9606.ENSP00000272317	9606.ENSP00000348924	RPS27A	H2BC7	9606	0.9	0	0	0	0	0.9	0	0
9606.ENSP00000272317	9606.ENSP00000354669	RPS27A	MINDY1	9606	0.9	0	0	0	0	0.9	0	0
9606.ENSP00000272317	9606.ENSP00000444596	RPS27A	MYCBP2	9606	0.9	0	0	0	0	0.9	0	0
9606.ENSP00000272317	9606.ENSP00000367440	RPS27A	TDP2	9606	0.9	0	0	0	0	0.9	0	0
9606.ENSP00000272317	9606.ENSP00000328059	RPS27A	RLIM	9606	0.9	0	0	0	0	0.9	0	0
9606.ENSP00000272317	9606.ENSP00000266970	RPS27A	CDK2	9606	0.899	0	0	0	0	0.807	0.5	0
9606.ENSP00000272317	9606.ENSP00000364119	RPS27A	EIF2S2	9606	0.899	0	0	0	0	0.899	0	0
9606.ENSP00000272317	9606.ENSP00000375730	RPS27A	RPL13A	9606	0.899	0	0	0	0	0.899	0	0
9606.ENSP00000272317	9606.ENSP00000289371	RPS27A	EIF5B	9606	0.898	0	0	0	0	0.898	0	0
9606.ENSP00000272317	9606.ENSP00000311083	RPS27A	CKS1B	9606	0.895	0	0	0	0	0.8	0.5	0
9606.ENSP00000272317	9606.ENSP00000355315	RPS27A	RPL39	9606	0.895	0	0	0	0	0.895	0	0
9606.ENSP00000272317	9606.ENSP00000463379	RPS27A	RPL17-C18orf32	9606	0.895	0	0	0	0	0.895	0	0
9606.ENSP00000272317	9606.ENSP00000481380	RPS27A	CCNA2	9606	0.895	0	0	0	0	0.8	0.5	0
9606.ENSP00000272317	9606.ENSP00000346001	RPS27A	RPL3	9606	0.895	0	0	0	0	0.895	0	0
9606.ENSP00000272317	9606.ENSP00000492441	RPS27A	RPS10-NUDT3	9606	0.895	0	0	0	0	0.895	0	0
9606.ENSP00000272317	9606.ENSP00000419449	RPS27A	EIF1	9606	0.895	0	0	0	0	0.895	0	0
9606.ENSP00000272317	9606.ENSP00000261769	RPS27A	CDH1	9606	0.895	0	0	0	0	0.8	0.5	0
9606.ENSP00000272317	9606.ENSP00000368927	RPS27A	EIF1AX	9606	0.895	0	0	0	0	0.895	0	0
9606.ENSP00000272317	9606.ENSP00000359206	RPS27A	BTRC	9606	0.895	0	0	0	0	0.8	0.5	0
9606.ENSP00000272317	9606.ENSP00000428223	RPS27A	RPL26L1	9606	0.895	0	0	0	0	0.895	0	0
9606.ENSP00000272317	9606.ENSP00000386541	RPS27A	PSMD14	9606	0.892	0	0	0	0	0.892	0	0
9606.ENSP00000272317	9606.ENSP00000481029	RPS27A	PSMC3	9606	0.892	0	0	0	0	0.892	0	0
9606.ENSP00000272317	9606.ENSP00000261712	RPS27A	PSMD11	9606	0.891	0	0	0	0	0.891	0	0
9606.ENSP00000272317	9606.ENSP00000345837	RPS27A	DPY30	9606	0.89	0	0	0	0	0.89	0	0
9606.ENSP00000272317	9606.ENSP00000340896	RPS27A	ASH2L	9606	0.89	0	0	0	0	0.89	0	0
9606.ENSP00000272317	9606.ENSP00000262193	RPS27A	PSMB1	9606	0.888	0	0	0	0	0.888	0	0
9606.ENSP00000272317	9606.ENSP00000483688	RPS27A	PSMB3	9606	0.888	0	0	0	0	0.888	0	0
9606.ENSP00000272317	9606.ENSP00000216455	RPS27A	PSMA3	9606	0.888	0	0	0	0	0.888	0	0
9606.ENSP00000272317	9606.ENSP00000310572	RPS27A	PSMC5	9606	0.888	0	0	0	0	0.888	0	0
9606.ENSP00000272317	9606.ENSP00000484998	RPS27A	PSMC6	9606	0.888	0	0	0	0	0.888	0	0
9606.ENSP00000272317	9606.ENSP00000309474	RPS27A	PSMD1	9606	0.888	0	0	0	0	0.888	0	0
9606.ENSP00000272317	9606.ENSP00000348442	RPS27A	PSMD12	9606	0.888	0	0	0	0	0.888	0	0
9606.ENSP00000272317	9606.ENSP00000396937	RPS27A	PSMD13	9606	0.888	0	0	0	0	0.887	0	0
9606.ENSP00000272317	9606.ENSP00000414359	RPS27A	PSMA1	9606	0.888	0	0	0	0	0.888	0	0
9606.ENSP00000272317	9606.ENSP00000354125	RPS27A	EIF3B	9606	0.887	0	0	0	0	0.887	0	0
9606.ENSP00000272317	9606.ENSP00000362334	RPS27A	PSMB2	9606	0.887	0	0	0	0	0.887	0	0
9606.ENSP00000272317	9606.ENSP00000346012	RPS27A	RPL36AL	9606	0.887	0	0	0	0	0.886	0	0
9606.ENSP00000272317	9606.ENSP00000296577	RPS27A	ABCE1	9606	0.887	0	0	0	0	0.887	0	0
9606.ENSP00000272317	9606.ENSP00000332604	RPS27A	EIF3C	9606	0.887	0	0	0	0	0.887	0	0
9606.ENSP00000272317	9606.ENSP00000358140	RPS27A	EIF3A	9606	0.887	0	0	0	0	0.887	0	0
9606.ENSP00000272317	9606.ENSP00000264639	RPS27A	PSMD3	9606	0.886	0	0	0	0	0.886	0	0
9606.ENSP00000272317	9606.ENSP00000418695	RPS27A	PSMD6	9606	0.886	0	0	0	0	0.886	0	0
9606.ENSP00000272317	9606.ENSP00000229214	RPS27A	KRR1	9606	0.88	0	0	0	0	0.88	0	0
9606.ENSP00000272317	9606.ENSP00000431240	RPS27A	RPLP2	9606	0.878	0	0	0	0	0.871	0	0.089
9606.ENSP00000272317	9606.ENSP00000253039	RPS27A	EIF2S3	9606	0.876	0	0	0	0	0.876	0	0
9606.ENSP00000272317	9606.ENSP00000259457	RPS27A	PSMB7	9606	0.876	0	0	0	0	0.876	0	0
9606.ENSP00000272317	9606.ENSP00000270586	RPS27A	PSMB6	9606	0.875	0	0	0	0	0.875	0	0
9606.ENSP00000272317	9606.ENSP00000404375	RPS27A	RPL36A	9606	0.875	0	0	0	0	0.875	0	0
9606.ENSP00000272317	9606.ENSP00000216190	RPS27A	EIF3D	9606	0.87	0	0	0	0	0.87	0	0
9606.ENSP00000272317	9606.ENSP00000220849	RPS27A	EIF3E	9606	0.87	0	0	0	0	0.87	0	0
9606.ENSP00000272317	9606.ENSP00000248342	RPS27A	EIF3K	9606	0.87	0	0	0	0	0.87	0	0
9606.ENSP00000272317	9606.ENSP00000261868	RPS27A	EIF3J	9606	0.869	0	0	0	0	0.869	0	0
9606.ENSP00000272317	9606.ENSP00000362688	RPS27A	EIF3I	9606	0.869	0	0	0	0	0.869	0	0
9606.ENSP00000272317	9606.ENSP00000224073	RPS27A	EDF1	9606	0.869	0	0	0	0	0.869	0	0
9606.ENSP00000272317	9606.ENSP00000283109	RPS27A	RIOK2	9606	0.868	0	0	0	0	0.868	0	0
9606.ENSP00000272317	9606.ENSP00000223321	RPS27A	PSMA2	9606	0.868	0	0	0	0	0.868	0	0
9606.ENSP00000272317	9606.ENSP00000339063	RPS27A	EEF1A1	9606	0.867	0	0	0	0	0.867	0	0
9606.ENSP00000272317	9606.ENSP00000331201	RPS27A	HGS	9606	0.867	0	0	0	0	0.744	0.5	0
9606.ENSP00000272317	9606.ENSP00000274311	RPS27A	PELO	9606	0.866	0	0	0	0	0.866	0	0
9606.ENSP00000272317	9606.ENSP00000355541	RPS27A	HEATR1	9606	0.866	0	0	0	0	0.866	0	0
9606.ENSP00000272317	9606.ENSP00000261303	RPS27A	PSMC1	9606	0.862	0	0	0	0	0.862	0	0
9606.ENSP00000272317	9606.ENSP00000471455	RPS27A	CCDC124	9606	0.862	0	0	0	0	0.862	0	0
9606.ENSP00000272317	9606.ENSP00000499067	RPS27A	EIF3L	9606	0.862	0	0	0	0	0.862	0	0
9606.ENSP00000272317	9606.ENSP00000215071	RPS27A	PSMD8	9606	0.862	0	0	0	0	0.862	0	0
9606.ENSP00000272317	9606.ENSP00000363642	RPS27A	BMS1	9606	0.862	0	0	0	0	0.862	0	0
9606.ENSP00000272317	9606.ENSP00000470560	RPS27A	EMG1	9606	0.862	0	0	0	0	0.862	0	0
9606.ENSP00000272317	9606.ENSP00000290541	RPS27A	PSMB4	9606	0.862	0	0	0	0	0.862	0	0
9606.ENSP00000272317	9606.ENSP00000232888	RPS27A	RRP9	9606	0.862	0	0	0	0	0.862	0	0
9606.ENSP00000272317	9606.ENSP00000244230	RPS27A	MPHOSPH10	9606	0.862	0	0	0	0	0.862	0	0
9606.ENSP00000272317	9606.ENSP00000225298	RPS27A	UTP18	9606	0.862	0	0	0	0	0.862	0	0
9606.ENSP00000272317	9606.ENSP00000383949	RPS27A	SNU13	9606	0.862	0	0	0	0	0.862	0	0
9606.ENSP00000272317	9606.ENSP00000297990	RPS27A	NOL6	9606	0.862	0	0	0	0	0.862	0	0
9606.ENSP00000272317	9606.ENSP00000259239	RPS27A	IMP4	9606	0.862	0	0	0	0	0.862	0	0
9606.ENSP00000272317	9606.ENSP00000308179	RPS27A	WDR3	9606	0.862	0	0	0	0	0.862	0	0
9606.ENSP00000272317	9606.ENSP00000326981	RPS27A	IMP3	9606	0.862	0	0	0	0	0.862	0	0
9606.ENSP00000272317	9606.ENSP00000344393	RPS27A	FCF1	9606	0.862	0	0	0	0	0.862	0	0
9606.ENSP00000272317	9606.ENSP00000370589	RPS27A	NOP56	9606	0.862	0	0	0	0	0.862	0	0
9606.ENSP00000272317	9606.ENSP00000423067	RPS27A	WDR36	9606	0.862	0	0	0	0	0.862	0	0
9606.ENSP00000272317	9606.ENSP00000219313	RPS27A	PSMD7	9606	0.862	0	0	0	0	0.862	0	0
9606.ENSP00000272317	9606.ENSP00000454836	RPS27A	TBL3	9606	0.862	0	0	0	0	0.862	0	0
9606.ENSP00000272317	9606.ENSP00000264279	RPS27A	NOP58	9606	0.862	0	0	0	0	0.862	0	0
9606.ENSP00000272317	9606.ENSP00000271308	RPS27A	PSMA5	9606	0.862	0	0	0	0	0.862	0	0
9606.ENSP00000272317	9606.ENSP00000253108	RPS27A	EIF3G	9606	0.862	0	0	0	0	0.862	0	0
9606.ENSP00000272317	9606.ENSP00000371169	RPS27A	RCL1	9606	0.862	0	0	0	0	0.862	0	0
9606.ENSP00000272317	9606.ENSP00000321449	RPS27A	RRP7A	9606	0.862	0	0	0	0	0.862	0	0
9606.ENSP00000272317	9606.ENSP00000157812	RPS27A	PSMC4	9606	0.862	0	0	0	0	0.862	0	0
9606.ENSP00000272317	9606.ENSP00000431800	RPS27A	EIF3F	9606	0.858	0	0	0	0	0.858	0	0
9606.ENSP00000272317	9606.ENSP00000265339	RPS27A	UBE2B	9606	0.851	0	0	0	0	0.715	0.5	0
9606.ENSP00000272317	9606.ENSP00000349722	RPS27A	UBE2D3	9606	0.85	0	0	0	0	0.713	0.5	0
9606.ENSP00000272317	9606.ENSP00000221801	RPS27A	FBL	9606	0.848	0	0	0	0	0.848	0	0
9606.ENSP00000272317	9606.ENSP00000359910	RPS27A	PSMA7	9606	0.848	0	0	0	0	0.848	0	0
9606.ENSP00000272317	9606.ENSP00000355325	RPS27A	PSMB5	9606	0.848	0	0	0	0	0.848	0	0
9606.ENSP00000272317	9606.ENSP00000291576	RPS27A	PWP2	9606	0.848	0	0	0	0	0.848	0	0
9606.ENSP00000272317	9606.ENSP00000356811	RPS27A	HBS1L	9606	0.847	0	0	0	0	0.847	0	0
9606.ENSP00000272317	9606.ENSP00000351446	RPS27A	WDR5	9606	0.844	0	0	0	0	0.844	0	0
9606.ENSP00000272317	9606.ENSP00000263657	RPS27A	PNO1	9606	0.842	0	0	0	0	0.842	0	0
9606.ENSP00000272317	9606.ENSP00000443017	RPS27A	H4-16	9606	0.842	0	0	0	0	0.842	0	0
9606.ENSP00000272317	9606.ENSP00000489236	RPS27A	H4C8	9606	0.842	0	0	0	0	0.842	0	0
9606.ENSP00000272317	9606.ENSP00000462355	RPS27A	H4C15	9606	0.842	0	0	0	0	0.842	0	0
9606.ENSP00000272317	9606.ENSP00000462667	RPS27A	H4C14	9606	0.842	0	0	0	0	0.842	0	0
9606.ENSP00000272317	9606.ENSP00000479794	RPS27A	H4C12	9606	0.842	0	0	0	0	0.842	0	0
9606.ENSP00000272317	9606.ENSP00000481486	RPS27A	H4C9	9606	0.842	0	0	0	0	0.842	0	0
9606.ENSP00000272317	9606.ENSP00000480960	RPS27A	H4C13	9606	0.842	0	0	0	0	0.842	0	0
9606.ENSP00000272317	9606.ENSP00000347168	RPS27A	H4C11	9606	0.842	0	0	0	0	0.842	0	0
9606.ENSP00000272317	9606.ENSP00000479461	RPS27A	H4C4	9606	0.842	0	0	0	0	0.842	0	0
9606.ENSP00000272317	9606.ENSP00000367034	RPS27A	H4C3	9606	0.842	0	0	0	0	0.842	0	0
9606.ENSP00000272317	9606.ENSP00000366974	RPS27A	H4C2	9606	0.842	0	0	0	0	0.842	0	0
9606.ENSP00000272317	9606.ENSP00000479106	RPS27A	H4C1	9606	0.842	0	0	0	0	0.842	0	0
9606.ENSP00000272317	9606.ENSP00000484789	RPS27A	H4C5	9606	0.842	0	0	0	0	0.842	0	0
9606.ENSP00000272317	9606.ENSP00000254730	RPS27A	EEFSEC	9606	0.823	0	0	0	0	0.823	0	0
9606.ENSP00000272317	9606.ENSP00000247668	RPS27A	TRAF2	9606	0.821	0	0	0	0	0.658	0.5	0
9606.ENSP00000272317	9606.ENSP00000436049	RPS27A	EIF3M	9606	0.808	0	0	0	0	0.808	0	0
9606.ENSP00000272317	9606.ENSP00000429931	RPS27A	EIF3H	9606	0.808	0	0	0	0	0.808	0	0
9606.ENSP00000272317	9606.ENSP00000223641	RPS27A	SEC61B	9606	0.807	0	0	0	0	0.807	0	0
9606.ENSP00000272317	9606.ENSP00000369162	RPS27A	RIOK1	9606	0.802	0	0	0	0	0.802	0	0
9606.ENSP00000272317	9606.ENSP00000436786	RPS27A	KMT2A	9606	0.801	0	0	0	0	0.801	0	0
9606.ENSP00000272317	9606.ENSP00000411010	RPS27A	DNTTIP2	9606	0.8	0	0	0	0	0.8	0	0
9606.ENSP00000272317	9606.ENSP00000216037	RPS27A	XBP1	9606	0.8	0	0	0	0	0.8	0	0
9606.ENSP00000272317	9606.ENSP00000305230	RPS27A	SRP9	9606	0.8	0	0	0	0	0.8	0	0
9606.ENSP00000272317	9606.ENSP00000264972	RPS27A	ZAP70	9606	0.8	0	0	0	0	0.8	0	0
9606.ENSP00000272317	9606.ENSP00000296792	RPS27A	UTP15	9606	0.8	0	0	0	0	0.8	0	0
9606.ENSP00000272317	9606.ENSP00000371101	RPS27A	NOL10	9606	0.8	0	0	0	0	0.8	0	0
9606.ENSP00000272317	9606.ENSP00000253247	RPS27A	NOL11	9606	0.8	0	0	0	0	0.8	0	0
9606.ENSP00000272317	9606.ENSP00000398131	RPS27A	GSPT1	9606	0.8	0	0	0	0	0.8	0	0
9606.ENSP00000272317	9606.ENSP00000271764	RPS27A	EIF2D	9606	0.8	0	0	0	0	0.8	0	0
9606.ENSP00000272317	9606.ENSP00000446184	RPS27A	RRP12	9606	0.8	0	0	0	0	0.8	0	0
9606.ENSP00000272317	9606.ENSP00000384302	RPS27A	WDR43	9606	0.8	0	0	0	0	0.8	0	0
9606.ENSP00000272317	9606.ENSP00000367498	RPS27A	LRRC47	9606	0.8	0	0	0	0	0.8	0	0
9606.ENSP00000272317	9606.ENSP00000297579	RPS27A	DCAF13	9606	0.8	0	0	0	0	0.8	0	0
9606.ENSP00000272317	9606.ENSP00000267884	RPS27A	SRP14	9606	0.8	0	0	0	0	0.8	0	0
9606.ENSP00000272317	9606.ENSP00000386134	RPS27A	NGDN	9606	0.8	0	0	0	0	0.8	0	0
9606.ENSP00000272317	9606.ENSP00000254803	RPS27A	UTP3	9606	0.8	0	0	0	0	0.8	0	0
9606.ENSP00000272317	9606.ENSP00000401191	RPS27A	BUD23	9606	0.8	0	0	0	0	0.8	0	0
9606.ENSP00000272317	9606.ENSP00000424870	RPS27A	SRP19	9606	0.8	0	0	0	0	0.8	0	0
9606.ENSP00000272317	9606.ENSP00000366135	RPS27A	EXOSC10	9606	0.8	0	0	0	0	0.8	0	0
9606.ENSP00000272317	9606.ENSP00000262189	RPS27A	KMT2C	9606	0.8	0	0	0	0	0.8	0	0
9606.ENSP00000272317	9606.ENSP00000293831	RPS27A	EIF4A1	9606	0.8	0	0	0	0	0.8	0	0
9606.ENSP00000272317	9606.ENSP00000311135	RPS27A	DHX37	9606	0.8	0	0	0	0	0.8	0	0
9606.ENSP00000272317	9606.ENSP00000261708	RPS27A	UTP6	9606	0.8	0	0	0	0	0.8	0	0
9606.ENSP00000272317	9606.ENSP00000314193	RPS27A	WDR75	9606	0.8	0	0	0	0	0.8	0	0
9606.ENSP00000272317	9606.ENSP00000257829	RPS27A	NAT10	9606	0.8	0	0	0	0	0.8	0	0
9606.ENSP00000272317	9606.ENSP00000327179	RPS27A	UTP4	9606	0.8	0	0	0	0	0.8	0	0
9606.ENSP00000272317	9606.ENSP00000243253	RPS27A	SEC61A1	9606	0.8	0	0	0	0	0.8	0	0
9606.ENSP00000272317	9606.ENSP00000328854	RPS27A	NOC4L	9606	0.8	0	0	0	0	0.8	0	0
9606.ENSP00000272317	9606.ENSP00000416255	RPS27A	EIF4G1	9606	0.8	0	0	0	0	0.8	0	0
9606.ENSP00000272317	9606.ENSP00000363746	RPS27A	WDR46	9606	0.8	0	0	0	0	0.8	0	0
9606.ENSP00000272317	9606.ENSP00000477848	RPS27A	AATF	9606	0.8	0	0	0	0	0.8	0	0
9606.ENSP00000272317	9606.ENSP00000388337	RPS27A	SEC61G	9606	0.8	0	0	0	0	0.8	0	0
9606.ENSP00000272317	9606.ENSP00000199320	RPS27A	DIMT1	9606	0.8	0	0	0	0	0.8	0	0
9606.ENSP00000272317	9606.ENSP00000355609	RPS27A	C1orf131	9606	0.8	0	0	0	0	0.8	0	0
9606.ENSP00000272317	9606.ENSP00000291634	RPS27A	FAM207A	9606	0.8	0	0	0	0	0.8	0	0
9606.ENSP00000272317	9606.ENSP00000333948	RPS27A	RPS19BP1	9606	0.8	0	0	0	0	0.8	0	0
9606.ENSP00000272317	9606.ENSP00000451818	RPS27A	SRP54	9606	0.8	0	0	0	0	0.8	0	0
9606.ENSP00000272317	9606.ENSP00000405674	RPS27A	NOL7	9606	0.8	0	0	0	0	0.8	0	0
9606.ENSP00000272317	9606.ENSP00000268802	RPS27A	NOB1	9606	0.8	0	0	0	0	0.8	0	0
9606.ENSP00000272317	9606.ENSP00000377944	RPS27A	UTP14A	9606	0.8	0	0	0	0	0.8	0	0
9606.ENSP00000272317	9606.ENSP00000362105	RPS27A	UTP11	9606	0.8	0	0	0	0	0.8	0	0
9606.ENSP00000272317	9606.ENSP00000312066	RPS27A	SRP68	9606	0.8	0	0	0	0	0.8	0	0
9606.ENSP00000272317	9606.ENSP00000438349	RPS27A	TRMT112	9606	0.8	0	0	0	0	0.8	0	0
9606.ENSP00000272317	9606.ENSP00000364965	RPS27A	SECISBP2	9606	0.8	0	0	0	0	0.8	0	0
9606.ENSP00000272317	9606.ENSP00000434056	RPS27A	EIF1AD	9606	0.8	0	0	0	0	0.8	0	0
9606.ENSP00000272317	9606.ENSP00000261637	RPS27A	UTP20	9606	0.8	0	0	0	0	0.8	0	0
9606.ENSP00000272317	9606.ENSP00000345917	RPS27A	LYAR	9606	0.8	0	0	0	0	0.8	0	0
9606.ENSP00000272317	9606.ENSP00000360365	RPS27A	MCTS1	9606	0.8	0	0	0	0	0.8	0	0
9606.ENSP00000272317	9606.ENSP00000427793	RPS27A	WWP1	9606	0.79	0	0	0	0	0.599	0.5	0
9606.ENSP00000272317	9606.ENSP00000400906	RPS27A	UBE2L3	9606	0.786	0	0	0	0	0.591	0.5	0
9606.ENSP00000272317	9606.ENSP00000351777	RPS27A	VCP	9606	0.762	0	0	0	0	0.433	0.5	0.23
9606.ENSP00000272317	9606.ENSP00000331019	RPS27A	RPS27L	9606	0.76	0	0	0	0	0.5	0.54	0
9606.ENSP00000272317	9606.ENSP00000361310	RPS27A	POLH	9606	0.751	0	0	0	0	0.524	0.5	0
9606.ENSP00000272317	9606.ENSP00000229769	RPS27A	FANCE	9606	0.738	0	0	0	0	0.499	0.5	0
9606.ENSP00000272317	9606.ENSP00000210313	RPS27A	PSMD5	9606	0.734	0	0	0	0	0.734	0	0
9606.ENSP00000272317	9606.ENSP00000262320	RPS27A	AXIN1	9606	0.734	0	0	0	0	0.49	0.5	0
9606.ENSP00000272317	9606.ENSP00000360613	RPS27A	UBE2A	9606	0.721	0	0	0	0	0.465	0.5	0
9606.ENSP00000272317	9606.ENSP00000259808	RPS27A	RIPK1	9606	0.72	0	0	0	0	0.464	0.5	0
9606.ENSP00000272317	9606.ENSP00000251636	RPS27A	DHX29	9606	0.72	0	0	0	0	0	0.72	0
9606.ENSP00000272317	9606.ENSP00000400175	RPS27A	RHOA	9606	0.716	0	0	0	0	0.457	0.5	0
9606.ENSP00000272317	9606.ENSP00000384849	RPS27A	CDKN1A	9606	0.716	0	0	0	0	0.457	0.5	0
9606.ENSP00000272317	9606.ENSP00000275493	RPS27A	EGFR	9606	0.716	0	0	0	0	0.457	0.5	0
9606.ENSP00000272317	9606.ENSP00000384273	RPS27A	RELA	9606	0.716	0	0	0	0	0.457	0.5	0
9606.ENSP00000272317	9606.ENSP00000350708	RPS27A	RAD23B	9606	0.716	0	0	0	0	0.457	0.5	0
9606.ENSP00000272317	9606.ENSP00000280377	RPS27A	USP15	9606	0.716	0	0	0	0	0.457	0.5	0
9606.ENSP00000272317	9606.ENSP00000486252	RPS27A	RPS4Y2	9606	0.713	0	0	0	0	0.403	0.54	0
9606.ENSP00000272317	9606.ENSP00000320543	RPS27A	EPN2	9606	0.709	0	0	0	0	0.442	0.5	0
9606.ENSP00000272317	9606.ENSP00000348838	RPS27A	UBE2C	9606	0.706	0	0	0	0	0.437	0.5	0
9606.ENSP00000274031	9606.ENSP00000177694	SETD7	TBX21	9606	0.816	0	0	0	0	0	0	0.816
9606.ENSP00000274031	9606.ENSP00000352516	SETD7	DNMT1	9606	0.753	0	0	0	0	0.618	0	0.382
9606.ENSP00000274031	9606.ENSP00000212015	SETD7	SIRT1	9606	0.726	0	0	0	0	0.292	0	0.63
9606.ENSP00000274031	9606.ENSP00000250003	SETD7	MYOD1	9606	0.705	0	0	0	0	0.292	0	0.601
9606.ENSP00000278616	9606.ENSP00000418960	ATM	BRCA1	9606	0.998	0	0	0	0	0.587	0.8	0.979
9606.ENSP00000278616	9606.ENSP00000233146	ATM	MSH2	9606	0.996	0	0	0	0	0.287	0.9	0.957
9606.ENSP00000278616	9606.ENSP00000234420	ATM	MSH6	9606	0.995	0	0	0	0	0.287	0.9	0.939
9606.ENSP00000278616	9606.ENSP00000365588	ATM	MDC1	9606	0.992	0	0	0	0	0.587	0.5	0.966
9606.ENSP00000278616	9606.ENSP00000323099	ATM	ATRIP	9606	0.986	0	0	0	0	0.292	0.5	0.966
9606.ENSP00000278616	9606.ENSP00000340330	ATM	KAT5	9606	0.984	0	0	0	0	0.457	0.9	0.735
9606.ENSP00000278616	9606.ENSP00000375978	ATM	XRCC5	9606	0.98	0	0	0	0	0.457	0.9	0.663
9606.ENSP00000278616	9606.ENSP00000265433	ATM	NBN	9606	0.979	0	0	0	0	0.943	0.5	0.311
9606.ENSP00000278616	9606.ENSP00000372023	ATM	CHEK2	9606	0.977	0	0	0	0	0.457	0	0.96
9606.ENSP00000278616	9606.ENSP00000371475	ATM	TP53BP1	9606	0.973	0	0	0	0	0.504	0.5	0.902
9606.ENSP00000278616	9606.ENSP00000231790	ATM	MLH1	9606	0.973	0	0	0	0	0.287	0.54	0.926
9606.ENSP00000278616	9606.ENSP00000262971	ATM	PIAS4	9606	0.96	0	0	0	0	0	0.5	0.925
9606.ENSP00000278616	9606.ENSP00000352257	ATM	XRCC6	9606	0.95	0	0	0	0	0	0.9	0.53
9606.ENSP00000278616	9606.ENSP00000483825	ATM	IKBKG	9606	0.949	0	0	0	0	0.457	0	0.91
9606.ENSP00000278616	9606.ENSP00000299575	ATM	ATMIN	9606	0.946	0	0	0	0	0.457	0	0.906
9606.ENSP00000278616	9606.ENSP00000391601	ATM	PEX5	9606	0.943	0	0	0	0	0.457	0.9	0
9606.ENSP00000278616	9606.ENSP00000285021	ATM	XPC	9606	0.943	0	0	0	0	0.457	0.9	0
9606.ENSP00000278616	9606.ENSP00000343741	ATM	ATR	9606	0.939	0	0	0	0	0.292	0.9	0.214
9606.ENSP00000278616	9606.ENSP00000313420	ATM	PRKDC	9606	0.938	0	0	0	0	0.413	0.9	0
9606.ENSP00000278616	9606.ENSP00000498881	ATM	ERCC5	9606	0.933	0	0	0	0	0	0.9	0.363
9606.ENSP00000278616	9606.ENSP00000347232	ATM	BLM	9606	0.928	0	0	0	0	0.457	0.8	0.398
9606.ENSP00000278616	9606.ENSP00000349313	ATM	NHEJ1	9606	0.926	0	0	0	0	0.292	0.9	0
9606.ENSP00000278616	9606.ENSP00000367527	ATM	DCLRE1C	9606	0.926	0	0	0	0	0.292	0.9	0
9606.ENSP00000278616	9606.ENSP00000369497	ATM	BRCA2	9606	0.924	0	0	0	0	0.292	0.8	0.512
9606.ENSP00000278616	9606.ENSP00000287647	ATM	FANCD2	9606	0.907	0	0	0	0	0.303	0.54	0.736
9606.ENSP00000278616	9606.ENSP00000493712	ATM	RAD51	9606	0.907	0	0	0	0	0.292	0.8	0.401
9606.ENSP00000278616	9606.ENSP00000310520	ATM	ERCC4	9606	0.9	0	0	0	0	0	0.9	0
9606.ENSP00000278616	9606.ENSP00000383042	ATM	KDM1A	9606	0.9	0	0	0	0	0	0.9	0
9606.ENSP00000278616	9606.ENSP00000360682	ATM	PAXX	9606	0.9	0	0	0	0	0	0.9	0
9606.ENSP00000278616	9606.ENSP00000350708	ATM	RAD23B	9606	0.9	0	0	0	0	0	0.9	0
9606.ENSP00000278616	9606.ENSP00000265038	ATM	ERCC8	9606	0.9	0	0	0	0	0	0.9	0
9606.ENSP00000278616	9606.ENSP00000398824	ATM	PHF21A	9606	0.9	0	0	0	0	0	0.9	0
9606.ENSP00000278616	9606.ENSP00000300145	ATM	ATP23	9606	0.9	0	0	0	0	0	0.9	0
9606.ENSP00000278616	9606.ENSP00000472445	ATM	POLD1	9606	0.9	0	0	0	0	0	0.9	0
9606.ENSP00000278616	9606.ENSP00000013807	ATM	ERCC1	9606	0.9	0	0	0	0	0	0.9	0
9606.ENSP00000278616	9606.ENSP00000310008	ATM	SWSAP1	9606	0.9	0	0	0	0	0	0.9	0
9606.ENSP00000278616	9606.ENSP00000421491	ATM	XRCC4	9606	0.9	0	0	0	0	0	0.9	0
9606.ENSP00000278616	9606.ENSP00000262241	ATM	RCOR1	9606	0.9	0	0	0	0	0	0.9	0
9606.ENSP00000278616	9606.ENSP00000359300	ATM	CETN2	9606	0.9	0	0	0	0	0	0.9	0
9606.ENSP00000278616	9606.ENSP00000484288	ATM	LIG4	9606	0.9	0	0	0	0	0	0.9	0
9606.ENSP00000278616	9606.ENSP00000382218	ATM	ZSWIM7	9606	0.9	0	0	0	0	0	0.9	0
9606.ENSP00000278616	9606.ENSP00000434024	ATM	H2AX	9606	0.896	0	0	0	0	0.457	0.5	0.651
9606.ENSP00000278616	9606.ENSP00000384048	ATM	PAXIP1	9606	0.893	0	0	0	0	0	0.5	0.796
9606.ENSP00000278616	9606.ENSP00000362649	ATM	HDAC1	9606	0.886	0	0	0	0	0.292	0	0.846
9606.ENSP00000278616	9606.ENSP00000258149	ATM	MDM2	9606	0.842	0	0	0	0	0.457	0	0.722
9606.ENSP00000278616	9606.ENSP00000262319	ATM	TELO2	9606	0.822	0	0	0	0	0.517	0	0.647
9606.ENSP00000278616	9606.ENSP00000259008	ATM	BRIP1	9606	0.821	0	0	0	0	0	0.8	0.143
9606.ENSP00000278616	9606.ENSP00000325863	ATM	MRE11	9606	0.811	0	0	0	0	0.547	0.5	0.234
9606.ENSP00000278616	9606.ENSP00000265081	ATM	MSH3	9606	0.802	0	0	0	0	0	0.72	0.323
9606.ENSP00000278616	9606.ENSP00000321636	ATM	TOP3A	9606	0.8	0	0	0	0	0	0.8	0
9606.ENSP00000278616	9606.ENSP00000257904	ATM	CDK4	9606	0.8	0	0	0	0	0	0.8	0
9606.ENSP00000278616	9606.ENSP00000266970	ATM	CDK2	9606	0.8	0	0	0	0	0	0.8	0
9606.ENSP00000278616	9606.ENSP00000216024	ATM	DMC1	9606	0.8	0	0	0	0	0	0.8	0
9606.ENSP00000278616	9606.ENSP00000263253	ATM	EP300	9606	0.776	0	0	0	0	0	0	0.776
9606.ENSP00000278616	9606.ENSP00000278935	ATM	CEP164	9606	0.756	0	0	0	0	0	0	0.756
9606.ENSP00000278616	9606.ENSP00000310842	ATM	FANCI	9606	0.745	0	0	0	0	0.292	0.54	0.281
9606.ENSP00000278616	9606.ENSP00000482093	ATM	PER3	9606	0.738	0	0	0	0	0.292	0	0.645
9606.ENSP00000278616	9606.ENSP00000220849	ATM	EIF3E	9606	0.737	0	0	0	0	0.292	0	0.643
9606.ENSP00000278616	9606.ENSP00000276603	ATM	TERF1	9606	0.737	0	0	0	0	0.457	0	0.537
9606.ENSP00000278616	9606.ENSP00000426191	ATM	RAD17	9606	0.728	0	0	0	0	0.457	0.5	0.082
9606.ENSP00000278616	9606.ENSP00000254719	ATM	RPA1	9606	0.716	0	0	0	0	0.457	0.5	0
9606.ENSP00000278616	9606.ENSP00000382628	ATM	RBBP8	9606	0.716	0	0	0	0	0.457	0.5	0
9606.ENSP00000278616	9606.ENSP00000363017	ATM	RPA2	9606	0.716	0	0	0	0	0.457	0.5	0
9606.ENSP00000278616	9606.ENSP00000260810	ATM	TOPBP1	9606	0.716	0	0	0	0	0.457	0.5	0
9606.ENSP00000278616	9606.ENSP00000269305	ATM	TP53	9606	0.713	0	0	0	0	0.457	0	0.493
9606.ENSP00000278823	9606.ENSP00000362649	MTA2	HDAC1	9606	0.999	0	0	0	0	0.662	0.9	0.982
9606.ENSP00000278823	9606.ENSP00000369424	MTA2	RBBP7	9606	0.999	0	0	0	0	0.734	0.9	0.982
9606.ENSP00000278823	9606.ENSP00000362592	MTA2	RBBP4	9606	0.999	0	0	0	0	0.691	0.9	0.975
9606.ENSP00000278823	9606.ENSP00000440542	MTA2	CHD4	9606	0.999	0	0	0	0	0.654	0.9	0.982
9606.ENSP00000278823	9606.ENSP00000430432	MTA2	HDAC2	9606	0.999	0	0	0	0	0.675	0.9	0.983
9606.ENSP00000278823	9606.ENSP00000384899	MTA2	GATAD2A	9606	0.998	0	0	0	0	0.693	0.9	0.955
9606.ENSP00000278823	9606.ENSP00000333633	MTA2	MTA1	9606	0.996	0	0	0	0	0.688	0.72	0.958
9606.ENSP00000278823	9606.ENSP00000369716	MTA2	CHD3	9606	0.995	0	0	0	0	0.65	0.72	0.953
9606.ENSP00000278823	9606.ENSP00000357644	MTA2	GATAD2B	9606	0.986	0	0	0	0	0.68	0.54	0.916
9606.ENSP00000278823	9606.ENSP00000412302	MTA2	MBD3	9606	0.961	0	0	0	0	0.694	0.8	0.417
9606.ENSP00000278823	9606.ENSP00000385823	MTA2	MTA3	9606	0.951	0	0	0	0	0.675	0.72	0.505
9606.ENSP00000278823	9606.ENSP00000262450	MTA2	CHD5	9606	0.912	0	0	0	0	0.654	0.72	0.166
9606.ENSP00000278823	9606.ENSP00000256429	MTA2	MBD2	9606	0.88	0	0	0	0	0.697	0.54	0.21
9606.ENSP00000278823	9606.ENSP00000383042	MTA2	KDM1A	9606	0.807	0	0	0	0	0.457	0.5	0.348
9606.ENSP00000278823	9606.ENSP00000262241	MTA2	RCOR1	9606	0.782	0	0	0	0	0	0.5	0.582
9606.ENSP00000278823	9606.ENSP00000217244	MTA2	CSNK2A1	9606	0.762	0	0	0	0	0.186	0.72	0
9606.ENSP00000278823	9606.ENSP00000379078	MTA2	EHMT2	9606	0.716	0	0	0	0	0.457	0.5	0
9606.ENSP00000278823	9606.ENSP00000296504	MTA2	SAP30	9606	0.702	0	0	0	0	0.429	0.5	0
9606.ENSP00000281043	9606.ENSP00000216911	MYCN	AURKA	9606	0.99	0	0	0	0	0.96	0	0.776
9606.ENSP00000281043	9606.ENSP00000243346	MYCN	NMI	9606	0.975	0	0	0	0	0.23	0	0.97
9606.ENSP00000281043	9606.ENSP00000351490	MYCN	MAX	9606	0.974	0	0	0	0	0.457	0	0.955
9606.ENSP00000281043	9606.ENSP00000478887	MYCN	MYC	9606	0.886	0	0	0	0	0.421	0.8	0.098
9606.ENSP00000281043	9606.ENSP00000362649	MYCN	HDAC1	9606	0.852	0	0	0	0	0.457	0	0.739
9606.ENSP00000281043	9606.ENSP00000320147	MYCN	EZH2	9606	0.843	0	0	0	0	0.457	0	0.723
9606.ENSP00000281043	9606.ENSP00000368486	MYCN	ZFX	9606	0.751	0	0	0	0	0	0	0.751
9606.ENSP00000281043	9606.ENSP00000263377	MYCN	BRD4	9606	0.748	0	0	0	0	0	0	0.748
9606.ENSP00000285021	9606.ENSP00000350708	XPC	RAD23B	9606	0.999	0	0	0	0	0.71	0.9	0.976
9606.ENSP00000285021	9606.ENSP00000359300	XPC	CETN2	9606	0.999	0	0	0	0	0.958	0.9	0.975
9606.ENSP00000285021	9606.ENSP00000352257	XPC	XRCC6	9606	0.959	0	0	0	0	0.616	0.9	0
9606.ENSP00000285021	9606.ENSP00000340883	XPC	SMARCB1	9606	0.956	0	0	0	0	0.292	0	0.941
9606.ENSP00000285021	9606.ENSP00000013807	XPC	ERCC1	9606	0.948	0	0	0	0	0	0.9	0.507
9606.ENSP00000285021	9606.ENSP00000278616	XPC	ATM	9606	0.943	0	0	0	0	0.457	0.9	0
9606.ENSP00000285021	9606.ENSP00000467024	XPC	RAD23A	9606	0.941	0	0	0	0	0.71	0.5	0.629
9606.ENSP00000285021	9606.ENSP00000498881	XPC	ERCC5	9606	0.92	0	0	0	0	0	0.9	0.238
9606.ENSP00000285021	9606.ENSP00000310520	XPC	ERCC4	9606	0.915	0	0	0	0	0.191	0.9	0
9606.ENSP00000285021	9606.ENSP00000375978	XPC	XRCC5	9606	0.915	0	0	0	0	0.194	0.9	0
9606.ENSP00000285021	9606.ENSP00000300145	XPC	ATP23	9606	0.9	0	0	0	0	0	0.9	0
9606.ENSP00000285021	9606.ENSP00000398824	XPC	PHF21A	9606	0.9	0	0	0	0	0	0.9	0
9606.ENSP00000285021	9606.ENSP00000265038	XPC	ERCC8	9606	0.9	0	0	0	0	0	0.9	0
9606.ENSP00000285021	9606.ENSP00000234420	XPC	MSH6	9606	0.9	0	0	0	0	0	0.9	0
9606.ENSP00000285021	9606.ENSP00000472445	XPC	POLD1	9606	0.9	0	0	0	0	0	0.9	0
9606.ENSP00000285021	9606.ENSP00000383042	XPC	KDM1A	9606	0.9	0	0	0	0	0	0.9	0
9606.ENSP00000285021	9606.ENSP00000360682	XPC	PAXX	9606	0.9	0	0	0	0	0	0.9	0
9606.ENSP00000285021	9606.ENSP00000313420	XPC	PRKDC	9606	0.9	0	0	0	0	0	0.9	0
9606.ENSP00000285021	9606.ENSP00000233146	XPC	MSH2	9606	0.9	0	0	0	0	0	0.9	0
9606.ENSP00000285021	9606.ENSP00000367527	XPC	DCLRE1C	9606	0.9	0	0	0	0	0	0.9	0
9606.ENSP00000285021	9606.ENSP00000382218	XPC	ZSWIM7	9606	0.9	0	0	0	0	0	0.9	0
9606.ENSP00000285021	9606.ENSP00000484288	XPC	LIG4	9606	0.9	0	0	0	0	0	0.9	0
9606.ENSP00000285021	9606.ENSP00000310008	XPC	SWSAP1	9606	0.9	0	0	0	0	0	0.9	0
9606.ENSP00000285021	9606.ENSP00000262241	XPC	RCOR1	9606	0.9	0	0	0	0	0	0.9	0
9606.ENSP00000285021	9606.ENSP00000421491	XPC	XRCC4	9606	0.9	0	0	0	0	0	0.9	0
9606.ENSP00000285021	9606.ENSP00000349313	XPC	NHEJ1	9606	0.9	0	0	0	0	0	0.9	0
9606.ENSP00000285021	9606.ENSP00000265963	XPC	GTF2H1	9606	0.888	0	0	0	0	0.775	0.5	0.085
9606.ENSP00000285021	9606.ENSP00000285398	XPC	ERCC3	9606	0.822	0	0	0	0	0.629	0.54	0
9606.ENSP00000285021	9606.ENSP00000355759	XPC	PARP1	9606	0.812	0	0	0	0	0.64	0.5	0
9606.ENSP00000285021	9606.ENSP00000250416	XPC	PARP2	9606	0.798	0	0	0	0	0.614	0.5	0
9606.ENSP00000285021	9606.ENSP00000256996	XPC	DDB2	9606	0.787	0	0	0	0	0.457	0.5	0.279
9606.ENSP00000285021	9606.ENSP00000358262	XPC	CHD1L	9606	0.78	0	0	0	0	0.579	0.5	0
9606.ENSP00000285021	9606.ENSP00000364270	XPC	XPA	9606	0.769	0	0	0	0	0.457	0.54	0.15
9606.ENSP00000285021	9606.ENSP00000301764	XPC	DDB1	9606	0.757	0	0	0	0	0.292	0.5	0.371
9606.ENSP00000285021	9606.ENSP00000265081	XPC	MSH3	9606	0.72	0	0	0	0	0	0.72	0
9606.ENSP00000290921	9606.ENSP00000311825	CTBP1	CTBP2	9606	0.998	0	0	0	0	0.639	0.9	0.974
9606.ENSP00000290921	9606.ENSP00000362649	CTBP1	HDAC1	9606	0.997	0	0	0	0	0.457	0.8	0.982
9606.ENSP00000290921	9606.ENSP00000430432	CTBP1	HDAC2	9606	0.996	0	0	0	0	0.457	0.8	0.974
9606.ENSP00000290921	9606.ENSP00000383042	CTBP1	KDM1A	9606	0.992	0	0	0	0	0.599	0	0.981
9606.ENSP00000290921	9606.ENSP00000262241	CTBP1	RCOR1	9606	0.992	0	0	0	0	0.555	0	0.983
9606.ENSP00000290921	9606.ENSP00000382628	CTBP1	RBBP8	9606	0.989	0	0	0	0	0.457	0	0.982
9606.ENSP00000290921	9606.ENSP00000354487	CTBP1	ZEB1	9606	0.989	0	0	0	0	0.629	0	0.974
9606.ENSP00000290921	9606.ENSP00000360526	CTBP1	ZNF217	9606	0.982	0	0	0	0	0.682	0	0.946
9606.ENSP00000290921	9606.ENSP00000261438	CTBP1	KLF3	9606	0.967	0	0	0	0	0.242	0	0.959
9606.ENSP00000290921	9606.ENSP00000270722	CTBP1	PRDM16	9606	0.949	0	0	0	0	0.596	0	0.881
9606.ENSP00000290921	9606.ENSP00000417303	CTBP1	KLF8	9606	0.945	0	0	0	0	0.367	0	0.918
9606.ENSP00000290921	9606.ENSP00000314080	CTBP1	HIC1	9606	0.934	0	0	0	0	0.457	0	0.884
9606.ENSP00000290921	9606.ENSP00000495360	CTBP1	CTNNB1	9606	0.903	0	0	0	0	0.457	0.8	0.184
9606.ENSP00000290921	9606.ENSP00000312987	CTBP1	HNF4A	9606	0.897	0	0	0	0	0	0	0.897
9606.ENSP00000290921	9606.ENSP00000257430	CTBP1	APC	9606	0.886	0	0	0	0	0.457	0.8	0
9606.ENSP00000290921	9606.ENSP00000398824	CTBP1	PHF21A	9606	0.884	0	0	0	0	0	0	0.884
9606.ENSP00000290921	9606.ENSP00000386200	CTBP1	FOXP2	9606	0.88	0	0	0	0	0.457	0	0.789
9606.ENSP00000290921	9606.ENSP00000359206	CTBP1	BTRC	9606	0.858	0	0	0	0	0	0.8	0.319
9606.ENSP00000290921	9606.ENSP00000331614	CTBP1	IKZF1	9606	0.851	0	0	0	0	0.621	0	0.625
9606.ENSP00000290921	9606.ENSP00000264674	CTBP1	MECOM	9606	0.843	0	0	0	0	0.457	0	0.723
9606.ENSP00000290921	9606.ENSP00000490116	CTBP1	LCOR	9606	0.828	0	0	0	0	0.564	0	0.622
9606.ENSP00000290921	9606.ENSP00000289081	CTBP1	FANCC	9606	0.824	0	0	0	0	0.508	0	0.657
9606.ENSP00000290921	9606.ENSP00000327213	CTBP1	NRIP1	9606	0.798	0	0	0	0	0.457	0	0.645
9606.ENSP00000290921	9606.ENSP00000263253	CTBP1	EP300	9606	0.789	0	0	0	0	0.457	0	0.628
9606.ENSP00000290921	9606.ENSP00000487174	CTBP1	ZEB2	9606	0.789	0	0	0	0	0.622	0	0.465
9606.ENSP00000290921	9606.ENSP00000340347	CTBP1	TCF7	9606	0.773	0	0	0	0	0	0.5	0.566
9606.ENSP00000290921	9606.ENSP00000394757	CTBP1	ZNF516	9606	0.759	0	0	0	0	0.629	0	0.378
9606.ENSP00000290921	9606.ENSP00000486891	CTBP1	TCF7L2	9606	0.755	0	0	0	0	0.457	0.5	0.173
9606.ENSP00000290921	9606.ENSP00000384371	CTBP1	BCL6	9606	0.731	0	0	0	0	0.292	0	0.636
9606.ENSP00000290921	9606.ENSP00000327959	CTBP1	TGIF1	9606	0.722	0	0	0	0	0.457	0	0.51
9606.ENSP00000290921	9606.ENSP00000408617	CTBP1	HDAC9	9606	0.708	0	0	0	0	0.457	0	0.484
9606.ENSP00000290921	9606.ENSP00000369270	CTBP1	RREB1	9606	0.701	0	0	0	0	0.457	0	0.473
9606.ENSP00000294339	9606.ENSP00000257818	TAL1	LMO2	9606	0.999	0	0	0	0	0.943	0.5	0.982
9606.ENSP00000294339	9606.ENSP00000501277	TAL1	LDB1	9606	0.999	0	0	0	0	0.886	0.8	0.983
9606.ENSP00000294339	9606.ENSP00000345681	TAL1	GATA2	9606	0.996	0	0	0	0	0.23	0.8	0.978
9606.ENSP00000294339	9606.ENSP00000365858	TAL1	GATA1	9606	0.995	0	0	0	0	0.457	0.5	0.983
9606.ENSP00000294339	9606.ENSP00000262965	TAL1	TCF3	9606	0.994	0	0	0	0	0.457	0.5	0.981
9606.ENSP00000294339	9606.ENSP00000388940	TAL1	TCF12	9606	0.992	0	0	0	0	0.943	0.5	0.74
9606.ENSP00000294339	9606.ENSP00000300305	TAL1	RUNX1	9606	0.986	0	0	0	0	0.457	0.8	0.884
9606.ENSP00000294339	9606.ENSP00000306772	TAL1	LDB2	9606	0.983	0	0	0	0	0	0	0.983
9606.ENSP00000294339	9606.ENSP00000368632	TAL1	GATA3	9606	0.979	0	0	0	0	0.457	0.8	0.822
9606.ENSP00000294339	9606.ENSP00000268679	TAL1	CBFA2T3	9606	0.853	0	0	0	0	0.457	0	0.742
9606.ENSP00000294339	9606.ENSP00000339992	TAL1	MYB	9606	0.852	0	0	0	0	0.292	0.8	0
9606.ENSP00000294339	9606.ENSP00000381382	TAL1	TCF4	9606	0.815	0	0	0	0	0.615	0	0.54
9606.ENSP00000294339	9606.ENSP00000433488	TAL1	FLI1	9606	0.8	0	0	0	0	0	0.8	0
9606.ENSP00000294339	9606.ENSP00000227163	TAL1	SPI1	9606	0.8	0	0	0	0	0	0.8	0
9606.ENSP00000294339	9606.ENSP00000263253	TAL1	EP300	9606	0.748	0	0	0	0	0.457	0	0.555
9606.ENSP00000294339	9606.ENSP00000338207	TAL1	LMO1	9606	0.72	0	0	0	0	0.457	0.5	0.053
9606.ENSP00000294339	9606.ENSP00000264824	TAL1	LYL1	9606	0.72	0	0	0	0	0.292	0	0.622
9606.ENSP00000294702	9606.ENSP00000383042	GFI1	KDM1A	9606	0.942	0	0	0	0	0.292	0	0.922
9606.ENSP00000294702	9606.ENSP00000362649	GFI1	HDAC1	9606	0.878	0	0	0	0	0.292	0	0.835
9606.ENSP00000294702	9606.ENSP00000379078	GFI1	EHMT2	9606	0.85	0	0	0	0	0.292	0	0.797
9606.ENSP00000294702	9606.ENSP00000244769	GFI1	ATXN1	9606	0.787	0	0	0	0	0	0	0.787
9606.ENSP00000296417	9606.ENSP00000358151	H2AZ1	H2BC21	9606	0.992	0	0	0	0	0.351	0.4	0.982
9606.ENSP00000296417	9606.ENSP00000346464	H2AZ1	VPS72	9606	0.983	0	0	0	0	0.956	0	0.637
9606.ENSP00000296417	9606.ENSP00000463154	H2AZ1	ANP32E	9606	0.97	0	0	0	0	0.962	0	0.247
9606.ENSP00000296417	9606.ENSP00000476136	H2AZ1	H2BC11	9606	0.969	0	0	0	0	0.914	0.4	0.449
9606.ENSP00000296417	9606.ENSP00000244537	H2AZ1	H4C6	9606	0.964	0	0	0	0	0.907	0.4	0.402
9606.ENSP00000296417	9606.ENSP00000370625	H2AZ1	POLR2B	9606	0.895	0	0	0	0	0.8	0.5	0
9606.ENSP00000296417	9606.ENSP00000301788	H2AZ1	POLR2G	9606	0.895	0	0	0	0	0.8	0.5	0
9606.ENSP00000296417	9606.ENSP00000342889	H2AZ1	POLR2K	9606	0.895	0	0	0	0	0.8	0.5	0
9606.ENSP00000296417	9606.ENSP00000461879	H2AZ1	POLR2A	9606	0.895	0	0	0	0	0.8	0.5	0
9606.ENSP00000296417	9606.ENSP00000292614	H2AZ1	POLR2J	9606	0.895	0	0	0	0	0.8	0.5	0
9606.ENSP00000296417	9606.ENSP00000272645	H2AZ1	POLR2D	9606	0.895	0	0	0	0	0.8	0.5	0
9606.ENSP00000296417	9606.ENSP00000415536	H2AZ1	POLR2H	9606	0.895	0	0	0	0	0.8	0.5	0
9606.ENSP00000296417	9606.ENSP00000478303	H2AZ1	POLR2E	9606	0.895	0	0	0	0	0.8	0.5	0
9606.ENSP00000296417	9606.ENSP00000324124	H2AZ1	POLR2L	9606	0.895	0	0	0	0	0.8	0.5	0
9606.ENSP00000296417	9606.ENSP00000385725	H2AZ1	POLR2F	9606	0.895	0	0	0	0	0.8	0.5	0
9606.ENSP00000296417	9606.ENSP00000219252	H2AZ1	POLR2C	9606	0.895	0	0	0	0	0.8	0.5	0
9606.ENSP00000296417	9606.ENSP00000221859	H2AZ1	POLR2I	9606	0.895	0	0	0	0	0.8	0.5	0
9606.ENSP00000296417	9606.ENSP00000333277	H2AZ1	H3C13	9606	0.893	0	0	0	0	0.829	0.4	0
9606.ENSP00000296417	9606.ENSP00000347168	H2AZ1	H4C11	9606	0.879	0	0	0	0	0.879	0	0
9606.ENSP00000296417	9606.ENSP00000481486	H2AZ1	H4C9	9606	0.879	0	0	0	0	0.879	0	0
9606.ENSP00000296417	9606.ENSP00000489236	H2AZ1	H4C8	9606	0.879	0	0	0	0	0.879	0	0
9606.ENSP00000296417	9606.ENSP00000484789	H2AZ1	H4C5	9606	0.879	0	0	0	0	0.879	0	0
9606.ENSP00000296417	9606.ENSP00000480960	H2AZ1	H4C13	9606	0.879	0	0	0	0	0.879	0	0
9606.ENSP00000296417	9606.ENSP00000479461	H2AZ1	H4C4	9606	0.879	0	0	0	0	0.879	0	0
9606.ENSP00000296417	9606.ENSP00000366974	H2AZ1	H4C2	9606	0.879	0	0	0	0	0.879	0	0
9606.ENSP00000296417	9606.ENSP00000479794	H2AZ1	H4C12	9606	0.879	0	0	0	0	0.879	0	0
9606.ENSP00000296417	9606.ENSP00000274764	H2AZ1	H2BC1	9606	0.878	0	0	0	0	0.663	0.4	0.446
9606.ENSP00000296417	9606.ENSP00000358154	H2AZ1	H3C14	9606	0.874	0	0	0	0	0.873	0	0
9606.ENSP00000296417	9606.ENSP00000262518	H2AZ1	SRCAP	9606	0.861	0	0	0	0	0.714	0	0.535
9606.ENSP00000296417	9606.ENSP00000252996	H2AZ1	TAF4	9606	0.852	0	0	0	0	0.852	0	0
9606.ENSP00000296417	9606.ENSP00000479106	H2AZ1	H4C1	9606	0.837	0	0	0	0	0.837	0	0
9606.ENSP00000296417	9606.ENSP00000443017	H2AZ1	H4-16	9606	0.837	0	0	0	0	0.837	0	0
9606.ENSP00000296417	9606.ENSP00000462355	H2AZ1	H4C15	9606	0.837	0	0	0	0	0.837	0	0
9606.ENSP00000296417	9606.ENSP00000367034	H2AZ1	H4C3	9606	0.837	0	0	0	0	0.837	0	0
9606.ENSP00000296417	9606.ENSP00000462667	H2AZ1	H4C14	9606	0.837	0	0	0	0	0.837	0	0
9606.ENSP00000296417	9606.ENSP00000292035	H2AZ1	MED27	9606	0.83	0	0	0	0	0.83	0	0
9606.ENSP00000296417	9606.ENSP00000385479	H2AZ1	H3C15	9606	0.829	0	0	0	0	0.829	0	0
9606.ENSP00000296417	9606.ENSP00000479284	H2AZ1	H2BU1	9606	0.825	0	0	0	0	0.508	0.4	0.455
9606.ENSP00000296417	9606.ENSP00000256443	H2AZ1	CDK7	9606	0.818	0	0	0	0	0.818	0	0
9606.ENSP00000296417	9606.ENSP00000289316	H2AZ1	H2BC5	9606	0.807	0	0	0	0	0.465	0.4	0.449
9606.ENSP00000296417	9606.ENSP00000285398	H2AZ1	ERCC3	9606	0.8	0	0	0	0	0.8	0	0
9606.ENSP00000296417	9606.ENSP00000282892	H2AZ1	MED21	9606	0.8	0	0	0	0	0.8	0	0
9606.ENSP00000296417	9606.ENSP00000357047	H2AZ1	MED23	9606	0.8	0	0	0	0	0.8	0	0
9606.ENSP00000296417	9606.ENSP00000399982	H2AZ1	TAF6	9606	0.8	0	0	0	0	0.8	0	0
9606.ENSP00000296417	9606.ENSP00000498791	H2AZ1	MED19	9606	0.8	0	0	0	0	0.8	0	0
9606.ENSP00000296417	9606.ENSP00000263205	H2AZ1	MED15	9606	0.8	0	0	0	0	0.8	0	0
9606.ENSP00000296417	9606.ENSP00000354633	H2AZ1	TAF11	9606	0.8	0	0	0	0	0.8	0	0
9606.ENSP00000296417	9606.ENSP00000286317	H2AZ1	MED7	9606	0.8	0	0	0	0	0.8	0	0
9606.ENSP00000296417	9606.ENSP00000406549	H2AZ1	TAF1	9606	0.8	0	0	0	0	0.8	0	0
9606.ENSP00000296417	9606.ENSP00000230354	H2AZ1	TBP	9606	0.8	0	0	0	0	0.8	0	0
9606.ENSP00000296417	9606.ENSP00000299424	H2AZ1	TAF10	9606	0.8	0	0	0	0	0.8	0	0
9606.ENSP00000296417	9606.ENSP00000265350	H2AZ1	MED20	9606	0.8	0	0	0	0	0.8	0	0
9606.ENSP00000296417	9606.ENSP00000358854	H2AZ1	TAF5	9606	0.8	0	0	0	0	0.8	0	0
9606.ENSP00000296417	9606.ENSP00000265963	H2AZ1	GTF2H1	9606	0.8	0	0	0	0	0.8	0	0
9606.ENSP00000296417	9606.ENSP00000326767	H2AZ1	MED25	9606	0.8	0	0	0	0	0.8	0	0
9606.ENSP00000296417	9606.ENSP00000255764	H2AZ1	MED10	9606	0.8	0	0	0	0	0.8	0	0
9606.ENSP00000296417	9606.ENSP00000355051	H2AZ1	TAF13	9606	0.8	0	0	0	0	0.8	0	0
9606.ENSP00000296417	9606.ENSP00000268711	H2AZ1	MED9	9606	0.8	0	0	0	0	0.8	0	0
9606.ENSP00000296417	9606.ENSP00000340823	H2AZ1	GTF2F2	9606	0.8	0	0	0	0	0.8	0	0
9606.ENSP00000296417	9606.ENSP00000300651	H2AZ1	MED1	9606	0.8	0	0	0	0	0.8	0	0
9606.ENSP00000296417	9606.ENSP00000362068	H2AZ1	TAF8	9606	0.8	0	0	0	0	0.8	0	0
9606.ENSP00000296417	9606.ENSP00000481733	H2AZ1	MED29	9606	0.8	0	0	0	0	0.8	0	0
9606.ENSP00000296417	9606.ENSP00000452454	H2AZ1	GTF2A1	9606	0.8	0	0	0	0	0.8	0	0
9606.ENSP00000296417	9606.ENSP00000348168	H2AZ1	GTF2E2	9606	0.8	0	0	0	0	0.8	0	0
9606.ENSP00000296417	9606.ENSP00000263974	H2AZ1	TAF12	9606	0.8	0	0	0	0	0.8	0	0
9606.ENSP00000296417	9606.ENSP00000297347	H2AZ1	MED30	9606	0.8	0	0	0	0	0.8	0	0
9606.ENSP00000296417	9606.ENSP00000476100	H2AZ1	GTF2H5	9606	0.8	0	0	0	0	0.8	0	0
9606.ENSP00000296417	9606.ENSP00000367406	H2AZ1	TAF2	9606	0.8	0	0	0	0	0.8	0	0
9606.ENSP00000296417	9606.ENSP00000340271	H2AZ1	TAF3	9606	0.8	0	0	0	0	0.8	0	0
9606.ENSP00000296417	9606.ENSP00000258648	H2AZ1	MED4	9606	0.8	0	0	0	0	0.8	0	0
9606.ENSP00000296417	9606.ENSP00000274400	H2AZ1	GTF2H2	9606	0.8	0	0	0	0	0.8	0	0
9606.ENSP00000296417	9606.ENSP00000379372	H2AZ1	GTF2A2	9606	0.8	0	0	0	0	0.8	0	0
9606.ENSP00000296417	9606.ENSP00000293777	H2AZ1	MED11	9606	0.8	0	0	0	0	0.8	0	0
9606.ENSP00000296417	9606.ENSP00000259895	H2AZ1	GTF2H4	9606	0.8	0	0	0	0	0.8	0	0
9606.ENSP00000296417	9606.ENSP00000482438	H2AZ1	MED22	9606	0.8	0	0	0	0	0.8	0	0
9606.ENSP00000296417	9606.ENSP00000283875	H2AZ1	GTF2E1	9606	0.8	0	0	0	0	0.8	0	0
9606.ENSP00000296417	9606.ENSP00000362948	H2AZ1	MED18	9606	0.8	0	0	0	0	0.8	0	0
9606.ENSP00000296417	9606.ENSP00000261245	H2AZ1	MNAT1	9606	0.8	0	0	0	0	0.8	0	0
9606.ENSP00000296417	9606.ENSP00000498750	H2AZ1	CCNH	9606	0.8	0	0	0	0	0.8	0	0
9606.ENSP00000296417	9606.ENSP00000325612	H2AZ1	MED16	9606	0.8	0	0	0	0	0.8	0	0
9606.ENSP00000296417	9606.ENSP00000445162	H2AZ1	GTF2H3	9606	0.8	0	0	0	0	0.8	0	0
9606.ENSP00000296417	9606.ENSP00000375809	H2AZ1	ERCC2	9606	0.8	0	0	0	0	0.8	0	0
9606.ENSP00000296417	9606.ENSP00000440100	H2AZ1	MED24	9606	0.8	0	0	0	0	0.8	0	0
9606.ENSP00000296417	9606.ENSP00000263390	H2AZ1	MED26	9606	0.8	0	0	0	0	0.8	0	0
9606.ENSP00000296417	9606.ENSP00000481920	H2AZ1	MED6	9606	0.8	0	0	0	0	0.8	0	0
9606.ENSP00000296417	9606.ENSP00000359531	H2AZ1	GTF2B	9606	0.8	0	0	0	0	0.8	0	0
9606.ENSP00000296417	9606.ENSP00000290663	H2AZ1	MED8	9606	0.8	0	0	0	0	0.8	0	0
9606.ENSP00000296417	9606.ENSP00000237380	H2AZ1	MED28	9606	0.8	0	0	0	0	0.8	0	0
9606.ENSP00000296417	9606.ENSP00000323720	H2AZ1	MED14	9606	0.8	0	0	0	0	0.8	0	0
9606.ENSP00000296417	9606.ENSP00000251871	H2AZ1	MED17	9606	0.8	0	0	0	0	0.8	0	0
9606.ENSP00000296417	9606.ENSP00000377969	H2AZ1	GTF2F1	9606	0.8	0	0	0	0	0.8	0	0
9606.ENSP00000296417	9606.ENSP00000312709	H2AZ1	TAF7	9606	0.8	0	0	0	0	0.8	0	0
9606.ENSP00000296417	9606.ENSP00000370193	H2AZ1	TAF9	9606	0.8	0	0	0	0	0.8	0	0
9606.ENSP00000296417	9606.ENSP00000225728	H2AZ1	MED31	9606	0.8	0	0	0	0	0.8	0	0
9606.ENSP00000296417	9606.ENSP00000430432	H2AZ1	HDAC2	9606	0.788	0	0	0	0	0.421	0.65	0
9606.ENSP00000296417	9606.ENSP00000321744	H2AZ1	H2BC4	9606	0.783	0	0	0	0	0.397	0.4	0.448
9606.ENSP00000296417	9606.ENSP00000482674	H2AZ1	H2BC3	9606	0.783	0	0	0	0	0.397	0.4	0.449
9606.ENSP00000296417	9606.ENSP00000477907	H2AZ1	H2BC14	9606	0.772	0	0	0	0	0.184	0.4	0.572
9606.ENSP00000296417	9606.ENSP00000477527	H2AZ1	H2BC17	9606	0.767	0	0	0	0	0.354	0.4	0.448
9606.ENSP00000296417	9606.ENSP00000303373	H2AZ1	H2AC8	9606	0.761	0	0	0	0	0.449	0.4	0.337
9606.ENSP00000296417	9606.ENSP00000479169	H2AZ1	H2BC9	9606	0.744	0	0	0	0	0.288	0.4	0.449
9606.ENSP00000296417	9606.ENSP00000481622	H2AZ1	H2BS1	9606	0.744	0	0	0	0	0.288	0.4	0.449
9606.ENSP00000296417	9606.ENSP00000316578	H2AZ1	SUZ12	9606	0.741	0	0	0	0	0.196	0.5	0.409
9606.ENSP00000296417	9606.ENSP00000355518	H2AZ1	FH	9606	0.729	0	0	0	0	0.359	0	0.596
9606.ENSP00000296417	9606.ENSP00000374212	H2AZ1	EP400	9606	0.72	0	0	0	0	0.72	0	0
9606.ENSP00000296417	9606.ENSP00000340330	H2AZ1	KAT5	9606	0.716	0	0	0	0	0.591	0	0.335
9606.ENSP00000296417	9606.ENSP00000336687	H2AZ1	CBX3	9606	0.714	0	0	0	0	0.428	0.5	0.083
9606.ENSP00000296417	9606.ENSP00000366618	H2AZ1	H2BC13	9606	0.707	0	0	0	0	0.184	0.4	0.45
9606.ENSP00000296417	9606.ENSP00000369915	H2AZ1	NAP1L4	9606	0.707	0	0	0	0	0.707	0	0
9606.ENSP00000296417	9606.ENSP00000349430	H2AZ1	H2BC12	9606	0.706	0	0	0	0	0.184	0.4	0.449
9606.ENSP00000296417	9606.ENSP00000483903	H2AZ1	H2BC15	9606	0.706	0	0	0	0	0.184	0.4	0.449
9606.ENSP00000296417	9606.ENSP00000336868	H2AZ1	CENPA	9606	0.701	0	0	0	0	0.428	0.5	0
9606.ENSP00000296504	9606.ENSP00000362649	SAP30	HDAC1	9606	0.998	0	0	0	0	0.457	0.8	0.984
9606.ENSP00000296504	9606.ENSP00000443988	SAP30	SUDS3	9606	0.998	0	0	0	0	0.657	0.8	0.986
9606.ENSP00000296504	9606.ENSP00000430432	SAP30	HDAC2	9606	0.998	0	0	0	0	0.526	0.8	0.984
9606.ENSP00000296504	9606.ENSP00000369424	SAP30	RBBP7	9606	0.998	0	0	0	0	0.527	0.8	0.981
9606.ENSP00000296504	9606.ENSP00000378402	SAP30	SIN3A	9606	0.998	0	0	0	0	0.685	0.8	0.985
9606.ENSP00000296504	9606.ENSP00000481842	SAP30	SAP18	9606	0.997	0	0	0	0	0	0.8	0.987
9606.ENSP00000296504	9606.ENSP00000362592	SAP30	RBBP4	9606	0.997	0	0	0	0	0.457	0.8	0.982
9606.ENSP00000296504	9606.ENSP00000369131	SAP30	SIN3B	9606	0.993	0	0	0	0	0.667	0.54	0.962
9606.ENSP00000296504	9606.ENSP00000264183	SAP30	ARID4B	9606	0.971	0	0	0	0	0.65	0.8	0.622
9606.ENSP00000296504	9606.ENSP00000216807	SAP30	BRMS1L	9606	0.971	0	0	0	0	0.662	0.54	0.829
9606.ENSP00000296504	9606.ENSP00000297109	SAP30	SAP30L	9606	0.966	0	0	0	0	0.607	0.9	0.214
9606.ENSP00000296504	9606.ENSP00000347602	SAP30	ARID4A	9606	0.963	0	0	0	0	0.664	0.54	0.783
9606.ENSP00000296504	9606.ENSP00000307183	SAP30	ING2	9606	0.962	0	0	0	0	0.669	0.54	0.77
9606.ENSP00000296504	9606.ENSP00000396052	SAP30	BRMS1	9606	0.94	0	0	0	0	0.658	0.54	0.653
9606.ENSP00000296504	9606.ENSP00000350333	SAP30	SAP130	9606	0.933	0	0	0	0	0.659	0.8	0.1
9606.ENSP00000296504	9606.ENSP00000364929	SAP30	ING1	9606	0.925	0	0	0	0	0.618	0.54	0.607
9606.ENSP00000296504	9606.ENSP00000384018	SAP30	NCOR2	9606	0.92	0	0	0	0	0.292	0.8	0.482
9606.ENSP00000296504	9606.ENSP00000339723	SAP30	CIR1	9606	0.839	0	0	0	0	0.23	0.8	0
9606.ENSP00000296504	9606.ENSP00000337477	SAP30	SINHCAF	9606	0.831	0	0	0	0	0.639	0.54	0.065
9606.ENSP00000296504	9606.ENSP00000462116	SAP30	SAP30BP	9606	0.8	0	0	0	0	0	0.8	0
9606.ENSP00000296504	9606.ENSP00000268712	SAP30	NCOR1	9606	0.797	0	0	0	0	0.457	0	0.642
9606.ENSP00000296504	9606.ENSP00000400010	SAP30	PTPRJ	9606	0.747	0	0	0	0	0	0	0.747
9606.ENSP00000296504	9606.ENSP00000262238	SAP30	YY1	9606	0.743	0	0	0	0	0.292	0	0.653
9606.ENSP00000296504	9606.ENSP00000329933	SAP30	PHF12	9606	0.726	0	0	0	0	0.429	0.54	0
9606.ENSP00000296504	9606.ENSP00000302967	SAP30	HDAC3	9606	0.717	0	0	0	0	0.292	0	0.617
9606.ENSP00000296504	9606.ENSP00000440542	SAP30	CHD4	9606	0.705	0	0	0	0	0.435	0.5	0
9606.ENSP00000296504	9606.ENSP00000278823	SAP30	MTA2	9606	0.702	0	0	0	0	0.429	0.5	0
9606.ENSP00000297792	9606.ENSP00000417132	KDM1B	BAP1	9606	0.878	0	0	0	0	0.457	0.5	0.589
9606.ENSP00000297792	9606.ENSP00000364839	KDM1B	ASXL1	9606	0.874	0	0	0	0	0	0.5	0.76
9606.ENSP00000297792	9606.ENSP00000328720	KDM1B	FOXK1	9606	0.854	0	0	0	0	0	0.5	0.72
9606.ENSP00000297792	9606.ENSP00000383920	KDM1B	ASXL2	9606	0.816	0	0	0	0	0.648	0.5	0
9606.ENSP00000297792	9606.ENSP00000362824	KDM1B	OGT	9606	0.814	0	0	0	0	0.292	0	0.749
9606.ENSP00000297792	9606.ENSP00000313983	KDM1B	NSD3	9606	0.811	0	0	0	0	0.421	0	0.687
9606.ENSP00000297792	9606.ENSP00000309555	KDM1B	HCFC1	9606	0.8	0	0	0	0	0	0.8	0
9606.ENSP00000300145	9606.ENSP00000352257	ATP23	XRCC6	9606	0.926	0	0	0	0	0.292	0.9	0
9606.ENSP00000300145	9606.ENSP00000262241	ATP23	RCOR1	9606	0.9	0	0	0	0	0	0.9	0
9606.ENSP00000300145	9606.ENSP00000350708	ATP23	RAD23B	9606	0.9	0	0	0	0	0	0.9	0
9606.ENSP00000300145	9606.ENSP00000421491	ATP23	XRCC4	9606	0.9	0	0	0	0	0	0.9	0
9606.ENSP00000300145	9606.ENSP00000013807	ATP23	ERCC1	9606	0.9	0	0	0	0	0	0.9	0
9606.ENSP00000300145	9606.ENSP00000472445	ATP23	POLD1	9606	0.9	0	0	0	0	0	0.9	0
9606.ENSP00000300145	9606.ENSP00000382218	ATP23	ZSWIM7	9606	0.9	0	0	0	0	0	0.9	0
9606.ENSP00000300145	9606.ENSP00000234420	ATP23	MSH6	9606	0.9	0	0	0	0	0	0.9	0
9606.ENSP00000300145	9606.ENSP00000367527	ATP23	DCLRE1C	9606	0.9	0	0	0	0	0	0.9	0
9606.ENSP00000300145	9606.ENSP00000484288	ATP23	LIG4	9606	0.9	0	0	0	0	0	0.9	0
9606.ENSP00000300145	9606.ENSP00000349313	ATP23	NHEJ1	9606	0.9	0	0	0	0	0	0.9	0
9606.ENSP00000300145	9606.ENSP00000285021	ATP23	XPC	9606	0.9	0	0	0	0	0	0.9	0
9606.ENSP00000300145	9606.ENSP00000359300	ATP23	CETN2	9606	0.9	0	0	0	0	0	0.9	0
9606.ENSP00000300145	9606.ENSP00000278616	ATP23	ATM	9606	0.9	0	0	0	0	0	0.9	0
9606.ENSP00000300145	9606.ENSP00000360682	ATP23	PAXX	9606	0.9	0	0	0	0	0	0.9	0
9606.ENSP00000300145	9606.ENSP00000498881	ATP23	ERCC5	9606	0.9	0	0	0	0	0	0.9	0
9606.ENSP00000300145	9606.ENSP00000310008	ATP23	SWSAP1	9606	0.9	0	0	0	0	0	0.9	0
9606.ENSP00000300145	9606.ENSP00000383042	ATP23	KDM1A	9606	0.9	0	0	0	0	0	0.9	0
9606.ENSP00000300145	9606.ENSP00000310520	ATP23	ERCC4	9606	0.9	0	0	0	0	0	0.9	0
9606.ENSP00000300145	9606.ENSP00000313420	ATP23	PRKDC	9606	0.9	0	0	0	0	0	0.9	0
9606.ENSP00000300145	9606.ENSP00000265038	ATP23	ERCC8	9606	0.9	0	0	0	0	0	0.9	0
9606.ENSP00000300145	9606.ENSP00000398824	ATP23	PHF21A	9606	0.9	0	0	0	0	0	0.9	0
9606.ENSP00000300145	9606.ENSP00000375978	ATP23	XRCC5	9606	0.9	0	0	0	0	0	0.9	0
9606.ENSP00000300145	9606.ENSP00000233146	ATP23	MSH2	9606	0.9	0	0	0	0	0	0.9	0
9606.ENSP00000300145	9606.ENSP00000265081	ATP23	MSH3	9606	0.72	0	0	0	0	0	0.72	0
9606.ENSP00000301396	9606.ENSP00000476117	PELP1	WDR18	9606	0.999	0	0	0	0	0.968	0.8	0.902
9606.ENSP00000301396	9606.ENSP00000364037	PELP1	TEX10	9606	0.998	0	0	0	0	0.693	0.9	0.96
9606.ENSP00000301396	9606.ENSP00000363944	PELP1	LAS1L	9606	0.993	0	0	0	0	0.732	0.9	0.77
9606.ENSP00000301396	9606.ENSP00000314029	PELP1	SENP3	9606	0.99	0	0	0	0	0.68	0.9	0.735
9606.ENSP00000301396	9606.ENSP00000318297	PELP1	RUVBL1	9606	0.918	0	0	0	0	0.218	0.9	0
9606.ENSP00000301396	9606.ENSP00000351446	PELP1	WDR5	9606	0.912	0	0	0	0	0.164	0.9	0
9606.ENSP00000301396	9606.ENSP00000370193	PELP1	TAF9	9606	0.908	0	0	0	0	0.125	0.9	0
9606.ENSP00000301396	9606.ENSP00000324122	PELP1	PRPF31	9606	0.9	0	0	0	0	0	0.9	0
9606.ENSP00000301396	9606.ENSP00000436786	PELP1	KMT2A	9606	0.9	0	0	0	0	0	0.9	0
9606.ENSP00000301396	9606.ENSP00000219905	PELP1	MGA	9606	0.9	0	0	0	0	0	0.9	0
9606.ENSP00000301396	9606.ENSP00000391457	PELP1	INO80C	9606	0.9	0	0	0	0	0	0.9	0
9606.ENSP00000301396	9606.ENSP00000399982	PELP1	TAF6	9606	0.9	0	0	0	0	0	0.9	0
9606.ENSP00000301396	9606.ENSP00000387393	PELP1	KANSL1	9606	0.9	0	0	0	0	0	0.9	0
9606.ENSP00000301396	9606.ENSP00000473172	PELP1	RUVBL2	9606	0.9	0	0	0	0	0	0.9	0
9606.ENSP00000301396	9606.ENSP00000406037	PELP1	KAT8	9606	0.9	0	0	0	0	0	0.9	0
9606.ENSP00000301396	9606.ENSP00000406549	PELP1	TAF1	9606	0.9	0	0	0	0	0	0.9	0
9606.ENSP00000301396	9606.ENSP00000356480	PELP1	RNF2	9606	0.9	0	0	0	0	0	0.9	0
9606.ENSP00000301396	9606.ENSP00000264515	PELP1	RBBP5	9606	0.9	0	0	0	0	0	0.9	0
9606.ENSP00000301396	9606.ENSP00000495240	PELP1	CHD8	9606	0.9	0	0	0	0	0	0.9	0
9606.ENSP00000301396	9606.ENSP00000351490	PELP1	MAX	9606	0.9	0	0	0	0	0	0.9	0
9606.ENSP00000301396	9606.ENSP00000312709	PELP1	TAF7	9606	0.9	0	0	0	0	0	0.9	0
9606.ENSP00000301396	9606.ENSP00000309555	PELP1	HCFC1	9606	0.9	0	0	0	0	0	0.9	0
9606.ENSP00000301396	9606.ENSP00000349640	PELP1	MCRS1	9606	0.9	0	0	0	0	0	0.9	0
9606.ENSP00000301396	9606.ENSP00000252996	PELP1	TAF4	9606	0.9	0	0	0	0	0	0.9	0
9606.ENSP00000301396	9606.ENSP00000363124	PELP1	PHF20	9606	0.9	0	0	0	0	0	0.9	0
9606.ENSP00000301396	9606.ENSP00000448598	PELP1	C17orf49	9606	0.9	0	0	0	0	0	0.9	0
9606.ENSP00000301396	9606.ENSP00000370936	PELP1	E2F6	9606	0.9	0	0	0	0	0	0.9	0
9606.ENSP00000301396	9606.ENSP00000366934	PELP1	NOL9	9606	0.861	0	0	0	0	0.732	0.5	0.051
9606.ENSP00000301396	9606.ENSP00000263734	PELP1	EPAS1	9606	0.8	0	0	0	0	0	0.8	0
9606.ENSP00000301396	9606.ENSP00000405330	PELP1	ESR1	9606	0.791	0	0	0	0	0.457	0	0.631
9606.ENSP00000301459	9606.ENSP00000383042	RCOR2	KDM1A	9606	0.899	0	0	0	0	0.634	0	0.735
9606.ENSP00000301459	9606.ENSP00000328269	RCOR2	HMG20B	9606	0.774	0	0	0	0	0.666	0	0.353
9606.ENSP00000302967	9606.ENSP00000384018	HDAC3	NCOR2	9606	0.999	0	0	0	0	0.96	0.8	0.984
9606.ENSP00000302967	9606.ENSP00000495556	HDAC3	TBL1X	9606	0.998	0	0	0	0	0.507	0.8	0.985
9606.ENSP00000302967	9606.ENSP00000268712	HDAC3	NCOR1	9606	0.998	0	0	0	0	0.468	0.8	0.985
9606.ENSP00000302967	9606.ENSP00000405574	HDAC3	TBL1XR1	9606	0.997	0	0	0	0	0.507	0.8	0.976
9606.ENSP00000302967	9606.ENSP00000372499	HDAC3	TBL1Y	9606	0.992	0	0	0	0	0.554	0	0.984
9606.ENSP00000302967	9606.ENSP00000379841	HDAC3	GPS2	9606	0.989	0	0	0	0	0.459	0.8	0.909
9606.ENSP00000302967	9606.ENSP00000320147	HDAC3	EZH2	9606	0.979	0	0	0	0	0.457	0.5	0.93
9606.ENSP00000302967	9606.ENSP00000378402	HDAC3	SIN3A	9606	0.971	0	0	0	0	0.244	0.8	0.827
9606.ENSP00000302967	9606.ENSP00000362592	HDAC3	RBBP4	9606	0.961	0	0	0	0	0.443	0.5	0.874
9606.ENSP00000302967	9606.ENSP00000430432	HDAC3	HDAC2	9606	0.9	0	0	0	0	0	0.9	0
9606.ENSP00000302967	9606.ENSP00000362649	HDAC3	HDAC1	9606	0.9	0	0	0	0	0	0.9	0
9606.ENSP00000302967	9606.ENSP00000358857	HDAC3	EMD	9606	0.876	0	0	0	0	0.049	0	0.875
9606.ENSP00000302967	9606.ENSP00000246672	HDAC3	NR1D1	9606	0.876	0	0	0	0	0.292	0.5	0.679
9606.ENSP00000302967	9606.ENSP00000369424	HDAC3	RBBP7	9606	0.836	0	0	0	0	0.246	0.5	0.6
9606.ENSP00000302967	9606.ENSP00000287820	HDAC3	PPARG	9606	0.826	0	0	0	0	0.457	0.5	0.411
9606.ENSP00000302967	9606.ENSP00000342136	HDAC3	CREB3	9606	0.816	0	0	0	0	0.292	0	0.752
9606.ENSP00000302967	9606.ENSP00000354794	HDAC3	ZNF521	9606	0.803	0	0	0	0	0	0.8	0.057
9606.ENSP00000302967	9606.ENSP00000264637	HDAC3	THRA	9606	0.801	0	0	0	0	0.457	0.65	0
9606.ENSP00000302967	9606.ENSP00000262713	HDAC3	AJUBA	9606	0.8	0	0	0	0	0	0.8	0
9606.ENSP00000302967	9606.ENSP00000360493	HDAC3	RUNX2	9606	0.794	0	0	0	0	0.457	0.5	0.304
9606.ENSP00000302967	9606.ENSP00000478887	HDAC3	MYC	9606	0.793	0	0	0	0	0.457	0	0.635
9606.ENSP00000302967	9606.ENSP00000331310	HDAC3	MORF4L1	9606	0.787	0	0	0	0	0.17	0	0.754
9606.ENSP00000302967	9606.ENSP00000351446	HDAC3	WDR5	9606	0.782	0	0	0	0	0.457	0	0.616
9606.ENSP00000302967	9606.ENSP00000344903	HDAC3	MAFK	9606	0.776	0	0	0	0	0.292	0	0.697
9606.ENSP00000302967	9606.ENSP00000339527	HDAC3	FOXO3	9606	0.767	0	0	0	0	0	0	0.767
9606.ENSP00000302967	9606.ENSP00000271889	HDAC3	CREB3L4	9606	0.752	0	0	0	0	0	0	0.752
9606.ENSP00000302967	9606.ENSP00000274764	HDAC3	H2BC1	9606	0.741	0	0	0	0	0.292	0.65	0
9606.ENSP00000302967	9606.ENSP00000379904	HDAC3	THRB	9606	0.741	0	0	0	0	0.292	0.65	0
9606.ENSP00000302967	9606.ENSP00000297012	HDAC3	H2AC1	9606	0.741	0	0	0	0	0.292	0.65	0
9606.ENSP00000302967	9606.ENSP00000419692	HDAC3	RXRA	9606	0.741	0	0	0	0	0.292	0.65	0
9606.ENSP00000302967	9606.ENSP00000358799	HDAC3	RBM15	9606	0.74	0	0	0	0	0.292	0	0.649
9606.ENSP00000302967	9606.ENSP00000244537	HDAC3	H4C6	9606	0.722	0	0	0	0	0.458	0.5	0.056
9606.ENSP00000302967	9606.ENSP00000296504	HDAC3	SAP30	9606	0.717	0	0	0	0	0.292	0	0.617
9606.ENSP00000302967	9606.ENSP00000363804	HDAC3	KLF4	9606	0.714	0	0	0	0	0	0	0.714
9606.ENSP00000306561	9606.ENSP00000262887	OGG1	XRCC1	9606	0.97	0	0	0	0	0.292	0	0.959
9606.ENSP00000309555	9606.ENSP00000362824	HCFC1	OGT	9606	0.999	0	0	0	0	0.966	0.8	0.94
9606.ENSP00000309555	9606.ENSP00000351446	HCFC1	WDR5	9606	0.998	0	0	0	0	0.587	0.9	0.975
9606.ENSP00000309555	9606.ENSP00000340896	HCFC1	ASH2L	9606	0.997	0	0	0	0	0.509	0.9	0.95
9606.ENSP00000309555	9606.ENSP00000264515	HCFC1	RBBP5	9606	0.997	0	0	0	0	0.479	0.9	0.964
9606.ENSP00000309555	9606.ENSP00000262519	HCFC1	SETD1A	9606	0.994	0	0	0	0	0.476	0.9	0.905
9606.ENSP00000309555	9606.ENSP00000345837	HCFC1	DPY30	9606	0.993	0	0	0	0	0.457	0.9	0.897
9606.ENSP00000309555	9606.ENSP00000436786	HCFC1	KMT2A	9606	0.981	0	0	0	0	0.476	0.9	0.675
9606.ENSP00000309555	9606.ENSP00000349640	HCFC1	MCRS1	9606	0.975	0	0	0	0	0.195	0.9	0.724
9606.ENSP00000309555	9606.ENSP00000417132	HCFC1	BAP1	9606	0.974	0	0	0	0	0.457	0.9	0.57
9606.ENSP00000309555	9606.ENSP00000356840	HCFC1	POU2F1	9606	0.967	0	0	0	0	0.457	0	0.942
9606.ENSP00000309555	9606.ENSP00000406037	HCFC1	KAT8	9606	0.965	0	0	0	0	0.484	0.9	0.381
9606.ENSP00000309555	9606.ENSP00000390475	HCFC1	CXXC1	9606	0.965	0	0	0	0	0.479	0.9	0.388
9606.ENSP00000309555	9606.ENSP00000229330	HCFC1	HCFC2	9606	0.962	0	0	0	0	0.614	0.9	0.114
9606.ENSP00000309555	9606.ENSP00000363124	HCFC1	PHF20	9606	0.955	0	0	0	0	0.324	0.9	0.391
9606.ENSP00000309555	9606.ENSP00000296490	HCFC1	WDR82	9606	0.948	0	0	0	0	0.2	0.9	0.409
9606.ENSP00000309555	9606.ENSP00000387393	HCFC1	KANSL1	9606	0.944	0	0	0	0	0.204	0.9	0.359
9606.ENSP00000309555	9606.ENSP00000396749	HCFC1	KANSL3	9606	0.938	0	0	0	0	0.359	0.8	0.559
9606.ENSP00000309555	9606.ENSP00000433459	HCFC1	CREBZF	9606	0.937	0	0	0	0	0.464	0	0.889
9606.ENSP00000309555	9606.ENSP00000415436	HCFC1	KANSL2	9606	0.93	0	0	0	0	0.204	0.8	0.596
9606.ENSP00000309555	9606.ENSP00000474253	HCFC1	SETD1B	9606	0.928	0	0	0	0	0.316	0.9	0
9606.ENSP00000309555	9606.ENSP00000328720	HCFC1	FOXK1	9606	0.912	0	0	0	0	0.292	0.5	0.772
9606.ENSP00000309555	9606.ENSP00000345571	HCFC1	E2F1	9606	0.908	0	0	0	0	0.457	0	0.838
9606.ENSP00000309555	9606.ENSP00000219905	HCFC1	MGA	9606	0.9	0	0	0	0	0	0.9	0
9606.ENSP00000309555	9606.ENSP00000391457	HCFC1	INO80C	9606	0.9	0	0	0	0	0	0.9	0
9606.ENSP00000309555	9606.ENSP00000312709	HCFC1	TAF7	9606	0.9	0	0	0	0	0	0.9	0
9606.ENSP00000309555	9606.ENSP00000370193	HCFC1	TAF9	9606	0.9	0	0	0	0	0	0.9	0
9606.ENSP00000309555	9606.ENSP00000301396	HCFC1	PELP1	9606	0.9	0	0	0	0	0	0.9	0
9606.ENSP00000309555	9606.ENSP00000351490	HCFC1	MAX	9606	0.9	0	0	0	0	0	0.9	0
9606.ENSP00000309555	9606.ENSP00000324122	HCFC1	PRPF31	9606	0.9	0	0	0	0	0	0.9	0
9606.ENSP00000309555	9606.ENSP00000495240	HCFC1	CHD8	9606	0.9	0	0	0	0	0	0.9	0
9606.ENSP00000309555	9606.ENSP00000363944	HCFC1	LAS1L	9606	0.9	0	0	0	0	0	0.9	0
9606.ENSP00000309555	9606.ENSP00000314029	HCFC1	SENP3	9606	0.9	0	0	0	0	0	0.9	0
9606.ENSP00000309555	9606.ENSP00000406549	HCFC1	TAF1	9606	0.9	0	0	0	0	0	0.9	0
9606.ENSP00000309555	9606.ENSP00000356480	HCFC1	RNF2	9606	0.9	0	0	0	0	0	0.9	0
9606.ENSP00000309555	9606.ENSP00000448598	HCFC1	C17orf49	9606	0.9	0	0	0	0	0	0.9	0
9606.ENSP00000309555	9606.ENSP00000370936	HCFC1	E2F6	9606	0.9	0	0	0	0	0	0.9	0
9606.ENSP00000309555	9606.ENSP00000473172	HCFC1	RUVBL2	9606	0.9	0	0	0	0	0	0.9	0
9606.ENSP00000309555	9606.ENSP00000252996	HCFC1	TAF4	9606	0.9	0	0	0	0	0	0.9	0
9606.ENSP00000309555	9606.ENSP00000399982	HCFC1	TAF6	9606	0.9	0	0	0	0	0	0.9	0
9606.ENSP00000309555	9606.ENSP00000318297	HCFC1	RUVBL1	9606	0.9	0	0	0	0	0	0.9	0
9606.ENSP00000309555	9606.ENSP00000364037	HCFC1	TEX10	9606	0.9	0	0	0	0	0	0.9	0
9606.ENSP00000309555	9606.ENSP00000364839	HCFC1	ASXL1	9606	0.896	0	0	0	0	0.457	0.5	0.651
9606.ENSP00000309555	9606.ENSP00000350676	HCFC1	PHF8	9606	0.864	0	0	0	0	0.292	0	0.817
9606.ENSP00000309555	9606.ENSP00000278070	HCFC1	PPRC1	9606	0.852	0	0	0	0	0	0.8	0.293
9606.ENSP00000309555	9606.ENSP00000383920	HCFC1	ASXL2	9606	0.842	0	0	0	0	0.457	0.5	0.466
9606.ENSP00000309555	9606.ENSP00000264867	HCFC1	PPARGC1A	9606	0.827	0	0	0	0	0.292	0.5	0.551
9606.ENSP00000309555	9606.ENSP00000337088	HCFC1	MEN1	9606	0.821	0	0	0	0	0.477	0.54	0.316
9606.ENSP00000309555	9606.ENSP00000262238	HCFC1	YY1	9606	0.821	0	0	0	0	0.292	0.5	0.535
9606.ENSP00000309555	9606.ENSP00000297792	HCFC1	KDM1B	9606	0.8	0	0	0	0	0	0.8	0
9606.ENSP00000309555	9606.ENSP00000329097	HCFC1	PHF6	9606	0.8	0	0	0	0	0	0	0.8
9606.ENSP00000309555	9606.ENSP00000342351	HCFC1	NRF1	9606	0.8	0	0	0	0	0	0.8	0
9606.ENSP00000309555	9606.ENSP00000342136	HCFC1	CREB3	9606	0.799	0	0	0	0	0.532	0	0.589
9606.ENSP00000309555	9606.ENSP00000335677	HCFC1	FOXK2	9606	0.793	0	0	0	0	0.457	0.5	0.3
9606.ENSP00000309555	9606.ENSP00000398837	HCFC1	KMT2B	9606	0.75	0	0	0	0	0.479	0.54	0
9606.ENSP00000309555	9606.ENSP00000442788	HCFC1	TET2	9606	0.724	0	0	0	0	0.292	0	0.627
9606.ENSP00000309555	9606.ENSP00000331310	HCFC1	MORF4L1	9606	0.72	0	0	0	0	0	0.72	0
9606.ENSP00000309555	9606.ENSP00000320566	HCFC1	ING3	9606	0.72	0	0	0	0	0	0.72	0
9606.ENSP00000309555	9606.ENSP00000340330	HCFC1	KAT5	9606	0.72	0	0	0	0	0	0.72	0
9606.ENSP00000309555	9606.ENSP00000397552	HCFC1	ACTL6A	9606	0.72	0	0	0	0	0	0.72	0
9606.ENSP00000309555	9606.ENSP00000468304	HCFC1	MBTD1	9606	0.72	0	0	0	0	0	0.72	0
9606.ENSP00000309555	9606.ENSP00000311827	HCFC1	MSL2	9606	0.72	0	0	0	0	0	0.72	0
9606.ENSP00000309555	9606.ENSP00000263062	HCFC1	EPC1	9606	0.72	0	0	0	0	0	0.72	0
9606.ENSP00000309555	9606.ENSP00000374212	HCFC1	EP400	9606	0.72	0	0	0	0	0	0.72	0
9606.ENSP00000309555	9606.ENSP00000359518	HCFC1	MRGBP	9606	0.72	0	0	0	0	0	0.72	0
9606.ENSP00000309555	9606.ENSP00000258484	HCFC1	EPC2	9606	0.72	0	0	0	0	0	0.72	0
9606.ENSP00000309555	9606.ENSP00000462945	HCFC1	MSL1	9606	0.72	0	0	0	0	0	0.72	0
9606.ENSP00000309555	9606.ENSP00000247843	HCFC1	YEATS4	9606	0.72	0	0	0	0	0	0.72	0
9606.ENSP00000309555	9606.ENSP00000352925	HCFC1	TRRAP	9606	0.72	0	0	0	0	0	0.72	0
9606.ENSP00000309555	9606.ENSP00000264110	HCFC1	ATF2	9606	0.72	0	0	0	0	0	0.72	0
9606.ENSP00000309555	9606.ENSP00000494750	HCFC1	ACTB	9606	0.72	0	0	0	0	0	0.72	0
9606.ENSP00000309555	9606.ENSP00000362166	HCFC1	MEAF6	9606	0.72	0	0	0	0	0	0.72	0
9606.ENSP00000309555	9606.ENSP00000361363	HCFC1	DMAP1	9606	0.72	0	0	0	0	0	0.72	0
9606.ENSP00000309555	9606.ENSP00000394417	HCFC1	MORF4L2	9606	0.72	0	0	0	0	0	0.72	0
9606.ENSP00000309555	9606.ENSP00000346464	HCFC1	VPS72	9606	0.72	0	0	0	0	0	0.72	0
9606.ENSP00000309555	9606.ENSP00000254900	HCFC1	BRD8	9606	0.72	0	0	0	0	0	0.72	0
9606.ENSP00000309555	9606.ENSP00000312244	HCFC1	MSL3	9606	0.72	0	0	0	0	0	0.72	0
9606.ENSP00000309555	9606.ENSP00000271889	HCFC1	CREB3L4	9606	0.706	0	0	0	0	0	0	0.706
9606.ENSP00000310008	9606.ENSP00000382218	SWSAP1	ZSWIM7	9606	0.977	0	0	0	0	0.675	0.9	0.368
9606.ENSP00000310008	9606.ENSP00000285021	SWSAP1	XPC	9606	0.9	0	0	0	0	0	0.9	0
9606.ENSP00000310008	9606.ENSP00000349313	SWSAP1	NHEJ1	9606	0.9	0	0	0	0	0	0.9	0
9606.ENSP00000310008	9606.ENSP00000352257	SWSAP1	XRCC6	9606	0.9	0	0	0	0	0	0.9	0
9606.ENSP00000310008	9606.ENSP00000484288	SWSAP1	LIG4	9606	0.9	0	0	0	0	0	0.9	0
9606.ENSP00000310008	9606.ENSP00000360682	SWSAP1	PAXX	9606	0.9	0	0	0	0	0	0.9	0
9606.ENSP00000310008	9606.ENSP00000278616	SWSAP1	ATM	9606	0.9	0	0	0	0	0	0.9	0
9606.ENSP00000310008	9606.ENSP00000359300	SWSAP1	CETN2	9606	0.9	0	0	0	0	0	0.9	0
9606.ENSP00000310008	9606.ENSP00000262241	SWSAP1	RCOR1	9606	0.9	0	0	0	0	0	0.9	0
9606.ENSP00000310008	9606.ENSP00000350708	SWSAP1	RAD23B	9606	0.9	0	0	0	0	0	0.9	0
9606.ENSP00000310008	9606.ENSP00000367527	SWSAP1	DCLRE1C	9606	0.9	0	0	0	0	0	0.9	0
9606.ENSP00000310008	9606.ENSP00000234420	SWSAP1	MSH6	9606	0.9	0	0	0	0	0	0.9	0
9606.ENSP00000310008	9606.ENSP00000013807	SWSAP1	ERCC1	9606	0.9	0	0	0	0	0	0.9	0
9606.ENSP00000310008	9606.ENSP00000421491	SWSAP1	XRCC4	9606	0.9	0	0	0	0	0	0.9	0
9606.ENSP00000310008	9606.ENSP00000472445	SWSAP1	POLD1	9606	0.9	0	0	0	0	0	0.9	0
9606.ENSP00000310008	9606.ENSP00000313420	SWSAP1	PRKDC	9606	0.9	0	0	0	0	0	0.9	0
9606.ENSP00000310008	9606.ENSP00000375978	SWSAP1	XRCC5	9606	0.9	0	0	0	0	0	0.9	0
9606.ENSP00000310008	9606.ENSP00000233146	SWSAP1	MSH2	9606	0.9	0	0	0	0	0	0.9	0
9606.ENSP00000310008	9606.ENSP00000398824	SWSAP1	PHF21A	9606	0.9	0	0	0	0	0	0.9	0
9606.ENSP00000310008	9606.ENSP00000265038	SWSAP1	ERCC8	9606	0.9	0	0	0	0	0	0.9	0
9606.ENSP00000310008	9606.ENSP00000300145	SWSAP1	ATP23	9606	0.9	0	0	0	0	0	0.9	0
9606.ENSP00000310008	9606.ENSP00000498881	SWSAP1	ERCC5	9606	0.9	0	0	0	0	0	0.9	0
9606.ENSP00000310008	9606.ENSP00000383042	SWSAP1	KDM1A	9606	0.9	0	0	0	0	0	0.9	0
9606.ENSP00000310008	9606.ENSP00000310520	SWSAP1	ERCC4	9606	0.9	0	0	0	0	0	0.9	0
9606.ENSP00000310008	9606.ENSP00000265081	SWSAP1	MSH3	9606	0.72	0	0	0	0	0	0.72	0
9606.ENSP00000310520	9606.ENSP00000013807	ERCC4	ERCC1	9606	0.999	0	0	0	0	0.982	0.9	0.985
9606.ENSP00000310520	9606.ENSP00000294008	ERCC4	SLX4	9606	0.994	0	0	0	0	0.701	0.5	0.967
9606.ENSP00000310520	9606.ENSP00000251303	ERCC4	SLX1A	9606	0.984	0	0	0	0	0.457	0.5	0.948
9606.ENSP00000310520	9606.ENSP00000364270	ERCC4	XPA	9606	0.978	0	0	0	0	0.679	0.54	0.866
9606.ENSP00000310520	9606.ENSP00000233146	ERCC4	MSH2	9606	0.942	0	0	0	0	0.292	0.9	0.257
9606.ENSP00000310520	9606.ENSP00000498881	ERCC4	ERCC5	9606	0.938	0	0	0	0	0	0.9	0.407
9606.ENSP00000310520	9606.ENSP00000352257	ERCC4	XRCC6	9606	0.919	0	0	0	0	0	0.9	0.224
9606.ENSP00000310520	9606.ENSP00000285021	ERCC4	XPC	9606	0.915	0	0	0	0	0.191	0.9	0
9606.ENSP00000310520	9606.ENSP00000375978	ERCC4	XRCC5	9606	0.912	0	0	0	0	0	0.9	0.158
9606.ENSP00000310520	9606.ENSP00000398824	ERCC4	PHF21A	9606	0.906	0	0	0	0	0	0.9	0.102
9606.ENSP00000310520	9606.ENSP00000234420	ERCC4	MSH6	9606	0.901	0	0	0	0	0	0.9	0.052
9606.ENSP00000310520	9606.ENSP00000484288	ERCC4	LIG4	9606	0.9	0	0	0	0	0	0.9	0
9606.ENSP00000310520	9606.ENSP00000367527	ERCC4	DCLRE1C	9606	0.9	0	0	0	0	0	0.9	0
9606.ENSP00000310520	9606.ENSP00000278616	ERCC4	ATM	9606	0.9	0	0	0	0	0	0.9	0
9606.ENSP00000310520	9606.ENSP00000265038	ERCC4	ERCC8	9606	0.9	0	0	0	0	0	0.9	0
9606.ENSP00000310520	9606.ENSP00000300145	ERCC4	ATP23	9606	0.9	0	0	0	0	0	0.9	0
9606.ENSP00000310520	9606.ENSP00000383042	ERCC4	KDM1A	9606	0.9	0	0	0	0	0	0.9	0
9606.ENSP00000310520	9606.ENSP00000359300	ERCC4	CETN2	9606	0.9	0	0	0	0	0	0.9	0
9606.ENSP00000310520	9606.ENSP00000382218	ERCC4	ZSWIM7	9606	0.9	0	0	0	0	0	0.9	0
9606.ENSP00000310520	9606.ENSP00000313420	ERCC4	PRKDC	9606	0.9	0	0	0	0	0	0.9	0
9606.ENSP00000310520	9606.ENSP00000349313	ERCC4	NHEJ1	9606	0.9	0	0	0	0	0	0.9	0
9606.ENSP00000310520	9606.ENSP00000262241	ERCC4	RCOR1	9606	0.9	0	0	0	0	0	0.9	0
9606.ENSP00000310520	9606.ENSP00000421491	ERCC4	XRCC4	9606	0.9	0	0	0	0	0	0.9	0
9606.ENSP00000310520	9606.ENSP00000310008	ERCC4	SWSAP1	9606	0.9	0	0	0	0	0	0.9	0
9606.ENSP00000310520	9606.ENSP00000472445	ERCC4	POLD1	9606	0.9	0	0	0	0	0	0.9	0
9606.ENSP00000310520	9606.ENSP00000360682	ERCC4	PAXX	9606	0.9	0	0	0	0	0	0.9	0
9606.ENSP00000310520	9606.ENSP00000350708	ERCC4	RAD23B	9606	0.9	0	0	0	0	0	0.9	0
9606.ENSP00000310520	9606.ENSP00000307853	ERCC4	MUS81	9606	0.872	0	0	0	0	0.619	0.5	0.384
9606.ENSP00000310520	9606.ENSP00000466121	ERCC4	FAAP24	9606	0.795	0	0	0	0	0.35	0.5	0.422
9606.ENSP00000310520	9606.ENSP00000254719	ERCC4	RPA1	9606	0.748	0	0	0	0	0.479	0.5	0.11
9606.ENSP00000310520	9606.ENSP00000265081	ERCC4	MSH3	9606	0.743	0	0	0	0	0	0.72	0.12
9606.ENSP00000310520	9606.ENSP00000418960	ERCC4	BRCA1	9606	0.73	0	0	0	0	0.439	0.54	0
9606.ENSP00000311816	9606.ENSP00000262241	REST	RCOR1	9606	0.997	0	0	0	0	0.457	0.8	0.982
9606.ENSP00000311816	9606.ENSP00000383042	REST	KDM1A	9606	0.989	0	0	0	0	0	0.8	0.95
9606.ENSP00000311816	9606.ENSP00000362649	REST	HDAC1	9606	0.988	0	0	0	0	0.457	0.8	0.898
9606.ENSP00000311816	9606.ENSP00000369131	REST	SIN3B	9606	0.95	0	0	0	0	0.926	0	0.351
9606.ENSP00000311816	9606.ENSP00000430432	REST	HDAC2	9606	0.931	0	0	0	0	0.292	0.8	0.555
9606.ENSP00000311816	9606.ENSP00000378402	REST	SIN3A	9606	0.93	0	0	0	0	0.457	0.8	0.414
9606.ENSP00000311816	9606.ENSP00000273062	REST	CTDSP1	9606	0.926	0	0	0	0	0.926	0	0
9606.ENSP00000311816	9606.ENSP00000379078	REST	EHMT2	9606	0.837	0	0	0	0	0.457	0	0.713
9606.ENSP00000311816	9606.ENSP00000347184	REST	HTT	9606	0.762	0	0	0	0	0	0	0.762
9606.ENSP00000311825	9606.ENSP00000290921	CTBP2	CTBP1	9606	0.998	0	0	0	0	0.639	0.9	0.974
9606.ENSP00000311825	9606.ENSP00000382628	CTBP2	RBBP8	9606	0.989	0	0	0	0	0.42	0	0.982
9606.ENSP00000311825	9606.ENSP00000430432	CTBP2	HDAC2	9606	0.953	0	0	0	0	0.457	0.8	0.605
9606.ENSP00000311825	9606.ENSP00000362649	CTBP2	HDAC1	9606	0.95	0	0	0	0	0.329	0.8	0.662
9606.ENSP00000311825	9606.ENSP00000360526	CTBP2	ZNF217	9606	0.936	0	0	0	0	0.675	0	0.814
9606.ENSP00000311825	9606.ENSP00000354487	CTBP2	ZEB1	9606	0.93	0	0	0	0	0.588	0	0.839
9606.ENSP00000311825	9606.ENSP00000261438	CTBP2	KLF3	9606	0.916	0	0	0	0	0.457	0	0.852
9606.ENSP00000311825	9606.ENSP00000296452	CTBP2	BSN	9606	0.892	0	0	0	0	0	0.8	0.483
9606.ENSP00000311825	9606.ENSP00000263253	CTBP2	EP300	9606	0.89	0	0	0	0	0.592	0	0.743
9606.ENSP00000311825	9606.ENSP00000270722	CTBP2	PRDM16	9606	0.883	0	0	0	0	0.484	0	0.784
9606.ENSP00000311825	9606.ENSP00000262241	CTBP2	RCOR1	9606	0.863	0	0	0	0	0.545	0	0.712
9606.ENSP00000311825	9606.ENSP00000417303	CTBP2	KLF8	9606	0.856	0	0	0	0	0.367	0	0.783
9606.ENSP00000311825	9606.ENSP00000334319	CTBP2	PCLO	9606	0.803	0	0	0	0	0	0.8	0.057
9606.ENSP00000311825	9606.ENSP00000258149	CTBP2	MDM2	9606	0.793	0	0	0	0	0.457	0	0.636
9606.ENSP00000311825	9606.ENSP00000314080	CTBP2	HIC1	9606	0.754	0	0	0	0	0.457	0	0.567
9606.ENSP00000311825	9606.ENSP00000384179	CTBP2	ZFPM2	9606	0.712	0	0	0	0	0.457	0	0.492
9606.ENSP00000312631	9606.ENSP00000383042	INSM1	KDM1A	9606	0.945	0	0	0	0	0.926	0	0.296
9606.ENSP00000312631	9606.ENSP00000262241	INSM1	RCOR1	9606	0.865	0	0	0	0	0.8	0	0.356
9606.ENSP00000313420	9606.ENSP00000367527	PRKDC	DCLRE1C	9606	0.999	0	0	0	0	0.943	0.9	0.9
9606.ENSP00000313420	9606.ENSP00000421491	PRKDC	XRCC4	9606	0.999	0	0	0	0	0.955	0.9	0.981
9606.ENSP00000313420	9606.ENSP00000352257	PRKDC	XRCC6	9606	0.999	0	0	0	0	0.957	0.9	0.985
9606.ENSP00000313420	9606.ENSP00000349313	PRKDC	NHEJ1	9606	0.999	0	0	0	0	0.886	0.9	0.953
9606.ENSP00000313420	9606.ENSP00000375978	PRKDC	XRCC5	9606	0.999	0	0	0	0	0.96	0.9	0.985
9606.ENSP00000313420	9606.ENSP00000484288	PRKDC	LIG4	9606	0.997	0	0	0	0	0.886	0.9	0.829
9606.ENSP00000313420	9606.ENSP00000360682	PRKDC	PAXX	9606	0.986	0	0	0	0	0.292	0.9	0.819
9606.ENSP00000313420	9606.ENSP00000355759	PRKDC	PARP1	9606	0.955	0	0	0	0	0.457	0	0.921
9606.ENSP00000313420	9606.ENSP00000239165	PRKDC	HOXB7	9606	0.947	0	0	0	0	0.292	0	0.929
9606.ENSP00000313420	9606.ENSP00000278616	PRKDC	ATM	9606	0.938	0	0	0	0	0.413	0.9	0
9606.ENSP00000313420	9606.ENSP00000234420	PRKDC	MSH6	9606	0.926	0	0	0	0	0.292	0.9	0
9606.ENSP00000313420	9606.ENSP00000321330	PRKDC	RNF144A	9606	0.924	0	0	0	0	0.457	0.8	0.364
9606.ENSP00000313420	9606.ENSP00000472445	PRKDC	POLD1	9606	0.912	0	0	0	0	0.161	0.9	0
9606.ENSP00000313420	9606.ENSP00000013807	PRKDC	ERCC1	9606	0.9	0	0	0	0	0	0.9	0
9606.ENSP00000313420	9606.ENSP00000383042	PRKDC	KDM1A	9606	0.9	0	0	0	0	0	0.9	0
9606.ENSP00000313420	9606.ENSP00000359300	PRKDC	CETN2	9606	0.9	0	0	0	0	0	0.9	0
9606.ENSP00000313420	9606.ENSP00000350708	PRKDC	RAD23B	9606	0.9	0	0	0	0	0	0.9	0
9606.ENSP00000313420	9606.ENSP00000498881	PRKDC	ERCC5	9606	0.9	0	0	0	0	0	0.9	0
9606.ENSP00000313420	9606.ENSP00000233146	PRKDC	MSH2	9606	0.9	0	0	0	0	0	0.9	0
9606.ENSP00000313420	9606.ENSP00000265038	PRKDC	ERCC8	9606	0.9	0	0	0	0	0	0.9	0
9606.ENSP00000313420	9606.ENSP00000300145	PRKDC	ATP23	9606	0.9	0	0	0	0	0	0.9	0
9606.ENSP00000313420	9606.ENSP00000310520	PRKDC	ERCC4	9606	0.9	0	0	0	0	0	0.9	0
9606.ENSP00000313420	9606.ENSP00000298139	PRKDC	WRN	9606	0.9	0	0	0	0	0.292	0	0.865
9606.ENSP00000313420	9606.ENSP00000382218	PRKDC	ZSWIM7	9606	0.9	0	0	0	0	0	0.9	0
9606.ENSP00000313420	9606.ENSP00000262241	PRKDC	RCOR1	9606	0.9	0	0	0	0	0	0.9	0
9606.ENSP00000313420	9606.ENSP00000310008	PRKDC	SWSAP1	9606	0.9	0	0	0	0	0	0.9	0
9606.ENSP00000313420	9606.ENSP00000398824	PRKDC	PHF21A	9606	0.9	0	0	0	0	0	0.9	0
9606.ENSP00000313420	9606.ENSP00000285021	PRKDC	XPC	9606	0.9	0	0	0	0	0	0.9	0
9606.ENSP00000313420	9606.ENSP00000275493	PRKDC	EGFR	9606	0.882	0	0	0	0	0.358	0	0.824
9606.ENSP00000313420	9606.ENSP00000323099	PRKDC	ATRIP	9606	0.853	0	0	0	0	0.292	0	0.801
9606.ENSP00000313420	9606.ENSP00000262887	PRKDC	XRCC1	9606	0.845	0	0	0	0	0.457	0.36	0.591
9606.ENSP00000313420	9606.ENSP00000370473	PRKDC	IGFBP3	9606	0.796	0	0	0	0	0.292	0	0.724
9606.ENSP00000313420	9606.ENSP00000265849	PRKDC	PMS2	9606	0.751	0	0	0	0	0.166	0.54	0.404
9606.ENSP00000313420	9606.ENSP00000418960	PRKDC	BRCA1	9606	0.746	0	0	0	0	0.292	0.54	0.285
9606.ENSP00000313420	9606.ENSP00000479860	PRKDC	CIB1	9606	0.74	0	0	0	0	0.457	0	0.542
9606.ENSP00000313420	9606.ENSP00000364270	PRKDC	XPA	9606	0.739	0	0	0	0	0.457	0.54	0
9606.ENSP00000313420	9606.ENSP00000231790	PRKDC	MLH1	9606	0.736	0	0	0	0	0.166	0.54	0.368
9606.ENSP00000313420	9606.ENSP00000265081	PRKDC	MSH3	9606	0.72	0	0	0	0	0	0.72	0
9606.ENSP00000313420	9606.ENSP00000261637	PRKDC	UTP20	9606	0.72	0	0	0	0	0	0.72	0
9606.ENSP00000313420	9606.ENSP00000405068	PRKDC	NOP14	9606	0.72	0	0	0	0	0	0.72	0
9606.ENSP00000313420	9606.ENSP00000372023	PRKDC	CHEK2	9606	0.717	0	0	0	0	0.457	0	0.501
9606.ENSP00000313420	9606.ENSP00000340330	PRKDC	KAT5	9606	0.706	0	0	0	0	0.292	0	0.602
9606.ENSP00000316357	9606.ENSP00000341551	USP9X	SMAD4	9606	0.943	0	0	0	0	0.457	0.9	0
9606.ENSP00000316357	9606.ENSP00000500990	USP9X	SNCA	9606	0.926	0	0	0	0	0.292	0.9	0
9606.ENSP00000316357	9606.ENSP00000427793	USP9X	WWP1	9606	0.756	0	0	0	0	0.202	0	0.707
9606.ENSP00000316357	9606.ENSP00000339527	USP9X	FOXO3	9606	0.747	0	0	0	0	0	0	0.747
9606.ENSP00000316357	9606.ENSP00000262891	USP9X	MARK4	9606	0.745	0	0	0	0	0.37	0	0.613
9606.ENSP00000316357	9606.ENSP00000261402	USP9X	NUAK1	9606	0.742	0	0	0	0	0.457	0	0.545
9606.ENSP00000316357	9606.ENSP00000441543	USP9X	UBC	9606	0.716	0	0	0	0	0.457	0.5	0
9606.ENSP00000316578	9606.ENSP00000338186	SUZ12	EED	9606	0.999	0	0	0	0	0.981	0.9	0.982
9606.ENSP00000316578	9606.ENSP00000341280	SUZ12	JARID2	9606	0.999	0	0	0	0	0.965	0.5	0.984
9606.ENSP00000316578	9606.ENSP00000362592	SUZ12	RBBP4	9606	0.999	0	0	0	0	0.974	0.9	0.987
9606.ENSP00000316578	9606.ENSP00000320147	SUZ12	EZH2	9606	0.999	0	0	0	0	0.98	0.9	0.987
9606.ENSP00000316578	9606.ENSP00000404658	SUZ12	EZH1	9606	0.999	0	0	0	0	0.975	0.9	0.987
9606.ENSP00000316578	9606.ENSP00000369424	SUZ12	RBBP7	9606	0.999	0	0	0	0	0.732	0.9	0.987
9606.ENSP00000316578	9606.ENSP00000381840	SUZ12	AEBP2	9606	0.999	0	0	0	0	0.967	0.9	0.982
9606.ENSP00000316578	9606.ENSP00000356480	SUZ12	RNF2	9606	0.995	0	0	0	0	0.292	0.9	0.948
9606.ENSP00000316578	9606.ENSP00000364839	SUZ12	ASXL1	9606	0.99	0	0	0	0	0.292	0.9	0.882
9606.ENSP00000316578	9606.ENSP00000359321	SUZ12	MTF2	9606	0.989	0	0	0	0	0.671	0.5	0.944
9606.ENSP00000316578	9606.ENSP00000216133	SUZ12	CBX7	9606	0.985	0	0	0	0	0	0.9	0.864
9606.ENSP00000316578	9606.ENSP00000365851	SUZ12	BMI1	9606	0.985	0	0	0	0	0.292	0.9	0.808
9606.ENSP00000316578	9606.ENSP00000430432	SUZ12	HDAC2	9606	0.983	0	0	0	0	0.64	0.9	0.577
9606.ENSP00000316578	9606.ENSP00000483946	SUZ12	PHF19	9606	0.982	0	0	0	0	0.965	0.5	0.098
9606.ENSP00000316578	9606.ENSP00000262238	SUZ12	YY1	9606	0.974	0	0	0	0	0	0.54	0.946
9606.ENSP00000316578	9606.ENSP00000244537	SUZ12	H4C6	9606	0.94	0	0	0	0	0.886	0.5	0
9606.ENSP00000316578	9606.ENSP00000363787	SUZ12	RING1	9606	0.938	0	0	0	0	0	0.9	0.413
9606.ENSP00000316578	9606.ENSP00000494538	SUZ12	CTCF	9606	0.937	0	0	0	0	0.457	0.5	0.787
9606.ENSP00000316578	9606.ENSP00000308750	SUZ12	CBX2	9606	0.931	0	0	0	0	0	0.9	0.344
9606.ENSP00000316578	9606.ENSP00000269385	SUZ12	CBX8	9606	0.929	0	0	0	0	0	0.9	0.323
9606.ENSP00000316578	9606.ENSP00000233630	SUZ12	PCGF1	9606	0.926	0	0	0	0	0.292	0.9	0
9606.ENSP00000316578	9606.ENSP00000303373	SUZ12	H2AC8	9606	0.923	0	0	0	0	0.852	0.5	0
9606.ENSP00000316578	9606.ENSP00000363640	SUZ12	PHF1	9606	0.923	0	0	0	0	0.61	0.5	0.639
9606.ENSP00000316578	9606.ENSP00000437659	SUZ12	PHC1	9606	0.914	0	0	0	0	0	0.9	0.18
9606.ENSP00000316578	9606.ENSP00000333277	SUZ12	H3C13	9606	0.913	0	0	0	0	0.833	0.5	0
9606.ENSP00000316578	9606.ENSP00000482063	SUZ12	PCGF2	9606	0.904	0	0	0	0	0	0.9	0.086
9606.ENSP00000316578	9606.ENSP00000251900	SUZ12	SCML2	9606	0.902	0	0	0	0	0	0.9	0.069
9606.ENSP00000316578	9606.ENSP00000384490	SUZ12	CBX6	9606	0.9	0	0	0	0	0	0.9	0
9606.ENSP00000316578	9606.ENSP00000417132	SUZ12	BAP1	9606	0.9	0	0	0	0	0	0.9	0
9606.ENSP00000316578	9606.ENSP00000257118	SUZ12	PHC2	9606	0.9	0	0	0	0	0	0.9	0
9606.ENSP00000316578	9606.ENSP00000337500	SUZ12	PCGF5	9606	0.9	0	0	0	0	0	0.9	0
9606.ENSP00000316578	9606.ENSP00000420294	SUZ12	PHC3	9606	0.9	0	0	0	0	0	0.9	0
9606.ENSP00000316578	9606.ENSP00000354724	SUZ12	PCGF3	9606	0.9	0	0	0	0	0	0.9	0
9606.ENSP00000316578	9606.ENSP00000389445	SUZ12	UBAP2L	9606	0.9	0	0	0	0	0	0.9	0
9606.ENSP00000316578	9606.ENSP00000358862	SUZ12	PCGF6	9606	0.9	0	0	0	0	0	0.9	0
9606.ENSP00000316578	9606.ENSP00000269397	SUZ12	CBX4	9606	0.9	0	0	0	0	0	0.9	0
9606.ENSP00000316578	9606.ENSP00000349430	SUZ12	H2BC12	9606	0.895	0	0	0	0	0.8	0.5	0
9606.ENSP00000316578	9606.ENSP00000367022	SUZ12	H2AC6	9606	0.895	0	0	0	0	0.8	0.5	0
9606.ENSP00000316578	9606.ENSP00000476136	SUZ12	H2BC11	9606	0.895	0	0	0	0	0.8	0.5	0
9606.ENSP00000316578	9606.ENSP00000351589	SUZ12	H2AC13	9606	0.895	0	0	0	0	0.8	0.5	0
9606.ENSP00000316578	9606.ENSP00000212015	SUZ12	SIRT1	9606	0.891	0	0	0	0	0.457	0.36	0.713
9606.ENSP00000316578	9606.ENSP00000244050	SUZ12	SNAI1	9606	0.876	0	0	0	0	0.292	0	0.833
9606.ENSP00000316578	9606.ENSP00000358154	SUZ12	H3C14	9606	0.833	0	0	0	0	0.833	0	0
9606.ENSP00000316578	9606.ENSP00000362649	SUZ12	HDAC1	9606	0.816	0	0	0	0	0.614	0	0.543
9606.ENSP00000316578	9606.ENSP00000484710	SUZ12	EPOP	9606	0.813	0	0	0	0	0.671	0.36	0.184
9606.ENSP00000316578	9606.ENSP00000382688	SUZ12	KDM5A	9606	0.809	0	0	0	0	0.304	0	0.736
9606.ENSP00000316578	9606.ENSP00000473391	SUZ12	COMMD3-BMI1	9606	0.808	0	0	0	0	0	0	0.808
9606.ENSP00000316578	9606.ENSP00000385479	SUZ12	H3C15	9606	0.801	0	0	0	0	0.801	0	0
9606.ENSP00000316578	9606.ENSP00000347168	SUZ12	H4C11	9606	0.8	0	0	0	0	0.8	0	0
9606.ENSP00000316578	9606.ENSP00000481486	SUZ12	H4C9	9606	0.8	0	0	0	0	0.8	0	0
9606.ENSP00000316578	9606.ENSP00000352627	SUZ12	H2AC17	9606	0.8	0	0	0	0	0.8	0	0
9606.ENSP00000316578	9606.ENSP00000443017	SUZ12	H4-16	9606	0.8	0	0	0	0	0.8	0	0
9606.ENSP00000316578	9606.ENSP00000479106	SUZ12	H4C1	9606	0.8	0	0	0	0	0.8	0	0
9606.ENSP00000316578	9606.ENSP00000462355	SUZ12	H4C15	9606	0.8	0	0	0	0	0.8	0	0
9606.ENSP00000316578	9606.ENSP00000484789	SUZ12	H4C5	9606	0.8	0	0	0	0	0.8	0	0
9606.ENSP00000316578	9606.ENSP00000489236	SUZ12	H4C8	9606	0.8	0	0	0	0	0.8	0	0
9606.ENSP00000316578	9606.ENSP00000480960	SUZ12	H4C13	9606	0.8	0	0	0	0	0.8	0	0
9606.ENSP00000316578	9606.ENSP00000479461	SUZ12	H4C4	9606	0.8	0	0	0	0	0.8	0	0
9606.ENSP00000316578	9606.ENSP00000367034	SUZ12	H4C3	9606	0.8	0	0	0	0	0.8	0	0
9606.ENSP00000316578	9606.ENSP00000366974	SUZ12	H4C2	9606	0.8	0	0	0	0	0.8	0	0
9606.ENSP00000316578	9606.ENSP00000482538	SUZ12	H2AC16	9606	0.8	0	0	0	0	0.8	0	0
9606.ENSP00000316578	9606.ENSP00000462667	SUZ12	H4C14	9606	0.8	0	0	0	0	0.8	0	0
9606.ENSP00000316578	9606.ENSP00000479794	SUZ12	H4C12	9606	0.8	0	0	0	0	0.8	0	0
9606.ENSP00000316578	9606.ENSP00000482431	SUZ12	H2AC15	9606	0.8	0	0	0	0	0.8	0	0
9606.ENSP00000316578	9606.ENSP00000352119	SUZ12	H2AC11	9606	0.8	0	0	0	0	0.8	0	0
9606.ENSP00000316578	9606.ENSP00000483842	SUZ12	H2AC4	9606	0.8	0	0	0	0	0.8	0	0
9606.ENSP00000316578	9606.ENSP00000337976	SUZ12	SUV39H1	9606	0.767	0	0	0	0	0.184	0.36	0.59
9606.ENSP00000316578	9606.ENSP00000254066	SUZ12	RARA	9606	0.742	0	0	0	0	0.292	0.5	0.332
9606.ENSP00000316578	9606.ENSP00000296417	SUZ12	H2AZ1	9606	0.741	0	0	0	0	0.196	0.5	0.409
9606.ENSP00000316578	9606.ENSP00000352516	SUZ12	DNMT1	9606	0.74	0	0	0	0	0.302	0.5	0.317
9606.ENSP00000319169	9606.ENSP00000235090	PRMT5	WDR77	9606	0.999	0	0	0	0	0.968	0.9	0.982
9606.ENSP00000319169	9606.ENSP00000433919	PRMT5	CLNS1A	9606	0.998	0	0	0	0	0.966	0.9	0.496
9606.ENSP00000319169	9606.ENSP00000369162	PRMT5	RIOK1	9606	0.966	0	0	0	0	0.96	0	0.205
9606.ENSP00000319169	9606.ENSP00000215829	PRMT5	SNRPD3	9606	0.964	0	0	0	0	0.457	0.9	0.406
9606.ENSP00000319169	9606.ENSP00000300413	PRMT5	SNRPD1	9606	0.962	0	0	0	0	0.457	0.9	0.365
9606.ENSP00000319169	9606.ENSP00000244537	PRMT5	H4C6	9606	0.96	0	0	0	0	0.96	0	0
9606.ENSP00000319169	9606.ENSP00000304327	PRMT5	COPRS	9606	0.954	0	0	0	0	0.65	0.5	0.763
9606.ENSP00000319169	9606.ENSP00000343896	PRMT5	SMARCA4	9606	0.95	0	0	0	0	0.457	0.5	0.834
9606.ENSP00000319169	9606.ENSP00000412566	PRMT5	SNRPB	9606	0.943	0	0	0	0	0.457	0.9	0
9606.ENSP00000319169	9606.ENSP00000400591	PRMT5	SNRPE	9606	0.928	0	0	0	0	0.312	0.9	0
9606.ENSP00000319169	9606.ENSP00000266735	PRMT5	SNRPF	9606	0.914	0	0	0	0	0.183	0.9	0
9606.ENSP00000319169	9606.ENSP00000393388	PRMT5	SNRPG	9606	0.912	0	0	0	0	0.164	0.9	0
9606.ENSP00000319169	9606.ENSP00000406162	PRMT5	PRMT1	9606	0.902	0	0	0	0	0	0.9	0.062
9606.ENSP00000319169	9606.ENSP00000480960	PRMT5	H4C13	9606	0.9	0	0	0	0	0.9	0	0
9606.ENSP00000319169	9606.ENSP00000451080	PRMT5	ERH	9606	0.9	0	0	0	0	0	0.9	0
9606.ENSP00000319169	9606.ENSP00000479461	PRMT5	H4C4	9606	0.9	0	0	0	0	0.9	0	0
9606.ENSP00000319169	9606.ENSP00000367034	PRMT5	H4C3	9606	0.9	0	0	0	0	0.9	0	0
9606.ENSP00000319169	9606.ENSP00000366974	PRMT5	H4C2	9606	0.9	0	0	0	0	0.9	0	0
9606.ENSP00000319169	9606.ENSP00000462667	PRMT5	H4C14	9606	0.9	0	0	0	0	0.9	0	0
9606.ENSP00000319169	9606.ENSP00000342374	PRMT5	SNRPD2	9606	0.9	0	0	0	0	0	0.9	0
9606.ENSP00000319169	9606.ENSP00000479794	PRMT5	H4C12	9606	0.9	0	0	0	0	0.9	0	0
9606.ENSP00000319169	9606.ENSP00000481486	PRMT5	H4C9	9606	0.9	0	0	0	0	0.9	0	0
9606.ENSP00000319169	9606.ENSP00000347168	PRMT5	H4C11	9606	0.9	0	0	0	0	0.9	0	0
9606.ENSP00000319169	9606.ENSP00000443017	PRMT5	H4-16	9606	0.9	0	0	0	0	0.9	0	0
9606.ENSP00000319169	9606.ENSP00000479106	PRMT5	H4C1	9606	0.9	0	0	0	0	0.9	0	0
9606.ENSP00000319169	9606.ENSP00000489236	PRMT5	H4C8	9606	0.9	0	0	0	0	0.9	0	0
9606.ENSP00000319169	9606.ENSP00000462355	PRMT5	H4C15	9606	0.9	0	0	0	0	0.9	0	0
9606.ENSP00000319169	9606.ENSP00000484789	PRMT5	H4C5	9606	0.9	0	0	0	0	0.9	0	0
9606.ENSP00000319169	9606.ENSP00000257904	PRMT5	CDK4	9606	0.864	0	0	0	0	0.292	0.5	0.649
9606.ENSP00000319169	9606.ENSP00000269305	PRMT5	TP53	9606	0.851	0	0	0	0	0.446	0.5	0.508
9606.ENSP00000319169	9606.ENSP00000371638	PRMT5	SMARCA2	9606	0.822	0	0	0	0	0.292	0.5	0.539
9606.ENSP00000319169	9606.ENSP00000227507	PRMT5	CCND1	9606	0.821	0	0	0	0	0.457	0.5	0.394
9606.ENSP00000319169	9606.ENSP00000228437	PRMT5	PRDM4	9606	0.789	0	0	0	0	0	0	0.789
9606.ENSP00000319169	9606.ENSP00000244050	PRMT5	SNAI1	9606	0.745	0	0	0	0	0.292	0	0.655
9606.ENSP00000319169	9606.ENSP00000358092	PRMT5	PRDM1	9606	0.738	0	0	0	0	0.457	0	0.539
9606.ENSP00000319169	9606.ENSP00000362110	PRMT5	SF3A3	9606	0.724	0	0	0	0	0.724	0	0
9606.ENSP00000319169	9606.ENSP00000264709	PRMT5	DNMT3A	9606	0.717	0	0	0	0	0.292	0	0.618
9606.ENSP00000319169	9606.ENSP00000254480	PRMT5	SMARCC1	9606	0.716	0	0	0	0	0.457	0.5	0
9606.ENSP00000320147	9606.ENSP00000404658	EZH2	EZH1	9606	0.999	0	0	0	0	0.595	0.9	0.981
9606.ENSP00000320147	9606.ENSP00000381840	EZH2	AEBP2	9606	0.999	0	0	0	0	0.746	0.9	0.982
9606.ENSP00000320147	9606.ENSP00000369424	EZH2	RBBP7	9606	0.999	0	0	0	0	0.629	0.9	0.986
9606.ENSP00000320147	9606.ENSP00000316578	EZH2	SUZ12	9606	0.999	0	0	0	0	0.98	0.9	0.987
9606.ENSP00000320147	9606.ENSP00000338186	EZH2	EED	9606	0.999	0	0	0	0	0.912	0.9	0.987
9606.ENSP00000320147	9606.ENSP00000362592	EZH2	RBBP4	9606	0.999	0	0	0	0	0.553	0.9	0.986
9606.ENSP00000320147	9606.ENSP00000430432	EZH2	HDAC2	9606	0.998	0	0	0	0	0.614	0.9	0.963
9606.ENSP00000320147	9606.ENSP00000341280	EZH2	JARID2	9606	0.997	0	0	0	0	0.763	0.5	0.982
9606.ENSP00000320147	9606.ENSP00000328547	EZH2	DNMT3B	9606	0.995	0	0	0	0	0.509	0.5	0.982
9606.ENSP00000320147	9606.ENSP00000262238	EZH2	YY1	9606	0.995	0	0	0	0	0.457	0.54	0.982
9606.ENSP00000320147	9606.ENSP00000352516	EZH2	DNMT1	9606	0.995	0	0	0	0	0.457	0.5	0.983
9606.ENSP00000320147	9606.ENSP00000365851	EZH2	BMI1	9606	0.994	0	0	0	0	0.509	0.9	0.904
9606.ENSP00000320147	9606.ENSP00000264709	EZH2	DNMT3A	9606	0.994	0	0	0	0	0.457	0.5	0.982
9606.ENSP00000320147	9606.ENSP00000362649	EZH2	HDAC1	9606	0.993	0	0	0	0	0.615	0	0.983
9606.ENSP00000320147	9606.ENSP00000364839	EZH2	ASXL1	9606	0.992	0	0	0	0	0.292	0.9	0.904
9606.ENSP00000320147	9606.ENSP00000216133	EZH2	CBX7	9606	0.99	0	0	0	0	0	0.9	0.908
9606.ENSP00000320147	9606.ENSP00000244050	EZH2	SNAI1	9606	0.989	0	0	0	0	0.457	0	0.982
9606.ENSP00000320147	9606.ENSP00000356480	EZH2	RNF2	9606	0.988	0	0	0	0	0.292	0.9	0.854
9606.ENSP00000320147	9606.ENSP00000359321	EZH2	MTF2	9606	0.988	0	0	0	0	0.671	0.5	0.937
9606.ENSP00000320147	9606.ENSP00000363640	EZH2	PHF1	9606	0.987	0	0	0	0	0.653	0.5	0.933
9606.ENSP00000320147	9606.ENSP00000302967	EZH2	HDAC3	9606	0.979	0	0	0	0	0.457	0.5	0.93
9606.ENSP00000320147	9606.ENSP00000383042	EZH2	KDM1A	9606	0.97	0	0	0	0	0.308	0	0.959
9606.ENSP00000320147	9606.ENSP00000233630	EZH2	PCGF1	9606	0.969	0	0	0	0	0.287	0.9	0.61
9606.ENSP00000320147	9606.ENSP00000472929	EZH2	VAV1	9606	0.968	0	0	0	0	0.457	0	0.945
9606.ENSP00000320147	9606.ENSP00000333277	EZH2	H3C13	9606	0.959	0	0	0	0	0.907	0.5	0.187
9606.ENSP00000320147	9606.ENSP00000363787	EZH2	RING1	9606	0.959	0	0	0	0	0	0.9	0.608
9606.ENSP00000320147	9606.ENSP00000440542	EZH2	CHD4	9606	0.953	0	0	0	0	0.634	0	0.878
9606.ENSP00000320147	9606.ENSP00000244537	EZH2	H4C6	9606	0.941	0	0	0	0	0.887	0.5	0
9606.ENSP00000320147	9606.ENSP00000303373	EZH2	H2AC8	9606	0.941	0	0	0	0	0.886	0.5	0
9606.ENSP00000320147	9606.ENSP00000495360	EZH2	CTNNB1	9606	0.934	0	0	0	0	0.457	0	0.885
9606.ENSP00000320147	9606.ENSP00000264657	EZH2	STAT3	9606	0.932	0	0	0	0	0.292	0	0.909
9606.ENSP00000320147	9606.ENSP00000483946	EZH2	PHF19	9606	0.925	0	0	0	0	0.67	0.5	0.584
9606.ENSP00000320147	9606.ENSP00000337976	EZH2	SUV39H1	9606	0.925	0	0	0	0	0.292	0.36	0.848
9606.ENSP00000320147	9606.ENSP00000351589	EZH2	H2AC13	9606	0.923	0	0	0	0	0.852	0.5	0
9606.ENSP00000320147	9606.ENSP00000379078	EZH2	EHMT2	9606	0.92	0	0	0	0	0.201	0	0.904
9606.ENSP00000320147	9606.ENSP00000437659	EZH2	PHC1	9606	0.92	0	0	0	0	0	0.9	0.24
9606.ENSP00000320147	9606.ENSP00000363822	EZH2	AR	9606	0.919	0	0	0	0	0.457	0	0.858
9606.ENSP00000320147	9606.ENSP00000269397	EZH2	CBX4	9606	0.915	0	0	0	0	0	0.9	0.188
9606.ENSP00000320147	9606.ENSP00000385479	EZH2	H3C15	9606	0.913	0	0	0	0	0.907	0	0.102
9606.ENSP00000320147	9606.ENSP00000358154	EZH2	H3C14	9606	0.913	0	0	0	0	0.907	0	0.102
9606.ENSP00000320147	9606.ENSP00000473391	EZH2	COMMD3-BMI1	9606	0.904	0	0	0	0	0	0	0.904
9606.ENSP00000320147	9606.ENSP00000251900	EZH2	SCML2	9606	0.901	0	0	0	0	0	0.9	0.054
9606.ENSP00000320147	9606.ENSP00000389445	EZH2	UBAP2L	9606	0.9	0	0	0	0	0	0.9	0
9606.ENSP00000320147	9606.ENSP00000358862	EZH2	PCGF6	9606	0.9	0	0	0	0	0	0.9	0
9606.ENSP00000320147	9606.ENSP00000354724	EZH2	PCGF3	9606	0.9	0	0	0	0	0	0.9	0
9606.ENSP00000320147	9606.ENSP00000420294	EZH2	PHC3	9606	0.9	0	0	0	0	0	0.9	0
9606.ENSP00000320147	9606.ENSP00000384490	EZH2	CBX6	9606	0.9	0	0	0	0	0	0.9	0
9606.ENSP00000320147	9606.ENSP00000417132	EZH2	BAP1	9606	0.9	0	0	0	0	0	0.9	0
9606.ENSP00000320147	9606.ENSP00000269385	EZH2	CBX8	9606	0.9	0	0	0	0	0	0.9	0
9606.ENSP00000320147	9606.ENSP00000337500	EZH2	PCGF5	9606	0.9	0	0	0	0	0	0.9	0
9606.ENSP00000320147	9606.ENSP00000308750	EZH2	CBX2	9606	0.9	0	0	0	0	0	0.9	0
9606.ENSP00000320147	9606.ENSP00000257118	EZH2	PHC2	9606	0.9	0	0	0	0	0	0.9	0
9606.ENSP00000320147	9606.ENSP00000482063	EZH2	PCGF2	9606	0.9	0	0	0	0	0	0.9	0
9606.ENSP00000320147	9606.ENSP00000367022	EZH2	H2AC6	9606	0.896	0	0	0	0	0.801	0.5	0
9606.ENSP00000320147	9606.ENSP00000476136	EZH2	H2BC11	9606	0.896	0	0	0	0	0.801	0.5	0
9606.ENSP00000320147	9606.ENSP00000349430	EZH2	H2BC12	9606	0.896	0	0	0	0	0.801	0.5	0
9606.ENSP00000320147	9606.ENSP00000365380	EZH2	FOXP3	9606	0.884	0	0	0	0	0	0	0.884
9606.ENSP00000320147	9606.ENSP00000478887	EZH2	MYC	9606	0.884	0	0	0	0	0.457	0	0.796
9606.ENSP00000320147	9606.ENSP00000384517	EZH2	ARNTL	9606	0.881	0	0	0	0	0	0	0.881
9606.ENSP00000320147	9606.ENSP00000258149	EZH2	MDM2	9606	0.869	0	0	0	0	0.457	0	0.768
9606.ENSP00000320147	9606.ENSP00000384273	EZH2	RELA	9606	0.857	0	0	0	0	0.292	0	0.807
9606.ENSP00000320147	9606.ENSP00000357012	EZH2	CD244	9606	0.848	0	0	0	0	0	0	0.848
9606.ENSP00000320147	9606.ENSP00000281043	EZH2	MYCN	9606	0.843	0	0	0	0	0.457	0	0.723
9606.ENSP00000320147	9606.ENSP00000341208	EZH2	STAT5A	9606	0.834	0	0	0	0	0	0	0.834
9606.ENSP00000320147	9606.ENSP00000293328	EZH2	STAT5B	9606	0.833	0	0	0	0	0	0	0.833
9606.ENSP00000320147	9606.ENSP00000380718	EZH2	CDYL	9606	0.833	0	0	0	0	0.292	0	0.775
9606.ENSP00000320147	9606.ENSP00000258484	EZH2	EPC2	9606	0.814	0	0	0	0	0	0	0.814
9606.ENSP00000320147	9606.ENSP00000370936	EZH2	E2F6	9606	0.811	0	0	0	0	0.457	0.5	0.362
9606.ENSP00000320147	9606.ENSP00000367034	EZH2	H4C3	9606	0.802	0	0	0	0	0.802	0	0
9606.ENSP00000320147	9606.ENSP00000366974	EZH2	H4C2	9606	0.802	0	0	0	0	0.802	0	0
9606.ENSP00000320147	9606.ENSP00000479461	EZH2	H4C4	9606	0.802	0	0	0	0	0.802	0	0
9606.ENSP00000320147	9606.ENSP00000480960	EZH2	H4C13	9606	0.802	0	0	0	0	0.802	0	0
9606.ENSP00000320147	9606.ENSP00000462667	EZH2	H4C14	9606	0.802	0	0	0	0	0.802	0	0
9606.ENSP00000320147	9606.ENSP00000479794	EZH2	H4C12	9606	0.802	0	0	0	0	0.802	0	0
9606.ENSP00000320147	9606.ENSP00000481486	EZH2	H4C9	9606	0.802	0	0	0	0	0.802	0	0
9606.ENSP00000320147	9606.ENSP00000347168	EZH2	H4C11	9606	0.802	0	0	0	0	0.802	0	0
9606.ENSP00000320147	9606.ENSP00000484789	EZH2	H4C5	9606	0.802	0	0	0	0	0.802	0	0
9606.ENSP00000320147	9606.ENSP00000462355	EZH2	H4C15	9606	0.802	0	0	0	0	0.802	0	0
9606.ENSP00000320147	9606.ENSP00000489236	EZH2	H4C8	9606	0.802	0	0	0	0	0.802	0	0
9606.ENSP00000320147	9606.ENSP00000443017	EZH2	H4-16	9606	0.802	0	0	0	0	0.802	0	0
9606.ENSP00000320147	9606.ENSP00000479106	EZH2	H4C1	9606	0.802	0	0	0	0	0.802	0	0
9606.ENSP00000320147	9606.ENSP00000482538	EZH2	H2AC16	9606	0.801	0	0	0	0	0.801	0	0
9606.ENSP00000320147	9606.ENSP00000355001	EZH2	POU3F3	9606	0.801	0	0	0	0	0	0	0.801
9606.ENSP00000320147	9606.ENSP00000352119	EZH2	H2AC11	9606	0.801	0	0	0	0	0.801	0	0
9606.ENSP00000320147	9606.ENSP00000483842	EZH2	H2AC4	9606	0.801	0	0	0	0	0.801	0	0
9606.ENSP00000320147	9606.ENSP00000482431	EZH2	H2AC15	9606	0.801	0	0	0	0	0.801	0	0
9606.ENSP00000320147	9606.ENSP00000352627	EZH2	H2AC17	9606	0.801	0	0	0	0	0.801	0	0
9606.ENSP00000320147	9606.ENSP00000405330	EZH2	ESR1	9606	0.796	0	0	0	0	0.302	0	0.72
9606.ENSP00000320147	9606.ENSP00000484710	EZH2	EPOP	9606	0.787	0	0	0	0	0.671	0.36	0.073
9606.ENSP00000320147	9606.ENSP00000362300	EZH2	AGO1	9606	0.778	0	0	0	0	0	0	0.778
9606.ENSP00000320147	9606.ENSP00000263062	EZH2	EPC1	9606	0.777	0	0	0	0	0.292	0.5	0.421
9606.ENSP00000320147	9606.ENSP00000212015	EZH2	SIRT1	9606	0.774	0	0	0	0	0.457	0.36	0.401
9606.ENSP00000320147	9606.ENSP00000254066	EZH2	RARA	9606	0.769	0	0	0	0	0.292	0.5	0.402
9606.ENSP00000320147	9606.ENSP00000494538	EZH2	CTCF	9606	0.767	0	0	0	0	0.226	0.5	0.448
9606.ENSP00000320147	9606.ENSP00000465261	EZH2	TMC6	9606	0.762	0	0	0	0	0	0	0.762
9606.ENSP00000320147	9606.ENSP00000418960	EZH2	BRCA1	9606	0.761	0	0	0	0	0.457	0	0.578
9606.ENSP00000320147	9606.ENSP00000338157	EZH2	ZBTB16	9606	0.757	0	0	0	0	0.457	0	0.572
9606.ENSP00000320147	9606.ENSP00000244745	EZH2	SOX4	9606	0.751	0	0	0	0	0	0	0.751
9606.ENSP00000320147	9606.ENSP00000254810	EZH2	H3-3B	9606	0.741	0	0	0	0	0.422	0.5	0.176
9606.ENSP00000320147	9606.ENSP00000362441	EZH2	ATRX	9606	0.733	0	0	0	0	0.457	0	0.529
9606.ENSP00000320147	9606.ENSP00000358151	EZH2	H2BC21	9606	0.713	0	0	0	0	0.189	0.5	0.349
9606.ENSP00000320147	9606.ENSP00000267163	EZH2	RB1	9606	0.712	0	0	0	0	0.292	0.36	0.416
9606.ENSP00000320147	9606.ENSP00000263253	EZH2	EP300	9606	0.712	0	0	0	0	0.457	0	0.492
9606.ENSP00000320147	9606.ENSP00000303424	EZH2	PTGDR	9606	0.708	0	0	0	0	0	0	0.708
9606.ENSP00000320147	9606.ENSP00000221452	EZH2	RELB	9606	0.704	0	0	0	0	0.292	0	0.6
9606.ENSP00000322716	9606.ENSP00000367022	GLYR1	H2AC6	9606	0.735	0	0	0	0	0.735	0	0
9606.ENSP00000322716	9606.ENSP00000476136	GLYR1	H2BC11	9606	0.735	0	0	0	0	0.735	0	0
9606.ENSP00000322716	9606.ENSP00000477527	GLYR1	H2BC17	9606	0.735	0	0	0	0	0.735	0	0
9606.ENSP00000322845	9606.ENSP00000479904	ZMYM3	ZMYM2	9606	0.844	0	0	0	0	0.611	0	0.617
9606.ENSP00000322845	9606.ENSP00000421926	ZMYM3	UIMC1	9606	0.75	0	0	0	0	0.292	0	0.662
9606.ENSP00000323527	9606.ENSP00000011619	MKLN1	RANBP9	9606	0.959	0	0	0	0	0.619	0	0.899
9606.ENSP00000323527	9606.ENSP00000266069	MKLN1	GID8	9606	0.877	0	0	0	0	0.617	0	0.694
9606.ENSP00000323527	9606.ENSP00000316589	MKLN1	RANBP10	9606	0.863	0	0	0	0	0.664	0	0.611
9606.ENSP00000323527	9606.ENSP00000498603	MKLN1	WDR26	9606	0.78	0	0	0	0	0.527	0	0.554
9606.ENSP00000323527	9606.ENSP00000268719	MKLN1	GID4	9606	0.718	0	0	0	0	0.571	0	0.371
9606.ENSP00000323588	9606.ENSP00000259915	SOX2	POU5F1	9606	0.999	0	0	0	0	0.95	0.8	0.982
9606.ENSP00000323588	9606.ENSP00000229307	SOX2	NANOG	9606	0.993	0	0	0	0	0.292	0.8	0.956
9606.ENSP00000323588	9606.ENSP00000363804	SOX2	KLF4	9606	0.962	0	0	0	0	0	0.8	0.822
9606.ENSP00000323588	9606.ENSP00000495360	SOX2	CTNNB1	9606	0.948	0	0	0	0	0.457	0.5	0.825
9606.ENSP00000323588	9606.ENSP00000334373	SOX2	KPNA4	9606	0.926	0	0	0	0	0.926	0	0
9606.ENSP00000323588	9606.ENSP00000217086	SOX2	SALL4	9606	0.926	0	0	0	0	0	0.8	0.648
9606.ENSP00000323588	9606.ENSP00000378699	SOX2	CDK1	9606	0.924	0	0	0	0	0.457	0	0.867
9606.ENSP00000323588	9606.ENSP00000356840	SOX2	POU2F1	9606	0.918	0	0	0	0	0.915	0	0.077
9606.ENSP00000323588	9606.ENSP00000343701	SOX2	KPNA1	9606	0.9	0	0	0	0	0.9	0	0
9606.ENSP00000323588	9606.ENSP00000362649	SOX2	HDAC1	9606	0.897	0	0	0	0	0.457	0	0.819
9606.ENSP00000323588	9606.ENSP00000395535	SOX2	MECP2	9606	0.858	0	0	0	0	0.292	0.7	0.386
9606.ENSP00000323588	9606.ENSP00000264731	SOX2	TP63	9606	0.85	0	0	0	0	0.166	0	0.828
9606.ENSP00000323588	9606.ENSP00000332973	SOX2	SMAD3	9606	0.835	0	0	0	0	0	0.8	0.21
9606.ENSP00000323588	9606.ENSP00000484803	SOX2	FOXP1	9606	0.826	0	0	0	0	0.166	0.8	0
9606.ENSP00000323588	9606.ENSP00000492024	SOX2	PAX6	9606	0.813	0	0	0	0	0.292	0	0.747
9606.ENSP00000323588	9606.ENSP00000483283	SOX2	H3C11	9606	0.8	0	0	0	0	0.8	0	0
9606.ENSP00000323588	9606.ENSP00000244537	SOX2	H4C6	9606	0.8	0	0	0	0	0.8	0	0
9606.ENSP00000323588	9606.ENSP00000462667	SOX2	H4C14	9606	0.8	0	0	0	0	0.8	0	0
9606.ENSP00000323588	9606.ENSP00000479794	SOX2	H4C12	9606	0.8	0	0	0	0	0.8	0	0
9606.ENSP00000323588	9606.ENSP00000367034	SOX2	H4C3	9606	0.8	0	0	0	0	0.8	0	0
9606.ENSP00000323588	9606.ENSP00000366974	SOX2	H4C2	9606	0.8	0	0	0	0	0.8	0	0
9606.ENSP00000323588	9606.ENSP00000479461	SOX2	H4C4	9606	0.8	0	0	0	0	0.8	0	0
9606.ENSP00000323588	9606.ENSP00000385479	SOX2	H3C15	9606	0.8	0	0	0	0	0.8	0	0
9606.ENSP00000323588	9606.ENSP00000484789	SOX2	H4C5	9606	0.8	0	0	0	0	0.8	0	0
9606.ENSP00000323588	9606.ENSP00000276594	SOX2	PRDM14	9606	0.8	0	0	0	0	0	0.8	0
9606.ENSP00000323588	9606.ENSP00000358154	SOX2	H3C14	9606	0.8	0	0	0	0	0.8	0	0
9606.ENSP00000323588	9606.ENSP00000479106	SOX2	H4C1	9606	0.8	0	0	0	0	0.8	0	0
9606.ENSP00000323588	9606.ENSP00000458879	SOX2	ZSCAN10	9606	0.8	0	0	0	0	0	0.8	0
9606.ENSP00000323588	9606.ENSP00000333277	SOX2	H3C13	9606	0.8	0	0	0	0	0.8	0	0
9606.ENSP00000323588	9606.ENSP00000303373	SOX2	H2AC8	9606	0.8	0	0	0	0	0.8	0	0
9606.ENSP00000323588	9606.ENSP00000349430	SOX2	H2BC12	9606	0.8	0	0	0	0	0.8	0	0
9606.ENSP00000323588	9606.ENSP00000481486	SOX2	H4C9	9606	0.8	0	0	0	0	0.8	0	0
9606.ENSP00000323588	9606.ENSP00000358160	SOX2	H3C10	9606	0.8	0	0	0	0	0.8	0	0
9606.ENSP00000323588	9606.ENSP00000484095	SOX2	H3C7	9606	0.8	0	0	0	0	0.8	0	0
9606.ENSP00000323588	9606.ENSP00000484638	SOX2	H3C8	9606	0.8	0	0	0	0	0.8	0	0
9606.ENSP00000323588	9606.ENSP00000483842	SOX2	H2AC4	9606	0.8	0	0	0	0	0.8	0	0
9606.ENSP00000323588	9606.ENSP00000484841	SOX2	H3C2	9606	0.8	0	0	0	0	0.8	0	0
9606.ENSP00000323588	9606.ENSP00000476136	SOX2	H2BC11	9606	0.8	0	0	0	0	0.8	0	0
9606.ENSP00000323588	9606.ENSP00000366534	SOX2	FOXH1	9606	0.8	0	0	0	0	0	0.8	0
9606.ENSP00000323588	9606.ENSP00000484658	SOX2	H3C3	9606	0.8	0	0	0	0	0.8	0	0
9606.ENSP00000323588	9606.ENSP00000480826	SOX2	H3C1	9606	0.8	0	0	0	0	0.8	0	0
9606.ENSP00000323588	9606.ENSP00000366999	SOX2	H3C4	9606	0.8	0	0	0	0	0.8	0	0
9606.ENSP00000323588	9606.ENSP00000480960	SOX2	H4C13	9606	0.8	0	0	0	0	0.8	0	0
9606.ENSP00000323588	9606.ENSP00000462355	SOX2	H4C15	9606	0.8	0	0	0	0	0.8	0	0
9606.ENSP00000323588	9606.ENSP00000489236	SOX2	H4C8	9606	0.8	0	0	0	0	0.8	0	0
9606.ENSP00000323588	9606.ENSP00000443017	SOX2	H4-16	9606	0.8	0	0	0	0	0.8	0	0
9606.ENSP00000323588	9606.ENSP00000489282	SOX2	H3C6	9606	0.8	0	0	0	0	0.8	0	0
9606.ENSP00000323588	9606.ENSP00000352252	SOX2	H3C12	9606	0.8	0	0	0	0	0.8	0	0
9606.ENSP00000323588	9606.ENSP00000405890	SOX2	PBX1	9606	0.8	0	0	0	0	0	0.8	0
9606.ENSP00000323588	9606.ENSP00000347168	SOX2	H4C11	9606	0.8	0	0	0	0	0.8	0	0
9606.ENSP00000323588	9606.ENSP00000252137	SOX2	ESS2	9606	0.799	0	0	0	0	0	0	0.799
9606.ENSP00000323588	9606.ENSP00000444029	SOX2	NUP153	9606	0.794	0	0	0	0	0	0	0.794
9606.ENSP00000323588	9606.ENSP00000364037	SOX2	TEX10	9606	0.792	0	0	0	0	0.292	0	0.719
9606.ENSP00000323588	9606.ENSP00000330218	SOX2	SOX1	9606	0.71	0	0	0	0	0.457	0	0.488
9606.ENSP00000328269	9606.ENSP00000398824	HMG20B	PHF21A	9606	0.998	0	0	0	0	0.671	0.8	0.982
9606.ENSP00000328269	9606.ENSP00000262241	HMG20B	RCOR1	9606	0.998	0	0	0	0	0.652	0.8	0.979
9606.ENSP00000328269	9606.ENSP00000383042	HMG20B	KDM1A	9606	0.995	0	0	0	0	0.649	0.8	0.946
9606.ENSP00000328269	9606.ENSP00000362649	HMG20B	HDAC1	9606	0.994	0	0	0	0	0.504	0.5	0.98
9606.ENSP00000328269	9606.ENSP00000430432	HMG20B	HDAC2	9606	0.987	0	0	0	0	0.586	0.5	0.945
9606.ENSP00000328269	9606.ENSP00000360526	HMG20B	ZNF217	9606	0.94	0	0	0	0	0	0	0.94
9606.ENSP00000328269	9606.ENSP00000253458	HMG20B	GSE1	9606	0.899	0	0	0	0	0.669	0	0.71
9606.ENSP00000328269	9606.ENSP00000369497	HMG20B	BRCA2	9606	0.849	0	0	0	0	0.457	0	0.734
9606.ENSP00000328269	9606.ENSP00000371133	HMG20B	HMG20A	9606	0.791	0	0	0	0	0.666	0	0.401
9606.ENSP00000328269	9606.ENSP00000301459	HMG20B	RCOR2	9606	0.774	0	0	0	0	0.666	0	0.353
9606.ENSP00000328269	9606.ENSP00000413929	HMG20B	RCOR3	9606	0.7	0	0	0	0	0.625	0	0.235
9606.ENSP00000332194	9606.ENSP00000333277	H2AC20	H3C13	9606	0.999	0	0	0	0	0.916	0.4	0.982
9606.ENSP00000332194	9606.ENSP00000358151	H2AC20	H2BC21	9606	0.999	0	0	0	0	0.94	0.4	0.982
9606.ENSP00000332194	9606.ENSP00000244537	H2AC20	H4C6	9606	0.999	0	0	0	0	0.945	0.4	0.98
9606.ENSP00000332194	9606.ENSP00000352252	H2AC20	H3C12	9606	0.998	0	0	0	0	0.907	0.4	0.982
9606.ENSP00000332194	9606.ENSP00000355657	H2AC20	H3-4	9606	0.992	0	0	0	0	0.191	0.5	0.982
9606.ENSP00000332194	9606.ENSP00000254810	H2AC20	H3-3B	9606	0.989	0	0	0	0	0.071	0.4	0.982
9606.ENSP00000332194	9606.ENSP00000499501	H2AC20	H3-2	9606	0.985	0	0	0	0	0.184	0	0.982
9606.ENSP00000332194	9606.ENSP00000339835	H2AC20	H3-5	9606	0.983	0	0	0	0	0.071	0	0.982
9606.ENSP00000332194	9606.ENSP00000477870	H2AC20	H4C7	9606	0.981	0	0	0	0	0.077	0	0.98
9606.ENSP00000332194	9606.ENSP00000274764	H2AC20	H2BC1	9606	0.98	0	0	0	0	0.944	0.4	0.451
9606.ENSP00000332194	9606.ENSP00000349430	H2AC20	H2BC12	9606	0.973	0	0	0	0	0.906	0.4	0.572
9606.ENSP00000332194	9606.ENSP00000371475	H2AC20	TP53BP1	9606	0.97	0	0	0	0	0.046	0	0.97
9606.ENSP00000332194	9606.ENSP00000344504	H2AC20	H1-0	9606	0.969	0	0	0	0	0.043	0	0.969
9606.ENSP00000332194	9606.ENSP00000321744	H2AC20	H2BC4	9606	0.965	0	0	0	0	0.903	0.4	0.455
9606.ENSP00000332194	9606.ENSP00000482674	H2AC20	H2BC3	9606	0.965	0	0	0	0	0.903	0.4	0.459
9606.ENSP00000332194	9606.ENSP00000497402	H2AC20	RCC1	9606	0.95	0	0	0	0	0.359	0	0.925
9606.ENSP00000332194	9606.ENSP00000480826	H2AC20	H3C1	9606	0.947	0	0	0	0	0.944	0	0.076
9606.ENSP00000332194	9606.ENSP00000336868	H2AC20	CENPA	9606	0.947	0	0	0	0	0.323	0.5	0.858
9606.ENSP00000332194	9606.ENSP00000489282	H2AC20	H3C6	9606	0.946	0	0	0	0	0.903	0	0.474
9606.ENSP00000332194	9606.ENSP00000484658	H2AC20	H3C3	9606	0.946	0	0	0	0	0.903	0	0.473
9606.ENSP00000332194	9606.ENSP00000358155	H2AC20	H2AC18	9606	0.937	0	0	0	0	0.9	0.4	0
9606.ENSP00000332194	9606.ENSP00000484841	H2AC20	H3C2	9606	0.931	0	0	0	0	0.928	0	0.076
9606.ENSP00000332194	9606.ENSP00000462667	H2AC20	H4C14	9606	0.931	0	0	0	0	0.928	0	0.081
9606.ENSP00000332194	9606.ENSP00000358154	H2AC20	H3C14	9606	0.929	0	0	0	0	0.925	0	0.076
9606.ENSP00000332194	9606.ENSP00000481486	H2AC20	H4C9	9606	0.919	0	0	0	0	0.915	0	0.081
9606.ENSP00000332194	9606.ENSP00000244573	H2AC20	H1-1	9606	0.913	0	0	0	0	0.165	0	0.9
9606.ENSP00000332194	9606.ENSP00000359339	H2AC20	CGAS	9606	0.912	0	0	0	0	0.9	0	0.16
9606.ENSP00000332194	9606.ENSP00000385479	H2AC20	H3C15	9606	0.908	0	0	0	0	0.904	0	0.076
9606.ENSP00000332194	9606.ENSP00000347168	H2AC20	H4C11	9606	0.907	0	0	0	0	0.903	0	0.081
9606.ENSP00000332194	9606.ENSP00000462355	H2AC20	H4C15	9606	0.907	0	0	0	0	0.903	0	0.081
9606.ENSP00000332194	9606.ENSP00000484789	H2AC20	H4C5	9606	0.907	0	0	0	0	0.903	0	0.081
9606.ENSP00000332194	9606.ENSP00000489236	H2AC20	H4C8	9606	0.907	0	0	0	0	0.903	0	0.081
9606.ENSP00000332194	9606.ENSP00000479106	H2AC20	H4C1	9606	0.907	0	0	0	0	0.903	0	0.081
9606.ENSP00000332194	9606.ENSP00000443017	H2AC20	H4-16	9606	0.907	0	0	0	0	0.903	0	0.081
9606.ENSP00000332194	9606.ENSP00000479461	H2AC20	H4C4	9606	0.907	0	0	0	0	0.903	0	0.081
9606.ENSP00000332194	9606.ENSP00000366974	H2AC20	H4C2	9606	0.907	0	0	0	0	0.903	0	0.081
9606.ENSP00000332194	9606.ENSP00000367034	H2AC20	H4C3	9606	0.907	0	0	0	0	0.903	0	0.081
9606.ENSP00000332194	9606.ENSP00000480960	H2AC20	H4C13	9606	0.907	0	0	0	0	0.903	0	0.081
9606.ENSP00000332194	9606.ENSP00000479794	H2AC20	H4C12	9606	0.907	0	0	0	0	0.903	0	0.081
9606.ENSP00000332194	9606.ENSP00000484095	H2AC20	H3C7	9606	0.906	0	0	0	0	0.903	0	0.076
9606.ENSP00000332194	9606.ENSP00000358160	H2AC20	H3C10	9606	0.906	0	0	0	0	0.903	0	0.076
9606.ENSP00000332194	9606.ENSP00000445633	H2AC20	H2BC8	9606	0.906	0	0	0	0	0.903	0	0.074
9606.ENSP00000332194	9606.ENSP00000484638	H2AC20	H3C8	9606	0.906	0	0	0	0	0.903	0	0.076
9606.ENSP00000332194	9606.ENSP00000489317	H2AC20	H2BC6	9606	0.906	0	0	0	0	0.903	0	0.074
9606.ENSP00000332194	9606.ENSP00000348924	H2AC20	H2BC7	9606	0.906	0	0	0	0	0.903	0	0.074
9606.ENSP00000332194	9606.ENSP00000366962	H2AC20	H2BC10	9606	0.906	0	0	0	0	0.903	0	0.074
9606.ENSP00000332194	9606.ENSP00000366999	H2AC20	H3C4	9606	0.906	0	0	0	0	0.903	0	0.076
9606.ENSP00000332194	9606.ENSP00000483283	H2AC20	H3C11	9606	0.906	0	0	0	0	0.903	0	0.076
9606.ENSP00000332194	9606.ENSP00000421926	H2AC20	UIMC1	9606	0.905	0	0	0	0	0.457	0.5	0.681
9606.ENSP00000332194	9606.ENSP00000251900	H2AC20	SCML2	9606	0.9	0	0	0	0	0.9	0	0
9606.ENSP00000332194	9606.ENSP00000475814	H2AC20	H2AC19	9606	0.9	0	0	0	0	0.9	0	0
9606.ENSP00000332194	9606.ENSP00000216297	H2AC20	SUPT16H	9606	0.882	0	0	0	0	0.319	0	0.834
9606.ENSP00000332194	9606.ENSP00000438553	H2AC20	H2AJ	9606	0.874	0	0	0	0	0.8	0.4	0
9606.ENSP00000332194	9606.ENSP00000367022	H2AC20	H2AC6	9606	0.874	0	0	0	0	0.8	0.4	0
9606.ENSP00000332194	9606.ENSP00000328484	H2AC20	H2AC14	9606	0.874	0	0	0	0	0.8	0.4	0
9606.ENSP00000332194	9606.ENSP00000330074	H2AC20	H1-5	9606	0.861	0	0	0	0	0.043	0	0.861
9606.ENSP00000332194	9606.ENSP00000352119	H2AC20	H2AC11	9606	0.828	0	0	0	0	0.8	0	0.176
9606.ENSP00000332194	9606.ENSP00000320898	H2AC20	RNF168	9606	0.824	0	0	0	0	0.457	0	0.69
9606.ENSP00000332194	9606.ENSP00000351589	H2AC20	H2AC13	9606	0.823	0	0	0	0	0.8	0	0.153
9606.ENSP00000332194	9606.ENSP00000341280	H2AC20	JARID2	9606	0.82	0	0	0	0	0.185	0.5	0.595
9606.ENSP00000332194	9606.ENSP00000356480	H2AC20	RNF2	9606	0.808	0	0	0	0	0.457	0.5	0.353
9606.ENSP00000332194	9606.ENSP00000352627	H2AC20	H2AC17	9606	0.8	0	0	0	0	0.8	0	0
9606.ENSP00000332194	9606.ENSP00000366679	H2AC20	H2AC12	9606	0.8	0	0	0	0	0.8	0	0
9606.ENSP00000332194	9606.ENSP00000418960	H2AC20	BRCA1	9606	0.8	0	0	0	0	0.457	0.5	0.325
9606.ENSP00000332194	9606.ENSP00000482538	H2AC20	H2AC16	9606	0.8	0	0	0	0	0.8	0	0
9606.ENSP00000332194	9606.ENSP00000332790	H2AC20	H2AC21	9606	0.8	0	0	0	0	0.8	0	0
9606.ENSP00000332194	9606.ENSP00000381840	H2AC20	AEBP2	9606	0.8	0	0	0	0	0.185	0.5	0.549
9606.ENSP00000332194	9606.ENSP00000482431	H2AC20	H2AC15	9606	0.8	0	0	0	0	0.8	0	0
9606.ENSP00000332194	9606.ENSP00000278412	H2AC20	SSRP1	9606	0.771	0	0	0	0	0.521	0	0.542
9606.ENSP00000332194	9606.ENSP00000263753	H2AC20	SGO1	9606	0.77	0	0	0	0	0	0	0.77
9606.ENSP00000332194	9606.ENSP00000477527	H2AC20	H2BC17	9606	0.75	0	0	0	0	0.293	0.4	0.458
9606.ENSP00000332194	9606.ENSP00000479169	H2AC20	H2BC9	9606	0.743	0	0	0	0	0.271	0.4	0.46
9606.ENSP00000332194	9606.ENSP00000225983	H2AC20	HDAC5	9606	0.741	0	0	0	0	0.292	0.65	0
9606.ENSP00000332194	9606.ENSP00000430432	H2AC20	HDAC2	9606	0.741	0	0	0	0	0.292	0.65	0
9606.ENSP00000332194	9606.ENSP00000261497	H2AC20	USP22	9606	0.729	0	0	0	0	0.294	0.5	0.295
9606.ENSP00000332194	9606.ENSP00000311360	H2AC20	RAD9A	9606	0.728	0	0	0	0	0	0	0.728
9606.ENSP00000332194	9606.ENSP00000418734	H2AC20	MYSM1	9606	0.727	0	0	0	0	0.477	0.5	0
9606.ENSP00000332194	9606.ENSP00000260947	H2AC20	BARD1	9606	0.726	0	0	0	0	0.457	0.5	0.072
9606.ENSP00000332194	9606.ENSP00000362592	H2AC20	RBBP4	9606	0.722	0	0	0	0	0.338	0.5	0.229
9606.ENSP00000332194	9606.ENSP00000479284	H2AC20	H2BU1	9606	0.72	0	0	0	0	0.21	0.4	0.458
9606.ENSP00000332194	9606.ENSP00000289316	H2AC20	H2BC5	9606	0.72	0	0	0	0	0.215	0.4	0.453
9606.ENSP00000332194	9606.ENSP00000263253	H2AC20	EP300	9606	0.716	0	0	0	0	0.457	0.5	0
9606.ENSP00000332194	9606.ENSP00000225916	H2AC20	KAT2A	9606	0.716	0	0	0	0	0.457	0.5	0
9606.ENSP00000332194	9606.ENSP00000334808	H2AC20	USP16	9606	0.716	0	0	0	0	0.457	0.5	0
9606.ENSP00000332194	9606.ENSP00000365851	H2AC20	BMI1	9606	0.716	0	0	0	0	0.457	0.5	0
9606.ENSP00000332194	9606.ENSP00000476136	H2AC20	H2BC11	9606	0.707	0	0	0	0	0.101	0.4	0.501
9606.ENSP00000332194	9606.ENSP00000295900	H2AC20	ATXN7	9606	0.701	0	0	0	0	0	0.5	0.428
9606.ENSP00000333277	9606.ENSP00000332194	H3C13	H2AC20	9606	0.999	0	0	0	0	0.916	0.4	0.982
9606.ENSP00000333277	9606.ENSP00000351446	H3C13	WDR5	9606	0.999	0	0	0	0	0.904	0.7	0.981
9606.ENSP00000333277	9606.ENSP00000244537	H3C13	H4C6	9606	0.999	0	0	0	0	0.965	0.8	0.967
9606.ENSP00000333277	9606.ENSP00000209875	H3C13	CBX5	9606	0.999	0	0	0	0	0.948	0.5	0.977
9606.ENSP00000333277	9606.ENSP00000358155	H3C13	H2AC18	9606	0.998	0	0	0	0	0.907	0.4	0.982
9606.ENSP00000333277	9606.ENSP00000336687	H3C13	CBX3	9606	0.998	0	0	0	0	0.911	0.5	0.961
9606.ENSP00000333277	9606.ENSP00000358151	H3C13	H2BC21	9606	0.998	0	0	0	0	0.846	0.4	0.982
9606.ENSP00000333277	9606.ENSP00000270172	H3C13	DNMT3L	9606	0.997	0	0	0	0	0.8	0.5	0.978
9606.ENSP00000333277	9606.ENSP00000264709	H3C13	DNMT3A	9606	0.996	0	0	0	0	0.9	0.5	0.932
9606.ENSP00000333277	9606.ENSP00000377060	H3C13	CBX1	9606	0.994	0	0	0	0	0.921	0.5	0.879
9606.ENSP00000333277	9606.ENSP00000477870	H3C13	H4C7	9606	0.994	0	0	0	0	0.198	0.8	0.967
9606.ENSP00000333277	9606.ENSP00000307208	H3C13	BPTF	9606	0.993	0	0	0	0	0.926	0	0.919
9606.ENSP00000333277	9606.ENSP00000479617	H3C13	UHRF1	9606	0.991	0	0	0	0	0.946	0.5	0.713
9606.ENSP00000333277	9606.ENSP00000361473	H3C13	KDM4A	9606	0.987	0	0	0	0	0.9	0	0.881
9606.ENSP00000333277	9606.ENSP00000352516	H3C13	DNMT1	9606	0.987	0	0	0	0	0.9	0.5	0.778
9606.ENSP00000333277	9606.ENSP00000308750	H3C13	CBX2	9606	0.987	0	0	0	0	0.92	0.5	0.702
9606.ENSP00000333277	9606.ENSP00000229595	H3C13	ASF1A	9606	0.987	0	0	0	0	0.964	0	0.647
9606.ENSP00000333277	9606.ENSP00000328547	H3C13	DNMT3B	9606	0.986	0	0	0	0	0.9	0.5	0.75
9606.ENSP00000333277	9606.ENSP00000386593	H3C13	PBRM1	9606	0.985	0	0	0	0	0.912	0	0.838
9606.ENSP00000333277	9606.ENSP00000307183	H3C13	ING2	9606	0.983	0	0	0	0	0.903	0	0.831
9606.ENSP00000333277	9606.ENSP00000440542	H3C13	CHD4	9606	0.982	0	0	0	0	0.926	0	0.765
9606.ENSP00000333277	9606.ENSP00000379078	H3C13	EHMT2	9606	0.981	0	0	0	0	0.928	0	0.757
9606.ENSP00000333277	9606.ENSP00000369695	H3C13	MLLT3	9606	0.98	0	0	0	0	0.9	0	0.81
9606.ENSP00000333277	9606.ENSP00000263377	H3C13	BRD4	9606	0.979	0	0	0	0	0.294	0	0.971
9606.ENSP00000333277	9606.ENSP00000362441	H3C13	ATRX	9606	0.977	0	0	0	0	0.901	0	0.784
9606.ENSP00000333277	9606.ENSP00000303373	H3C13	H2AC8	9606	0.974	0	0	0	0	0.944	0.4	0.3
9606.ENSP00000333277	9606.ENSP00000265713	H3C13	KAT6A	9606	0.974	0	0	0	0	0.903	0	0.742
9606.ENSP00000333277	9606.ENSP00000363640	H3C13	PHF1	9606	0.973	0	0	0	0	0.9	0.5	0.52
9606.ENSP00000333277	9606.ENSP00000291582	H3C13	AIRE	9606	0.973	0	0	0	0	0.901	0	0.742
9606.ENSP00000333277	9606.ENSP00000371475	H3C13	TP53BP1	9606	0.971	0	0	0	0	0.8	0	0.862
9606.ENSP00000333277	9606.ENSP00000266000	H3C13	DAXX	9606	0.97	0	0	0	0	0.943	0.5	0
9606.ENSP00000333277	9606.ENSP00000349430	H3C13	H2BC12	9606	0.969	0	0	0	0	0.862	0.4	0.662
9606.ENSP00000333277	9606.ENSP00000357442	H3C13	PYGO2	9606	0.969	0	0	0	0	0.903	0	0.702
9606.ENSP00000333277	9606.ENSP00000478672	H3C13	RAG2	9606	0.968	0	0	0	0	0.156	0	0.964
9606.ENSP00000333277	9606.ENSP00000255120	H3C13	NASP	9606	0.967	0	0	0	0	0.967	0	0
9606.ENSP00000333277	9606.ENSP00000364929	H3C13	ING1	9606	0.967	0	0	0	0	0.9	0	0.684
9606.ENSP00000333277	9606.ENSP00000340507	H3C13	TRIM24	9606	0.967	0	0	0	0	0.9	0	0.691
9606.ENSP00000333277	9606.ENSP00000355388	H3C13	MPHOSPH8	9606	0.964	0	0	0	0	0.909	0	0.625
9606.ENSP00000333277	9606.ENSP00000350676	H3C13	PHF8	9606	0.963	0	0	0	0	0.903	0.5	0.297
9606.ENSP00000333277	9606.ENSP00000319104	H3C13	SUPT6H	9606	0.963	0	0	0	0	0.828	0	0.797
9606.ENSP00000333277	9606.ENSP00000351250	H3C13	TRIM33	9606	0.962	0	0	0	0	0.9	0	0.638
9606.ENSP00000333277	9606.ENSP00000384490	H3C13	CBX6	9606	0.961	0	0	0	0	0.92	0.5	0.104
9606.ENSP00000333277	9606.ENSP00000252674	H3C13	MLLT1	9606	0.96	0	0	0	0	0.9	0	0.621
9606.ENSP00000333277	9606.ENSP00000320147	H3C13	EZH2	9606	0.959	0	0	0	0	0.907	0.5	0.187
9606.ENSP00000333277	9606.ENSP00000365019	H3C13	SPIN1	9606	0.959	0	0	0	0	0.926	0	0.473
9606.ENSP00000333277	9606.ENSP00000265056	H3C13	MCM2	9606	0.958	0	0	0	0	0.958	0	0.045
9606.ENSP00000333277	9606.ENSP00000483667	H3C13	CHD1	9606	0.957	0	0	0	0	0.903	0	0.574
9606.ENSP00000333277	9606.ENSP00000264515	H3C13	RBBP5	9606	0.955	0	0	0	0	0.915	0.5	0
9606.ENSP00000333277	9606.ENSP00000477527	H3C13	H2BC17	9606	0.954	0	0	0	0	0.87	0.4	0.46
9606.ENSP00000333277	9606.ENSP00000302327	H3C13	PYGO1	9606	0.953	0	0	0	0	0.9	0	0.557
9606.ENSP00000333277	9606.ENSP00000263754	H3C13	KAT2B	9606	0.952	0	0	0	0	0.911	0	0.482
9606.ENSP00000333277	9606.ENSP00000366679	H3C13	H2AC12	9606	0.951	0	0	0	0	0.918	0.4	0.076
9606.ENSP00000333277	9606.ENSP00000372351	H3C13	NSD2	9606	0.951	0	0	0	0	0.901	0	0.527
9606.ENSP00000333277	9606.ENSP00000321744	H3C13	H2BC4	9606	0.949	0	0	0	0	0.857	0.4	0.459
9606.ENSP00000333277	9606.ENSP00000332790	H3C13	H2AC21	9606	0.949	0	0	0	0	0.916	0.4	0.076
9606.ENSP00000333277	9606.ENSP00000328484	H3C13	H2AC14	9606	0.949	0	0	0	0	0.914	0.4	0.076
9606.ENSP00000333277	9606.ENSP00000482674	H3C13	H2BC3	9606	0.949	0	0	0	0	0.857	0.4	0.46
9606.ENSP00000333277	9606.ENSP00000436786	H3C13	KMT2A	9606	0.948	0	0	0	0	0.901	0.5	0
9606.ENSP00000333277	9606.ENSP00000287239	H3C13	KAT6B	9606	0.947	0	0	0	0	0.903	0	0.477
9606.ENSP00000333277	9606.ENSP00000479169	H3C13	H2BC9	9606	0.947	0	0	0	0	0.85	0.4	0.461
9606.ENSP00000333277	9606.ENSP00000263382	H3C13	ASF1B	9606	0.946	0	0	0	0	0.915	0	0.395
9606.ENSP00000333277	9606.ENSP00000352252	H3C13	H3C12	9606	0.946	0	0	0	0	0.914	0.4	0
9606.ENSP00000333277	9606.ENSP00000351589	H3C13	H2AC13	9606	0.944	0	0	0	0	0.907	0.4	0.076
9606.ENSP00000333277	9606.ENSP00000367022	H3C13	H2AC6	9606	0.942	0	0	0	0	0.904	0.4	0.076
9606.ENSP00000333277	9606.ENSP00000289316	H3C13	H2BC5	9606	0.94	0	0	0	0	0.831	0.4	0.459
9606.ENSP00000333277	9606.ENSP00000477907	H3C13	H2BC14	9606	0.94	0	0	0	0	0.831	0.4	0.46
9606.ENSP00000333277	9606.ENSP00000266070	H3C13	DIDO1	9606	0.935	0	0	0	0	0.914	0	0.275
9606.ENSP00000333277	9606.ENSP00000370114	H3C13	PSIP1	9606	0.933	0	0	0	0	0.9	0	0.361
9606.ENSP00000333277	9606.ENSP00000476136	H3C13	H2BC11	9606	0.933	0	0	0	0	0.811	0.4	0.46
9606.ENSP00000333277	9606.ENSP00000479284	H3C13	H2BU1	9606	0.932	0	0	0	0	0.807	0.4	0.46
9606.ENSP00000333277	9606.ENSP00000445831	H3C13	H2BC18	9606	0.932	0	0	0	0	0.807	0.4	0.46
9606.ENSP00000333277	9606.ENSP00000483903	H3C13	H2BC15	9606	0.932	0	0	0	0	0.807	0.4	0.46
9606.ENSP00000333277	9606.ENSP00000381657	H3C13	DOT1L	9606	0.932	0	0	0	0	0.932	0	0
9606.ENSP00000333277	9606.ENSP00000441543	H3C13	UBC	9606	0.931	0	0	0	0	0.914	0	0.233
9606.ENSP00000333277	9606.ENSP00000216133	H3C13	CBX7	9606	0.931	0	0	0	0	0.92	0	0.177
9606.ENSP00000333277	9606.ENSP00000483283	H3C13	H3C11	9606	0.929	0	0	0	0	0.914	0	0.204
9606.ENSP00000333277	9606.ENSP00000480826	H3C13	H3C1	9606	0.929	0	0	0	0	0.914	0	0.204
9606.ENSP00000333277	9606.ENSP00000483842	H3C13	H2AC4	9606	0.929	0	0	0	0	0.903	0	0.302
9606.ENSP00000333277	9606.ENSP00000358160	H3C13	H3C10	9606	0.928	0	0	0	0	0.914	0	0.203
9606.ENSP00000333277	9606.ENSP00000484095	H3C13	H3C7	9606	0.928	0	0	0	0	0.914	0	0.203
9606.ENSP00000333277	9606.ENSP00000484638	H3C13	H3C8	9606	0.928	0	0	0	0	0.914	0	0.203
9606.ENSP00000333277	9606.ENSP00000489282	H3C13	H3C6	9606	0.928	0	0	0	0	0.914	0	0.2
9606.ENSP00000333277	9606.ENSP00000469158	H3C13	SPHK2	9606	0.928	0	0	0	0	0	0	0.928
9606.ENSP00000333277	9606.ENSP00000484658	H3C13	H3C3	9606	0.928	0	0	0	0	0.914	0	0.198
9606.ENSP00000333277	9606.ENSP00000366999	H3C13	H3C4	9606	0.928	0	0	0	0	0.914	0	0.203
9606.ENSP00000333277	9606.ENSP00000484841	H3C13	H3C2	9606	0.928	0	0	0	0	0.914	0	0.202
9606.ENSP00000333277	9606.ENSP00000313983	H3C13	NSD3	9606	0.927	0	0	0	0	0.901	0	0.297
9606.ENSP00000333277	9606.ENSP00000271640	H3C13	SETDB1	9606	0.927	0	0	0	0	0.926	0	0
9606.ENSP00000333277	9606.ENSP00000380024	H3C13	ING4	9606	0.926	0	0	0	0	0.9	0	0.292
9606.ENSP00000333277	9606.ENSP00000283131	H3C13	SMARCA5	9606	0.925	0	0	0	0	0.914	0	0.162
9606.ENSP00000333277	9606.ENSP00000369424	H3C13	RBBP7	9606	0.925	0	0	0	0	0.398	0.7	0.619
9606.ENSP00000333277	9606.ENSP00000386759	H3C13	SETD2	9606	0.922	0	0	0	0	0.922	0	0
9606.ENSP00000333277	9606.ENSP00000388107	H3C13	UBA52	9606	0.921	0	0	0	0	0.921	0	0
9606.ENSP00000333277	9606.ENSP00000272317	H3C13	RPS27A	9606	0.921	0	0	0	0	0.921	0	0
9606.ENSP00000333277	9606.ENSP00000461879	H3C13	POLR2A	9606	0.918	0	0	0	0	0.843	0.5	0
9606.ENSP00000333277	9606.ENSP00000385725	H3C13	POLR2F	9606	0.918	0	0	0	0	0.831	0.5	0.116
9606.ENSP00000333277	9606.ENSP00000264108	H3C13	HAT1	9606	0.917	0	0	0	0	0.168	0.9	0.085
9606.ENSP00000333277	9606.ENSP00000346453	H3C13	IPO4	9606	0.916	0	0	0	0	0.913	0	0.074
9606.ENSP00000333277	9606.ENSP00000221859	H3C13	POLR2I	9606	0.914	0	0	0	0	0.836	0.5	0
9606.ENSP00000333277	9606.ENSP00000370625	H3C13	POLR2B	9606	0.914	0	0	0	0	0.836	0.5	0
9606.ENSP00000333277	9606.ENSP00000254810	H3C13	H3-3B	9606	0.914	0	0	0	0	0.862	0.4	0
9606.ENSP00000333277	9606.ENSP00000478771	H3C13	UBB	9606	0.914	0	0	0	0	0.914	0	0
9606.ENSP00000333277	9606.ENSP00000342889	H3C13	POLR2K	9606	0.914	0	0	0	0	0.836	0.5	0
9606.ENSP00000333277	9606.ENSP00000324124	H3C13	POLR2L	9606	0.914	0	0	0	0	0.836	0.5	0
9606.ENSP00000333277	9606.ENSP00000219252	H3C13	POLR2C	9606	0.913	0	0	0	0	0.834	0.5	0
9606.ENSP00000333277	9606.ENSP00000415536	H3C13	POLR2H	9606	0.913	0	0	0	0	0.834	0.5	0
9606.ENSP00000333277	9606.ENSP00000478303	H3C13	POLR2E	9606	0.913	0	0	0	0	0.834	0.5	0
9606.ENSP00000333277	9606.ENSP00000301788	H3C13	POLR2G	9606	0.913	0	0	0	0	0.834	0.5	0
9606.ENSP00000333277	9606.ENSP00000272645	H3C13	POLR2D	9606	0.913	0	0	0	0	0.834	0.5	0
9606.ENSP00000333277	9606.ENSP00000316578	H3C13	SUZ12	9606	0.913	0	0	0	0	0.833	0.5	0
9606.ENSP00000333277	9606.ENSP00000481486	H3C13	H4C9	9606	0.911	0	0	0	0	0.904	0	0.114
9606.ENSP00000333277	9606.ENSP00000484789	H3C13	H4C5	9606	0.911	0	0	0	0	0.904	0	0.114
9606.ENSP00000333277	9606.ENSP00000479106	H3C13	H4C1	9606	0.911	0	0	0	0	0.904	0	0.114
9606.ENSP00000333277	9606.ENSP00000479461	H3C13	H4C4	9606	0.911	0	0	0	0	0.904	0	0.114
9606.ENSP00000333277	9606.ENSP00000366974	H3C13	H4C2	9606	0.911	0	0	0	0	0.904	0	0.114
9606.ENSP00000333277	9606.ENSP00000367034	H3C13	H4C3	9606	0.911	0	0	0	0	0.904	0	0.114
9606.ENSP00000333277	9606.ENSP00000482538	H3C13	H2AC16	9606	0.911	0	0	0	0	0.907	0	0.076
9606.ENSP00000333277	9606.ENSP00000462667	H3C13	H4C14	9606	0.911	0	0	0	0	0.904	0	0.114
9606.ENSP00000333277	9606.ENSP00000479794	H3C13	H4C12	9606	0.911	0	0	0	0	0.904	0	0.114
9606.ENSP00000333277	9606.ENSP00000482431	H3C13	H2AC15	9606	0.911	0	0	0	0	0.907	0	0.076
9606.ENSP00000333277	9606.ENSP00000475814	H3C13	H2AC19	9606	0.911	0	0	0	0	0.907	0	0.076
9606.ENSP00000333277	9606.ENSP00000476295	H3C13	CDYL2	9606	0.911	0	0	0	0	0.904	0	0.12
9606.ENSP00000333277	9606.ENSP00000347168	H3C13	H4C11	9606	0.911	0	0	0	0	0.904	0	0.114
9606.ENSP00000333277	9606.ENSP00000352627	H3C13	H2AC17	9606	0.911	0	0	0	0	0.907	0	0.076
9606.ENSP00000333277	9606.ENSP00000462355	H3C13	H4C15	9606	0.911	0	0	0	0	0.904	0	0.114
9606.ENSP00000333277	9606.ENSP00000489236	H3C13	H4C8	9606	0.911	0	0	0	0	0.904	0	0.114
9606.ENSP00000333277	9606.ENSP00000443017	H3C13	H4-16	9606	0.911	0	0	0	0	0.904	0	0.114
9606.ENSP00000333277	9606.ENSP00000480960	H3C13	H4C13	9606	0.911	0	0	0	0	0.904	0	0.114
9606.ENSP00000333277	9606.ENSP00000352119	H3C13	H2AC11	9606	0.911	0	0	0	0	0.907	0	0.076
9606.ENSP00000333277	9606.ENSP00000340271	H3C13	TAF3	9606	0.91	0	0	0	0	0.8	0	0.568
9606.ENSP00000333277	9606.ENSP00000340896	H3C13	ASH2L	9606	0.909	0	0	0	0	0.826	0.5	0
9606.ENSP00000333277	9606.ENSP00000325690	H3C13	CARM1	9606	0.909	0	0	0	0	0.909	0	0
9606.ENSP00000333277	9606.ENSP00000373340	H3C13	BRPF1	9606	0.908	0	0	0	0	0.9	0	0.119
9606.ENSP00000333277	9606.ENSP00000423563	H3C13	MACROH2A1	9606	0.908	0	0	0	0	0.902	0	0.098
9606.ENSP00000333277	9606.ENSP00000292614	H3C13	POLR2J	9606	0.906	0	0	0	0	0.82	0.5	0
9606.ENSP00000333277	9606.ENSP00000433760	H3C13	BANF1	9606	0.906	0	0	0	0	0	0	0.906
9606.ENSP00000333277	9606.ENSP00000262189	H3C13	KMT2C	9606	0.905	0	0	0	0	0.818	0.5	0
9606.ENSP00000333277	9606.ENSP00000438553	H3C13	H2AJ	9606	0.904	0	0	0	0	0.809	0.5	0.076
9606.ENSP00000333277	9606.ENSP00000358262	H3C13	CHD1L	9606	0.904	0	0	0	0	0.904	0	0
9606.ENSP00000333277	9606.ENSP00000417980	H3C13	EHMT1	9606	0.903	0	0	0	0	0.903	0	0
9606.ENSP00000333277	9606.ENSP00000384629	H3C13	KMT5A	9606	0.901	0	0	0	0	0.901	0	0
9606.ENSP00000333277	9606.ENSP00000262367	H3C13	CREBBP	9606	0.9	0	0	0	0	0.9	0	0
9606.ENSP00000333277	9606.ENSP00000372191	H3C13	SIRT3	9606	0.9	0	0	0	0	0.9	0	0
9606.ENSP00000333277	9606.ENSP00000337991	H3C13	SPTY2D1	9606	0.9	0	0	0	0	0.9	0	0
9606.ENSP00000333277	9606.ENSP00000358154	H3C13	H3C14	9606	0.9	0	0	0	0	0.9	0	0
9606.ENSP00000333277	9606.ENSP00000483345	H3C13	HDGFL2	9606	0.9	0	0	0	0	0.9	0	0
9606.ENSP00000333277	9606.ENSP00000312379	H3C13	KMT2E	9606	0.9	0	0	0	0	0.9	0	0
9606.ENSP00000333277	9606.ENSP00000385479	H3C13	H3C15	9606	0.9	0	0	0	0	0.9	0	0
9606.ENSP00000333277	9606.ENSP00000336712	H3C13	TNPO1	9606	0.9	0	0	0	0	0.9	0	0
9606.ENSP00000333277	9606.ENSP00000499501	H3C13	H3-2	9606	0.9	0	0	0	0	0.9	0	0
9606.ENSP00000333277	9606.ENSP00000495413	H3C13	TRIM66	9606	0.9	0	0	0	0	0.9	0	0
9606.ENSP00000333277	9606.ENSP00000383333	H3C13	MORC3	9606	0.9	0	0	0	0	0.9	0	0
9606.ENSP00000333277	9606.ENSP00000361918	H3C13	PPIE	9606	0.9	0	0	0	0	0.9	0	0
9606.ENSP00000333277	9606.ENSP00000476228	H3C13	SIRT5	9606	0.9	0	0	0	0	0.9	0	0
9606.ENSP00000333277	9606.ENSP00000343023	H3C13	SP100	9606	0.9	0	0	0	0	0.9	0	0
9606.ENSP00000333277	9606.ENSP00000359837	H3C13	ZZZ3	9606	0.9	0	0	0	0	0.9	0	0
9606.ENSP00000333277	9606.ENSP00000373278	H3C13	ZCWPW2	9606	0.9	0	0	0	0	0.9	0	0
9606.ENSP00000333277	9606.ENSP00000316114	H3C13	SGF29	9606	0.9	0	0	0	0	0.9	0	0
9606.ENSP00000333277	9606.ENSP00000296417	H3C13	H2AZ1	9606	0.893	0	0	0	0	0.829	0.4	0
9606.ENSP00000333277	9606.ENSP00000402280	H3C13	CDY2A	9606	0.875	0	0	0	0	0.808	0	0.379
9606.ENSP00000333277	9606.ENSP00000441273	H3C13	CDY2B	9606	0.875	0	0	0	0	0.808	0	0.379
9606.ENSP00000333277	9606.ENSP00000320566	H3C13	ING3	9606	0.871	0	0	0	0	0.079	0	0.865
9606.ENSP00000333277	9606.ENSP00000362592	H3C13	RBBP4	9606	0.858	0	0	0	0	0.218	0.5	0.667
9606.ENSP00000333277	9606.ENSP00000469686	H3C13	EGLN2	9606	0.856	0	0	0	0	0	0	0.856
9606.ENSP00000333277	9606.ENSP00000355657	H3C13	H3-4	9606	0.851	0	0	0	0	0.85	0	0
9606.ENSP00000333277	9606.ENSP00000230354	H3C13	TBP	9606	0.849	0	0	0	0	0.811	0	0.233
9606.ENSP00000333277	9606.ENSP00000344504	H3C13	H1-0	9606	0.842	0	0	0	0	0.842	0	0
9606.ENSP00000333277	9606.ENSP00000355780	H3C13	H3-3A	9606	0.842	0	0	0	0	0.842	0	0
9606.ENSP00000333277	9606.ENSP00000339835	H3C13	H3-5	9606	0.842	0	0	0	0	0.842	0	0
9606.ENSP00000333277	9606.ENSP00000341280	H3C13	JARID2	9606	0.838	0	0	0	0	0.218	0.5	0.619
9606.ENSP00000333277	9606.ENSP00000470252	H3C13	SUPT5H	9606	0.834	0	0	0	0	0.834	0	0
9606.ENSP00000333277	9606.ENSP00000225504	H3C13	SUPT4H1	9606	0.831	0	0	0	0	0.831	0	0
9606.ENSP00000333277	9606.ENSP00000299601	H3C13	LEO1	9606	0.829	0	0	0	0	0.829	0	0
9606.ENSP00000333277	9606.ENSP00000362649	H3C13	HDAC1	9606	0.827	0	0	0	0	0	0.5	0.67
9606.ENSP00000333277	9606.ENSP00000345837	H3C13	DPY30	9606	0.827	0	0	0	0	0.827	0	0
9606.ENSP00000333277	9606.ENSP00000307705	H3C13	H1-4	9606	0.825	0	0	0	0	0.825	0	0
9606.ENSP00000333277	9606.ENSP00000355013	H3C13	CTR9	9606	0.825	0	0	0	0	0.82	0	0.07
9606.ENSP00000333277	9606.ENSP00000374280	H3C13	RTF1	9606	0.825	0	0	0	0	0.825	0	0
9606.ENSP00000333277	9606.ENSP00000302968	H3C13	CDY1	9606	0.823	0	0	0	0	0.808	0	0.12
9606.ENSP00000333277	9606.ENSP00000303178	H3C13	CDY1B	9606	0.823	0	0	0	0	0.808	0	0.12
9606.ENSP00000333277	9606.ENSP00000221265	H3C13	PAF1	9606	0.82	0	0	0	0	0.82	0	0
9606.ENSP00000333277	9606.ENSP00000379372	H3C13	GTF2A2	9606	0.818	0	0	0	0	0.818	0	0
9606.ENSP00000333277	9606.ENSP00000285398	H3C13	ERCC3	9606	0.817	0	0	0	0	0.817	0	0
9606.ENSP00000333277	9606.ENSP00000356405	H3C13	CDC73	9606	0.815	0	0	0	0	0.815	0	0
9606.ENSP00000333277	9606.ENSP00000445633	H3C13	H2BC8	9606	0.807	0	0	0	0	0.807	0	0
9606.ENSP00000333277	9606.ENSP00000348924	H3C13	H2BC7	9606	0.807	0	0	0	0	0.807	0	0
9606.ENSP00000333277	9606.ENSP00000377969	H3C13	GTF2F1	9606	0.807	0	0	0	0	0.807	0	0
9606.ENSP00000333277	9606.ENSP00000489317	H3C13	H2BC6	9606	0.807	0	0	0	0	0.807	0	0
9606.ENSP00000333277	9606.ENSP00000366962	H3C13	H2BC10	9606	0.807	0	0	0	0	0.807	0	0
9606.ENSP00000333277	9606.ENSP00000340823	H3C13	GTF2F2	9606	0.805	0	0	0	0	0.805	0	0
9606.ENSP00000333277	9606.ENSP00000428426	H3C13	TCEA1	9606	0.805	0	0	0	0	0.805	0	0
9606.ENSP00000333277	9606.ENSP00000265963	H3C13	GTF2H1	9606	0.805	0	0	0	0	0.805	0	0
9606.ENSP00000333277	9606.ENSP00000445162	H3C13	GTF2H3	9606	0.805	0	0	0	0	0.805	0	0
9606.ENSP00000333277	9606.ENSP00000283875	H3C13	GTF2E1	9606	0.805	0	0	0	0	0.805	0	0
9606.ENSP00000333277	9606.ENSP00000259895	H3C13	GTF2H4	9606	0.805	0	0	0	0	0.805	0	0
9606.ENSP00000333277	9606.ENSP00000359531	H3C13	GTF2B	9606	0.805	0	0	0	0	0.805	0	0
9606.ENSP00000333277	9606.ENSP00000263390	H3C13	MED26	9606	0.805	0	0	0	0	0.805	0	0
9606.ENSP00000333277	9606.ENSP00000261245	H3C13	MNAT1	9606	0.805	0	0	0	0	0.805	0	0
9606.ENSP00000333277	9606.ENSP00000375809	H3C13	ERCC2	9606	0.805	0	0	0	0	0.805	0	0
9606.ENSP00000333277	9606.ENSP00000348168	H3C13	GTF2E2	9606	0.804	0	0	0	0	0.804	0	0
9606.ENSP00000333277	9606.ENSP00000274400	H3C13	GTF2H2	9606	0.801	0	0	0	0	0.801	0	0
9606.ENSP00000333277	9606.ENSP00000358854	H3C13	TAF5	9606	0.8	0	0	0	0	0.8	0	0
9606.ENSP00000333277	9606.ENSP00000323588	H3C13	SOX2	9606	0.8	0	0	0	0	0.8	0	0
9606.ENSP00000333277	9606.ENSP00000406549	H3C13	TAF1	9606	0.8	0	0	0	0	0.8	0	0
9606.ENSP00000333277	9606.ENSP00000286317	H3C13	MED7	9606	0.8	0	0	0	0	0.8	0	0
9606.ENSP00000333277	9606.ENSP00000498791	H3C13	MED19	9606	0.8	0	0	0	0	0.8	0	0
9606.ENSP00000333277	9606.ENSP00000357047	H3C13	MED23	9606	0.8	0	0	0	0	0.8	0	0
9606.ENSP00000333277	9606.ENSP00000282892	H3C13	MED21	9606	0.8	0	0	0	0	0.8	0	0
9606.ENSP00000333277	9606.ENSP00000453801	H3C13	WDR61	9606	0.8	0	0	0	0	0.8	0	0
9606.ENSP00000333277	9606.ENSP00000263974	H3C13	TAF12	9606	0.8	0	0	0	0	0.8	0	0
9606.ENSP00000333277	9606.ENSP00000367406	H3C13	TAF2	9606	0.8	0	0	0	0	0.8	0	0
9606.ENSP00000333277	9606.ENSP00000255764	H3C13	MED10	9606	0.8	0	0	0	0	0.8	0	0
9606.ENSP00000333277	9606.ENSP00000326767	H3C13	MED25	9606	0.8	0	0	0	0	0.8	0	0
9606.ENSP00000333277	9606.ENSP00000325612	H3C13	MED16	9606	0.8	0	0	0	0	0.8	0	0
9606.ENSP00000333277	9606.ENSP00000234739	H3C13	BCL9	9606	0.8	0	0	0	0	0.8	0	0
9606.ENSP00000333277	9606.ENSP00000252996	H3C13	TAF4	9606	0.8	0	0	0	0	0.8	0	0
9606.ENSP00000333277	9606.ENSP00000498750	H3C13	CCNH	9606	0.8	0	0	0	0	0.8	0	0
9606.ENSP00000333277	9606.ENSP00000362948	H3C13	MED18	9606	0.8	0	0	0	0	0.8	0	0
9606.ENSP00000333277	9606.ENSP00000482438	H3C13	MED22	9606	0.8	0	0	0	0	0.8	0	0
9606.ENSP00000333277	9606.ENSP00000312709	H3C13	TAF7	9606	0.8	0	0	0	0	0.8	0	0
9606.ENSP00000333277	9606.ENSP00000370193	H3C13	TAF9	9606	0.8	0	0	0	0	0.8	0	0
9606.ENSP00000333277	9606.ENSP00000322568	H3C13	SOX11	9606	0.8	0	0	0	0	0.8	0	0
9606.ENSP00000333277	9606.ENSP00000251871	H3C13	MED17	9606	0.8	0	0	0	0	0.8	0	0
9606.ENSP00000333277	9606.ENSP00000323720	H3C13	MED14	9606	0.8	0	0	0	0	0.8	0	0
9606.ENSP00000333277	9606.ENSP00000237380	H3C13	MED28	9606	0.8	0	0	0	0	0.8	0	0
9606.ENSP00000333277	9606.ENSP00000440100	H3C13	MED24	9606	0.8	0	0	0	0	0.8	0	0
9606.ENSP00000333277	9606.ENSP00000294244	H3C13	SPINDOC	9606	0.8	0	0	0	0	0.8	0	0
9606.ENSP00000333277	9606.ENSP00000265350	H3C13	MED20	9606	0.8	0	0	0	0	0.8	0	0
9606.ENSP00000333277	9606.ENSP00000299424	H3C13	TAF10	9606	0.8	0	0	0	0	0.8	0	0
9606.ENSP00000333277	9606.ENSP00000216639	H3C13	VRK1	9606	0.8	0	0	0	0	0.8	0	0
9606.ENSP00000333277	9606.ENSP00000354633	H3C13	TAF11	9606	0.8	0	0	0	0	0.8	0	0
9606.ENSP00000333277	9606.ENSP00000263205	H3C13	MED15	9606	0.8	0	0	0	0	0.8	0	0
9606.ENSP00000333277	9606.ENSP00000292035	H3C13	MED27	9606	0.8	0	0	0	0	0.8	0	0
9606.ENSP00000333277	9606.ENSP00000399982	H3C13	TAF6	9606	0.8	0	0	0	0	0.8	0	0
9606.ENSP00000333277	9606.ENSP00000256443	H3C13	CDK7	9606	0.8	0	0	0	0	0.8	0	0
9606.ENSP00000333277	9606.ENSP00000293777	H3C13	MED11	9606	0.8	0	0	0	0	0.8	0	0
9606.ENSP00000333277	9606.ENSP00000258648	H3C13	MED4	9606	0.8	0	0	0	0	0.8	0	0
9606.ENSP00000333277	9606.ENSP00000297347	H3C13	MED30	9606	0.8	0	0	0	0	0.8	0	0
9606.ENSP00000333277	9606.ENSP00000476100	H3C13	GTF2H5	9606	0.8	0	0	0	0	0.8	0	0
9606.ENSP00000333277	9606.ENSP00000481733	H3C13	MED29	9606	0.8	0	0	0	0	0.8	0	0
9606.ENSP00000333277	9606.ENSP00000452454	H3C13	GTF2A1	9606	0.8	0	0	0	0	0.8	0	0
9606.ENSP00000333277	9606.ENSP00000362068	H3C13	TAF8	9606	0.8	0	0	0	0	0.8	0	0
9606.ENSP00000333277	9606.ENSP00000300651	H3C13	MED1	9606	0.8	0	0	0	0	0.8	0	0
9606.ENSP00000333277	9606.ENSP00000268711	H3C13	MED9	9606	0.8	0	0	0	0	0.8	0	0
9606.ENSP00000333277	9606.ENSP00000355051	H3C13	TAF13	9606	0.8	0	0	0	0	0.8	0	0
9606.ENSP00000333277	9606.ENSP00000359339	H3C13	CGAS	9606	0.8	0	0	0	0	0.8	0	0
9606.ENSP00000333277	9606.ENSP00000225728	H3C13	MED31	9606	0.8	0	0	0	0	0.8	0	0
9606.ENSP00000333277	9606.ENSP00000216714	H3C13	APEX1	9606	0.8	0	0	0	0	0.8	0	0
9606.ENSP00000333277	9606.ENSP00000290663	H3C13	MED8	9606	0.8	0	0	0	0	0.8	0	0
9606.ENSP00000333277	9606.ENSP00000481920	H3C13	MED6	9606	0.8	0	0	0	0	0.8	0	0
9606.ENSP00000333277	9606.ENSP00000260947	H3C13	BARD1	9606	0.8	0	0	0	0	0.8	0	0
9606.ENSP00000333277	9606.ENSP00000481622	H3C13	H2BS1	9606	0.798	0	0	0	0	0.427	0.4	0.461
9606.ENSP00000333277	9606.ENSP00000364597	H3C13	PADI4	9606	0.797	0	0	0	0	0.292	0	0.726
9606.ENSP00000333277	9606.ENSP00000258962	H3C13	SRSF1	9606	0.794	0	0	0	0	0	0	0.794
9606.ENSP00000333277	9606.ENSP00000439128	H3C13	BANF2	9606	0.766	0	0	0	0	0	0	0.766
9606.ENSP00000333277	9606.ENSP00000311360	H3C13	RAD9A	9606	0.762	0	0	0	0	0	0	0.762
9606.ENSP00000333277	9606.ENSP00000340330	H3C13	KAT5	9606	0.735	0	0	0	0	0.077	0	0.725
9606.ENSP00000333277	9606.ENSP00000225275	H3C13	MPO	9606	0.731	0	0	0	0	0	0	0.731
9606.ENSP00000333277	9606.ENSP00000366618	H3C13	H2BC13	9606	0.716	0	0	0	0	0.194	0.4	0.46
9606.ENSP00000333277	9606.ENSP00000250448	H3C13	FOXA1	9606	0.71	0	0	0	0	0	0.5	0.444
9606.ENSP00000333277	9606.ENSP00000359095	H3C13	PRMT6	9606	0.703	0	0	0	0	0.292	0.5	0.231
9606.ENSP00000333277	9606.ENSP00000339883	H3C13	LBR	9606	0.702	0	0	0	0	0	0	0.702
9606.ENSP00000333277	9606.ENSP00000269385	H3C13	CBX8	9606	0.702	0	0	0	0	0.24	0.5	0.278
9606.ENSP00000333277	9606.ENSP00000337976	H3C13	SUV39H1	9606	0.701	0	0	0	0	0.397	0.5	0.089
9606.ENSP00000333277	9606.ENSP00000330753	H3C13	BRWD1	9606	0.7	0	0	0	0	0	0.7	0
9606.ENSP00000333633	9606.ENSP00000362592	MTA1	RBBP4	9606	0.999	0	0	0	0	0.968	0.72	0.984
9606.ENSP00000333633	9606.ENSP00000362649	MTA1	HDAC1	9606	0.999	0	0	0	0	0.96	0.72	0.983
9606.ENSP00000333633	9606.ENSP00000384899	MTA1	GATAD2A	9606	0.998	0	0	0	0	0.7	0.72	0.981
9606.ENSP00000333633	9606.ENSP00000440542	MTA1	CHD4	9606	0.998	0	0	0	0	0.612	0.72	0.984
9606.ENSP00000333633	9606.ENSP00000430432	MTA1	HDAC2	9606	0.998	0	0	0	0	0.619	0.72	0.983
9606.ENSP00000333633	9606.ENSP00000369716	MTA1	CHD3	9606	0.998	0	0	0	0	0.614	0.72	0.983
9606.ENSP00000333633	9606.ENSP00000369424	MTA1	RBBP7	9606	0.998	0	0	0	0	0.641	0.72	0.984
9606.ENSP00000333633	9606.ENSP00000278823	MTA1	MTA2	9606	0.996	0	0	0	0	0.688	0.72	0.958
9606.ENSP00000333633	9606.ENSP00000385823	MTA1	MTA3	9606	0.989	0	0	0	0	0.682	0.72	0.893
9606.ENSP00000333633	9606.ENSP00000256429	MTA1	MBD2	9606	0.987	0	0	0	0	0.968	0.54	0.181
9606.ENSP00000333633	9606.ENSP00000357644	MTA1	GATAD2B	9606	0.986	0	0	0	0	0.687	0.54	0.911
9606.ENSP00000333633	9606.ENSP00000412302	MTA1	MBD3	9606	0.945	0	0	0	0	0.701	0.72	0.399
9606.ENSP00000333633	9606.ENSP00000262450	MTA1	CHD5	9606	0.913	0	0	0	0	0.612	0.72	0.268
9606.ENSP00000333633	9606.ENSP00000261692	MTA1	CDK2AP1	9606	0.827	0	0	0	0	0.6	0	0.585
9606.ENSP00000333633	9606.ENSP00000383042	MTA1	KDM1A	9606	0.795	0	0	0	0	0.457	0.5	0.306
9606.ENSP00000333633	9606.ENSP00000405330	MTA1	ESR1	9606	0.776	0	0	0	0	0.457	0	0.606
9606.ENSP00000333633	9606.ENSP00000217244	MTA1	CSNK2A1	9606	0.762	0	0	0	0	0.186	0.72	0
9606.ENSP00000333633	9606.ENSP00000484803	MTA1	FOXP1	9606	0.71	0	0	0	0	0.292	0	0.608
9606.ENSP00000334373	9606.ENSP00000261667	KPNA4	KPNA3	9606	0.966	0	0	0	0	0.615	0.9	0.208
9606.ENSP00000334373	9606.ENSP00000384273	KPNA4	RELA	9606	0.943	0	0	0	0	0.943	0	0
9606.ENSP00000334373	9606.ENSP00000323588	KPNA4	SOX2	9606	0.926	0	0	0	0	0.926	0	0
9606.ENSP00000334373	9606.ENSP00000343701	KPNA4	KPNA1	9606	0.904	0	0	0	0	0	0.9	0.084
9606.ENSP00000334373	9606.ENSP00000341483	KPNA4	RANBP3	9606	0.9	0	0	0	0	0.9	0	0
9606.ENSP00000334373	9606.ENSP00000383042	KPNA4	KDM1A	9606	0.9	0	0	0	0	0.9	0	0
9606.ENSP00000334373	9606.ENSP00000226574	KPNA4	NFKB1	9606	0.9	0	0	0	0	0.9	0	0
9606.ENSP00000334373	9606.ENSP00000371475	KPNA4	TP53BP1	9606	0.9	0	0	0	0	0.9	0	0
9606.ENSP00000334373	9606.ENSP00000497402	KPNA4	RCC1	9606	0.893	0	0	0	0	0.778	0	0.54
9606.ENSP00000334373	9606.ENSP00000290158	KPNA4	KPNB1	9606	0.872	0	0	0	0	0.675	0.54	0.217
9606.ENSP00000334373	9606.ENSP00000446215	KPNA4	RAN	9606	0.795	0	0	0	0	0.541	0.54	0.111
9606.ENSP00000334373	9606.ENSP00000438483	KPNA4	KPNA2	9606	0.77	0	0	0	0	0.393	0.54	0.245
9606.ENSP00000336687	9606.ENSP00000352252	CBX3	H3C12	9606	0.998	0	0	0	0	0.949	0.5	0.961
9606.ENSP00000336687	9606.ENSP00000333277	CBX3	H3C13	9606	0.998	0	0	0	0	0.911	0.5	0.961
9606.ENSP00000336687	9606.ENSP00000254810	CBX3	H3-3B	9606	0.998	0	0	0	0	0.94	0.5	0.961
9606.ENSP00000336687	9606.ENSP00000355657	CBX3	H3-4	9606	0.998	0	0	0	0	0.964	0	0.961
9606.ENSP00000336687	9606.ENSP00000379078	CBX3	EHMT2	9606	0.997	0	0	0	0	0.96	0.5	0.881
9606.ENSP00000336687	9606.ENSP00000339835	CBX3	H3-5	9606	0.996	0	0	0	0	0.911	0	0.961
9606.ENSP00000336687	9606.ENSP00000499501	CBX3	H3-2	9606	0.996	0	0	0	0	0.911	0	0.961
9606.ENSP00000336687	9606.ENSP00000370936	CBX3	E2F6	9606	0.99	0	0	0	0	0.589	0.8	0.892
9606.ENSP00000336687	9606.ENSP00000358862	CBX3	PCGF6	9606	0.986	0	0	0	0	0.586	0.8	0.855
9606.ENSP00000336687	9606.ENSP00000337976	CBX3	SUV39H1	9606	0.981	0	0	0	0	0.409	0.54	0.935
9606.ENSP00000336687	9606.ENSP00000307705	CBX3	H1-4	9606	0.973	0	0	0	0	0.96	0	0.363
9606.ENSP00000336687	9606.ENSP00000216237	CBX3	L3MBTL2	9606	0.972	0	0	0	0	0.479	0.8	0.756
9606.ENSP00000336687	9606.ENSP00000480826	CBX3	H3C1	9606	0.967	0	0	0	0	0.964	0	0.116
9606.ENSP00000336687	9606.ENSP00000363787	CBX3	RING1	9606	0.955	0	0	0	0	0.457	0.5	0.85
9606.ENSP00000336687	9606.ENSP00000383042	CBX3	KDM1A	9606	0.952	0	0	0	0	0.044	0	0.952
9606.ENSP00000336687	9606.ENSP00000402107	CBX3	L3MBTL1	9606	0.927	0	0	0	0	0.292	0.54	0.795
9606.ENSP00000336687	9606.ENSP00000438949	CBX3	CACNB4	9606	0.926	0	0	0	0	0.926	0	0
9606.ENSP00000336687	9606.ENSP00000489282	CBX3	H3C6	9606	0.918	0	0	0	0	0.911	0	0.116
9606.ENSP00000336687	9606.ENSP00000484638	CBX3	H3C8	9606	0.918	0	0	0	0	0.911	0	0.116
9606.ENSP00000336687	9606.ENSP00000358160	CBX3	H3C10	9606	0.918	0	0	0	0	0.911	0	0.116
9606.ENSP00000336687	9606.ENSP00000484095	CBX3	H3C7	9606	0.918	0	0	0	0	0.911	0	0.116
9606.ENSP00000336687	9606.ENSP00000358154	CBX3	H3C14	9606	0.918	0	0	0	0	0.911	0	0.116
9606.ENSP00000336687	9606.ENSP00000484658	CBX3	H3C3	9606	0.918	0	0	0	0	0.911	0	0.116
9606.ENSP00000336687	9606.ENSP00000385479	CBX3	H3C15	9606	0.918	0	0	0	0	0.911	0	0.116
9606.ENSP00000336687	9606.ENSP00000355780	CBX3	H3-3A	9606	0.918	0	0	0	0	0.911	0	0.116
9606.ENSP00000336687	9606.ENSP00000366999	CBX3	H3C4	9606	0.918	0	0	0	0	0.911	0	0.116
9606.ENSP00000336687	9606.ENSP00000484841	CBX3	H3C2	9606	0.918	0	0	0	0	0.911	0	0.116
9606.ENSP00000336687	9606.ENSP00000483283	CBX3	H3C11	9606	0.918	0	0	0	0	0.911	0	0.116
9606.ENSP00000336687	9606.ENSP00000356480	CBX3	RNF2	9606	0.892	0	0	0	0	0.457	0.5	0.635
9606.ENSP00000336687	9606.ENSP00000209875	CBX3	CBX5	9606	0.891	0	0	0	0	0.476	0	0.802
9606.ENSP00000336687	9606.ENSP00000267415	CBX3	TINF2	9606	0.878	0	0	0	0	0	0	0.878
9606.ENSP00000336687	9606.ENSP00000339883	CBX3	LBR	9606	0.855	0	0	0	0	0.292	0	0.804
9606.ENSP00000336687	9606.ENSP00000262241	CBX3	RCOR1	9606	0.847	0	0	0	0	0	0	0.847
9606.ENSP00000336687	9606.ENSP00000362649	CBX3	HDAC1	9606	0.846	0	0	0	0	0	0	0.846
9606.ENSP00000336687	9606.ENSP00000328004	CBX3	YAF2	9606	0.844	0	0	0	0	0.457	0.5	0.472
9606.ENSP00000336687	9606.ENSP00000364519	CBX3	TFDP1	9606	0.842	0	0	0	0	0.232	0.5	0.622
9606.ENSP00000336687	9606.ENSP00000352257	CBX3	XRCC6	9606	0.801	0	0	0	0	0.329	0	0.717
9606.ENSP00000336687	9606.ENSP00000495413	CBX3	TRIM66	9606	0.787	0	0	0	0	0	0	0.787
9606.ENSP00000336687	9606.ENSP00000253024	CBX3	TRIM28	9606	0.767	0	0	0	0	0.457	0	0.589
9606.ENSP00000336687	9606.ENSP00000351446	CBX3	WDR5	9606	0.756	0	0	0	0	0.232	0	0.696
9606.ENSP00000336687	9606.ENSP00000219905	CBX3	MGA	9606	0.716	0	0	0	0	0.457	0.5	0
9606.ENSP00000336687	9606.ENSP00000351490	CBX3	MAX	9606	0.716	0	0	0	0	0.457	0.5	0
9606.ENSP00000336687	9606.ENSP00000244537	CBX3	H4C6	9606	0.716	0	0	0	0	0.457	0.5	0
9606.ENSP00000336687	9606.ENSP00000296417	CBX3	H2AZ1	9606	0.714	0	0	0	0	0.428	0.5	0.083
9606.ENSP00000336687	9606.ENSP00000377060	CBX3	CBX1	9606	0.714	0	0	0	0	0.657	0	0.203
9606.ENSP00000336687	9606.ENSP00000419494	CBX3	RYBP	9606	0.713	0	0	0	0	0.457	0	0.494
9606.ENSP00000336687	9606.ENSP00000417980	CBX3	EHMT1	9606	0.71	0	0	0	0	0.226	0.5	0.312
9606.ENSP00000337976	9606.ENSP00000212015	SUV39H1	SIRT1	9606	0.998	0	0	0	0	0.457	0.9	0.97
9606.ENSP00000337976	9606.ENSP00000254605	SUV39H1	RRP8	9606	0.993	0	0	0	0	0.292	0.9	0.916
9606.ENSP00000337976	9606.ENSP00000352516	SUV39H1	DNMT1	9606	0.991	0	0	0	0	0.457	0	0.984
9606.ENSP00000337976	9606.ENSP00000264709	SUV39H1	DNMT3A	9606	0.986	0	0	0	0	0.292	0	0.982
9606.ENSP00000337976	9606.ENSP00000395535	SUV39H1	MECP2	9606	0.984	0	0	0	0	0.292	0	0.979
9606.ENSP00000337976	9606.ENSP00000209875	SUV39H1	CBX5	9606	0.982	0	0	0	0	0.586	0	0.959
9606.ENSP00000337976	9606.ENSP00000336687	SUV39H1	CBX3	9606	0.981	0	0	0	0	0.409	0.54	0.935
9606.ENSP00000337976	9606.ENSP00000271640	SUV39H1	SETDB1	9606	0.978	0	0	0	0	0.457	0	0.962
9606.ENSP00000337976	9606.ENSP00000362649	SUV39H1	HDAC1	9606	0.977	0	0	0	0	0.457	0	0.961
9606.ENSP00000337976	9606.ENSP00000328547	SUV39H1	DNMT3B	9606	0.973	0	0	0	0	0.292	0	0.964
9606.ENSP00000337976	9606.ENSP00000379078	SUV39H1	EHMT2	9606	0.968	0	0	0	0	0.421	0	0.948
9606.ENSP00000337976	9606.ENSP00000320147	SUV39H1	EZH2	9606	0.925	0	0	0	0	0.292	0.36	0.848
9606.ENSP00000337976	9606.ENSP00000349723	SUV39H1	BCL11B	9606	0.907	0	0	0	0	0.292	0	0.875
9606.ENSP00000337976	9606.ENSP00000368686	SUV39H1	E2F4	9606	0.905	0	0	0	0	0	0	0.905
9606.ENSP00000337976	9606.ENSP00000396976	SUV39H1	BAHD1	9606	0.901	0	0	0	0	0.057	0.9	0
9606.ENSP00000337976	9606.ENSP00000249396	SUV39H1	SIRT2	9606	0.9	0	0	0	0	0	0.9	0
9606.ENSP00000337976	9606.ENSP00000377060	SUV39H1	CBX1	9606	0.87	0	0	0	0	0.503	0	0.75
9606.ENSP00000337976	9606.ENSP00000384109	SUV39H1	CUL4B	9606	0.839	0	0	0	0	0.457	0	0.716
9606.ENSP00000337976	9606.ENSP00000267163	SUV39H1	RB1	9606	0.838	0	0	0	0	0.457	0.54	0.404
9606.ENSP00000337976	9606.ENSP00000382800	SUV39H1	RUNX3	9606	0.82	0	0	0	0	0.292	0	0.756
9606.ENSP00000337976	9606.ENSP00000430432	SUV39H1	HDAC2	9606	0.819	0	0	0	0	0.457	0	0.681
9606.ENSP00000337976	9606.ENSP00000244050	SUV39H1	SNAI1	9606	0.807	0	0	0	0	0	0	0.807
9606.ENSP00000337976	9606.ENSP00000254325	SUV39H1	RFX1	9606	0.78	0	0	0	0	0	0	0.78
9606.ENSP00000337976	9606.ENSP00000316578	SUV39H1	SUZ12	9606	0.767	0	0	0	0	0.184	0.36	0.59
9606.ENSP00000337976	9606.ENSP00000378402	SUV39H1	SIN3A	9606	0.765	0	0	0	0	0	0	0.765
9606.ENSP00000337976	9606.ENSP00000253024	SUV39H1	TRIM28	9606	0.762	0	0	0	0	0.292	0	0.678
9606.ENSP00000337976	9606.ENSP00000446880	SUV39H1	BAZ2A	9606	0.76	0	0	0	0	0	0.72	0.181
9606.ENSP00000337976	9606.ENSP00000258149	SUV39H1	MDM2	9606	0.756	0	0	0	0	0.457	0	0.569
9606.ENSP00000337976	9606.ENSP00000301764	SUV39H1	DDB1	9606	0.727	0	0	0	0	0.457	0	0.519
9606.ENSP00000337976	9606.ENSP00000364589	SUV39H1	CUL4A	9606	0.718	0	0	0	0	0	0	0.718
9606.ENSP00000337976	9606.ENSP00000262133	SUV39H1	RBL2	9606	0.718	0	0	0	0	0.292	0	0.619
9606.ENSP00000337976	9606.ENSP00000215659	SUV39H1	MAPK12	9606	0.717	0	0	0	0	0	0	0.717
9606.ENSP00000337976	9606.ENSP00000298139	SUV39H1	WRN	9606	0.705	0	0	0	0	0.292	0	0.601
9606.ENSP00000337976	9606.ENSP00000254810	SUV39H1	H3-3B	9606	0.701	0	0	0	0	0.397	0.5	0.089
9606.ENSP00000337976	9606.ENSP00000352252	SUV39H1	H3C12	9606	0.701	0	0	0	0	0.397	0.5	0.089
9606.ENSP00000337976	9606.ENSP00000333277	SUV39H1	H3C13	9606	0.701	0	0	0	0	0.397	0.5	0.089
9606.ENSP00000338186	9606.ENSP00000320147	EED	EZH2	9606	0.999	0	0	0	0	0.912	0.9	0.987
9606.ENSP00000338186	9606.ENSP00000369424	EED	RBBP7	9606	0.999	0	0	0	0	0.596	0.9	0.987
9606.ENSP00000338186	9606.ENSP00000362592	EED	RBBP4	9606	0.999	0	0	0	0	0.951	0.9	0.987
9606.ENSP00000338186	9606.ENSP00000316578	EED	SUZ12	9606	0.999	0	0	0	0	0.981	0.9	0.982
9606.ENSP00000338186	9606.ENSP00000341280	EED	JARID2	9606	0.999	0	0	0	0	0.933	0.5	0.974
9606.ENSP00000338186	9606.ENSP00000404658	EED	EZH1	9606	0.999	0	0	0	0	0.977	0.9	0.987
9606.ENSP00000338186	9606.ENSP00000381840	EED	AEBP2	9606	0.998	0	0	0	0	0.935	0.9	0.832
9606.ENSP00000338186	9606.ENSP00000356480	EED	RNF2	9606	0.966	0	0	0	0	0.457	0.9	0.44
9606.ENSP00000338186	9606.ENSP00000430432	EED	HDAC2	9606	0.959	0	0	0	0	0.457	0.9	0.32
9606.ENSP00000338186	9606.ENSP00000365851	EED	BMI1	9606	0.943	0	0	0	0	0.457	0.9	0
9606.ENSP00000338186	9606.ENSP00000364839	EED	ASXL1	9606	0.926	0	0	0	0	0.292	0.9	0
9606.ENSP00000338186	9606.ENSP00000363787	EED	RING1	9606	0.919	0	0	0	0	0.226	0.9	0
9606.ENSP00000338186	9606.ENSP00000269385	EED	CBX8	9606	0.904	0	0	0	0	0.083	0.9	0
9606.ENSP00000338186	9606.ENSP00000308750	EED	CBX2	9606	0.9	0	0	0	0	0	0.9	0
9606.ENSP00000338186	9606.ENSP00000358862	EED	PCGF6	9606	0.9	0	0	0	0	0	0.9	0
9606.ENSP00000338186	9606.ENSP00000269397	EED	CBX4	9606	0.9	0	0	0	0	0	0.9	0
9606.ENSP00000338186	9606.ENSP00000337500	EED	PCGF5	9606	0.9	0	0	0	0	0	0.9	0
9606.ENSP00000338186	9606.ENSP00000389445	EED	UBAP2L	9606	0.9	0	0	0	0	0	0.9	0
9606.ENSP00000338186	9606.ENSP00000420294	EED	PHC3	9606	0.9	0	0	0	0	0	0.9	0
9606.ENSP00000338186	9606.ENSP00000354724	EED	PCGF3	9606	0.9	0	0	0	0	0	0.9	0
9606.ENSP00000338186	9606.ENSP00000482063	EED	PCGF2	9606	0.9	0	0	0	0	0	0.9	0
9606.ENSP00000338186	9606.ENSP00000257118	EED	PHC2	9606	0.9	0	0	0	0	0	0.9	0
9606.ENSP00000338186	9606.ENSP00000417132	EED	BAP1	9606	0.9	0	0	0	0	0	0.9	0
9606.ENSP00000338186	9606.ENSP00000216133	EED	CBX7	9606	0.9	0	0	0	0	0	0.9	0
9606.ENSP00000338186	9606.ENSP00000437659	EED	PHC1	9606	0.9	0	0	0	0	0	0.9	0
9606.ENSP00000338186	9606.ENSP00000233630	EED	PCGF1	9606	0.9	0	0	0	0	0	0.9	0
9606.ENSP00000338186	9606.ENSP00000251900	EED	SCML2	9606	0.9	0	0	0	0	0	0.9	0
9606.ENSP00000338186	9606.ENSP00000384490	EED	CBX6	9606	0.9	0	0	0	0	0	0.9	0
9606.ENSP00000338186	9606.ENSP00000328547	EED	DNMT3B	9606	0.832	0	0	0	0	0.509	0.5	0.372
9606.ENSP00000338186	9606.ENSP00000483946	EED	PHF19	9606	0.827	0	0	0	0	0.67	0.5	0
9606.ENSP00000338186	9606.ENSP00000352516	EED	DNMT1	9606	0.811	0	0	0	0	0.457	0.5	0.36
9606.ENSP00000338186	9606.ENSP00000363640	EED	PHF1	9606	0.799	0	0	0	0	0.615	0.5	0
9606.ENSP00000338186	9606.ENSP00000359321	EED	MTF2	9606	0.787	0	0	0	0	0.592	0.5	0
9606.ENSP00000338186	9606.ENSP00000262238	EED	YY1	9606	0.781	0	0	0	0	0.292	0.54	0.382
9606.ENSP00000338186	9606.ENSP00000484710	EED	EPOP	9606	0.751	0	0	0	0	0.628	0.36	0
9606.ENSP00000338186	9606.ENSP00000267082	EED	ITGB7	9606	0.725	0	0	0	0	0.292	0	0.628
9606.ENSP00000339835	9606.ENSP00000244537	H3-5	H4C6	9606	0.999	0	0	0	0	0.904	0.8	0.961
9606.ENSP00000339835	9606.ENSP00000351446	H3-5	WDR5	9606	0.998	0	0	0	0	0.904	0	0.981
9606.ENSP00000339835	9606.ENSP00000209875	H3-5	CBX5	9606	0.997	0	0	0	0	0.911	0	0.977
9606.ENSP00000339835	9606.ENSP00000336687	H3-5	CBX3	9606	0.996	0	0	0	0	0.911	0	0.961
9606.ENSP00000339835	9606.ENSP00000270172	H3-5	DNMT3L	9606	0.995	0	0	0	0	0.8	0	0.979
9606.ENSP00000339835	9606.ENSP00000264709	H3-5	DNMT3A	9606	0.993	0	0	0	0	0.9	0	0.935
9606.ENSP00000339835	9606.ENSP00000477870	H3-5	H4C7	9606	0.992	0	0	0	0	0.081	0.8	0.961
9606.ENSP00000339835	9606.ENSP00000307208	H3-5	BPTF	9606	0.991	0	0	0	0	0.9	0	0.921
9606.ENSP00000339835	9606.ENSP00000377060	H3-5	CBX1	9606	0.989	0	0	0	0	0.915	0	0.879
9606.ENSP00000339835	9606.ENSP00000361473	H3-5	KDM4A	9606	0.987	0	0	0	0	0.9	0	0.881
9606.ENSP00000339835	9606.ENSP00000386593	H3-5	PBRM1	9606	0.985	0	0	0	0	0.912	0	0.838
9606.ENSP00000339835	9606.ENSP00000358155	H3-5	H2AC18	9606	0.983	0	0	0	0	0.071	0	0.982
9606.ENSP00000339835	9606.ENSP00000332194	H3-5	H2AC20	9606	0.983	0	0	0	0	0.071	0	0.982
9606.ENSP00000339835	9606.ENSP00000307183	H3-5	ING2	9606	0.983	0	0	0	0	0.903	0	0.833
9606.ENSP00000339835	9606.ENSP00000358151	H3-5	H2BC21	9606	0.982	0	0	0	0	0.075	0	0.982
9606.ENSP00000339835	9606.ENSP00000440542	H3-5	CHD4	9606	0.982	0	0	0	0	0.926	0	0.765
9606.ENSP00000339835	9606.ENSP00000265713	H3-5	KAT6A	9606	0.981	0	0	0	0	0.928	0	0.753
9606.ENSP00000339835	9606.ENSP00000369695	H3-5	MLLT3	9606	0.98	0	0	0	0	0.9	0	0.81
9606.ENSP00000339835	9606.ENSP00000362441	H3-5	ATRX	9606	0.979	0	0	0	0	0.901	0	0.8
9606.ENSP00000339835	9606.ENSP00000379078	H3-5	EHMT2	9606	0.975	0	0	0	0	0.903	0	0.757
9606.ENSP00000339835	9606.ENSP00000291582	H3-5	AIRE	9606	0.974	0	0	0	0	0.901	0	0.753
9606.ENSP00000339835	9606.ENSP00000478672	H3-5	RAG2	9606	0.973	0	0	0	0	0.247	0	0.965
9606.ENSP00000339835	9606.ENSP00000263377	H3-5	BRD4	9606	0.972	0	0	0	0	0.045	0	0.972
9606.ENSP00000339835	9606.ENSP00000479617	H3-5	UHRF1	9606	0.97	0	0	0	0	0.9	0	0.72
9606.ENSP00000339835	9606.ENSP00000229595	H3-5	ASF1A	9606	0.969	0	0	0	0	0.915	0	0.647
9606.ENSP00000339835	9606.ENSP00000357442	H3-5	PYGO2	9606	0.969	0	0	0	0	0.903	0	0.702
9606.ENSP00000339835	9606.ENSP00000364929	H3-5	ING1	9606	0.967	0	0	0	0	0.9	0	0.684
9606.ENSP00000339835	9606.ENSP00000255120	H3-5	NASP	9606	0.965	0	0	0	0	0.964	0	0
9606.ENSP00000339835	9606.ENSP00000355388	H3-5	MPHOSPH8	9606	0.964	0	0	0	0	0.909	0	0.625
9606.ENSP00000339835	9606.ENSP00000351250	H3-5	TRIM33	9606	0.962	0	0	0	0	0.9	0	0.638
9606.ENSP00000339835	9606.ENSP00000483667	H3-5	CHD1	9606	0.957	0	0	0	0	0.903	0	0.574
9606.ENSP00000339835	9606.ENSP00000302327	H3-5	PYGO1	9606	0.953	0	0	0	0	0.9	0	0.557
9606.ENSP00000339835	9606.ENSP00000263754	H3-5	KAT2B	9606	0.952	0	0	0	0	0.911	0	0.482
9606.ENSP00000339835	9606.ENSP00000287239	H3-5	KAT6B	9606	0.95	0	0	0	0	0.903	0	0.504
9606.ENSP00000339835	9606.ENSP00000365019	H3-5	SPIN1	9606	0.945	0	0	0	0	0.9	0	0.476
9606.ENSP00000339835	9606.ENSP00000266070	H3-5	DIDO1	9606	0.935	0	0	0	0	0.914	0	0.275
9606.ENSP00000339835	9606.ENSP00000349430	H3-5	H2BC12	9606	0.932	0	0	0	0	0.807	0	0.663
9606.ENSP00000339835	9606.ENSP00000469158	H3-5	SPHK2	9606	0.931	0	0	0	0	0	0	0.931
9606.ENSP00000339835	9606.ENSP00000350676	H3-5	PHF8	9606	0.929	0	0	0	0	0.903	0	0.297
9606.ENSP00000339835	9606.ENSP00000313983	H3-5	NSD3	9606	0.927	0	0	0	0	0.901	0	0.295
9606.ENSP00000339835	9606.ENSP00000380024	H3-5	ING4	9606	0.926	0	0	0	0	0.9	0	0.292
9606.ENSP00000339835	9606.ENSP00000264108	H3-5	HAT1	9606	0.917	0	0	0	0	0.168	0.9	0.085
9606.ENSP00000339835	9606.ENSP00000216133	H3-5	CBX7	9606	0.914	0	0	0	0	0.9	0	0.177
9606.ENSP00000339835	9606.ENSP00000346453	H3-5	IPO4	9606	0.913	0	0	0	0	0.913	0	0
9606.ENSP00000339835	9606.ENSP00000480960	H3-5	H4C13	9606	0.908	0	0	0	0	0.904	0	0.089
9606.ENSP00000339835	9606.ENSP00000347168	H3-5	H4C11	9606	0.908	0	0	0	0	0.904	0	0.089
9606.ENSP00000339835	9606.ENSP00000489236	H3-5	H4C8	9606	0.908	0	0	0	0	0.904	0	0.089
9606.ENSP00000339835	9606.ENSP00000462355	H3-5	H4C15	9606	0.908	0	0	0	0	0.904	0	0.089
9606.ENSP00000339835	9606.ENSP00000443017	H3-5	H4-16	9606	0.908	0	0	0	0	0.904	0	0.089
9606.ENSP00000339835	9606.ENSP00000366974	H3-5	H4C2	9606	0.908	0	0	0	0	0.904	0	0.089
9606.ENSP00000339835	9606.ENSP00000367034	H3-5	H4C3	9606	0.908	0	0	0	0	0.904	0	0.089
9606.ENSP00000339835	9606.ENSP00000479461	H3-5	H4C4	9606	0.908	0	0	0	0	0.904	0	0.089
9606.ENSP00000339835	9606.ENSP00000462667	H3-5	H4C14	9606	0.908	0	0	0	0	0.904	0	0.089
9606.ENSP00000339835	9606.ENSP00000479794	H3-5	H4C12	9606	0.908	0	0	0	0	0.904	0	0.089
9606.ENSP00000339835	9606.ENSP00000481486	H3-5	H4C9	9606	0.908	0	0	0	0	0.904	0	0.089
9606.ENSP00000339835	9606.ENSP00000484789	H3-5	H4C5	9606	0.908	0	0	0	0	0.904	0	0.089
9606.ENSP00000339835	9606.ENSP00000479106	H3-5	H4C1	9606	0.908	0	0	0	0	0.904	0	0.089
9606.ENSP00000339835	9606.ENSP00000483842	H3-5	H2AC4	9606	0.906	0	0	0	0	0.903	0	0.076
9606.ENSP00000339835	9606.ENSP00000433760	H3-5	BANF1	9606	0.906	0	0	0	0	0	0	0.906
9606.ENSP00000339835	9606.ENSP00000384490	H3-5	CBX6	9606	0.906	0	0	0	0	0.9	0	0.104
9606.ENSP00000339835	9606.ENSP00000303373	H3-5	H2AC8	9606	0.906	0	0	0	0	0.903	0	0.076
9606.ENSP00000339835	9606.ENSP00000417980	H3-5	EHMT1	9606	0.903	0	0	0	0	0.903	0	0
9606.ENSP00000339835	9606.ENSP00000436786	H3-5	KMT2A	9606	0.901	0	0	0	0	0.901	0	0
9606.ENSP00000339835	9606.ENSP00000271640	H3-5	SETDB1	9606	0.901	0	0	0	0	0.901	0	0
9606.ENSP00000339835	9606.ENSP00000476228	H3-5	SIRT5	9606	0.9	0	0	0	0	0.9	0	0
9606.ENSP00000339835	9606.ENSP00000343023	H3-5	SP100	9606	0.9	0	0	0	0	0.9	0	0
9606.ENSP00000339835	9606.ENSP00000359837	H3-5	ZZZ3	9606	0.9	0	0	0	0	0.9	0	0
9606.ENSP00000339835	9606.ENSP00000373278	H3-5	ZCWPW2	9606	0.9	0	0	0	0	0.9	0	0
9606.ENSP00000339835	9606.ENSP00000316114	H3-5	SGF29	9606	0.9	0	0	0	0	0.9	0	0
9606.ENSP00000339835	9606.ENSP00000383333	H3-5	MORC3	9606	0.9	0	0	0	0	0.9	0	0
9606.ENSP00000339835	9606.ENSP00000495413	H3-5	TRIM66	9606	0.9	0	0	0	0	0.9	0	0
9606.ENSP00000339835	9606.ENSP00000361918	H3-5	PPIE	9606	0.9	0	0	0	0	0.9	0	0
9606.ENSP00000339835	9606.ENSP00000312379	H3-5	KMT2E	9606	0.9	0	0	0	0	0.9	0	0
9606.ENSP00000339835	9606.ENSP00000336712	H3-5	TNPO1	9606	0.9	0	0	0	0	0.9	0	0
9606.ENSP00000339835	9606.ENSP00000325690	H3-5	CARM1	9606	0.9	0	0	0	0	0.9	0	0
9606.ENSP00000339835	9606.ENSP00000262367	H3-5	CREBBP	9606	0.9	0	0	0	0	0.9	0	0
9606.ENSP00000339835	9606.ENSP00000372191	H3-5	SIRT3	9606	0.9	0	0	0	0	0.9	0	0
9606.ENSP00000339835	9606.ENSP00000476136	H3-5	H2BC11	9606	0.891	0	0	0	0	0.807	0	0.461
9606.ENSP00000339835	9606.ENSP00000441273	H3-5	CDY2B	9606	0.875	0	0	0	0	0.808	0	0.379
9606.ENSP00000339835	9606.ENSP00000402280	H3-5	CDY2A	9606	0.875	0	0	0	0	0.808	0	0.379
9606.ENSP00000339835	9606.ENSP00000320566	H3-5	ING3	9606	0.871	0	0	0	0	0.079	0	0.865
9606.ENSP00000339835	9606.ENSP00000371475	H3-5	TP53BP1	9606	0.862	0	0	0	0	0	0	0.862
9606.ENSP00000339835	9606.ENSP00000469686	H3-5	EGLN2	9606	0.856	0	0	0	0	0	0	0.856
9606.ENSP00000339835	9606.ENSP00000385479	H3-5	H3C15	9606	0.842	0	0	0	0	0.842	0	0
9606.ENSP00000339835	9606.ENSP00000499501	H3-5	H3-2	9606	0.842	0	0	0	0	0.842	0	0
9606.ENSP00000339835	9606.ENSP00000333277	H3-5	H3C13	9606	0.842	0	0	0	0	0.842	0	0
9606.ENSP00000339835	9606.ENSP00000358154	H3-5	H3C14	9606	0.842	0	0	0	0	0.842	0	0
9606.ENSP00000339835	9606.ENSP00000484658	H3-5	H3C3	9606	0.828	0	0	0	0	0.828	0	0
9606.ENSP00000339835	9606.ENSP00000480826	H3-5	H3C1	9606	0.828	0	0	0	0	0.828	0	0
9606.ENSP00000339835	9606.ENSP00000366999	H3-5	H3C4	9606	0.828	0	0	0	0	0.828	0	0
9606.ENSP00000339835	9606.ENSP00000484841	H3-5	H3C2	9606	0.828	0	0	0	0	0.828	0	0
9606.ENSP00000339835	9606.ENSP00000352252	H3-5	H3C12	9606	0.828	0	0	0	0	0.828	0	0
9606.ENSP00000339835	9606.ENSP00000489282	H3-5	H3C6	9606	0.828	0	0	0	0	0.828	0	0
9606.ENSP00000339835	9606.ENSP00000483283	H3-5	H3C11	9606	0.828	0	0	0	0	0.828	0	0
9606.ENSP00000339835	9606.ENSP00000484638	H3-5	H3C8	9606	0.828	0	0	0	0	0.828	0	0
9606.ENSP00000339835	9606.ENSP00000358160	H3-5	H3C10	9606	0.828	0	0	0	0	0.828	0	0
9606.ENSP00000339835	9606.ENSP00000484095	H3-5	H3C7	9606	0.828	0	0	0	0	0.828	0	0
9606.ENSP00000339835	9606.ENSP00000355657	H3-5	H3-4	9606	0.828	0	0	0	0	0.828	0	0
9606.ENSP00000339835	9606.ENSP00000319104	H3-5	SUPT6H	9606	0.825	0	0	0	0	0.177	0	0.797
9606.ENSP00000339835	9606.ENSP00000303178	H3-5	CDY1B	9606	0.823	0	0	0	0	0.808	0	0.12
9606.ENSP00000339835	9606.ENSP00000302968	H3-5	CDY1	9606	0.823	0	0	0	0	0.808	0	0.12
9606.ENSP00000339835	9606.ENSP00000254810	H3-5	H3-3B	9606	0.8	0	0	0	0	0.8	0	0
9606.ENSP00000339835	9606.ENSP00000355780	H3-5	H3-3A	9606	0.8	0	0	0	0	0.8	0	0
9606.ENSP00000339835	9606.ENSP00000234739	H3-5	BCL9	9606	0.8	0	0	0	0	0.8	0	0
9606.ENSP00000339835	9606.ENSP00000294244	H3-5	SPINDOC	9606	0.8	0	0	0	0	0.8	0	0
9606.ENSP00000339835	9606.ENSP00000258962	H3-5	SRSF1	9606	0.794	0	0	0	0	0	0	0.794
9606.ENSP00000339835	9606.ENSP00000352516	H3-5	DNMT1	9606	0.778	0	0	0	0	0	0	0.778
9606.ENSP00000339835	9606.ENSP00000343896	H3-5	SMARCA4	9606	0.772	0	0	0	0	0.178	0	0.734
9606.ENSP00000339835	9606.ENSP00000439128	H3-5	BANF2	9606	0.766	0	0	0	0	0	0	0.766
9606.ENSP00000339835	9606.ENSP00000311360	H3-5	RAD9A	9606	0.762	0	0	0	0	0	0	0.762
9606.ENSP00000339835	9606.ENSP00000328547	H3-5	DNMT3B	9606	0.75	0	0	0	0	0	0	0.75
9606.ENSP00000339835	9606.ENSP00000225275	H3-5	MPO	9606	0.742	0	0	0	0	0	0	0.742
9606.ENSP00000339835	9606.ENSP00000340330	H3-5	KAT5	9606	0.735	0	0	0	0	0.077	0	0.725
9606.ENSP00000339835	9606.ENSP00000362592	H3-5	RBBP4	9606	0.728	0	0	0	0	0.185	0	0.68
9606.ENSP00000339835	9606.ENSP00000364597	H3-5	PADI4	9606	0.726	0	0	0	0	0	0	0.726
9606.ENSP00000339835	9606.ENSP00000339883	H3-5	LBR	9606	0.711	0	0	0	0	0	0	0.711
9606.ENSP00000339835	9606.ENSP00000308750	H3-5	CBX2	9606	0.702	0	0	0	0	0	0	0.702
9606.ENSP00000341208	9606.ENSP00000264657	STAT5A	STAT3	9606	0.996	0	0	0	0	0	0.9	0.965
9606.ENSP00000341208	9606.ENSP00000371067	STAT5A	JAK2	9606	0.988	0	0	0	0	0.457	0.5	0.959
9606.ENSP00000341208	9606.ENSP00000342235	STAT5A	ERBB4	9606	0.968	0	0	0	0	0.457	0.7	0.823
9606.ENSP00000341208	9606.ENSP00000346300	STAT5A	CRKL	9606	0.968	0	0	0	0	0.457	0	0.945
9606.ENSP00000341208	9606.ENSP00000499900	STAT5A	JAK1	9606	0.949	0	0	0	0	0.292	0.5	0.869
9606.ENSP00000341208	9606.ENSP00000293328	STAT5A	STAT5B	9606	0.933	0	0	0	0	0.312	0.9	0.116
9606.ENSP00000341208	9606.ENSP00000222139	STAT5A	EPOR	9606	0.925	0	0	0	0	0.457	0.5	0.747
9606.ENSP00000341208	9606.ENSP00000354394	STAT5A	STAT1	9606	0.923	0	0	0	0	0.387	0.4	0.809
9606.ENSP00000341208	9606.ENSP00000432511	STAT5A	JAK3	9606	0.923	0	0	0	0	0.457	0.5	0.739
9606.ENSP00000341208	9606.ENSP00000489597	STAT5A	PTPN11	9606	0.921	0	0	0	0	0.457	0.8	0.339
9606.ENSP00000341208	9606.ENSP00000275493	STAT5A	EGFR	9606	0.92	0	0	0	0	0.523	0	0.841
9606.ENSP00000341208	9606.ENSP00000380073	STAT5A	IRF9	9606	0.916	0	0	0	0	0.074	0.9	0.166
9606.ENSP00000341208	9606.ENSP00000369293	STAT5A	IL2RA	9606	0.908	0	0	0	0	0.627	0.5	0.548
9606.ENSP00000341208	9606.ENSP00000262367	STAT5A	CREBBP	9606	0.907	0	0	0	0	0.292	0	0.874
9606.ENSP00000341208	9606.ENSP00000431885	STAT5A	TYK2	9606	0.878	0	0	0	0	0	0.5	0.766
9606.ENSP00000341208	9606.ENSP00000320147	STAT5A	EZH2	9606	0.834	0	0	0	0	0	0	0.834
9606.ENSP00000341208	9606.ENSP00000325120	STAT5A	PGR	9606	0.819	0	0	0	0	0.292	0	0.755
9606.ENSP00000341208	9606.ENSP00000263851	STAT5A	IL7	9606	0.79	0	0	0	0	0	0.5	0.599
9606.ENSP00000341208	9606.ENSP00000216223	STAT5A	IL2RB	9606	0.778	0	0	0	0	0.457	0.5	0.248
9606.ENSP00000341208	9606.ENSP00000300134	STAT5A	STAT6	9606	0.77	0	0	0	0	0	0	0.77
9606.ENSP00000341208	9606.ENSP00000261799	STAT5A	PDGFRB	9606	0.766	0	0	0	0	0.55	0.5	0.045
9606.ENSP00000341208	9606.ENSP00000346762	STAT5A	SND1	9606	0.757	0	0	0	0	0	0	0.757
9606.ENSP00000341208	9606.ENSP00000227752	STAT5A	IL10RA	9606	0.755	0	0	0	0	0	0	0.755
9606.ENSP00000341208	9606.ENSP00000383042	STAT5A	KDM1A	9606	0.738	0	0	0	0	0	0	0.738
9606.ENSP00000341208	9606.ENSP00000274520	STAT5A	IL9	9606	0.729	0	0	0	0	0	0.5	0.482
9606.ENSP00000341208	9606.ENSP00000410294	STAT5A	FGFR2	9606	0.727	0	0	0	0	0.292	0	0.631
9606.ENSP00000341208	9606.ENSP00000483403	STAT5A	GHR	9606	0.714	0	0	0	0	0.407	0.5	0.115
9606.ENSP00000341208	9606.ENSP00000384053	STAT5A	CSF2RB	9606	0.7	0	0	0	0	0.292	0.5	0.221
9606.ENSP00000343325	9606.ENSP00000400175	PKN1	RHOA	9606	0.963	0	0	0	0	0.725	0.4	0.794
9606.ENSP00000343325	9606.ENSP00000345083	PKN1	MAP2K3	9606	0.961	0	0	0	0	0.292	0	0.948
9606.ENSP00000343325	9606.ENSP00000364361	PKN1	MAP3K20	9606	0.945	0	0	0	0	0.292	0	0.926
9606.ENSP00000343325	9606.ENSP00000321656	PKN1	CDC25C	9606	0.926	0	0	0	0	0.292	0.9	0
9606.ENSP00000343325	9606.ENSP00000359552	PKN1	PKN2	9606	0.919	0	0	0	0	0.224	0.9	0
9606.ENSP00000343325	9606.ENSP00000291906	PKN1	PKN3	9606	0.9	0	0	0	0	0	0.9	0
9606.ENSP00000343325	9606.ENSP00000272233	PKN1	RHOB	9606	0.864	0	0	0	0	0.578	0.5	0.41
9606.ENSP00000343325	9606.ENSP00000264335	PKN1	YWHAE	9606	0.8	0	0	0	0	0	0.8	0
9606.ENSP00000343325	9606.ENSP00000399968	PKN1	NCOA2	9606	0.8	0	0	0	0	0	0.8	0
9606.ENSP00000343325	9606.ENSP00000285735	PKN1	RHOC	9606	0.778	0	0	0	0	0.311	0.5	0.408
9606.ENSP00000343325	9606.ENSP00000229795	PKN1	MAPK14	9606	0.742	0	0	0	0	0.292	0	0.651
9606.ENSP00000343325	9606.ENSP00000363822	PKN1	AR	9606	0.7	0	0	0	0	0	0.7	0
9606.ENSP00000343535	9606.ENSP00000266000	USP7	DAXX	9606	0.997	0	0	0	0	0.457	0.8	0.98
9606.ENSP00000343535	9606.ENSP00000258149	USP7	MDM2	9606	0.996	0	0	0	0	0.618	0.5	0.982
9606.ENSP00000343535	9606.ENSP00000425130	USP7	UVSSA	9606	0.996	0	0	0	0	0.457	0.9	0.937
9606.ENSP00000343535	9606.ENSP00000352516	USP7	DNMT1	9606	0.993	0	0	0	0	0.96	0	0.851
9606.ENSP00000343535	9606.ENSP00000479617	USP7	UHRF1	9606	0.992	0	0	0	0	0.96	0	0.812
9606.ENSP00000343535	9606.ENSP00000419851	USP7	GMPS	9606	0.983	0	0	0	0	0.497	0	0.968
9606.ENSP00000343535	9606.ENSP00000269305	USP7	TP53	9606	0.982	0	0	0	0	0.618	0.5	0.916
9606.ENSP00000343535	9606.ENSP00000299563	USP7	RNF169	9606	0.978	0	0	0	0	0.96	0	0.477
9606.ENSP00000343535	9606.ENSP00000272317	USP7	RPS27A	9606	0.965	0	0	0	0	0.965	0	0
9606.ENSP00000343535	9606.ENSP00000441543	USP7	UBC	9606	0.964	0	0	0	0	0.964	0	0
9606.ENSP00000343535	9606.ENSP00000388107	USP7	UBA52	9606	0.953	0	0	0	0	0.952	0	0
9606.ENSP00000343535	9606.ENSP00000478771	USP7	UBB	9606	0.952	0	0	0	0	0.951	0	0
9606.ENSP00000343535	9606.ENSP00000497810	USP7	MAGEL2	9606	0.913	0	0	0	0	0.457	0	0.847
9606.ENSP00000343535	9606.ENSP00000356150	USP7	MDM4	9606	0.881	0	0	0	0	0.618	0.5	0.429
9606.ENSP00000343535	9606.ENSP00000366404	USP7	TRIM27	9606	0.877	0	0	0	0	0.457	0	0.784
9606.ENSP00000343535	9606.ENSP00000362649	USP7	HDAC1	9606	0.877	0	0	0	0	0.457	0	0.783
9606.ENSP00000343535	9606.ENSP00000322802	USP7	TSPYL5	9606	0.862	0	0	0	0	0.457	0	0.758
9606.ENSP00000343535	9606.ENSP00000354487	USP7	ZEB1	9606	0.857	0	0	0	0	0.457	0	0.749
9606.ENSP00000343535	9606.ENSP00000361021	USP7	PTEN	9606	0.824	0	0	0	0	0.457	0.5	0.406
9606.ENSP00000343535	9606.ENSP00000383042	USP7	KDM1A	9606	0.785	0	0	0	0	0.457	0	0.621
9606.ENSP00000343535	9606.ENSP00000373696	USP7	TRIP12	9606	0.778	0	0	0	0	0.559	0	0.517
9606.ENSP00000343535	9606.ENSP00000384273	USP7	RELA	9606	0.778	0	0	0	0	0.457	0	0.608
9606.ENSP00000343535	9606.ENSP00000312379	USP7	KMT2E	9606	0.746	0	0	0	0	0.292	0	0.657
9606.ENSP00000343535	9606.ENSP00000357858	USP7	BUB3	9606	0.744	0	0	0	0	0.42	0	0.576
9606.ENSP00000343535	9606.ENSP00000231487	USP7	SKP1	9606	0.732	0	0	0	0	0.082	0	0.72
9606.ENSP00000343535	9606.ENSP00000348089	USP7	ERCC6	9606	0.729	0	0	0	0	0.457	0	0.523
9606.ENSP00000343535	9606.ENSP00000365588	USP7	MDC1	9606	0.726	0	0	0	0	0.292	0	0.629
9606.ENSP00000343535	9606.ENSP00000458762	USP7	NMRAL1	9606	0.72	0	0	0	0	0.292	0	0.621
9606.ENSP00000343535	9606.ENSP00000363377	USP7	FOXO4	9606	0.716	0	0	0	0	0.457	0.5	0
9606.ENSP00000343896	9606.ENSP00000386593	SMARCA4	PBRM1	9606	0.999	0	0	0	0	0.941	0.72	0.986
9606.ENSP00000343896	9606.ENSP00000378181	SMARCA4	BRD7	9606	0.999	0	0	0	0	0.96	0.65	0.957
9606.ENSP00000343896	9606.ENSP00000320485	SMARCA4	ARID1A	9606	0.999	0	0	0	0	0.964	0.9	0.982
9606.ENSP00000343896	9606.ENSP00000378414	SMARCA4	SMARCD1	9606	0.999	0	0	0	0	0.977	0.9	0.985
9606.ENSP00000343896	9606.ENSP00000262188	SMARCA4	SMARCD3	9606	0.999	0	0	0	0	0.782	0.9	0.981
9606.ENSP00000343896	9606.ENSP00000371638	SMARCA4	SMARCA2	9606	0.999	0	0	0	0	0.673	0.9	0.982
9606.ENSP00000343896	9606.ENSP00000340883	SMARCA4	SMARCB1	9606	0.999	0	0	0	0	0.961	0.9	0.987
9606.ENSP00000343896	9606.ENSP00000335044	SMARCA4	ARID2	9606	0.999	0	0	0	0	0.944	0.72	0.982
9606.ENSP00000343896	9606.ENSP00000449396	SMARCA4	SMARCC2	9606	0.999	0	0	0	0	0.977	0.9	0.985
9606.ENSP00000343896	9606.ENSP00000323967	SMARCA4	SMARCE1	9606	0.999	0	0	0	0	0.973	0.9	0.983
9606.ENSP00000343896	9606.ENSP00000254480	SMARCA4	SMARCC1	9606	0.999	0	0	0	0	0.783	0.9	0.985
9606.ENSP00000343896	9606.ENSP00000490491	SMARCA4	ARID1B	9606	0.999	0	0	0	0	0.664	0.9	0.982
9606.ENSP00000343896	9606.ENSP00000397552	SMARCA4	ACTL6A	9606	0.999	0	0	0	0	0.974	0.9	0.985
9606.ENSP00000343896	9606.ENSP00000341805	SMARCA4	PHF10	9606	0.998	0	0	0	0	0.944	0.72	0.889
9606.ENSP00000343896	9606.ENSP00000494750	SMARCA4	ACTB	9606	0.995	0	0	0	0	0.946	0.65	0.791
9606.ENSP00000343896	9606.ENSP00000495360	SMARCA4	CTNNB1	9606	0.994	0	0	0	0	0.457	0.5	0.98
9606.ENSP00000343896	9606.ENSP00000252268	SMARCA4	DPF2	9606	0.991	0	0	0	0	0.931	0.54	0.766
9606.ENSP00000343896	9606.ENSP00000430432	SMARCA4	HDAC2	9606	0.988	0	0	0	0	0.457	0.8	0.899
9606.ENSP00000343896	9606.ENSP00000445868	SMARCA4	BCL7A	9606	0.988	0	0	0	0	0.65	0.9	0.691
9606.ENSP00000343896	9606.ENSP00000419765	SMARCA4	BRD9	9606	0.987	0	0	0	0	0.642	0.9	0.69
9606.ENSP00000343896	9606.ENSP00000392617	SMARCA4	SMARCD2	9606	0.984	0	0	0	0	0.783	0.9	0.337
9606.ENSP00000343896	9606.ENSP00000355759	SMARCA4	PARP1	9606	0.983	0	0	0	0	0.19	0	0.981
9606.ENSP00000343896	9606.ENSP00000411073	SMARCA4	BCL7B	9606	0.979	0	0	0	0	0.615	0.9	0.516
9606.ENSP00000343896	9606.ENSP00000369674	SMARCA4	BCL7C	9606	0.979	0	0	0	0	0.647	0.9	0.469
9606.ENSP00000343896	9606.ENSP00000309572	SMARCA4	TERT	9606	0.978	0	0	0	0	0.457	0.8	0.817
9606.ENSP00000343896	9606.ENSP00000352252	SMARCA4	H3C12	9606	0.976	0	0	0	0	0.914	0	0.732
9606.ENSP00000343896	9606.ENSP00000433760	SMARCA4	BANF1	9606	0.975	0	0	0	0	0	0	0.975
9606.ENSP00000343896	9606.ENSP00000379946	SMARCA4	BICRA	9606	0.97	0	0	0	0	0.465	0.9	0.493
9606.ENSP00000343896	9606.ENSP00000414516	SMARCA4	SS18	9606	0.965	0	0	0	0	0.671	0.9	0
9606.ENSP00000343896	9606.ENSP00000386660	SMARCA4	KDM3A	9606	0.956	0	0	0	0	0	0.65	0.88
9606.ENSP00000343896	9606.ENSP00000287820	SMARCA4	PPARG	9606	0.953	0	0	0	0	0.292	0.9	0.392
9606.ENSP00000343896	9606.ENSP00000313933	SMARCA4	BICRAL	9606	0.951	0	0	0	0	0.292	0.9	0.366
9606.ENSP00000343896	9606.ENSP00000480826	SMARCA4	H3C1	9606	0.951	0	0	0	0	0.951	0	0
9606.ENSP00000343896	9606.ENSP00000319169	SMARCA4	PRMT5	9606	0.95	0	0	0	0	0.457	0.5	0.834
9606.ENSP00000343896	9606.ENSP00000354487	SMARCA4	ZEB1	9606	0.943	0	0	0	0	0.292	0	0.923
9606.ENSP00000343896	9606.ENSP00000349723	SMARCA4	BCL11B	9606	0.943	0	0	0	0	0.292	0.9	0.262
9606.ENSP00000343896	9606.ENSP00000269305	SMARCA4	TP53	9606	0.941	0	0	0	0	0.457	0	0.896
9606.ENSP00000343896	9606.ENSP00000244537	SMARCA4	H4C6	9606	0.939	0	0	0	0	0.935	0	0.088
9606.ENSP00000343896	9606.ENSP00000254810	SMARCA4	H3-3B	9606	0.934	0	0	0	0	0.828	0	0.633
9606.ENSP00000343896	9606.ENSP00000496168	SMARCA4	BCL11A	9606	0.929	0	0	0	0	0	0.9	0.323
9606.ENSP00000343896	9606.ENSP00000360162	SMARCA4	SMARCA1	9606	0.929	0	0	0	0	0.42	0	0.883
9606.ENSP00000343896	9606.ENSP00000479526	SMARCA4	DPF3	9606	0.928	0	0	0	0	0.671	0.72	0.289
9606.ENSP00000343896	9606.ENSP00000330753	SMARCA4	BRWD1	9606	0.926	0	0	0	0	0.292	0.9	0
9606.ENSP00000343896	9606.ENSP00000418960	SMARCA4	BRCA1	9606	0.919	0	0	0	0	0.457	0	0.857
9606.ENSP00000343896	9606.ENSP00000263253	SMARCA4	EP300	9606	0.915	0	0	0	0	0.292	0	0.886
9606.ENSP00000343896	9606.ENSP00000484638	SMARCA4	H3C8	9606	0.914	0	0	0	0	0.914	0	0
9606.ENSP00000343896	9606.ENSP00000358160	SMARCA4	H3C10	9606	0.914	0	0	0	0	0.914	0	0
9606.ENSP00000343896	9606.ENSP00000484095	SMARCA4	H3C7	9606	0.914	0	0	0	0	0.914	0	0
9606.ENSP00000343896	9606.ENSP00000489282	SMARCA4	H3C6	9606	0.914	0	0	0	0	0.914	0	0
9606.ENSP00000343896	9606.ENSP00000366999	SMARCA4	H3C4	9606	0.914	0	0	0	0	0.914	0	0
9606.ENSP00000343896	9606.ENSP00000484658	SMARCA4	H3C3	9606	0.914	0	0	0	0	0.914	0	0
9606.ENSP00000343896	9606.ENSP00000347716	SMARCA4	DPF1	9606	0.914	0	0	0	0	0.671	0.72	0.142
9606.ENSP00000343896	9606.ENSP00000483283	SMARCA4	H3C11	9606	0.914	0	0	0	0	0.914	0	0
9606.ENSP00000343896	9606.ENSP00000484841	SMARCA4	H3C2	9606	0.914	0	0	0	0	0.914	0	0
9606.ENSP00000343896	9606.ENSP00000481486	SMARCA4	H4C9	9606	0.913	0	0	0	0	0.913	0	0
9606.ENSP00000343896	9606.ENSP00000347168	SMARCA4	H4C11	9606	0.913	0	0	0	0	0.913	0	0
9606.ENSP00000343896	9606.ENSP00000443017	SMARCA4	H4-16	9606	0.913	0	0	0	0	0.913	0	0
9606.ENSP00000343896	9606.ENSP00000479106	SMARCA4	H4C1	9606	0.913	0	0	0	0	0.913	0	0
9606.ENSP00000343896	9606.ENSP00000489236	SMARCA4	H4C8	9606	0.913	0	0	0	0	0.913	0	0
9606.ENSP00000343896	9606.ENSP00000462355	SMARCA4	H4C15	9606	0.913	0	0	0	0	0.913	0	0
9606.ENSP00000343896	9606.ENSP00000484789	SMARCA4	H4C5	9606	0.913	0	0	0	0	0.913	0	0
9606.ENSP00000343896	9606.ENSP00000480960	SMARCA4	H4C13	9606	0.913	0	0	0	0	0.913	0	0
9606.ENSP00000343896	9606.ENSP00000479461	SMARCA4	H4C4	9606	0.913	0	0	0	0	0.913	0	0
9606.ENSP00000343896	9606.ENSP00000367034	SMARCA4	H4C3	9606	0.913	0	0	0	0	0.913	0	0
9606.ENSP00000343896	9606.ENSP00000366974	SMARCA4	H4C2	9606	0.913	0	0	0	0	0.913	0	0
9606.ENSP00000343896	9606.ENSP00000462667	SMARCA4	H4C14	9606	0.913	0	0	0	0	0.913	0	0
9606.ENSP00000343896	9606.ENSP00000479794	SMARCA4	H4C12	9606	0.913	0	0	0	0	0.913	0	0
9606.ENSP00000343896	9606.ENSP00000256474	SMARCA4	VHL	9606	0.9	0	0	0	0	0.9	0	0
9606.ENSP00000343896	9606.ENSP00000358151	SMARCA4	H2BC21	9606	0.896	0	0	0	0	0.828	0	0.421
9606.ENSP00000343896	9606.ENSP00000380093	SMARCA4	SOX10	9606	0.895	0	0	0	0	0	0.8	0.499
9606.ENSP00000343896	9606.ENSP00000408617	SMARCA4	HDAC9	9606	0.893	0	0	0	0	0.292	0	0.856
9606.ENSP00000343896	9606.ENSP00000267163	SMARCA4	RB1	9606	0.891	0	0	0	0	0.457	0.72	0.343
9606.ENSP00000343896	9606.ENSP00000250003	SMARCA4	MYOD1	9606	0.89	0	0	0	0	0.457	0	0.806
9606.ENSP00000343896	9606.ENSP00000355657	SMARCA4	H3-4	9606	0.88	0	0	0	0	0.393	0	0.811
9606.ENSP00000343896	9606.ENSP00000478887	SMARCA4	MYC	9606	0.877	0	0	0	0	0.47	0	0.779
9606.ENSP00000343896	9606.ENSP00000344352	SMARCA4	ATF3	9606	0.858	0	0	0	0	0.457	0	0.75
9606.ENSP00000343896	9606.ENSP00000362649	SMARCA4	HDAC1	9606	0.857	0	0	0	0	0.457	0	0.748
9606.ENSP00000343896	9606.ENSP00000327758	SMARCA4	NKX2-5	9606	0.854	0	0	0	0	0.041	0	0.854
9606.ENSP00000343896	9606.ENSP00000262367	SMARCA4	CREBBP	9606	0.853	0	0	0	0	0.457	0	0.742
9606.ENSP00000343896	9606.ENSP00000395772	SMARCA4	GNL3	9606	0.847	0	0	0	0	0	0	0.847
9606.ENSP00000343896	9606.ENSP00000254846	SMARCA4	KDM6B	9606	0.846	0	0	0	0	0	0	0.846
9606.ENSP00000343896	9606.ENSP00000160382	SMARCA4	ACTL6B	9606	0.843	0	0	0	0	0.286	0.72	0.28
9606.ENSP00000343896	9606.ENSP00000264709	SMARCA4	DNMT3A	9606	0.843	0	0	0	0	0	0	0.843
9606.ENSP00000343896	9606.ENSP00000355780	SMARCA4	H3-3A	9606	0.828	0	0	0	0	0.828	0	0
9606.ENSP00000343896	9606.ENSP00000309913	SMARCA4	TBX5	9606	0.821	0	0	0	0	0.292	0	0.758
9606.ENSP00000343896	9606.ENSP00000373952	SMARCA4	FANCA	9606	0.82	0	0	0	0	0.303	0	0.753
9606.ENSP00000343896	9606.ENSP00000332790	SMARCA4	H2AC21	9606	0.818	0	0	0	0	0.818	0	0
9606.ENSP00000343896	9606.ENSP00000367022	SMARCA4	H2AC6	9606	0.818	0	0	0	0	0.818	0	0
9606.ENSP00000343896	9606.ENSP00000445633	SMARCA4	H2BC8	9606	0.814	0	0	0	0	0.813	0	0
9606.ENSP00000343896	9606.ENSP00000283131	SMARCA4	SMARCA5	9606	0.808	0	0	0	0	0.043	0	0.808
9606.ENSP00000343896	9606.ENSP00000489317	SMARCA4	H2BC6	9606	0.802	0	0	0	0	0.802	0	0
9606.ENSP00000343896	9606.ENSP00000321744	SMARCA4	H2BC4	9606	0.802	0	0	0	0	0.802	0	0
9606.ENSP00000343896	9606.ENSP00000348924	SMARCA4	H2BC7	9606	0.802	0	0	0	0	0.802	0	0
9606.ENSP00000343896	9606.ENSP00000366962	SMARCA4	H2BC10	9606	0.802	0	0	0	0	0.802	0	0
9606.ENSP00000343896	9606.ENSP00000477527	SMARCA4	H2BC17	9606	0.802	0	0	0	0	0.802	0	0
9606.ENSP00000343896	9606.ENSP00000478121	SMARCA4	ELOC	9606	0.8	0	0	0	0	0.8	0	0
9606.ENSP00000343896	9606.ENSP00000262306	SMARCA4	ELOB	9606	0.8	0	0	0	0	0.8	0	0
9606.ENSP00000343896	9606.ENSP00000242480	SMARCA4	EGR2	9606	0.8	0	0	0	0	0	0.8	0
9606.ENSP00000343896	9606.ENSP00000458162	SMARCA4	ACTG1	9606	0.799	0	0	0	0	0.247	0.65	0.299
9606.ENSP00000343896	9606.ENSP00000253024	SMARCA4	TRIM28	9606	0.788	0	0	0	0	0.457	0	0.626
9606.ENSP00000343896	9606.ENSP00000254108	SMARCA4	FUS	9606	0.787	0	0	0	0	0.424	0	0.647
9606.ENSP00000343896	9606.ENSP00000225916	SMARCA4	KAT2A	9606	0.783	0	0	0	0	0	0	0.783
9606.ENSP00000343896	9606.ENSP00000263754	SMARCA4	KAT2B	9606	0.781	0	0	0	0	0	0	0.781
9606.ENSP00000343896	9606.ENSP00000339835	SMARCA4	H3-5	9606	0.772	0	0	0	0	0.178	0	0.734
9606.ENSP00000343896	9606.ENSP00000383042	SMARCA4	KDM1A	9606	0.763	0	0	0	0	0.292	0	0.68
9606.ENSP00000343896	9606.ENSP00000324856	SMARCA4	STK11	9606	0.761	0	0	0	0	0.469	0	0.569
9606.ENSP00000343896	9606.ENSP00000315768	SMARCA4	STAT2	9606	0.759	0	0	0	0	0.292	0	0.674
9606.ENSP00000343896	9606.ENSP00000320171	SMARCA4	PKM	9606	0.749	0	0	0	0	0	0	0.749
9606.ENSP00000343896	9606.ENSP00000256996	SMARCA4	DDB2	9606	0.744	0	0	0	0	0	0	0.744
9606.ENSP00000343896	9606.ENSP00000435712	SMARCA4	GATA4	9606	0.737	0	0	0	0	0	0	0.737
9606.ENSP00000343896	9606.ENSP00000291890	SMARCA4	NCR1	9606	0.72	0	0	0	0	0	0.72	0
9606.ENSP00000343896	9606.ENSP00000263377	SMARCA4	BRD4	9606	0.709	0	0	0	0	0.457	0	0.487
9606.ENSP00000344782	9606.ENSP00000383042	GFI1B	KDM1A	9606	0.917	0	0	0	0	0.457	0	0.855
9606.ENSP00000344782	9606.ENSP00000262241	GFI1B	RCOR1	9606	0.878	0	0	0	0	0.292	0	0.836
9606.ENSP00000344782	9606.ENSP00000362649	GFI1B	HDAC1	9606	0.711	0	0	0	0	0	0	0.711
9606.ENSP00000345206	9606.ENSP00000292599	RBPJ	MAML1	9606	0.999	0	0	0	0	0.96	0.9	0.987
9606.ENSP00000345206	9606.ENSP00000498587	RBPJ	NOTCH1	9606	0.999	0	0	0	0	0.952	0.9	0.982
9606.ENSP00000345206	9606.ENSP00000421180	RBPJ	MAML3	9606	0.997	0	0	0	0	0.292	0.8	0.982
9606.ENSP00000345206	9606.ENSP00000434552	RBPJ	MAML2	9606	0.997	0	0	0	0	0.292	0.8	0.986
9606.ENSP00000345206	9606.ENSP00000384018	RBPJ	NCOR2	9606	0.977	0	0	0	0	0.457	0.5	0.924
9606.ENSP00000345206	9606.ENSP00000451129	RBPJ	SNW1	9606	0.951	0	0	0	0	0.457	0.9	0.174
9606.ENSP00000345206	9606.ENSP00000263754	RBPJ	KAT2B	9606	0.941	0	0	0	0	0.292	0.5	0.849
9606.ENSP00000345206	9606.ENSP00000365687	RBPJ	PTF1A	9606	0.936	0	0	0	0	0.23	0	0.92
9606.ENSP00000345206	9606.ENSP00000268712	RBPJ	NCOR1	9606	0.934	0	0	0	0	0	0.5	0.874
9606.ENSP00000345206	9606.ENSP00000263388	RBPJ	NOTCH3	9606	0.932	0	0	0	0	0.659	0.8	0.092
9606.ENSP00000345206	9606.ENSP00000256646	RBPJ	NOTCH2	9606	0.919	0	0	0	0	0.546	0.8	0.187
9606.ENSP00000345206	9606.ENSP00000436423	RBPJ	GNLY	9606	0.916	0	0	0	0	0	0	0.916
9606.ENSP00000345206	9606.ENSP00000225916	RBPJ	KAT2A	9606	0.914	0	0	0	0	0.23	0.5	0.795
9606.ENSP00000345206	9606.ENSP00000341243	RBPJ	RBPJL	9606	0.9	0	0	0	0	0	0.9	0
9606.ENSP00000345206	9606.ENSP00000349041	RBPJ	NRARP	9606	0.9	0	0	0	0	0.9	0	0
9606.ENSP00000345206	9606.ENSP00000495360	RBPJ	CTNNB1	9606	0.874	0	0	0	0	0	0	0.874
9606.ENSP00000345206	9606.ENSP00000498684	RBPJ	FHL1	9606	0.869	0	0	0	0	0.706	0	0.575
9606.ENSP00000345206	9606.ENSP00000362649	RBPJ	HDAC1	9606	0.849	0	0	0	0	0	0.5	0.712
9606.ENSP00000345206	9606.ENSP00000262367	RBPJ	CREBBP	9606	0.824	0	0	0	0	0	0.8	0.159
9606.ENSP00000345206	9606.ENSP00000263253	RBPJ	EP300	9606	0.818	0	0	0	0	0	0.5	0.652
9606.ENSP00000345206	9606.ENSP00000364163	RBPJ	NOTCH4	9606	0.8	0	0	0	0	0	0.8	0
9606.ENSP00000345206	9606.ENSP00000364912	RBPJ	SPEN	9606	0.786	0	0	0	0	0.609	0	0.474
9606.ENSP00000345206	9606.ENSP00000430432	RBPJ	HDAC2	9606	0.733	0	0	0	0	0.164	0.5	0.413
9606.ENSP00000345206	9606.ENSP00000269305	RBPJ	TP53	9606	0.729	0	0	0	0	0.292	0	0.634
9606.ENSP00000345571	9606.ENSP00000364519	E2F1	TFDP1	9606	0.999	0	0	0	0	0.964	0.8	0.96
9606.ENSP00000345571	9606.ENSP00000267163	E2F1	RB1	9606	0.999	0	0	0	0	0.965	0.72	0.984
9606.ENSP00000345571	9606.ENSP00000355249	E2F1	E2F2	9606	0.989	0	0	0	0	0.55	0.9	0.779
9606.ENSP00000345571	9606.ENSP00000481380	E2F1	CCNA2	9606	0.987	0	0	0	0	0.457	0.5	0.959
9606.ENSP00000345571	9606.ENSP00000362649	E2F1	HDAC1	9606	0.985	0	0	0	0	0.457	0	0.974
9606.ENSP00000345571	9606.ENSP00000255465	E2F1	CCNA1	9606	0.983	0	0	0	0	0.457	0.5	0.943
9606.ENSP00000345571	9606.ENSP00000339527	E2F1	FOXO3	9606	0.982	0	0	0	0	0	0	0.982
9606.ENSP00000345571	9606.ENSP00000420616	E2F1	TFDP2	9606	0.978	0	0	0	0	0.622	0.8	0.733
9606.ENSP00000345571	9606.ENSP00000262904	E2F1	E2F3	9606	0.967	0	0	0	0	0.492	0.9	0.408
9606.ENSP00000345571	9606.ENSP00000258149	E2F1	MDM2	9606	0.95	0	0	0	0	0.457	0	0.912
9606.ENSP00000345571	9606.ENSP00000497916	E2F1	NDN	9606	0.943	0	0	0	0	0.457	0	0.9
9606.ENSP00000345571	9606.ENSP00000329357	E2F1	SP1	9606	0.935	0	0	0	0	0.457	0.5	0.781
9606.ENSP00000345571	9606.ENSP00000478887	E2F1	MYC	9606	0.92	0	0	0	0	0.166	0	0.909
9606.ENSP00000345571	9606.ENSP00000260810	E2F1	TOPBP1	9606	0.913	0	0	0	0	0.457	0	0.847
9606.ENSP00000345571	9606.ENSP00000352516	E2F1	DNMT1	9606	0.913	0	0	0	0	0.287	0	0.883
9606.ENSP00000345571	9606.ENSP00000309555	E2F1	HCFC1	9606	0.908	0	0	0	0	0.457	0	0.838
9606.ENSP00000345571	9606.ENSP00000251864	E2F1	TDRD1	9606	0.9	0	0	0	0	0.9	0	0
9606.ENSP00000345571	9606.ENSP00000378702	E2F1	BRD2	9606	0.9	0	0	0	0	0.592	0	0.765
9606.ENSP00000345571	9606.ENSP00000368686	E2F1	E2F4	9606	0.871	0	0	0	0	0.492	0	0.757
9606.ENSP00000345571	9606.ENSP00000269305	E2F1	TP53	9606	0.85	0	0	0	0	0.457	0	0.736
9606.ENSP00000345571	9606.ENSP00000427514	E2F1	CEBPA	9606	0.836	0	0	0	0	0	0.5	0.686
9606.ENSP00000345571	9606.ENSP00000266970	E2F1	CDK2	9606	0.826	0	0	0	0	0.457	0.5	0.411
9606.ENSP00000345571	9606.ENSP00000226574	E2F1	NFKB1	9606	0.795	0	0	0	0	0.422	0	0.66
9606.ENSP00000345571	9606.ENSP00000352925	E2F1	TRRAP	9606	0.771	0	0	0	0	0.457	0	0.596
9606.ENSP00000345571	9606.ENSP00000263253	E2F1	EP300	9606	0.763	0	0	0	0	0.457	0	0.583
9606.ENSP00000345571	9606.ENSP00000263377	E2F1	BRD4	9606	0.757	0	0	0	0	0.662	0	0.311
9606.ENSP00000345571	9606.ENSP00000418915	E2F1	CDKN2A	9606	0.742	0	0	0	0	0.457	0	0.546
9606.ENSP00000345571	9606.ENSP00000384849	E2F1	CDKN1A	9606	0.71	0	0	0	0	0.226	0	0.641
9606.ENSP00000349313	9606.ENSP00000421491	NHEJ1	XRCC4	9606	0.999	0	0	0	0	0.967	0.9	0.982
9606.ENSP00000349313	9606.ENSP00000352257	NHEJ1	XRCC6	9606	0.999	0	0	0	0	0.9	0.9	0.949
9606.ENSP00000349313	9606.ENSP00000375978	NHEJ1	XRCC5	9606	0.999	0	0	0	0	0.95	0.9	0.839
9606.ENSP00000349313	9606.ENSP00000484288	NHEJ1	LIG4	9606	0.999	0	0	0	0	0.929	0.9	0.982
9606.ENSP00000349313	9606.ENSP00000313420	NHEJ1	PRKDC	9606	0.999	0	0	0	0	0.886	0.9	0.953
9606.ENSP00000349313	9606.ENSP00000360682	NHEJ1	PAXX	9606	0.998	0	0	0	0	0.287	0.9	0.977
9606.ENSP00000349313	9606.ENSP00000278616	NHEJ1	ATM	9606	0.926	0	0	0	0	0.292	0.9	0
9606.ENSP00000349313	9606.ENSP00000350708	NHEJ1	RAD23B	9606	0.9	0	0	0	0	0	0.9	0
9606.ENSP00000349313	9606.ENSP00000262241	NHEJ1	RCOR1	9606	0.9	0	0	0	0	0	0.9	0
9606.ENSP00000349313	9606.ENSP00000285021	NHEJ1	XPC	9606	0.9	0	0	0	0	0	0.9	0
9606.ENSP00000349313	9606.ENSP00000383042	NHEJ1	KDM1A	9606	0.9	0	0	0	0	0	0.9	0
9606.ENSP00000349313	9606.ENSP00000310520	NHEJ1	ERCC4	9606	0.9	0	0	0	0	0	0.9	0
9606.ENSP00000349313	9606.ENSP00000310008	NHEJ1	SWSAP1	9606	0.9	0	0	0	0	0	0.9	0
9606.ENSP00000349313	9606.ENSP00000498881	NHEJ1	ERCC5	9606	0.9	0	0	0	0	0	0.9	0
9606.ENSP00000349313	9606.ENSP00000234420	NHEJ1	MSH6	9606	0.9	0	0	0	0	0	0.9	0
9606.ENSP00000349313	9606.ENSP00000382218	NHEJ1	ZSWIM7	9606	0.9	0	0	0	0	0	0.9	0
9606.ENSP00000349313	9606.ENSP00000367527	NHEJ1	DCLRE1C	9606	0.9	0	0	0	0	0	0.9	0
9606.ENSP00000349313	9606.ENSP00000472445	NHEJ1	POLD1	9606	0.9	0	0	0	0	0	0.9	0
9606.ENSP00000349313	9606.ENSP00000013807	NHEJ1	ERCC1	9606	0.9	0	0	0	0	0	0.9	0
9606.ENSP00000349313	9606.ENSP00000359300	NHEJ1	CETN2	9606	0.9	0	0	0	0	0	0.9	0
9606.ENSP00000349313	9606.ENSP00000300145	NHEJ1	ATP23	9606	0.9	0	0	0	0	0	0.9	0
9606.ENSP00000349313	9606.ENSP00000233146	NHEJ1	MSH2	9606	0.9	0	0	0	0	0	0.9	0
9606.ENSP00000349313	9606.ENSP00000265038	NHEJ1	ERCC8	9606	0.9	0	0	0	0	0	0.9	0
9606.ENSP00000349313	9606.ENSP00000398824	NHEJ1	PHF21A	9606	0.9	0	0	0	0	0	0.9	0
9606.ENSP00000349313	9606.ENSP00000265081	NHEJ1	MSH3	9606	0.72	0	0	0	0	0	0.72	0
9606.ENSP00000350676	9606.ENSP00000352252	PHF8	H3C12	9606	0.967	0	0	0	0	0.915	0.5	0.297
9606.ENSP00000350676	9606.ENSP00000333277	PHF8	H3C13	9606	0.963	0	0	0	0	0.903	0.5	0.297
9606.ENSP00000350676	9606.ENSP00000254810	PHF8	H3-3B	9606	0.963	0	0	0	0	0.903	0.5	0.297
9606.ENSP00000350676	9606.ENSP00000480826	PHF8	H3C1	9606	0.945	0	0	0	0	0.944	0	0
9606.ENSP00000350676	9606.ENSP00000260810	PHF8	TOPBP1	9606	0.939	0	0	0	0	0.939	0	0
9606.ENSP00000350676	9606.ENSP00000339835	PHF8	H3-5	9606	0.929	0	0	0	0	0.903	0	0.297
9606.ENSP00000350676	9606.ENSP00000499501	PHF8	H3-2	9606	0.929	0	0	0	0	0.903	0	0.297
9606.ENSP00000350676	9606.ENSP00000489282	PHF8	H3C6	9606	0.903	0	0	0	0	0.903	0	0
9606.ENSP00000350676	9606.ENSP00000355780	PHF8	H3-3A	9606	0.903	0	0	0	0	0.903	0	0
9606.ENSP00000350676	9606.ENSP00000484658	PHF8	H3C3	9606	0.903	0	0	0	0	0.903	0	0
9606.ENSP00000350676	9606.ENSP00000385479	PHF8	H3C15	9606	0.903	0	0	0	0	0.903	0	0
9606.ENSP00000350676	9606.ENSP00000366999	PHF8	H3C4	9606	0.903	0	0	0	0	0.903	0	0
9606.ENSP00000350676	9606.ENSP00000484095	PHF8	H3C7	9606	0.903	0	0	0	0	0.903	0	0
9606.ENSP00000350676	9606.ENSP00000358160	PHF8	H3C10	9606	0.903	0	0	0	0	0.903	0	0
9606.ENSP00000350676	9606.ENSP00000484638	PHF8	H3C8	9606	0.903	0	0	0	0	0.903	0	0
9606.ENSP00000350676	9606.ENSP00000484841	PHF8	H3C2	9606	0.903	0	0	0	0	0.903	0	0
9606.ENSP00000350676	9606.ENSP00000358154	PHF8	H3C14	9606	0.903	0	0	0	0	0.903	0	0
9606.ENSP00000350676	9606.ENSP00000483283	PHF8	H3C11	9606	0.903	0	0	0	0	0.903	0	0
9606.ENSP00000350676	9606.ENSP00000309555	PHF8	HCFC1	9606	0.864	0	0	0	0	0.292	0	0.817
9606.ENSP00000350676	9606.ENSP00000436786	PHF8	KMT2A	9606	0.808	0	0	0	0	0	0	0.808
9606.ENSP00000350676	9606.ENSP00000355657	PHF8	H3-4	9606	0.799	0	0	0	0	0.475	0.5	0.297
9606.ENSP00000350676	9606.ENSP00000329097	PHF8	PHF6	9606	0.794	0	0	0	0	0	0	0.794
9606.ENSP00000350676	9606.ENSP00000244537	PHF8	H4C6	9606	0.716	0	0	0	0	0.457	0.5	0
9606.ENSP00000350708	9606.ENSP00000285021	RAD23B	XPC	9606	0.999	0	0	0	0	0.71	0.9	0.976
9606.ENSP00000350708	9606.ENSP00000359300	RAD23B	CETN2	9606	0.998	0	0	0	0	0.457	0.9	0.982
9606.ENSP00000350708	9606.ENSP00000357876	RAD23B	PSMD4	9606	0.996	0	0	0	0	0.971	0	0.894
9606.ENSP00000350708	9606.ENSP00000496695	RAD23B	ATXN3	9606	0.972	0	0	0	0	0.457	0.7	0.843
9606.ENSP00000350708	9606.ENSP00000280700	RAD23B	NGLY1	9606	0.969	0	0	0	0	0.797	0.8	0.302
9606.ENSP00000350708	9606.ENSP00000013807	RAD23B	ERCC1	9606	0.957	0	0	0	0	0	0.9	0.595
9606.ENSP00000350708	9606.ENSP00000467024	RAD23B	RAD23A	9606	0.943	0	0	0	0	0.457	0.9	0
9606.ENSP00000350708	9606.ENSP00000498881	RAD23B	ERCC5	9606	0.9	0	0	0	0	0	0.9	0
9606.ENSP00000350708	9606.ENSP00000360682	RAD23B	PAXX	9606	0.9	0	0	0	0	0	0.9	0
9606.ENSP00000350708	9606.ENSP00000421491	RAD23B	XRCC4	9606	0.9	0	0	0	0	0	0.9	0
9606.ENSP00000350708	9606.ENSP00000383042	RAD23B	KDM1A	9606	0.9	0	0	0	0	0	0.9	0
9606.ENSP00000350708	9606.ENSP00000367527	RAD23B	DCLRE1C	9606	0.9	0	0	0	0	0	0.9	0
9606.ENSP00000350708	9606.ENSP00000398824	RAD23B	PHF21A	9606	0.9	0	0	0	0	0	0.9	0
9606.ENSP00000350708	9606.ENSP00000472445	RAD23B	POLD1	9606	0.9	0	0	0	0	0	0.9	0
9606.ENSP00000350708	9606.ENSP00000234420	RAD23B	MSH6	9606	0.9	0	0	0	0	0	0.9	0
9606.ENSP00000350708	9606.ENSP00000310008	RAD23B	SWSAP1	9606	0.9	0	0	0	0	0	0.9	0
9606.ENSP00000350708	9606.ENSP00000375978	RAD23B	XRCC5	9606	0.9	0	0	0	0	0	0.9	0
9606.ENSP00000350708	9606.ENSP00000262241	RAD23B	RCOR1	9606	0.9	0	0	0	0	0	0.9	0
9606.ENSP00000350708	9606.ENSP00000349313	RAD23B	NHEJ1	9606	0.9	0	0	0	0	0	0.9	0
9606.ENSP00000350708	9606.ENSP00000313420	RAD23B	PRKDC	9606	0.9	0	0	0	0	0	0.9	0
9606.ENSP00000350708	9606.ENSP00000382218	RAD23B	ZSWIM7	9606	0.9	0	0	0	0	0	0.9	0
9606.ENSP00000350708	9606.ENSP00000310520	RAD23B	ERCC4	9606	0.9	0	0	0	0	0	0.9	0
9606.ENSP00000350708	9606.ENSP00000352257	RAD23B	XRCC6	9606	0.9	0	0	0	0	0	0.9	0
9606.ENSP00000350708	9606.ENSP00000300145	RAD23B	ATP23	9606	0.9	0	0	0	0	0	0.9	0
9606.ENSP00000350708	9606.ENSP00000265038	RAD23B	ERCC8	9606	0.9	0	0	0	0	0	0.9	0
9606.ENSP00000350708	9606.ENSP00000278616	RAD23B	ATM	9606	0.9	0	0	0	0	0	0.9	0
9606.ENSP00000350708	9606.ENSP00000233146	RAD23B	MSH2	9606	0.9	0	0	0	0	0	0.9	0
9606.ENSP00000350708	9606.ENSP00000484288	RAD23B	LIG4	9606	0.9	0	0	0	0	0	0.9	0
9606.ENSP00000350708	9606.ENSP00000343001	RAD23B	UBE4B	9606	0.888	0	0	0	0	0.769	0	0.535
9606.ENSP00000350708	9606.ENSP00000364270	RAD23B	XPA	9606	0.887	0	0	0	0	0.076	0.54	0.756
9606.ENSP00000350708	9606.ENSP00000290649	RAD23B	AMFR	9606	0.881	0	0	0	0	0	0.8	0.433
9606.ENSP00000350708	9606.ENSP00000261303	RAD23B	PSMC1	9606	0.877	0	0	0	0	0.413	0.8	0
9606.ENSP00000350708	9606.ENSP00000294119	RAD23B	UBXN1	9606	0.859	0	0	0	0	0	0.8	0.324
9606.ENSP00000350708	9606.ENSP00000369996	RAD23B	ATXN3L	9606	0.843	0	0	0	0	0	0	0.843
9606.ENSP00000350708	9606.ENSP00000441543	RAD23B	UBC	9606	0.831	0	0	0	0	0.676	0.5	0
9606.ENSP00000350708	9606.ENSP00000259512	RAD23B	DERL1	9606	0.8	0	0	0	0	0	0.8	0
9606.ENSP00000350708	9606.ENSP00000301764	RAD23B	DDB1	9606	0.771	0	0	0	0	0	0.5	0.561
9606.ENSP00000350708	9606.ENSP00000310129	RAD23B	PSMD2	9606	0.747	0	0	0	0	0.627	0	0.348
9606.ENSP00000350708	9606.ENSP00000256996	RAD23B	DDB2	9606	0.728	0	0	0	0	0	0.5	0.479
9606.ENSP00000350708	9606.ENSP00000265081	RAD23B	MSH3	9606	0.72	0	0	0	0	0	0.72	0
9606.ENSP00000350708	9606.ENSP00000272317	RAD23B	RPS27A	9606	0.716	0	0	0	0	0.457	0.5	0
9606.ENSP00000351446	9606.ENSP00000345837	WDR5	DPY30	9606	0.999	0	0	0	0	0.895	0.9	0.987
9606.ENSP00000351446	9606.ENSP00000262189	WDR5	KMT2C	9606	0.999	0	0	0	0	0.96	0.9	0.968
9606.ENSP00000351446	9606.ENSP00000333277	WDR5	H3C13	9606	0.999	0	0	0	0	0.904	0.7	0.981
9606.ENSP00000351446	9606.ENSP00000436786	WDR5	KMT2A	9606	0.999	0	0	0	0	0.96	0.9	0.95
9606.ENSP00000351446	9606.ENSP00000355657	WDR5	H3-4	9606	0.999	0	0	0	0	0.961	0	0.981
9606.ENSP00000351446	9606.ENSP00000340896	WDR5	ASH2L	9606	0.999	0	0	0	0	0.944	0.9	0.987
9606.ENSP00000351446	9606.ENSP00000390475	WDR5	CXXC1	9606	0.999	0	0	0	0	0.67	0.9	0.974
9606.ENSP00000351446	9606.ENSP00000262519	WDR5	SETD1A	9606	0.999	0	0	0	0	0.969	0.9	0.961
9606.ENSP00000351446	9606.ENSP00000352252	WDR5	H3C12	9606	0.999	0	0	0	0	0.961	0.7	0.982
9606.ENSP00000351446	9606.ENSP00000264515	WDR5	RBBP5	9606	0.999	0	0	0	0	0.973	0.9	0.987
9606.ENSP00000351446	9606.ENSP00000474253	WDR5	SETD1B	9606	0.999	0	0	0	0	0.974	0.9	0.853
9606.ENSP00000351446	9606.ENSP00000254810	WDR5	H3-3B	9606	0.999	0	0	0	0	0.904	0.5	0.981
9606.ENSP00000351446	9606.ENSP00000309555	WDR5	HCFC1	9606	0.998	0	0	0	0	0.587	0.9	0.975
9606.ENSP00000351446	9606.ENSP00000499501	WDR5	H3-2	9606	0.998	0	0	0	0	0.904	0	0.981
9606.ENSP00000351446	9606.ENSP00000387393	WDR5	KANSL1	9606	0.998	0	0	0	0	0.96	0.9	0.689
9606.ENSP00000351446	9606.ENSP00000301067	WDR5	KMT2D	9606	0.998	0	0	0	0	0.96	0.9	0.54
9606.ENSP00000351446	9606.ENSP00000415436	WDR5	KANSL2	9606	0.998	0	0	0	0	0.955	0.8	0.886
9606.ENSP00000351446	9606.ENSP00000296490	WDR5	WDR82	9606	0.998	0	0	0	0	0.252	0.9	0.984
9606.ENSP00000351446	9606.ENSP00000339835	WDR5	H3-5	9606	0.998	0	0	0	0	0.904	0	0.981
9606.ENSP00000351446	9606.ENSP00000225916	WDR5	KAT2A	9606	0.996	0	0	0	0	0.567	0.72	0.976
9606.ENSP00000351446	9606.ENSP00000367203	WDR5	KDM6A	9606	0.996	0	0	0	0	0.486	0.9	0.945
9606.ENSP00000351446	9606.ENSP00000398837	WDR5	KMT2B	9606	0.991	0	0	0	0	0.96	0.54	0.597
9606.ENSP00000351446	9606.ENSP00000384048	WDR5	PAXIP1	9606	0.99	0	0	0	0	0.457	0.9	0.843
9606.ENSP00000351446	9606.ENSP00000349640	WDR5	MCRS1	9606	0.988	0	0	0	0	0.352	0.9	0.842
9606.ENSP00000351446	9606.ENSP00000363124	WDR5	PHF20	9606	0.988	0	0	0	0	0.404	0.9	0.819
9606.ENSP00000351446	9606.ENSP00000370542	WDR5	SDC1	9606	0.982	0	0	0	0	0	0	0.982
9606.ENSP00000351446	9606.ENSP00000446252	WDR5	SOD2	9606	0.981	0	0	0	0	0	0	0.981
9606.ENSP00000351446	9606.ENSP00000406037	WDR5	KAT8	9606	0.981	0	0	0	0	0.457	0.9	0.68
9606.ENSP00000351446	9606.ENSP00000259915	WDR5	POU5F1	9606	0.98	0	0	0	0	0.292	0	0.974
9606.ENSP00000351446	9606.ENSP00000396749	WDR5	KANSL3	9606	0.98	0	0	0	0	0.329	0.8	0.867
9606.ENSP00000351446	9606.ENSP00000326519	WDR5	PAGR1	9606	0.979	0	0	0	0	0.457	0.9	0.651
9606.ENSP00000351446	9606.ENSP00000495240	WDR5	CHD8	9606	0.978	0	0	0	0	0.457	0.9	0.629
9606.ENSP00000351446	9606.ENSP00000363929	WDR5	NCOA6	9606	0.976	0	0	0	0	0.593	0.8	0.733
9606.ENSP00000351446	9606.ENSP00000386759	WDR5	SETD2	9606	0.976	0	0	0	0	0	0	0.976
9606.ENSP00000351446	9606.ENSP00000344220	WDR5	PDPK1	9606	0.976	0	0	0	0	0.96	0	0.432
9606.ENSP00000351446	9606.ENSP00000356480	WDR5	RNF2	9606	0.974	0	0	0	0	0.504	0.9	0.518
9606.ENSP00000351446	9606.ENSP00000370936	WDR5	E2F6	9606	0.973	0	0	0	0	0.512	0.9	0.499
9606.ENSP00000351446	9606.ENSP00000362824	WDR5	OGT	9606	0.973	0	0	0	0	0.355	0.8	0.813
9606.ENSP00000351446	9606.ENSP00000263754	WDR5	KAT2B	9606	0.972	0	0	0	0	0.616	0.72	0.766
9606.ENSP00000351446	9606.ENSP00000216237	WDR5	L3MBTL2	9606	0.964	0	0	0	0	0.534	0	0.927
9606.ENSP00000351446	9606.ENSP00000480826	WDR5	H3C1	9606	0.963	0	0	0	0	0.961	0	0.083
9606.ENSP00000351446	9606.ENSP00000359295	WDR5	DR1	9606	0.957	0	0	0	0	0.608	0.8	0.506
9606.ENSP00000351446	9606.ENSP00000306983	WDR5	YEATS2	9606	0.957	0	0	0	0	0.503	0.8	0.608
9606.ENSP00000351446	9606.ENSP00000219905	WDR5	MGA	9606	0.948	0	0	0	0	0.503	0.9	0
9606.ENSP00000351446	9606.ENSP00000337088	WDR5	MEN1	9606	0.944	0	0	0	0	0.457	0.8	0.531
9606.ENSP00000351446	9606.ENSP00000312709	WDR5	TAF7	9606	0.943	0	0	0	0	0.46	0.9	0
9606.ENSP00000351446	9606.ENSP00000244537	WDR5	H4C6	9606	0.943	0	0	0	0	0.89	0.5	0
9606.ENSP00000351446	9606.ENSP00000314029	WDR5	SENP3	9606	0.937	0	0	0	0	0.404	0.9	0
9606.ENSP00000351446	9606.ENSP00000359837	WDR5	ZZZ3	9606	0.936	0	0	0	0	0.516	0.8	0.392
9606.ENSP00000351446	9606.ENSP00000399718	WDR5	MBIP	9606	0.934	0	0	0	0	0.523	0.8	0.373
9606.ENSP00000351446	9606.ENSP00000330381	WDR5	WDR5B	9606	0.933	0	0	0	0	0.363	0.9	0
9606.ENSP00000351446	9606.ENSP00000478887	WDR5	MYC	9606	0.93	0	0	0	0	0.457	0	0.877
9606.ENSP00000351446	9606.ENSP00000351490	WDR5	MAX	9606	0.928	0	0	0	0	0.313	0.9	0
9606.ENSP00000351446	9606.ENSP00000406549	WDR5	TAF1	9606	0.926	0	0	0	0	0.292	0.9	0
9606.ENSP00000351446	9606.ENSP00000484658	WDR5	H3C3	9606	0.922	0	0	0	0	0.904	0	0.222
9606.ENSP00000351446	9606.ENSP00000489282	WDR5	H3C6	9606	0.922	0	0	0	0	0.904	0	0.222
9606.ENSP00000351446	9606.ENSP00000318297	WDR5	RUVBL1	9606	0.912	0	0	0	0	0.164	0.9	0
9606.ENSP00000351446	9606.ENSP00000252996	WDR5	TAF4	9606	0.912	0	0	0	0	0.164	0.9	0
9606.ENSP00000351446	9606.ENSP00000301396	WDR5	PELP1	9606	0.912	0	0	0	0	0.164	0.9	0
9606.ENSP00000351446	9606.ENSP00000370193	WDR5	TAF9	9606	0.912	0	0	0	0	0.164	0.9	0
9606.ENSP00000351446	9606.ENSP00000391457	WDR5	INO80C	9606	0.912	0	0	0	0	0.164	0.9	0
9606.ENSP00000351446	9606.ENSP00000363944	WDR5	LAS1L	9606	0.912	0	0	0	0	0.164	0.9	0
9606.ENSP00000351446	9606.ENSP00000448598	WDR5	C17orf49	9606	0.912	0	0	0	0	0.164	0.9	0
9606.ENSP00000351446	9606.ENSP00000364037	WDR5	TEX10	9606	0.912	0	0	0	0	0.164	0.9	0
9606.ENSP00000351446	9606.ENSP00000399982	WDR5	TAF6	9606	0.912	0	0	0	0	0.164	0.9	0
9606.ENSP00000351446	9606.ENSP00000473172	WDR5	RUVBL2	9606	0.912	0	0	0	0	0.164	0.9	0
9606.ENSP00000351446	9606.ENSP00000324122	WDR5	PRPF31	9606	0.912	0	0	0	0	0.164	0.9	0
9606.ENSP00000351446	9606.ENSP00000481091	WDR5	TADA2A	9606	0.911	0	0	0	0	0.575	0.8	0
9606.ENSP00000351446	9606.ENSP00000254846	WDR5	KDM6B	9606	0.91	0	0	0	0	0.294	0.54	0.745
9606.ENSP00000351446	9606.ENSP00000355780	WDR5	H3-3A	9606	0.908	0	0	0	0	0.904	0	0.083
9606.ENSP00000351446	9606.ENSP00000483283	WDR5	H3C11	9606	0.908	0	0	0	0	0.904	0	0.083
9606.ENSP00000351446	9606.ENSP00000484638	WDR5	H3C8	9606	0.908	0	0	0	0	0.904	0	0.083
9606.ENSP00000351446	9606.ENSP00000484095	WDR5	H3C7	9606	0.908	0	0	0	0	0.904	0	0.083
9606.ENSP00000351446	9606.ENSP00000358160	WDR5	H3C10	9606	0.908	0	0	0	0	0.904	0	0.083
9606.ENSP00000351446	9606.ENSP00000366999	WDR5	H3C4	9606	0.908	0	0	0	0	0.904	0	0.083
9606.ENSP00000351446	9606.ENSP00000484841	WDR5	H3C2	9606	0.908	0	0	0	0	0.904	0	0.083
9606.ENSP00000351446	9606.ENSP00000307684	WDR5	TADA3	9606	0.905	0	0	0	0	0.548	0.8	0
9606.ENSP00000351446	9606.ENSP00000385479	WDR5	H3C15	9606	0.904	0	0	0	0	0.904	0	0.045
9606.ENSP00000351446	9606.ENSP00000358154	WDR5	H3C14	9606	0.904	0	0	0	0	0.904	0	0.045
9606.ENSP00000351446	9606.ENSP00000392318	WDR5	KAT14	9606	0.904	0	0	0	0	0.54	0.8	0
9606.ENSP00000351446	9606.ENSP00000256474	WDR5	VHL	9606	0.9	0	0	0	0	0.9	0	0
9606.ENSP00000351446	9606.ENSP00000303373	WDR5	H2AC8	9606	0.897	0	0	0	0	0.803	0.5	0
9606.ENSP00000351446	9606.ENSP00000367022	WDR5	H2AC6	9606	0.897	0	0	0	0	0.803	0.5	0
9606.ENSP00000351446	9606.ENSP00000349430	WDR5	H2BC12	9606	0.895	0	0	0	0	0.8	0.5	0
9606.ENSP00000351446	9606.ENSP00000476136	WDR5	H2BC11	9606	0.895	0	0	0	0	0.8	0.5	0
9606.ENSP00000351446	9606.ENSP00000441543	WDR5	UBC	9606	0.892	0	0	0	0	0.891	0	0
9606.ENSP00000351446	9606.ENSP00000316114	WDR5	SGF29	9606	0.892	0	0	0	0	0.459	0.8	0.081
9606.ENSP00000351446	9606.ENSP00000358862	WDR5	PCGF6	9606	0.885	0	0	0	0	0.471	0	0.792
9606.ENSP00000351446	9606.ENSP00000229330	WDR5	HCFC2	9606	0.866	0	0	0	0	0.47	0.54	0.495
9606.ENSP00000351446	9606.ENSP00000272317	WDR5	RPS27A	9606	0.844	0	0	0	0	0.844	0	0
9606.ENSP00000351446	9606.ENSP00000419494	WDR5	RYBP	9606	0.844	0	0	0	0	0.457	0	0.726
9606.ENSP00000351446	9606.ENSP00000388107	WDR5	UBA52	9606	0.843	0	0	0	0	0.843	0	0
9606.ENSP00000351446	9606.ENSP00000478771	WDR5	UBB	9606	0.831	0	0	0	0	0.831	0	0
9606.ENSP00000351446	9606.ENSP00000245255	WDR5	PIWIL1	9606	0.826	0	0	0	0	0	0	0.826
9606.ENSP00000351446	9606.ENSP00000263253	WDR5	EP300	9606	0.817	0	0	0	0	0.292	0.5	0.525
9606.ENSP00000351446	9606.ENSP00000252674	WDR5	MLLT1	9606	0.816	0	0	0	0	0.618	0.54	0
9606.ENSP00000351446	9606.ENSP00000364589	WDR5	CUL4A	9606	0.816	0	0	0	0	0.457	0.5	0.379
9606.ENSP00000351446	9606.ENSP00000363787	WDR5	RING1	9606	0.808	0	0	0	0	0.457	0	0.662
9606.ENSP00000351446	9606.ENSP00000366974	WDR5	H4C2	9606	0.807	0	0	0	0	0.807	0	0
9606.ENSP00000351446	9606.ENSP00000367034	WDR5	H4C3	9606	0.807	0	0	0	0	0.807	0	0
9606.ENSP00000351446	9606.ENSP00000479461	WDR5	H4C4	9606	0.807	0	0	0	0	0.807	0	0
9606.ENSP00000351446	9606.ENSP00000328004	WDR5	YAF2	9606	0.807	0	0	0	0	0.457	0	0.66
9606.ENSP00000351446	9606.ENSP00000479794	WDR5	H4C12	9606	0.807	0	0	0	0	0.807	0	0
9606.ENSP00000351446	9606.ENSP00000462667	WDR5	H4C14	9606	0.807	0	0	0	0	0.807	0	0
9606.ENSP00000351446	9606.ENSP00000481486	WDR5	H4C9	9606	0.807	0	0	0	0	0.807	0	0
9606.ENSP00000351446	9606.ENSP00000484789	WDR5	H4C5	9606	0.807	0	0	0	0	0.807	0	0
9606.ENSP00000351446	9606.ENSP00000479106	WDR5	H4C1	9606	0.807	0	0	0	0	0.807	0	0
9606.ENSP00000351446	9606.ENSP00000480960	WDR5	H4C13	9606	0.807	0	0	0	0	0.807	0	0
9606.ENSP00000351446	9606.ENSP00000347168	WDR5	H4C11	9606	0.807	0	0	0	0	0.807	0	0
9606.ENSP00000351446	9606.ENSP00000489236	WDR5	H4C8	9606	0.807	0	0	0	0	0.807	0	0
9606.ENSP00000351446	9606.ENSP00000462355	WDR5	H4C15	9606	0.807	0	0	0	0	0.807	0	0
9606.ENSP00000351446	9606.ENSP00000443017	WDR5	H4-16	9606	0.807	0	0	0	0	0.807	0	0
9606.ENSP00000351446	9606.ENSP00000482538	WDR5	H2AC16	9606	0.803	0	0	0	0	0.803	0	0
9606.ENSP00000351446	9606.ENSP00000482431	WDR5	H2AC15	9606	0.803	0	0	0	0	0.803	0	0
9606.ENSP00000351446	9606.ENSP00000483842	WDR5	H2AC4	9606	0.803	0	0	0	0	0.803	0	0
9606.ENSP00000351446	9606.ENSP00000352119	WDR5	H2AC11	9606	0.803	0	0	0	0	0.803	0	0
9606.ENSP00000351446	9606.ENSP00000351589	WDR5	H2AC13	9606	0.803	0	0	0	0	0.803	0	0
9606.ENSP00000351446	9606.ENSP00000352627	WDR5	H2AC17	9606	0.803	0	0	0	0	0.803	0	0
9606.ENSP00000351446	9606.ENSP00000262306	WDR5	ELOB	9606	0.8	0	0	0	0	0.8	0	0
9606.ENSP00000351446	9606.ENSP00000478121	WDR5	ELOC	9606	0.8	0	0	0	0	0.8	0	0
9606.ENSP00000351446	9606.ENSP00000384517	WDR5	ARNTL	9606	0.798	0	0	0	0	0.497	0	0.616
9606.ENSP00000351446	9606.ENSP00000468304	WDR5	MBTD1	9606	0.785	0	0	0	0	0	0.72	0.266
9606.ENSP00000351446	9606.ENSP00000302967	WDR5	HDAC3	9606	0.782	0	0	0	0	0.457	0	0.616
9606.ENSP00000351446	9606.ENSP00000494750	WDR5	ACTB	9606	0.763	0	0	0	0	0.19	0.72	0
9606.ENSP00000351446	9606.ENSP00000309644	WDR5	BOD1	9606	0.76	0	0	0	0	0.5	0.54	0
9606.ENSP00000351446	9606.ENSP00000462945	WDR5	MSL1	9606	0.76	0	0	0	0	0.179	0.72	0
9606.ENSP00000351446	9606.ENSP00000040738	WDR5	BOD1L1	9606	0.76	0	0	0	0	0.501	0.54	0
9606.ENSP00000351446	9606.ENSP00000352925	WDR5	TRRAP	9606	0.759	0	0	0	0	0	0.72	0.175
9606.ENSP00000351446	9606.ENSP00000336687	WDR5	CBX3	9606	0.756	0	0	0	0	0.232	0	0.696
9606.ENSP00000351446	9606.ENSP00000301764	WDR5	DDB1	9606	0.742	0	0	0	0	0.457	0.5	0.127
9606.ENSP00000351446	9606.ENSP00000264110	WDR5	ATF2	9606	0.741	0	0	0	0	0	0.72	0.116
9606.ENSP00000351446	9606.ENSP00000384109	WDR5	CUL4B	9606	0.737	0	0	0	0	0.457	0.5	0.11
9606.ENSP00000351446	9606.ENSP00000363286	WDR5	POLE3	9606	0.736	0	0	0	0	0	0.72	0.098
9606.ENSP00000351446	9606.ENSP00000320566	WDR5	ING3	9606	0.721	0	0	0	0	0	0.72	0.046
9606.ENSP00000351446	9606.ENSP00000361363	WDR5	DMAP1	9606	0.721	0	0	0	0	0	0.72	0.045
9606.ENSP00000351446	9606.ENSP00000358335	WDR5	MAP3K7	9606	0.72	0	0	0	0	0	0.72	0
9606.ENSP00000351446	9606.ENSP00000362166	WDR5	MEAF6	9606	0.72	0	0	0	0	0	0.72	0
9606.ENSP00000351446	9606.ENSP00000263062	WDR5	EPC1	9606	0.72	0	0	0	0	0	0.72	0
9606.ENSP00000351446	9606.ENSP00000340330	WDR5	KAT5	9606	0.72	0	0	0	0	0	0.72	0
9606.ENSP00000351446	9606.ENSP00000359518	WDR5	MRGBP	9606	0.72	0	0	0	0	0	0.72	0
9606.ENSP00000351446	9606.ENSP00000397259	WDR5	ATXN7L3	9606	0.72	0	0	0	0	0	0.72	0
9606.ENSP00000351446	9606.ENSP00000358854	WDR5	TAF5	9606	0.72	0	0	0	0	0	0.72	0
9606.ENSP00000351446	9606.ENSP00000356848	WDR5	TADA1	9606	0.72	0	0	0	0	0	0.72	0
9606.ENSP00000351446	9606.ENSP00000258281	WDR5	TAF5L	9606	0.72	0	0	0	0	0	0.72	0
9606.ENSP00000351446	9606.ENSP00000394417	WDR5	MORF4L2	9606	0.72	0	0	0	0	0	0.72	0
9606.ENSP00000351446	9606.ENSP00000367406	WDR5	TAF2	9606	0.72	0	0	0	0	0	0.72	0
9606.ENSP00000351446	9606.ENSP00000263974	WDR5	TAF12	9606	0.72	0	0	0	0	0	0.72	0
9606.ENSP00000351446	9606.ENSP00000417510	WDR5	SUPT20H	9606	0.72	0	0	0	0	0	0.72	0
9606.ENSP00000351446	9606.ENSP00000360515	WDR5	SUPT3H	9606	0.72	0	0	0	0	0	0.72	0
9606.ENSP00000351446	9606.ENSP00000247843	WDR5	YEATS4	9606	0.72	0	0	0	0	0	0.72	0
9606.ENSP00000351446	9606.ENSP00000339917	WDR5	TAF9B	9606	0.72	0	0	0	0	0	0.72	0
9606.ENSP00000351446	9606.ENSP00000254900	WDR5	BRD8	9606	0.72	0	0	0	0	0	0.72	0
9606.ENSP00000351446	9606.ENSP00000346464	WDR5	VPS72	9606	0.72	0	0	0	0	0	0.72	0
9606.ENSP00000351446	9606.ENSP00000311827	WDR5	MSL2	9606	0.72	0	0	0	0	0	0.72	0
9606.ENSP00000351446	9606.ENSP00000397552	WDR5	ACTL6A	9606	0.72	0	0	0	0	0	0.72	0
9606.ENSP00000351446	9606.ENSP00000294168	WDR5	TAF6L	9606	0.72	0	0	0	0	0	0.72	0
9606.ENSP00000351446	9606.ENSP00000261497	WDR5	USP22	9606	0.72	0	0	0	0	0	0.72	0
9606.ENSP00000351446	9606.ENSP00000374212	WDR5	EP400	9606	0.72	0	0	0	0	0	0.72	0
9606.ENSP00000351446	9606.ENSP00000299424	WDR5	TAF10	9606	0.72	0	0	0	0	0	0.72	0
9606.ENSP00000351446	9606.ENSP00000312244	WDR5	MSL3	9606	0.72	0	0	0	0	0	0.72	0
9606.ENSP00000351446	9606.ENSP00000308022	WDR5	TADA2B	9606	0.72	0	0	0	0	0	0.72	0
9606.ENSP00000351446	9606.ENSP00000331310	WDR5	MORF4L1	9606	0.72	0	0	0	0	0	0.72	0
9606.ENSP00000351446	9606.ENSP00000336750	WDR5	SUPT7L	9606	0.72	0	0	0	0	0	0.72	0
9606.ENSP00000351446	9606.ENSP00000258484	WDR5	EPC2	9606	0.72	0	0	0	0	0	0.72	0
9606.ENSP00000351446	9606.ENSP00000420176	WDR5	POLE4	9606	0.72	0	0	0	0	0	0.72	0
9606.ENSP00000351446	9606.ENSP00000429986	WDR5	ENY2	9606	0.72	0	0	0	0	0	0.72	0
9606.ENSP00000352252	9606.ENSP00000244537	H3C12	H4C6	9606	0.999	0	0	0	0	0.965	0.8	0.97
9606.ENSP00000352252	9606.ENSP00000351446	H3C12	WDR5	9606	0.999	0	0	0	0	0.961	0.7	0.982
9606.ENSP00000352252	9606.ENSP00000209875	H3C12	CBX5	9606	0.999	0	0	0	0	0.949	0.5	0.975
9606.ENSP00000352252	9606.ENSP00000332194	H3C12	H2AC20	9606	0.998	0	0	0	0	0.907	0.4	0.982
9606.ENSP00000352252	9606.ENSP00000336687	H3C12	CBX3	9606	0.998	0	0	0	0	0.949	0.5	0.961
9606.ENSP00000352252	9606.ENSP00000377060	H3C12	CBX1	9606	0.997	0	0	0	0	0.957	0.5	0.879
9606.ENSP00000352252	9606.ENSP00000270172	H3C12	DNMT3L	9606	0.997	0	0	0	0	0.8	0.5	0.978
9606.ENSP00000352252	9606.ENSP00000358151	H3C12	H2BC21	9606	0.997	0	0	0	0	0.814	0.4	0.982
9606.ENSP00000352252	9606.ENSP00000264709	H3C12	DNMT3A	9606	0.997	0	0	0	0	0.929	0.5	0.947
9606.ENSP00000352252	9606.ENSP00000303373	H3C12	H2AC8	9606	0.994	0	0	0	0	0.968	0.4	0.718
9606.ENSP00000352252	9606.ENSP00000361473	H3C12	KDM4A	9606	0.993	0	0	0	0	0.95	0	0.881
9606.ENSP00000352252	9606.ENSP00000477870	H3C12	H4C7	9606	0.992	0	0	0	0	0.081	0.8	0.961
9606.ENSP00000352252	9606.ENSP00000371475	H3C12	TP53BP1	9606	0.991	0	0	0	0	0.937	0	0.862
9606.ENSP00000352252	9606.ENSP00000307208	H3C12	BPTF	9606	0.991	0	0	0	0	0.904	0	0.919
9606.ENSP00000352252	9606.ENSP00000229595	H3C12	ASF1A	9606	0.99	0	0	0	0	0.961	0	0.769
9606.ENSP00000352252	9606.ENSP00000358155	H3C12	H2AC18	9606	0.989	0	0	0	0	0.103	0.4	0.982
9606.ENSP00000352252	9606.ENSP00000308750	H3C12	CBX2	9606	0.988	0	0	0	0	0.927	0.5	0.702
9606.ENSP00000352252	9606.ENSP00000352516	H3C12	DNMT1	9606	0.987	0	0	0	0	0.909	0.5	0.747
9606.ENSP00000352252	9606.ENSP00000386593	H3C12	PBRM1	9606	0.987	0	0	0	0	0.922	0	0.838
9606.ENSP00000352252	9606.ENSP00000349430	H3C12	H2BC12	9606	0.987	0	0	0	0	0.903	0.4	0.799
9606.ENSP00000352252	9606.ENSP00000479617	H3C12	UHRF1	9606	0.986	0	0	0	0	0.912	0.5	0.712
9606.ENSP00000352252	9606.ENSP00000328547	H3C12	DNMT3B	9606	0.986	0	0	0	0	0.9	0.5	0.75
9606.ENSP00000352252	9606.ENSP00000362441	H3C12	ATRX	9606	0.985	0	0	0	0	0.915	0	0.833
9606.ENSP00000352252	9606.ENSP00000346453	H3C12	IPO4	9606	0.984	0	0	0	0	0.957	0	0.647
9606.ENSP00000352252	9606.ENSP00000291582	H3C12	AIRE	9606	0.984	0	0	0	0	0.939	0	0.744
9606.ENSP00000352252	9606.ENSP00000307183	H3C12	ING2	9606	0.983	0	0	0	0	0.903	0	0.831
9606.ENSP00000352252	9606.ENSP00000340507	H3C12	TRIM24	9606	0.982	0	0	0	0	0.946	0	0.691
9606.ENSP00000352252	9606.ENSP00000369695	H3C12	MLLT3	9606	0.98	0	0	0	0	0.9	0	0.81
9606.ENSP00000352252	9606.ENSP00000351250	H3C12	TRIM33	9606	0.978	0	0	0	0	0.9	0	0.793
9606.ENSP00000352252	9606.ENSP00000216297	H3C12	SUPT16H	9606	0.978	0	0	0	0	0.951	0	0.56
9606.ENSP00000352252	9606.ENSP00000379078	H3C12	EHMT2	9606	0.977	0	0	0	0	0.912	0	0.756
9606.ENSP00000352252	9606.ENSP00000255120	H3C12	NASP	9606	0.976	0	0	0	0	0.965	0	0.337
9606.ENSP00000352252	9606.ENSP00000343896	H3C12	SMARCA4	9606	0.976	0	0	0	0	0.914	0	0.732
9606.ENSP00000352252	9606.ENSP00000363640	H3C12	PHF1	9606	0.976	0	0	0	0	0.926	0.5	0.406
9606.ENSP00000352252	9606.ENSP00000440542	H3C12	CHD4	9606	0.975	0	0	0	0	0.901	0	0.765
9606.ENSP00000352252	9606.ENSP00000263377	H3C12	BRD4	9606	0.974	0	0	0	0	0.131	0	0.972
9606.ENSP00000352252	9606.ENSP00000265713	H3C12	KAT6A	9606	0.974	0	0	0	0	0.903	0	0.742
9606.ENSP00000352252	9606.ENSP00000355388	H3C12	MPHOSPH8	9606	0.973	0	0	0	0	0.933	0	0.625
9606.ENSP00000352252	9606.ENSP00000278412	H3C12	SSRP1	9606	0.973	0	0	0	0	0.962	0	0.332
9606.ENSP00000352252	9606.ENSP00000436786	H3C12	KMT2A	9606	0.972	0	0	0	0	0.946	0.5	0
9606.ENSP00000352252	9606.ENSP00000263754	H3C12	KAT2B	9606	0.972	0	0	0	0	0.911	0	0.698
9606.ENSP00000352252	9606.ENSP00000462667	H3C12	H4C14	9606	0.97	0	0	0	0	0.941	0	0.517
9606.ENSP00000352252	9606.ENSP00000357442	H3C12	PYGO2	9606	0.969	0	0	0	0	0.903	0	0.702
9606.ENSP00000352252	9606.ENSP00000478672	H3C12	RAG2	9606	0.968	0	0	0	0	0.134	0	0.964
9606.ENSP00000352252	9606.ENSP00000264108	H3C12	HAT1	9606	0.968	0	0	0	0	0.557	0.9	0.346
9606.ENSP00000352252	9606.ENSP00000350676	H3C12	PHF8	9606	0.967	0	0	0	0	0.915	0.5	0.297
9606.ENSP00000352252	9606.ENSP00000364929	H3C12	ING1	9606	0.967	0	0	0	0	0.9	0	0.684
9606.ENSP00000352252	9606.ENSP00000483842	H3C12	H2AC4	9606	0.967	0	0	0	0	0.903	0	0.679
9606.ENSP00000352252	9606.ENSP00000484841	H3C12	H3C2	9606	0.966	0	0	0	0	0.926	0	0.571
9606.ENSP00000352252	9606.ENSP00000476136	H3C12	H2BC11	9606	0.965	0	0	0	0	0.903	0.4	0.457
9606.ENSP00000352252	9606.ENSP00000252674	H3C12	MLLT1	9606	0.964	0	0	0	0	0.909	0	0.621
9606.ENSP00000352252	9606.ENSP00000362592	H3C12	RBBP4	9606	0.964	0	0	0	0	0.538	0.5	0.86
9606.ENSP00000352252	9606.ENSP00000384490	H3C12	CBX6	9606	0.961	0	0	0	0	0.92	0.5	0.104
9606.ENSP00000352252	9606.ENSP00000483667	H3C12	CHD1	9606	0.957	0	0	0	0	0.903	0	0.572
9606.ENSP00000352252	9606.ENSP00000341094	H3C12	H2AC7	9606	0.957	0	0	0	0	0.903	0.4	0.331
9606.ENSP00000352252	9606.ENSP00000308405	H3C12	H2AZ2	9606	0.955	0	0	0	0	0.914	0.5	0
9606.ENSP00000352252	9606.ENSP00000358154	H3C12	H3C14	9606	0.954	0	0	0	0	0.914	0	0.493
9606.ENSP00000352252	9606.ENSP00000265056	H3C12	MCM2	9606	0.954	0	0	0	0	0.954	0	0.045
9606.ENSP00000352252	9606.ENSP00000302327	H3C12	PYGO1	9606	0.953	0	0	0	0	0.9	0	0.557
9606.ENSP00000352252	9606.ENSP00000367034	H3C12	H4C3	9606	0.951	0	0	0	0	0.904	0	0.516
9606.ENSP00000352252	9606.ENSP00000479461	H3C12	H4C4	9606	0.951	0	0	0	0	0.904	0	0.516
9606.ENSP00000352252	9606.ENSP00000479794	H3C12	H4C12	9606	0.951	0	0	0	0	0.904	0	0.517
9606.ENSP00000352252	9606.ENSP00000481486	H3C12	H4C9	9606	0.951	0	0	0	0	0.904	0	0.517
9606.ENSP00000352252	9606.ENSP00000479106	H3C12	H4C1	9606	0.951	0	0	0	0	0.904	0	0.517
9606.ENSP00000352252	9606.ENSP00000484789	H3C12	H4C5	9606	0.951	0	0	0	0	0.904	0	0.516
9606.ENSP00000352252	9606.ENSP00000480960	H3C12	H4C13	9606	0.951	0	0	0	0	0.904	0	0.517
9606.ENSP00000352252	9606.ENSP00000434024	H3C12	H2AX	9606	0.951	0	0	0	0	0.903	0.4	0.23
9606.ENSP00000352252	9606.ENSP00000347168	H3C12	H4C11	9606	0.951	0	0	0	0	0.904	0	0.518
9606.ENSP00000352252	9606.ENSP00000443017	H3C12	H4-16	9606	0.951	0	0	0	0	0.904	0	0.516
9606.ENSP00000352252	9606.ENSP00000462355	H3C12	H4C15	9606	0.951	0	0	0	0	0.904	0	0.517
9606.ENSP00000352252	9606.ENSP00000489236	H3C12	H4C8	9606	0.951	0	0	0	0	0.904	0	0.517
9606.ENSP00000352252	9606.ENSP00000380024	H3C12	ING4	9606	0.95	0	0	0	0	0.933	0	0.292
9606.ENSP00000352252	9606.ENSP00000369424	H3C12	RBBP7	9606	0.95	0	0	0	0	0.538	0.7	0.674
9606.ENSP00000352252	9606.ENSP00000482674	H3C12	H2BC3	9606	0.949	0	0	0	0	0.857	0.4	0.457
9606.ENSP00000352252	9606.ENSP00000366974	H3C12	H4C2	9606	0.948	0	0	0	0	0.904	0	0.487
9606.ENSP00000352252	9606.ENSP00000321744	H3C12	H2BC4	9606	0.948	0	0	0	0	0.807	0.4	0.592
9606.ENSP00000352252	9606.ENSP00000287239	H3C12	KAT6B	9606	0.947	0	0	0	0	0.903	0	0.477
9606.ENSP00000352252	9606.ENSP00000333277	H3C12	H3C13	9606	0.946	0	0	0	0	0.914	0.4	0
9606.ENSP00000352252	9606.ENSP00000316114	H3C12	SGF29	9606	0.946	0	0	0	0	0.946	0	0
9606.ENSP00000352252	9606.ENSP00000365019	H3C12	SPIN1	9606	0.945	0	0	0	0	0.9	0	0.473
9606.ENSP00000352252	9606.ENSP00000258962	H3C12	SRSF1	9606	0.943	0	0	0	0	0	0	0.943
9606.ENSP00000352252	9606.ENSP00000266070	H3C12	DIDO1	9606	0.941	0	0	0	0	0.922	0	0.275
9606.ENSP00000352252	9606.ENSP00000297012	H3C12	H2AC1	9606	0.941	0	0	0	0	0.903	0.4	0.076
9606.ENSP00000352252	9606.ENSP00000367022	H3C12	H2AC6	9606	0.941	0	0	0	0	0.903	0.4	0.076
9606.ENSP00000352252	9606.ENSP00000361918	H3C12	PPIE	9606	0.939	0	0	0	0	0.939	0	0
9606.ENSP00000352252	9606.ENSP00000256996	H3C12	DDB2	9606	0.937	0	0	0	0	0.9	0	0.398
9606.ENSP00000352252	9606.ENSP00000274764	H3C12	H2BC1	9606	0.934	0	0	0	0	0.807	0.4	0.479
9606.ENSP00000352252	9606.ENSP00000243903	H3C12	ACTR5	9606	0.933	0	0	0	0	0.933	0	0
9606.ENSP00000352252	9606.ENSP00000441543	H3C12	UBC	9606	0.931	0	0	0	0	0.914	0	0.233
9606.ENSP00000352252	9606.ENSP00000479284	H3C12	H2BU1	9606	0.931	0	0	0	0	0.807	0.4	0.458
9606.ENSP00000352252	9606.ENSP00000216133	H3C12	CBX7	9606	0.931	0	0	0	0	0.92	0	0.177
9606.ENSP00000352252	9606.ENSP00000469158	H3C12	SPHK2	9606	0.929	0	0	0	0	0	0	0.929
9606.ENSP00000352252	9606.ENSP00000385479	H3C12	H3C15	9606	0.928	0	0	0	0	0.914	0	0.203
9606.ENSP00000352252	9606.ENSP00000499501	H3C12	H3-2	9606	0.928	0	0	0	0	0.928	0	0
9606.ENSP00000352252	9606.ENSP00000313983	H3C12	NSD3	9606	0.927	0	0	0	0	0.901	0	0.295
9606.ENSP00000352252	9606.ENSP00000272317	H3C12	RPS27A	9606	0.925	0	0	0	0	0.925	0	0
9606.ENSP00000352252	9606.ENSP00000423563	H3C12	MACROH2A1	9606	0.925	0	0	0	0	0.92	0	0.098
9606.ENSP00000352252	9606.ENSP00000386759	H3C12	SETD2	9606	0.922	0	0	0	0	0.922	0	0
9606.ENSP00000352252	9606.ENSP00000483283	H3C12	H3C11	9606	0.921	0	0	0	0	0.9	0	0.245
9606.ENSP00000352252	9606.ENSP00000358160	H3C12	H3C10	9606	0.921	0	0	0	0	0.9	0	0.243
9606.ENSP00000352252	9606.ENSP00000484095	H3C12	H3C7	9606	0.921	0	0	0	0	0.9	0	0.244
9606.ENSP00000352252	9606.ENSP00000484638	H3C12	H3C8	9606	0.921	0	0	0	0	0.9	0	0.243
9606.ENSP00000352252	9606.ENSP00000388107	H3C12	UBA52	9606	0.921	0	0	0	0	0.921	0	0
9606.ENSP00000352252	9606.ENSP00000480826	H3C12	H3C1	9606	0.921	0	0	0	0	0.9	0	0.244
9606.ENSP00000352252	9606.ENSP00000366999	H3C12	H3C4	9606	0.921	0	0	0	0	0.9	0	0.243
9606.ENSP00000352252	9606.ENSP00000384629	H3C12	KMT5A	9606	0.919	0	0	0	0	0.919	0	0
9606.ENSP00000352252	9606.ENSP00000478771	H3C12	UBB	9606	0.914	0	0	0	0	0.914	0	0
9606.ENSP00000352252	9606.ENSP00000378181	H3C12	BRD7	9606	0.912	0	0	0	0	0.866	0	0.375
9606.ENSP00000352252	9606.ENSP00000476295	H3C12	CDYL2	9606	0.911	0	0	0	0	0.904	0	0.12
9606.ENSP00000352252	9606.ENSP00000489282	H3C12	H3C6	9606	0.909	0	0	0	0	0.9	0	0.136
9606.ENSP00000352252	9606.ENSP00000433760	H3C12	BANF1	9606	0.909	0	0	0	0	0.075	0	0.906
9606.ENSP00000352252	9606.ENSP00000373340	H3C12	BRPF1	9606	0.908	0	0	0	0	0.9	0	0.119
9606.ENSP00000352252	9606.ENSP00000381657	H3C12	DOT1L	9606	0.908	0	0	0	0	0.908	0	0
9606.ENSP00000352252	9606.ENSP00000484658	H3C12	H3C3	9606	0.908	0	0	0	0	0.9	0	0.122
9606.ENSP00000352252	9606.ENSP00000325690	H3C12	CARM1	9606	0.907	0	0	0	0	0.907	0	0
9606.ENSP00000352252	9606.ENSP00000346509	H3C12	H2AB2	9606	0.906	0	0	0	0	0.903	0	0.076
9606.ENSP00000352252	9606.ENSP00000482564	H3C12	H2AB3	9606	0.906	0	0	0	0	0.903	0	0.076
9606.ENSP00000352252	9606.ENSP00000417980	H3C12	EHMT1	9606	0.906	0	0	0	0	0.906	0	0
9606.ENSP00000352252	9606.ENSP00000483345	H3C12	HDGFL2	9606	0.903	0	0	0	0	0.903	0	0
9606.ENSP00000352252	9606.ENSP00000260947	H3C12	BARD1	9606	0.903	0	0	0	0	0.903	0	0
9606.ENSP00000352252	9606.ENSP00000383333	H3C12	MORC3	9606	0.903	0	0	0	0	0.903	0	0
9606.ENSP00000352252	9606.ENSP00000271640	H3C12	SETDB1	9606	0.901	0	0	0	0	0.901	0	0
9606.ENSP00000352252	9606.ENSP00000497609	H3C12	INO80	9606	0.901	0	0	0	0	0.901	0	0
9606.ENSP00000352252	9606.ENSP00000312379	H3C12	KMT2E	9606	0.9	0	0	0	0	0.9	0	0
9606.ENSP00000352252	9606.ENSP00000336712	H3C12	TNPO1	9606	0.9	0	0	0	0	0.9	0	0
9606.ENSP00000352252	9606.ENSP00000262367	H3C12	CREBBP	9606	0.9	0	0	0	0	0.9	0	0
9606.ENSP00000352252	9606.ENSP00000372191	H3C12	SIRT3	9606	0.9	0	0	0	0	0.9	0	0
9606.ENSP00000352252	9606.ENSP00000343023	H3C12	SP100	9606	0.9	0	0	0	0	0.9	0	0
9606.ENSP00000352252	9606.ENSP00000359837	H3C12	ZZZ3	9606	0.9	0	0	0	0	0.9	0	0
9606.ENSP00000352252	9606.ENSP00000476228	H3C12	SIRT5	9606	0.9	0	0	0	0	0.9	0	0
9606.ENSP00000352252	9606.ENSP00000373278	H3C12	ZCWPW2	9606	0.9	0	0	0	0	0.9	0	0
9606.ENSP00000352252	9606.ENSP00000495413	H3C12	TRIM66	9606	0.9	0	0	0	0	0.9	0	0
9606.ENSP00000352252	9606.ENSP00000263253	H3C12	EP300	9606	0.895	0	0	0	0	0.8	0.5	0
9606.ENSP00000352252	9606.ENSP00000254810	H3C12	H3-3B	9606	0.893	0	0	0	0	0.828	0.4	0
9606.ENSP00000352252	9606.ENSP00000402280	H3C12	CDY2A	9606	0.875	0	0	0	0	0.808	0	0.379
9606.ENSP00000352252	9606.ENSP00000441273	H3C12	CDY2B	9606	0.875	0	0	0	0	0.808	0	0.379
9606.ENSP00000352252	9606.ENSP00000336868	H3C12	CENPA	9606	0.873	0	0	0	0	0.852	0	0.179
9606.ENSP00000352252	9606.ENSP00000320566	H3C12	ING3	9606	0.871	0	0	0	0	0.079	0	0.865
9606.ENSP00000352252	9606.ENSP00000340883	H3C12	SMARCB1	9606	0.866	0	0	0	0	0.865	0	0
9606.ENSP00000352252	9606.ENSP00000323967	H3C12	SMARCE1	9606	0.856	0	0	0	0	0.8	0	0.31
9606.ENSP00000352252	9606.ENSP00000469686	H3C12	EGLN2	9606	0.856	0	0	0	0	0	0	0.856
9606.ENSP00000352252	9606.ENSP00000348924	H3C12	H2BC7	9606	0.851	0	0	0	0	0.807	0	0.26
9606.ENSP00000352252	9606.ENSP00000355657	H3C12	H3-4	9606	0.844	0	0	0	0	0.844	0	0
9606.ENSP00000352252	9606.ENSP00000319104	H3C12	SUPT6H	9606	0.844	0	0	0	0	0.263	0	0.797
9606.ENSP00000352252	9606.ENSP00000318297	H3C12	RUVBL1	9606	0.842	0	0	0	0	0.842	0	0
9606.ENSP00000352252	9606.ENSP00000362649	H3C12	HDAC1	9606	0.842	0	0	0	0	0.126	0.5	0.669
9606.ENSP00000352252	9606.ENSP00000473172	H3C12	RUVBL2	9606	0.842	0	0	0	0	0.842	0	0
9606.ENSP00000352252	9606.ENSP00000355780	H3C12	H3-3A	9606	0.828	0	0	0	0	0.828	0	0
9606.ENSP00000352252	9606.ENSP00000339835	H3C12	H3-5	9606	0.828	0	0	0	0	0.828	0	0
9606.ENSP00000352252	9606.ENSP00000449396	H3C12	SMARCC2	9606	0.826	0	0	0	0	0.825	0	0
9606.ENSP00000352252	9606.ENSP00000302968	H3C12	CDY1	9606	0.823	0	0	0	0	0.808	0	0.12
9606.ENSP00000352252	9606.ENSP00000303178	H3C12	CDY1B	9606	0.823	0	0	0	0	0.808	0	0.12
9606.ENSP00000352252	9606.ENSP00000344504	H3C12	H1-0	9606	0.821	0	0	0	0	0.821	0	0
9606.ENSP00000352252	9606.ENSP00000335044	H3C12	ARID2	9606	0.818	0	0	0	0	0.818	0	0
9606.ENSP00000352252	9606.ENSP00000397552	H3C12	ACTL6A	9606	0.818	0	0	0	0	0.818	0	0
9606.ENSP00000352252	9606.ENSP00000341280	H3C12	JARID2	9606	0.818	0	0	0	0	0.122	0.5	0.619
9606.ENSP00000352252	9606.ENSP00000378414	H3C12	SMARCD1	9606	0.816	0	0	0	0	0.808	0	0.081
9606.ENSP00000352252	9606.ENSP00000379287	H3C12	YWHAZ	9606	0.813	0	0	0	0	0.618	0	0.532
9606.ENSP00000352252	9606.ENSP00000445633	H3C12	H2BC8	9606	0.807	0	0	0	0	0.807	0	0
9606.ENSP00000352252	9606.ENSP00000366962	H3C12	H2BC10	9606	0.807	0	0	0	0	0.807	0	0
9606.ENSP00000352252	9606.ENSP00000489317	H3C12	H2BC6	9606	0.807	0	0	0	0	0.807	0	0
9606.ENSP00000352252	9606.ENSP00000329662	H3C12	H1-10	9606	0.806	0	0	0	0	0.806	0	0
9606.ENSP00000352252	9606.ENSP00000359321	H3C12	MTF2	9606	0.804	0	0	0	0	0.488	0.5	0.296
9606.ENSP00000352252	9606.ENSP00000340330	H3C12	KAT5	9606	0.803	0	0	0	0	0.318	0	0.724
9606.ENSP00000352252	9606.ENSP00000307705	H3C12	H1-4	9606	0.802	0	0	0	0	0.8	0	0.052
9606.ENSP00000352252	9606.ENSP00000233331	H3C12	INO80B	9606	0.801	0	0	0	0	0.801	0	0
9606.ENSP00000352252	9606.ENSP00000234739	H3C12	BCL9	9606	0.8	0	0	0	0	0.8	0	0
9606.ENSP00000352252	9606.ENSP00000259915	H3C12	POU5F1	9606	0.8	0	0	0	0	0.8	0	0
9606.ENSP00000352252	9606.ENSP00000294244	H3C12	SPINDOC	9606	0.8	0	0	0	0	0.8	0	0
9606.ENSP00000352252	9606.ENSP00000341805	H3C12	PHF10	9606	0.8	0	0	0	0	0.8	0	0
9606.ENSP00000352252	9606.ENSP00000269305	H3C12	TP53	9606	0.8	0	0	0	0	0.8	0	0
9606.ENSP00000352252	9606.ENSP00000323588	H3C12	SOX2	9606	0.8	0	0	0	0	0.8	0	0
9606.ENSP00000352252	9606.ENSP00000359339	H3C12	CGAS	9606	0.8	0	0	0	0	0.8	0	0
9606.ENSP00000352252	9606.ENSP00000301764	H3C12	DDB1	9606	0.8	0	0	0	0	0.8	0	0
9606.ENSP00000352252	9606.ENSP00000494750	H3C12	ACTB	9606	0.8	0	0	0	0	0.8	0	0
9606.ENSP00000352252	9606.ENSP00000477527	H3C12	H2BC17	9606	0.788	0	0	0	0	0.075	0.4	0.65
9606.ENSP00000352252	9606.ENSP00000439128	H3C12	BANF2	9606	0.766	0	0	0	0	0	0	0.766
9606.ENSP00000352252	9606.ENSP00000483946	H3C12	PHF19	9606	0.765	0	0	0	0	0	0.5	0.55
9606.ENSP00000352252	9606.ENSP00000263382	H3C12	ASF1B	9606	0.765	0	0	0	0	0.632	0	0.387
9606.ENSP00000352252	9606.ENSP00000311360	H3C12	RAD9A	9606	0.762	0	0	0	0	0	0	0.762
9606.ENSP00000352252	9606.ENSP00000289316	H3C12	H2BC5	9606	0.753	0	0	0	0	0.075	0.4	0.592
9606.ENSP00000352252	9606.ENSP00000266000	H3C12	DAXX	9606	0.734	0	0	0	0	0.49	0.5	0
9606.ENSP00000352252	9606.ENSP00000225275	H3C12	MPO	9606	0.731	0	0	0	0	0	0	0.731
9606.ENSP00000352252	9606.ENSP00000364597	H3C12	PADI4	9606	0.726	0	0	0	0	0	0	0.726
9606.ENSP00000352252	9606.ENSP00000339883	H3C12	LBR	9606	0.712	0	0	0	0	0.073	0	0.702
9606.ENSP00000352252	9606.ENSP00000250448	H3C12	FOXA1	9606	0.709	0	0	0	0	0	0.5	0.443
9606.ENSP00000352252	9606.ENSP00000225916	H3C12	KAT2A	9606	0.707	0	0	0	0	0.175	0	0.66
9606.ENSP00000352252	9606.ENSP00000366618	H3C12	H2BC13	9606	0.706	0	0	0	0	0.075	0.4	0.514
9606.ENSP00000352252	9606.ENSP00000269385	H3C12	CBX8	9606	0.702	0	0	0	0	0.24	0.5	0.278
9606.ENSP00000352252	9606.ENSP00000337976	H3C12	SUV39H1	9606	0.701	0	0	0	0	0.397	0.5	0.089
9606.ENSP00000352252	9606.ENSP00000301280	H3C12	CHAF1A	9606	0.701	0	0	0	0	0.545	0	0.37
9606.ENSP00000352252	9606.ENSP00000330753	H3C12	BRWD1	9606	0.7	0	0	0	0	0	0.7	0
9606.ENSP00000352257	9606.ENSP00000313420	XRCC6	PRKDC	9606	0.999	0	0	0	0	0.957	0.9	0.985
9606.ENSP00000352257	9606.ENSP00000375978	XRCC6	XRCC5	9606	0.999	0	0	0	0	0.967	0.9	0.982
9606.ENSP00000352257	9606.ENSP00000349313	XRCC6	NHEJ1	9606	0.999	0	0	0	0	0.9	0.9	0.949
9606.ENSP00000352257	9606.ENSP00000421491	XRCC6	XRCC4	9606	0.999	0	0	0	0	0.901	0.9	0.982
9606.ENSP00000352257	9606.ENSP00000484288	XRCC6	LIG4	9606	0.998	0	0	0	0	0.943	0.9	0.75
9606.ENSP00000352257	9606.ENSP00000360682	XRCC6	PAXX	9606	0.994	0	0	0	0	0.421	0.9	0.918
9606.ENSP00000352257	9606.ENSP00000367527	XRCC6	DCLRE1C	9606	0.989	0	0	0	0	0.9	0.9	0
9606.ENSP00000352257	9606.ENSP00000355759	XRCC6	PARP1	9606	0.981	0	0	0	0	0.671	0	0.946
9606.ENSP00000352257	9606.ENSP00000234420	XRCC6	MSH6	9606	0.977	0	0	0	0	0.454	0.9	0.613
9606.ENSP00000352257	9606.ENSP00000367787	XRCC6	LIG3	9606	0.964	0	0	0	0	0.633	0	0.906
9606.ENSP00000352257	9606.ENSP00000239165	XRCC6	HOXB7	9606	0.964	0	0	0	0	0.292	0	0.952
9606.ENSP00000352257	9606.ENSP00000285021	XRCC6	XPC	9606	0.959	0	0	0	0	0.616	0.9	0
9606.ENSP00000352257	9606.ENSP00000278616	XRCC6	ATM	9606	0.95	0	0	0	0	0	0.9	0.53
9606.ENSP00000352257	9606.ENSP00000307004	XRCC6	APLF	9606	0.949	0	0	0	0	0.928	0	0.329
9606.ENSP00000352257	9606.ENSP00000298139	XRCC6	WRN	9606	0.941	0	0	0	0	0.66	0	0.836
9606.ENSP00000352257	9606.ENSP00000233146	XRCC6	MSH2	9606	0.933	0	0	0	0	0.36	0.9	0
9606.ENSP00000352257	9606.ENSP00000300145	XRCC6	ATP23	9606	0.926	0	0	0	0	0.292	0.9	0
9606.ENSP00000352257	9606.ENSP00000310520	XRCC6	ERCC4	9606	0.919	0	0	0	0	0	0.9	0.224
9606.ENSP00000352257	9606.ENSP00000472445	XRCC6	POLD1	9606	0.905	0	0	0	0	0	0.9	0.095
9606.ENSP00000352257	9606.ENSP00000315130	XRCC6	CLU	9606	0.904	0	0	0	0	0.457	0	0.832
9606.ENSP00000352257	9606.ENSP00000254942	XRCC6	TERF2	9606	0.902	0	0	0	0	0.667	0.72	0
9606.ENSP00000352257	9606.ENSP00000382218	XRCC6	ZSWIM7	9606	0.9	0	0	0	0	0	0.9	0
9606.ENSP00000352257	9606.ENSP00000310008	XRCC6	SWSAP1	9606	0.9	0	0	0	0	0	0.9	0
9606.ENSP00000352257	9606.ENSP00000262241	XRCC6	RCOR1	9606	0.9	0	0	0	0	0	0.9	0
9606.ENSP00000352257	9606.ENSP00000398824	XRCC6	PHF21A	9606	0.9	0	0	0	0	0	0.9	0
9606.ENSP00000352257	9606.ENSP00000265038	XRCC6	ERCC8	9606	0.9	0	0	0	0	0	0.9	0
9606.ENSP00000352257	9606.ENSP00000359300	XRCC6	CETN2	9606	0.9	0	0	0	0	0	0.9	0
9606.ENSP00000352257	9606.ENSP00000498881	XRCC6	ERCC5	9606	0.9	0	0	0	0	0	0.9	0
9606.ENSP00000352257	9606.ENSP00000350708	XRCC6	RAD23B	9606	0.9	0	0	0	0	0	0.9	0
9606.ENSP00000352257	9606.ENSP00000013807	XRCC6	ERCC1	9606	0.9	0	0	0	0	0	0.9	0
9606.ENSP00000352257	9606.ENSP00000383042	XRCC6	KDM1A	9606	0.9	0	0	0	0	0	0.9	0
9606.ENSP00000352257	9606.ENSP00000262887	XRCC6	XRCC1	9606	0.894	0	0	0	0	0.651	0.36	0.564
9606.ENSP00000352257	9606.ENSP00000293288	XRCC6	BAX	9606	0.887	0	0	0	0	0.457	0	0.801
9606.ENSP00000352257	9606.ENSP00000300086	XRCC6	TERF2IP	9606	0.868	0	0	0	0	0.548	0.72	0
9606.ENSP00000352257	9606.ENSP00000350249	XRCC6	POT1	9606	0.854	0	0	0	0	0.5	0.72	0
9606.ENSP00000352257	9606.ENSP00000224950	XRCC6	STN1	9606	0.836	0	0	0	0	0	0.72	0.439
9606.ENSP00000352257	9606.ENSP00000267415	XRCC6	TINF2	9606	0.83	0	0	0	0	0.42	0.72	0
9606.ENSP00000352257	9606.ENSP00000376823	XRCC6	CYREN	9606	0.815	0	0	0	0	0	0	0.815
9606.ENSP00000352257	9606.ENSP00000276603	XRCC6	TERF1	9606	0.814	0	0	0	0	0	0.72	0.365
9606.ENSP00000352257	9606.ENSP00000309572	XRCC6	TERT	9606	0.811	0	0	0	0	0.292	0.54	0.467
9606.ENSP00000352257	9606.ENSP00000336687	XRCC6	CBX3	9606	0.801	0	0	0	0	0.329	0	0.717
9606.ENSP00000352257	9606.ENSP00000240316	XRCC6	COIL	9606	0.755	0	0	0	0	0.37	0	0.628
9606.ENSP00000352257	9606.ENSP00000371475	XRCC6	TP53BP1	9606	0.746	0	0	0	0	0.439	0.36	0.351
9606.ENSP00000352257	9606.ENSP00000269305	XRCC6	TP53	9606	0.739	0	0	0	0	0.457	0	0.54
9606.ENSP00000352257	9606.ENSP00000260947	XRCC6	BARD1	9606	0.732	0	0	0	0	0.292	0	0.637
9606.ENSP00000352257	9606.ENSP00000250416	XRCC6	PARP2	9606	0.731	0	0	0	0	0.583	0	0.381
9606.ENSP00000352257	9606.ENSP00000483117	XRCC6	ACD	9606	0.727	0	0	0	0	0.067	0.72	0
9606.ENSP00000352257	9606.ENSP00000318195	XRCC6	NCL	9606	0.725	0	0	0	0	0.308	0	0.62
9606.ENSP00000352257	9606.ENSP00000416739	XRCC6	RECQL	9606	0.723	0	0	0	0	0.292	0	0.626
9606.ENSP00000352257	9606.ENSP00000265081	XRCC6	MSH3	9606	0.722	0	0	0	0	0	0.72	0.051
9606.ENSP00000352257	9606.ENSP00000498499	XRCC6	CTC1	9606	0.72	0	0	0	0	0	0.72	0
9606.ENSP00000352257	9606.ENSP00000380762	XRCC6	TEN1	9606	0.72	0	0	0	0	0	0.72	0
9606.ENSP00000352257	9606.ENSP00000347184	XRCC6	HTT	9606	0.705	0	0	0	0	0.315	0	0.588
9606.ENSP00000352516	9606.ENSP00000479617	DNMT1	UHRF1	9606	0.999	0	0	0	0	0.483	0.9	0.983
9606.ENSP00000352516	9606.ENSP00000328547	DNMT1	DNMT3B	9606	0.998	0	0	0	0	0.509	0.9	0.972
9606.ENSP00000352516	9606.ENSP00000362649	DNMT1	HDAC1	9606	0.998	0	0	0	0	0.526	0.8	0.984
9606.ENSP00000352516	9606.ENSP00000430432	DNMT1	HDAC2	9606	0.997	0	0	0	0	0.457	0.8	0.982
9606.ENSP00000352516	9606.ENSP00000320147	DNMT1	EZH2	9606	0.995	0	0	0	0	0.457	0.5	0.983
9606.ENSP00000352516	9606.ENSP00000343535	DNMT1	USP7	9606	0.993	0	0	0	0	0.96	0	0.851
9606.ENSP00000352516	9606.ENSP00000361363	DNMT1	DMAP1	9606	0.993	0	0	0	0	0.578	0	0.984
9606.ENSP00000352516	9606.ENSP00000337976	DNMT1	SUV39H1	9606	0.991	0	0	0	0	0.457	0	0.984
9606.ENSP00000352516	9606.ENSP00000379078	DNMT1	EHMT2	9606	0.99	0	0	0	0	0.457	0	0.983
9606.ENSP00000352516	9606.ENSP00000244050	DNMT1	SNAI1	9606	0.989	0	0	0	0	0.457	0	0.982
9606.ENSP00000352516	9606.ENSP00000264709	DNMT1	DNMT3A	9606	0.989	0	0	0	0	0.457	0.9	0.819
9606.ENSP00000352516	9606.ENSP00000383042	DNMT1	KDM1A	9606	0.988	0	0	0	0	0.457	0	0.979
9606.ENSP00000352516	9606.ENSP00000333277	DNMT1	H3C13	9606	0.987	0	0	0	0	0.9	0.5	0.778
9606.ENSP00000352516	9606.ENSP00000352252	DNMT1	H3C12	9606	0.987	0	0	0	0	0.909	0.5	0.747
9606.ENSP00000352516	9606.ENSP00000269305	DNMT1	TP53	9606	0.984	0	0	0	0	0.457	0	0.973
9606.ENSP00000352516	9606.ENSP00000395535	DNMT1	MECP2	9606	0.982	0	0	0	0	0.292	0	0.976
9606.ENSP00000352516	9606.ENSP00000499501	DNMT1	H3-2	9606	0.976	0	0	0	0	0.9	0	0.778
9606.ENSP00000352516	9606.ENSP00000368458	DNMT1	PCNA	9606	0.966	0	0	0	0	0.966	0	0
9606.ENSP00000352516	9606.ENSP00000253024	DNMT1	TRIM28	9606	0.955	0	0	0	0	0.457	0	0.921
9606.ENSP00000352516	9606.ENSP00000313199	DNMT1	HNRNPD	9606	0.95	0	0	0	0	0	0	0.95
9606.ENSP00000352516	9606.ENSP00000478771	DNMT1	UBB	9606	0.946	0	0	0	0	0.946	0	0
9606.ENSP00000352516	9606.ENSP00000480826	DNMT1	H3C1	9606	0.943	0	0	0	0	0.943	0	0
9606.ENSP00000352516	9606.ENSP00000272317	DNMT1	RPS27A	9606	0.926	0	0	0	0	0.926	0	0
9606.ENSP00000352516	9606.ENSP00000345571	DNMT1	E2F1	9606	0.913	0	0	0	0	0.287	0	0.883
9606.ENSP00000352516	9606.ENSP00000388107	DNMT1	UBA52	9606	0.911	0	0	0	0	0.911	0	0
9606.ENSP00000352516	9606.ENSP00000483283	DNMT1	H3C11	9606	0.9	0	0	0	0	0.9	0	0
9606.ENSP00000352516	9606.ENSP00000484841	DNMT1	H3C2	9606	0.9	0	0	0	0	0.9	0	0
9606.ENSP00000352516	9606.ENSP00000366999	DNMT1	H3C4	9606	0.9	0	0	0	0	0.9	0	0
9606.ENSP00000352516	9606.ENSP00000441543	DNMT1	UBC	9606	0.9	0	0	0	0	0.9	0	0
9606.ENSP00000352516	9606.ENSP00000484658	DNMT1	H3C3	9606	0.9	0	0	0	0	0.9	0	0
9606.ENSP00000352516	9606.ENSP00000385479	DNMT1	H3C15	9606	0.9	0	0	0	0	0.9	0	0
9606.ENSP00000352516	9606.ENSP00000358154	DNMT1	H3C14	9606	0.9	0	0	0	0	0.9	0	0
9606.ENSP00000352516	9606.ENSP00000484095	DNMT1	H3C7	9606	0.9	0	0	0	0	0.9	0	0
9606.ENSP00000352516	9606.ENSP00000358160	DNMT1	H3C10	9606	0.9	0	0	0	0	0.9	0	0
9606.ENSP00000352516	9606.ENSP00000484638	DNMT1	H3C8	9606	0.9	0	0	0	0	0.9	0	0
9606.ENSP00000352516	9606.ENSP00000489282	DNMT1	H3C6	9606	0.9	0	0	0	0	0.9	0	0
9606.ENSP00000352516	9606.ENSP00000271640	DNMT1	SETDB1	9606	0.895	0	0	0	0	0	0	0.895
9606.ENSP00000352516	9606.ENSP00000264657	DNMT1	STAT3	9606	0.885	0	0	0	0	0.457	0	0.797
9606.ENSP00000352516	9606.ENSP00000254810	DNMT1	H3-3B	9606	0.883	0	0	0	0	0	0.5	0.777
9606.ENSP00000352516	9606.ENSP00000355657	DNMT1	H3-4	9606	0.874	0	0	0	0	0.457	0	0.778
9606.ENSP00000352516	9606.ENSP00000256429	DNMT1	MBD2	9606	0.864	0	0	0	0	0.526	0	0.725
9606.ENSP00000352516	9606.ENSP00000496168	DNMT1	BCL11A	9606	0.852	0	0	0	0	0	0	0.852
9606.ENSP00000352516	9606.ENSP00000268712	DNMT1	NCOR1	9606	0.825	0	0	0	0	0.292	0	0.764
9606.ENSP00000352516	9606.ENSP00000338186	DNMT1	EED	9606	0.811	0	0	0	0	0.457	0.5	0.36
9606.ENSP00000352516	9606.ENSP00000446880	DNMT1	BAZ2A	9606	0.81	0	0	0	0	0.292	0.5	0.507
9606.ENSP00000352516	9606.ENSP00000378402	DNMT1	SIN3A	9606	0.806	0	0	0	0	0	0.5	0.629
9606.ENSP00000352516	9606.ENSP00000355759	DNMT1	PARP1	9606	0.804	0	0	0	0	0.457	0	0.654
9606.ENSP00000352516	9606.ENSP00000354487	DNMT1	ZEB1	9606	0.801	0	0	0	0	0	0	0.801
9606.ENSP00000352516	9606.ENSP00000368686	DNMT1	E2F4	9606	0.8	0	0	0	0	0	0	0.8
9606.ENSP00000352516	9606.ENSP00000283131	DNMT1	SMARCA5	9606	0.78	0	0	0	0	0.292	0.5	0.43
9606.ENSP00000352516	9606.ENSP00000339835	DNMT1	H3-5	9606	0.778	0	0	0	0	0	0	0.778
9606.ENSP00000352516	9606.ENSP00000434024	DNMT1	H2AX	9606	0.777	0	0	0	0	0.329	0.5	0.391
9606.ENSP00000352516	9606.ENSP00000377060	DNMT1	CBX1	9606	0.76	0	0	0	0	0.292	0	0.675
9606.ENSP00000352516	9606.ENSP00000417980	DNMT1	EHMT1	9606	0.759	0	0	0	0	0.292	0	0.674
9606.ENSP00000352516	9606.ENSP00000483059	DNMT1	NR2C2	9606	0.758	0	0	0	0	0.457	0	0.574
9606.ENSP00000352516	9606.ENSP00000274031	DNMT1	SETD7	9606	0.753	0	0	0	0	0.618	0	0.382
9606.ENSP00000352516	9606.ENSP00000212015	DNMT1	SIRT1	9606	0.741	0	0	0	0	0.457	0	0.543
9606.ENSP00000352516	9606.ENSP00000316578	DNMT1	SUZ12	9606	0.74	0	0	0	0	0.302	0.5	0.317
9606.ENSP00000352516	9606.ENSP00000262133	DNMT1	RBL2	9606	0.721	0	0	0	0	0	0	0.721
9606.ENSP00000352516	9606.ENSP00000209875	DNMT1	CBX5	9606	0.713	0	0	0	0	0.457	0	0.494
9606.ENSP00000355657	9606.ENSP00000351446	H3-4	WDR5	9606	0.999	0	0	0	0	0.961	0	0.981
9606.ENSP00000355657	9606.ENSP00000244537	H3-4	H4C6	9606	0.999	0	0	0	0	0.965	0.8	0.965
9606.ENSP00000355657	9606.ENSP00000209875	H3-4	CBX5	9606	0.999	0	0	0	0	0.964	0	0.977
9606.ENSP00000355657	9606.ENSP00000336687	H3-4	CBX3	9606	0.998	0	0	0	0	0.964	0	0.961
9606.ENSP00000355657	9606.ENSP00000361473	H3-4	KDM4A	9606	0.996	0	0	0	0	0.946	0.5	0.881
9606.ENSP00000355657	9606.ENSP00000270172	H3-4	DNMT3L	9606	0.995	0	0	0	0	0.8	0	0.978
9606.ENSP00000355657	9606.ENSP00000377060	H3-4	CBX1	9606	0.993	0	0	0	0	0.949	0	0.879
9606.ENSP00000355657	9606.ENSP00000477870	H3-4	H4C7	9606	0.993	0	0	0	0	0.081	0.8	0.965
9606.ENSP00000355657	9606.ENSP00000307208	H3-4	BPTF	9606	0.993	0	0	0	0	0.926	0	0.919
9606.ENSP00000355657	9606.ENSP00000264709	H3-4	DNMT3A	9606	0.993	0	0	0	0	0.9	0	0.933
9606.ENSP00000355657	9606.ENSP00000332194	H3-4	H2AC20	9606	0.992	0	0	0	0	0.191	0.5	0.982
9606.ENSP00000355657	9606.ENSP00000358151	H3-4	H2BC21	9606	0.992	0	0	0	0	0.193	0.5	0.982
9606.ENSP00000355657	9606.ENSP00000358155	H3-4	H2AC18	9606	0.991	0	0	0	0	0.071	0.5	0.982
9606.ENSP00000355657	9606.ENSP00000386593	H3-4	PBRM1	9606	0.989	0	0	0	0	0.935	0	0.838
9606.ENSP00000355657	9606.ENSP00000479617	H3-4	UHRF1	9606	0.988	0	0	0	0	0.96	0	0.713
9606.ENSP00000355657	9606.ENSP00000362441	H3-4	ATRX	9606	0.988	0	0	0	0	0.901	0.5	0.784
9606.ENSP00000355657	9606.ENSP00000307183	H3-4	ING2	9606	0.987	0	0	0	0	0.928	0	0.831
9606.ENSP00000355657	9606.ENSP00000265713	H3-4	KAT6A	9606	0.985	0	0	0	0	0.945	0	0.742
9606.ENSP00000355657	9606.ENSP00000440542	H3-4	CHD4	9606	0.982	0	0	0	0	0.926	0	0.765
9606.ENSP00000355657	9606.ENSP00000229595	H3-4	ASF1A	9606	0.982	0	0	0	0	0.952	0	0.647
9606.ENSP00000355657	9606.ENSP00000379078	H3-4	EHMT2	9606	0.981	0	0	0	0	0.928	0	0.757
9606.ENSP00000355657	9606.ENSP00000369695	H3-4	MLLT3	9606	0.98	0	0	0	0	0.9	0	0.81
9606.ENSP00000355657	9606.ENSP00000291582	H3-4	AIRE	9606	0.98	0	0	0	0	0.926	0	0.744
9606.ENSP00000355657	9606.ENSP00000303373	H3-4	H2AC8	9606	0.979	0	0	0	0	0.958	0.5	0.076
9606.ENSP00000355657	9606.ENSP00000263377	H3-4	BRD4	9606	0.973	0	0	0	0	0.045	0	0.973
9606.ENSP00000355657	9606.ENSP00000328547	H3-4	DNMT3B	9606	0.973	0	0	0	0	0.9	0	0.75
9606.ENSP00000355657	9606.ENSP00000263754	H3-4	KAT2B	9606	0.972	0	0	0	0	0.949	0	0.482
9606.ENSP00000355657	9606.ENSP00000380024	H3-4	ING4	9606	0.97	0	0	0	0	0.96	0	0.292
9606.ENSP00000355657	9606.ENSP00000357442	H3-4	PYGO2	9606	0.969	0	0	0	0	0.903	0	0.702
9606.ENSP00000355657	9606.ENSP00000478672	H3-4	RAG2	9606	0.968	0	0	0	0	0.134	0	0.964
9606.ENSP00000355657	9606.ENSP00000364929	H3-4	ING1	9606	0.967	0	0	0	0	0.9	0	0.684
9606.ENSP00000355657	9606.ENSP00000363640	H3-4	PHF1	9606	0.966	0	0	0	0	0.946	0	0.405
9606.ENSP00000355657	9606.ENSP00000349430	H3-4	H2BC12	9606	0.964	0	0	0	0	0.807	0.5	0.663
9606.ENSP00000355657	9606.ENSP00000355388	H3-4	MPHOSPH8	9606	0.964	0	0	0	0	0.909	0	0.625
9606.ENSP00000355657	9606.ENSP00000351250	H3-4	TRIM33	9606	0.962	0	0	0	0	0.9	0	0.638
9606.ENSP00000355657	9606.ENSP00000384490	H3-4	CBX6	9606	0.962	0	0	0	0	0.96	0	0.104
9606.ENSP00000355657	9606.ENSP00000313983	H3-4	NSD3	9606	0.961	0	0	0	0	0.946	0	0.295
9606.ENSP00000355657	9606.ENSP00000287239	H3-4	KAT6B	9606	0.961	0	0	0	0	0.928	0	0.477
9606.ENSP00000355657	9606.ENSP00000483667	H3-4	CHD1	9606	0.957	0	0	0	0	0.903	0	0.574
9606.ENSP00000355657	9606.ENSP00000216133	H3-4	CBX7	9606	0.954	0	0	0	0	0.946	0	0.177
9606.ENSP00000355657	9606.ENSP00000302327	H3-4	PYGO1	9606	0.953	0	0	0	0	0.9	0	0.557
9606.ENSP00000355657	9606.ENSP00000262367	H3-4	CREBBP	9606	0.946	0	0	0	0	0.943	0	0.088
9606.ENSP00000355657	9606.ENSP00000365019	H3-4	SPIN1	9606	0.945	0	0	0	0	0.9	0	0.473
9606.ENSP00000355657	9606.ENSP00000436786	H3-4	KMT2A	9606	0.944	0	0	0	0	0.943	0	0
9606.ENSP00000355657	9606.ENSP00000476136	H3-4	H2BC11	9606	0.943	0	0	0	0	0.807	0.5	0.461
9606.ENSP00000355657	9606.ENSP00000386759	H3-4	SETD2	9606	0.942	0	0	0	0	0.942	0	0
9606.ENSP00000355657	9606.ENSP00000264108	H3-4	HAT1	9606	0.938	0	0	0	0	0.385	0.9	0.085
9606.ENSP00000355657	9606.ENSP00000346453	H3-4	IPO4	9606	0.936	0	0	0	0	0.936	0	0
9606.ENSP00000355657	9606.ENSP00000255120	H3-4	NASP	9606	0.935	0	0	0	0	0.935	0	0
9606.ENSP00000355657	9606.ENSP00000266070	H3-4	DIDO1	9606	0.935	0	0	0	0	0.914	0	0.275
9606.ENSP00000355657	9606.ENSP00000469158	H3-4	SPHK2	9606	0.929	0	0	0	0	0	0	0.929
9606.ENSP00000355657	9606.ENSP00000371475	H3-4	TP53BP1	9606	0.928	0	0	0	0	0	0.5	0.862
9606.ENSP00000355657	9606.ENSP00000417980	H3-4	EHMT1	9606	0.928	0	0	0	0	0.928	0	0
9606.ENSP00000355657	9606.ENSP00000316114	H3-4	SGF29	9606	0.926	0	0	0	0	0.926	0	0
9606.ENSP00000355657	9606.ENSP00000319799	H3-4	H1-8	9606	0.923	0	0	0	0	0.059	0	0.922
9606.ENSP00000355657	9606.ENSP00000483946	H3-4	PHF19	9606	0.922	0	0	0	0	0.9	0	0.256
9606.ENSP00000355657	9606.ENSP00000476295	H3-4	CDYL2	9606	0.911	0	0	0	0	0.904	0	0.12
9606.ENSP00000355657	9606.ENSP00000481486	H3-4	H4C9	9606	0.908	0	0	0	0	0.904	0	0.089
9606.ENSP00000355657	9606.ENSP00000484789	H3-4	H4C5	9606	0.908	0	0	0	0	0.904	0	0.089
9606.ENSP00000355657	9606.ENSP00000373340	H3-4	BRPF1	9606	0.908	0	0	0	0	0.9	0	0.119
9606.ENSP00000355657	9606.ENSP00000479106	H3-4	H4C1	9606	0.908	0	0	0	0	0.904	0	0.089
9606.ENSP00000355657	9606.ENSP00000367034	H3-4	H4C3	9606	0.908	0	0	0	0	0.904	0	0.089
9606.ENSP00000355657	9606.ENSP00000366974	H3-4	H4C2	9606	0.908	0	0	0	0	0.904	0	0.089
9606.ENSP00000355657	9606.ENSP00000479461	H3-4	H4C4	9606	0.908	0	0	0	0	0.904	0	0.089
9606.ENSP00000355657	9606.ENSP00000479794	H3-4	H4C12	9606	0.908	0	0	0	0	0.904	0	0.089
9606.ENSP00000355657	9606.ENSP00000462667	H3-4	H4C14	9606	0.908	0	0	0	0	0.904	0	0.089
9606.ENSP00000355657	9606.ENSP00000347168	H3-4	H4C11	9606	0.908	0	0	0	0	0.904	0	0.089
9606.ENSP00000355657	9606.ENSP00000462355	H3-4	H4C15	9606	0.908	0	0	0	0	0.904	0	0.089
9606.ENSP00000355657	9606.ENSP00000489236	H3-4	H4C8	9606	0.908	0	0	0	0	0.904	0	0.089
9606.ENSP00000355657	9606.ENSP00000443017	H3-4	H4-16	9606	0.908	0	0	0	0	0.904	0	0.089
9606.ENSP00000355657	9606.ENSP00000480960	H3-4	H4C13	9606	0.908	0	0	0	0	0.904	0	0.089
9606.ENSP00000355657	9606.ENSP00000433760	H3-4	BANF1	9606	0.906	0	0	0	0	0	0	0.906
9606.ENSP00000355657	9606.ENSP00000483842	H3-4	H2AC4	9606	0.906	0	0	0	0	0.903	0	0.076
9606.ENSP00000355657	9606.ENSP00000434024	H3-4	H2AX	9606	0.905	0	0	0	0	0.424	0.8	0.242
9606.ENSP00000355657	9606.ENSP00000271640	H3-4	SETDB1	9606	0.901	0	0	0	0	0.901	0	0
9606.ENSP00000355657	9606.ENSP00000372191	H3-4	SIRT3	9606	0.9	0	0	0	0	0.9	0	0
9606.ENSP00000355657	9606.ENSP00000483345	H3-4	HDGFL2	9606	0.9	0	0	0	0	0.9	0	0
9606.ENSP00000355657	9606.ENSP00000312379	H3-4	KMT2E	9606	0.9	0	0	0	0	0.9	0	0
9606.ENSP00000355657	9606.ENSP00000383333	H3-4	MORC3	9606	0.9	0	0	0	0	0.9	0	0
9606.ENSP00000355657	9606.ENSP00000495413	H3-4	TRIM66	9606	0.9	0	0	0	0	0.9	0	0
9606.ENSP00000355657	9606.ENSP00000361918	H3-4	PPIE	9606	0.9	0	0	0	0	0.9	0	0
9606.ENSP00000355657	9606.ENSP00000476228	H3-4	SIRT5	9606	0.9	0	0	0	0	0.9	0	0
9606.ENSP00000355657	9606.ENSP00000359837	H3-4	ZZZ3	9606	0.9	0	0	0	0	0.9	0	0
9606.ENSP00000355657	9606.ENSP00000343023	H3-4	SP100	9606	0.9	0	0	0	0	0.9	0	0
9606.ENSP00000355657	9606.ENSP00000373278	H3-4	ZCWPW2	9606	0.9	0	0	0	0	0.9	0	0
9606.ENSP00000355657	9606.ENSP00000340330	H3-4	KAT5	9606	0.898	0	0	0	0	0.318	0.5	0.725
9606.ENSP00000355657	9606.ENSP00000343896	H3-4	SMARCA4	9606	0.88	0	0	0	0	0.393	0	0.811
9606.ENSP00000355657	9606.ENSP00000402280	H3-4	CDY2A	9606	0.875	0	0	0	0	0.808	0	0.379
9606.ENSP00000355657	9606.ENSP00000441273	H3-4	CDY2B	9606	0.875	0	0	0	0	0.808	0	0.379
9606.ENSP00000355657	9606.ENSP00000352516	H3-4	DNMT1	9606	0.874	0	0	0	0	0.457	0	0.778
9606.ENSP00000355657	9606.ENSP00000320566	H3-4	ING3	9606	0.871	0	0	0	0	0.079	0	0.865
9606.ENSP00000355657	9606.ENSP00000469686	H3-4	EGLN2	9606	0.856	0	0	0	0	0	0	0.856
9606.ENSP00000355657	9606.ENSP00000333277	H3-4	H3C13	9606	0.851	0	0	0	0	0.85	0	0
9606.ENSP00000355657	9606.ENSP00000484095	H3-4	H3C7	9606	0.844	0	0	0	0	0.844	0	0
9606.ENSP00000355657	9606.ENSP00000358160	H3-4	H3C10	9606	0.844	0	0	0	0	0.844	0	0
9606.ENSP00000355657	9606.ENSP00000484638	H3-4	H3C8	9606	0.844	0	0	0	0	0.844	0	0
9606.ENSP00000355657	9606.ENSP00000483283	H3-4	H3C11	9606	0.844	0	0	0	0	0.844	0	0
9606.ENSP00000355657	9606.ENSP00000489282	H3-4	H3C6	9606	0.844	0	0	0	0	0.844	0	0
9606.ENSP00000355657	9606.ENSP00000352252	H3-4	H3C12	9606	0.844	0	0	0	0	0.844	0	0
9606.ENSP00000355657	9606.ENSP00000480826	H3-4	H3C1	9606	0.844	0	0	0	0	0.844	0	0
9606.ENSP00000355657	9606.ENSP00000484841	H3-4	H3C2	9606	0.844	0	0	0	0	0.844	0	0
9606.ENSP00000355657	9606.ENSP00000308750	H3-4	CBX2	9606	0.84	0	0	0	0	0.488	0	0.702
9606.ENSP00000355657	9606.ENSP00000225916	H3-4	KAT2A	9606	0.829	0	0	0	0	0.517	0	0.661
9606.ENSP00000355657	9606.ENSP00000358154	H3-4	H3C14	9606	0.828	0	0	0	0	0.828	0	0
9606.ENSP00000355657	9606.ENSP00000355780	H3-4	H3-3A	9606	0.828	0	0	0	0	0.828	0	0
9606.ENSP00000355657	9606.ENSP00000385479	H3-4	H3C15	9606	0.828	0	0	0	0	0.828	0	0
9606.ENSP00000355657	9606.ENSP00000499501	H3-4	H3-2	9606	0.828	0	0	0	0	0.828	0	0
9606.ENSP00000355657	9606.ENSP00000254810	H3-4	H3-3B	9606	0.828	0	0	0	0	0.828	0	0
9606.ENSP00000355657	9606.ENSP00000339835	H3-4	H3-5	9606	0.828	0	0	0	0	0.828	0	0
9606.ENSP00000355657	9606.ENSP00000319104	H3-4	SUPT6H	9606	0.825	0	0	0	0	0.177	0	0.797
9606.ENSP00000355657	9606.ENSP00000302968	H3-4	CDY1	9606	0.823	0	0	0	0	0.808	0	0.12
9606.ENSP00000355657	9606.ENSP00000303178	H3-4	CDY1B	9606	0.823	0	0	0	0	0.808	0	0.12
9606.ENSP00000355657	9606.ENSP00000372351	H3-4	NSD2	9606	0.82	0	0	0	0	0.3	0.5	0.527
9606.ENSP00000355657	9606.ENSP00000369424	H3-4	RBBP7	9606	0.816	0	0	0	0	0.538	0	0.619
9606.ENSP00000355657	9606.ENSP00000234739	H3-4	BCL9	9606	0.8	0	0	0	0	0.8	0	0
9606.ENSP00000355657	9606.ENSP00000294244	H3-4	SPINDOC	9606	0.8	0	0	0	0	0.8	0	0
9606.ENSP00000355657	9606.ENSP00000484658	H3-4	H3C3	9606	0.8	0	0	0	0	0.8	0	0
9606.ENSP00000355657	9606.ENSP00000366999	H3-4	H3C4	9606	0.8	0	0	0	0	0.8	0	0
9606.ENSP00000355657	9606.ENSP00000350676	H3-4	PHF8	9606	0.799	0	0	0	0	0.475	0.5	0.297
9606.ENSP00000355657	9606.ENSP00000258962	H3-4	SRSF1	9606	0.794	0	0	0	0	0	0	0.794
9606.ENSP00000355657	9606.ENSP00000362592	H3-4	RBBP4	9606	0.791	0	0	0	0	0.398	0	0.667
9606.ENSP00000355657	9606.ENSP00000398824	H3-4	PHF21A	9606	0.777	0	0	0	0	0.3	0	0.695
9606.ENSP00000355657	9606.ENSP00000439128	H3-4	BANF2	9606	0.766	0	0	0	0	0	0	0.766
9606.ENSP00000355657	9606.ENSP00000289316	H3-4	H2BC5	9606	0.763	0	0	0	0	0.193	0.5	0.46
9606.ENSP00000355657	9606.ENSP00000479169	H3-4	H2BC9	9606	0.763	0	0	0	0	0.193	0.5	0.461
9606.ENSP00000355657	9606.ENSP00000366618	H3-4	H2BC13	9606	0.763	0	0	0	0	0.194	0.5	0.461
9606.ENSP00000355657	9606.ENSP00000481622	H3-4	H2BS1	9606	0.763	0	0	0	0	0.193	0.5	0.461
9606.ENSP00000355657	9606.ENSP00000483903	H3-4	H2BC15	9606	0.763	0	0	0	0	0.193	0.5	0.46
9606.ENSP00000355657	9606.ENSP00000477907	H3-4	H2BC14	9606	0.763	0	0	0	0	0.192	0.5	0.461
9606.ENSP00000355657	9606.ENSP00000311360	H3-4	RAD9A	9606	0.762	0	0	0	0	0	0	0.762
9606.ENSP00000355657	9606.ENSP00000247843	H3-4	YEATS4	9606	0.757	0	0	0	0	0.292	0	0.672
9606.ENSP00000355657	9606.ENSP00000362649	H3-4	HDAC1	9606	0.756	0	0	0	0	0.292	0	0.67
9606.ENSP00000355657	9606.ENSP00000225275	H3-4	MPO	9606	0.731	0	0	0	0	0	0	0.731
9606.ENSP00000355657	9606.ENSP00000479284	H3-4	H2BU1	9606	0.728	0	0	0	0	0.075	0.5	0.46
9606.ENSP00000355657	9606.ENSP00000321744	H3-4	H2BC4	9606	0.728	0	0	0	0	0.075	0.5	0.46
9606.ENSP00000355657	9606.ENSP00000477527	H3-4	H2BC17	9606	0.728	0	0	0	0	0.075	0.5	0.46
9606.ENSP00000355657	9606.ENSP00000482674	H3-4	H2BC3	9606	0.728	0	0	0	0	0.075	0.5	0.46
9606.ENSP00000355657	9606.ENSP00000274764	H3-4	H2BC1	9606	0.726	0	0	0	0	0.075	0.5	0.457
9606.ENSP00000355657	9606.ENSP00000364597	H3-4	PADI4	9606	0.726	0	0	0	0	0	0	0.726
9606.ENSP00000355657	9606.ENSP00000252674	H3-4	MLLT1	9606	0.72	0	0	0	0	0.292	0	0.621
9606.ENSP00000355657	9606.ENSP00000340271	H3-4	TAF3	9606	0.72	0	0	0	0	0.379	0	0.568
9606.ENSP00000355657	9606.ENSP00000266000	H3-4	DAXX	9606	0.716	0	0	0	0	0.457	0.5	0
9606.ENSP00000355657	9606.ENSP00000339883	H3-4	LBR	9606	0.715	0	0	0	0	0.08	0	0.702
9606.ENSP00000355657	9606.ENSP00000263382	H3-4	ASF1B	9606	0.712	0	0	0	0	0.543	0	0.395
9606.ENSP00000355657	9606.ENSP00000410042	H3-4	BRD1	9606	0.708	0	0	0	0	0.292	0	0.605
9606.ENSP00000355924	9606.ENSP00000335153	SMYD2	HSP90AA1	9606	0.864	0	0	0	0	0.457	0	0.76
9606.ENSP00000355924	9606.ENSP00000269305	SMYD2	TP53	9606	0.794	0	0	0	0	0.794	0	0
9606.ENSP00000355924	9606.ENSP00000360609	SMYD2	HSP90AB1	9606	0.76	0	0	0	0	0	0	0.76
9606.ENSP00000356233	9606.ENSP00000362649	KDM5B	HDAC1	9606	0.956	0	0	0	0	0.457	0	0.922
9606.ENSP00000356233	9606.ENSP00000383042	KDM5B	KDM1A	9606	0.956	0	0	0	0	0.292	0	0.941
9606.ENSP00000356233	9606.ENSP00000478887	KDM5B	MYC	9606	0.941	0	0	0	0	0.292	0.8	0.619
9606.ENSP00000356233	9606.ENSP00000201031	KDM5B	TFAP2C	9606	0.89	0	0	0	0	0.292	0.5	0.716
9606.ENSP00000356233	9606.ENSP00000262241	KDM5B	RCOR1	9606	0.835	0	0	0	0	0.292	0	0.777
9606.ENSP00000356233	9606.ENSP00000339004	KDM5B	FOXG1	9606	0.831	0	0	0	0	0.457	0	0.702
9606.ENSP00000356233	9606.ENSP00000355245	KDM5B	PAX9	9606	0.773	0	0	0	0	0.457	0	0.6
9606.ENSP00000356480	9606.ENSP00000419494	RNF2	RYBP	9606	0.999	0	0	0	0	0.96	0.5	0.981
9606.ENSP00000356480	9606.ENSP00000482063	RNF2	PCGF2	9606	0.999	0	0	0	0	0.725	0.9	0.984
9606.ENSP00000356480	9606.ENSP00000473391	RNF2	COMMD3-BMI1	9606	0.999	0	0	0	0	0.95	0	0.987
9606.ENSP00000356480	9606.ENSP00000365851	RNF2	BMI1	9606	0.999	0	0	0	0	0.973	0.9	0.987
9606.ENSP00000356480	9606.ENSP00000358862	RNF2	PCGF6	9606	0.999	0	0	0	0	0.696	0.9	0.978
9606.ENSP00000356480	9606.ENSP00000363787	RNF2	RING1	9606	0.999	0	0	0	0	0.624	0.9	0.982
9606.ENSP00000356480	9606.ENSP00000233630	RNF2	PCGF1	9606	0.999	0	0	0	0	0.711	0.9	0.984
9606.ENSP00000356480	9606.ENSP00000437659	RNF2	PHC1	9606	0.999	0	0	0	0	0.603	0.9	0.981
9606.ENSP00000356480	9606.ENSP00000216133	RNF2	CBX7	9606	0.999	0	0	0	0	0.964	0.9	0.804
9606.ENSP00000356480	9606.ENSP00000308750	RNF2	CBX2	9606	0.998	0	0	0	0	0.473	0.9	0.97
9606.ENSP00000356480	9606.ENSP00000316578	RNF2	SUZ12	9606	0.995	0	0	0	0	0.292	0.9	0.948
9606.ENSP00000356480	9606.ENSP00000269397	RNF2	CBX4	9606	0.994	0	0	0	0	0.516	0.9	0.903
9606.ENSP00000356480	9606.ENSP00000328004	RNF2	YAF2	9606	0.993	0	0	0	0	0.61	0.5	0.968
9606.ENSP00000356480	9606.ENSP00000366271	RNF2	KDM2B	9606	0.993	0	0	0	0	0.592	0	0.984
9606.ENSP00000356480	9606.ENSP00000320147	RNF2	EZH2	9606	0.988	0	0	0	0	0.292	0.9	0.854
9606.ENSP00000356480	9606.ENSP00000337500	RNF2	PCGF5	9606	0.985	0	0	0	0	0.782	0.9	0.392
9606.ENSP00000356480	9606.ENSP00000420294	RNF2	PHC3	9606	0.981	0	0	0	0	0.603	0.9	0.562
9606.ENSP00000356480	9606.ENSP00000367705	RNF2	BCOR	9606	0.981	0	0	0	0	0.585	0.9	0.6
9606.ENSP00000356480	9606.ENSP00000370936	RNF2	E2F6	9606	0.981	0	0	0	0	0.65	0.9	0.518
9606.ENSP00000356480	9606.ENSP00000354724	RNF2	PCGF3	9606	0.98	0	0	0	0	0.573	0.9	0.584
9606.ENSP00000356480	9606.ENSP00000269385	RNF2	CBX8	9606	0.98	0	0	0	0	0.618	0.9	0.526
9606.ENSP00000356480	9606.ENSP00000351446	RNF2	WDR5	9606	0.974	0	0	0	0	0.504	0.9	0.518
9606.ENSP00000356480	9606.ENSP00000260947	RNF2	BARD1	9606	0.968	0	0	0	0	0	0.9	0.696
9606.ENSP00000356480	9606.ENSP00000338186	RNF2	EED	9606	0.966	0	0	0	0	0.457	0.9	0.44
9606.ENSP00000356480	9606.ENSP00000251900	RNF2	SCML2	9606	0.963	0	0	0	0	0.603	0.9	0.143
9606.ENSP00000356480	9606.ENSP00000257118	RNF2	PHC2	9606	0.955	0	0	0	0	0.57	0.9	0.057
9606.ENSP00000356480	9606.ENSP00000384490	RNF2	CBX6	9606	0.955	0	0	0	0	0.481	0.9	0.212
9606.ENSP00000356480	9606.ENSP00000219905	RNF2	MGA	9606	0.943	0	0	0	0	0.457	0.9	0
9606.ENSP00000356480	9606.ENSP00000351490	RNF2	MAX	9606	0.943	0	0	0	0	0.457	0.9	0
9606.ENSP00000356480	9606.ENSP00000318094	RNF2	SCMH1	9606	0.929	0	0	0	0	0.457	0.8	0.399
9606.ENSP00000356480	9606.ENSP00000438788	RNF2	CUL7	9606	0.927	0	0	0	0	0	0.9	0.304
9606.ENSP00000356480	9606.ENSP00000436786	RNF2	KMT2A	9606	0.926	0	0	0	0	0.292	0.9	0.048
9606.ENSP00000356480	9606.ENSP00000364839	RNF2	ASXL1	9606	0.926	0	0	0	0	0.292	0.9	0
9606.ENSP00000356480	9606.ENSP00000406037	RNF2	KAT8	9606	0.926	0	0	0	0	0.292	0.9	0
9606.ENSP00000356480	9606.ENSP00000378350	RNF2	CDC23	9606	0.9	0	0	0	0	0	0.9	0
9606.ENSP00000356480	9606.ENSP00000363944	RNF2	LAS1L	9606	0.9	0	0	0	0	0	0.9	0
9606.ENSP00000356480	9606.ENSP00000426654	RNF2	ANAPC4	9606	0.9	0	0	0	0	0	0.9	0
9606.ENSP00000356480	9606.ENSP00000349957	RNF2	ANAPC11	9606	0.9	0	0	0	0	0	0.9	0
9606.ENSP00000356480	9606.ENSP00000348838	RNF2	UBE2C	9606	0.9	0	0	0	0	0	0.9	0
9606.ENSP00000356480	9606.ENSP00000363322	RNF2	CDC26	9606	0.9	0	0	0	0	0	0.9	0
9606.ENSP00000356480	9606.ENSP00000264552	RNF2	UBE2S	9606	0.9	0	0	0	0	0	0.9	0
9606.ENSP00000356480	9606.ENSP00000477760	RNF2	ANAPC16	9606	0.9	0	0	0	0	0	0.9	0
9606.ENSP00000356480	9606.ENSP00000339109	RNF2	ANAPC1	9606	0.9	0	0	0	0	0	0.9	0
9606.ENSP00000356480	9606.ENSP00000391457	RNF2	INO80C	9606	0.9	0	0	0	0	0	0.9	0
9606.ENSP00000356480	9606.ENSP00000343412	RNF2	BABAM2	9606	0.9	0	0	0	0	0	0.9	0
9606.ENSP00000356480	9606.ENSP00000362592	RNF2	RBBP4	9606	0.9	0	0	0	0	0	0.9	0
9606.ENSP00000356480	9606.ENSP00000358474	RNF2	BRCC3	9606	0.9	0	0	0	0	0	0.9	0
9606.ENSP00000356480	9606.ENSP00000370193	RNF2	TAF9	9606	0.9	0	0	0	0	0	0.9	0
9606.ENSP00000356480	9606.ENSP00000394394	RNF2	ANAPC7	9606	0.9	0	0	0	0	0	0.9	0
9606.ENSP00000356480	9606.ENSP00000381840	RNF2	AEBP2	9606	0.9	0	0	0	0	0	0.9	0
9606.ENSP00000356480	9606.ENSP00000389445	RNF2	UBAP2L	9606	0.9	0	0	0	0	0	0.9	0
9606.ENSP00000356480	9606.ENSP00000312709	RNF2	TAF7	9606	0.9	0	0	0	0	0	0.9	0
9606.ENSP00000356480	9606.ENSP00000369424	RNF2	RBBP7	9606	0.9	0	0	0	0	0	0.9	0
9606.ENSP00000356480	9606.ENSP00000301396	RNF2	PELP1	9606	0.9	0	0	0	0	0	0.9	0
9606.ENSP00000356480	9606.ENSP00000495240	RNF2	CHD8	9606	0.9	0	0	0	0	0	0.9	0
9606.ENSP00000356480	9606.ENSP00000421842	RNF2	ANAPC13	9606	0.9	0	0	0	0	0	0.9	0
9606.ENSP00000356480	9606.ENSP00000324122	RNF2	PRPF31	9606	0.9	0	0	0	0	0	0.9	0
9606.ENSP00000356480	9606.ENSP00000434614	RNF2	CDC27	9606	0.9	0	0	0	0	0	0.9	0
9606.ENSP00000356480	9606.ENSP00000363124	RNF2	PHF20	9606	0.9	0	0	0	0	0	0.9	0
9606.ENSP00000356480	9606.ENSP00000473172	RNF2	RUVBL2	9606	0.9	0	0	0	0	0	0.9	0
9606.ENSP00000356480	9606.ENSP00000348554	RNF2	CDC16	9606	0.9	0	0	0	0	0	0.9	0
9606.ENSP00000356480	9606.ENSP00000387393	RNF2	KANSL1	9606	0.9	0	0	0	0	0	0.9	0
9606.ENSP00000356480	9606.ENSP00000252996	RNF2	TAF4	9606	0.9	0	0	0	0	0	0.9	0
9606.ENSP00000356480	9606.ENSP00000314004	RNF2	ANAPC2	9606	0.9	0	0	0	0	0	0.9	0
9606.ENSP00000356480	9606.ENSP00000437360	RNF2	ANAPC15	9606	0.9	0	0	0	0	0	0.9	0
9606.ENSP00000356480	9606.ENSP00000430432	RNF2	HDAC2	9606	0.9	0	0	0	0	0.041	0.9	0
9606.ENSP00000356480	9606.ENSP00000399982	RNF2	TAF6	9606	0.9	0	0	0	0	0	0.9	0
9606.ENSP00000356480	9606.ENSP00000478501	RNF2	ANAPC10	9606	0.9	0	0	0	0	0	0.9	0
9606.ENSP00000356480	9606.ENSP00000364037	RNF2	TEX10	9606	0.9	0	0	0	0	0	0.9	0
9606.ENSP00000356480	9606.ENSP00000349640	RNF2	MCRS1	9606	0.9	0	0	0	0	0	0.9	0
9606.ENSP00000356480	9606.ENSP00000309555	RNF2	HCFC1	9606	0.9	0	0	0	0	0	0.9	0
9606.ENSP00000356480	9606.ENSP00000318297	RNF2	RUVBL1	9606	0.9	0	0	0	0	0	0.9	0
9606.ENSP00000356480	9606.ENSP00000417132	RNF2	BAP1	9606	0.9	0	0	0	0	0	0.9	0
9606.ENSP00000356480	9606.ENSP00000261819	RNF2	ANAPC5	9606	0.9	0	0	0	0	0	0.9	0
9606.ENSP00000356480	9606.ENSP00000404658	RNF2	EZH1	9606	0.9	0	0	0	0	0	0.9	0.048
9606.ENSP00000356480	9606.ENSP00000264515	RNF2	RBBP5	9606	0.9	0	0	0	0	0.041	0.9	0
9606.ENSP00000356480	9606.ENSP00000314029	RNF2	SENP3	9606	0.9	0	0	0	0	0	0.9	0
9606.ENSP00000356480	9606.ENSP00000418960	RNF2	BRCA1	9606	0.9	0	0	0	0	0	0.9	0
9606.ENSP00000356480	9606.ENSP00000448598	RNF2	C17orf49	9606	0.9	0	0	0	0	0	0.9	0
9606.ENSP00000356480	9606.ENSP00000406549	RNF2	TAF1	9606	0.9	0	0	0	0	0	0.9	0
9606.ENSP00000356480	9606.ENSP00000336687	RNF2	CBX3	9606	0.892	0	0	0	0	0.457	0.5	0.635
9606.ENSP00000356480	9606.ENSP00000216237	RNF2	L3MBTL2	9606	0.891	0	0	0	0	0.578	0.5	0.526
9606.ENSP00000356480	9606.ENSP00000231487	RNF2	SKP1	9606	0.88	0	0	0	0	0.457	0	0.789
9606.ENSP00000356480	9606.ENSP00000377060	RNF2	CBX1	9606	0.812	0	0	0	0	0.129	0	0.793
9606.ENSP00000356480	9606.ENSP00000358155	RNF2	H2AC18	9606	0.808	0	0	0	0	0.457	0.5	0.353
9606.ENSP00000356480	9606.ENSP00000332194	RNF2	H2AC20	9606	0.808	0	0	0	0	0.457	0.5	0.353
9606.ENSP00000356480	9606.ENSP00000348489	RNF2	FBRS	9606	0.804	0	0	0	0	0.457	0	0.654
9606.ENSP00000356480	9606.ENSP00000264499	RNF2	BBS7	9606	0.775	0	0	0	0	0	0	0.775
9606.ENSP00000356480	9606.ENSP00000349722	RNF2	UBE2D3	9606	0.773	0	0	0	0	0.505	0	0.562
9606.ENSP00000356480	9606.ENSP00000262238	RNF2	YY1	9606	0.771	0	0	0	0	0.292	0.54	0.355
9606.ENSP00000356480	9606.ENSP00000228318	RNF2	SLC25A3	9606	0.77	0	0	0	0	0	0	0.77
9606.ENSP00000356480	9606.ENSP00000262506	RNF2	CSNK2A2	9606	0.761	0	0	0	0	0.48	0.5	0.158
9606.ENSP00000356480	9606.ENSP00000365042	RNF2	CSNK2B	9606	0.744	0	0	0	0	0.457	0.5	0.134
9606.ENSP00000356480	9606.ENSP00000217244	RNF2	CSNK2A1	9606	0.743	0	0	0	0	0.457	0.5	0.131
9606.ENSP00000356480	9606.ENSP00000229330	RNF2	HCFC2	9606	0.722	0	0	0	0	0	0.54	0.421
9606.ENSP00000356480	9606.ENSP00000369497	RNF2	BRCA2	9606	0.72	0	0	0	0	0	0.72	0
9606.ENSP00000356480	9606.ENSP00000493712	RNF2	RAD51	9606	0.72	0	0	0	0	0	0.72	0
9606.ENSP00000356480	9606.ENSP00000287598	RNF2	BUB1B	9606	0.72	0	0	0	0	0	0.72	0
9606.ENSP00000356480	9606.ENSP00000244537	RNF2	H4C6	9606	0.716	0	0	0	0	0.457	0.5	0
9606.ENSP00000356480	9606.ENSP00000344087	RNF2	AUTS2	9606	0.716	0	0	0	0	0.457	0.5	0
9606.ENSP00000356480	9606.ENSP00000434024	RNF2	H2AX	9606	0.716	0	0	0	0	0.457	0.5	0
9606.ENSP00000356480	9606.ENSP00000303373	RNF2	H2AC8	9606	0.716	0	0	0	0	0.457	0.5	0
9606.ENSP00000357644	9606.ENSP00000369424	GATAD2B	RBBP7	9606	0.995	0	0	0	0	0.583	0.54	0.979
9606.ENSP00000357644	9606.ENSP00000362592	GATAD2B	RBBP4	9606	0.994	0	0	0	0	0.585	0.54	0.975
9606.ENSP00000357644	9606.ENSP00000362649	GATAD2B	HDAC1	9606	0.994	0	0	0	0	0.559	0.54	0.974
9606.ENSP00000357644	9606.ENSP00000430432	GATAD2B	HDAC2	9606	0.99	0	0	0	0	0.642	0.54	0.947
9606.ENSP00000357644	9606.ENSP00000333633	GATAD2B	MTA1	9606	0.986	0	0	0	0	0.687	0.54	0.911
9606.ENSP00000357644	9606.ENSP00000278823	GATAD2B	MTA2	9606	0.986	0	0	0	0	0.68	0.54	0.916
9606.ENSP00000357644	9606.ENSP00000440542	GATAD2B	CHD4	9606	0.985	0	0	0	0	0.651	0.54	0.914
9606.ENSP00000357644	9606.ENSP00000384899	GATAD2B	GATAD2A	9606	0.983	0	0	0	0	0.722	0.54	0.879
9606.ENSP00000357644	9606.ENSP00000369716	GATAD2B	CHD3	9606	0.972	0	0	0	0	0.694	0.54	0.821
9606.ENSP00000357644	9606.ENSP00000385823	GATAD2B	MTA3	9606	0.968	0	0	0	0	0.731	0.54	0.767
9606.ENSP00000357644	9606.ENSP00000256429	GATAD2B	MBD2	9606	0.95	0	0	0	0	0.725	0.54	0.64
9606.ENSP00000357644	9606.ENSP00000412302	GATAD2B	MBD3	9606	0.887	0	0	0	0	0.73	0.54	0.166
9606.ENSP00000357644	9606.ENSP00000261692	GATAD2B	CDK2AP1	9606	0.879	0	0	0	0	0.653	0	0.665
9606.ENSP00000357644	9606.ENSP00000262450	GATAD2B	CHD5	9606	0.854	0	0	0	0	0.651	0.54	0.168
9606.ENSP00000357644	9606.ENSP00000217086	GATAD2B	SALL4	9606	0.786	0	0	0	0	0.591	0.5	0
9606.ENSP00000357979	9606.ENSP00000383042	NR2E1	KDM1A	9606	0.96	0	0	0	0	0.457	0.5	0.865
9606.ENSP00000357979	9606.ENSP00000225983	NR2E1	HDAC5	9606	0.944	0	0	0	0	0.457	0.5	0.813
9606.ENSP00000357979	9606.ENSP00000379915	NR2E1	ATN1	9606	0.816	0	0	0	0	0.457	0.5	0.38
9606.ENSP00000357979	9606.ENSP00000080059	NR2E1	HDAC7	9606	0.74	0	0	0	0	0.292	0.5	0.326
9606.ENSP00000357979	9606.ENSP00000430432	NR2E1	HDAC2	9606	0.716	0	0	0	0	0.457	0.5	0
9606.ENSP00000358151	9606.ENSP00000244537	H2BC21	H4C6	9606	0.999	0	0	0	0	0.945	0.4	0.979
9606.ENSP00000358151	9606.ENSP00000332194	H2BC21	H2AC20	9606	0.999	0	0	0	0	0.94	0.4	0.982
9606.ENSP00000358151	9606.ENSP00000254810	H2BC21	H3-3B	9606	0.998	0	0	0	0	0.86	0.4	0.982
9606.ENSP00000358151	9606.ENSP00000333277	H2BC21	H3C13	9606	0.998	0	0	0	0	0.846	0.4	0.982
9606.ENSP00000358151	9606.ENSP00000352252	H2BC21	H3C12	9606	0.997	0	0	0	0	0.814	0.4	0.982
9606.ENSP00000358151	9606.ENSP00000296417	H2BC21	H2AZ1	9606	0.992	0	0	0	0	0.351	0.4	0.982
9606.ENSP00000358151	9606.ENSP00000355657	H2BC21	H3-4	9606	0.992	0	0	0	0	0.193	0.5	0.982
9606.ENSP00000358151	9606.ENSP00000358155	H2BC21	H2AC18	9606	0.992	0	0	0	0	0.314	0.4	0.982
9606.ENSP00000358151	9606.ENSP00000303373	H2BC21	H2AC8	9606	0.992	0	0	0	0	0.914	0.4	0.862
9606.ENSP00000358151	9606.ENSP00000434024	H2BC21	H2AX	9606	0.986	0	0	0	0	0.474	0.4	0.96
9606.ENSP00000358151	9606.ENSP00000339835	H2BC21	H3-5	9606	0.982	0	0	0	0	0.075	0	0.982
9606.ENSP00000358151	9606.ENSP00000499501	H2BC21	H3-2	9606	0.982	0	0	0	0	0.084	0	0.982
9606.ENSP00000358151	9606.ENSP00000477870	H2BC21	H4C7	9606	0.98	0	0	0	0	0.081	0	0.979
9606.ENSP00000358151	9606.ENSP00000344504	H2BC21	H1-0	9606	0.976	0	0	0	0	0.225	0	0.971
9606.ENSP00000358151	9606.ENSP00000351589	H2BC21	H2AC13	9606	0.975	0	0	0	0	0.903	0.4	0.616
9606.ENSP00000358151	9606.ENSP00000352627	H2BC21	H2AC17	9606	0.961	0	0	0	0	0.903	0	0.613
9606.ENSP00000358151	9606.ENSP00000438553	H2BC21	H2AJ	9606	0.958	0	0	0	0	0.916	0.5	0.074
9606.ENSP00000358151	9606.ENSP00000308405	H2BC21	H2AZ2	9606	0.958	0	0	0	0	0.914	0.5	0.094
9606.ENSP00000358151	9606.ENSP00000272317	H2BC21	RPS27A	9606	0.955	0	0	0	0	0.955	0	0
9606.ENSP00000358151	9606.ENSP00000367022	H2BC21	H2AC6	9606	0.95	0	0	0	0	0.916	0.4	0.074
9606.ENSP00000358151	9606.ENSP00000341094	H2BC21	H2AC7	9606	0.95	0	0	0	0	0.917	0.4	0.074
9606.ENSP00000358151	9606.ENSP00000340883	H2BC21	SMARCB1	9606	0.949	0	0	0	0	0.912	0	0.447
9606.ENSP00000358151	9606.ENSP00000336868	H2BC21	CENPA	9606	0.946	0	0	0	0	0.61	0.5	0.746
9606.ENSP00000358151	9606.ENSP00000216639	H2BC21	VRK1	9606	0.943	0	0	0	0	0.943	0	0
9606.ENSP00000358151	9606.ENSP00000483842	H2BC21	H2AC4	9606	0.942	0	0	0	0	0.903	0	0.429
9606.ENSP00000358151	9606.ENSP00000297012	H2BC21	H2AC1	9606	0.941	0	0	0	0	0.903	0.4	0.074
9606.ENSP00000358151	9606.ENSP00000260947	H2BC21	BARD1	9606	0.939	0	0	0	0	0.939	0	0
9606.ENSP00000358151	9606.ENSP00000321744	H2BC21	H2BC4	9606	0.937	0	0	0	0	0.9	0.4	0
9606.ENSP00000358151	9606.ENSP00000497402	H2BC21	RCC1	9606	0.934	0	0	0	0	0.424	0	0.891
9606.ENSP00000358151	9606.ENSP00000441543	H2BC21	UBC	9606	0.926	0	0	0	0	0.926	0	0
9606.ENSP00000358151	9606.ENSP00000308938	H2BC21	PLG	9606	0.917	0	0	0	0	0	0	0.917
9606.ENSP00000358151	9606.ENSP00000480960	H2BC21	H4C13	9606	0.908	0	0	0	0	0.904	0	0.086
9606.ENSP00000358151	9606.ENSP00000489317	H2BC21	H2BC6	9606	0.908	0	0	0	0	0.9	0	0.124
9606.ENSP00000358151	9606.ENSP00000443017	H2BC21	H4-16	9606	0.908	0	0	0	0	0.904	0	0.086
9606.ENSP00000358151	9606.ENSP00000489236	H2BC21	H4C8	9606	0.908	0	0	0	0	0.904	0	0.086
9606.ENSP00000358151	9606.ENSP00000462355	H2BC21	H4C15	9606	0.908	0	0	0	0	0.904	0	0.086
9606.ENSP00000358151	9606.ENSP00000347168	H2BC21	H4C11	9606	0.908	0	0	0	0	0.904	0	0.086
9606.ENSP00000358151	9606.ENSP00000479794	H2BC21	H4C12	9606	0.908	0	0	0	0	0.904	0	0.086
9606.ENSP00000358151	9606.ENSP00000462667	H2BC21	H4C14	9606	0.908	0	0	0	0	0.904	0	0.086
9606.ENSP00000358151	9606.ENSP00000367034	H2BC21	H4C3	9606	0.908	0	0	0	0	0.904	0	0.086
9606.ENSP00000358151	9606.ENSP00000366974	H2BC21	H4C2	9606	0.908	0	0	0	0	0.904	0	0.086
9606.ENSP00000358151	9606.ENSP00000479461	H2BC21	H4C4	9606	0.908	0	0	0	0	0.904	0	0.086
9606.ENSP00000358151	9606.ENSP00000479106	H2BC21	H4C1	9606	0.908	0	0	0	0	0.904	0	0.086
9606.ENSP00000358151	9606.ENSP00000484789	H2BC21	H4C5	9606	0.908	0	0	0	0	0.904	0	0.086
9606.ENSP00000358151	9606.ENSP00000481486	H2BC21	H4C9	9606	0.908	0	0	0	0	0.904	0	0.086
9606.ENSP00000358151	9606.ENSP00000352119	H2BC21	H2AC11	9606	0.906	0	0	0	0	0.903	0	0.074
9606.ENSP00000358151	9606.ENSP00000489311	H2BC21	hCG_2039566	9606	0.906	0	0	0	0	0.903	0	0.074
9606.ENSP00000358151	9606.ENSP00000482431	H2BC21	H2AC15	9606	0.906	0	0	0	0	0.903	0	0.074
9606.ENSP00000358151	9606.ENSP00000482538	H2BC21	H2AC16	9606	0.906	0	0	0	0	0.903	0	0.074
9606.ENSP00000358151	9606.ENSP00000346509	H2BC21	H2AB2	9606	0.906	0	0	0	0	0.903	0	0.074
9606.ENSP00000358151	9606.ENSP00000482564	H2BC21	H2AB3	9606	0.906	0	0	0	0	0.903	0	0.074
9606.ENSP00000358151	9606.ENSP00000388107	H2BC21	UBA52	9606	0.904	0	0	0	0	0.904	0	0
9606.ENSP00000358151	9606.ENSP00000366962	H2BC21	H2BC10	9606	0.9	0	0	0	0	0.9	0	0
9606.ENSP00000358151	9606.ENSP00000478771	H2BC21	UBB	9606	0.9	0	0	0	0	0.9	0	0
9606.ENSP00000358151	9606.ENSP00000348924	H2BC21	H2BC7	9606	0.9	0	0	0	0	0.9	0	0
9606.ENSP00000358151	9606.ENSP00000445633	H2BC21	H2BC8	9606	0.9	0	0	0	0	0.9	0	0
9606.ENSP00000358151	9606.ENSP00000343896	H2BC21	SMARCA4	9606	0.896	0	0	0	0	0.828	0	0.421
9606.ENSP00000358151	9606.ENSP00000477907	H2BC21	H2BC14	9606	0.89	0	0	0	0	0.825	0.4	0
9606.ENSP00000358151	9606.ENSP00000484658	H2BC21	H3C3	9606	0.888	0	0	0	0	0.807	0	0.445
9606.ENSP00000358151	9606.ENSP00000489282	H2BC21	H3C6	9606	0.888	0	0	0	0	0.807	0	0.446
9606.ENSP00000358151	9606.ENSP00000479169	H2BC21	H2BC9	9606	0.887	0	0	0	0	0.819	0.4	0
9606.ENSP00000358151	9606.ENSP00000477527	H2BC21	H2BC17	9606	0.887	0	0	0	0	0.819	0.4	0
9606.ENSP00000358151	9606.ENSP00000476136	H2BC21	H2BC11	9606	0.874	0	0	0	0	0.8	0.4	0
9606.ENSP00000358151	9606.ENSP00000482674	H2BC21	H2BC3	9606	0.874	0	0	0	0	0.8	0.4	0
9606.ENSP00000358151	9606.ENSP00000483903	H2BC21	H2BC15	9606	0.874	0	0	0	0	0.8	0.4	0
9606.ENSP00000358151	9606.ENSP00000289316	H2BC21	H2BC5	9606	0.874	0	0	0	0	0.8	0.4	0
9606.ENSP00000358151	9606.ENSP00000216297	H2BC21	SUPT16H	9606	0.871	0	0	0	0	0.277	0	0.83
9606.ENSP00000358151	9606.ENSP00000328547	H2BC21	DNMT3B	9606	0.869	0	0	0	0	0.749	0.5	0
9606.ENSP00000358151	9606.ENSP00000480826	H2BC21	H3C1	9606	0.857	0	0	0	0	0.857	0	0
9606.ENSP00000358151	9606.ENSP00000494750	H2BC21	ACTB	9606	0.854	0	0	0	0	0.8	0	0.303
9606.ENSP00000358151	9606.ENSP00000335044	H2BC21	ARID2	9606	0.831	0	0	0	0	0.831	0	0
9606.ENSP00000358151	9606.ENSP00000449396	H2BC21	SMARCC2	9606	0.831	0	0	0	0	0.83	0	0
9606.ENSP00000358151	9606.ENSP00000341805	H2BC21	PHF10	9606	0.831	0	0	0	0	0.831	0	0
9606.ENSP00000358151	9606.ENSP00000397552	H2BC21	ACTL6A	9606	0.83	0	0	0	0	0.83	0	0
9606.ENSP00000358151	9606.ENSP00000378414	H2BC21	SMARCD1	9606	0.83	0	0	0	0	0.83	0	0
9606.ENSP00000358151	9606.ENSP00000378181	H2BC21	BRD7	9606	0.83	0	0	0	0	0.83	0	0
9606.ENSP00000358151	9606.ENSP00000386593	H2BC21	PBRM1	9606	0.83	0	0	0	0	0.83	0	0
9606.ENSP00000358151	9606.ENSP00000445831	H2BC21	H2BC18	9606	0.825	0	0	0	0	0.825	0	0
9606.ENSP00000358151	9606.ENSP00000323967	H2BC21	SMARCE1	9606	0.825	0	0	0	0	0.825	0	0
9606.ENSP00000358151	9606.ENSP00000386759	H2BC21	SETD2	9606	0.813	0	0	0	0	0.813	0	0
9606.ENSP00000358151	9606.ENSP00000418960	H2BC21	BRCA1	9606	0.809	0	0	0	0	0.458	0.5	0.354
9606.ENSP00000358151	9606.ENSP00000484841	H2BC21	H3C2	9606	0.807	0	0	0	0	0.807	0	0
9606.ENSP00000358151	9606.ENSP00000366999	H2BC21	H3C4	9606	0.807	0	0	0	0	0.807	0	0
9606.ENSP00000358151	9606.ENSP00000483283	H2BC21	H3C11	9606	0.807	0	0	0	0	0.807	0	0
9606.ENSP00000358151	9606.ENSP00000385479	H2BC21	H3C15	9606	0.807	0	0	0	0	0.807	0	0
9606.ENSP00000358151	9606.ENSP00000355780	H2BC21	H3-3A	9606	0.807	0	0	0	0	0.807	0	0
9606.ENSP00000358151	9606.ENSP00000358154	H2BC21	H3C14	9606	0.807	0	0	0	0	0.807	0	0
9606.ENSP00000358151	9606.ENSP00000484638	H2BC21	H3C8	9606	0.807	0	0	0	0	0.807	0	0
9606.ENSP00000358151	9606.ENSP00000484095	H2BC21	H3C7	9606	0.807	0	0	0	0	0.807	0	0
9606.ENSP00000358151	9606.ENSP00000358160	H2BC21	H3C10	9606	0.807	0	0	0	0	0.807	0	0
9606.ENSP00000358151	9606.ENSP00000216714	H2BC21	APEX1	9606	0.8	0	0	0	0	0.8	0	0
9606.ENSP00000358151	9606.ENSP00000320898	H2BC21	RNF168	9606	0.783	0	0	0	0	0.457	0.5	0.265
9606.ENSP00000358151	9606.ENSP00000430432	H2BC21	HDAC2	9606	0.78	0	0	0	0	0.399	0.65	0
9606.ENSP00000358151	9606.ENSP00000244573	H2BC21	H1-1	9606	0.775	0	0	0	0	0.164	0	0.743
9606.ENSP00000358151	9606.ENSP00000377007	H2BC21	CENPN	9606	0.749	0	0	0	0	0.749	0	0
9606.ENSP00000358151	9606.ENSP00000263253	H2BC21	EP300	9606	0.734	0	0	0	0	0.457	0.5	0.101
9606.ENSP00000358151	9606.ENSP00000330074	H2BC21	H1-5	9606	0.733	0	0	0	0	0.164	0	0.694
9606.ENSP00000358151	9606.ENSP00000261497	H2BC21	USP22	9606	0.727	0	0	0	0	0.292	0.5	0.291
9606.ENSP00000358151	9606.ENSP00000296930	H2BC21	NPM1	9606	0.726	0	0	0	0	0.422	0	0.546
9606.ENSP00000358151	9606.ENSP00000461879	H2BC21	POLR2A	9606	0.718	0	0	0	0	0.459	0.5	0
9606.ENSP00000358151	9606.ENSP00000225916	H2BC21	KAT2A	9606	0.716	0	0	0	0	0.457	0.5	0
9606.ENSP00000358151	9606.ENSP00000320147	H2BC21	EZH2	9606	0.713	0	0	0	0	0.189	0.5	0.349
9606.ENSP00000358151	9606.ENSP00000362441	H2BC21	ATRX	9606	0.701	0	0	0	0	0.426	0.5	0
9606.ENSP00000358154	9606.ENSP00000479617	H3C14	UHRF1	9606	0.96	0	0	0	0	0.96	0	0
9606.ENSP00000358154	9606.ENSP00000362441	H3C14	ATRX	9606	0.96	0	0	0	0	0.96	0	0
9606.ENSP00000358154	9606.ENSP00000489282	H3C14	H3C6	9606	0.955	0	0	0	0	0.914	0	0.503
9606.ENSP00000358154	9606.ENSP00000484658	H3C14	H3C3	9606	0.955	0	0	0	0	0.914	0	0.502
9606.ENSP00000358154	9606.ENSP00000352252	H3C14	H3C12	9606	0.954	0	0	0	0	0.914	0	0.493
9606.ENSP00000358154	9606.ENSP00000263754	H3C14	KAT2B	9606	0.954	0	0	0	0	0.949	0	0.131
9606.ENSP00000358154	9606.ENSP00000380024	H3C14	ING4	9606	0.948	0	0	0	0	0.946	0	0.08
9606.ENSP00000358154	9606.ENSP00000364929	H3C14	ING1	9606	0.948	0	0	0	0	0.946	0	0.081
9606.ENSP00000358154	9606.ENSP00000381657	H3C14	DOT1L	9606	0.947	0	0	0	0	0.947	0	0
9606.ENSP00000358154	9606.ENSP00000483345	H3C14	HDGFL2	9606	0.946	0	0	0	0	0.946	0	0
9606.ENSP00000358154	9606.ENSP00000373340	H3C14	BRPF1	9606	0.946	0	0	0	0	0.946	0	0.047
9606.ENSP00000358154	9606.ENSP00000379078	H3C14	EHMT2	9606	0.945	0	0	0	0	0.944	0	0
9606.ENSP00000358154	9606.ENSP00000255120	H3C14	NASP	9606	0.942	0	0	0	0	0.941	0	0
9606.ENSP00000358154	9606.ENSP00000480826	H3C14	H3C1	9606	0.94	0	0	0	0	0.928	0	0.204
9606.ENSP00000358154	9606.ENSP00000264515	H3C14	RBBP5	9606	0.937	0	0	0	0	0.937	0	0
9606.ENSP00000358154	9606.ENSP00000209875	H3C14	CBX5	9606	0.933	0	0	0	0	0.926	0	0.116
9606.ENSP00000358154	9606.ENSP00000366999	H3C14	H3C4	9606	0.929	0	0	0	0	0.914	0	0.204
9606.ENSP00000358154	9606.ENSP00000483842	H3C14	H2AC4	9606	0.929	0	0	0	0	0.903	0	0.302
9606.ENSP00000358154	9606.ENSP00000332194	H3C14	H2AC20	9606	0.929	0	0	0	0	0.925	0	0.076
9606.ENSP00000358154	9606.ENSP00000303373	H3C14	H2AC8	9606	0.929	0	0	0	0	0.903	0	0.299
9606.ENSP00000358154	9606.ENSP00000484638	H3C14	H3C8	9606	0.929	0	0	0	0	0.914	0	0.204
9606.ENSP00000358154	9606.ENSP00000358160	H3C14	H3C10	9606	0.929	0	0	0	0	0.914	0	0.204
9606.ENSP00000358154	9606.ENSP00000483283	H3C14	H3C11	9606	0.929	0	0	0	0	0.914	0	0.204
9606.ENSP00000358154	9606.ENSP00000265713	H3C14	KAT6A	9606	0.928	0	0	0	0	0.928	0	0
9606.ENSP00000358154	9606.ENSP00000484841	H3C14	H3C2	9606	0.928	0	0	0	0	0.914	0	0.201
9606.ENSP00000358154	9606.ENSP00000484095	H3C14	H3C7	9606	0.928	0	0	0	0	0.914	0	0.203
9606.ENSP00000358154	9606.ENSP00000440542	H3C14	CHD4	9606	0.927	0	0	0	0	0.926	0	0
9606.ENSP00000358154	9606.ENSP00000436786	H3C14	KMT2A	9606	0.927	0	0	0	0	0.926	0	0
9606.ENSP00000358154	9606.ENSP00000377060	H3C14	CBX1	9606	0.927	0	0	0	0	0.921	0	0.116
9606.ENSP00000358154	9606.ENSP00000308750	H3C14	CBX2	9606	0.926	0	0	0	0	0.926	0	0
9606.ENSP00000358154	9606.ENSP00000423563	H3C14	MACROH2A1	9606	0.926	0	0	0	0	0.921	0	0.098
9606.ENSP00000358154	9606.ENSP00000229595	H3C14	ASF1A	9606	0.923	0	0	0	0	0.915	0	0.131
9606.ENSP00000358154	9606.ENSP00000263382	H3C14	ASF1B	9606	0.923	0	0	0	0	0.915	0	0.131
9606.ENSP00000358154	9606.ENSP00000386759	H3C14	SETD2	9606	0.922	0	0	0	0	0.922	0	0
9606.ENSP00000358154	9606.ENSP00000388107	H3C14	UBA52	9606	0.921	0	0	0	0	0.921	0	0
9606.ENSP00000358154	9606.ENSP00000272317	H3C14	RPS27A	9606	0.921	0	0	0	0	0.921	0	0
9606.ENSP00000358154	9606.ENSP00000216133	H3C14	CBX7	9606	0.919	0	0	0	0	0.919	0	0
9606.ENSP00000358154	9606.ENSP00000384490	H3C14	CBX6	9606	0.919	0	0	0	0	0.919	0	0
9606.ENSP00000358154	9606.ENSP00000386593	H3C14	PBRM1	9606	0.919	0	0	0	0	0.912	0	0.116
9606.ENSP00000358154	9606.ENSP00000336687	H3C14	CBX3	9606	0.918	0	0	0	0	0.911	0	0.116
9606.ENSP00000358154	9606.ENSP00000346453	H3C14	IPO4	9606	0.916	0	0	0	0	0.913	0	0.074
9606.ENSP00000358154	9606.ENSP00000355388	H3C14	MPHOSPH8	9606	0.916	0	0	0	0	0.909	0	0.115
9606.ENSP00000358154	9606.ENSP00000478771	H3C14	UBB	9606	0.914	0	0	0	0	0.914	0	0
9606.ENSP00000358154	9606.ENSP00000441543	H3C14	UBC	9606	0.914	0	0	0	0	0.914	0	0
9606.ENSP00000358154	9606.ENSP00000266070	H3C14	DIDO1	9606	0.914	0	0	0	0	0.914	0	0
9606.ENSP00000358154	9606.ENSP00000283131	H3C14	SMARCA5	9606	0.914	0	0	0	0	0.914	0	0
9606.ENSP00000358154	9606.ENSP00000320147	H3C14	EZH2	9606	0.913	0	0	0	0	0.907	0	0.102
9606.ENSP00000358154	9606.ENSP00000476295	H3C14	CDYL2	9606	0.911	0	0	0	0	0.904	0	0.12
9606.ENSP00000358154	9606.ENSP00000352627	H3C14	H2AC17	9606	0.911	0	0	0	0	0.907	0	0.076
9606.ENSP00000358154	9606.ENSP00000347168	H3C14	H4C11	9606	0.911	0	0	0	0	0.904	0	0.114
9606.ENSP00000358154	9606.ENSP00000489236	H3C14	H4C8	9606	0.911	0	0	0	0	0.904	0	0.114
9606.ENSP00000358154	9606.ENSP00000462355	H3C14	H4C15	9606	0.911	0	0	0	0	0.904	0	0.114
9606.ENSP00000358154	9606.ENSP00000443017	H3C14	H4-16	9606	0.911	0	0	0	0	0.904	0	0.114
9606.ENSP00000358154	9606.ENSP00000480960	H3C14	H4C13	9606	0.911	0	0	0	0	0.904	0	0.114
9606.ENSP00000358154	9606.ENSP00000352119	H3C14	H2AC11	9606	0.911	0	0	0	0	0.907	0	0.076
9606.ENSP00000358154	9606.ENSP00000351589	H3C14	H2AC13	9606	0.911	0	0	0	0	0.907	0	0.076
9606.ENSP00000358154	9606.ENSP00000358155	H3C14	H2AC18	9606	0.911	0	0	0	0	0.907	0	0.076
9606.ENSP00000358154	9606.ENSP00000366679	H3C14	H2AC12	9606	0.911	0	0	0	0	0.907	0	0.076
9606.ENSP00000358154	9606.ENSP00000481486	H3C14	H4C9	9606	0.911	0	0	0	0	0.904	0	0.114
9606.ENSP00000358154	9606.ENSP00000484789	H3C14	H4C5	9606	0.911	0	0	0	0	0.904	0	0.114
9606.ENSP00000358154	9606.ENSP00000479106	H3C14	H4C1	9606	0.911	0	0	0	0	0.904	0	0.114
9606.ENSP00000358154	9606.ENSP00000482538	H3C14	H2AC16	9606	0.911	0	0	0	0	0.907	0	0.076
9606.ENSP00000358154	9606.ENSP00000479461	H3C14	H4C4	9606	0.911	0	0	0	0	0.904	0	0.114
9606.ENSP00000358154	9606.ENSP00000367034	H3C14	H4C3	9606	0.911	0	0	0	0	0.904	0	0.114
9606.ENSP00000358154	9606.ENSP00000366974	H3C14	H4C2	9606	0.911	0	0	0	0	0.904	0	0.114
9606.ENSP00000358154	9606.ENSP00000482431	H3C14	H2AC15	9606	0.911	0	0	0	0	0.907	0	0.076
9606.ENSP00000358154	9606.ENSP00000475814	H3C14	H2AC19	9606	0.911	0	0	0	0	0.907	0	0.076
9606.ENSP00000358154	9606.ENSP00000244537	H3C14	H4C6	9606	0.911	0	0	0	0	0.904	0	0.114
9606.ENSP00000358154	9606.ENSP00000462667	H3C14	H4C14	9606	0.911	0	0	0	0	0.904	0	0.114
9606.ENSP00000358154	9606.ENSP00000479794	H3C14	H4C12	9606	0.911	0	0	0	0	0.904	0	0.114
9606.ENSP00000358154	9606.ENSP00000325690	H3C14	CARM1	9606	0.909	0	0	0	0	0.909	0	0
9606.ENSP00000358154	9606.ENSP00000367022	H3C14	H2AC6	9606	0.908	0	0	0	0	0.904	0	0.076
9606.ENSP00000358154	9606.ENSP00000332790	H3C14	H2AC21	9606	0.908	0	0	0	0	0.904	0	0.076
9606.ENSP00000358154	9606.ENSP00000254810	H3C14	H3-3B	9606	0.907	0	0	0	0	0.885	0	0.223
9606.ENSP00000358154	9606.ENSP00000307183	H3C14	ING2	9606	0.907	0	0	0	0	0.903	0	0.081
9606.ENSP00000358154	9606.ENSP00000328484	H3C14	H2AC14	9606	0.906	0	0	0	0	0.903	0	0.076
9606.ENSP00000358154	9606.ENSP00000369695	H3C14	MLLT3	9606	0.905	0	0	0	0	0.9	0	0.091
9606.ENSP00000358154	9606.ENSP00000252674	H3C14	MLLT1	9606	0.905	0	0	0	0	0.9	0	0.091
9606.ENSP00000358154	9606.ENSP00000358262	H3C14	CHD1L	9606	0.904	0	0	0	0	0.904	0	0
9606.ENSP00000358154	9606.ENSP00000351446	H3C14	WDR5	9606	0.904	0	0	0	0	0.904	0	0.045
9606.ENSP00000358154	9606.ENSP00000483667	H3C14	CHD1	9606	0.903	0	0	0	0	0.903	0	0
9606.ENSP00000358154	9606.ENSP00000417980	H3C14	EHMT1	9606	0.903	0	0	0	0	0.903	0	0
9606.ENSP00000358154	9606.ENSP00000287239	H3C14	KAT6B	9606	0.903	0	0	0	0	0.903	0	0
9606.ENSP00000358154	9606.ENSP00000357442	H3C14	PYGO2	9606	0.903	0	0	0	0	0.903	0	0
9606.ENSP00000358154	9606.ENSP00000350676	H3C14	PHF8	9606	0.903	0	0	0	0	0.903	0	0
9606.ENSP00000358154	9606.ENSP00000372351	H3C14	NSD2	9606	0.901	0	0	0	0	0.901	0	0
9606.ENSP00000358154	9606.ENSP00000291582	H3C14	AIRE	9606	0.901	0	0	0	0	0.901	0	0
9606.ENSP00000358154	9606.ENSP00000313983	H3C14	NSD3	9606	0.901	0	0	0	0	0.901	0	0.043
9606.ENSP00000358154	9606.ENSP00000271640	H3C14	SETDB1	9606	0.901	0	0	0	0	0.901	0	0
9606.ENSP00000358154	9606.ENSP00000384629	H3C14	KMT5A	9606	0.901	0	0	0	0	0.901	0	0
9606.ENSP00000358154	9606.ENSP00000495413	H3C14	TRIM66	9606	0.9	0	0	0	0	0.9	0	0
9606.ENSP00000358154	9606.ENSP00000383333	H3C14	MORC3	9606	0.9	0	0	0	0	0.9	0	0
9606.ENSP00000358154	9606.ENSP00000351250	H3C14	TRIM33	9606	0.9	0	0	0	0	0.9	0	0
9606.ENSP00000358154	9606.ENSP00000361918	H3C14	PPIE	9606	0.9	0	0	0	0	0.9	0	0
9606.ENSP00000358154	9606.ENSP00000363640	H3C14	PHF1	9606	0.9	0	0	0	0	0.9	0	0
9606.ENSP00000358154	9606.ENSP00000328547	H3C14	DNMT3B	9606	0.9	0	0	0	0	0.9	0	0
9606.ENSP00000358154	9606.ENSP00000476228	H3C14	SIRT5	9606	0.9	0	0	0	0	0.9	0	0
9606.ENSP00000358154	9606.ENSP00000307208	H3C14	BPTF	9606	0.9	0	0	0	0	0.9	0	0
9606.ENSP00000358154	9606.ENSP00000343023	H3C14	SP100	9606	0.9	0	0	0	0	0.9	0	0
9606.ENSP00000358154	9606.ENSP00000265056	H3C14	MCM2	9606	0.9	0	0	0	0	0.9	0	0.045
9606.ENSP00000358154	9606.ENSP00000340507	H3C14	TRIM24	9606	0.9	0	0	0	0	0.9	0	0
9606.ENSP00000358154	9606.ENSP00000359837	H3C14	ZZZ3	9606	0.9	0	0	0	0	0.9	0	0
9606.ENSP00000358154	9606.ENSP00000264709	H3C14	DNMT3A	9606	0.9	0	0	0	0	0.9	0	0
9606.ENSP00000358154	9606.ENSP00000373278	H3C14	ZCWPW2	9606	0.9	0	0	0	0	0.9	0	0
9606.ENSP00000358154	9606.ENSP00000365019	H3C14	SPIN1	9606	0.9	0	0	0	0	0.9	0	0
9606.ENSP00000358154	9606.ENSP00000316114	H3C14	SGF29	9606	0.9	0	0	0	0	0.9	0	0
9606.ENSP00000358154	9606.ENSP00000333277	H3C14	H3C13	9606	0.9	0	0	0	0	0.9	0	0
9606.ENSP00000358154	9606.ENSP00000262367	H3C14	CREBBP	9606	0.9	0	0	0	0	0.9	0	0
9606.ENSP00000358154	9606.ENSP00000302327	H3C14	PYGO1	9606	0.9	0	0	0	0	0.9	0	0
9606.ENSP00000358154	9606.ENSP00000370114	H3C14	PSIP1	9606	0.9	0	0	0	0	0.9	0	0
9606.ENSP00000358154	9606.ENSP00000372191	H3C14	SIRT3	9606	0.9	0	0	0	0	0.9	0	0
9606.ENSP00000358154	9606.ENSP00000337991	H3C14	SPTY2D1	9606	0.9	0	0	0	0	0.9	0	0
9606.ENSP00000358154	9606.ENSP00000385479	H3C14	H3C15	9606	0.9	0	0	0	0	0.9	0	0
9606.ENSP00000358154	9606.ENSP00000312379	H3C14	KMT2E	9606	0.9	0	0	0	0	0.9	0	0
9606.ENSP00000358154	9606.ENSP00000361473	H3C14	KDM4A	9606	0.9	0	0	0	0	0.9	0	0
9606.ENSP00000358154	9606.ENSP00000266000	H3C14	DAXX	9606	0.9	0	0	0	0	0.9	0	0
9606.ENSP00000358154	9606.ENSP00000336712	H3C14	TNPO1	9606	0.9	0	0	0	0	0.9	0	0
9606.ENSP00000358154	9606.ENSP00000499501	H3C14	H3-2	9606	0.9	0	0	0	0	0.9	0	0
9606.ENSP00000358154	9606.ENSP00000352516	H3C14	DNMT1	9606	0.9	0	0	0	0	0.9	0	0
9606.ENSP00000358154	9606.ENSP00000262189	H3C14	KMT2C	9606	0.897	0	0	0	0	0.896	0	0
9606.ENSP00000358154	9606.ENSP00000296417	H3C14	H2AZ1	9606	0.874	0	0	0	0	0.873	0	0
9606.ENSP00000358154	9606.ENSP00000477527	H3C14	H2BC17	9606	0.87	0	0	0	0	0.87	0	0
9606.ENSP00000358154	9606.ENSP00000349430	H3C14	H2BC12	9606	0.862	0	0	0	0	0.862	0	0
9606.ENSP00000358154	9606.ENSP00000270172	H3C14	DNMT3L	9606	0.853	0	0	0	0	0.852	0	0.05
9606.ENSP00000358154	9606.ENSP00000216639	H3C14	VRK1	9606	0.852	0	0	0	0	0.852	0	0
9606.ENSP00000358154	9606.ENSP00000319104	H3C14	SUPT6H	9606	0.849	0	0	0	0	0.828	0	0.158
9606.ENSP00000358154	9606.ENSP00000385725	H3C14	POLR2F	9606	0.844	0	0	0	0	0.831	0	0.116
9606.ENSP00000358154	9606.ENSP00000461879	H3C14	POLR2A	9606	0.843	0	0	0	0	0.843	0	0
9606.ENSP00000358154	9606.ENSP00000339835	H3C14	H3-5	9606	0.842	0	0	0	0	0.842	0	0
9606.ENSP00000358154	9606.ENSP00000355780	H3C14	H3-3A	9606	0.842	0	0	0	0	0.842	0	0
9606.ENSP00000358154	9606.ENSP00000370625	H3C14	POLR2B	9606	0.836	0	0	0	0	0.836	0	0
9606.ENSP00000358154	9606.ENSP00000342889	H3C14	POLR2K	9606	0.836	0	0	0	0	0.836	0	0
9606.ENSP00000358154	9606.ENSP00000324124	H3C14	POLR2L	9606	0.836	0	0	0	0	0.836	0	0
9606.ENSP00000358154	9606.ENSP00000221859	H3C14	POLR2I	9606	0.836	0	0	0	0	0.836	0	0
9606.ENSP00000358154	9606.ENSP00000301788	H3C14	POLR2G	9606	0.834	0	0	0	0	0.834	0	0
9606.ENSP00000358154	9606.ENSP00000272645	H3C14	POLR2D	9606	0.834	0	0	0	0	0.834	0	0
9606.ENSP00000358154	9606.ENSP00000470252	H3C14	SUPT5H	9606	0.834	0	0	0	0	0.834	0	0
9606.ENSP00000358154	9606.ENSP00000219252	H3C14	POLR2C	9606	0.834	0	0	0	0	0.834	0	0
9606.ENSP00000358154	9606.ENSP00000415536	H3C14	POLR2H	9606	0.834	0	0	0	0	0.834	0	0
9606.ENSP00000358154	9606.ENSP00000478303	H3C14	POLR2E	9606	0.834	0	0	0	0	0.834	0	0
9606.ENSP00000358154	9606.ENSP00000316578	H3C14	SUZ12	9606	0.833	0	0	0	0	0.833	0	0
9606.ENSP00000358154	9606.ENSP00000225504	H3C14	SUPT4H1	9606	0.831	0	0	0	0	0.831	0	0
9606.ENSP00000358154	9606.ENSP00000479169	H3C14	H2BC9	9606	0.829	0	0	0	0	0.829	0	0
9606.ENSP00000358154	9606.ENSP00000299601	H3C14	LEO1	9606	0.829	0	0	0	0	0.829	0	0
9606.ENSP00000358154	9606.ENSP00000355657	H3C14	H3-4	9606	0.828	0	0	0	0	0.828	0	0
9606.ENSP00000358154	9606.ENSP00000345837	H3C14	DPY30	9606	0.827	0	0	0	0	0.827	0	0
9606.ENSP00000358154	9606.ENSP00000340896	H3C14	ASH2L	9606	0.826	0	0	0	0	0.826	0	0
9606.ENSP00000358154	9606.ENSP00000355013	H3C14	CTR9	9606	0.825	0	0	0	0	0.82	0	0.07
9606.ENSP00000358154	9606.ENSP00000374280	H3C14	RTF1	9606	0.825	0	0	0	0	0.825	0	0
9606.ENSP00000358154	9606.ENSP00000303178	H3C14	CDY1B	9606	0.823	0	0	0	0	0.808	0	0.12
9606.ENSP00000358154	9606.ENSP00000302968	H3C14	CDY1	9606	0.823	0	0	0	0	0.808	0	0.12
9606.ENSP00000358154	9606.ENSP00000221265	H3C14	PAF1	9606	0.82	0	0	0	0	0.82	0	0
9606.ENSP00000358154	9606.ENSP00000292614	H3C14	POLR2J	9606	0.82	0	0	0	0	0.82	0	0
9606.ENSP00000358154	9606.ENSP00000441273	H3C14	CDY2B	9606	0.818	0	0	0	0	0.808	0	0.091
9606.ENSP00000358154	9606.ENSP00000402280	H3C14	CDY2A	9606	0.818	0	0	0	0	0.808	0	0.091
9606.ENSP00000358154	9606.ENSP00000379372	H3C14	GTF2A2	9606	0.818	0	0	0	0	0.818	0	0
9606.ENSP00000358154	9606.ENSP00000285398	H3C14	ERCC3	9606	0.817	0	0	0	0	0.817	0	0
9606.ENSP00000358154	9606.ENSP00000438553	H3C14	H2AJ	9606	0.816	0	0	0	0	0.809	0	0.076
9606.ENSP00000358154	9606.ENSP00000356405	H3C14	CDC73	9606	0.815	0	0	0	0	0.815	0	0
9606.ENSP00000358154	9606.ENSP00000230354	H3C14	TBP	9606	0.811	0	0	0	0	0.811	0	0
9606.ENSP00000358154	9606.ENSP00000476136	H3C14	H2BC11	9606	0.811	0	0	0	0	0.811	0	0
9606.ENSP00000358154	9606.ENSP00000340271	H3C14	TAF3	9606	0.81	0	0	0	0	0.8	0	0.091
9606.ENSP00000358154	9606.ENSP00000371475	H3C14	TP53BP1	9606	0.81	0	0	0	0	0.8	0	0.091
9606.ENSP00000358154	9606.ENSP00000445831	H3C14	H2BC18	9606	0.807	0	0	0	0	0.807	0	0
9606.ENSP00000358154	9606.ENSP00000489317	H3C14	H2BC6	9606	0.807	0	0	0	0	0.807	0	0
9606.ENSP00000358154	9606.ENSP00000483903	H3C14	H2BC15	9606	0.807	0	0	0	0	0.807	0	0
9606.ENSP00000358154	9606.ENSP00000366962	H3C14	H2BC10	9606	0.807	0	0	0	0	0.807	0	0
9606.ENSP00000358154	9606.ENSP00000482674	H3C14	H2BC3	9606	0.807	0	0	0	0	0.807	0	0
9606.ENSP00000358154	9606.ENSP00000358151	H3C14	H2BC21	9606	0.807	0	0	0	0	0.807	0	0
9606.ENSP00000358154	9606.ENSP00000479284	H3C14	H2BU1	9606	0.807	0	0	0	0	0.807	0	0
9606.ENSP00000358154	9606.ENSP00000445633	H3C14	H2BC8	9606	0.807	0	0	0	0	0.807	0	0
9606.ENSP00000358154	9606.ENSP00000321744	H3C14	H2BC4	9606	0.807	0	0	0	0	0.807	0	0
9606.ENSP00000358154	9606.ENSP00000348924	H3C14	H2BC7	9606	0.807	0	0	0	0	0.807	0	0
9606.ENSP00000358154	9606.ENSP00000377969	H3C14	GTF2F1	9606	0.807	0	0	0	0	0.807	0	0
9606.ENSP00000358154	9606.ENSP00000289316	H3C14	H2BC5	9606	0.807	0	0	0	0	0.807	0	0
9606.ENSP00000358154	9606.ENSP00000477907	H3C14	H2BC14	9606	0.806	0	0	0	0	0.806	0	0
9606.ENSP00000358154	9606.ENSP00000261245	H3C14	MNAT1	9606	0.805	0	0	0	0	0.805	0	0
9606.ENSP00000358154	9606.ENSP00000375809	H3C14	ERCC2	9606	0.805	0	0	0	0	0.805	0	0
9606.ENSP00000358154	9606.ENSP00000428426	H3C14	TCEA1	9606	0.805	0	0	0	0	0.805	0	0
9606.ENSP00000358154	9606.ENSP00000265963	H3C14	GTF2H1	9606	0.805	0	0	0	0	0.805	0	0
9606.ENSP00000358154	9606.ENSP00000340823	H3C14	GTF2F2	9606	0.805	0	0	0	0	0.805	0	0
9606.ENSP00000358154	9606.ENSP00000445162	H3C14	GTF2H3	9606	0.805	0	0	0	0	0.805	0	0
9606.ENSP00000358154	9606.ENSP00000283875	H3C14	GTF2E1	9606	0.805	0	0	0	0	0.805	0	0
9606.ENSP00000358154	9606.ENSP00000259895	H3C14	GTF2H4	9606	0.805	0	0	0	0	0.805	0	0
9606.ENSP00000358154	9606.ENSP00000263390	H3C14	MED26	9606	0.805	0	0	0	0	0.805	0	0
9606.ENSP00000358154	9606.ENSP00000359531	H3C14	GTF2B	9606	0.805	0	0	0	0	0.805	0	0
9606.ENSP00000358154	9606.ENSP00000348168	H3C14	GTF2E2	9606	0.804	0	0	0	0	0.804	0	0
9606.ENSP00000358154	9606.ENSP00000344504	H3C14	H1-0	9606	0.803	0	0	0	0	0.803	0	0
9606.ENSP00000358154	9606.ENSP00000274400	H3C14	GTF2H2	9606	0.801	0	0	0	0	0.801	0	0
9606.ENSP00000358154	9606.ENSP00000299424	H3C14	TAF10	9606	0.8	0	0	0	0	0.8	0	0
9606.ENSP00000358154	9606.ENSP00000265350	H3C14	MED20	9606	0.8	0	0	0	0	0.8	0	0
9606.ENSP00000358154	9606.ENSP00000399982	H3C14	TAF6	9606	0.8	0	0	0	0	0.8	0	0
9606.ENSP00000358154	9606.ENSP00000263205	H3C14	MED15	9606	0.8	0	0	0	0	0.8	0	0
9606.ENSP00000358154	9606.ENSP00000354633	H3C14	TAF11	9606	0.8	0	0	0	0	0.8	0	0
9606.ENSP00000358154	9606.ENSP00000292035	H3C14	MED27	9606	0.8	0	0	0	0	0.8	0	0
9606.ENSP00000358154	9606.ENSP00000258648	H3C14	MED4	9606	0.8	0	0	0	0	0.8	0	0
9606.ENSP00000358154	9606.ENSP00000297347	H3C14	MED30	9606	0.8	0	0	0	0	0.8	0	0
9606.ENSP00000358154	9606.ENSP00000476100	H3C14	GTF2H5	9606	0.8	0	0	0	0	0.8	0	0
9606.ENSP00000358154	9606.ENSP00000256443	H3C14	CDK7	9606	0.8	0	0	0	0	0.8	0	0
9606.ENSP00000358154	9606.ENSP00000293777	H3C14	MED11	9606	0.8	0	0	0	0	0.8	0	0
9606.ENSP00000358154	9606.ENSP00000355051	H3C14	TAF13	9606	0.8	0	0	0	0	0.8	0	0
9606.ENSP00000358154	9606.ENSP00000268711	H3C14	MED9	9606	0.8	0	0	0	0	0.8	0	0
9606.ENSP00000358154	9606.ENSP00000481733	H3C14	MED29	9606	0.8	0	0	0	0	0.8	0	0
9606.ENSP00000358154	9606.ENSP00000452454	H3C14	GTF2A1	9606	0.8	0	0	0	0	0.8	0	0
9606.ENSP00000358154	9606.ENSP00000300651	H3C14	MED1	9606	0.8	0	0	0	0	0.8	0	0
9606.ENSP00000358154	9606.ENSP00000362068	H3C14	TAF8	9606	0.8	0	0	0	0	0.8	0	0
9606.ENSP00000358154	9606.ENSP00000359339	H3C14	CGAS	9606	0.8	0	0	0	0	0.8	0	0
9606.ENSP00000358154	9606.ENSP00000216714	H3C14	APEX1	9606	0.8	0	0	0	0	0.8	0	0
9606.ENSP00000358154	9606.ENSP00000225728	H3C14	MED31	9606	0.8	0	0	0	0	0.8	0	0
9606.ENSP00000358154	9606.ENSP00000260947	H3C14	BARD1	9606	0.8	0	0	0	0	0.8	0	0
9606.ENSP00000358154	9606.ENSP00000290663	H3C14	MED8	9606	0.8	0	0	0	0	0.8	0	0
9606.ENSP00000358154	9606.ENSP00000481920	H3C14	MED6	9606	0.8	0	0	0	0	0.8	0	0
9606.ENSP00000358154	9606.ENSP00000406549	H3C14	TAF1	9606	0.8	0	0	0	0	0.8	0	0
9606.ENSP00000358154	9606.ENSP00000307705	H3C14	H1-4	9606	0.8	0	0	0	0	0.8	0	0
9606.ENSP00000358154	9606.ENSP00000358854	H3C14	TAF5	9606	0.8	0	0	0	0	0.8	0	0
9606.ENSP00000358154	9606.ENSP00000323588	H3C14	SOX2	9606	0.8	0	0	0	0	0.8	0	0
9606.ENSP00000358154	9606.ENSP00000498791	H3C14	MED19	9606	0.8	0	0	0	0	0.8	0	0
9606.ENSP00000358154	9606.ENSP00000282892	H3C14	MED21	9606	0.8	0	0	0	0	0.8	0	0
9606.ENSP00000358154	9606.ENSP00000357047	H3C14	MED23	9606	0.8	0	0	0	0	0.8	0	0
9606.ENSP00000358154	9606.ENSP00000286317	H3C14	MED7	9606	0.8	0	0	0	0	0.8	0	0
9606.ENSP00000358154	9606.ENSP00000453801	H3C14	WDR61	9606	0.8	0	0	0	0	0.8	0	0
9606.ENSP00000358154	9606.ENSP00000263974	H3C14	TAF12	9606	0.8	0	0	0	0	0.8	0	0
9606.ENSP00000358154	9606.ENSP00000367406	H3C14	TAF2	9606	0.8	0	0	0	0	0.8	0	0
9606.ENSP00000358154	9606.ENSP00000255764	H3C14	MED10	9606	0.8	0	0	0	0	0.8	0	0
9606.ENSP00000358154	9606.ENSP00000326767	H3C14	MED25	9606	0.8	0	0	0	0	0.8	0	0
9606.ENSP00000358154	9606.ENSP00000325612	H3C14	MED16	9606	0.8	0	0	0	0	0.8	0	0
9606.ENSP00000358154	9606.ENSP00000362948	H3C14	MED18	9606	0.8	0	0	0	0	0.8	0	0
9606.ENSP00000358154	9606.ENSP00000482438	H3C14	MED22	9606	0.8	0	0	0	0	0.8	0	0
9606.ENSP00000358154	9606.ENSP00000234739	H3C14	BCL9	9606	0.8	0	0	0	0	0.8	0	0
9606.ENSP00000358154	9606.ENSP00000252996	H3C14	TAF4	9606	0.8	0	0	0	0	0.8	0	0
9606.ENSP00000358154	9606.ENSP00000498750	H3C14	CCNH	9606	0.8	0	0	0	0	0.8	0	0
9606.ENSP00000358154	9606.ENSP00000251871	H3C14	MED17	9606	0.8	0	0	0	0	0.8	0	0
9606.ENSP00000358154	9606.ENSP00000322568	H3C14	SOX11	9606	0.8	0	0	0	0	0.8	0	0
9606.ENSP00000358154	9606.ENSP00000370193	H3C14	TAF9	9606	0.8	0	0	0	0	0.8	0	0
9606.ENSP00000358154	9606.ENSP00000312709	H3C14	TAF7	9606	0.8	0	0	0	0	0.8	0	0
9606.ENSP00000358154	9606.ENSP00000294244	H3C14	SPINDOC	9606	0.8	0	0	0	0	0.8	0	0
9606.ENSP00000358154	9606.ENSP00000440100	H3C14	MED24	9606	0.8	0	0	0	0	0.8	0	0
9606.ENSP00000358154	9606.ENSP00000237380	H3C14	MED28	9606	0.8	0	0	0	0	0.8	0	0
9606.ENSP00000358154	9606.ENSP00000323720	H3C14	MED14	9606	0.8	0	0	0	0	0.8	0	0
9606.ENSP00000358155	9606.ENSP00000244537	H2AC18	H4C6	9606	0.999	0	0	0	0	0.928	0.4	0.98
9606.ENSP00000358155	9606.ENSP00000333277	H2AC18	H3C13	9606	0.998	0	0	0	0	0.907	0.4	0.982
9606.ENSP00000358155	9606.ENSP00000371475	H2AC18	TP53BP1	9606	0.996	0	0	0	0	0.9	0	0.97
9606.ENSP00000358155	9606.ENSP00000358151	H2AC18	H2BC21	9606	0.992	0	0	0	0	0.314	0.4	0.982
9606.ENSP00000358155	9606.ENSP00000336868	H2AC18	CENPA	9606	0.992	0	0	0	0	0.904	0.5	0.858
9606.ENSP00000358155	9606.ENSP00000355657	H2AC18	H3-4	9606	0.991	0	0	0	0	0.071	0.5	0.982
9606.ENSP00000358155	9606.ENSP00000352252	H2AC18	H3C12	9606	0.989	0	0	0	0	0.103	0.4	0.982
9606.ENSP00000358155	9606.ENSP00000254810	H2AC18	H3-3B	9606	0.989	0	0	0	0	0.071	0.4	0.982
9606.ENSP00000358155	9606.ENSP00000499501	H2AC18	H3-2	9606	0.983	0	0	0	0	0.115	0	0.982
9606.ENSP00000358155	9606.ENSP00000339835	H2AC18	H3-5	9606	0.983	0	0	0	0	0.071	0	0.982
9606.ENSP00000358155	9606.ENSP00000477870	H2AC18	H4C7	9606	0.981	0	0	0	0	0.077	0	0.98
9606.ENSP00000358155	9606.ENSP00000349430	H2AC18	H2BC12	9606	0.974	0	0	0	0	0.91	0.4	0.572
9606.ENSP00000358155	9606.ENSP00000344504	H2AC18	H1-0	9606	0.969	0	0	0	0	0.043	0	0.969
9606.ENSP00000358155	9606.ENSP00000321744	H2AC18	H2BC4	9606	0.966	0	0	0	0	0.906	0.4	0.453
9606.ENSP00000358155	9606.ENSP00000332194	H2AC18	H2AC20	9606	0.937	0	0	0	0	0.9	0.4	0
9606.ENSP00000358155	9606.ENSP00000497402	H2AC18	RCC1	9606	0.932	0	0	0	0	0.132	0	0.925
9606.ENSP00000358155	9606.ENSP00000445633	H2AC18	H2BC8	9606	0.924	0	0	0	0	0.921	0	0.074
9606.ENSP00000358155	9606.ENSP00000441543	H2AC18	UBC	9606	0.921	0	0	0	0	0.92	0	0
9606.ENSP00000358155	9606.ENSP00000272317	H2AC18	RPS27A	9606	0.921	0	0	0	0	0.921	0	0
9606.ENSP00000358155	9606.ENSP00000388107	H2AC18	UBA52	9606	0.921	0	0	0	0	0.921	0	0
9606.ENSP00000358155	9606.ENSP00000478771	H2AC18	UBB	9606	0.914	0	0	0	0	0.914	0	0
9606.ENSP00000358155	9606.ENSP00000359339	H2AC18	CGAS	9606	0.912	0	0	0	0	0.9	0	0.16
9606.ENSP00000358155	9606.ENSP00000385479	H2AC18	H3C15	9606	0.911	0	0	0	0	0.907	0	0.076
9606.ENSP00000358155	9606.ENSP00000358154	H2AC18	H3C14	9606	0.911	0	0	0	0	0.907	0	0.076
9606.ENSP00000358155	9606.ENSP00000480960	H2AC18	H4C13	9606	0.907	0	0	0	0	0.903	0	0.081
9606.ENSP00000358155	9606.ENSP00000479461	H2AC18	H4C4	9606	0.907	0	0	0	0	0.903	0	0.081
9606.ENSP00000358155	9606.ENSP00000366974	H2AC18	H4C2	9606	0.907	0	0	0	0	0.903	0	0.081
9606.ENSP00000358155	9606.ENSP00000367034	H2AC18	H4C3	9606	0.907	0	0	0	0	0.903	0	0.081
9606.ENSP00000358155	9606.ENSP00000462667	H2AC18	H4C14	9606	0.907	0	0	0	0	0.903	0	0.081
9606.ENSP00000358155	9606.ENSP00000479794	H2AC18	H4C12	9606	0.907	0	0	0	0	0.903	0	0.081
9606.ENSP00000358155	9606.ENSP00000347168	H2AC18	H4C11	9606	0.907	0	0	0	0	0.903	0	0.081
9606.ENSP00000358155	9606.ENSP00000481486	H2AC18	H4C9	9606	0.907	0	0	0	0	0.903	0	0.081
9606.ENSP00000358155	9606.ENSP00000443017	H2AC18	H4-16	9606	0.907	0	0	0	0	0.903	0	0.081
9606.ENSP00000358155	9606.ENSP00000479106	H2AC18	H4C1	9606	0.907	0	0	0	0	0.903	0	0.081
9606.ENSP00000358155	9606.ENSP00000489236	H2AC18	H4C8	9606	0.907	0	0	0	0	0.903	0	0.081
9606.ENSP00000358155	9606.ENSP00000462355	H2AC18	H4C15	9606	0.907	0	0	0	0	0.903	0	0.081
9606.ENSP00000358155	9606.ENSP00000484789	H2AC18	H4C5	9606	0.907	0	0	0	0	0.903	0	0.081
9606.ENSP00000358155	9606.ENSP00000348924	H2AC18	H2BC7	9606	0.906	0	0	0	0	0.903	0	0.074
9606.ENSP00000358155	9606.ENSP00000366962	H2AC18	H2BC10	9606	0.906	0	0	0	0	0.903	0	0.074
9606.ENSP00000358155	9606.ENSP00000489317	H2AC18	H2BC6	9606	0.906	0	0	0	0	0.903	0	0.074
9606.ENSP00000358155	9606.ENSP00000475814	H2AC18	H2AC19	9606	0.9	0	0	0	0	0.9	0	0
9606.ENSP00000358155	9606.ENSP00000244573	H2AC18	H1-1	9606	0.9	0	0	0	0	0.043	0	0.9
9606.ENSP00000358155	9606.ENSP00000251900	H2AC18	SCML2	9606	0.9	0	0	0	0	0.9	0	0
9606.ENSP00000358155	9606.ENSP00000273853	H2AC18	CENPC	9606	0.9	0	0	0	0	0.9	0	0
9606.ENSP00000358155	9606.ENSP00000216297	H2AC18	SUPT16H	9606	0.886	0	0	0	0	0.343	0	0.834
9606.ENSP00000358155	9606.ENSP00000328484	H2AC18	H2AC14	9606	0.874	0	0	0	0	0.8	0.4	0
9606.ENSP00000358155	9606.ENSP00000367022	H2AC18	H2AC6	9606	0.874	0	0	0	0	0.8	0.4	0
9606.ENSP00000358155	9606.ENSP00000438553	H2AC18	H2AJ	9606	0.874	0	0	0	0	0.8	0.4	0
9606.ENSP00000358155	9606.ENSP00000330074	H2AC18	H1-5	9606	0.861	0	0	0	0	0.043	0	0.861
9606.ENSP00000358155	9606.ENSP00000341280	H2AC18	JARID2	9606	0.835	0	0	0	0	0.253	0.5	0.595
9606.ENSP00000358155	9606.ENSP00000421926	H2AC18	UIMC1	9606	0.833	0	0	0	0	0	0.5	0.681
9606.ENSP00000358155	9606.ENSP00000352119	H2AC18	H2AC11	9606	0.828	0	0	0	0	0.8	0	0.176
9606.ENSP00000358155	9606.ENSP00000320898	H2AC18	RNF168	9606	0.824	0	0	0	0	0.457	0	0.69
9606.ENSP00000358155	9606.ENSP00000351589	H2AC18	H2AC13	9606	0.82	0	0	0	0	0.8	0	0.141
9606.ENSP00000358155	9606.ENSP00000332790	H2AC18	H2AC21	9606	0.818	0	0	0	0	0.818	0	0
9606.ENSP00000358155	9606.ENSP00000381840	H2AC18	AEBP2	9606	0.817	0	0	0	0	0.253	0.5	0.549
9606.ENSP00000358155	9606.ENSP00000356480	H2AC18	RNF2	9606	0.808	0	0	0	0	0.457	0.5	0.353
9606.ENSP00000358155	9606.ENSP00000482538	H2AC18	H2AC16	9606	0.8	0	0	0	0	0.8	0	0
9606.ENSP00000358155	9606.ENSP00000482431	H2AC18	H2AC15	9606	0.8	0	0	0	0	0.8	0	0
9606.ENSP00000358155	9606.ENSP00000352627	H2AC18	H2AC17	9606	0.8	0	0	0	0	0.8	0	0
9606.ENSP00000358155	9606.ENSP00000366679	H2AC18	H2AC12	9606	0.8	0	0	0	0	0.8	0	0
9606.ENSP00000358155	9606.ENSP00000263753	H2AC18	SGO1	9606	0.77	0	0	0	0	0	0	0.77
9606.ENSP00000358155	9606.ENSP00000365851	H2AC18	BMI1	9606	0.769	0	0	0	0	0.457	0.5	0.218
9606.ENSP00000358155	9606.ENSP00000482674	H2AC18	H2BC3	9606	0.757	0	0	0	0	0.314	0.4	0.458
9606.ENSP00000358155	9606.ENSP00000476136	H2AC18	H2BC11	9606	0.756	0	0	0	0	0.251	0.4	0.5
9606.ENSP00000358155	9606.ENSP00000362649	H2AC18	HDAC1	9606	0.741	0	0	0	0	0.292	0.65	0
9606.ENSP00000358155	9606.ENSP00000483903	H2AC18	H2BC15	9606	0.735	0	0	0	0	0.25	0.4	0.46
9606.ENSP00000358155	9606.ENSP00000311360	H2AC18	RAD9A	9606	0.728	0	0	0	0	0	0	0.728
9606.ENSP00000358155	9606.ENSP00000370842	H2AC18	IL33	9606	0.712	0	0	0	0	0.292	0	0.61
9606.ENSP00000358155	9606.ENSP00000477527	H2AC18	H2BC17	9606	0.707	0	0	0	0	0.176	0.4	0.456
9606.ENSP00000358155	9606.ENSP00000479169	H2AC18	H2BC9	9606	0.705	0	0	0	0	0.164	0.4	0.46
9606.ENSP00000358155	9606.ENSP00000295900	H2AC18	ATXN7	9606	0.701	0	0	0	0	0	0.5	0.428
9606.ENSP00000359300	9606.ENSP00000285021	CETN2	XPC	9606	0.999	0	0	0	0	0.958	0.9	0.975
9606.ENSP00000359300	9606.ENSP00000350708	CETN2	RAD23B	9606	0.998	0	0	0	0	0.457	0.9	0.982
9606.ENSP00000359300	9606.ENSP00000291688	CETN2	MCM3AP	9606	0.997	0	0	0	0	0.353	0.9	0.967
9606.ENSP00000359300	9606.ENSP00000429986	CETN2	ENY2	9606	0.997	0	0	0	0	0.36	0.9	0.964
9606.ENSP00000359300	9606.ENSP00000479494	CETN2	PCID2	9606	0.997	0	0	0	0	0.19	0.9	0.972
9606.ENSP00000359300	9606.ENSP00000467024	CETN2	RAD23A	9606	0.97	0	0	0	0	0.225	0.5	0.93
9606.ENSP00000359300	9606.ENSP00000428259	CETN2	CETN3	9606	0.959	0	0	0	0	0.426	0.9	0.359
9606.ENSP00000359300	9606.ENSP00000013807	CETN2	ERCC1	9606	0.924	0	0	0	0	0	0.9	0.275
9606.ENSP00000359300	9606.ENSP00000444029	CETN2	NUP153	9606	0.922	0	0	0	0	0.249	0.9	0.046
9606.ENSP00000359300	9606.ENSP00000352257	CETN2	XRCC6	9606	0.9	0	0	0	0	0	0.9	0
9606.ENSP00000359300	9606.ENSP00000310520	CETN2	ERCC4	9606	0.9	0	0	0	0	0	0.9	0
9606.ENSP00000359300	9606.ENSP00000383042	CETN2	KDM1A	9606	0.9	0	0	0	0	0	0.9	0
9606.ENSP00000359300	9606.ENSP00000300145	CETN2	ATP23	9606	0.9	0	0	0	0	0	0.9	0
9606.ENSP00000359300	9606.ENSP00000265038	CETN2	ERCC8	9606	0.9	0	0	0	0	0	0.9	0
9606.ENSP00000359300	9606.ENSP00000278616	CETN2	ATM	9606	0.9	0	0	0	0	0	0.9	0
9606.ENSP00000359300	9606.ENSP00000367527	CETN2	DCLRE1C	9606	0.9	0	0	0	0	0	0.9	0
9606.ENSP00000359300	9606.ENSP00000484288	CETN2	LIG4	9606	0.9	0	0	0	0	0	0.9	0
9606.ENSP00000359300	9606.ENSP00000233146	CETN2	MSH2	9606	0.9	0	0	0	0	0	0.9	0
9606.ENSP00000359300	9606.ENSP00000360682	CETN2	PAXX	9606	0.9	0	0	0	0	0	0.9	0
9606.ENSP00000359300	9606.ENSP00000498881	CETN2	ERCC5	9606	0.9	0	0	0	0	0	0.9	0
9606.ENSP00000359300	9606.ENSP00000356448	CETN2	TPR	9606	0.9	0	0	0	0	0	0.9	0
9606.ENSP00000359300	9606.ENSP00000234420	CETN2	MSH6	9606	0.9	0	0	0	0	0	0.9	0
9606.ENSP00000359300	9606.ENSP00000472445	CETN2	POLD1	9606	0.9	0	0	0	0	0	0.9	0
9606.ENSP00000359300	9606.ENSP00000316032	CETN2	NUP98	9606	0.9	0	0	0	0	0	0.9	0
9606.ENSP00000359300	9606.ENSP00000385334	CETN2	MAD1L1	9606	0.9	0	0	0	0	0	0.9	0
9606.ENSP00000359300	9606.ENSP00000398824	CETN2	PHF21A	9606	0.9	0	0	0	0	0	0.9	0
9606.ENSP00000359300	9606.ENSP00000421491	CETN2	XRCC4	9606	0.9	0	0	0	0	0	0.9	0
9606.ENSP00000359300	9606.ENSP00000262241	CETN2	RCOR1	9606	0.9	0	0	0	0	0	0.9	0
9606.ENSP00000359300	9606.ENSP00000349313	CETN2	NHEJ1	9606	0.9	0	0	0	0	0	0.9	0
9606.ENSP00000359300	9606.ENSP00000310008	CETN2	SWSAP1	9606	0.9	0	0	0	0	0	0.9	0
9606.ENSP00000359300	9606.ENSP00000375978	CETN2	XRCC5	9606	0.9	0	0	0	0	0	0.9	0
9606.ENSP00000359300	9606.ENSP00000283195	CETN2	RANBP2	9606	0.9	0	0	0	0	0	0.9	0
9606.ENSP00000359300	9606.ENSP00000382218	CETN2	ZSWIM7	9606	0.9	0	0	0	0	0	0.9	0
9606.ENSP00000359300	9606.ENSP00000296509	CETN2	MAD2L1	9606	0.9	0	0	0	0	0	0.9	0
9606.ENSP00000359300	9606.ENSP00000313420	CETN2	PRKDC	9606	0.9	0	0	0	0	0	0.9	0
9606.ENSP00000359300	9606.ENSP00000383145	CETN2	SFI1	9606	0.899	0	0	0	0	0.735	0	0.634
9606.ENSP00000359300	9606.ENSP00000321927	CETN2	FBXL13	9606	0.832	0	0	0	0	0.457	0	0.704
9606.ENSP00000359300	9606.ENSP00000410216	CETN2	POC5	9606	0.788	0	0	0	0	0.606	0	0.484
9606.ENSP00000359300	9606.ENSP00000481021	CETN2	SEM1	9606	0.776	0	0	0	0	0	0	0.776
9606.ENSP00000359300	9606.ENSP00000301764	CETN2	DDB1	9606	0.771	0	0	0	0	0	0.5	0.561
9606.ENSP00000359300	9606.ENSP00000256996	CETN2	DDB2	9606	0.762	0	0	0	0	0	0.5	0.544
9606.ENSP00000359300	9606.ENSP00000285398	CETN2	ERCC3	9606	0.733	0	0	0	0	0.445	0.54	0
9606.ENSP00000359300	9606.ENSP00000476100	CETN2	GTF2H5	9606	0.722	0	0	0	0	0.467	0.5	0
9606.ENSP00000359300	9606.ENSP00000265963	CETN2	GTF2H1	9606	0.722	0	0	0	0	0.467	0.5	0
9606.ENSP00000359300	9606.ENSP00000265081	CETN2	MSH3	9606	0.72	0	0	0	0	0	0.72	0
9606.ENSP00000359300	9606.ENSP00000256443	CETN2	CDK7	9606	0.717	0	0	0	0	0.459	0.5	0
9606.ENSP00000359300	9606.ENSP00000375809	CETN2	ERCC2	9606	0.71	0	0	0	0	0.445	0.5	0
9606.ENSP00000359300	9606.ENSP00000445162	CETN2	GTF2H3	9606	0.71	0	0	0	0	0.445	0.5	0
9606.ENSP00000359300	9606.ENSP00000259895	CETN2	GTF2H4	9606	0.71	0	0	0	0	0.445	0.5	0
9606.ENSP00000359300	9606.ENSP00000498750	CETN2	CCNH	9606	0.71	0	0	0	0	0.445	0.5	0
9606.ENSP00000360526	9606.ENSP00000262241	ZNF217	RCOR1	9606	0.985	0	0	0	0	0.578	0	0.966
9606.ENSP00000360526	9606.ENSP00000290921	ZNF217	CTBP1	9606	0.982	0	0	0	0	0.682	0	0.946
9606.ENSP00000360526	9606.ENSP00000362649	ZNF217	HDAC1	9606	0.963	0	0	0	0	0.399	0	0.942
9606.ENSP00000360526	9606.ENSP00000430432	ZNF217	HDAC2	9606	0.963	0	0	0	0	0.457	0	0.935
9606.ENSP00000360526	9606.ENSP00000328269	ZNF217	HMG20B	9606	0.94	0	0	0	0	0	0	0.94
9606.ENSP00000360526	9606.ENSP00000311825	ZNF217	CTBP2	9606	0.936	0	0	0	0	0.675	0	0.814
9606.ENSP00000360526	9606.ENSP00000398824	ZNF217	PHF21A	9606	0.925	0	0	0	0	0	0	0.925
9606.ENSP00000360526	9606.ENSP00000383042	ZNF217	KDM1A	9606	0.922	0	0	0	0	0.457	0	0.863
9606.ENSP00000360526	9606.ENSP00000361066	ZNF217	NCOA3	9606	0.8	0	0	0	0	0	0.8	0
9606.ENSP00000360526	9606.ENSP00000356331	ZNF217	NR5A2	9606	0.8	0	0	0	0	0	0.8	0
9606.ENSP00000360682	9606.ENSP00000349313	PAXX	NHEJ1	9606	0.998	0	0	0	0	0.287	0.9	0.977
9606.ENSP00000360682	9606.ENSP00000421491	PAXX	XRCC4	9606	0.998	0	0	0	0	0.292	0.9	0.976
9606.ENSP00000360682	9606.ENSP00000352257	PAXX	XRCC6	9606	0.994	0	0	0	0	0.421	0.9	0.918
9606.ENSP00000360682	9606.ENSP00000375978	PAXX	XRCC5	9606	0.991	0	0	0	0	0.457	0.9	0.854
9606.ENSP00000360682	9606.ENSP00000313420	PAXX	PRKDC	9606	0.986	0	0	0	0	0.292	0.9	0.819
9606.ENSP00000360682	9606.ENSP00000484288	PAXX	LIG4	9606	0.957	0	0	0	0	0.292	0.9	0.445
9606.ENSP00000360682	9606.ENSP00000359300	PAXX	CETN2	9606	0.9	0	0	0	0	0	0.9	0
9606.ENSP00000360682	9606.ENSP00000278616	PAXX	ATM	9606	0.9	0	0	0	0	0	0.9	0
9606.ENSP00000360682	9606.ENSP00000285021	PAXX	XPC	9606	0.9	0	0	0	0	0	0.9	0
9606.ENSP00000360682	9606.ENSP00000013807	PAXX	ERCC1	9606	0.9	0	0	0	0	0	0.9	0
9606.ENSP00000360682	9606.ENSP00000472445	PAXX	POLD1	9606	0.9	0	0	0	0	0	0.9	0
9606.ENSP00000360682	9606.ENSP00000382218	PAXX	ZSWIM7	9606	0.9	0	0	0	0	0	0.9	0
9606.ENSP00000360682	9606.ENSP00000234420	PAXX	MSH6	9606	0.9	0	0	0	0	0	0.9	0
9606.ENSP00000360682	9606.ENSP00000367527	PAXX	DCLRE1C	9606	0.9	0	0	0	0	0	0.9	0
9606.ENSP00000360682	9606.ENSP00000262241	PAXX	RCOR1	9606	0.9	0	0	0	0	0	0.9	0
9606.ENSP00000360682	9606.ENSP00000350708	PAXX	RAD23B	9606	0.9	0	0	0	0	0	0.9	0
9606.ENSP00000360682	9606.ENSP00000265038	PAXX	ERCC8	9606	0.9	0	0	0	0	0	0.9	0
9606.ENSP00000360682	9606.ENSP00000398824	PAXX	PHF21A	9606	0.9	0	0	0	0	0	0.9	0
9606.ENSP00000360682	9606.ENSP00000233146	PAXX	MSH2	9606	0.9	0	0	0	0	0	0.9	0
9606.ENSP00000360682	9606.ENSP00000310008	PAXX	SWSAP1	9606	0.9	0	0	0	0	0	0.9	0
9606.ENSP00000360682	9606.ENSP00000310520	PAXX	ERCC4	9606	0.9	0	0	0	0	0	0.9	0
9606.ENSP00000360682	9606.ENSP00000383042	PAXX	KDM1A	9606	0.9	0	0	0	0	0	0.9	0
9606.ENSP00000360682	9606.ENSP00000498881	PAXX	ERCC5	9606	0.9	0	0	0	0	0	0.9	0
9606.ENSP00000360682	9606.ENSP00000300145	PAXX	ATP23	9606	0.9	0	0	0	0	0	0.9	0
9606.ENSP00000360682	9606.ENSP00000265081	PAXX	MSH3	9606	0.72	0	0	0	0	0	0.72	0
9606.ENSP00000361473	9606.ENSP00000355657	KDM4A	H3-4	9606	0.996	0	0	0	0	0.946	0.5	0.881
9606.ENSP00000361473	9606.ENSP00000352252	KDM4A	H3C12	9606	0.993	0	0	0	0	0.95	0	0.881
9606.ENSP00000361473	9606.ENSP00000254810	KDM4A	H3-3B	9606	0.993	0	0	0	0	0.946	0	0.881
9606.ENSP00000361473	9606.ENSP00000499501	KDM4A	H3-2	9606	0.987	0	0	0	0	0.9	0	0.881
9606.ENSP00000361473	9606.ENSP00000339835	KDM4A	H3-5	9606	0.987	0	0	0	0	0.9	0	0.881
9606.ENSP00000361473	9606.ENSP00000333277	KDM4A	H3C13	9606	0.987	0	0	0	0	0.9	0	0.881
9606.ENSP00000361473	9606.ENSP00000244537	KDM4A	H4C6	9606	0.984	0	0	0	0	0.955	0.5	0.342
9606.ENSP00000361473	9606.ENSP00000480826	KDM4A	H3C1	9606	0.96	0	0	0	0	0.96	0	0
9606.ENSP00000361473	9606.ENSP00000307705	KDM4A	H1-4	9606	0.917	0	0	0	0	0.9	0	0.213
9606.ENSP00000361473	9606.ENSP00000480960	KDM4A	H4C13	9606	0.9	0	0	0	0	0.9	0	0
9606.ENSP00000361473	9606.ENSP00000443017	KDM4A	H4-16	9606	0.9	0	0	0	0	0.9	0	0
9606.ENSP00000361473	9606.ENSP00000479106	KDM4A	H4C1	9606	0.9	0	0	0	0	0.9	0	0
9606.ENSP00000361473	9606.ENSP00000484638	KDM4A	H3C8	9606	0.9	0	0	0	0	0.9	0	0
9606.ENSP00000361473	9606.ENSP00000483283	KDM4A	H3C11	9606	0.9	0	0	0	0	0.9	0	0
9606.ENSP00000361473	9606.ENSP00000462667	KDM4A	H4C14	9606	0.9	0	0	0	0	0.9	0	0
9606.ENSP00000361473	9606.ENSP00000358160	KDM4A	H3C10	9606	0.9	0	0	0	0	0.9	0	0
9606.ENSP00000361473	9606.ENSP00000347168	KDM4A	H4C11	9606	0.9	0	0	0	0	0.9	0	0
9606.ENSP00000361473	9606.ENSP00000481486	KDM4A	H4C9	9606	0.9	0	0	0	0	0.9	0	0
9606.ENSP00000361473	9606.ENSP00000358154	KDM4A	H3C14	9606	0.9	0	0	0	0	0.9	0	0
9606.ENSP00000361473	9606.ENSP00000479794	KDM4A	H4C12	9606	0.9	0	0	0	0	0.9	0	0
9606.ENSP00000361473	9606.ENSP00000484095	KDM4A	H3C7	9606	0.9	0	0	0	0	0.9	0	0
9606.ENSP00000361473	9606.ENSP00000366999	KDM4A	H3C4	9606	0.9	0	0	0	0	0.9	0	0
9606.ENSP00000361473	9606.ENSP00000385479	KDM4A	H3C15	9606	0.9	0	0	0	0	0.9	0	0
9606.ENSP00000361473	9606.ENSP00000484658	KDM4A	H3C3	9606	0.9	0	0	0	0	0.9	0	0
9606.ENSP00000361473	9606.ENSP00000484841	KDM4A	H3C2	9606	0.9	0	0	0	0	0.9	0	0
9606.ENSP00000361473	9606.ENSP00000489236	KDM4A	H4C8	9606	0.9	0	0	0	0	0.9	0	0
9606.ENSP00000361473	9606.ENSP00000355780	KDM4A	H3-3A	9606	0.9	0	0	0	0	0.9	0	0
9606.ENSP00000361473	9606.ENSP00000484789	KDM4A	H4C5	9606	0.9	0	0	0	0	0.9	0	0
9606.ENSP00000361473	9606.ENSP00000489282	KDM4A	H3C6	9606	0.9	0	0	0	0	0.9	0	0
9606.ENSP00000361473	9606.ENSP00000462355	KDM4A	H4C15	9606	0.9	0	0	0	0	0.9	0	0
9606.ENSP00000361473	9606.ENSP00000366974	KDM4A	H4C2	9606	0.9	0	0	0	0	0.9	0	0
9606.ENSP00000361473	9606.ENSP00000367034	KDM4A	H4C3	9606	0.9	0	0	0	0	0.9	0	0
9606.ENSP00000361473	9606.ENSP00000479461	KDM4A	H4C4	9606	0.9	0	0	0	0	0.9	0	0
9606.ENSP00000361473	9606.ENSP00000268712	KDM4A	NCOR1	9606	0.883	0	0	0	0	0.457	0	0.794
9606.ENSP00000362592	9606.ENSP00000384899	RBBP4	GATAD2A	9606	0.999	0	0	0	0	0.671	0.9	0.983
9606.ENSP00000362592	9606.ENSP00000404658	RBBP4	EZH1	9606	0.999	0	0	0	0	0.878	0.9	0.986
9606.ENSP00000362592	9606.ENSP00000430432	RBBP4	HDAC2	9606	0.999	0	0	0	0	0.72	0.9	0.984
9606.ENSP00000362592	9606.ENSP00000278823	RBBP4	MTA2	9606	0.999	0	0	0	0	0.691	0.9	0.975
9606.ENSP00000362592	9606.ENSP00000333633	RBBP4	MTA1	9606	0.999	0	0	0	0	0.968	0.72	0.984
9606.ENSP00000362592	9606.ENSP00000381840	RBBP4	AEBP2	9606	0.999	0	0	0	0	0.967	0.9	0.982
9606.ENSP00000362592	9606.ENSP00000369424	RBBP4	RBBP7	9606	0.999	0	0	0	0	0.68	0.9	0.982
9606.ENSP00000362592	9606.ENSP00000301159	RBBP4	LIN37	9606	0.999	0	0	0	0	0.949	0.9	0.983
9606.ENSP00000362592	9606.ENSP00000451812	RBBP4	LIN52	9606	0.999	0	0	0	0	0.521	0.9	0.985
9606.ENSP00000362592	9606.ENSP00000329102	RBBP4	LIN9	9606	0.999	0	0	0	0	0.957	0.9	0.986
9606.ENSP00000362592	9606.ENSP00000316578	RBBP4	SUZ12	9606	0.999	0	0	0	0	0.974	0.9	0.987
9606.ENSP00000362592	9606.ENSP00000338186	RBBP4	EED	9606	0.999	0	0	0	0	0.951	0.9	0.987
9606.ENSP00000362592	9606.ENSP00000440542	RBBP4	CHD4	9606	0.999	0	0	0	0	0.679	0.9	0.983
9606.ENSP00000362592	9606.ENSP00000320147	RBBP4	EZH2	9606	0.999	0	0	0	0	0.553	0.9	0.986
9606.ENSP00000362592	9606.ENSP00000362649	RBBP4	HDAC1	9606	0.999	0	0	0	0	0.941	0.9	0.984
9606.ENSP00000362592	9606.ENSP00000341947	RBBP4	LIN54	9606	0.999	0	0	0	0	0.472	0.9	0.985
9606.ENSP00000362592	9606.ENSP00000369716	RBBP4	CHD3	9606	0.998	0	0	0	0	0.648	0.72	0.984
9606.ENSP00000362592	9606.ENSP00000315700	RBBP4	CHAF1B	9606	0.998	0	0	0	0	0.617	0.9	0.955
9606.ENSP00000362592	9606.ENSP00000443988	RBBP4	SUDS3	9606	0.998	0	0	0	0	0.536	0.8	0.981
9606.ENSP00000362592	9606.ENSP00000301280	RBBP4	CHAF1A	9606	0.998	0	0	0	0	0.514	0.9	0.97
9606.ENSP00000362592	9606.ENSP00000378402	RBBP4	SIN3A	9606	0.997	0	0	0	0	0.527	0.72	0.98
9606.ENSP00000362592	9606.ENSP00000296504	RBBP4	SAP30	9606	0.997	0	0	0	0	0.457	0.8	0.982
9606.ENSP00000362592	9606.ENSP00000481842	RBBP4	SAP18	9606	0.996	0	0	0	0	0	0.8	0.983
9606.ENSP00000362592	9606.ENSP00000341280	RBBP4	JARID2	9606	0.995	0	0	0	0	0.909	0.5	0.917
9606.ENSP00000362592	9606.ENSP00000244537	RBBP4	H4C6	9606	0.994	0	0	0	0	0.621	0.5	0.973
9606.ENSP00000362592	9606.ENSP00000357644	RBBP4	GATAD2B	9606	0.994	0	0	0	0	0.585	0.54	0.975
9606.ENSP00000362592	9606.ENSP00000385823	RBBP4	MTA3	9606	0.992	0	0	0	0	0.671	0.72	0.926
9606.ENSP00000362592	9606.ENSP00000369131	RBBP4	SIN3B	9606	0.989	0	0	0	0	0.554	0.54	0.953
9606.ENSP00000362592	9606.ENSP00000283131	RBBP4	SMARCA5	9606	0.986	0	0	0	0	0.596	0.9	0.695
9606.ENSP00000362592	9606.ENSP00000307208	RBBP4	BPTF	9606	0.985	0	0	0	0	0.464	0.9	0.756
9606.ENSP00000362592	9606.ENSP00000360162	RBBP4	SMARCA1	9606	0.983	0	0	0	0	0.499	0.9	0.705
9606.ENSP00000362592	9606.ENSP00000477870	RBBP4	H4C7	9606	0.979	0	0	0	0	0.245	0	0.973
9606.ENSP00000362592	9606.ENSP00000496168	RBBP4	BCL11A	9606	0.978	0	0	0	0	0.96	0	0.484
9606.ENSP00000362592	9606.ENSP00000421863	RBBP4	ZNF827	9606	0.973	0	0	0	0	0.96	0	0.367
9606.ENSP00000362592	9606.ENSP00000329097	RBBP4	PHF6	9606	0.972	0	0	0	0	0.96	0	0.325
9606.ENSP00000362592	9606.ENSP00000256429	RBBP4	MBD2	9606	0.968	0	0	0	0	0.907	0.54	0.317
9606.ENSP00000362592	9606.ENSP00000483946	RBBP4	PHF19	9606	0.967	0	0	0	0	0.932	0.5	0.104
9606.ENSP00000362592	9606.ENSP00000326630	RBBP4	ZFPM1	9606	0.967	0	0	0	0	0.957	0	0.268
9606.ENSP00000362592	9606.ENSP00000383042	RBBP4	KDM1A	9606	0.965	0	0	0	0	0.457	0.5	0.884
9606.ENSP00000362592	9606.ENSP00000364839	RBBP4	ASXL1	9606	0.964	0	0	0	0	0.292	0.9	0.542
9606.ENSP00000362592	9606.ENSP00000352252	RBBP4	H3C12	9606	0.964	0	0	0	0	0.538	0.5	0.86
9606.ENSP00000362592	9606.ENSP00000217086	RBBP4	SALL4	9606	0.961	0	0	0	0	0.926	0.5	0
9606.ENSP00000362592	9606.ENSP00000302967	RBBP4	HDAC3	9606	0.961	0	0	0	0	0.443	0.5	0.874
9606.ENSP00000362592	9606.ENSP00000364929	RBBP4	ING1	9606	0.958	0	0	0	0	0.528	0.54	0.823
9606.ENSP00000362592	9606.ENSP00000217026	RBBP4	MYBL2	9606	0.947	0	0	0	0	0.493	0.9	0
9606.ENSP00000362592	9606.ENSP00000414109	RBBP4	HJURP	9606	0.947	0	0	0	0	0.457	0.8	0.554
9606.ENSP00000362592	9606.ENSP00000448598	RBBP4	C17orf49	9606	0.943	0	0	0	0	0.457	0.9	0
9606.ENSP00000362592	9606.ENSP00000412302	RBBP4	MBD3	9606	0.943	0	0	0	0	0.631	0.8	0.292
9606.ENSP00000362592	9606.ENSP00000216106	RBBP4	HMGXB4	9606	0.939	0	0	0	0	0.422	0.9	0
9606.ENSP00000362592	9606.ENSP00000365851	RBBP4	BMI1	9606	0.935	0	0	0	0	0	0.9	0.386
9606.ENSP00000362592	9606.ENSP00000296930	RBBP4	NPM1	9606	0.933	0	0	0	0	0.292	0.8	0.566
9606.ENSP00000362592	9606.ENSP00000417132	RBBP4	BAP1	9606	0.926	0	0	0	0	0.292	0.9	0
9606.ENSP00000362592	9606.ENSP00000331310	RBBP4	MORF4L1	9606	0.92	0	0	0	0	0.268	0.72	0.641
9606.ENSP00000362592	9606.ENSP00000371859	RBBP4	BAZ1A	9606	0.919	0	0	0	0	0.226	0.9	0
9606.ENSP00000362592	9606.ENSP00000254810	RBBP4	H3-3B	9606	0.919	0	0	0	0	0.538	0.5	0.68
9606.ENSP00000362592	9606.ENSP00000264183	RBBP4	ARID4B	9606	0.91	0	0	0	0	0.515	0.8	0.153
9606.ENSP00000362592	9606.ENSP00000262133	RBBP4	RBL2	9606	0.904	0	0	0	0	0.416	0.5	0.699
9606.ENSP00000362592	9606.ENSP00000362674	RBBP4	HDAC8	9606	0.901	0	0	0	0	0.246	0	0.874
9606.ENSP00000362592	9606.ENSP00000358862	RBBP4	PCGF6	9606	0.9	0	0	0	0	0	0.9	0
9606.ENSP00000362592	9606.ENSP00000269397	RBBP4	CBX4	9606	0.9	0	0	0	0	0	0.9	0
9606.ENSP00000362592	9606.ENSP00000389445	RBBP4	UBAP2L	9606	0.9	0	0	0	0	0	0.9	0
9606.ENSP00000362592	9606.ENSP00000216807	RBBP4	BRMS1L	9606	0.9	0	0	0	0	0.496	0.54	0.604
9606.ENSP00000362592	9606.ENSP00000354724	RBBP4	PCGF3	9606	0.9	0	0	0	0	0	0.9	0
9606.ENSP00000362592	9606.ENSP00000420294	RBBP4	PHC3	9606	0.9	0	0	0	0	0	0.9	0
9606.ENSP00000362592	9606.ENSP00000356480	RBBP4	RNF2	9606	0.9	0	0	0	0	0	0.9	0
9606.ENSP00000362592	9606.ENSP00000437659	RBBP4	PHC1	9606	0.9	0	0	0	0	0	0.9	0
9606.ENSP00000362592	9606.ENSP00000216133	RBBP4	CBX7	9606	0.9	0	0	0	0	0	0.9	0
9606.ENSP00000362592	9606.ENSP00000233630	RBBP4	PCGF1	9606	0.9	0	0	0	0	0	0.9	0
9606.ENSP00000362592	9606.ENSP00000251900	RBBP4	SCML2	9606	0.9	0	0	0	0	0	0.9	0
9606.ENSP00000362592	9606.ENSP00000384490	RBBP4	CBX6	9606	0.9	0	0	0	0	0	0.9	0
9606.ENSP00000362592	9606.ENSP00000308750	RBBP4	CBX2	9606	0.9	0	0	0	0	0	0.9	0
9606.ENSP00000362592	9606.ENSP00000363787	RBBP4	RING1	9606	0.9	0	0	0	0	0	0.9	0
9606.ENSP00000362592	9606.ENSP00000383428	RBBP4	CECR2	9606	0.9	0	0	0	0	0	0.9	0
9606.ENSP00000362592	9606.ENSP00000337500	RBBP4	PCGF5	9606	0.9	0	0	0	0	0	0.9	0
9606.ENSP00000362592	9606.ENSP00000269385	RBBP4	CBX8	9606	0.9	0	0	0	0	0	0.9	0
9606.ENSP00000362592	9606.ENSP00000482063	RBBP4	PCGF2	9606	0.9	0	0	0	0	0	0.9	0
9606.ENSP00000362592	9606.ENSP00000257118	RBBP4	PHC2	9606	0.9	0	0	0	0	0	0.9	0
9606.ENSP00000362592	9606.ENSP00000329933	RBBP4	PHF12	9606	0.899	0	0	0	0	0.537	0.72	0.287
9606.ENSP00000362592	9606.ENSP00000396052	RBBP4	BRMS1	9606	0.89	0	0	0	0	0.457	0.54	0.595
9606.ENSP00000362592	9606.ENSP00000359321	RBBP4	MTF2	9606	0.885	0	0	0	0	0.514	0.5	0.566
9606.ENSP00000362592	9606.ENSP00000368686	RBBP4	E2F4	9606	0.868	0	0	0	0	0.163	0.5	0.711
9606.ENSP00000362592	9606.ENSP00000262450	RBBP4	CHD5	9606	0.867	0	0	0	0	0.475	0.72	0.168
9606.ENSP00000362592	9606.ENSP00000307183	RBBP4	ING2	9606	0.865	0	0	0	0	0.488	0.72	0.136
9606.ENSP00000362592	9606.ENSP00000333277	RBBP4	H3C13	9606	0.858	0	0	0	0	0.218	0.5	0.667
9606.ENSP00000362592	9606.ENSP00000337477	RBBP4	SINHCAF	9606	0.841	0	0	0	0	0.457	0.72	0
9606.ENSP00000362592	9606.ENSP00000264674	RBBP4	MECOM	9606	0.82	0	0	0	0	0.655	0.5	0
9606.ENSP00000362592	9606.ENSP00000217244	RBBP4	CSNK2A1	9606	0.815	0	0	0	0	0.36	0.72	0.055
9606.ENSP00000362592	9606.ENSP00000318297	RBBP4	RUVBL1	9606	0.81	0	0	0	0	0	0.8	0.089
9606.ENSP00000362592	9606.ENSP00000268712	RBBP4	NCOR1	9606	0.809	0	0	0	0	0.221	0.5	0.55
9606.ENSP00000362592	9606.ENSP00000355657	RBBP4	H3-4	9606	0.791	0	0	0	0	0.398	0	0.667
9606.ENSP00000362592	9606.ENSP00000347602	RBBP4	ARID4A	9606	0.79	0	0	0	0	0.525	0.54	0.116
9606.ENSP00000362592	9606.ENSP00000261692	RBBP4	CDK2AP1	9606	0.789	0	0	0	0	0.482	0	0.611
9606.ENSP00000362592	9606.ENSP00000264108	RBBP4	HAT1	9606	0.785	0	0	0	0	0.702	0	0.31
9606.ENSP00000362592	9606.ENSP00000336868	RBBP4	CENPA	9606	0.777	0	0	0	0	0.538	0.5	0.115
9606.ENSP00000362592	9606.ENSP00000255120	RBBP4	NASP	9606	0.777	0	0	0	0	0.707	0	0.27
9606.ENSP00000362592	9606.ENSP00000288065	RBBP4	ARMC12	9606	0.772	0	0	0	0	0.292	0	0.692
9606.ENSP00000362592	9606.ENSP00000297109	RBBP4	SAP30L	9606	0.76	0	0	0	0	0.359	0.54	0.254
9606.ENSP00000362592	9606.ENSP00000363640	RBBP4	PHF1	9606	0.729	0	0	0	0	0.482	0.5	0
9606.ENSP00000362592	9606.ENSP00000499501	RBBP4	H3-2	9606	0.728	0	0	0	0	0.218	0	0.667
9606.ENSP00000362592	9606.ENSP00000339835	RBBP4	H3-5	9606	0.728	0	0	0	0	0.185	0	0.68
9606.ENSP00000362592	9606.ENSP00000332194	RBBP4	H2AC20	9606	0.722	0	0	0	0	0.338	0.5	0.229
9606.ENSP00000362592	9606.ENSP00000311513	RBBP4	RSF1	9606	0.72	0	0	0	0	0	0.72	0
9606.ENSP00000362592	9606.ENSP00000342434	RBBP4	BAZ1B	9606	0.72	0	0	0	0	0	0.72	0
9606.ENSP00000362592	9606.ENSP00000267163	RBBP4	RB1	9606	0.72	0	0	0	0	0.49	0	0.473
9606.ENSP00000362592	9606.ENSP00000309790	RBBP4	MIS18BP1	9606	0.709	0	0	0	0	0	0.5	0.443
9606.ENSP00000362592	9606.ENSP00000262241	RBBP4	RCOR1	9606	0.705	0	0	0	0	0	0.5	0.435
9606.ENSP00000362649	9606.ENSP00000430432	HDAC1	HDAC2	9606	0.999	0	0	0	0	0.673	0.9	0.982
9606.ENSP00000362649	9606.ENSP00000440542	HDAC1	CHD4	9606	0.999	0	0	0	0	0.653	0.9	0.984
9606.ENSP00000362649	9606.ENSP00000278823	HDAC1	MTA2	9606	0.999	0	0	0	0	0.662	0.9	0.982
9606.ENSP00000362649	9606.ENSP00000384899	HDAC1	GATAD2A	9606	0.999	0	0	0	0	0.681	0.9	0.983
9606.ENSP00000362649	9606.ENSP00000369424	HDAC1	RBBP7	9606	0.999	0	0	0	0	0.731	0.9	0.984
9606.ENSP00000362649	9606.ENSP00000333633	HDAC1	MTA1	9606	0.999	0	0	0	0	0.96	0.72	0.983
9606.ENSP00000362649	9606.ENSP00000362592	HDAC1	RBBP4	9606	0.999	0	0	0	0	0.941	0.9	0.984
9606.ENSP00000362649	9606.ENSP00000369716	HDAC1	CHD3	9606	0.998	0	0	0	0	0.658	0.72	0.984
9606.ENSP00000362649	9606.ENSP00000262241	HDAC1	RCOR1	9606	0.998	0	0	0	0	0.457	0.8	0.984
9606.ENSP00000362649	9606.ENSP00000378402	HDAC1	SIN3A	9606	0.998	0	0	0	0	0.656	0.8	0.984
9606.ENSP00000362649	9606.ENSP00000296504	HDAC1	SAP30	9606	0.998	0	0	0	0	0.457	0.8	0.984
9606.ENSP00000362649	9606.ENSP00000352516	HDAC1	DNMT1	9606	0.998	0	0	0	0	0.526	0.8	0.984
9606.ENSP00000362649	9606.ENSP00000262238	HDAC1	YY1	9606	0.998	0	0	0	0	0.564	0.8	0.982
9606.ENSP00000362649	9606.ENSP00000384018	HDAC1	NCOR2	9606	0.998	0	0	0	0	0.468	0.8	0.983
9606.ENSP00000362649	9606.ENSP00000328547	HDAC1	DNMT3B	9606	0.997	0	0	0	0	0.457	0.8	0.978
9606.ENSP00000362649	9606.ENSP00000268712	HDAC1	NCOR1	9606	0.997	0	0	0	0	0.306	0.8	0.984
9606.ENSP00000362649	9606.ENSP00000267163	HDAC1	RB1	9606	0.997	0	0	0	0	0.653	0.9	0.938
9606.ENSP00000362649	9606.ENSP00000290921	HDAC1	CTBP1	9606	0.997	0	0	0	0	0.457	0.8	0.982
9606.ENSP00000362649	9606.ENSP00000443988	HDAC1	SUDS3	9606	0.997	0	0	0	0	0.597	0.72	0.98
9606.ENSP00000362649	9606.ENSP00000369131	HDAC1	SIN3B	9606	0.996	0	0	0	0	0.603	0.54	0.983
9606.ENSP00000362649	9606.ENSP00000385823	HDAC1	MTA3	9606	0.995	0	0	0	0	0.621	0.72	0.962
9606.ENSP00000362649	9606.ENSP00000328269	HDAC1	HMG20B	9606	0.994	0	0	0	0	0.504	0.5	0.98
9606.ENSP00000362649	9606.ENSP00000398824	HDAC1	PHF21A	9606	0.994	0	0	0	0	0.457	0.5	0.982
9606.ENSP00000362649	9606.ENSP00000357644	HDAC1	GATAD2B	9606	0.994	0	0	0	0	0.559	0.54	0.974
9606.ENSP00000362649	9606.ENSP00000395535	HDAC1	MECP2	9606	0.994	0	0	0	0	0.457	0.5	0.982
9606.ENSP00000362649	9606.ENSP00000383042	HDAC1	KDM1A	9606	0.994	0	0	0	0	0.462	0.4	0.982
9606.ENSP00000362649	9606.ENSP00000379078	HDAC1	EHMT2	9606	0.994	0	0	0	0	0.457	0.5	0.982
9606.ENSP00000362649	9606.ENSP00000481842	HDAC1	SAP18	9606	0.993	0	0	0	0	0.292	0.5	0.983
9606.ENSP00000362649	9606.ENSP00000320147	HDAC1	EZH2	9606	0.993	0	0	0	0	0.615	0	0.983
9606.ENSP00000362649	9606.ENSP00000256429	HDAC1	MBD2	9606	0.99	0	0	0	0	0.954	0.54	0.562
9606.ENSP00000362649	9606.ENSP00000244050	HDAC1	SNAI1	9606	0.99	0	0	0	0	0.457	0	0.982
9606.ENSP00000362649	9606.ENSP00000264709	HDAC1	DNMT3A	9606	0.989	0	0	0	0	0.457	0	0.982
9606.ENSP00000362649	9606.ENSP00000311816	HDAC1	REST	9606	0.988	0	0	0	0	0.457	0.8	0.898
9606.ENSP00000362649	9606.ENSP00000269305	HDAC1	TP53	9606	0.988	0	0	0	0	0.657	0	0.967
9606.ENSP00000362649	9606.ENSP00000368686	HDAC1	E2F4	9606	0.985	0	0	0	0	0.457	0.5	0.951
9606.ENSP00000362649	9606.ENSP00000345571	HDAC1	E2F1	9606	0.985	0	0	0	0	0.457	0	0.974
9606.ENSP00000362649	9606.ENSP00000361705	HDAC1	DNTTIP1	9606	0.984	0	0	0	0	0.886	0	0.869
9606.ENSP00000362649	9606.ENSP00000384273	HDAC1	RELA	9606	0.983	0	0	0	0	0.564	0	0.963
9606.ENSP00000362649	9606.ENSP00000405330	HDAC1	ESR1	9606	0.983	0	0	0	0	0.457	0	0.971
9606.ENSP00000362649	9606.ENSP00000263253	HDAC1	EP300	9606	0.981	0	0	0	0	0.457	0	0.968
9606.ENSP00000362649	9606.ENSP00000305422	HDAC1	CEBPB	9606	0.981	0	0	0	0	0.457	0	0.967
9606.ENSP00000362649	9606.ENSP00000364929	HDAC1	ING1	9606	0.98	0	0	0	0	0.539	0.54	0.916
9606.ENSP00000362649	9606.ENSP00000331310	HDAC1	MORF4L1	9606	0.979	0	0	0	0	0.53	0.72	0.858
9606.ENSP00000362649	9606.ENSP00000270172	HDAC1	DNMT3L	9606	0.979	0	0	0	0	0.457	0	0.963
9606.ENSP00000362649	9606.ENSP00000262133	HDAC1	RBL2	9606	0.977	0	0	0	0	0.457	0.5	0.925
9606.ENSP00000362649	9606.ENSP00000337976	HDAC1	SUV39H1	9606	0.977	0	0	0	0	0.457	0	0.961
9606.ENSP00000362649	9606.ENSP00000300305	HDAC1	RUNX1	9606	0.976	0	0	0	0	0.457	0.5	0.921
9606.ENSP00000362649	9606.ENSP00000226574	HDAC1	NFKB1	9606	0.975	0	0	0	0	0.564	0	0.947
9606.ENSP00000362649	9606.ENSP00000479617	HDAC1	UHRF1	9606	0.975	0	0	0	0	0.457	0	0.956
9606.ENSP00000362649	9606.ENSP00000271640	HDAC1	SETDB1	9606	0.974	0	0	0	0	0.457	0	0.955
9606.ENSP00000362649	9606.ENSP00000452871	HDAC1	TLE3	9606	0.972	0	0	0	0	0.446	0.5	0.909
9606.ENSP00000362649	9606.ENSP00000412302	HDAC1	MBD3	9606	0.967	0	0	0	0	0.673	0.72	0.668
9606.ENSP00000362649	9606.ENSP00000332973	HDAC1	SMAD3	9606	0.964	0	0	0	0	0.457	0.5	0.879
9606.ENSP00000362649	9606.ENSP00000360526	HDAC1	ZNF217	9606	0.963	0	0	0	0	0.399	0	0.942
9606.ENSP00000362649	9606.ENSP00000216807	HDAC1	BRMS1L	9606	0.958	0	0	0	0	0.469	0.54	0.844
9606.ENSP00000362649	9606.ENSP00000356233	HDAC1	KDM5B	9606	0.956	0	0	0	0	0.457	0	0.922
9606.ENSP00000362649	9606.ENSP00000354487	HDAC1	ZEB1	9606	0.954	0	0	0	0	0.22	0	0.944
9606.ENSP00000362649	9606.ENSP00000331614	HDAC1	IKZF1	9606	0.954	0	0	0	0	0.457	0	0.919
9606.ENSP00000362649	9606.ENSP00000446880	HDAC1	BAZ2A	9606	0.951	0	0	0	0	0.399	0.5	0.852
9606.ENSP00000362649	9606.ENSP00000297109	HDAC1	SAP30L	9606	0.95	0	0	0	0	0.457	0.8	0.584
9606.ENSP00000362649	9606.ENSP00000341551	HDAC1	SMAD4	9606	0.95	0	0	0	0	0.457	0.5	0.833
9606.ENSP00000362649	9606.ENSP00000311825	HDAC1	CTBP2	9606	0.95	0	0	0	0	0.329	0.8	0.662
9606.ENSP00000362649	9606.ENSP00000265165	HDAC1	LEF1	9606	0.943	0	0	0	0	0.292	0.5	0.853
9606.ENSP00000362649	9606.ENSP00000354394	HDAC1	STAT1	9606	0.943	0	0	0	0	0.292	0	0.923
9606.ENSP00000362649	9606.ENSP00000286523	HDAC1	ELMSAN1	9606	0.943	0	0	0	0	0.943	0	0
9606.ENSP00000362649	9606.ENSP00000408617	HDAC1	HDAC9	9606	0.942	0	0	0	0	0.457	0	0.898
9606.ENSP00000362649	9606.ENSP00000364550	HDAC1	KDM5C	9606	0.941	0	0	0	0	0.292	0	0.921
9606.ENSP00000362649	9606.ENSP00000396052	HDAC1	BRMS1	9606	0.939	0	0	0	0	0.469	0.54	0.771
9606.ENSP00000362649	9606.ENSP00000212015	HDAC1	SIRT1	9606	0.939	0	0	0	0	0.387	0	0.905
9606.ENSP00000362649	9606.ENSP00000245919	HDAC1	FOSB	9606	0.938	0	0	0	0	0	0.9	0.413
9606.ENSP00000362649	9606.ENSP00000329933	HDAC1	PHF12	9606	0.938	0	0	0	0	0.567	0.72	0.534
9606.ENSP00000362649	9606.ENSP00000379644	HDAC1	SOX6	9606	0.934	0	0	0	0	0.292	0	0.911
9606.ENSP00000362649	9606.ENSP00000307183	HDAC1	ING2	9606	0.932	0	0	0	0	0.552	0.72	0.503
9606.ENSP00000362649	9606.ENSP00000264183	HDAC1	ARID4B	9606	0.932	0	0	0	0	0.519	0.54	0.721
9606.ENSP00000362649	9606.ENSP00000262160	HDAC1	SMAD2	9606	0.932	0	0	0	0	0.457	0.5	0.77
9606.ENSP00000362649	9606.ENSP00000478887	HDAC1	MYC	9606	0.928	0	0	0	0	0.457	0	0.874
9606.ENSP00000362649	9606.ENSP00000383820	HDAC1	MIER1	9606	0.926	0	0	0	0	0.457	0	0.871
9606.ENSP00000362649	9606.ENSP00000338629	HDAC1	RERE	9606	0.923	0	0	0	0	0.457	0	0.864
9606.ENSP00000362649	9606.ENSP00000283131	HDAC1	SMARCA5	9606	0.913	0	0	0	0	0.534	0.5	0.658
9606.ENSP00000362649	9606.ENSP00000437955	HDAC1	HIF1A	9606	0.912	0	0	0	0	0.457	0	0.845
9606.ENSP00000362649	9606.ENSP00000253458	HDAC1	GSE1	9606	0.907	0	0	0	0	0.457	0	0.836
9606.ENSP00000362649	9606.ENSP00000418960	HDAC1	BRCA1	9606	0.906	0	0	0	0	0.457	0	0.834
9606.ENSP00000362649	9606.ENSP00000376902	HDAC1	BANP	9606	0.906	0	0	0	0	0.457	0	0.835
9606.ENSP00000362649	9606.ENSP00000262450	HDAC1	CHD5	9606	0.901	0	0	0	0	0.617	0.72	0.154
9606.ENSP00000362649	9606.ENSP00000302967	HDAC1	HDAC3	9606	0.9	0	0	0	0	0	0.9	0
9606.ENSP00000362649	9606.ENSP00000347602	HDAC1	ARID4A	9606	0.899	0	0	0	0	0.519	0.54	0.581
9606.ENSP00000362649	9606.ENSP00000365682	HDAC1	TLE1	9606	0.897	0	0	0	0	0.457	0.7	0.424
9606.ENSP00000362649	9606.ENSP00000323588	HDAC1	SOX2	9606	0.897	0	0	0	0	0.457	0	0.819
9606.ENSP00000362649	9606.ENSP00000362748	HDAC1	TET1	9606	0.897	0	0	0	0	0	0.54	0.786
9606.ENSP00000362649	9606.ENSP00000340330	HDAC1	KAT5	9606	0.895	0	0	0	0	0.292	0	0.858
9606.ENSP00000362649	9606.ENSP00000216330	HDAC1	FKBP3	9606	0.895	0	0	0	0	0.292	0	0.858
9606.ENSP00000362649	9606.ENSP00000278616	HDAC1	ATM	9606	0.886	0	0	0	0	0.292	0	0.846
9606.ENSP00000362649	9606.ENSP00000486891	HDAC1	TCF7L2	9606	0.886	0	0	0	0	0	0.5	0.782
9606.ENSP00000362649	9606.ENSP00000217244	HDAC1	CSNK2A1	9606	0.884	0	0	0	0	0.564	0.72	0.127
9606.ENSP00000362649	9606.ENSP00000399518	HDAC1	SATB1	9606	0.883	0	0	0	0	0.457	0	0.795
9606.ENSP00000362649	9606.ENSP00000294702	HDAC1	GFI1	9606	0.878	0	0	0	0	0.292	0	0.835
9606.ENSP00000362649	9606.ENSP00000343535	HDAC1	USP7	9606	0.877	0	0	0	0	0.457	0	0.783
9606.ENSP00000362649	9606.ENSP00000417980	HDAC1	EHMT1	9606	0.876	0	0	0	0	0.331	0	0.822
9606.ENSP00000362649	9606.ENSP00000366347	HDAC1	NKX2-2	9606	0.876	0	0	0	0	0.292	0	0.833
9606.ENSP00000362649	9606.ENSP00000315768	HDAC1	STAT2	9606	0.875	0	0	0	0	0	0	0.875
9606.ENSP00000362649	9606.ENSP00000254325	HDAC1	RFX1	9606	0.875	0	0	0	0	0.457	0	0.781
9606.ENSP00000362649	9606.ENSP00000264657	HDAC1	STAT3	9606	0.874	0	0	0	0	0.457	0	0.778
9606.ENSP00000362649	9606.ENSP00000339723	HDAC1	CIR1	9606	0.868	0	0	0	0	0.191	0.8	0.25
9606.ENSP00000362649	9606.ENSP00000380033	HDAC1	DDX17	9606	0.865	0	0	0	0	0.457	0	0.762
9606.ENSP00000362649	9606.ENSP00000473172	HDAC1	RUVBL2	9606	0.861	0	0	0	0	0.457	0	0.755
9606.ENSP00000362649	9606.ENSP00000349723	HDAC1	BCL11B	9606	0.861	0	0	0	0	0.49	0	0.738
9606.ENSP00000362649	9606.ENSP00000360266	HDAC1	JUN	9606	0.86	0	0	0	0	0.359	0	0.791
9606.ENSP00000362649	9606.ENSP00000302961	HDAC1	HSPA4	9606	0.86	0	0	0	0	0.292	0	0.811
9606.ENSP00000362649	9606.ENSP00000441875	HDAC1	PHB2	9606	0.859	0	0	0	0	0.457	0	0.751
9606.ENSP00000362649	9606.ENSP00000276893	HDAC1	UHRF2	9606	0.859	0	0	0	0	0.457	0	0.751
9606.ENSP00000362649	9606.ENSP00000343896	HDAC1	SMARCA4	9606	0.857	0	0	0	0	0.457	0	0.748
9606.ENSP00000362649	9606.ENSP00000253024	HDAC1	TRIM28	9606	0.856	0	0	0	0	0.457	0	0.746
9606.ENSP00000362649	9606.ENSP00000340883	HDAC1	SMARCB1	9606	0.856	0	0	0	0	0.287	0	0.807
9606.ENSP00000362649	9606.ENSP00000323670	HDAC1	ZBTB7A	9606	0.855	0	0	0	0	0.457	0	0.744
9606.ENSP00000362649	9606.ENSP00000164227	HDAC1	BCL3	9606	0.855	0	0	0	0	0.457	0	0.744
9606.ENSP00000362649	9606.ENSP00000281043	HDAC1	MYCN	9606	0.852	0	0	0	0	0.457	0	0.739
9606.ENSP00000362649	9606.ENSP00000254810	HDAC1	H3-3B	9606	0.849	0	0	0	0	0.127	0.5	0.682
9606.ENSP00000362649	9606.ENSP00000345206	HDAC1	RBPJ	9606	0.849	0	0	0	0	0	0.5	0.712
9606.ENSP00000362649	9606.ENSP00000336687	HDAC1	CBX3	9606	0.846	0	0	0	0	0	0	0.846
9606.ENSP00000362649	9606.ENSP00000365380	HDAC1	FOXP3	9606	0.845	0	0	0	0	0.457	0	0.727
9606.ENSP00000362649	9606.ENSP00000337477	HDAC1	SINHCAF	9606	0.844	0	0	0	0	0.457	0.72	0.061
9606.ENSP00000362649	9606.ENSP00000352252	HDAC1	H3C12	9606	0.842	0	0	0	0	0.126	0.5	0.669
9606.ENSP00000362649	9606.ENSP00000427514	HDAC1	CEBPA	9606	0.84	0	0	0	0	0.457	0	0.718
9606.ENSP00000362649	9606.ENSP00000268679	HDAC1	CBFA2T3	9606	0.831	0	0	0	0	0.457	0	0.702
9606.ENSP00000362649	9606.ENSP00000495360	HDAC1	CTNNB1	9606	0.831	0	0	0	0	0.457	0	0.702
9606.ENSP00000362649	9606.ENSP00000333277	HDAC1	H3C13	9606	0.827	0	0	0	0	0	0.5	0.67
9606.ENSP00000362649	9606.ENSP00000363822	HDAC1	AR	9606	0.826	0	0	0	0	0.457	0	0.694
9606.ENSP00000362649	9606.ENSP00000316578	HDAC1	SUZ12	9606	0.816	0	0	0	0	0.614	0	0.543
9606.ENSP00000362649	9606.ENSP00000326630	HDAC1	ZFPM1	9606	0.816	0	0	0	0	0	0	0.816
9606.ENSP00000362649	9606.ENSP00000469158	HDAC1	SPHK2	9606	0.812	0	0	0	0	0	0	0.812
9606.ENSP00000362649	9606.ENSP00000344352	HDAC1	ATF3	9606	0.809	0	0	0	0	0.457	0	0.664
9606.ENSP00000362649	9606.ENSP00000453095	HDAC1	MEF2A	9606	0.807	0	0	0	0	0.292	0	0.739
9606.ENSP00000362649	9606.ENSP00000384477	HDAC1	IFRD1	9606	0.805	0	0	0	0	0.292	0	0.736
9606.ENSP00000362649	9606.ENSP00000423563	HDAC1	MACROH2A1	9606	0.801	0	0	0	0	0.457	0.65	0
9606.ENSP00000362649	9606.ENSP00000351589	HDAC1	H2AC13	9606	0.801	0	0	0	0	0.457	0.65	0
9606.ENSP00000362649	9606.ENSP00000359095	HDAC1	PRMT6	9606	0.8	0	0	0	0	0	0.8	0
9606.ENSP00000362649	9606.ENSP00000362300	HDAC1	AGO1	9606	0.798	0	0	0	0	0	0	0.798
9606.ENSP00000362649	9606.ENSP00000340874	HDAC1	MEF2C	9606	0.794	0	0	0	0	0	0	0.794
9606.ENSP00000362649	9606.ENSP00000274764	HDAC1	H2BC1	9606	0.794	0	0	0	0	0.438	0.65	0
9606.ENSP00000362649	9606.ENSP00000254066	HDAC1	RARA	9606	0.794	0	0	0	0	0.292	0	0.721
9606.ENSP00000362649	9606.ENSP00000405574	HDAC1	TBL1XR1	9606	0.793	0	0	0	0	0.208	0.5	0.52
9606.ENSP00000362649	9606.ENSP00000479904	HDAC1	ZMYM2	9606	0.793	0	0	0	0	0.457	0	0.636
9606.ENSP00000362649	9606.ENSP00000250003	HDAC1	MYOD1	9606	0.793	0	0	0	0	0.457	0	0.636
9606.ENSP00000362649	9606.ENSP00000263754	HDAC1	KAT2B	9606	0.787	0	0	0	0	0	0	0.787
9606.ENSP00000362649	9606.ENSP00000258149	HDAC1	MDM2	9606	0.785	0	0	0	0	0.457	0	0.621
9606.ENSP00000362649	9606.ENSP00000245414	HDAC1	IRF1	9606	0.778	0	0	0	0	0	0	0.778
9606.ENSP00000362649	9606.ENSP00000382688	HDAC1	KDM5A	9606	0.778	0	0	0	0	0.49	0	0.583
9606.ENSP00000362649	9606.ENSP00000225916	HDAC1	KAT2A	9606	0.778	0	0	0	0	0	0	0.778
9606.ENSP00000362649	9606.ENSP00000439689	HDAC1	TRERF1	9606	0.777	0	0	0	0	0.457	0	0.606
9606.ENSP00000362649	9606.ENSP00000329357	HDAC1	SP1	9606	0.771	0	0	0	0	0.457	0	0.595
9606.ENSP00000362649	9606.ENSP00000442788	HDAC1	TET2	9606	0.769	0	0	0	0	0	0	0.769
9606.ENSP00000362649	9606.ENSP00000254480	HDAC1	SMARCC1	9606	0.764	0	0	0	0	0.336	0	0.66
9606.ENSP00000362649	9606.ENSP00000338157	HDAC1	ZBTB16	9606	0.762	0	0	0	0	0.629	0	0.385
9606.ENSP00000362649	9606.ENSP00000377060	HDAC1	CBX1	9606	0.76	0	0	0	0	0	0	0.76
9606.ENSP00000362649	9606.ENSP00000261692	HDAC1	CDK2AP1	9606	0.759	0	0	0	0	0.547	0	0.49
9606.ENSP00000362649	9606.ENSP00000327213	HDAC1	NRIP1	9606	0.759	0	0	0	0	0.292	0	0.674
9606.ENSP00000362649	9606.ENSP00000350333	HDAC1	SAP130	9606	0.759	0	0	0	0	0.457	0.54	0.116
9606.ENSP00000362649	9606.ENSP00000355657	HDAC1	H3-4	9606	0.756	0	0	0	0	0.292	0	0.67
9606.ENSP00000362649	9606.ENSP00000225792	HDAC1	DDX5	9606	0.756	0	0	0	0	0.457	0	0.57
9606.ENSP00000362649	9606.ENSP00000394417	HDAC1	MORF4L2	9606	0.756	0	0	0	0	0.53	0	0.503
9606.ENSP00000362649	9606.ENSP00000366404	HDAC1	TRIM27	9606	0.755	0	0	0	0	0.457	0	0.567
9606.ENSP00000362649	9606.ENSP00000479284	HDAC1	H2BU1	9606	0.755	0	0	0	0	0.329	0.65	0
9606.ENSP00000362649	9606.ENSP00000239940	HDAC1	PFN2	9606	0.754	0	0	0	0	0	0	0.754
9606.ENSP00000362649	9606.ENSP00000398124	HDAC1	E2F5	9606	0.753	0	0	0	0	0	0.5	0.527
9606.ENSP00000362649	9606.ENSP00000259915	HDAC1	POU5F1	9606	0.75	0	0	0	0	0	0	0.75
9606.ENSP00000362649	9606.ENSP00000365720	HDAC1	TLE4	9606	0.746	0	0	0	0	0.292	0.5	0.342
9606.ENSP00000362649	9606.ENSP00000384371	HDAC1	BCL6	9606	0.745	0	0	0	0	0.457	0	0.549
9606.ENSP00000362649	9606.ENSP00000482674	HDAC1	H2BC3	9606	0.741	0	0	0	0	0.292	0.65	0
9606.ENSP00000362649	9606.ENSP00000303373	HDAC1	H2AC8	9606	0.741	0	0	0	0	0.292	0.65	0
9606.ENSP00000362649	9606.ENSP00000358155	HDAC1	H2AC18	9606	0.741	0	0	0	0	0.292	0.65	0
9606.ENSP00000362649	9606.ENSP00000297012	HDAC1	H2AC1	9606	0.741	0	0	0	0	0.292	0.65	0
9606.ENSP00000362649	9606.ENSP00000495556	HDAC1	TBL1X	9606	0.72	0	0	0	0	0.131	0.5	0.407
9606.ENSP00000362649	9606.ENSP00000362981	HDAC1	TGIF2	9606	0.719	0	0	0	0	0.292	0.5	0.271
9606.ENSP00000362649	9606.ENSP00000244537	HDAC1	H4C6	9606	0.717	0	0	0	0	0.458	0.5	0
9606.ENSP00000362649	9606.ENSP00000362768	HDAC1	RBL1	9606	0.716	0	0	0	0	0.457	0.5	0
9606.ENSP00000362649	9606.ENSP00000327959	HDAC1	TGIF1	9606	0.716	0	0	0	0	0.457	0.5	0
9606.ENSP00000362649	9606.ENSP00000263377	HDAC1	BRD4	9606	0.714	0	0	0	0	0.457	0	0.495
9606.ENSP00000362649	9606.ENSP00000344782	HDAC1	GFI1B	9606	0.711	0	0	0	0	0	0	0.711
9606.ENSP00000362649	9606.ENSP00000379330	HDAC1	NFATC2	9606	0.702	0	0	0	0	0.137	0	0.669
9606.ENSP00000362748	9606.ENSP00000229307	TET1	NANOG	9606	0.937	0	0	0	0	0.041	0	0.937
9606.ENSP00000362748	9606.ENSP00000378402	TET1	SIN3A	9606	0.908	0	0	0	0	0.292	0.54	0.74
9606.ENSP00000362748	9606.ENSP00000360025	TET1	GADD45A	9606	0.904	0	0	0	0	0	0	0.904
9606.ENSP00000362748	9606.ENSP00000362649	TET1	HDAC1	9606	0.897	0	0	0	0	0	0.54	0.786
9606.ENSP00000362748	9606.ENSP00000362824	TET1	OGT	9606	0.856	0	0	0	0	0.457	0.54	0.47
9606.ENSP00000362748	9606.ENSP00000287820	TET1	PPARG	9606	0.798	0	0	0	0	0	0	0.798
9606.ENSP00000362748	9606.ENSP00000442788	TET1	TET2	9606	0.797	0	0	0	0	0	0.5	0.612
9606.ENSP00000362748	9606.ENSP00000276594	TET1	PRDM14	9606	0.738	0	0	0	0	0	0	0.738
9606.ENSP00000362748	9606.ENSP00000430432	TET1	HDAC2	9606	0.713	0	0	0	0	0	0.54	0.402
9606.ENSP00000363822	9606.ENSP00000360609	AR	HSP90AB1	9606	0.997	0	0	0	0	0.462	0.8	0.975
9606.ENSP00000363822	9606.ENSP00000335153	AR	HSP90AA1	9606	0.997	0	0	0	0	0.462	0.8	0.976
9606.ENSP00000363822	9606.ENSP00000463027	AR	NCOA4	9606	0.995	0	0	0	0	0.96	0	0.887
9606.ENSP00000363822	9606.ENSP00000399968	AR	NCOA2	9606	0.993	0	0	0	0	0.968	0.5	0.614
9606.ENSP00000363822	9606.ENSP00000383042	AR	KDM1A	9606	0.987	0	0	0	0	0.457	0.5	0.958
9606.ENSP00000363822	9606.ENSP00000361066	AR	NCOA3	9606	0.98	0	0	0	0	0.955	0	0.569
9606.ENSP00000363822	9606.ENSP00000258149	AR	MDM2	9606	0.975	0	0	0	0	0.457	0	0.956
9606.ENSP00000363822	9606.ENSP00000250448	AR	FOXA1	9606	0.973	0	0	0	0	0.457	0	0.954
9606.ENSP00000363822	9606.ENSP00000405330	AR	ESR1	9606	0.967	0	0	0	0	0	0	0.967
9606.ENSP00000363822	9606.ENSP00000495360	AR	CTNNB1	9606	0.947	0	0	0	0	0.457	0	0.908
9606.ENSP00000363822	9606.ENSP00000263377	AR	BRD4	9606	0.925	0	0	0	0	0.514	0	0.853
9606.ENSP00000363822	9606.ENSP00000362680	AR	SRC	9606	0.924	0	0	0	0	0.457	0	0.867
9606.ENSP00000363822	9606.ENSP00000268712	AR	NCOR1	9606	0.924	0	0	0	0	0.457	0.5	0.745
9606.ENSP00000363822	9606.ENSP00000320147	AR	EZH2	9606	0.919	0	0	0	0	0.457	0	0.858
9606.ENSP00000363822	9606.ENSP00000385216	AR	NCOA1	9606	0.906	0	0	0	0	0.573	0	0.789
9606.ENSP00000363822	9606.ENSP00000482075	AR	PTGES3	9606	0.901	0	0	0	0	0.457	0.8	0.162
9606.ENSP00000363822	9606.ENSP00000386023	AR	BUD31	9606	0.9	0	0	0	0	0.9	0	0
9606.ENSP00000363822	9606.ENSP00000332973	AR	SMAD3	9606	0.881	0	0	0	0	0.457	0	0.791
9606.ENSP00000363822	9606.ENSP00000453858	AR	PAK6	9606	0.869	0	0	0	0	0.457	0	0.769
9606.ENSP00000363822	9606.ENSP00000001008	AR	FKBP4	9606	0.86	0	0	0	0	0.329	0.8	0
9606.ENSP00000363822	9606.ENSP00000302961	AR	HSPA4	9606	0.847	0	0	0	0	0.292	0	0.794
9606.ENSP00000363822	9606.ENSP00000368880	AR	FOXO1	9606	0.844	0	0	0	0	0.457	0	0.725
9606.ENSP00000363822	9606.ENSP00000322408	AR	KDM5D	9606	0.839	0	0	0	0	0.292	0	0.783
9606.ENSP00000363822	9606.ENSP00000262367	AR	CREBBP	9606	0.829	0	0	0	0	0.457	0	0.699
9606.ENSP00000363822	9606.ENSP00000384018	AR	NCOR2	9606	0.827	0	0	0	0	0.457	0.5	0.416
9606.ENSP00000363822	9606.ENSP00000362649	AR	HDAC1	9606	0.826	0	0	0	0	0.457	0	0.694
9606.ENSP00000363822	9606.ENSP00000360493	AR	RUNX2	9606	0.807	0	0	0	0	0	0.7	0.386
9606.ENSP00000363822	9606.ENSP00000299767	AR	HSP90B1	9606	0.801	0	0	0	0	0.05	0.8	0
9606.ENSP00000363822	9606.ENSP00000386520	AR	RAD54L2	9606	0.786	0	0	0	0	0.457	0	0.623
9606.ENSP00000363822	9606.ENSP00000400341	AR	FOXA2	9606	0.773	0	0	0	0	0	0	0.773
9606.ENSP00000363822	9606.ENSP00000341551	AR	SMAD4	9606	0.772	0	0	0	0	0.292	0	0.692
9606.ENSP00000363822	9606.ENSP00000231509	AR	NR3C1	9606	0.766	0	0	0	0	0	0.5	0.553
9606.ENSP00000363822	9606.ENSP00000321239	AR	RCHY1	9606	0.761	0	0	0	0	0.457	0	0.578
9606.ENSP00000363822	9606.ENSP00000358866	AR	FLNA	9606	0.753	0	0	0	0	0.457	0	0.564
9606.ENSP00000363822	9606.ENSP00000378332	AR	TGFB1I1	9606	0.746	0	0	0	0	0.457	0	0.552
9606.ENSP00000363822	9606.ENSP00000227507	AR	CCND1	9606	0.738	0	0	0	0	0.457	0	0.539
9606.ENSP00000363822	9606.ENSP00000327145	AR	FLNC	9606	0.738	0	0	0	0	0	0	0.738
9606.ENSP00000363822	9606.ENSP00000420213	AR	FLNB	9606	0.738	0	0	0	0	0	0	0.738
9606.ENSP00000363822	9606.ENSP00000368253	AR	NR0B1	9606	0.737	0	0	0	0	0.457	0	0.537
9606.ENSP00000363822	9606.ENSP00000438574	AR	PIAS1	9606	0.737	0	0	0	0	0.457	0	0.537
9606.ENSP00000363822	9606.ENSP00000339191	AR	CAV1	9606	0.72	0	0	0	0	0.292	0	0.621
9606.ENSP00000363822	9606.ENSP00000423390	AR	USP26	9606	0.716	0	0	0	0	0.457	0.5	0
9606.ENSP00000363822	9606.ENSP00000282344	AR	USP12	9606	0.716	0	0	0	0	0.457	0.5	0
9606.ENSP00000363822	9606.ENSP00000300651	AR	MED1	9606	0.716	0	0	0	0	0.457	0.5	0
9606.ENSP00000363822	9606.ENSP00000324806	AR	GSK3B	9606	0.701	0	0	0	0	0.292	0	0.595
9606.ENSP00000363822	9606.ENSP00000343325	AR	PKN1	9606	0.7	0	0	0	0	0	0.7	0
9606.ENSP00000365851	9606.ENSP00000482063	BMI1	PCGF2	9606	0.999	0	0	0	0	0.669	0.9	0.985
9606.ENSP00000365851	9606.ENSP00000437659	BMI1	PHC1	9606	0.999	0	0	0	0	0.649	0.9	0.982
9606.ENSP00000365851	9606.ENSP00000269397	BMI1	CBX4	9606	0.999	0	0	0	0	0.61	0.9	0.977
9606.ENSP00000365851	9606.ENSP00000363787	BMI1	RING1	9606	0.999	0	0	0	0	0.691	0.9	0.987
9606.ENSP00000365851	9606.ENSP00000356480	BMI1	RNF2	9606	0.999	0	0	0	0	0.973	0.9	0.987
9606.ENSP00000365851	9606.ENSP00000216133	BMI1	CBX7	9606	0.999	0	0	0	0	0.65	0.9	0.98
9606.ENSP00000365851	9606.ENSP00000308750	BMI1	CBX2	9606	0.998	0	0	0	0	0.611	0.9	0.976
9606.ENSP00000365851	9606.ENSP00000269385	BMI1	CBX8	9606	0.998	0	0	0	0	0.653	0.9	0.947
9606.ENSP00000365851	9606.ENSP00000320147	BMI1	EZH2	9606	0.994	0	0	0	0	0.509	0.9	0.904
9606.ENSP00000365851	9606.ENSP00000257118	BMI1	PHC2	9606	0.994	0	0	0	0	0.669	0.9	0.85
9606.ENSP00000365851	9606.ENSP00000233630	BMI1	PCGF1	9606	0.99	0	0	0	0	0.468	0.9	0.834
9606.ENSP00000365851	9606.ENSP00000318094	BMI1	SCMH1	9606	0.99	0	0	0	0	0.65	0.8	0.874
9606.ENSP00000365851	9606.ENSP00000377060	BMI1	CBX1	9606	0.985	0	0	0	0	0	0	0.985
9606.ENSP00000365851	9606.ENSP00000358862	BMI1	PCGF6	9606	0.985	0	0	0	0	0.421	0.9	0.773
9606.ENSP00000365851	9606.ENSP00000316578	BMI1	SUZ12	9606	0.985	0	0	0	0	0.292	0.9	0.808
9606.ENSP00000365851	9606.ENSP00000473391	BMI1	COMMD3-BMI1	9606	0.979	0	0	0	0	0.8	0.9	0
9606.ENSP00000365851	9606.ENSP00000419494	BMI1	RYBP	9606	0.979	0	0	0	0	0.528	0.5	0.919
9606.ENSP00000365851	9606.ENSP00000354724	BMI1	PCGF3	9606	0.977	0	0	0	0	0.421	0.9	0.638
9606.ENSP00000365851	9606.ENSP00000420294	BMI1	PHC3	9606	0.976	0	0	0	0	0.669	0.9	0.341
9606.ENSP00000365851	9606.ENSP00000228318	BMI1	SLC25A3	9606	0.973	0	0	0	0	0.292	0	0.963
9606.ENSP00000365851	9606.ENSP00000337500	BMI1	PCGF5	9606	0.972	0	0	0	0	0.31	0.9	0.631
9606.ENSP00000365851	9606.ENSP00000384490	BMI1	CBX6	9606	0.968	0	0	0	0	0.497	0.9	0.416
9606.ENSP00000365851	9606.ENSP00000430432	BMI1	HDAC2	9606	0.958	0	0	0	0	0.457	0.9	0.294
9606.ENSP00000365851	9606.ENSP00000251900	BMI1	SCML2	9606	0.952	0	0	0	0	0.292	0.9	0.382
9606.ENSP00000365851	9606.ENSP00000418960	BMI1	BRCA1	9606	0.948	0	0	0	0	0	0.9	0.51
9606.ENSP00000365851	9606.ENSP00000367705	BMI1	BCOR	9606	0.944	0	0	0	0	0.468	0.9	0
9606.ENSP00000365851	9606.ENSP00000338186	BMI1	EED	9606	0.943	0	0	0	0	0.457	0.9	0
9606.ENSP00000365851	9606.ENSP00000389445	BMI1	UBAP2L	9606	0.943	0	0	0	0	0.457	0.9	0.041
9606.ENSP00000365851	9606.ENSP00000369424	BMI1	RBBP7	9606	0.938	0	0	0	0	0	0.9	0.415
9606.ENSP00000365851	9606.ENSP00000358813	BMI1	TTK	9606	0.938	0	0	0	0	0	0	0.938
9606.ENSP00000365851	9606.ENSP00000362592	BMI1	RBBP4	9606	0.935	0	0	0	0	0	0.9	0.386
9606.ENSP00000365851	9606.ENSP00000262238	BMI1	YY1	9606	0.932	0	0	0	0	0.292	0.54	0.808
9606.ENSP00000365851	9606.ENSP00000364839	BMI1	ASXL1	9606	0.926	0	0	0	0	0.292	0.9	0
9606.ENSP00000365851	9606.ENSP00000404658	BMI1	EZH1	9606	0.92	0	0	0	0	0	0.9	0.239
9606.ENSP00000365851	9606.ENSP00000338157	BMI1	ZBTB16	9606	0.919	0	0	0	0	0.457	0	0.857
9606.ENSP00000365851	9606.ENSP00000370936	BMI1	E2F6	9606	0.911	0	0	0	0	0.437	0.5	0.712
9606.ENSP00000365851	9606.ENSP00000438788	BMI1	CUL7	9606	0.9	0	0	0	0	0	0.9	0
9606.ENSP00000365851	9606.ENSP00000378350	BMI1	CDC23	9606	0.9	0	0	0	0	0	0.9	0
9606.ENSP00000365851	9606.ENSP00000349957	BMI1	ANAPC11	9606	0.9	0	0	0	0	0	0.9	0
9606.ENSP00000365851	9606.ENSP00000261819	BMI1	ANAPC5	9606	0.9	0	0	0	0	0	0.9	0
9606.ENSP00000365851	9606.ENSP00000314004	BMI1	ANAPC2	9606	0.9	0	0	0	0	0	0.9	0
9606.ENSP00000365851	9606.ENSP00000358474	BMI1	BRCC3	9606	0.9	0	0	0	0	0	0.9	0
9606.ENSP00000365851	9606.ENSP00000381840	BMI1	AEBP2	9606	0.9	0	0	0	0	0	0.9	0
9606.ENSP00000365851	9606.ENSP00000394394	BMI1	ANAPC7	9606	0.9	0	0	0	0	0	0.9	0
9606.ENSP00000365851	9606.ENSP00000478501	BMI1	ANAPC10	9606	0.9	0	0	0	0	0	0.9	0
9606.ENSP00000365851	9606.ENSP00000339109	BMI1	ANAPC1	9606	0.9	0	0	0	0	0	0.9	0
9606.ENSP00000365851	9606.ENSP00000363322	BMI1	CDC26	9606	0.9	0	0	0	0	0	0.9	0
9606.ENSP00000365851	9606.ENSP00000264552	BMI1	UBE2S	9606	0.9	0	0	0	0	0	0.9	0
9606.ENSP00000365851	9606.ENSP00000477760	BMI1	ANAPC16	9606	0.9	0	0	0	0	0	0.9	0
9606.ENSP00000365851	9606.ENSP00000417132	BMI1	BAP1	9606	0.9	0	0	0	0	0	0.9	0
9606.ENSP00000365851	9606.ENSP00000437360	BMI1	ANAPC15	9606	0.9	0	0	0	0	0	0.9	0
9606.ENSP00000365851	9606.ENSP00000434614	BMI1	CDC27	9606	0.9	0	0	0	0	0	0.9	0
9606.ENSP00000365851	9606.ENSP00000348554	BMI1	CDC16	9606	0.9	0	0	0	0	0	0.9	0
9606.ENSP00000365851	9606.ENSP00000421842	BMI1	ANAPC13	9606	0.9	0	0	0	0	0	0.9	0
9606.ENSP00000365851	9606.ENSP00000343412	BMI1	BABAM2	9606	0.9	0	0	0	0	0	0.9	0
9606.ENSP00000365851	9606.ENSP00000260947	BMI1	BARD1	9606	0.9	0	0	0	0	0	0.9	0
9606.ENSP00000365851	9606.ENSP00000348838	BMI1	UBE2C	9606	0.9	0	0	0	0	0	0.9	0
9606.ENSP00000365851	9606.ENSP00000426654	BMI1	ANAPC4	9606	0.9	0	0	0	0	0	0.9	0
9606.ENSP00000365851	9606.ENSP00000328004	BMI1	YAF2	9606	0.888	0	0	0	0	0.475	0.5	0.608
9606.ENSP00000365851	9606.ENSP00000252674	BMI1	MLLT1	9606	0.875	0	0	0	0	0.292	0	0.832
9606.ENSP00000365851	9606.ENSP00000463092	BMI1	MSMB	9606	0.864	0	0	0	0	0	0	0.864
9606.ENSP00000365851	9606.ENSP00000368632	BMI1	GATA3	9606	0.837	0	0	0	0	0.292	0	0.78
9606.ENSP00000365851	9606.ENSP00000303373	BMI1	H2AC8	9606	0.8	0	0	0	0	0.618	0.5	0
9606.ENSP00000365851	9606.ENSP00000300305	BMI1	RUNX1	9606	0.789	0	0	0	0	0.292	0.5	0.452
9606.ENSP00000365851	9606.ENSP00000349722	BMI1	UBE2D3	9606	0.788	0	0	0	0	0.655	0	0.412
9606.ENSP00000365851	9606.ENSP00000361363	BMI1	DMAP1	9606	0.788	0	0	0	0	0	0	0.788
9606.ENSP00000365851	9606.ENSP00000358155	BMI1	H2AC18	9606	0.769	0	0	0	0	0.457	0.5	0.218
9606.ENSP00000365851	9606.ENSP00000415151	BMI1	CBFB	9606	0.758	0	0	0	0	0.292	0.5	0.373
9606.ENSP00000365851	9606.ENSP00000242261	BMI1	TWIST1	9606	0.734	0	0	0	0	0	0	0.734
9606.ENSP00000365851	9606.ENSP00000262506	BMI1	CSNK2A2	9606	0.728	0	0	0	0	0.479	0.5	0
9606.ENSP00000365851	9606.ENSP00000287598	BMI1	BUB1B	9606	0.72	0	0	0	0	0	0.72	0
9606.ENSP00000365851	9606.ENSP00000369497	BMI1	BRCA2	9606	0.72	0	0	0	0	0	0.72	0
9606.ENSP00000365851	9606.ENSP00000493712	BMI1	RAD51	9606	0.72	0	0	0	0	0	0.72	0
9606.ENSP00000365851	9606.ENSP00000332194	BMI1	H2AC20	9606	0.716	0	0	0	0	0.457	0.5	0
9606.ENSP00000365851	9606.ENSP00000365042	BMI1	CSNK2B	9606	0.716	0	0	0	0	0.457	0.5	0
9606.ENSP00000365851	9606.ENSP00000434024	BMI1	H2AX	9606	0.716	0	0	0	0	0.457	0.5	0
9606.ENSP00000365851	9606.ENSP00000217244	BMI1	CSNK2A1	9606	0.716	0	0	0	0	0.457	0.5	0
9606.ENSP00000365851	9606.ENSP00000482674	BMI1	H2BC3	9606	0.716	0	0	0	0	0.457	0.5	0
9606.ENSP00000367203	9606.ENSP00000384048	KDM6A	PAXIP1	9606	0.999	0	0	0	0	0.592	0.9	0.982
9606.ENSP00000367203	9606.ENSP00000262189	KDM6A	KMT2C	9606	0.998	0	0	0	0	0.504	0.9	0.981
9606.ENSP00000367203	9606.ENSP00000363929	KDM6A	NCOA6	9606	0.997	0	0	0	0	0.592	0.8	0.977
9606.ENSP00000367203	9606.ENSP00000351446	KDM6A	WDR5	9606	0.996	0	0	0	0	0.486	0.9	0.945
9606.ENSP00000367203	9606.ENSP00000301067	KDM6A	KMT2D	9606	0.996	0	0	0	0	0.504	0.9	0.94
9606.ENSP00000367203	9606.ENSP00000264515	KDM6A	RBBP5	9606	0.994	0	0	0	0	0.588	0.9	0.873
9606.ENSP00000367203	9606.ENSP00000326519	KDM6A	PAGR1	9606	0.989	0	0	0	0	0.504	0.9	0.8
9606.ENSP00000367203	9606.ENSP00000340896	KDM6A	ASH2L	9606	0.98	0	0	0	0	0.607	0.9	0.551
9606.ENSP00000367203	9606.ENSP00000345837	KDM6A	DPY30	9606	0.967	0	0	0	0	0.562	0.9	0.326
9606.ENSP00000367203	9606.ENSP00000327758	KDM6A	NKX2-5	9606	0.813	0	0	0	0	0.292	0	0.747
9606.ENSP00000367203	9606.ENSP00000309913	KDM6A	TBX5	9606	0.807	0	0	0	0	0.292	0	0.739
9606.ENSP00000367203	9606.ENSP00000435712	KDM6A	GATA4	9606	0.714	0	0	0	0	0.292	0	0.613
9606.ENSP00000367203	9606.ENSP00000381736	KDM6A	ATP5F1A	9606	0.712	0	0	0	0	0.34	0.385	0.349
9606.ENSP00000367203	9606.ENSP00000215375	KDM6A	ATP5F1D	9606	0.71	0	0	0	0	0.34	0.385	0.345
9606.ENSP00000367203	9606.ENSP00000354632	KDM6A	MT-ATP6	9606	0.708	0	0	0	0	0.34	0.385	0.339
9606.ENSP00000367203	9606.ENSP00000216513	KDM6A	SIX4	9606	0.7	0	0	0	0	0.292	0	0.594
9606.ENSP00000367527	9606.ENSP00000313420	DCLRE1C	PRKDC	9606	0.999	0	0	0	0	0.943	0.9	0.9
9606.ENSP00000367527	9606.ENSP00000375978	DCLRE1C	XRCC5	9606	0.995	0	0	0	0	0.939	0.9	0.278
9606.ENSP00000367527	9606.ENSP00000352257	DCLRE1C	XRCC6	9606	0.989	0	0	0	0	0.9	0.9	0
9606.ENSP00000367527	9606.ENSP00000484288	DCLRE1C	LIG4	9606	0.96	0	0	0	0	0.618	0.9	0
9606.ENSP00000367527	9606.ENSP00000278616	DCLRE1C	ATM	9606	0.926	0	0	0	0	0.292	0.9	0
9606.ENSP00000367527	9606.ENSP00000421491	DCLRE1C	XRCC4	9606	0.926	0	0	0	0	0.292	0.9	0
9606.ENSP00000367527	9606.ENSP00000310520	DCLRE1C	ERCC4	9606	0.9	0	0	0	0	0	0.9	0
9606.ENSP00000367527	9606.ENSP00000383042	DCLRE1C	KDM1A	9606	0.9	0	0	0	0	0	0.9	0
9606.ENSP00000367527	9606.ENSP00000498881	DCLRE1C	ERCC5	9606	0.9	0	0	0	0	0	0.9	0
9606.ENSP00000367527	9606.ENSP00000360682	DCLRE1C	PAXX	9606	0.9	0	0	0	0	0	0.9	0
9606.ENSP00000367527	9606.ENSP00000285021	DCLRE1C	XPC	9606	0.9	0	0	0	0	0	0.9	0
9606.ENSP00000367527	9606.ENSP00000350708	DCLRE1C	RAD23B	9606	0.9	0	0	0	0	0	0.9	0
9606.ENSP00000367527	9606.ENSP00000398824	DCLRE1C	PHF21A	9606	0.9	0	0	0	0	0	0.9	0
9606.ENSP00000367527	9606.ENSP00000265038	DCLRE1C	ERCC8	9606	0.9	0	0	0	0	0	0.9	0
9606.ENSP00000367527	9606.ENSP00000300145	DCLRE1C	ATP23	9606	0.9	0	0	0	0	0	0.9	0
9606.ENSP00000367527	9606.ENSP00000234420	DCLRE1C	MSH6	9606	0.9	0	0	0	0	0	0.9	0
9606.ENSP00000367527	9606.ENSP00000472445	DCLRE1C	POLD1	9606	0.9	0	0	0	0	0	0.9	0
9606.ENSP00000367527	9606.ENSP00000013807	DCLRE1C	ERCC1	9606	0.9	0	0	0	0	0	0.9	0
9606.ENSP00000367527	9606.ENSP00000310008	DCLRE1C	SWSAP1	9606	0.9	0	0	0	0	0	0.9	0
9606.ENSP00000367527	9606.ENSP00000349313	DCLRE1C	NHEJ1	9606	0.9	0	0	0	0	0	0.9	0
9606.ENSP00000367527	9606.ENSP00000262241	DCLRE1C	RCOR1	9606	0.9	0	0	0	0	0	0.9	0
9606.ENSP00000367527	9606.ENSP00000233146	DCLRE1C	MSH2	9606	0.9	0	0	0	0	0	0.9	0
9606.ENSP00000367527	9606.ENSP00000359300	DCLRE1C	CETN2	9606	0.9	0	0	0	0	0	0.9	0
9606.ENSP00000367527	9606.ENSP00000382218	DCLRE1C	ZSWIM7	9606	0.9	0	0	0	0	0	0.9	0
9606.ENSP00000367527	9606.ENSP00000265081	DCLRE1C	MSH3	9606	0.72	0	0	0	0	0	0.72	0
9606.ENSP00000369270	9606.ENSP00000383042	RREB1	KDM1A	9606	0.801	0	0	0	0	0.457	0	0.649
9606.ENSP00000369270	9606.ENSP00000290921	RREB1	CTBP1	9606	0.701	0	0	0	0	0.457	0	0.473
9606.ENSP00000369424	9606.ENSP00000440542	RBBP7	CHD4	9606	0.999	0	0	0	0	0.657	0.9	0.981
9606.ENSP00000369424	9606.ENSP00000338186	RBBP7	EED	9606	0.999	0	0	0	0	0.596	0.9	0.987
9606.ENSP00000369424	9606.ENSP00000362649	RBBP7	HDAC1	9606	0.999	0	0	0	0	0.731	0.9	0.984
9606.ENSP00000369424	9606.ENSP00000362592	RBBP7	RBBP4	9606	0.999	0	0	0	0	0.68	0.9	0.982
9606.ENSP00000369424	9606.ENSP00000320147	RBBP7	EZH2	9606	0.999	0	0	0	0	0.629	0.9	0.986
9606.ENSP00000369424	9606.ENSP00000278823	RBBP7	MTA2	9606	0.999	0	0	0	0	0.734	0.9	0.982
9606.ENSP00000369424	9606.ENSP00000430432	RBBP7	HDAC2	9606	0.999	0	0	0	0	0.741	0.9	0.984
9606.ENSP00000369424	9606.ENSP00000404658	RBBP7	EZH1	9606	0.999	0	0	0	0	0.524	0.9	0.986
9606.ENSP00000369424	9606.ENSP00000384899	RBBP7	GATAD2A	9606	0.999	0	0	0	0	0.68	0.9	0.976
9606.ENSP00000369424	9606.ENSP00000316578	RBBP7	SUZ12	9606	0.999	0	0	0	0	0.732	0.9	0.987
9606.ENSP00000369424	9606.ENSP00000296504	RBBP7	SAP30	9606	0.998	0	0	0	0	0.527	0.8	0.981
9606.ENSP00000369424	9606.ENSP00000333633	RBBP7	MTA1	9606	0.998	0	0	0	0	0.641	0.72	0.984
9606.ENSP00000369424	9606.ENSP00000369716	RBBP7	CHD3	9606	0.998	0	0	0	0	0.657	0.72	0.983
9606.ENSP00000369424	9606.ENSP00000381840	RBBP7	AEBP2	9606	0.998	0	0	0	0	0.48	0.9	0.975
9606.ENSP00000369424	9606.ENSP00000443988	RBBP7	SUDS3	9606	0.997	0	0	0	0	0.583	0.8	0.969
9606.ENSP00000369424	9606.ENSP00000481842	RBBP7	SAP18	9606	0.996	0	0	0	0	0	0.8	0.982
9606.ENSP00000369424	9606.ENSP00000264108	RBBP7	HAT1	9606	0.996	0	0	0	0	0.748	0.9	0.878
9606.ENSP00000369424	9606.ENSP00000357644	RBBP7	GATAD2B	9606	0.995	0	0	0	0	0.583	0.54	0.979
9606.ENSP00000369424	9606.ENSP00000378402	RBBP7	SIN3A	9606	0.993	0	0	0	0	0.527	0.54	0.973
9606.ENSP00000369424	9606.ENSP00000385823	RBBP7	MTA3	9606	0.992	0	0	0	0	0.611	0.72	0.939
9606.ENSP00000369424	9606.ENSP00000369131	RBBP7	SIN3B	9606	0.99	0	0	0	0	0.631	0.54	0.949
9606.ENSP00000369424	9606.ENSP00000341280	RBBP7	JARID2	9606	0.984	0	0	0	0	0.375	0.5	0.953
9606.ENSP00000369424	9606.ENSP00000244537	RBBP7	H4C6	9606	0.97	0	0	0	0	0.699	0.5	0.822
9606.ENSP00000369424	9606.ENSP00000412302	RBBP7	MBD3	9606	0.96	0	0	0	0	0.671	0.8	0.444
9606.ENSP00000369424	9606.ENSP00000352252	RBBP7	H3C12	9606	0.95	0	0	0	0	0.538	0.7	0.674
9606.ENSP00000369424	9606.ENSP00000417132	RBBP7	BAP1	9606	0.943	0	0	0	0	0.457	0.9	0
9606.ENSP00000369424	9606.ENSP00000383042	RBBP7	KDM1A	9606	0.939	0	0	0	0	0.292	0.5	0.842
9606.ENSP00000369424	9606.ENSP00000365851	RBBP7	BMI1	9606	0.938	0	0	0	0	0	0.9	0.415
9606.ENSP00000369424	9606.ENSP00000333277	RBBP7	H3C13	9606	0.925	0	0	0	0	0.398	0.7	0.619
9606.ENSP00000369424	9606.ENSP00000360162	RBBP7	SMARCA1	9606	0.907	0	0	0	0	0.499	0.54	0.629
9606.ENSP00000369424	9606.ENSP00000264183	RBBP7	ARID4B	9606	0.906	0	0	0	0	0.446	0.8	0.224
9606.ENSP00000369424	9606.ENSP00000233630	RBBP7	PCGF1	9606	0.9	0	0	0	0	0	0.9	0
9606.ENSP00000369424	9606.ENSP00000251900	RBBP7	SCML2	9606	0.9	0	0	0	0	0	0.9	0
9606.ENSP00000369424	9606.ENSP00000384490	RBBP7	CBX6	9606	0.9	0	0	0	0	0	0.9	0
9606.ENSP00000369424	9606.ENSP00000437659	RBBP7	PHC1	9606	0.9	0	0	0	0	0	0.9	0
9606.ENSP00000369424	9606.ENSP00000216133	RBBP7	CBX7	9606	0.9	0	0	0	0	0	0.9	0
9606.ENSP00000369424	9606.ENSP00000356480	RBBP7	RNF2	9606	0.9	0	0	0	0	0	0.9	0
9606.ENSP00000369424	9606.ENSP00000257118	RBBP7	PHC2	9606	0.9	0	0	0	0	0	0.9	0
9606.ENSP00000369424	9606.ENSP00000482063	RBBP7	PCGF2	9606	0.9	0	0	0	0	0	0.9	0
9606.ENSP00000369424	9606.ENSP00000337500	RBBP7	PCGF5	9606	0.9	0	0	0	0	0	0.9	0
9606.ENSP00000369424	9606.ENSP00000269385	RBBP7	CBX8	9606	0.9	0	0	0	0	0	0.9	0
9606.ENSP00000369424	9606.ENSP00000308750	RBBP7	CBX2	9606	0.9	0	0	0	0	0	0.9	0
9606.ENSP00000369424	9606.ENSP00000363787	RBBP7	RING1	9606	0.9	0	0	0	0	0	0.9	0
9606.ENSP00000369424	9606.ENSP00000364839	RBBP7	ASXL1	9606	0.9	0	0	0	0	0	0.9	0
9606.ENSP00000369424	9606.ENSP00000420294	RBBP7	PHC3	9606	0.9	0	0	0	0	0	0.9	0
9606.ENSP00000369424	9606.ENSP00000354724	RBBP7	PCGF3	9606	0.9	0	0	0	0	0	0.9	0
9606.ENSP00000369424	9606.ENSP00000389445	RBBP7	UBAP2L	9606	0.9	0	0	0	0	0	0.9	0
9606.ENSP00000369424	9606.ENSP00000358862	RBBP7	PCGF6	9606	0.9	0	0	0	0	0	0.9	0
9606.ENSP00000369424	9606.ENSP00000269397	RBBP7	CBX4	9606	0.9	0	0	0	0	0	0.9	0
9606.ENSP00000369424	9606.ENSP00000262450	RBBP7	CHD5	9606	0.894	0	0	0	0	0.583	0.72	0.168
9606.ENSP00000369424	9606.ENSP00000364929	RBBP7	ING1	9606	0.893	0	0	0	0	0.595	0.54	0.473
9606.ENSP00000369424	9606.ENSP00000216807	RBBP7	BRMS1L	9606	0.886	0	0	0	0	0.474	0.54	0.569
9606.ENSP00000369424	9606.ENSP00000307208	RBBP7	BPTF	9606	0.883	0	0	0	0	0.464	0.54	0.563
9606.ENSP00000369424	9606.ENSP00000396052	RBBP7	BRMS1	9606	0.879	0	0	0	0	0.527	0.54	0.489
9606.ENSP00000369424	9606.ENSP00000359321	RBBP7	MTF2	9606	0.875	0	0	0	0	0.568	0.5	0.471
9606.ENSP00000369424	9606.ENSP00000297109	RBBP7	SAP30L	9606	0.87	0	0	0	0	0.528	0.54	0.453
9606.ENSP00000369424	9606.ENSP00000329933	RBBP7	PHF12	9606	0.868	0	0	0	0	0.63	0.54	0.287
9606.ENSP00000369424	9606.ENSP00000256429	RBBP7	MBD2	9606	0.866	0	0	0	0	0.562	0.54	0.39
9606.ENSP00000369424	9606.ENSP00000477870	RBBP7	H4C7	9606	0.86	0	0	0	0	0.245	0	0.822
9606.ENSP00000369424	9606.ENSP00000418960	RBBP7	BRCA1	9606	0.859	0	0	0	0	0.457	0	0.751
9606.ENSP00000369424	9606.ENSP00000254810	RBBP7	H3-3B	9606	0.858	0	0	0	0	0.289	0.5	0.633
9606.ENSP00000369424	9606.ENSP00000414109	RBBP7	HJURP	9606	0.852	0	0	0	0	0.292	0.8	0
9606.ENSP00000369424	9606.ENSP00000302967	RBBP7	HDAC3	9606	0.836	0	0	0	0	0.246	0.5	0.6
9606.ENSP00000369424	9606.ENSP00000331310	RBBP7	MORF4L1	9606	0.833	0	0	0	0	0.585	0.54	0.195
9606.ENSP00000369424	9606.ENSP00000268712	RBBP7	NCOR1	9606	0.819	0	0	0	0	0	0.5	0.653
9606.ENSP00000369424	9606.ENSP00000307183	RBBP7	ING2	9606	0.818	0	0	0	0	0.585	0.54	0.125
9606.ENSP00000369424	9606.ENSP00000347602	RBBP7	ARID4A	9606	0.817	0	0	0	0	0.588	0.54	0.112
9606.ENSP00000369424	9606.ENSP00000355657	RBBP7	H3-4	9606	0.816	0	0	0	0	0.538	0	0.619
9606.ENSP00000369424	9606.ENSP00000318297	RBBP7	RUVBL1	9606	0.8	0	0	0	0	0	0.8	0
9606.ENSP00000369424	9606.ENSP00000296930	RBBP7	NPM1	9606	0.8	0	0	0	0	0	0.8	0
9606.ENSP00000369424	9606.ENSP00000363640	RBBP7	PHF1	9606	0.788	0	0	0	0	0.563	0.5	0.109
9606.ENSP00000369424	9606.ENSP00000337477	RBBP7	SINHCAF	9606	0.788	0	0	0	0	0.559	0.54	0
9606.ENSP00000369424	9606.ENSP00000261692	RBBP7	CDK2AP1	9606	0.777	0	0	0	0	0.58	0	0.491
9606.ENSP00000369424	9606.ENSP00000283131	RBBP7	SMARCA5	9606	0.769	0	0	0	0	0.392	0.54	0.242
9606.ENSP00000369424	9606.ENSP00000217244	RBBP7	CSNK2A1	9606	0.764	0	0	0	0	0.183	0.72	0.055
9606.ENSP00000369424	9606.ENSP00000336868	RBBP7	CENPA	9606	0.747	0	0	0	0	0.475	0.5	0.115
9606.ENSP00000369424	9606.ENSP00000301764	RBBP7	DDB1	9606	0.744	0	0	0	0	0.457	0.5	0.135
9606.ENSP00000369424	9606.ENSP00000448598	RBBP7	C17orf49	9606	0.739	0	0	0	0	0.457	0.54	0
9606.ENSP00000369424	9606.ENSP00000350333	RBBP7	SAP130	9606	0.735	0	0	0	0	0.449	0.54	0
9606.ENSP00000369424	9606.ENSP00000384109	RBBP7	CUL4B	9606	0.733	0	0	0	0	0.457	0.5	0.096
9606.ENSP00000369424	9606.ENSP00000364589	RBBP7	CUL4A	9606	0.733	0	0	0	0	0.457	0.5	0.096
9606.ENSP00000369424	9606.ENSP00000309790	RBBP7	MIS18BP1	9606	0.729	0	0	0	0	0	0.5	0.481
9606.ENSP00000369424	9606.ENSP00000483946	RBBP7	PHF19	9606	0.728	0	0	0	0	0.457	0.5	0.081
9606.ENSP00000369716	9606.ENSP00000369424	CHD3	RBBP7	9606	0.998	0	0	0	0	0.657	0.72	0.983
9606.ENSP00000369716	9606.ENSP00000384899	CHD3	GATAD2A	9606	0.998	0	0	0	0	0.706	0.72	0.982
9606.ENSP00000369716	9606.ENSP00000430432	CHD3	HDAC2	9606	0.998	0	0	0	0	0.671	0.72	0.984
9606.ENSP00000369716	9606.ENSP00000333633	CHD3	MTA1	9606	0.998	0	0	0	0	0.614	0.72	0.983
9606.ENSP00000369716	9606.ENSP00000362649	CHD3	HDAC1	9606	0.998	0	0	0	0	0.658	0.72	0.984
9606.ENSP00000369716	9606.ENSP00000362592	CHD3	RBBP4	9606	0.998	0	0	0	0	0.648	0.72	0.984
9606.ENSP00000369716	9606.ENSP00000440542	CHD3	CHD4	9606	0.998	0	0	0	0	0.65	0.72	0.982
9606.ENSP00000369716	9606.ENSP00000278823	CHD3	MTA2	9606	0.995	0	0	0	0	0.65	0.72	0.953
9606.ENSP00000369716	9606.ENSP00000385823	CHD3	MTA3	9606	0.993	0	0	0	0	0.621	0.72	0.942
9606.ENSP00000369716	9606.ENSP00000357644	CHD3	GATAD2B	9606	0.972	0	0	0	0	0.694	0.54	0.821
9606.ENSP00000369716	9606.ENSP00000253024	CHD3	TRIM28	9606	0.951	0	0	0	0	0.457	0	0.915
9606.ENSP00000369716	9606.ENSP00000412302	CHD3	MBD3	9606	0.948	0	0	0	0	0.671	0.72	0.488
9606.ENSP00000369716	9606.ENSP00000261692	CHD3	CDK2AP1	9606	0.882	0	0	0	0	0.615	0	0.706
9606.ENSP00000369716	9606.ENSP00000383042	CHD3	KDM1A	9606	0.872	0	0	0	0	0.457	0.5	0.568
9606.ENSP00000369716	9606.ENSP00000256429	CHD3	MBD2	9606	0.866	0	0	0	0	0.457	0.54	0.509
9606.ENSP00000369716	9606.ENSP00000262450	CHD3	CHD5	9606	0.833	0	0	0	0	0.429	0.72	0
9606.ENSP00000369716	9606.ENSP00000217244	CHD3	CSNK2A1	9606	0.831	0	0	0	0	0.421	0.72	0.042
9606.ENSP00000369716	9606.ENSP00000331614	CHD3	IKZF1	9606	0.773	0	0	0	0	0.457	0	0.6
9606.ENSP00000369716	9606.ENSP00000300131	CHD3	NAB2	9606	0.737	0	0	0	0	0.292	0	0.644
9606.ENSP00000369716	9606.ENSP00000217086	CHD3	SALL4	9606	0.727	0	0	0	0	0.468	0.5	0.057
9606.ENSP00000369716	9606.ENSP00000283131	CHD3	SMARCA5	9606	0.705	0	0	0	0	0.457	0	0.48
9606.ENSP00000370710	9606.ENSP00000437955	KDM4C	HIF1A	9606	0.929	0	0	0	0	0.292	0	0.904
9606.ENSP00000371133	9606.ENSP00000253458	HMG20A	GSE1	9606	0.793	0	0	0	0	0.653	0	0.429
9606.ENSP00000371133	9606.ENSP00000328269	HMG20A	HMG20B	9606	0.791	0	0	0	0	0.666	0	0.401
9606.ENSP00000371133	9606.ENSP00000262241	HMG20A	RCOR1	9606	0.777	0	0	0	0	0.635	0	0.415
9606.ENSP00000371133	9606.ENSP00000413929	HMG20A	RCOR3	9606	0.77	0	0	0	0	0.635	0	0.396
9606.ENSP00000371133	9606.ENSP00000398824	HMG20A	PHF21A	9606	0.729	0	0	0	0	0.593	0	0.363
9606.ENSP00000371133	9606.ENSP00000430432	HMG20A	HDAC2	9606	0.711	0	0	0	0	0.513	0	0.431
9606.ENSP00000371475	9606.ENSP00000269305	TP53BP1	TP53	9606	0.999	0	0	0	0	0.96	0	0.982
9606.ENSP00000371475	9606.ENSP00000434024	TP53BP1	H2AX	9606	0.998	0	0	0	0	0.943	0.5	0.949
9606.ENSP00000371475	9606.ENSP00000244537	TP53BP1	H4C6	9606	0.998	0	0	0	0	0.96	0.5	0.945
9606.ENSP00000371475	9606.ENSP00000358155	TP53BP1	H2AC18	9606	0.996	0	0	0	0	0.9	0	0.97
9606.ENSP00000371475	9606.ENSP00000365588	TP53BP1	MDC1	9606	0.995	0	0	0	0	0.54	0.5	0.981
9606.ENSP00000371475	9606.ENSP00000384048	TP53BP1	PAXIP1	9606	0.993	0	0	0	0	0.462	0.5	0.977
9606.ENSP00000371475	9606.ENSP00000418960	TP53BP1	BRCA1	9606	0.992	0	0	0	0	0.54	0.36	0.977
9606.ENSP00000371475	9606.ENSP00000260810	TP53BP1	TOPBP1	9606	0.991	0	0	0	0	0.985	0	0.474
9606.ENSP00000371475	9606.ENSP00000352252	TP53BP1	H3C12	9606	0.991	0	0	0	0	0.937	0	0.862
9606.ENSP00000371475	9606.ENSP00000003302	TP53BP1	USP28	9606	0.986	0	0	0	0	0.587	0	0.969
9606.ENSP00000371475	9606.ENSP00000278616	TP53BP1	ATM	9606	0.973	0	0	0	0	0.504	0.5	0.902
9606.ENSP00000371475	9606.ENSP00000306670	TP53BP1	NUDT16L1	9606	0.971	0	0	0	0	0.96	0	0.308
9606.ENSP00000371475	9606.ENSP00000333277	TP53BP1	H3C13	9606	0.971	0	0	0	0	0.8	0	0.862
9606.ENSP00000371475	9606.ENSP00000332194	TP53BP1	H2AC20	9606	0.97	0	0	0	0	0.046	0	0.97
9606.ENSP00000371475	9606.ENSP00000321744	TP53BP1	H2BC4	9606	0.965	0	0	0	0	0.933	0.5	0
9606.ENSP00000371475	9606.ENSP00000480826	TP53BP1	H3C1	9606	0.949	0	0	0	0	0.946	0	0.091
9606.ENSP00000371475	9606.ENSP00000421926	TP53BP1	UIMC1	9606	0.947	0	0	0	0	0.455	0.5	0.824
9606.ENSP00000371475	9606.ENSP00000349430	TP53BP1	H2BC12	9606	0.947	0	0	0	0	0.9	0.5	0
9606.ENSP00000371475	9606.ENSP00000377001	TP53BP1	SPOP	9606	0.946	0	0	0	0	0.946	0	0
9606.ENSP00000371475	9606.ENSP00000462667	TP53BP1	H4C14	9606	0.946	0	0	0	0	0.946	0	0.041
9606.ENSP00000371475	9606.ENSP00000477870	TP53BP1	H4C7	9606	0.945	0	0	0	0	0	0	0.945
9606.ENSP00000371475	9606.ENSP00000355657	TP53BP1	H3-4	9606	0.928	0	0	0	0	0	0.5	0.862
9606.ENSP00000371475	9606.ENSP00000441543	TP53BP1	UBC	9606	0.926	0	0	0	0	0.926	0	0
9606.ENSP00000371475	9606.ENSP00000272317	TP53BP1	RPS27A	9606	0.926	0	0	0	0	0.926	0	0
9606.ENSP00000371475	9606.ENSP00000362578	TP53BP1	RNF8	9606	0.913	0	0	0	0	0.412	0.5	0.729
9606.ENSP00000371475	9606.ENSP00000484658	TP53BP1	H3C3	9606	0.905	0	0	0	0	0.9	0	0.091
9606.ENSP00000371475	9606.ENSP00000366999	TP53BP1	H3C4	9606	0.905	0	0	0	0	0.9	0	0.091
9606.ENSP00000371475	9606.ENSP00000484841	TP53BP1	H3C2	9606	0.905	0	0	0	0	0.9	0	0.091
9606.ENSP00000371475	9606.ENSP00000483283	TP53BP1	H3C11	9606	0.905	0	0	0	0	0.9	0	0.091
9606.ENSP00000371475	9606.ENSP00000489282	TP53BP1	H3C6	9606	0.905	0	0	0	0	0.9	0	0.091
9606.ENSP00000371475	9606.ENSP00000358160	TP53BP1	H3C10	9606	0.905	0	0	0	0	0.9	0	0.091
9606.ENSP00000371475	9606.ENSP00000484095	TP53BP1	H3C7	9606	0.905	0	0	0	0	0.9	0	0.091
9606.ENSP00000371475	9606.ENSP00000484638	TP53BP1	H3C8	9606	0.905	0	0	0	0	0.9	0	0.091
9606.ENSP00000371475	9606.ENSP00000475814	TP53BP1	H2AC19	9606	0.903	0	0	0	0	0.9	0	0.068
9606.ENSP00000371475	9606.ENSP00000320898	TP53BP1	RNF168	9606	0.901	0	0	0	0	0.566	0.5	0.581
9606.ENSP00000371475	9606.ENSP00000479461	TP53BP1	H4C4	9606	0.9	0	0	0	0	0.9	0	0.041
9606.ENSP00000371475	9606.ENSP00000367034	TP53BP1	H4C3	9606	0.9	0	0	0	0	0.9	0	0.041
9606.ENSP00000371475	9606.ENSP00000334373	TP53BP1	KPNA4	9606	0.9	0	0	0	0	0.9	0	0
9606.ENSP00000371475	9606.ENSP00000366974	TP53BP1	H4C2	9606	0.9	0	0	0	0	0.9	0	0.041
9606.ENSP00000371475	9606.ENSP00000348924	TP53BP1	H2BC7	9606	0.9	0	0	0	0	0.9	0	0
9606.ENSP00000371475	9606.ENSP00000366962	TP53BP1	H2BC10	9606	0.9	0	0	0	0	0.9	0	0
9606.ENSP00000371475	9606.ENSP00000480960	TP53BP1	H4C13	9606	0.9	0	0	0	0	0.9	0	0.041
9606.ENSP00000371475	9606.ENSP00000479794	TP53BP1	H4C12	9606	0.9	0	0	0	0	0.9	0	0.041
9606.ENSP00000371475	9606.ENSP00000481486	TP53BP1	H4C9	9606	0.9	0	0	0	0	0.9	0	0.041
9606.ENSP00000371475	9606.ENSP00000347168	TP53BP1	H4C11	9606	0.9	0	0	0	0	0.9	0	0.041
9606.ENSP00000371475	9606.ENSP00000445633	TP53BP1	H2BC8	9606	0.9	0	0	0	0	0.9	0	0
9606.ENSP00000371475	9606.ENSP00000462355	TP53BP1	H4C15	9606	0.9	0	0	0	0	0.9	0	0.041
9606.ENSP00000371475	9606.ENSP00000484789	TP53BP1	H4C5	9606	0.9	0	0	0	0	0.9	0	0.041
9606.ENSP00000371475	9606.ENSP00000478771	TP53BP1	UBB	9606	0.9	0	0	0	0	0.9	0	0
9606.ENSP00000371475	9606.ENSP00000489236	TP53BP1	H4C8	9606	0.9	0	0	0	0	0.9	0	0.041
9606.ENSP00000371475	9606.ENSP00000267163	TP53BP1	RB1	9606	0.9	0	0	0	0	0.9	0	0
9606.ENSP00000371475	9606.ENSP00000443017	TP53BP1	H4-16	9606	0.9	0	0	0	0	0.9	0	0.041
9606.ENSP00000371475	9606.ENSP00000489317	TP53BP1	H2BC6	9606	0.9	0	0	0	0	0.9	0	0
9606.ENSP00000371475	9606.ENSP00000388107	TP53BP1	UBA52	9606	0.9	0	0	0	0	0.9	0	0
9606.ENSP00000371475	9606.ENSP00000479106	TP53BP1	H4C1	9606	0.9	0	0	0	0	0.9	0	0.041
9606.ENSP00000371475	9606.ENSP00000243326	TP53BP1	RIF1	9606	0.867	0	0	0	0	0.504	0.5	0.51
9606.ENSP00000371475	9606.ENSP00000499501	TP53BP1	H3-2	9606	0.862	0	0	0	0	0	0	0.862
9606.ENSP00000371475	9606.ENSP00000254810	TP53BP1	H3-3B	9606	0.862	0	0	0	0	0	0	0.862
9606.ENSP00000371475	9606.ENSP00000339835	TP53BP1	H3-5	9606	0.862	0	0	0	0	0	0	0.862
9606.ENSP00000371475	9606.ENSP00000235310	TP53BP1	MAD2L2	9606	0.85	0	0	0	0	0.587	0	0.653
9606.ENSP00000371475	9606.ENSP00000376297	TP53BP1	DYNLL1	9606	0.85	0	0	0	0	0.457	0	0.736
9606.ENSP00000371475	9606.ENSP00000264606	TP53BP1	HDAC4	9606	0.818	0	0	0	0	0.457	0	0.68
9606.ENSP00000371475	9606.ENSP00000422375	TP53BP1	NUDT16	9606	0.814	0	0	0	0	0.814	0	0
9606.ENSP00000371475	9606.ENSP00000385479	TP53BP1	H3C15	9606	0.81	0	0	0	0	0.8	0	0.091
9606.ENSP00000371475	9606.ENSP00000358154	TP53BP1	H3C14	9606	0.81	0	0	0	0	0.8	0	0.091
9606.ENSP00000371475	9606.ENSP00000352257	TP53BP1	XRCC6	9606	0.746	0	0	0	0	0.439	0.36	0.351
9606.ENSP00000371475	9606.ENSP00000372023	TP53BP1	CHEK2	9606	0.743	0	0	0	0	0.552	0	0.45
9606.ENSP00000371475	9606.ENSP00000265433	TP53BP1	NBN	9606	0.741	0	0	0	0	0.504	0.5	0
9606.ENSP00000371475	9606.ENSP00000368100	TP53BP1	RAD50	9606	0.741	0	0	0	0	0.504	0.5	0
9606.ENSP00000371475	9606.ENSP00000362650	TP53BP1	SCAI	9606	0.712	0	0	0	0	0.292	0	0.61
9606.ENSP00000373696	9606.ENSP00000343535	TRIP12	USP7	9606	0.778	0	0	0	0	0.559	0	0.517
9606.ENSP00000375978	9606.ENSP00000421491	XRCC5	XRCC4	9606	0.999	0	0	0	0	0.886	0.9	0.978
9606.ENSP00000375978	9606.ENSP00000349313	XRCC5	NHEJ1	9606	0.999	0	0	0	0	0.95	0.9	0.839
9606.ENSP00000375978	9606.ENSP00000313420	XRCC5	PRKDC	9606	0.999	0	0	0	0	0.96	0.9	0.985
9606.ENSP00000375978	9606.ENSP00000352257	XRCC5	XRCC6	9606	0.999	0	0	0	0	0.967	0.9	0.982
9606.ENSP00000375978	9606.ENSP00000484288	XRCC5	LIG4	9606	0.998	0	0	0	0	0.943	0.9	0.758
9606.ENSP00000375978	9606.ENSP00000367527	XRCC5	DCLRE1C	9606	0.995	0	0	0	0	0.939	0.9	0.278
9606.ENSP00000375978	9606.ENSP00000307004	XRCC5	APLF	9606	0.994	0	0	0	0	0.956	0	0.88
9606.ENSP00000375978	9606.ENSP00000360682	XRCC5	PAXX	9606	0.991	0	0	0	0	0.457	0.9	0.854
9606.ENSP00000375978	9606.ENSP00000278616	XRCC5	ATM	9606	0.98	0	0	0	0	0.457	0.9	0.663
9606.ENSP00000375978	9606.ENSP00000355759	XRCC5	PARP1	9606	0.939	0	0	0	0	0.459	0	0.893
9606.ENSP00000375978	9606.ENSP00000239165	XRCC5	HOXB7	9606	0.936	0	0	0	0	0.292	0	0.914
9606.ENSP00000375978	9606.ENSP00000234420	XRCC5	MSH6	9606	0.926	0	0	0	0	0.292	0.9	0
9606.ENSP00000375978	9606.ENSP00000285021	XRCC5	XPC	9606	0.915	0	0	0	0	0.194	0.9	0
9606.ENSP00000375978	9606.ENSP00000013807	XRCC5	ERCC1	9606	0.913	0	0	0	0	0	0.9	0.167
9606.ENSP00000375978	9606.ENSP00000310520	XRCC5	ERCC4	9606	0.912	0	0	0	0	0	0.9	0.158
9606.ENSP00000375978	9606.ENSP00000233146	XRCC5	MSH2	9606	0.909	0	0	0	0	0.133	0.9	0
9606.ENSP00000375978	9606.ENSP00000472445	XRCC5	POLD1	9606	0.906	0	0	0	0	0	0.9	0.104
9606.ENSP00000375978	9606.ENSP00000350708	XRCC5	RAD23B	9606	0.9	0	0	0	0	0	0.9	0
9606.ENSP00000375978	9606.ENSP00000498881	XRCC5	ERCC5	9606	0.9	0	0	0	0	0	0.9	0
9606.ENSP00000375978	9606.ENSP00000398824	XRCC5	PHF21A	9606	0.9	0	0	0	0	0	0.9	0
9606.ENSP00000375978	9606.ENSP00000262241	XRCC5	RCOR1	9606	0.9	0	0	0	0	0	0.9	0
9606.ENSP00000375978	9606.ENSP00000310008	XRCC5	SWSAP1	9606	0.9	0	0	0	0	0	0.9	0
9606.ENSP00000375978	9606.ENSP00000382218	XRCC5	ZSWIM7	9606	0.9	0	0	0	0	0	0.9	0
9606.ENSP00000375978	9606.ENSP00000359300	XRCC5	CETN2	9606	0.9	0	0	0	0	0	0.9	0
9606.ENSP00000375978	9606.ENSP00000383042	XRCC5	KDM1A	9606	0.9	0	0	0	0	0	0.9	0
9606.ENSP00000375978	9606.ENSP00000300145	XRCC5	ATP23	9606	0.9	0	0	0	0	0	0.9	0
9606.ENSP00000375978	9606.ENSP00000265038	XRCC5	ERCC8	9606	0.9	0	0	0	0	0	0.9	0
9606.ENSP00000375978	9606.ENSP00000300086	XRCC5	TERF2IP	9606	0.897	0	0	0	0	0.457	0.72	0.383
9606.ENSP00000375978	9606.ENSP00000276603	XRCC5	TERF1	9606	0.897	0	0	0	0	0.292	0.72	0.524
9606.ENSP00000375978	9606.ENSP00000298139	XRCC5	WRN	9606	0.89	0	0	0	0	0.47	0	0.802
9606.ENSP00000375978	9606.ENSP00000367787	XRCC5	LIG3	9606	0.886	0	0	0	0	0.292	0	0.846
9606.ENSP00000375978	9606.ENSP00000418960	XRCC5	BRCA1	9606	0.868	0	0	0	0	0.457	0.54	0.516
9606.ENSP00000375978	9606.ENSP00000254942	XRCC5	TERF2	9606	0.841	0	0	0	0	0.457	0.72	0
9606.ENSP00000375978	9606.ENSP00000356520	XRCC5	DHX9	9606	0.835	0	0	0	0	0.457	0	0.71
9606.ENSP00000375978	9606.ENSP00000376823	XRCC5	CYREN	9606	0.777	0	0	0	0	0	0	0.777
9606.ENSP00000375978	9606.ENSP00000311747	XRCC5	RBM14	9606	0.755	0	0	0	0	0.292	0	0.668
9606.ENSP00000375978	9606.ENSP00000224950	XRCC5	STN1	9606	0.745	0	0	0	0	0	0.72	0.13
9606.ENSP00000375978	9606.ENSP00000240316	XRCC5	COIL	9606	0.743	0	0	0	0	0.37	0	0.609
9606.ENSP00000375978	9606.ENSP00000309572	XRCC5	TERT	9606	0.739	0	0	0	0	0.457	0.54	0
9606.ENSP00000375978	9606.ENSP00000483117	XRCC5	ACD	9606	0.72	0	0	0	0	0	0.72	0
9606.ENSP00000375978	9606.ENSP00000261637	XRCC5	UTP20	9606	0.72	0	0	0	0	0	0.72	0
9606.ENSP00000375978	9606.ENSP00000498499	XRCC5	CTC1	9606	0.72	0	0	0	0	0	0.72	0
9606.ENSP00000375978	9606.ENSP00000267415	XRCC5	TINF2	9606	0.72	0	0	0	0	0	0.72	0
9606.ENSP00000375978	9606.ENSP00000380762	XRCC5	TEN1	9606	0.72	0	0	0	0	0	0.72	0
9606.ENSP00000375978	9606.ENSP00000405068	XRCC5	NOP14	9606	0.72	0	0	0	0	0	0.72	0
9606.ENSP00000375978	9606.ENSP00000265081	XRCC5	MSH3	9606	0.72	0	0	0	0	0	0.72	0
9606.ENSP00000375978	9606.ENSP00000350249	XRCC5	POT1	9606	0.72	0	0	0	0	0	0.72	0
9606.ENSP00000376204	9606.ENSP00000331310	ASH1L	MORF4L1	9606	0.97	0	0	0	0	0.95	0	0.425
9606.ENSP00000378235	9606.ENSP00000262241	SFMBT1	RCOR1	9606	0.79	0	0	0	0	0.636	0	0.449
9606.ENSP00000378235	9606.ENSP00000262238	SFMBT1	YY1	9606	0.701	0	0	0	0	0	0	0.701
9606.ENSP00000378402	9606.ENSP00000443988	SIN3A	SUDS3	9606	0.999	0	0	0	0	0.977	0.72	0.944
9606.ENSP00000378402	9606.ENSP00000430432	SIN3A	HDAC2	9606	0.999	0	0	0	0	0.656	0.9	0.984
9606.ENSP00000378402	9606.ENSP00000268712	SIN3A	NCOR1	9606	0.999	0	0	0	0	0.457	0.9	0.984
9606.ENSP00000378402	9606.ENSP00000296504	SIN3A	SAP30	9606	0.998	0	0	0	0	0.685	0.8	0.985
9606.ENSP00000378402	9606.ENSP00000362649	SIN3A	HDAC1	9606	0.998	0	0	0	0	0.656	0.8	0.984
9606.ENSP00000378402	9606.ENSP00000362592	SIN3A	RBBP4	9606	0.997	0	0	0	0	0.527	0.72	0.98
9606.ENSP00000378402	9606.ENSP00000384018	SIN3A	NCOR2	9606	0.996	0	0	0	0	0.457	0.8	0.969
9606.ENSP00000378402	9606.ENSP00000262241	SIN3A	RCOR1	9606	0.996	0	0	0	0	0	0.8	0.985
9606.ENSP00000378402	9606.ENSP00000395535	SIN3A	MECP2	9606	0.995	0	0	0	0	0.457	0.5	0.986
9606.ENSP00000378402	9606.ENSP00000307183	SIN3A	ING2	9606	0.993	0	0	0	0	0.672	0.9	0.812
9606.ENSP00000378402	9606.ENSP00000369424	SIN3A	RBBP7	9606	0.993	0	0	0	0	0.527	0.54	0.973
9606.ENSP00000378402	9606.ENSP00000481842	SIN3A	SAP18	9606	0.991	0	0	0	0	0.292	0.5	0.977
9606.ENSP00000378402	9606.ENSP00000329933	SIN3A	PHF12	9606	0.988	0	0	0	0	0.79	0.9	0.487
9606.ENSP00000378402	9606.ENSP00000369131	SIN3A	SIN3B	9606	0.987	0	0	0	0	0.68	0.54	0.923
9606.ENSP00000378402	9606.ENSP00000331310	SIN3A	MORF4L1	9606	0.986	0	0	0	0	0.376	0.9	0.801
9606.ENSP00000378402	9606.ENSP00000297109	SIN3A	SAP30L	9606	0.983	0	0	0	0	0.509	0.8	0.844
9606.ENSP00000378402	9606.ENSP00000264444	SIN3A	MXD1	9606	0.981	0	0	0	0	0.962	0	0.526
9606.ENSP00000378402	9606.ENSP00000337477	SIN3A	SINHCAF	9606	0.974	0	0	0	0	0.596	0.9	0.419
9606.ENSP00000378402	9606.ENSP00000302967	SIN3A	HDAC3	9606	0.971	0	0	0	0	0.244	0.8	0.827
9606.ENSP00000378402	9606.ENSP00000364929	SIN3A	ING1	9606	0.964	0	0	0	0	0.672	0.54	0.783
9606.ENSP00000378402	9606.ENSP00000222574	SIN3A	HBP1	9606	0.96	0	0	0	0	0.96	0	0
9606.ENSP00000378402	9606.ENSP00000331614	SIN3A	IKZF1	9606	0.937	0	0	0	0	0.457	0	0.889
9606.ENSP00000378402	9606.ENSP00000311816	SIN3A	REST	9606	0.93	0	0	0	0	0.457	0.8	0.414
9606.ENSP00000378402	9606.ENSP00000343288	SIN3A	FOXN3	9606	0.925	0	0	0	0	0	0	0.925
9606.ENSP00000378402	9606.ENSP00000216807	SIN3A	BRMS1L	9606	0.921	0	0	0	0	0.59	0.54	0.615
9606.ENSP00000378402	9606.ENSP00000300305	SIN3A	RUNX1	9606	0.92	0	0	0	0	0.292	0.5	0.792
9606.ENSP00000378402	9606.ENSP00000264183	SIN3A	ARID4B	9606	0.915	0	0	0	0	0.674	0.54	0.482
9606.ENSP00000378402	9606.ENSP00000362748	SIN3A	TET1	9606	0.908	0	0	0	0	0.292	0.54	0.74
9606.ENSP00000378402	9606.ENSP00000328720	SIN3A	FOXK1	9606	0.9	0	0	0	0	0.33	0	0.858
9606.ENSP00000378402	9606.ENSP00000347602	SIN3A	ARID4A	9606	0.898	0	0	0	0	0.719	0.54	0.277
9606.ENSP00000378402	9606.ENSP00000264657	SIN3A	STAT3	9606	0.895	0	0	0	0	0.292	0.7	0.548
9606.ENSP00000378402	9606.ENSP00000396052	SIN3A	BRMS1	9606	0.885	0	0	0	0	0.61	0.54	0.41
9606.ENSP00000378402	9606.ENSP00000383042	SIN3A	KDM1A	9606	0.884	0	0	0	0	0.292	0	0.844
9606.ENSP00000378402	9606.ENSP00000335677	SIN3A	FOXK2	9606	0.883	0	0	0	0	0.457	0	0.794
9606.ENSP00000378402	9606.ENSP00000217244	SIN3A	CSNK2A1	9606	0.872	0	0	0	0	0.564	0.72	0
9606.ENSP00000378402	9606.ENSP00000264606	SIN3A	HDAC4	9606	0.868	0	0	0	0	0.521	0	0.736
9606.ENSP00000378402	9606.ENSP00000362674	SIN3A	HDAC8	9606	0.863	0	0	0	0	0.244	0	0.826
9606.ENSP00000378402	9606.ENSP00000269305	SIN3A	TP53	9606	0.862	0	0	0	0	0.457	0.5	0.535
9606.ENSP00000378402	9606.ENSP00000368686	SIN3A	E2F4	9606	0.858	0	0	0	0	0.292	0	0.809
9606.ENSP00000378402	9606.ENSP00000339992	SIN3A	MYB	9606	0.852	0	0	0	0	0.292	0.8	0
9606.ENSP00000378402	9606.ENSP00000285407	SIN3A	KLF10	9606	0.847	0	0	0	0	0.457	0	0.73
9606.ENSP00000378402	9606.ENSP00000366330	SIN3A	KLF9	9606	0.845	0	0	0	0	0.397	0	0.754
9606.ENSP00000378402	9606.ENSP00000020945	SIN3A	SNAI2	9606	0.841	0	0	0	0	0.292	0	0.784
9606.ENSP00000378402	9606.ENSP00000494538	SIN3A	CTCF	9606	0.838	0	0	0	0	0.292	0	0.78
9606.ENSP00000378402	9606.ENSP00000350333	SIN3A	SAP130	9606	0.837	0	0	0	0	0.612	0.54	0.165
9606.ENSP00000378402	9606.ENSP00000307023	SIN3A	KLF11	9606	0.824	0	0	0	0	0.457	0	0.689
9606.ENSP00000378402	9606.ENSP00000320566	SIN3A	ING3	9606	0.814	0	0	0	0	0.1	0	0.802
9606.ENSP00000378402	9606.ENSP00000352516	SIN3A	DNMT1	9606	0.806	0	0	0	0	0	0.5	0.629
9606.ENSP00000378402	9606.ENSP00000339723	SIN3A	CIR1	9606	0.8	0	0	0	0	0	0.8	0
9606.ENSP00000378402	9606.ENSP00000349748	SIN3A	SFPQ	9606	0.797	0	0	0	0	0.457	0	0.643
9606.ENSP00000378402	9606.ENSP00000362824	SIN3A	OGT	9606	0.771	0	0	0	0	0.457	0.54	0.157
9606.ENSP00000378402	9606.ENSP00000337976	SIN3A	SUV39H1	9606	0.765	0	0	0	0	0	0	0.765
9606.ENSP00000378402	9606.ENSP00000259915	SIN3A	POU5F1	9606	0.762	0	0	0	0	0.292	0	0.678
9606.ENSP00000378402	9606.ENSP00000328547	SIN3A	DNMT3B	9606	0.749	0	0	0	0	0.287	0.5	0.353
9606.ENSP00000378402	9606.ENSP00000283131	SIN3A	SMARCA5	9606	0.743	0	0	0	0	0.328	0.5	0.297
9606.ENSP00000378402	9606.ENSP00000335153	SIN3A	HSP90AA1	9606	0.742	0	0	0	0	0.292	0	0.651
9606.ENSP00000378402	9606.ENSP00000386869	SIN3A	TET3	9606	0.739	0	0	0	0	0.292	0	0.647
9606.ENSP00000378402	9606.ENSP00000244050	SIN3A	SNAI1	9606	0.734	0	0	0	0	0.292	0	0.64
9606.ENSP00000378402	9606.ENSP00000384371	SIN3A	BCL6	9606	0.72	0	0	0	0	0.457	0	0.507
9606.ENSP00000378402	9606.ENSP00000174618	SIN3A	MNT	9606	0.716	0	0	0	0	0.292	0	0.616
9606.ENSP00000378402	9606.ENSP00000244537	SIN3A	H4C6	9606	0.716	0	0	0	0	0.457	0.5	0
9606.ENSP00000378402	9606.ENSP00000440542	SIN3A	CHD4	9606	0.705	0	0	0	0	0.429	0	0.506
9606.ENSP00000379078	9606.ENSP00000417980	EHMT2	EHMT1	9606	0.998	0	0	0	0	0.592	0.9	0.977
9606.ENSP00000379078	9606.ENSP00000336687	EHMT2	CBX3	9606	0.997	0	0	0	0	0.96	0.5	0.881
9606.ENSP00000379078	9606.ENSP00000362649	EHMT2	HDAC1	9606	0.994	0	0	0	0	0.457	0.5	0.982
9606.ENSP00000379078	9606.ENSP00000352516	EHMT2	DNMT1	9606	0.99	0	0	0	0	0.457	0	0.983
9606.ENSP00000379078	9606.ENSP00000479617	EHMT2	UHRF1	9606	0.986	0	0	0	0	0.457	0	0.976
9606.ENSP00000379078	9606.ENSP00000244050	EHMT2	SNAI1	9606	0.982	0	0	0	0	0	0	0.982
9606.ENSP00000379078	9606.ENSP00000264709	EHMT2	DNMT3A	9606	0.981	0	0	0	0	0.292	0	0.975
9606.ENSP00000379078	9606.ENSP00000333277	EHMT2	H3C13	9606	0.981	0	0	0	0	0.928	0	0.757
9606.ENSP00000379078	9606.ENSP00000355657	EHMT2	H3-4	9606	0.981	0	0	0	0	0.928	0	0.757
9606.ENSP00000379078	9606.ENSP00000254810	EHMT2	H3-3B	9606	0.979	0	0	0	0	0.917	0	0.756
9606.ENSP00000379078	9606.ENSP00000352252	EHMT2	H3C12	9606	0.977	0	0	0	0	0.912	0	0.756
9606.ENSP00000379078	9606.ENSP00000499501	EHMT2	H3-2	9606	0.975	0	0	0	0	0.903	0	0.757
9606.ENSP00000379078	9606.ENSP00000339835	EHMT2	H3-5	9606	0.975	0	0	0	0	0.903	0	0.757
9606.ENSP00000379078	9606.ENSP00000383042	EHMT2	KDM1A	9606	0.969	0	0	0	0	0.457	0	0.946
9606.ENSP00000379078	9606.ENSP00000337976	EHMT2	SUV39H1	9606	0.968	0	0	0	0	0.421	0	0.948
9606.ENSP00000379078	9606.ENSP00000364550	EHMT2	KDM5C	9606	0.96	0	0	0	0	0.296	0	0.946
9606.ENSP00000379078	9606.ENSP00000380718	EHMT2	CDYL	9606	0.953	0	0	0	0	0.525	0	0.905
9606.ENSP00000379078	9606.ENSP00000480826	EHMT2	H3C1	9606	0.945	0	0	0	0	0.944	0	0
9606.ENSP00000379078	9606.ENSP00000358154	EHMT2	H3C14	9606	0.945	0	0	0	0	0.944	0	0
9606.ENSP00000379078	9606.ENSP00000271640	EHMT2	SETDB1	9606	0.937	0	0	0	0	0.292	0	0.916
9606.ENSP00000379078	9606.ENSP00000262241	EHMT2	RCOR1	9606	0.929	0	0	0	0	0	0	0.929
9606.ENSP00000379078	9606.ENSP00000469534	EHMT2	WIZ	9606	0.922	0	0	0	0	0.592	0	0.819
9606.ENSP00000379078	9606.ENSP00000320147	EHMT2	EZH2	9606	0.92	0	0	0	0	0.201	0	0.904
9606.ENSP00000379078	9606.ENSP00000483283	EHMT2	H3C11	9606	0.915	0	0	0	0	0.915	0	0
9606.ENSP00000379078	9606.ENSP00000484841	EHMT2	H3C2	9606	0.913	0	0	0	0	0.913	0	0
9606.ENSP00000379078	9606.ENSP00000358160	EHMT2	H3C10	9606	0.913	0	0	0	0	0.913	0	0
9606.ENSP00000379078	9606.ENSP00000430432	EHMT2	HDAC2	9606	0.905	0	0	0	0	0.457	0.5	0.679
9606.ENSP00000379078	9606.ENSP00000366999	EHMT2	H3C4	9606	0.903	0	0	0	0	0.903	0	0
9606.ENSP00000379078	9606.ENSP00000355780	EHMT2	H3-3A	9606	0.903	0	0	0	0	0.903	0	0
9606.ENSP00000379078	9606.ENSP00000484658	EHMT2	H3C3	9606	0.903	0	0	0	0	0.903	0	0
9606.ENSP00000379078	9606.ENSP00000385479	EHMT2	H3C15	9606	0.903	0	0	0	0	0.903	0	0
9606.ENSP00000379078	9606.ENSP00000484095	EHMT2	H3C7	9606	0.903	0	0	0	0	0.903	0	0
9606.ENSP00000379078	9606.ENSP00000484638	EHMT2	H3C8	9606	0.903	0	0	0	0	0.903	0	0
9606.ENSP00000379078	9606.ENSP00000489282	EHMT2	H3C6	9606	0.903	0	0	0	0	0.903	0	0
9606.ENSP00000379078	9606.ENSP00000359469	EHMT2	ZNF644	9606	0.888	0	0	0	0	0.592	0	0.739
9606.ENSP00000379078	9606.ENSP00000433760	EHMT2	BANF1	9606	0.877	0	0	0	0	0.457	0	0.783
9606.ENSP00000379078	9606.ENSP00000294702	EHMT2	GFI1	9606	0.85	0	0	0	0	0.292	0	0.797
9606.ENSP00000379078	9606.ENSP00000311816	EHMT2	REST	9606	0.837	0	0	0	0	0.457	0	0.713
9606.ENSP00000379078	9606.ENSP00000328547	EHMT2	DNMT3B	9606	0.827	0	0	0	0	0.292	0	0.766
9606.ENSP00000379078	9606.ENSP00000358092	EHMT2	PRDM1	9606	0.825	0	0	0	0	0.457	0	0.691
9606.ENSP00000379078	9606.ENSP00000363193	EHMT2	MED12	9606	0.802	0	0	0	0	0.292	0	0.732
9606.ENSP00000379078	9606.ENSP00000340330	EHMT2	KAT5	9606	0.773	0	0	0	0	0	0	0.773
9606.ENSP00000379078	9606.ENSP00000209875	EHMT2	CBX5	9606	0.742	0	0	0	0	0.59	0	0.397
9606.ENSP00000379078	9606.ENSP00000221452	EHMT2	RELB	9606	0.74	0	0	0	0	0.292	0	0.648
9606.ENSP00000379078	9606.ENSP00000370936	EHMT2	E2F6	9606	0.734	0	0	0	0	0	0.5	0.491
9606.ENSP00000379078	9606.ENSP00000278823	EHMT2	MTA2	9606	0.716	0	0	0	0	0.457	0.5	0
9606.ENSP00000379078	9606.ENSP00000440542	EHMT2	CHD4	9606	0.716	0	0	0	0	0.457	0.5	0
9606.ENSP00000381364	9606.ENSP00000263208	CABIN1	HIRA	9606	0.998	0	0	0	0	0.66	0.8	0.979
9606.ENSP00000381364	9606.ENSP00000262376	CABIN1	UBN1	9606	0.998	0	0	0	0	0.457	0.8	0.986
9606.ENSP00000381364	9606.ENSP00000229595	CABIN1	ASF1A	9606	0.992	0	0	0	0	0.582	0.8	0.916
9606.ENSP00000381364	9606.ENSP00000402154	CABIN1	MEF2B	9606	0.968	0	0	0	0	0.943	0	0.462
9606.ENSP00000382218	9606.ENSP00000310008	ZSWIM7	SWSAP1	9606	0.977	0	0	0	0	0.675	0.9	0.368
9606.ENSP00000382218	9606.ENSP00000278616	ZSWIM7	ATM	9606	0.9	0	0	0	0	0	0.9	0
9606.ENSP00000382218	9606.ENSP00000233146	ZSWIM7	MSH2	9606	0.9	0	0	0	0	0	0.9	0
9606.ENSP00000382218	9606.ENSP00000360682	ZSWIM7	PAXX	9606	0.9	0	0	0	0	0	0.9	0
9606.ENSP00000382218	9606.ENSP00000375978	ZSWIM7	XRCC5	9606	0.9	0	0	0	0	0	0.9	0
9606.ENSP00000382218	9606.ENSP00000265038	ZSWIM7	ERCC8	9606	0.9	0	0	0	0	0	0.9	0
9606.ENSP00000382218	9606.ENSP00000359300	ZSWIM7	CETN2	9606	0.9	0	0	0	0	0	0.9	0
9606.ENSP00000382218	9606.ENSP00000398824	ZSWIM7	PHF21A	9606	0.9	0	0	0	0	0	0.9	0
9606.ENSP00000382218	9606.ENSP00000349313	ZSWIM7	NHEJ1	9606	0.9	0	0	0	0	0	0.9	0
9606.ENSP00000382218	9606.ENSP00000352257	ZSWIM7	XRCC6	9606	0.9	0	0	0	0	0	0.9	0
9606.ENSP00000382218	9606.ENSP00000285021	ZSWIM7	XPC	9606	0.9	0	0	0	0	0	0.9	0
9606.ENSP00000382218	9606.ENSP00000484288	ZSWIM7	LIG4	9606	0.9	0	0	0	0	0	0.9	0
9606.ENSP00000382218	9606.ENSP00000313420	ZSWIM7	PRKDC	9606	0.9	0	0	0	0	0	0.9	0
9606.ENSP00000382218	9606.ENSP00000234420	ZSWIM7	MSH6	9606	0.9	0	0	0	0	0	0.9	0
9606.ENSP00000382218	9606.ENSP00000310520	ZSWIM7	ERCC4	9606	0.9	0	0	0	0	0	0.9	0
9606.ENSP00000382218	9606.ENSP00000383042	ZSWIM7	KDM1A	9606	0.9	0	0	0	0	0	0.9	0
9606.ENSP00000382218	9606.ENSP00000367527	ZSWIM7	DCLRE1C	9606	0.9	0	0	0	0	0	0.9	0
9606.ENSP00000382218	9606.ENSP00000472445	ZSWIM7	POLD1	9606	0.9	0	0	0	0	0	0.9	0
9606.ENSP00000382218	9606.ENSP00000421491	ZSWIM7	XRCC4	9606	0.9	0	0	0	0	0	0.9	0
9606.ENSP00000382218	9606.ENSP00000013807	ZSWIM7	ERCC1	9606	0.9	0	0	0	0	0	0.9	0
9606.ENSP00000382218	9606.ENSP00000300145	ZSWIM7	ATP23	9606	0.9	0	0	0	0	0	0.9	0
9606.ENSP00000382218	9606.ENSP00000350708	ZSWIM7	RAD23B	9606	0.9	0	0	0	0	0	0.9	0
9606.ENSP00000382218	9606.ENSP00000498881	ZSWIM7	ERCC5	9606	0.9	0	0	0	0	0	0.9	0
9606.ENSP00000382218	9606.ENSP00000262241	ZSWIM7	RCOR1	9606	0.9	0	0	0	0	0	0.9	0
9606.ENSP00000382218	9606.ENSP00000265081	ZSWIM7	MSH3	9606	0.72	0	0	0	0	0	0.72	0
9606.ENSP00000382688	9606.ENSP00000426983	KDM5A	CLOCK	9606	0.975	0	0	0	0	0	0	0.975
9606.ENSP00000382688	9606.ENSP00000384517	KDM5A	ARNTL	9606	0.975	0	0	0	0	0	0	0.975
9606.ENSP00000382688	9606.ENSP00000331310	KDM5A	MORF4L1	9606	0.885	0	0	0	0	0.603	0	0.722
9606.ENSP00000382688	9606.ENSP00000287957	KDM5A	GATAD1	9606	0.859	0	0	0	0	0.682	0	0.575
9606.ENSP00000382688	9606.ENSP00000267163	KDM5A	RB1	9606	0.81	0	0	0	0	0.457	0	0.665
9606.ENSP00000382688	9606.ENSP00000316578	KDM5A	SUZ12	9606	0.809	0	0	0	0	0.304	0	0.736
9606.ENSP00000382688	9606.ENSP00000433205	KDM5A	EMSY	9606	0.801	0	0	0	0	0.538	0	0.588
9606.ENSP00000382688	9606.ENSP00000329933	KDM5A	PHF12	9606	0.796	0	0	0	0	0.641	0	0.456
9606.ENSP00000382688	9606.ENSP00000362649	KDM5A	HDAC1	9606	0.778	0	0	0	0	0.49	0	0.583
9606.ENSP00000382688	9606.ENSP00000430432	KDM5A	HDAC2	9606	0.739	0	0	0	0	0.538	0	0.459
9606.ENSP00000382688	9606.ENSP00000369131	KDM5A	SIN3B	9606	0.711	0	0	0	0	0.671	0	0.16
9606.ENSP00000384517	9606.ENSP00000426983	ARNTL	CLOCK	9606	0.999	0	0	0	0	0.965	0.8	0.986
9606.ENSP00000384517	9606.ENSP00000338283	ARNTL	NPAS2	9606	0.999	0	0	0	0	0.698	0.8	0.986
9606.ENSP00000384517	9606.ENSP00000311196	ARNTL	NPAS4	9606	0.982	0	0	0	0	0.453	0.9	0.714
9606.ENSP00000384517	9606.ENSP00000382688	ARNTL	KDM5A	9606	0.975	0	0	0	0	0	0	0.975
9606.ENSP00000384517	9606.ENSP00000008527	ARNTL	CRY1	9606	0.975	0	0	0	0	0.622	0.5	0.883
9606.ENSP00000384517	9606.ENSP00000262367	ARNTL	CREBBP	9606	0.972	0	0	0	0	0.457	0	0.951
9606.ENSP00000384517	9606.ENSP00000212015	ARNTL	SIRT1	9606	0.963	0	0	0	0	0.292	0	0.95
9606.ENSP00000384517	9606.ENSP00000263253	ARNTL	EP300	9606	0.93	0	0	0	0	0.292	0	0.906
9606.ENSP00000384517	9606.ENSP00000437955	ARNTL	HIF1A	9606	0.922	0	0	0	0	0.552	0	0.834
9606.ENSP00000384517	9606.ENSP00000266503	ARNTL	ARNTL2	9606	0.902	0	0	0	0	0.671	0.54	0.406
9606.ENSP00000384517	9606.ENSP00000320147	ARNTL	EZH2	9606	0.881	0	0	0	0	0	0	0.881
9606.ENSP00000384517	9606.ENSP00000383042	ARNTL	KDM1A	9606	0.865	0	0	0	0	0.137	0	0.851
9606.ENSP00000384517	9606.ENSP00000263734	ARNTL	EPAS1	9606	0.844	0	0	0	0	0.496	0	0.703
9606.ENSP00000384517	9606.ENSP00000478187	ARNTL	CRY2	9606	0.843	0	0	0	0	0.522	0.5	0.397
9606.ENSP00000384517	9606.ENSP00000380044	ARNTL	CSNK1E	9606	0.814	0	0	0	0	0.533	0.5	0.268
9606.ENSP00000384517	9606.ENSP00000351446	ARNTL	WDR5	9606	0.798	0	0	0	0	0.497	0	0.616
9606.ENSP00000384517	9606.ENSP00000337332	ARNTL	SIRT6	9606	0.798	0	0	0	0	0	0	0.798
9606.ENSP00000384517	9606.ENSP00000359382	ARNTL	PASD1	9606	0.785	0	0	0	0	0.066	0.54	0.541
9606.ENSP00000384517	9606.ENSP00000242057	ARNTL	AHR	9606	0.728	0	0	0	0	0.383	0.54	0.119
9606.ENSP00000384517	9606.ENSP00000254657	ARNTL	PER2	9606	0.708	0	0	0	0	0.396	0.5	0.111
9606.ENSP00000384899	9606.ENSP00000362649	GATAD2A	HDAC1	9606	0.999	0	0	0	0	0.681	0.9	0.983
9606.ENSP00000384899	9606.ENSP00000362592	GATAD2A	RBBP4	9606	0.999	0	0	0	0	0.671	0.9	0.983
9606.ENSP00000384899	9606.ENSP00000369424	GATAD2A	RBBP7	9606	0.999	0	0	0	0	0.68	0.9	0.976
9606.ENSP00000384899	9606.ENSP00000369716	GATAD2A	CHD3	9606	0.998	0	0	0	0	0.706	0.72	0.982
9606.ENSP00000384899	9606.ENSP00000430432	GATAD2A	HDAC2	9606	0.998	0	0	0	0	0.662	0.9	0.968
9606.ENSP00000384899	9606.ENSP00000440542	GATAD2A	CHD4	9606	0.998	0	0	0	0	0.68	0.9	0.954
9606.ENSP00000384899	9606.ENSP00000333633	GATAD2A	MTA1	9606	0.998	0	0	0	0	0.7	0.72	0.981
9606.ENSP00000384899	9606.ENSP00000278823	GATAD2A	MTA2	9606	0.998	0	0	0	0	0.693	0.9	0.955
9606.ENSP00000384899	9606.ENSP00000256429	GATAD2A	MBD2	9606	0.995	0	0	0	0	0.971	0.54	0.666
9606.ENSP00000384899	9606.ENSP00000357644	GATAD2A	GATAD2B	9606	0.983	0	0	0	0	0.722	0.54	0.879
9606.ENSP00000384899	9606.ENSP00000385823	GATAD2A	MTA3	9606	0.982	0	0	0	0	0.677	0.72	0.823
9606.ENSP00000384899	9606.ENSP00000261692	GATAD2A	CDK2AP1	9606	0.965	0	0	0	0	0.655	0	0.905
9606.ENSP00000384899	9606.ENSP00000412302	GATAD2A	MBD3	9606	0.932	0	0	0	0	0.733	0.72	0.166
9606.ENSP00000384899	9606.ENSP00000262450	GATAD2A	CHD5	9606	0.912	0	0	0	0	0.655	0.72	0.168
9606.ENSP00000384899	9606.ENSP00000217244	GATAD2A	CSNK2A1	9606	0.773	0	0	0	0	0.225	0.72	0
9606.ENSP00000384899	9606.ENSP00000217086	GATAD2A	SALL4	9606	0.752	0	0	0	0	0.526	0.5	0
9606.ENSP00000384899	9606.ENSP00000383042	GATAD2A	KDM1A	9606	0.71	0	0	0	0	0	0.5	0.444
9606.ENSP00000385823	9606.ENSP00000362649	MTA3	HDAC1	9606	0.995	0	0	0	0	0.621	0.72	0.962
9606.ENSP00000385823	9606.ENSP00000440542	MTA3	CHD4	9606	0.993	0	0	0	0	0.661	0.72	0.935
9606.ENSP00000385823	9606.ENSP00000369716	MTA3	CHD3	9606	0.993	0	0	0	0	0.621	0.72	0.942
9606.ENSP00000385823	9606.ENSP00000430432	MTA3	HDAC2	9606	0.993	0	0	0	0	0.619	0.72	0.942
9606.ENSP00000385823	9606.ENSP00000369424	MTA3	RBBP7	9606	0.992	0	0	0	0	0.611	0.72	0.939
9606.ENSP00000385823	9606.ENSP00000362592	MTA3	RBBP4	9606	0.992	0	0	0	0	0.671	0.72	0.926
9606.ENSP00000385823	9606.ENSP00000333633	MTA3	MTA1	9606	0.989	0	0	0	0	0.682	0.72	0.893
9606.ENSP00000385823	9606.ENSP00000384899	MTA3	GATAD2A	9606	0.982	0	0	0	0	0.677	0.72	0.823
9606.ENSP00000385823	9606.ENSP00000357644	MTA3	GATAD2B	9606	0.968	0	0	0	0	0.731	0.54	0.767
9606.ENSP00000385823	9606.ENSP00000412302	MTA3	MBD3	9606	0.953	0	0	0	0	0.743	0.72	0.398
9606.ENSP00000385823	9606.ENSP00000278823	MTA3	MTA2	9606	0.951	0	0	0	0	0.675	0.72	0.505
9606.ENSP00000385823	9606.ENSP00000256429	MTA3	MBD2	9606	0.904	0	0	0	0	0.744	0.54	0.253
9606.ENSP00000385823	9606.ENSP00000262450	MTA3	CHD5	9606	0.855	0	0	0	0	0.43	0.72	0.166
9606.ENSP00000385823	9606.ENSP00000383042	MTA3	KDM1A	9606	0.853	0	0	0	0	0.457	0.5	0.503
9606.ENSP00000385823	9606.ENSP00000384371	MTA3	BCL6	9606	0.851	0	0	0	0	0.457	0	0.738
9606.ENSP00000385823	9606.ENSP00000368632	MTA3	GATA3	9606	0.774	0	0	0	0	0.457	0	0.601
9606.ENSP00000385823	9606.ENSP00000217244	MTA3	CSNK2A1	9606	0.72	0	0	0	0	0	0.72	0
9606.ENSP00000385823	9606.ENSP00000217086	MTA3	SALL4	9606	0.704	0	0	0	0	0.433	0.5	0
9606.ENSP00000386660	9606.ENSP00000287820	KDM3A	PPARG	9606	0.972	0	0	0	0	0	0.9	0.733
9606.ENSP00000386660	9606.ENSP00000343896	KDM3A	SMARCA4	9606	0.956	0	0	0	0	0	0.65	0.88
9606.ENSP00000386660	9606.ENSP00000326563	KDM3A	KDM3B	9606	0.9	0	0	0	0	0	0.9	0
9606.ENSP00000386660	9606.ENSP00000437955	KDM3A	HIF1A	9606	0.775	0	0	0	0	0.457	0	0.604
9606.ENSP00000388107	9606.ENSP00000272317	UBA52	RPS27A	9606	0.999	0	0	0	0	0.99	0.9	0
9606.ENSP00000388107	9606.ENSP00000441543	UBA52	UBC	9606	0.996	0	0	0	0	0.969	0.9	0
9606.ENSP00000388107	9606.ENSP00000478771	UBA52	UBB	9606	0.994	0	0	0	0	0.948	0.9	0
9606.ENSP00000388107	9606.ENSP00000338413	UBA52	UBA1	9606	0.993	0	0	0	0	0.935	0.9	0
9606.ENSP00000388107	9606.ENSP00000287156	UBA52	UBE2L6	9606	0.991	0	0	0	0	0.921	0.9	0
9606.ENSP00000388107	9606.ENSP00000316176	UBA52	UBE2N	9606	0.986	0	0	0	0	0.973	0.5	0
9606.ENSP00000388107	9606.ENSP00000341885	UBA52	RPS2	9606	0.979	0	0	0	0	0.957	0.54	0
9606.ENSP00000388107	9606.ENSP00000435096	UBA52	RPS25	9606	0.979	0	0	0	0	0.957	0.54	0
9606.ENSP00000388107	9606.ENSP00000379888	UBA52	RPS8	9606	0.979	0	0	0	0	0.957	0.54	0
9606.ENSP00000388107	9606.ENSP00000429374	UBA52	RPS20	9606	0.979	0	0	0	0	0.957	0.54	0
9606.ENSP00000388107	9606.ENSP00000345957	UBA52	RPS21	9606	0.979	0	0	0	0	0.956	0.54	0
9606.ENSP00000388107	9606.ENSP00000278572	UBA52	RPS3	9606	0.979	0	0	0	0	0.956	0.54	0
9606.ENSP00000388107	9606.ENSP00000470972	UBA52	RPS19	9606	0.978	0	0	0	0	0.956	0.54	0
9606.ENSP00000388107	9606.ENSP00000472985	UBA52	RPS5	9606	0.978	0	0	0	0	0.955	0.54	0
9606.ENSP00000388107	9606.ENSP00000495273	UBA52	RPS7	9606	0.978	0	0	0	0	0.955	0.54	0
9606.ENSP00000388107	9606.ENSP00000270625	UBA52	RPS11	9606	0.978	0	0	0	0	0.947	0.54	0.165
9606.ENSP00000388107	9606.ENSP00000261427	UBA52	UBE2K	9606	0.977	0	0	0	0	0.955	0.5	0
9606.ENSP00000388107	9606.ENSP00000369757	UBA52	RPS6	9606	0.976	0	0	0	0	0.947	0.54	0.116
9606.ENSP00000388107	9606.ENSP00000355865	UBA52	PRKN	9606	0.975	0	0	0	0	0.95	0.5	0.113
9606.ENSP00000388107	9606.ENSP00000331487	UBA52	NPLOC4	9606	0.975	0	0	0	0	0.953	0.5	0
9606.ENSP00000388107	9606.ENSP00000478877	UBA52	ADRM1	9606	0.975	0	0	0	0	0.975	0	0
9606.ENSP00000388107	9606.ENSP00000414321	UBA52	RPS24	9606	0.974	0	0	0	0	0.947	0.54	0
9606.ENSP00000388107	9606.ENSP00000389351	UBA52	RPSA	9606	0.974	0	0	0	0	0.947	0.54	0
9606.ENSP00000388107	9606.ENSP00000348849	UBA52	RPS26	9606	0.974	0	0	0	0	0.947	0.54	0
9606.ENSP00000388107	9606.ENSP00000393241	UBA52	RPS18	9606	0.974	0	0	0	0	0.947	0.54	0
9606.ENSP00000388107	9606.ENSP00000375632	UBA52	RPS9	9606	0.974	0	0	0	0	0.947	0.54	0
9606.ENSP00000388107	9606.ENSP00000431822	UBA52	FAU	9606	0.974	0	0	0	0	0.947	0.54	0
9606.ENSP00000388107	9606.ENSP00000435777	UBA52	RPS13	9606	0.974	0	0	0	0	0.947	0.54	0
9606.ENSP00000388107	9606.ENSP00000346050	UBA52	RPS3A	9606	0.974	0	0	0	0	0.947	0.54	0
9606.ENSP00000388107	9606.ENSP00000367806	UBA52	RPS16	9606	0.974	0	0	0	0	0.947	0.54	0
9606.ENSP00000388107	9606.ENSP00000472469	UBA52	RPS28	9606	0.974	0	0	0	0	0.947	0.54	0
9606.ENSP00000388107	9606.ENSP00000466010	UBA52	RPS15	9606	0.974	0	0	0	0	0.947	0.54	0
9606.ENSP00000388107	9606.ENSP00000230050	UBA52	RPS12	9606	0.974	0	0	0	0	0.947	0.54	0
9606.ENSP00000388107	9606.ENSP00000426909	UBA52	RACK1	9606	0.974	0	0	0	0	0.947	0.54	0
9606.ENSP00000388107	9606.ENSP00000498019	UBA52	RPS17	9606	0.974	0	0	0	0	0.947	0.54	0
9606.ENSP00000388107	9606.ENSP00000296674	UBA52	RPS23	9606	0.974	0	0	0	0	0.947	0.54	0
9606.ENSP00000388107	9606.ENSP00000379339	UBA52	RPS29	9606	0.974	0	0	0	0	0.947	0.54	0
9606.ENSP00000388107	9606.ENSP00000380178	UBA52	UBE2G1	9606	0.971	0	0	0	0	0.945	0.5	0
9606.ENSP00000388107	9606.ENSP00000346015	UBA52	RPL27A	9606	0.967	0	0	0	0	0.966	0	0
9606.ENSP00000388107	9606.ENSP00000313454	UBA52	UBA6	9606	0.966	0	0	0	0	0.935	0.5	0
9606.ENSP00000388107	9606.ENSP00000495672	UBA52	RPL35A	9606	0.966	0	0	0	0	0.966	0	0
9606.ENSP00000388107	9606.ENSP00000381717	UBA52	UBE2D2	9606	0.965	0	0	0	0	0.934	0.5	0
9606.ENSP00000388107	9606.ENSP00000363019	UBA52	UBE2D1	9606	0.965	0	0	0	0	0.934	0.5	0
9606.ENSP00000388107	9606.ENSP00000416429	UBA52	RPL32	9606	0.965	0	0	0	0	0.957	0	0.228
9606.ENSP00000388107	9606.ENSP00000284440	UBA52	UCHL1	9606	0.965	0	0	0	0	0.934	0.5	0
9606.ENSP00000388107	9606.ENSP00000428209	UBA52	UBE2V2	9606	0.965	0	0	0	0	0.934	0.5	0
9606.ENSP00000388107	9606.ENSP00000366819	UBA52	UCHL3	9606	0.965	0	0	0	0	0.934	0.5	0
9606.ENSP00000388107	9606.ENSP00000215574	UBA52	CDC34	9606	0.965	0	0	0	0	0.933	0.5	0
9606.ENSP00000388107	9606.ENSP00000263228	UBA52	UBE2R2	9606	0.965	0	0	0	0	0.933	0.5	0
9606.ENSP00000388107	9606.ENSP00000467024	UBA52	RAD23A	9606	0.964	0	0	0	0	0.931	0.5	0
9606.ENSP00000388107	9606.ENSP00000251968	UBA52	TSG101	9606	0.964	0	0	0	0	0.931	0.5	0
9606.ENSP00000388107	9606.ENSP00000427793	UBA52	WWP1	9606	0.962	0	0	0	0	0.928	0.5	0
9606.ENSP00000388107	9606.ENSP00000424827	UBA52	NEDD4	9606	0.962	0	0	0	0	0.928	0.5	0
9606.ENSP00000388107	9606.ENSP00000499786	UBA52	ITCH	9606	0.962	0	0	0	0	0.928	0.5	0
9606.ENSP00000388107	9606.ENSP00000340305	UBA52	UBE2V1	9606	0.961	0	0	0	0	0.925	0.5	0
9606.ENSP00000388107	9606.ENSP00000385958	UBA52	RPS14	9606	0.959	0	0	0	0	0.915	0.54	0
9606.ENSP00000388107	9606.ENSP00000264552	UBA52	UBE2S	9606	0.959	0	0	0	0	0.921	0.5	0
9606.ENSP00000388107	9606.ENSP00000377640	UBA52	RPL24	9606	0.958	0	0	0	0	0.958	0	0
9606.ENSP00000388107	9606.ENSP00000311430	UBA52	RPL4	9606	0.958	0	0	0	0	0.957	0	0
9606.ENSP00000388107	9606.ENSP00000494697	UBA52	RPL9	9606	0.958	0	0	0	0	0.947	0	0.232
9606.ENSP00000388107	9606.ENSP00000307889	UBA52	RPL13	9606	0.958	0	0	0	0	0.957	0	0
9606.ENSP00000388107	9606.ENSP00000274242	UBA52	RPL37	9606	0.957	0	0	0	0	0.956	0	0
9606.ENSP00000388107	9606.ENSP00000392025	UBA52	CYLD	9606	0.957	0	0	0	0	0.918	0.5	0
9606.ENSP00000388107	9606.ENSP00000259469	UBA52	RPL35	9606	0.957	0	0	0	0	0.957	0	0
9606.ENSP00000388107	9606.ENSP00000368458	UBA52	PCNA	9606	0.956	0	0	0	0	0.915	0.5	0
9606.ENSP00000388107	9606.ENSP00000378163	UBA52	RPL34	9606	0.956	0	0	0	0	0.956	0	0
9606.ENSP00000388107	9606.ENSP00000264515	UBA52	RBBP5	9606	0.956	0	0	0	0	0.956	0	0
9606.ENSP00000388107	9606.ENSP00000464342	UBA52	RPL36	9606	0.956	0	0	0	0	0.955	0	0
9606.ENSP00000388107	9606.ENSP00000222247	UBA52	RPL18A	9606	0.956	0	0	0	0	0.956	0	0
9606.ENSP00000388107	9606.ENSP00000229268	UBA52	USP5	9606	0.955	0	0	0	0	0.915	0.5	0
9606.ENSP00000388107	9606.ENSP00000357876	UBA52	PSMD4	9606	0.953	0	0	0	0	0.953	0	0
9606.ENSP00000388107	9606.ENSP00000343535	UBA52	USP7	9606	0.953	0	0	0	0	0.952	0	0
9606.ENSP00000388107	9606.ENSP00000357565	UBA52	ZUP1	9606	0.951	0	0	0	0	0.951	0	0
9606.ENSP00000388107	9606.ENSP00000343526	UBA52	USP1	9606	0.951	0	0	0	0	0.907	0.5	0
9606.ENSP00000388107	9606.ENSP00000318646	UBA52	RPS15A	9606	0.95	0	0	0	0	0.896	0.54	0
9606.ENSP00000388107	9606.ENSP00000362744	UBA52	RPS4X	9606	0.95	0	0	0	0	0.897	0.54	0
9606.ENSP00000388107	9606.ENSP00000321744	UBA52	H2BC4	9606	0.949	0	0	0	0	0.903	0.5	0
9606.ENSP00000388107	9606.ENSP00000349430	UBA52	H2BC12	9606	0.949	0	0	0	0	0.903	0.5	0
9606.ENSP00000388107	9606.ENSP00000476136	UBA52	H2BC11	9606	0.949	0	0	0	0	0.903	0.5	0
9606.ENSP00000388107	9606.ENSP00000499044	UBA52	RPS27	9606	0.949	0	0	0	0	0.895	0.54	0
9606.ENSP00000388107	9606.ENSP00000481646	UBA52	RPS10	9606	0.949	0	0	0	0	0.895	0.54	0
9606.ENSP00000388107	9606.ENSP00000389103	UBA52	RPL23A	9606	0.947	0	0	0	0	0.947	0	0
9606.ENSP00000388107	9606.ENSP00000420311	UBA52	RPL23	9606	0.947	0	0	0	0	0.947	0	0
9606.ENSP00000388107	9606.ENSP00000216225	UBA52	RBX1	9606	0.947	0	0	0	0	0.9	0.5	0
9606.ENSP00000388107	9606.ENSP00000379721	UBA52	USP8	9606	0.947	0	0	0	0	0.9	0.5	0
9606.ENSP00000388107	9606.ENSP00000262584	UBA52	RPL8	9606	0.947	0	0	0	0	0.947	0	0
9606.ENSP00000388107	9606.ENSP00000314004	UBA52	ANAPC2	9606	0.947	0	0	0	0	0.9	0.5	0
9606.ENSP00000388107	9606.ENSP00000462664	UBA52	POLI	9606	0.947	0	0	0	0	0.9	0.5	0
9606.ENSP00000388107	9606.ENSP00000263904	UBA52	STAM2	9606	0.947	0	0	0	0	0.9	0.5	0
9606.ENSP00000388107	9606.ENSP00000354739	UBA52	RPL12	9606	0.947	0	0	0	0	0.947	0	0.044
9606.ENSP00000388107	9606.ENSP00000216797	UBA52	NFKBIA	9606	0.947	0	0	0	0	0.9	0.5	0
9606.ENSP00000388107	9606.ENSP00000496250	UBA52	RPL11	9606	0.947	0	0	0	0	0.947	0	0
9606.ENSP00000388107	9606.ENSP00000403172	UBA52	RPL6	9606	0.947	0	0	0	0	0.947	0	0
9606.ENSP00000388107	9606.ENSP00000309334	UBA52	RPL15	9606	0.947	0	0	0	0	0.947	0	0
9606.ENSP00000388107	9606.ENSP00000361076	UBA52	RPL7A	9606	0.947	0	0	0	0	0.947	0	0
9606.ENSP00000388107	9606.ENSP00000428085	UBA52	RPL30	9606	0.947	0	0	0	0	0.947	0	0
9606.ENSP00000388107	9606.ENSP00000287647	UBA52	FANCD2	9606	0.947	0	0	0	0	0.9	0.5	0
9606.ENSP00000388107	9606.ENSP00000264926	UBA52	RAD18	9606	0.947	0	0	0	0	0.9	0.5	0
9606.ENSP00000388107	9606.ENSP00000418082	UBA52	RPL37A	9606	0.947	0	0	0	0	0.947	0	0
9606.ENSP00000388107	9606.ENSP00000477613	UBA52	BIRC2	9606	0.947	0	0	0	0	0.9	0.5	0
9606.ENSP00000388107	9606.ENSP00000307491	UBA52	WDR48	9606	0.947	0	0	0	0	0.9	0.5	0
9606.ENSP00000388107	9606.ENSP00000264033	UBA52	CBL	9606	0.947	0	0	0	0	0.9	0.5	0
9606.ENSP00000388107	9606.ENSP00000447001	UBA52	RPL18	9606	0.947	0	0	0	0	0.947	0	0
9606.ENSP00000388107	9606.ENSP00000449328	UBA52	RPLP0	9606	0.947	0	0	0	0	0.947	0	0
9606.ENSP00000388107	9606.ENSP00000367299	UBA52	VPS36	9606	0.947	0	0	0	0	0.9	0.5	0
9606.ENSP00000388107	9606.ENSP00000228872	UBA52	CDKN1B	9606	0.947	0	0	0	0	0.9	0.5	0
9606.ENSP00000388107	9606.ENSP00000386717	UBA52	RPL31	9606	0.947	0	0	0	0	0.947	0	0
9606.ENSP00000388107	9606.ENSP00000464813	UBA52	RPL27	9606	0.947	0	0	0	0	0.947	0	0
9606.ENSP00000388107	9606.ENSP00000379506	UBA52	RPL14	9606	0.947	0	0	0	0	0.947	0	0
9606.ENSP00000388107	9606.ENSP00000294189	UBA52	RPL29	9606	0.947	0	0	0	0	0.947	0	0
9606.ENSP00000388107	9606.ENSP00000359345	UBA52	RPL5	9606	0.947	0	0	0	0	0.947	0	0
9606.ENSP00000388107	9606.ENSP00000380921	UBA52	SH3KBP1	9606	0.947	0	0	0	0	0.9	0.5	0
9606.ENSP00000388107	9606.ENSP00000348089	UBA52	ERCC6	9606	0.947	0	0	0	0	0.9	0.5	0
9606.ENSP00000388107	9606.ENSP00000309830	UBA52	RPL38	9606	0.947	0	0	0	0	0.947	0	0
9606.ENSP00000388107	9606.ENSP00000225430	UBA52	RPL19	9606	0.947	0	0	0	0	0.947	0	0
9606.ENSP00000388107	9606.ENSP00000315112	UBA52	RNF31	9606	0.947	0	0	0	0	0.9	0.5	0
9606.ENSP00000388107	9606.ENSP00000346027	UBA52	RPL21	9606	0.947	0	0	0	0	0.947	0	0
9606.ENSP00000388107	9606.ENSP00000366746	UBA52	STAM	9606	0.947	0	0	0	0	0.9	0.5	0
9606.ENSP00000388107	9606.ENSP00000258428	UBA52	REV1	9606	0.947	0	0	0	0	0.9	0.5	0
9606.ENSP00000388107	9606.ENSP00000452763	UBA52	RPL28	9606	0.947	0	0	0	0	0.947	0	0
9606.ENSP00000388107	9606.ENSP00000310842	UBA52	FANCI	9606	0.947	0	0	0	0	0.9	0.5	0
9606.ENSP00000388107	9606.ENSP00000323889	UBA52	TRIM25	9606	0.947	0	0	0	0	0.9	0.5	0
9606.ENSP00000388107	9606.ENSP00000307940	UBA52	EEF2	9606	0.947	0	0	0	0	0.947	0	0
9606.ENSP00000388107	9606.ENSP00000431240	UBA52	RPLP2	9606	0.944	0	0	0	0	0.944	0	0
9606.ENSP00000388107	9606.ENSP00000250495	UBA52	NEDD8	9606	0.942	0	0	0	0	0.941	0	0
9606.ENSP00000388107	9606.ENSP00000250784	UBA52	RPS4Y1	9606	0.94	0	0	0	0	0.875	0.54	0
9606.ENSP00000388107	9606.ENSP00000261601	UBA52	USP14	9606	0.938	0	0	0	0	0.93	0	0.157
9606.ENSP00000388107	9606.ENSP00000262435	UBA52	SMURF2	9606	0.937	0	0	0	0	0.937	0	0
9606.ENSP00000388107	9606.ENSP00000365804	UBA52	HDAC6	9606	0.937	0	0	0	0	0.9	0.4	0
9606.ENSP00000388107	9606.ENSP00000203664	UBA52	OTUB2	9606	0.935	0	0	0	0	0.935	0	0
9606.ENSP00000388107	9606.ENSP00000444357	UBA52	OTUB1	9606	0.935	0	0	0	0	0.935	0	0
9606.ENSP00000388107	9606.ENSP00000333266	UBA52	UBA7	9606	0.935	0	0	0	0	0.377	0.9	0
9606.ENSP00000388107	9606.ENSP00000257548	UBA52	USP30	9606	0.933	0	0	0	0	0.933	0	0
9606.ENSP00000388107	9606.ENSP00000381577	UBA52	USP34	9606	0.931	0	0	0	0	0.931	0	0
9606.ENSP00000388107	9606.ENSP00000003302	UBA52	USP28	9606	0.931	0	0	0	0	0.931	0	0
9606.ENSP00000388107	9606.ENSP00000407818	UBA52	USP46	9606	0.931	0	0	0	0	0.931	0	0
9606.ENSP00000388107	9606.ENSP00000326813	UBA52	YOD1	9606	0.93	0	0	0	0	0.93	0	0
9606.ENSP00000388107	9606.ENSP00000383199	UBA52	NEDD4L	9606	0.928	0	0	0	0	0.928	0	0
9606.ENSP00000388107	9606.ENSP00000258149	UBA52	MDM2	9606	0.926	0	0	0	0	0.926	0	0
9606.ENSP00000388107	9606.ENSP00000231487	UBA52	SKP1	9606	0.926	0	0	0	0	0.859	0.5	0
9606.ENSP00000388107	9606.ENSP00000360992	UBA52	STAMBPL1	9606	0.925	0	0	0	0	0.925	0	0
9606.ENSP00000388107	9606.ENSP00000344166	UBA52	TMEM189-UBE2V1	9606	0.925	0	0	0	0	0.925	0	0
9606.ENSP00000388107	9606.ENSP00000345195	UBA52	UBQLN2	9606	0.924	0	0	0	0	0.924	0	0
9606.ENSP00000388107	9606.ENSP00000457703	UBA52	UBL7	9606	0.922	0	0	0	0	0.922	0	0
9606.ENSP00000388107	9606.ENSP00000365576	UBA52	UBQLN1	9606	0.922	0	0	0	0	0.922	0	0
9606.ENSP00000388107	9606.ENSP00000381657	UBA52	DOT1L	9606	0.922	0	0	0	0	0.922	0	0
9606.ENSP00000388107	9606.ENSP00000421926	UBA52	UIMC1	9606	0.922	0	0	0	0	0.922	0	0
9606.ENSP00000388107	9606.ENSP00000482538	UBA52	H2AC16	9606	0.921	0	0	0	0	0.921	0	0
9606.ENSP00000388107	9606.ENSP00000358160	UBA52	H3C10	9606	0.921	0	0	0	0	0.921	0	0
9606.ENSP00000388107	9606.ENSP00000490225	UBA52	UBE2L5	9606	0.921	0	0	0	0	0.921	0	0
9606.ENSP00000388107	9606.ENSP00000484095	UBA52	H3C7	9606	0.921	0	0	0	0	0.921	0	0
9606.ENSP00000388107	9606.ENSP00000303373	UBA52	H2AC8	9606	0.921	0	0	0	0	0.921	0	0
9606.ENSP00000388107	9606.ENSP00000358155	UBA52	H2AC18	9606	0.921	0	0	0	0	0.921	0	0
9606.ENSP00000388107	9606.ENSP00000484658	UBA52	H3C3	9606	0.921	0	0	0	0	0.921	0	0
9606.ENSP00000388107	9606.ENSP00000352627	UBA52	H2AC17	9606	0.921	0	0	0	0	0.921	0	0
9606.ENSP00000388107	9606.ENSP00000489282	UBA52	H3C6	9606	0.921	0	0	0	0	0.921	0	0
9606.ENSP00000388107	9606.ENSP00000352252	UBA52	H3C12	9606	0.921	0	0	0	0	0.921	0	0
9606.ENSP00000388107	9606.ENSP00000385479	UBA52	H3C15	9606	0.921	0	0	0	0	0.921	0	0
9606.ENSP00000388107	9606.ENSP00000483283	UBA52	H3C11	9606	0.921	0	0	0	0	0.921	0	0
9606.ENSP00000388107	9606.ENSP00000499501	UBA52	H3-2	9606	0.921	0	0	0	0	0.921	0	0
9606.ENSP00000388107	9606.ENSP00000482431	UBA52	H2AC15	9606	0.921	0	0	0	0	0.921	0	0
9606.ENSP00000388107	9606.ENSP00000475814	UBA52	H2AC19	9606	0.921	0	0	0	0	0.921	0	0
9606.ENSP00000388107	9606.ENSP00000484638	UBA52	H3C8	9606	0.921	0	0	0	0	0.921	0	0
9606.ENSP00000388107	9606.ENSP00000333277	UBA52	H3C13	9606	0.921	0	0	0	0	0.921	0	0
9606.ENSP00000388107	9606.ENSP00000358154	UBA52	H3C14	9606	0.921	0	0	0	0	0.921	0	0
9606.ENSP00000388107	9606.ENSP00000480826	UBA52	H3C1	9606	0.921	0	0	0	0	0.921	0	0
9606.ENSP00000388107	9606.ENSP00000366999	UBA52	H3C4	9606	0.921	0	0	0	0	0.921	0	0
9606.ENSP00000388107	9606.ENSP00000367022	UBA52	H2AC6	9606	0.921	0	0	0	0	0.921	0	0
9606.ENSP00000388107	9606.ENSP00000351589	UBA52	H2AC13	9606	0.921	0	0	0	0	0.921	0	0
9606.ENSP00000388107	9606.ENSP00000352119	UBA52	H2AC11	9606	0.921	0	0	0	0	0.921	0	0
9606.ENSP00000388107	9606.ENSP00000483842	UBA52	H2AC4	9606	0.921	0	0	0	0	0.921	0	0
9606.ENSP00000388107	9606.ENSP00000484841	UBA52	H3C2	9606	0.921	0	0	0	0	0.921	0	0
9606.ENSP00000388107	9606.ENSP00000340648	UBA52	HUWE1	9606	0.918	0	0	0	0	0.918	0	0
9606.ENSP00000388107	9606.ENSP00000463842	UBA52	RPL17	9606	0.913	0	0	0	0	0.912	0	0
9606.ENSP00000388107	9606.ENSP00000310129	UBA52	PSMD2	9606	0.913	0	0	0	0	0.913	0	0
9606.ENSP00000388107	9606.ENSP00000259605	UBA52	RNF38	9606	0.912	0	0	0	0	0.912	0	0
9606.ENSP00000388107	9606.ENSP00000370208	UBA52	RABGEF1	9606	0.912	0	0	0	0	0.912	0	0
9606.ENSP00000388107	9606.ENSP00000328059	UBA52	RLIM	9606	0.912	0	0	0	0	0.912	0	0
9606.ENSP00000388107	9606.ENSP00000352516	UBA52	DNMT1	9606	0.911	0	0	0	0	0.911	0	0
9606.ENSP00000388107	9606.ENSP00000282344	UBA52	USP12	9606	0.907	0	0	0	0	0.907	0	0
9606.ENSP00000388107	9606.ENSP00000358151	UBA52	H2BC21	9606	0.904	0	0	0	0	0.904	0	0
9606.ENSP00000388107	9606.ENSP00000386541	UBA52	PSMD14	9606	0.904	0	0	0	0	0.904	0	0
9606.ENSP00000388107	9606.ENSP00000354669	UBA52	MINDY1	9606	0.903	0	0	0	0	0.903	0	0
9606.ENSP00000388107	9606.ENSP00000348924	UBA52	H2BC7	9606	0.903	0	0	0	0	0.903	0	0
9606.ENSP00000388107	9606.ENSP00000346037	UBA52	RPLP1	9606	0.903	0	0	0	0	0.903	0	0
9606.ENSP00000388107	9606.ENSP00000375730	UBA52	RPL13A	9606	0.903	0	0	0	0	0.903	0	0
9606.ENSP00000388107	9606.ENSP00000346001	UBA52	RPL3	9606	0.903	0	0	0	0	0.903	0	0
9606.ENSP00000388107	9606.ENSP00000339795	UBA52	RPL7	9606	0.903	0	0	0	0	0.903	0	0
9606.ENSP00000388107	9606.ENSP00000489317	UBA52	H2BC6	9606	0.903	0	0	0	0	0.903	0	0
9606.ENSP00000388107	9606.ENSP00000445633	UBA52	H2BC8	9606	0.903	0	0	0	0	0.903	0	0
9606.ENSP00000388107	9606.ENSP00000366962	UBA52	H2BC10	9606	0.903	0	0	0	0	0.903	0	0
9606.ENSP00000388107	9606.ENSP00000452885	UBA52	MINDY2	9606	0.903	0	0	0	0	0.903	0	0
9606.ENSP00000388107	9606.ENSP00000231524	UBA52	TRIM23	9606	0.9	0	0	0	0	0.9	0	0
9606.ENSP00000388107	9606.ENSP00000356150	UBA52	MDM4	9606	0.9	0	0	0	0	0.9	0	0
9606.ENSP00000388107	9606.ENSP00000413697	UBA52	TOM1	9606	0.9	0	0	0	0	0.9	0	0
9606.ENSP00000388107	9606.ENSP00000438085	UBA52	GGA3	9606	0.9	0	0	0	0	0.9	0	0
9606.ENSP00000388107	9606.ENSP00000444596	UBA52	MYCBP2	9606	0.9	0	0	0	0	0.9	0	0
9606.ENSP00000388107	9606.ENSP00000367440	UBA52	TDP2	9606	0.9	0	0	0	0	0.9	0	0
9606.ENSP00000388107	9606.ENSP00000156084	UBA52	OTUD5	9606	0.9	0	0	0	0	0.9	0	0
9606.ENSP00000388107	9606.ENSP00000260947	UBA52	BARD1	9606	0.9	0	0	0	0	0.9	0	0
9606.ENSP00000388107	9606.ENSP00000468956	UBA52	JOSD2	9606	0.9	0	0	0	0	0.9	0	0
9606.ENSP00000388107	9606.ENSP00000377015	UBA52	PICALM	9606	0.9	0	0	0	0	0.9	0	0
9606.ENSP00000388107	9606.ENSP00000341361	UBA52	RNF13	9606	0.9	0	0	0	0	0.9	0	0
9606.ENSP00000388107	9606.ENSP00000369217	UBA52	ARIH1	9606	0.9	0	0	0	0	0.9	0	0
9606.ENSP00000388107	9606.ENSP00000264834	UBA52	KLF1	9606	0.9	0	0	0	0	0.9	0	0
9606.ENSP00000388107	9606.ENSP00000374552	UBA52	RNF216	9606	0.9	0	0	0	0	0.9	0	0
9606.ENSP00000388107	9606.ENSP00000289528	UBA52	ZFAND2B	9606	0.9	0	0	0	0	0.9	0	0
9606.ENSP00000388107	9606.ENSP00000263925	UBA52	LNX1	9606	0.9	0	0	0	0	0.9	0	0
9606.ENSP00000388107	9606.ENSP00000369213	UBA52	DDX58	9606	0.9	0	0	0	0	0.9	0	0
9606.ENSP00000388107	9606.ENSP00000356426	UBA52	TAB2	9606	0.9	0	0	0	0	0.9	0	0
9606.ENSP00000388107	9606.ENSP00000371475	UBA52	TP53BP1	9606	0.9	0	0	0	0	0.9	0	0
9606.ENSP00000388107	9606.ENSP00000497271	UBA52	IFIH1	9606	0.9	0	0	0	0	0.9	0	0
9606.ENSP00000388107	9606.ENSP00000254436	UBA52	TRIM21	9606	0.9	0	0	0	0	0.9	0	0
9606.ENSP00000388107	9606.ENSP00000352676	UBA52	ZRANB1	9606	0.9	0	0	0	0	0.9	0	0
9606.ENSP00000388107	9606.ENSP00000358994	UBA52	MYO6	9606	0.9	0	0	0	0	0.9	0	0
9606.ENSP00000388107	9606.ENSP00000343479	UBA52	NBR1	9606	0.9	0	0	0	0	0.9	0	0
9606.ENSP00000388107	9606.ENSP00000217169	UBA52	BIRC7	9606	0.9	0	0	0	0	0.9	0	0
9606.ENSP00000388107	9606.ENSP00000290649	UBA52	AMFR	9606	0.9	0	0	0	0	0.9	0	0
9606.ENSP00000388107	9606.ENSP00000222823	UBA52	NOD1	9606	0.9	0	0	0	0	0.9	0	0
9606.ENSP00000388107	9606.ENSP00000426503	UBA52	RNF4	9606	0.9	0	0	0	0	0.9	0	0
9606.ENSP00000388107	9606.ENSP00000496695	UBA52	ATXN3	9606	0.9	0	0	0	0	0.9	0	0
9606.ENSP00000388107	9606.ENSP00000374455	UBA52	SQSTM1	9606	0.9	0	0	0	0	0	0.9	0
9606.ENSP00000388107	9606.ENSP00000265986	UBA52	IDE	9606	0.9	0	0	0	0	0.9	0	0
9606.ENSP00000388107	9606.ENSP00000429084	UBA52	UBR5	9606	0.9	0	0	0	0	0.9	0	0
9606.ENSP00000388107	9606.ENSP00000481570	UBA52	TNFAIP3	9606	0.9	0	0	0	0	0.9	0	0
9606.ENSP00000388107	9606.ENSP00000369996	UBA52	ATXN3L	9606	0.9	0	0	0	0	0.9	0	0
9606.ENSP00000388107	9606.ENSP00000352264	UBA52	CD2AP	9606	0.9	0	0	0	0	0.9	0	0
9606.ENSP00000388107	9606.ENSP00000356981	UBA52	USP21	9606	0.9	0	0	0	0	0.9	0	0
9606.ENSP00000388107	9606.ENSP00000401980	UBA52	MAVS	9606	0.9	0	0	0	0	0.9	0	0
9606.ENSP00000388107	9606.ENSP00000320898	UBA52	RNF168	9606	0.9	0	0	0	0	0.9	0	0
9606.ENSP00000388107	9606.ENSP00000462729	UBA52	OTUD7B	9606	0.9	0	0	0	0	0.9	0	0
9606.ENSP00000388107	9606.ENSP00000499037	UBA52	CBLB	9606	0.9	0	0	0	0	0.9	0	0
9606.ENSP00000388107	9606.ENSP00000380460	UBA52	PLAA	9606	0.9	0	0	0	0	0.9	0	0
9606.ENSP00000388107	9606.ENSP00000260187	UBA52	USP2	9606	0.9	0	0	0	0	0.9	0	0
9606.ENSP00000388107	9606.ENSP00000284274	UBA52	OTULIN	9606	0.9	0	0	0	0	0.9	0	0
9606.ENSP00000388107	9606.ENSP00000454786	UBA52	H3BNC9_HUMAN	9606	0.899	0	0	0	0	0.899	0	0
9606.ENSP00000388107	9606.ENSP00000360034	UBA52	SERBP1	9606	0.898	0	0	0	0	0.898	0	0
9606.ENSP00000388107	9606.ENSP00000280377	UBA52	USP15	9606	0.895	0	0	0	0	0.8	0.5	0
9606.ENSP00000388107	9606.ENSP00000359206	UBA52	BTRC	9606	0.895	0	0	0	0	0.8	0.5	0
9606.ENSP00000388107	9606.ENSP00000346088	UBA52	RPL22	9606	0.895	0	0	0	0	0.895	0	0
9606.ENSP00000388107	9606.ENSP00000463784	UBA52	RPL26	9606	0.895	0	0	0	0	0.895	0	0
9606.ENSP00000388107	9606.ENSP00000261769	UBA52	CDH1	9606	0.895	0	0	0	0	0.8	0.5	0
9606.ENSP00000388107	9606.ENSP00000274255	UBA52	SKP2	9606	0.895	0	0	0	0	0.8	0.5	0
9606.ENSP00000388107	9606.ENSP00000428223	UBA52	RPL26L1	9606	0.895	0	0	0	0	0.895	0	0
9606.ENSP00000388107	9606.ENSP00000326804	UBA52	CUL1	9606	0.895	0	0	0	0	0.8	0.5	0
9606.ENSP00000388107	9606.ENSP00000492441	UBA52	RPS10-NUDT3	9606	0.895	0	0	0	0	0.895	0	0
9606.ENSP00000388107	9606.ENSP00000463379	UBA52	RPL17-C18orf32	9606	0.895	0	0	0	0	0.895	0	0
9606.ENSP00000388107	9606.ENSP00000363018	UBA52	RPL10A	9606	0.895	0	0	0	0	0.895	0	0
9606.ENSP00000388107	9606.ENSP00000413436	UBA52	RPL10	9606	0.895	0	0	0	0	0.895	0	0
9606.ENSP00000388107	9606.ENSP00000298283	UBA52	RPL10L	9606	0.895	0	0	0	0	0.895	0	0
9606.ENSP00000388107	9606.ENSP00000266970	UBA52	CDK2	9606	0.895	0	0	0	0	0.8	0.5	0
9606.ENSP00000388107	9606.ENSP00000481380	UBA52	CCNA2	9606	0.895	0	0	0	0	0.8	0.5	0
9606.ENSP00000388107	9606.ENSP00000311083	UBA52	CKS1B	9606	0.895	0	0	0	0	0.8	0.5	0
9606.ENSP00000388107	9606.ENSP00000355315	UBA52	RPL39	9606	0.895	0	0	0	0	0.895	0	0
9606.ENSP00000388107	9606.ENSP00000484998	UBA52	PSMC6	9606	0.887	0	0	0	0	0.887	0	0
9606.ENSP00000388107	9606.ENSP00000345837	UBA52	DPY30	9606	0.877	0	0	0	0	0.877	0	0
9606.ENSP00000388107	9606.ENSP00000340896	UBA52	ASH2L	9606	0.877	0	0	0	0	0.877	0	0
9606.ENSP00000388107	9606.ENSP00000302886	UBA52	PA2G4	9606	0.877	0	0	0	0	0.877	0	0
9606.ENSP00000388107	9606.ENSP00000404375	UBA52	RPL36A	9606	0.875	0	0	0	0	0.875	0	0
9606.ENSP00000388107	9606.ENSP00000346012	UBA52	RPL36AL	9606	0.875	0	0	0	0	0.875	0	0
9606.ENSP00000388107	9606.ENSP00000268206	UBA52	EFL1	9606	0.87	0	0	0	0	0.87	0	0
9606.ENSP00000388107	9606.ENSP00000336702	UBA52	EIF5A	9606	0.869	0	0	0	0	0.869	0	0
9606.ENSP00000388107	9606.ENSP00000223641	UBA52	SEC61B	9606	0.866	0	0	0	0	0.866	0	0
9606.ENSP00000388107	9606.ENSP00000261303	UBA52	PSMC1	9606	0.866	0	0	0	0	0.865	0	0
9606.ENSP00000388107	9606.ENSP00000348442	UBA52	PSMD12	9606	0.865	0	0	0	0	0.865	0	0
9606.ENSP00000388107	9606.ENSP00000414359	UBA52	PSMA1	9606	0.864	0	0	0	0	0.864	0	0
9606.ENSP00000388107	9606.ENSP00000261712	UBA52	PSMD11	9606	0.864	0	0	0	0	0.864	0	0
9606.ENSP00000388107	9606.ENSP00000310572	UBA52	PSMC5	9606	0.864	0	0	0	0	0.864	0	0
9606.ENSP00000388107	9606.ENSP00000261479	UBA52	PSMA6	9606	0.864	0	0	0	0	0.864	0	0
9606.ENSP00000388107	9606.ENSP00000246868	UBA52	SBDS	9606	0.863	0	0	0	0	0.863	0	0
9606.ENSP00000388107	9606.ENSP00000362334	UBA52	PSMB2	9606	0.863	0	0	0	0	0.863	0	0
9606.ENSP00000388107	9606.ENSP00000271308	UBA52	PSMA5	9606	0.861	0	0	0	0	0.86	0	0
9606.ENSP00000388107	9606.ENSP00000433623	UBA52	TRAF6	9606	0.851	0	0	0	0	0.715	0.5	0
9606.ENSP00000388107	9606.ENSP00000351446	UBA52	WDR5	9606	0.843	0	0	0	0	0.843	0	0
9606.ENSP00000388107	9606.ENSP00000219313	UBA52	PSMD7	9606	0.842	0	0	0	0	0.842	0	0
9606.ENSP00000388107	9606.ENSP00000243253	UBA52	SEC61A1	9606	0.842	0	0	0	0	0.842	0	0
9606.ENSP00000388107	9606.ENSP00000434024	UBA52	H2AX	9606	0.842	0	0	0	0	0.842	0	0
9606.ENSP00000388107	9606.ENSP00000244537	UBA52	H4C6	9606	0.839	0	0	0	0	0.839	0	0
9606.ENSP00000388107	9606.ENSP00000479461	UBA52	H4C4	9606	0.837	0	0	0	0	0.837	0	0
9606.ENSP00000388107	9606.ENSP00000367034	UBA52	H4C3	9606	0.837	0	0	0	0	0.837	0	0
9606.ENSP00000388107	9606.ENSP00000366974	UBA52	H4C2	9606	0.837	0	0	0	0	0.837	0	0
9606.ENSP00000388107	9606.ENSP00000479106	UBA52	H4C1	9606	0.837	0	0	0	0	0.837	0	0
9606.ENSP00000388107	9606.ENSP00000484789	UBA52	H4C5	9606	0.837	0	0	0	0	0.837	0	0
9606.ENSP00000388107	9606.ENSP00000480960	UBA52	H4C13	9606	0.837	0	0	0	0	0.837	0	0
9606.ENSP00000388107	9606.ENSP00000347168	UBA52	H4C11	9606	0.837	0	0	0	0	0.837	0	0
9606.ENSP00000388107	9606.ENSP00000462667	UBA52	H4C14	9606	0.837	0	0	0	0	0.837	0	0
9606.ENSP00000388107	9606.ENSP00000479794	UBA52	H4C12	9606	0.837	0	0	0	0	0.837	0	0
9606.ENSP00000388107	9606.ENSP00000481486	UBA52	H4C9	9606	0.837	0	0	0	0	0.837	0	0
9606.ENSP00000388107	9606.ENSP00000388337	UBA52	SEC61G	9606	0.837	0	0	0	0	0.837	0	0
9606.ENSP00000388107	9606.ENSP00000443017	UBA52	H4-16	9606	0.837	0	0	0	0	0.837	0	0
9606.ENSP00000388107	9606.ENSP00000462355	UBA52	H4C15	9606	0.837	0	0	0	0	0.837	0	0
9606.ENSP00000388107	9606.ENSP00000489236	UBA52	H4C8	9606	0.837	0	0	0	0	0.837	0	0
9606.ENSP00000388107	9606.ENSP00000157812	UBA52	PSMC4	9606	0.835	0	0	0	0	0.835	0	0
9606.ENSP00000388107	9606.ENSP00000391211	UBA52	PSMC2	9606	0.835	0	0	0	0	0.835	0	0
9606.ENSP00000388107	9606.ENSP00000481029	UBA52	PSMC3	9606	0.835	0	0	0	0	0.835	0	0
9606.ENSP00000388107	9606.ENSP00000396937	UBA52	PSMD13	9606	0.835	0	0	0	0	0.835	0	0
9606.ENSP00000388107	9606.ENSP00000264639	UBA52	PSMD3	9606	0.835	0	0	0	0	0.835	0	0
9606.ENSP00000388107	9606.ENSP00000418695	UBA52	PSMD6	9606	0.835	0	0	0	0	0.835	0	0
9606.ENSP00000388107	9606.ENSP00000215071	UBA52	PSMD8	9606	0.835	0	0	0	0	0.835	0	0
9606.ENSP00000388107	9606.ENSP00000223321	UBA52	PSMA2	9606	0.835	0	0	0	0	0.835	0	0
9606.ENSP00000388107	9606.ENSP00000216455	UBA52	PSMA3	9606	0.835	0	0	0	0	0.835	0	0
9606.ENSP00000388107	9606.ENSP00000309474	UBA52	PSMD1	9606	0.835	0	0	0	0	0.835	0	0
9606.ENSP00000388107	9606.ENSP00000290541	UBA52	PSMB4	9606	0.835	0	0	0	0	0.835	0	0
9606.ENSP00000388107	9606.ENSP00000044462	UBA52	PSMA4	9606	0.835	0	0	0	0	0.835	0	0
9606.ENSP00000388107	9606.ENSP00000471455	UBA52	CCDC124	9606	0.835	0	0	0	0	0.835	0	0
9606.ENSP00000388107	9606.ENSP00000262193	UBA52	PSMB1	9606	0.835	0	0	0	0	0.835	0	0
9606.ENSP00000388107	9606.ENSP00000483688	UBA52	PSMB3	9606	0.835	0	0	0	0	0.835	0	0
9606.ENSP00000388107	9606.ENSP00000436786	UBA52	KMT2A	9606	0.831	0	0	0	0	0.831	0	0
9606.ENSP00000388107	9606.ENSP00000259457	UBA52	PSMB7	9606	0.826	0	0	0	0	0.826	0	0
9606.ENSP00000388107	9606.ENSP00000355325	UBA52	PSMB5	9606	0.826	0	0	0	0	0.826	0	0
9606.ENSP00000388107	9606.ENSP00000356811	UBA52	HBS1L	9606	0.826	0	0	0	0	0.826	0	0
9606.ENSP00000388107	9606.ENSP00000359910	UBA52	PSMA7	9606	0.826	0	0	0	0	0.826	0	0
9606.ENSP00000388107	9606.ENSP00000270586	UBA52	PSMB6	9606	0.826	0	0	0	0	0.826	0	0
9606.ENSP00000388107	9606.ENSP00000274311	UBA52	PELO	9606	0.826	0	0	0	0	0.826	0	0
9606.ENSP00000388107	9606.ENSP00000312066	UBA52	SRP68	9606	0.808	0	0	0	0	0.808	0	0
9606.ENSP00000388107	9606.ENSP00000451818	UBA52	SRP54	9606	0.808	0	0	0	0	0.808	0	0
9606.ENSP00000388107	9606.ENSP00000305230	UBA52	SRP9	9606	0.808	0	0	0	0	0.808	0	0
9606.ENSP00000388107	9606.ENSP00000424870	UBA52	SRP19	9606	0.807	0	0	0	0	0.807	0	0
9606.ENSP00000388107	9606.ENSP00000478783	UBA52	LTN1	9606	0.8	0	0	0	0	0.8	0	0
9606.ENSP00000388107	9606.ENSP00000427802	UBA52	NACA2	9606	0.8	0	0	0	0	0.8	0	0
9606.ENSP00000388107	9606.ENSP00000364965	UBA52	SECISBP2	9606	0.8	0	0	0	0	0.8	0	0
9606.ENSP00000388107	9606.ENSP00000328023	UBA52	SRPRA	9606	0.8	0	0	0	0	0.8	0	0
9606.ENSP00000388107	9606.ENSP00000345917	UBA52	LYAR	9606	0.8	0	0	0	0	0.8	0	0
9606.ENSP00000388107	9606.ENSP00000418401	UBA52	SRPRB	9606	0.8	0	0	0	0	0.8	0	0
9606.ENSP00000388107	9606.ENSP00000258821	UBA52	TTC5	9606	0.8	0	0	0	0	0.8	0	0
9606.ENSP00000388107	9606.ENSP00000360242	UBA52	XIAP	9606	0.8	0	0	0	0	0.8	0	0
9606.ENSP00000388107	9606.ENSP00000339063	UBA52	EEF1A1	9606	0.8	0	0	0	0	0.8	0	0
9606.ENSP00000388107	9606.ENSP00000298310	UBA52	NEMF	9606	0.8	0	0	0	0	0.8	0	0
9606.ENSP00000388107	9606.ENSP00000296577	UBA52	ABCE1	9606	0.8	0	0	0	0	0.8	0	0
9606.ENSP00000388107	9606.ENSP00000353741	UBA52	ETF1	9606	0.8	0	0	0	0	0.8	0	0
9606.ENSP00000388107	9606.ENSP00000262189	UBA52	KMT2C	9606	0.8	0	0	0	0	0.8	0	0
9606.ENSP00000388107	9606.ENSP00000254730	UBA52	EEFSEC	9606	0.8	0	0	0	0	0.8	0	0
9606.ENSP00000388107	9606.ENSP00000448035	UBA52	NACA	9606	0.8	0	0	0	0	0.8	0	0
9606.ENSP00000388107	9606.ENSP00000264972	UBA52	ZAP70	9606	0.8	0	0	0	0	0.8	0	0
9606.ENSP00000388107	9606.ENSP00000369965	UBA52	BTF3	9606	0.8	0	0	0	0	0.8	0	0
9606.ENSP00000388107	9606.ENSP00000216037	UBA52	XBP1	9606	0.8	0	0	0	0	0.8	0	0
9606.ENSP00000388107	9606.ENSP00000339001	UBA52	TUBB	9606	0.8	0	0	0	0	0.8	0	0
9606.ENSP00000388107	9606.ENSP00000495128	UBA52	SRP72	9606	0.8	0	0	0	0	0.8	0	0
9606.ENSP00000388107	9606.ENSP00000267884	UBA52	SRP14	9606	0.8	0	0	0	0	0.8	0	0
9606.ENSP00000388107	9606.ENSP00000398131	UBA52	GSPT1	9606	0.8	0	0	0	0	0.8	0	0
9606.ENSP00000388107	9606.ENSP00000331019	UBA52	RPS27L	9606	0.76	0	0	0	0	0.5	0.54	0
9606.ENSP00000388107	9606.ENSP00000318944	UBA52	TRAF7	9606	0.749	0	0	0	0	0.749	0	0
9606.ENSP00000388107	9606.ENSP00000363559	UBA52	EIF6	9606	0.749	0	0	0	0	0.749	0	0
9606.ENSP00000388107	9606.ENSP00000229769	UBA52	FANCE	9606	0.739	0	0	0	0	0.5	0.5	0
9606.ENSP00000388107	9606.ENSP00000351777	UBA52	VCP	9606	0.724	0	0	0	0	0.471	0.5	0
9606.ENSP00000388107	9606.ENSP00000317376	UBA52	MRPS11	9606	0.713	0	0	0	0	0.403	0.54	0
9606.ENSP00000388107	9606.ENSP00000486252	UBA52	RPS4Y2	9606	0.713	0	0	0	0	0.403	0.54	0
9606.ENSP00000394757	9606.ENSP00000270722	ZNF516	PRDM16	9606	0.991	0	0	0	0	0.61	0.9	0.804
9606.ENSP00000394757	9606.ENSP00000383042	ZNF516	KDM1A	9606	0.961	0	0	0	0	0.457	0.9	0.353
9606.ENSP00000394757	9606.ENSP00000262241	ZNF516	RCOR1	9606	0.842	0	0	0	0	0.538	0	0.673
9606.ENSP00000394757	9606.ENSP00000290921	ZNF516	CTBP1	9606	0.759	0	0	0	0	0.629	0	0.378
9606.ENSP00000398824	9606.ENSP00000262241	PHF21A	RCOR1	9606	0.999	0	0	0	0	0.583	0.9	0.981
9606.ENSP00000398824	9606.ENSP00000328269	PHF21A	HMG20B	9606	0.998	0	0	0	0	0.671	0.8	0.982
9606.ENSP00000398824	9606.ENSP00000383042	PHF21A	KDM1A	9606	0.998	0	0	0	0	0.457	0.9	0.974
9606.ENSP00000398824	9606.ENSP00000362649	PHF21A	HDAC1	9606	0.994	0	0	0	0	0.457	0.5	0.982
9606.ENSP00000398824	9606.ENSP00000430432	PHF21A	HDAC2	9606	0.969	0	0	0	0	0.457	0.5	0.895
9606.ENSP00000398824	9606.ENSP00000360526	PHF21A	ZNF217	9606	0.925	0	0	0	0	0	0	0.925
9606.ENSP00000398824	9606.ENSP00000013807	PHF21A	ERCC1	9606	0.921	0	0	0	0	0	0.9	0.243
9606.ENSP00000398824	9606.ENSP00000310520	PHF21A	ERCC4	9606	0.906	0	0	0	0	0	0.9	0.102
9606.ENSP00000398824	9606.ENSP00000233146	PHF21A	MSH2	9606	0.9	0	0	0	0	0	0.9	0
9606.ENSP00000398824	9606.ENSP00000313420	PHF21A	PRKDC	9606	0.9	0	0	0	0	0	0.9	0
9606.ENSP00000398824	9606.ENSP00000367527	PHF21A	DCLRE1C	9606	0.9	0	0	0	0	0	0.9	0
9606.ENSP00000398824	9606.ENSP00000382218	PHF21A	ZSWIM7	9606	0.9	0	0	0	0	0	0.9	0
9606.ENSP00000398824	9606.ENSP00000359300	PHF21A	CETN2	9606	0.9	0	0	0	0	0	0.9	0
9606.ENSP00000398824	9606.ENSP00000484288	PHF21A	LIG4	9606	0.9	0	0	0	0	0	0.9	0
9606.ENSP00000398824	9606.ENSP00000310008	PHF21A	SWSAP1	9606	0.9	0	0	0	0	0	0.9	0
9606.ENSP00000398824	9606.ENSP00000375978	PHF21A	XRCC5	9606	0.9	0	0	0	0	0	0.9	0
9606.ENSP00000398824	9606.ENSP00000421491	PHF21A	XRCC4	9606	0.9	0	0	0	0	0	0.9	0
9606.ENSP00000398824	9606.ENSP00000278616	PHF21A	ATM	9606	0.9	0	0	0	0	0	0.9	0
9606.ENSP00000398824	9606.ENSP00000349313	PHF21A	NHEJ1	9606	0.9	0	0	0	0	0	0.9	0
9606.ENSP00000398824	9606.ENSP00000300145	PHF21A	ATP23	9606	0.9	0	0	0	0	0	0.9	0
9606.ENSP00000398824	9606.ENSP00000265038	PHF21A	ERCC8	9606	0.9	0	0	0	0	0	0.9	0
9606.ENSP00000398824	9606.ENSP00000472445	PHF21A	POLD1	9606	0.9	0	0	0	0	0	0.9	0
9606.ENSP00000398824	9606.ENSP00000234420	PHF21A	MSH6	9606	0.9	0	0	0	0	0	0.9	0
9606.ENSP00000398824	9606.ENSP00000498881	PHF21A	ERCC5	9606	0.9	0	0	0	0	0	0.9	0
9606.ENSP00000398824	9606.ENSP00000350708	PHF21A	RAD23B	9606	0.9	0	0	0	0	0	0.9	0
9606.ENSP00000398824	9606.ENSP00000360682	PHF21A	PAXX	9606	0.9	0	0	0	0	0	0.9	0
9606.ENSP00000398824	9606.ENSP00000285021	PHF21A	XPC	9606	0.9	0	0	0	0	0	0.9	0
9606.ENSP00000398824	9606.ENSP00000352257	PHF21A	XRCC6	9606	0.9	0	0	0	0	0	0.9	0
9606.ENSP00000398824	9606.ENSP00000290921	PHF21A	CTBP1	9606	0.884	0	0	0	0	0	0	0.884
9606.ENSP00000398824	9606.ENSP00000355657	PHF21A	H3-4	9606	0.777	0	0	0	0	0.3	0	0.695
9606.ENSP00000398824	9606.ENSP00000254810	PHF21A	H3-3B	9606	0.777	0	0	0	0	0.3	0	0.695
9606.ENSP00000398824	9606.ENSP00000371133	PHF21A	HMG20A	9606	0.729	0	0	0	0	0.593	0	0.363
9606.ENSP00000398824	9606.ENSP00000265081	PHF21A	MSH3	9606	0.72	0	0	0	0	0	0.72	0
9606.ENSP00000400142	9606.ENSP00000356520	EWSR1	DHX9	9606	0.988	0	0	0	0	0.457	0	0.979
9606.ENSP00000400142	9606.ENSP00000361626	EWSR1	YBX1	9606	0.909	0	0	0	0	0.292	0	0.877
9606.ENSP00000400142	9606.ENSP00000254108	EWSR1	FUS	9606	0.871	0	0	0	0	0.457	0	0.773
9606.ENSP00000400142	9606.ENSP00000244520	EWSR1	SNRPC	9606	0.865	0	0	0	0	0.453	0	0.765
9606.ENSP00000400142	9606.ENSP00000219782	EWSR1	MAZ	9606	0.806	0	0	0	0	0.166	0	0.778
9606.ENSP00000400142	9606.ENSP00000353401	EWSR1	CUX1	9606	0.792	0	0	0	0	0	0	0.792
9606.ENSP00000400142	9606.ENSP00000425979	EWSR1	DROSHA	9606	0.791	0	0	0	0	0	0	0.791
9606.ENSP00000400142	9606.ENSP00000355759	EWSR1	PARP1	9606	0.735	0	0	0	0	0.303	0	0.636
9606.ENSP00000400142	9606.ENSP00000383042	EWSR1	KDM1A	9606	0.711	0	0	0	0	0	0	0.711
9606.ENSP00000402515	9606.ENSP00000470142	SMG1	UPF1	9606	0.999	0	0	0	0	0.734	0.9	0.985
9606.ENSP00000402515	9606.ENSP00000270066	SMG1	SMG9	9606	0.999	0	0	0	0	0.96	0.8	0.981
9606.ENSP00000402515	9606.ENSP00000438748	SMG1	SMG8	9606	0.999	0	0	0	0	0.96	0.8	0.983
9606.ENSP00000402515	9606.ENSP00000348708	SMG1	UPF2	9606	0.995	0	0	0	0	0.734	0	0.984
9606.ENSP00000402515	9606.ENSP00000364448	SMG1	UPF3A	9606	0.988	0	0	0	0	0.457	0	0.98
9606.ENSP00000402515	9606.ENSP00000353741	SMG1	ETF1	9606	0.844	0	0	0	0	0.734	0	0.438
9606.ENSP00000402515	9606.ENSP00000341247	SMG1	GSPT2	9606	0.819	0	0	0	0	0.734	0	0.349
9606.ENSP00000402515	9606.ENSP00000425133	SMG1	SMG7	9606	0.806	0	0	0	0	0.734	0	0.302
9606.ENSP00000402515	9606.ENSP00000262319	SMG1	TELO2	9606	0.805	0	0	0	0	0.577	0.54	0.079
9606.ENSP00000402515	9606.ENSP00000457870	SMG1	MLST8	9606	0.791	0	0	0	0	0.397	0.54	0.31
9606.ENSP00000402515	9606.ENSP00000313007	SMG1	PABPC1	9606	0.788	0	0	0	0	0.734	0	0.239
9606.ENSP00000402515	9606.ENSP00000265960	SMG1	MAPKAP1	9606	0.781	0	0	0	0	0.379	0.54	0.296
9606.ENSP00000402515	9606.ENSP00000307272	SMG1	RPTOR	9606	0.781	0	0	0	0	0.366	0.54	0.31
9606.ENSP00000402515	9606.ENSP00000296782	SMG1	RICTOR	9606	0.78	0	0	0	0	0.372	0.54	0.301
9606.ENSP00000402515	9606.ENSP00000326806	SMG1	NCBP2	9606	0.78	0	0	0	0	0.734	0	0.21
9606.ENSP00000402515	9606.ENSP00000362547	SMG1	TTI1	9606	0.739	0	0	0	0	0.457	0.54	0
9606.ENSP00000402515	9606.ENSP00000497641	SMG1	EIF4A3	9606	0.734	0	0	0	0	0.734	0	0
9606.ENSP00000402515	9606.ENSP00000463058	SMG1	RBM8A	9606	0.734	0	0	0	0	0.734	0	0
9606.ENSP00000402515	9606.ENSP00000398131	SMG1	GSPT1	9606	0.72	0	0	0	0	0.292	0	0.621
9606.ENSP00000402515	9606.ENSP00000276201	SMG1	UPF3B	9606	0.716	0	0	0	0	0.457	0	0.499
9606.ENSP00000402515	9606.ENSP00000356811	SMG1	HBS1L	9606	0.707	0	0	0	0	0	0	0.707
9606.ENSP00000405330	9606.ENSP00000385216	ESR1	NCOA1	9606	0.999	0	0	0	0	0.947	0.8	0.924
9606.ENSP00000405330	9606.ENSP00000399968	ESR1	NCOA2	9606	0.999	0	0	0	0	0.961	0.8	0.947
9606.ENSP00000405330	9606.ENSP00000361066	ESR1	NCOA3	9606	0.999	0	0	0	0	0.542	0.9	0.981
9606.ENSP00000405330	9606.ENSP00000360266	ESR1	JUN	9606	0.998	0	0	0	0	0.457	0.9	0.982
9606.ENSP00000405330	9606.ENSP00000306245	ESR1	FOS	9606	0.998	0	0	0	0	0.457	0.9	0.98
9606.ENSP00000405330	9606.ENSP00000268712	ESR1	NCOR1	9606	0.998	0	0	0	0	0.457	0.9	0.968
9606.ENSP00000405330	9606.ENSP00000329357	ESR1	SP1	9606	0.997	0	0	0	0	0.526	0.9	0.956
9606.ENSP00000405330	9606.ENSP00000343925	ESR1	ESR2	9606	0.996	0	0	0	0	0.483	0.9	0.929
9606.ENSP00000405330	9606.ENSP00000497069	ESR1	IGF1R	9606	0.994	0	0	0	0	0.457	0.5	0.982
9606.ENSP00000405330	9606.ENSP00000339191	ESR1	CAV1	9606	0.994	0	0	0	0	0.457	0.5	0.982
9606.ENSP00000405330	9606.ENSP00000362680	ESR1	SRC	9606	0.993	0	0	0	0	0.483	0.4	0.982
9606.ENSP00000405330	9606.ENSP00000300651	ESR1	MED1	9606	0.993	0	0	0	0	0.49	0.9	0.886
9606.ENSP00000405330	9606.ENSP00000327213	ESR1	NRIP1	9606	0.992	0	0	0	0	0.526	0.5	0.972
9606.ENSP00000405330	9606.ENSP00000291295	ESR1	CALM3	9606	0.99	0	0	0	0	0.916	0	0.89
9606.ENSP00000405330	9606.ENSP00000335153	ESR1	HSP90AA1	9606	0.99	0	0	0	0	0.462	0.5	0.969
9606.ENSP00000405330	9606.ENSP00000250448	ESR1	FOXA1	9606	0.988	0	0	0	0	0.457	0.5	0.961
9606.ENSP00000405330	9606.ENSP00000362649	ESR1	HDAC1	9606	0.983	0	0	0	0	0.457	0	0.971
9606.ENSP00000405330	9606.ENSP00000400717	ESR1	GNA13	9606	0.982	0	0	0	0	0	0	0.982
9606.ENSP00000405330	9606.ENSP00000360609	ESR1	HSP90AB1	9606	0.982	0	0	0	0	0.231	0.5	0.957
9606.ENSP00000405330	9606.ENSP00000380033	ESR1	DDX17	9606	0.981	0	0	0	0	0.457	0	0.968
9606.ENSP00000405330	9606.ENSP00000428056	ESR1	PIK3R1	9606	0.98	0	0	0	0	0.457	0.4	0.946
9606.ENSP00000405330	9606.ENSP00000401303	ESR1	SHC1	9606	0.98	0	0	0	0	0.457	0.5	0.934
9606.ENSP00000405330	9606.ENSP00000418960	ESR1	BRCA1	9606	0.978	0	0	0	0	0.457	0	0.962
9606.ENSP00000405330	9606.ENSP00000340989	ESR1	SFN	9606	0.976	0	0	0	0	0.902	0	0.766
9606.ENSP00000405330	9606.ENSP00000363822	ESR1	AR	9606	0.967	0	0	0	0	0	0	0.967
9606.ENSP00000405330	9606.ENSP00000315299	ESR1	CALML3	9606	0.966	0	0	0	0	0	0	0.966
9606.ENSP00000405330	9606.ENSP00000384018	ESR1	NCOR2	9606	0.966	0	0	0	0	0.457	0.5	0.887
9606.ENSP00000405330	9606.ENSP00000369689	ESR1	CALML5	9606	0.962	0	0	0	0	0	0	0.962
9606.ENSP00000405330	9606.ENSP00000304643	ESR1	CALML6	9606	0.962	0	0	0	0	0	0	0.962
9606.ENSP00000405330	9606.ENSP00000419081	ESR1	CALML4	9606	0.962	0	0	0	0	0	0	0.962
9606.ENSP00000405330	9606.ENSP00000287394	ESR1	ATAD2	9606	0.951	0	0	0	0	0.318	0.9	0.34
9606.ENSP00000405330	9606.ENSP00000325690	ESR1	CARM1	9606	0.943	0	0	0	0	0.457	0.9	0.051
9606.ENSP00000405330	9606.ENSP00000361930	ESR1	YWHAB	9606	0.942	0	0	0	0	0.905	0	0.416
9606.ENSP00000405330	9606.ENSP00000263253	ESR1	EP300	9606	0.941	0	0	0	0	0.49	0.5	0.788
9606.ENSP00000405330	9606.ENSP00000262367	ESR1	CREBBP	9606	0.938	0	0	0	0	0.457	0.5	0.79
9606.ENSP00000405330	9606.ENSP00000227507	ESR1	CCND1	9606	0.928	0	0	0	0	0.457	0	0.873
9606.ENSP00000405330	9606.ENSP00000499717	ESR1	CALM1	9606	0.927	0	0	0	0	0.927	0	0
9606.ENSP00000405330	9606.ENSP00000368632	ESR1	GATA3	9606	0.925	0	0	0	0	0.526	0.5	0.711
9606.ENSP00000405330	9606.ENSP00000346839	ESR1	FN1	9606	0.923	0	0	0	0	0.9	0	0.263
9606.ENSP00000405330	9606.ENSP00000263918	ESR1	STRN	9606	0.922	0	0	0	0	0	0.8	0.63
9606.ENSP00000405330	9606.ENSP00000303754	ESR1	PPID	9606	0.917	0	0	0	0	0.292	0.5	0.785
9606.ENSP00000405330	9606.ENSP00000391669	ESR1	BCAR1	9606	0.903	0	0	0	0	0.457	0	0.83
9606.ENSP00000405330	9606.ENSP00000225792	ESR1	DDX5	9606	0.903	0	0	0	0	0.457	0.5	0.674
9606.ENSP00000405330	9606.ENSP00000499797	ESR1	CALM2	9606	0.9	0	0	0	0	0.9	0	0
9606.ENSP00000405330	9606.ENSP00000325120	ESR1	PGR	9606	0.899	0	0	0	0	0.526	0.7	0.352
9606.ENSP00000405330	9606.ENSP00000384273	ESR1	RELA	9606	0.894	0	0	0	0	0.457	0	0.814
9606.ENSP00000405330	9606.ENSP00000441875	ESR1	PHB2	9606	0.889	0	0	0	0	0.457	0	0.804
9606.ENSP00000405330	9606.ENSP00000482075	ESR1	PTGES3	9606	0.886	0	0	0	0	0.457	0.8	0
9606.ENSP00000405330	9606.ENSP00000337088	ESR1	MEN1	9606	0.886	0	0	0	0	0.302	0	0.844
9606.ENSP00000405330	9606.ENSP00000230354	ESR1	TBP	9606	0.885	0	0	0	0	0.457	0.72	0.308
9606.ENSP00000405330	9606.ENSP00000226574	ESR1	NFKB1	9606	0.883	0	0	0	0	0.457	0	0.794
9606.ENSP00000405330	9606.ENSP00000342235	ESR1	ERBB4	9606	0.881	0	0	0	0	0.292	0.8	0.231
9606.ENSP00000405330	9606.ENSP00000264867	ESR1	PPARGC1A	9606	0.878	0	0	0	0	0.476	0	0.778
9606.ENSP00000405330	9606.ENSP00000376637	ESR1	IGF1	9606	0.878	0	0	0	0	0	0	0.878
9606.ENSP00000405330	9606.ENSP00000495360	ESR1	CTNNB1	9606	0.877	0	0	0	0	0.292	0	0.834
9606.ENSP00000405330	9606.ENSP00000383042	ESR1	KDM1A	9606	0.876	0	0	0	0	0.329	0.5	0.662
9606.ENSP00000405330	9606.ENSP00000359531	ESR1	GTF2B	9606	0.868	0	0	0	0	0.292	0.72	0.391
9606.ENSP00000405330	9606.ENSP00000159111	ESR1	KDM4B	9606	0.863	0	0	0	0	0.457	0.5	0.536
9606.ENSP00000405330	9606.ENSP00000370896	ESR1	GREB1	9606	0.862	0	0	0	0	0.457	0.5	0.533
9606.ENSP00000405330	9606.ENSP00000275493	ESR1	EGFR	9606	0.85	0	0	0	0	0.457	0	0.736
9606.ENSP00000405330	9606.ENSP00000282753	ESR1	GRM1	9606	0.849	0	0	0	0	0	0	0.849
9606.ENSP00000405330	9606.ENSP00000269305	ESR1	TP53	9606	0.841	0	0	0	0	0.457	0	0.72
9606.ENSP00000405330	9606.ENSP00000467423	ESR1	SAFB	9606	0.84	0	0	0	0	0.457	0	0.719
9606.ENSP00000405330	9606.ENSP00000001008	ESR1	FKBP4	9606	0.836	0	0	0	0	0.329	0.5	0.551
9606.ENSP00000405330	9606.ENSP00000425979	ESR1	DROSHA	9606	0.833	0	0	0	0	0	0	0.833
9606.ENSP00000405330	9606.ENSP00000419184	ESR1	SMYD3	9606	0.814	0	0	0	0	0.292	0	0.749
9606.ENSP00000405330	9606.ENSP00000304895	ESR1	IRS1	9606	0.806	0	0	0	0	0.292	0	0.738
9606.ENSP00000405330	9606.ENSP00000340507	ESR1	TRIM24	9606	0.804	0	0	0	0	0.457	0	0.655
9606.ENSP00000405330	9606.ENSP00000444810	ESR1	FKBP5	9606	0.796	0	0	0	0	0.421	0.5	0.352
9606.ENSP00000405330	9606.ENSP00000320147	ESR1	EZH2	9606	0.796	0	0	0	0	0.302	0	0.72
9606.ENSP00000405330	9606.ENSP00000301396	ESR1	PELP1	9606	0.791	0	0	0	0	0.457	0	0.631
9606.ENSP00000405330	9606.ENSP00000323720	ESR1	MED14	9606	0.787	0	0	0	0	0.49	0	0.601
9606.ENSP00000405330	9606.ENSP00000264657	ESR1	STAT3	9606	0.781	0	0	0	0	0.457	0	0.614
9606.ENSP00000405330	9606.ENSP00000333633	ESR1	MTA1	9606	0.776	0	0	0	0	0.457	0	0.606
9606.ENSP00000405330	9606.ENSP00000437955	ESR1	HIF1A	9606	0.766	0	0	0	0	0.457	0	0.588
9606.ENSP00000405330	9606.ENSP00000358165	ESR1	FCGR1A	9606	0.761	0	0	0	0	0	0	0.761
9606.ENSP00000405330	9606.ENSP00000368880	ESR1	FOXO1	9606	0.755	0	0	0	0	0.457	0	0.569
9606.ENSP00000405330	9606.ENSP00000323967	ESR1	SMARCE1	9606	0.75	0	0	0	0	0.457	0	0.559
9606.ENSP00000405330	9606.ENSP00000337675	ESR1	EBAG9	9606	0.746	0	0	0	0	0	0	0.746
9606.ENSP00000405330	9606.ENSP00000310301	ESR1	SP3	9606	0.741	0	0	0	0	0.457	0	0.544
9606.ENSP00000405330	9606.ENSP00000351407	ESR1	ARNT	9606	0.74	0	0	0	0	0.476	0	0.524
9606.ENSP00000405330	9606.ENSP00000430432	ESR1	HDAC2	9606	0.731	0	0	0	0	0.341	0	0.609
9606.ENSP00000405330	9606.ENSP00000376611	ESR1	TDG	9606	0.729	0	0	0	0	0.457	0	0.522
9606.ENSP00000405330	9606.ENSP00000252542	ESR1	SAFB2	9606	0.728	0	0	0	0	0.292	0	0.632
9606.ENSP00000405330	9606.ENSP00000384851	ESR1	ESRRA	9606	0.728	0	0	0	0	0.457	0	0.521
9606.ENSP00000405330	9606.ENSP00000252137	ESR1	ESS2	9606	0.725	0	0	0	0	0	0	0.725
9606.ENSP00000405330	9606.ENSP00000396345	ESR1	CHD9	9606	0.723	0	0	0	0	0.292	0	0.625
9606.ENSP00000405330	9606.ENSP00000220003	ESR1	CSK	9606	0.722	0	0	0	0	0	0	0.722
9606.ENSP00000405330	9606.ENSP00000231509	ESR1	NR3C1	9606	0.722	0	0	0	0	0	0	0.722
9606.ENSP00000405330	9606.ENSP00000340823	ESR1	GTF2F2	9606	0.72	0	0	0	0	0	0.72	0
9606.ENSP00000405330	9606.ENSP00000445162	ESR1	GTF2H3	9606	0.72	0	0	0	0	0	0.72	0
9606.ENSP00000405330	9606.ENSP00000283875	ESR1	GTF2E1	9606	0.72	0	0	0	0	0	0.72	0
9606.ENSP00000405330	9606.ENSP00000452454	ESR1	GTF2A1	9606	0.72	0	0	0	0	0	0.72	0
9606.ENSP00000405330	9606.ENSP00000339495	ESR1	NELFB	9606	0.72	0	0	0	0	0.292	0	0.621
9606.ENSP00000405330	9606.ENSP00000341189	ESR1	PTK2	9606	0.719	0	0	0	0	0	0.5	0.462
9606.ENSP00000405330	9606.ENSP00000254227	ESR1	NR0B2	9606	0.718	0	0	0	0	0.457	0	0.502
9606.ENSP00000405330	9606.ENSP00000340330	ESR1	KAT5	9606	0.716	0	0	0	0	0.457	0.5	0
9606.ENSP00000405330	9606.ENSP00000413035	ESR1	RBFOX2	9606	0.714	0	0	0	0	0.292	0	0.613
9606.ENSP00000405330	9606.ENSP00000478887	ESR1	MYC	9606	0.709	0	0	0	0	0.457	0	0.487
9606.ENSP00000405330	9606.ENSP00000260947	ESR1	BARD1	9606	0.709	0	0	0	0	0.457	0	0.487
9606.ENSP00000405330	9606.ENSP00000263967	ESR1	PIK3CA	9606	0.707	0	0	0	0	0.457	0.4	0.175
9606.ENSP00000405330	9606.ENSP00000264255	ESR1	TXNDC9	9606	0.704	0	0	0	0	0	0	0.704
9606.ENSP00000405965	9606.ENSP00000348056	SUMO2	UBE2I	9606	0.999	0	0	0	0	0.976	0.9	0.67
9606.ENSP00000405965	9606.ENSP00000283195	SUMO2	RANBP2	9606	0.995	0	0	0	0	0.948	0.9	0.191
9606.ENSP00000405965	9606.ENSP00000376077	SUMO2	SUMO1	9606	0.989	0	0	0	0	0	0.9	0.897
9606.ENSP00000405965	9606.ENSP00000394791	SUMO2	SENP1	9606	0.982	0	0	0	0	0.973	0	0.382
9606.ENSP00000405965	9606.ENSP00000376611	SUMO2	TDG	9606	0.981	0	0	0	0	0.96	0	0.544
9606.ENSP00000405965	9606.ENSP00000246548	SUMO2	UBA2	9606	0.98	0	0	0	0	0.618	0.9	0.528
9606.ENSP00000405965	9606.ENSP00000421926	SUMO2	UIMC1	9606	0.976	0	0	0	0	0.96	0	0.434
9606.ENSP00000405965	9606.ENSP00000401470	SUMO2	RANGAP1	9606	0.976	0	0	0	0	0.963	0	0.365
9606.ENSP00000405965	9606.ENSP00000296257	SUMO2	SENP2	9606	0.973	0	0	0	0	0.973	0	0
9606.ENSP00000405965	9606.ENSP00000440440	SUMO2	ATF7IP	9606	0.943	0	0	0	0	0.943	0	0
9606.ENSP00000405965	9606.ENSP00000255304	SUMO2	USPL1	9606	0.942	0	0	0	0	0.939	0	0.093
9606.ENSP00000405965	9606.ENSP00000269305	SUMO2	TP53	9606	0.937	0	0	0	0	0.397	0.9	0
9606.ENSP00000405965	9606.ENSP00000270225	SUMO2	SAE1	9606	0.921	0	0	0	0	0.742	0.5	0.437
9606.ENSP00000405965	9606.ENSP00000318635	SUMO2	SUMO4	9606	0.9	0	0	0	0	0	0.9	0
9606.ENSP00000405965	9606.ENSP00000409666	SUMO2	SUMO3	9606	0.899	0	0	0	0	0.61	0.5	0.526
9606.ENSP00000405965	9606.ENSP00000426503	SUMO2	RNF4	9606	0.854	0	0	0	0	0.674	0	0.571
9606.ENSP00000405965	9606.ENSP00000465676	SUMO2	PIAS2	9606	0.811	0	0	0	0	0.593	0	0.556
9606.ENSP00000405965	9606.ENSP00000438574	SUMO2	PIAS1	9606	0.793	0	0	0	0	0.573	0	0.536
9606.ENSP00000405965	9606.ENSP00000253024	SUMO2	TRIM28	9606	0.78	0	0	0	0	0.457	0	0.612
9606.ENSP00000405965	9606.ENSP00000343023	SUMO2	SP100	9606	0.737	0	0	0	0	0.457	0	0.536
9606.ENSP00000405965	9606.ENSP00000355759	SUMO2	PARP1	9606	0.716	0	0	0	0	0.457	0.5	0
9606.ENSP00000405965	9606.ENSP00000294008	SUMO2	SLX4	9606	0.71	0	0	0	0	0.457	0	0.488
9606.ENSP00000405965	9606.ENSP00000359740	SUMO2	ZNF451	9606	0.704	0	0	0	0	0.509	0	0.422
9606.ENSP00000411099	9606.ENSP00000311360	TLK1	RAD9A	9606	0.737	0	0	0	0	0.292	0	0.645
9606.ENSP00000411099	9606.ENSP00000316512	TLK1	TLK2	9606	0.734	0	0	0	0	0.734	0	0
9606.ENSP00000412302	9606.ENSP00000362649	MBD3	HDAC1	9606	0.967	0	0	0	0	0.673	0.72	0.668
9606.ENSP00000412302	9606.ENSP00000278823	MBD3	MTA2	9606	0.961	0	0	0	0	0.694	0.8	0.417
9606.ENSP00000412302	9606.ENSP00000369424	MBD3	RBBP7	9606	0.96	0	0	0	0	0.671	0.8	0.444
9606.ENSP00000412302	9606.ENSP00000385823	MBD3	MTA3	9606	0.953	0	0	0	0	0.743	0.72	0.398
9606.ENSP00000412302	9606.ENSP00000369716	MBD3	CHD3	9606	0.948	0	0	0	0	0.671	0.72	0.488
9606.ENSP00000412302	9606.ENSP00000333633	MBD3	MTA1	9606	0.945	0	0	0	0	0.701	0.72	0.399
9606.ENSP00000412302	9606.ENSP00000362592	MBD3	RBBP4	9606	0.943	0	0	0	0	0.631	0.8	0.292
9606.ENSP00000412302	9606.ENSP00000430432	MBD3	HDAC2	9606	0.941	0	0	0	0	0.642	0.72	0.466
9606.ENSP00000412302	9606.ENSP00000440542	MBD3	CHD4	9606	0.941	0	0	0	0	0.671	0.72	0.42
9606.ENSP00000412302	9606.ENSP00000384899	MBD3	GATAD2A	9606	0.932	0	0	0	0	0.733	0.72	0.166
9606.ENSP00000412302	9606.ENSP00000357644	MBD3	GATAD2B	9606	0.887	0	0	0	0	0.73	0.54	0.166
9606.ENSP00000412302	9606.ENSP00000262450	MBD3	CHD5	9606	0.86	0	0	0	0	0.457	0.72	0.156
9606.ENSP00000412302	9606.ENSP00000383042	MBD3	KDM1A	9606	0.829	0	0	0	0	0.457	0.5	0.421
9606.ENSP00000412302	9606.ENSP00000217086	MBD3	SALL4	9606	0.795	0	0	0	0	0.607	0.5	0
9606.ENSP00000412302	9606.ENSP00000217244	MBD3	CSNK2A1	9606	0.763	0	0	0	0	0.19	0.72	0
9606.ENSP00000412302	9606.ENSP00000256429	MBD3	MBD2	9606	0.739	0	0	0	0	0.457	0.54	0
9606.ENSP00000413929	9606.ENSP00000383042	RCOR3	KDM1A	9606	0.973	0	0	0	0	0.961	0	0.341
9606.ENSP00000413929	9606.ENSP00000371133	RCOR3	HMG20A	9606	0.77	0	0	0	0	0.635	0	0.396
9606.ENSP00000413929	9606.ENSP00000430432	RCOR3	HDAC2	9606	0.763	0	0	0	0	0.457	0	0.582
9606.ENSP00000413929	9606.ENSP00000262241	RCOR3	RCOR1	9606	0.739	0	0	0	0	0.637	0	0.313
9606.ENSP00000413929	9606.ENSP00000328269	RCOR3	HMG20B	9606	0.7	0	0	0	0	0.625	0	0.235
9606.ENSP00000417980	9606.ENSP00000379078	EHMT1	EHMT2	9606	0.998	0	0	0	0	0.592	0.9	0.977
9606.ENSP00000417980	9606.ENSP00000480826	EHMT1	H3C1	9606	0.961	0	0	0	0	0.961	0	0
9606.ENSP00000417980	9606.ENSP00000355657	EHMT1	H3-4	9606	0.928	0	0	0	0	0.928	0	0
9606.ENSP00000417980	9606.ENSP00000254810	EHMT1	H3-3B	9606	0.915	0	0	0	0	0.915	0	0
9606.ENSP00000417980	9606.ENSP00000483283	EHMT1	H3C11	9606	0.915	0	0	0	0	0.915	0	0
9606.ENSP00000417980	9606.ENSP00000484841	EHMT1	H3C2	9606	0.913	0	0	0	0	0.913	0	0
9606.ENSP00000417980	9606.ENSP00000270722	EHMT1	PRDM16	9606	0.907	0	0	0	0	0	0	0.907
9606.ENSP00000417980	9606.ENSP00000352252	EHMT1	H3C12	9606	0.906	0	0	0	0	0.906	0	0
9606.ENSP00000417980	9606.ENSP00000339835	EHMT1	H3-5	9606	0.903	0	0	0	0	0.903	0	0
9606.ENSP00000417980	9606.ENSP00000358154	EHMT1	H3C14	9606	0.903	0	0	0	0	0.903	0	0
9606.ENSP00000417980	9606.ENSP00000489282	EHMT1	H3C6	9606	0.903	0	0	0	0	0.903	0	0
9606.ENSP00000417980	9606.ENSP00000333277	EHMT1	H3C13	9606	0.903	0	0	0	0	0.903	0	0
9606.ENSP00000417980	9606.ENSP00000358160	EHMT1	H3C10	9606	0.903	0	0	0	0	0.903	0	0
9606.ENSP00000417980	9606.ENSP00000484095	EHMT1	H3C7	9606	0.903	0	0	0	0	0.903	0	0
9606.ENSP00000417980	9606.ENSP00000484638	EHMT1	H3C8	9606	0.903	0	0	0	0	0.903	0	0
9606.ENSP00000417980	9606.ENSP00000499501	EHMT1	H3-2	9606	0.903	0	0	0	0	0.903	0	0
9606.ENSP00000417980	9606.ENSP00000355780	EHMT1	H3-3A	9606	0.903	0	0	0	0	0.903	0	0
9606.ENSP00000417980	9606.ENSP00000484658	EHMT1	H3C3	9606	0.903	0	0	0	0	0.903	0	0
9606.ENSP00000417980	9606.ENSP00000385479	EHMT1	H3C15	9606	0.903	0	0	0	0	0.903	0	0
9606.ENSP00000417980	9606.ENSP00000366999	EHMT1	H3C4	9606	0.903	0	0	0	0	0.903	0	0
9606.ENSP00000417980	9606.ENSP00000362649	EHMT1	HDAC1	9606	0.876	0	0	0	0	0.331	0	0.822
9606.ENSP00000417980	9606.ENSP00000352516	EHMT1	DNMT1	9606	0.759	0	0	0	0	0.292	0	0.674
9606.ENSP00000417980	9606.ENSP00000430432	EHMT1	HDAC2	9606	0.752	0	0	0	0	0.422	0	0.59
9606.ENSP00000417980	9606.ENSP00000336687	EHMT1	CBX3	9606	0.71	0	0	0	0	0.226	0.5	0.312
9606.ENSP00000418960	9606.ENSP00000369857	BRCA1	ABRAXAS1	9606	0.999	0	0	0	0	0.734	0.9	0.982
9606.ENSP00000418960	9606.ENSP00000343412	BRCA1	BABAM2	9606	0.999	0	0	0	0	0.642	0.9	0.978
9606.ENSP00000418960	9606.ENSP00000260947	BRCA1	BARD1	9606	0.999	0	0	0	0	0.972	0.9	0.987
9606.ENSP00000418960	9606.ENSP00000421926	BRCA1	UIMC1	9606	0.999	0	0	0	0	0.734	0.9	0.982
9606.ENSP00000418960	9606.ENSP00000261584	BRCA1	PALB2	9606	0.999	0	0	0	0	0.701	0.9	0.984
9606.ENSP00000418960	9606.ENSP00000259008	BRCA1	BRIP1	9606	0.999	0	0	0	0	0.972	0.9	0.982
9606.ENSP00000418960	9606.ENSP00000352408	BRCA1	BABAM1	9606	0.999	0	0	0	0	0.734	0.9	0.981
9606.ENSP00000418960	9606.ENSP00000358474	BRCA1	BRCC3	9606	0.999	0	0	0	0	0.642	0.9	0.981
9606.ENSP00000418960	9606.ENSP00000382628	BRCA1	RBBP8	9606	0.999	0	0	0	0	0.956	0.9	0.982
9606.ENSP00000418960	9606.ENSP00000493712	BRCA1	RAD51	9606	0.998	0	0	0	0	0.642	0.8	0.982
9606.ENSP00000418960	9606.ENSP00000278616	BRCA1	ATM	9606	0.998	0	0	0	0	0.587	0.8	0.979
9606.ENSP00000418960	9606.ENSP00000369497	BRCA1	BRCA2	9606	0.998	0	0	0	0	0.642	0.8	0.985
9606.ENSP00000418960	9606.ENSP00000287647	BRCA1	FANCD2	9606	0.994	0	0	0	0	0.566	0.54	0.976
9606.ENSP00000418960	9606.ENSP00000269305	BRCA1	TP53	9606	0.993	0	0	0	0	0.642	0	0.982
9606.ENSP00000418960	9606.ENSP00000371475	BRCA1	TP53BP1	9606	0.992	0	0	0	0	0.54	0.36	0.977
9606.ENSP00000418960	9606.ENSP00000417132	BRCA1	BAP1	9606	0.989	0	0	0	0	0.292	0.5	0.973
9606.ENSP00000418960	9606.ENSP00000403524	BRCA1	BRAP	9606	0.988	0	0	0	0	0.457	0	0.979
9606.ENSP00000418960	9606.ENSP00000243644	BRCA1	ZNF350	9606	0.988	0	0	0	0	0.457	0	0.98
9606.ENSP00000418960	9606.ENSP00000483300	BRCA1	ACACA	9606	0.986	0	0	0	0	0.967	0	0.599
9606.ENSP00000418960	9606.ENSP00000478887	BRCA1	MYC	9606	0.986	0	0	0	0	0.457	0	0.976
9606.ENSP00000418960	9606.ENSP00000365588	BRCA1	MDC1	9606	0.983	0	0	0	0	0.54	0	0.966
9606.ENSP00000418960	9606.ENSP00000325863	BRCA1	MRE11	9606	0.981	0	0	0	0	0.734	0.54	0.863
9606.ENSP00000418960	9606.ENSP00000405330	BRCA1	ESR1	9606	0.978	0	0	0	0	0.457	0	0.962
9606.ENSP00000418960	9606.ENSP00000372023	BRCA1	CHEK2	9606	0.975	0	0	0	0	0.457	0	0.956
9606.ENSP00000418960	9606.ENSP00000356520	BRCA1	DHX9	9606	0.969	0	0	0	0	0.457	0	0.947
9606.ENSP00000418960	9606.ENSP00000224140	BRCA1	SETX	9606	0.969	0	0	0	0	0.566	0	0.932
9606.ENSP00000418960	9606.ENSP00000434024	BRCA1	H2AX	9606	0.961	0	0	0	0	0.509	0.5	0.855
9606.ENSP00000418960	9606.ENSP00000260810	BRCA1	TOPBP1	9606	0.952	0	0	0	0	0.734	0.54	0.645
9606.ENSP00000418960	9606.ENSP00000349722	BRCA1	UBE2D3	9606	0.949	0	0	0	0	0.651	0	0.86
9606.ENSP00000418960	9606.ENSP00000365851	BRCA1	BMI1	9606	0.948	0	0	0	0	0	0.9	0.51
9606.ENSP00000418960	9606.ENSP00000310842	BRCA1	FANCI	9606	0.945	0	0	0	0	0.439	0.54	0.806
9606.ENSP00000418960	9606.ENSP00000368100	BRCA1	RAD50	9606	0.943	0	0	0	0	0.734	0.54	0.572
9606.ENSP00000418960	9606.ENSP00000264552	BRCA1	UBE2S	9606	0.938	0	0	0	0	0	0.9	0.406
9606.ENSP00000418960	9606.ENSP00000234420	BRCA1	MSH6	9606	0.936	0	0	0	0	0.457	0.54	0.767
9606.ENSP00000418960	9606.ENSP00000354394	BRCA1	STAT1	9606	0.933	0	0	0	0	0.292	0	0.91
9606.ENSP00000418960	9606.ENSP00000351284	BRCA1	RAD52	9606	0.93	0	0	0	0	0.421	0.5	0.779
9606.ENSP00000418960	9606.ENSP00000373952	BRCA1	FANCA	9606	0.926	0	0	0	0	0.587	0	0.829
9606.ENSP00000418960	9606.ENSP00000343896	BRCA1	SMARCA4	9606	0.919	0	0	0	0	0.457	0	0.857
9606.ENSP00000418960	9606.ENSP00000217109	BRCA1	CSTF1	9606	0.918	0	0	0	0	0.457	0	0.856
9606.ENSP00000418960	9606.ENSP00000263253	BRCA1	EP300	9606	0.914	0	0	0	0	0.457	0	0.849
9606.ENSP00000418960	9606.ENSP00000357113	BRCA1	IFI16	9606	0.913	0	0	0	0	0.457	0	0.848
9606.ENSP00000418960	9606.ENSP00000348554	BRCA1	CDC16	9606	0.912	0	0	0	0	0.164	0.9	0
9606.ENSP00000418960	9606.ENSP00000425979	BRCA1	DROSHA	9606	0.909	0	0	0	0	0	0	0.909
9606.ENSP00000418960	9606.ENSP00000339637	BRCA1	BRAT1	9606	0.907	0	0	0	0	0.618	0	0.769
9606.ENSP00000418960	9606.ENSP00000362649	BRCA1	HDAC1	9606	0.906	0	0	0	0	0.457	0	0.834
9606.ENSP00000418960	9606.ENSP00000386419	BRCA1	MZT2B	9606	0.9	0	0	0	0	0	0.9	0
9606.ENSP00000418960	9606.ENSP00000421842	BRCA1	ANAPC13	9606	0.9	0	0	0	0	0	0.9	0
9606.ENSP00000418960	9606.ENSP00000358862	BRCA1	PCGF6	9606	0.9	0	0	0	0	0	0.9	0
9606.ENSP00000418960	9606.ENSP00000420294	BRCA1	PHC3	9606	0.9	0	0	0	0	0	0.9	0
9606.ENSP00000418960	9606.ENSP00000248846	BRCA1	TUBGCP6	9606	0.9	0	0	0	0	0	0.9	0
9606.ENSP00000418960	9606.ENSP00000348838	BRCA1	UBE2C	9606	0.9	0	0	0	0	0	0.9	0
9606.ENSP00000418960	9606.ENSP00000426654	BRCA1	ANAPC4	9606	0.9	0	0	0	0	0	0.9	0
9606.ENSP00000418960	9606.ENSP00000356480	BRCA1	RNF2	9606	0.9	0	0	0	0	0	0.9	0
9606.ENSP00000418960	9606.ENSP00000437360	BRCA1	ANAPC15	9606	0.9	0	0	0	0	0	0.9	0
9606.ENSP00000418960	9606.ENSP00000260383	BRCA1	TUBGCP4	9606	0.9	0	0	0	0	0	0.9	0
9606.ENSP00000418960	9606.ENSP00000434614	BRCA1	CDC27	9606	0.9	0	0	0	0	0	0.9	0
9606.ENSP00000418960	9606.ENSP00000480316	BRCA1	TUBGCP5	9606	0.9	0	0	0	0	0	0.9	0
9606.ENSP00000418960	9606.ENSP00000308750	BRCA1	CBX2	9606	0.9	0	0	0	0	0	0.9	0
9606.ENSP00000418960	9606.ENSP00000363787	BRCA1	RING1	9606	0.9	0	0	0	0	0	0.9	0
9606.ENSP00000418960	9606.ENSP00000269385	BRCA1	CBX8	9606	0.9	0	0	0	0	0	0.9	0
9606.ENSP00000418960	9606.ENSP00000339109	BRCA1	ANAPC1	9606	0.9	0	0	0	0	0	0.9	0
9606.ENSP00000418960	9606.ENSP00000367049	BRCA1	MZT1	9606	0.9	0	0	0	0	0	0.9	0
9606.ENSP00000418960	9606.ENSP00000477760	BRCA1	ANAPC16	9606	0.9	0	0	0	0	0	0.9	0
9606.ENSP00000418960	9606.ENSP00000363322	BRCA1	CDC26	9606	0.9	0	0	0	0	0	0.9	0
9606.ENSP00000418960	9606.ENSP00000257118	BRCA1	PHC2	9606	0.9	0	0	0	0	0	0.9	0
9606.ENSP00000418960	9606.ENSP00000478501	BRCA1	ANAPC10	9606	0.9	0	0	0	0	0	0.9	0
9606.ENSP00000418960	9606.ENSP00000269397	BRCA1	CBX4	9606	0.9	0	0	0	0	0	0.9	0
9606.ENSP00000418960	9606.ENSP00000394394	BRCA1	ANAPC7	9606	0.9	0	0	0	0	0	0.9	0
9606.ENSP00000418960	9606.ENSP00000371308	BRCA1	CENPJ	9606	0.9	0	0	0	0	0	0.9	0
9606.ENSP00000418960	9606.ENSP00000261819	BRCA1	ANAPC5	9606	0.9	0	0	0	0	0	0.9	0
9606.ENSP00000418960	9606.ENSP00000437659	BRCA1	PHC1	9606	0.9	0	0	0	0	0	0.9	0
9606.ENSP00000418960	9606.ENSP00000314004	BRCA1	ANAPC2	9606	0.9	0	0	0	0	0	0.9	0
9606.ENSP00000418960	9606.ENSP00000367705	BRCA1	BCOR	9606	0.9	0	0	0	0	0	0.9	0.045
9606.ENSP00000418960	9606.ENSP00000262891	BRCA1	MARK4	9606	0.9	0	0	0	0	0	0.9	0
9606.ENSP00000418960	9606.ENSP00000482063	BRCA1	PCGF2	9606	0.9	0	0	0	0	0	0.9	0
9606.ENSP00000418960	9606.ENSP00000438788	BRCA1	CUL7	9606	0.9	0	0	0	0	0	0.9	0
9606.ENSP00000418960	9606.ENSP00000359398	BRCA1	BLOC1S2	9606	0.9	0	0	0	0	0	0.9	0
9606.ENSP00000418960	9606.ENSP00000378350	BRCA1	CDC23	9606	0.9	0	0	0	0	0	0.9	0
9606.ENSP00000418960	9606.ENSP00000349957	BRCA1	ANAPC11	9606	0.9	0	0	0	0	0	0.9	0
9606.ENSP00000418960	9606.ENSP00000358866	BRCA1	FLNA	9606	0.898	0	0	0	0	0.292	0	0.862
9606.ENSP00000418960	9606.ENSP00000265433	BRCA1	NBN	9606	0.894	0	0	0	0	0.587	0.54	0.489
9606.ENSP00000418960	9606.ENSP00000257904	BRCA1	CDK4	9606	0.886	0	0	0	0	0.457	0.8	0
9606.ENSP00000418960	9606.ENSP00000377492	BRCA1	HMMR	9606	0.884	0	0	0	0	0.401	0	0.814
9606.ENSP00000418960	9606.ENSP00000430432	BRCA1	HDAC2	9606	0.882	0	0	0	0	0.457	0	0.793
9606.ENSP00000418960	9606.ENSP00000375978	BRCA1	XRCC5	9606	0.868	0	0	0	0	0.457	0.54	0.516
9606.ENSP00000418960	9606.ENSP00000298139	BRCA1	WRN	9606	0.865	0	0	0	0	0.587	0.5	0.403
9606.ENSP00000418960	9606.ENSP00000341779	BRCA1	PPP1CC	9606	0.862	0	0	0	0	0.367	0	0.792
9606.ENSP00000418960	9606.ENSP00000369424	BRCA1	RBBP7	9606	0.859	0	0	0	0	0.457	0	0.751
9606.ENSP00000418960	9606.ENSP00000352271	BRCA1	XRCC2	9606	0.842	0	0	0	0	0	0.5	0.697
9606.ENSP00000418960	9606.ENSP00000323099	BRCA1	ATRIP	9606	0.842	0	0	0	0	0.618	0.5	0.242
9606.ENSP00000418960	9606.ENSP00000391090	BRCA1	CHEK1	9606	0.84	0	0	0	0	0.457	0	0.718
9606.ENSP00000418960	9606.ENSP00000262367	BRCA1	CREBBP	9606	0.831	0	0	0	0	0.457	0	0.702
9606.ENSP00000418960	9606.ENSP00000323421	BRCA1	SMC1A	9606	0.828	0	0	0	0	0.401	0.5	0.474
9606.ENSP00000418960	9606.ENSP00000482674	BRCA1	H2BC3	9606	0.827	0	0	0	0	0.489	0.5	0.378
9606.ENSP00000418960	9606.ENSP00000343741	BRCA1	ATR	9606	0.823	0	0	0	0	0.566	0.5	0.252
9606.ENSP00000418960	9606.ENSP00000361423	BRCA1	ABL1	9606	0.819	0	0	0	0	0.457	0	0.682
9606.ENSP00000418960	9606.ENSP00000231790	BRCA1	MLH1	9606	0.818	0	0	0	0	0.621	0.54	0
9606.ENSP00000418960	9606.ENSP00000216911	BRCA1	AURKA	9606	0.815	0	0	0	0	0.292	0	0.75
9606.ENSP00000418960	9606.ENSP00000358151	BRCA1	H2BC21	9606	0.809	0	0	0	0	0.458	0.5	0.354
9606.ENSP00000418960	9606.ENSP00000303373	BRCA1	H2AC8	9606	0.809	0	0	0	0	0.618	0.5	0.084
9606.ENSP00000418960	9606.ENSP00000216024	BRCA1	DMC1	9606	0.808	0	0	0	0	0	0.8	0.084
9606.ENSP00000418960	9606.ENSP00000317039	BRCA1	RMI1	9606	0.805	0	0	0	0	0.439	0.5	0.361
9606.ENSP00000418960	9606.ENSP00000284719	BRCA1	OLA1	9606	0.801	0	0	0	0	0.457	0	0.649
9606.ENSP00000418960	9606.ENSP00000332194	BRCA1	H2AC20	9606	0.8	0	0	0	0	0.457	0.5	0.325
9606.ENSP00000418960	9606.ENSP00000356840	BRCA1	POU2F1	9606	0.798	0	0	0	0	0.457	0	0.644
9606.ENSP00000418960	9606.ENSP00000306253	BRCA1	ITPR1	9606	0.797	0	0	0	0	0.322	0	0.714
9606.ENSP00000418960	9606.ENSP00000451974	BRCA1	XRCC3	9606	0.794	0	0	0	0	0	0.5	0.605
9606.ENSP00000418960	9606.ENSP00000233146	BRCA1	MSH2	9606	0.792	0	0	0	0	0.457	0.54	0.235
9606.ENSP00000418960	9606.ENSP00000472445	BRCA1	POLD1	9606	0.785	0	0	0	0	0.421	0.54	0.258
9606.ENSP00000418960	9606.ENSP00000254719	BRCA1	RPA1	9606	0.784	0	0	0	0	0.587	0.5	0
9606.ENSP00000418960	9606.ENSP00000355506	BRCA1	EXO1	9606	0.781	0	0	0	0	0.292	0.5	0.431
9606.ENSP00000418960	9606.ENSP00000332973	BRCA1	SMAD3	9606	0.78	0	0	0	0	0.457	0	0.613
9606.ENSP00000418960	9606.ENSP00000498881	BRCA1	ERCC5	9606	0.779	0	0	0	0	0.292	0.54	0.377
9606.ENSP00000418960	9606.ENSP00000300093	BRCA1	PLK1	9606	0.773	0	0	0	0	0.587	0	0.473
9606.ENSP00000418960	9606.ENSP00000347232	BRCA1	BLM	9606	0.773	0	0	0	0	0.566	0.5	0
9606.ENSP00000418960	9606.ENSP00000363019	BRCA1	UBE2D1	9606	0.773	0	0	0	0	0.651	0	0.377
9606.ENSP00000418960	9606.ENSP00000227507	BRCA1	CCND1	9606	0.769	0	0	0	0	0.457	0	0.593
9606.ENSP00000418960	9606.ENSP00000266970	BRCA1	CDK2	9606	0.765	0	0	0	0	0.457	0	0.585
9606.ENSP00000418960	9606.ENSP00000320147	BRCA1	EZH2	9606	0.761	0	0	0	0	0.457	0	0.578
9606.ENSP00000418960	9606.ENSP00000384273	BRCA1	RELA	9606	0.753	0	0	0	0	0.457	0	0.564
9606.ENSP00000418960	9606.ENSP00000399968	BRCA1	NCOA2	9606	0.748	0	0	0	0	0.457	0	0.556
9606.ENSP00000418960	9606.ENSP00000313420	BRCA1	PRKDC	9606	0.746	0	0	0	0	0.292	0.54	0.285
9606.ENSP00000418960	9606.ENSP00000261427	BRCA1	UBE2K	9606	0.744	0	0	0	0	0.618	0	0.358
9606.ENSP00000418960	9606.ENSP00000378181	BRCA1	BRD7	9606	0.741	0	0	0	0	0.292	0	0.649
9606.ENSP00000418960	9606.ENSP00000055077	BRCA1	RFC2	9606	0.739	0	0	0	0	0.164	0.5	0.427
9606.ENSP00000418960	9606.ENSP00000251413	BRCA1	TUBG1	9606	0.739	0	0	0	0	0.457	0.54	0
9606.ENSP00000418960	9606.ENSP00000481021	BRCA1	SEM1	9606	0.734	0	0	0	0	0.457	0.5	0.101
9606.ENSP00000418960	9606.ENSP00000376272	BRCA1	RFC4	9606	0.732	0	0	0	0	0.164	0.5	0.411
9606.ENSP00000418960	9606.ENSP00000375863	BRCA1	HNRNPUL1	9606	0.731	0	0	0	0	0	0	0.731
9606.ENSP00000418960	9606.ENSP00000310520	BRCA1	ERCC4	9606	0.73	0	0	0	0	0.439	0.54	0
9606.ENSP00000418960	9606.ENSP00000013807	BRCA1	ERCC1	9606	0.73	0	0	0	0	0.439	0.54	0
9606.ENSP00000418960	9606.ENSP00000222305	BRCA1	USF2	9606	0.729	0	0	0	0	0.292	0	0.634
9606.ENSP00000418960	9606.ENSP00000256442	BRCA1	CCNB1	9606	0.726	0	0	0	0	0.457	0	0.517
9606.ENSP00000418960	9606.ENSP00000265849	BRCA1	PMS2	9606	0.725	0	0	0	0	0.238	0.54	0.281
9606.ENSP00000418960	9606.ENSP00000216133	BRCA1	CBX7	9606	0.72	0	0	0	0	0	0.72	0
9606.ENSP00000418960	9606.ENSP00000353735	BRCA1	TOPORS	9606	0.72	0	0	0	0	0	0.72	0
9606.ENSP00000418960	9606.ENSP00000419881	BRCA1	RAD51B	9606	0.72	0	0	0	0	0.439	0.5	0.084
9606.ENSP00000418960	9606.ENSP00000287598	BRCA1	BUB1B	9606	0.72	0	0	0	0	0	0.72	0
9606.ENSP00000418960	9606.ENSP00000311500	BRCA1	MZT2A	9606	0.72	0	0	0	0	0	0.72	0
9606.ENSP00000418960	9606.ENSP00000406490	BRCA1	PMS1	9606	0.716	0	0	0	0	0	0.54	0.41
9606.ENSP00000418960	9606.ENSP00000244537	BRCA1	H4C6	9606	0.716	0	0	0	0	0.457	0.5	0
9606.ENSP00000418960	9606.ENSP00000435210	BRCA1	BCLAF1	9606	0.711	0	0	0	0	0	0	0.711
9606.ENSP00000418960	9606.ENSP00000223129	BRCA1	RPA3	9606	0.707	0	0	0	0	0.439	0.5	0
9606.ENSP00000418960	9606.ENSP00000310356	BRCA1	RMI2	9606	0.707	0	0	0	0	0.439	0.5	0
9606.ENSP00000418960	9606.ENSP00000321636	BRCA1	TOP3A	9606	0.707	0	0	0	0	0.439	0.5	0
9606.ENSP00000418960	9606.ENSP00000372689	BRCA1	STAG1	9606	0.707	0	0	0	0	0.439	0.5	0
9606.ENSP00000421491	9606.ENSP00000352257	XRCC4	XRCC6	9606	0.999	0	0	0	0	0.901	0.9	0.982
9606.ENSP00000421491	9606.ENSP00000349313	XRCC4	NHEJ1	9606	0.999	0	0	0	0	0.967	0.9	0.982
9606.ENSP00000421491	9606.ENSP00000375978	XRCC4	XRCC5	9606	0.999	0	0	0	0	0.886	0.9	0.978
9606.ENSP00000421491	9606.ENSP00000484288	XRCC4	LIG4	9606	0.999	0	0	0	0	0.966	0.9	0.983
9606.ENSP00000421491	9606.ENSP00000313420	XRCC4	PRKDC	9606	0.999	0	0	0	0	0.955	0.9	0.981
9606.ENSP00000421491	9606.ENSP00000360682	XRCC4	PAXX	9606	0.998	0	0	0	0	0.292	0.9	0.976
9606.ENSP00000421491	9606.ENSP00000307004	XRCC4	APLF	9606	0.985	0	0	0	0	0.457	0	0.974
9606.ENSP00000421491	9606.ENSP00000482285	XRCC4	IFFO1	9606	0.984	0	0	0	0	0.96	0	0.636
9606.ENSP00000421491	9606.ENSP00000369145	XRCC4	APTX	9606	0.973	0	0	0	0	0.457	0	0.953
9606.ENSP00000421491	9606.ENSP00000367527	XRCC4	DCLRE1C	9606	0.926	0	0	0	0	0.292	0.9	0
9606.ENSP00000421491	9606.ENSP00000323511	XRCC4	PNKP	9606	0.916	0	0	0	0	0.576	0	0.812
9606.ENSP00000421491	9606.ENSP00000262241	XRCC4	RCOR1	9606	0.9	0	0	0	0	0	0.9	0
9606.ENSP00000421491	9606.ENSP00000350708	XRCC4	RAD23B	9606	0.9	0	0	0	0	0	0.9	0
9606.ENSP00000421491	9606.ENSP00000278616	XRCC4	ATM	9606	0.9	0	0	0	0	0	0.9	0
9606.ENSP00000421491	9606.ENSP00000285021	XRCC4	XPC	9606	0.9	0	0	0	0	0	0.9	0
9606.ENSP00000421491	9606.ENSP00000310008	XRCC4	SWSAP1	9606	0.9	0	0	0	0	0	0.9	0
9606.ENSP00000421491	9606.ENSP00000310520	XRCC4	ERCC4	9606	0.9	0	0	0	0	0	0.9	0
9606.ENSP00000421491	9606.ENSP00000383042	XRCC4	KDM1A	9606	0.9	0	0	0	0	0	0.9	0
9606.ENSP00000421491	9606.ENSP00000498881	XRCC4	ERCC5	9606	0.9	0	0	0	0	0	0.9	0
9606.ENSP00000421491	9606.ENSP00000013807	XRCC4	ERCC1	9606	0.9	0	0	0	0	0	0.9	0
9606.ENSP00000421491	9606.ENSP00000472445	XRCC4	POLD1	9606	0.9	0	0	0	0	0	0.9	0
9606.ENSP00000421491	9606.ENSP00000234420	XRCC4	MSH6	9606	0.9	0	0	0	0	0	0.9	0
9606.ENSP00000421491	9606.ENSP00000382218	XRCC4	ZSWIM7	9606	0.9	0	0	0	0	0	0.9	0
9606.ENSP00000421491	9606.ENSP00000359300	XRCC4	CETN2	9606	0.9	0	0	0	0	0	0.9	0
9606.ENSP00000421491	9606.ENSP00000364721	XRCC4	MAPRE1	9606	0.9	0	0	0	0	0.9	0	0
9606.ENSP00000421491	9606.ENSP00000300145	XRCC4	ATP23	9606	0.9	0	0	0	0	0	0.9	0
9606.ENSP00000421491	9606.ENSP00000265038	XRCC4	ERCC8	9606	0.9	0	0	0	0	0	0.9	0
9606.ENSP00000421491	9606.ENSP00000398824	XRCC4	PHF21A	9606	0.9	0	0	0	0	0	0.9	0
9606.ENSP00000421491	9606.ENSP00000233146	XRCC4	MSH2	9606	0.9	0	0	0	0	0	0.9	0
9606.ENSP00000421491	9606.ENSP00000359181	XRCC4	POLL	9606	0.794	0	0	0	0	0	0.5	0.606
9606.ENSP00000421491	9606.ENSP00000265081	XRCC4	MSH3	9606	0.72	0	0	0	0	0	0.72	0
9606.ENSP00000426983	9606.ENSP00000384517	CLOCK	ARNTL	9606	0.999	0	0	0	0	0.965	0.8	0.986
9606.ENSP00000426983	9606.ENSP00000266503	CLOCK	ARNTL2	9606	0.997	0	0	0	0	0.634	0.9	0.948
9606.ENSP00000426983	9606.ENSP00000338283	CLOCK	NPAS2	9606	0.997	0	0	0	0	0.67	0.9	0.939
9606.ENSP00000426983	9606.ENSP00000212015	CLOCK	SIRT1	9606	0.986	0	0	0	0	0.292	0	0.981
9606.ENSP00000426983	9606.ENSP00000382688	CLOCK	KDM5A	9606	0.975	0	0	0	0	0	0	0.975
9606.ENSP00000426983	9606.ENSP00000263253	CLOCK	EP300	9606	0.966	0	0	0	0	0.292	0	0.954
9606.ENSP00000426983	9606.ENSP00000008527	CLOCK	CRY1	9606	0.965	0	0	0	0	0.559	0.5	0.856
9606.ENSP00000426983	9606.ENSP00000262367	CLOCK	CREBBP	9606	0.963	0	0	0	0	0.292	0	0.95
9606.ENSP00000426983	9606.ENSP00000478187	CLOCK	CRY2	9606	0.877	0	0	0	0	0.522	0.5	0.53
9606.ENSP00000426983	9606.ENSP00000383042	CLOCK	KDM1A	9606	0.857	0	0	0	0	0.139	0	0.841
9606.ENSP00000426983	9606.ENSP00000254657	CLOCK	PER2	9606	0.818	0	0	0	0	0.376	0.5	0.464
9606.ENSP00000426983	9606.ENSP00000263754	CLOCK	KAT2B	9606	0.755	0	0	0	0	0.292	0	0.669
9606.ENSP00000426983	9606.ENSP00000355319	CLOCK	CIPC	9606	0.744	0	0	0	0	0.744	0	0
9606.ENSP00000426983	9606.ENSP00000380044	CLOCK	CSNK1E	9606	0.741	0	0	0	0	0.5	0.5	0.05
9606.ENSP00000426983	9606.ENSP00000254066	CLOCK	RARA	9606	0.719	0	0	0	0	0.317	0	0.606
9606.ENSP00000430432	9606.ENSP00000369424	HDAC2	RBBP7	9606	0.999	0	0	0	0	0.741	0.9	0.984
9606.ENSP00000430432	9606.ENSP00000278823	HDAC2	MTA2	9606	0.999	0	0	0	0	0.675	0.9	0.983
9606.ENSP00000430432	9606.ENSP00000362592	HDAC2	RBBP4	9606	0.999	0	0	0	0	0.72	0.9	0.984
9606.ENSP00000430432	9606.ENSP00000362649	HDAC2	HDAC1	9606	0.999	0	0	0	0	0.673	0.9	0.982
9606.ENSP00000430432	9606.ENSP00000378402	HDAC2	SIN3A	9606	0.999	0	0	0	0	0.656	0.9	0.984
9606.ENSP00000430432	9606.ENSP00000440542	HDAC2	CHD4	9606	0.999	0	0	0	0	0.671	0.9	0.984
9606.ENSP00000430432	9606.ENSP00000320147	HDAC2	EZH2	9606	0.998	0	0	0	0	0.614	0.9	0.963
9606.ENSP00000430432	9606.ENSP00000384899	HDAC2	GATAD2A	9606	0.998	0	0	0	0	0.662	0.9	0.968
9606.ENSP00000430432	9606.ENSP00000333633	HDAC2	MTA1	9606	0.998	0	0	0	0	0.619	0.72	0.983
9606.ENSP00000430432	9606.ENSP00000296504	HDAC2	SAP30	9606	0.998	0	0	0	0	0.526	0.8	0.984
9606.ENSP00000430432	9606.ENSP00000262241	HDAC2	RCOR1	9606	0.998	0	0	0	0	0.457	0.8	0.984
9606.ENSP00000430432	9606.ENSP00000369716	HDAC2	CHD3	9606	0.998	0	0	0	0	0.671	0.72	0.984
9606.ENSP00000430432	9606.ENSP00000352516	HDAC2	DNMT1	9606	0.997	0	0	0	0	0.457	0.8	0.982
9606.ENSP00000430432	9606.ENSP00000290921	HDAC2	CTBP1	9606	0.996	0	0	0	0	0.457	0.8	0.974
9606.ENSP00000430432	9606.ENSP00000262238	HDAC2	YY1	9606	0.995	0	0	0	0	0.564	0.54	0.978
9606.ENSP00000430432	9606.ENSP00000443988	HDAC2	SUDS3	9606	0.995	0	0	0	0	0.516	0.72	0.969
9606.ENSP00000430432	9606.ENSP00000383042	HDAC2	KDM1A	9606	0.994	0	0	0	0	0.462	0.4	0.982
9606.ENSP00000430432	9606.ENSP00000385823	HDAC2	MTA3	9606	0.993	0	0	0	0	0.619	0.72	0.942
9606.ENSP00000430432	9606.ENSP00000369131	HDAC2	SIN3B	9606	0.993	0	0	0	0	0.571	0.54	0.971
9606.ENSP00000430432	9606.ENSP00000216133	HDAC2	CBX7	9606	0.992	0	0	0	0	0.457	0.9	0.865
9606.ENSP00000430432	9606.ENSP00000357644	HDAC2	GATAD2B	9606	0.99	0	0	0	0	0.642	0.54	0.947
9606.ENSP00000430432	9606.ENSP00000331310	HDAC2	MORF4L1	9606	0.99	0	0	0	0	0.539	0.9	0.8
9606.ENSP00000430432	9606.ENSP00000481842	HDAC2	SAP18	9606	0.99	0	0	0	0	0	0.5	0.981
9606.ENSP00000430432	9606.ENSP00000395535	HDAC2	MECP2	9606	0.99	0	0	0	0	0	0.5	0.981
9606.ENSP00000430432	9606.ENSP00000343896	HDAC2	SMARCA4	9606	0.988	0	0	0	0	0.457	0.8	0.899
9606.ENSP00000430432	9606.ENSP00000244050	HDAC2	SNAI1	9606	0.987	0	0	0	0	0.457	0	0.977
9606.ENSP00000430432	9606.ENSP00000328269	HDAC2	HMG20B	9606	0.987	0	0	0	0	0.586	0.5	0.945
9606.ENSP00000430432	9606.ENSP00000328547	HDAC2	DNMT3B	9606	0.984	0	0	0	0	0.457	0.8	0.868
9606.ENSP00000430432	9606.ENSP00000316578	HDAC2	SUZ12	9606	0.983	0	0	0	0	0.64	0.9	0.577
9606.ENSP00000430432	9606.ENSP00000268712	HDAC2	NCOR1	9606	0.982	0	0	0	0	0.061	0.8	0.915
9606.ENSP00000430432	9606.ENSP00000442788	HDAC2	TET2	9606	0.981	0	0	0	0	0	0	0.981
9606.ENSP00000430432	9606.ENSP00000384018	HDAC2	NCOR2	9606	0.979	0	0	0	0	0.468	0.8	0.82
9606.ENSP00000430432	9606.ENSP00000398824	HDAC2	PHF21A	9606	0.969	0	0	0	0	0.457	0.5	0.895
9606.ENSP00000430432	9606.ENSP00000329933	HDAC2	PHF12	9606	0.964	0	0	0	0	0.639	0.9	0.103
9606.ENSP00000430432	9606.ENSP00000450527	HDAC2	HOPX	9606	0.963	0	0	0	0	0.292	0	0.95
9606.ENSP00000430432	9606.ENSP00000360526	HDAC2	ZNF217	9606	0.963	0	0	0	0	0.457	0	0.935
9606.ENSP00000430432	9606.ENSP00000307183	HDAC2	ING2	9606	0.961	0	0	0	0	0.58	0.9	0.16
9606.ENSP00000430432	9606.ENSP00000338186	HDAC2	EED	9606	0.959	0	0	0	0	0.457	0.9	0.32
9606.ENSP00000430432	9606.ENSP00000365851	HDAC2	BMI1	9606	0.958	0	0	0	0	0.457	0.9	0.294
9606.ENSP00000430432	9606.ENSP00000267163	HDAC2	RB1	9606	0.954	0	0	0	0	0.564	0.9	0.045
9606.ENSP00000430432	9606.ENSP00000311825	HDAC2	CTBP2	9606	0.953	0	0	0	0	0.457	0.8	0.605
9606.ENSP00000430432	9606.ENSP00000337477	HDAC2	SINHCAF	9606	0.953	0	0	0	0	0.558	0.9	0
9606.ENSP00000430432	9606.ENSP00000338629	HDAC2	RERE	9606	0.951	0	0	0	0	0.457	0	0.913
9606.ENSP00000430432	9606.ENSP00000358862	HDAC2	PCGF6	9606	0.948	0	0	0	0	0.503	0.9	0
9606.ENSP00000430432	9606.ENSP00000412302	HDAC2	MBD3	9606	0.941	0	0	0	0	0.642	0.72	0.466
9606.ENSP00000430432	9606.ENSP00000264183	HDAC2	ARID4B	9606	0.934	0	0	0	0	0.519	0.54	0.725
9606.ENSP00000430432	9606.ENSP00000364929	HDAC2	ING1	9606	0.932	0	0	0	0	0.54	0.54	0.704
9606.ENSP00000430432	9606.ENSP00000311816	HDAC2	REST	9606	0.931	0	0	0	0	0.292	0.8	0.555
9606.ENSP00000430432	9606.ENSP00000257118	HDAC2	PHC2	9606	0.926	0	0	0	0	0.292	0.9	0
9606.ENSP00000430432	9606.ENSP00000437659	HDAC2	PHC1	9606	0.926	0	0	0	0	0.292	0.9	0.051
9606.ENSP00000430432	9606.ENSP00000384273	HDAC2	RELA	9606	0.923	0	0	0	0	0.564	0	0.831
9606.ENSP00000430432	9606.ENSP00000264709	HDAC2	DNMT3A	9606	0.922	0	0	0	0	0	0	0.922
9606.ENSP00000430432	9606.ENSP00000383820	HDAC2	MIER1	9606	0.92	0	0	0	0	0.457	0	0.859
9606.ENSP00000430432	9606.ENSP00000404658	HDAC2	EZH1	9606	0.907	0	0	0	0	0	0.9	0.114
9606.ENSP00000430432	9606.ENSP00000379078	HDAC2	EHMT2	9606	0.905	0	0	0	0	0.457	0.5	0.679
9606.ENSP00000430432	9606.ENSP00000269385	HDAC2	CBX8	9606	0.905	0	0	0	0	0	0.9	0.093
9606.ENSP00000430432	9606.ENSP00000245919	HDAC2	FOSB	9606	0.904	0	0	0	0	0	0.9	0.081
9606.ENSP00000430432	9606.ENSP00000363787	HDAC2	RING1	9606	0.902	0	0	0	0	0	0.9	0.065
9606.ENSP00000430432	9606.ENSP00000262450	HDAC2	CHD5	9606	0.901	0	0	0	0	0.616	0.72	0.154
9606.ENSP00000430432	9606.ENSP00000251900	HDAC2	SCML2	9606	0.901	0	0	0	0	0	0.9	0.051
9606.ENSP00000430432	9606.ENSP00000337500	HDAC2	PCGF5	9606	0.9	0	0	0	0	0	0.9	0
9606.ENSP00000430432	9606.ENSP00000356480	HDAC2	RNF2	9606	0.9	0	0	0	0	0.041	0.9	0
9606.ENSP00000430432	9606.ENSP00000389445	HDAC2	UBAP2L	9606	0.9	0	0	0	0	0	0.9	0
9606.ENSP00000430432	9606.ENSP00000420294	HDAC2	PHC3	9606	0.9	0	0	0	0	0	0.9	0
9606.ENSP00000430432	9606.ENSP00000482063	HDAC2	PCGF2	9606	0.9	0	0	0	0	0	0.9	0
9606.ENSP00000430432	9606.ENSP00000302967	HDAC2	HDAC3	9606	0.9	0	0	0	0	0	0.9	0
9606.ENSP00000430432	9606.ENSP00000233630	HDAC2	PCGF1	9606	0.9	0	0	0	0	0	0.9	0
9606.ENSP00000430432	9606.ENSP00000269397	HDAC2	CBX4	9606	0.9	0	0	0	0	0	0.9	0
9606.ENSP00000430432	9606.ENSP00000354724	HDAC2	PCGF3	9606	0.9	0	0	0	0	0	0.9	0
9606.ENSP00000430432	9606.ENSP00000308750	HDAC2	CBX2	9606	0.9	0	0	0	0	0	0.9	0
9606.ENSP00000430432	9606.ENSP00000417132	HDAC2	BAP1	9606	0.9	0	0	0	0	0	0.9	0
9606.ENSP00000430432	9606.ENSP00000384490	HDAC2	CBX6	9606	0.9	0	0	0	0	0	0.9	0
9606.ENSP00000430432	9606.ENSP00000297109	HDAC2	SAP30L	9606	0.9	0	0	0	0	0.457	0.8	0.156
9606.ENSP00000430432	9606.ENSP00000381840	HDAC2	AEBP2	9606	0.9	0	0	0	0	0	0.9	0.045
9606.ENSP00000430432	9606.ENSP00000364839	HDAC2	ASXL1	9606	0.9	0	0	0	0	0	0.9	0
9606.ENSP00000430432	9606.ENSP00000256429	HDAC2	MBD2	9606	0.895	0	0	0	0	0.616	0.54	0.453
9606.ENSP00000430432	9606.ENSP00000261503	HDAC2	SPECC1	9606	0.884	0	0	0	0	0	0	0.884
9606.ENSP00000430432	9606.ENSP00000418960	HDAC2	BRCA1	9606	0.882	0	0	0	0	0.457	0	0.793
9606.ENSP00000430432	9606.ENSP00000363804	HDAC2	KLF4	9606	0.878	0	0	0	0	0.457	0	0.784
9606.ENSP00000430432	9606.ENSP00000217244	HDAC2	CSNK2A1	9606	0.876	0	0	0	0	0.564	0.72	0.07
9606.ENSP00000430432	9606.ENSP00000269305	HDAC2	TP53	9606	0.874	0	0	0	0	0.564	0	0.725
9606.ENSP00000430432	9606.ENSP00000380093	HDAC2	SOX10	9606	0.856	0	0	0	0	0	0.8	0.31
9606.ENSP00000430432	9606.ENSP00000283131	HDAC2	SMARCA5	9606	0.851	0	0	0	0	0.537	0.5	0.408
9606.ENSP00000430432	9606.ENSP00000266000	HDAC2	DAXX	9606	0.851	0	0	0	0	0.457	0	0.737
9606.ENSP00000430432	9606.ENSP00000331614	HDAC2	IKZF1	9606	0.848	0	0	0	0	0.457	0	0.732
9606.ENSP00000430432	9606.ENSP00000339723	HDAC2	CIR1	9606	0.848	0	0	0	0	0.23	0.8	0.095
9606.ENSP00000430432	9606.ENSP00000216330	HDAC2	FKBP3	9606	0.844	0	0	0	0	0.292	0	0.79
9606.ENSP00000430432	9606.ENSP00000347602	HDAC2	ARID4A	9606	0.84	0	0	0	0	0.303	0.54	0.541
9606.ENSP00000430432	9606.ENSP00000337976	HDAC2	SUV39H1	9606	0.819	0	0	0	0	0.457	0	0.681
9606.ENSP00000430432	9606.ENSP00000349723	HDAC2	BCL11B	9606	0.813	0	0	0	0	0.58	0	0.574
9606.ENSP00000430432	9606.ENSP00000434024	HDAC2	H2AX	9606	0.801	0	0	0	0	0.457	0.65	0
9606.ENSP00000430432	9606.ENSP00000274764	HDAC2	H2BC1	9606	0.801	0	0	0	0	0.457	0.65	0
9606.ENSP00000430432	9606.ENSP00000423563	HDAC2	MACROH2A1	9606	0.801	0	0	0	0	0.457	0.65	0
9606.ENSP00000430432	9606.ENSP00000469158	HDAC2	SPHK2	9606	0.789	0	0	0	0	0	0	0.789
9606.ENSP00000430432	9606.ENSP00000296417	HDAC2	H2AZ1	9606	0.788	0	0	0	0	0.421	0.65	0
9606.ENSP00000430432	9606.ENSP00000358151	HDAC2	H2BC21	9606	0.78	0	0	0	0	0.399	0.65	0
9606.ENSP00000430432	9606.ENSP00000354487	HDAC2	ZEB1	9606	0.774	0	0	0	0	0.217	0	0.724
9606.ENSP00000430432	9606.ENSP00000361363	HDAC2	DMAP1	9606	0.772	0	0	0	0	0	0	0.772
9606.ENSP00000430432	9606.ENSP00000396052	HDAC2	BRMS1	9606	0.765	0	0	0	0	0.469	0.54	0.116
9606.ENSP00000430432	9606.ENSP00000296930	HDAC2	NPM1	9606	0.765	0	0	0	0	0.292	0	0.682
9606.ENSP00000430432	9606.ENSP00000413929	HDAC2	RCOR3	9606	0.763	0	0	0	0	0.457	0	0.582
9606.ENSP00000430432	9606.ENSP00000216807	HDAC2	BRMS1L	9606	0.761	0	0	0	0	0.454	0.54	0.125
9606.ENSP00000430432	9606.ENSP00000350333	HDAC2	SAP130	9606	0.759	0	0	0	0	0.457	0.54	0.116
9606.ENSP00000430432	9606.ENSP00000253458	HDAC2	GSE1	9606	0.758	0	0	0	0	0.457	0	0.574
9606.ENSP00000430432	9606.ENSP00000417980	HDAC2	EHMT1	9606	0.752	0	0	0	0	0.422	0	0.59
9606.ENSP00000430432	9606.ENSP00000332194	HDAC2	H2AC20	9606	0.741	0	0	0	0	0.292	0.65	0
9606.ENSP00000430432	9606.ENSP00000297012	HDAC2	H2AC1	9606	0.741	0	0	0	0	0.292	0.65	0
9606.ENSP00000430432	9606.ENSP00000482674	HDAC2	H2BC3	9606	0.741	0	0	0	0	0.292	0.65	0
9606.ENSP00000430432	9606.ENSP00000362352	HDAC2	MACROH2A2	9606	0.741	0	0	0	0	0.292	0.65	0
9606.ENSP00000430432	9606.ENSP00000382688	HDAC2	KDM5A	9606	0.739	0	0	0	0	0.538	0	0.459
9606.ENSP00000430432	9606.ENSP00000345206	HDAC2	RBPJ	9606	0.733	0	0	0	0	0.164	0.5	0.413
9606.ENSP00000430432	9606.ENSP00000300305	HDAC2	RUNX1	9606	0.732	0	0	0	0	0.457	0	0.527
9606.ENSP00000430432	9606.ENSP00000405330	HDAC2	ESR1	9606	0.731	0	0	0	0	0.341	0	0.609
9606.ENSP00000430432	9606.ENSP00000495556	HDAC2	TBL1X	9606	0.729	0	0	0	0	0.179	0.5	0.392
9606.ENSP00000430432	9606.ENSP00000357979	HDAC2	NR2E1	9606	0.716	0	0	0	0	0.457	0.5	0
9606.ENSP00000430432	9606.ENSP00000364550	HDAC2	KDM5C	9606	0.716	0	0	0	0	0.292	0	0.615
9606.ENSP00000430432	9606.ENSP00000380033	HDAC2	DDX17	9606	0.714	0	0	0	0	0.457	0	0.495
9606.ENSP00000430432	9606.ENSP00000362748	HDAC2	TET1	9606	0.713	0	0	0	0	0	0.54	0.402
9606.ENSP00000430432	9606.ENSP00000371133	HDAC2	HMG20A	9606	0.711	0	0	0	0	0.513	0	0.431
9606.ENSP00000430432	9606.ENSP00000479904	HDAC2	ZMYM2	9606	0.708	0	0	0	0	0.457	0	0.486
9606.ENSP00000430432	9606.ENSP00000451129	HDAC2	SNW1	9606	0.7	0	0	0	0	0.36	0.5	0.138
9606.ENSP00000440542	9606.ENSP00000430432	CHD4	HDAC2	9606	0.999	0	0	0	0	0.671	0.9	0.984
9606.ENSP00000440542	9606.ENSP00000362649	CHD4	HDAC1	9606	0.999	0	0	0	0	0.653	0.9	0.984
9606.ENSP00000440542	9606.ENSP00000362592	CHD4	RBBP4	9606	0.999	0	0	0	0	0.679	0.9	0.983
9606.ENSP00000440542	9606.ENSP00000278823	CHD4	MTA2	9606	0.999	0	0	0	0	0.654	0.9	0.982
9606.ENSP00000440542	9606.ENSP00000369424	CHD4	RBBP7	9606	0.999	0	0	0	0	0.657	0.9	0.981
9606.ENSP00000440542	9606.ENSP00000333633	CHD4	MTA1	9606	0.998	0	0	0	0	0.612	0.72	0.984
9606.ENSP00000440542	9606.ENSP00000369716	CHD4	CHD3	9606	0.998	0	0	0	0	0.65	0.72	0.982
9606.ENSP00000440542	9606.ENSP00000384899	CHD4	GATAD2A	9606	0.998	0	0	0	0	0.68	0.9	0.954
9606.ENSP00000440542	9606.ENSP00000385823	CHD4	MTA3	9606	0.993	0	0	0	0	0.661	0.72	0.935
9606.ENSP00000440542	9606.ENSP00000357644	CHD4	GATAD2B	9606	0.985	0	0	0	0	0.651	0.54	0.914
9606.ENSP00000440542	9606.ENSP00000333277	CHD4	H3C13	9606	0.982	0	0	0	0	0.926	0	0.765
9606.ENSP00000440542	9606.ENSP00000355657	CHD4	H3-4	9606	0.982	0	0	0	0	0.926	0	0.765
9606.ENSP00000440542	9606.ENSP00000339835	CHD4	H3-5	9606	0.982	0	0	0	0	0.926	0	0.765
9606.ENSP00000440542	9606.ENSP00000254810	CHD4	H3-3B	9606	0.976	0	0	0	0	0.902	0	0.765
9606.ENSP00000440542	9606.ENSP00000499501	CHD4	H3-2	9606	0.975	0	0	0	0	0.901	0	0.765
9606.ENSP00000440542	9606.ENSP00000352252	CHD4	H3C12	9606	0.975	0	0	0	0	0.901	0	0.765
9606.ENSP00000440542	9606.ENSP00000383042	CHD4	KDM1A	9606	0.973	0	0	0	0	0.292	0.5	0.931
9606.ENSP00000440542	9606.ENSP00000480826	CHD4	H3C1	9606	0.96	0	0	0	0	0.96	0	0
9606.ENSP00000440542	9606.ENSP00000360662	CHD4	ADNP	9606	0.958	0	0	0	0	0.457	0	0.926
9606.ENSP00000440542	9606.ENSP00000320147	CHD4	EZH2	9606	0.953	0	0	0	0	0.634	0	0.878
9606.ENSP00000440542	9606.ENSP00000244537	CHD4	H4C6	9606	0.944	0	0	0	0	0.944	0	0
9606.ENSP00000440542	9606.ENSP00000412302	CHD4	MBD3	9606	0.941	0	0	0	0	0.671	0.72	0.42
9606.ENSP00000440542	9606.ENSP00000367034	CHD4	H4C3	9606	0.928	0	0	0	0	0.927	0	0
9606.ENSP00000440542	9606.ENSP00000366974	CHD4	H4C2	9606	0.928	0	0	0	0	0.927	0	0
9606.ENSP00000440542	9606.ENSP00000479461	CHD4	H4C4	9606	0.928	0	0	0	0	0.927	0	0
9606.ENSP00000440542	9606.ENSP00000479794	CHD4	H4C12	9606	0.928	0	0	0	0	0.927	0	0
9606.ENSP00000440542	9606.ENSP00000462667	CHD4	H4C14	9606	0.928	0	0	0	0	0.927	0	0
9606.ENSP00000440542	9606.ENSP00000481486	CHD4	H4C9	9606	0.928	0	0	0	0	0.927	0	0
9606.ENSP00000440542	9606.ENSP00000484789	CHD4	H4C5	9606	0.928	0	0	0	0	0.927	0	0
9606.ENSP00000440542	9606.ENSP00000480960	CHD4	H4C13	9606	0.928	0	0	0	0	0.927	0	0
9606.ENSP00000440542	9606.ENSP00000347168	CHD4	H4C11	9606	0.928	0	0	0	0	0.927	0	0
9606.ENSP00000440542	9606.ENSP00000489236	CHD4	H4C8	9606	0.928	0	0	0	0	0.927	0	0
9606.ENSP00000440542	9606.ENSP00000263377	CHD4	BRD4	9606	0.927	0	0	0	0	0.524	0	0.853
9606.ENSP00000440542	9606.ENSP00000358154	CHD4	H3C14	9606	0.927	0	0	0	0	0.926	0	0
9606.ENSP00000440542	9606.ENSP00000300131	CHD4	NAB2	9606	0.925	0	0	0	0	0.292	0.8	0.516
9606.ENSP00000440542	9606.ENSP00000479106	CHD4	H4C1	9606	0.902	0	0	0	0	0.902	0	0
9606.ENSP00000440542	9606.ENSP00000443017	CHD4	H4-16	9606	0.902	0	0	0	0	0.902	0	0
9606.ENSP00000440542	9606.ENSP00000462355	CHD4	H4C15	9606	0.902	0	0	0	0	0.902	0	0
9606.ENSP00000440542	9606.ENSP00000355780	CHD4	H3-3A	9606	0.901	0	0	0	0	0.901	0	0
9606.ENSP00000440542	9606.ENSP00000385479	CHD4	H3C15	9606	0.901	0	0	0	0	0.901	0	0
9606.ENSP00000440542	9606.ENSP00000483283	CHD4	H3C11	9606	0.901	0	0	0	0	0.901	0	0
9606.ENSP00000440542	9606.ENSP00000484095	CHD4	H3C7	9606	0.901	0	0	0	0	0.901	0	0
9606.ENSP00000440542	9606.ENSP00000358160	CHD4	H3C10	9606	0.901	0	0	0	0	0.901	0	0
9606.ENSP00000440542	9606.ENSP00000484638	CHD4	H3C8	9606	0.901	0	0	0	0	0.901	0	0
9606.ENSP00000440542	9606.ENSP00000366999	CHD4	H3C4	9606	0.901	0	0	0	0	0.901	0	0
9606.ENSP00000440542	9606.ENSP00000484658	CHD4	H3C3	9606	0.901	0	0	0	0	0.901	0	0
9606.ENSP00000440542	9606.ENSP00000484841	CHD4	H3C2	9606	0.901	0	0	0	0	0.901	0	0
9606.ENSP00000440542	9606.ENSP00000489282	CHD4	H3C6	9606	0.901	0	0	0	0	0.901	0	0
9606.ENSP00000440542	9606.ENSP00000331614	CHD4	IKZF1	9606	0.883	0	0	0	0	0.457	0	0.795
9606.ENSP00000440542	9606.ENSP00000362578	CHD4	RNF8	9606	0.868	0	0	0	0	0.457	0	0.768
9606.ENSP00000440542	9606.ENSP00000217244	CHD4	CSNK2A1	9606	0.862	0	0	0	0	0.314	0.72	0.339
9606.ENSP00000440542	9606.ENSP00000439800	CHD4	ZMYND8	9606	0.854	0	0	0	0	0.619	0	0.633
9606.ENSP00000440542	9606.ENSP00000303373	CHD4	H2AC8	9606	0.853	0	0	0	0	0.852	0	0
9606.ENSP00000440542	9606.ENSP00000352119	CHD4	H2AC11	9606	0.853	0	0	0	0	0.852	0	0
9606.ENSP00000440542	9606.ENSP00000262450	CHD4	CHD5	9606	0.841	0	0	0	0	0.457	0.72	0
9606.ENSP00000440542	9606.ENSP00000256429	CHD4	MBD2	9606	0.836	0	0	0	0	0.457	0.54	0.398
9606.ENSP00000440542	9606.ENSP00000482538	CHD4	H2AC16	9606	0.801	0	0	0	0	0.801	0	0
9606.ENSP00000440542	9606.ENSP00000482431	CHD4	H2AC15	9606	0.801	0	0	0	0	0.801	0	0
9606.ENSP00000440542	9606.ENSP00000367022	CHD4	H2AC6	9606	0.801	0	0	0	0	0.801	0	0
9606.ENSP00000440542	9606.ENSP00000351589	CHD4	H2AC13	9606	0.801	0	0	0	0	0.801	0	0
9606.ENSP00000440542	9606.ENSP00000476136	CHD4	H2BC11	9606	0.801	0	0	0	0	0.801	0	0
9606.ENSP00000440542	9606.ENSP00000483842	CHD4	H2AC4	9606	0.801	0	0	0	0	0.801	0	0
9606.ENSP00000440542	9606.ENSP00000352627	CHD4	H2AC17	9606	0.801	0	0	0	0	0.801	0	0
9606.ENSP00000440542	9606.ENSP00000242480	CHD4	EGR2	9606	0.8	0	0	0	0	0	0.8	0
9606.ENSP00000440542	9606.ENSP00000253024	CHD4	TRIM28	9606	0.764	0	0	0	0	0.457	0	0.584
9606.ENSP00000440542	9606.ENSP00000481842	CHD4	SAP18	9606	0.763	0	0	0	0	0.457	0.5	0.198
9606.ENSP00000440542	9606.ENSP00000263253	CHD4	EP300	9606	0.726	0	0	0	0	0.457	0	0.517
9606.ENSP00000440542	9606.ENSP00000498627	CHD4	ZFHX4	9606	0.725	0	0	0	0	0.457	0	0.515
9606.ENSP00000440542	9606.ENSP00000379078	CHD4	EHMT2	9606	0.716	0	0	0	0	0.457	0.5	0
9606.ENSP00000440542	9606.ENSP00000217086	CHD4	SALL4	9606	0.707	0	0	0	0	0.421	0.5	0.071
9606.ENSP00000440542	9606.ENSP00000378402	CHD4	SIN3A	9606	0.705	0	0	0	0	0.429	0	0.506
9606.ENSP00000440542	9606.ENSP00000296504	CHD4	SAP30	9606	0.705	0	0	0	0	0.435	0.5	0
9606.ENSP00000441543	9606.ENSP00000338413	UBC	UBA1	9606	0.997	0	0	0	0	0.973	0.9	0
9606.ENSP00000441543	9606.ENSP00000388107	UBC	UBA52	9606	0.996	0	0	0	0	0.969	0.9	0
9606.ENSP00000441543	9606.ENSP00000272317	UBC	RPS27A	9606	0.995	0	0	0	0	0.956	0.9	0
9606.ENSP00000441543	9606.ENSP00000316176	UBC	UBE2N	9606	0.994	0	0	0	0	0.978	0.5	0.515
9606.ENSP00000441543	9606.ENSP00000478771	UBC	UBB	9606	0.994	0	0	0	0	0.9	0.9	0.477
9606.ENSP00000441543	9606.ENSP00000428209	UBC	UBE2V2	9606	0.992	0	0	0	0	0.977	0.5	0.372
9606.ENSP00000441543	9606.ENSP00000331487	UBC	NPLOC4	9606	0.992	0	0	0	0	0.976	0.5	0.387
9606.ENSP00000441543	9606.ENSP00000287156	UBC	UBE2L6	9606	0.989	0	0	0	0	0.902	0.9	0
9606.ENSP00000441543	9606.ENSP00000261427	UBC	UBE2K	9606	0.989	0	0	0	0	0.979	0.5	0
9606.ENSP00000441543	9606.ENSP00000215574	UBC	CDC34	9606	0.986	0	0	0	0	0.973	0.5	0
9606.ENSP00000441543	9606.ENSP00000251968	UBC	TSG101	9606	0.986	0	0	0	0	0.974	0.5	0
9606.ENSP00000441543	9606.ENSP00000355865	UBC	PRKN	9606	0.986	0	0	0	0	0.973	0.5	0
9606.ENSP00000441543	9606.ENSP00000348632	UBC	RBCK1	9606	0.985	0	0	0	0	0.972	0.5	0
9606.ENSP00000441543	9606.ENSP00000315112	UBC	RNF31	9606	0.985	0	0	0	0	0.972	0.5	0
9606.ENSP00000441543	9606.ENSP00000366819	UBC	UCHL3	9606	0.985	0	0	0	0	0.972	0.5	0
9606.ENSP00000441543	9606.ENSP00000284440	UBC	UCHL1	9606	0.985	0	0	0	0	0.972	0.5	0
9606.ENSP00000441543	9606.ENSP00000381717	UBC	UBE2D2	9606	0.985	0	0	0	0	0.972	0.5	0
9606.ENSP00000441543	9606.ENSP00000363019	UBC	UBE2D1	9606	0.985	0	0	0	0	0.972	0.5	0
9606.ENSP00000441543	9606.ENSP00000424827	UBC	NEDD4	9606	0.983	0	0	0	0	0.968	0.5	0
9606.ENSP00000441543	9606.ENSP00000264926	UBC	RAD18	9606	0.983	0	0	0	0	0.96	0.5	0.253
9606.ENSP00000441543	9606.ENSP00000392025	UBC	CYLD	9606	0.983	0	0	0	0	0.967	0.5	0
9606.ENSP00000441543	9606.ENSP00000229268	UBC	USP5	9606	0.982	0	0	0	0	0.961	0.5	0.168
9606.ENSP00000441543	9606.ENSP00000467024	UBC	RAD23A	9606	0.982	0	0	0	0	0.966	0.5	0
9606.ENSP00000441543	9606.ENSP00000379721	UBC	USP8	9606	0.982	0	0	0	0	0.96	0.5	0.199
9606.ENSP00000441543	9606.ENSP00000263228	UBC	UBE2R2	9606	0.98	0	0	0	0	0.961	0.5	0
9606.ENSP00000441543	9606.ENSP00000366746	UBC	STAM	9606	0.98	0	0	0	0	0.961	0.5	0.081
9606.ENSP00000441543	9606.ENSP00000307491	UBC	WDR48	9606	0.98	0	0	0	0	0.962	0.5	0
9606.ENSP00000441543	9606.ENSP00000263904	UBC	STAM2	9606	0.98	0	0	0	0	0.961	0.5	0.081
9606.ENSP00000441543	9606.ENSP00000313454	UBC	UBA6	9606	0.98	0	0	0	0	0.962	0.5	0
9606.ENSP00000441543	9606.ENSP00000264552	UBC	UBE2S	9606	0.979	0	0	0	0	0.961	0.5	0
9606.ENSP00000441543	9606.ENSP00000380921	UBC	SH3KBP1	9606	0.979	0	0	0	0	0.96	0.5	0
9606.ENSP00000441543	9606.ENSP00000367299	UBC	VPS36	9606	0.979	0	0	0	0	0.96	0.5	0
9606.ENSP00000441543	9606.ENSP00000264033	UBC	CBL	9606	0.979	0	0	0	0	0.96	0.5	0
9606.ENSP00000441543	9606.ENSP00000462664	UBC	POLI	9606	0.979	0	0	0	0	0.96	0.5	0.05
9606.ENSP00000441543	9606.ENSP00000499786	UBC	ITCH	9606	0.977	0	0	0	0	0.955	0.5	0
9606.ENSP00000441543	9606.ENSP00000427793	UBC	WWP1	9606	0.977	0	0	0	0	0.955	0.5	0
9606.ENSP00000441543	9606.ENSP00000483825	UBC	IKBKG	9606	0.976	0	0	0	0	0.976	0	0
9606.ENSP00000441543	9606.ENSP00000326813	UBC	YOD1	9606	0.975	0	0	0	0	0.975	0	0
9606.ENSP00000441543	9606.ENSP00000287647	UBC	FANCD2	9606	0.974	0	0	0	0	0.949	0.5	0
9606.ENSP00000441543	9606.ENSP00000345195	UBC	UBQLN2	9606	0.973	0	0	0	0	0.968	0	0.198
9606.ENSP00000441543	9606.ENSP00000357565	UBC	ZUP1	9606	0.973	0	0	0	0	0.973	0	0
9606.ENSP00000441543	9606.ENSP00000360992	UBC	STAMBPL1	9606	0.972	0	0	0	0	0.972	0	0.058
9606.ENSP00000441543	9606.ENSP00000356426	UBC	TAB2	9606	0.972	0	0	0	0	0.972	0	0
9606.ENSP00000441543	9606.ENSP00000478877	UBC	ADRM1	9606	0.97	0	0	0	0	0.968	0	0.112
9606.ENSP00000441543	9606.ENSP00000477613	UBC	BIRC2	9606	0.97	0	0	0	0	0.943	0.5	0
9606.ENSP00000441543	9606.ENSP00000343526	UBC	USP1	9606	0.97	0	0	0	0	0.943	0.5	0
9606.ENSP00000441543	9606.ENSP00000383199	UBC	NEDD4L	9606	0.969	0	0	0	0	0.968	0	0
9606.ENSP00000441543	9606.ENSP00000290649	UBC	AMFR	9606	0.968	0	0	0	0	0.96	0	0.248
9606.ENSP00000441543	9606.ENSP00000203664	UBC	OTUB2	9606	0.968	0	0	0	0	0.968	0	0
9606.ENSP00000441543	9606.ENSP00000444357	UBC	OTUB1	9606	0.968	0	0	0	0	0.968	0	0
9606.ENSP00000441543	9606.ENSP00000380178	UBC	UBE2G1	9606	0.968	0	0	0	0	0.94	0.5	0
9606.ENSP00000441543	9606.ENSP00000374455	UBC	SQSTM1	9606	0.967	0	0	0	0	0.619	0.9	0.209
9606.ENSP00000441543	9606.ENSP00000258428	UBC	REV1	9606	0.966	0	0	0	0	0.934	0.5	0
9606.ENSP00000441543	9606.ENSP00000340305	UBC	UBE2V1	9606	0.965	0	0	0	0	0.932	0.5	0
9606.ENSP00000441543	9606.ENSP00000365804	UBC	HDAC6	9606	0.965	0	0	0	0	0.943	0.4	0.067
9606.ENSP00000441543	9606.ENSP00000003302	UBC	USP28	9606	0.965	0	0	0	0	0.965	0	0
9606.ENSP00000441543	9606.ENSP00000343535	UBC	USP7	9606	0.964	0	0	0	0	0.964	0	0
9606.ENSP00000441543	9606.ENSP00000343479	UBC	NBR1	9606	0.964	0	0	0	0	0.964	0	0
9606.ENSP00000441543	9606.ENSP00000381577	UBC	USP34	9606	0.964	0	0	0	0	0.964	0	0
9606.ENSP00000441543	9606.ENSP00000323889	UBC	TRIM25	9606	0.963	0	0	0	0	0.928	0.5	0
9606.ENSP00000441543	9606.ENSP00000261601	UBC	USP14	9606	0.963	0	0	0	0	0.963	0	0
9606.ENSP00000441543	9606.ENSP00000380460	UBC	PLAA	9606	0.962	0	0	0	0	0.962	0	0
9606.ENSP00000441543	9606.ENSP00000386541	UBC	PSMD14	9606	0.962	0	0	0	0	0.962	0	0
9606.ENSP00000441543	9606.ENSP00000348089	UBC	ERCC6	9606	0.961	0	0	0	0	0.926	0.5	0
9606.ENSP00000441543	9606.ENSP00000228872	UBC	CDKN1B	9606	0.961	0	0	0	0	0.926	0.5	0
9606.ENSP00000441543	9606.ENSP00000314004	UBC	ANAPC2	9606	0.961	0	0	0	0	0.926	0.5	0
9606.ENSP00000441543	9606.ENSP00000421926	UBC	UIMC1	9606	0.96	0	0	0	0	0.96	0	0
9606.ENSP00000441543	9606.ENSP00000320898	UBC	RNF168	9606	0.96	0	0	0	0	0.96	0	0
9606.ENSP00000441543	9606.ENSP00000462729	UBC	OTUD7B	9606	0.96	0	0	0	0	0.96	0	0
9606.ENSP00000441543	9606.ENSP00000452885	UBC	MINDY2	9606	0.96	0	0	0	0	0.96	0	0
9606.ENSP00000441543	9606.ENSP00000321203	UBC	TNIP2	9606	0.96	0	0	0	0	0.96	0	0
9606.ENSP00000441543	9606.ENSP00000260187	UBC	USP2	9606	0.96	0	0	0	0	0.96	0	0
9606.ENSP00000441543	9606.ENSP00000284274	UBC	OTULIN	9606	0.96	0	0	0	0	0.96	0	0
9606.ENSP00000441543	9606.ENSP00000481570	UBC	TNFAIP3	9606	0.96	0	0	0	0	0.96	0	0
9606.ENSP00000441543	9606.ENSP00000496695	UBC	ATXN3	9606	0.96	0	0	0	0	0.96	0	0
9606.ENSP00000441543	9606.ENSP00000457703	UBC	UBL7	9606	0.96	0	0	0	0	0.96	0	0
9606.ENSP00000441543	9606.ENSP00000352676	UBC	ZRANB1	9606	0.96	0	0	0	0	0.96	0	0
9606.ENSP00000441543	9606.ENSP00000358994	UBC	MYO6	9606	0.96	0	0	0	0	0.96	0	0
9606.ENSP00000441543	9606.ENSP00000365576	UBC	UBQLN1	9606	0.96	0	0	0	0	0.955	0	0.147
9606.ENSP00000441543	9606.ENSP00000369217	UBC	ARIH1	9606	0.96	0	0	0	0	0.96	0	0
9606.ENSP00000441543	9606.ENSP00000317891	UBC	TNIP1	9606	0.96	0	0	0	0	0.96	0	0
9606.ENSP00000441543	9606.ENSP00000413697	UBC	TOM1	9606	0.96	0	0	0	0	0.96	0	0
9606.ENSP00000441543	9606.ENSP00000438085	UBC	GGA3	9606	0.96	0	0	0	0	0.96	0	0
9606.ENSP00000441543	9606.ENSP00000354669	UBC	MINDY1	9606	0.96	0	0	0	0	0.96	0	0
9606.ENSP00000441543	9606.ENSP00000357876	UBC	PSMD4	9606	0.958	0	0	0	0	0.956	0	0.092
9606.ENSP00000441543	9606.ENSP00000326804	UBC	CUL1	9606	0.958	0	0	0	0	0.871	0.5	0.408
9606.ENSP00000441543	9606.ENSP00000231487	UBC	SKP1	9606	0.958	0	0	0	0	0.878	0.5	0.366
9606.ENSP00000441543	9606.ENSP00000368022	UBC	OPTN	9606	0.957	0	0	0	0	0.947	0	0.206
9606.ENSP00000441543	9606.ENSP00000262435	UBC	SMURF2	9606	0.956	0	0	0	0	0.955	0	0
9606.ENSP00000441543	9606.ENSP00000310842	UBC	FANCI	9606	0.954	0	0	0	0	0.911	0.5	0
9606.ENSP00000441543	9606.ENSP00000429084	UBC	UBR5	9606	0.953	0	0	0	0	0.953	0	0
9606.ENSP00000441543	9606.ENSP00000368458	UBC	PCNA	9606	0.951	0	0	0	0	0.906	0.5	0
9606.ENSP00000441543	9606.ENSP00000216225	UBC	RBX1	9606	0.951	0	0	0	0	0.9	0.5	0.112
9606.ENSP00000441543	9606.ENSP00000257548	UBC	USP30	9606	0.949	0	0	0	0	0.949	0	0
9606.ENSP00000441543	9606.ENSP00000476136	UBC	H2BC11	9606	0.948	0	0	0	0	0.9	0.5	0
9606.ENSP00000441543	9606.ENSP00000349430	UBC	H2BC12	9606	0.948	0	0	0	0	0.9	0.5	0
9606.ENSP00000441543	9606.ENSP00000321744	UBC	H2BC4	9606	0.948	0	0	0	0	0.9	0.5	0
9606.ENSP00000441543	9606.ENSP00000216797	UBC	NFKBIA	9606	0.947	0	0	0	0	0.9	0.5	0
9606.ENSP00000441543	9606.ENSP00000369996	UBC	ATXN3L	9606	0.946	0	0	0	0	0.946	0	0
9606.ENSP00000441543	9606.ENSP00000352264	UBC	CD2AP	9606	0.946	0	0	0	0	0.946	0	0
9606.ENSP00000441543	9606.ENSP00000222823	UBC	NOD1	9606	0.946	0	0	0	0	0.946	0	0
9606.ENSP00000441543	9606.ENSP00000265986	UBC	IDE	9606	0.946	0	0	0	0	0.946	0	0
9606.ENSP00000441543	9606.ENSP00000217169	UBC	BIRC7	9606	0.946	0	0	0	0	0.946	0	0
9606.ENSP00000441543	9606.ENSP00000264834	UBC	KLF1	9606	0.946	0	0	0	0	0.946	0	0
9606.ENSP00000441543	9606.ENSP00000340648	UBC	HUWE1	9606	0.945	0	0	0	0	0.943	0	0.065
9606.ENSP00000441543	9606.ENSP00000370208	UBC	RABGEF1	9606	0.944	0	0	0	0	0.943	0	0.067
9606.ENSP00000441543	9606.ENSP00000499037	UBC	CBLB	9606	0.943	0	0	0	0	0.943	0	0
9606.ENSP00000441543	9606.ENSP00000356981	UBC	USP21	9606	0.943	0	0	0	0	0.943	0	0
9606.ENSP00000441543	9606.ENSP00000426503	UBC	RNF4	9606	0.943	0	0	0	0	0.943	0	0
9606.ENSP00000441543	9606.ENSP00000369213	UBC	DDX58	9606	0.943	0	0	0	0	0.943	0	0
9606.ENSP00000441543	9606.ENSP00000264515	UBC	RBBP5	9606	0.943	0	0	0	0	0.943	0	0
9606.ENSP00000441543	9606.ENSP00000156084	UBC	OTUD5	9606	0.943	0	0	0	0	0.943	0	0
9606.ENSP00000441543	9606.ENSP00000468956	UBC	JOSD2	9606	0.943	0	0	0	0	0.943	0	0
9606.ENSP00000441543	9606.ENSP00000258149	UBC	MDM2	9606	0.943	0	0	0	0	0.943	0	0
9606.ENSP00000441543	9606.ENSP00000280377	UBC	USP15	9606	0.94	0	0	0	0	0.886	0.5	0
9606.ENSP00000441543	9606.ENSP00000303373	UBC	H2AC8	9606	0.936	0	0	0	0	0.936	0	0
9606.ENSP00000441543	9606.ENSP00000289528	UBC	ZFAND2B	9606	0.933	0	0	0	0	0.933	0	0
9606.ENSP00000441543	9606.ENSP00000333266	UBC	UBA7	9606	0.933	0	0	0	0	0.362	0.9	0
9606.ENSP00000441543	9606.ENSP00000381657	UBC	DOT1L	9606	0.932	0	0	0	0	0.932	0	0
9606.ENSP00000441543	9606.ENSP00000259605	UBC	RNF38	9606	0.932	0	0	0	0	0.931	0	0
9606.ENSP00000441543	9606.ENSP00000333277	UBC	H3C13	9606	0.931	0	0	0	0	0.914	0	0.233
9606.ENSP00000441543	9606.ENSP00000499501	UBC	H3-2	9606	0.931	0	0	0	0	0.914	0	0.233
9606.ENSP00000441543	9606.ENSP00000352252	UBC	H3C12	9606	0.931	0	0	0	0	0.914	0	0.233
9606.ENSP00000441543	9606.ENSP00000254436	UBC	TRIM21	9606	0.929	0	0	0	0	0.928	0	0
9606.ENSP00000441543	9606.ENSP00000328059	UBC	RLIM	9606	0.927	0	0	0	0	0.927	0	0
9606.ENSP00000441543	9606.ENSP00000358151	UBC	H2BC21	9606	0.926	0	0	0	0	0.926	0	0
9606.ENSP00000441543	9606.ENSP00000371475	UBC	TP53BP1	9606	0.926	0	0	0	0	0.926	0	0
9606.ENSP00000441543	9606.ENSP00000374552	UBC	RNF216	9606	0.926	0	0	0	0	0.926	0	0
9606.ENSP00000441543	9606.ENSP00000282344	UBC	USP12	9606	0.926	0	0	0	0	0.926	0	0
9606.ENSP00000441543	9606.ENSP00000407818	UBC	USP46	9606	0.926	0	0	0	0	0.926	0	0
9606.ENSP00000441543	9606.ENSP00000260947	UBC	BARD1	9606	0.926	0	0	0	0	0.926	0	0
9606.ENSP00000441543	9606.ENSP00000231524	UBC	TRIM23	9606	0.926	0	0	0	0	0.926	0	0
9606.ENSP00000441543	9606.ENSP00000356150	UBC	MDM4	9606	0.926	0	0	0	0	0.926	0	0
9606.ENSP00000441543	9606.ENSP00000359206	UBC	BTRC	9606	0.924	0	0	0	0	0.855	0.5	0
9606.ENSP00000441543	9606.ENSP00000310129	UBC	PSMD2	9606	0.921	0	0	0	0	0.913	0	0.124
9606.ENSP00000441543	9606.ENSP00000358155	UBC	H2AC18	9606	0.921	0	0	0	0	0.92	0	0
9606.ENSP00000441543	9606.ENSP00000480826	UBC	H3C1	9606	0.914	0	0	0	0	0.914	0	0
9606.ENSP00000441543	9606.ENSP00000366999	UBC	H3C4	9606	0.914	0	0	0	0	0.914	0	0
9606.ENSP00000441543	9606.ENSP00000367022	UBC	H2AC6	9606	0.914	0	0	0	0	0.914	0	0
9606.ENSP00000441543	9606.ENSP00000351589	UBC	H2AC13	9606	0.914	0	0	0	0	0.914	0	0
9606.ENSP00000441543	9606.ENSP00000352119	UBC	H2AC11	9606	0.914	0	0	0	0	0.914	0	0
9606.ENSP00000441543	9606.ENSP00000483842	UBC	H2AC4	9606	0.914	0	0	0	0	0.914	0	0
9606.ENSP00000441543	9606.ENSP00000484841	UBC	H3C2	9606	0.914	0	0	0	0	0.914	0	0
9606.ENSP00000441543	9606.ENSP00000484638	UBC	H3C8	9606	0.914	0	0	0	0	0.914	0	0
9606.ENSP00000441543	9606.ENSP00000358154	UBC	H3C14	9606	0.914	0	0	0	0	0.914	0	0
9606.ENSP00000441543	9606.ENSP00000385479	UBC	H3C15	9606	0.914	0	0	0	0	0.914	0	0
9606.ENSP00000441543	9606.ENSP00000483283	UBC	H3C11	9606	0.914	0	0	0	0	0.914	0	0
9606.ENSP00000441543	9606.ENSP00000482431	UBC	H2AC15	9606	0.914	0	0	0	0	0.914	0	0
9606.ENSP00000441543	9606.ENSP00000475814	UBC	H2AC19	9606	0.914	0	0	0	0	0.914	0	0
9606.ENSP00000441543	9606.ENSP00000352627	UBC	H2AC17	9606	0.914	0	0	0	0	0.914	0	0
9606.ENSP00000441543	9606.ENSP00000489282	UBC	H3C6	9606	0.914	0	0	0	0	0.914	0	0
9606.ENSP00000441543	9606.ENSP00000484658	UBC	H3C3	9606	0.914	0	0	0	0	0.914	0	0
9606.ENSP00000441543	9606.ENSP00000358160	UBC	H3C10	9606	0.914	0	0	0	0	0.914	0	0
9606.ENSP00000441543	9606.ENSP00000484095	UBC	H3C7	9606	0.914	0	0	0	0	0.914	0	0
9606.ENSP00000441543	9606.ENSP00000482538	UBC	H2AC16	9606	0.914	0	0	0	0	0.914	0	0
9606.ENSP00000441543	9606.ENSP00000391211	UBC	PSMC2	9606	0.91	0	0	0	0	0.91	0	0
9606.ENSP00000441543	9606.ENSP00000481029	UBC	PSMC3	9606	0.908	0	0	0	0	0.908	0	0
9606.ENSP00000441543	9606.ENSP00000348838	UBC	UBE2C	9606	0.907	0	0	0	0	0.822	0.5	0
9606.ENSP00000441543	9606.ENSP00000344166	UBC	TMEM189-UBE2V1	9606	0.904	0	0	0	0	0.904	0	0
9606.ENSP00000441543	9606.ENSP00000490225	UBC	UBE2L5	9606	0.902	0	0	0	0	0.902	0	0
9606.ENSP00000441543	9606.ENSP00000366962	UBC	H2BC10	9606	0.9	0	0	0	0	0.9	0	0
9606.ENSP00000441543	9606.ENSP00000401980	UBC	MAVS	9606	0.9	0	0	0	0	0.9	0	0
9606.ENSP00000441543	9606.ENSP00000445633	UBC	H2BC8	9606	0.9	0	0	0	0	0.9	0	0
9606.ENSP00000441543	9606.ENSP00000263925	UBC	LNX1	9606	0.9	0	0	0	0	0.9	0	0
9606.ENSP00000441543	9606.ENSP00000497271	UBC	IFIH1	9606	0.9	0	0	0	0	0.9	0	0
9606.ENSP00000441543	9606.ENSP00000341361	UBC	RNF13	9606	0.9	0	0	0	0	0.9	0	0
9606.ENSP00000441543	9606.ENSP00000489317	UBC	H2BC6	9606	0.9	0	0	0	0	0.9	0	0
9606.ENSP00000441543	9606.ENSP00000377015	UBC	PICALM	9606	0.9	0	0	0	0	0.9	0	0
9606.ENSP00000441543	9606.ENSP00000444596	UBC	MYCBP2	9606	0.9	0	0	0	0	0.9	0	0
9606.ENSP00000441543	9606.ENSP00000367440	UBC	TDP2	9606	0.9	0	0	0	0	0.9	0	0
9606.ENSP00000441543	9606.ENSP00000348924	UBC	H2BC7	9606	0.9	0	0	0	0	0.9	0	0
9606.ENSP00000441543	9606.ENSP00000352516	UBC	DNMT1	9606	0.9	0	0	0	0	0.9	0	0
9606.ENSP00000441543	9606.ENSP00000309474	UBC	PSMD1	9606	0.898	0	0	0	0	0.897	0	0
9606.ENSP00000441543	9606.ENSP00000310572	UBC	PSMC5	9606	0.898	0	0	0	0	0.898	0	0
9606.ENSP00000441543	9606.ENSP00000157812	UBC	PSMC4	9606	0.898	0	0	0	0	0.898	0	0
9606.ENSP00000441543	9606.ENSP00000362334	UBC	PSMB2	9606	0.896	0	0	0	0	0.896	0	0
9606.ENSP00000441543	9606.ENSP00000394394	UBC	ANAPC7	9606	0.896	0	0	0	0	0.801	0.5	0
9606.ENSP00000441543	9606.ENSP00000434614	UBC	CDC27	9606	0.895	0	0	0	0	0.8	0.5	0
9606.ENSP00000441543	9606.ENSP00000437360	UBC	ANAPC15	9606	0.895	0	0	0	0	0.8	0.5	0
9606.ENSP00000441543	9606.ENSP00000363322	UBC	CDC26	9606	0.895	0	0	0	0	0.8	0.5	0
9606.ENSP00000441543	9606.ENSP00000426654	UBC	ANAPC4	9606	0.895	0	0	0	0	0.8	0.5	0
9606.ENSP00000441543	9606.ENSP00000311083	UBC	CKS1B	9606	0.895	0	0	0	0	0.8	0.5	0
9606.ENSP00000441543	9606.ENSP00000378350	UBC	CDC23	9606	0.895	0	0	0	0	0.8	0.5	0
9606.ENSP00000441543	9606.ENSP00000266970	UBC	CDK2	9606	0.895	0	0	0	0	0.8	0.5	0
9606.ENSP00000441543	9606.ENSP00000481380	UBC	CCNA2	9606	0.895	0	0	0	0	0.8	0.5	0
9606.ENSP00000441543	9606.ENSP00000250495	UBC	NEDD8	9606	0.895	0	0	0	0	0.895	0	0
9606.ENSP00000441543	9606.ENSP00000348554	UBC	CDC16	9606	0.895	0	0	0	0	0.8	0.5	0
9606.ENSP00000441543	9606.ENSP00000477760	UBC	ANAPC16	9606	0.895	0	0	0	0	0.8	0.5	0
9606.ENSP00000441543	9606.ENSP00000339109	UBC	ANAPC1	9606	0.895	0	0	0	0	0.8	0.5	0
9606.ENSP00000441543	9606.ENSP00000378529	UBC	FZR1	9606	0.895	0	0	0	0	0.8	0.5	0
9606.ENSP00000441543	9606.ENSP00000274255	UBC	SKP2	9606	0.895	0	0	0	0	0.8	0.5	0
9606.ENSP00000441543	9606.ENSP00000261819	UBC	ANAPC5	9606	0.895	0	0	0	0	0.8	0.5	0
9606.ENSP00000441543	9606.ENSP00000478501	UBC	ANAPC10	9606	0.895	0	0	0	0	0.8	0.5	0
9606.ENSP00000441543	9606.ENSP00000351446	UBC	WDR5	9606	0.892	0	0	0	0	0.891	0	0
9606.ENSP00000441543	9606.ENSP00000331201	UBC	HGS	9606	0.89	0	0	0	0	0.79	0.5	0
9606.ENSP00000441543	9606.ENSP00000261479	UBC	PSMA6	9606	0.889	0	0	0	0	0.889	0	0
9606.ENSP00000441543	9606.ENSP00000264639	UBC	PSMD3	9606	0.884	0	0	0	0	0.884	0	0
9606.ENSP00000441543	9606.ENSP00000261303	UBC	PSMC1	9606	0.88	0	0	0	0	0.88	0	0
9606.ENSP00000441543	9606.ENSP00000434024	UBC	H2AX	9606	0.873	0	0	0	0	0.872	0	0
9606.ENSP00000441543	9606.ENSP00000263202	UBC	UFD1	9606	0.87	0	0	0	0	0.751	0.5	0
9606.ENSP00000441543	9606.ENSP00000340896	UBC	ASH2L	9606	0.869	0	0	0	0	0.869	0	0
9606.ENSP00000441543	9606.ENSP00000398698	UBC	TNF	9606	0.868	0	0	0	0	0.734	0.5	0.093
9606.ENSP00000441543	9606.ENSP00000044462	UBC	PSMA4	9606	0.866	0	0	0	0	0.866	0	0
9606.ENSP00000441543	9606.ENSP00000219313	UBC	PSMD7	9606	0.866	0	0	0	0	0.866	0	0
9606.ENSP00000441543	9606.ENSP00000484998	UBC	PSMC6	9606	0.864	0	0	0	0	0.864	0	0
9606.ENSP00000441543	9606.ENSP00000348442	UBC	PSMD12	9606	0.864	0	0	0	0	0.864	0	0
9606.ENSP00000441543	9606.ENSP00000261712	UBC	PSMD11	9606	0.864	0	0	0	0	0.864	0	0
9606.ENSP00000441543	9606.ENSP00000215071	UBC	PSMD8	9606	0.862	0	0	0	0	0.861	0	0
9606.ENSP00000441543	9606.ENSP00000349722	UBC	UBE2D3	9606	0.862	0	0	0	0	0.736	0.5	0
9606.ENSP00000441543	9606.ENSP00000418695	UBC	PSMD6	9606	0.861	0	0	0	0	0.861	0	0
9606.ENSP00000441543	9606.ENSP00000396937	UBC	PSMD13	9606	0.861	0	0	0	0	0.861	0	0
9606.ENSP00000441543	9606.ENSP00000414359	UBC	PSMA1	9606	0.857	0	0	0	0	0.857	0	0
9606.ENSP00000441543	9606.ENSP00000356421	UBC	UCHL5	9606	0.85	0	0	0	0	0.713	0.5	0
9606.ENSP00000441543	9606.ENSP00000262193	UBC	PSMB1	9606	0.849	0	0	0	0	0.849	0	0
9606.ENSP00000441543	9606.ENSP00000216455	UBC	PSMA3	9606	0.849	0	0	0	0	0.849	0	0
9606.ENSP00000441543	9606.ENSP00000271308	UBC	PSMA5	9606	0.849	0	0	0	0	0.849	0	0
9606.ENSP00000441543	9606.ENSP00000483688	UBC	PSMB3	9606	0.848	0	0	0	0	0.848	0	0
9606.ENSP00000441543	9606.ENSP00000290541	UBC	PSMB4	9606	0.848	0	0	0	0	0.848	0	0
9606.ENSP00000441543	9606.ENSP00000223321	UBC	PSMA2	9606	0.848	0	0	0	0	0.848	0	0
9606.ENSP00000441543	9606.ENSP00000349957	UBC	ANAPC11	9606	0.848	0	0	0	0	0.708	0.5	0
9606.ENSP00000441543	9606.ENSP00000345837	UBC	DPY30	9606	0.843	0	0	0	0	0.842	0	0
9606.ENSP00000441543	9606.ENSP00000351777	UBC	VCP	9606	0.838	0	0	0	0	0.614	0.5	0.23
9606.ENSP00000441543	9606.ENSP00000270586	UBC	PSMB6	9606	0.837	0	0	0	0	0.836	0	0
9606.ENSP00000441543	9606.ENSP00000359910	UBC	PSMA7	9606	0.837	0	0	0	0	0.836	0	0
9606.ENSP00000441543	9606.ENSP00000355325	UBC	PSMB5	9606	0.837	0	0	0	0	0.836	0	0
9606.ENSP00000441543	9606.ENSP00000259457	UBC	PSMB7	9606	0.837	0	0	0	0	0.836	0	0
9606.ENSP00000441543	9606.ENSP00000350708	UBC	RAD23B	9606	0.831	0	0	0	0	0.676	0.5	0
9606.ENSP00000441543	9606.ENSP00000443017	UBC	H4-16	9606	0.828	0	0	0	0	0.828	0	0
9606.ENSP00000441543	9606.ENSP00000462355	UBC	H4C15	9606	0.828	0	0	0	0	0.828	0	0
9606.ENSP00000441543	9606.ENSP00000489236	UBC	H4C8	9606	0.828	0	0	0	0	0.828	0	0
9606.ENSP00000441543	9606.ENSP00000481486	UBC	H4C9	9606	0.828	0	0	0	0	0.828	0	0
9606.ENSP00000441543	9606.ENSP00000244537	UBC	H4C6	9606	0.828	0	0	0	0	0.828	0	0
9606.ENSP00000441543	9606.ENSP00000462667	UBC	H4C14	9606	0.828	0	0	0	0	0.828	0	0
9606.ENSP00000441543	9606.ENSP00000479794	UBC	H4C12	9606	0.828	0	0	0	0	0.828	0	0
9606.ENSP00000441543	9606.ENSP00000347168	UBC	H4C11	9606	0.828	0	0	0	0	0.828	0	0
9606.ENSP00000441543	9606.ENSP00000480960	UBC	H4C13	9606	0.828	0	0	0	0	0.828	0	0
9606.ENSP00000441543	9606.ENSP00000479106	UBC	H4C1	9606	0.828	0	0	0	0	0.828	0	0
9606.ENSP00000441543	9606.ENSP00000484789	UBC	H4C5	9606	0.828	0	0	0	0	0.828	0	0
9606.ENSP00000441543	9606.ENSP00000479461	UBC	H4C4	9606	0.828	0	0	0	0	0.828	0	0
9606.ENSP00000441543	9606.ENSP00000367034	UBC	H4C3	9606	0.828	0	0	0	0	0.828	0	0
9606.ENSP00000441543	9606.ENSP00000366974	UBC	H4C2	9606	0.828	0	0	0	0	0.828	0	0
9606.ENSP00000441543	9606.ENSP00000433623	UBC	TRAF6	9606	0.821	0	0	0	0	0.656	0.5	0
9606.ENSP00000441543	9606.ENSP00000360798	UBC	EPS15	9606	0.803	0	0	0	0	0.623	0.5	0
9606.ENSP00000441543	9606.ENSP00000354558	UBC	MTOR	9606	0.802	0	0	0	0	0.734	0	0.288
9606.ENSP00000441543	9606.ENSP00000436786	UBC	KMT2A	9606	0.801	0	0	0	0	0.801	0	0
9606.ENSP00000441543	9606.ENSP00000264972	UBC	ZAP70	9606	0.8	0	0	0	0	0.8	0	0
9606.ENSP00000441543	9606.ENSP00000421842	UBC	ANAPC13	9606	0.8	0	0	0	0	0.8	0	0
9606.ENSP00000441543	9606.ENSP00000338348	UBC	UBE2G2	9606	0.8	0	0	0	0	0.618	0.5	0
9606.ENSP00000441543	9606.ENSP00000262189	UBC	KMT2C	9606	0.8	0	0	0	0	0.8	0	0
9606.ENSP00000441543	9606.ENSP00000383710	UBC	FAAP20	9606	0.8	0	0	0	0	0.618	0.5	0
9606.ENSP00000441543	9606.ENSP00000500990	UBC	SNCA	9606	0.791	0	0	0	0	0.483	0.5	0.258
9606.ENSP00000441543	9606.ENSP00000354621	UBC	SMURF1	9606	0.78	0	0	0	0	0.578	0.5	0
9606.ENSP00000441543	9606.ENSP00000275493	UBC	EGFR	9606	0.778	0	0	0	0	0.538	0.5	0.12
9606.ENSP00000441543	9606.ENSP00000265339	UBC	UBE2B	9606	0.775	0	0	0	0	0.57	0.5	0
9606.ENSP00000441543	9606.ENSP00000360613	UBC	UBE2A	9606	0.773	0	0	0	0	0.565	0.5	0
9606.ENSP00000441543	9606.ENSP00000414095	UBC	CUL2	9606	0.761	0	0	0	0	0.359	0.5	0.316
9606.ENSP00000441543	9606.ENSP00000222402	UBC	UBE2D4	9606	0.754	0	0	0	0	0.529	0.5	0
9606.ENSP00000441543	9606.ENSP00000377633	UBC	STAMBP	9606	0.745	0	0	0	0	0.733	0	0.085
9606.ENSP00000441543	9606.ENSP00000361310	UBC	POLH	9606	0.731	0	0	0	0	0.485	0.5	0
9606.ENSP00000441543	9606.ENSP00000247668	UBC	TRAF2	9606	0.726	0	0	0	0	0.475	0.5	0
9606.ENSP00000441543	9606.ENSP00000406209	UBC	EPN1	9606	0.722	0	0	0	0	0.468	0.5	0
9606.ENSP00000441543	9606.ENSP00000219548	UBC	STUB1	9606	0.716	0	0	0	0	0.457	0.5	0
9606.ENSP00000441543	9606.ENSP00000486574	UBC	UBAP1	9606	0.716	0	0	0	0	0.457	0.5	0
9606.ENSP00000441543	9606.ENSP00000316357	UBC	USP9X	9606	0.716	0	0	0	0	0.457	0.5	0
9606.ENSP00000441543	9606.ENSP00000361540	UBC	CDC20	9606	0.716	0	0	0	0	0.457	0.5	0
9606.ENSP00000441543	9606.ENSP00000457411	UBC	USP10	9606	0.716	0	0	0	0	0.457	0.5	0
9606.ENSP00000441543	9606.ENSP00000381698	UBC	SHARPIN	9606	0.716	0	0	0	0	0.457	0.5	0
9606.ENSP00000441543	9606.ENSP00000256474	UBC	VHL	9606	0.716	0	0	0	0	0.457	0.5	0
9606.ENSP00000441543	9606.ENSP00000295050	UBC	SPRTN	9606	0.716	0	0	0	0	0.457	0.5	0
9606.ENSP00000441543	9606.ENSP00000354497	UBC	FAN1	9606	0.716	0	0	0	0	0.457	0.5	0
9606.ENSP00000441543	9606.ENSP00000437955	UBC	HIF1A	9606	0.716	0	0	0	0	0.457	0.5	0
9606.ENSP00000441543	9606.ENSP00000292782	UBC	DCUN1D1	9606	0.716	0	0	0	0	0.457	0.5	0
9606.ENSP00000441543	9606.ENSP00000263464	UBC	BIRC3	9606	0.716	0	0	0	0	0.457	0.5	0
9606.ENSP00000441543	9606.ENSP00000364589	UBC	CUL4A	9606	0.716	0	0	0	0	0.457	0.5	0
9606.ENSP00000441543	9606.ENSP00000259808	UBC	RIPK1	9606	0.716	0	0	0	0	0.457	0.5	0
9606.ENSP00000441543	9606.ENSP00000473623	UBC	UBE2E3	9606	0.712	0	0	0	0	0.448	0.5	0
9606.ENSP00000441543	9606.ENSP00000323687	UBC	UBE2O	9606	0.705	0	0	0	0	0.435	0.5	0
9606.ENSP00000441543	9606.ENSP00000478121	UBC	ELOC	9606	0.704	0	0	0	0	0.141	0.5	0.367
9606.ENSP00000441543	9606.ENSP00000494957	UBC	UBE2T	9606	0.701	0	0	0	0	0.428	0.5	0
9606.ENSP00000460070	9606.ENSP00000483570	GTF2I	BTK	9606	0.905	0	0	0	0	0.457	0	0.833
9606.ENSP00000460070	9606.ENSP00000397566	GTF2I	GTF2IRD1	9606	0.9	0	0	0	0	0	0.9	0
9606.ENSP00000460070	9606.ENSP00000357000	GTF2I	USF1	9606	0.716	0	0	0	0	0.457	0	0.5
9606.ENSP00000472445	9606.ENSP00000480186	POLD1	POLD2	9606	0.999	0	0	0	0	0.909	0.9	0.975
9606.ENSP00000472445	9606.ENSP00000263681	POLD1	POLD3	9606	0.998	0	0	0	0	0.768	0.9	0.949
9606.ENSP00000472445	9606.ENSP00000311368	POLD1	POLD4	9606	0.995	0	0	0	0	0.781	0.9	0.819
9606.ENSP00000472445	9606.ENSP00000368458	POLD1	PCNA	9606	0.983	0	0	0	0	0.916	0.72	0.35
9606.ENSP00000472445	9606.ENSP00000216367	POLD1	POLE2	9606	0.966	0	0	0	0	0.34	0.9	0.533
9606.ENSP00000472445	9606.ENSP00000254719	POLD1	RPA1	9606	0.961	0	0	0	0	0.591	0.9	0.136
9606.ENSP00000472445	9606.ENSP00000223129	POLD1	RPA3	9606	0.96	0	0	0	0	0.619	0.9	0
9606.ENSP00000472445	9606.ENSP00000363017	POLD1	RPA2	9606	0.958	0	0	0	0	0.599	0.9	0
9606.ENSP00000472445	9606.ENSP00000484105	POLD1	PRIM2	9606	0.957	0	0	0	0	0.371	0.9	0.383
9606.ENSP00000472445	9606.ENSP00000265465	POLD1	POLA2	9606	0.956	0	0	0	0	0.377	0.9	0.352
9606.ENSP00000472445	9606.ENSP00000235310	POLD1	MAD2L2	9606	0.954	0	0	0	0	0.352	0.9	0.35
9606.ENSP00000472445	9606.ENSP00000363286	POLD1	POLE3	9606	0.952	0	0	0	0	0.333	0.9	0.348
9606.ENSP00000472445	9606.ENSP00000350491	POLD1	PRIM1	9606	0.951	0	0	0	0	0.333	0.9	0.337
9606.ENSP00000472445	9606.ENSP00000399851	POLD1	POLG	9606	0.946	0	0	0	0	0	0.9	0.489
9606.ENSP00000472445	9606.ENSP00000368358	POLD1	POLA1	9606	0.935	0	0	0	0	0	0.9	0.386
9606.ENSP00000472445	9606.ENSP00000420176	POLD1	POLE4	9606	0.929	0	0	0	0	0.189	0.9	0.204
9606.ENSP00000472445	9606.ENSP00000351697	POLD1	REV3L	9606	0.925	0	0	0	0	0.135	0.9	0.205
9606.ENSP00000472445	9606.ENSP00000322570	POLD1	POLE	9606	0.92	0	0	0	0	0	0.9	0.235
9606.ENSP00000472445	9606.ENSP00000313420	POLD1	PRKDC	9606	0.912	0	0	0	0	0.161	0.9	0
9606.ENSP00000472445	9606.ENSP00000484288	POLD1	LIG4	9606	0.91	0	0	0	0	0	0.9	0.145
9606.ENSP00000472445	9606.ENSP00000498881	POLD1	ERCC5	9606	0.909	0	0	0	0	0.13	0.9	0
9606.ENSP00000472445	9606.ENSP00000375978	POLD1	XRCC5	9606	0.906	0	0	0	0	0	0.9	0.104
9606.ENSP00000472445	9606.ENSP00000352257	POLD1	XRCC6	9606	0.905	0	0	0	0	0	0.9	0.095
9606.ENSP00000472445	9606.ENSP00000233146	POLD1	MSH2	9606	0.9	0	0	0	0	0	0.9	0
9606.ENSP00000472445	9606.ENSP00000359300	POLD1	CETN2	9606	0.9	0	0	0	0	0	0.9	0
9606.ENSP00000472445	9606.ENSP00000367527	POLD1	DCLRE1C	9606	0.9	0	0	0	0	0	0.9	0
9606.ENSP00000472445	9606.ENSP00000382218	POLD1	ZSWIM7	9606	0.9	0	0	0	0	0	0.9	0
9606.ENSP00000472445	9606.ENSP00000220913	POLD1	CHRAC1	9606	0.9	0	0	0	0	0	0.9	0
9606.ENSP00000472445	9606.ENSP00000310008	POLD1	SWSAP1	9606	0.9	0	0	0	0	0	0.9	0
9606.ENSP00000472445	9606.ENSP00000362131	POLD1	RPA4	9606	0.9	0	0	0	0	0	0.9	0
9606.ENSP00000472445	9606.ENSP00000442563	POLD1	POLG2	9606	0.9	0	0	0	0	0	0.9	0
9606.ENSP00000472445	9606.ENSP00000278616	POLD1	ATM	9606	0.9	0	0	0	0	0	0.9	0
9606.ENSP00000472445	9606.ENSP00000349313	POLD1	NHEJ1	9606	0.9	0	0	0	0	0	0.9	0
9606.ENSP00000472445	9606.ENSP00000421491	POLD1	XRCC4	9606	0.9	0	0	0	0	0	0.9	0
9606.ENSP00000472445	9606.ENSP00000262241	POLD1	RCOR1	9606	0.9	0	0	0	0	0	0.9	0
9606.ENSP00000472445	9606.ENSP00000398824	POLD1	PHF21A	9606	0.9	0	0	0	0	0	0.9	0
9606.ENSP00000472445	9606.ENSP00000265038	POLD1	ERCC8	9606	0.9	0	0	0	0	0	0.9	0
9606.ENSP00000472445	9606.ENSP00000307143	POLD1	DONSON	9606	0.9	0	0	0	0	0	0.9	0
9606.ENSP00000472445	9606.ENSP00000300145	POLD1	ATP23	9606	0.9	0	0	0	0	0	0.9	0
9606.ENSP00000472445	9606.ENSP00000013807	POLD1	ERCC1	9606	0.9	0	0	0	0	0	0.9	0
9606.ENSP00000472445	9606.ENSP00000234420	POLD1	MSH6	9606	0.9	0	0	0	0	0	0.9	0
9606.ENSP00000472445	9606.ENSP00000310520	POLD1	ERCC4	9606	0.9	0	0	0	0	0	0.9	0
9606.ENSP00000472445	9606.ENSP00000383042	POLD1	KDM1A	9606	0.9	0	0	0	0	0	0.9	0
9606.ENSP00000472445	9606.ENSP00000360682	POLD1	PAXX	9606	0.9	0	0	0	0	0	0.9	0
9606.ENSP00000472445	9606.ENSP00000378736	POLD1	CRCP	9606	0.9	0	0	0	0	0	0.9	0
9606.ENSP00000472445	9606.ENSP00000285021	POLD1	XPC	9606	0.9	0	0	0	0	0	0.9	0
9606.ENSP00000472445	9606.ENSP00000350708	POLD1	RAD23B	9606	0.9	0	0	0	0	0	0.9	0
9606.ENSP00000472445	9606.ENSP00000305480	POLD1	FEN1	9606	0.883	0	0	0	0	0.735	0.5	0.192
9606.ENSP00000472445	9606.ENSP00000480987	POLD1	MCM3	9606	0.87	0	0	0	0	0.556	0.72	0
9606.ENSP00000472445	9606.ENSP00000418960	POLD1	BRCA1	9606	0.785	0	0	0	0	0.421	0.54	0.258
9606.ENSP00000472445	9606.ENSP00000265081	POLD1	MSH3	9606	0.72	0	0	0	0	0	0.72	0
9606.ENSP00000478771	9606.ENSP00000388107	UBB	UBA52	9606	0.994	0	0	0	0	0.948	0.9	0
9606.ENSP00000478771	9606.ENSP00000441543	UBB	UBC	9606	0.994	0	0	0	0	0.9	0.9	0.477
9606.ENSP00000478771	9606.ENSP00000272317	UBB	RPS27A	9606	0.994	0	0	0	0	0.947	0.9	0
9606.ENSP00000478771	9606.ENSP00000338413	UBB	UBA1	9606	0.993	0	0	0	0	0.933	0.9	0
9606.ENSP00000478771	9606.ENSP00000287156	UBB	UBE2L6	9606	0.989	0	0	0	0	0.902	0.9	0
9606.ENSP00000478771	9606.ENSP00000355865	UBB	PRKN	9606	0.987	0	0	0	0	0.963	0.5	0.372
9606.ENSP00000478771	9606.ENSP00000264926	UBB	RAD18	9606	0.979	0	0	0	0	0.96	0.5	0
9606.ENSP00000478771	9606.ENSP00000381717	UBB	UBE2D2	9606	0.979	0	0	0	0	0.96	0.5	0
9606.ENSP00000478771	9606.ENSP00000478877	UBB	ADRM1	9606	0.977	0	0	0	0	0.975	0	0.112
9606.ENSP00000478771	9606.ENSP00000261427	UBB	UBE2K	9606	0.977	0	0	0	0	0.956	0.5	0
9606.ENSP00000478771	9606.ENSP00000366819	UBB	UCHL3	9606	0.973	0	0	0	0	0.948	0.5	0
9606.ENSP00000478771	9606.ENSP00000264552	UBB	UBE2S	9606	0.972	0	0	0	0	0.947	0.5	0
9606.ENSP00000478771	9606.ENSP00000316176	UBB	UBE2N	9606	0.972	0	0	0	0	0.946	0.5	0
9606.ENSP00000478771	9606.ENSP00000428209	UBB	UBE2V2	9606	0.97	0	0	0	0	0.943	0.5	0
9606.ENSP00000478771	9606.ENSP00000424827	UBB	NEDD4	9606	0.967	0	0	0	0	0.937	0.5	0
9606.ENSP00000478771	9606.ENSP00000251968	UBB	TSG101	9606	0.966	0	0	0	0	0.935	0.5	0
9606.ENSP00000478771	9606.ENSP00000357876	UBB	PSMD4	9606	0.965	0	0	0	0	0.963	0	0.092
9606.ENSP00000478771	9606.ENSP00000263228	UBB	UBE2R2	9606	0.965	0	0	0	0	0.933	0.5	0
9606.ENSP00000478771	9606.ENSP00000215574	UBB	CDC34	9606	0.965	0	0	0	0	0.933	0.5	0
9606.ENSP00000478771	9606.ENSP00000313454	UBB	UBA6	9606	0.965	0	0	0	0	0.933	0.5	0
9606.ENSP00000478771	9606.ENSP00000380178	UBB	UBE2G1	9606	0.965	0	0	0	0	0.934	0.5	0
9606.ENSP00000478771	9606.ENSP00000331487	UBB	NPLOC4	9606	0.965	0	0	0	0	0.933	0.5	0
9606.ENSP00000478771	9606.ENSP00000363019	UBB	UBE2D1	9606	0.964	0	0	0	0	0.93	0.5	0
9606.ENSP00000478771	9606.ENSP00000284440	UBB	UCHL1	9606	0.963	0	0	0	0	0.93	0.5	0
9606.ENSP00000478771	9606.ENSP00000499786	UBB	ITCH	9606	0.959	0	0	0	0	0.922	0.5	0
9606.ENSP00000478771	9606.ENSP00000427793	UBB	WWP1	9606	0.959	0	0	0	0	0.922	0.5	0
9606.ENSP00000478771	9606.ENSP00000462664	UBB	POLI	9606	0.958	0	0	0	0	0.919	0.5	0
9606.ENSP00000478771	9606.ENSP00000392025	UBB	CYLD	9606	0.957	0	0	0	0	0.919	0.5	0
9606.ENSP00000478771	9606.ENSP00000367299	UBB	VPS36	9606	0.957	0	0	0	0	0.919	0.5	0
9606.ENSP00000478771	9606.ENSP00000467024	UBB	RAD23A	9606	0.955	0	0	0	0	0.915	0.5	0
9606.ENSP00000478771	9606.ENSP00000310842	UBB	FANCI	9606	0.954	0	0	0	0	0.911	0.5	0
9606.ENSP00000478771	9606.ENSP00000287647	UBB	FANCD2	9606	0.954	0	0	0	0	0.911	0.5	0
9606.ENSP00000478771	9606.ENSP00000261601	UBB	USP14	9606	0.952	0	0	0	0	0.952	0	0
9606.ENSP00000478771	9606.ENSP00000366746	UBB	STAM	9606	0.952	0	0	0	0	0.904	0.5	0.081
9606.ENSP00000478771	9606.ENSP00000258428	UBB	REV1	9606	0.952	0	0	0	0	0.909	0.5	0
9606.ENSP00000478771	9606.ENSP00000263904	UBB	STAM2	9606	0.952	0	0	0	0	0.904	0.5	0.081
9606.ENSP00000478771	9606.ENSP00000343535	UBB	USP7	9606	0.952	0	0	0	0	0.951	0	0
9606.ENSP00000478771	9606.ENSP00000257548	UBB	USP30	9606	0.952	0	0	0	0	0.952	0	0
9606.ENSP00000478771	9606.ENSP00000216225	UBB	RBX1	9606	0.951	0	0	0	0	0.9	0.5	0.112
9606.ENSP00000478771	9606.ENSP00000340305	UBB	UBE2V1	9606	0.95	0	0	0	0	0.904	0.5	0
9606.ENSP00000478771	9606.ENSP00000307491	UBB	WDR48	9606	0.95	0	0	0	0	0.905	0.5	0
9606.ENSP00000478771	9606.ENSP00000365804	UBB	HDAC6	9606	0.95	0	0	0	0	0.92	0.4	0
9606.ENSP00000478771	9606.ENSP00000229268	UBB	USP5	9606	0.95	0	0	0	0	0.904	0.5	0
9606.ENSP00000478771	9606.ENSP00000323889	UBB	TRIM25	9606	0.949	0	0	0	0	0.903	0.5	0
9606.ENSP00000478771	9606.ENSP00000315112	UBB	RNF31	9606	0.949	0	0	0	0	0.903	0.5	0
9606.ENSP00000478771	9606.ENSP00000476136	UBB	H2BC11	9606	0.948	0	0	0	0	0.9	0.5	0
9606.ENSP00000478771	9606.ENSP00000349430	UBB	H2BC12	9606	0.948	0	0	0	0	0.9	0.5	0
9606.ENSP00000478771	9606.ENSP00000321744	UBB	H2BC4	9606	0.948	0	0	0	0	0.9	0.5	0
9606.ENSP00000478771	9606.ENSP00000368458	UBB	PCNA	9606	0.948	0	0	0	0	0.901	0.5	0
9606.ENSP00000478771	9606.ENSP00000477613	UBB	BIRC2	9606	0.947	0	0	0	0	0.9	0.5	0
9606.ENSP00000478771	9606.ENSP00000343526	UBB	USP1	9606	0.947	0	0	0	0	0.9	0.5	0
9606.ENSP00000478771	9606.ENSP00000264033	UBB	CBL	9606	0.947	0	0	0	0	0.9	0.5	0
9606.ENSP00000478771	9606.ENSP00000348632	UBB	RBCK1	9606	0.947	0	0	0	0	0.9	0.5	0
9606.ENSP00000478771	9606.ENSP00000380921	UBB	SH3KBP1	9606	0.947	0	0	0	0	0.9	0.5	0
9606.ENSP00000478771	9606.ENSP00000314004	UBB	ANAPC2	9606	0.947	0	0	0	0	0.9	0.5	0
9606.ENSP00000478771	9606.ENSP00000348089	UBB	ERCC6	9606	0.947	0	0	0	0	0.9	0.5	0
9606.ENSP00000478771	9606.ENSP00000216797	UBB	NFKBIA	9606	0.947	0	0	0	0	0.9	0.5	0
9606.ENSP00000478771	9606.ENSP00000379721	UBB	USP8	9606	0.947	0	0	0	0	0.9	0.5	0
9606.ENSP00000478771	9606.ENSP00000228872	UBB	CDKN1B	9606	0.947	0	0	0	0	0.9	0.5	0
9606.ENSP00000478771	9606.ENSP00000407818	UBB	USP46	9606	0.946	0	0	0	0	0.946	0	0
9606.ENSP00000478771	9606.ENSP00000352516	UBB	DNMT1	9606	0.946	0	0	0	0	0.946	0	0
9606.ENSP00000478771	9606.ENSP00000368022	UBB	OPTN	9606	0.944	0	0	0	0	0.944	0	0
9606.ENSP00000478771	9606.ENSP00000264515	UBB	RBBP5	9606	0.943	0	0	0	0	0.943	0	0
9606.ENSP00000478771	9606.ENSP00000326813	UBB	YOD1	9606	0.938	0	0	0	0	0.938	0	0
9606.ENSP00000478771	9606.ENSP00000259605	UBB	RNF38	9606	0.934	0	0	0	0	0.908	0	0.322
9606.ENSP00000478771	9606.ENSP00000357565	UBB	ZUP1	9606	0.933	0	0	0	0	0.933	0	0
9606.ENSP00000478771	9606.ENSP00000333266	UBB	UBA7	9606	0.933	0	0	0	0	0.362	0.9	0
9606.ENSP00000478771	9606.ENSP00000381657	UBB	DOT1L	9606	0.932	0	0	0	0	0.932	0	0
9606.ENSP00000478771	9606.ENSP00000343479	UBB	NBR1	9606	0.932	0	0	0	0	0.91	0	0.28
9606.ENSP00000478771	9606.ENSP00000345195	UBB	UBQLN2	9606	0.931	0	0	0	0	0.93	0	0
9606.ENSP00000478771	9606.ENSP00000360992	UBB	STAMBPL1	9606	0.931	0	0	0	0	0.93	0	0.058
9606.ENSP00000478771	9606.ENSP00000457703	UBB	UBL7	9606	0.93	0	0	0	0	0.93	0	0
9606.ENSP00000478771	9606.ENSP00000231487	UBB	SKP1	9606	0.929	0	0	0	0	0.864	0.5	0
9606.ENSP00000478771	9606.ENSP00000483825	UBB	IKBKG	9606	0.929	0	0	0	0	0.929	0	0
9606.ENSP00000478771	9606.ENSP00000340648	UBB	HUWE1	9606	0.929	0	0	0	0	0.927	0	0.065
9606.ENSP00000478771	9606.ENSP00000289528	UBB	ZFAND2B	9606	0.927	0	0	0	0	0.927	0	0
9606.ENSP00000478771	9606.ENSP00000421926	UBB	UIMC1	9606	0.926	0	0	0	0	0.926	0	0
9606.ENSP00000478771	9606.ENSP00000320898	UBB	RNF168	9606	0.926	0	0	0	0	0.926	0	0
9606.ENSP00000478771	9606.ENSP00000260187	UBB	USP2	9606	0.926	0	0	0	0	0.926	0	0
9606.ENSP00000478771	9606.ENSP00000365576	UBB	UBQLN1	9606	0.926	0	0	0	0	0.925	0	0
9606.ENSP00000478771	9606.ENSP00000383199	UBB	NEDD4L	9606	0.922	0	0	0	0	0.922	0	0
9606.ENSP00000478771	9606.ENSP00000262435	UBB	SMURF2	9606	0.922	0	0	0	0	0.922	0	0
9606.ENSP00000478771	9606.ENSP00000203664	UBB	OTUB2	9606	0.921	0	0	0	0	0.921	0	0
9606.ENSP00000478771	9606.ENSP00000444357	UBB	OTUB1	9606	0.921	0	0	0	0	0.921	0	0
9606.ENSP00000478771	9606.ENSP00000481570	UBB	TNFAIP3	9606	0.918	0	0	0	0	0.918	0	0
9606.ENSP00000478771	9606.ENSP00000352627	UBB	H2AC17	9606	0.914	0	0	0	0	0.914	0	0
9606.ENSP00000478771	9606.ENSP00000489282	UBB	H3C6	9606	0.914	0	0	0	0	0.914	0	0
9606.ENSP00000478771	9606.ENSP00000352252	UBB	H3C12	9606	0.914	0	0	0	0	0.914	0	0
9606.ENSP00000478771	9606.ENSP00000480826	UBB	H3C1	9606	0.914	0	0	0	0	0.914	0	0
9606.ENSP00000478771	9606.ENSP00000366999	UBB	H3C4	9606	0.914	0	0	0	0	0.914	0	0
9606.ENSP00000478771	9606.ENSP00000484658	UBB	H3C3	9606	0.914	0	0	0	0	0.914	0	0
9606.ENSP00000478771	9606.ENSP00000367022	UBB	H2AC6	9606	0.914	0	0	0	0	0.914	0	0
9606.ENSP00000478771	9606.ENSP00000351589	UBB	H2AC13	9606	0.914	0	0	0	0	0.914	0	0
9606.ENSP00000478771	9606.ENSP00000352119	UBB	H2AC11	9606	0.914	0	0	0	0	0.914	0	0
9606.ENSP00000478771	9606.ENSP00000484841	UBB	H3C2	9606	0.914	0	0	0	0	0.914	0	0
9606.ENSP00000478771	9606.ENSP00000483842	UBB	H2AC4	9606	0.914	0	0	0	0	0.914	0	0
9606.ENSP00000478771	9606.ENSP00000358160	UBB	H3C10	9606	0.914	0	0	0	0	0.914	0	0
9606.ENSP00000478771	9606.ENSP00000484095	UBB	H3C7	9606	0.914	0	0	0	0	0.914	0	0
9606.ENSP00000478771	9606.ENSP00000484638	UBB	H3C8	9606	0.914	0	0	0	0	0.914	0	0
9606.ENSP00000478771	9606.ENSP00000333277	UBB	H3C13	9606	0.914	0	0	0	0	0.914	0	0
9606.ENSP00000478771	9606.ENSP00000303373	UBB	H2AC8	9606	0.914	0	0	0	0	0.914	0	0
9606.ENSP00000478771	9606.ENSP00000358155	UBB	H2AC18	9606	0.914	0	0	0	0	0.914	0	0
9606.ENSP00000478771	9606.ENSP00000358154	UBB	H3C14	9606	0.914	0	0	0	0	0.914	0	0
9606.ENSP00000478771	9606.ENSP00000003302	UBB	USP28	9606	0.914	0	0	0	0	0.914	0	0
9606.ENSP00000478771	9606.ENSP00000385479	UBB	H3C15	9606	0.914	0	0	0	0	0.914	0	0
9606.ENSP00000478771	9606.ENSP00000482538	UBB	H2AC16	9606	0.914	0	0	0	0	0.914	0	0
9606.ENSP00000478771	9606.ENSP00000483283	UBB	H3C11	9606	0.914	0	0	0	0	0.914	0	0
9606.ENSP00000478771	9606.ENSP00000499501	UBB	H3-2	9606	0.914	0	0	0	0	0.914	0	0
9606.ENSP00000478771	9606.ENSP00000482431	UBB	H2AC15	9606	0.914	0	0	0	0	0.914	0	0
9606.ENSP00000478771	9606.ENSP00000475814	UBB	H2AC19	9606	0.914	0	0	0	0	0.914	0	0
9606.ENSP00000478771	9606.ENSP00000274255	UBB	SKP2	9606	0.913	0	0	0	0	0.834	0.5	0
9606.ENSP00000478771	9606.ENSP00000496695	UBB	ATXN3	9606	0.912	0	0	0	0	0.912	0	0
9606.ENSP00000478771	9606.ENSP00000381577	UBB	USP34	9606	0.911	0	0	0	0	0.911	0	0
9606.ENSP00000478771	9606.ENSP00000250495	UBB	NEDD8	9606	0.91	0	0	0	0	0.91	0	0
9606.ENSP00000478771	9606.ENSP00000374455	UBB	SQSTM1	9606	0.909	0	0	0	0	0.128	0.9	0
9606.ENSP00000478771	9606.ENSP00000326804	UBB	CUL1	9606	0.907	0	0	0	0	0.808	0.5	0.116
9606.ENSP00000478771	9606.ENSP00000223321	UBB	PSMA2	9606	0.906	0	0	0	0	0.905	0	0
9606.ENSP00000478771	9606.ENSP00000380460	UBB	PLAA	9606	0.905	0	0	0	0	0.905	0	0
9606.ENSP00000478771	9606.ENSP00000344166	UBB	TMEM189-UBE2V1	9606	0.904	0	0	0	0	0.904	0	0
9606.ENSP00000478771	9606.ENSP00000254436	UBB	TRIM21	9606	0.903	0	0	0	0	0.903	0	0
9606.ENSP00000478771	9606.ENSP00000490225	UBB	UBE2L5	9606	0.902	0	0	0	0	0.902	0	0
9606.ENSP00000478771	9606.ENSP00000370208	UBB	RABGEF1	9606	0.902	0	0	0	0	0.9	0	0.067
9606.ENSP00000478771	9606.ENSP00000462729	UBB	OTUD7B	9606	0.9	0	0	0	0	0.9	0	0
9606.ENSP00000478771	9606.ENSP00000452885	UBB	MINDY2	9606	0.9	0	0	0	0	0.9	0	0
9606.ENSP00000478771	9606.ENSP00000499037	UBB	CBLB	9606	0.9	0	0	0	0	0.9	0	0
9606.ENSP00000478771	9606.ENSP00000321203	UBB	TNIP2	9606	0.9	0	0	0	0	0.9	0	0
9606.ENSP00000478771	9606.ENSP00000341361	UBB	RNF13	9606	0.9	0	0	0	0	0.9	0	0
9606.ENSP00000478771	9606.ENSP00000369217	UBB	ARIH1	9606	0.9	0	0	0	0	0.9	0	0
9606.ENSP00000478771	9606.ENSP00000264834	UBB	KLF1	9606	0.9	0	0	0	0	0.9	0	0
9606.ENSP00000478771	9606.ENSP00000374552	UBB	RNF216	9606	0.9	0	0	0	0	0.9	0	0
9606.ENSP00000478771	9606.ENSP00000489317	UBB	H2BC6	9606	0.9	0	0	0	0	0.9	0	0
9606.ENSP00000478771	9606.ENSP00000282344	UBB	USP12	9606	0.9	0	0	0	0	0.9	0	0
9606.ENSP00000478771	9606.ENSP00000284274	UBB	OTULIN	9606	0.9	0	0	0	0	0.9	0	0
9606.ENSP00000478771	9606.ENSP00000369996	UBB	ATXN3L	9606	0.9	0	0	0	0	0.9	0	0
9606.ENSP00000478771	9606.ENSP00000156084	UBB	OTUD5	9606	0.9	0	0	0	0	0.9	0	0
9606.ENSP00000478771	9606.ENSP00000366962	UBB	H2BC10	9606	0.9	0	0	0	0	0.9	0	0
9606.ENSP00000478771	9606.ENSP00000352264	UBB	CD2AP	9606	0.9	0	0	0	0	0.9	0	0
9606.ENSP00000478771	9606.ENSP00000260947	UBB	BARD1	9606	0.9	0	0	0	0	0.9	0	0
9606.ENSP00000478771	9606.ENSP00000468956	UBB	JOSD2	9606	0.9	0	0	0	0	0.9	0	0
9606.ENSP00000478771	9606.ENSP00000356981	UBB	USP21	9606	0.9	0	0	0	0	0.9	0	0
9606.ENSP00000478771	9606.ENSP00000358151	UBB	H2BC21	9606	0.9	0	0	0	0	0.9	0	0
9606.ENSP00000478771	9606.ENSP00000377015	UBB	PICALM	9606	0.9	0	0	0	0	0.9	0	0
9606.ENSP00000478771	9606.ENSP00000401980	UBB	MAVS	9606	0.9	0	0	0	0	0.9	0	0
9606.ENSP00000478771	9606.ENSP00000317891	UBB	TNIP1	9606	0.9	0	0	0	0	0.9	0	0
9606.ENSP00000478771	9606.ENSP00000413697	UBB	TOM1	9606	0.9	0	0	0	0	0.9	0	0
9606.ENSP00000478771	9606.ENSP00000445633	UBB	H2BC8	9606	0.9	0	0	0	0	0.9	0	0
9606.ENSP00000478771	9606.ENSP00000290649	UBB	AMFR	9606	0.9	0	0	0	0	0.9	0	0
9606.ENSP00000478771	9606.ENSP00000222823	UBB	NOD1	9606	0.9	0	0	0	0	0.9	0	0
9606.ENSP00000478771	9606.ENSP00000426503	UBB	RNF4	9606	0.9	0	0	0	0	0.9	0	0
9606.ENSP00000478771	9606.ENSP00000328059	UBB	RLIM	9606	0.9	0	0	0	0	0.9	0	0
9606.ENSP00000478771	9606.ENSP00000438085	UBB	GGA3	9606	0.9	0	0	0	0	0.9	0	0
9606.ENSP00000478771	9606.ENSP00000444596	UBB	MYCBP2	9606	0.9	0	0	0	0	0.9	0	0
9606.ENSP00000478771	9606.ENSP00000367440	UBB	TDP2	9606	0.9	0	0	0	0	0.9	0	0
9606.ENSP00000478771	9606.ENSP00000429084	UBB	UBR5	9606	0.9	0	0	0	0	0.9	0	0
9606.ENSP00000478771	9606.ENSP00000265986	UBB	IDE	9606	0.9	0	0	0	0	0.9	0	0
9606.ENSP00000478771	9606.ENSP00000263925	UBB	LNX1	9606	0.9	0	0	0	0	0.9	0	0
9606.ENSP00000478771	9606.ENSP00000231524	UBB	TRIM23	9606	0.9	0	0	0	0	0.9	0	0
9606.ENSP00000478771	9606.ENSP00000369213	UBB	DDX58	9606	0.9	0	0	0	0	0.9	0	0
9606.ENSP00000478771	9606.ENSP00000356426	UBB	TAB2	9606	0.9	0	0	0	0	0.9	0	0
9606.ENSP00000478771	9606.ENSP00000371475	UBB	TP53BP1	9606	0.9	0	0	0	0	0.9	0	0
9606.ENSP00000478771	9606.ENSP00000354669	UBB	MINDY1	9606	0.9	0	0	0	0	0.9	0	0
9606.ENSP00000478771	9606.ENSP00000348924	UBB	H2BC7	9606	0.9	0	0	0	0	0.9	0	0
9606.ENSP00000478771	9606.ENSP00000497271	UBB	IFIH1	9606	0.9	0	0	0	0	0.9	0	0
9606.ENSP00000478771	9606.ENSP00000352676	UBB	ZRANB1	9606	0.9	0	0	0	0	0.9	0	0
9606.ENSP00000478771	9606.ENSP00000358994	UBB	MYO6	9606	0.9	0	0	0	0	0.9	0	0
9606.ENSP00000478771	9606.ENSP00000356150	UBB	MDM4	9606	0.9	0	0	0	0	0.9	0	0
9606.ENSP00000478771	9606.ENSP00000217169	UBB	BIRC7	9606	0.9	0	0	0	0	0.9	0	0
9606.ENSP00000478771	9606.ENSP00000258149	UBB	MDM2	9606	0.9	0	0	0	0	0.9	0	0
9606.ENSP00000478771	9606.ENSP00000378529	UBB	FZR1	9606	0.899	0	0	0	0	0.806	0.5	0
9606.ENSP00000478771	9606.ENSP00000348838	UBB	UBE2C	9606	0.898	0	0	0	0	0.805	0.5	0
9606.ENSP00000478771	9606.ENSP00000348554	UBB	CDC16	9606	0.895	0	0	0	0	0.8	0.5	0
9606.ENSP00000478771	9606.ENSP00000434614	UBB	CDC27	9606	0.895	0	0	0	0	0.8	0.5	0
9606.ENSP00000478771	9606.ENSP00000437360	UBB	ANAPC15	9606	0.895	0	0	0	0	0.8	0.5	0
9606.ENSP00000478771	9606.ENSP00000477760	UBB	ANAPC16	9606	0.895	0	0	0	0	0.8	0.5	0
9606.ENSP00000478771	9606.ENSP00000363322	UBB	CDC26	9606	0.895	0	0	0	0	0.8	0.5	0
9606.ENSP00000478771	9606.ENSP00000339109	UBB	ANAPC1	9606	0.895	0	0	0	0	0.8	0.5	0
9606.ENSP00000478771	9606.ENSP00000426654	UBB	ANAPC4	9606	0.895	0	0	0	0	0.8	0.5	0
9606.ENSP00000478771	9606.ENSP00000311083	UBB	CKS1B	9606	0.895	0	0	0	0	0.8	0.5	0
9606.ENSP00000478771	9606.ENSP00000261819	UBB	ANAPC5	9606	0.895	0	0	0	0	0.8	0.5	0
9606.ENSP00000478771	9606.ENSP00000378350	UBB	CDC23	9606	0.895	0	0	0	0	0.8	0.5	0
9606.ENSP00000478771	9606.ENSP00000266970	UBB	CDK2	9606	0.895	0	0	0	0	0.8	0.5	0
9606.ENSP00000478771	9606.ENSP00000481380	UBB	CCNA2	9606	0.895	0	0	0	0	0.8	0.5	0
9606.ENSP00000478771	9606.ENSP00000478501	UBB	ANAPC10	9606	0.895	0	0	0	0	0.8	0.5	0
9606.ENSP00000478771	9606.ENSP00000280377	UBB	USP15	9606	0.895	0	0	0	0	0.8	0.5	0
9606.ENSP00000478771	9606.ENSP00000359206	UBB	BTRC	9606	0.895	0	0	0	0	0.8	0.5	0
9606.ENSP00000478771	9606.ENSP00000394394	UBB	ANAPC7	9606	0.895	0	0	0	0	0.8	0.5	0
9606.ENSP00000478771	9606.ENSP00000386541	UBB	PSMD14	9606	0.891	0	0	0	0	0.891	0	0
9606.ENSP00000478771	9606.ENSP00000310129	UBB	PSMD2	9606	0.882	0	0	0	0	0.871	0	0.124
9606.ENSP00000478771	9606.ENSP00000044462	UBB	PSMA4	9606	0.874	0	0	0	0	0.873	0	0
9606.ENSP00000478771	9606.ENSP00000434024	UBB	H2AX	9606	0.873	0	0	0	0	0.872	0	0
9606.ENSP00000478771	9606.ENSP00000362334	UBB	PSMB2	9606	0.871	0	0	0	0	0.871	0	0
9606.ENSP00000478771	9606.ENSP00000157812	UBB	PSMC4	9606	0.871	0	0	0	0	0.871	0	0
9606.ENSP00000478771	9606.ENSP00000264639	UBB	PSMD3	9606	0.871	0	0	0	0	0.871	0	0
9606.ENSP00000478771	9606.ENSP00000340896	UBB	ASH2L	9606	0.869	0	0	0	0	0.869	0	0
9606.ENSP00000478771	9606.ENSP00000261303	UBB	PSMC1	9606	0.866	0	0	0	0	0.866	0	0
9606.ENSP00000478771	9606.ENSP00000391211	UBB	PSMC2	9606	0.866	0	0	0	0	0.866	0	0
9606.ENSP00000478771	9606.ENSP00000481029	UBB	PSMC3	9606	0.862	0	0	0	0	0.862	0	0
9606.ENSP00000478771	9606.ENSP00000414359	UBB	PSMA1	9606	0.856	0	0	0	0	0.856	0	0
9606.ENSP00000478771	9606.ENSP00000271308	UBB	PSMA5	9606	0.848	0	0	0	0	0.848	0	0
9606.ENSP00000478771	9606.ENSP00000483688	UBB	PSMB3	9606	0.848	0	0	0	0	0.848	0	0
9606.ENSP00000478771	9606.ENSP00000396937	UBB	PSMD13	9606	0.848	0	0	0	0	0.848	0	0
9606.ENSP00000478771	9606.ENSP00000219313	UBB	PSMD7	9606	0.848	0	0	0	0	0.848	0	0
9606.ENSP00000478771	9606.ENSP00000348442	UBB	PSMD12	9606	0.848	0	0	0	0	0.848	0	0
9606.ENSP00000478771	9606.ENSP00000261712	UBB	PSMD11	9606	0.848	0	0	0	0	0.848	0	0
9606.ENSP00000478771	9606.ENSP00000262193	UBB	PSMB1	9606	0.848	0	0	0	0	0.848	0	0
9606.ENSP00000478771	9606.ENSP00000484998	UBB	PSMC6	9606	0.848	0	0	0	0	0.848	0	0
9606.ENSP00000478771	9606.ENSP00000290541	UBB	PSMB4	9606	0.848	0	0	0	0	0.848	0	0
9606.ENSP00000478771	9606.ENSP00000418695	UBB	PSMD6	9606	0.848	0	0	0	0	0.848	0	0
9606.ENSP00000478771	9606.ENSP00000215071	UBB	PSMD8	9606	0.848	0	0	0	0	0.848	0	0
9606.ENSP00000478771	9606.ENSP00000216455	UBB	PSMA3	9606	0.848	0	0	0	0	0.848	0	0
9606.ENSP00000478771	9606.ENSP00000261479	UBB	PSMA6	9606	0.847	0	0	0	0	0.847	0	0
9606.ENSP00000478771	9606.ENSP00000309474	UBB	PSMD1	9606	0.847	0	0	0	0	0.847	0	0
9606.ENSP00000478771	9606.ENSP00000310572	UBB	PSMC5	9606	0.847	0	0	0	0	0.847	0	0
9606.ENSP00000478771	9606.ENSP00000270586	UBB	PSMB6	9606	0.836	0	0	0	0	0.836	0	0
9606.ENSP00000478771	9606.ENSP00000259457	UBB	PSMB7	9606	0.836	0	0	0	0	0.836	0	0
9606.ENSP00000478771	9606.ENSP00000359910	UBB	PSMA7	9606	0.836	0	0	0	0	0.836	0	0
9606.ENSP00000478771	9606.ENSP00000355325	UBB	PSMB5	9606	0.836	0	0	0	0	0.836	0	0
9606.ENSP00000478771	9606.ENSP00000351446	UBB	WDR5	9606	0.831	0	0	0	0	0.831	0	0
9606.ENSP00000478771	9606.ENSP00000347168	UBB	H4C11	9606	0.828	0	0	0	0	0.828	0	0
9606.ENSP00000478771	9606.ENSP00000443017	UBB	H4-16	9606	0.828	0	0	0	0	0.828	0	0
9606.ENSP00000478771	9606.ENSP00000462355	UBB	H4C15	9606	0.828	0	0	0	0	0.828	0	0
9606.ENSP00000478771	9606.ENSP00000489236	UBB	H4C8	9606	0.828	0	0	0	0	0.828	0	0
9606.ENSP00000478771	9606.ENSP00000480960	UBB	H4C13	9606	0.828	0	0	0	0	0.828	0	0
9606.ENSP00000478771	9606.ENSP00000481486	UBB	H4C9	9606	0.828	0	0	0	0	0.828	0	0
9606.ENSP00000478771	9606.ENSP00000479106	UBB	H4C1	9606	0.828	0	0	0	0	0.828	0	0
9606.ENSP00000478771	9606.ENSP00000484789	UBB	H4C5	9606	0.828	0	0	0	0	0.828	0	0
9606.ENSP00000478771	9606.ENSP00000479461	UBB	H4C4	9606	0.828	0	0	0	0	0.828	0	0
9606.ENSP00000478771	9606.ENSP00000366974	UBB	H4C2	9606	0.828	0	0	0	0	0.828	0	0
9606.ENSP00000478771	9606.ENSP00000367034	UBB	H4C3	9606	0.828	0	0	0	0	0.828	0	0
9606.ENSP00000478771	9606.ENSP00000345837	UBB	DPY30	9606	0.828	0	0	0	0	0.828	0	0
9606.ENSP00000478771	9606.ENSP00000462667	UBB	H4C14	9606	0.828	0	0	0	0	0.828	0	0
9606.ENSP00000478771	9606.ENSP00000244537	UBB	H4C6	9606	0.828	0	0	0	0	0.828	0	0
9606.ENSP00000478771	9606.ENSP00000479794	UBB	H4C12	9606	0.828	0	0	0	0	0.828	0	0
9606.ENSP00000478771	9606.ENSP00000436786	UBB	KMT2A	9606	0.801	0	0	0	0	0.801	0	0
9606.ENSP00000478771	9606.ENSP00000264972	UBB	ZAP70	9606	0.8	0	0	0	0	0.8	0	0
9606.ENSP00000478771	9606.ENSP00000421842	UBB	ANAPC13	9606	0.8	0	0	0	0	0.8	0	0
9606.ENSP00000478771	9606.ENSP00000262189	UBB	KMT2C	9606	0.8	0	0	0	0	0.8	0	0
9606.ENSP00000478771	9606.ENSP00000360613	UBB	UBE2A	9606	0.726	0	0	0	0	0.474	0.5	0
9606.ENSP00000478771	9606.ENSP00000331201	UBB	HGS	9606	0.725	0	0	0	0	0.474	0.5	0
9606.ENSP00000478771	9606.ENSP00000351777	UBB	VCP	9606	0.706	0	0	0	0	0.436	0.5	0
9606.ENSP00000478887	9606.ENSP00000316779	MYC	BIN1	9606	0.999	0	0	0	0	0.95	0.54	0.982
9606.ENSP00000478887	9606.ENSP00000351490	MYC	MAX	9606	0.999	0	0	0	0	0.96	0.9	0.982
9606.ENSP00000478887	9606.ENSP00000383986	MYC	CDCA7L	9606	0.989	0	0	0	0	0.457	0	0.981
9606.ENSP00000478887	9606.ENSP00000263253	MYC	EP300	9606	0.988	0	0	0	0	0.457	0	0.98
9606.ENSP00000478887	9606.ENSP00000352925	MYC	TRRAP	9606	0.987	0	0	0	0	0.457	0	0.978
9606.ENSP00000478887	9606.ENSP00000474725	MYC	FBXW7	9606	0.987	0	0	0	0	0.943	0	0.781
9606.ENSP00000478887	9606.ENSP00000418960	MYC	BRCA1	9606	0.986	0	0	0	0	0.457	0	0.976
9606.ENSP00000478887	9606.ENSP00000264709	MYC	DNMT3A	9606	0.977	0	0	0	0	0.457	0	0.96
9606.ENSP00000478887	9606.ENSP00000364885	MYC	ZBTB17	9606	0.977	0	0	0	0	0.457	0	0.961
9606.ENSP00000478887	9606.ENSP00000424495	MYC	ZNF346	9606	0.969	0	0	0	0	0.161	0	0.965
9606.ENSP00000478887	9606.ENSP00000290341	MYC	IGF2BP1	9606	0.964	0	0	0	0	0.421	0	0.942
9606.ENSP00000478887	9606.ENSP00000387739	MYC	AMOTL1	9606	0.961	0	0	0	0	0	0	0.961
9606.ENSP00000478887	9606.ENSP00000269305	MYC	TP53	9606	0.958	0	0	0	0	0.3	0	0.943
9606.ENSP00000478887	9606.ENSP00000225916	MYC	KAT2A	9606	0.956	0	0	0	0	0.457	0	0.923
9606.ENSP00000478887	9606.ENSP00000263754	MYC	KAT2B	9606	0.955	0	0	0	0	0.316	0	0.937
9606.ENSP00000478887	9606.ENSP00000437955	MYC	HIF1A	9606	0.951	0	0	0	0	0.422	0	0.92
9606.ENSP00000478887	9606.ENSP00000332973	MYC	SMAD3	9606	0.946	0	0	0	0	0.292	0	0.928
9606.ENSP00000478887	9606.ENSP00000231487	MYC	SKP1	9606	0.944	0	0	0	0	0.886	0	0.529
9606.ENSP00000478887	9606.ENSP00000356233	MYC	KDM5B	9606	0.941	0	0	0	0	0.292	0.8	0.619
9606.ENSP00000478887	9606.ENSP00000201031	MYC	TFAP2C	9606	0.938	0	0	0	0	0.457	0.5	0.793
9606.ENSP00000478887	9606.ENSP00000351446	MYC	WDR5	9606	0.93	0	0	0	0	0.457	0	0.877
9606.ENSP00000478887	9606.ENSP00000362649	MYC	HDAC1	9606	0.928	0	0	0	0	0.457	0	0.874
9606.ENSP00000478887	9606.ENSP00000346032	MYC	ANXA2	9606	0.921	0	0	0	0	0.422	0	0.87
9606.ENSP00000478887	9606.ENSP00000345571	MYC	E2F1	9606	0.92	0	0	0	0	0.166	0	0.909
9606.ENSP00000478887	9606.ENSP00000434776	MYC	PARP10	9606	0.915	0	0	0	0	0.457	0	0.851
9606.ENSP00000478887	9606.ENSP00000335153	MYC	HSP90AA1	9606	0.911	0	0	0	0	0.457	0	0.844
9606.ENSP00000478887	9606.ENSP00000243346	MYC	NMI	9606	0.901	0	0	0	0	0.457	0	0.826
9606.ENSP00000478887	9606.ENSP00000318297	MYC	RUVBL1	9606	0.9	0	0	0	0	0.457	0	0.824
9606.ENSP00000478887	9606.ENSP00000261900	MYC	CCNT1	9606	0.895	0	0	0	0	0.457	0	0.815
9606.ENSP00000478887	9606.ENSP00000262238	MYC	YY1	9606	0.893	0	0	0	0	0.292	0	0.856
9606.ENSP00000478887	9606.ENSP00000497594	MYC	UBE3A	9606	0.887	0	0	0	0	0.124	0	0.877
9606.ENSP00000478887	9606.ENSP00000281043	MYC	MYCN	9606	0.886	0	0	0	0	0.421	0.8	0.098
9606.ENSP00000478887	9606.ENSP00000320147	MYC	EZH2	9606	0.884	0	0	0	0	0.457	0	0.796
9606.ENSP00000478887	9606.ENSP00000230354	MYC	TBP	9606	0.881	0	0	0	0	0.457	0	0.79
9606.ENSP00000478887	9606.ENSP00000343896	MYC	SMARCA4	9606	0.877	0	0	0	0	0.47	0	0.779
9606.ENSP00000478887	9606.ENSP00000380702	MYC	MYCBP	9606	0.874	0	0	0	0	0.457	0	0.778
9606.ENSP00000478887	9606.ENSP00000285398	MYC	ERCC3	9606	0.873	0	0	0	0	0.383	0	0.803
9606.ENSP00000478887	9606.ENSP00000326804	MYC	CUL1	9606	0.873	0	0	0	0	0.457	0	0.777
9606.ENSP00000478887	9606.ENSP00000318195	MYC	NCL	9606	0.868	0	0	0	0	0.457	0	0.767
9606.ENSP00000478887	9606.ENSP00000340330	MYC	KAT5	9606	0.867	0	0	0	0	0.457	0	0.766
9606.ENSP00000478887	9606.ENSP00000262160	MYC	SMAD2	9606	0.853	0	0	0	0	0.47	0	0.735
9606.ENSP00000478887	9606.ENSP00000329357	MYC	SP1	9606	0.85	0	0	0	0	0.457	0	0.736
9606.ENSP00000478887	9606.ENSP00000264444	MYC	MXD1	9606	0.844	0	0	0	0	0.166	0.54	0.627
9606.ENSP00000478887	9606.ENSP00000003302	MYC	USP28	9606	0.83	0	0	0	0	0.457	0.7	0
9606.ENSP00000478887	9606.ENSP00000263734	MYC	EPAS1	9606	0.822	0	0	0	0	0	0	0.822
9606.ENSP00000478887	9606.ENSP00000473172	MYC	RUVBL2	9606	0.82	0	0	0	0	0.457	0	0.683
9606.ENSP00000478887	9606.ENSP00000374212	MYC	EP400	9606	0.816	0	0	0	0	0.457	0	0.676
9606.ENSP00000478887	9606.ENSP00000383042	MYC	KDM1A	9606	0.81	0	0	0	0	0.174	0	0.78
9606.ENSP00000478887	9606.ENSP00000268383	MYC	CDR2	9606	0.802	0	0	0	0	0.457	0	0.652
9606.ENSP00000478887	9606.ENSP00000444596	MYC	MYCBP2	9606	0.797	0	0	0	0	0.457	0	0.642
9606.ENSP00000478887	9606.ENSP00000302967	MYC	HDAC3	9606	0.793	0	0	0	0	0.457	0	0.635
9606.ENSP00000478887	9606.ENSP00000501092	MYC	TFAP2A	9606	0.791	0	0	0	0	0.292	0	0.718
9606.ENSP00000478887	9606.ENSP00000496250	MYC	RPL11	9606	0.789	0	0	0	0	0.421	0	0.651
9606.ENSP00000478887	9606.ENSP00000274255	MYC	SKP2	9606	0.78	0	0	0	0	0.457	0	0.613
9606.ENSP00000478887	9606.ENSP00000216911	MYC	AURKA	9606	0.778	0	0	0	0	0.175	0	0.743
9606.ENSP00000478887	9606.ENSP00000331152	MYC	MXI1	9606	0.766	0	0	0	0	0.166	0	0.732
9606.ENSP00000478887	9606.ENSP00000340883	MYC	SMARCB1	9606	0.751	0	0	0	0	0.457	0	0.561
9606.ENSP00000478887	9606.ENSP00000247970	MYC	PIN1	9606	0.746	0	0	0	0	0.576	0	0.426
9606.ENSP00000478887	9606.ENSP00000381657	MYC	DOT1L	9606	0.743	0	0	0	0	0	0	0.743
9606.ENSP00000478887	9606.ENSP00000447942	MYC	PFDN5	9606	0.732	0	0	0	0	0.457	0	0.528
9606.ENSP00000478887	9606.ENSP00000359424	MYC	CHUK	9606	0.731	0	0	0	0	0.483	0	0.502
9606.ENSP00000478887	9606.ENSP00000496255	MYC	EYA1	9606	0.711	0	0	0	0	0.292	0	0.609
9606.ENSP00000478887	9606.ENSP00000405330	MYC	ESR1	9606	0.709	0	0	0	0	0.457	0	0.487
9606.ENSP00000478887	9606.ENSP00000384018	MYC	NCOR2	9606	0.705	0	0	0	0	0.164	0	0.662
9606.ENSP00000478887	9606.ENSP00000438262	MYC	TJP2	9606	0.702	0	0	0	0	0.161	0	0.66
9606.ENSP00000478887	9606.ENSP00000300289	MYC	PDIA3	9606	0.7	0	0	0	0	0.124	0	0.672
9606.ENSP00000479904	9606.ENSP00000322845	ZMYM2	ZMYM3	9606	0.844	0	0	0	0	0.611	0	0.617
9606.ENSP00000479904	9606.ENSP00000262241	ZMYM2	RCOR1	9606	0.819	0	0	0	0	0.579	0	0.589
9606.ENSP00000479904	9606.ENSP00000362649	ZMYM2	HDAC1	9606	0.793	0	0	0	0	0.457	0	0.636
9606.ENSP00000479904	9606.ENSP00000383042	ZMYM2	KDM1A	9606	0.726	0	0	0	0	0.584	0	0.37
9606.ENSP00000479904	9606.ENSP00000430432	ZMYM2	HDAC2	9606	0.708	0	0	0	0	0.457	0	0.486
9606.ENSP00000480826	9606.ENSP00000462667	H3C1	H4C14	9606	0.976	0	0	0	0	0.96	0	0.427
9606.ENSP00000480826	9606.ENSP00000263754	H3C1	KAT2B	9606	0.972	0	0	0	0	0.949	0	0.479
9606.ENSP00000480826	9606.ENSP00000377060	H3C1	CBX1	9606	0.967	0	0	0	0	0.964	0	0.116
9606.ENSP00000480826	9606.ENSP00000244537	H3C1	H4C6	9606	0.967	0	0	0	0	0.945	0	0.426
9606.ENSP00000480826	9606.ENSP00000386593	H3C1	PBRM1	9606	0.967	0	0	0	0	0.964	0	0.116
9606.ENSP00000480826	9606.ENSP00000336687	H3C1	CBX3	9606	0.967	0	0	0	0	0.964	0	0.116
9606.ENSP00000480826	9606.ENSP00000255120	H3C1	NASP	9606	0.966	0	0	0	0	0.966	0	0
9606.ENSP00000480826	9606.ENSP00000229595	H3C1	ASF1A	9606	0.966	0	0	0	0	0.962	0	0.131
9606.ENSP00000480826	9606.ENSP00000351446	H3C1	WDR5	9606	0.963	0	0	0	0	0.961	0	0.083
9606.ENSP00000480826	9606.ENSP00000380024	H3C1	ING4	9606	0.961	0	0	0	0	0.96	0	0.08
9606.ENSP00000480826	9606.ENSP00000265713	H3C1	KAT6A	9606	0.961	0	0	0	0	0.961	0	0
9606.ENSP00000480826	9606.ENSP00000216297	H3C1	SUPT16H	9606	0.961	0	0	0	0	0.955	0	0.158
9606.ENSP00000480826	9606.ENSP00000417980	H3C1	EHMT1	9606	0.961	0	0	0	0	0.961	0	0
9606.ENSP00000480826	9606.ENSP00000361473	H3C1	KDM4A	9606	0.96	0	0	0	0	0.96	0	0
9606.ENSP00000480826	9606.ENSP00000440542	H3C1	CHD4	9606	0.96	0	0	0	0	0.96	0	0
9606.ENSP00000480826	9606.ENSP00000303373	H3C1	H2AC8	9606	0.96	0	0	0	0	0.928	0	0.474
9606.ENSP00000480826	9606.ENSP00000479617	H3C1	UHRF1	9606	0.96	0	0	0	0	0.96	0	0
9606.ENSP00000480826	9606.ENSP00000436786	H3C1	KMT2A	9606	0.96	0	0	0	0	0.96	0	0
9606.ENSP00000480826	9606.ENSP00000340507	H3C1	TRIM24	9606	0.96	0	0	0	0	0.96	0	0
9606.ENSP00000480826	9606.ENSP00000209875	H3C1	CBX5	9606	0.954	0	0	0	0	0.949	0	0.116
9606.ENSP00000480826	9606.ENSP00000483667	H3C1	CHD1	9606	0.954	0	0	0	0	0.953	0	0
9606.ENSP00000480826	9606.ENSP00000278412	H3C1	SSRP1	9606	0.951	0	0	0	0	0.951	0	0
9606.ENSP00000480826	9606.ENSP00000346453	H3C1	IPO4	9606	0.951	0	0	0	0	0.95	0	0
9606.ENSP00000480826	9606.ENSP00000343896	H3C1	SMARCA4	9606	0.951	0	0	0	0	0.951	0	0
9606.ENSP00000480826	9606.ENSP00000371475	H3C1	TP53BP1	9606	0.949	0	0	0	0	0.946	0	0.091
9606.ENSP00000480826	9606.ENSP00000369695	H3C1	MLLT3	9606	0.949	0	0	0	0	0.946	0	0.091
9606.ENSP00000480826	9606.ENSP00000423563	H3C1	MACROH2A1	9606	0.948	0	0	0	0	0.944	0	0.098
9606.ENSP00000480826	9606.ENSP00000325690	H3C1	CARM1	9606	0.947	0	0	0	0	0.947	0	0
9606.ENSP00000480826	9606.ENSP00000332194	H3C1	H2AC20	9606	0.947	0	0	0	0	0.944	0	0.076
9606.ENSP00000480826	9606.ENSP00000434024	H3C1	H2AX	9606	0.947	0	0	0	0	0.944	0	0.076
9606.ENSP00000480826	9606.ENSP00000291582	H3C1	AIRE	9606	0.947	0	0	0	0	0.946	0	0.051
9606.ENSP00000480826	9606.ENSP00000373340	H3C1	BRPF1	9606	0.946	0	0	0	0	0.946	0	0.047
9606.ENSP00000480826	9606.ENSP00000265056	H3C1	MCM2	9606	0.946	0	0	0	0	0.945	0	0.045
9606.ENSP00000480826	9606.ENSP00000483842	H3C1	H2AC4	9606	0.946	0	0	0	0	0.903	0	0.474
9606.ENSP00000480826	9606.ENSP00000350676	H3C1	PHF8	9606	0.945	0	0	0	0	0.944	0	0
9606.ENSP00000480826	9606.ENSP00000379078	H3C1	EHMT2	9606	0.945	0	0	0	0	0.944	0	0
9606.ENSP00000480826	9606.ENSP00000362441	H3C1	ATRX	9606	0.944	0	0	0	0	0.943	0	0
9606.ENSP00000480826	9606.ENSP00000313983	H3C1	NSD3	9606	0.944	0	0	0	0	0.943	0	0
9606.ENSP00000480826	9606.ENSP00000271640	H3C1	SETDB1	9606	0.944	0	0	0	0	0.943	0	0
9606.ENSP00000480826	9606.ENSP00000264709	H3C1	DNMT3A	9606	0.944	0	0	0	0	0.943	0	0.065
9606.ENSP00000480826	9606.ENSP00000352516	H3C1	DNMT1	9606	0.943	0	0	0	0	0.943	0	0
9606.ENSP00000480826	9606.ENSP00000262367	H3C1	CREBBP	9606	0.943	0	0	0	0	0.943	0	0
9606.ENSP00000480826	9606.ENSP00000307208	H3C1	BPTF	9606	0.943	0	0	0	0	0.943	0	0
9606.ENSP00000480826	9606.ENSP00000216133	H3C1	CBX7	9606	0.943	0	0	0	0	0.943	0	0
9606.ENSP00000480826	9606.ENSP00000363640	H3C1	PHF1	9606	0.943	0	0	0	0	0.943	0	0
9606.ENSP00000480826	9606.ENSP00000367034	H3C1	H4C3	9606	0.942	0	0	0	0	0.904	0	0.427
9606.ENSP00000480826	9606.ENSP00000366974	H3C1	H4C2	9606	0.942	0	0	0	0	0.904	0	0.427
9606.ENSP00000480826	9606.ENSP00000479461	H3C1	H4C4	9606	0.942	0	0	0	0	0.904	0	0.427
9606.ENSP00000480826	9606.ENSP00000479794	H3C1	H4C12	9606	0.942	0	0	0	0	0.904	0	0.427
9606.ENSP00000480826	9606.ENSP00000481486	H3C1	H4C9	9606	0.942	0	0	0	0	0.904	0	0.427
9606.ENSP00000480826	9606.ENSP00000479106	H3C1	H4C1	9606	0.942	0	0	0	0	0.904	0	0.427
9606.ENSP00000480826	9606.ENSP00000484789	H3C1	H4C5	9606	0.942	0	0	0	0	0.904	0	0.427
9606.ENSP00000480826	9606.ENSP00000480960	H3C1	H4C13	9606	0.942	0	0	0	0	0.904	0	0.427
9606.ENSP00000480826	9606.ENSP00000347168	H3C1	H4C11	9606	0.942	0	0	0	0	0.904	0	0.427
9606.ENSP00000480826	9606.ENSP00000386759	H3C1	SETD2	9606	0.942	0	0	0	0	0.942	0	0
9606.ENSP00000480826	9606.ENSP00000443017	H3C1	H4-16	9606	0.942	0	0	0	0	0.904	0	0.427
9606.ENSP00000480826	9606.ENSP00000462355	H3C1	H4C15	9606	0.942	0	0	0	0	0.904	0	0.427
9606.ENSP00000480826	9606.ENSP00000489236	H3C1	H4C8	9606	0.942	0	0	0	0	0.904	0	0.427
9606.ENSP00000480826	9606.ENSP00000358154	H3C1	H3C14	9606	0.94	0	0	0	0	0.928	0	0.204
9606.ENSP00000480826	9606.ENSP00000483345	H3C1	HDGFL2	9606	0.94	0	0	0	0	0.94	0	0
9606.ENSP00000480826	9606.ENSP00000260947	H3C1	BARD1	9606	0.939	0	0	0	0	0.939	0	0
9606.ENSP00000480826	9606.ENSP00000308750	H3C1	CBX2	9606	0.939	0	0	0	0	0.939	0	0
9606.ENSP00000480826	9606.ENSP00000266070	H3C1	DIDO1	9606	0.932	0	0	0	0	0.931	0	0
9606.ENSP00000480826	9606.ENSP00000499501	H3C1	H3-2	9606	0.931	0	0	0	0	0.931	0	0
9606.ENSP00000480826	9606.ENSP00000385479	H3C1	H3C15	9606	0.929	0	0	0	0	0.914	0	0.204
9606.ENSP00000480826	9606.ENSP00000333277	H3C1	H3C13	9606	0.929	0	0	0	0	0.914	0	0.204
9606.ENSP00000480826	9606.ENSP00000372191	H3C1	SIRT3	9606	0.926	0	0	0	0	0.926	0	0
9606.ENSP00000480826	9606.ENSP00000328547	H3C1	DNMT3B	9606	0.926	0	0	0	0	0.926	0	0
9606.ENSP00000480826	9606.ENSP00000256996	H3C1	DDB2	9606	0.926	0	0	0	0	0.926	0	0
9606.ENSP00000480826	9606.ENSP00000252674	H3C1	MLLT1	9606	0.924	0	0	0	0	0.92	0	0.091
9606.ENSP00000480826	9606.ENSP00000272317	H3C1	RPS27A	9606	0.921	0	0	0	0	0.921	0	0
9606.ENSP00000480826	9606.ENSP00000388107	H3C1	UBA52	9606	0.921	0	0	0	0	0.921	0	0
9606.ENSP00000480826	9606.ENSP00000484841	H3C1	H3C2	9606	0.921	0	0	0	0	0.9	0	0.247
9606.ENSP00000480826	9606.ENSP00000352252	H3C1	H3C12	9606	0.921	0	0	0	0	0.9	0	0.244
9606.ENSP00000480826	9606.ENSP00000384629	H3C1	KMT5A	9606	0.92	0	0	0	0	0.92	0	0
9606.ENSP00000480826	9606.ENSP00000383333	H3C1	MORC3	9606	0.92	0	0	0	0	0.92	0	0
9606.ENSP00000480826	9606.ENSP00000384490	H3C1	CBX6	9606	0.919	0	0	0	0	0.919	0	0
9606.ENSP00000480826	9606.ENSP00000355388	H3C1	MPHOSPH8	9606	0.916	0	0	0	0	0.909	0	0.115
9606.ENSP00000480826	9606.ENSP00000484095	H3C1	H3C7	9606	0.916	0	0	0	0	0.916	0	0
9606.ENSP00000480826	9606.ENSP00000441543	H3C1	UBC	9606	0.914	0	0	0	0	0.914	0	0
9606.ENSP00000480826	9606.ENSP00000308405	H3C1	H2AZ2	9606	0.914	0	0	0	0	0.914	0	0
9606.ENSP00000480826	9606.ENSP00000478771	H3C1	UBB	9606	0.914	0	0	0	0	0.914	0	0
9606.ENSP00000480826	9606.ENSP00000476295	H3C1	CDYL2	9606	0.911	0	0	0	0	0.904	0	0.12
9606.ENSP00000480826	9606.ENSP00000381657	H3C1	DOT1L	9606	0.908	0	0	0	0	0.908	0	0
9606.ENSP00000480826	9606.ENSP00000307183	H3C1	ING2	9606	0.907	0	0	0	0	0.903	0	0.081
9606.ENSP00000480826	9606.ENSP00000346509	H3C1	H2AB2	9606	0.906	0	0	0	0	0.903	0	0.076
9606.ENSP00000480826	9606.ENSP00000297012	H3C1	H2AC1	9606	0.906	0	0	0	0	0.903	0	0.076
9606.ENSP00000480826	9606.ENSP00000482564	H3C1	H2AB3	9606	0.906	0	0	0	0	0.903	0	0.076
9606.ENSP00000480826	9606.ENSP00000367022	H3C1	H2AC6	9606	0.906	0	0	0	0	0.903	0	0.076
9606.ENSP00000480826	9606.ENSP00000341094	H3C1	H2AC7	9606	0.906	0	0	0	0	0.903	0	0.076
9606.ENSP00000480826	9606.ENSP00000364929	H3C1	ING1	9606	0.904	0	0	0	0	0.9	0	0.081
9606.ENSP00000480826	9606.ENSP00000357442	H3C1	PYGO2	9606	0.903	0	0	0	0	0.903	0	0
9606.ENSP00000480826	9606.ENSP00000349430	H3C1	H2BC12	9606	0.903	0	0	0	0	0.903	0	0
9606.ENSP00000480826	9606.ENSP00000287239	H3C1	KAT6B	9606	0.903	0	0	0	0	0.903	0	0
9606.ENSP00000480826	9606.ENSP00000476136	H3C1	H2BC11	9606	0.903	0	0	0	0	0.903	0	0
9606.ENSP00000480826	9606.ENSP00000497609	H3C1	INO80	9606	0.901	0	0	0	0	0.901	0	0
9606.ENSP00000480826	9606.ENSP00000312379	H3C1	KMT2E	9606	0.9	0	0	0	0	0.9	0	0
9606.ENSP00000480826	9606.ENSP00000483283	H3C1	H3C11	9606	0.9	0	0	0	0	0.9	0	0
9606.ENSP00000480826	9606.ENSP00000336712	H3C1	TNPO1	9606	0.9	0	0	0	0	0.9	0	0
9606.ENSP00000480826	9606.ENSP00000302327	H3C1	PYGO1	9606	0.9	0	0	0	0	0.9	0	0
9606.ENSP00000480826	9606.ENSP00000358160	H3C1	H3C10	9606	0.9	0	0	0	0	0.9	0	0
9606.ENSP00000480826	9606.ENSP00000484638	H3C1	H3C8	9606	0.9	0	0	0	0	0.9	0	0
9606.ENSP00000480826	9606.ENSP00000343023	H3C1	SP100	9606	0.9	0	0	0	0	0.9	0	0
9606.ENSP00000480826	9606.ENSP00000359837	H3C1	ZZZ3	9606	0.9	0	0	0	0	0.9	0	0
9606.ENSP00000480826	9606.ENSP00000366999	H3C1	H3C4	9606	0.9	0	0	0	0	0.9	0	0
9606.ENSP00000480826	9606.ENSP00000484658	H3C1	H3C3	9606	0.9	0	0	0	0	0.9	0	0
9606.ENSP00000480826	9606.ENSP00000476228	H3C1	SIRT5	9606	0.9	0	0	0	0	0.9	0	0
9606.ENSP00000480826	9606.ENSP00000373278	H3C1	ZCWPW2	9606	0.9	0	0	0	0	0.9	0	0
9606.ENSP00000480826	9606.ENSP00000316114	H3C1	SGF29	9606	0.9	0	0	0	0	0.9	0	0
9606.ENSP00000480826	9606.ENSP00000365019	H3C1	SPIN1	9606	0.9	0	0	0	0	0.9	0	0
9606.ENSP00000480826	9606.ENSP00000489282	H3C1	H3C6	9606	0.9	0	0	0	0	0.9	0	0
9606.ENSP00000480826	9606.ENSP00000495413	H3C1	TRIM66	9606	0.9	0	0	0	0	0.9	0	0
9606.ENSP00000480826	9606.ENSP00000351250	H3C1	TRIM33	9606	0.9	0	0	0	0	0.9	0	0
9606.ENSP00000480826	9606.ENSP00000361918	H3C1	PPIE	9606	0.9	0	0	0	0	0.9	0	0
9606.ENSP00000480826	9606.ENSP00000263253	H3C1	EP300	9606	0.886	0	0	0	0	0.886	0	0
9606.ENSP00000480826	9606.ENSP00000344504	H3C1	H1-0	9606	0.882	0	0	0	0	0.882	0	0
9606.ENSP00000480826	9606.ENSP00000494750	H3C1	ACTB	9606	0.881	0	0	0	0	0.8	0	0.43
9606.ENSP00000480826	9606.ENSP00000449396	H3C1	SMARCC2	9606	0.866	0	0	0	0	0.866	0	0
9606.ENSP00000480826	9606.ENSP00000254810	H3C1	H3-3B	9606	0.863	0	0	0	0	0.863	0	0
9606.ENSP00000480826	9606.ENSP00000482674	H3C1	H2BC3	9606	0.857	0	0	0	0	0.857	0	0
9606.ENSP00000480826	9606.ENSP00000358151	H3C1	H2BC21	9606	0.857	0	0	0	0	0.857	0	0
9606.ENSP00000480826	9606.ENSP00000301764	H3C1	DDB1	9606	0.852	0	0	0	0	0.852	0	0
9606.ENSP00000480826	9606.ENSP00000355657	H3C1	H3-4	9606	0.844	0	0	0	0	0.844	0	0
9606.ENSP00000480826	9606.ENSP00000318297	H3C1	RUVBL1	9606	0.842	0	0	0	0	0.842	0	0
9606.ENSP00000480826	9606.ENSP00000473172	H3C1	RUVBL2	9606	0.842	0	0	0	0	0.842	0	0
9606.ENSP00000480826	9606.ENSP00000329662	H3C1	H1-10	9606	0.84	0	0	0	0	0.84	0	0
9606.ENSP00000480826	9606.ENSP00000335044	H3C1	ARID2	9606	0.84	0	0	0	0	0.84	0	0
9606.ENSP00000480826	9606.ENSP00000378181	H3C1	BRD7	9606	0.84	0	0	0	0	0.84	0	0
9606.ENSP00000480826	9606.ENSP00000307705	H3C1	H1-4	9606	0.838	0	0	0	0	0.838	0	0
9606.ENSP00000480826	9606.ENSP00000355780	H3C1	H3-3A	9606	0.828	0	0	0	0	0.828	0	0
9606.ENSP00000480826	9606.ENSP00000243903	H3C1	ACTR5	9606	0.828	0	0	0	0	0.828	0	0
9606.ENSP00000480826	9606.ENSP00000339835	H3C1	H3-5	9606	0.828	0	0	0	0	0.828	0	0
9606.ENSP00000480826	9606.ENSP00000302968	H3C1	CDY1	9606	0.823	0	0	0	0	0.808	0	0.12
9606.ENSP00000480826	9606.ENSP00000303178	H3C1	CDY1B	9606	0.823	0	0	0	0	0.808	0	0.12
9606.ENSP00000480826	9606.ENSP00000402280	H3C1	CDY2A	9606	0.818	0	0	0	0	0.808	0	0.091
9606.ENSP00000480826	9606.ENSP00000397552	H3C1	ACTL6A	9606	0.818	0	0	0	0	0.818	0	0
9606.ENSP00000480826	9606.ENSP00000441273	H3C1	CDY2B	9606	0.818	0	0	0	0	0.808	0	0.091
9606.ENSP00000480826	9606.ENSP00000340883	H3C1	SMARCB1	9606	0.818	0	0	0	0	0.818	0	0
9606.ENSP00000480826	9606.ENSP00000378414	H3C1	SMARCD1	9606	0.816	0	0	0	0	0.808	0	0.081
9606.ENSP00000480826	9606.ENSP00000348924	H3C1	H2BC7	9606	0.807	0	0	0	0	0.807	0	0
9606.ENSP00000480826	9606.ENSP00000274764	H3C1	H2BC1	9606	0.807	0	0	0	0	0.807	0	0
9606.ENSP00000480826	9606.ENSP00000445633	H3C1	H2BC8	9606	0.807	0	0	0	0	0.807	0	0
9606.ENSP00000480826	9606.ENSP00000479284	H3C1	H2BU1	9606	0.807	0	0	0	0	0.807	0	0
9606.ENSP00000480826	9606.ENSP00000321744	H3C1	H2BC4	9606	0.807	0	0	0	0	0.807	0	0
9606.ENSP00000480826	9606.ENSP00000366962	H3C1	H2BC10	9606	0.807	0	0	0	0	0.807	0	0
9606.ENSP00000480826	9606.ENSP00000489317	H3C1	H2BC6	9606	0.807	0	0	0	0	0.807	0	0
9606.ENSP00000480826	9606.ENSP00000270172	H3C1	DNMT3L	9606	0.803	0	0	0	0	0.8	0	0.057
9606.ENSP00000480826	9606.ENSP00000233331	H3C1	INO80B	9606	0.801	0	0	0	0	0.801	0	0
9606.ENSP00000480826	9606.ENSP00000234739	H3C1	BCL9	9606	0.8	0	0	0	0	0.8	0	0
9606.ENSP00000480826	9606.ENSP00000259915	H3C1	POU5F1	9606	0.8	0	0	0	0	0.8	0	0
9606.ENSP00000480826	9606.ENSP00000323967	H3C1	SMARCE1	9606	0.8	0	0	0	0	0.8	0	0
9606.ENSP00000480826	9606.ENSP00000294244	H3C1	SPINDOC	9606	0.8	0	0	0	0	0.8	0	0
9606.ENSP00000480826	9606.ENSP00000336868	H3C1	CENPA	9606	0.8	0	0	0	0	0.8	0	0
9606.ENSP00000480826	9606.ENSP00000341805	H3C1	PHF10	9606	0.8	0	0	0	0	0.8	0	0
9606.ENSP00000480826	9606.ENSP00000269305	H3C1	TP53	9606	0.8	0	0	0	0	0.8	0	0
9606.ENSP00000480826	9606.ENSP00000323588	H3C1	SOX2	9606	0.8	0	0	0	0	0.8	0	0
9606.ENSP00000480826	9606.ENSP00000359339	H3C1	CGAS	9606	0.8	0	0	0	0	0.8	0	0
9606.ENSP00000480826	9606.ENSP00000263382	H3C1	ASF1B	9606	0.705	0	0	0	0	0.675	0	0.131
9606.ENSP00000481842	9606.ENSP00000457723	SAP18	RNPS1	9606	0.999	0	0	0	0	0.571	0.9	0.986
9606.ENSP00000481842	9606.ENSP00000443988	SAP18	SUDS3	9606	0.997	0	0	0	0	0	0.8	0.985
9606.ENSP00000481842	9606.ENSP00000262710	SAP18	ACIN1	9606	0.997	0	0	0	0	0.778	0.9	0.891
9606.ENSP00000481842	9606.ENSP00000296504	SAP18	SAP30	9606	0.997	0	0	0	0	0	0.8	0.987
9606.ENSP00000481842	9606.ENSP00000362592	SAP18	RBBP4	9606	0.996	0	0	0	0	0	0.8	0.983
9606.ENSP00000481842	9606.ENSP00000369424	SAP18	RBBP7	9606	0.996	0	0	0	0	0	0.8	0.982
9606.ENSP00000481842	9606.ENSP00000362649	SAP18	HDAC1	9606	0.993	0	0	0	0	0.292	0.5	0.983
9606.ENSP00000481842	9606.ENSP00000378402	SAP18	SIN3A	9606	0.991	0	0	0	0	0.292	0.5	0.977
9606.ENSP00000481842	9606.ENSP00000430432	SAP18	HDAC2	9606	0.99	0	0	0	0	0	0.5	0.981
9606.ENSP00000481842	9606.ENSP00000216832	SAP18	PNN	9606	0.988	0	0	0	0	0.514	0.9	0.784
9606.ENSP00000481842	9606.ENSP00000369131	SAP18	SIN3B	9606	0.969	0	0	0	0	0	0.5	0.94
9606.ENSP00000481842	9606.ENSP00000264183	SAP18	ARID4B	9606	0.918	0	0	0	0	0	0.8	0.61
9606.ENSP00000481842	9606.ENSP00000421592	SAP18	ALYREF	9606	0.916	0	0	0	0	0	0.9	0.202
9606.ENSP00000481842	9606.ENSP00000297109	SAP18	SAP30L	9606	0.892	0	0	0	0	0	0.8	0.484
9606.ENSP00000481842	9606.ENSP00000497641	SAP18	EIF4A3	9606	0.889	0	0	0	0	0.651	0.5	0.42
9606.ENSP00000481842	9606.ENSP00000360525	SAP18	MAGOH	9606	0.805	0	0	0	0	0.591	0.5	0.125
9606.ENSP00000481842	9606.ENSP00000350333	SAP18	SAP130	9606	0.8	0	0	0	0	0	0.8	0
9606.ENSP00000481842	9606.ENSP00000462116	SAP18	SAP30BP	9606	0.8	0	0	0	0	0	0.8	0
9606.ENSP00000481842	9606.ENSP00000396052	SAP18	BRMS1	9606	0.785	0	0	0	0	0	0.5	0.588
9606.ENSP00000481842	9606.ENSP00000440542	SAP18	CHD4	9606	0.763	0	0	0	0	0.457	0.5	0.198
9606.ENSP00000481842	9606.ENSP00000253363	SAP18	RBM39	9606	0.73	0	0	0	0	0.73	0	0
9606.ENSP00000481842	9606.ENSP00000326261	SAP18	SRRM1	9606	0.72	0	0	0	0	0.077	0.5	0.443
9606.ENSP00000483059	9606.ENSP00000283928	NR2C2	JAZF1	9606	0.961	0	0	0	0	0.943	0	0.347
9606.ENSP00000483059	9606.ENSP00000333275	NR2C2	NR2C1	9606	0.796	0	0	0	0	0.457	0	0.64
9606.ENSP00000483059	9606.ENSP00000268712	NR2C2	NCOR1	9606	0.766	0	0	0	0	0.292	0.5	0.393
9606.ENSP00000483059	9606.ENSP00000352516	NR2C2	DNMT1	9606	0.758	0	0	0	0	0.457	0	0.574
9606.ENSP00000483667	9606.ENSP00000333277	CHD1	H3C13	9606	0.957	0	0	0	0	0.903	0	0.574
9606.ENSP00000483667	9606.ENSP00000352252	CHD1	H3C12	9606	0.957	0	0	0	0	0.903	0	0.572
9606.ENSP00000483667	9606.ENSP00000339835	CHD1	H3-5	9606	0.957	0	0	0	0	0.903	0	0.574
9606.ENSP00000483667	9606.ENSP00000355657	CHD1	H3-4	9606	0.957	0	0	0	0	0.903	0	0.574
9606.ENSP00000483667	9606.ENSP00000499501	CHD1	H3-2	9606	0.957	0	0	0	0	0.903	0	0.573
9606.ENSP00000483667	9606.ENSP00000254810	CHD1	H3-3B	9606	0.956	0	0	0	0	0.903	0	0.571
9606.ENSP00000483667	9606.ENSP00000480826	CHD1	H3C1	9606	0.954	0	0	0	0	0.953	0	0
9606.ENSP00000483667	9606.ENSP00000374280	CHD1	RTF1	9606	0.949	0	0	0	0	0.658	0	0.857
9606.ENSP00000483667	9606.ENSP00000355780	CHD1	H3-3A	9606	0.903	0	0	0	0	0.903	0	0
9606.ENSP00000483667	9606.ENSP00000489282	CHD1	H3C6	9606	0.903	0	0	0	0	0.903	0	0
9606.ENSP00000483667	9606.ENSP00000484658	CHD1	H3C3	9606	0.903	0	0	0	0	0.903	0	0
9606.ENSP00000483667	9606.ENSP00000385479	CHD1	H3C15	9606	0.903	0	0	0	0	0.903	0	0
9606.ENSP00000483667	9606.ENSP00000358160	CHD1	H3C10	9606	0.903	0	0	0	0	0.903	0	0
9606.ENSP00000483667	9606.ENSP00000366999	CHD1	H3C4	9606	0.903	0	0	0	0	0.903	0	0
9606.ENSP00000483667	9606.ENSP00000484095	CHD1	H3C7	9606	0.903	0	0	0	0	0.903	0	0
9606.ENSP00000483667	9606.ENSP00000484638	CHD1	H3C8	9606	0.903	0	0	0	0	0.903	0	0
9606.ENSP00000483667	9606.ENSP00000484841	CHD1	H3C2	9606	0.903	0	0	0	0	0.903	0	0
9606.ENSP00000483667	9606.ENSP00000483283	CHD1	H3C11	9606	0.903	0	0	0	0	0.903	0	0
9606.ENSP00000483667	9606.ENSP00000358154	CHD1	H3C14	9606	0.903	0	0	0	0	0.903	0	0
9606.ENSP00000483667	9606.ENSP00000355013	CHD1	CTR9	9606	0.777	0	0	0	0	0.6	0	0.467
9606.ENSP00000484288	9606.ENSP00000421491	LIG4	XRCC4	9606	0.999	0	0	0	0	0.966	0.9	0.983
9606.ENSP00000484288	9606.ENSP00000349313	LIG4	NHEJ1	9606	0.999	0	0	0	0	0.929	0.9	0.982
9606.ENSP00000484288	9606.ENSP00000375978	LIG4	XRCC5	9606	0.998	0	0	0	0	0.943	0.9	0.758
9606.ENSP00000484288	9606.ENSP00000352257	LIG4	XRCC6	9606	0.998	0	0	0	0	0.943	0.9	0.75
9606.ENSP00000484288	9606.ENSP00000313420	LIG4	PRKDC	9606	0.997	0	0	0	0	0.886	0.9	0.829
9606.ENSP00000484288	9606.ENSP00000367527	LIG4	DCLRE1C	9606	0.96	0	0	0	0	0.618	0.9	0
9606.ENSP00000484288	9606.ENSP00000360682	LIG4	PAXX	9606	0.957	0	0	0	0	0.292	0.9	0.445
9606.ENSP00000484288	9606.ENSP00000472445	LIG4	POLD1	9606	0.91	0	0	0	0	0	0.9	0.145
9606.ENSP00000484288	9606.ENSP00000498881	LIG4	ERCC5	9606	0.906	0	0	0	0	0	0.9	0.106
9606.ENSP00000484288	9606.ENSP00000310008	LIG4	SWSAP1	9606	0.9	0	0	0	0	0	0.9	0
9606.ENSP00000484288	9606.ENSP00000262241	LIG4	RCOR1	9606	0.9	0	0	0	0	0	0.9	0
9606.ENSP00000484288	9606.ENSP00000278616	LIG4	ATM	9606	0.9	0	0	0	0	0	0.9	0
9606.ENSP00000484288	9606.ENSP00000233146	LIG4	MSH2	9606	0.9	0	0	0	0	0	0.9	0
9606.ENSP00000484288	9606.ENSP00000382218	LIG4	ZSWIM7	9606	0.9	0	0	0	0	0	0.9	0
9606.ENSP00000484288	9606.ENSP00000359300	LIG4	CETN2	9606	0.9	0	0	0	0	0	0.9	0
9606.ENSP00000484288	9606.ENSP00000310520	LIG4	ERCC4	9606	0.9	0	0	0	0	0	0.9	0
9606.ENSP00000484288	9606.ENSP00000383042	LIG4	KDM1A	9606	0.9	0	0	0	0	0	0.9	0
9606.ENSP00000484288	9606.ENSP00000350708	LIG4	RAD23B	9606	0.9	0	0	0	0	0	0.9	0
9606.ENSP00000484288	9606.ENSP00000285021	LIG4	XPC	9606	0.9	0	0	0	0	0	0.9	0
9606.ENSP00000484288	9606.ENSP00000300145	LIG4	ATP23	9606	0.9	0	0	0	0	0	0.9	0
9606.ENSP00000484288	9606.ENSP00000398824	LIG4	PHF21A	9606	0.9	0	0	0	0	0	0.9	0
9606.ENSP00000484288	9606.ENSP00000265038	LIG4	ERCC8	9606	0.9	0	0	0	0	0	0.9	0
9606.ENSP00000484288	9606.ENSP00000234420	LIG4	MSH6	9606	0.9	0	0	0	0	0	0.9	0
9606.ENSP00000484288	9606.ENSP00000013807	LIG4	ERCC1	9606	0.9	0	0	0	0	0	0.9	0.049
9606.ENSP00000484288	9606.ENSP00000265081	LIG4	MSH3	9606	0.72	0	0	0	0	0	0.72	0
9606.ENSP00000490116	9606.ENSP00000359321	LCOR	MTF2	9606	0.895	0	0	0	0	0.534	0	0.784
9606.ENSP00000490116	9606.ENSP00000290921	LCOR	CTBP1	9606	0.828	0	0	0	0	0.564	0	0.622
9606.ENSP00000490116	9606.ENSP00000363640	LCOR	PHF1	9606	0.749	0	0	0	0	0.596	0	0.405
9606.ENSP00000495360	9606.ENSP00000261769	CTNNB1	CDH1	9606	0.999	0	0	0	0	0.962	0.9	0.982
9606.ENSP00000495360	9606.ENSP00000359206	CTNNB1	BTRC	9606	0.999	0	0	0	0	0.96	0.8	0.982
9606.ENSP00000495360	9606.ENSP00000234739	CTNNB1	BCL9	9606	0.999	0	0	0	0	0.96	0.9	0.982
9606.ENSP00000495360	9606.ENSP00000497290	CTNNB1	CDH5	9606	0.999	0	0	0	0	0.534	0.9	0.982
9606.ENSP00000495360	9606.ENSP00000262320	CTNNB1	AXIN1	9606	0.999	0	0	0	0	0.655	0.9	0.984
9606.ENSP00000495360	9606.ENSP00000304669	CTNNB1	CTNNA1	9606	0.999	0	0	0	0	0.787	0.9	0.982
9606.ENSP00000495360	9606.ENSP00000381382	CTNNB1	TCF4	9606	0.999	0	0	0	0	0.618	0.9	0.982
9606.ENSP00000495360	9606.ENSP00000257430	CTNNB1	APC	9606	0.999	0	0	0	0	0.975	0.9	0.982
9606.ENSP00000495360	9606.ENSP00000382004	CTNNB1	CTNND1	9606	0.999	0	0	0	0	0.668	0.9	0.983
9606.ENSP00000495360	9606.ENSP00000366474	CTNNB1	CTNNBIP1	9606	0.999	0	0	0	0	0.965	0.9	0.941
9606.ENSP00000495360	9606.ENSP00000340347	CTNNB1	TCF7	9606	0.999	0	0	0	0	0.639	0.9	0.984
9606.ENSP00000495360	9606.ENSP00000265165	CTNNB1	LEF1	9606	0.999	0	0	0	0	0.961	0.9	0.985
9606.ENSP00000495360	9606.ENSP00000486891	CTNNB1	TCF7L2	9606	0.999	0	0	0	0	0.971	0.9	0.985
9606.ENSP00000495360	9606.ENSP00000324806	CTNNB1	GSK3B	9606	0.998	0	0	0	0	0.564	0.8	0.982
9606.ENSP00000495360	9606.ENSP00000269141	CTNNB1	CDH2	9606	0.998	0	0	0	0	0.719	0.72	0.983
9606.ENSP00000495360	9606.ENSP00000282111	CTNNB1	TCF7L1	9606	0.997	0	0	0	0	0.729	0.9	0.918
9606.ENSP00000495360	9606.ENSP00000259915	CTNNB1	POU5F1	9606	0.996	0	0	0	0	0.457	0.8	0.972
9606.ENSP00000495360	9606.ENSP00000318297	CTNNB1	RUVBL1	9606	0.996	0	0	0	0	0.457	0.9	0.933
9606.ENSP00000495360	9606.ENSP00000261798	CTNNB1	CSNK1A1	9606	0.996	0	0	0	0	0.49	0.8	0.967
9606.ENSP00000495360	9606.ENSP00000231487	CTNNB1	SKP1	9606	0.995	0	0	0	0	0.928	0.5	0.875
9606.ENSP00000495360	9606.ENSP00000457421	CTNNB1	PECAM1	9606	0.995	0	0	0	0	0.55	0.9	0.909
9606.ENSP00000495360	9606.ENSP00000302625	CTNNB1	AXIN2	9606	0.994	0	0	0	0	0.49	0.9	0.894
9606.ENSP00000495360	9606.ENSP00000262367	CTNNB1	CREBBP	9606	0.994	0	0	0	0	0.457	0.5	0.982
9606.ENSP00000495360	9606.ENSP00000343896	CTNNB1	SMARCA4	9606	0.994	0	0	0	0	0.457	0.5	0.98
9606.ENSP00000495360	9606.ENSP00000268182	CTNNB1	IQGAP1	9606	0.994	0	0	0	0	0.457	0.5	0.982
9606.ENSP00000495360	9606.ENSP00000263253	CTNNB1	EP300	9606	0.994	0	0	0	0	0.457	0.5	0.981
9606.ENSP00000495360	9606.ENSP00000332973	CTNNB1	SMAD3	9606	0.992	0	0	0	0	0.457	0.8	0.935
9606.ENSP00000495360	9606.ENSP00000027335	CTNNB1	CDH17	9606	0.991	0	0	0	0	0	0.54	0.982
9606.ENSP00000495360	9606.ENSP00000312987	CTNNB1	HNF4A	9606	0.991	0	0	0	0	0.55	0	0.982
9606.ENSP00000495360	9606.ENSP00000339527	CTNNB1	FOXO3	9606	0.991	0	0	0	0	0.457	0.36	0.978
9606.ENSP00000495360	9606.ENSP00000262160	CTNNB1	SMAD2	9606	0.99	0	0	0	0	0.457	0.5	0.969
9606.ENSP00000495360	9606.ENSP00000384638	CTNNB1	CTNNA2	9606	0.99	0	0	0	0	0.747	0.9	0.651
9606.ENSP00000495360	9606.ENSP00000211998	CTNNB1	VCL	9606	0.99	0	0	0	0	0.52	0	0.981
9606.ENSP00000495360	9606.ENSP00000484824	CTNNB1	MUC1	9606	0.989	0	0	0	0	0.457	0	0.982
9606.ENSP00000495360	9606.ENSP00000263923	CTNNB1	KDR	9606	0.989	0	0	0	0	0	0.8	0.949
9606.ENSP00000495360	9606.ENSP00000386892	CTNNB1	FHL2	9606	0.988	0	0	0	0	0.359	0	0.982
9606.ENSP00000495360	9606.ENSP00000341551	CTNNB1	SMAD4	9606	0.988	0	0	0	0	0.292	0.5	0.97
9606.ENSP00000495360	9606.ENSP00000495240	CTNNB1	CHD8	9606	0.986	0	0	0	0	0.457	0.9	0.779
9606.ENSP00000495360	9606.ENSP00000309913	CTNNB1	TBX5	9606	0.986	0	0	0	0	0.292	0	0.982
9606.ENSP00000495360	9606.ENSP00000335320	CTNNB1	BCL9L	9606	0.986	0	0	0	0	0.292	0.9	0.822
9606.ENSP00000495360	9606.ENSP00000342307	CTNNB1	FOXM1	9606	0.985	0	0	0	0	0.457	0	0.974
9606.ENSP00000495360	9606.ENSP00000320171	CTNNB1	PKM	9606	0.985	0	0	0	0	0.457	0	0.975
9606.ENSP00000495360	9606.ENSP00000473172	CTNNB1	RUVBL2	9606	0.985	0	0	0	0	0.457	0	0.974
9606.ENSP00000495360	9606.ENSP00000309572	CTNNB1	TERT	9606	0.984	0	0	0	0	0.292	0.9	0.805
9606.ENSP00000495360	9606.ENSP00000389714	CTNNB1	CTNNA3	9606	0.981	0	0	0	0	0.743	0.9	0.323
9606.ENSP00000495360	9606.ENSP00000357442	CTNNB1	PYGO2	9606	0.98	0	0	0	0	0.292	0.9	0.746
9606.ENSP00000495360	9606.ENSP00000379287	CTNNB1	YWHAZ	9606	0.98	0	0	0	0	0.457	0.8	0.832
9606.ENSP00000495360	9606.ENSP00000478927	CTNNB1	YAP1	9606	0.979	0	0	0	0	0.457	0	0.964
9606.ENSP00000495360	9606.ENSP00000268603	CTNNB1	CDH11	9606	0.976	0	0	0	0	0.549	0.54	0.896
9606.ENSP00000495360	9606.ENSP00000437955	CTNNB1	HIF1A	9606	0.975	0	0	0	0	0.457	0	0.957
9606.ENSP00000495360	9606.ENSP00000363804	CTNNB1	KLF4	9606	0.974	0	0	0	0	0	0	0.974
9606.ENSP00000495360	9606.ENSP00000364003	CTNNB1	AMER1	9606	0.972	0	0	0	0	0.682	0.8	0.607
9606.ENSP00000495360	9606.ENSP00000495556	CTNNB1	TBL1X	9606	0.972	0	0	0	0	0.657	0	0.924
9606.ENSP00000495360	9606.ENSP00000348416	CTNNB1	TJP1	9606	0.969	0	0	0	0	0.2	0	0.964
9606.ENSP00000495360	9606.ENSP00000264012	CTNNB1	CDH3	9606	0.969	0	0	0	0	0.657	0.54	0.819
9606.ENSP00000495360	9606.ENSP00000267257	CTNNB1	PXN	9606	0.967	0	0	0	0	0.359	0	0.951
9606.ENSP00000495360	9606.ENSP00000405574	CTNNB1	TBL1XR1	9606	0.964	0	0	0	0	0.457	0	0.937
9606.ENSP00000495360	9606.ENSP00000287820	CTNNB1	PPARG	9606	0.964	0	0	0	0	0.457	0	0.937
9606.ENSP00000495360	9606.ENSP00000442954	CTNNB1	APC2	9606	0.96	0	0	0	0	0.625	0.9	0
9606.ENSP00000495360	9606.ENSP00000222330	CTNNB1	GSK3A	9606	0.959	0	0	0	0	0.679	0.72	0.583
9606.ENSP00000495360	9606.ENSP00000358857	CTNNB1	EMD	9606	0.958	0	0	0	0	0.359	0	0.938
9606.ENSP00000495360	9606.ENSP00000368880	CTNNB1	FOXO1	9606	0.958	0	0	0	0	0	0	0.958
9606.ENSP00000495360	9606.ENSP00000375857	CTNNB1	LRRFIP1	9606	0.957	0	0	0	0	0	0.7	0.864
9606.ENSP00000495360	9606.ENSP00000382800	CTNNB1	RUNX3	9606	0.956	0	0	0	0	0.292	0.5	0.887
9606.ENSP00000495360	9606.ENSP00000478962	CTNNB1	CBY1	9606	0.956	0	0	0	0	0.457	0.9	0.258
9606.ENSP00000495360	9606.ENSP00000362680	CTNNB1	SRC	9606	0.953	0	0	0	0	0.457	0	0.917
9606.ENSP00000495360	9606.ENSP00000356405	CTNNB1	CDC73	9606	0.952	0	0	0	0	0.457	0.5	0.84
9606.ENSP00000495360	9606.ENSP00000323588	CTNNB1	SOX2	9606	0.948	0	0	0	0	0.457	0.5	0.825
9606.ENSP00000495360	9606.ENSP00000363822	CTNNB1	AR	9606	0.947	0	0	0	0	0.457	0	0.908
9606.ENSP00000495360	9606.ENSP00000337088	CTNNB1	MEN1	9606	0.945	0	0	0	0	0.457	0.8	0.536
9606.ENSP00000495360	9606.ENSP00000349156	CTNNB1	SIAH1	9606	0.943	0	0	0	0	0.457	0.9	0
9606.ENSP00000495360	9606.ENSP00000245479	CTNNB1	SOX9	9606	0.934	0	0	0	0	0	0.5	0.874
9606.ENSP00000495360	9606.ENSP00000326366	CTNNB1	PSEN1	9606	0.934	0	0	0	0	0.457	0	0.885
9606.ENSP00000495360	9606.ENSP00000320147	CTNNB1	EZH2	9606	0.934	0	0	0	0	0.457	0	0.885
9606.ENSP00000495360	9606.ENSP00000377508	CTNNB1	JUP	9606	0.932	0	0	0	0	0.657	0.72	0.353
9606.ENSP00000495360	9606.ENSP00000352925	CTNNB1	TRRAP	9606	0.927	0	0	0	0	0.457	0.5	0.754
9606.ENSP00000495360	9606.ENSP00000365682	CTNNB1	TLE1	9606	0.926	0	0	0	0	0.292	0.9	0
9606.ENSP00000495360	9606.ENSP00000452871	CTNNB1	TLE3	9606	0.926	0	0	0	0	0.292	0.9	0
9606.ENSP00000495360	9606.ENSP00000262519	CTNNB1	SETD1A	9606	0.924	0	0	0	0	0	0	0.924
9606.ENSP00000495360	9606.ENSP00000356331	CTNNB1	NR5A2	9606	0.918	0	0	0	0	0.656	0	0.773
9606.ENSP00000495360	9606.ENSP00000289746	CTNNB1	CDH15	9606	0.917	0	0	0	0	0.183	0.54	0.799
9606.ENSP00000495360	9606.ENSP00000495061	CTNNB1	PITX2	9606	0.905	0	0	0	0	0.55	0	0.799
9606.ENSP00000495360	9606.ENSP00000290921	CTNNB1	CTBP1	9606	0.903	0	0	0	0	0.457	0.8	0.184
9606.ENSP00000495360	9606.ENSP00000368166	CTNNB1	DVL1	9606	0.901	0	0	0	0	0.542	0.36	0.69
9606.ENSP00000495360	9606.ENSP00000369126	CTNNB1	CSNK1A1L	9606	0.9	0	0	0	0	0	0.9	0
9606.ENSP00000495360	9606.ENSP00000462701	CTNNB1	CDH8	9606	0.9	0	0	0	0	0.692	0.54	0.356
9606.ENSP00000495360	9606.ENSP00000365720	CTNNB1	TLE4	9606	0.9	0	0	0	0	0	0.9	0
9606.ENSP00000495360	9606.ENSP00000501277	CTNNB1	LDB1	9606	0.9	0	0	0	0	0	0.9	0
9606.ENSP00000495360	9606.ENSP00000356652	CTNNB1	CACYBP	9606	0.899	0	0	0	0	0.657	0.72	0
9606.ENSP00000495360	9606.ENSP00000378400	CTNNB1	LIMA1	9606	0.892	0	0	0	0	0	0	0.892
9606.ENSP00000495360	9606.ENSP00000269571	CTNNB1	ERBB2	9606	0.89	0	0	0	0	0.457	0	0.807
9606.ENSP00000495360	9606.ENSP00000372499	CTNNB1	TBL1Y	9606	0.888	0	0	0	0	0	0	0.888
9606.ENSP00000495360	9606.ENSP00000294304	CTNNB1	LRP5	9606	0.886	0	0	0	0	0.292	0.72	0.473
9606.ENSP00000495360	9606.ENSP00000340896	CTNNB1	ASH2L	9606	0.886	0	0	0	0	0.457	0.8	0
9606.ENSP00000495360	9606.ENSP00000264515	CTNNB1	RBBP5	9606	0.886	0	0	0	0	0.457	0.8	0
9606.ENSP00000495360	9606.ENSP00000301067	CTNNB1	KMT2D	9606	0.886	0	0	0	0	0.457	0.8	0
9606.ENSP00000495360	9606.ENSP00000297316	CTNNB1	SOX17	9606	0.882	0	0	0	0	0.292	0.5	0.696
9606.ENSP00000495360	9606.ENSP00000261349	CTNNB1	LRP6	9606	0.88	0	0	0	0	0.457	0.72	0.275
9606.ENSP00000495360	9606.ENSP00000405330	CTNNB1	ESR1	9606	0.877	0	0	0	0	0.292	0	0.834
9606.ENSP00000495360	9606.ENSP00000406229	CTNNB1	FAT1	9606	0.877	0	0	0	0	0	0	0.877
9606.ENSP00000495360	9606.ENSP00000345206	CTNNB1	RBPJ	9606	0.874	0	0	0	0	0	0	0.874
9606.ENSP00000495360	9606.ENSP00000302327	CTNNB1	PYGO1	9606	0.86	0	0	0	0	0.292	0.5	0.638
9606.ENSP00000495360	9606.ENSP00000354900	CTNNB1	GJB1	9606	0.858	0	0	0	0	0	0	0.858
9606.ENSP00000495360	9606.ENSP00000379644	CTNNB1	SOX6	9606	0.855	0	0	0	0	0.292	0.5	0.624
9606.ENSP00000495360	9606.ENSP00000339191	CTNNB1	CAV1	9606	0.852	0	0	0	0	0.457	0	0.739
9606.ENSP00000495360	9606.ENSP00000262158	CTNNB1	SMAD7	9606	0.851	0	0	0	0	0.457	0	0.738
9606.ENSP00000495360	9606.ENSP00000355923	CTNNB1	PTPN14	9606	0.848	0	0	0	0	0.292	0	0.795
9606.ENSP00000495360	9606.ENSP00000262613	CTNNB1	SLC9A3R1	9606	0.848	0	0	0	0	0.292	0	0.795
9606.ENSP00000495360	9606.ENSP00000249396	CTNNB1	SIRT2	9606	0.847	0	0	0	0	0	0	0.847
9606.ENSP00000495360	9606.ENSP00000361423	CTNNB1	ABL1	9606	0.845	0	0	0	0	0.457	0.5	0.477
9606.ENSP00000495360	9606.ENSP00000225525	CTNNB1	TAX1BP3	9606	0.838	0	0	0	0	0.618	0	0.595
9606.ENSP00000495360	9606.ENSP00000363377	CTNNB1	FOXO4	9606	0.835	0	0	0	0	0.457	0	0.709
9606.ENSP00000495360	9606.ENSP00000484855	CTNNB1	EXOC5	9606	0.832	0	0	0	0	0	0	0.832
9606.ENSP00000495360	9606.ENSP00000362649	CTNNB1	HDAC1	9606	0.831	0	0	0	0	0.457	0	0.702
9606.ENSP00000495360	9606.ENSP00000275493	CTNNB1	EGFR	9606	0.821	0	0	0	0	0.457	0	0.684
9606.ENSP00000495360	9606.ENSP00000384863	CTNNB1	XPO1	9606	0.819	0	0	0	0	0.135	0.8	0
9606.ENSP00000495360	9606.ENSP00000384273	CTNNB1	RELA	9606	0.818	0	0	0	0	0.457	0	0.679
9606.ENSP00000495360	9606.ENSP00000264025	CTNNB1	NECTIN1	9606	0.814	0	0	0	0	0	0	0.814
9606.ENSP00000495360	9606.ENSP00000371689	CTNNB1	CDH12	9606	0.806	0	0	0	0	0.591	0.54	0.053
9606.ENSP00000495360	9606.ENSP00000264033	CTNNB1	CBL	9606	0.806	0	0	0	0	0.457	0.36	0.487
9606.ENSP00000495360	9606.ENSP00000346151	CTNNB1	MAGI2	9606	0.805	0	0	0	0	0.292	0	0.737
9606.ENSP00000495360	9606.ENSP00000340330	CTNNB1	KAT5	9606	0.803	0	0	0	0	0	0.5	0.623
9606.ENSP00000495360	9606.ENSP00000247219	CTNNB1	TBPL2	9606	0.8	0	0	0	0	0	0.8	0
9606.ENSP00000495360	9606.ENSP00000311290	CTNNB1	PROP1	9606	0.8	0	0	0	0	0.292	0	0.73
9606.ENSP00000495360	9606.ENSP00000388620	CTNNB1	EOMES	9606	0.8	0	0	0	0	0	0.8	0
9606.ENSP00000495360	9606.ENSP00000366534	CTNNB1	FOXH1	9606	0.8	0	0	0	0	0	0.8	0
9606.ENSP00000495360	9606.ENSP00000229307	CTNNB1	NANOG	9606	0.8	0	0	0	0	0	0.8	0
9606.ENSP00000495360	9606.ENSP00000371710	CTNNB1	CDH18	9606	0.799	0	0	0	0	0.292	0.54	0.435
9606.ENSP00000495360	9606.ENSP00000225792	CTNNB1	DDX5	9606	0.799	0	0	0	0	0.359	0	0.7
9606.ENSP00000495360	9606.ENSP00000471896	CTNNB1	IRF3	9606	0.795	0	0	0	0	0	0.5	0.607
9606.ENSP00000495360	9606.ENSP00000298910	CTNNB1	LRRK2	9606	0.795	0	0	0	0	0.292	0.72	0.049
9606.ENSP00000495360	9606.ENSP00000254066	CTNNB1	RARA	9606	0.784	0	0	0	0	0	0	0.784
9606.ENSP00000495360	9606.ENSP00000340874	CTNNB1	MEF2C	9606	0.783	0	0	0	0	0	0	0.783
9606.ENSP00000495360	9606.ENSP00000393312	CTNNB1	FGFR1	9606	0.782	0	0	0	0	0.657	0	0.392
9606.ENSP00000495360	9606.ENSP00000399511	CTNNB1	TNIK	9606	0.78	0	0	0	0	0.292	0	0.703
9606.ENSP00000495360	9606.ENSP00000347379	CTNNB1	OCLN	9606	0.775	0	0	0	0	0.124	0	0.754
9606.ENSP00000495360	9606.ENSP00000489597	CTNNB1	PTPN11	9606	0.771	0	0	0	0	0.292	0	0.691
9606.ENSP00000495360	9606.ENSP00000344666	CTNNB1	NF2	9606	0.767	0	0	0	0	0	0	0.767
9606.ENSP00000495360	9606.ENSP00000437790	CTNNB1	CDH22	9606	0.761	0	0	0	0	0	0.54	0.503
9606.ENSP00000495360	9606.ENSP00000268613	CTNNB1	CDH13	9606	0.76	0	0	0	0	0	0.54	0.501
9606.ENSP00000495360	9606.ENSP00000398273	CTNNB1	SOX5	9606	0.752	0	0	0	0	0	0	0.752
9606.ENSP00000495360	9606.ENSP00000349486	CTNNB1	SCRIB	9606	0.75	0	0	0	0	0.309	0.36	0.482
9606.ENSP00000495360	9606.ENSP00000353030	CTNNB1	PTPRF	9606	0.749	0	0	0	0	0.457	0	0.557
9606.ENSP00000495360	9606.ENSP00000264463	CTNNB1	CDH10	9606	0.747	0	0	0	0	0.422	0.54	0.126
9606.ENSP00000495360	9606.ENSP00000381058	CTNNB1	CDH7	9606	0.747	0	0	0	0	0.413	0.54	0.14
9606.ENSP00000495360	9606.ENSP00000212015	CTNNB1	SIRT1	9606	0.743	0	0	0	0	0.292	0	0.652
9606.ENSP00000495360	9606.ENSP00000374409	CTNNB1	PKP4	9606	0.743	0	0	0	0	0.53	0	0.475
9606.ENSP00000495360	9606.ENSP00000254301	CTNNB1	LGALS3	9606	0.735	0	0	0	0	0.13	0	0.708
9606.ENSP00000495360	9606.ENSP00000371798	CTNNB1	FSCN1	9606	0.733	0	0	0	0	0	0	0.733
9606.ENSP00000495360	9606.ENSP00000400010	CTNNB1	PTPRJ	9606	0.728	0	0	0	0	0.369	0	0.588
9606.ENSP00000495360	9606.ENSP00000363921	CTNNB1	PARD3	9606	0.726	0	0	0	0	0.55	0	0.417
9606.ENSP00000495360	9606.ENSP00000252699	CTNNB1	ACTN4	9606	0.722	0	0	0	0	0.55	0	0.408
9606.ENSP00000495360	9606.ENSP00000406367	CTNNB1	ADGRA2	9606	0.72	0	0	0	0	0	0.72	0
9606.ENSP00000495360	9606.ENSP00000326804	CTNNB1	CUL1	9606	0.72	0	0	0	0	0.457	0.5	0.052
9606.ENSP00000495360	9606.ENSP00000225512	CTNNB1	WNT3	9606	0.72	0	0	0	0	0	0.72	0
9606.ENSP00000495360	9606.ENSP00000262435	CTNNB1	SMURF2	9606	0.718	0	0	0	0	0	0	0.718
9606.ENSP00000495360	9606.ENSP00000498587	CTNNB1	NOTCH1	9606	0.714	0	0	0	0	0.292	0	0.612
9606.ENSP00000495360	9606.ENSP00000325690	CTNNB1	CARM1	9606	0.712	0	0	0	0	0.292	0	0.611
9606.ENSP00000495360	9606.ENSP00000415416	CTNNB1	TRIB3	9606	0.709	0	0	0	0	0.292	0	0.606
9606.ENSP00000495360	9606.ENSP00000418582	CTNNB1	FHIT	9606	0.709	0	0	0	0	0.292	0	0.607
9606.ENSP00000495360	9606.ENSP00000244745	CTNNB1	SOX4	9606	0.705	0	0	0	0	0	0.5	0.436
9606.ENSP00000495360	9606.ENSP00000363193	CTNNB1	MED12	9606	0.704	0	0	0	0	0	0	0.704
9606.ENSP00000495360	9606.ENSP00000371958	CTNNB1	CD9	9606	0.704	0	0	0	0	0	0	0.704
9606.ENSP00000495360	9606.ENSP00000447488	CTNNB1	LIN7A	9606	0.703	0	0	0	0	0	0	0.703
9606.ENSP00000495360	9606.ENSP00000300035	CTNNB1	PCLAF	9606	0.702	0	0	0	0	0	0	0.702
9606.ENSP00000495360	9606.ENSP00000474725	CTNNB1	FBXW7	9606	0.701	0	0	0	0	0.292	0	0.596
9606.ENSP00000495360	9606.ENSP00000380517	CTNNB1	CDH24	9606	0.7	0	0	0	0	0	0.54	0.375
9606.ENSP00000496168	9606.ENSP00000349723	BCL11A	BCL11B	9606	0.987	0	0	0	0	0.624	0.9	0.683
9606.ENSP00000496168	9606.ENSP00000362592	BCL11A	RBBP4	9606	0.978	0	0	0	0	0.96	0	0.484
9606.ENSP00000496168	9606.ENSP00000320485	BCL11A	ARID1A	9606	0.966	0	0	0	0	0	0.9	0.679
9606.ENSP00000496168	9606.ENSP00000490491	BCL11A	ARID1B	9606	0.95	0	0	0	0	0	0.9	0.521
9606.ENSP00000496168	9606.ENSP00000397552	BCL11A	ACTL6A	9606	0.93	0	0	0	0	0	0.9	0.33
9606.ENSP00000496168	9606.ENSP00000343896	BCL11A	SMARCA4	9606	0.929	0	0	0	0	0	0.9	0.323
9606.ENSP00000496168	9606.ENSP00000419765	BCL11A	BRD9	9606	0.925	0	0	0	0	0	0.9	0.283
9606.ENSP00000496168	9606.ENSP00000445868	BCL11A	BCL7A	9606	0.922	0	0	0	0	0	0.9	0.257
9606.ENSP00000496168	9606.ENSP00000379946	BCL11A	BICRA	9606	0.9	0	0	0	0	0	0.9	0
9606.ENSP00000496168	9606.ENSP00000323967	BCL11A	SMARCE1	9606	0.9	0	0	0	0	0	0.9	0
9606.ENSP00000496168	9606.ENSP00000392617	BCL11A	SMARCD2	9606	0.9	0	0	0	0	0	0.9	0
9606.ENSP00000496168	9606.ENSP00000449396	BCL11A	SMARCC2	9606	0.9	0	0	0	0	0	0.9	0
9606.ENSP00000496168	9606.ENSP00000414516	BCL11A	SS18	9606	0.9	0	0	0	0	0	0.9	0
9606.ENSP00000496168	9606.ENSP00000340883	BCL11A	SMARCB1	9606	0.9	0	0	0	0	0	0.9	0
9606.ENSP00000496168	9606.ENSP00000378414	BCL11A	SMARCD1	9606	0.9	0	0	0	0	0	0.9	0
9606.ENSP00000496168	9606.ENSP00000262188	BCL11A	SMARCD3	9606	0.9	0	0	0	0	0	0.9	0
9606.ENSP00000496168	9606.ENSP00000371638	BCL11A	SMARCA2	9606	0.9	0	0	0	0	0	0.9	0
9606.ENSP00000496168	9606.ENSP00000313933	BCL11A	BICRAL	9606	0.9	0	0	0	0	0	0.9	0
9606.ENSP00000496168	9606.ENSP00000369674	BCL11A	BCL7C	9606	0.9	0	0	0	0	0	0.9	0
9606.ENSP00000496168	9606.ENSP00000411073	BCL11A	BCL7B	9606	0.9	0	0	0	0	0	0.9	0
9606.ENSP00000496168	9606.ENSP00000254480	BCL11A	SMARCC1	9606	0.9	0	0	0	0	0	0.9	0
9606.ENSP00000496168	9606.ENSP00000335044	BCL11A	ARID2	9606	0.881	0	0	0	0	0	0.72	0.594
9606.ENSP00000496168	9606.ENSP00000379644	BCL11A	SOX6	9606	0.861	0	0	0	0	0	0	0.861
9606.ENSP00000496168	9606.ENSP00000352516	BCL11A	DNMT1	9606	0.852	0	0	0	0	0	0	0.852
9606.ENSP00000496168	9606.ENSP00000160382	BCL11A	ACTL6B	9606	0.843	0	0	0	0	0	0.72	0.463
9606.ENSP00000496168	9606.ENSP00000384371	BCL11A	BCL6	9606	0.84	0	0	0	0	0.457	0	0.718
9606.ENSP00000496168	9606.ENSP00000383042	BCL11A	KDM1A	9606	0.786	0	0	0	0	0	0	0.786
9606.ENSP00000496168	9606.ENSP00000386593	BCL11A	PBRM1	9606	0.732	0	0	0	0	0	0.72	0.085
9606.ENSP00000496168	9606.ENSP00000291890	BCL11A	NCR1	9606	0.72	0	0	0	0	0	0.72	0
9606.ENSP00000496168	9606.ENSP00000267163	BCL11A	RB1	9606	0.72	0	0	0	0	0	0.72	0
9606.ENSP00000496168	9606.ENSP00000494750	BCL11A	ACTB	9606	0.705	0	0	0	0	0	0.54	0.385
9606.ENSP00000498881	9606.ENSP00000491742	ERCC5	BIVM-ERCC5	9606	0.979	0	0	0	0	0.8	0.9	0
9606.ENSP00000498881	9606.ENSP00000013807	ERCC5	ERCC1	9606	0.961	0	0	0	0	0	0.9	0.629
9606.ENSP00000498881	9606.ENSP00000348089	ERCC5	ERCC6	9606	0.949	0	0	0	0	0.734	0.8	0.119
9606.ENSP00000498881	9606.ENSP00000310520	ERCC5	ERCC4	9606	0.938	0	0	0	0	0	0.9	0.407
9606.ENSP00000498881	9606.ENSP00000278616	ERCC5	ATM	9606	0.933	0	0	0	0	0	0.9	0.363
9606.ENSP00000498881	9606.ENSP00000265963	ERCC5	GTF2H1	9606	0.921	0	0	0	0	0.826	0.5	0.162
9606.ENSP00000498881	9606.ENSP00000285021	ERCC5	XPC	9606	0.92	0	0	0	0	0	0.9	0.238
9606.ENSP00000498881	9606.ENSP00000364270	ERCC5	XPA	9606	0.916	0	0	0	0	0	0.8	0.597
9606.ENSP00000498881	9606.ENSP00000472445	ERCC5	POLD1	9606	0.909	0	0	0	0	0.13	0.9	0
9606.ENSP00000498881	9606.ENSP00000233146	ERCC5	MSH2	9606	0.906	0	0	0	0	0	0.9	0.102
9606.ENSP00000498881	9606.ENSP00000484288	ERCC5	LIG4	9606	0.906	0	0	0	0	0	0.9	0.106
9606.ENSP00000498881	9606.ENSP00000234420	ERCC5	MSH6	9606	0.906	0	0	0	0	0	0.9	0.102
9606.ENSP00000498881	9606.ENSP00000313420	ERCC5	PRKDC	9606	0.9	0	0	0	0	0	0.9	0
9606.ENSP00000498881	9606.ENSP00000367527	ERCC5	DCLRE1C	9606	0.9	0	0	0	0	0	0.9	0
9606.ENSP00000498881	9606.ENSP00000382218	ERCC5	ZSWIM7	9606	0.9	0	0	0	0	0	0.9	0
9606.ENSP00000498881	9606.ENSP00000359300	ERCC5	CETN2	9606	0.9	0	0	0	0	0	0.9	0
9606.ENSP00000498881	9606.ENSP00000310008	ERCC5	SWSAP1	9606	0.9	0	0	0	0	0	0.9	0
9606.ENSP00000498881	9606.ENSP00000375978	ERCC5	XRCC5	9606	0.9	0	0	0	0	0	0.9	0
9606.ENSP00000498881	9606.ENSP00000421491	ERCC5	XRCC4	9606	0.9	0	0	0	0	0	0.9	0
9606.ENSP00000498881	9606.ENSP00000262241	ERCC5	RCOR1	9606	0.9	0	0	0	0	0	0.9	0
9606.ENSP00000498881	9606.ENSP00000349313	ERCC5	NHEJ1	9606	0.9	0	0	0	0	0	0.9	0
9606.ENSP00000498881	9606.ENSP00000300145	ERCC5	ATP23	9606	0.9	0	0	0	0	0	0.9	0
9606.ENSP00000498881	9606.ENSP00000398824	ERCC5	PHF21A	9606	0.9	0	0	0	0	0	0.9	0
9606.ENSP00000498881	9606.ENSP00000265038	ERCC5	ERCC8	9606	0.9	0	0	0	0	0	0.9	0
9606.ENSP00000498881	9606.ENSP00000383042	ERCC5	KDM1A	9606	0.9	0	0	0	0	0	0.9	0
9606.ENSP00000498881	9606.ENSP00000350708	ERCC5	RAD23B	9606	0.9	0	0	0	0	0	0.9	0
9606.ENSP00000498881	9606.ENSP00000360682	ERCC5	PAXX	9606	0.9	0	0	0	0	0	0.9	0
9606.ENSP00000498881	9606.ENSP00000352257	ERCC5	XRCC6	9606	0.9	0	0	0	0	0	0.9	0
9606.ENSP00000498881	9606.ENSP00000375809	ERCC5	ERCC2	9606	0.898	0	0	0	0	0.734	0.5	0.301
9606.ENSP00000498881	9606.ENSP00000285398	ERCC5	ERCC3	9606	0.894	0	0	0	0	0.734	0.54	0.208
9606.ENSP00000498881	9606.ENSP00000274400	ERCC5	GTF2H2	9606	0.861	0	0	0	0	0.734	0.5	0
9606.ENSP00000498881	9606.ENSP00000369497	ERCC5	BRCA2	9606	0.832	0	0	0	0	0.292	0.54	0.528
9606.ENSP00000498881	9606.ENSP00000370125	ERCC5	HMGN1	9606	0.8	0	0	0	0	0	0.8	0
9606.ENSP00000498881	9606.ENSP00000263253	ERCC5	EP300	9606	0.8	0	0	0	0	0	0.8	0
9606.ENSP00000498881	9606.ENSP00000428426	ERCC5	TCEA1	9606	0.8	0	0	0	0	0	0.8	0
9606.ENSP00000498881	9606.ENSP00000358262	ERCC5	CHD1L	9606	0.8	0	0	0	0	0	0.8	0
9606.ENSP00000498881	9606.ENSP00000259895	ERCC5	GTF2H4	9606	0.796	0	0	0	0	0.61	0.5	0
9606.ENSP00000498881	9606.ENSP00000445162	ERCC5	GTF2H3	9606	0.796	0	0	0	0	0.61	0.5	0
9606.ENSP00000498881	9606.ENSP00000418960	ERCC5	BRCA1	9606	0.779	0	0	0	0	0.292	0.54	0.377
9606.ENSP00000498881	9606.ENSP00000265081	ERCC5	MSH3	9606	0.737	0	0	0	0	0	0.72	0.102
9606.ENSP00000499501	9606.ENSP00000351446	H3-2	WDR5	9606	0.998	0	0	0	0	0.904	0	0.981
9606.ENSP00000499501	9606.ENSP00000209875	H3-2	CBX5	9606	0.997	0	0	0	0	0.911	0	0.977
9606.ENSP00000499501	9606.ENSP00000336687	H3-2	CBX3	9606	0.996	0	0	0	0	0.911	0	0.961
9606.ENSP00000499501	9606.ENSP00000270172	H3-2	DNMT3L	9606	0.995	0	0	0	0	0.8	0	0.978
9606.ENSP00000499501	9606.ENSP00000264709	H3-2	DNMT3A	9606	0.992	0	0	0	0	0.9	0	0.932
9606.ENSP00000499501	9606.ENSP00000307208	H3-2	BPTF	9606	0.991	0	0	0	0	0.9	0	0.919
9606.ENSP00000499501	9606.ENSP00000377060	H3-2	CBX1	9606	0.99	0	0	0	0	0.921	0	0.879
9606.ENSP00000499501	9606.ENSP00000361473	H3-2	KDM4A	9606	0.987	0	0	0	0	0.9	0	0.881
9606.ENSP00000499501	9606.ENSP00000332194	H3-2	H2AC20	9606	0.985	0	0	0	0	0.184	0	0.982
9606.ENSP00000499501	9606.ENSP00000386593	H3-2	PBRM1	9606	0.985	0	0	0	0	0.912	0	0.838
9606.ENSP00000499501	9606.ENSP00000358155	H3-2	H2AC18	9606	0.983	0	0	0	0	0.115	0	0.982
9606.ENSP00000499501	9606.ENSP00000307183	H3-2	ING2	9606	0.983	0	0	0	0	0.903	0	0.831
9606.ENSP00000499501	9606.ENSP00000358151	H3-2	H2BC21	9606	0.982	0	0	0	0	0.084	0	0.982
9606.ENSP00000499501	9606.ENSP00000369695	H3-2	MLLT3	9606	0.98	0	0	0	0	0.9	0	0.81
9606.ENSP00000499501	9606.ENSP00000362441	H3-2	ATRX	9606	0.977	0	0	0	0	0.901	0	0.784
9606.ENSP00000499501	9606.ENSP00000352516	H3-2	DNMT1	9606	0.976	0	0	0	0	0.9	0	0.778
9606.ENSP00000499501	9606.ENSP00000440542	H3-2	CHD4	9606	0.975	0	0	0	0	0.901	0	0.765
9606.ENSP00000499501	9606.ENSP00000379078	H3-2	EHMT2	9606	0.975	0	0	0	0	0.903	0	0.757
9606.ENSP00000499501	9606.ENSP00000265713	H3-2	KAT6A	9606	0.974	0	0	0	0	0.903	0	0.742
9606.ENSP00000499501	9606.ENSP00000291582	H3-2	AIRE	9606	0.973	0	0	0	0	0.901	0	0.742
9606.ENSP00000499501	9606.ENSP00000328547	H3-2	DNMT3B	9606	0.973	0	0	0	0	0.9	0	0.75
9606.ENSP00000499501	9606.ENSP00000263377	H3-2	BRD4	9606	0.971	0	0	0	0	0.045	0	0.971
9606.ENSP00000499501	9606.ENSP00000479617	H3-2	UHRF1	9606	0.97	0	0	0	0	0.9	0	0.713
9606.ENSP00000499501	9606.ENSP00000357442	H3-2	PYGO2	9606	0.969	0	0	0	0	0.903	0	0.702
9606.ENSP00000499501	9606.ENSP00000478672	H3-2	RAG2	9606	0.968	0	0	0	0	0.156	0	0.964
9606.ENSP00000499501	9606.ENSP00000308750	H3-2	CBX2	9606	0.968	0	0	0	0	0.9	0	0.702
9606.ENSP00000499501	9606.ENSP00000364929	H3-2	ING1	9606	0.967	0	0	0	0	0.9	0	0.684
9606.ENSP00000499501	9606.ENSP00000340507	H3-2	TRIM24	9606	0.967	0	0	0	0	0.9	0	0.691
9606.ENSP00000499501	9606.ENSP00000244537	H3-2	H4C6	9606	0.966	0	0	0	0	0.16	0	0.962
9606.ENSP00000499501	9606.ENSP00000477870	H3-2	H4C7	9606	0.964	0	0	0	0	0.09	0	0.962
9606.ENSP00000499501	9606.ENSP00000355388	H3-2	MPHOSPH8	9606	0.964	0	0	0	0	0.909	0	0.625
9606.ENSP00000499501	9606.ENSP00000351250	H3-2	TRIM33	9606	0.962	0	0	0	0	0.9	0	0.638
9606.ENSP00000499501	9606.ENSP00000252674	H3-2	MLLT1	9606	0.96	0	0	0	0	0.9	0	0.621
9606.ENSP00000499501	9606.ENSP00000483667	H3-2	CHD1	9606	0.957	0	0	0	0	0.903	0	0.573
9606.ENSP00000499501	9606.ENSP00000302327	H3-2	PYGO1	9606	0.953	0	0	0	0	0.9	0	0.557
9606.ENSP00000499501	9606.ENSP00000263754	H3-2	KAT2B	9606	0.952	0	0	0	0	0.911	0	0.482
9606.ENSP00000499501	9606.ENSP00000287239	H3-2	KAT6B	9606	0.947	0	0	0	0	0.903	0	0.477
9606.ENSP00000499501	9606.ENSP00000365019	H3-2	SPIN1	9606	0.945	0	0	0	0	0.9	0	0.473
9606.ENSP00000499501	9606.ENSP00000363640	H3-2	PHF1	9606	0.938	0	0	0	0	0.9	0	0.406
9606.ENSP00000499501	9606.ENSP00000266070	H3-2	DIDO1	9606	0.935	0	0	0	0	0.914	0	0.275
9606.ENSP00000499501	9606.ENSP00000441543	H3-2	UBC	9606	0.931	0	0	0	0	0.914	0	0.233
9606.ENSP00000499501	9606.ENSP00000480826	H3-2	H3C1	9606	0.931	0	0	0	0	0.931	0	0
9606.ENSP00000499501	9606.ENSP00000350676	H3-2	PHF8	9606	0.929	0	0	0	0	0.903	0	0.297
9606.ENSP00000499501	9606.ENSP00000469158	H3-2	SPHK2	9606	0.928	0	0	0	0	0	0	0.928
9606.ENSP00000499501	9606.ENSP00000352252	H3-2	H3C12	9606	0.928	0	0	0	0	0.928	0	0
9606.ENSP00000499501	9606.ENSP00000313983	H3-2	NSD3	9606	0.927	0	0	0	0	0.901	0	0.297
9606.ENSP00000499501	9606.ENSP00000380024	H3-2	ING4	9606	0.926	0	0	0	0	0.9	0	0.292
9606.ENSP00000499501	9606.ENSP00000484658	H3-2	H3C3	9606	0.923	0	0	0	0	0.923	0	0
9606.ENSP00000499501	9606.ENSP00000483283	H3-2	H3C11	9606	0.922	0	0	0	0	0.922	0	0
9606.ENSP00000499501	9606.ENSP00000386759	H3-2	SETD2	9606	0.922	0	0	0	0	0.922	0	0
9606.ENSP00000499501	9606.ENSP00000272317	H3-2	RPS27A	9606	0.921	0	0	0	0	0.921	0	0
9606.ENSP00000499501	9606.ENSP00000388107	H3-2	UBA52	9606	0.921	0	0	0	0	0.921	0	0
9606.ENSP00000499501	9606.ENSP00000484095	H3-2	H3C7	9606	0.919	0	0	0	0	0.919	0	0
9606.ENSP00000499501	9606.ENSP00000484841	H3-2	H3C2	9606	0.919	0	0	0	0	0.919	0	0
9606.ENSP00000499501	9606.ENSP00000346453	H3-2	IPO4	9606	0.916	0	0	0	0	0.913	0	0.074
9606.ENSP00000499501	9606.ENSP00000358160	H3-2	H3C10	9606	0.914	0	0	0	0	0.914	0	0
9606.ENSP00000499501	9606.ENSP00000484638	H3-2	H3C8	9606	0.914	0	0	0	0	0.914	0	0
9606.ENSP00000499501	9606.ENSP00000366999	H3-2	H3C4	9606	0.914	0	0	0	0	0.914	0	0
9606.ENSP00000499501	9606.ENSP00000478771	H3-2	UBB	9606	0.914	0	0	0	0	0.914	0	0
9606.ENSP00000499501	9606.ENSP00000489282	H3-2	H3C6	9606	0.914	0	0	0	0	0.914	0	0
9606.ENSP00000499501	9606.ENSP00000216133	H3-2	CBX7	9606	0.914	0	0	0	0	0.9	0	0.177
9606.ENSP00000499501	9606.ENSP00000476295	H3-2	CDYL2	9606	0.911	0	0	0	0	0.904	0	0.12
9606.ENSP00000499501	9606.ENSP00000325690	H3-2	CARM1	9606	0.909	0	0	0	0	0.909	0	0
9606.ENSP00000499501	9606.ENSP00000384490	H3-2	CBX6	9606	0.909	0	0	0	0	0.903	0	0.104
9606.ENSP00000499501	9606.ENSP00000373340	H3-2	BRPF1	9606	0.908	0	0	0	0	0.9	0	0.119
9606.ENSP00000499501	9606.ENSP00000433760	H3-2	BANF1	9606	0.906	0	0	0	0	0	0	0.906
9606.ENSP00000499501	9606.ENSP00000417980	H3-2	EHMT1	9606	0.903	0	0	0	0	0.903	0	0
9606.ENSP00000499501	9606.ENSP00000436786	H3-2	KMT2A	9606	0.901	0	0	0	0	0.901	0	0
9606.ENSP00000499501	9606.ENSP00000271640	H3-2	SETDB1	9606	0.901	0	0	0	0	0.901	0	0
9606.ENSP00000499501	9606.ENSP00000336712	H3-2	TNPO1	9606	0.9	0	0	0	0	0.9	0	0
9606.ENSP00000499501	9606.ENSP00000312379	H3-2	KMT2E	9606	0.9	0	0	0	0	0.9	0	0
9606.ENSP00000499501	9606.ENSP00000385479	H3-2	H3C15	9606	0.9	0	0	0	0	0.9	0	0
9606.ENSP00000499501	9606.ENSP00000372191	H3-2	SIRT3	9606	0.9	0	0	0	0	0.9	0	0
9606.ENSP00000499501	9606.ENSP00000358154	H3-2	H3C14	9606	0.9	0	0	0	0	0.9	0	0
9606.ENSP00000499501	9606.ENSP00000333277	H3-2	H3C13	9606	0.9	0	0	0	0	0.9	0	0
9606.ENSP00000499501	9606.ENSP00000262367	H3-2	CREBBP	9606	0.9	0	0	0	0	0.9	0	0
9606.ENSP00000499501	9606.ENSP00000373278	H3-2	ZCWPW2	9606	0.9	0	0	0	0	0.9	0	0
9606.ENSP00000499501	9606.ENSP00000316114	H3-2	SGF29	9606	0.9	0	0	0	0	0.9	0	0
9606.ENSP00000499501	9606.ENSP00000476228	H3-2	SIRT5	9606	0.9	0	0	0	0	0.9	0	0
9606.ENSP00000499501	9606.ENSP00000343023	H3-2	SP100	9606	0.9	0	0	0	0	0.9	0	0
9606.ENSP00000499501	9606.ENSP00000359837	H3-2	ZZZ3	9606	0.9	0	0	0	0	0.9	0	0
9606.ENSP00000499501	9606.ENSP00000361918	H3-2	PPIE	9606	0.9	0	0	0	0	0.9	0	0
9606.ENSP00000499501	9606.ENSP00000383333	H3-2	MORC3	9606	0.9	0	0	0	0	0.9	0	0
9606.ENSP00000499501	9606.ENSP00000495413	H3-2	TRIM66	9606	0.9	0	0	0	0	0.9	0	0
9606.ENSP00000499501	9606.ENSP00000402280	H3-2	CDY2A	9606	0.875	0	0	0	0	0.808	0	0.379
9606.ENSP00000499501	9606.ENSP00000441273	H3-2	CDY2B	9606	0.875	0	0	0	0	0.808	0	0.379
9606.ENSP00000499501	9606.ENSP00000320566	H3-2	ING3	9606	0.871	0	0	0	0	0.079	0	0.865
9606.ENSP00000499501	9606.ENSP00000371475	H3-2	TP53BP1	9606	0.862	0	0	0	0	0	0	0.862
9606.ENSP00000499501	9606.ENSP00000469686	H3-2	EGLN2	9606	0.856	0	0	0	0	0	0	0.856
9606.ENSP00000499501	9606.ENSP00000254810	H3-2	H3-3B	9606	0.856	0	0	0	0	0.855	0	0
9606.ENSP00000499501	9606.ENSP00000355780	H3-2	H3-3A	9606	0.842	0	0	0	0	0.842	0	0
9606.ENSP00000499501	9606.ENSP00000339835	H3-2	H3-5	9606	0.842	0	0	0	0	0.842	0	0
9606.ENSP00000499501	9606.ENSP00000355657	H3-2	H3-4	9606	0.828	0	0	0	0	0.828	0	0
9606.ENSP00000499501	9606.ENSP00000319104	H3-2	SUPT6H	9606	0.825	0	0	0	0	0.177	0	0.797
9606.ENSP00000499501	9606.ENSP00000302968	H3-2	CDY1	9606	0.823	0	0	0	0	0.808	0	0.12
9606.ENSP00000499501	9606.ENSP00000303178	H3-2	CDY1B	9606	0.823	0	0	0	0	0.808	0	0.12
9606.ENSP00000499501	9606.ENSP00000294244	H3-2	SPINDOC	9606	0.8	0	0	0	0	0.8	0	0
9606.ENSP00000499501	9606.ENSP00000234739	H3-2	BCL9	9606	0.8	0	0	0	0	0.8	0	0
9606.ENSP00000499501	9606.ENSP00000258962	H3-2	SRSF1	9606	0.794	0	0	0	0	0	0	0.794
9606.ENSP00000499501	9606.ENSP00000349430	H3-2	H2BC12	9606	0.769	0	0	0	0	0.343	0	0.663
9606.ENSP00000499501	9606.ENSP00000439128	H3-2	BANF2	9606	0.766	0	0	0	0	0	0	0.766
9606.ENSP00000499501	9606.ENSP00000311360	H3-2	RAD9A	9606	0.762	0	0	0	0	0	0	0.762
9606.ENSP00000499501	9606.ENSP00000340330	H3-2	KAT5	9606	0.735	0	0	0	0	0.077	0	0.725
9606.ENSP00000499501	9606.ENSP00000225275	H3-2	MPO	9606	0.731	0	0	0	0	0	0	0.731
9606.ENSP00000499501	9606.ENSP00000362592	H3-2	RBBP4	9606	0.728	0	0	0	0	0.218	0	0.667
9606.ENSP00000499501	9606.ENSP00000364597	H3-2	PADI4	9606	0.726	0	0	0	0	0	0	0.726
9606.ENSP00000499501	9606.ENSP00000229595	H3-2	ASF1A	9606	0.703	0	0	0	0	0.193	0	0.647
9606.ENSP00000499501	9606.ENSP00000339883	H3-2	LBR	9606	0.702	0	0	0	0	0	0	0.702
