gene	global_rank_original	global_rank_anonymized	ranks_match
A1BG	6272	6272	True
A1BG-AS1	12346	12346	True
A2M	4660	4660	True
A2M-AS1	13767	13767	True
A2ML1	13637	13637	True
A4GALT	370	370	True
AAAS	2236	2236	True
AACS	5380	5380	True
AADAC	14577	14577	True
AADAT	9167	9167	True
AAED1	11326	11326	True
AAGAB	6276	6276	True
AAK1	4959	4959	True
AAMDC	6653	6653	True
AAMP	4369	4369	True
AANAT	13940	13940	True
AAR2	7393	7393	True
AARD	302	302	True
AARS	3123	3123	True
AARS2	9382	9382	True
AARSD1	5133	5133	True
AASDH	10193	10193	True
AASDHPPT	9249	9249	True
AASS	391	391	True
AATF	9594	9594	True
AATK	2992	2992	True
ABAT	931	931	True
ABCA1	13536	13536	True
ABCA10	12369	12369	True
ABCA12	551	551	True
ABCA2	4303	4303	True
ABCA3	1020	1020	True
ABCA4	11751	11751	True
ABCA5	4740	4740	True
ABCA6	12476	12476	True
ABCA7	10396	10396	True
ABCA9	14478	14478	True
ABCB1	12327	12327	True
ABCB10	5993	5993	True
ABCB11	14153	14153	True
ABCB4	14730	14730	True
ABCB6	7116	7116	True
ABCB7	7227	7227	True
ABCB8	3030	3030	True
ABCB9	867	867	True
ABCC1	4846	4846	True
ABCC10	10794	10794	True
ABCC11	787	787	True
ABCC2	3061	3061	True
ABCC3	254	254	True
ABCC4	1644	1644	True
ABCC5	3583	3583	True
ABCC6	904	904	True
ABCC8	350	350	True
ABCC9	13948	13948	True
ABCD1	248	248	True
ABCD3	6748	6748	True
ABCD4	7952	7952	True
ABCE1	10283	10283	True
ABCF1	5984	5984	True
ABCF2	12378	12378	True
ABCF3	8777	8777	True
ABCG1	1643	1643	True
ABCG2	1963	1963	True
ABHD1	1145	1145	True
ABHD10	3816	3816	True
ABHD11	5647	5647	True
ABHD12	4261	4261	True
ABHD12B	13581	13581	True
ABHD13	2375	2375	True
ABHD14A	1813	1813	True
ABHD14A-ACY1	14287	14287	True
ABHD14B	4651	4651	True
ABHD15	4831	4831	True
ABHD16A	10016	10016	True
ABHD17A	3250	3250	True
ABHD17B	2645	2645	True
ABHD17C	2989	2989	True
ABHD2	1278	1278	True
ABHD3	8629	8629	True
ABHD4	1229	1229	True
ABHD5	8572	8572	True
ABHD6	4189	4189	True
ABHD8	6535	6535	True
ABI1	6058	6058	True
ABI2	5580	5580	True
ABI3BP	12922	12922	True
ABL1	5829	5829	True
ABL2	9364	9364	True
ABLIM1	2169	2169	True
ABLIM2	4552	4552	True
ABLIM3	47	47	True
ABR	3763	3763	True
ABRACL	1301	1301	True
ABT1	10569	10569	True
ABTB1	2218	2218	True
ABTB2	7639	7639	True
AC005083.1	13404	13404	True
AC005288.1	14788	14788	True
AC005480.1	13378	13378	True
AC005523.2	14463	14463	True
AC005562.1	13322	13322	True
AC006449.2	13391	13391	True
AC006538.1	14986	14986	True
AC007009.1	11202	11202	True
AC007292.3	14611	14611	True
AC007365.1	13153	13153	True
AC007383.3	11899	11899	True
AC007950.2	14835	14835	True
AC008268.1	13350	13350	True
AC008703.1	13746	13746	True
AC008982.2	13501	13501	True
AC009065.4	14181	14181	True
AC009120.4	13968	13968	True
AC009120.5	15131	15131	True
AC009299.3	14638	14638	True
AC009403.2	15096	15096	True
AC009495.3	13800	13800	True
AC009506.1	11730	11730	True
AC010168.1	14857	14857	True
AC010894.3	13464	13464	True
AC011043.1	14696	14696	True
AC012640.1	14025	14025	True
AC015987.1	14733	14733	True
AC016831.7	14774	14774	True
AC019117.1	13126	13126	True
AC019186.1	13428	13428	True
AC022098.1	13436	13436	True
AC023590.1	14832	14832	True
AC025171.1	13055	13055	True
AC034243.1	12004	12004	True
AC058791.1	15247	15247	True
AC062029.1	12488	12488	True
AC084809.2	13530	13530	True
AC091133.1	14383	14383	True
AC092171.4	15184	15184	True
AC093382.1	14584	14584	True
AC099850.1	11575	11575	True
AC100821.2	14442	14442	True
AC104532.2	14481	14481	True
AC105339.3	14513	14513	True
AC106786.1	13519	13519	True
AC114763.1	13342	13342	True
AC116609.3	13964	13964	True
AC132192.1	14384	14384	True
AC133644.2	14778	14778	True
AC135050.1	14663	14663	True
AC139887.4	11421	11421	True
AC144450.1	11710	11710	True
AC144652.1	12756	12756	True
AC144831.1	13480	13480	True
AC240274.1	13207	13207	True
AC253572.1	13163	13163	True
ACAA1	3877	3877	True
ACAA2	274	274	True
ACACA	10287	10287	True
ACACB	1657	1657	True
ACAD10	10227	10227	True
ACAD11	972	972	True
ACAD8	10852	10852	True
ACAD9	3946	3946	True
ACADM	8156	8156	True
ACADS	3804	3804	True
ACADSB	10111	10111	True
ACADVL	4334	4334	True
ACAP1	4483	4483	True
ACAP2	8545	8545	True
ACAP3	8042	8042	True
ACAT1	1016	1016	True
ACAT2	409	409	True
ACBD3	4725	4725	True
ACBD4	9405	9405	True
ACBD5	1831	1831	True
ACBD6	12993	12993	True
ACBD7	11108	11108	True
ACCS	9089	9089	True
ACD	4553	4553	True
ACE	1876	1876	True
ACER2	3790	3790	True
ACER3	10733	10733	True
ACHE	6405	6405	True
ACIN1	4375	4375	True
ACKR2	14241	14241	True
ACKR3	523	523	True
ACKR4	14004	14004	True
ACLY	6742	6742	True
ACMSD	12798	12798	True
ACO1	3260	3260	True
ACO2	6334	6334	True
ACOT1	13166	13166	True
ACOT11	3211	3211	True
ACOT13	5385	5385	True
ACOT2	236	236	True
ACOT4	131	131	True
ACOT6	11358	11358	True
ACOT7	7425	7425	True
ACOT8	5381	5381	True
ACOT9	4645	4645	True
ACOX1	1420	1420	True
ACOX2	233	233	True
ACOX3	7701	7701	True
ACOXL	11983	11983	True
ACP1	3762	3762	True
ACP2	2549	2549	True
ACP5	13973	13973	True
ACP6	293	293	True
ACPP	7471	7471	True
ACRBP	14041	14041	True
ACRC	14381	14381	True
ACRV1	14523	14523	True
ACSBG1	12159	12159	True
ACSBG2	15143	15143	True
ACSF2	2520	2520	True
ACSF3	10504	10504	True
ACSL1	918	918	True
ACSL3	1039	1039	True
ACSL4	1103	1103	True
ACSL5	13688	13688	True
ACSM1	13576	13576	True
ACSM3	12148	12148	True
ACSM6	13099	13099	True
ACSS1	1027	1027	True
ACSS2	23	23	True
ACSS3	10981	10981	True
ACTA1	13992	13992	True
ACTA2	1727	1727	True
ACTB	10503	10503	True
ACTG1	9692	9692	True
ACTG2	13125	13125	True
ACTL10	942	942	True
ACTL6A	7944	7944	True
ACTL8	11622	11622	True
ACTN1	2884	2884	True
ACTN4	8087	8087	True
ACTR10	4755	4755	True
ACTR1A	4073	4073	True
ACTR1B	4717	4717	True
ACTR2	6346	6346	True
ACTR3	4224	4224	True
ACTR3B	6631	6631	True
ACTR3C	1682	1682	True
ACTR5	9778	9778	True
ACTR6	9498	9498	True
ACTR8	8133	8133	True
ACTRT3	9887	9887	True
ACVR1	337	337	True
ACVR1B	9803	9803	True
ACVR1C	11273	11273	True
ACVR2A	3052	3052	True
ACVR2B	8399	8399	True
ACVR2B-AS1	14830	14830	True
ACY1	4321	4321	True
ACY3	14360	14360	True
ACYP1	7201	7201	True
ACYP2	2400	2400	True
ADA	10994	10994	True
ADAD2	14034	14034	True
ADAL	4038	4038	True
ADAM10	9699	9699	True
ADAM11	11862	11862	True
ADAM12	11764	11764	True
ADAM15	8469	8469	True
ADAM17	1147	1147	True
ADAM19	12335	12335	True
ADAM20	14465	14465	True
ADAM22	8213	8213	True
ADAM28	11491	11491	True
ADAM29	13214	13214	True
ADAM32	11917	11917	True
ADAM8	6913	6913	True
ADAM9	1584	1584	True
ADAMTS1	13593	13593	True
ADAMTS10	156	156	True
ADAMTS12	14727	14727	True
ADAMTS13	11880	11880	True
ADAMTS15	12675	12675	True
ADAMTS17	2825	2825	True
ADAMTS19	11128	11128	True
ADAMTS19-AS1	13031	13031	True
ADAMTS20	13139	13139	True
ADAMTS3	11486	11486	True
ADAMTS4	13854	13854	True
ADAMTS6	12023	12023	True
ADAMTS7	2014	2014	True
ADAMTS8	13573	13573	True
ADAMTS9	2441	2441	True
ADAMTSL1	15195	15195	True
ADAMTSL3	12817	12817	True
ADAMTSL4	7837	7837	True
ADAMTSL5	7821	7821	True
ADAP1	1497	1497	True
ADAP2	4526	4526	True
ADAR	6249	6249	True
ADARB1	10849	10849	True
ADAT1	2458	2458	True
ADAT2	9018	9018	True
ADAT3	7829	7829	True
ADCK1	3605	3605	True
ADCK2	7646	7646	True
ADCK3	14670	14670	True
ADCK4	14998	14998	True
ADCK5	10604	10604	True
ADCY1	2154	2154	True
ADCY10	12263	12263	True
ADCY2	13936	13936	True
ADCY3	5538	5538	True
ADCY4	12195	12195	True
ADCY5	359	359	True
ADCY6	9279	9279	True
ADCY7	4293	4293	True
ADCY9	1002	1002	True
ADD1	8979	8979	True
ADD3	130	130	True
ADGRA2	12174	12174	True
ADGRA3	12284	12284	True
ADGRB1	11286	11286	True
ADGRB2	12336	12336	True
ADGRD1	11272	11272	True
ADGRE2	12600	12600	True
ADGRE5	12631	12631	True
ADGRF1	11254	11254	True
ADGRF3	12781	12781	True
ADGRF4	11304	11304	True
ADGRG1	11595	11595	True
ADGRG2	12613	12613	True
ADGRG5	15090	15090	True
ADGRG6	11439	11439	True
ADGRL1	12138	12138	True
ADGRL2	11535	11535	True
ADGRL3	13044	13044	True
ADGRV1	11259	11259	True
ADH5	6767	6767	True
ADHFE1	6998	6998	True
ADI1	2852	2852	True
ADIPOR1	6832	6832	True
ADIPOR2	8521	8521	True
ADIRF	145	145	True
ADIRF-AS1	13030	13030	True
ADK	780	780	True
ADM	2017	2017	True
ADM2	2194	2194	True
ADM5	9349	9349	True
ADNP	5169	5169	True
ADNP-AS1	12804	12804	True
ADNP2	6257	6257	True
ADO	8652	8652	True
ADORA1	657	657	True
ADORA2A	11690	11690	True
ADORA2A-AS1	13284	13284	True
ADORA2B	2395	2395	True
ADPGK	9369	9369	True
ADPRH	7832	7832	True
ADPRHL1	1688	1688	True
ADPRHL2	10219	10219	True
ADPRM	8014	8014	True
ADRA1B	13103	13103	True
ADRA2A	11357	11357	True
ADRA2C	427	427	True
ADRB1	7595	7595	True
ADRB2	14849	14849	True
ADRBK1	15067	15067	True
ADRBK2	13134	13134	True
ADRM1	11067	11067	True
ADSL	10379	10379	True
ADSS	2401	2401	True
ADSSL1	3872	3872	True
AEBP1	594	594	True
AEBP2	3504	3504	True
AEN	8513	8513	True
AES	12253	12253	True
AF131215.2	13029	13029	True
AFAP1	3171	3171	True
AFAP1L1	14085	14085	True
AFAP1L2	661	661	True
AFF1	3493	3493	True
AFF2	13183	13183	True
AFF3	11334	11334	True
AFF4	5460	5460	True
AFG3L2	8142	8142	True
AFMID	5914	5914	True
AFTPH	3182	3182	True
AGA	8898	8898	True
AGAP1	2872	2872	True
AGAP1-IT1	13039	13039	True
AGAP2	319	319	True
AGAP2-AS1	12596	12596	True
AGAP3	4766	4766	True
AGAP4	8705	8705	True
AGAP5	8367	8367	True
AGAP6	12783	12783	True
AGAP9	11883	11883	True
AGBL2	7349	7349	True
AGBL3	11921	11921	True
AGBL4	11901	11901	True
AGBL5	8146	8146	True
AGER	3167	3167	True
AGFG1	9202	9202	True
AGFG2	4631	4631	True
AGGF1	8205	8205	True
AGK	6594	6594	True
AGL	5099	5099	True
AGMAT	1987	1987	True
AGO1	3592	3592	True
AGO2	10076	10076	True
AGO3	7968	7968	True
AGO4	6814	6814	True
AGPAT1	8286	8286	True
AGPAT2	10228	10228	True
AGPAT3	6924	6924	True
AGPAT4	12069	12069	True
AGPAT5	8478	8478	True
AGPAT6	15237	15237	True
AGPAT9	13246	13246	True
AGPS	11243	11243	True
AGR2	1881	1881	True
AGR3	14958	14958	True
AGRN	2588	2588	True
AGTPBP1	6830	6830	True
AGTR1	14884	14884	True
AGTRAP	7173	7173	True
AGXT	14003	14003	True
AHCTF1	2866	2866	True
AHCY	5954	5954	True
AHCYL1	10691	10691	True
AHCYL2	5428	5428	True
AHDC1	1792	1792	True
AHI1	6366	6366	True
AHNAK	7957	7957	True
AHNAK2	3290	3290	True
AHR	117	117	True
AHRR	287	287	True
AHSA1	8910	8910	True
AHSA2	14878	14878	True
AIDA	3880	3880	True
AIF1L	1895	1895	True
AIFM1	2188	2188	True
AIFM2	8502	8502	True
AIFM3	7286	7286	True
AIG1	5484	5484	True
AIM1	13313	13313	True
AIM1L	13268	13268	True
AIMP1	10216	10216	True
AIMP2	1415	1415	True
AIP	5143	5143	True
AJAP1	11227	11227	True
AJUBA	10589	10589	True
AK1	1276	1276	True
AK2	8265	8265	True
AK3	10384	10384	True
AK4	7619	7619	True
AK5	15003	15003	True
AK6	7609	7609	True
AK7	1715	1715	True
AK8	12048	12048	True
AK9	9348	9348	True
AKAP1	4942	4942	True
AKAP10	6403	6403	True
AKAP11	6225	6225	True
AKAP12	2204	2204	True
AKAP13	2529	2529	True
AKAP17A	3776	3776	True
AKAP2	11375	11375	True
AKAP3	11927	11927	True
AKAP5	1730	1730	True
AKAP6	11789	11789	True
AKAP7	11363	11363	True
AKAP8	9077	9077	True
AKAP8L	7310	7310	True
AKAP9	5432	5432	True
AKIP1	8834	8834	True
AKIRIN1	2913	2913	True
AKIRIN2	8656	8656	True
AKNA	6681	6681	True
AKNAD1	12972	12972	True
AKR1A1	6054	6054	True
AKR1B10	1799	1799	True
AKR1C1	958	958	True
AKR1C2	836	836	True
AKR1C3	2574	2574	True
AKR1E2	2305	2305	True
AKR7A2	3783	3783	True
AKR7A3	13832	13832	True
AKT1	6617	6617	True
AKT1S1	7242	7242	True
AKT2	7063	7063	True
AKT3	9177	9177	True
AKTIP	8007	8007	True
AL009179.1	14447	14447	True
AL022326.1	13481	13481	True
AL023806.1	15134	15134	True
AL132780.1	12896	12896	True
AL135791.1	15076	15076	True
AL354822.1	13269	13269	True
AL355075.1	14131	14131	True
AL358852.1	14291	14291	True
AL365181.2	13247	13247	True
AL450992.2	12731	12731	True
AL513548.1	14811	14811	True
AL590708.1	14576	14576	True
AL592183.1	14667	14667	True
AL627171.1	13705	13705	True
AL662797.1	14713	14713	True
AL845472.1	14801	14801	True
AL928654.1	14940	14940	True
ALAD	1159	1159	True
ALAS1	10610	10610	True
ALB	14637	14637	True
ALCAM	288	288	True
ALDH16A1	1319	1319	True
ALDH18A1	5621	5621	True
ALDH1A1	14492	14492	True
ALDH1A2	12134	12134	True
ALDH1A3	4078	4078	True
ALDH1B1	7629	7629	True
ALDH1L2	11974	11974	True
ALDH2	12451	12451	True
ALDH3A1	13198	13198	True
ALDH3A2	875	875	True
ALDH3B1	1918	1918	True
ALDH3B2	2623	2623	True
ALDH4A1	472	472	True
ALDH5A1	10045	10045	True
ALDH6A1	3382	3382	True
ALDH7A1	10489	10489	True
ALDH8A1	14000	14000	True
ALDH9A1	9183	9183	True
ALDOA	8004	8004	True
ALDOC	1627	1627	True
ALG1	7947	7947	True
ALG10	7008	7008	True
ALG10B	4398	4398	True
ALG11	11072	11072	True
ALG12	7412	7412	True
ALG13	9328	9328	True
ALG14	7373	7373	True
ALG1L	7128	7128	True
ALG1L2	12269	12269	True
ALG2	6733	6733	True
ALG3	9732	9732	True
ALG5	7113	7113	True
ALG6	9507	9507	True
ALG8	3173	3173	True
ALG9	9396	9396	True
ALKBH1	3942	3942	True
ALKBH2	7574	7574	True
ALKBH3	3984	3984	True
ALKBH4	4486	4486	True
ALKBH5	9053	9053	True
ALKBH6	6668	6668	True
ALKBH7	5115	5115	True
ALKBH8	5795	5795	True
ALMS1	7654	7654	True
ALOX12	12047	12047	True
ALOX12-AS1	14886	14886	True
ALOX15	2772	2772	True
ALOX15B	14633	14633	True
ALOX5	12229	12229	True
ALOX5AP	11143	11143	True
ALOXE3	4783	4783	True
ALPK1	2596	2596	True
ALPK3	12126	12126	True
ALPL	14294	14294	True
ALS2	4695	4695	True
ALS2CL	538	538	True
ALS2CR12	14514	14514	True
ALX3	15054	15054	True
ALYREF	6840	6840	True
AMACR	6121	6121	True
AMBP	800	800	True
AMBRA1	5918	5918	True
AMD1	5884	5884	True
AMDHD1	2795	2795	True
AMDHD2	1821	1821	True
AMER1	4019	4019	True
AMFR	945	945	True
AMH	4285	4285	True
AMIGO1	7455	7455	True
AMIGO2	2516	2516	True
AMMECR1	1239	1239	True
AMMECR1L	3344	3344	True
AMN	12438	12438	True
AMN1	8009	8009	True
AMOT	1920	1920	True
AMOTL1	210	210	True
AMOTL2	3435	3435	True
AMPD1	13336	13336	True
AMPD2	5573	5573	True
AMPD3	12223	12223	True
AMPH	416	416	True
AMT	5448	5448	True
AMTN	11466	11466	True
AMY2B	12119	12119	True
AMZ1	1572	1572	True
AMZ2	4577	4577	True
ANAPC1	4792	4792	True
ANAPC10	5950	5950	True
ANAPC11	10842	10842	True
ANAPC13	5054	5054	True
ANAPC15	4950	4950	True
ANAPC16	4719	4719	True
ANAPC2	4771	4771	True
ANAPC4	3145	3145	True
ANAPC5	4533	4533	True
ANAPC7	3112	3112	True
ANG	219	219	True
ANGEL1	3354	3354	True
ANGEL2	7752	7752	True
ANGPT1	13653	13653	True
ANGPT2	12569	12569	True
ANGPTL1	12064	12064	True
ANGPTL2	14082	14082	True
ANGPTL4	3695	3695	True
ANGPTL6	12314	12314	True
ANK1	12732	12732	True
ANK2	12191	12191	True
ANK3	6311	6311	True
ANKAR	9793	9793	True
ANKDD1A	12567	12567	True
ANKDD1B	14412	14412	True
ANKEF1	7422	7422	True
ANKFN1	13775	13775	True
ANKFY1	6222	6222	True
ANKH	3350	3350	True
ANKHD1	6878	6878	True
ANKHD1-EIF4EBP3	11402	11402	True
ANKIB1	2342	2342	True
ANKLE2	7709	7709	True
ANKMY1	1514	1514	True
ANKMY2	4442	4442	True
ANKRA2	4522	4522	True
ANKRD1	11987	11987	True
ANKRD10	1421	1421	True
ANKRD10-IT1	14585	14585	True
ANKRD11	7787	7787	True
ANKRD12	7266	7266	True
ANKRD13A	3288	3288	True
ANKRD13B	3312	3312	True
ANKRD13C	10749	10749	True
ANKRD13D	10026	10026	True
ANKRD16	3284	3284	True
ANKRD17	5798	5798	True
ANKRD18A	3848	3848	True
ANKRD18B	4028	4028	True
ANKRD2	13349	13349	True
ANKRD20A3	14152	14152	True
ANKRD20A4	12866	12866	True
ANKRD22	988	988	True
ANKRD23	3685	3685	True
ANKRD24	13673	13673	True
ANKRD26	2350	2350	True
ANKRD27	10708	10708	True
ANKRD28	9440	9440	True
ANKRD29	11103	11103	True
ANKRD30A	12175	12175	True
ANKRD30B	12248	12248	True
ANKRD31	12437	12437	True
ANKRD33B	14867	14867	True
ANKRD34A	3951	3951	True
ANKRD34B	11339	11339	True
ANKRD35	13972	13972	True
ANKRD36	2944	2944	True
ANKRD36B	9318	9318	True
ANKRD36C	11845	11845	True
ANKRD37	7457	7457	True
ANKRD39	10669	10669	True
ANKRD40	6610	6610	True
ANKRD42	5642	5642	True
ANKRD44	8877	8877	True
ANKRD46	4809	4809	True
ANKRD49	7089	7089	True
ANKRD50	8344	8344	True
ANKRD52	10864	10864	True
ANKRD53	14432	14432	True
ANKRD54	10221	10221	True
ANKRD6	5324	5324	True
ANKRD61	13158	13158	True
ANKRD62	13151	13151	True
ANKRD65	14458	14458	True
ANKRD9	2371	2371	True
ANKS1A	6880	6880	True
ANKS1B	10856	10856	True
ANKS3	4160	4160	True
ANKS6	78	78	True
ANKUB1	15017	15017	True
ANKZF1	3306	3306	True
ANLN	4101	4101	True
ANO1	11756	11756	True
ANO10	7991	7991	True
ANO2	13757	13757	True
ANO3	11818	11818	True
ANO5	11777	11777	True
ANO6	8136	8136	True
ANO7	1134	1134	True
ANO8	9974	9974	True
ANO9	8558	8558	True
ANOS1	11489	11489	True
ANP32A	2901	2901	True
ANP32B	10272	10272	True
ANP32E	2373	2373	True
ANPEP	13161	13161	True
ANTXR1	1839	1839	True
ANTXR2	148	148	True
ANXA1	2750	2750	True
ANXA11	4774	4774	True
ANXA2	1049	1049	True
ANXA2R	1205	1205	True
ANXA3	7815	7815	True
ANXA4	10692	10692	True
ANXA5	6385	6385	True
ANXA6	589	589	True
ANXA7	4650	4650	True
ANXA8	14202	14202	True
ANXA8L1	11376	11376	True
ANXA9	412	412	True
AOC2	12605	12605	True
AOC3	14646	14646	True
AOX1	1399	1399	True
AP000253.1	13743	13743	True
AP000350.6	14484	14484	True
AP000866.1	15218	15218	True
AP001372.2	14641	14641	True
AP001412.1	15219	15219	True
AP001437.1	12998	12998	True
AP1AR	3060	3060	True
AP1B1	5653	5653	True
AP1G1	10006	10006	True
AP1G2	7184	7184	True
AP1M1	3784	3784	True
AP1M2	4580	4580	True
AP1S1	6965	6965	True
AP1S2	5684	5684	True
AP1S3	4556	4556	True
AP2A1	7284	7284	True
AP2A2	6782	6782	True
AP2B1	454	454	True
AP2M1	10547	10547	True
AP2S1	6075	6075	True
AP3B1	8918	8918	True
AP3B2	4671	4671	True
AP3D1	5414	5414	True
AP3M1	6453	6453	True
AP3M2	9997	9997	True
AP3S1	3910	3910	True
AP3S2	1907	1907	True
AP4B1	4715	4715	True
AP4B1-AS1	11559	11559	True
AP4E1	7432	7432	True
AP4M1	1531	1531	True
AP4S1	2115	2115	True
AP5B1	7044	7044	True
AP5M1	10342	10342	True
AP5S1	7802	7802	True
AP5Z1	10062	10062	True
APAF1	3500	3500	True
APBA1	11905	11905	True
APBA2	11563	11563	True
APBA3	9575	9575	True
APBB1	12275	12275	True
APBB1IP	13902	13902	True
APBB2	8222	8222	True
APBB3	9592	9592	True
APC	3222	3222	True
APC2	15002	15002	True
APCDD1	5793	5793	True
APCDD1L	13009	13009	True
APEH	9564	9564	True
APEX1	8527	8527	True
APEX2	8946	8946	True
APH1A	7857	7857	True
APH1B	6687	6687	True
API5	5587	5587	True
APIP	6543	6543	True
APITD1	14296	14296	True
APITD1-CORT	13728	13728	True
APLF	11407	11407	True
APLP1	5836	5836	True
APLP2	7037	7037	True
APMAP	6552	6552	True
APOA1	11127	11127	True
APOA1BP	13955	13955	True
APOBEC2	14658	14658	True
APOBEC3A	15061	15061	True
APOBEC3B	9104	9104	True
APOBEC3F	11605	11605	True
APOBEC3H	12521	12521	True
APOBR	11794	11794	True
APOC1	6458	6458	True
APOD	14399	14399	True
APOE	2927	2927	True
APOL1	3111	3111	True
APOL2	2394	2394	True
APOL3	3728	3728	True
APOL4	13965	13965	True
APOL6	1861	1861	True
APOLD1	7780	7780	True
APOM	3774	3774	True
APOO	6660	6660	True
APOOL	8973	8973	True
APOPT1	12717	12717	True
APP	8066	8066	True
APPBP2	8562	8562	True
APPL1	8972	8972	True
APPL2	9755	9755	True
APRT	8755	8755	True
APTR	12007	12007	True
APTX	4523	4523	True
AQP1	13770	13770	True
AQP11	1588	1588	True
AQP3	6445	6445	True
AQR	1940	1940	True
AR	6498	6498	True
ARAF	10552	10552	True
ARAP1	7363	7363	True
ARAP2	225	225	True
ARAP3	1600	1600	True
ARC	11136	11136	True
ARCN1	1416	1416	True
AREG	193	193	True
AREL1	4137	4137	True
ARF1	2489	2489	True
ARF3	3410	3410	True
ARF4	7872	7872	True
ARF4-AS1	15052	15052	True
ARF5	5789	5789	True
ARF6	8959	8959	True
ARFGAP1	2422	2422	True
ARFGAP2	6797	6797	True
ARFGAP3	1383	1383	True
ARFGEF1	6340	6340	True
ARFGEF2	5619	5619	True
ARFGEF3	11463	11463	True
ARFIP1	8863	8863	True
ARFIP2	9624	9624	True
ARFRP1	8682	8682	True
ARG1	15211	15211	True
ARG2	1807	1807	True
ARGLU1	10926	10926	True
ARHGAP1	4720	4720	True
ARHGAP10	1300	1300	True
ARHGAP11A	8055	8055	True
ARHGAP11B	8252	8252	True
ARHGAP12	4977	4977	True
ARHGAP15	11520	11520	True
ARHGAP17	10170	10170	True
ARHGAP18	4561	4561	True
ARHGAP19	4129	4129	True
ARHGAP20	2372	2372	True
ARHGAP21	1972	1972	True
ARHGAP22	12404	12404	True
ARHGAP23	14769	14769	True
ARHGAP24	4745	4745	True
ARHGAP26	57	57	True
ARHGAP27	3471	3471	True
ARHGAP28	13912	13912	True
ARHGAP29	7892	7892	True
ARHGAP30	4185	4185	True
ARHGAP31	11455	11455	True
ARHGAP32	6162	6162	True
ARHGAP33	3183	3183	True
ARHGAP35	6287	6287	True
ARHGAP39	11923	11923	True
ARHGAP4	1356	1356	True
ARHGAP40	13225	13225	True
ARHGAP42	703	703	True
ARHGAP44	1936	1936	True
ARHGAP5	71	71	True
ARHGAP5-AS1	11137	11137	True
ARHGAP6	12450	12450	True
ARHGAP8	1519	1519	True
ARHGDIA	5753	5753	True
ARHGDIB	2649	2649	True
ARHGDIG	507	507	True
ARHGEF1	2876	2876	True
ARHGEF10	2003	2003	True
ARHGEF10L	2423	2423	True
ARHGEF11	8995	8995	True
ARHGEF12	5784	5784	True
ARHGEF16	8171	8171	True
ARHGEF17	5643	5643	True
ARHGEF18	1312	1312	True
ARHGEF19	2663	2663	True
ARHGEF2	1482	1482	True
ARHGEF25	3023	3023	True
ARHGEF26	3528	3528	True
ARHGEF26-AS1	13718	13718	True
ARHGEF28	4301	4301	True
ARHGEF3	1153	1153	True
ARHGEF33	13721	13721	True
ARHGEF35	9239	9239	True
ARHGEF37	3201	3201	True
ARHGEF38	7374	7374	True
ARHGEF39	7554	7554	True
ARHGEF4	3070	3070	True
ARHGEF40	2675	2675	True
ARHGEF5	9404	9404	True
ARHGEF6	11574	11574	True
ARHGEF7	5687	5687	True
ARHGEF9	4605	4605	True
ARID1A	8208	8208	True
ARID1B	2166	2166	True
ARID2	6309	6309	True
ARID3A	1340	1340	True
ARID3B	1318	1318	True
ARID4A	5171	5171	True
ARID4B	3113	3113	True
ARID5A	1642	1642	True
ARID5B	3576	3576	True
ARIH1	7722	7722	True
ARIH2	5671	5671	True
ARIH2OS	12365	12365	True
ARL1	7364	7364	True
ARL10	11852	11852	True
ARL11	11527	11527	True
ARL13B	4508	4508	True
ARL14	13700	13700	True
ARL14EP	10598	10598	True
ARL15	3143	3143	True
ARL16	6342	6342	True
ARL17A	3433	3433	True
ARL17B	7635	7635	True
ARL2	1110	1110	True
ARL2BP	6745	6745	True
ARL3	1733	1733	True
ARL4A	364	364	True
ARL4C	3720	3720	True
ARL4D	4371	4371	True
ARL5A	9806	9806	True
ARL5B	5450	5450	True
ARL6	10976	10976	True
ARL6IP1	5659	5659	True
ARL6IP4	8005	8005	True
ARL6IP5	2629	2629	True
ARL6IP6	7723	7723	True
ARL8A	4290	4290	True
ARL8B	10995	10995	True
ARL9	14729	14729	True
ARMC1	9129	9129	True
ARMC10	3642	3642	True
ARMC12	12771	12771	True
ARMC2	3454	3454	True
ARMC3	12055	12055	True
ARMC5	3444	3444	True
ARMC6	4172	4172	True
ARMC7	7943	7943	True
ARMC8	4790	4790	True
ARMC9	3626	3626	True
ARMCX1	316	316	True
ARMCX2	1750	1750	True
ARMCX3	2774	2774	True
ARMCX4	11900	11900	True
ARMCX5	7094	7094	True
ARMCX6	2084	2084	True
ARMT1	11719	11719	True
ARNT	7287	7287	True
ARNT2	707	707	True
ARNTL	8357	8357	True
ARNTL2	168	168	True
ARPC1A	6549	6549	True
ARPC1B	6869	6869	True
ARPC2	4628	4628	True
ARPC3	8885	8885	True
ARPC4	7933	7933	True
ARPC4-TTLL3	14429	14429	True
ARPC5	9850	9850	True
ARPC5L	5792	5792	True
ARPIN	557	557	True
ARPP19	9071	9071	True
ARRB1	5673	5673	True
ARRB2	3953	3953	True
ARRDC1	3747	3747	True
ARRDC1-AS1	11544	11544	True
ARRDC2	4773	4773	True
ARRDC3	6262	6262	True
ARRDC3-AS1	14321	14321	True
ARRDC4	7097	7097	True
ARSA	5006	5006	True
ARSB	4636	4636	True
ARSD	8861	8861	True
ARSG	2413	2413	True
ARSJ	1689	1689	True
ARSK	6135	6135	True
ARTN	588	588	True
ARV1	1931	1931	True
ARVCF	3020	3020	True
ARX	11753	11753	True
AS3MT	11415	11415	True
ASAH1	1331	1331	True
ASAH2	8924	8924	True
ASAH2B	8881	8881	True
ASAP1	4621	4621	True
ASAP2	2694	2694	True
ASAP3	2740	2740	True
ASB1	3855	3855	True
ASB13	2165	2165	True
ASB14	12542	12542	True
ASB16	12994	12994	True
ASB16-AS1	11958	11958	True
ASB3	12515	12515	True
ASB6	6144	6144	True
ASB7	4257	4257	True
ASB8	11065	11065	True
ASB9	1679	1679	True
ASCC1	8439	8439	True
ASCC2	2806	2806	True
ASCC3	2883	2883	True
ASCL1	13254	13254	True
ASCL2	641	641	True
ASCL5	13304	13304	True
ASF1A	4657	4657	True
ASF1B	1492	1492	True
ASGR1	11179	11179	True
ASH1L	7783	7783	True
ASH1L-AS1	12913	12913	True
ASH2L	7522	7522	True
ASIC1	1866	1866	True
ASIC2	13483	13483	True
ASIC3	8259	8259	True
ASIC4	14281	14281	True
ASIP	12578	12578	True
ASL	9565	9565	True
ASMTL	8891	8891	True
ASMTL-AS1	14823	14823	True
ASNA1	11896	11896	True
ASNS	3391	3391	True
ASNSD1	10597	10597	True
ASPH	63	63	True
ASPHD1	9496	9496	True
ASPHD2	298	298	True
ASPM	10800	10800	True
ASPN	11736	11736	True
ASPSCR1	6253	6253	True
ASRGL1	10389	10389	True
ASS1	152	152	True
ASTE1	4380	4380	True
ASTN2	5881	5881	True
ASUN	13591	13591	True
ASXL1	8600	8600	True
ASXL2	7623	7623	True
ASXL3	14780	14780	True
ATAD1	5746	5746	True
ATAD2	2415	2415	True
ATAD2B	3056	3056	True
ATAD3A	9192	9192	True
ATAD3B	9205	9205	True
ATAD3C	3844	3844	True
ATAD5	9008	9008	True
ATAT1	3706	3706	True
ATE1	3282	3282	True
ATF1	9796	9796	True
ATF2	9794	9794	True
ATF3	2906	2906	True
ATF4	3258	3258	True
ATF5	1471	1471	True
ATF6	10596	10596	True
ATF6B	7979	7979	True
ATF7	8691	8691	True
ATF7IP	9082	9082	True
ATF7IP2	4685	4685	True
ATG10	7990	7990	True
ATG101	6407	6407	True
ATG12	7475	7475	True
ATG13	7664	7664	True
ATG14	3108	3108	True
ATG16L1	757	757	True
ATG16L2	3986	3986	True
ATG2A	4459	4459	True
ATG2B	10561	10561	True
ATG3	10539	10539	True
ATG4A	10407	10407	True
ATG4B	4713	4713	True
ATG4C	5462	5462	True
ATG4D	8644	8644	True
ATG5	8638	8638	True
ATG7	10672	10672	True
ATG9A	6389	6389	True
ATG9B	15099	15099	True
ATHL1	14333	14333	True
ATIC	8791	8791	True
ATL1	12759	12759	True
ATL2	7865	7865	True
ATL3	3899	3899	True
ATM	10662	10662	True
ATMIN	8256	8256	True
ATN1	5316	5316	True
ATOH8	5508	5508	True
ATOX1	3267	3267	True
ATP10A	13956	13956	True
ATP10D	12897	12897	True
ATP11A	2847	2847	True
ATP11B	3611	3611	True
ATP11C	1631	1631	True
ATP13A1	9743	9743	True
ATP13A2	7122	7122	True
ATP13A3	4417	4417	True
ATP13A4	12764	12764	True
ATP13A5	214	214	True
ATP1A1	5588	5588	True
ATP1A1-AS1	13111	13111	True
ATP1A3	9762	9762	True
ATP1A4	13732	13732	True
ATP1B1	132	132	True
ATP1B3	3603	3603	True
ATP2A1	9995	9995	True
ATP2A1-AS1	14051	14051	True
ATP2A2	9092	9092	True
ATP2A3	4406	4406	True
ATP2B1	2424	2424	True
ATP2B4	1518	1518	True
ATP2C1	7428	7428	True
ATP2C2	8596	8596	True
ATP5A1	14334	14334	True
ATP5B	14258	14258	True
ATP5C1	13435	13435	True
ATP5D	14117	14117	True
ATP5E	13908	13908	True
ATP5F1	14739	14739	True
ATP5G1	13456	13456	True
ATP5G2	14119	14119	True
ATP5G3	13382	13382	True
ATP5H	14586	14586	True
ATP5I	14542	14542	True
ATP5J	14762	14762	True
ATP5J2	14078	14078	True
ATP5J2-PTCD1	13611	13611	True
ATP5L	14423	14423	True
ATP5O	14740	14740	True
ATP5S	11885	11885	True
ATP5SL	13949	13949	True
ATP6AP1	6710	6710	True
ATP6AP1L	8394	8394	True
ATP6AP2	5412	5412	True
ATP6V0A1	3083	3083	True
ATP6V0A2	10661	10661	True
ATP6V0A4	5287	5287	True
ATP6V0B	10740	10740	True
ATP6V0C	3978	3978	True
ATP6V0D1	6834	6834	True
ATP6V0E1	5733	5733	True
ATP6V0E2	6940	6940	True
ATP6V0E2-AS1	12733	12733	True
ATP6V1A	8568	8568	True
ATP6V1B1	13202	13202	True
ATP6V1B2	1510	1510	True
ATP6V1C1	5985	5985	True
ATP6V1C2	138	138	True
ATP6V1D	4187	4187	True
ATP6V1E1	4122	4122	True
ATP6V1E2	2707	2707	True
ATP6V1F	10232	10232	True
ATP6V1G1	7413	7413	True
ATP6V1G2	2940	2940	True
ATP6V1H	10326	10326	True
ATP7A	4128	4128	True
ATP7B	7028	7028	True
ATP8A1	445	445	True
ATP8A2	411	411	True
ATP8B1	8034	8034	True
ATP8B2	3184	3184	True
ATP8B3	3392	3392	True
ATP8B4	11728	11728	True
ATP9A	2406	2406	True
ATP9B	1841	1841	True
ATPAF1	3199	3199	True
ATPAF2	9652	9652	True
ATPIF1	13843	13843	True
ATR	6603	6603	True
ATRAID	8953	8953	True
ATRIP	5374	5374	True
ATRN	5422	5422	True
ATRNL1	11509	11509	True
ATRX	8888	8888	True
ATXN1	618	618	True
ATXN10	6863	6863	True
ATXN1L	10269	10269	True
ATXN2	10705	10705	True
ATXN2L	10383	10383	True
ATXN3	9475	9475	True
ATXN7	10523	10523	True
ATXN7L1	3206	3206	True
ATXN7L2	5768	5768	True
ATXN7L3	10446	10446	True
ATXN7L3B	8377	8377	True
AUH	5117	5117	True
AUNIP	7065	7065	True
AUP1	3363	3363	True
AURKA	4462	4462	True
AURKAIP1	7409	7409	True
AURKB	3313	3313	True
AURKC	15238	15238	True
AUTS2	2697	2697	True
AVEN	9650	9650	True
AVIL	4135	4135	True
AVL9	7048	7048	True
AVPI1	2316	2316	True
AXDND1	12748	12748	True
AXIN1	5471	5471	True
AXIN2	612	612	True
AXL	12241	12241	True
AZGP1	15183	15183	True
AZI2	6927	6927	True
AZIN1	7438	7438	True
AZIN1-AS1	14937	14937	True
AZIN2	12958	12958	True
B2M	3756	3756	True
B3GALNT1	593	593	True
B3GALNT2	4703	4703	True
B3GALT1	11260	11260	True
B3GALT4	8964	8964	True
B3GALT5	11231	11231	True
B3GALT5-AS1	13411	13411	True
B3GALT6	5572	5572	True
B3GAT1	14283	14283	True
B3GAT2	12312	12312	True
B3GAT3	10622	10622	True
B3GLCT	14273	14273	True
B3GNT2	4109	4109	True
B3GNT3	3977	3977	True
B3GNT4	9678	9678	True
B3GNT5	11615	11615	True
B3GNT7	14100	14100	True
B3GNT8	11332	11332	True
B3GNT9	2399	2399	True
B3GNTL1	8990	8990	True
B4GALNT1	4653	4653	True
B4GALNT2	11213	11213	True
B4GALNT3	482	482	True
B4GALNT4	3028	3028	True
B4GALT1	2175	2175	True
B4GALT1-AS1	14524	14524	True
B4GALT2	9693	9693	True
B4GALT3	9999	9999	True
B4GALT4	1886	1886	True
B4GALT5	3794	3794	True
B4GALT6	8703	8703	True
B4GALT7	9466	9466	True
B4GAT1	12096	12096	True
B9D1	3097	3097	True
B9D2	3441	3441	True
BAALC	14230	14230	True
BAALC-AS1	11740	11740	True
BAAT	14401	14401	True
BABAM1	10294	10294	True
BACE1	1494	1494	True
BACE1-AS	12920	12920	True
BACE2	354	354	True
BACH1	3658	3658	True
BACH1-AS1	13314	13314	True
BACH2	11364	11364	True
BAD	8749	8749	True
BAG1	5721	5721	True
BAG2	4538	4538	True
BAG3	1052	1052	True
BAG4	3949	3949	True
BAG5	7132	7132	True
BAG6	4241	4241	True
BAGE2	13772	13772	True
BAHCC1	7480	7480	True
BAHD1	5601	5601	True
BAIAP2	4089	4089	True
BAIAP2L1	1029	1029	True
BAIAP2L2	12862	12862	True
BAIAP3	3449	3449	True
BAK1	10139	10139	True
BAMBI	6283	6283	True
BANF1	5636	5636	True
BANK1	11337	11337	True
BANP	5011	5011	True
BAP1	7970	7970	True
BARD1	1124	1124	True
BARX2	2700	2700	True
BASP1	4872	4872	True
BATF	941	941	True
BATF3	13263	13263	True
BAX	7922	7922	True
BAZ1A	1058	1058	True
BAZ1B	10634	10634	True
BAZ2A	1580	1580	True
BAZ2B	9682	9682	True
BBC3	6080	6080	True
BBIP1	5866	5866	True
BBOX1	15065	15065	True
BBOX1-AS1	13242	13242	True
BBS1	8717	8717	True
BBS10	10703	10703	True
BBS12	12466	12466	True
BBS2	7210	7210	True
BBS4	5395	5395	True
BBS5	8431	8431	True
BBS7	10023	10023	True
BBS9	7109	7109	True
BBX	7912	7912	True
BCAM	6837	6837	True
BCAP29	3376	3376	True
BCAP31	8038	8038	True
BCAR1	2983	2983	True
BCAR3	251	251	True
BCAS1	720	720	True
BCAS2	9602	9602	True
BCAS3	466	466	True
BCAS4	2001	2001	True
BCAT2	2657	2657	True
BCCIP	8227	8227	True
BCDIN3D	10757	10757	True
BCDIN3D-AS1	15121	15121	True
BCKDHA	3299	3299	True
BCKDHB	3190	3190	True
BCKDK	7856	7856	True
BCL10	587	587	True
BCL11A	13217	13217	True
BCL11B	3887	3887	True
BCL2	281	281	True
BCL2L1	2970	2970	True
BCL2L11	10534	10534	True
BCL2L12	9108	9108	True
BCL2L13	3050	3050	True
BCL2L14	12006	12006	True
BCL2L15	12978	12978	True
BCL2L2	9747	9747	True
BCL2L2-PABPN1	12648	12648	True
BCL3	6599	6599	True
BCL6	6974	6974	True
BCL7A	7288	7288	True
BCL7B	10812	10812	True
BCL7C	10824	10824	True
BCL9	1131	1131	True
BCL9L	7120	7120	True
BCLAF1	6244	6244	True
BCO1	15213	15213	True
BCO2	12539	12539	True
BCOR	2914	2914	True
BCORL1	3849	3849	True
BCR	1326	1326	True
BCS1L	9514	9514	True
BDH1	497	497	True
BDH2	3925	3925	True
BDKRB1	12589	12589	True
BDKRB2	4105	4105	True
BDNF-AS	14573	14573	True
BDP1	11091	11091	True
BEAN1	11704	11704	True
BECN1	10134	10134	True
BEGAIN	2786	2786	True
BEND3	9443	9443	True
BEND5	14941	14941	True
BEND6	10828	10828	True
BEND7	58	58	True
BEST1	12523	12523	True
BEST3	13874	13874	True
BET1	5070	5070	True
BET1L	2887	2887	True
BEX2	675	675	True
BEX4	1617	1617	True
BEX5	2712	2712	True
BFAR	8702	8702	True
BFSP1	1877	1877	True
BFSP2	13083	13083	True
BGLAP	6611	6611	True
BGN	13344	13344	True
BHLHA15	13717	13717	True
BHLHB9	12845	12845	True
BHLHE40	2617	2617	True
BHLHE40-AS1	14725	14725	True
BHLHE41	12273	12273	True
BHMT2	14327	14327	True
BICD1	6187	6187	True
BICD2	8650	8650	True
BID	1065	1065	True
BIK	1063	1063	True
BIN1	2343	2343	True
BIN2	13692	13692	True
BIN3	4610	4610	True
BIRC2	5632	5632	True
BIRC3	12655	12655	True
BIRC5	4677	4677	True
BIRC6	3328	3328	True
BIVM	10732	10732	True
BIVM-ERCC5	13845	13845	True
BLCAP	6401	6401	True
BLM	7013	7013	True
BLMH	6236	6236	True
BLNK	5123	5123	True
BLOC1S1	12797	12797	True
BLOC1S2	9005	9005	True
BLOC1S3	6024	6024	True
BLOC1S4	1453	1453	True
BLOC1S5	10128	10128	True
BLOC1S6	8149	8149	True
BLVRA	8191	8191	True
BLVRB	3956	3956	True
BLZF1	1559	1559	True
BMF	911	911	True
BMI1	8955	8955	True
BMP1	171	171	True
BMP2	11119	11119	True
BMP2K	3924	3924	True
BMP4	6952	6952	True
BMP5	12194	12194	True
BMP6	356	356	True
BMP7	196	196	True
BMP8A	13302	13302	True
BMP8B	1893	1893	True
BMPER	11101	11101	True
BMPR1A	3213	3213	True
BMPR1B	731	731	True
BMPR2	2864	2864	True
BMS1	10457	10457	True
BNC1	12808	12808	True
BNC2	13672	13672	True
BNIP1	7091	7091	True
BNIP2	5693	5693	True
BNIP3	2221	2221	True
BNIP3L	2148	2148	True
BNIPL	7400	7400	True
BOC	1226	1226	True
BOD1	2402	2402	True
BOD1L1	1546	1546	True
BOK	716	716	True
BOLA1	3733	3733	True
BOLA2	9488	9488	True
BOLA2B	10636	10636	True
BOLA3	10966	10966	True
BOLA3-AS1	13363	13363	True
BOLL	13803	13803	True
BOP1	9157	9157	True
BORA	9132	9132	True
BPGM	4816	4816	True
BPHL	9241	9241	True
BPIFA2	13828	13828	True
BPIFB1	13208	13208	True
BPIFB2	13659	13659	True
BPNT1	8408	8408	True
BPTF	5015	5015	True
BRAF	4870	4870	True
BRAP	11015	11015	True
BRAT1	5906	5906	True
BRCA1	6159	6159	True
BRCA2	10663	10663	True
BRCC3	6843	6843	True
BRD1	8113	8113	True
BRD2	4843	4843	True
BRD3	4972	4972	True
BRD4	9808	9808	True
BRD7	10560	10560	True
BRD8	6709	6709	True
BRD9	9741	9741	True
BRDT	13790	13790	True
BRE	14858	14858	True
BRF1	5677	5677	True
BRF2	5860	5860	True
BRI3	1988	1988	True
BRI3BP	4158	4158	True
BRICD5	8739	8739	True
BRINP1	13769	13769	True
BRINP2	231	231	True
BRINP3	11328	11328	True
BRIP1	5869	5869	True
BRIX1	6931	6931	True
BRK1	6939	6939	True
BRMS1	8867	8867	True
BRMS1L	2631	2631	True
BROX	3820	3820	True
BRPF1	5713	5713	True
BRPF3	10472	10472	True
BRSK1	1964	1964	True
BRSK2	167	167	True
BRWD1	8519	8519	True
BRWD1-AS2	12598	12598	True
BRWD3	1040	1040	True
BSCL2	3598	3598	True
BSDC1	10536	10536	True
BSG	6055	6055	True
BSN	11684	11684	True
BSPRY	6181	6181	True
BST1	15181	15181	True
BST2	502	502	True
BTAF1	9262	9262	True
BTBD1	8670	8670	True
BTBD10	5958	5958	True
BTBD11	5757	5757	True
BTBD19	14772	14772	True
BTBD2	11041	11041	True
BTBD3	1202	1202	True
BTBD6	2882	2882	True
BTBD7	4593	4593	True
BTBD8	12528	12528	True
BTBD9	10652	10652	True
BTC	392	392	True
BTD	6435	6435	True
BTF3	9209	9209	True
BTF3L4	7673	7673	True
BTG1	954	954	True
BTG2	3091	3091	True
BTG3	1038	1038	True
BTN2A1	9158	9158	True
BTN2A2	8308	8308	True
BTN3A1	3466	3466	True
BTN3A2	12217	12217	True
BTN3A3	14716	14716	True
BTNL9	9066	9066	True
BTRC	9377	9377	True
BUB1	8862	8862	True
BUB1B	8047	8047	True
BUB3	3993	3993	True
BUD13	6251	6251	True
BUD31	6475	6475	True
BX004987.1	13113	13113	True
BYSL	7302	7302	True
BZW1	1760	1760	True
BZW2	9039	9039	True
C10orf113	13675	13675	True
C10orf12	13329	13329	True
C10orf2	13819	13819	True
C10orf32	13722	13722	True
C10orf35	14985	14985	True
C10orf55	14991	14991	True
C10orf76	13707	13707	True
C10orf82	163	163	True
C10orf88	6819	6819	True
C10orf91	13384	13384	True
C10orf95	7785	7785	True
C11orf1	9795	9795	True
C11orf24	9984	9984	True
C11orf30	14659	14659	True
C11orf31	14754	14754	True
C11orf45	13015	13015	True
C11orf49	10736	10736	True
C11orf52	9823	9823	True
C11orf54	6850	6850	True
C11orf57	15044	15044	True
C11orf58	5435	5435	True
C11orf63	14847	14847	True
C11orf65	11997	11997	True
C11orf68	7165	7165	True
C11orf71	12762	12762	True
C11orf73	13454	13454	True
C11orf74	3440	3440	True
C11orf80	8615	8615	True
C11orf84	14965	14965	True
C11orf95	833	833	True
C11orf98	12215	12215	True
C12orf10	10858	10858	True
C12orf29	10885	10885	True
C12orf4	7398	7398	True
C12orf40	15074	15074	True
C12orf42	15196	15196	True
C12orf43	5286	5286	True
C12orf45	11006	11006	True
C12orf49	267	267	True
C12orf56	11370	11370	True
C12orf57	6357	6357	True
C12orf60	12060	12060	True
C12orf65	2953	2953	True
C12orf66	8080	8080	True
C12orf73	8865	8865	True
C12orf75	3448	3448	True
C12orf76	3701	3701	True
C12orf80	13422	13422	True
C14orf1	13566	13566	True
C14orf119	7674	7674	True
C14orf132	2101	2101	True
C14orf142	14132	14132	True
C14orf159	13502	13502	True
C14orf166	14963	14963	True
C14orf169	13817	13817	True
C14orf178	12337	12337	True
C14orf2	14427	14427	True
C14orf28	1913	1913	True
C14orf37	14010	14010	True
C14orf39	14252	14252	True
C14orf79	14116	14116	True
C14orf80	13467	13467	True
C14orf93	3119	3119	True
C15orf38-AP3S2	13205	13205	True
C15orf39	3860	3860	True
C15orf40	10382	10382	True
C15orf41	8923	8923	True
C15orf48	12073	12073	True
C15orf52	13933	13933	True
C15orf57	14398	14398	True
C15orf59	11581	11581	True
C15orf61	6047	6047	True
C15orf62	13942	13942	True
C15orf65	4883	4883	True
C16orf13	14874	14874	True
C16orf45	11567	11567	True
C16orf46	10253	10253	True
C16orf52	14945	14945	True
C16orf58	10254	10254	True
C16orf59	13307	13307	True
C16orf62	13362	13362	True
C16orf70	3534	3534	True
C16orf71	9282	9282	True
C16orf72	9491	9491	True
C16orf74	1101	1101	True
C16orf86	14841	14841	True
C16orf87	5151	5151	True
C16orf89	14569	14569	True
C16orf91	9480	9480	True
C16orf93	14866	14866	True
C16orf95	4201	4201	True
C17orf100	8143	8143	True
C17orf107	14267	14267	True
C17orf49	4266	4266	True
C17orf51	13538	13538	True
C17orf53	7214	7214	True
C17orf58	1001	1001	True
C17orf59	14642	14642	True
C17orf62	14628	14628	True
C17orf64	13521	13521	True
C17orf67	6586	6586	True
C17orf75	8305	8305	True
C17orf78	13533	13533	True
C17orf80	9300	9300	True
C17orf82	6245	6245	True
C17orf85	15085	15085	True
C17orf89	13343	13343	True
C17orf96	13097	13097	True
C17orf97	9831	9831	True
C18orf21	7949	7949	True
C18orf25	6012	6012	True
C18orf32	8131	8131	True
C18orf54	9100	9100	True
C18orf65	14195	14195	True
C18orf8	15158	15158	True
C19orf12	7032	7032	True
C19orf18	14621	14621	True
C19orf24	12059	12059	True
C19orf25	7272	7272	True
C19orf33	6035	6035	True
C19orf38	9363	9363	True
C19orf43	13299	13299	True
C19orf44	5273	5273	True
C19orf45	14314	14314	True
C19orf47	9973	9973	True
C19orf48	7188	7188	True
C19orf52	13735	13735	True
C19orf53	10544	10544	True
C19orf54	9579	9579	True
C19orf57	6154	6154	True
C19orf60	13504	13504	True
C19orf66	12087	12087	True
C19orf68	15189	15189	True
C19orf70	12767	12767	True
C19orf71	14763	14763	True
C19orf73	10344	10344	True
C19orf81	7625	7625	True
C1D	9193	9193	True
C1GALT1	2748	2748	True
C1GALT1C1	8025	8025	True
C1GALT1C1L	12032	12032	True
C1QBP	10397	10397	True
C1QL1	2314	2314	True
C1QL4	11807	11807	True
C1QTNF2	14315	14315	True
C1QTNF3	4600	4600	True
C1QTNF6	815	815	True
C1QTNF9B-AS1	13412	13412	True
C1R	13388	13388	True
C1RL	12381	12381	True
C1S	12999	12999	True
C1orf105	11524	11524	True
C1orf106	13279	13279	True
C1orf109	10471	10471	True
C1orf112	8639	8639	True
C1orf115	10623	10623	True
C1orf116	11377	11377	True
C1orf122	5748	5748	True
C1orf123	12883	12883	True
C1orf131	4604	4604	True
C1orf159	10936	10936	True
C1orf162	15227	15227	True
C1orf167	14276	14276	True
C1orf174	6104	6104	True
C1orf189	13711	13711	True
C1orf194	1808	1808	True
C1orf195	13789	13789	True
C1orf198	4271	4271	True
C1orf21	1034	1034	True
C1orf210	5161	5161	True
C1orf216	11029	11029	True
C1orf220	13660	13660	True
C1orf226	1880	1880	True
C1orf228	13522	13522	True
C1orf229	15160	15160	True
C1orf233	13452	13452	True
C1orf27	14590	14590	True
C1orf35	12763	12763	True
C1orf43	8281	8281	True
C1orf50	5631	5631	True
C1orf52	3081	3081	True
C1orf53	10488	10488	True
C1orf54	5363	5363	True
C1orf56	3175	3175	True
C1orf61	11503	11503	True
C1orf74	12973	12973	True
C2	11790	11790	True
C20orf144	14942	14942	True
C20orf194	9293	9293	True
C20orf196	14804	14804	True
C20orf24	13507	13507	True
C20orf27	8565	8565	True
C20orf96	10059	10059	True
C21orf2	12572	12572	True
C21orf33	14203	14203	True
C21orf58	9818	9818	True
C21orf59	14092	14092	True
C21orf62	14546	14546	True
C21orf62-AS1	14214	14214	True
C21orf91	1879	1879	True
C22orf23	14966	14966	True
C22orf29	13086	13086	True
C22orf39	1435	1435	True
C22orf46	11675	11675	True
C2CD2	11529	11529	True
C2CD2L	3396	3396	True
C2CD3	6514	6514	True
C2CD4A	11977	11977	True
C2CD4C	1818	1818	True
C2CD4D	3935	3935	True
C2CD5	5231	5231	True
C2orf15	1136	1136	True
C2orf27A	12622	12622	True
C2orf42	8557	8557	True
C2orf44	14245	14245	True
C2orf47	14540	14540	True
C2orf49	7519	7519	True
C2orf50	12179	12179	True
C2orf54	11263	11263	True
C2orf68	9645	9645	True
C2orf69	5976	5976	True
C2orf72	1246	1246	True
C2orf74	2715	2715	True
C2orf76	7330	7330	True
C2orf81	5585	5585	True
C2orf88	12581	12581	True
C3	1225	1225	True
C3orf14	3147	3147	True
C3orf17	15136	15136	True
C3orf18	13278	13278	True
C3orf20	13129	13129	True
C3orf33	8716	8716	True
C3orf35	13889	13889	True
C3orf38	9802	9802	True
C3orf52	2792	2792	True
C3orf58	12100	12100	True
C3orf62	8112	8112	True
C3orf67	662	662	True
C3orf70	12955	12955	True
C3orf80	12489	12489	True
C4A	12329	12329	True
C4B	15168	15168	True
C4BPB	13943	13943	True
C4orf19	981	981	True
C4orf27	15216	15216	True
C4orf29	13983	13983	True
C4orf3	11924	11924	True
C4orf32	13122	13122	True
C4orf33	5282	5282	True
C4orf36	12917	12917	True
C4orf46	6889	6889	True
C4orf47	12042	12042	True
C4orf48	10257	10257	True
C5	845	845	True
C5AR1	10899	10899	True
C5AR2	114	114	True
C5orf15	6482	6482	True
C5orf22	7605	7605	True
C5orf24	6040	6040	True
C5orf28	13859	13859	True
C5orf30	3749	3749	True
C5orf34	3275	3275	True
C5orf38	2434	2434	True
C5orf42	13088	13088	True
C5orf45	14764	14764	True
C5orf49	13676	13676	True
C5orf51	8985	8985	True
C5orf56	13272	13272	True
C5orf63	8035	8035	True
C5orf66	3847	3847	True
C6orf1	14750	14750	True
C6orf106	12550	12550	True
C6orf120	10775	10775	True
C6orf132	3027	3027	True
C6orf136	7258	7258	True
C6orf141	12	12	True
C6orf163	12727	12727	True
C6orf201	14530	14530	True
C6orf203	12391	12391	True
C6orf226	6280	6280	True
C6orf47	10645	10645	True
C6orf48	12543	12543	True
C6orf52	6329	6329	True
C6orf62	10008	10008	True
C6orf89	9723	9723	True
C6orf99	1213	1213	True
C7orf25	8805	8805	True
C7orf26	6139	6139	True
C7orf31	15109	15109	True
C7orf43	11857	11857	True
C7orf49	14125	14125	True
C7orf50	4139	4139	True
C7orf55	13706	13706	True
C7orf55-LUC7L2	14632	14632	True
C7orf60	14617	14617	True
C7orf61	11737	11737	True
C7orf73	13881	13881	True
C8G	13008	13008	True
C8orf33	8503	8503	True
C8orf37	5326	5326	True
C8orf44	12184	12184	True
C8orf48	11578	11578	True
C8orf58	870	870	True
C8orf59	11832	11832	True
C8orf76	7693	7693	True
C8orf82	2483	2483	True
C8orf86	14498	14498	True
C8orf88	11170	11170	True
C9orf106	1952	1952	True
C9orf114	13470	13470	True
C9orf116	2773	2773	True
C9orf139	13856	13856	True
C9orf142	13523	13523	True
C9orf147	14644	14644	True
C9orf152	1126	1126	True
C9orf153	13588	13588	True
C9orf156	14805	14805	True
C9orf16	6649	6649	True
C9orf163	12240	12240	True
C9orf172	13496	13496	True
C9orf24	12658	12658	True
C9orf3	11584	11584	True
C9orf40	2717	2717	True
C9orf43	12377	12377	True
C9orf47	13563	13563	True
C9orf64	2972	2972	True
C9orf66	14575	14575	True
C9orf69	14069	14069	True
C9orf72	1187	1187	True
C9orf78	10333	10333	True
C9orf84	14572	14572	True
C9orf85	10354	10354	True
C9orf89	13078	13078	True
C9orf9	14257	14257	True
C9orf91	13749	13749	True
CA11	2173	2173	True
CA12	622	622	True
CA13	11570	11570	True
CA14	581	581	True
CA2	1606	1606	True
CA3	15012	15012	True
CA3-AS1	13175	13175	True
CA4	12414	12414	True
CA5A	14698	14698	True
CA5B	4429	4429	True
CA8	3771	3771	True
CA9	11118	11118	True
CAAP1	10347	10347	True
CAB39	2902	2902	True
CAB39L	4927	4927	True
CABIN1	5336	5336	True
CABLES1	5419	5419	True
CABLES2	5775	5775	True
CABP4	14906	14906	True
CABYR	3699	3699	True
CACFD1	10583	10583	True
CACHD1	2527	2527	True
CACNA1A	12836	12836	True
CACNA1B	5894	5894	True
CACNA1C	12639	12639	True
CACNA1D	1690	1690	True
CACNA1F	13141	13141	True
CACNA1H	2461	2461	True
CACNA1I	12794	12794	True
CACNA2D1	14568	14568	True
CACNA2D2	4849	4849	True
CACNA2D3	13068	13068	True
CACNA2D4	13142	13142	True
CACNB1	1639	1639	True
CACNB2	12115	12115	True
CACNB3	4000	4000	True
CACNB4	630	630	True
CACNG1	11307	11307	True
CACNG4	61	61	True
CACNG8	14534	14534	True
CACTIN	7070	7070	True
CACUL1	10943	10943	True
CACYBP	9951	9951	True
CAD	10274	10274	True
CADM1	7503	7503	True
CADM2	11379	11379	True
CADM4	1324	1324	True
CADPS2	197	197	True
CAGE1	12786	12786	True
CAHM	13900	13900	True
CALB2	11556	11556	True
CALCB	13597	13597	True
CALCOCO1	7984	7984	True
CALCOCO2	10518	10518	True
CALCR	13326	13326	True
CALD1	2298	2298	True
CALHM2	7775	7775	True
CALM1	4249	4249	True
CALM2	12714	12714	True
CALM3	4399	4399	True
CALML4	7751	7751	True
CALML5	2666	2666	True
CALML6	14777	14777	True
CALR	5237	5237	True
CALU	8232	8232	True
CALY	13233	13233	True
CAMK1	971	971	True
CAMK1D	3662	3662	True
CAMK2B	1705	1705	True
CAMK2D	1989	1989	True
CAMK2G	8445	8445	True
CAMK2N1	1834	1834	True
CAMK2N2	2202	2202	True
CAMK4	11848	11848	True
CAMKK1	2009	2009	True
CAMKK2	3970	3970	True
CAMKMT	7663	7663	True
CAMLG	11082	11082	True
CAMP	13238	13238	True
CAMSAP1	8692	8692	True
CAMSAP2	6205	6205	True
CAMSAP3	9880	9880	True
CAMTA1	9333	9333	True
CAMTA2	4943	4943	True
CAND1	7099	7099	True
CAND2	12780	12780	True
CANT1	7314	7314	True
CANX	7130	7130	True
CAP1	6802	6802	True
CAP2	224	224	True
CAPG	2917	2917	True
CAPN1	9455	9455	True
CAPN10	2133	2133	True
CAPN12	3310	3310	True
CAPN13	425	425	True
CAPN14	13569	13569	True
CAPN15	9286	9286	True
CAPN2	266	266	True
CAPN5	967	967	True
CAPN7	4090	4090	True
CAPN8	573	573	True
CAPN9	4296	4296	True
CAPNS1	10686	10686	True
CAPRIN1	4903	4903	True
CAPRIN2	4051	4051	True
CAPS	1361	1361	True
CAPS2	2813	2813	True
CAPZA1	10120	10120	True
CAPZA2	7960	7960	True
CAPZB	7576	7576	True
CARD10	8560	8560	True
CARD14	206	206	True
CARD16	14411	14411	True
CARD6	15147	15147	True
CARD8	7604	7604	True
CARD8-AS1	14645	14645	True
CARD9	12766	12766	True
CARF	3009	3009	True
CARHSP1	6308	6308	True
CARKD	14135	14135	True
CARM1	5934	5934	True
CARNMT1	13885	13885	True
CARS	3521	3521	True
CARS2	12793	12793	True
CASC1	12827	12827	True
CASC10	11397	11397	True
CASC11	14400	14400	True
CASC15	14598	14598	True
CASC2	13054	13054	True
CASC3	4873	4873	True
CASC4	1958	1958	True
CASC5	13318	13318	True
CASC9	13882	13882	True
CASD1	2709	2709	True
CASK	2687	2687	True
CASKIN1	9236	9236	True
CASKIN2	11030	11030	True
CASP1	13580	13580	True
CASP10	13785	13785	True
CASP14	14228	14228	True
CASP2	6163	6163	True
CASP3	3424	3424	True
CASP4	338	338	True
CASP6	9037	9037	True
CASP7	5874	5874	True
CASP8	1265	1265	True
CASP8AP2	12865	12865	True
CASP9	3209	3209	True
CASS4	12754	12754	True
CAST	3974	3974	True
CASZ1	8831	8831	True
CAT	4428	4428	True
CATIP-AS1	15148	15148	True
CATSPER1	11131	11131	True
CATSPER2	3057	3057	True
CATSPER3	12368	12368	True
CATSPERB	12157	12157	True
CATSPERD	14803	14803	True
CATSPERG	4634	4634	True
CAV1	617	617	True
CAV2	9445	9445	True
CAV3	14354	14354	True
CBARP	13396	13396	True
CBFA2T2	8116	8116	True
CBFA2T3	2849	2849	True
CBFB	6754	6754	True
CBL	6806	6806	True
CBLB	4787	4787	True
CBLC	12354	12354	True
CBLL1	3802	3802	True
CBLN1	14919	14919	True
CBLN3	1869	1869	True
CBR1	10563	10563	True
CBR3	2528	2528	True
CBR3-AS1	13400	13400	True
CBR4	3587	3587	True
CBS	5949	5949	True
CBWD1	2754	2754	True
CBWD2	3741	3741	True
CBWD3	3633	3633	True
CBWD5	2258	2258	True
CBWD6	13876	13876	True
CBX1	6296	6296	True
CBX2	8599	8599	True
CBX3	3453	3453	True
CBX4	7197	7197	True
CBX5	1944	1944	True
CBX6	6884	6884	True
CBX7	10770	10770	True
CBX8	11042	11042	True
CBY1	10568	10568	True
CBY3	13449	13449	True
CC2D1A	8753	8753	True
CC2D1B	10172	10172	True
CC2D2A	1233	1233	True
CC2D2B	13439	13439	True
CCAR1	9855	9855	True
CCAR2	7700	7700	True
CCBE1	15167	15167	True
CCBL1	14001	14001	True
CCBL2	13590	13590	True
CCDC101	13080	13080	True
CCDC102A	9126	9126	True
CCDC102B	11940	11940	True
CCDC103	14561	14561	True
CCDC106	9394	9394	True
CCDC107	4457	4457	True
CCDC109B	13359	13359	True
CCDC110	11295	11295	True
CCDC112	3896	3896	True
CCDC113	6912	6912	True
CCDC114	14295	14295	True
CCDC115	8186	8186	True
CCDC117	5019	5019	True
CCDC12	7247	7247	True
CCDC120	3859	3859	True
CCDC121	7920	7920	True
CCDC122	8416	8416	True
CCDC124	4124	4124	True
CCDC125	7473	7473	True
CCDC126	10593	10593	True
CCDC127	9786	9786	True
CCDC13	12375	12375	True
CCDC130	8743	8743	True
CCDC134	6876	6876	True
CCDC136	2227	2227	True
CCDC137	8792	8792	True
CCDC138	8402	8402	True
CCDC14	9463	9463	True
CCDC142	10112	10112	True
CCDC144A	11531	11531	True
CCDC144NL-AS1	13756	13756	True
CCDC146	12651	12651	True
CCDC148	12181	12181	True
CCDC149	1156	1156	True
CCDC15	4654	4654	True
CCDC150	10880	10880	True
CCDC151	1353	1353	True
CCDC152	14964	14964	True
CCDC153	3219	3219	True
CCDC154	12357	12357	True
CCDC157	2821	2821	True
CCDC158	13941	13941	True
CCDC159	5780	5780	True
CCDC160	540	540	True
CCDC167	5490	5490	True
CCDC168	14816	14816	True
CCDC169	12447	12447	True
CCDC17	12192	12192	True
CCDC170	946	946	True
CCDC171	12606	12606	True
CCDC173	12167	12167	True
CCDC174	6677	6677	True
CCDC175	14806	14806	True
CCDC176	14691	14691	True
CCDC18	3106	3106	True
CCDC180	11395	11395	True
CCDC181	11627	11627	True
CCDC183	9690	9690	True
CCDC183-AS1	13482	13482	True
CCDC186	7987	7987	True
CCDC22	2497	2497	True
CCDC24	10895	10895	True
CCDC25	4153	4153	True
CCDC28A	3965	3965	True
CCDC28B	1314	1314	True
CCDC3	14306	14306	True
CCDC30	12844	12844	True
CCDC34	3131	3131	True
CCDC36	14665	14665	True
CCDC38	14918	14918	True
CCDC40	1555	1555	True
CCDC43	8497	8497	True
CCDC47	10234	10234	True
CCDC50	1105	1105	True
CCDC51	10043	10043	True
CCDC53	14574	14574	True
CCDC57	2731	2731	True
CCDC58	11073	11073	True
CCDC59	10447	10447	True
CCDC6	5333	5333	True
CCDC61	1569	1569	True
CCDC62	12290	12290	True
CCDC63	11446	11446	True
CCDC64	15193	15193	True
CCDC64B	14506	14506	True
CCDC65	12016	12016	True
CCDC66	10670	10670	True
CCDC68	465	465	True
CCDC69	8598	8598	True
CCDC7	12053	12053	True
CCDC71	5815	5815	True
CCDC71L	2474	2474	True
CCDC73	12325	12325	True
CCDC74A	1436	1436	True
CCDC74B	2416	2416	True
CCDC77	2439	2439	True
CCDC78	5811	5811	True
CCDC80	12884	12884	True
CCDC81	12855	12855	True
CCDC82	1151	1151	True
CCDC83	11348	11348	True
CCDC84	3713	3713	True
CCDC85A	12516	12516	True
CCDC85B	1558	1558	True
CCDC85C	8423	8423	True
CCDC86	8967	8967	True
CCDC87	12713	12713	True
CCDC88A	11288	11288	True
CCDC88B	3503	3503	True
CCDC88C	2637	2637	True
CCDC89	11731	11731	True
CCDC9	9031	9031	True
CCDC90B	4987	4987	True
CCDC91	9233	9233	True
CCDC92	10226	10226	True
CCDC93	1315	1315	True
CCDC94	13392	13392	True
CCDC96	3565	3565	True
CCDC97	10920	10920	True
CCER2	12331	12331	True
CCHCR1	3980	3980	True
CCL17	14271	14271	True
CCL2	13765	13765	True
CCL28	11440	11440	True
CCL3	14005	14005	True
CCL5	2564	2564	True
CCM2	8458	8458	True
CCM2L	11171	11171	True
CCNA1	11784	11784	True
CCNA2	5709	5709	True
CCNB1	9352	9352	True
CCNB1IP1	8106	8106	True
CCNB2	7485	7485	True
CCNB3	12724	12724	True
CCNC	3937	3937	True
CCND1	3117	3117	True
CCND3	3001	3001	True
CCNDBP1	7523	7523	True
CCNE1	1781	1781	True
CCNE2	7702	7702	True
CCNF	5513	5513	True
CCNG1	4501	4501	True
CCNG2	7860	7860	True
CCNH	9684	9684	True
CCNI	7638	7638	True
CCNI2	11616	11616	True
CCNJ	9770	9770	True
CCNJL	476	476	True
CCNK	10412	10412	True
CCNL1	5210	5210	True
CCNL2	4145	4145	True
CCNO	1144	1144	True
CCNT1	4688	4688	True
CCNT2	3836	3836	True
CCNT2-AS1	12705	12705	True
CCNY	7213	7213	True
CCNYL1	2089	2089	True
CCP110	1398	1398	True
CCPG1	5256	5256	True
CCR1	12880	12880	True
CCR10	14712	14712	True
CCR2	14859	14859	True
CCR3	11738	11738	True
CCR5	13865	13865	True
CCR7	14235	14235	True
CCS	10159	10159	True
CCSAP	4091	4091	True
CCSER1	2288	2288	True
CCSER2	5840	5840	True
CCT2	4059	4059	True
CCT3	9227	9227	True
CCT4	10238	10238	True
CCT5	10241	10241	True
CCT6A	7525	7525	True
CCT6B	10554	10554	True
CCT7	7168	7168	True
CCT8	8453	8453	True
CCZ1	8943	8943	True
CCZ1B	10212	10212	True
CD101	1414	1414	True
CD109	986	986	True
CD151	3198	3198	True
CD160	12421	12421	True
CD163L1	522	522	True
CD164	8012	8012	True
CD164L2	12342	12342	True
CD200	14661	14661	True
CD200R1	14436	14436	True
CD22	42	42	True
CD226	13958	13958	True
CD24	9939	9939	True
CD247	14177	14177	True
CD27	14565	14565	True
CD27-AS1	13223	13223	True
CD274	1222	1222	True
CD276	4970	4970	True
CD2AP	4024	4024	True
CD2BP2	9481	9481	True
CD302	645	645	True
CD320	7925	7925	True
CD36	3959	3959	True
CD37	12473	12473	True
CD3EAP	7810	7810	True
CD4	15037	15037	True
CD40	13682	13682	True
CD44	1243	1243	True
CD46	6212	6212	True
CD47	424	424	True
CD53	14843	14843	True
CD55	2837	2837	True
CD58	9952	9952	True
CD59	2857	2857	True
CD63	1263	1263	True
CD68	2250	2250	True
CD69	13605	13605	True
CD70	14871	14871	True
CD72	12030	12030	True
CD74	12390	12390	True
CD79A	14581	14581	True
CD81	9344	9344	True
CD82	4077	4077	True
CD83	5962	5962	True
CD8A	3237	3237	True
CD9	3340	3340	True
CD96	15051	15051	True
CD99	3321	3321	True
CD99L2	7822	7822	True
CDA	14266	14266	True
CDADC1	7307	7307	True
CDAN1	6686	6686	True
CDC123	9010	9010	True
CDC14A	9620	9620	True
CDC14B	585	585	True
CDC16	1444	1444	True
CDC20	3539	3539	True
CDC20B	13844	13844	True
CDC23	6823	6823	True
CDC25A	9800	9800	True
CDC25B	1223	1223	True
CDC25C	5800	5800	True
CDC26	8735	8735	True
CDC27	5727	5727	True
CDC34	7198	7198	True
CDC37	5025	5025	True
CDC37L1	9063	9063	True
CDC40	9307	9307	True
CDC42	9771	9771	True
CDC42BPA	6241	6241	True
CDC42BPB	6373	6373	True
CDC42BPG	3179	3179	True
CDC42EP1	3388	3388	True
CDC42EP2	3385	3385	True
CDC42EP3	94	94	True
CDC42EP4	3491	3491	True
CDC42EP5	5729	5729	True
CDC42SE1	8911	8911	True
CDC42SE2	10654	10654	True
CDC45	10512	10512	True
CDC5L	10308	10308	True
CDC6	6506	6506	True
CDC7	3660	3660	True
CDC73	8255	8255	True
CDCA2	12934	12934	True
CDCA3	2212	2212	True
CDCA4	8331	8331	True
CDCA5	2848	2848	True
CDCA7	5750	5750	True
CDCA7L	926	926	True
CDCA8	4607	4607	True
CDCP1	14630	14630	True
CDH1	3133	3133	True
CDH11	13840	13840	True
CDH13	12739	12739	True
CDH15	13458	13458	True
CDH18	13070	13070	True
CDH19	14425	14425	True
CDH2	13570	13570	True
CDH23	14551	14551	True
CDH24	9688	9688	True
CDH26	1592	1592	True
CDH3	735	735	True
CDH4	12190	12190	True
CDH5	14106	14106	True
CDH7	14282	14282	True
CDH8	15020	15020	True
CDHR2	13761	13761	True
CDHR3	11702	11702	True
CDIP1	12324	12324	True
CDIPT	5715	5715	True
CDK1	3767	3767	True
CDK10	6119	6119	True
CDK11A	8674	8674	True
CDK11B	7293	7293	True
CDK12	6042	6042	True
CDK13	2393	2393	True
CDK14	121	121	True
CDK16	8290	8290	True
CDK17	4762	4762	True
CDK18	2128	2128	True
CDK19	10335	10335	True
CDK2	9088	9088	True
CDK20	10766	10766	True
CDK2AP1	5464	5464	True
CDK2AP2	1025	1025	True
CDK3	7696	7696	True
CDK4	5617	5617	True
CDK5	2075	2075	True
CDK5R1	8785	8785	True
CDK5RAP1	3616	3616	True
CDK5RAP2	1108	1108	True
CDK5RAP3	8919	8919	True
CDK6	637	637	True
CDK7	5758	5758	True
CDK8	11922	11922	True
CDK9	10343	10343	True
CDKAL1	5946	5946	True
CDKL1	11791	11791	True
CDKL2	11237	11237	True
CDKL3	5649	5649	True
CDKL4	11356	11356	True
CDKL5	12487	12487	True
CDKN1A	1664	1664	True
CDKN1B	2879	2879	True
CDKN1C	13960	13960	True
CDKN2A	3559	3559	True
CDKN2AIP	10395	10395	True
CDKN2AIPNL	5916	5916	True
CDKN2B	2493	2493	True
CDKN2B-AS1	11793	11793	True
CDKN2C	3655	3655	True
CDKN2D	3010	3010	True
CDKN3	1395	1395	True
CDNF	13027	13027	True
CDON	1562	1562	True
CDPF1	10575	10575	True
CDR1	13599	13599	True
CDR2	9028	9028	True
CDR2L	7630	7630	True
CDRT1	5240	5240	True
CDRT4	6300	6300	True
CDS1	10953	10953	True
CDS2	8549	8549	True
CDSN	11401	11401	True
CDT1	4361	4361	True
CDV3	810	810	True
CDYL	8929	8929	True
CDYL2	2136	2136	True
CEACAM1	12040	12040	True
CEACAM19	5910	5910	True
CEACAM5	579	579	True
CEACAM6	956	956	True
CEACAM7	13554	13554	True
CEBPA	4362	4362	True
CEBPB	2079	2079	True
CEBPB-AS1	14067	14067	True
CEBPD	8998	8998	True
CEBPG	6521	6521	True
CEBPZ	8997	8997	True
CEBPZOS	11860	11860	True
CECR2	279	279	True
CECR5	14895	14895	True
CEL	8016	8016	True
CELF1	10090	10090	True
CELF2	13928	13928	True
CELF3	13476	13476	True
CELF4	12601	12601	True
CELF5	11317	11317	True
CELF6	14350	14350	True
CELSR1	3557	3557	True
CELSR2	3208	3208	True
CELSR3	6664	6664	True
CEMIP	1737	1737	True
CENPA	8801	8801	True
CENPB	5322	5322	True
CENPBD1	8496	8496	True
CENPC	7743	7743	True
CENPE	9244	9244	True
CENPF	8182	8182	True
CENPH	8044	8044	True
CENPI	3840	3840	True
CENPJ	8296	8296	True
CENPK	6605	6605	True
CENPL	6376	6376	True
CENPM	3442	3442	True
CENPN	1864	1864	True
CENPO	9628	9628	True
CENPP	1698	1698	True
CENPQ	3969	3969	True
CENPT	7257	7257	True
CENPU	8410	8410	True
CENPV	4320	4320	True
CENPW	10265	10265	True
CEP104	7163	7163	True
CEP112	2658	2658	True
CEP120	4058	4058	True
CEP126	11778	11778	True
CEP128	4681	4681	True
CEP131	8295	8295	True
CEP135	8058	8058	True
CEP152	4094	4094	True
CEP162	3364	3364	True
CEP164	8815	8815	True
CEP170	1571	1571	True
CEP170B	5305	5305	True
CEP19	12276	12276	True
CEP192	7305	7305	True
CEP250	4678	4678	True
CEP290	3850	3850	True
CEP295	12886	12886	True
CEP295NL	15019	15019	True
CEP350	9029	9029	True
CEP41	6490	6490	True
CEP44	9074	9074	True
CEP55	2572	2572	True
CEP57	4053	4053	True
CEP57L1	4147	4147	True
CEP63	3671	3671	True
CEP68	6070	6070	True
CEP70	3263	3263	True
CEP72	11046	11046	True
CEP76	8062	8062	True
CEP78	4890	4890	True
CEP83	3367	3367	True
CEP85	7556	7556	True
CEP85L	12360	12360	True
CEP89	10724	10724	True
CEP95	8949	8949	True
CEP97	9291	9291	True
CEPT1	3554	3554	True
CERCAM	803	803	True
CERK	3153	3153	True
CERKL	14715	14715	True
CERS1	1701	1701	True
CERS2	2122	2122	True
CERS4	4500	4500	True
CERS5	10500	10500	True
CERS6	10756	10756	True
CES2	5555	5555	True
CES3	15119	15119	True
CES4A	14391	14391	True
CETN2	6941	6941	True
CETN3	3563	3563	True
CFAP20	6049	6049	True
CFAP221	14479	14479	True
CFAP36	10184	10184	True
CFAP43	11979	11979	True
CFAP44	4531	4531	True
CFAP45	3468	3468	True
CFAP46	12916	12916	True
CFAP47	13919	13919	True
CFAP52	14833	14833	True
CFAP53	12932	12932	True
CFAP54	13806	13806	True
CFAP57	14987	14987	True
CFAP58	13013	13013	True
CFAP61	14456	14456	True
CFAP69	12859	12859	True
CFAP70	12162	12162	True
CFAP97	6604	6604	True
CFAP99	12339	12339	True
CFB	12942	12942	True
CFD	3707	3707	True
CFDP1	3714	3714	True
CFH	14147	14147	True
CFHR3	13644	13644	True
CFL1	6785	6785	True
CFL2	562	562	True
CFLAR	10797	10797	True
CFLAR-AS1	13172	13172	True
CFP	14954	14954	True
CFTR	13552	13552	True
CGA	13408	13408	True
CGGBP1	6627	6627	True
CGN	772	772	True
CGNL1	12411	12411	True
CGREF1	238	238	True
CGRRF1	4085	4085	True
CHAC1	2582	2582	True
CHAC2	7659	7659	True
CHAD	12645	12645	True
CHADL	12432	12432	True
CHAF1A	10727	10727	True
CHAF1B	4437	4437	True
CHAMP1	814	814	True
CHCHD1	10205	10205	True
CHCHD10	7931	7931	True
CHCHD2	8346	8346	True
CHCHD3	6865	6865	True
CHCHD4	10630	10630	True
CHCHD5	9781	9781	True
CHCHD6	7399	7399	True
CHCHD7	2671	2671	True
CHD1	10816	10816	True
CHD1L	5579	5579	True
CHD2	7566	7566	True
CHD3	6275	6275	True
CHD4	6588	6588	True
CHD5	774	774	True
CHD6	5425	5425	True
CHD7	6207	6207	True
CHD8	6497	6497	True
CHD9	6861	6861	True
CHDH	1400	1400	True
CHEK1	4044	4044	True
CHEK2	2554	2554	True
CHERP	10559	10559	True
CHFR	10015	10015	True
CHGA	14013	14013	True
CHI3L1	13558	13558	True
CHI3L2	14431	14431	True
CHIC1	6003	6003	True
CHIC2	1410	1410	True
CHID1	6780	6780	True
CHKA	1613	1613	True
CHKB	7728	7728	True
CHM	10694	10694	True
CHML	3154	3154	True
CHMP1A	9437	9437	True
CHMP1B	3447	3447	True
CHMP2A	10877	10877	True
CHMP2B	5979	5979	True
CHMP3	9571	9571	True
CHMP4A	6037	6037	True
CHMP4B	3359	3359	True
CHMP4C	2568	2568	True
CHMP5	5182	5182	True
CHMP6	6633	6633	True
CHMP7	7332	7332	True
CHN1	325	325	True
CHN2	14160	14160	True
CHODL	12099	12099	True
CHORDC1	5216	5216	True
CHP1	4904	4904	True
CHPF	48	48	True
CHPF2	1382	1382	True
CHPT1	3006	3006	True
CHRAC1	8782	8782	True
CHRD	230	230	True
CHRM1	5465	5465	True
CHRM2	13155	13155	True
CHRM3	11565	11565	True
CHRM5	14370	14370	True
CHRNA10	12969	12969	True
CHRNA3	14029	14029	True
CHRNA5	3134	3134	True
CHRNA7	12696	12696	True
CHRNA9	13035	13035	True
CHRNB1	7448	7448	True
CHRNB2	14217	14217	True
CHRNB4	11540	11540	True
CHRND	13112	13112	True
CHRNE	12345	12345	True
CHRNG	13549	13549	True
CHST1	1848	1848	True
CHST10	4414	4414	True
CHST11	3972	3972	True
CHST12	5697	5697	True
CHST14	1945	1945	True
CHST15	5292	5292	True
CHST3	14977	14977	True
CHST7	12361	12361	True
CHST8	5959	5959	True
CHST9	13982	13982	True
CHSY1	4691	4691	True
CHSY3	277	277	True
CHTF18	2036	2036	True
CHTF8	9933	9933	True
CHTOP	6255	6255	True
CHUK	4535	4535	True
CHURC1	4260	4260	True
CHURC1-FNTB	14325	14325	True
CIAO1	2800	2800	True
CIAPIN1	9595	9595	True
CIART	8781	8781	True
CIB1	283	283	True
CIB2	13386	13386	True
CIB3	7017	7017	True
CIC	7237	7237	True
CIDEB	14705	14705	True
CIITA	11937	11937	True
CILP2	11729	11729	True
CINP	10548	10548	True
CIPC	6565	6565	True
CIR1	1566	1566	True
CIRBP	4611	4611	True
CIRBP-AS1	11871	11871	True
CIRH1A	15106	15106	True
CISD1	7337	7337	True
CISD2	5948	5948	True
CISD3	6292	6292	True
CISH	365	365	True
CIT	3826	3826	True
CITED1	1652	1652	True
CITED2	2073	2073	True
CITED4	4210	4210	True
CIZ1	2077	2077	True
CKAP2	9387	9387	True
CKAP2L	10378	10378	True
CKAP4	886	886	True
CKAP5	5654	5654	True
CKB	446	446	True
CKLF	7490	7490	True
CKLF-CMTM1	14311	14311	True
CKMT1A	1146	1146	True
CKMT1B	158	158	True
CKMT2	14679	14679	True
CKMT2-AS1	12534	12534	True
CKS1B	7121	7121	True
CKS2	4146	4146	True
CLASP1	4754	4754	True
CLASP2	7236	7236	True
CLASRP	2656	2656	True
CLCC1	9335	9335	True
CLCF1	1478	1478	True
CLCN2	2040	2040	True
CLCN3	8183	8183	True
CLCN4	7054	7054	True
CLCN5	11561	11561	True
CLCN6	8509	8509	True
CLCN7	5164	5164	True
CLDN1	1912	1912	True
CLDN11	14761	14761	True
CLDN12	8304	8304	True
CLDN15	4284	4284	True
CLDN20	14467	14467	True
CLDN23	10118	10118	True
CLDN3	191	191	True
CLDN4	5403	5403	True
CLDN5	14225	14225	True
CLDN6	14098	14098	True
CLDN7	2508	2508	True
CLDN8	14620	14620	True
CLDN9	3390	3390	True
CLDND1	2817	2817	True
CLDND2	4240	4240	True
CLEC11A	10641	10641	True
CLEC16A	9697	9697	True
CLEC18A	12894	12894	True
CLEC18B	14872	14872	True
CLEC19A	13892	13892	True
CLEC2B	13778	13778	True
CLEC2D	11894	11894	True
CLEC3A	3582	3582	True
CLEC4A	12571	12571	True
CLEC7A	13666	13666	True
CLGN	12106	12106	True
CLHC1	7999	7999	True
CLIC1	3676	3676	True
CLIC2	11828	11828	True
CLIC3	547	547	True
CLIC4	5592	5592	True
CLIC5	13796	13796	True
CLIC6	13101	13101	True
CLINT1	10698	10698	True
CLIP1	4985	4985	True
CLIP1-AS1	14366	14366	True
CLIP2	3261	3261	True
CLIP3	3079	3079	True
CLIP4	2577	2577	True
CLK1	10222	10222	True
CLK2	10869	10869	True
CLK3	1981	1981	True
CLK4	7505	7505	True
CLMN	4151	4151	True
CLMP	11230	11230	True
CLN3	11810	11810	True
CLN5	5707	5707	True
CLN6	6383	6383	True
CLN8	1117	1117	True
CLNS1A	9996	9996	True
CLOCK	7322	7322	True
CLP1	8470	8470	True
CLPB	2969	2969	True
CLPP	11088	11088	True
CLPSL1	11839	11839	True
CLPSL2	133	133	True
CLPTM1	5935	5935	True
CLPTM1L	5616	5616	True
CLPX	6264	6264	True
CLSPN	5765	5765	True
CLSTN1	1674	1674	True
CLSTN2	2777	2777	True
CLSTN3	52	52	True
CLTA	9784	9784	True
CLTB	8896	8896	True
CLTC	6991	6991	True
CLTCL1	11919	11919	True
CLU	5195	5195	True
CLUAP1	1449	1449	True
CLUH	9705	9705	True
CLUL1	12152	12152	True
CLVS1	12300	12300	True
CLYBL	4568	4568	True
CMAS	7252	7252	True
CMBL	3059	3059	True
CMC1	8536	8536	True
CMC2	6620	6620	True
CMC4	4273	4273	True
CMIP	7648	7648	True
CMPK1	6669	6669	True
CMPK2	1771	1771	True
CMSS1	4728	4728	True
CMTM1	12718	12718	True
CMTM2	12306	12306	True
CMTM3	3640	3640	True
CMTM4	9653	9653	True
CMTM6	1322	1322	True
CMTM7	6352	6352	True
CMTM8	207	207	True
CMTR1	10776	10776	True
CMTR2	9600	9600	True
CMYA5	991	991	True
CNBD2	10055	10055	True
CNBP	7796	7796	True
CNDP2	5890	5890	True
CNEP1R1	6110	6110	True
CNFN	3068	3068	True
CNGA1	3967	3967	True
CNGB3	14233	14233	True
CNIH1	6990	6990	True
CNIH2	2578	2578	True
CNIH3	6305	6305	True
CNIH4	3663	3663	True
CNKSR1	5307	5307	True
CNKSR2	13830	13830	True
CNKSR3	2210	2210	True
CNN2	795	795	True
CNN3	14389	14389	True
CNNM1	4926	4926	True
CNNM2	9451	9451	True
CNNM3	10225	10225	True
CNNM4	9224	9224	True
CNOT1	8257	8257	True
CNOT10	4886	4886	True
CNOT11	3531	3531	True
CNOT2	5360	5360	True
CNOT3	5858	5858	True
CNOT4	7176	7176	True
CNOT6	5150	5150	True
CNOT6L	4467	4467	True
CNOT7	6411	6411	True
CNOT8	3764	3764	True
CNP	3225	3225	True
CNPPD1	10203	10203	True
CNPY2	6343	6343	True
CNPY3	8977	8977	True
CNPY4	1175	1175	True
CNR1	13257	13257	True
CNST	3233	3233	True
CNTD1	12566	12566	True
CNTD2	4211	4211	True
CNTF	13780	13780	True
CNTFR	14745	14745	True
CNTLN	2427	2427	True
CNTN2	15252	15252	True
CNTN3	13677	13677	True
CNTN4	12343	12343	True
CNTN5	15023	15023	True
CNTNAP1	1978	1978	True
CNTNAP2	2114	2114	True
CNTNAP3	12919	12919	True
CNTNAP3B	13802	13802	True
CNTRL	1632	1632	True
CNTROB	2548	2548	True
COA1	9050	9050	True
COA3	8309	8309	True
COA4	9570	9570	True
COA5	1473	1473	True
COA6	3571	3571	True
COA7	5084	5084	True
COASY	6388	6388	True
COBL	7222	7222	True
COBLL1	1106	1106	True
COCH	456	456	True
COG1	8285	8285	True
COG2	1884	1884	True
COG3	7811	7811	True
COG4	4263	4263	True
COG5	3041	3041	True
COG6	6651	6651	True
COG7	4262	4262	True
COG8	4527	4527	True
COIL	5905	5905	True
COL10A1	11950	11950	True
COL11A2	11757	11757	True
COL12A1	1599	1599	True
COL13A1	12303	12303	True
COL14A1	12131	12131	True
COL15A1	13594	13594	True
COL16A1	3234	3234	True
COL17A1	14361	14361	True
COL18A1	2764	2764	True
COL1A1	919	919	True
COL21A1	12271	12271	True
COL23A1	13107	13107	True
COL24A1	14097	14097	True
COL25A1	12260	12260	True
COL27A1	3765	3765	True
COL28A1	12490	12490	True
COL2A1	14219	14219	True
COL3A1	11708	11708	True
COL4A1	14898	14898	True
COL4A2	15188	15188	True
COL4A3	11129	11129	True
COL4A3BP	12536	12536	True
COL4A4	108	108	True
COL4A5	708	708	True
COL4A6	11718	11718	True
COL5A1	1107	1107	True
COL5A2	11822	11822	True
COL5A3	11830	11830	True
COL6A1	4879	4879	True
COL6A2	4919	4919	True
COL6A3	12396	12396	True
COL7A1	1885	1885	True
COL9A2	651	651	True
COL9A3	1442	1442	True
COLCA2	15064	15064	True
COLEC10	14347	14347	True
COLEC11	14974	14974	True
COLEC12	12204	12204	True
COLGALT1	8242	8242	True
COLGALT2	14170	14170	True
COLQ	12123	12123	True
COMMD1	10320	10320	True
COMMD10	4668	4668	True
COMMD2	4243	4243	True
COMMD3	8084	8084	True
COMMD3-BMI1	14342	14342	True
COMMD4	8123	8123	True
COMMD5	3888	3888	True
COMMD6	6650	6650	True
COMMD7	7546	7546	True
COMMD8	9038	9038	True
COMMD9	9900	9900	True
COMT	2356	2356	True
COMTD1	1543	1543	True
COPA	10087	10087	True
COPB1	5325	5325	True
COPB2	7869	7869	True
COPE	7059	7059	True
COPG1	8534	8534	True
COPG2	881	881	True
COPRS	5528	5528	True
COPS2	5604	5604	True
COPS3	8441	8441	True
COPS4	10923	10923	True
COPS5	9016	9016	True
COPS6	4933	4933	True
COPS7A	5698	5698	True
COPS7B	4564	4564	True
COPS8	2013	2013	True
COPZ1	6356	6356	True
COPZ2	2161	2161	True
COQ10A	10522	10522	True
COQ10B	6510	6510	True
COQ2	1157	1157	True
COQ3	1890	1890	True
COQ4	11698	11698	True
COQ5	3666	3666	True
COQ6	7727	7727	True
COQ7	860	860	True
COQ9	9093	9093	True
CORIN	12092	12092	True
CORO1A	1460	1460	True
CORO1B	4412	4412	True
CORO1C	6186	6186	True
CORO2A	1086	1086	True
CORO2B	13354	13354	True
CORO6	14144	14144	True
CORO7	10938	10938	True
CORT	14992	14992	True
COTL1	7733	7733	True
COX10	9439	9439	True
COX10-AS1	14548	14548	True
COX11	5877	5877	True
COX14	2260	2260	True
COX15	723	723	True
COX16	8365	8365	True
COX17	8071	8071	True
COX18	7704	7704	True
COX19	10363	10363	True
COX20	8168	8168	True
COX4I1	3519	3519	True
COX5A	4517	4517	True
COX5B	2725	2725	True
COX6A1	8758	8758	True
COX6B1	5821	5821	True
COX6C	4632	4632	True
COX7A2	5224	5224	True
COX7A2L	10687	10687	True
COX7B	6697	6697	True
COX7C	4220	4220	True
COX8A	7730	7730	True
CP	351	351	True
CPA4	14218	14218	True
CPA6	11418	11418	True
CPAMD8	2140	2140	True
CPB1	14204	14204	True
CPB2-AS1	13379	13379	True
CPD	6744	6744	True
CPE	577	577	True
CPEB1	11833	11833	True
CPEB2	7002	7002	True
CPEB3	5728	5728	True
CPEB4	8694	8694	True
CPED1	12197	12197	True
CPLX1	12558	12558	True
CPLX3	14196	14196	True
CPM	4176	4176	True
CPNE1	11043	11043	True
CPNE2	3322	3322	True
CPNE3	11021	11021	True
CPNE4	848	848	True
CPNE7	1155	1155	True
CPNE8	13287	13287	True
CPNE9	15039	15039	True
CPO	14164	14164	True
CPOX	1823	1823	True
CPPED1	975	975	True
CPQ	5637	5637	True
CPS1	1625	1625	True
CPSF1	5928	5928	True
CPSF2	7451	7451	True
CPSF3	3232	3232	True
CPSF3L	14746	14746	True
CPSF4	3732	3732	True
CPSF4L	14459	14459	True
CPSF6	9876	9876	True
CPSF7	9529	9529	True
CPT1A	4900	4900	True
CPT1B	7894	7894	True
CPT1C	2421	2421	True
CPT2	7895	7895	True
CPTP	5066	5066	True
CPVL	12619	12619	True
CPXM2	2779	2779	True
CRABP1	1044	1044	True
CRABP2	544	544	True
CRACR2A	933	933	True
CRACR2B	6879	6879	True
CRADD	8427	8427	True
CRAMP1L	15086	15086	True
CRAT	844	844	True
CRB3	5888	5888	True
CRBN	7913	7913	True
CRCP	9173	9173	True
CREB1	6269	6269	True
CREB3	5238	5238	True
CREB3L1	868	868	True
CREB3L2	194	194	True
CREB3L4	3909	3909	True
CREB5	11338	11338	True
CREBBP	9324	9324	True
CREBL2	1372	1372	True
CREBRF	8570	8570	True
CREBZF	7667	7667	True
CREG1	5843	5843	True
CREG2	12723	12723	True
CRELD1	1837	1837	True
CRELD2	5878	5878	True
CREM	2922	2922	True
CRH	13551	13551	True
CRHR1	13229	13229	True
CRIM1	5263	5263	True
CRIP1	12564	12564	True
CRIP2	3645	3645	True
CRIPAK	12317	12317	True
CRIPT	2246	2246	True
CRISP3	2845	2845	True
CRISPLD1	2255	2255	True
CRISPLD2	9024	9024	True
CRK	10935	10935	True
CRKL	2354	2354	True
CRLF1	3775	3775	True
CRLF3	8340	8340	True
CRLS1	7507	7507	True
CRMP1	14048	14048	True
CRNDE	11678	11678	True
CRNKL1	4805	4805	True
CROCC	8311	8311	True
CROT	1796	1796	True
CRTAP	7491	7491	True
CRTC1	2565	2565	True
CRTC2	8740	8740	True
CRTC3	3520	3520	True
CRY1	5046	5046	True
CRY2	6894	6894	True
CRYAB	12128	12128	True
CRYBB2	14232	14232	True
CRYBB3	12065	12065	True
CRYBG3	441	441	True
CRYGS	10874	10874	True
CRYL1	3469	3469	True
CRYM	12118	12118	True
CRYZ	1249	1249	True
CRYZL1	10900	10900	True
CS	9049	9049	True
CSAD	10805	10805	True
CSAG1	13584	13584	True
CSDE1	3710	3710	True
CSE1L	6010	6010	True
CSF1	11311	11311	True
CSF1R	11417	11417	True
CSF2RA	14881	14881	True
CSF2RB	14222	14222	True
CSGALNACT1	389	389	True
CSGALNACT2	1459	1459	True
CSK	2363	2363	True
CSMD1	12867	12867	True
CSNK1A1	8046	8046	True
CSNK1D	4516	4516	True
CSNK1E	5278	5278	True
CSNK1G1	7036	7036	True
CSNK1G2	8589	8589	True
CSNK1G3	7062	7062	True
CSNK2A1	6008	6008	True
CSNK2A2	6327	6327	True
CSNK2A3	12777	12777	True
CSNK2B	12646	12646	True
CSPG4	14839	14839	True
CSPG5	5816	5816	True
CSPP1	6741	6741	True
CSRNP1	989	989	True
CSRNP2	3975	3975	True
CSRNP3	11706	11706	True
CSRP1	3891	3891	True
CSRP2	2322	2322	True
CSRP2BP	14468	14468	True
CST1	13827	13827	True
CST2	13967	13967	True
CST3	3374	3374	True
CST4	13945	13945	True
CST7	15027	15027	True
CSTA	11452	11452	True
CSTB	4170	4170	True
CSTF1	7365	7365	True
CSTF2	8800	8800	True
CSTF2T	4027	4027	True
CSTF3	6065	6065	True
CT62	11211	11211	True
CTAGE4	12238	12238	True
CTAGE5	13248	13248	True
CTAGE8	15241	15241	True
CTBP1	3066	3066	True
CTBP1-AS	14133	14133	True
CTBP2	4666	4666	True
CTBS	1537	1537	True
CTC1	1491	1491	True
CTCF	8368	8368	True
CTDNEP1	5045	5045	True
CTDP1	7950	7950	True
CTDSP1	4963	4963	True
CTDSP2	8054	8054	True
CTDSPL	3777	3777	True
CTDSPL2	5218	5218	True
CTF1	3054	3054	True
CTGF	13085	13085	True
CTH	2854	2854	True
CTHRC1	352	352	True
CTIF	7262	7262	True
CTNNA1	9675	9675	True
CTNNA3	13466	13466	True
CTNNAL1	8463	8463	True
CTNNB1	879	879	True
CTNNBIP1	6374	6374	True
CTNNBL1	2699	2699	True
CTNND1	8720	8720	True
CTNND2	1891	1891	True
CTNS	9986	9986	True
CTPS1	5807	5807	True
CTPS2	1833	1833	True
CTR9	7388	7388	True
CTRL	13026	13026	True
CTSA	5662	5662	True
CTSB	1183	1183	True
CTSC	1373	1373	True
CTSD	1079	1079	True
CTSF	11456	11456	True
CTSH	963	963	True
CTSK	6170	6170	True
CTSL	1814	1814	True
CTSO	1184	1184	True
CTSS	15202	15202	True
CTSV	3118	3118	True
CTSZ	11262	11262	True
CTTN	5690	5690	True
CTTNBP2	14027	14027	True
CTTNBP2NL	5304	5304	True
CTU1	7627	7627	True
CTU2	8139	8139	True
CTXN1	11075	11075	True
CUBN	12370	12370	True
CUEDC1	1216	1216	True
CUEDC2	4575	4575	True
CUL1	702	702	True
CUL2	6404	6404	True
CUL3	2041	2041	True
CUL4A	2004	2004	True
CUL4B	5456	5456	True
CUL5	5762	5762	True
CUL7	8023	8023	True
CUL9	10929	10929	True
CUTA	11025	11025	True
CUTC	1339	1339	True
CUX1	10	10	True
CUZD1	7389	7389	True
CWC15	10834	10834	True
CWC22	2319	2319	True
CWC25	8934	8934	True
CWC27	9057	9057	True
CWF19L1	4150	4150	True
CWF19L2	9035	9035	True
CX3CL1	14220	14220	True
CXADR	442	442	True
CXCL12	415	415	True
CXCL14	11149	11149	True
CXCL16	5391	5391	True
CXCL17	636	636	True
CXCL8	11140	11140	True
CXCR4	686	686	True
CXCR5	11864	11864	True
CXXC1	8581	8581	True
CXXC4	968	968	True
CXXC5	3814	3814	True
CXorf23	15041	15041	True
CXorf38	8461	8461	True
CXorf40A	5029	5029	True
CXorf40B	5394	5394	True
CXorf56	9955	9955	True
CXorf57	13740	13740	True
CYB561	8605	8605	True
CYB561A3	8511	8511	True
CYB561D1	8659	8659	True
CYB561D2	15048	15048	True
CYB5A	10440	10440	True
CYB5B	3337	3337	True
CYB5D1	7230	7230	True
CYB5D2	1998	1998	True
CYB5R1	5198	5198	True
CYB5R2	13681	13681	True
CYB5R3	2113	2113	True
CYB5R4	9965	9965	True
CYB5RL	9523	9523	True
CYBA	8446	8446	True
CYBB	13589	13589	True
CYBRD1	229	229	True
CYC1	8370	8370	True
CYCS	8793	8793	True
CYFIP1	6602	6602	True
CYFIP2	1678	1678	True
CYHR1	8176	8176	True
CYLD	9370	9370	True
CYP19A1	12887	12887	True
CYP1A1	12289	12289	True
CYP1B1	2828	2828	True
CYP1B1-AS1	14417	14417	True
CYP20A1	10067	10067	True
CYP24A1	11632	11632	True
CYP26A1	14814	14814	True
CYP26B1	1759	1759	True
CYP27A1	11998	11998	True
CYP27B1	8111	8111	True
CYP2A6	14096	14096	True
CYP2A7	13686	13686	True
CYP2D6	13805	13805	True
CYP2E1	12168	12168	True
CYP2J2	9371	9371	True
CYP2R1	6827	6827	True
CYP2S1	11234	11234	True
CYP2U1	2151	2151	True
CYP39A1	11467	11467	True
CYP3A5	12496	12496	True
CYP46A1	12686	12686	True
CYP4B1	1437	1437	True
CYP4F11	3541	3541	True
CYP4F12	13911	13911	True
CYP4F22	244	244	True
CYP4F26P	14751	14751	True
CYP4F3	13755	13755	True
CYP4F8	14453	14453	True
CYP4V2	4130	4130	True
CYP4X1	14800	14800	True
CYP4Z1	14566	14566	True
CYP51A1	5142	5142	True
CYR61	11445	11445	True
CYSLTR1	11592	11592	True
CYSRT1	6214	6214	True
CYSTM1	5342	5342	True
CYTH1	9128	9128	True
CYTH2	9716	9716	True
CYTH3	10572	10572	True
CYTIP	14111	14111	True
CYYR1	13577	13577	True
D2HGDH	9278	9278	True
DAAM1	9048	9048	True
DAAM2	12318	12318	True
DAB1	12265	12265	True
DAB2	2149	2149	True
DAB2IP	11085	11085	True
DACH1	11359	11359	True
DACH2	13490	13490	True
DACT3	11621	11621	True
DAD1	7020	7020	True
DAG1	6052	6052	True
DAGLA	7773	7773	True
DAGLB	9245	9245	True
DALRD3	8914	8914	True
DANCR	14304	14304	True
DAND5	14956	14956	True
DANT2	14372	14372	True
DAP	4209	4209	True
DAP3	11012	11012	True
DAPK1	12239	12239	True
DAPK2	1811	1811	True
DAPK3	11066	11066	True
DAPL1	14834	14834	True
DAPP1	13966	13966	True
DARS	8395	8395	True
DARS-AS1	11619	11619	True
DARS2	1928	1928	True
DAXX	7406	7406	True
DAZAP1	9868	9868	True
DAZAP2	8737	8737	True
DBF4	6326	6326	True
DBF4B	7039	7039	True
DBI	2958	2958	True
DBN1	1358	1358	True
DBNDD1	3726	3726	True
DBNDD2	421	421	True
DBNL	4923	4923	True
DBP	2030	2030	True
DBR1	6375	6375	True
DBT	7098	7098	True
DCAF10	9446	9446	True
DCAF11	7344	7344	True
DCAF12	10881	10881	True
DCAF13	9538	9538	True
DCAF15	3186	3186	True
DCAF16	9519	9519	True
DCAF17	9531	9531	True
DCAF4	2756	2756	True
DCAF4L1	14397	14397	True
DCAF5	3014	3014	True
DCAF6	8493	8493	True
DCAF7	5226	5226	True
DCAF8	12882	12882	True
DCAKD	3589	3589	True
DCBLD1	7602	7602	True
DCBLD2	2723	2723	True
DCDC1	12970	12970	True
DCDC2	2562	2562	True
DCDC2B	14305	14305	True
DCHS1	13895	13895	True
DCK	10667	10667	True
DCLK1	202	202	True
DCLK2	12522	12522	True
DCLRE1A	2197	2197	True
DCLRE1B	7077	7077	True
DCLRE1C	7877	7877	True
DCP1A	10417	10417	True
DCP1B	8893	8893	True
DCP2	8126	8126	True
DCPS	6609	6609	True
DCST1	13698	13698	True
DCST2	9166	9166	True
DCTD	6656	6656	True
DCTN1	7971	7971	True
DCTN2	9067	9067	True
DCTN3	5892	5892	True
DCTN4	10984	10984	True
DCTN5	10914	10914	True
DCTN6	3510	3510	True
DCTPP1	4180	4180	True
DCUN1D1	1530	1530	True
DCUN1D2	4071	4071	True
DCUN1D3	10051	10051	True
DCUN1D4	7807	7807	True
DCUN1D5	10293	10293	True
DCXR	2492	2492	True
DDA1	9462	9462	True
DDAH1	7589	7589	True
DDAH2	2083	2083	True
DDB1	10095	10095	True
DDB2	1302	1302	True
DDHD1	4641	4641	True
DDHD2	4191	4191	True
DDI2	3231	3231	True
DDIAS	2181	2181	True
DDIT3	1786	1786	True
DDIT4	951	951	True
DDIT4L	13612	13612	True
DDN	14692	14692	True
DDOST	5846	5846	True
DDR1	6420	6420	True
DDR2	12295	12295	True
DDRGK1	6127	6127	True
DDT	6157	6157	True
DDTL	12535	12535	True
DDX1	7994	7994	True
DDX10	4608	4608	True
DDX11	7169	7169	True
DDX11-AS1	12991	12991	True
DDX17	8514	8514	True
DDX18	5566	5566	True
DDX19A	5511	5511	True
DDX19B	2945	2945	True
DDX20	6493	6493	True
DDX21	9476	9476	True
DDX23	7741	7741	True
DDX24	5744	5744	True
DDX26B	14989	14989	True
DDX27	8015	8015	True
DDX28	10033	10033	True
DDX31	2544	2544	True
DDX39A	1863	1863	True
DDX39B	5440	5440	True
DDX3X	7725	7725	True
DDX41	9668	9668	True
DDX42	5156	5156	True
DDX43	8426	8426	True
DDX46	6845	6845	True
DDX47	4426	4426	True
DDX49	6951	6951	True
DDX5	6412	6412	True
DDX50	10021	10021	True
DDX51	6623	6623	True
DDX52	6589	6589	True
DDX54	9094	9094	True
DDX55	8685	8685	True
DDX56	9467	9467	True
DDX58	2239	2239	True
DDX59	7119	7119	True
DDX6	4521	4521	True
DDX60	2213	2213	True
DDX60L	2551	2551	True
DEAF1	4707	4707	True
DECR1	7666	7666	True
DECR2	1578	1578	True
DEDD	9429	9429	True
DEDD2	6180	6180	True
DEF6	9963	9963	True
DEF8	10798	10798	True
DEFB1	13237	13237	True
DEGS1	322	322	True
DEGS2	50	50	True
DEK	10166	10166	True
DENND1A	2704	2704	True
DENND1B	9753	9753	True
DENND2A	12205	12205	True
DENND2C	1286	1286	True
DENND2D	9152	9152	True
DENND3	11059	11059	True
DENND4A	8830	8830	True
DENND4B	5651	5651	True
DENND4C	6914	6914	True
DENND5A	9558	9558	True
DENND5B	4493	4493	True
DENND6A	10655	10655	True
DENND6A-AS1	14690	14690	True
DENND6B	6932	6932	True
DENR	6107	6107	True
DEPDC1	8624	8624	True
DEPDC1B	7038	7038	True
DEPDC4	4917	4917	True
DEPDC5	4801	4801	True
DEPDC7	12242	12242	True
DEPTOR	7772	7772	True
DERA	1832	1832	True
DERL1	11036	11036	True
DERL2	2797	2797	True
DERL3	13714	13714	True
DESI1	7472	7472	True
DESI2	1043	1043	True
DET1	8219	8219	True
DEXI	7495	7495	True
DFFA	5527	5527	True
DFFB	10436	10436	True
DFNB31	14343	14343	True
DGAT1	7005	7005	True
DGAT2	3591	3591	True
DGCR11	15137	15137	True
DGCR14	13532	13532	True
DGCR2	5778	5778	True
DGCR6	12899	12899	True
DGCR6L	8548	8548	True
DGCR8	8700	8700	True
DGKA	1269	1269	True
DGKB	14407	14407	True
DGKD	475	475	True
DGKE	5176	5176	True
DGKG	12525	12525	True
DGKH	7726	7726	True
DGKI	11275	11275	True
DGKQ	5722	5722	True
DGKZ	6928	6928	True
DGUOK	8031	8031	True
DGUOK-AS1	12266	12266	True
DHCR24	4836	4836	True
DHCR7	2039	2039	True
DHDDS	8531	8531	True
DHDH	13792	13792	True
DHFR	2858	2858	True
DHFRL1	14308	14308	True
DHODH	4675	4675	True
DHPS	1906	1906	True
DHRS1	3429	3429	True
DHRS11	5122	5122	True
DHRS12	9449	9449	True
DHRS13	2078	2078	True
DHRS2	705	705	True
DHRS3	242	242	True
DHRS4	9904	9904	True
DHRS4-AS1	11895	11895	True
DHRS4L2	10958	10958	True
DHRS7	2124	2124	True
DHRS7B	8260	8260	True
DHRS9	13745	13745	True
DHRSX	4357	4357	True
DHTKD1	2317	2317	True
DHX15	3537	3537	True
DHX16	10855	10855	True
DHX29	10748	10748	True
DHX30	7068	7068	True
DHX32	10405	10405	True
DHX33	5951	5951	True
DHX34	2878	2878	True
DHX35	7051	7051	True
DHX36	5883	5883	True
DHX37	8236	8236	True
DHX38	10093	10093	True
DHX40	6434	6434	True
DHX57	8405	8405	True
DHX58	11308	11308	True
DHX8	6841	6841	True
DHX9	9434	9434	True
DIABLO	12857	12857	True
DIAPH1	7074	7074	True
DIAPH2	3743	3743	True
DIAPH3	7488	7488	True
DICER1	6193	6193	True
DICER1-AS1	12505	12505	True
DIDO1	4407	4407	True
DIEXF	14671	14671	True
DIMT1	8759	8759	True
DIO1	14862	14862	True
DIO2	6268	6268	True
DIO3	13187	13187	True
DIP2A	7599	7599	True
DIP2B	4168	4168	True
DIP2C	2674	2674	True
DIRAS1	7022	7022	True
DIRAS2	12555	12555	True
DIRAS3	14971	14971	True
DIRC2	11249	11249	True
DIRC3	11551	11551	True
DIS3	5629	5629	True
DIS3L	3753	3753	True
DIS3L2	2150	2150	True
DISC1	864	864	True
DISP1	5232	5232	True
DISP2	12406	12406	True
DIXDC1	882	882	True
DKC1	7676	7676	True
DKK1	1778	1778	True
DKKL1	12643	12643	True
DLAT	10716	10716	True
DLC1	565	565	True
DLD	1854	1854	True
DLEC1	15253	15253	True
DLEU1	14452	14452	True
DLEU2	11639	11639	True
DLEU7	14634	14634	True
DLG1	5113	5113	True
DLG2	1677	1677	True
DLG3	9319	9319	True
DLG3-AS1	13228	13228	True
DLG4	3196	3196	True
DLG5	4152	4152	True
DLG5-AS1	14414	14414	True
DLGAP1	13497	13497	True
DLGAP1-AS1	11646	11646	True
DLGAP1-AS2	12908	12908	True
DLGAP3	12393	12393	True
DLGAP4	3854	3854	True
DLGAP5	5655	5655	True
DLK2	6399	6399	True
DLL1	3042	3042	True
DLL3	14201	14201	True
DLL4	84	84	True
DLST	7423	7423	True
DLX1	136	136	True
DLX2	100	100	True
DLX3	10501	10501	True
DLX4	10656	10656	True
DLX5	13131	13131	True
DMAP1	9002	9002	True
DMBX1	13260	13260	True
DMC1	11665	11665	True
DMD	11834	11834	True
DMGDH	12593	12593	True
DMKN	10014	10014	True
DMPK	1539	1539	True
DMRT1	13084	13084	True
DMRT2	14188	14188	True
DMRTA1	15	15	True
DMTF1	4699	4699	True
DMTN	209	209	True
DMWD	10138	10138	True
DMXL1	6508	6508	True
DMXL2	4537	4537	True
DNA2	2174	2174	True
DNAAF1	2271	2271	True
DNAAF2	9219	9219	True
DNAAF3	1316	1316	True
DNAAF5	12541	12541	True
DNAH1	10796	10796	True
DNAH10	12251	12251	True
DNAH10OS	14606	14606	True
DNAH11	11957	11957	True
DNAH12	11994	11994	True
DNAH14	4340	4340	True
DNAH17	11792	11792	True
DNAH2	11877	11877	True
DNAH3	13333	13333	True
DNAH5	11324	11324	True
DNAH6	11976	11976	True
DNAH7	11988	11988	True
DNAH8	13970	13970	True
DNAI1	13603	13603	True
DNAJA1	7353	7353	True
DNAJA2	10963	10963	True
DNAJA3	8452	8452	True
DNAJA4	777	777	True
DNAJB1	8127	8127	True
DNAJB11	6771	6771	True
DNAJB12	3652	3652	True
DNAJB13	15144	15144	True
DNAJB14	5955	5955	True
DNAJB2	1323	1323	True
DNAJB4	8920	8920	True
DNAJB5	6619	6619	True
DNAJB6	5859	5859	True
DNAJB7	14976	14976	True
DNAJB9	5314	5314	True
DNAJC1	6976	6976	True
DNAJC10	8858	8858	True
DNAJC11	5598	5598	True
DNAJC12	179	179	True
DNAJC13	4765	4765	True
DNAJC14	7023	7023	True
DNAJC15	5369	5369	True
DNAJC16	6278	6278	True
DNAJC17	9163	9163	True
DNAJC18	3413	3413	True
DNAJC19	8434	8434	True
DNAJC2	461	461	True
DNAJC21	8571	8571	True
DNAJC22	116	116	True
DNAJC24	7513	7513	True
DNAJC25	5311	5311	True
DNAJC25-GNG10	12625	12625	True
DNAJC27	5806	5806	True
DNAJC27-AS1	13010	13010	True
DNAJC28	11727	11727	True
DNAJC3	1875	1875	True
DNAJC30	7251	7251	True
DNAJC4	2370	2370	True
DNAJC5	10298	10298	True
DNAJC5B	13961	13961	True
DNAJC6	3228	3228	True
DNAJC7	7140	7140	True
DNAJC8	5977	5977	True
DNAJC9	3383	3383	True
DNAJC9-AS1	14972	14972	True
DNAL1	9376	9376	True
DNAL4	9821	9821	True
DNALI1	11435	11435	True
DNASE1	10031	10031	True
DNASE1L1	10889	10889	True
DNASE1L2	2600	2600	True
DNASE2	2126	2126	True
DND1	10505	10505	True
DNER	11298	11298	True
DNHD1	1564	1564	True
DNLZ	7797	7797	True
DNM1	746	746	True
DNM1L	5969	5969	True
DNM2	9489	9489	True
DNM3	592	592	True
DNMBP	9494	9494	True
DNMBP-AS1	14424	14424	True
DNMT1	1857	1857	True
DNMT3A	1064	1064	True
DNMT3B	311	311	True
DNPEP	2706	2706	True
DNPH1	10613	10613	True
DNTTIP1	5317	5317	True
DNTTIP2	9424	9424	True
DOC2A	9184	9184	True
DOCK1	3151	3151	True
DOCK10	9254	9254	True
DOCK11	395	395	True
DOCK2	13848	13848	True
DOCK3	11599	11599	True
DOCK4	149	149	True
DOCK5	807	807	True
DOCK6	7255	7255	True
DOCK7	5093	5093	True
DOCK8	11360	11360	True
DOCK9	3568	3568	True
DOHH	7718	7718	True
DOK1	7207	7207	True
DOK3	5227	5227	True
DOK4	8954	8954	True
DOK5	15245	15245	True
DOK6	14084	14084	True
DOK7	2449	2449	True
DOLK	7904	7904	True
DOLPP1	9768	9768	True
DONSON	8235	8235	True
DOPEY1	12742	12742	True
DOPEY2	12826	12826	True
DOT1L	5919	5919	True
DPAGT1	1408	1408	True
DPCD	8844	8844	True
DPF1	10103	10103	True
DPF2	5179	5179	True
DPF3	12828	12828	True
DPH1	10034	10034	True
DPH2	7403	7403	True
DPH3	5212	5212	True
DPH5	10312	10312	True
DPH6	3512	3512	True
DPH7	6579	6579	True
DPM1	6484	6484	True
DPM2	2180	2180	True
DPM3	3596	3596	True
DPP10	12479	12479	True
DPP3	8826	8826	True
DPP6	14518	14518	True
DPP7	7396	7396	True
DPP8	5974	5974	True
DPP9	1090	1090	True
DPP9-AS1	14460	14460	True
DPY19L1	649	649	True
DPY19L2	12333	12333	True
DPY19L3	10243	10243	True
DPY19L4	6459	6459	True
DPY30	4701	4701	True
DPYD	11236	11236	True
DPYSL2	1926	1926	True
DPYSL3	13736	13736	True
DPYSL4	11576	11576	True
DPYSL5	11562	11562	True
DR1	7191	7191	True
DRAIC	14392	14392	True
DRAM1	113	113	True
DRAM2	9292	9292	True
DRAP1	5596	5596	True
DRAXIN	14313	14313	True
DRD4	14854	14854	True
DRG1	3615	3615	True
DRG2	6431	6431	True
DRICH1	14593	14593	True
DROSHA	7684	7684	True
DSC2	5271	5271	True
DSC3	14265	14265	True
DSCAM	185	185	True
DSCAM-AS1	11123	11123	True
DSCAML1	13089	13089	True
DSCC1	3331	3331	True
DSCR3	14845	14845	True
DSCR8	14310	14310	True
DSE	3895	3895	True
DSEL	14007	14007	True
DSG2	9763	9763	True
DSN1	3398	3398	True
DSP	1667	1667	True
DST	1345	1345	True
DSTN	5338	5338	True
DSTYK	8234	8234	True
DTD1	8642	8642	True
DTD2	1476	1476	True
DTL	3712	3712	True
DTNA	3890	3890	True
DTNB	9051	9051	True
DTNBP1	11058	11058	True
DTWD1	3505	3505	True
DTWD2	7040	7040	True
DTX1	15047	15047	True
DTX2	1466	1466	True
DTX3	9605	9605	True
DTX3L	2048	2048	True
DTX4	831	831	True
DTYMK	8593	8593	True
DUOX1	12472	12472	True
DUS1L	9546	9546	True
DUS2	7542	7542	True
DUS3L	10437	10437	True
DUS4L	2123	2123	True
DUSP1	4791	4791	True
DUSP10	211	211	True
DUSP11	8992	8992	True
DUSP12	4525	4525	True
DUSP13	5128	5128	True
DUSP14	8059	8059	True
DUSP15	12102	12102	True
DUSP16	9711	9711	True
DUSP18	4087	4087	True
DUSP19	12261	12261	True
DUSP2	3900	3900	True
DUSP22	3815	3815	True
DUSP23	10860	10860	True
DUSP28	7812	7812	True
DUSP3	7914	7914	True
DUSP4	2408	2408	True
DUSP5	5485	5485	True
DUSP6	33	33	True
DUSP7	5048	5048	True
DUSP8	5764	5764	True
DUSP9	1241	1241	True
DUT	8895	8895	True
DVL1	5672	5672	True
DVL2	2840	2840	True
DVL3	8161	8161	True
DXO	6544	6544	True
DYM	3168	3168	True
DYNC1H1	7126	7126	True
DYNC1I1	11305	11305	True
DYNC1I2	4472	4472	True
DYNC1LI1	10942	10942	True
DYNC1LI2	8864	8864	True
DYNC2H1	7823	7823	True
DYNC2LI1	4555	4555	True
DYNLL1	5383	5383	True
DYNLL2	10380	10380	True
DYNLRB1	9456	9456	True
DYNLRB2	9384	9384	True
DYNLT1	2677	2677	True
DYNLT3	2802	2802	True
DYRK1A	10862	10862	True
DYRK1B	7466	7466	True
DYRK2	10451	10451	True
DYRK3	2447	2447	True
DYRK4	7391	7391	True
DYSF	12461	12461	True
DYX1C1	14205	14205	True
DZANK1	1897	1897	True
DZIP1L	11893	11893	True
DZIP3	3102	3102	True
E2F1	1468	1468	True
E2F2	3866	3866	True
E2F3	3138	3138	True
E2F4	5838	5838	True
E2F5	2975	2975	True
E2F6	7686	7686	True
E2F7	3930	3930	True
E2F8	4896	4896	True
E4F1	4374	4374	True
EAF1	2788	2788	True
EAF1-AS1	15159	15159	True
EAF2	7825	7825	True
EAPP	463	463	True
EARS2	1057	1057	True
EBAG9	9151	9151	True
EBF1	13282	13282	True
EBF2	11411	11411	True
EBF3	13777	13777	True
EBF4	227	227	True
EBLN2	4761	4761	True
EBNA1BP2	10762	10762	True
EBP	2435	2435	True
EBPL	7972	7972	True
ECD	4534	4534	True
ECE1	1925	1925	True
ECE2	13517	13517	True
ECEL1	13667	13667	True
ECH1	3087	3087	True
ECHDC1	3739	3739	True
ECHDC2	10819	10819	True
ECHDC3	3238	3238	True
ECHS1	7934	7934	True
ECI1	7564	7564	True
ECI2	6182	6182	True
ECM1	5132	5132	True
ECM2	11989	11989	True
ECSIT	2938	2938	True
ECT2	6167	6167	True
ECT2L	15075	15075	True
EDA	11975	11975	True
EDA2R	789	789	True
EDARADD	228	228	True
EDC3	5726	5726	True
EDC4	5455	5455	True
EDEM1	6175	6175	True
EDEM2	5012	5012	True
EDEM3	5820	5820	True
EDF1	7445	7445	True
EDIL3	13516	13516	True
EDN1	122	122	True
EDN2	1235	1235	True
EDNRA	12011	12011	True
EDRF1	2616	2616	True
EEA1	7217	7217	True
EED	2614	2614	True
EEF1A1	5794	5794	True
EEF1A2	7946	7946	True
EEF1B2	4606	4606	True
EEF1D	3341	3341	True
EEF1E1	9012	9012	True
EEF1G	9301	9301	True
EEF2	4767	4767	True
EEF2K	9941	9941	True
EEF2KMT	12565	12565	True
EEFSEC	3649	3649	True
EEPD1	34	34	True
EFCAB10	14936	14936	True
EFCAB11	10566	10566	True
EFCAB12	14752	14752	True
EFCAB13	10200	10200	True
EFCAB14	8882	8882	True
EFCAB2	10543	10543	True
EFCAB5	12379	12379	True
EFCAB6	12349	12349	True
EFCAB7	10356	10356	True
EFCC1	11720	11720	True
EFEMP1	491	491	True
EFEMP2	12495	12495	True
EFHB	12014	12014	True
EFHC1	7873	7873	True
EFHC2	14827	14827	True
EFHD1	2326	2326	True
EFHD2	8454	8454	True
EFNA1	3169	3169	True
EFNA3	3823	3823	True
EFNA4	10693	10693	True
EFNA5	1795	1795	True
EFNB1	4988	4988	True
EFNB2	7410	7410	True
EFNB3	1082	1082	True
EFR3A	7172	7172	True
EFR3B	6916	6916	True
EFS	11502	11502	True
EFTUD1	15066	15066	True
EFTUD2	4815	4815	True
EGF	12790	12790	True
EGFL7	5020	5020	True
EGFL8	11931	11931	True
EGFR	35	35	True
EGLN1	2232	2232	True
EGLN2	969	969	True
EGLN3	439	439	True
EGR1	1594	1594	True
EGR2	2085	2085	True
EGR3	450	450	True
EHBP1	9250	9250	True
EHBP1L1	5558	5558	True
EHD1	7640	7640	True
EHD2	1143	1143	True
EHD3	897	897	True
EHD4	2990	2990	True
EHF	642	642	True
EHHADH	1714	1714	True
EHMT1	6690	6690	True
EHMT2	5972	5972	True
EI24	8510	8510	True
EID1	9679	9679	True
EID2	9043	9043	True
EID2B	4164	4164	True
EID3	12738	12738	True
EIF1	6817	6817	True
EIF1AD	7275	7275	True
EIF1AX	7907	7907	True
EIF1B	6821	6821	True
EIF2A	6667	6667	True
EIF2AK1	5492	5492	True
EIF2AK2	3128	3128	True
EIF2AK3	7277	7277	True
EIF2AK4	2978	2978	True
EIF2B1	9256	9256	True
EIF2B2	2531	2531	True
EIF2B3	5272	5272	True
EIF2B4	3882	3882	True
EIF2B5	6554	6554	True
EIF2D	8451	8451	True
EIF2S1	10376	10376	True
EIF2S2	10416	10416	True
EIF2S3	6355	6355	True
EIF3A	9860	9860	True
EIF3B	7135	7135	True
EIF3C	9101	9101	True
EIF3CL	5945	5945	True
EIF3D	8873	8873	True
EIF3E	4803	4803	True
EIF3F	8752	8752	True
EIF3G	6996	6996	True
EIF3H	5208	5208	True
EIF3I	5470	5470	True
EIF3J	7677	7677	True
EIF3K	10029	10029	True
EIF3L	10402	10402	True
EIF3M	4768	4768	True
EIF4A1	9915	9915	True
EIF4A2	8169	8169	True
EIF4A3	9109	9109	True
EIF4B	8160	8160	True
EIF4E	9484	9484	True
EIF4E2	10791	10791	True
EIF4E3	2898	2898	True
EIF4EBP1	1946	1946	True
EIF4EBP2	6265	6265	True
EIF4EBP3	9435	9435	True
EIF4ENIF1	2536	2536	True
EIF4G1	5319	5319	True
EIF4G2	10653	10653	True
EIF4G3	5504	5504	True
EIF4H	6060	6060	True
EIF5	5376	5376	True
EIF5A	9281	9281	True
EIF5A2	5824	5824	True
EIF5AL1	11005	11005	True
EIF5B	3929	3929	True
EIF6	7178	7178	True
ELAC1	1000	1000	True
ELAC2	7025	7025	True
ELAVL1	10475	10475	True
ELAVL2	8240	8240	True
ELF1	3621	3621	True
ELF2	10319	10319	True
ELF3	1088	1088	True
ELF4	3475	3475	True
ELF5	2639	2639	True
ELFN1	2334	2334	True
ELFN2	4126	4126	True
ELK1	9030	9030	True
ELK3	1008	1008	True
ELK4	2932	2932	True
ELL	8789	8789	True
ELL2	126	126	True
ELL3	10967	10967	True
ELMO1	12500	12500	True
ELMO2	7235	7235	True
ELMO3	1975	1975	True
ELMOD2	10057	10057	True
ELMOD3	6548	6548	True
ELMSAN1	4431	4431	True
ELN	13810	13810	True
ELOF1	9175	9175	True
ELOVL1	10106	10106	True
ELOVL2	70	70	True
ELOVL3	14877	14877	True
ELOVL4	1830	1830	True
ELOVL5	1019	1019	True
ELOVL6	6935	6935	True
ELOVL7	7238	7238	True
ELP2	5488	5488	True
ELP3	2495	2495	True
ELP4	1367	1367	True
ELP5	5870	5870	True
ELP6	4763	4763	True
EMB	3478	3478	True
EMC1	5087	5087	True
EMC10	6078	6078	True
EMC2	3412	3412	True
EMC3	5980	5980	True
EMC4	6130	6130	True
EMC6	8218	8218	True
EMC7	9922	9922	True
EMC8	9706	9706	True
EMC9	4957	4957	True
EMCN	6855	6855	True
EMD	6211	6211	True
EME1	4226	4226	True
EME2	2505	2505	True
EMG1	9556	9556	True
EMID1	7019	7019	True
EMILIN1	12364	12364	True
EMILIN2	11602	11602	True
EML1	4788	4788	True
EML2	10000	10000	True
EML3	8855	8855	True
EML4	3148	3148	True
EML5	256	256	True
EML6	8582	8582	True
EMP1	2665	2665	True
EMP2	11141	11141	True
EMP3	10484	10484	True
EMX1	14526	14526	True
EN1	13877	13877	True
EN2	9582	9582	True
ENAH	6937	6937	True
ENC1	5730	5730	True
ENDOD1	4882	4882	True
ENDOG	5185	5185	True
ENDOU	15053	15053	True
ENDOV	10782	10782	True
ENG	4134	4134	True
ENGASE	6948	6948	True
ENHO	12711	12711	True
ENKD1	4659	4659	True
ENO1	5889	5889	True
ENO1-AS1	11902	11902	True
ENO2	379	379	True
ENO3	8359	8359	True
ENO4	12089	12089	True
ENOPH1	10715	10715	True
ENOSF1	10870	10870	True
ENOX1	8444	8444	True
ENOX2	2226	2226	True
ENPEP	4330	4330	True
ENPP1	434	434	True
ENPP3	13431	13431	True
ENPP4	1894	1894	True
ENPP5	5197	5197	True
ENSA	7680	7680	True
ENTHD2	14781	14781	True
ENTPD1	1938	1938	True
ENTPD1-AS1	11182	11182	True
ENTPD2	4727	4727	True
ENTPD3	700	700	True
ENTPD3-AS1	12903	12903	True
ENTPD4	2689	2689	True
ENTPD5	5533	5533	True
ENTPD6	3434	3434	True
ENTPD7	8056	8056	True
ENTPD8	2728	2728	True
ENY2	5839	5839	True
EOGT	9644	9644	True
EOMES	13662	13662	True
EP300	2468	2468	True
EP400	9983	9983	True
EPAS1	6	6	True
EPB41	5531	5531	True
EPB41L1	2599	2599	True
EPB41L2	407	407	True
EPB41L3	13690	13690	True
EPB41L4A	4866	4866	True
EPB41L4A-AS1	12453	12453	True
EPB41L4B	7343	7343	True
EPB41L5	449	449	True
EPC1	5754	5754	True
EPC2	9660	9660	True
EPCAM	6915	6915	True
EPDR1	8077	8077	True
EPG5	5848	5848	True
EPGN	14049	14049	True
EPHA1	1363	1363	True
EPHA10	8631	8631	True
EPHA2	4940	4940	True
EPHA3	13998	13998	True
EPHA4	2116	2116	True
EPHA6	11742	11742	True
EPHB1	11593	11593	True
EPHB2	2771	2771	True
EPHB3	6647	6647	True
EPHB4	9589	9589	True
EPHB6	182	182	True
EPHX1	6302	6302	True
EPHX2	8163	8163	True
EPHX3	15255	15255	True
EPHX4	11928	11928	True
EPM2A	8852	8852	True
EPM2AIP1	5657	5657	True
EPN1	7249	7249	True
EPN2	3672	3672	True
EPN2-AS1	15150	15150	True
EPN3	9670	9670	True
EPOR	692	692	True
EPPK1	1469	1469	True
EPRS	4237	4237	True
EPS15	4345	4345	True
EPS15L1	137	137	True
EPS8	5340	5340	True
EPS8L1	10866	10866	True
EPS8L2	1451	1451	True
EPSTI1	14707	14707	True
EPT1	14328	14328	True
ERAL1	9397	9397	True
ERAP1	2863	2863	True
ERAP2	11765	11765	True
ERBB2	1365	1365	True
ERBB2IP	14967	14967	True
ERBB3	1375	1375	True
ERBB4	487	487	True
ERC1	4203	4203	True
ERC2	12725	12725	True
ERCC1	3044	3044	True
ERCC2	10032	10032	True
ERCC3	4465	4465	True
ERCC4	6739	6739	True
ERCC5	4931	4931	True
ERCC6	6417	6417	True
ERCC6-PGBD3	14923	14923	True
ERCC6L	10690	10690	True
ERCC6L2	9198	9198	True
ERCC8	4585	4585	True
EREG	11478	11478	True
ERF	9710	9710	True
ERG	1387	1387	True
ERGIC1	5346	5346	True
ERGIC2	5341	5341	True
ERGIC3	9936	9936	True
ERH	9520	9520	True
ERI1	8172	8172	True
ERI2	3122	3122	True
ERI3	10366	10366	True
ERICD	14482	14482	True
ERICH1	1317	1317	True
ERICH2	11809	11809	True
ERICH5	14668	14668	True
ERICH6	13245	13245	True
ERICH6-AS1	11208	11208	True
ERLEC1	4951	4951	True
ERLIN1	6440	6440	True
ERLIN2	5375	5375	True
ERMAP	10036	10036	True
ERMARD	4332	4332	True
ERMP1	1125	1125	True
ERN1	3226	3226	True
ERO1A	13638	13638	True
ERO1B	13332	13332	True
ERP27	11327	11327	True
ERP29	6260	6260	True
ERP44	9925	9925	True
ERRFI1	123	123	True
ERV3-1	9422	9422	True
ERVK3-1	12820	12820	True
ERVMER34-1	7418	7418	True
ERVV-1	13607	13607	True
ERVV-2	15042	15042	True
ESAM	10361	10361	True
ESCO1	10164	10164	True
ESCO2	4252	4252	True
ESD	8334	8334	True
ESF1	10197	10197	True
ESPL1	3417	3417	True
ESPN	665	665	True
ESR1	474	474	True
ESR2	11635	11635	True
ESRP1	2147	2147	True
ESRP2	5907	5907	True
ESRRA	3270	3270	True
ESRRB	12811	12811	True
ESRRG	12374	12374	True
ESYT1	9953	9953	True
ESYT2	3945	3945	True
ESYT3	9116	9116	True
ETAA1	2930	2930	True
ETF1	6725	6725	True
ETFA	6331	6331	True
ETFB	3265	3265	True
ETFDH	10398	10398	True
ETHE1	4161	4161	True
ETNK1	6692	6692	True
ETNK2	773	773	True
ETS1	13754	13754	True
ETS2	479	479	True
ETV1	13716	13716	True
ETV2	9905	9905	True
ETV3	7855	7855	True
ETV4	652	652	True
ETV5	59	59	True
ETV6	1102	1102	True
ETV7	3808	3808	True
EVA1A	14828	14828	True
EVA1B	3674	3674	True
EVA1C	8709	8709	True
EVC	13950	13950	True
EVI2A	12503	12503	True
EVI2B	12246	12246	True
EVI5	8714	8714	True
EVI5L	6240	6240	True
EVL	2514	2514	True
EVPL	9739	9739	True
EVPLL	11296	11296	True
EWSAT1	13841	13841	True
EWSR1	4848	4848	True
EXD1	14732	14732	True
EXD2	2043	2043	True
EXD3	4718	4718	True
EXO1	7357	7357	True
EXO5	1210	1210	True
EXOC1	10833	10833	True
EXOC2	7745	7745	True
EXOC3	9890	9890	True
EXOC3-AS1	14583	14583	True
EXOC3L1	11814	11814	True
EXOC3L4	706	706	True
EXOC4	5887	5887	True
EXOC5	9691	9691	True
EXOC6	3832	3832	True
EXOC6B	3016	3016	True
EXOC7	7572	7572	True
EXOC8	6614	6614	True
EXOG	9581	9581	True
EXOSC1	5144	5144	True
EXOSC10	5476	5476	True
EXOSC2	5159	5159	True
EXOSC3	11031	11031	True
EXOSC4	10753	10753	True
EXOSC5	6461	6461	True
EXOSC6	10710	10710	True
EXOSC7	10323	10323	True
EXOSC8	10542	10542	True
EXOSC9	6986	6986	True
EXPH5	303	303	True
EXT1	1636	1636	True
EXT2	6046	6046	True
EXTL2	10607	10607	True
EXTL3	3487	3487	True
EXTL3-AS1	15120	15120	True
EYA1	14580	14580	True
EYA2	125	125	True
EYA3	6044	6044	True
EYA4	11122	11122	True
EYS	11269	11269	True
EZH1	3709	3709	True
EZH2	1921	1921	True
EZR	1385	1385	True
F11R	6406	6406	True
F12	10115	10115	True
F2R	232	232	True
F2RL1	682	682	True
F2RL2	14929	14929	True
F2RL3	14037	14037	True
F3	162	162	True
F5	606	606	True
F8	6857	6857	True
F8A1	4234	4234	True
FA2H	4099	4099	True
FAAH	6250	6250	True
FAAH2	4528	4528	True
FAAP100	14415	14415	True
FAAP20	13294	13294	True
FAAP24	14901	14901	True
FABP2	14850	14850	True
FABP3	14050	14050	True
FABP4	13680	13680	True
FABP5	525	525	True
FABP6	11469	11469	True
FADD	10063	10063	True
FADS1	372	372	True
FADS2	1695	1695	True
FADS3	1297	1297	True
FAF1	6516	6516	True
FAF2	5868	5868	True
FAH	10050	10050	True
FAHD1	1577	1577	True
FAHD2A	7390	7390	True
FAHD2B	1567	1567	True
FAIM	3240	3240	True
FAIM2	11472	11472	True
FALEC	14896	14896	True
FAM102A	87	87	True
FAM102B	574	574	True
FAM103A1	15036	15036	True
FAM104A	6488	6488	True
FAM104B	4833	4833	True
FAM105A	13032	13032	True
FAM107B	9560	9560	True
FAM109A	14812	14812	True
FAM109B	13469	13469	True
FAM110A	4179	4179	True
FAM110B	6528	6528	True
FAM110C	1069	1069	True
FAM110D	15199	15199	True
FAM111A	10752	10752	True
FAM111B	7781	7781	True
FAM114A1	2294	2294	True
FAM114A2	8481	8481	True
FAM117A	10618	10618	True
FAM117B	4079	4079	True
FAM118A	9874	9874	True
FAM118B	5377	5377	True
FAM120A	9311	9311	True
FAM120AOS	9517	9517	True
FAM120B	5201	5201	True
FAM120C	1767	1767	True
FAM122A	6727	6727	True
FAM122B	1769	1769	True
FAM122C	4779	4779	True
FAM124A	11660	11660	True
FAM126A	10647	10647	True
FAM126B	5893	5893	True
FAM127A	15025	15025	True
FAM127B	14409	14409	True
FAM127C	14302	14302	True
FAM129A	13556	13556	True
FAM129B	12153	12153	True
FAM131A	9199	9199	True
FAM131B	15221	15221	True
FAM131C	12322	12322	True
FAM132B	14487	14487	True
FAM133A	13109	13109	True
FAM133B	4198	4198	True
FAM134A	13857	13857	True
FAM134B	13875	13875	True
FAM134C	14558	14558	True
FAM135A	2926	2926	True
FAM136A	3629	3629	True
FAM13A	556	556	True
FAM13A-AS1	15155	15155	True
FAM13B	7989	7989	True
FAM13C	13293	13293	True
FAM149A	5330	5330	True
FAM149B1	7567	7567	True
FAM151B	12250	12250	True
FAM155A	14053	14053	True
FAM155B	7160	7160	True
FAM156A	11433	11433	True
FAM156B	14894	14894	True
FAM157A	14138	14138	True
FAM157C	11762	11762	True
FAM160A1	7180	7180	True
FAM160A2	8747	8747	True
FAM160B1	8969	8969	True
FAM160B2	1389	1389	True
FAM161A	3285	3285	True
FAM161B	7424	7424	True
FAM162A	6585	6585	True
FAM167A	1176	1176	True
FAM167B	12141	12141	True
FAM168A	4403	4403	True
FAM168B	5220	5220	True
FAM169A	2321	2321	True
FAM171A1	170	170	True
FAM171A2	3617	3617	True
FAM171B	722	722	True
FAM172A	4214	4214	True
FAM173A	12209	12209	True
FAM173B	12230	12230	True
FAM174A	9099	9099	True
FAM174B	9478	9478	True
FAM175A	14426	14426	True
FAM175B	15149	15149	True
FAM177A1	1598	1598	True
FAM177B	12386	12386	True
FAM178B	1137	1137	True
FAM179B	14697	14697	True
FAM182B	13079	13079	True
FAM183A	1966	1966	True
FAM184A	12443	12443	True
FAM184B	12054	12054	True
FAM185A	3545	3545	True
FAM186A	13309	13309	True
FAM186B	14988	14988	True
FAM188A	13771	13771	True
FAM189A1	12136	12136	True
FAM189A2	6994	6994	True
FAM189B	10215	10215	True
FAM192A	10808	10808	True
FAM193A	10905	10905	True
FAM193B	8675	8675	True
FAM195A	13376	13376	True
FAM195B	14900	14900	True
FAM196A	13913	13913	True
FAM198A	13784	13784	True
FAM198B	11387	11387	True
FAM199X	4986	4986	True
FAM19A2	14810	14810	True
FAM19A5	11264	11264	True
FAM200A	4918	4918	True
FAM200B	1498	1498	True
FAM201A	12667	12667	True
FAM204A	10171	10171	True
FAM206A	12278	12278	True
FAM207A	3163	3163	True
FAM208A	11399	11399	True
FAM208B	11876	11876	True
FAM209A	12540	12540	True
FAM209B	11745	11745	True
FAM20A	12320	12320	True
FAM20B	9196	9196	True
FAM20C	809	809	True
FAM210A	5741	5741	True
FAM210B	6779	6779	True
FAM212B	13433	13433	True
FAM213A	11473	11473	True
FAM213B	11938	11938	True
FAM214A	1168	1168	True
FAM214B	1254	1254	True
FAM216A	896	896	True
FAM217A	14809	14809	True
FAM217B	10456	10456	True
FAM218A	12891	12891	True
FAM219A	2648	2648	True
FAM219B	2471	2471	True
FAM21A	14500	14500	True
FAM21C	15212	15212	True
FAM220A	12400	12400	True
FAM221A	7724	7724	True
FAM222A	6200	6200	True
FAM222A-AS1	13230	13230	True
FAM222B	4642	4642	True
FAM225A	14829	14829	True
FAM227A	12537	12537	True
FAM227B	5000	5000	True
FAM228B	11057	11057	True
FAM229A	6380	6380	True
FAM229B	4626	4626	True
FAM24B	8209	8209	True
FAM25A	843	843	True
FAM26F	13348	13348	True
FAM32A	5734	5734	True
FAM35A	14299	14299	True
FAM3A	10902	10902	True
FAM3B	14925	14925	True
FAM3C	6755	6755	True
FAM41C	14477	14477	True
FAM43A	5917	5917	True
FAM45A	12355	12355	True
FAM46A	13833	13833	True
FAM46B	13159	13159	True
FAM46C	13473	13473	True
FAM47E	10179	10179	True
FAM49A	14081	14081	True
FAM49B	4478	4478	True
FAM50A	3476	3476	True
FAM50B	9801	9801	True
FAM53A	4511	4511	True
FAM53B	3650	3650	True
FAM53C	8554	8554	True
FAM57A	12101	12101	True
FAM57B	11314	11314	True
FAM58A	15122	15122	True
FAM60A	14831	14831	True
FAM63A	13399	13399	True
FAM63B	14446	14446	True
FAM64A	13510	13510	True
FAM65A	14742	14742	True
FAM65C	14104	14104	True
FAM66C	12554	12554	True
FAM69A	11569	11569	True
FAM69B	13543	13543	True
FAM71D	12925	12925	True
FAM71E1	8906	8906	True
FAM71F1	15015	15015	True
FAM71F2	12172	12172	True
FAM72A	2747	2747	True
FAM72B	11514	11514	True
FAM72C	13423	13423	True
FAM72D	11322	11322	True
FAM73A	14055	14055	True
FAM73B	14462	14462	True
FAM76A	7078	7078	True
FAM76B	7794	7794	True
FAM78A	12351	12351	True
FAM78B	12852	12852	True
FAM81A	2841	2841	True
FAM81B	13565	13565	True
FAM83A	1485	1485	True
FAM83B	1056	1056	True
FAM83C	14140	14140	True
FAM83D	5583	5583	True
FAM83E	12661	12661	True
FAM83F	13823	13823	True
FAM83G	3600	3600	True
FAM83H	2920	2920	True
FAM84A	12071	12071	True
FAM84B	11755	11755	True
FAM86B1	9980	9980	True
FAM86B2	13952	13952	True
FAM86C1	7658	7658	True
FAM89A	201	201	True
FAM89B	6314	6314	True
FAM8A1	1576	1576	True
FAM91A1	10147	10147	True
FAM92A1	13072	13072	True
FAM96A	12630	12630	True
FAM96B	12847	12847	True
FAM98A	9735	9735	True
FAM98B	4997	4997	True
FAM98C	8342	8342	True
FAN1	5981	5981	True
FANCA	10635	10635	True
FANCB	4270	4270	True
FANCC	3947	3947	True
FANCD2	10168	10168	True
FANCD2OS	12493	12493	True
FANCE	9022	9022	True
FANCF	4947	4947	True
FANCG	4505	4505	True
FANCI	3304	3304	True
FANCL	10414	10414	True
FANCM	4269	4269	True
FANK1	10769	10769	True
FAR1	7192	7192	True
FAR2	1711	1711	True
FARP1	4865	4865	True
FARP2	3558	3558	True
FARS2	3353	3353	True
FARSA	2498	2498	True
FARSB	2481	2481	True
FAS	6478	6478	True
FASN	4871	4871	True
FASTK	11002	11002	True
FASTKD1	3411	3411	True
FASTKD2	6618	6618	True
FASTKD3	4542	4542	True
FASTKD5	8908	8908	True
FAT1	3155	3155	True
FAT2	13999	13999	True
FAT3	14488	14488	True
FAT4	13909	13909	True
FAU	10089	10089	True
FAXC	1502	1502	True
FAXDC2	1012	1012	True
FBF1	11404	11404	True
FBL	8927	8927	True
FBLIM1	289	289	True
FBLN1	2470	2470	True
FBLN2	13995	13995	True
FBLN5	11374	11374	True
FBLN7	12465	12465	True
FBN1	12975	12975	True
FBN2	11543	11543	True
FBP1	580	580	True
FBP2	13328	13328	True
FBRS	6824	6824	True
FBRSL1	10601	10601	True
FBXL12	5532	5532	True
FBXL13	12809	12809	True
FBXL14	3334	3334	True
FBXL15	4808	4808	True
FBXL16	2442	2442	True
FBXL17	9750	9750	True
FBXL18	9139	9139	True
FBXL19	9907	9907	True
FBXL19-AS1	12587	12587	True
FBXL2	9148	9148	True
FBXL20	5396	5396	True
FBXL22	1487	1487	True
FBXL3	8699	8699	True
FBXL4	6989	6989	True
FBXL5	5158	5158	True
FBXL6	3552	3552	True
FBXL7	11276	11276	True
FBXL8	10466	10466	True
FBXO10	4680	4680	True
FBXO11	4311	4311	True
FBXO15	7335	7335	True
FBXO16	6555	6555	True
FBXO17	4289	4289	True
FBXO18	13445	13445	True
FBXO2	2094	2094	True
FBXO21	10872	10872	True
FBXO22	7254	7254	True
FBXO24	11746	11746	True
FBXO25	1446	1446	True
FBXO27	3019	3019	True
FBXO28	2459	2459	True
FBXO3	9665	9665	True
FBXO30	4066	4066	True
FBXO31	6089	6089	True
FBXO32	336	336	True
FBXO33	1009	1009	True
FBXO34	4915	4915	True
FBXO36	9212	9212	True
FBXO38	9642	9642	True
FBXO4	8362	8362	True
FBXO41	3641	3641	True
FBXO42	8152	8152	True
FBXO43	13394	13394	True
FBXO44	685	685	True
FBXO45	4716	4716	True
FBXO46	10827	10827	True
FBXO47	15102	15102	True
FBXO48	11869	11869	True
FBXO5	10256	10256	True
FBXO6	7320	7320	True
FBXO7	2606	2606	True
FBXO8	5646	5646	True
FBXO9	8251	8251	True
FBXW10	14256	14256	True
FBXW11	8392	8392	True
FBXW2	8110	8110	True
FBXW4	4304	4304	True
FBXW5	8952	8952	True
FBXW7	3954	3954	True
FBXW8	1496	1496	True
FBXW9	4339	4339	True
FCF1	10005	10005	True
FCGBP	14330	14330	True
FCGR2A	14869	14869	True
FCGRT	11490	11490	True
FCHO1	632	632	True
FCHO2	5515	5515	True
FCHSD1	2935	2935	True
FCHSD2	6621	6621	True
FCRLB	6227	6227	True
FDCSP	13872	13872	True
FDFT1	1133	1133	True
FDPS	1161	1161	True
FDX1	8216	8216	True
FDXACB1	5343	5343	True
FDXR	5146	5146	True
FECH	6898	6898	True
FEM1A	4732	4732	True
FEM1B	8604	8604	True
FEM1C	9277	9277	True
FEN1	3063	3063	True
FER	7289	7289	True
FER1L6	13227	13227	True
FERMT1	473	473	True
FERMT2	1856	1856	True
FERMT3	10470	10470	True
FES	13427	13427	True
FEZ1	2097	2097	True
FEZ2	1282	1282	True
FEZF1	13164	13164	True
FEZF1-AS1	13033	13033	True
FFAR2	8848	8848	True
FFAR4	13541	13541	True
FGB	11959	11959	True
FGD1	4389	4389	True
FGD3	5	5	True
FGD4	10562	10562	True
FGD5	13596	13596	True
FGD5-AS1	12674	12674	True
FGD6	124	124	True
FGF1	12282	12282	True
FGF11	1655	1655	True
FGF12	1707	1707	True
FGF13	205	205	True
FGF18	11319	11319	True
FGF2	14142	14142	True
FGF7	11981	11981	True
FGFBP2	626	626	True
FGFBP3	6449	6449	True
FGFR1	5310	5310	True
FGFR1OP	29	29	True
FGFR1OP2	8397	8397	True
FGFR2	1409	1409	True
FGFR3	2002	2002	True
FGFR4	602	602	True
FGFRL1	4968	4968	True
FGG	13557	13557	True
FGGY	4121	4121	True
FGL1	13693	13693	True
FGL2	13550	13550	True
FH	4390	4390	True
FHAD1	12888	12888	True
FHDC1	9655	9655	True
FHIT	5850	5850	True
FHL1	2244	2244	True
FHL2	8718	8718	True
FHL3	1135	1135	True
FHOD1	6321	6321	True
FHOD3	12219	12219	True
FIBCD1	2512	2512	True
FIBIN	13631	13631	True
FIBP	6093	6093	True
FICD	5681	5681	True
FIG4	7906	7906	True
FIGN	2299	2299	True
FIGNL1	3536	3536	True
FILIP1	12024	12024	True
FILIP1L	1634	1634	True
FIP1L1	10162	10162	True
FIRRE	13071	13071	True
FIS1	7175	7175	True
FITM1	13167	13167	True
FITM2	3298	3298	True
FIZ1	10763	10763	True
FJX1	1638	1638	True
FKBP10	3192	3192	True
FKBP11	1779	1779	True
FKBP14	10731	10731	True
FKBP15	4744	4744	True
FKBP1A	6811	6811	True
FKBP1B	8987	8987	True
FKBP2	5033	5033	True
FKBP3	2183	2183	True
FKBP4	5547	5547	True
FKBP5	6439	6439	True
FKBP7	9656	9656	True
FKBP8	7585	7585	True
FKBP9	5922	5922	True
FKBPL	5749	5749	True
FKRP	5992	5992	True
FKTN	3516	3516	True
FLAD1	3985	3985	True
FLCN	5781	5781	True
FLII	4646	4646	True
FLNA	2620	2620	True
FLNB	978	978	True
FLNC	15123	15123	True
FLOT1	3992	3992	True
FLOT2	9761	9761	True
FLRT1	14163	14163	True
FLRT2	14815	14815	True
FLRT3	11669	11669	True
FLT1	12281	12281	True
FLT3	12012	12012	True
FLT3LG	1731	1731	True
FLT4	2894	2894	True
FLVCR1	6702	6702	True
FLVCR2	727	727	True
FLYWCH1	7526	7526	True
FLYWCH2	8846	8846	True
FMN1	1766	1766	True
FMN2	14286	14286	True
FMNL1	3665	3665	True
FMNL2	2627	2627	True
FMNL3	10498	10498	True
FMO4	4914	4914	True
FMO5	3963	3963	True
FMOD	14799	14799	True
FMR1	4781	4781	True
FN1	333	333	True
FN3K	4376	4376	True
FN3KRP	5551	5551	True
FNBP1	10594	10594	True
FNBP1L	784	784	True
FNBP4	6480	6480	True
FNDC3A	7945	7945	True
FNDC3B	2167	2167	True
FNDC4	13907	13907	True
FNDC5	12094	12094	True
FNIP1	10904	10904	True
FNIP2	1892	1892	True
FNTA	1051	1051	True
FNTB	1542	1542	True
FOCAD	7737	7737	True
FOLR1	749	749	True
FOPNL	10767	10767	True
FOS	8465	8465	True
FOSB	10037	10037	True
FOSL1	304	304	True
FOSL2	1154	1154	True
FOXA1	1874	1874	True
FOXA3	13601	13601	True
FOXC1	3846	3846	True
FOXD1	903	903	True
FOXD2	12021	12021	True
FOXD2-AS1	12647	12647	True
FOXD3	11961	11961	True
FOXD3-AS1	12678	12678	True
FOXD4	11837	11837	True
FOXH1	14737	14737	True
FOXI3	11696	11696	True
FOXJ1	13731	13731	True
FOXJ2	2891	2891	True
FOXJ3	9316	9316	True
FOXK1	9191	9191	True
FOXK2	8501	8501	True
FOXM1	4598	4598	True
FOXN1	13320	13320	True
FOXN2	6886	6886	True
FOXN3	7870	7870	True
FOXN3-AS1	11196	11196	True
FOXO1	432	432	True
FOXO3	4312	4312	True
FOXO3B	14885	14885	True
FOXO4	3289	3289	True
FOXO6	1343	1343	True
FOXP1	785	785	True
FOXP2	6410	6410	True
FOXP3	11713	11713	True
FOXP4	759	759	True
FOXP4-AS1	11153	11153	True
FOXRED1	6572	6572	True
FOXRED2	2465	2465	True
FPGS	10444	10444	True
FPGT	9271	9271	True
FPGT-TNNI3K	14444	14444	True
FPR3	14927	14927	True
FRA10AC1	10113	10113	True
FRAS1	995	995	True
FRAT1	6454	6454	True
FRAT2	8632	8632	True
FREM2	11135	11135	True
FRG1	9260	9260	True
FRK	180	180	True
FRMD3	3406	3406	True
FRMD4A	321	321	True
FRMD4B	5137	5137	True
FRMD5	12431	12431	True
FRMD6	1802	1802	True
FRMD6-AS1	11206	11206	True
FRMD8	3833	3833	True
FRMPD1	12773	12773	True
FRMPD3	12654	12654	True
FRRS1	6675	6675	True
FRS2	6921	6921	True
FRS3	5602	5602	True
FRY	1726	1726	True
FRY-AS1	13602	13602	True
FRYL	9909	9909	True
FSBP	13457	13457	True
FSCN1	9987	9987	True
FSCN2	11986	11986	True
FSCN3	13179	13179	True
FSD1	11121	11121	True
FSD1L	1850	1850	True
FSD2	12860	12860	True
FSIP1	11681	11681	True
FSIP2	11878	11878	True
FSIP2-AS1	14011	14011	True
FST	12701	12701	True
FSTL1	1077	1077	True
FSTL3	5328	5328	True
FSTL4	2504	2504	True
FSTL5	15016	15016	True
FTCD	11942	11942	True
FTCDNL1	11192	11192	True
FTH1	6501	6501	True
FTL	5223	5223	True
FTO	7560	7560	True
FTSJ1	4952	4952	True
FTSJ2	13534	13534	True
FTSJ3	6953	6953	True
FTX	12691	12691	True
FUBP1	10894	10894	True
FUBP3	5003	5003	True
FUCA1	5353	5353	True
FUCA2	5845	5845	True
FUK	12744	12744	True
FUNDC1	10758	10758	True
FUNDC2	1971	1971	True
FUOM	835	835	True
FURIN	157	157	True
FUS	5351	5351	True
FUT1	7328	7328	True
FUT10	8569	8569	True
FUT11	2358	2358	True
FUT2	12418	12418	True
FUT3	14076	14076	True
FUT4	7778	7778	True
FUT8	360	360	True
FUT8-AS1	11361	11361	True
FUT9	11350	11350	True
FUZ	3690	3690	True
FXN	8175	8175	True
FXR1	6442	6442	True
FXR2	3742	3742	True
FXYD3	1264	1264	True
FXYD5	11734	11734	True
FXYD6	5519	5519	True
FYCO1	9981	9981	True
FYN	3248	3248	True
FYTTD1	6873	6873	True
FZD1	10370	10370	True
FZD2	4898	4898	True
FZD3	7259	7259	True
FZD4	2553	2553	True
FZD5	5296	5296	True
FZD6	4856	4856	True
FZD7	3590	3590	True
FZD8	226	226	True
FZR1	8933	8933	True
G2E3	2309	2309	True
G3BP1	6079	6079	True
G3BP2	8727	8727	True
G6PC3	9550	9550	True
G6PD	2105	2105	True
GAA	10714	10714	True
GAB1	5521	5521	True
GAB2	8968	8968	True
GAB3	14825	14825	True
GABARAP	9299	9299	True
GABARAPL1	529	529	True
GABARAPL2	3944	3944	True
GABBR1	8780	8780	True
GABBR2	11094	11094	True
GABPA	5004	5004	True
GABPB1	4456	4456	True
GABPB1-AS1	12988	12988	True
GABPB2	451	451	True
GABRB3	12233	12233	True
GABRD	11199	11199	True
GABRE	13626	13626	True
GABRG2	13147	13147	True
GABRP	13432	13432	True
GABRR2	12216	12216	True
GAD1	3174	3174	True
GADD45A	1545	1545	True
GADD45B	2654	2654	True
GADD45G	4020	4020	True
GADD45GIP1	6336	6336	True
GAGE10	13189	13189	True
GAK	8301	8301	True
GAL	11811	11811	True
GALC	5500	5500	True
GALE	10148	10148	True
GALK1	5168	5168	True
GALK2	6460	6460	True
GALM	2463	2463	True
GALNS	6088	6088	True
GALNT1	3003	3003	True
GALNT10	294	294	True
GALNT11	6637	6637	True
GALNT12	514	514	True
GALNT13	11537	11537	True
GALNT14	1768	1768	True
GALNT16	1957	1957	True
GALNT18	1621	1621	True
GALNT2	677	677	True
GALNT3	5833	5833	True
GALNT4	7397	7397	True
GALNT5	13852	13852	True
GALNT6	3780	3780	True
GALNT7	4338	4338	True
GALNT8	14086	14086	True
GALNTL6	13298	13298	True
GALR1	13742	13742	True
GALR2	15084	15084	True
GALT	7323	7323	True
GAMT	1185	1185	True
GAN	3140	3140	True
GANAB	5283	5283	True
GANC	8889	8889	True
GAPDH	4409	4409	True
GAPVD1	6847	6847	True
GAR1	8477	8477	True
GAREM	13066	13066	True
GARNL3	888	888	True
GARS	6502	6502	True
GART	6129	6129	True
GAS1	12003	12003	True
GAS2	14891	14891	True
GAS2L1	9870	9870	True
GAS2L3	3782	3782	True
GAS5	14532	14532	True
GAS5-AS1	14510	14510	True
GAS6	6339	6339	True
GAS7	12129	12129	True
GAS8	8970	8970	True
GATA2	1889	1889	True
GATA3	506	506	True
GATA3-AS1	13188	13188	True
GATA4	146	146	True
GATA5	13783	13783	True
GATA6	2109	2109	True
GATAD1	6242	6242	True
GATAD2A	3032	3032	True
GATAD2B	4317	4317	True
GATB	4554	4554	True
GATC	9518	9518	True
GATM	12878	12878	True
GATS	15182	15182	True
GATSL2	13674	13674	True
GATSL3	13303	13303	True
GBA	2344	2344	True
GBA2	3988	3988	True
GBAS	14339	14339	True
GBE1	2888	2888	True
GBF1	9704	9704	True
GBP1	1603	1603	True
GBP2	32	32	True
GBP3	4518	4518	True
GBP4	12095	12095	True
GBX2	11186	11186	True
GCA	9347	9347	True
GCAT	907	907	True
GCC1	5018	5018	True
GCC2	1452	1452	True
GCC2-AS1	14151	14151	True
GCDH	1725	1725	True
GCFC2	10258	10258	True
GCGR	14405	14405	True
GCH1	2986	2986	True
GCHFR	150	150	True
GCLC	1113	1113	True
GCLM	5740	5740	True
GCN1	14978	14978	True
GCNT1	105	105	True
GCNT2	12799	12799	True
GCNT3	14791	14791	True
GCNT4	14226	14226	True
GCNT7	14064	14064	True
GCOM1	1252	1252	True
GCSH	5680	5680	True
GDAP1	2534	2534	True
GDAP1L1	11641	11641	True
GDAP2	9993	9993	True
GDE1	6906	6906	True
GDF1	13747	13747	True
GDF11	10098	10098	True
GDF15	2010	2010	True
GDF5	12424	12424	True
GDF9	12155	12155	True
GDI1	7131	7131	True
GDI2	2099	2099	True
GDPD1	2915	2915	True
GDPD3	660	660	True
GDPD5	1199	1199	True
GDPGP1	977	977	True
GEM	1721	1721	True
GEMIN2	712	712	True
GEMIN4	10616	10616	True
GEMIN5	10815	10815	True
GEMIN6	8681	8681	True
GEMIN7	7041	7041	True
GEMIN8	6790	6790	True
GEN1	7250	7250	True
GET4	3017	3017	True
GFER	3301	3301	True
GFI1	11948	11948	True
GFM1	1284	1284	True
GFM2	7076	7076	True
GFOD1	1828	1828	True
GFOD2	9552	9552	True
GFPT1	7060	7060	True
GFPT2	1033	1033	True
GFRA1	49	49	True
GFRA2	13262	13262	True
GFRA3	11117	11117	True
GGA1	4323	4323	True
GGA2	3538	3538	True
GGA3	7278	7278	True
GGACT	10551	10551	True
GGCT	3835	3835	True
GGCX	10453	10453	True
GGH	7962	7962	True
GGNBP2	5880	5880	True
GGPS1	7766	7766	True
GGT1	10027	10027	True
GGT5	13365	13365	True
GGT6	691	691	True
GGT7	9856	9856	True
GHDC	11380	11380	True
GHET1	14672	14672	True
GHITM	8237	8237	True
GHR	1685	1685	True
GHRL	12641	12641	True
GHRLOS	12668	12668	True
GID4	1819	1819	True
GID8	9713	9713	True
GIGYF1	8542	8542	True
GIGYF2	8297	8297	True
GIMAP2	14982	14982	True
GIN1	4562	4562	True
GINM1	5540	5540	True
GINS1	2865	2865	True
GINS2	4418	4418	True
GINS3	3996	3996	True
GINS4	5306	5306	True
GIPC1	6945	6945	True
GIPC2	13709	13709	True
GIPC3	14033	14033	True
GIPR	786	786	True
GIT1	2203	2203	True
GIT2	10474	10474	True
GJA1	11289	11289	True
GJA3	11144	11144	True
GJB2	151	151	True
GJB3	1097	1097	True
GJB5	13921	13921	True
GJB7	11493	11493	True
GJC1	14065	14065	True
GJC2	14962	14962	True
GJC3	1334	1334	True
GJD3	15162	15162	True
GK	82	82	True
GK5	8093	8093	True
GKAP1	3130	3130	True
GLA	768	768	True
GLB1	5564	5564	True
GLB1L	7402	7402	True
GLB1L2	5660	5660	True
GLCCI1	4743	4743	True
GLCE	7352	7352	True
GLDC	1909	1909	True
GLDN	5912	5912	True
GLE1	4232	4232	True
GLG1	12050	12050	True
GLI1	14664	14664	True
GLI2	14112	14112	True
GLI3	2445	2445	True
GLI4	6714	6714	True
GLIDR	12051	12051	True
GLIPR1	12173	12173	True
GLIPR1L1	13846	13846	True
GLIPR1L2	12976	12976	True
GLIPR2	690	690	True
GLIS2	7489	7489	True
GLIS3	11803	11803	True
GLMN	7387	7387	True
GLMP	12419	12419	True
GLO1	9613	9613	True
GLOD4	4470	4470	True
GLOD5	13820	13820	True
GLRA1	13528	13528	True
GLRA3	2312	2312	True
GLRB	571	571	True
GLRX	2269	2269	True
GLRX2	10209	10209	True
GLRX3	9208	9208	True
GLRX5	7205	7205	True
GLS	6887	6887	True
GLS2	7086	7086	True
GLT8D1	9493	9493	True
GLT8D2	11936	11936	True
GLTP	9232	9232	True
GLTPD2	13295	13295	True
GLTSCR1	14024	14024	True
GLTSCR1L	13815	13815	True
GLTSCR2	14612	14612	True
GLUD1	3446	3446	True
GLUD2	1308	1308	True
GLUL	7106	7106	True
GLYATL1	295	295	True
GLYATL2	13618	13618	True
GLYCTK	5459	5459	True
GLYR1	6982	6982	True
GM2A	3766	3766	True
GMCL1	6877	6877	True
GMDS	6098	6098	True
GMEB1	10972	10972	True
GMEB2	6131	6131	True
GMFB	4507	4507	True
GMFG	14101	14101	True
GMIP	8448	8448	True
GMNN	9492	9492	True
GMPPA	5512	5512	True
GMPPB	5228	5228	True
GMPR	1275	1275	True
GMPR2	9054	9054	True
GMPS	7844	7844	True
GNA11	7316	7316	True
GNA12	10526	10526	True
GNA13	3048	3048	True
GNA14	318	318	True
GNA15	14776	14776	True
GNAI1	11566	11566	True
GNAI2	1227	1227	True
GNAI3	9528	9528	True
GNAL	3078	3078	True
GNAO1	12027	12027	True
GNAQ	8310	8310	True
GNAS	6703	6703	True
GNAS-AS1	13025	13025	True
GNAT2	14893	14893	True
GNAZ	9940	9940	True
GNB1	10968	10968	True
GNB1L	8091	8091	True
GNB2	5514	5514	True
GNB2L1	13816	13816	True
GNB3	14113	14113	True
GNB4	11462	11462	True
GNB5	2214	2214	True
GNE	2941	2941	True
GNG10	6238	6238	True
GNG11	13645	13645	True
GNG12	1475	1475	True
GNG12-AS1	14928	14928	True
GNG13	13050	13050	True
GNG3	14438	14438	True
GNG4	778	778	True
GNG5	4123	4123	True
GNG7	3797	3797	True
GNGT1	11824	11824	True
GNL1	8726	8726	True
GNL2	8538	8538	True
GNL3	2206	2206	True
GNL3L	3494	3494	True
GNMT	1501	1501	True
GNPAT	3997	3997	True
GNPDA1	2208	2208	True
GNPDA2	2621	2621	True
GNPNAT1	8583	8583	True
GNPTAB	6023	6023	True
GNPTG	6778	6778	True
GNRH1	8928	8928	True
GNS	2833	2833	True
GOLGA1	4314	4314	True
GOLGA2	7633	7633	True
GOLGA3	7915	7915	True
GOLGA4	6293	6293	True
GOLGA5	8050	8050	True
GOLGA6L10	7579	7579	True
GOLGA6L4	12805	12805	True
GOLGA6L9	5173	5173	True
GOLGA7	3496	3496	True
GOLGA7B	9380	9380	True
GOLGA8A	10897	10897	True
GOLGA8B	10793	10793	True
GOLGA8N	12918	12918	True
GOLGB1	6325	6325	True
GOLIM4	2266	2266	True
GOLM1	265	265	True
GOLPH3	10143	10143	True
GOLPH3L	7916	7916	True
GOLT1A	1047	1047	True
GOLT1B	4907	4907	True
GON4L	10814	10814	True
GOPC	4566	4566	True
GORAB	3881	3881	True
GORASP1	8459	8459	True
GORASP2	4310	4310	True
GOSR1	2856	2856	True
GOSR2	5047	5047	True
GOT1	5032	5032	True
GOT2	10352	10352	True
GP1BA	12977	12977	True
GP1BB	13210	13210	True
GP6	12649	12649	True
GPAA1	4996	4996	True
GPALPP1	9357	9357	True
GPAM	7800	7800	True
GPANK1	10873	10873	True
GPAT2	14648	14648	True
GPATCH1	7234	7234	True
GPATCH11	4448	4448	True
GPATCH2	10313	10313	True
GPATCH2L	4858	4858	True
GPATCH3	10482	10482	True
GPATCH4	5634	5634	True
GPATCH8	5658	5658	True
GPBP1	9961	9961	True
GPBP1L1	7112	7112	True
GPC1	5565	5565	True
GPC2	8870	8870	True
GPC3	12057	12057	True
GPC4	1712	1712	True
GPC5	13678	13678	True
GPC6	223	223	True
GPCPD1	11035	11035	True
GPD1	12664	12664	True
GPD1L	3483	3483	True
GPD2	2916	2916	True
GPER1	414	414	True
GPHN	3389	3389	True
GPI	8484	8484	True
GPKOW	6409	6409	True
GPLD1	12743	12743	True
GPM6A	11913	11913	True
GPM6B	12475	12475	True
GPN1	9490	9490	True
GPN2	9354	9354	True
GPN3	2357	2357	True
GPNMB	2390	2390	True
GPR107	7842	7842	True
GPR108	1654	1654	True
GPR132	11403	11403	True
GPR135	3809	3809	True
GPR137	2668	2668	True
GPR137B	1648	1648	True
GPR137C	9812	9812	True
GPR143	5790	5790	True
GPR146	12287	12287	True
GPR153	2340	2340	True
GPR155	12533	12533	True
GPR156	11912	11912	True
GPR157	6285	6285	True
GPR158	11656	11656	True
GPR160	5139	5139	True
GPR161	257	257	True
GPR162	13627	13627	True
GPR171	15004	15004	True
GPR173	13232	13232	True
GPR176	3883	3883	True
GPR18	13455	13455	True
GPR180	7988	7988	True
GPR183	14979	14979	True
GPR19	11538	11538	True
GPR27	5941	5941	True
GPR3	14907	14907	True
GPR34	14807	14807	True
GPR35	15070	15070	True
GPR37	358	358	True
GPR37L1	2604	2604	True
GPR39	776	776	True
GPR63	11694	11694	True
GPR68	861	861	True
GPR75	14768	14768	True
GPR75-ASB3	14981	14981	True
GPR82	11861	11861	True
GPR87	10467	10467	True
GPR89A	8076	8076	True
GPR89B	5525	5525	True
GPRASP1	12635	12635	True
GPRASP2	10606	10606	True
GPRC5A	8424	8424	True
GPRC5B	1914	1914	True
GPRC5C	1256	1256	True
GPRC5D	14359	14359	True
GPRIN1	7607	7607	True
GPRIN3	1801	1801	True
GPS1	8303	8303	True
GPS2	4230	4230	True
GPSM1	5429	5429	True
GPSM2	2182	2182	True
GPSM3	669	669	True
GPT	5030	5030	True
GPT2	11760	11760	True
GPX2	2638	2638	True
GPX3	698	698	True
GPX4	1628	1628	True
GPX8	2885	2885	True
GRAMD1A	2494	2494	True
GRAMD1B	13110	13110	True
GRAMD1C	1774	1774	True
GRAMD2	13443	13443	True
GRAMD3	14284	14284	True
GRAMD4	5847	5847	True
GRASP	12434	12434	True
GRB10	518	518	True
GRB14	1787	1787	True
GRB2	7271	7271	True
GRB7	3319	3319	True
GREB1	1	1	True
GREB1L	1724	1724	True
GREM1	13798	13798	True
GRHL1	993	993	True
GRHL2	6720	6720	True
GRHL3	1659	1659	True
GRHPR	5937	5937	True
GRIA2	14095	14095	True
GRIA4	15059	15059	True
GRID1	13067	13067	True
GRID2IP	12856	12856	True
GRIK1	14519	14519	True
GRIK2	13301	13301	True
GRIK3	397	397	True
GRIK4	13308	13308	True
GRIK5	14182	14182	True
GRIN1	12135	12135	True
GRIN2B	13934	13934	True
GRIN2C	3923	3923	True
GRINA	6699	6699	True
GRIP1	2037	2037	True
GRIP2	12311	12311	True
GRIPAP1	9858	9858	True
GRK4	9487	9487	True
GRK5	11870	11870	True
GRK6	9954	9954	True
GRK7	14654	14654	True
GRM3	13144	13144	True
GRM4	143	143	True
GRM8	13215	13215	True
GRN	5200	5200	True
GRPEL1	7241	7241	True
GRPEL2	6592	6592	True
GRPR	13047	13047	True
GRSF1	8728	8728	True
GRTP1	1061	1061	True
GRTP1-AS1	15180	15180	True
GRWD1	10418	10418	True
GSAP	3540	3540	True
GSC	2782	2782	True
GSDMB	2611	2611	True
GSDMC	13548	13548	True
GSDMD	11268	11268	True
GSE1	767	767	True
GSG1	13486	13486	True
GSG1L	13040	13040	True
GSG2	14259	14259	True
GSK3A	5788	5788	True
GSK3B	5926	5926	True
GSKIP	10514	10514	True
GSN	1450	1450	True
GSPT1	9533	9533	True
GSPT2	15231	15231	True
GSR	4165	4165	True
GSS	10307	10307	True
GSTA2	13744	13744	True
GSTA4	2780	2780	True
GSTCD	7004	7004	True
GSTK1	8921	8921	True
GSTM1	13797	13797	True
GSTM2	12824	12824	True
GSTM3	363	363	True
GSTM4	2419	2419	True
GSTO1	7329	7329	True
GSTO2	560	560	True
GSTT2B	1026	1026	True
GSTZ1	10683	10683	True
GTDC1	6812	6812	True
GTF2A1	8907	8907	True
GTF2A2	8180	8180	True
GTF2B	1573	1573	True
GTF2E1	9453	9453	True
GTF2E2	3460	3460	True
GTF2F1	8649	8649	True
GTF2F2	9506	9506	True
GTF2H1	7153	7153	True
GTF2H2	2711	2711	True
GTF2H2C	7622	7622	True
GTF2H3	8471	8471	True
GTF2H4	6082	6082	True
GTF2H5	4602	4602	True
GTF2I	6134	6134	True
GTF2IRD1	3679	3679	True
GTF2IRD2	7274	7274	True
GTF2IRD2B	9827	9827	True
GTF3A	10237	10237	True
GTF3C1	10480	10480	True
GTF3C2	7510	7510	True
GTF3C3	6593	6593	True
GTF3C4	7593	7593	True
GTF3C5	9350	9350	True
GTF3C6	6090	6090	True
GTPBP1	10085	10085	True
GTPBP10	2812	2812	True
GTPBP2	6320	6320	True
GTPBP3	7887	7887	True
GTPBP4	2311	2311	True
GTPBP6	9127	9127	True
GTPBP8	10564	10564	True
GTSE1	3293	3293	True
GUCA1B	13485	13485	True
GUCD1	4778	4778	True
GUCY1A2	218	218	True
GUCY1A3	13190	13190	True
GUCY1B3	13236	13236	True
GUCY2C	14390	14390	True
GUCY2D	13290	13290	True
GUF1	4049	4049	True
GUK1	9040	9040	True
GULP1	2273	2273	True
GUSB	3445	3445	True
GXYLT1	8194	8194	True
GXYLT2	1261	1261	True
GYG1	4183	4183	True
GYG2	386	386	True
GYLTL1B	14300	14300	True
GYS1	2332	2332	True
GZF1	9879	9879	True
GZMM	13630	13630	True
H19	13053	13053	True
H1F0	1633	1633	True
H1FX	2005	2005	True
H1FX-AS1	11863	11863	True
H2AFJ	3316	3316	True
H2AFV	1991	1991	True
H2AFX	1503	1503	True
H2AFY	9535	9535	True
H2AFY2	7834	7834	True
H2AFZ	6896	6896	True
H3F3A	3514	3514	True
H3F3B	4876	4876	True
H3F3C	14352	14352	True
H6PD	5973	5973	True
HABP4	8154	8154	True
HACD1	12416	12416	True
HACD2	12177	12177	True
HACD3	14719	14719	True
HACD4	14786	14786	True
HACE1	6132	6132	True
HACL1	3703	3703	True
HADH	5308	5308	True
HADHA	9701	9701	True
HADHB	9516	9516	True
HAGH	2112	2112	True
HAGHL	2950	2950	True
HAGLR	13117	13117	True
HAGLROS	14198	14198	True
HAL	14662	14662	True
HAP1	11843	11843	True
HAPLN3	11155	11155	True
HAR1B	13165	13165	True
HARBI1	7299	7299	True
HARS	3825	3825	True
HARS2	8588	8588	True
HAS3	9248	9248	True
HAT1	4318	4318	True
HAUS1	2676	2676	True
HAUS2	8491	8491	True
HAUS3	7011	7011	True
HAUS4	3821	3821	True
HAUS5	4408	4408	True
HAUS6	10199	10199	True
HAUS7	6808	6808	True
HAUS8	4530	4530	True
HAVCR2	12688	12688	True
HAX1	5067	5067	True
HBA1	11132	11132	True
HBEGF	5368	5368	True
HBG2	15254	15254	True
HBP1	7516	7516	True
HBS1L	10119	10119	True
HCAR1	550	550	True
HCAR2	14921	14921	True
HCAR3	14735	14735	True
HCCS	9013	9013	True
HCFC1	10517	10517	True
HCFC1R1	1729	1729	True
HCFC2	7897	7897	True
HCG11	11154	11154	True
HCG17	14589	14589	True
HCG18	12989	12989	True
HCG25	13369	13369	True
HCG27	14984	14984	True
HCK	14337	14337	True
HCLS1	12843	12843	True
HCN2	9247	9247	True
HCN3	9877	9877	True
HCN4	13751	13751	True
HCST	13366	13366	True
HDAC1	7533	7533	True
HDAC10	5269	5269	True
HDAC11	8787	8787	True
HDAC2	7656	7656	True
HDAC3	10527	10527	True
HDAC4	4627	4627	True
HDAC5	2111	2111	True
HDAC6	1121	1121	True
HDAC7	2517	2517	True
HDAC8	8804	8804	True
HDAC9	11758	11758	True
HDDC2	5393	5393	True
HDDC3	9712	9712	True
HDGF	10515	10515	True
HDGFRP2	15083	15083	True
HDGFRP3	13178	13178	True
HDHD1	14186	14186	True
HDHD2	4140	4140	True
HDHD3	7591	7591	True
HDLBP	2559	2559	True
HDX	215	215	True
HEATR1	5281	5281	True
HEATR3	2021	2021	True
HEATR4	11723	11723	True
HEATR5A	1505	1505	True
HEATR5B	6338	6338	True
HEATR6	9441	9441	True
HEBP1	3757	3757	True
HEBP2	3798	3798	True
HECA	4360	4360	True
HECTD1	310	310	True
HECTD2	9971	9971	True
HECTD3	9631	9631	True
HECTD4	8002	8002	True
HECW2	393	393	True
HEG1	213	213	True
HEIH	13048	13048	True
HELB	7115	7115	True
HELLS	2137	2137	True
HELQ	10458	10458	True
HELZ	4724	4724	True
HELZ2	5809	5809	True
HEMK1	8869	8869	True
HENMT1	750	750	True
HEPACAM2	15251	15251	True
HEPH	13899	13899	True
HEPHL1	14817	14817	True
HERC1	1794	1794	True
HERC2	6993	6993	True
HERC3	10837	10837	True
HERC4	6852	6852	True
HERC5	2635	2635	True
HERC6	112	112	True
HERPUD1	2107	2107	True
HERPUD2	7515	7515	True
HES1	3311	3311	True
HES2	2737	2737	True
HES4	6303	6303	True
HES6	8321	8321	True
HES7	11625	11625	True
HESX1	12002	12002	True
HEXA	8350	8350	True
HEXA-AS1	14021	14021	True
HEXB	5145	5145	True
HEXDC	12983	12983	True
HEXIM1	10125	10125	True
HEXIM2	1351	1351	True
HEY1	545	545	True
HEY2	189	189	True
HEYL	13424	13424	True
HFE	3207	3207	True
HGD	12758	12758	True
HGF	14031	14031	True
HGFAC	14332	14332	True
HGH1	3748	3748	True
HGS	7930	7930	True
HGSNAT	2881	2881	True
HHAT	6835	6835	True
HHEX	850	850	True
HHIP	13200	13200	True
HHIPL1	14476	14476	True
HHIPL2	11631	11631	True
HHLA3	3008	3008	True
HIAT1	14107	14107	True
HIATL1	14818	14818	True
HIBADH	2187	2187	True
HIBCH	6067	6067	True
HIC1	15032	15032	True
HIC2	184	184	True
HID1	5110	5110	True
HIF1A	1405	1405	True
HIF1AN	7244	7244	True
HIGD1A	345	345	True
HIGD1B	15029	15029	True
HIGD1C	14905	14905	True
HIGD2A	5101	5101	True
HILPDA	9102	9102	True
HINFP	9095	9095	True
HINT1	10152	10152	True
HINT2	6804	6804	True
HINT3	11000	11000	True
HIP1	4984	4984	True
HIP1R	3597	3597	True
HIPK1	6231	6231	True
HIPK1-AS1	12939	12939	True
HIPK2	4309	4309	True
HIPK3	10584	10584	True
HIRA	2247	2247	True
HIRIP3	1163	1163	True
HIST1H1B	11700	11700	True
HIST1H1C	5255	5255	True
HIST1H1D	12036	12036	True
HIST1H1E	12590	12590	True
HIST1H2AB	12161	12161	True
HIST1H2AC	7166	7166	True
HIST1H2AD	12372	12372	True
HIST1H2AE	6897	6897	True
HIST1H2AG	1394	1394	True
HIST1H2AH	12710	12710	True
HIST1H2AI	1948	1948	True
HIST1H2AJ	12746	12746	True
HIST1H2AK	1996	1996	True
HIST1H2AL	7791	7791	True
HIST1H2AM	4920	4920	True
HIST1H2BC	3214	3214	True
HIST1H2BD	7861	7861	True
HIST1H2BE	1904	1904	True
HIST1H2BF	6337	6337	True
HIST1H2BG	6524	6524	True
HIST1H2BH	5409	5409	True
HIST1H2BI	13595	13595	True
HIST1H2BJ	3838	3838	True
HIST1H2BK	6503	6503	True
HIST1H2BL	4964	4964	True
HIST1H2BM	13665	13665	True
HIST1H2BN	4929	4929	True
HIST1H2BO	12401	12401	True
HIST1H3A	3752	3752	True
HIST1H3B	2873	2873	True
HIST1H3C	13420	13420	True
HIST1H3D	12501	12501	True
HIST1H3E	10934	10934	True
HIST1H3F	2778	2778	True
HIST1H3G	2018	2018	True
HIST1H3H	709	709	True
HIST1H3I	13539	13539	True
HIST1H3J	4022	4022	True
HIST1H4A	12730	12730	True
HIST1H4B	12127	12127	True
HIST1H4C	7392	7392	True
HIST1H4D	5354	5354	True
HIST1H4E	4892	4892	True
HIST1H4H	3498	3498	True
HIST1H4I	12529	12529	True
HIST1H4J	6259	6259	True
HIST2H2AA3	14319	14319	True
HIST2H2AA4	12662	12662	True
HIST2H2AB	12252	12252	True
HIST2H2AC	8383	8383	True
HIST2H2BE	7297	7297	True
HIST2H2BF	5177	5177	True
HIST2H3A	14238	14238	True
HIST2H3D	12350	12350	True
HIST2H4A	6489	6489	True
HIST2H4B	4494	4494	True
HIST3H2A	2119	2119	True
HIST3H2BB	11368	11368	True
HIST4H4	7889	7889	True
HIVEP1	7248	7248	True
HIVEP2	3202	3202	True
HIVEP3	1169	1169	True
HJURP	9616	9616	True
HK1	9978	9978	True
HK2	8341	8341	True
HKR1	12568	12568	True
HLA-A	7592	7592	True
HLA-B	11235	11235	True
HLA-C	1680	1680	True
HLA-DMA	6792	6792	True
HLA-DPA1	13791	13791	True
HLA-DPB1	13930	13930	True
HLA-DQA1	13739	13739	True
HLA-DQA2	13863	13863	True
HLA-DQB1	20	20	True
HLA-DRA	14071	14071	True
HLA-DRB1	996	996	True
HLA-DRB5	1386	1386	True
HLA-E	5706	5706	True
HLA-F	1951	1951	True
HLA-G	14190	14190	True
HLCS	6905	6905	True
HLF	12486	12486	True
HLTF	2283	2283	True
HLX	15118	15118	True
HM13	7583	7583	True
HM13-AS1	13385	13385	True
HMBOX1	3347	3347	True
HMBS	1224	1224	True
HMCES	10011	10011	True
HMCN1	600	600	True
HMG20A	8813	8813	True
HMG20B	3045	3045	True
HMGA1	7502	7502	True
HMGA1P4	13657	13657	True
HMGA2	561	561	True
HMGB1	2690	2690	True
HMGB2	1313	1313	True
HMGB3	3673	3673	True
HMGCL	9220	9220	True
HMGCLL1	2727	2727	True
HMGCR	2801	2801	True
HMGCS1	825	825	True
HMGCS2	12672	12672	True
HMGN1	9555	9555	True
HMGN2	5624	5624	True
HMGN3	839	839	True
HMGN3-AS1	14115	14115	True
HMGN4	9828	9828	True
HMGN5	884	884	True
HMGXB3	10433	10433	True
HMGXB4	7386	7386	True
HMHA1	14622	14622	True
HMMR	4597	4597	True
HMOX1	24	24	True
HMOX2	4760	4760	True
HMX1	13553	13553	True
HN1	14419	14419	True
HN1L	13426	13426	True
HNF4G	387	387	True
HNMT	553	553	True
HNRNPA0	11053	11053	True
HNRNPA1	5049	5049	True
HNRNPA1L2	7147	7147	True
HNRNPA1P48	12492	12492	True
HNRNPA2B1	2960	2960	True
HNRNPA3	2982	2982	True
HNRNPAB	5695	5695	True
HNRNPC	10911	10911	True
HNRNPD	7847	7847	True
HNRNPDL	7301	7301	True
HNRNPF	3735	3735	True
HNRNPH1	6659	6659	True
HNRNPH2	5493	5493	True
HNRNPH3	6888	6888	True
HNRNPK	6014	6014	True
HNRNPL	10878	10878	True
HNRNPLL	10743	10743	True
HNRNPM	7280	7280	True
HNRNPR	8621	8621	True
HNRNPU	5873	5873	True
HNRNPUL1	10406	10406	True
HNRNPUL2	10040	10040	True
HOGA1	13447	13447	True
HOMER1	1070	1070	True
HOMER2	4388	4388	True
HOMER3	3553	3553	True
HOMEZ	4551	4551	True
HOOK1	9006	9006	True
HOOK2	1649	1649	True
HOOK3	2476	2476	True
HOPX	2718	2718	True
HOTAIR	12407	12407	True
HOTAIRM1	11167	11167	True
HOXA-AS2	11200	11200	True
HOXA1	12015	12015	True
HOXA10	14063	14063	True
HOXA11	12371	12371	True
HOXA11-AS	14189	14189	True
HOXA3	11947	11947	True
HOXA4	3966	3966	True
HOXA5	8850	8850	True
HOXA6	1426	1426	True
HOXA7	4080	4080	True
HOXA9	13812	13812	True
HOXB13	13879	13879	True
HOXB2	14421	14421	True
HOXB3	14348	14348	True
HOXB4	15126	15126	True
HOXB6	11600	11600	True
HOXB7	4532	4532	True
HOXB9	1194	1194	True
HOXC-AS1	11552	11552	True
HOXC-AS3	14254	14254	True
HOXC10	2519	2519	True
HOXC11	7742	7742	True
HOXC12	14073	14073	True
HOXC13	2480	2480	True
HOXC13-AS	11342	11342	True
HOXC4	4497	4497	True
HOXC5	12838	12838	True
HOXC6	9780	9780	True
HOXC8	813	813	True
HOXC9	2807	2807	True
HOXD8	11724	11724	True
HP	14413	14413	True
HP1BP3	9982	9982	True
HPCA	4015	4015	True
HPCAL1	2994	2994	True
HPD	13094	13094	True
HPDL	590	590	True
HPGD	448	448	True
HPGDS	14538	14538	True
HPN	5274	5274	True
HPRT1	913	913	True
HPS1	5219	5219	True
HPS3	6455	6455	True
HPS4	4315	4315	True
HPS5	10786	10786	True
HPS6	7903	7903	True
HPSE	6335	6335	True
HPSE2	13136	13136	True
HPX	859	859	True
HR	2338	2338	True
HRAS	9336	9336	True
HRASLS	14224	14224	True
HRASLS2	11218	11218	True
HRASLS5	14792	14792	True
HRC	13115	13115	True
HRH1	14261	14261	True
HRH2	13264	13264	True
HRK	9	9	True
HRSP12	13377	13377	True
HS1BP3	8244	8244	True
HS2ST1	10024	10024	True
HS3ST1	15113	15113	True
HS3ST3B1	14736	14736	True
HS3ST5	11098	11098	True
HS6ST1	2462	2462	True
HS6ST2	1753	1753	True
HS6ST3	11346	11346	True
HSBP1	10065	10065	True
HSBP1L1	1413	1413	True
HSCB	8688	8688	True
HSD11B1L	7900	7900	True
HSD11B2	764	764	True
HSD17B1	9084	9084	True
HSD17B10	3317	3317	True
HSD17B11	531	531	True
HSD17B12	6462	6462	True
HSD17B14	11668	11668	True
HSD17B2	15209	15209	True
HSD17B4	4980	4980	True
HSD17B6	4197	4197	True
HSD17B7	2159	2159	True
HSD17B8	3124	3124	True
HSD3B7	769	769	True
HSDL1	9736	9736	True
HSDL2	6789	6789	True
HSF1	10557	10557	True
HSF2	8853	8853	True
HSF2BP	2095	2095	True
HSF4	9314	9314	True
HSF5	15077	15077	True
HSH2D	582	582	True
HSP90AA1	10140	10140	True
HSP90AB1	9353	9353	True
HSP90B1	1905	1905	True
HSPA12A	2789	2789	True
HSPA13	7932	7932	True
HSPA14	10697	10697	True
HSPA1A	938	938	True
HSPA1B	4050	4050	True
HSPA1L	12413	12413	True
HSPA2	2346	2346	True
HSPA4	3110	3110	True
HSPA4L	10747	10747	True
HSPA5	7941	7941	True
HSPA6	12693	12693	True
HSPA8	6563	6563	True
HSPA9	8564	8564	True
HSPB1	2052	2052	True
HSPB11	3875	3875	True
HSPB6	15154	15154	True
HSPB8	629	629	True
HSPBAP1	6097	6097	True
HSPBP1	4096	4096	True
HSPD1	2560	2560	True
HSPE1	3026	3026	True
HSPE1-MOB4	14973	14973	True
HSPG2	6499	6499	True
HSPH1	2355	2355	True
HTATIP2	9526	9526	True
HTATSF1	3269	3269	True
HTR1D	14209	14209	True
HTR2B	14466	14466	True
HTR2C	11501	11501	True
HTR7	2761	2761	True
HTRA1	842	842	True
HTRA2	1858	1858	True
HTT	8734	8734	True
HUNK	1219	1219	True
HUS1	8683	8683	True
HUS1B	12650	12650	True
HUWE1	4297	4297	True
HVCN1	11483	11483	True
HYAL1	14908	14908	True
HYAL2	5118	5118	True
HYAL3	9774	9774	True
HYDIN	12953	12953	True
HYI	509	509	True
HYKK	2456	2456	True
HYLS1	4117	4117	True
HYOU1	6474	6474	True
HYPK	10266	10266	True
IAH1	3423	3423	True
IARS	5266	5266	True
IARS2	3281	3281	True
IBA57	7547	7547	True
IBSP	11173	11173	True
IBTK	9816	9816	True
ICA1	9392	9392	True
ICA1L	6973	6973	True
ICAM1	2925	2925	True
ICAM3	4394	4394	True
ICAM5	2921	2921	True
ICE1	8065	8065	True
ICE2	7190	7190	True
ICK	2584	2584	True
ICMT	4955	4955	True
ICOSLG	14351	14351	True
ICT1	14148	14148	True
ID1	5344	5344	True
ID2	748	748	True
ID2-AS1	11458	11458	True
ID3	1637	1637	True
ID4	62	62	True
IDE	9345	9345	True
IDH1	980	980	True
IDH1-AS1	12066	12066	True
IDH2	8816	8816	True
IDH3A	5986	5986	True
IDH3B	9436	9436	True
IDH3G	6786	6786	True
IDI1	2785	2785	True
IDI2	12221	12221	True
IDI2-AS1	14591	14591	True
IDNK	5666	5666	True
IDO1	15239	15239	True
IDS	14128	14128	True
IDUA	6216	6216	True
IER2	6743	6743	True
IER3	3107	3107	True
IER3IP1	12097	12097	True
IER5	2403	2403	True
IER5L	1791	1791	True
IFFO1	14683	14683	True
IFFO2	8151	8151	True
IFI27	2610	2610	True
IFI27L1	1288	1288	True
IFI27L2	2809	2809	True
IFI30	672	672	True
IFI35	383	383	True
IFI44	1758	1758	True
IFI44L	11585	11585	True
IFI6	2331	2331	True
IFIH1	1074	1074	True
IFIT1	2719	2719	True
IFIT2	4924	4924	True
IFIT3	2098	2098	True
IFIT5	2216	2216	True
IFITM1	2522	2522	True
IFITM10	332	332	True
IFITM2	1174	1174	True
IFITM3	880	880	True
IFNAR1	8081	8081	True
IFNAR2	8723	8723	True
IFNGR1	714	714	True
IFNGR2	827	827	True
IFNLR1	3813	3813	True
IFRD1	1164	1164	True
IFRD2	10952	10952	True
IFT122	5136	5136	True
IFT140	8406	8406	True
IFT172	8507	8507	True
IFT20	394	394	True
IFT22	6713	6713	True
IFT27	9207	9207	True
IFT43	1962	1962	True
IFT46	1211	1211	True
IFT52	10802	10802	True
IFT57	7831	7831	True
IFT74	6738	6738	True
IFT80	4213	4213	True
IFT81	2472	2472	True
IFT88	5736	5736	True
IGBP1	7492	7492	True
IGDCC3	841	841	True
IGF1	12928	12928	True
IGF1R	2811	2811	True
IGF2	13689	13689	True
IGF2BP1	11349	11349	True
IGF2BP2	249	249	True
IGF2BP3	12532	12532	True
IGF2R	5361	5361	True
IGFBP2	3734	3734	True
IGFBP3	1772	1772	True
IGFBP4	273	273	True
IGFBP5	1586	1586	True
IGFBP6	2215	2215	True
IGFBP7	14592	14592	True
IGFBPL1	13572	13572	True
IGFL1	12708	12708	True
IGFLR1	2695	2695	True
IGHMBP2	11016	11016	True
IGIP	4475	4475	True
IGSF1	41	41	True
IGSF10	6368	6368	True
IGSF11	13760	13760	True
IGSF21	13592	13592	True
IGSF22	14376	14376	True
IGSF23	13766	13766	True
IGSF3	2781	2781	True
IGSF5	11821	11821	True
IGSF6	12638	12638	True
IGSF8	1528	1528	True
IGSF9	5411	5411	True
IGSF9B	5058	5058	True
IK	9296	9296	True
IKBIP	2525	2525	True
IKBKAP	14022	14022	True
IKBKB	1532	1532	True
IKBKE	532	532	True
IKBKG	8228	8228	True
IKZF1	14061	14061	True
IKZF2	5037	5037	True
IKZF3	12574	12574	True
IKZF4	7200	7200	True
IKZF5	6822	6822	True
IL10RA	14124	14124	True
IL10RB	5731	5731	True
IL11	1934	1934	True
IL11RA	4248	4248	True
IL12A	14980	14980	True
IL12RB2	15250	15250	True
IL13RA1	2912	2912	True
IL15	11783	11783	True
IL15RA	1961	1961	True
IL16	12816	12816	True
IL17D	3315	3315	True
IL17RA	3067	3067	True
IL17RB	758	758	True
IL17RC	4862	4862	True
IL17RD	4046	4046	True
IL17RE	2767	2767	True
IL18	752	752	True
IL18BP	9702	9702	True
IL18R1	15203	15203	True
IL19	14377	14377	True
IL1A	14362	14362	True
IL1B	13906	13906	True
IL1R1	6457	6457	True
IL1RAP	1699	1699	True
IL1RAPL2	12384	12384	True
IL1RN	11649	11649	True
IL20	101	101	True
IL20RA	291	291	True
IL20RB	9630	9630	True
IL23A	9945	9945	True
IL24	11104	11104	True
IL27RA	4355	4355	True
IL32	14240	14240	True
IL34	13340	13340	True
IL36RN	14493	14493	True
IL3RA	12227	12227	True
IL4I1	12617	12617	True
IL4R	1582	1582	True
IL6	13734	13734	True
IL6R	399	399	True
IL6ST	9659	9659	True
IL7	12863	12863	True
ILDR1	2426	2426	True
ILDR2	13582	13582	True
ILF2	5782	5782	True
ILF3	7911	7911	True
ILK	5415	5415	True
ILKAP	2686	2686	True
ILVBL	3822	3822	True
IMMP1L	7133	7133	True
IMMP2L	8455	8455	True
IMMT	7204	7204	True
IMP3	8490	8490	True
IMP4	10626	10626	True
IMPA1	10327	10327	True
IMPA2	3479	3479	True
IMPACT	10191	10191	True
IMPAD1	4706	4706	True
IMPDH1	5856	5856	True
IMPDH2	5337	5337	True
IMPG2	13988	13988	True
INADL	15082	15082	True
INAFM1	5251	5251	True
INAFM2	8744	8744	True
INCA1	7159	7159	True
INCENP	8354	8354	True
INE1	13513	13513	True
INF2	9399	9399	True
ING1	9740	9740	True
ING2	1285	1285	True
ING3	7340	7340	True
ING4	8899	8899	True
ING5	9215	9215	True
INHA	2931	2931	True
INHBA	14461	14461	True
INHBB	4157	4157	True
INIP	7977	7977	True
INO80	7981	7981	True
INO80B	4864	4864	True
INO80C	1896	1896	True
INO80D	5761	5761	True
INO80E	4667	4667	True
INPP1	2444	2444	True
INPP4A	3746	3746	True
INPP4B	1749	1749	True
INPP5A	4283	4283	True
INPP5B	6684	6684	True
INPP5D	13683	13683	True
INPP5E	10915	10915	True
INPP5F	3345	3345	True
INPP5J	9960	9960	True
INPP5K	5516	5516	True
INPPL1	8526	8526	True
INSIG1	2046	2046	True
INSIG2	3427	3427	True
INSL3	14656	14656	True
INSL6	13114	13114	True
INSM1	14070	14070	True
INSR	3104	3104	True
INTS1	10255	10255	True
INTS10	1186	1186	True
INTS12	7001	7001	True
INTS2	6464	6464	True
INTS3	5298	5298	True
INTS4	5055	5055	True
INTS5	7953	7953	True
INTS6	2486	2486	True
INTS6-AS1	12831	12831	True
INTS7	4786	4786	True
INTS8	1822	1822	True
INTS9	9070	9070	True
INTU	8552	8552	True
INVS	10725	10725	True
IP6K1	8951	8951	True
IP6K2	8102	8102	True
IPCEF1	12812	12812	True
IPMK	10218	10218	True
IPO11	3688	3688	True
IPO13	5590	5590	True
IPO4	7265	7265	True
IPO5	5468	5468	True
IPO7	4902	4902	True
IPO8	7840	7840	True
IPO9	9114	9114	True
IPO9-AS1	15230	15230	True
IPP	6546	6546	True
IPPK	5092	5092	True
IQCA1	12309	12309	True
IQCB1	10838	10838	True
IQCC	8634	8634	True
IQCD	3630	3630	True
IQCE	5104	5104	True
IQCG	7926	7926	True
IQCH	5063	5063	True
IQCH-AS1	12864	12864	True
IQCJ-SCHIP1	1651	1651	True
IQCK	11323	11323	True
IQGAP1	9734	9734	True
IQGAP2	12264	12264	True
IQGAP3	3697	3697	True
IQSEC1	2053	2053	True
IQSEC2	2661	2661	True
IQUB	11271	11271	True
IRAK1	6087	6087	True
IRAK1BP1	12207	12207	True
IRAK2	12761	12761	True
IRAK4	5078	5078	True
IREB2	5008	5008	True
IRF1	5703	5703	True
IRF2	8184	8184	True
IRF2BP1	1979	1979	True
IRF2BP2	140	140	True
IRF2BPL	6874	6874	True
IRF3	10713	10713	True
IRF5	3998	3998	True
IRF6	559	559	True
IRF7	290	290	True
IRF8	13957	13957	True
IRF9	11504	11504	True
IRGQ	10644	10644	True
IRS1	528	528	True
IRS2	3508	3508	True
IRX2	519	519	True
IRX3	819	819	True
IRX4	2804	2804	True
IRX5	687	687	True
ISCA1	6717	6717	True
ISCA2	10431	10431	True
ISCU	7411	7411	True
ISG15	1165	1165	True
ISG20	4565	4565	True
ISG20L2	8876	8876	True
ISL2	11759	11759	True
ISM1	334	334	True
ISOC1	851	851	True
ISOC2	5613	5613	True
ISPD	14386	14386	True
IST1	8783	8783	True
ISX	13197	13197	True
ISY1	6722	6722	True
ISY1-RAB43	13795	13795	True
ISYNA1	2607	2607	True
ITCH	9606	9606	True
ITCH-AS1	14922	14922	True
ITFG1	6077	6077	True
ITFG2	5562	5562	True
ITGA1	12548	12548	True
ITGA10	3810	3810	True
ITGA11	12039	12039	True
ITGA2	2130	2130	True
ITGA2B	186	186	True
ITGA3	459	459	True
ITGA5	79	79	True
ITGA6	1735	1735	True
ITGA7	9867	9867	True
ITGA9	11701	11701	True
ITGAE	8912	8912	True
ITGAL	14176	14176	True
ITGAV	212	212	True
ITGB1	5334	5334	True
ITGB1BP1	6432	6432	True
ITGB1BP2	12160	12160	True
ITGB2	245	245	True
ITGB2-AS1	13042	13042	True
ITGB3BP	3080	3080	True
ITGB4	9270	9270	True
ITGB5	869	869	True
ITGB6	165	165	True
ITGB7	10300	10300	True
ITGB8	11226	11226	True
ITIH2	11134	11134	True
ITIH4	3465	3465	True
ITIH6	12592	12592	True
ITM2A	13981	13981	True
ITM2B	5280	5280	True
ITM2C	876	876	True
ITPA	7997	7997	True
ITPK1	433	433	True
ITPK1-AS1	13266	13266	True
ITPKA	10413	10413	True
ITPKB	2090	2090	True
ITPKC	3513	3513	True
ITPR1	3745	3745	True
ITPR2	5235	5235	True
ITPR3	8512	8512	True
ITPRIP	1362	1362	True
ITPRIPL2	315	315	True
ITSN1	6999	6999	True
ITSN2	5696	5696	True
IVD	3191	3191	True
IVL	13758	13758	True
IVNS1ABP	8708	8708	True
IWS1	2230	2230	True
IYD	11320	11320	True
IZUMO1	11679	11679	True
IZUMO4	5001	5001	True
JADE1	3369	3369	True
JADE2	7263	7263	True
JADE3	2080	2080	True
JAG1	169	169	True
JAG2	2632	2632	True
JAGN1	7368	7368	True
JAK1	2991	2991	True
JAK2	261	261	True
JAK3	11786	11786	True
JAKMIP1	14544	14544	True
JAKMIP2	13154	13154	True
JAKMIP3	11457	11457	True
JAM2	14437	14437	True
JAM3	14012	14012	True
JARID2	5982	5982	True
JARID2-AS1	14410	14410	True
JAZF1	1028	1028	True
JDP2	1846	1846	True
JKAMP	4194	4194	True
JMJD1C	7637	7637	True
JMJD1C-AS1	11126	11126	True
JMJD4	1947	1947	True
JMJD6	5017	5017	True
JMJD7	12740	12740	True
JMJD7-PLA2G4B	14855	14855	True
JMJD8	7508	7508	True
JMY	8550	8550	True
JOSD1	6828	6828	True
JOSD2	8100	8100	True
JPH1	966	966	True
JPH2	11225	11225	True
JPH3	44	44	True
JPX	12818	12818	True
JRK	6534	6534	True
JRKL	3884	3884	True
JSRP1	12703	12703	True
JTB	10079	10079	True
JUN	5071	5071	True
JUNB	944	944	True
JUND	2209	2209	True
JUP	10345	10345	True
KALRN	1640	1640	True
KANK1	2411	2411	True
KANK2	3255	3255	True
KANK3	12397	12397	True
KANSL1	9612	9612	True
KANSL1-AS1	12741	12741	True
KANSL1L	9304	9304	True
KANSL2	7851	7851	True
KANSL3	3002	3002	True
KANTR	13108	13108	True
KARS	9872	9872	True
KAT2A	7123	7123	True
KAT2B	3819	3819	True
KAT5	7355	7355	True
KAT6A	11935	11935	True
KAT6B	1463	1463	True
KAT7	5947	5947	True
KAT8	3342	3342	True
KATNA1	5938	5938	True
KATNAL1	1320	1320	True
KATNAL2	7532	7532	True
KATNB1	3401	3401	True
KATNBL1	4228	4228	True
KAZALD1	2330	2330	True
KAZN	9372	9372	True
KBTBD11	177	177	True
KBTBD2	8679	8679	True
KBTBD3	9368	9368	True
KBTBD4	10030	10030	True
KBTBD6	7276	7276	True
KBTBD7	7708	7708	True
KBTBD8	12946	12946	True
KCMF1	6034	6034	True
KCNAB1	13560	13560	True
KCNAB2	10310	10310	True
KCNAB3	13011	13011	True
KCNB1	11963	11963	True
KCNC1	12091	12091	True
KCNC3	2196	2196	True
KCNC4	203	203	True
KCND1	4063	4063	True
KCND2	13578	13578	True
KCND3	144	144	True
KCNE1	12729	12729	True
KCNE4	13924	13924	True
KCNF1	2280	2280	True
KCNG1	5002	5002	True
KCNG2	14796	14796	True
KCNG3	12704	12704	True
KCNH1	11343	11343	True
KCNH2	1653	1653	True
KCNH3	12504	12504	True
KCNH5	13492	13492	True
KCNH7	13685	13685	True
KCNH8	13014	13014	True
KCNIP2	12010	12010	True
KCNIP3	1248	1248	True
KCNIP4	14897	14897	True
KCNJ11	6009	6009	True
KCNJ13	13495	13495	True
KCNJ14	8414	8414	True
KCNJ15	14374	14374	True
KCNJ3	11558	11558	True
KCNJ4	13222	13222	True
KCNJ8	14077	14077	True
KCNK1	5243	5243	True
KCNK12	11707	11707	True
KCNK13	13847	13847	True
KCNK15	2011	2011	True
KCNK15-AS1	12117	12117	True
KCNK2	127	127	True
KCNK3	15008	15008	True
KCNK5	93	93	True
KCNK6	12709	12709	True
KCNMA1	1329	1329	True
KCNMB1	11866	11866	True
KCNMB2	14162	14162	True
KCNMB2-AS1	14309	14309	True
KCNMB3	9452	9452	True
KCNMB4	431	431	True
KCNN2	12595	12595	True
KCNN3	13571	13571	True
KCNN4	1209	1209	True
KCNQ1	12770	12770	True
KCNQ1OT1	13448	13448	True
KCNQ2	12986	12986	True
KCNQ3	11215	11215	True
KCNQ4	3920	3920	True
KCNQ5	11285	11285	True
KCNRG	12093	12093	True
KCNS3	620	620	True
KCNV1	11475	11475	True
KCNV2	13137	13137	True
KCP	12940	12940	True
KCTD1	1120	1120	True
KCTD10	7902	7902	True
KCTD11	6289	6289	True
KCTD12	13801	13801	True
KCTD13	10883	10883	True
KCTD14	11930	11930	True
KCTD15	4192	4192	True
KCTD16	14428	14428	True
KCTD17	10047	10047	True
KCTD18	7324	7324	True
KCTD19	13288	13288	True
KCTD2	7003	7003	True
KCTD20	10425	10425	True
KCTD21	9305	9305	True
KCTD21-AS1	11197	11197	True
KCTD3	2082	2082	True
KCTD5	5968	5968	True
KCTD6	6471	6471	True
KCTD7	12222	12222	True
KCTD9	10681	10681	True
KDELC1	11835	11835	True
KDELC2	11430	11430	True
KDELR1	5390	5390	True
KDELR2	6184	6184	True
KDELR3	7530	7530	True
KDF1	8270	8270	True
KDM1A	2241	2241	True
KDM1B	7108	7108	True
KDM2A	8963	8963	True
KDM2B	9332	9332	True
KDM3A	1540	1540	True
KDM3B	5786	5786	True
KDM4A	7621	7621	True
KDM4A-AS1	11178	11178	True
KDM4B	9087	9087	True
KDM4C	3422	3422	True
KDM4D	12871	12871	True
KDM5A	2724	2724	True
KDM5B	2843	2843	True
KDM5C	8204	8204	True
KDM6A	2575	2575	True
KDM6B	4247	4247	True
KDM7A	2664	2664	True
KDM8	7414	7414	True
KDR	14744	14744	True
KDSR	10373	10373	True
KEAP1	4436	4436	True
KHDC1	4540	4540	True
KHDRBS1	4941	4941	True
KHDRBS3	832	832	True
KHK	2059	2059	True
KHNYN	2827	2827	True
KHSRP	8655	8655	True
KIAA0020	15049	15049	True
KIAA0040	3339	3339	True
KIAA0100	8577	8577	True
KIAA0101	14014	14014	True
KIAA0141	15214	15214	True
KIAA0195	13614	13614	True
KIAA0196	15215	15215	True
KIAA0226	14882	14882	True
KIAA0232	10002	10002	True
KIAA0319	12448	12448	True
KIAA0319L	9168	9168	True
KIAA0355	1392	1392	True
KIAA0368	14996	14996	True
KIAA0391	15108	15108	True
KIAA0430	15198	15198	True
KIAA0513	30	30	True
KIAA0556	6938	6938	True
KIAA0586	9899	9899	True
KIAA0753	8838	8838	True
KIAA0825	710	710	True
KIAA0895	3721	3721	True
KIAA0895L	9267	9267	True
KIAA0907	13891	13891	True
KIAA0922	13095	13095	True
KIAA0930	7982	7982	True
KIAA1024	14090	14090	True
KIAA1033	15063	15063	True
KIAA1109	7813	7813	True
KIAA1143	6803	6803	True
KIAA1147	11582	11582	True
KIAA1161	13655	13655	True
KIAA1191	783	783	True
KIAA1210	13077	13077	True
KIAA1211	3879	3879	True
KIAA1211L	3386	3386	True
KIAA1217	8201	8201	True
KIAA1257	2160	2160	True
KIAA1324	6095	6095	True
KIAA1324L	11365	11365	True
KIAA1328	10104	10104	True
KIAA1407	14193	14193	True
KIAA1429	13671	13671	True
KIAA1467	13240	13240	True
KIAA1468	12551	12551	True
KIAA1522	5249	5249	True
KIAA1524	13446	13446	True
KIAA1549	11682	11682	True
KIAA1549L	13839	13839	True
KIAA1551	11672	11672	True
KIAA1586	8246	8246	True
KIAA1614	12858	12858	True
KIAA1614-AS1	12640	12640	True
KIAA1671	2129	2129	True
KIAA1683	14909	14909	True
KIAA1715	14191	14191	True
KIAA1841	6056	6056	True
KIAA1919	14541	14541	True
KIAA1958	5791	5791	True
KIAA2012	14564	14564	True
KIAA2013	6033	6033	True
KIAA2018	15135	15135	True
KIAA2026	7606	7606	True
KIDINS220	2955	2955	True
KIF11	2601	2601	True
KIF12	623	623	True
KIF13A	3989	3989	True
KIF13B	183	183	True
KIF14	7543	7543	True
KIF15	7504	7504	True
KIF16B	6728	6728	True
KIF18A	9180	9180	True
KIF18B	10940	10940	True
KIF1A	27	27	True
KIF1B	6971	6971	True
KIF1BP	12930	12930	True
KIF1C	8561	8561	True
KIF20A	2438	2438	True
KIF20B	4216	4216	True
KIF21A	9975	9975	True
KIF21B	12193	12193	True
KIF22	828	828	True
KIF23	1941	1941	True
KIF24	3160	3160	True
KIF26A	2072	2072	True
KIF26B	11344	11344	True
KIF27	9317	9317	True
KIF2A	7611	7611	True
KIF2C	8207	8207	True
KIF3A	8695	8695	True
KIF3B	10867	10867	True
KIF3C	2753	2753	True
KIF4A	9334	9334	True
KIF4B	14516	14516	True
KIF5A	11555	11555	True
KIF5B	6084	6084	True
KIF5C	2235	2235	True
KIF6	13389	13389	True
KIF7	2742	2742	True
KIF9	987	987	True
KIF9-AS1	14720	14720	True
KIFAP3	9273	9273	True
KIFC1	3356	3356	True
KIFC2	7014	7014	True
KIFC3	3443	3443	True
KIN	3575	3575	True
KIRREL3	14015	14015	True
KISS1	11189	11189	True
KISS1R	13315	13315	True
KITLG	664	664	True
KIZ	10375	10375	True
KIZ-AS1	15225	15225	True
KLB	11823	11823	True
KLC1	12556	12556	True
KLC2	4452	4452	True
KLC3	3523	3523	True
KLC4	8725	8725	True
KLF10	2556	2556	True
KLF11	3635	3635	True
KLF12	1327	1327	True
KLF13	952	952	True
KLF15	13916	13916	True
KLF16	9308	9308	True
KLF2	2933	2933	True
KLF3	765	765	True
KLF4	1927	1927	True
KLF5	306	306	True
KLF6	6198	6198	True
KLF7	3103	3103	True
KLF8	11972	11972	True
KLF9	2615	2615	True
KLHDC1	12580	12580	True
KLHDC10	5009	5009	True
KLHDC2	5222	5222	True
KLHDC3	5077	5077	True
KLHDC4	7683	7683	True
KLHDC7A	14486	14486	True
KLHDC8B	2201	2201	True
KLHDC9	10735	10735	True
KLHL10	15056	15056	True
KLHL11	3486	3486	True
KLHL12	10292	10292	True
KLHL13	11470	11470	True
KLHL15	4992	4992	True
KLHL17	5875	5875	True
KLHL18	3384	3384	True
KLHL2	284	284	True
KLHL20	4637	4637	True
KLHL21	5108	5108	True
KLHL22	6859	6859	True
KLHL23	1116	1116	True
KLHL24	4341	4341	True
KLHL25	9749	9749	True
KLHL26	10048	10048	True
KLHL28	2144	2144	True
KLHL29	11560	11560	True
KLHL3	13619	13619	True
KLHL31	12392	12392	True
KLHL32	14483	14483	True
KLHL35	949	949	True
KLHL36	3990	3990	True
KLHL41	12669	12669	True
KLHL42	6867	6867	True
KLHL5	639	639	True
KLHL7	8693	8693	True
KLHL8	4589	4589	True
KLHL9	9695	9695	True
KLK10	13773	13773	True
KLK14	15112	15112	True
KLK6	11193	11193	True
KLLN	12623	12623	True
KLRB1	12910	12910	True
KLRC2	13358	13358	True
KLRF1	14938	14938	True
KLRG1	14759	14759	True
KLRG2	323	323	True
KMO	327	327	True
KMT2A	3296	3296	True
KMT2B	2464	2464	True
KMT2C	2673	2673	True
KMT2D	5920	5920	True
KMT2E	4490	4490	True
KMT2E-AS1	11209	11209	True
KNDC1	2028	2028	True
KNOP1	9056	9056	True
KNSTRN	4083	4083	True
KNTC1	3055	3055	True
KPNA1	9059	9059	True
KPNA2	2432	2432	True
KPNA3	3569	3569	True
KPNA4	5529	5529	True
KPNA5	8384	8384	True
KPNA6	11080	11080	True
KPNA7	12310	12310	True
KPNB1	6842	6842	True
KPTN	9769	9769	True
KRAS	7643	7643	True
KRBA1	4173	4173	True
KRBA2	9536	9536	True
KRBOX1	13753	13753	True
KRBOX4	4326	4326	True
KRCC1	4884	4884	True
KREMEN1	927	927	True
KREMEN2	940	940	True
KRI1	10282	10282	True
KRIT1	2942	2942	True
KRR1	9310	9310	True
KRT10	10009	10009	True
KRT13	11441	11441	True
KRT15	3939	3939	True
KRT16	12185	12185	True
KRT17	13291	13291	True
KRT18	894	894	True
KRT19	2443	2443	True
KRT20	13932	13932	True
KRT23	11594	11594	True
KRT32	15232	15232	True
KRT40	14449	14449	True
KRT7	7996	7996	True
KRT8	910	910	True
KRT80	7326	7326	True
KRT81	426	426	True
KRT83	915	915	True
KRT86	8049	8049	True
KRTAP5-AS1	12508	12508	True
KRTCAP2	11001	11001	True
KRTCAP3	1054	1054	True
KRTDAP	14844	14844	True
KSR1	2061	2061	True
KSR2	11819	11819	True
KTI12	5911	5911	True
KTN1	2410	2410	True
KTN1-AS1	11482	11482	True
KXD1	12747	12747	True
KYNU	2716	2716	True
L1CAM	595	595	True
L2HGDH	1260	1260	True
L3HYPDH	4702	4702	True
L3MBTL1	8121	8121	True
L3MBTL2	6029	6029	True
L3MBTL3	676	676	True
LACC1	3932	3932	True
LACE1	14058	14058	True
LACTB	877	877	True
LACTB2	3129	3129	True
LACTB2-AS1	13886	13886	True
LAD1	2557	2557	True
LAG3	3702	3702	True
LAGE3	490	490	True
LAMA2	12755	12755	True
LAMA3	26	26	True
LAMA4	13542	13542	True
LAMA5	1829	1829	True
LAMB1	900	900	True
LAMB2	5751	5751	True
LAMB3	13	13	True
LAMB4	13694	13694	True
LAMC1	921	921	True
LAMC2	567	567	True
LAMP1	1973	1973	True
LAMP2	2908	2908	True
LAMP3	12020	12020	True
LAMTOR1	10847	10847	True
LAMTOR2	4547	4547	True
LAMTOR3	4329	4329	True
LAMTOR4	5600	5600	True
LAMTOR5	7739	7739	True
LAMTOR5-AS1	14505	14505	True
LANCL1	6736	6736	True
LANCL2	10196	10196	True
LAP3	10491	10491	True
LAPTM4A	6206	6206	True
LAPTM4B	4416	4416	True
LARGE	15186	15186	True
LARP1	9719	9719	True
LARP1B	11037	11037	True
LARP4	6911	6911	True
LARP4B	1274	1274	True
LARP6	2	2	True
LARP7	10780	10780	True
LARS	9626	9626	True
LARS2	5250	5250	True
LAS1L	5437	5437	True
LASP1	1060	1060	True
LAT	9326	9326	True
LAT2	2485	2485	True
LATS1	10334	10334	True
LATS2	2951	2951	True
LBH	14522	14522	True
LBHD1	12810	12810	True
LBR	3653	3653	True
LBX2	2892	2892	True
LBX2-AS1	11916	11916	True
LCA5	12898	12898	True
LCA5L	9689	9689	True
LCAT	12562	12562	True
LCLAT1	7090	7090	True
LCMT1	2624	2624	True
LCMT2	3150	3150	True
LCN12	4824	4824	True
LCOR	1374	1374	True
LCORL	10044	10044	True
LCP1	948	948	True
LCP2	13537	13537	True
LCT	15010	15010	True
LCTL	14044	14044	True
LDAH	12494	12494	True
LDB1	5595	5595	True
LDB2	13893	13893	True
LDB3	13098	13098	True
LDHA	3295	3295	True
LDHAL6A	12615	12615	True
LDHB	489	489	True
LDHC	14766	14766	True
LDHD	324	324	True
LDLR	1762	1762	True
LDLRAD1	14126	14126	True
LDLRAD3	5963	5963	True
LDLRAD4	3065	3065	True
LDLRAP1	990	990	True
LDOC1	237	237	True
LDOC1L	15170	15170	True
LEAP2	8940	8940	True
LEF1	155	155	True
LEKR1	11991	11991	True
LEMD1	12433	12433	True
LEMD2	6179	6179	True
LEMD3	4199	4199	True
LENG1	6870	6870	True
LENG8	10188	10188	True
LENG8-AS1	12308	12308	True
LENG9	2064	2064	True
LEO1	8597	8597	True
LEPR	8185	8185	True
LEPROT	9700	9700	True
LEPROTL1	1547	1547	True
LETM1	7110	7110	True
LETM2	1974	1974	True
LETMD1	5929	5929	True
LFNG	455	455	True
LGALS1	1277	1277	True
LGALS2	15088	15088	True
LGALS3	1700	1700	True
LGALS3BP	1032	1032	True
LGALS4	12603	12603	True
LGALS8	4439	4439	True
LGALS8-AS1	15009	15009	True
LGALSL	1251	1251	True
LGI2	11220	11220	True
LGMN	2839	2839	True
LGR4	2964	2964	True
LHFP	13352	13352	True
LHFPL2	2139	2139	True
LHFPL4	12463	12463	True
LHFPL5	12892	12892	True
LHPP	3971	3971	True
LHX1	798	798	True
LHX2	11840	11840	True
LHX4	7898	7898	True
LHX6	11251	11251	True
LIAS	2469	2469	True
LIF	823	823	True
LIFR	4196	4196	True
LIFR-AS1	12937	12937	True
LIG1	4177	4177	True
LIG3	5569	5569	True
LIG4	7771	7771	True
LILRB3	14660	14660	True
LIMA1	2889	2889	True
LIMCH1	159	159	True
LIMD1	7045	7045	True
LIMD2	369	369	True
LIME1	13489	13489	True
LIMK1	3933	3933	True
LIMK2	3527	3527	True
LIMS1	1486	1486	True
LIN28A	14700	14700	True
LIN37	4299	4299	True
LIN52	1481	1481	True
LIN54	9407	9407	True
LIN7A	598	598	True
LIN7B	7512	7512	True
LIN7C	9664	9664	True
LIN9	3622	3622	True
LINC-PINT	15104	15104	True
LINC00052	11112	11112	True
LINC00106	12726	12726	True
LINC00115	12280	12280	True
LINC00160	13052	13052	True
LINC00167	14335	14335	True
LINC00173	13043	13043	True
LINC00174	14137	14137	True
LINC00205	13763	13763	True
LINC00235	11191	11191	True
LINC00240	12267	12267	True
LINC00243	14533	14533	True
LINC00265	12544	12544	True
LINC00266-1	13923	13923	True
LINC00271	11333	11333	True
LINC00294	14103	14103	True
LINC00324	14074	14074	True
LINC00337	13058	13058	True
LINC00339	14913	14913	True
LINC00342	11508	11508	True
LINC00365	13150	13150	True
LINC00449	15177	15177	True
LINC00467	12046	12046	True
LINC00470	13267	13267	True
LINC00471	13181	13181	True
LINC00472	13219	13219	True
LINC00473	15157	15157	True
LINC00476	12760	12760	True
LINC00482	13444	13444	True
LINC00504	14782	14782	True
LINC00511	11107	11107	True
LINC00562	14563	14563	True
LINC00571	13793	13793	True
LINC00578	14123	14123	True
LINC00592	14136	14136	True
LINC00598	13334	13334	True
LINC00607	11257	11257	True
LINC00623	13203	13203	True
LINC00624	14156	14156	True
LINC00630	11788	11788	True
LINC00638	11688	11688	True
LINC00641	14609	14609	True
LINC00649	13174	13174	True
LINC00659	13406	13406	True
LINC00662	11699	11699	True
LINC00663	14926	14926	True
LINC00664	13479	13479	True
LINC00665	11534	11534	True
LINC00667	14582	14582	True
LINC00672	11521	11521	True
LINC00685	12588	12588	True
LINC00839	11100	11100	True
LINC00847	11177	11177	True
LINC00852	11914	11914	True
LINC00853	13491	13491	True
LINC00862	13073	13073	True
LINC00863	14553	14553	True
LINC00865	13658	13658	True
LINC00882	13503	13503	True
LINC00885	14105	14105	True
LINC00886	11910	11910	True
LINC00887	14234	14234	True
LINC00893	12637	12637	True
LINC00894	12722	12722	True
LINC00907	13361	13361	True
LINC00909	12964	12964	True
LINC00910	11623	11623	True
LINC00921	15243	15243	True
LINC00926	14821	14821	True
LINC00937	14382	14382	True
LINC00954	15187	15187	True
LINC00957	11444	11444	True
LINC00960	11849	11849	True
LINC00963	13451	13451	True
LINC00992	11110	11110	True
LINC00997	12470	12470	True
LINC01001	12480	12480	True
LINC01002	15165	15165	True
LINC01003	12341	12341	True
LINC01004	11826	11826	True
LINC01006	11165	11165	True
LINC01011	12670	12670	True
LINC01016	11221	11221	True
LINC01023	12467	12467	True
LINC01063	12210	12210	True
LINC01087	13292	13292	True
LINC01089	12591	12591	True
LINC01106	11796	11796	True
LINC01116	11185	11185	True
LINC01117	15204	15204	True
LINC01123	11530	11530	True
LINC01126	13726	13726	True
LINC01128	14601	14601	True
LINC01134	15078	15078	True
LINC01136	15248	15248	True
LINC01137	11176	11176	True
LINC01138	13038	13038	True
LINC01143	13440	13440	True
LINC01176	13270	13270	True
LINC01184	12621	12621	True
LINC01208	13860	13860	True
LINC01213	11113	11113	True
LINC01237	13403	13403	True
LINC01252	11181	11181	True
LINC01270	12293	12293	True
LINC01277	14711	14711	True
LINC01278	14322	14322	True
LINC01290	13249	13249	True
LINC01291	11169	11169	True
LINC01301	13321	13321	True
LINC01311	12298	12298	True
LINC01315	11232	11232	True
LINC01348	13146	13146	True
LINC01351	13283	13283	True
LINC01355	14685	14685	True
LINC01359	13341	13341	True
LINC01376	14948	14948	True
LINC01389	12088	12088	True
LINC01410	13720	13720	True
LINC01411	13383	13383	True
LINC01431	12481	12481	True
LINC01446	13123	13123	True
LINC01456	13252	13252	True
LINC01465	14504	14504	True
LINC01468	14002	14002	True
LINC01473	14930	14930	True
LINC01503	11195	11195	True
LINC01508	13056	13056	True
LINC01515	11442	11442	True
LINC01521	11953	11953	True
LINC01534	13505	13505	True
LINC01535	13157	13157	True
LINC01547	13311	13311	True
LINC01550	13461	13461	True
LINC01560	14019	14019	True
LINC01569	14688	14688	True
LINC01588	14952	14952	True
LINC01611	13381	13381	True
LINGO1	2829	2829	True
LINGO2	14562	14562	True
LINGO3	13289	13289	True
LINS	14316	14316	True
LIPA	5100	5100	True
LIPE	12104	12104	True
LIPE-AS1	12462	12462	True
LIPG	12183	12183	True
LIPH	1360	1360	True
LIPT1	7668	7668	True
LIPT2	9862	9862	True
LITAF	6288	6288	True
LIX1L	12657	12657	True
LKAAEAR1	13401	13401	True
LLGL1	6936	6936	True
LLGL2	5711	5711	True
LLPH	3062	3062	True
LMAN1	7534	7534	True
LMAN2	4825	4825	True
LMAN2L	7087	7087	True
LMBR1	7015	7015	True
LMBR1L	1335	1335	True
LMBRD1	6370	6370	True
LMBRD2	10182	10182	True
LMCD1	1281	1281	True
LMCD1-AS1	14680	14680	True
LMF1	3212	3212	True
LMF1-AS1	14249	14249	True
LMF2	2895	2895	True
LMLN	4227	4227	True
LMNA	4726	4726	True
LMNB1	5187	5187	True
LMNB2	6094	6094	True
LMNTD1	13224	13224	True
LMNTD2	6933	6933	True
LMO1	1011	1011	True
LMO2	515	515	True
LMO3	12254	12254	True
LMO4	380	380	True
LMO7	460	460	True
LMO7-AS1	15116	15116	True
LMOD1	11717	11717	True
LMOD3	12449	12449	True
LMTK2	3381	3381	True
LMTK3	4958	4958	True
LMX1B	701	701	True
LNP1	3928	3928	True
LNPEP	10364	10364	True
LNX1	2966	2966	True
LNX2	9321	9321	True
LOH12CR1	13325	13325	True
LOH12CR2	13947	13947	True
LONP1	5835	5835	True
LONP2	650	650	True
LONRF1	7850	7850	True
LONRF2	6530	6530	True
LONRF3	106	106	True
LOX	217	217	True
LOXL1	2440	2440	True
LOXL1-AS1	12624	12624	True
LOXL2	9651	9651	True
LOXL3	2324	2324	True
LOXL4	14636	14636	True
LPAR1	141	141	True
LPAR2	5446	5446	True
LPAR3	14016	14016	True
LPAR5	14102	14102	True
LPAR6	12699	12699	True
LPCAT1	1568	1568	True
LPCAT2	4029	4029	True
LPCAT3	10129	10129	True
LPCAT4	7196	7196	True
LPGAT1	2412	2412	True
LPIN1	22	22	True
LPIN2	3309	3309	True
LPIN3	3126	3126	True
LPL	13704	13704	True
LPO	13649	13649	True
LPP	2253	2253	True
LPP-AS2	12234	12234	True
LPPR2	13544	13544	True
LPPR3	13226	13226	True
LPXN	2184	2184	True
LRAT	11629	11629	True
LRBA	10299	10299	True
LRCH1	4674	4674	True
LRCH3	4601	4601	True
LRCH4	6099	6099	True
LRFN1	3303	3303	True
LRFN2	11952	11952	True
LRFN3	7179	7179	True
LRFN4	4276	4276	True
LRFN5	11782	11782	True
LRG1	1266	1266	True
LRGUK	11614	11614	True
LRIF1	1193	1193	True
LRIG1	654	654	True
LRIG2	8108	8108	True
LRIG3	1003	1003	True
LRP1	443	443	True
LRP10	847	847	True
LRP11	6868	6868	True
LRP12	92	92	True
LRP1B	673	673	True
LRP2	11993	11993	True
LRP2BP	11732	11732	True
LRP3	6903	6903	True
LRP4	1464	1464	True
LRP5	4143	4143	True
LRP5L	1756	1756	True
LRP6	3115	3115	True
LRP8	5714	5714	True
LRPAP1	6085	6085	True
LRPPRC	4913	4913	True
LRR1	9623	9623	True
LRRC1	10390	10390	True
LRRC10B	11120	11120	True
LRRC14	9141	9141	True
LRRC15	13701	13701	True
LRRC16A	14145	14145	True
LRRC16B	14130	14130	True
LRRC17	12636	12636	True
LRRC19	14536	14536	True
LRRC20	1023	1023	True
LRRC23	2746	2746	True
LRRC24	9415	9415	True
LRRC26	3921	3921	True
LRRC27	9772	9772	True
LRRC28	4162	4162	True
LRRC29	2595	2595	True
LRRC3	5038	5038	True
LRRC31	13727	13727	True
LRRC34	14789	14789	True
LRRC36	14760	14760	True
LRRC37A	12019	12019	True
LRRC37A2	7687	7687	True
LRRC37A3	8524	8524	True
LRRC37B	2874	2874	True
LRRC39	12362	12362	True
LRRC4	12513	12513	True
LRRC40	6256	6256	True
LRRC41	6700	6700	True
LRRC42	11083	11083	True
LRRC45	9497	9497	True
LRRC46	10362	10362	True
LRRC47	8417	8417	True
LRRC48	14450	14450	True
LRRC49	5172	5172	True
LRRC4C	12243	12243	True
LRRC56	4223	4223	True
LRRC57	5022	5022	True
LRRC58	9819	9819	True
LRRC59	5622	5622	True
LRRC6	262	262	True
LRRC61	2450	2450	True
LRRC69	11642	11642	True
LRRC7	12455	12455	True
LRRC73	7464	7464	True
LRRC74B	15043	15043	True
LRRC75A	8051	8051	True
LRRC75B	4569	4569	True
LRRC8A	8981	8981	True
LRRC8B	8843	8843	True
LRRC8C	11995	11995	True
LRRC8D	5861	5861	True
LRRC8E	5996	5996	True
LRRCC1	3637	3637	True
LRRD1	13825	13825	True
LRRFIP1	2939	2939	True
LRRFIP2	4712	4712	True
LRRIQ1	11933	11933	True
LRRIQ3	11335	11335	True
LRRK1	12211	12211	True
LRRN1	2142	2142	True
LRRN2	239	239	True
LRRN3	12445	12445	True
LRRTM2	14678	14678	True
LRRTM3	14110	14110	True
LRRTM4	13387	13387	True
LRSAM1	6427	6427	True
LRTOMT	2861	2861	True
LRWD1	8894	8894	True
LSAMP	15022	15022	True
LSG1	3005	3005	True
LSM1	7917	7917	True
LSM10	10072	10072	True
LSM11	10318	10318	True
LSM12	5068	5068	True
LSM14A	9164	9164	True
LSM14B	10945	10945	True
LSM2	11051	11051	True
LSM3	7246	7246	True
LSM4	4246	4246	True
LSM5	9269	9269	True
LSM6	6492	6492	True
LSM7	10155	10155	True
LSM8	3897	3897	True
LSMEM1	3243	3243	True
LSMEM2	11316	11316	True
LSP1	13430	13430	True
LSR	2198	2198	True
LSS	2366	2366	True
LTA4H	10460	10460	True
LTB4R	6919	6919	True
LTB4R2	12765	12765	True
LTBP1	5098	5098	True
LTBP2	1935	1935	True
LTBP3	3286	3286	True
LTBP4	568	568	True
LTBR	5199	5199	True
LTC4S	1601	1601	True
LTF	12819	12819	True
LTN1	7998	7998	True
LTV1	9591	9591	True
LUC7L	10671	10671	True
LUC7L2	5603	5603	True
LUC7L3	6007	6007	True
LUCAT1	13076	13076	True
LUM	14404	14404	True
LURAP1	12980	12980	True
LURAP1L	5121	5121	True
LURAP1L-AS1	13324	13324	True
LUZP1	3530	3530	True
LUZP2	11726	11726	True
LUZP6	14718	14718	True
LVRN	14255	14255	True
LXN	1059	1059	True
LY6D	13148	13148	True
LY6E	5694	5694	True
LY6G5B	13021	13021	True
LY6G5C	2755	2755	True
LY6G6C	14402	14402	True
LY6K	14570	14570	True
LY75	14211	14211	True
LYAR	4383	4383	True
LYG1	12830	12830	True
LYG2	11996	11996	True
LYN	74	74	True
LYNX1	11586	11586	True
LYPD1	160	160	True
LYPD3	8107	8107	True
LYPD5	13837	13837	True
LYPD6	413	413	True
LYPD6B	1066	1066	True
LYPD8	13748	13748	True
LYPLA1	5290	5290	True
LYPLA2	1341	1341	True
LYPLAL1	9221	9221	True
LYRM1	3647	3647	True
LYRM2	9425	9425	True
LYRM4	3497	3497	True
LYRM5	14842	14842	True
LYRM7	4084	4084	True
LYRM9	5808	5808	True
LYSMD1	10060	10060	True
LYSMD2	2561	2561	True
LYSMD3	1068	1068	True
LYSMD4	1294	1294	True
LYST	3271	3271	True
LYZ	14422	14422	True
LZIC	10495	10495	True
LZTFL1	8097	8097	True
LZTR1	1173	1173	True
LZTS1	13615	13615	True
LZTS2	3778	3778	True
LZTS3	2867	2867	True
M1AP	14009	14009	True
M6PR	6016	6016	True
MAATS1	14216	14216	True
MAB21L1	14779	14779	True
MAB21L3	11300	11300	True
MACC1	1723	1723	True
MACF1	8067	8067	True
MACROD1	4001	4001	True
MACROD2	9634	9634	True
MAD1L1	4488	4488	True
MAD2L1	9777	9777	True
MAD2L1BP	5192	5192	True
MAD2L2	7496	7496	True
MADCAM1	14433	14433	True
MADD	6992	6992	True
MAEA	5148	5148	True
MAF	73	73	True
MAF1	3361	3361	True
MAFA	2580	2580	True
MAFB	7744	7744	True
MAFF	374	374	True
MAFG	7435	7435	True
MAFIP	13209	13209	True
MAFK	3769	3769	True
MAG	11151	11151	True
MAGEC1	13730	13730	True
MAGED1	584	584	True
MAGED2	2219	2219	True
MAGED4	13416	13416	True
MAGED4B	13460	13460	True
MAGEE1	1188	1188	True
MAGEF1	10784	10784	True
MAGEH1	4350	4350	True
MAGI1	8925	8925	True
MAGI2	13012	13012	True
MAGI3	7524	7524	True
MAGIX	739	739	True
MAGOH	10651	10651	True
MAGOHB	6839	6839	True
MAGT1	5994	5994	True
MAK	12784	12784	True
MAK16	7057	7057	True
MAL2	7551	7551	True
MALAT1	14610	14610	True
MALL	405	405	True
MALRD1	11099	11099	True
MALSU1	7740	7740	True
MALT1	7000	7000	True
MAMDC2	11842	11842	True
MAMDC2-AS1	13493	13493	True
MAMDC4	5685	5685	True
MAML1	6017	6017	True
MAML2	2794	2794	True
MAML3	4845	4845	True
MAMLD1	3132	3132	True
MAMSTR	11378	11378	True
MAN1A1	2172	2172	True
MAN1A2	6456	6456	True
MAN1B1	4795	4795	True
MAN1C1	1959	1959	True
MAN2A1	4877	4877	True
MAN2A2	6051	6051	True
MAN2B1	2245	2245	True
MAN2B2	7158	7158	True
MAN2C1	10917	10917	True
MANBA	2365	2365	True
MANBAL	6015	6015	True
MANEA	4108	4108	True
MANEAL	1826	1826	True
MANF	2503	2503	True
MANSC1	2963	2963	True
MAOA	12822	12822	True
MAP10	6408	6408	True
MAP1A	11781	11781	True
MAP1B	43	43	True
MAP1LC3A	12022	12022	True
MAP1LC3B	2625	2625	True
MAP1LC3B2	7444	7444	True
MAP1S	1384	1384	True
MAP2	12752	12752	True
MAP2K1	10244	10244	True
MAP2K2	7858	7858	True
MAP2K3	1992	1992	True
MAP2K4	3529	3529	True
MAP2K5	4880	4880	True
MAP2K6	10392	10392	True
MAP2K7	8636	8636	True
MAP3K1	2058	2058	True
MAP3K10	4700	4700	True
MAP3K11	10979	10979	True
MAP3K12	2979	2979	True
MAP3K13	1495	1495	True
MAP3K14	846	846	True
MAP3K14-AS1	12776	12776	True
MAP3K15	13185	13185	True
MAP3K2	9673	9673	True
MAP3K3	3548	3548	True
MAP3K4	2650	2650	True
MAP3K5	467	467	True
MAP3K6	3291	3291	True
MAP3K7	3648	3648	True
MAP3K7CL	14892	14892	True
MAP3K8	4074	4074	True
MAP3K9	3919	3919	True
MAP4	10707	10707	True
MAP4K1	12841	12841	True
MAP4K2	8407	8407	True
MAP4K3	4405	4405	True
MAP4K4	2696	2696	True
MAP4K5	3372	3372	True
MAP6	14457	14457	True
MAP6D1	11434	11434	True
MAP7	81	81	True
MAP7D1	1178	1178	True
MAP7D2	12188	12188	True
MAP7D3	4573	4573	True
MAP9	610	610	True
MAPK1	7936	7936	True
MAPK10	1041	1041	True
MAPK11	2947	2947	True
MAPK12	908	908	True
MAPK13	51	51	True
MAPK14	9408	9408	True
MAPK15	195	195	True
MAPK1IP1L	8457	8457	True
MAPK3	3035	3035	True
MAPK4	11847	11847	True
MAPK6	7721	7721	True
MAPK7	9932	9932	True
MAPK8	4596	4596	True
MAPK8IP1	6950	6950	True
MAPK8IP2	4635	4635	True
MAPK8IP3	11017	11017	True
MAPK9	8729	8729	True
MAPKAP1	6665	6665	True
MAPKAPK2	7240	7240	True
MAPKAPK3	6787	6787	True
MAPKAPK5	10944	10944	True
MAPKAPK5-AS1	11858	11858	True
MAPKBP1	11033	11033	True
MAPRE1	9669	9669	True
MAPRE2	328	328	True
MAPRE3	3013	3013	True
MAPT	240	240	True
MARC1	12700	12700	True
MARC2	12256	12256	True
MARCH1	14239	14239	True
MARCH10	14416	14416	True
MARCH2	12506	12506	True
MARCH3	11650	11650	True
MARCH5	12974	12974	True
MARCH6	12869	12869	True
MARCH7	11898	11898	True
MARCH8	12604	12604	True
MARCH9	12383	12383	True
MARCKS	388	388	True
MARCKSL1	1741	1741	True
MARK1	1141	1141	True
MARK2	6152	6152	True
MARK3	9145	9145	True
MARK4	6234	6234	True
MARS	3708	3708	True
MARS2	6150	6150	True
MARVELD1	6796	6796	True
MARVELD2	7117	7117	True
MARVELD3	8839	8839	True
MAST1	10941	10941	True
MAST2	10372	10372	True
MAST3	7544	7544	True
MAST4	1010	1010	True
MAST4-AS1	11695	11695	True
MASTL	3573	3573	True
MAT1A	15191	15191	True
MAT2A	9913	9913	True
MAT2B	9625	9625	True
MATK	5457	5457	True
MATN1-AS1	12893	12893	True
MATN2	3736	3736	True
MATN3	373	373	True
MATN4	13575	13575	True
MATR3	13019	13019	True
MAU2	5882	5882	True
MAVS	8320	8320	True
MAX	4115	4115	True
MAZ	5135	5135	True
MB	7817	7817	True
MB21D1	14394	14394	True
MB21D2	737	737	True
MBD1	10264	10264	True
MBD2	4302	4302	True
MBD3	7067	7067	True
MBD4	10746	10746	True
MBD5	8074	8074	True
MBD6	2910	2910	True
MBIP	638	638	True
MBLAC1	9017	9017	True
MBLAC2	8504	8504	True
MBNL1	7101	7101	True
MBNL1-AS1	14369	14369	True
MBNL2	2396	2396	True
MBNL3	469	469	True
MBOAT1	1605	1605	True
MBOAT2	2573	2573	True
MBOAT7	5876	5876	True
MBP	129	129	True
MBTD1	3544	3544	True
MBTPS1	6387	6387	True
MBTPS2	2104	2104	True
MC1R	2651	2651	True
MCAM	11306	11306	True
MCAT	10987	10987	True
MCC	1924	1924	True
MCCC1	8961	8961	True
MCCC2	4045	4045	True
MCEE	2257	2257	True
MCF2	11448	11448	True
MCF2L	3387	3387	True
MCF2L-AS1	11658	11658	True
MCF2L2	11492	11492	True
MCFD2	6798	6798	True
MCIDAS	1809	1809	True
MCL1	4793	4793	True
MCM10	3397	3397	True
MCM2	3979	3979	True
MCM3	6197	6197	True
MCM3AP	6616	6616	True
MCM3AP-AS1	12446	12446	True
MCM4	7096	7096	True
MCM5	4752	4752	True
MCM6	5953	5953	True
MCM7	4649	4649	True
MCM8	8378	8378	True
MCM9	7590	7590	True
MCMBP	3332	3332	True
MCMDC2	11217	11217	True
MCOLN1	9919	9919	True
MCOLN2	11805	11805	True
MCOLN3	2081	2081	True
MCPH1	4385	4385	True
MCPH1-AS1	14686	14686	True
MCRS1	9966	9966	True
MCTP1	96	96	True
MCTP2	107	107	True
MCTS1	6902	6902	True
MCU	7876	7876	True
MCUR1	4946	4946	True
MDC1	6418	6418	True
MDFI	14496	14496	True
MDFIC	607	607	True
MDGA1	14494	14494	True
MDGA2	13116	13116	True
MDH1	10061	10061	True
MDH1B	11984	11984	True
MDH2	5441	5441	True
MDK	4347	4347	True
MDM1	8537	8537	True
MDM2	7081	7081	True
MDM4	9011	9011	True
MDN1	6662	6662	True
MDP1	9789	9789	True
ME1	2670	2670	True
ME2	1200	1200	True
ME3	11767	11767	True
MEA1	9926	9926	True
MEAF6	5772	5772	True
MECOM	1624	1624	True
MECP2	5041	5041	True
MECR	5205	5205	True
MED1	8043	8043	True
MED10	5594	5594	True
MED11	3981	3981	True
MED12	2535	2535	True
MED12L	5477	5477	True
MED13	6027	6027	True
MED13L	4	4	True
MED14	6899	6899	True
MED15	1764	1764	True
MED16	6031	6031	True
MED17	10142	10142	True
MED18	9745	9745	True
MED19	5327	5327	True
MED20	12960	12960	True
MED21	8842	8842	True
MED22	2501	2501	True
MED23	762	762	True
MED24	5505	5505	True
MED25	6106	6106	True
MED26	9483	9483	True
MED27	8115	8115	True
MED28	4912	4912	True
MED29	9420	9420	True
MED30	5236	5236	True
MED31	6606	6606	True
MED4	4639	4639	True
MED6	5518	5518	True
MED7	10341	10341	True
MED8	5072	5072	True
MED9	6580	6580	True
MEF2A	2705	2705	True
MEF2B	13878	13878	True
MEF2BNB	14773	14773	True
MEF2BNB-MEF2B	14141	14141	True
MEF2C	11329	11329	True
MEF2D	6773	6773	True
MEGF10	13787	13787	True
MEGF11	12430	12430	True
MEGF6	2302	2302	True
MEGF8	2044	2044	True
MEGF9	628	628	True
MEI1	12334	12334	True
MEI4	13691	13691	True
MEIG1	4937	4937	True
MEIOB	13127	13127	True
MEIS1	1114	1114	True
MEIS2	2603	2603	True
MEIS3	2702	2702	True
MELK	8485	8485	True
MEMO1	5452	5452	True
MEN1	9423	9423	True
MEPCE	4444	4444	True
MEPE	15173	15173	True
MERTK	4424	4424	True
MESDC1	14297	14297	True
MESDC2	13927	13927	True
MESP1	816	816	True
MESP2	13092	13092	True
MEST	4354	4354	True
MESTIT1	15000	15000	True
MET	5641	5641	True
METAP1	7319	7319	True
METAP1D	1293	1293	True
METAP2	9930	9930	True
METRN	3379	3379	True
METRNL	6377	6377	True
METTL1	10760	10760	True
METTL10	13346	13346	True
METTL12	14508	14508	True
METTL13	12905	12905	True
METTL14	8262	8262	True
METTL15	4202	4202	True
METTL16	4178	4178	True
METTL17	6891	6891	True
METTL18	898	898	True
METTL21A	1311	1311	True
METTL21B	14851	14851	True
METTL22	7092	7092	True
METTL23	4574	4574	True
METTL25	9403	9403	True
METTL2A	8761	8761	True
METTL2B	6233	6233	True
METTL3	10555	10555	True
METTL4	9058	9058	True
METTL5	10930	10930	True
METTL6	10195	10195	True
METTL7A	3940	3940	True
METTL7B	8140	8140	True
METTL8	3874	3874	True
METTL9	8706	8706	True
MEX3A	260	260	True
MEX3B	3555	3555	True
MEX3C	6777	6777	True
MEX3D	8347	8347	True
MFAP1	7186	7186	True
MFAP2	643	643	True
MFAP3	10268	10268	True
MFAP3L	1784	1784	True
MFAP4	15030	15030	True
MFF	3599	3599	True
MFGE8	1129	1129	True
MFHAS1	916	916	True
MFI2	13738	13738	True
MFN1	7145	7145	True
MFN2	2446	2446	True
MFNG	12452	12452	True
MFSD1	6734	6734	True
MFSD10	5944	5944	True
MFSD11	10633	10633	True
MFSD12	6691	6691	True
MFSD2A	10284	10284	True
MFSD2B	12879	12879	True
MFSD3	3324	3324	True
MFSD5	10496	10496	True
MFSD6	378	378	True
MFSD6L	15092	15092	True
MFSD8	6944	6944	True
MFSD9	2086	2086	True
MGA	2185	2185	True
MGAM	13156	13156	True
MGAT1	6324	6324	True
MGAT2	4810	4810	True
MGAT4A	1072	1072	True
MGAT4B	1982	1982	True
MGAT5	6237	6237	True
MGAT5B	6394	6394	True
MGEA5	15132	15132	True
MGLL	4250	4250	True
MGME1	9041	9041	True
MGMT	4567	4567	True
MGP	554	554	True
MGRN1	9155	9155	True
MGST1	4731	4731	True
MGST2	10305	10305	True
MGST3	4103	4103	True
MIA2	13169	13169	True
MIA3	730	730	True
MIAT	13514	13514	True
MIATNB	12990	12990	True
MIB1	6006	6006	True
MIB2	5398	5398	True
MICA	4834	4834	True
MICAL1	348	348	True
MICAL2	2224	2224	True
MICAL3	4665	4665	True
MICALL1	9840	9840	True
MICALL2	9515	9515	True
MICB	2369	2369	True
MICU1	2500	2500	True
MICU2	9815	9815	True
MICU3	13750	13750	True
MID1	11512	11512	True
MID1IP1	4829	4829	True
MID2	10105	10105	True
MIDN	775	775	True
MIEF1	10859	10859	True
MIEF2	1422	1422	True
MIEN1	9539	9539	True
MIER1	10100	10100	True
MIER2	9549	9549	True
MIER3	10102	10102	True
MIF	10271	10271	True
MIF-AS1	15226	15226	True
MIF4GD	6758	6758	True
MIIP	10525	10525	True
MINA	14059	14059	True
MINK1	8479	8479	True
MINOS1	12676	12676	True
MINOS1-NBL1	15179	15179	True
MINPP1	5645	5645	True
MIOS	9358	9358	True
MIP	12634	12634	True
MIPEP	1304	1304	True
MIPOL1	8226	8226	True
MIR17HG	13061	13061	True
MIR181A1HG	13319	13319	True
MIR205HG	11432	11432	True
MIR210HG	11468	11468	True
MIR22HG	12189	12189	True
MIR4435-2HG	13527	13527	True
MIR4458HG	11620	11620	True
MIR497HG	11158	11158	True
MIR503HG	11146	11146	True
MIR600HG	13776	13776	True
MIR646HG	13285	13285	True
MIR762HG	14747	14747	True
MIR99AHG	11130	11130	True
MIRLET7BHG	13858	13858	True
MIS12	6875	6875	True
MIS18A	8555	8555	True
MIS18BP1	2869	2869	True
MISP	4097	4097	True
MITD1	1247	1247	True
MITF	12677	12677	True
MIXL1	14944	14944	True
MKI67	4333	4333	True
MKKS	4395	4395	True
MKL1	11955	11955	True
MKL2	12025	12025	True
MKLN1	2998	2998	True
MKLN1-AS	14243	14243	True
MKNK1	6957	6957	True
MKNK2	2270	2270	True
MKRN1	5939	5939	True
MKRN2	5639	5639	True
MKRN2OS	8337	8337	True
MKRN3	11318	11318	True
MKS1	4236	4236	True
MKX	13838	13838	True
MLEC	7655	7655	True
MLF1	8109	8109	True
MLF2	3415	3415	True
MLH1	4455	4455	True
MLH3	2155	2155	True
MLKL	3037	3037	True
MLLT1	5589	5589	True
MLLT10	957	957	True
MLLT11	1663	1663	True
MLLT3	1612	1612	True
MLLT4	13196	13196	True
MLLT6	1158	1158	True
MLPH	7429	7429	True
MLST8	4006	4006	True
MLX	7208	7208	True
MLXIP	3858	3858	True
MLXIPL	4932	4932	True
MLYCD	7034	7034	True
MMAA	3561	3561	True
MMAB	2120	2120	True
MMACHC	6645	6645	True
MMADHC	9386	9386	True
MMD	2798	2798	True
MME	13687	13687	True
MMEL1	572	572	True
MMGT1	4037	4037	True
MMP11	2068	2068	True
MMP13	1672	1672	True
MMP15	6063	6063	True
MMP16	999	999	True
MMP17	1355	1355	True
MMP19	2242	2242	True
MMP21	14430	14430	True
MMP23B	13020	13020	True
MMP24	11242	11242	True
MMP25	5447	5447	True
MMP25-AS1	14178	14178	True
MMP28	14933	14933	True
MMP9	111	111	True
MMRN2	11385	11385	True
MMS19	4471	4471	True
MMS22L	5076	5076	True
MN1	12602	12602	True
MNAT1	3377	3377	True
MND1	9703	9703	True
MNS1	729	729	True
MNT	4949	4949	True
MNX1	2850	2850	True
MNX1-AS1	11779	11779	True
MOAP1	6801	6801	True
MOB1A	10007	10007	True
MOB1B	914	914	True
MOB2	4519	4519	True
MOB3A	10578	10578	True
MOB3B	2249	2249	True
MOB3C	4572	4572	True
MOB4	4557	4557	True
MOCOS	9086	9086	True
MOCS1	8603	8603	True
MOCS2	3656	3656	True
MOCS3	7826	7826	True
MOGS	6856	6856	True
MOK	4658	4658	True
MON1A	11008	11008	True
MON1B	3722	3722	True
MON2	10971	10971	True
MORC2	8000	8000	True
MORC2-AS1	14269	14269	True
MORC3	8697	8697	True
MORC4	8824	8824	True
MORF4L1	6208	6208	True
MORF4L2	6706	6706	True
MORF4L2-AS1	13442	13442	True
MORN1	1691	1691	True
MORN2	1570	1570	True
MORN3	3806	3806	True
MORN4	9060	9060	True
MOSPD1	6301	6301	True
MOSPD2	7929	7929	True
MOSPD3	7046	7046	True
MOV10	9848	9848	True
MOV10L1	12070	12070	True
MOXD1	14993	14993	True
MPC1	1259	1259	True
MPC2	8073	8073	True
MPDU1	4609	4609	True
MPDZ	4477	4477	True
MPG	6600	6600	True
MPHOSPH10	10799	10799	True
MPHOSPH6	8508	8508	True
MPHOSPH8	9284	9284	True
MPHOSPH9	2613	2613	True
MPI	4777	4777	True
MPLKIP	6541	6541	True
MPND	3039	3039	True
MPP1	1675	1675	True
MPP2	856	856	True
MPP3	8856	8856	True
MPP4	14820	14820	True
MPP5	3973	3973	True
MPP6	8027	8027	True
MPP7	4867	4867	True
MPPE1	8017	8017	True
MPPED1	13102	13102	True
MPPED2	166	166	True
MPRIP	8640	8640	True
MPRIP-AS1	14917	14917	True
MPST	5964	5964	True
MPV17	4014	4014	True
MPV17L	12579	12579	True
MPV17L2	3578	3578	True
MPZL1	7162	7162	True
MPZL2	1098	1098	True
MPZL3	1565	1565	True
MR1	5635	5635	True
MRAP	13474	13474	True
MRAP2	13914	13914	True
MRAS	1507	1507	True
MRC2	2062	2062	True
MRE11A	13465	13465	True
MREG	733	733	True
MRFAP1	8200	8200	True
MRFAP1L1	5940	5940	True
MRGBP	5971	5971	True
MRI1	6576	6576	True
MRM1	11011	11011	True
MROH1	6858	6858	True
MROH6	8008	8008	True
MROH8	12218	12218	True
MRPL1	6638	6638	True
MRPL10	7864	7864	True
MRPL11	7828	7828	True
MRPL12	6864	6864	True
MRPL13	6039	6039	True
MRPL14	11034	11034	True
MRPL15	9414	9414	True
MRPL16	8233	8233	True
MRPL17	6719	6719	True
MRPL18	6851	6851	True
MRPL19	9465	9465	True
MRPL2	8282	8282	True
MRPL20	9258	9258	True
MRPL21	7965	7965	True
MRPL22	8991	8991	True
MRPL23	8371	8371	True
MRPL24	8667	8667	True
MRPL27	6226	6226	True
MRPL28	10332	10332	True
MRPL3	10863	10863	True
MRPL30	1014	1014	True
MRPL32	4807	4807	True
MRPL33	4308	4308	True
MRPL34	10985	10985	True
MRPL35	6463	6463	True
MRPL36	2977	2977	True
MRPL37	10711	10711	True
MRPL38	9253	9253	True
MRPL39	7426	7426	True
MRPL4	6766	6766	True
MRPL40	7161	7161	True
MRPL41	7073	7073	True
MRPL42	7195	7195	True
MRPL43	10949	10949	True
MRPL44	10739	10739	True
MRPL45	5799	5799	True
MRPL46	7632	7632	True
MRPL47	7084	7084	True
MRPL48	1943	1943	True
MRPL49	2832	2832	True
MRPL50	6494	6494	True
MRPL51	6997	6997	True
MRPL52	10506	10506	True
MRPL53	10160	10160	True
MRPL54	6756	6756	True
MRPL55	8289	8289	True
MRPL57	8231	8231	True
MRPL9	6848	6848	True
MRPS10	10643	10643	True
MRPS11	8488	8488	True
MRPS12	9822	9822	True
MRPS14	7600	7600	True
MRPS15	9228	9228	True
MRPS16	3682	3682	True
MRPS17	12582	12582	True
MRPS18A	10493	10493	True
MRPS18B	6972	6972	True
MRPS18C	10080	10080	True
MRPS2	4011	4011	True
MRPS21	4182	4182	True
MRPS22	4673	4673	True
MRPS23	8710	8710	True
MRPS24	7339	7339	True
MRPS25	8799	8799	True
MRPS26	10851	10851	True
MRPS27	4620	4620	True
MRPS28	3272	3272	True
MRPS30	10695	10695	True
MRPS31	10892	10892	True
MRPS33	2576	2576	True
MRPS34	9473	9473	True
MRPS35	6988	6988	True
MRPS36	5626	5626	True
MRPS5	2592	2592	True
MRPS6	6382	6382	True
MRPS7	7779	7779	True
MRPS9	3535	3535	True
MRRF	5027	5027	True
MRS2	11076	11076	True
MRTO4	10939	10939	True
MRVI1	15062	15062	True
MS4A7	13568	13568	True
MSANTD1	13007	13007	True
MSANTD2	6746	6746	True
MSANTD3	5264	5264	True
MSANTD3-TMEFF1	14557	14557	True
MSANTD4	3705	3705	True
MSH2	7748	7748	True
MSH3	8199	8199	True
MSH4	14495	14495	True
MSH5	5842	5842	True
MSH6	7463	7463	True
MSI1	3584	3584	True
MSI2	5837	5837	True
MSL1	5348	5348	True
MSL2	6760	6760	True
MSL3	3121	3121	True
MSLN	13296	13296	True
MSMB	4730	4730	True
MSMO1	17	17	True
MSMP	14094	14094	True
MSN	15127	15127	True
MSR1	13861	13861	True
MSRA	3326	3326	True
MSRB1	9776	9776	True
MSRB2	4009	4009	True
MSRB3	11367	11367	True
MSS51	10620	10620	True
MST1	4386	4386	True
MST1L	14968	14968	True
MST1R	9042	9042	True
MSTO1	10340	10340	True
MSX1	3318	3318	True
MSX2	10973	10973	True
MT-ATP6	12782	12782	True
MT-ATP8	12585	12585	True
MT-CO1	12108	12108	True
MT-CO2	12707	12707	True
MT-CO3	12904	12904	True
MT-CYB	12146	12146	True
MT-ND1	12545	12545	True
MT-ND2	12912	12912	True
MT-ND3	12692	12692	True
MT-ND4	12909	12909	True
MT-ND4L	12660	12660	True
MT-ND5	12653	12653	True
MT-ND6	12270	12270	True
MT1A	14143	14143	True
MT1F	5855	5855	True
MT1X	5138	5138	True
MT2A	719	719	True
MTA1	6622	6622	True
MTA2	10830	10830	True
MTA3	6693	6693	True
MTAP	12220	12220	True
MTBP	1115	1115	True
MTCH1	10477	10477	True
MTCH2	8676	8676	True
MTCL1	1763	1763	True
MTCP1	10144	10144	True
MTDH	10035	10035	True
MTERF1	4017	4017	True
MTERF2	9541	9541	True
MTERF3	10019	10019	True
MTERF4	3481	3481	True
MTF1	5943	5943	True
MTF2	8437	8437	True
MTFMT	9760	9760	True
MTFP1	7125	7125	True
MTFR1	6981	6981	True
MTFR1L	2034	2034	True
MTFR2	3551	3551	True
MTG1	8101	8101	True
MTG2	5627	5627	True
MTHFD1	1258	1258	True
MTHFD1L	2193	2193	True
MTHFD2	9200	9200	True
MTHFD2L	855	855	True
MTHFR	5181	5181	True
MTHFS	12076	12076	True
MTHFSD	9610	9610	True
MTIF2	10553	10553	True
MTIF3	9118	9118	True
MTL5	13370	13370	True
MTM1	7557	7557	True
MTMR1	7053	7053	True
MTMR10	9004	9004	True
MTMR11	3905	3905	True
MTMR12	6247	6247	True
MTMR14	7443	7443	True
MTMR2	3458	3458	True
MTMR3	10502	10502	True
MTMR4	11048	11048	True
MTMR6	3297	3297	True
MTMR7	204	204	True
MTMR8	13096	13096	True
MTMR9	3564	3564	True
MTO1	10640	10640	True
MTOR	7474	7474	True
MTPAP	4008	4008	True
MTPN	7256	7256	True
MTR	6148	6148	True
MTRF1	10785	10785	True
MTRF1L	2608	2608	True
MTRNR2L1	13774	13774	True
MTRNR2L10	12072	12072	True
MTRNR2L12	13652	13652	True
MTRNR2L3	14285	14285	True
MTRNR2L6	14039	14039	True
MTRNR2L8	12078	12078	True
MTRR	8125	8125	True
MTSS1	9618	9618	True
MTSS1L	12497	12497	True
MTURN	1303	1303	True
MTUS1	8612	8612	True
MTUS2	12198	12198	True
MTX1	10608	10608	True
MTX2	2667	2667	True
MTX3	9698	9698	True
MUC1	462	462	True
MUC15	14288	14288	True
MUC16	13621	13621	True
MUC20	1552	1552	True
MUC3A	12842	12842	True
MUC4	14695	14695	True
MUC5AC	13634	13634	True
MUC5B	109	109	True
MUC6	12702	12702	True
MUCL1	88	88	True
MUL1	6071	6071	True
MUM1	11887	11887	True
MUM1L1	13668	13668	True
MUS81	10321	10321	True
MUT	11677	11677	True
MUTYH	3628	3628	True
MVB12A	7026	7026	True
MVB12B	1610	1610	True
MVD	2799	2799	True
MVK	1160	1160	True
MVP	2121	2121	True
MX1	2407	2407	True
MX2	11362	11362	True
MXD1	984	984	True
MXD3	4113	4113	True
MXD4	3533	3533	True
MXI1	2634	2634	True
MXRA5	12186	12186	True
MXRA7	4294	4294	True
MXRA8	14127	14127	True
MYADM	6630	6630	True
MYB	28	28	True
MYBBP1A	6946	6946	True
MYBL1	7	7	True
MYBL2	2647	2647	True
MYBPC1	12834	12834	True
MYC	4888	4888	True
MYCBP	5106	5106	True
MYCBP2	7362	7362	True
MYCBPAP	14924	14924	True
MYCL	11829	11829	True
MYD88	2579	2579	True
MYDGF	12111	12111	True
MYEF2	3436	3436	True
MYEOV	1720	1720	True
MYEOV2	13511	13511	True
MYH10	10315	10315	True
MYH11	12695	12695	True
MYH14	2251	2251	True
MYH15	14251	14251	True
MYH3	12610	12610	True
MYH7B	12553	12553	True
MYH9	6210	6210	True
MYL12A	8466	8466	True
MYL12B	8019	8019	True
MYL5	10297	10297	True
MYL6	10865	10865	True
MYL6B	4686	4686	True
MYL9	14054	14054	True
MYLIP	4822	4822	True
MYLK	12680	12680	True
MYLK-AS1	12792	12792	True
MYLK3	15069	15069	True
MYLK4	14822	14822	True
MYLPF	14036	14036	True
MYNN	8772	8772	True
MYO10	564	564	True
MYO15A	12366	12366	True
MYO15B	12796	12796	True
MYO16	11423	11423	True
MYO18A	1697	1697	True
MYO19	5763	5763	True
MYO1B	5080	5080	True
MYO1C	9542	9542	True
MYO1D	6429	6429	True
MYO1E	3958	3958	True
MYO1F	13018	13018	True
MYO1G	14358	14358	True
MYO1H	14277	14277	True
MYO3B	12103	12103	True
MYO5A	960	960	True
MYO5B	3072	3072	True
MYO5C	5891	5891	True
MYO6	4910	4910	True
MYO7A	12213	12213	True
MYO9A	8539	8539	True
MYO9B	8061	8061	True
MYOF	40	40	True
MYOM1	12753	12753	True
MYPN	11725	11725	True
MYPOP	11050	11050	True
MYRF	15117	15117	True
MYRFL	11162	11162	True
MYRIP	11680	11680	True
MYSM1	10442	10442	True
MYT1	11645	11645	True
MYZAP	1511	1511	True
MZB1	834	834	True
MZF1	6519	6519	True
MZF1-AS1	11347	11347	True
MZT1	9460	9460	True
MZT2A	8193	8193	True
MZT2B	10951	10951	True
N4BP1	6776	6776	True
N4BP2	3834	3834	True
N4BP2L1	3095	3095	True
N4BP2L2	6947	6947	True
N4BP3	7568	7568	True
N6AMT1	6448	6448	True
N6AMT2	14674	14674	True
NAA10	6041	6041	True
NAA15	5160	5160	True
NAA16	6032	6032	True
NAA20	8190	8190	True
NAA25	9469	9469	True
NAA30	6920	6920	True
NAA35	9917	9917	True
NAA38	7088	7088	True
NAA40	4563	4563	True
NAA50	10665	10665	True
NAA60	9587	9587	True
NAAA	7327	7327	True
NAALAD2	13862	13862	True
NAALADL2	45	45	True
NAB1	353	353	True
NAB2	965	965	True
NABP1	1843	1843	True
NABP2	9727	9727	True
NACA	8711	8711	True
NACA2	12244	12244	True
NACC1	8586	8586	True
NACC2	3851	3851	True
NADK	9813	9813	True
NADK2	11023	11023	True
NADSYN1	4313	4313	True
NAE1	6636	6636	True
NAF1	9835	9835	True
NAGA	2760	2760	True
NAGK	4149	4149	True
NAGLU	2152	2152	True
NAGPA	6125	6125	True
NAGS	11748	11748	True
NAIF1	1734	1734	True
NAIP	7345	7345	True
NALCN	14443	14443	True
NAMPT	4615	4615	True
NANOS1	10853	10853	True
NANOS3	13799	13799	True
NANP	10279	10279	True
NANS	4928	4928	True
NAP1L1	10246	10246	True
NAP1L2	12402	12402	True
NAP1L3	14149	14149	True
NAP1L4	10391	10391	True
NAP1L5	11825	11825	True
NAPA	5760	5760	True
NAPA-AS1	11633	11633	True
NAPB	4559	4559	True
NAPEPLD	1901	1901	True
NAPG	10328	10328	True
NAPRT	10549	10549	True
NAPSA	11077	11077	True
NARF	1104	1104	True
NARFL	12933	12933	True
NARS	8962	8962	True
NARS2	6909	6909	True
NASP	6232	6232	True
NAT1	1509	1509	True
NAT10	6768	6768	True
NAT14	6882	6882	True
NAT2	14121	14121	True
NAT6	14627	14627	True
NAT8L	7863	7863	True
NAT9	12679	12679	True
NATD1	2713	2713	True
NAV1	12642	12642	True
NAV2	535	535	True
NAV3	12788	12788	True
NBAS	7538	7538	True
NBEA	7636	7636	True
NBEAL1	6537	6537	True
NBEAL2	4672	4672	True
NBL1	1046	1046	True
NBN	6297	6297	True
NBPF1	11164	11164	True
NBPF10	1878	1878	True
NBPF11	10609	10609	True
NBPF12	9834	9834	True
NBPF14	11827	11827	True
NBPF15	8356	8356	True
NBPF19	13213	13213	True
NBPF20	11798	11798	True
NBPF26	13253	13253	True
NBPF3	6705	6705	True
NBPF8	15089	15089	True
NBPF9	10991	10991	True
NBR1	6155	6155	True
NBR2	15031	15031	True
NCALD	12376	12376	True
NCAM1	11443	11443	True
NCAM2	139	139	True
NCAPD2	8594	8594	True
NCAPD3	10565	10565	True
NCAPG	4693	4693	True
NCAPG2	5257	5257	True
NCAPH	10529	10529	True
NCAPH2	8822	8822	True
NCBP1	4891	4891	True
NCBP2	4434	4434	True
NCBP2-AS2	14724	14724	True
NCCRP1	14509	14509	True
NCDN	2880	2880	True
NCEH1	5605	5605	True
NCF2	188	188	True
NCK1	9210	9210	True
NCK2	736	736	True
NCKAP1	5107	5107	True
NCKAP5	11384	11384	True
NCKAP5L	1544	1544	True
NCKIPSD	6596	6596	True
NCL	3515	3515	True
NCLN	7394	7394	True
NCMAP	511	511	True
NCOA1	2943	2943	True
NCOA2	9448	9448	True
NCOA3	10473	10473	True
NCOA4	7072	7072	True
NCOA5	10068	10068	True
NCOA6	5453	5453	True
NCOA7	8931	8931	True
NCOR1	7341	7341	True
NCOR2	2318	2318	True
NCR3LG1	12948	12948	True
NCS1	5010	5010	True
NCSTN	5546	5546	True
NDC1	9737	9737	True
NDC80	2108	2108	True
NDE1	9179	9179	True
NDEL1	9532	9532	True
NDFIP1	2192	2192	True
NDFIP2	10521	10521	True
NDN	14961	14961	True
NDNF	13866	13866	True
NDNL2	14983	14983	True
NDOR1	8701	8701	True
NDRG1	1013	1013	True
NDRG2	1179	1179	True
NDRG3	7459	7459	True
NDRG4	5502	5502	True
NDST1	8351	8351	True
NDST2	4916	4916	True
NDST3	11673	11673	True
NDUFA1	8902	8902	True
NDUFA10	4694	4694	True
NDUFA11	9752	9752	True
NDUFA12	4125	4125	True
NDUFA13	6680	6680	True
NDUFA2	5401	5401	True
NDUFA3	9861	9861	True
NDUFA4	8212	8212	True
NDUFA4L2	5036	5036	True
NDUFA5	5563	5563	True
NDUFA6	9464	9464	True
NDUFA7	10173	10173	True
NDUFA8	8610	8610	True
NDUFA9	7755	7755	True
NDUFAB1	5581	5581	True
NDUFAF1	4837	4837	True
NDUFAF2	6316	6316	True
NDUFAF3	7910	7910	True
NDUFAF4	8878	8878	True
NDUFAF5	10801	10801	True
NDUFAF6	1888	1888	True
NDUFAF7	5932	5932	True
NDUFB1	9540	9540	True
NDUFB10	9113	9113	True
NDUFB11	10084	10084	True
NDUFB2	5372	5372	True
NDUFB2-AS1	12316	12316	True
NDUFB3	8707	8707	True
NDUFB4	5813	5813	True
NDUFB5	8553	8553	True
NDUFB6	9342	9342	True
NDUFB7	5665	5665	True
NDUFB8	12775	12775	True
NDUFB9	8641	8641	True
NDUFC1	9034	9034	True
NDUFC2	8704	8704	True
NDUFS1	9172	9172	True
NDUFS2	10180	10180	True
NDUFS3	11014	11014	True
NDUFS4	9779	9779	True
NDUFS5	8158	8158	True
NDUFS6	8776	8776	True
NDUFS7	8904	8904	True
NDUFS8	6749	6749	True
NDUFV1	5426	5426	True
NDUFV2	3223	3223	True
NDUFV2-AS1	12992	12992	True
NDUFV3	9431	9431	True
NEAT1	11697	11697	True
NEB	11536	11536	True
NEBL	6781	6781	True
NEBL-AS1	11205	11205	True
NECAB1	11147	11147	True
NECAB2	7843	7843	True
NECAB3	3036	3036	True
NECAP1	10614	10614	True
NECAP2	6962	6962	True
NEDD1	5735	5735	True
NEDD4	5545	5545	True
NEDD4L	3038	3038	True
NEDD8	7954	7954	True
NEDD8-MDP1	15197	15197	True
NEDD9	18	18	True
NEGR1	13000	13000	True
NEIL1	8541	8541	True
NEIL2	2455	2455	True
NEIL3	2031	2031	True
NEK1	1306	1306	True
NEK10	12405	12405	True
NEK11	6670	6670	True
NEK2	4513	4513	True
NEK3	2262	2262	True
NEK4	10066	10066	True
NEK5	6252	6252	True
NEK6	3139	3139	True
NEK7	10371	10371	True
NEK8	5245	5245	True
NEK9	3180	3180	True
NELFA	9884	9884	True
NELFB	5536	5536	True
NELFCD	7347	7347	True
NELFE	6564	6564	True
NELL2	10744	10744	True
NEMF	7882	7882	True
NEMP1	14008	14008	True
NEMP2	15244	15244	True
NENF	8174	8174	True
NEO1	6062	6062	True
NES	2853	2853	True
NET1	5140	5140	True
NETO2	3157	3157	True
NEU1	761	761	True
NEU3	2993	2993	True
NEU4	14626	14626	True
NEURL1	500	500	True
NEURL1B	2386	2386	True
NEURL2	7348	7348	True
NEURL4	10896	10896	True
NEUROD2	14701	14701	True
NEXN	12531	12531	True
NEXN-AS1	14120	14120	True
NF1	2581	2581	True
NF2	2835	2835	True
NFASC	14038	14038	True
NFAT5	10570	10570	True
NFATC1	3004	3004	True
NFATC2	10149	10149	True
NFATC2IP	6310	6310	True
NFATC3	8300	8300	True
NFATC4	335	335	True
NFE2	12321	12321	True
NFE2L1	7006	7006	True
NFE2L2	3791	3791	True
NFE2L3	5062	5062	True
NFIA	3018	3018	True
NFIB	3204	3204	True
NFIC	4759	4759	True
NFIL3	8345	8345	True
NFIX	4295	4295	True
NFKB1	5073	5073	True
NFKB2	4722	4722	True
NFKBIA	2300	2300	True
NFKBIB	7805	7805	True
NFKBID	5574	5574	True
NFKBIE	8809	8809	True
NFKBIL1	9537	9537	True
NFKBIZ	7698	7698	True
NFRKB	9137	9137	True
NFS1	5724	5724	True
NFU1	3400	3400	True
NFX1	3758	3758	True
NFXL1	3283	3283	True
NFYA	10706	10706	True
NFYB	7762	7762	True
NFYC	4549	4549	True
NFYC-AS1	11648	11648	True
NGDN	9976	9976	True
NGEF	8748	8748	True
NGFR	11409	11409	True
NGFRAP1	13971	13971	True
NGLY1	7233	7233	True
NGRN	3161	3161	True
NHEJ1	12338	12338	True
NHLH2	13733	13733	True
NHLRC1	3604	3604	True
NHLRC2	1391	1391	True
NHLRC3	9672	9672	True
NHP2	5674	5674	True
NHS	1845	1845	True
NHSL1	8415	8415	True
NHSL2	11228	11228	True
NICN1	12850	12850	True
NID2	15152	15152	True
NIF3L1	10924	10924	True
NIFK	2734	2734	True
NIFK-AS1	12665	12665	True
NIM1K	15033	15033	True
NIN	4826	4826	True
NINJ1	4387	4387	True
NINJ2	12802	12802	True
NINL	10304	10304	True
NIP7	11054	11054	True
NIPA1	10668	10668	True
NIPA2	10585	10585	True
NIPAL1	4327	4327	True
NIPAL2	1236	1236	True
NIPAL3	6066	6066	True
NIPBL	7706	7706	True
NIPSNAP1	3542	3542	True
NIPSNAP3A	1430	1430	True
NIPSNAP3B	12861	12861	True
NISCH	6959	6959	True
NIT1	9854	9854	True
NIT2	8202	8202	True
NKAIN1	396	396	True
NKAIN2	13703	13703	True
NKAIN3	12464	12464	True
NKAP	5021	5021	True
NKD1	11689	11689	True
NKD2	3488	3488	True
NKILA	13119	13119	True
NKIRAS1	8775	8775	True
NKIRAS2	9647	9647	True
NKPD1	6199	6199	True
NKRF	6732	6732	True
NKTR	7199	7199	True
NKX1-2	14994	14994	True
NKX2-2	11223	11223	True
NKX2-8	11106	11106	True
NKX3-1	9910	9910	True
NLE1	10841	10841	True
NLGN1	13822	13822	True
NLGN2	1842	1842	True
NLGN3	11637	11637	True
NLGN4X	11244	11244	True
NLK	5005	5005	True
NLN	2275	2275	True
NLRC3	14794	14794	True
NLRC4	15087	15087	True
NLRC5	2361	2361	True
NLRP1	13954	13954	True
NLRP2	13651	13651	True
NLRP3	14079	14079	True
NLRX1	11549	11549	True
NMB	9901	9901	True
NMD3	1757	1757	True
NME1	5384	5384	True
NME1-NME2	13347	13347	True
NME2	4962	4962	True
NME3	1684	1684	True
NME4	3259	3259	True
NME5	11428	11428	True
NME6	11049	11049	True
NME7	3230	3230	True
NME9	14838	14838	True
NMI	4741	4741	True
NMNAT1	10990	10990	True
NMNAT2	635	635	True
NMNAT3	4110	4110	True
NMRAL1	12618	12618	True
NMRK1	1656	1656	True
NMT1	7517	7517	True
NMT2	1448	1448	True
NMU	6315	6315	True
NNT	10702	10702	True
NNT-AS1	11915	11915	True
NOA1	8271	8271	True
NOB1	8157	8157	True
NOC2L	8607	8607	True
NOC3L	7558	7558	True
NOC4L	8022	8022	True
NOCT	15107	15107	True
NOD1	1432	1432	True
NOD2	13610	13610	True
NOG	11547	11547	True
NOL10	1645	1645	True
NOL11	6960	6960	True
NOL12	3856	3856	True
NOL3	7846	7846	True
NOL4L	2710	2710	True
NOL6	4392	4392	True
NOL7	5625	5625	True
NOL8	8732	8732	True
NOL9	6955	6955	True
NOLC1	9937	9937	True
NOM1	2362	2362	True
NOMO1	4930	4930	True
NOMO2	4832	4832	True
NOMO3	8983	8983	True
NONO	8316	8316	True
NOP10	9584	9584	True
NOP14	10933	10933	True
NOP14-AS1	11956	11956	True
NOP16	7064	7064	True
NOP2	4711	4711	True
NOP56	9046	9046	True
NOP58	7303	7303	True
NOP9	4655	4655	True
NOS1AP	766	766	True
NOS3	14856	14856	True
NOSIP	9852	9852	True
NOSTRIN	11761	11761	True
NOTCH1	799	799	True
NOTCH2	4286	4286	True
NOTCH2NL	12895	12895	True
NOTCH3	2229	2229	True
NOTCH4	12113	12113	True
NOTUM	11831	11831	True
NOV	13617	13617	True
NOVA1	250	250	True
NOVA2	13082	13082	True
NOX5	4705	4705	True
NOXA1	4142	4142	True
NOXO1	11336	11336	True
NOXRED1	12915	12915	True
NPAS1	5347	5347	True
NPAS2	546	546	True
NPAS3	4844	4844	True
NPAT	8018	8018	True
NPB	11888	11888	True
NPC1	4433	4433	True
NPC2	5318	5318	True
NPDC1	4086	4086	True
NPEPL1	770	770	True
NPEPPS	8114	8114	True
NPHP1	8774	8774	True
NPHP3	7367	7367	True
NPHP4	8473	8473	True
NPIPA1	5392	5392	True
NPIPA3	14371	14371	True
NPIPA5	14555	14555	True
NPIPB11	12911	12911	True
NPIPB15	12482	12482	True
NPIPB3	5571	5571	True
NPIPB4	11766	11766	True
NPIPB5	8238	8238	True
NPIPB6	3811	3811	True
NPL	9461	9461	True
NPLOC4	6092	6092	True
NPM1	10410	10410	True
NPM2	14704	14704	True
NPM3	5599	5599	True
NPNT	1770	1770	True
NPPA-AS1	15190	15190	True
NPPC	11449	11449	True
NPR2	891	891	True
NPR3	1780	1780	True
NPRL2	10535	10535	True
NPRL3	7437	7437	True
NPTN	6204	6204	True
NPTX1	13794	13794	True
NPTX2	13561	13561	True
NPTXR	6038	6038	True
NPW	3941	3941	True
NPY1R	173	173	True
NPY5R	115	115	True
NQO1	2618	2618	True
NQO2	10092	10092	True
NR1D1	656	656	True
NR1D2	4106	4106	True
NR1H2	7710	7710	True
NR1H3	1483	1483	True
NR2C1	2026	2026	True
NR2C2	9294	9294	True
NR2C2AP	1177	1177	True
NR2E3	11233	11233	True
NR2F1	539	539	True
NR2F1-AS1	11138	11138	True
NR2F2	740	740	True
NR2F2-AS1	14213	14213	True
NR2F6	6174	6174	True
NR3C1	2325	2325	True
NR3C2	11438	11438	True
NR4A1	9346	9346	True
NR4A2	1379	1379	True
NR4A3	12202	12202	True
NR5A2	11252	11252	True
NR6A1	12158	12158	True
NRARP	3948	3948	True
NRAS	8013	8013	True
NRAV	13104	13104	True
NRBF2	10903	10903	True
NRBP1	9524	9524	True
NRBP2	9869	9869	True
NRCAM	3902	3902	True
NRD1	15246	15246	True
NRDE2	8419	8419	True
NREP	5230	5230	True
NRF1	5491	5491	True
NRG2	14649	14649	True
NRG3	11109	11109	True
NRG4	12033	12033	True
NRGN	7226	7226	True
NRIP1	234	234	True
NRIP2	14579	14579	True
NRIP3	14344	14344	True
NRK	11618	11618	True
NRL	11873	11873	True
NRM	2378	2378	True
NRN1	15035	15035	True
NRP1	1604	1604	True
NRP2	14770	14770	True
NRSN2	5044	5044	True
NRSN2-AS1	11904	11904	True
NRTN	4041	4041	True
NRXN1	15071	15071	True
NRXN3	11542	11542	True
NSA2	8420	8420	True
NSD1	4881	4881	True
NSDHL	5586	5586	True
NSF	4835	4835	True
NSFL1C	10136	10136	True
NSL1	7980	7980	True
NSMAF	3405	3405	True
NSMCE1	3273	3273	True
NSMCE2	7905	7905	True
NSMCE4A	943	943	True
NSMF	9203	9203	True
NSRP1	10921	10921	True
NSUN2	1706	1706	True
NSUN3	9107	9107	True
NSUN4	7273	7273	True
NSUN5	9617	9617	True
NSUN6	1411	1411	True
NSUN7	6639	6639	True
NT5C	9161	9161	True
NT5C2	4496	4496	True
NT5C3A	5560	5560	True
NT5C3B	3976	3976	True
NT5DC1	7486	7486	True
NT5DC2	922	922	True
NT5DC3	1455	1455	True
NT5E	3657	3657	True
NT5M	3619	3619	True
NTAN1	7760	7760	True
NTF4	12468	12468	True
NTHL1	3247	3247	True
NTM	14625	14625	True
NTMT1	8635	8635	True
NTN1	6582	6582	True
NTN4	486	486	True
NTNG1	12561	12561	True
NTNG2	13419	13419	True
NTPCR	2988	2988	True
NTRK2	13987	13987	True
NTSR1	11174	11174	True
NTSR2	13441	13441	True
NUAK1	858	858	True
NUAK2	10803	10803	True
NUB1	5416	5416	True
NUBP1	2968	2968	True
NUBP2	9450	9450	True
NUBPL	5956	5956	True
NUCB1	10918	10918	True
NUCB2	1844	1844	True
NUCKS1	9085	9085	True
NUDC	9985	9985	True
NUDCD1	6156	6156	True
NUDCD2	10932	10932	True
NUDCD3	10251	10251	True
NUDT1	3189	3189	True
NUDT11	435	435	True
NUDT12	9230	9230	True
NUDT13	3876	3876	True
NUDT14	5134	5134	True
NUDT15	7956	7956	True
NUDT16	1291	1291	True
NUDT16L1	5554	5554	True
NUDT17	4800	4800	True
NUDT18	4100	4100	True
NUDT19	4328	4328	True
NUDT2	10248	10248	True
NUDT21	4052	4052	True
NUDT22	7835	7835	True
NUDT3	1670	1670	True
NUDT4	8662	8662	True
NUDT5	6450	6450	True
NUDT6	2533	2533	True
NUDT7	8689	8689	True
NUDT8	6164	6164	True
NUDT9	829	829	True
NUF2	2118	2118	True
NUFIP1	9069	9069	True
NUFIP2	6451	6451	True
NUMA1	4264	4264	True
NUMB	7468	7468	True
NUMBL	8467	8467	True
NUP107	9744	9744	True
NUP133	9325	9325	True
NUP153	10868	10868	True
NUP155	7371	7371	True
NUP160	6507	6507	True
NUP188	7613	7613	True
NUP205	5483	5483	True
NUP210	5957	5957	True
NUP210L	10511	10511	True
NUP214	4056	4056	True
NUP35	10722	10722	True
NUP37	10962	10962	True
NUP43	9667	9667	True
NUP50	9888	9888	True
NUP54	11089	11089	True
NUP62	8938	8938	True
NUP62CL	2905	2905	True
NUP85	7264	7264	True
NUP88	4840	4840	True
NUP93	8764	8764	True
NUP98	7267	7267	True
NUPL1	13985	13985	True
NUPL2	11741	11741	True
NUPR1	2496	2496	True
NUS1	8374	8374	True
NUSAP1	7918	7918	True
NUTF2	10124	10124	True
NUTM2A-AS1	12901	12901	True
NUTM2B	14943	14943	True
NUTM2B-AS1	12474	12474	True
NUTM2G	13994	13994	True
NVL	1406	1406	True
NWD1	14635	14635	True
NXF1	7016	7016	True
NXN	3358	3358	True
NXNL2	192	192	True
NXPE3	1352	1352	True
NXPH1	1847	1847	True
NXPH3	13124	13124	True
NXPH4	755	755	True
NXT1	8751	8751	True
NXT2	5241	5241	True
NYNRIN	3256	3256	True
OAF	753	753	True
OARD1	5682	5682	True
OAS1	2521	2521	True
OAS2	1717	1717	True
OAS3	976	976	True
OASL	1370	1370	True
OAT	8317	8317	True
OAZ1	5335	5335	True
OAZ2	8177	8177	True
OAZ3	4447	4447	True
OBFC1	13297	13297	True
OBSCN	1618	1618	True
OBSL1	1031	1031	True
OCEL1	4148	4148	True
OCIAD1	3717	3717	True
OCIAD2	658	658	True
OCLM	14651	14651	True
OCLN	10755	10755	True
OCRL	932	932	True
ODC1	3252	3252	True
ODF2	7976	7976	True
ODF2L	822	822	True
ODF3B	11431	11431	True
OFD1	5872	5872	True
OGDH	8279	8279	True
OGDHL	12906	12906	True
OGFOD1	5517	5517	True
OGFOD2	7449	7449	True
OGFOD3	10303	10303	True
OGFR	5014	5014	True
OGFRL1	2019	2019	True
OGFRP1	12938	12938	True
OGG1	8053	8053	True
OGN	12026	12026	True
OGT	9947	9947	True
OIP5	4229	4229	True
OIP5-AS1	13997	13997	True
OLA1	3805	3805	True
OLFM1	583	583	True
OLFM2	216	216	True
OLFML2A	1048	1048	True
OLFML2B	11124	11124	True
OLFML3	2818	2818	True
OLIG1	14876	14876	True
OLMALINC	13046	13046	True
OLR1	12143	12143	True
OMA1	4614	4614	True
OMD	13636	13636	True
OMG	14960	14960	True
ONECUT1	11354	11354	True
ONECUT2	11522	11522	True
OOEP	8052	8052	True
OPA1	7361	7361	True
OPA3	10804	10804	True
OPHN1	6263	6263	True
OPLAH	3501	3501	True
OPN1SW	14595	14595	True
OPN3	624	624	True
OPRL1	3348	3348	True
OPTN	9000	9000	True
OR2A1-AS1	12876	12876	True
OR4D9	14728	14728	True
OR52N5	15235	15235	True
OR8G1	14052	14052	True
OR8G5	14757	14757	True
ORAI1	4306	4306	True
ORAI2	1445	1445	True
ORAI3	1800	1800	True
ORAOV1	12294	12294	True
ORC1	5903	5903	True
ORC2	3525	3525	True
ORC3	9330	9330	True
ORC4	7921	7921	True
ORC5	2286	2286	True
ORC6	6421	6421	True
ORMDL1	10486	10486	True
ORMDL2	8733	8733	True
ORMDL3	6341	6341	True
OS9	4925	4925	True
OSBP	6557	6557	True
OSBP2	10950	10950	True
OSBPL10	10013	10013	True
OSBPL10-AS1	15223	15223	True
OSBPL11	7141	7141	True
OSBPL1A	1954	1954	True
OSBPL2	3366	3366	True
OSBPL3	13963	13963	True
OSBPL5	1100	1100	True
OSBPL6	1162	1162	True
OSBPL7	9994	9994	True
OSBPL8	4268	4268	True
OSBPL9	2749	2749	True
OSCAR	14836	14836	True
OSCP1	4576	4576	True
OSER1	7338	7338	True
OSGEP	10810	10810	True
OSGEPL1	8948	8948	True
OSGEPL1-AS1	14870	14870	True
OSGIN1	6274	6274	True
OSGIN2	5577	5577	True
OSMR	4186	4186	True
OSMR-AS1	14916	14916	True
OSR2	2530	2530	True
OST4	1984	1984	True
OSTC	5094	5094	True
OSTF1	1835	1835	True
OSTM1	9470	9470	True
OTOA	14673	14673	True
OTOGL	13152	13152	True
OTUB1	5936	5936	True
OTUB2	10876	10876	True
OTUD1	5618	5618	True
OTUD3	9287	9287	True
OTUD4	7129	7129	True
OTUD5	5785	5785	True
OTUD6B	10346	10346	True
OTUD6B-AS1	12698	12698	True
OTUD7A	12288	12288	True
OTUD7B	7469	7469	True
OTULIN	8535	8535	True
OTX1	10276	10276	True
OVCA2	15153	15153	True
OVGP1	4253	4253	True
OVOL1	3170	3170	True
OVOL2	962	962	True
OVOL3	13515	13515	True
OXA1L	10146	10146	True
OXCT1	1480	1480	True
OXCT2	15185	15185	True
OXLD1	8680	8680	True
OXNAD1	7164	7164	True
OXR1	8980	8980	True
OXSM	8736	8736	True
OXSR1	9111	9111	True
OXTR	7376	7376	True
P2RX2	13216	13216	True
P2RX4	190	190	True
P2RX5	320	320	True
P2RX7	11261	11261	True
P2RY1	11255	11255	True
P2RY10	13648	13648	True
P2RY11	8389	8389	True
P2RY12	13975	13975	True
P2RY14	13684	13684	True
P2RY2	307	307	True
P2RY6	508	508	True
P3H1	12067	12067	True
P3H2	11661	11661	True
P3H3	14229	14229	True
P3H4	12052	12052	True
P4HA1	5082	5082	True
P4HA2	4894	4894	True
P4HA3	12422	12422	True
P4HB	4817	4817	True
P4HTM	8887	8887	True
PA2G4	7819	7819	True
PAAF1	1686	1686	True
PABPC1	2997	2997	True
PABPC1L	10680	10680	True
PABPC3	12936	12936	True
PABPC4	8653	8653	True
PABPN1	10064	10064	True
PACRG	13897	13897	True
PACRGL	10977	10977	True
PACS1	7617	7617	True
PACS2	10025	10025	True
PACSIN1	7395	7395	True
PACSIN2	3323	3323	True
PACSIN3	1407	1407	True
PADI1	13650	13650	True
PADI2	172	172	True
PADI3	11391	11391	True
PAEP	13364	13364	True
PAF1	5524	5524	True
PAFAH1B1	1993	1993	True
PAFAH1B2	3188	3188	True
PAFAH1B3	7729	7729	True
PAFAH2	11019	11019	True
PAG1	11465	11465	True
PAGR1	13868	13868	True
PAH	11222	11222	True
PAICS	7634	7634	True
PAIP1	10612	10612	True
PAIP2	4207	4207	True
PAIP2B	4818	4818	True
PAK1	485	485	True
PAK1IP1	7211	7211	True
PAK2	4560	4560	True
PAK3	12409	12409	True
PAK4	7884	7884	True
PAK6	13339	13339	True
PALB2	9275	9275	True
PALD1	1073	1073	True
PALLD	292	292	True
PALM	1142	1142	True
PALM2	13831	13831	True
PALM2-AKAP2	12616	12616	True
PALM3	1201	1201	True
PALMD	14914	14914	True
PAM	5291	5291	True
PAM16	8048	8048	True
PAMR1	14623	14623	True
PAN2	4853	4853	True
PAN3	11045	11045	True
PAN3-AS1	12549	12549	True
PANK1	5801	5801	True
PANK2	8075	8075	True
PANK3	10983	10983	True
PANK4	7417	7417	True
PANO1	12485	12485	True
PANX1	4366	4366	True
PANX2	1325	1325	True
PANX3	13194	13194	True
PAOX	659	659	True
PAPD4	14970	14970	True
PAPD5	14380	14380	True
PAPL	13506	13506	True
PAPLN	1078	1078	True
PAPOLA	7177	7177	True
PAPOLG	7521	7521	True
PAPPA	13977	13977	True
PAPPA2	11990	11990	True
PAPSS1	6726	6726	True
PAPSS2	4404	4404	True
PAQR3	6136	6136	True
PAQR4	2448	2448	True
PAQR5	11580	11580	True
PAQR6	8363	8363	True
PAQR7	9320	9320	True
PAQR8	4258	4258	True
PARD3	5486	5486	True
PARD3B	3724	3724	True
PARD6A	4590	4590	True
PARD6B	1089	1089	True
PARD6G	4782	4782	True
PARD6G-AS1	13917	13917	True
PARG	7458	7458	True
PARK7	9720	9720	True
PARL	8678	8678	True
PARM1	269	269	True
PARN	6597	6597	True
PARP1	4515	4515	True
PARP10	2171	2171	True
PARP11	5130	5130	True
PARP12	2433	2433	True
PARP14	2569	2569	True
PARP16	10455	10455	True
PARP2	8875	8875	True
PARP3	6529	6529	True
PARP4	8989	8989	True
PARP6	7942	7942	True
PARP8	1765	1765	True
PARP9	1916	1916	True
PARPBP	9023	9023	True
PARS2	7033	7033	True
PART1	13192	13192	True
PARVA	3254	3254	True
PARVB	1148	1148	True
PASK	2721	2721	True
PATE2	11591	11591	True
PATL1	5812	5812	True
PATL2	11345	11345	True
PATZ1	5667	5667	True
PAWR	10109	10109	True
PAX2	14723	14723	True
PAX6	14666	14666	True
PAX8	7978	7978	True
PAX8-AS1	13045	13045	True
PAX9	221	221	True
PAXBP1	6590	6590	True
PAXBP1-AS1	14336	14336	True
PAXIP1	5299	5299	True
PAXIP1-AS1	12728	12728	True
PAXIP1-AS2	14743	14743	True
PBDC1	4348	4348	True
PBK	3837	3837	True
PBLD	4776	4776	True
PBRM1	5277	5277	True
PBX1	1583	1583	True
PBX2	8261	8261	True
PBX3	6146	6146	True
PBX4	2758	2758	True
PBXIP1	2499	2499	True
PC	8965	8965	True
PCAT1	14393	14393	True
PCAT19	14179	14179	True
PCAT6	11152	11152	True
PCAT7	13351	13351	True
PCBD1	3495	3495	True
PCBD2	1228	1228	True
PCBP1	7342	7342	True
PCBP1-AS1	14708	14708	True
PCBP2	5864	5864	True
PCBP3	9124	9124	True
PCBP4	1418	1418	True
PCCA	9410	9410	True
PCCB	4095	4095	True
PCDH1	135	135	True
PCDH10	11270	11270	True
PCDH11X	11224	11224	True
PCDH18	14227	14227	True
PCDH19	1203	1203	True
PCDH7	1172	1172	True
PCDH8	13162	13162	True
PCDH9	1614	1614	True
PCDHA10	11219	11219	True
PCDHA11	12062	12062	True
PCDHA12	5612	5612	True
PCDHA13	13193	13193	True
PCDHA4	13826	13826	True
PCDHA5	11238	11238	True
PCDHA6	12133	12133	True
PCDHA7	5670	5670	True
PCDHA9	11420	11420	True
PCDHAC1	12041	12041	True
PCDHAC2	13853	13853	True
PCDHB10	12435	12435	True
PCDHB11	11437	11437	True
PCDHB12	13335	13335	True
PCDHB13	2295	2295	True
PCDHB14	3689	3689	True
PCDHB16	1242	1242	True
PCDHB2	2333	2333	True
PCDHB3	2231	2231	True
PCDHB4	13006	13006	True
PCDHB5	12889	12889	True
PCDHB6	11802	11802	True
PCDHB7	14173	14173	True
PCDHB8	7662	7662	True
PCDHB9	6831	6831	True
PCDHGA1	12673	12673	True
PCDHGA10	12659	12659	True
PCDHGA12	15236	15236	True
PCDHGA2	14072	14072	True
PCDHGA4	14596	14596	True
PCDHGA5	342	342	True
PCDHGA6	12420	12420	True
PCDHGA7	12514	12514	True
PCDHGA8	12607	12607	True
PCDHGA9	12237	12237	True
PCDHGB1	11691	11691	True
PCDHGB2	14018	14018	True
PCDHGB5	8314	8314	True
PCDHGB6	12399	12399	True
PCDHGB7	12499	12499	True
PCDHGC3	2348	2348	True
PCED1A	9471	9471	True
PCED1B	3043	3043	True
PCF11	8802	8802	True
PCGF1	6735	6735	True
PCGF2	2274	2274	True
PCGF3	3114	3114	True
PCGF5	7148	7148	True
PCGF6	8672	8672	True
PCID2	866	866	True
PCIF1	7484	7484	True
PCK2	1122	1122	True
PCLO	11372	11372	True
PCM1	1563	1563	True
PCMT1	8322	8322	True
PCMTD1	4068	4068	True
PCMTD2	9586	9586	True
PCNA	4613	4613	True
PCNP	8068	8068	True
PCNT	10781	10781	True
PCNX	13989	13989	True
PCNXL2	13100	13100	True
PCNXL3	15242	15242	True
PCNXL4	14385	14385	True
PCOLCE	4132	4132	True
PCOLCE2	3719	3719	True
PCP2	7938	7938	True
PCP4	663	663	True
PCP4L1	12068	12068	True
PCSK1	13946	13946	True
PCSK1N	11281	11281	True
PCSK4	8974	8974	True
PCSK5	12000	12000	True
PCSK6	1585	1585	True
PCSK7	5725	5725	True
PCSK9	13808	13808	True
PCTP	1024	1024	True
PCYOX1	4936	4936	True
PCYOX1L	3187	3187	True
PCYT1A	4739	4739	True
PCYT1B	14346	14346	True
PCYT2	1871	1871	True
PDAP1	5756	5756	True
PDCD10	9627	9627	True
PDCD11	7056	7056	True
PDCD1LG2	11970	11970	True
PDCD2	5717	5717	True
PDCD2L	8128	8128	True
PDCD4	1742	1742	True
PDCD4-AS1	11911	11911	True
PDCD5	9563	9563	True
PDCD6	8722	8722	True
PDCD6IP	9178	9178	True
PDCD7	6201	6201	True
PDCL	6189	6189	True
PDCL3	4040	4040	True
PDDC1	13814	13814	True
PDE10A	3916	3916	True
PDE11A	11371	11371	True
PDE12	7404	7404	True
PDE1A	12147	12147	True
PDE1C	11929	11929	True
PDE2A	7862	7862	True
PDE3A	14023	14023	True
PDE3B	470	470	True
PDE4A	5203	5203	True
PDE4B	2537	2537	True
PDE4C	14756	14756	True
PDE4D	1268	1268	True
PDE4DIP	5234	5234	True
PDE5A	4802	4802	True
PDE6A	11844	11844	True
PDE6B	14451	14451	True
PDE6D	4487	4487	True
PDE6G	15114	15114	True
PDE7A	4967	4967	True
PDE7B	11836	11836	True
PDE8A	6569	6569	True
PDE8B	12981	12981	True
PDE9A	80	80	True
PDF	9928	9928	True
PDGFA	7150	7150	True
PDGFB	1602	1602	True
PDGFC	53	53	True
PDGFD	14129	14129	True
PDGFRL	1525	1525	True
PDHA1	6509	6509	True
PDHB	7431	7431	True
PDHX	10427	10427	True
PDIA2	11161	11161	True
PDIA3	5154	5154	True
PDIA4	7839	7839	True
PDIA5	3000	3000	True
PDIA6	2290	2290	True
PDIK1L	9339	9339	True
PDK1	1232	1232	True
PDK2	10167	10167	True
PDK3	3336	3336	True
PDK4	11383	11383	True
PDLIM1	5167	5167	True
PDLIM2	7763	7763	True
PDLIM3	679	679	True
PDLIM5	2816	2816	True
PDLIM7	6319	6319	True
PDP1	5211	5211	True
PDP2	8917	8917	True
PDPK1	9853	9853	True
PDPN	15100	15100	True
PDPR	8994	8994	True
PDRG1	11024	11024	True
PDS5A	1402	1402	True
PDS5B	7182	7182	True
PDSS1	3437	3437	True
PDSS2	10439	10439	True
PDXDC1	6133	6133	True
PDXK	2074	2074	True
PDXP	11553	11553	True
PDZD11	8494	8494	True
PDZD2	12348	12348	True
PDZD4	3532	3532	True
PDZD7	3227	3227	True
PDZD8	5039	5039	True
PDZD9	13696	13696	True
PDZK1	495	495	True
PDZRN3	4545	4545	True
PEA15	9949	9949	True
PEAK1	6391	6391	True
PEAR1	13656	13656	True
PEBP1	3135	3135	True
PEBP4	13380	13380	True
PECR	3375	3375	True
PEF1	5356	5356	True
PEG10	2586	2586	True
PEG3	11301	11301	True
PELI1	4093	4093	True
PELI2	11250	11250	True
PELI3	6547	6547	True
PELO	4857	4857	True
PELP1	3502	3502	True
PEMT	9934	9934	True
PEPD	6358	6358	True
PER1	8984	8984	True
PER2	199	199	True
PER3	2956	2956	True
PERM1	12720	12720	True
PERP	865	865	True
PES1	3727	3727	True
PET100	5862	5862	True
PET117	2790	2790	True
PEX1	6761	6761	True
PEX10	7767	7767	True
PEX11A	1597	1597	True
PEX11B	1538	1538	True
PEX11G	6701	6701	True
PEX12	10070	10070	True
PEX13	4291	4291	True
PEX14	6258	6258	True
PEX16	9580	9580	True
PEX19	9146	9146	True
PEX2	7959	7959	True
PEX26	5294	5294	True
PEX3	8796	8796	True
PEX5	3546	3546	True
PEX5L	14187	14187	True
PEX6	65	65	True
PEX7	7232	7232	True
PFAS	2965	2965	True
PFDN1	10408	10408	True
PFDN2	6378	6378	True
PFDN4	6398	6398	True
PFDN5	6723	6723	True
PFDN6	7187	7187	True
PFKFB1	13280	13280	True
PFKFB2	3585	3585	True
PFKFB3	1447	1447	True
PFKFB4	9842	9842	True
PFKL	4769	4769	True
PFKM	6575	6575	True
PFKP	3007	3007	True
PFN1	10721	10721	True
PFN2	8897	8897	True
PFN4	12935	12935	True
PGAM1	10121	10121	True
PGAM2	14280	14280	True
PGAM4	14157	14157	True
PGAM5	5865	5865	True
PGAP1	8319	8319	True
PGAP2	4704	4704	True
PGAP3	8173	8173	True
PGBD1	7650	7650	True
PGBD2	8814	8814	True
PGBD4	12315	12315	True
PGBD5	1722	1722	True
PGD	1521	1521	True
PGF	11884	11884	True
PGGT1B	8391	8391	True
PGK1	10603	10603	True
PGLS	10541	10541	True
PGLYRP2	410	410	True
PGM1	920	920	True
PGM2	3889	3889	True
PGM2L1	646	646	True
PGM3	5109	5109	True
PGM5	11159	11159	True
PGP	4021	4021	True
PGPEP1	1937	1937	True
PGR	39	39	True
PGRMC1	9385	9385	True
PGRMC2	7570	7570	True
PGS1	7995	7995	True
PHACTR1	11606	11606	True
PHACTR2	9683	9683	True
PHACTR4	6081	6081	True
PHAX	9527	9527	True
PHB	7961	7961	True
PHB2	6466	6466	True
PHC1	1170	1170	True
PHC2	1467	1467	True
PHC3	2628	2628	True
PHEX	11461	11461	True
PHF1	6849	6849	True
PHF10	7809	7809	True
PHF11	1499	1499	True
PHF12	7754	7754	True
PHF13	8587	8587	True
PHF14	7692	7692	True
PHF19	6805	6805	True
PHF2	6740	6740	True
PHF20	925	925	True
PHF20L1	3677	3677	True
PHF21A	8913	8913	True
PHF21B	6202	6202	True
PHF23	9457	9457	True
PHF3	5119	5119	True
PHF5A	7137	7137	True
PHF6	3320	3320	True
PHF7	8686	8686	True
PHF8	8324	8324	True
PHGDH	4419	4419	True
PHIP	9433	9433	True
PHKA1	6634	6634	True
PHKA2	3305	3305	True
PHKB	9583	9583	True
PHKG1	12423	12423	True
PHKG2	11090	11090	True
PHLDA1	492	492	True
PHLDA2	1270	1270	True
PHLDA3	5433	5433	True
PHLDB1	631	631	True
PHLDB2	1635	1635	True
PHLDB3	9009	9009	True
PHLPP1	10194	10194	True
PHLPP2	10999	10999	True
PHOSPHO2	10469	10469	True
PHPT1	3760	3760	True
PHRF1	6030	6030	True
PHTF1	9222	9222	True
PHTF2	10741	10741	True
PHYH	3077	3077	True
PHYHD1	13710	13710	True
PHYKPL	6704	6704	True
PI15	12137	12137	True
PI3	14197	14197	True
PI4K2A	6465	6465	True
PI4K2B	11207	11207	True
PI4KA	3914	3914	True
PI4KB	5568	5568	True
PIANP	15224	15224	True
PIAS1	12685	12685	True
PIAS2	6113	6113	True
PIAS3	2170	2170	True
PIAS4	5644	5644	True
PIBF1	6783	6783	True
PICALM	6556	6556	True
PICK1	8766	8766	True
PID1	246	246	True
PIDD1	10946	10946	True
PIEZO1	1457	1457	True
PIEZO2	12150	12150	True
PIF1	12305	12305	True
PIFO	12768	12768	True
PIGA	9032	9032	True
PIGB	9400	9400	True
PIGBOS1	12577	12577	True
PIGC	4174	4174	True
PIGF	3333	3333	True
PIGG	6553	6553	True
PIGH	3421	3421	True
PIGK	6900	6900	True
PIGL	4245	4245	True
PIGM	9036	9036	True
PIGN	7440	7440	True
PIGO	8364	8364	True
PIGP	3957	3957	True
PIGQ	4991	4991	True
PIGS	6964	6964	True
PIGT	5069	5069	True
PIGU	8130	8130	True
PIGV	1968	1968	True
PIGW	5669	5669	True
PIGX	4114	4114	True
PIGY	13944	13944	True
PIGZ	4036	4036	True
PIH1D1	5802	5802	True
PIH1D2	12417	12417	True
PIK3AP1	12009	12009	True
PIK3C2A	9390	9390	True
PIK3C2B	1279	1279	True
PIK3C2G	12200	12200	True
PIK3C3	4476	4476	True
PIK3CA	4363	4363	True
PIK3CB	3029	3029	True
PIK3CD	8480	8480	True
PIK3CD-AS2	13244	13244	True
PIK3IP1	8654	8654	True
PIK3R1	7024	7024	True
PIK3R2	5561	5561	True
PIK3R3	11613	11613	True
PIK3R4	9513	9513	True
PIKFYVE	4652	4652	True
PILRA	9512	9512	True
PILRB	1782	1782	True
PIM1	3668	3668	True
PIM2	8318	8318	True
PIM3	5915	5915	True
PIN1	9825	9825	True
PIN4	7434	7434	True
PINK1	2810	2810	True
PINK1-AS	12082	12082	True
PINLYP	11321	11321	True
PINX1	11925	11925	True
PIP	14618	14618	True
PIP4K2A	1970	1970	True
PIP4K2B	7476	7476	True
PIP4K2C	7294	7294	True
PIP5K1A	10220	10220	True
PIP5K1B	9243	9243	True
PIP5K1C	9944	9944	True
PIP5KL1	586	586	True
PIPOX	11968	11968	True
PIR	4584	4584	True
PISD	681	681	True
PITHD1	7838	7838	True
PITPNA	11052	11052	True
PITPNA-AS1	11617	11617	True
PITPNB	1812	1812	True
PITPNC1	6799	6799	True
PITPNM1	1111	1111	True
PITPNM2	7879	7879	True
PITPNM3	10185	10185	True
PITRM1	2762	2762	True
PITRM1-AS1	13374	13374	True
PITX1	3793	3793	True
PITX2	1744	1744	True
PIWIL4	3430	3430	True
PJA1	1354	1354	True
PJA2	6059	6059	True
PKD1	4854	4854	True
PKD1L1	12228	12228	True
PKD1L2	14406	14406	True
PKD1L3	12868	12868	True
PKD2	5978	5978	True
PKD2L2	12552	12552	True
PKDCC	3593	3593	True
PKHD1	13160	13160	True
PKHD1L1	15097	15097	True
PKIA	12929	12929	True
PKIB	711	711	True
PKIG	10567	10567	True
PKM	4039	4039	True
PKMYT1	2539	2539	True
PKN1	1196	1196	True
PKN2	6138	6138	True
PKN2-AS1	14594	14594	True
PKN3	503	503	True
PKNOX1	9826	9826	True
PKNOX2	13664	13664	True
PKP1	3867	3867	True
PKP2	3084	3084	True
PKP3	10157	10157	True
PKP4	9509	9509	True
PLA2G10	12013	12013	True
PLA2G12A	6165	6165	True
PLA2G15	2787	2787	True
PLA2G16	11550	11550	True
PLA2G2A	12328	12328	True
PLA2G3	13905	13905	True
PLA2G4A	14647	14647	True
PLA2G4B	12716	12716	True
PLA2G4C	9811	9811	True
PLA2G4F	1245	1245	True
PLA2G6	10122	10122	True
PLA2R1	5705	5705	True
PLAA	9351	9351	True
PLAC1	1190	1190	True
PLAC8	3380	3380	True
PLAC8L1	11868	11868	True
PLAC9	14088	14088	True
PLAG1	14783	14783	True
PLAGL1	6893	6893	True
PLAGL2	6657	6657	True
PLAT	14567	14567	True
PLAU	14860	14860	True
PLAUR	8618	8618	True
PLB1	12612	12612	True
PLBD1	558	558	True
PLBD2	5413	5413	True
PLCB1	10231	10231	True
PLCB2	1204	1204	True
PLCB3	8487	8487	True
PLCB4	3704	3704	True
PLCD1	3371	3371	True
PLCD3	939	939	True
PLCD4	8475	8475	True
PLCE1	12203	12203	True
PLCG1	10875	10875	True
PLCG2	10094	10094	True
PLCH1	401	401	True
PLCH2	12926	12926	True
PLCL1	12116	12116	True
PLCL2	11389	11389	True
PLCXD1	3818	3818	True
PLCXD2	11662	11662	True
PLCZ1	14602	14602	True
PLD1	648	648	True
PLD2	8119	8119	True
PLD3	4989	4989	True
PLD5	12344	12344	True
PLD6	2587	2587	True
PLEC	7100	7100	True
PLEK2	355	355	True
PLEKHA1	8141	8141	True
PLEKHA2	854	854	True
PLEKHA3	4571	4571	True
PLEKHA4	330	330	True
PLEKHA5	3325	3325	True
PLEKHA6	9731	9731	True
PLEKHA7	10073	10073	True
PLEKHA8	8432	8432	True
PLEKHB1	1790	1790	True
PLEKHB2	3612	3612	True
PLEKHD1	11422	11422	True
PLEKHF1	683	683	True
PLEKHF2	2980	2980	True
PLEKHG1	11795	11795	True
PLEKHG2	3221	3221	True
PLEKHG3	7487	7487	True
PLEKHG4	11284	11284	True
PLEKHG4B	6523	6523	True
PLEKHG5	7765	7765	True
PLEKHG6	3197	3197	True
PLEKHH1	7420	7420	True
PLEKHH2	521	521	True
PLEKHH3	4221	4221	True
PLEKHJ1	5275	5275	True
PLEKHM1	6583	6583	True
PLEKHM2	6424	6424	True
PLEKHM3	12952	12952	True
PLEKHN1	10277	10277	True
PLEKHO1	6116	6116	True
PLEKHO2	725	725	True
PLEKHS1	549	549	True
PLGLB1	5410	5410	True
PLGLB2	12772	12772	True
PLGRKT	2475	2475	True
PLIN1	13606	13606	True
PLIN2	512	512	True
PLIN3	2896	2896	True
PLIN4	11183	11183	True
PLIN5	37	37	True
PLK1	9924	9924	True
PLK2	893	893	True
PLK3	1348	1348	True
PLK4	3696	3696	True
PLLP	1092	1092	True
PLN	14248	14248	True
PLOD1	5991	5991	True
PLOD2	3	3	True
PLOD3	4662	4662	True
PLP2	3274	3274	True
PLRG1	4583	4583	True
PLS1	2157	2157	True
PLS3	4300	4300	True
PLSCR1	3378	3378	True
PLSCR3	13529	13529	True
PLSCR4	12296	12296	True
PLTP	12063	12063	True
PLXDC1	11801	11801	True
PLXDC2	527	527	True
PLXNA1	5745	5745	True
PLXNA2	1719	1719	True
PLXNA3	9479	9479	True
PLXNA4	11427	11427	True
PLXNB1	1218	1218	True
PLXNB2	5593	5593	True
PLXNB3	13331	13331	True
PLXNC1	309	309	True
PLXND1	2759	2759	True
PM20D1	14531	14531	True
PM20D2	10123	10123	True
PMAIP1	6632	6632	True
PMEL	6747	6747	True
PMEPA1	555	555	True
PMF1	6567	6567	True
PMF1-BGLAP	12478	12478	True
PMFBP1	13218	13218	True
PML	5499	5499	True
PMM1	7127	7127	True
PMM2	8516	8516	True
PMP22	1381	1381	True
PMPCA	7871	7871	True
PMPCB	9081	9081	True
PMS1	8040	8040	True
PMS2	8269	8269	True
PMVK	6531	6531	True
PNCK	11854	11854	True
PNISR	6753	6753	True
PNKD	3277	3277	True
PNKP	9562	9562	True
PNLDC1	13849	13849	True
PNLIPRP3	13065	13065	True
PNMA1	10263	10263	True
PNMA2	13598	13598	True
PNMA6A	11325	11325	True
PNMT	13925	13925	True
PNN	806	806	True
PNO1	5787	5787	True
PNP	3280	3280	True
PNPLA2	4215	4215	True
PNPLA3	12546	12546	True
PNPLA4	1440	1440	True
PNPLA6	5439	5439	True
PNPLA7	6128	6128	True
PNPLA8	6166	6166	True
PNPO	8037	8037	True
PNPT1	1681	1681	True
PNRC1	1290	1290	True
PNRC2	4624	4624	True
POC1A	5207	5207	True
POC1B	9728	9728	True
POC1B-GALNT4	15166	15166	True
POC5	7430	7430	True
PODNL1	3407	3407	True
PODXL	873	873	True
PODXL2	5827	5827	True
POF1B	1761	1761	True
POFUT1	1805	1805	True
POFUT2	3249	3249	True
POGK	5217	5217	True
POGLUT1	6904	6904	True
POGZ	5966	5966	True
POLA1	1401	1401	True
POLA2	1646	1646	True
POLB	1390	1390	True
POLD1	8661	8661	True
POLD2	9251	9251	True
POLD3	4938	4938	True
POLD4	1915	1915	True
POLDIP2	6479	6479	True
POLDIP3	10210	10210	True
POLE	3365	3365	True
POLE2	1454	1454	True
POLE3	3408	3408	True
POLE4	8339	8339	True
POLG	9416	9416	True
POLG2	9138	9138	True
POLH	8413	8413	True
POLI	1526	1526	True
POLK	6626	6626	True
POLL	9375	9375	True
POLM	8164	8164	True
POLN	13920	13920	True
POLQ	3051	3051	True
POLR1A	8214	8214	True
POLR1B	5188	5188	True
POLR1C	5930	5930	True
POLR1D	8435	8435	True
POLR1E	10213	10213	True
POLR2A	7786	7786	True
POLR2B	6715	6715	True
POLR2C	10468	10468	True
POLR2D	4384	4384	True
POLR2E	8936	8936	True
POLR2F	8884	8884	True
POLR2G	9381	9381	True
POLR2H	8651	8651	True
POLR2I	7050	7050	True
POLR2J	3279	3279	True
POLR2J2	13393	13393	True
POLR2J3	2708	2708	True
POLR2K	8443	8443	True
POLR2L	6956	6956	True
POLR2M	4971	4971	True
POLR3A	9297	9297	True
POLR3B	7021	7021	True
POLR3C	5898	5898	True
POLR3D	8836	8836	True
POLR3E	8922	8922	True
POLR3F	8857	8857	True
POLR3G	5578	5578	True
POLR3GL	8664	8664	True
POLR3H	11044	11044	True
POLR3K	3314	3314	True
POLRMT	4736	4736	True
POM121	10910	10910	True
POM121C	10997	10997	True
POMGNT1	6846	6846	True
POMGNT2	5378	5378	True
POMK	8731	8731	True
POMP	5779	5779	True
POMT1	3761	3761	True
POMT2	4082	4082	True
POMZP3	9838	9838	True
PON2	633	633	True
PON3	36	36	True
POP1	6515	6515	True
POP4	5507	5507	True
POP5	9715	9715	True
POP7	8803	8803	True
POPDC2	12507	12507	True
POPDC3	14210	14210	True
POR	10381	10381	True
PORCN	3913	3913	True
POT1	7216	7216	True
POT1-AS1	13258	13258	True
POTEE	11628	11628	True
POTEF	11525	11525	True
POTEI	11484	11484	True
POU2F1	6396	6396	True
POU2F2	12291	12291	True
POU2F3	4055	4055	True
POU3F1	14165	14165	True
POU3F3	13265	13265	True
POU5F1	12247	12247	True
POU5F2	12848	12848	True
POU6F1	12814	12814	True
POU6F2	13702	13702	True
PP2D1	13001	13001	True
PPA1	6963	6963	True
PPA2	9557	9557	True
PPAN	8926	8926	True
PPAP2A	13429	13429	True
PPAP2B	14946	14946	True
PPAP2C	13418	13418	True
PPAPDC1B	14208	14208	True
PPAPDC2	14753	14753	True
PPARA	863	863	True
PPARD	9553	9553	True
PPARG	402	402	True
PPARGC1A	11511	11511	True
PPARGC1B	9748	9748	True
PPAT	11063	11063	True
PPCDC	5467	5467	True
PPCS	10890	10890	True
PPDPF	9289	9289	True
PPEF1	13715	13715	True
PPFIA1	9906	9906	True
PPFIA2	12825	12825	True
PPFIA3	1206	1206	True
PPFIA4	4016	4016	True
PPFIBP1	4102	4102	True
PPFIBP2	4238	4238	True
PPHLN1	9365	9365	True
PPIA	8278	8278	True
PPIB	2859	2859	True
PPIC	8860	8860	True
PPID	10177	10177	True
PPIE	8930	8930	True
PPIF	7219	7219	True
PPIG	4729	4729	True
PPIH	7223	7223	True
PPIL1	9638	9638	True
PPIL2	7688	7688	True
PPIL3	9283	9283	True
PPIL4	8349	8349	True
PPIL6	9252	9252	True
PPIP5K1	2127	2127	True
PPIP5K2	4954	4954	True
PPL	9544	9544	True
PPM1A	4372	4372	True
PPM1B	8854	8854	True
PPM1D	6881	6881	True
PPM1E	818	818	True
PPM1F	6345	6345	True
PPM1G	10450	10450	True
PPM1H	4013	4013	True
PPM1J	6362	6362	True
PPM1K	1736	1736	True
PPM1L	4280	4280	True
PPM1M	7799	7799	True
PPM1N	4342	4342	True
PPME1	6444	6444	True
PPOX	4690	4690	True
PPP1CA	7261	7261	True
PPP1CB	2146	2146	True
PPP1CC	4025	4025	True
PPP1R10	5630	5630	True
PPP1R11	10530	10530	True
PPP1R12A	5719	5719	True
PPP1R12B	7610	7610	True
PPP1R12C	7225	7225	True
PPP1R13B	10202	10202	True
PPP1R13L	3898	3898	True
PPP1R14B	8966	8966	True
PPP1R14C	670	670	True
PPP1R15A	8159	8159	True
PPP1R15B	7866	7866	True
PPP1R16A	5620	5620	True
PPP1R18	8326	8326	True
PPP1R1A	566	566	True
PPP1R1B	13604	13604	True
PPP1R1C	11479	11479	True
PPP1R2	8021	8021	True
PPP1R21	8976	8976	True
PPP1R26	4543	4543	True
PPP1R26-AS1	11506	11506	True
PPP1R32	6425	6425	True
PPP1R35	7315	7315	True
PPP1R36	1704	1704	True
PPP1R37	9288	9288	True
PPP1R3B	1472	1472	True
PPP1R3C	11799	11799	True
PPP1R3D	4166	4166	True
PPP1R3E	9615	9615	True
PPP1R3F	5149	5149	True
PPP1R3G	14527	14527	True
PPP1R42	13471	13471	True
PPP1R7	2510	2510	True
PPP1R8	10355	10355	True
PPP1R9A	4669	4669	True
PPP1R9B	8474	8474	True
PPP2CA	9722	9722	True
PPP2CB	2652	2652	True
PPP2R1A	10337	10337	True
PPP2R1B	6505	6505	True
PPP2R2A	1887	1887	True
PPP2R2B	12458	12458	True
PPP2R2C	8590	8590	True
PPP2R2D	10704	10704	True
PPP2R3A	5206	5206	True
PPP2R3B	11061	11061	True
PPP2R3C	11163	11163	True
PPP2R4	13140	13140	True
PPP2R5A	10650	10650	True
PPP2R5B	4244	4244	True
PPP2R5C	9007	9007	True
PPP2R5D	5427	5427	True
PPP2R5E	10233	10233	True
PPP3CA	1815	1815	True
PPP3CB	2487	2487	True
PPP3CB-AS1	15141	15141	True
PPP3CC	7075	7075	True
PPP3R1	9599	9599	True
PPP4C	8247	8247	True
PPP4R1	6860	6860	True
PPP4R2	5233	5233	True
PPP4R3A	14501	14501	True
PPP4R3B	14640	14640	True
PPP4R4	11406	11406	True
PPP5C	7514	7514	True
PPP5D1	11659	11659	True
PPP6C	6540	6540	True
PPP6R1	10190	10190	True
PPP6R2	11060	11060	True
PPP6R3	8762	8762	True
PPRC1	6433	6433	True
PPT1	384	384	True
PPT2	4683	4683	True
PPT2-EGFL8	13520	13520	True
PPTC7	10789	10789	True
PPWD1	6983	6983	True
PQBP1	10169	10169	True
PQLC1	12429	12429	True
PQLC2	11967	11967	True
PQLC2L	13937	13937	True
PQLC3	11282	11282	True
PRADC1	9468	9468	True
PRAF2	5312	5312	True
PRAME	11583	11583	True
PRC1	6485	6485	True
PRCC	6025	6025	True
PRCP	10448	10448	True
PRDM1	15050	15050	True
PRDM10	8713	8713	True
PRDM11	7052	7052	True
PRDM12	15164	15164	True
PRDM15	9430	9430	True
PRDM16	11780	11780	True
PRDM2	6005	6005	True
PRDM4	10110	10110	True
PRDM5	2282	2282	True
PRDM6	8449	8449	True
PRDX1	5405	5405	True
PRDX2	5463	5463	True
PRDX3	3105	3105	True
PRDX4	9194	9194	True
PRDX5	7563	7563	True
PRDX6	1380	1380	True
PREB	5988	5988	True
PRELID1	8687	8687	True
PRELID2	9182	9182	True
PRELP	14060	14060	True
PREP	7694	7694	True
PREPL	8486	8486	True
PREX1	2158	2158	True
PRG4	14253	14253	True
PRH1	8096	8096	True
PRICKLE1	11523	11523	True
PRICKLE2	371	371	True
PRICKLE2-AS2	13028	13028	True
PRICKLE3	4794	4794	True
PRICKLE4	14947	14947	True
PRIM1	4035	4035	True
PRIM2	3911	3911	True
PRIMA1	1215	1215	True
PRIMPOL	10986	10986	True
PRKAA1	1037	1037	True
PRKAA2	11390	11390	True
PRKAB1	8103	8103	True
PRKAB2	5752	5752	True
PRKACA	4458	4458	True
PRKACB	1112	1112	True
PRKAG1	8276	8276	True
PRKAG2	2310	2310	True
PRKAG2-AS1	11775	11775	True
PRKAR1A	3912	3912	True
PRKAR1B	7608	7608	True
PRKAR2A	7601	7601	True
PRKAR2B	9188	9188	True
PRKCA	899	899	True
PRKCD	3480	3480	True
PRKCE	10699	10699	True
PRKCH	4587	4587	True
PRKCI	8196	8196	True
PRKCSH	6020	6020	True
PRKCZ	6348	6348	True
PRKD1	103	103	True
PRKD2	3473	3473	True
PRKD3	1021	1021	True
PRKDC	5358	5358	True
PRKG1	11369	11369	True
PRKG1-AS1	13531	13531	True
PRKG2	12352	12352	True
PRKRA	8379	8379	True
PRKRIP1	2100	2100	True
PRKRIR	14643	14643	True
PRKX	10490	10490	True
PRLH	13317	13317	True
PRLR	478	478	True
PRMT1	10078	10078	True
PRMT2	4550	4550	True
PRMT3	5379	5379	True
PRMT5	5487	5487	True
PRMT5-AS1	14819	14819	True
PRMT6	9366	9366	True
PRMT7	5530	5530	True
PRMT9	8859	8859	True
PRNP	247	247	True
PROB1	15142	15142	True
PROC	13835	13835	True
PROCA1	7377	7377	True
PROCR	7824	7824	True
PRODH	14765	14765	True
PROM1	14797	14797	True
PROM2	2027	2027	True
PROS1	60	60	True
PROSC	15068	15068	True
PROSER1	9187	9187	True
PROSER2	9721	9721	True
PROSER2-AS1	14703	14703	True
PROSER3	4446	4446	True
PROX1	13904	13904	True
PRPF18	6468	6468	True
PRPF19	1976	1976	True
PRPF3	6176	6176	True
PRPF31	9078	9078	True
PRPF38A	8617	8617	True
PRPF38B	6607	6607	True
PRPF39	1939	1939	True
PRPF4	3343	3343	True
PRPF40A	3438	3438	True
PRPF40B	9211	9211	True
PRPF4B	6672	6672	True
PRPF6	9894	9894	True
PRPF8	9189	9189	True
PRPH	1647	1647	True
PRPS1	5732	5732	True
PRPS2	3229	3229	True
PRPSAP1	10478	10478	True
PRPSAP2	8277	8277	True
PRR11	4032	4032	True
PRR12	9573	9573	True
PRR13	7679	7679	True
PRR14	2698	2698	True
PRR14L	3047	3047	True
PRR15	713	713	True
PRR15L	9885	9885	True
PRR16	12813	12813	True
PRR19	10688	10688	True
PRR22	8645	8645	True
PRR26	15217	15217	True
PRR29	13725	13725	True
PRR3	7446	7446	True
PRR34-AS1	12426	12426	True
PRR36	11532	11532	True
PRR4	5708	5708	True
PRR5	10311	10311	True
PRR5-ARHGAP8	12086	12086	True
PRR5L	2125	2125	True
PRR7	7518	7518	True
PRR7-AS1	12330	12330	True
PRRC1	7660	7660	True
PRRC2A	10696	10696	True
PRRC2B	9169	9169	True
PRRC2C	7801	7801	True
PRRG1	2234	2234	True
PRRG2	4965	4965	True
PRRG4	2341	2341	True
PRRT1	1289	1289	True
PRRT2	3373	3373	True
PRRT3	4974	4974	True
PRRT3-AS1	14340	14340	True
PRRT4	12927	12927	True
PRRX1	13600	13600	True
PRRX2	953	953	True
PRSS12	11610	11610	True
PRSS16	1738	1738	True
PRSS22	5204	5204	True
PRSS23	8544	8544	True
PRSS27	2264	2264	True
PRSS3	13173	13173	True
PRSS36	3770	3770	True
PRSS48	14975	14975	True
PRSS53	12081	12081	True
PRSS8	2047	2047	True
PRTFDC1	754	754	True
PRTG	9970	9970	True
PRUNE	14511	14511	True
PRUNE2	12208	12208	True
PRX	10261	10261	True
PSAP	4839	4839	True
PSAT1	11125	11125	True
PSCA	779	779	True
PSD	9820	9820	True
PSD3	890	890	True
PSD4	3012	3012	True
PSEN1	5832	5832	True
PSEN2	3177	3177	True
PSENEN	8369	8369	True
PSG9	13559	13559	True
PSIP1	8945	8945	True
PSKH1	10809	10809	True
PSMA1	4625	4625	True
PSMA2	15176	15176	True
PSMA3	5699	5699	True
PSMA3-AS1	14748	14748	True
PSMA4	7189	7189	True
PSMA5	5998	5998	True
PSMA6	2477	2477	True
PSMA7	6979	6979	True
PSMB1	9911	9911	True
PSMB10	5691	5691	True
PSMB2	6987	6987	True
PSMB3	5652	5652	True
PSMB4	9773	9773	True
PSMB5	10886	10886	True
PSMB6	4664	4664	True
PSMB7	3654	3654	True
PSMB8	13951	13951	True
PSMB9	1030	1030	True
PSMC1	10411	10411	True
PSMC2	7268	7268	True
PSMC3	5183	5183	True
PSMC3IP	8162	8162	True
PSMC4	5828	5828	True
PSMC5	6833	6833	True
PSMC6	8579	8579	True
PSMD1	4799	4799	True
PSMD10	7465	7465	True
PSMD11	5902	5902	True
PSMD12	6001	6001	True
PSMD13	7149	7149	True
PSMD14	10540	10540	True
PSMD2	9931	9931	True
PSMD3	10820	10820	True
PSMD4	10832	10832	True
PSMD5	5103	5103	True
PSMD6	8430	8430	True
PSMD6-AS2	12987	12987	True
PSMD7	10588	10588	True
PSMD8	5357	5357	True
PSMD9	3426	3426	True
PSME1	4378	4378	True
PSME2	1393	1393	True
PSME3	7114	7114	True
PSME4	3567	3567	True
PSMF1	10817	10817	True
PSMG1	4594	4594	True
PSMG2	6729	6729	True
PSMG3	9588	9588	True
PSMG3-AS1	12520	12520	True
PSMG4	6890	6890	True
PSORS1C1	11246	11246	True
PSPC1	11069	11069	True
PSPH	8145	8145	True
PSPN	11655	11655	True
PSRC1	1272	1272	True
PSTK	8495	8495	True
PSTPIP2	367	367	True
PTAFR	4629	4629	True
PTAR1	4979	4979	True
PTBP1	10556	10556	True
PTBP2	8806	8806	True
PTBP3	4847	4847	True
PTCD1	3869	3869	True
PTCD2	6525	6525	True
PTCD3	5675	5675	True
PTCH1	7852	7852	True
PTCH2	12285	12285	True
PTCHD1	14793	14793	True
PTCHD2	14035	14035	True
PTCHD4	14899	14899	True
PTDSS1	8001	8001	True
PTDSS2	10091	10091	True
PTEN	2385	2385	True
PTER	4714	4714	True
PTGDS	13962	13962	True
PTGER2	12109	12109	True
PTGER3	12712	12712	True
PTGER4	11	11	True
PTGES	77	77	True
PTGES2	5301	5301	True
PTGES3	5704	5704	True
PTGES3L	11425	11425	True
PTGFRN	154	154	True
PTGR1	3420	3420	True
PTGR2	4441	4441	True
PTGS1	14231	14231	True
PTGS2	13873	13873	True
PTH2R	14706	14706	True
PTHLH	13204	13204	True
PTK2	5830	5830	True
PTK2B	9217	9217	True
PTK6	9065	9065	True
PTK7	301	301	True
PTMA	8999	8999	True
PTMS	2054	2054	True
PTOV1	12599	12599	True
PTOV1-AS1	12737	12737	True
PTP4A1	12872	12872	True
PTP4A2	8663	8663	True
PTP4A3	4287	4287	True
PTPDC1	1933	1933	True
PTPMT1	9170	9170	True
PTPN1	9080	9080	True
PTPN11	4993	4993	True
PTPN12	282	282	True
PTPN13	5822	5822	True
PTPN14	3852	3852	True
PTPN18	7867	7867	True
PTPN2	8993	8993	True
PTPN20	15103	15103	True
PTPN21	9149	9149	True
PTPN22	12823	12823	True
PTPN23	8939	8939	True
PTPN3	5913	5913	True
PTPN4	4643	4643	True
PTPN6	6306	6306	True
PTPN7	12272	12272	True
PTPN9	10487	10487	True
PTPRA	10676	10676	True
PTPRB	343	343	True
PTPRCAP	14517	14517	True
PTPRD	12563	12563	True
PTPRE	68	68	True
PTPRF	5817	5817	True
PTPRG	5184	5184	True
PTPRG-AS1	13235	13235	True
PTPRH	15021	15021	True
PTPRJ	9135	9135	True
PTPRK	2987	2987	True
PTPRM	11856	11856	True
PTPRN2	11386	11386	True
PTPRO	13478	13478	True
PTPRQ	13306	13306	True
PTPRR	14312	14312	True
PTPRS	5196	5196	True
PTPRT	11611	11611	True
PTPRU	280	280	True
PTPRZ1	14852	14852	True
PTRF	13091	13091	True
PTRH1	5051	5051	True
PTRH2	11879	11879	True
PTRHD1	2466	2466	True
PTS	9238	9238	True
PTTG1	6437	6437	True
PTTG1IP	821	821	True
PTX3	13640	13640	True
PUF60	7967	7967	True
PUM1	8215	8215	True
PUM2	9115	9115	True
PURA	7384	7384	True
PURB	5095	5095	True
PUS1	1561	1561	True
PUS10	10922	10922	True
PUS3	10330	10330	True
PUS7	1803	1803	True
PUS7L	9979	9979	True
PUSL1	7649	7649	True
PVALB	3623	3623	True
PVR	3781	3781	True
PVRL1	13813	13813	True
PVRL2	14787	14787	True
PVRL4	13121	13121	True
PVT1	12684	12684	True
PWP1	6083	6083	True
PWP2	12570	12570	True
PWWP2A	7675	7675	True
PWWP2B	3100	3100	True
PXDC1	717	717	True
PXDN	1641	1641	True
PXDNL	11965	11965	True
PXK	7883	7883	True
PXMP2	7529	7529	True
PXMP4	1075	1075	True
PXN	3428	3428	True
PXN-AS1	11210	11210	True
PXYLP1	10720	10720	True
PYCARD	4081	4081	True
PYCARD-AS1	15178	15178	True
PYCR1	9045	9045	True
PYCR2	3737	3737	True
PYCRL	14367	14367	True
PYGB	1524	1524	True
PYGL	1149	1149	True
PYGM	10507	10507	True
PYGO1	543	543	True
PYGO2	9832	9832	True
PYHIN1	14028	14028	True
PYROXD1	5960	5960	True
PYROXD2	1287	1287	True
PYURF	2287	2287	True
PYY	14556	14556	True
QARS	8328	8328	True
QDPR	6443	6443	True
QKI	9959	9959	True
QPCT	110	110	True
QPCTL	3308	3308	True
QPRT	95	95	True
QRICH1	5989	5989	True
QRICH2	9313	9313	True
QRSL1	10831	10831	True
QSER1	6230	6230	True
QSOX1	255	255	True
QSOX2	8868	8868	True
QTRT1	3570	3570	True
QTRTD1	13463	13463	True
R3HCC1	5534	5534	True
R3HCC1L	8124	8124	True
R3HDM1	5050	5050	True
R3HDM2	8099	8099	True
R3HDM4	2962	2962	True
RAB10	10988	10988	True
RAB11A	5925	5925	True
RAB11B	3943	3943	True
RAB11B-AS1	12633	12633	True
RAB11FIP1	2238	2238	True
RAB11FIP2	4751	4751	True
RAB11FIP3	2971	2971	True
RAB11FIP4	5359	5359	True
RAB11FIP5	2092	2092	True
RAB12	8343	8343	True
RAB13	8585	8585	True
RAB14	6267	6267	True
RAB15	2775	2775	True
RAB17	1855	1855	True
RAB18	4821	4821	True
RAB19	838	838	True
RAB1A	4469	4469	True
RAB1B	4738	4738	True
RAB20	8189	8189	True
RAB21	10774	10774	True
RAB22A	10729	10729	True
RAB23	7790	7790	True
RAB24	10206	10206	True
RAB25	2336	2336	True
RAB26	6566	6566	True
RAB27A	7541	7541	True
RAB27B	608	608	True
RAB28	8241	8241	True
RAB29	3352	3352	True
RAB2A	8011	8011	True
RAB2B	8069	8069	True
RAB30	8429	8429	True
RAB30-AS1	14722	14722	True
RAB31	3370	3370	True
RAB32	1999	1999	True
RAB33B	11055	11055	True
RAB34	11447	11447	True
RAB35	10181	10181	True
RAB36	2409	2409	True
RAB37	534	534	True
RAB38	14099	14099	True
RAB39B	8628	8628	True
RAB3A	4200	4200	True
RAB3B	11373	11373	True
RAB3D	11078	11078	True
RAB3GAP1	2900	2900	True
RAB3GAP2	4004	4004	True
RAB3IL1	1307	1307	True
RAB3IP	10039	10039	True
RAB40A	14485	14485	True
RAB40B	1368	1368	True
RAB40C	7174	7174	True
RAB43	3266	3266	True
RAB4A	820	820	True
RAB4B	7206	7206	True
RAB5A	3268	3268	True
RAB5B	4402	4402	True
RAB5C	9477	9477	True
RAB6A	2368	2368	True
RAB6B	1338	1338	True
RAB6C	1929	1929	True
RAB7A	4908	4908	True
RAB7B	14687	14687	True
RAB8A	7586	7586	True
RAB8B	8540	8540	True
RAB9A	2846	2846	True
RAB9B	11964	11964	True
RABAC1	4945	4945	True
RABEP1	2254	2254	True
RABEP2	7066	7066	True
RABEPK	4440	4440	True
RABGAP1	2532	2532	True
RABGAP1L	5259	5259	True
RABGEF1	8134	8134	True
RABGGTA	10270	10270	True
RABGGTB	6246	6246	True
RABIF	6153	6153	True
RABL2A	6654	6654	True
RABL2B	11003	11003	True
RABL3	5851	5851	True
RABL6	4679	4679	True
RAC1	6635	6635	True
RAC2	14185	14185	True
RAC3	10189	10189	True
RACGAP1	8825	8825	True
RAD1	9447	9447	True
RAD17	7375	7375	True
RAD18	11093	11093	True
RAD21	5701	5701	True
RAD21-AS1	14279	14279	True
RAD23A	3467	3467	True
RAD23B	8302	8302	True
RAD50	6019	6019	True
RAD51	11850	11850	True
RAD51-AS1	14571	14571	True
RAD51AP1	4133	4133	True
RAD51AP2	13880	13880	True
RAD51B	6969	6969	True
RAD51C	6643	6643	True
RAD51D	8450	8450	True
RAD52	9964	9964	True
RAD54B	5755	5755	True
RAD54L	12985	12985	True
RAD54L2	11007	11007	True
RAD9A	4541	4541	True
RAD9B	11853	11853	True
RADIL	4895	4895	True
RAE1	8623	8623	True
RAET1E	14848	14848	True
RAET1G	11654	11654	True
RAF1	10956	10956	True
RAG1	13643	13643	True
RAI1	5503	5503	True
RAI14	510	510	True
RAI2	2961	2961	True
RALA	8616	8616	True
RALB	2936	2936	True
RALBP1	10132	10132	True
RALGAPA1	1671	1671	True
RALGAPA2	1376	1376	True
RALGAPB	6379	6379	True
RALGDS	5628	5628	True
RALGPS1	8812	8812	True
RALGPS2	4841	4841	True
RALY	9851	9851	True
RALY-AS1	14749	14749	True
RAMP1	11116	11116	True
RAMP2	13345	13345	True
RAMP3	13234	13234	True
RAN	8574	8574	True
RANBP1	4212	4212	True
RANBP10	6145	6145	True
RANBP17	8608	8608	True
RANBP2	2877	2877	True
RANBP3	7354	7354	True
RANBP6	4875	4875	True
RANBP9	8085	8085	True
RANGAP1	11079	11079	True
RANGRF	2776	2776	True
RAP1A	7562	7562	True
RAP1B	7836	7836	True
RAP1GAP	2176	2176	True
RAP1GAP2	4460	4460	True
RAP1GDS1	8273	8273	True
RAP2A	2890	2890	True
RAP2B	2911	2911	True
RAP2C	329	329	True
RAP2C-AS1	13069	13069	True
RAPGEF1	3485	3485	True
RAPGEF2	4034	4034	True
RAPGEF3	86	86	True
RAPGEF4	11400	11400	True
RAPGEF5	1076	1076	True
RAPGEF6	8978	8978	True
RAPGEFL1	5712	5712	True
RAPH1	4358	4358	True
RAPSN	12576	12576	True
RARA	5024	5024	True
RARB	11416	11416	True
RARG	6004	6004	True
RARRES1	11815	11815	True
RARRES3	12444	12444	True
RARS	5552	5552	True
RARS2	6118	6118	True
RASA1	5400	5400	True
RASA2	2805	2805	True
RASA3	1237	1237	True
RASA4	7260	7260	True
RASA4B	12075	12075	True
RASAL1	2488	2488	True
RASAL2	4887	4887	True
RASAL3	14169	14169	True
RASD1	4830	4830	True
RASD2	14206	14206	True
RASEF	2957	2957	True
RASGEF1A	12061	12061	True
RASGEF1B	627	627	True
RASGEF1C	11497	11497	True
RASGRF1	1932	1932	True
RASGRF2	12839	12839	True
RASGRP1	1859	1859	True
RASGRP3	12235	12235	True
RASIP1	12965	12965	True
RASL10A	6203	6203	True
RASL10B	1574	1574	True
RASL11A	1504	1504	True
RASL11B	13616	13616	True
RASSF1	10975	10975	True
RASSF10	12112	12112	True
RASSF2	382	382	True
RASSF3	3871	3871	True
RASSF4	13546	13546	True
RASSF5	674	674	True
RASSF6	11816	11816	True
RASSF7	8658	8658	True
RASSF8	653	653	True
RASSF8-AS1	11115	11115	True
RASSF9	14345	14345	True
RAVER1	4479	4479	True
RAVER2	9598	9598	True
RB1	4208	4208	True
RB1CC1	9044	9044	True
RBAK	7325	7325	True
RBAK-RBAKDN	14999	14999	True
RBBP4	6273	6273	True
RBBP5	10761	10761	True
RBBP6	9131	9131	True
RBBP7	7500	7500	True
RBBP8	1470	1470	True
RBBP8NL	11018	11018	True
RBBP9	8170	8170	True
RBCK1	5321	5321	True
RBFA	2164	2164	True
RBFADN	15111	15111	True
RBFOX1	14491	14491	True
RBFOX2	9590	9590	True
RBFOX3	13807	13807	True
RBKS	8403	8403	True
RBL1	4144	4144	True
RBL2	7624	7624	True
RBM10	5738	5738	True
RBM11	12837	12837	True
RBM12	7298	7298	True
RBM12B	8045	8045	True
RBM14	4195	4195	True
RBM14-RBM4	11882	11882	True
RBM15	5495	5495	True
RBM15B	9639	9639	True
RBM17	1396	1396	True
RBM18	7157	7157	True
RBM19	9263	9263	True
RBM20	11960	11960	True
RBM22	9499	9499	True
RBM23	10550	10550	True
RBM24	417	417	True
RBM25	8393	8393	True
RBM26	10718	10718	True
RBM26-AS1	13996	13996	True
RBM27	10624	10624	True
RBM28	6192	6192	True
RBM3	7580	7580	True
RBM33	9123	9123	True
RBM34	947	947	True
RBM38	10116	10116	True
RBM39	7321	7321	True
RBM4	6299	6299	True
RBM41	7672	7672	True
RBM42	5952	5952	True
RBM43	2763	2763	True
RBM44	14260	14260	True
RBM45	12304	12304	True
RBM47	694	694	True
RBM48	8032	8032	True
RBM4B	6364	6364	True
RBM5	8117	8117	True
RBM6	5544	5544	True
RBM7	4184	4184	True
RBM8A	9504	9504	True
RBMS1	1616	1616	True
RBMS2	1775	1775	True
RBMS3	13741	13741	True
RBMX	8622	8622	True
RBMX2	6295	6295	True
RBMXL1	3792	3792	True
RBP1	14109	14109	True
RBP4	14017	14017	True
RBP5	734	734	True
RBP7	974	974	True
RBPJ	2678	2678	True
RBPMS	542	542	True
RBPMS-AS1	11180	11180	True
RBPMS2	616	616	True
RBSN	12139	12139	True
RBX1	9235	9235	True
RC3H1	5190	5190	True
RC3H2	8249	8249	True
RCAN1	1550	1550	True
RCAN2	11643	11643	True
RCAN3	2976	2976	True
RCBTB1	9428	9428	True
RCBTB2	3691	3691	True
RCC1	10658	10658	True
RCC2	8771	8771	True
RCCD1	3907	3907	True
RCE1	5214	5214	True
RCHY1	3264	3264	True
RCL1	1207	1207	True
RCN1	2633	2633	True
RCN2	8741	8741	True
RCN3	11533	11533	True
RCOR1	5362	5362	True
RCOR2	3416	3416	True
RCOR3	9817	9817	True
RDH10	164	164	True
RDH10-AS1	13211	13211	True
RDH11	1785	1785	True
RDH12	13398	13398	True
RDH13	4570	4570	True
RDH14	3730	3730	True
RDH16	3634	3634	True
RDH5	6091	6091	True
RDM1	11190	11190	True
RDX	5718	5718	True
REC114	14702	14702	True
REC8	909	909	True
RECK	1696	1696	True
RECQL	7436	7436	True
RECQL4	2739	2739	True
RECQL5	9393	9393	True
REEP1	3360	3360	True
REEP2	680	680	True
REEP3	3244	3244	True
REEP4	5537	5537	True
REEP5	6111	6111	True
REEP6	1364	1364	True
REL	3071	3071	True
RELA	10906	10906	True
RELB	3076	3076	True
RELL1	5382	5382	True
RELL2	7963	7963	True
RELN	14087	14087	True
RELT	10462	10462	True
REM2	11330	11330	True
REN	12110	12110	True
RENBP	14158	14158	True
REP15	12954	12954	True
REPIN1	10508	10508	True
REPS1	8795	8795	True
REPS2	7575	7575	True
RER1	6775	6775	True
RERE	9522	9522	True
RERG	872	872	True
RERGL	13484	13484	True
REST	10840	10840	True
RET	299	299	True
RETSAT	8386	8386	True
REV1	4070	4070	True
REV3L	8841	8841	True
REXO1	9775	9775	True
REXO2	1660	1660	True
REXO4	7573	7573	True
RFC1	4277	4277	True
RFC2	9891	9891	True
RFC3	10421	10421	True
RFC4	5774	5774	True
RFC5	3069	3069	True
RFESD	9106	9106	True
RFFL	2352	2352	True
RFK	7313	7313	True
RFNG	5469	5469	True
RFPL2	14237	14237	True
RFPL3S	14543	14543	True
RFT1	8613	8613	True
RFTN1	655	655	True
RFTN2	11505	11505	True
RFWD2	14883	14883	True
RFWD3	7336	7336	True
RFX1	12163	12163	True
RFX2	9572	9572	True
RFX3	5040	5040	True
RFX3-AS1	13518	13518	True
RFX5	9608	9608	True
RFX7	9150	9150	True
RFXANK	8784	8784	True
RFXAP	10438	10438	True
RGAG4	13357	13357	True
RGCC	11663	11663	True
RGL1	621	621	True
RGL2	7565	7565	True
RGL3	11657	11657	True
RGL4	15040	15040	True
RGMA	9956	9956	True
RGMB	9614	9614	True
RGMB-AS1	11846	11846	True
RGP1	2067	2067	True
RGPD1	14357	14357	True
RGPD2	2022	2022	True
RGPD5	2545	2545	True
RGPD6	13145	13145	True
RGPD8	2952	2952	True
RGS10	973	973	True
RGS11	697	697	True
RGS12	8387	8387	True
RGS13	14290	14290	True
RGS14	8960	8960	True
RGS16	808	808	True
RGS17	9214	9214	True
RGS19	8250	8250	True
RGS2	13818	13818	True
RGS20	12359	12359	True
RGS22	13191	13191	True
RGS3	1349	1349	True
RGS5	15156	15156	True
RGS6	2220	2220	True
RGS7	14183	14183	True
RGS9	11253	11253	True
RGS9BP	14597	14597	True
RHBDD1	4319	4319	True
RHBDD2	3687	3687	True
RHBDD3	9482	9482	True
RHBDF1	6774	6774	True
RHBDF2	8626	8626	True
RHBDL1	5089	5089	True
RHBDL2	12829	12829	True
RHBDL3	3692	3692	True
RHBG	668	668	True
RHCE	12262	12262	True
RHCG	11487	11487	True
RHD	15194	15194	True
RHEB	7467	7467	True
RHEBL1	1994	1994	True
RHNO1	9548	9548	True
RHOA	10581	10581	True
RHOB	1036	1036	True
RHOBTB1	2919	2919	True
RHOBTB2	9020	9020	True
RHOBTB3	537	537	True
RHOC	7806	7806	True
RHOD	2337	2337	True
RHOF	1298	1298	True
RHOG	7539	7539	True
RHOH	5443	5443	True
RHOQ	570	570	True
RHOT1	2814	2814	True
RHOT2	9950	9950	True
RHOU	1458	1458	True
RHOV	2284	2284	True
RHPN1	9096	9096	True
RHPN1-AS1	11496	11496	True
RHPN2	3800	3800	True
RIBC1	9893	9893	True
RIBC2	222	222	True
RIC1	5606	5606	True
RIC3	11577	11577	True
RIC8A	7170	7170	True
RIC8B	9875	9875	True
RICTOR	3664	3664	True
RIF1	10737	10737	True
RIIAD1	13002	13002	True
RILP	2855	2855	True
RILPL1	6695	6695	True
RILPL2	576	576	True
RIMBP3	13475	13475	True
RIMKLA	12656	12656	True
RIMKLB	4396	4396	True
RIMS1	13613	13613	True
RIMS2	11303	11303	True
RIMS3	11744	11744	True
RIMS4	2513	2513	True
RIN1	11481	11481	True
RIN2	2042	2042	True
RIN3	2233	2233	True
RING1	10533	10533	True
RINL	1776	1776	True
RINT1	3579	3579	True
RIOK1	8845	8845	True
RIOK2	7058	7058	True
RIOK3	4524	4524	True
RIPK1	9914	9914	True
RIPK2	10639	10639	True
RIPK3	14046	14046	True
RIPK4	258	258	True
RIPPLY3	2679	2679	True
RIT1	3828	3828	True
RITA1	8041	8041	True
RLF	10580	10580	True
RLIM	6560	6560	True
RLN1	11962	11962	True
RLN2	1687	1687	True
RLTPR	14355	14355	True
RMDN1	6473	6473	True
RMDN2	7470	7470	True
RMDN2-AS1	13625	13625	True
RMDN3	7827	7827	True
RMI1	1619	1619	True
RMI2	464	464	True
RMND1	1191	1191	True
RMND5A	10605	10605	True
RMND5B	10960	10960	True
RMRP	13487	13487	True
RN7SL832P	11891	11891	True
RNASE4	11507	11507	True
RNASEH1	3096	3096	True
RNASEH1-AS1	11693	11693	True
RNASEH2A	732	732	True
RNASEH2B	4274	4274	True
RNASEH2C	1462	1462	True
RNASEK	2918	2918	True
RNASEL	4288	4288	True
RNASET2	1789	1789	True
RND1	317	317	True
RND2	2765	2765	True
RND3	275	275	True
RNF10	8433	8433	True
RNF103	2096	2096	True
RNF11	4536	4536	True
RNF111	8026	8026	True
RNF112	13884	13884	True
RNF113A	6584	6584	True
RNF114	7290	7290	True
RNF115	9629	9629	True
RNF121	8187	8187	True
RNF122	8333	8333	True
RNF123	4430	4430	True
RNF125	4169	4169	True
RNF126	7401	7401	True
RNF128	11969	11969	True
RNF13	4225	4225	True
RNF130	2907	2907	True
RNF135	10806	10806	True
RNF138	10426	10426	True
RNF139	9765	9765	True
RNF139-AS1	12787	12787	True
RNF14	9073	9073	True
RNF141	10582	10582	True
RNF144A	721	721	True
RNF144B	1515	1515	True
RNF145	253	253	True
RNF146	10546	10546	True
RNF148	11513	11513	True
RNF149	1366	1366	True
RNF150	12212	12212	True
RNF152	10577	10577	True
RNF157	4785	4785	True
RNF165	12439	12439	True
RNF166	9295	9295	True
RNF167	8673	8673	True
RNF168	3698	3698	True
RNF169	3693	3693	True
RNF170	1167	1167	True
RNF180	12666	12666	True
RNF181	6363	6363	True
RNF185	6294	6294	True
RNF187	7498	7498	True
RNF19A	1489	1489	True
RNF19B	6057	6057	True
RNF2	1541	1541	True
RNF20	8167	8167	True
RNF207	3074	3074	True
RNF208	3394	3394	True
RNF212B	14784	14784	True
RNF213	1868	1868	True
RNF214	9942	9942	True
RNF215	1953	1953	True
RNF216	9759	9759	True
RNF217	13993	13993	True
RNF219	12995	12995	True
RNF220	10322	10322	True
RNF222	14075	14075	True
RNF223	2826	2826	True
RNF224	6419	6419	True
RNF24	6011	6011	True
RNF25	3901	3901	True
RNF26	3711	3711	True
RNF31	3627	3627	True
RNF32	2223	2223	True
RNF34	10075	10075	True
RNF38	6526	6526	True
RNF39	6381	6381	True
RNF4	8492	8492	True
RNF40	10685	10685	True
RNF41	10969	10969	True
RNF43	11148	11148	True
RNF44	4349	4349	True
RNF5	4463	4463	True
RNF6	9730	9730	True
RNF7	7909	7909	True
RNF8	7893	7893	True
RNFT1	6351	6351	True
RNFT2	9551	9551	True
RNGTT	9866	9866	True
RNH1	7657	7657	True
RNLS	6254	6254	True
RNMT	6628	6628	True
RNMTL1	13453	13453	True
RNPC3	10214	10214	True
RNPEP	9882	9882	True
RNPEPL1	2056	2056	True
RNPS1	11013	11013	True
ROBO1	2507	2507	True
ROBO2	11139	11139	True
ROBO3	2903	2903	True
ROCK1	6954	6954	True
ROCK2	2248	2248	True
ROGDI	2684	2684	True
ROM1	10861	10861	True
ROMO1	8690	8690	True
ROPN1B	14863	14863	True
ROPN1L	12225	12225	True
ROR1	12056	12056	True
ROR2	55	55	True
RORA	12302	12302	True
RORA-AS1	14758	14758	True
RORB	13547	13547	True
RORC	7442	7442	True
RP1	13586	13586	True
RP2	6532	6532	True
RP9	10509	10509	True
RPA1	1960	1960	True
RPA2	9666	9666	True
RPA3	1810	1810	True
RPA4	12196	12196	True
RPAIN	6829	6829	True
RPAP1	8518	8518	True
RPAP2	7369	7369	True
RPAP3	10101	10101	True
RPARP-AS1	13261	13261	True
RPE	4278	4278	True
RPF1	4154	4154	True
RPF2	10374	10374	True
RPGR	5481	5481	True
RPGRIP1	12800	12800	True
RPGRIP1L	10574	10574	True
RPH3AL	9859	9859	True
RPIA	5559	5559	True
RPL10	5737	5737	True
RPL10A	9125	9125	True
RPL11	5921	5921	True
RPL12	8746	8746	True
RPL13	9621	9621	True
RPL13A	10772	10772	True
RPL14	9619	9619	True
RPL15	5823	5823	True
RPL17	5773	5773	True
RPL17-C18orf32	12736	12736	True
RPL18	11086	11086	True
RPL18A	5472	5472	True
RPL19	6923	6923	True
RPL21	7939	7939	True
RPL22	8551	8551	True
RPL22L1	3185	3185	True
RPL23	9505	9505	True
RPL23A	3580	3580	True
RPL24	5648	5648	True
RPL26	9830	9830	True
RPL26L1	7194	7194	True
RPL27	7318	7318	True
RPL27A	5885	5885	True
RPL28	5716	5716	True
RPL29	6043	6043	True
RPL3	5814	5814	True
RPL30	3759	3759	True
RPL31	1357	1357	True
RPL32	8988	8988	True
RPL34	7703	7703	True
RPL35	6261	6261	True
RPL35A	7212	7212	True
RPL36	9290	9290	True
RPL36A	4911	4911	True
RPL36AL	6173	6173	True
RPL37	10494	10494	True
RPL37A	5543	5543	True
RPL38	8438	8438	True
RPL39	9266	9266	True
RPL39L	10476	10476	True
RPL4	6239	6239	True
RPL41	14655	14655	True
RPL5	7651	7651	True
RPL6	8937	8937	True
RPL7	9110	9110	True
RPL7A	6718	6718	True
RPL7L1	10285	10285	True
RPL8	4973	4973	True
RPL9	8245	8245	True
RPLP0	9171	9171	True
RPLP1	5767	5767	True
RPLP2	9014	9014	True
RPN1	5770	5770	True
RPN2	5096	5096	True
RPP14	14939	14939	True
RPP21	6045	6045	True
RPP25	1050	1050	True
RPP25L	6026	6026	True
RPP30	3025	3025	True
RPP38	8633	8633	True
RPP40	10992	10992	True
RPRD1A	10893	10893	True
RPRD1B	4582	4582	True
RPRD2	7031	7031	True
RPRM	11568	11568	True
RPS10	10573	10573	True
RPS10-NUDT3	3725	3725	True
RPS11	6854	6854	True
RPS12	7596	7596	True
RPS13	5610	5610	True
RPS14	7085	7085	True
RPS15	9343	9343	True
RPS15A	10464	10464	True
RPS16	7228	7228	True
RPS17	5475	5475	True
RPS18	10069	10069	True
RPS19	5661	5661	True
RPS19BP1	5550	5550	True
RPS2	8609	8609	True
RPS20	9788	9788	True
RPS21	8957	8957	True
RPS23	6223	6223	True
RPS24	5031	5031	True
RPS25	3477	3477	True
RPS26	6966	6966	True
RPS27	10510	10510	True
RPS27A	9055	9055	True
RPS27L	8105	8105	True
RPS28	9694	9694	True
RPS29	10611	10611	True
RPS3	5153	5153	True
RPS3A	8411	8411	True
RPS4X	8348	8348	True
RPS5	10887	10887	True
RPS6	9798	9798	True
RPS6KA1	3562	3562	True
RPS6KA2	11749	11749	True
RPS6KA3	3952	3952	True
RPS6KA4	6995	6995	True
RPS6KA5	8592	8592	True
RPS6KA6	13926	13926	True
RPS6KB1	7582	7582	True
RPS6KB2	8197	8197	True
RPS6KC1	9998	9998	True
RPS6KL1	2045	2045	True
RPS7	3842	3842	True
RPS8	6925	6925	True
RPS9	8506	8506	True
RPSA	5871	5871	True
RPTOR	9799	9799	True
RPUSD1	7951	7951	True
RPUSD2	4998	4998	True
RPUSD3	10183	10183	True
RPUSD4	7380	7380	True
RQCD1	13498	13498	True
RRAGA	8422	8422	True
RRAGB	9359	9359	True
RRAGC	7083	7083	True
RRAGD	21	21	True
RRAS	6221	6221	True
RRAS2	6809	6809	True
RRBP1	2851	2851	True
RREB1	10730	10730	True
RRH	14221	14221	True
RRM1	7695	7695	True
RRM2	4337	4337	True
RRM2B	6800	6800	True
RRN3	5849	5849	True
RRNAD1	10545	10545	True
RRP1	9601	9601	True
RRP12	5542	5542	True
RRP15	6975	6975	True
RRP1B	5818	5818	True
RRP36	10217	10217	True
RRP7A	10989	10989	True
RRP8	7269	7269	True
RRP9	7229	7229	True
RRS1	9559	9559	True
RRS1-AS1	13824	13824	True
RSAD1	8030	8030	True
RSAD2	1665	1665	True
RSBN1	7082	7082	True
RSBN1L	7253	7253	True
RSC1A1	15229	15229	True
RSF1	7874	7874	True
RSG1	15079	15079	True
RSL1D1	10415	10415	True
RSL24D1	6533	6533	True
RSPH1	4617	4617	True
RSPH10B	14420	14420	True
RSPH14	14995	14995	True
RSPH3	3841	3841	True
RSPH4A	14912	14912	True
RSPH9	12690	12690	True
RSPRY1	11939	11939	True
RSRC1	4461	4461	True
RSRC2	6000	6000	True
RSRP1	6161	6161	True
RSU1	422	422	True
RTBDN	13641	13641	True
RTCA	9742	9742	True
RTCB	4454	4454	True
RTEL1	12821	12821	True
RTF1	8409	8409	True
RTFDC1	13468	13468	True
RTKN	3853	3853	True
RTKN2	7928	7928	True
RTN1	12389	12389	True
RTN2	2550	2550	True
RTN3	2106	2106	True
RTN4	7746	7746	True
RTN4IP1	8248	8248	True
RTN4R	5057	5057	True
RTN4RL1	176	176	True
RTN4RL2	3927	3927	True
RTTN	4242	4242	True
RUFY1	2207	2207	True
RUFY2	6661	6661	True
RUFY3	2659	2659	True
RUNDC1	6194	6194	True
RUNDC3A	12609	12609	True
RUNDC3A-AS1	15055	15055	True
RUNDC3B	11341	11341	True
RUNX1	14	14	True
RUNX1T1	11245	11245	True
RUNX2	271	271	True
RUNX3	14439	14439	True
RUSC1	3803	3803	True
RUSC1-AS1	5034	5034	True
RUSC2	7285	7285	True
RUVBL1	10041	10041	True
RUVBL2	8578	8578	True
RWDD1	9315	9315	True
RWDD2A	3149	3149	True
RWDD2B	4750	4750	True
RWDD3	4748	4748	True
RWDD4	4612	4612	True
RXRA	837	837	True
RXRB	3090	3090	True
RYBP	12502	12502	True
RYK	6538	6538	True
RYR1	12597	12597	True
RYR2	13477	13477	True
RYR3	11413	11413	True
S100A1	1512	1512	True
S100A10	420	420	True
S100A11	6730	6730	True
S100A13	9787	9787	True
S100A14	1182	1182	True
S100A16	934	934	True
S100A2	83	83	True
S100A4	2691	2691	True
S100A6	90	90	True
S100A7	13212	13212	True
S100A8	3024	3024	True
S100A9	2087	2087	True
S100P	541	541	True
S100PBP	10357	10357	True
S1PR2	9543	9543	True
S1PR3	259	259	True
S1PR5	12560	12560	True
SAAL1	5683	5683	True
SAC3D1	3509	3509	True
SACM1L	11092	11092	True
SACS	3082	3082	True
SAE1	9274	9274	True
SAFB	6795	6795	True
SAFB2	9804	9804	True
SAGE1	13087	13087	True
SALL2	2000	2000	True
SALL4	2467	2467	True
SAMD1	12259	12259	True
SAMD10	8625	8625	True
SAMD11	1747	1747	True
SAMD12	8381	8381	True
SAMD12-AS1	14950	14950	True
SAMD13	12877	12877	True
SAMD15	8382	8382	True
SAMD3	13243	13243	True
SAMD4A	791	791	True
SAMD4B	10434	10434	True
SAMD8	5229	5229	True
SAMD9	2680	2680	True
SAMD9L	14030	14030	True
SAMHD1	1192	1192	True
SAMM50	9968	9968	True
SAP130	9240	9240	True
SAP18	9185	9185	True
SAP25	6307	6307	True
SAP30	3165	3165	True
SAP30BP	9329	9329	True
SAP30L	6452	6452	True
SAP30L-AS1	13938	13938	True
SAPCD1	12586	12586	True
SAPCD2	1094	1094	True
SAR1A	6349	6349	True
SAR1B	7152	7152	True
SARAF	2909	2909	True
SARDH	11188	11188	True
SARM1	5147	5147	True
SARNP	5482	5482	True
SARS	10777	10777	True
SARS2	8253	8253	True
SART1	7143	7143	True
SART3	7071	7071	True
SASH1	457	457	True
SASS6	8738	8738	True
SAT1	505	505	True
SAT2	453	453	True
SATB1	349	349	True
SATB2	408	408	True
SATB2-AS1	13057	13057	True
SATL1	13062	13062	True
SAV1	7203	7203	True
SAXO1	15200	15200	True
SAXO2	12255	12255	True
SAYSD1	4976	4976	True
SBDS	6117	6117	True
SBF1	5268	5268	True
SBF2	8223	8223	True
SBF2-AS1	12151	12151	True
SBK1	481	481	True
SBNO1	10281	10281	True
SBNO2	8206	8206	True
SBSPON	14525	14525	True
SC5D	2016	2016	True
SCAF1	9427	9427	True
SCAF11	9746	9746	True
SCAF4	8122	8122	True
SCAF8	6765	6765	True
SCAI	1130	1130	True
SCAMP1	10587	10587	True
SCAMP1-AS1	12166	12166	True
SCAMP2	7359	7359	True
SCAMP3	9378	9378	True
SCAMP4	9785	9785	True
SCAMP5	2886	2886	True
SCAND1	10750	10750	True
SCAP	5090	5090	True
SCAPER	8529	8529	True
SCARA3	264	264	True
SCARB1	5931	5931	True
SCARB2	7270	7270	True
SCARF1	14951	14951	True
SCARF2	7331	7331	True
SCART1	12353	12353	True
SCCPDH	8039	8039	True
SCD	2163	2163	True
SCD5	6644	6644	True
SCEL	14472	14472	True
SCFD1	3549	3549	True
SCFD2	5088	5088	True
SCG2	14318	14318	True
SCG5	12307	12307	True
SCGB1D2	12611	12611	True
SCGB2A1	13836	13836	True
SCGB2A2	11498	11498	True
SCGB2B2	14607	14607	True
SCHIP1	13661	13661	True
SCIMP	14364	14364	True
SCIN	1217	1217	True
SCLT1	10771	10771	True
SCLY	1238	1238	True
SCMH1	10317	10317	True
SCML1	3670	3670	True
SCML2	2733	2733	True
SCN11A	12442	12442	True
SCN1B	917	917	True
SCN5A	11398	11398	True
SCN8A	5844	5844	True
SCNM1	7896	7896	True
SCNN1A	2831	2831	True
SCNN1B	575	575	True
SCNN1D	6844	6844	True
SCNN1G	11212	11212	True
SCO1	5901	5901	True
SCO2	12559	12559	True
SCOC	1490	1490	True
SCOC-AS1	12524	12524	True
SCP2	4352	4352	True
SCPEP1	4813	4813	True
SCRG1	12382	12382	True
SCRIB	6640	6640	True
SCRN1	3276	3276	True
SCRN2	3518	3518	True
SCRN3	10516	10516	True
SCUBE2	1985	1985	True
SCUBE3	885	885	True
SCX	3950	3950	True
SCYL1	5430	5430	True
SCYL2	7614	7614	True
SCYL3	6436	6436	True
SDAD1	8620	8620	True
SDC1	1867	1867	True
SDC2	805	805	True
SDC3	804	804	True
SDC4	7732	7732	True
SDCBP	423	423	True
SDCBP2	11414	11414	True
SDCBP2-AS1	12297	12297	True
SDCCAG3	13786	13786	True
SDCCAG8	3101	3101	True
SDE2	3807	3807	True
SDF2	8060	8060	True
SDF2L1	5079	5079	True
SDF4	6022	6022	True
SDHA	5270	5270	True
SDHAF1	10018	10018	True
SDHAF2	2367	2367	True
SDHAF4	14868	14868	True
SDHB	6123	6123	True
SDHC	7370	7370	True
SDHD	7764	7764	True
SDK1	3632	3632	True
SDK2	2636	2636	True
SDR16C5	597	597	True
SDR39U1	6472	6472	True
SDR42E1	634	634	True
SDS	13896	13896	True
SDSL	7616	7616	True
SEC11A	8665	8665	True
SEC11C	5178	5178	True
SEC13	5442	5442	True
SEC14L1	647	647	True
SEC14L2	726	726	True
SEC14L5	14108	14108	True
SEC16A	6120	6120	True
SEC22A	4400	4400	True
SEC22B	8404	8404	True
SEC22C	7156	7156	True
SEC23A	615	615	True
SEC23B	5852	5852	True
SEC23IP	9309	9309	True
SEC24A	6496	6496	True
SEC24B	9738	9738	True
SEC24B-AS1	12801	12801	True
SEC24C	9687	9687	True
SEC24D	8280	8280	True
SEC31A	6624	6624	True
SEC31B	3994	3994	True
SEC61A1	4956	4956	True
SEC61A2	3995	3995	True
SEC61B	4811	4811	True
SEC61G	3463	3463	True
SEC62	5900	5900	True
SEC63	10657	10657	True
SECISBP2	5370	5370	True
SECISBP2L	4175	4175	True
SECTM1	468	468	True
SEH1L	5114	5114	True
SEL1L	4978	4978	True
SEL1L3	728	728	True
SELENBP1	3738	3738	True
SELK	13855	13855	True
SELL	11587	11587	True
SELM	13312	13312	True
SELO	15124	15124	True
SELT	14247	14247	True
SEMA3A	452	452	True
SEMA3B	97	97	True
SEMA3B-AS1	13034	13034	True
SEMA3C	2110	2110	True
SEMA3D	13629	13629	True
SEMA3E	871	871	True
SEMA3F	801	801	True
SEMA4A	6922	6922	True
SEMA4B	548	548	True
SEMA4C	5668	5668	True
SEMA4D	9676	9676	True
SEMA4F	5059	5059	True
SEMA4G	483	483	True
SEMA5A	11287	11287	True
SEMA5B	11142	11142	True
SEMA6A	696	696	True
SEMA6A-AS1	11980	11980	True
SEMA6B	2609	2609	True
SEMA6C	3857	3857	True
SEMA6D	11214	11214	True
SEMA7A	1608	1608	True
SENP1	8064	8064	True
SENP2	6137	6137	True
SENP3	5494	5494	True
SENP5	3681	3681	True
SENP6	8078	8078	True
SENP7	8975	8975	True
SENP8	3218	3218	True
SEPHS1	8769	8769	True
SEPHS2	7481	7481	True
SEPN1	13149	13149	True
SEPP1	15018	15018	True
SEPSECS	8847	8847	True
SEPSECS-AS1	13425	13425	True
SEPT1	13184	13184	True
SEPT10	13250	13250	True
SEPT11	14837	14837	True
SEPT2	13221	13221	True
SEPT3	13373	13373	True
SEPT6	13075	13075	True
SEPT7	13472	13472	True
SEPT8	15105	15105	True
SEPT9	14440	14440	True
SEPW1	15115	15115	True
SERAC1	10096	10096	True
SERBP1	5355	5355	True
SERF1A	14403	14403	True
SERF1B	14903	14903	True
SERF2	11009	11009	True
SERGEF	3116	3116	True
SERHL2	2020	2020	True
SERINC1	2329	2329	True
SERINC2	8580	8580	True
SERINC3	2701	2701	True
SERINC4	13623	13623	True
SERINC5	9438	9438	True
SERP1	2751	2751	True
SERP2	14323	14323	True
SERPINA1	8807	8807	True
SERPINA10	14236	14236	True
SERPINA3	13239	13239	True
SERPINA5	15145	15145	True
SERPINA6	13781	13781	True
SERPINA9	13064	13064	True
SERPINB1	5124	5124	True
SERPINB2	15101	15101	True
SERPINB5	14242	14242	True
SERPINB6	4356	4356	True
SERPINB8	340	340	True
SERPINB9	11366	11366	True
SERPINC1	15205	15205	True
SERPIND1	14676	14676	True
SERPINE1	11545	11545	True
SERPINE2	760	760	True
SERPINE3	13712	13712	True
SERPINF1	501	501	True
SERPING1	14326	14326	True
SERPINH1	5506	5506	True
SERPINI1	12498	12498	True
SERTAD1	7878	7878	True
SERTAD2	4592	4592	True
SERTAD3	4254	4254	True
SERTAD4	5686	5686	True
SERTAD4-AS1	11851	11851	True
SESN1	8819	8819	True
SESN2	2168	2168	True
SESN3	1728	1728	True
SESTD1	1330	1330	True
SET	8291	8291	True
SETBP1	11526	11526	True
SETD1A	5692	5692	True
SETD1B	10435	10435	True
SETD2	6102	6102	True
SETD3	4682	4682	True
SETD4	10854	10854	True
SETD5	9195	9195	True
SETD6	9657	9657	True
SETD7	9767	9767	True
SETD8	15014	15014	True
SETD9	8982	8982	True
SETDB1	4901	4901	True
SETDB2	10586	10586	True
SETMAR	4485	4485	True
SETX	5638	5638	True
SEZ6	11985	11985	True
SEZ6L2	4953	4953	True
SF1	10176	10176	True
SF3A1	10359	10359	True
SF3A2	6711	6711	True
SF3A3	5886	5886	True
SF3B1	3492	3492	True
SF3B2	7218	7218	True
SF3B3	3983	3983	True
SF3B4	9218	9218	True
SF3B5	5965	5965	True
SF3B6	4698	4698	True
SFI1	5352	5352	True
SFMBT1	6142	6142	True
SFMBT2	3216	3216	True
SFN	605	605	True
SFPQ	7407	7407	True
SFR1	2642	2642	True
SFRP1	13647	13647	True
SFRP4	12436	12436	True
SFSWAP	8525	8525	True
SFT2D1	9261	9261	True
SFT2D2	4468	4468	True
SFT2D3	4003	4003	True
SFTPD	11274	11274	True
SFXN1	10133	10133	True
SFXN2	56	56	True
SFXN3	6282	6282	True
SFXN4	4489	4489	True
SFXN5	3795	3795	True
SGCB	7103	7103	True
SGCE	1773	1773	True
SGCG	11096	11096	True
SGK1	3425	3425	True
SGK2	12169	12169	True
SGK223	14861	14861	True
SGK3	344	344	True
SGK494	11973	11973	True
SGMS1	689	689	True
SGMS1-AS1	14721	14721	True
SGMS2	1035	1035	True
SGOL2	14631	14631	True
SGPL1	11084	11084	True
SGPP1	2191	2191	True
SGPP2	400	400	True
SGSH	3159	3159	True
SGSM1	12245	12245	True
SGSM2	10296	10296	True
SGSM3	10531	10531	True
SGTA	9897	9897	True
SGTB	6036	6036	True
SH2B1	10538	10538	True
SH2B2	8335	8335	True
SH2B3	3955	3955	True
SH2D2A	13231	13231	True
SH2D3A	9406	9406	True
SH2D4A	552	552	True
SH2D4B	13390	13390	True
SH2D5	6367	6367	True
SH3BGR	7641	7641	True
SH3BGRL	3235	3235	True
SH3BGRL2	1053	1053	True
SH3BGRL3	7955	7955	True
SH3BP1	3300	3300	True
SH3BP2	4030	4030	True
SH3BP4	1230	1230	True
SH3BP5	1267	1267	True
SH3BP5-AS1	12943	12943	True
SH3BP5L	8148	8148	True
SH3D19	1752	1752	True
SH3D21	9844	9844	True
SH3GL1	10839	10839	True
SH3GL3	11111	11111	True
SH3GLB1	4381	4381	True
SH3GLB2	817	817	True
SH3KBP1	3349	3349	True
SH3PXD2A	67	67	True
SH3PXD2B	4111	4111	True
SH3RF1	4630	4630	True
SH3RF2	11241	11241	True
SH3RF3	11597	11597	True
SH3TC1	1995	1995	True
SH3TC2	7535	7535	True
SH3YL1	436	436	True
SHANK1	14083	14083	True
SHANK2	7427	7427	True
SHANK2-AS1	13883	13883	True
SHANK3	10807	10807	True
SHARPIN	8584	8584	True
SHB	5320	5320	True
SHBG	15210	15210	True
SHC1	1240	1240	True
SHC2	1745	1745	True
SHC3	12832	12832	True
SHC4	1045	1045	True
SHCBP1	3046	3046	True
SHF	10235	10235	True
SHFM1	13305	13305	True
SHH	11150	11150	True
SHISA2	3572	3572	True
SHISA4	1703	1703	True
SHISA5	3220	3220	True
SHISA6	13969	13969	True
SHISA8	11297	11297	True
SHISA9	2091	2091	True
SHKBP1	9229	9229	True
SHMT1	1798	1798	True
SHMT2	1067	1067	True
SHOC2	1840	1840	True
SHOX2	12715	12715	True
SHPK	3146	3146	True
SHPRH	10790	10790	True
SHQ1	4131	4131	True
SHROOM1	5908	5908	True
SHROOM2	8883	8883	True
SHROOM3	1860	1860	True
SHROOM4	14349	14349	True
SHTN1	13128	13128	True
SIAE	10338	10338	True
SIAH1	7830	7830	True
SIAH2	119	119	True
SIDT1	7079	7079	True
SIDT1-AS1	14588	14588	True
SIDT2	5720	5720	True
SIGIRR	10629	10629	True
SIGLEC15	13974	13974	True
SIGMAR1	513	513	True
SIK1	14375	14375	True
SIK2	6872	6872	True
SIK3	7678	7678	True
SIKE1	5288	5288	True
SIL1	5276	5276	True
SIM2	3399	3399	True
SIMC1	3926	3926	True
SIN3A	5253	5253	True
SIN3B	4721	4721	True
SIPA1	8668	8668	True
SIPA1L1	7421	7421	True
SIPA1L2	5035	5035	True
SIPA1L3	4735	4735	True
SIRPA	198	198	True
SIRT1	5742	5742	True
SIRT2	8268	8268	True
SIRT3	9412	9412	True
SIRT4	8120	8120	True
SIRT5	8760	8760	True
SIRT6	8971	8971	True
SIRT7	9144	9144	True
SIVA1	9373	9373	True
SIX1	7734	7734	True
SIX2	517	517	True
SIX3	14043	14043	True
SIX4	4995	4995	True
SIX5	2199	2199	True
SKA1	1434	1434	True
SKA2	1804	1804	True
SKA3	4255	4255	True
SKAP1	12347	12347	True
SKAP2	4861	4861	True
SKI	5331	5331	True
SKIDA1	609	609	True
SKIL	1980	1980	True
SKIV2L	5267	5267	True
SKIV2L2	14418	14418	True
SKP1	9663	9663	True
SKP2	2738	2738	True
SLA	13574	13574	True
SLA2	12356	12356	True
SLAIN1	1955	1955	True
SLAIN2	1081	1081	True
SLAMF8	14689	14689	True
SLBP	8619	8619	True
SLC10A1	14408	14408	True
SLC10A3	6770	6770	True
SLC10A5	13639	13639	True
SLC10A7	7697	7697	True
SLC11A1	12292	12292	True
SLC11A2	5365	5365	True
SLC12A1	15093	15093	True
SLC12A2	4863	4863	True
SLC12A4	2070	2070	True
SLC12A5	1220	1220	True
SLC12A6	10485	10485	True
SLC12A7	10964	10964	True
SLC12A8	5056	5056	True
SLC12A9	1508	1508	True
SLC13A3	9863	9863	True
SLC13A4	12035	12035	True
SLC14A1	13176	13176	True
SLC14A2	14159	14159	True
SLC15A2	4239	4239	True
SLC15A3	12900	12900	True
SLC15A4	4520	4520	True
SLC16A1	578	578	True
SLC16A1-AS1	13275	13275	True
SLC16A10	7009	7009	True
SLC16A13	5408	5408	True
SLC16A14	381	381	True
SLC16A2	3547	3547	True
SLC16A3	1820	1820	True
SLC16A4	4410	4410	True
SLC16A5	11528	11528	True
SLC16A6	2178	2178	True
SLC16A7	741	741	True
SLC16A9	1882	1882	True
SLC17A5	7030	7030	True
SLC17A9	11640	11640	True
SLC18A2	12114	12114	True
SLC18B1	667	667	True
SLC19A1	8765	8765	True
SLC19A2	3522	3522	True
SLC1A1	1554	1554	True
SLC1A2	11229	11229	True
SLC1A3	2842	2842	True
SLC1A4	2834	2834	True
SLC1A5	6115	6115	True
SLC20A1	2035	2035	True
SLC20A2	8135	8135	True
SLC22A1	11872	11872	True
SLC22A13	15169	15169	True
SLC22A14	14785	14785	True
SLC22A15	2308	2308	True
SLC22A17	3156	3156	True
SLC22A18	2999	2999	True
SLC22A18AS	2103	2103	True
SLC22A20	14166	14166	True
SLC22A23	390	390	True
SLC22A4	4141	4141	True
SLC22A5	1908	1908	True
SLC23A1	12182	12182	True
SLC23A2	5285	5285	True
SLC23A3	1433	1433	True
SLC24A1	7385	7385	True
SLC24A3	2783	2783	True
SLC24A5	14507	14507	True
SLC25A1	4820	4820	True
SLC25A10	7555	7555	True
SLC25A11	4422	4422	True
SLC25A12	7937	7937	True
SLC25A13	2323	2323	True
SLC25A14	4758	4758	True
SLC25A15	6652	6652	True
SLC25A16	484	484	True
SLC25A17	9361	9361	True
SLC25A18	666	666	True
SLC25A19	10592	10592	True
SLC25A20	2502	2502	True
SLC25A21	7537	7537	True
SLC25A21-AS1	11800	11800	True
SLC25A22	6813	6813	True
SLC25A23	4922	4922	True
SLC25A24	5125	5125	True
SLC25A25	1513	1513	True
SLC25A25-AS1	12627	12627	True
SLC25A26	6330	6330	True
SLC25A27	11157	11157	True
SLC25A28	7452	7452	True
SLC25A29	4514	4514	True
SLC25A3	9323	9323	True
SLC25A30	2981	2981	True
SLC25A32	6328	6328	True
SLC25A33	7215	7215	True
SLC25A34	13017	13017	True
SLC25A35	1350	1350	True
SLC25A36	4279	4279	True
SLC25A37	6724	6724	True
SLC25A38	10156	10156	True
SLC25A39	8724	8724	True
SLC25A4	7948	7948	True
SLC25A40	1309	1309	True
SLC25A41	12083	12083	True
SLC25A42	824	824	True
SLC25A43	2217	2217	True
SLC25A44	9849	9849	True
SLC25A45	7714	7714	True
SLC25A46	4623	4623	True
SLC25A48	11266	11266	True
SLC25A5	6028	6028	True
SLC25A51	7849	7849	True
SLC25A53	8483	8483	True
SLC25A6	5526	5526	True
SLC26A1	2379	2379	True
SLC26A10	11874	11874	True
SLC26A11	10278	10278	True
SLC26A2	1166	1166	True
SLC26A3	13851	13851	True
SLC26A4	14846	14846	True
SLC26A5	12427	12427	True
SLC26A6	6978	6978	True
SLC26A7	13697	13697	True
SLC26A8	15005	15005	True
SLC27A1	10882	10882	True
SLC27A2	38	38	True
SLC27A3	4370	4370	True
SLC27A4	699	699	True
SLC27A5	1299	1299	True
SLC27A6	11302	11302	True
SLC28A1	14448	14448	True
SLC28A2	14539	14539	True
SLC29A1	2143	2143	True
SLC29A2	6271	6271	True
SLC29A3	3452	3452	True
SLC29A4	3455	3455	True
SLC2A1	5202	5202	True
SLC2A1-AS1	13535	13535	True
SLC2A10	5297	5297	True
SLC2A11	8941	8941	True
SLC2A12	11865	11865	True
SLC2A13	8874	8874	True
SLC2A3	15007	15007	True
SLC2A4RG	1870	1870	True
SLC2A6	447	447	True
SLC2A8	7682	7682	True
SLC30A1	1589	1589	True
SLC30A2	13870	13870	True
SLC30A3	1969	1969	True
SLC30A4	12950	12950	True
SLC30A5	3166	3166	True
SLC30A6	9401	9401	True
SLC30A7	4379	4379	True
SLC30A9	2923	2923	True
SLC31A1	10479	10479	True
SLC31A2	10208	10208	True
SLC33A1	4814	4814	True
SLC35A1	5739	5739	True
SLC35A2	10289	10289	True
SLC35A3	10077	10077	True
SLC35A4	7820	7820	True
SLC35A5	7665	7665	True
SLC35B1	5584	5584	True
SLC35B2	5923	5923	True
SLC35B3	9923	9923	True
SLC35B4	7415	7415	True
SLC35C1	3787	3787	True
SLC35C2	7453	7453	True
SLC35D1	10022	10022	True
SLC35D2	5191	5191	True
SLC35E1	8576	8576	True
SLC35E2	14194	14194	True
SLC35E2B	7366	7366	True
SLC35E3	9204	9204	True
SLC35E4	7553	7553	True
SLC35F1	13182	13182	True
SLC35F2	2589	2589	True
SLC35F3	13608	13608	True
SLC35F5	6416	6416	True
SLC35F6	8380	8380	True
SLC35G1	8489	8489	True
SLC35G2	11909	11909	True
SLC36A1	10409	10409	True
SLC36A4	4663	4663	True
SLC37A1	2640	2640	True
SLC37A2	12412	12412	True
SLC37A3	2526	2526	True
SLC37A4	1093	1093	True
SLC38A1	1477	1477	True
SLC38A10	2454	2454	True
SLC38A2	9920	9920	True
SLC38A3	13410	13410	True
SLC38A4	13990	13990	True
SLC38A6	2243	2243	True
SLC38A7	8828	8828	True
SLC38A9	9726	9726	True
SLC39A1	7155	7155	True
SLC39A10	2051	2051	True
SLC39A11	10153	10153	True
SLC39A13	9285	9285	True
SLC39A14	4827	4827	True
SLC39A3	6641	6641	True
SLC39A4	923	923	True
SLC39A6	4539	4539	True
SLC39A7	2436	2436	True
SLC39A8	1212	1212	True
SLC39A9	2038	2038	True
SLC3A1	12774	12774	True
SLC3A2	6658	6658	True
SLC40A1	14959	14959	True
SLC41A1	2278	2278	True
SLC41A2	1022	1022	True
SLC41A3	7853	7853	True
SLC43A1	6141	6141	True
SLC43A2	5052	5052	True
SLC43A3	15098	15098	True
SLC44A1	2460	2460	True
SLC44A2	6190	6190	True
SLC44A3	278	278	True
SLC44A4	14710	14710	True
SLC44A5	11499	11499	True
SLC45A1	11715	11715	True
SLC45A3	1018	1018	True
SLC45A4	9596	9596	True
SLC46A1	5942	5942	True
SLC46A3	7923	7923	True
SLC47A1	3031	3031	True
SLC47A2	13494	13494	True
SLC48A1	6298	6298	True
SLC4A10	11095	11095	True
SLC4A11	797	797	True
SLC4A1AP	10821	10821	True
SLC4A2	3878	3878	True
SLC4A3	874	874	True
SLC4A4	13259	13259	True
SLC4A5	12594	12594	True
SLC4A7	7527	7527	True
SLC4A8	1615	1615	True
SLC4A9	13459	13459	True
SLC50A1	5656	5656	True
SLC51A	964	964	True
SLC52A1	11609	11609	True
SLC52A2	8696	8696	True
SLC52A3	11517	11517	True
SLC5A10	13991	13991	True
SLC5A11	12140	12140	True
SLC5A12	3158	3158	True
SLC5A2	14150	14150	True
SLC5A3	3294	3294	True
SLC5A4	13323	13323	True
SLC5A6	1412	1412	True
SLC5A8	11588	11588	True
SLC6A11	14741	14741	True
SLC6A13	14066	14066	True
SLC6A14	11133	11133	True
SLC6A15	13620	13620	True
SLC6A16	614	614	True
SLC6A17	14890	14890	True
SLC6A20	14955	14955	True
SLC6A4	13901	13901	True
SLC6A6	46	46	True
SLC6A8	1743	1743	True
SLC6A9	7061	7061	True
SLC7A1	9641	9641	True
SLC7A11	1748	1748	True
SLC7A13	13180	13180	True
SLC7A2	619	619	True
SLC7A5	3178	3178	True
SLC7A6	10150	10150	True
SLC7A6OS	8566	8566	True
SLC7A7	12835	12835	True
SLC7A8	104	104	True
SLC8A1	11351	11351	True
SLC8B1	7501	7501	True
SLC9A1	4874	4874	True
SLC9A2	6481	6481	True
SLC9A3	12001	12001	True
SLC9A3R1	313	313	True
SLC9A3R2	10723	10723	True
SLC9A4	12807	12807	True
SLC9A5	5194	5194	True
SLC9A6	2985	2985	True
SLC9A7	1862	1862	True
SLC9A8	7224	7224	True
SLC9A9	12491	12491	True
SLC9B1	12098	12098	True
SLC9B2	10617	10617	True
SLC9C1	14441	14441	True
SLCO2A1	1609	1609	True
SLCO3A1	1369	1369	True
SLCO4A1	1827	1827	True
SLCO4C1	11198	11198	True
SLCO5A1	12326	12326	True
SLF1	13241	13241	True
SLF2	14275	14275	True
SLFN11	13587	13587	True
SLFN12	14652	14652	True
SLFN13	14062	14062	True
SLFN5	85	85	True
SLFNL1	14373	14373	True
SLFNL1-AS1	15011	15011	True
SLIRP	10126	10126	True
SLIT1	13779	13779	True
SLIT2	1751	1751	True
SLIT3	12806	12806	True
SLITRK4	11579	11579	True
SLITRK5	11519	11519	True
SLITRK6	520	520	True
SLK	9585	9585	True
SLMAP	7848	7848	True
SLMO1	13338	13338	True
SLMO2	15140	15140	True
SLPI	64	64	True
SLTM	7142	7142	True
SLU7	7738	7738	True
SLURP1	13051	13051	True
SLX1A	10423	10423	True
SLX1B	13525	13525	True
SLX4	6646	6646	True
SLX4IP	9495	9495	True
SMAD1	8871	8871	True
SMAD2	9574	9574	True
SMAD3	181	181	True
SMAD4	5170	5170	True
SMAD5	7577	7577	True
SMAD5-AS1	14738	14738	True
SMAD6	5609	5609	True
SMAD7	9635	9635	True
SMAD9	134	134	True
SMAGP	1949	1949	True
SMAP1	5553	5553	True
SMAP2	10931	10931	True
SMARCA1	12037	12037	True
SMARCA2	7243	7243	True
SMARCA4	6757	6757	True
SMARCA5	6629	6629	True
SMARCAD1	8595	8595	True
SMARCAL1	10954	10954	True
SMARCB1	4588	4588	True
SMARCC1	6608	6608	True
SMARCC2	6750	6750	True
SMARCD1	5028	5028	True
SMARCD2	9725	9725	True
SMARCD3	1280	1280	True
SMARCE1	5075	5075	True
SMC1A	4905	4905	True
SMC1B	11485	11485	True
SMC2	1553	1553	True
SMC3	4155	4155	True
SMC4	2984	2984	True
SMC5	7776	7776	True
SMC5-AS1	13915	13915	True
SMC6	6317	6317	True
SMCHD1	10599	10599	True
SMCO2	14278	14278	True
SMCO4	153	153	True
SMCR5	14699	14699	True
SMCR8	6542	6542	True
SMDT1	5097	5097	True
SMG1	9607	9607	True
SMG5	9419	9419	True
SMG6	7661	7661	True
SMG7	9758	9758	True
SMG8	8757	8757	True
SMG9	5777	5777	True
SMIM1	5013	5013	True
SMIM10L1	11932	11932	True
SMIM12	10898	10898	True
SMIM13	6224	6224	True
SMIM14	339	339	True
SMIM15	10365	10365	True
SMIM18	14675	14675	True
SMIM19	6561	6561	True
SMIM2	14600	14600	True
SMIM2-AS1	11636	11636	True
SMIM20	3683	3683	True
SMIM22	2065	2065	True
SMIM3	4906	4906	True
SMIM4	1581	1581	True
SMIM5	9604	9604	True
SMIM6	14920	14920	True
SMIM7	8070	8070	True
SMIM8	7803	7803	True
SMKR1	7652	7652	True
SMN1	6354	6354	True
SMN2	6838	6838	True
SMNDC1	10130	10130	True
SMO	14091	14091	True
SMOC1	2597	2597	True
SMOC2	499	499	True
SMOX	4282	4282	True
SMPD1	312	312	True
SMPD2	4622	4622	True
SMPD3	12142	12142	True
SMPD4	10709	10709	True
SMPDL3A	2303	2303	True
SMPDL3B	9486	9486	True
SMS	1853	1853	True
SMTN	7859	7859	True
SMTNL2	13037	13037	True
SMU1	5783	5783	True
SMUG1	10978	10978	True
SMURF1	2870	2870	True
SMURF2	8849	8849	True
SMYD2	7690	7690	True
SMYD3	6513	6513	True
SMYD4	6562	6562	True
SMYD5	5766	5766	True
SNAI1	4393	4393	True
SNAI3	1702	1702	True
SNAI3-AS1	12164	12164	True
SNAP23	10242	10242	True
SNAP25	4343	4343	True
SNAP29	4346	4346	True
SNAP47	2237	2237	True
SNAPC1	6571	6571	True
SNAPC2	4656	4656	True
SNAPC3	2683	2683	True
SNAPC4	7351	7351	True
SNAPC5	9454	9454	True
SNAPIN	7540	7540	True
SNCAIP	11290	11290	True
SNCB	12201	12201	True
SNCG	1296	1296	True
SND1	6648	6648	True
SND1-IT1	14619	14619	True
SNED1	1321	1321	True
SNF8	3120	3120	True
SNHG1	15192	15192	True
SNHG10	12517	12517	True
SNHG11	13310	13310	True
SNHG12	12941	12941	True
SNHG15	11951	11951	True
SNHG16	14529	14529	True
SNHG17	14726	14726	True
SNHG18	11105	11105	True
SNHG19	11201	11201	True
SNHG20	14587	14587	True
SNHG21	11926	11926	True
SNHG22	13372	13372	True
SNHG25	14603	14603	True
SNHG3	15110	15110	True
SNHG4	14490	14490	True
SNHG5	15125	15125	True
SNHG6	13804	13804	True
SNHG7	11838	11838	True
SNHG8	12921	12921	True
SNHG9	12971	12971	True
SNIP1	7804	7804	True
SNN	4838	4838	True
SNPH	14879	14879	True
SNRK	9508	9508	True
SNRNP200	2928	2928	True
SNRNP25	4088	4088	True
SNRNP27	9395	9395	True
SNRNP35	10350	10350	True
SNRNP40	6970	6970	True
SNRNP48	9829	9829	True
SNRNP70	5933	5933	True
SNRPA	6788	6788	True
SNRPA1	1838	1838	True
SNRPB	10778	10778	True
SNRPB2	9790	9790	True
SNRPC	10351	10351	True
SNRPD1	5535	5535	True
SNRPD2	10700	10700	True
SNRPD3	3796	3796	True
SNRPE	9001	9001	True
SNRPF	5961	5961	True
SNRPG	10595	10595	True
SNRPN	11315	11315	True
SNTA1	2838	2838	True
SNTB1	983	983	True
SNTB2	7304	7304	True
SNTN	13274	13274	True
SNU13	14324	14324	True
SNUPN	10306	10306	True
SNW1	8373	8373	True
SNX1	1693	1693	True
SNX10	1836	1836	True
SNX11	8425	8425	True
SNX12	8178	8178	True
SNX13	4445	4445	True
SNX14	7139	7139	True
SNX15	1865	1865	True
SNX16	10846	10846	True
SNX17	8543	8543	True
SNX18	9865	9865	True
SNX19	9908	9908	True
SNX2	8563	8563	True
SNX21	6188	6188	True
SNX22	6290	6290	True
SNX24	235	235	True
SNX25	1333	1333	True
SNX27	1527	1527	True
SNX29	4335	4335	True
SNX3	6390	6390	True
SNX30	4823	4823	True
SNX31	12045	12045	True
SNX33	4427	4427	True
SNX4	10768	10768	True
SNX5	10779	10779	True
SNX6	1007	1007	True
SNX7	1713	1713	True
SNX8	1666	1666	True
SNX9	5970	5970	True
SOAT1	2585	2585	True
SOBP	2006	2006	True
SOCS1	533	533	True
SOCS2	603	603	True
SOCS2-AS1	13041	13041	True
SOCS3	2259	2259	True
SOCS4	6961	6961	True
SOCS5	6333	6333	True
SOCS6	3040	3040	True
SOCS7	10648	10648	True
SOD1	10404	10404	True
SOD2	887	887	True
SOD3	14379	14379	True
SOGA1	998	998	True
SOGA3	13273	13273	True
SON	5213	5213	True
SORBS1	12833	12833	True
SORBS2	13632	13632	True
SORBS3	346	346	True
SORCS1	14840	14840	True
SORCS2	11166	11166	True
SORD	7581	7581	True
SORL1	2281	2281	True
SORT1	3127	3127	True
SOS1	9075	9075	True
SOS1-IT1	14875	14875	True
SOS2	7441	7441	True
SOSTDC1	15161	15161	True
SOWAHA	11310	11310	True
SOWAHB	5723	5723	True
SOWAHC	385	385	True
SOWAHD	14368	14368	True
SOX11	1123	1123	True
SOX12	10158	10158	True
SOX13	8986	8986	True
SOX15	13890	13890	True
SOX18	12870	12870	True
SOX2	16	16	True
SOX21	13036	13036	True
SOX3	13271	13271	True
SOX4	895	895	True
SOX5	12962	12962	True
SOX6	2796	2796	True
SOX7	15013	15013	True
SOX9	69	69	True
SP1	8476	8476	True
SP100	2770	2770	True
SP110	11692	11692	True
SP140	12689	12689	True
SP140L	6266	6266	True
SP2	7279	7279	True
SP2-AS1	13450	13450	True
SP3	5163	5163	True
SP4	10677	10677	True
SP5	15146	15146	True
SP6	6688	6688	True
SPA17	6086	6086	True
SPACA6P-AS	14042	14042	True
SPAG1	1152	1152	True
SPAG16	12380	12380	True
SPAG17	12745	12745	True
SPAG4	54	54	True
SPAG5	6815	6815	True
SPAG6	11603	11603	True
SPAG7	10154	10154	True
SPAG9	8315	8315	True
SPARC	15058	15058	True
SPARCL1	12682	12682	True
SPAST	3607	3607	True
SPATA1	15163	15163	True
SPATA12	11772	11772	True
SPATA13	200	200	True
SPATA17	2225	2225	True
SPATA18	1424	1424	True
SPATA2	10600	10600	True
SPATA20	8325	8325	True
SPATA21	12107	12107	True
SPATA22	14068	14068	True
SPATA24	6069	6069	True
SPATA2L	3125	3125	True
SPATA32	14289	14289	True
SPATA33	3327	3327	True
SPATA41	13508	13508	True
SPATA5	9521	9521	True
SPATA5L1	9709	9709	True
SPATA6	1439	1439	True
SPATA6L	12105	12105	True
SPATA7	8385	8385	True
SPATA9	13138	13138	True
SPATC1L	9881	9881	True
SPATS2	9130	9130	True
SPATS2L	406	406	True
SPC24	2381	2381	True
SPC25	2428	2428	True
SPCS1	9554	9554	True
SPCS2	2276	2276	True
SPCS3	4893	4893	True
SPDEF	8254	8254	True
SPDL1	7408	7408	True
SPDYA	11638	11638	True
SPDYC	11424	11424	True
SPDYE1	11945	11945	True
SPDYE2	13063	13063	True
SPDYE3	11683	11683	True
SPDYE5	12074	12074	True
SPDYE6	13526	13526	True
SPECC1	1328	1328	True
SPECC1L	5664	5664	True
SPEF1	13654	13654	True
SPEF2	2328	2328	True
SPEG	1852	1852	True
SPEN	5091	5091	True
SPERT	14887	14887	True
SPESP1	9791	9791	True
SPG11	6395	6395	True
SPG20	13939	13939	True
SPG21	9764	9764	True
SPG7	5995	5995	True
SPHK1	2868	2868	True
SPHK2	5127	5127	True
SPI1	13512	13512	True
SPICE1	4797	4797	True
SPIDR	6108	6108	True
SPIN1	5407	5407	True
SPIN2A	11711	11711	True
SPIN2B	11004	11004	True
SPIN3	8547	8547	True
SPIN4	7381	7381	True
SPINK1	13609	13609	True
SPINK4	5402	5402	True
SPINK5	11267	11267	True
SPINK8	14057	14057	True
SPINT1	5509	5509	True
SPINT2	5043	5043	True
SPIRE1	8036	8036	True
SPIRE2	1429	1429	True
SPNS1	3089	3089	True
SPNS2	1283	1283	True
SPOCD1	3404	3404	True
SPOCK1	12125	12125	True
SPOCK2	12358	12358	True
SPON1	12681	12681	True
SPON2	12286	12286	True
SPOP	10602	10602	True
SPOPL	4696	4696	True
SPPL2A	10765	10765	True
SPPL2B	6002	6002	True
SPPL3	10049	10049	True
SPR	8006	8006	True
SPRED1	147	147	True
SPRED2	2484	2484	True
SPRED3	2162	2162	True
SPRN	13417	13417	True
SPRTN	12890	12890	True
SPRY1	297	297	True
SPRY2	693	693	True
SPRY3	11722	11722	True
SPRY4	99	99	True
SPRYD3	6759	6759	True
SPRYD4	8829	8829	True
SPRYD7	7669	7669	True
SPSB1	8298	8298	True
SPSB2	7691	7691	True
SPSB3	4982	4982	True
SPSB4	12340	12340	True
SPTAN1	10280	10280	True
SPTB	1718	1718	True
SPTBN1	1140	1140	True
SPTBN2	438	438	True
SPTBN4	11291	11291	True
SPTBN5	12626	12626	True
SPTLC1	10524	10524	True
SPTLC2	2959	2959	True
SPTLC3	12043	12043	True
SPTSSA	2301	2301	True
SPTSSB	2622	2622	True
SPTY2D1	10174	10174	True
SPX	13842	13842	True
SQLE	2669	2669	True
SQRDL	13353	13353	True
SQSTM1	7029	7029	True
SRA1	9154	9154	True
SRBD1	8643	8643	True
SRC	1231	1231	True
SRCAP	9026	9026	True
SRCIN1	5420	5420	True
SRD5A1	857	857	True
SRD5A2	14118	14118	True
SRD5A3	1337	1337	True
SREBF1	7124	7124	True
SREBF2	2389	2389	True
SREK1	7935	7935	True
SREK1IP1	7720	7720	True
SRF	10499	10499	True
SRFBP1	2605	2605	True
SRGAP1	7494	7494	True
SRGAP2	10230	10230	True
SRGAP2B	5623	5623	True
SRGAP2C	9338	9338	True
SRGAP3	4966	4966	True
SRGN	13782	13782	True
SRI	3241	3241	True
SRL	13368	13368	True
SRM	7845	7845	True
SRP14	9201	9201	True
SRP14-AS1	12170	12170	True
SRP19	4495	4495	True
SRP54	751	751	True
SRP68	6393	6393	True
SRP72	9611	9611	True
SRP9	3644	3644	True
SRPK1	10792	10792	True
SRPK2	5279	5279	True
SRPK3	12323	12323	True
SRPR	14915	14915	True
SRPRB	4889	4889	True
SRPX	11892	11892	True
SRPX2	11429	11429	True
SRR	2256	2256	True
SRRD	3636	3636	True
SRRM1	3432	3432	True
SRRM2	6101	6101	True
SRRM2-AS1	11194	11194	True
SRRM3	8217	8217	True
SRRM5	12394	12394	True
SRRT	8798	8798	True
SRSF1	5510	5510	True
SRSF10	7239	7239	True
SRSF11	8332	8332	True
SRSF12	12815	12815	True
SRSF2	10401	10401	True
SRSF3	8499	8499	True
SRSF4	8460	8460	True
SRSF5	6096	6096	True
SRSF6	6147	6147	True
SRSF7	5689	5689	True
SRSF8	12583	12583	True
SRSF9	9511	9511	True
SRXN1	2024	2024	True
SS18	5258	5258	True
SS18L1	9873	9873	True
SS18L2	5061	5061	True
SSB	3915	3915	True
SSBP1	7901	7901	True
SSBP2	3193	3193	True
SSBP3	4796	4796	True
SSBP4	6360	6360	True
SSC4D	3335	3335	True
SSC5D	14549	14549	True
SSFA2	12846	12846	True
SSH1	10996	10996	True
SSH2	3799	3799	True
SSH3	2135	2135	True
SSNA1	3506	3506	True
SSPN	2948	2948	True
SSPO	11992	11992	True
SSR1	5120	5120	True
SSR2	5445	5445	True
SSR3	5111	5111	True
SSR4	8400	8400	True
SSRP1	8500	8500	True
SSSCA1	12779	12779	True
SSSCA1-AS1	14475	14475	True
SSTR2	11686	11686	True
SSU72	10245	10245	True
SSUH2	12961	12961	True
SSX2IP	6810	6810	True
ST13	6698	6698	True
ST14	7043	7043	True
ST20	11436	11436	True
ST20-AS1	13409	13409	True
ST20-MTHFS	14790	14790	True
ST3GAL1	1746	1746	True
ST3GAL2	9718	9718	True
ST3GAL3	377	377	True
ST3GAL4	1273	1273	True
ST3GAL5	220	220	True
ST3GAL6	11292	11292	True
ST5	2934	2934	True
ST6GAL1	12984	12984	True
ST6GAL2	11804	11804	True
ST6GALNAC1	14155	14155	True
ST6GALNAC2	1085	1085	True
ST6GALNAC4	331	331	True
ST6GALNAC5	13903	13903	True
ST6GALNAC6	10003	10003	True
ST7	6527	6527	True
ST7-AS1	12687	12687	True
ST7L	9340	9340	True
ST8SIA1	12530	12530	True
ST8SIA4	208	208	True
ST8SIA5	12979	12979	True
ST8SIA6	5597	5597	True
ST8SIA6-AS1	15080	15080	True
STAB2	14499	14499	True
STAC2	13922	13922	True
STAC3	7749	7749	True
STAG1	4351	4351	True
STAG2	8901	8901	True
STAG3	12410	12410	True
STAM	4377	4377	True
STAM-AS1	13434	13434	True
STAM2	7111	7111	True
STAMBP	9824	9824	True
STAMBPL1	2452	2452	True
STAP2	5591	5591	True
STAR	14167	14167	True
STARD10	724	724	True
STARD13	89	89	True
STARD3	5180	5180	True
STARD3NL	4775	4775	True
STARD4	930	930	True
STARD5	1797	1797	True
STARD7	4804	4804	True
STARD7-AS1	14503	14503	True
STARD8	625	625	True
STARD9	12008	12008	True
STAT1	3581	3581	True
STAT2	9677	9677	True
STAT3	7550	7550	True
STAT4	11596	11596	True
STAT5A	13545	13545	True
STAT5B	2644	2644	True
STAT6	1071	1071	True
STAU1	4118	4118	True
STAU2	7317	7317	True
STBD1	13737	13737	True
STC1	591	591	True
STC2	2682	2682	True
STEAP1	11355	11355	True
STEAP1B	13894	13894	True
STEAP2	13953	13953	True
STEAP3	2630	2630	True
STEAP4	13888	13888	True
STIL	9810	9810	True
STIM1	1661	1661	True
STIM2	7007	7007	True
STIP1	5166	5166	True
STK10	4798	4798	True
STK11	2693	2693	True
STK11IP	12425	12425	True
STK16	5769	5769	True
STK17A	10759	10759	True
STK17B	8773	8773	True
STK19	9898	9898	True
STK24	9181	9181	True
STK24-AS1	13929	13929	True
STK25	2186	2186	True
STK26	11518	11518	True
STK3	7202	7202	True
STK31	6486	6486	True
STK32B	14694	14694	True
STK32C	4026	4026	True
STK35	7456	7456	True
STK36	3903	3903	True
STK38	11666	11666	True
STK38L	738	738	True
STK39	2819	2819	True
STK4	9636	9636	True
STK40	4061	4061	True
STKLD1	2263	2263	True
STMN1	2380	2380	True
STMN3	640	640	True
STMND1	15139	15139	True
STOM	286	286	True
STOML1	5389	5389	True
STOML2	9162	9162	True
STON1	440	440	True
STON1-GTF2A1L	13168	13168	True
STON2	2049	2049	True
STOX1	7528	7528	True
STOX2	11408	11408	True
STPG1	4502	4502	True
STPG2	14629	14629	True
STRA13	13564	13564	True
STRA6	14134	14134	True
STRADA	9136	9136	True
STRADB	2646	2646	True
STRAP	2364	2364	True
STRBP	341	341	True
STRC	14301	14301	True
STRIP1	9729	9729	True
STRIP2	2374	2374	True
STRN	4648	4648	True
STRN3	1042	1042	True
STRN4	7334	7334	True
STS	6550	6550	True
STT3A	10948	10948	True
STT3B	4983	4983	True
STUB1	8293	8293	True
STX10	6612	6612	True
STX12	10459	10459	True
STX16	7281	7281	True
STX17	10336	10336	True
STX17-AS1	14223	14223	True
STX18	3870	3870	True
STX18-AS1	12165	12165	True
STX19	11966	11966	True
STX1A	1087	1087	True
STX1B	7993	7993	True
STX2	2524	2524	True
STX3	6469	6469	True
STX4	6731	6731	True
STX5	3181	3181	True
STX6	2304	2304	True
STX7	3718	3718	True
STX8	3987	3987	True
STXBP1	1595	1595	True
STXBP2	9237	9237	True
STXBP3	8224	8224	True
STXBP4	8559	8559	True
STXBP5	2279	2279	True
STXBP5-AS1	13918	13918	True
STXBP5L	14455	14455	True
STXBP6	3152	3152	True
STYK1	5074	5074	True
STYX	8517	8517	True
STYXL1	6414	6414	True
SUB1	5221	5221	True
SUCLA2	3961	3961	True
SUCLG1	10141	10141	True
SUCLG2	4272	4272	True
SUCLG2-AS1	14521	14521	True
SUCO	10913	10913	True
SUDS3	8329	8329	True
SUFU	9156	9156	True
SUGCT	12632	12632	True
SUGP1	9545	9545	True
SUGP2	6522	6522	True
SUGT1	5174	5174	True
SULF1	120	120	True
SULF2	477	477	True
SULT1A1	1506	1506	True
SULT1A2	3543	3543	True
SULT1A3	12274	12274	True
SULT2B1	296	296	True
SULT4A1	13555	13555	True
SUMF1	5614	5614	True
SUMF2	6413	6413	True
SUMO1	1428	1428	True
SUMO2	8944	8944	True
SUMO3	10742	10742	True
SUMO4	13023	13023	True
SUN1	9064	9064	True
SUN2	6215	6215	True
SUOX	8909	8909	True
SUPT16H	7309	7309	True
SUPT20H	8239	8239	True
SUPT3H	9847	9847	True
SUPT4H1	2518	2518	True
SUPT5H	4780	4780	True
SUPT6H	4188	4188	True
SUPT7L	7716	7716	True
SUPV3L1	3831	3831	True
SURF1	7405	7405	True
SURF2	6178	6178	True
SURF4	7311	7311	True
SURF6	8225	8225	True
SUSD1	10908	10908	True
SUSD2	347	347	True
SUSD3	31	31	True
SUSD4	2055	2055	True
SUSD5	13984	13984	True
SUSD6	12178	12178	True
SUV39H1	4012	4012	True
SUV39H2	3614	3614	True
SUV420H1	13719	13719	True
SUV420H2	14693	14693	True
SUZ12	5371	5371	True
SV2A	14957	14957	True
SVBP	14709	14709	True
SVEP1	13633	13633	True
SVIL	268	268	True
SVIP	6551	6551	True
SVOPL	14317	14317	True
SWAP70	1181	1181	True
SWI5	8098	8098	True
SWSAP1	2752	2752	True
SWT1	12963	12963	True
SYAP1	9686	9686	True
SYBU	2117	2117	True
SYCE1L	12226	12226	True
SYCE2	771	771	True
SYCE3	8063	8063	True
SYCP2	6114	6114	True
SYCP2L	13821	13821	True
SYCP3	12313	12313	True
SYDE1	9754	9754	True
SYDE2	1911	1911	True
SYF2	4057	4057	True
SYK	5759	5759	True
SYMPK	9337	9337	True
SYN1	14020	14020	True
SYNC	5678	5678	True
SYNCRIP	5904	5904	True
SYNE1	1816	1816	True
SYNE2	1347	1347	True
SYNE3	11721	11721	True
SYNE4	742	742	True
SYNGAP1	10836	10836	True
SYNGR1	3922	3922	True
SYNGR2	10004	10004	True
SYNGR3	695	695	True
SYNGR4	13060	13060	True
SYNJ1	9391	9391	True
SYNJ2	5854	5854	True
SYNJ2BP	6737	6737	True
SYNJ2BP-COX16	12206	12206	True
SYNM	4480	4480	True
SYNPO	3779	3779	True
SYNPO2	11258	11258	True
SYNPO2L	14888	14888	True
SYNPR	13105	13105	True
SYNRG	6438	6438	True
SYP	11735	11735	True
SYPL1	3524	3524	True
SYPL2	11312	11312	True
SYS1	10309	10309	True
SYT1	2134	2134	True
SYT10	6277	6277	True
SYT12	7107	7107	True
SYT13	14605	14605	True
SYT15	14953	14953	True
SYT16	128	128	True
SYT17	5474	5474	True
SYT2	14396	14396	True
SYT3	11500	11500	True
SYT5	14174	14174	True
SYT7	8132	8132	True
SYT8	11265	11265	True
SYT9	13850	13850	True
SYTL1	10088	10088	True
SYTL2	530	530	True
SYTL3	12077	12077	True
SYTL4	1591	1591	True
SYTL5	8	8	True
SYVN1	8165	8165	True
SZRD1	6126	6126	True
SZT2	7769	7769	True
TAB1	10520	10520	True
TAB2	12469	12469	True
TAB3	6769	6769	True
TAC4	14535	14535	True
TACC1	10056	10056	True
TACC2	2744	2744	True
TACC3	8601	8601	True
TACO1	8192	8192	True
TACR1	14657	14657	True
TACR2	11875	11875	True
TACSTD2	5853	5853	True
TADA1	5975	5975	True
TADA2A	4031	4031	True
TADA2B	2729	2729	True
TADA3	8745	8745	True
TAF1	7761	7761	True
TAF10	8104	8104	True
TAF11	9836	9836	True
TAF12	10751	10751	True
TAF13	9878	9878	True
TAF15	9122	9122	True
TAF1A	3931	3931	True
TAF1A-AS1	11203	11203	True
TAF1B	4382	4382	True
TAF1C	10358	10358	True
TAF1D	5364	5364	True
TAF2	4002	4002	True
TAF3	175	175	True
TAF4	6072	6072	True
TAF4B	7631	7631	True
TAF5	5386	5386	True
TAF5L	5366	5366	True
TAF6	1419	1419	True
TAF6L	4960	4960	True
TAF7	9186	9186	True
TAF7L	12471	12471	True
TAF8	6908	6908	True
TAF9	4512	4512	True
TAF9B	2583	2583	True
TAGAP	14795	14795	True
TAGLN	6318	6318	True
TAGLN2	8083	8083	True
TALDO1	7924	7924	True
TAMM41	9459	9459	True
TANC1	1465	1465	True
TANC2	892	892	True
TANGO2	8274	8274	True
TANGO6	7460	7460	True
TANK	1084	1084	True
TAOK1	5834	5834	True
TAOK2	6816	6816	True
TAOK3	1271	1271	True
TAP1	1740	1740	True
TAP2	2506	2506	True
TAPBP	2050	2050	True
TAPBPL	285	285	True
TAPT1	9833	9833	True
TAPT1-AS1	13005	13005	True
TARBP1	4921	4921	True
TARBP2	7231	7231	True
TARDBP	12956	12956	True
TARS	4251	4251	True
TARS2	3754	3754	True
TARSL2	2228	2228	True
TAS2R14	7181	7181	True
TAS2R30	12090	12090	True
TAS2R31	12996	12996	True
TAS2R4	11774	11774	True
TAS2R5	14677	14677	True
TASP1	9159	9159	True
TAT-AS1	14616	14616	True
TATDN1	9134	9134	True
TATDN2	9121	9121	True
TATDN3	9708	9708	True
TAX1BP1	8456	8456	True
TAX1BP3	10201	10201	True
TAZ	9609	9609	True
TBATA	13356	13356	True
TBC1D1	4062	4062	True
TBC1D10A	5479	5479	True
TBC1D10B	8742	8742	True
TBC1D10C	14056	14056	True
TBC1D12	4546	4546	True
TBC1D13	10441	10441	True
TBC1D14	10982	10982	True
TBC1D15	5489	5489	True
TBC1D16	1080	1080	True
TBC1D17	7814	7814	True
TBC1D19	10826	10826	True
TBC1D2	361	361	True
TBC1D20	5086	5086	True
TBC1D22A	10717	10717	True
TBC1D22B	4746	4746	True
TBC1D23	9223	9223	True
TBC1D24	9717	9717	True
TBC1D25	7478	7478	True
TBC1D29	14207	14207	True
TBC1D2B	516	516	True
TBC1D30	1898	1898	True
TBC1D31	3667	3667	True
TBC1D32	3845	3845	True
TBC1D3B	13752	13752	True
TBC1D3L	14902	14902	True
TBC1D4	1310	1310	True
TBC1D5	5042	5042	True
TBC1D7	6866	6866	True
TBC1D8	853	853	True
TBC1D8B	2555	2555	True
TBC1D9	1096	1096	True
TBC1D9B	11419	11419	True
TBCA	10813	10813	True
TBCB	4499	4499	True
TBCC	8916	8916	True
TBCCD1	10001	10001	True
TBCD	6076	6076	True
TBCE	4466	4466	True
TBCEL	11038	11038	True
TBCK	9276	9276	True
TBK1	7747	7747	True
TBKBP1	308	308	True
TBL1X	2088	2088	True
TBL1XR1	4305	4305	True
TBL2	5897	5897	True
TBL3	5261	5261	True
TBP	4076	4076	True
TBPL1	8230	8230	True
TBRG1	2023	2023	True
TBRG4	10204	10204	True
TBX1	12947	12947	True
TBX19	12957	12957	True
TBX2	1965	1965	True
TBX2-AS1	12614	12614	True
TBX3	678	678	True
TBX4	13093	13093	True
TBX6	1262	1262	True
TBXAS1	1378	1378	True
TC2N	9577	9577	True
TCAF1	12719	12719	True
TCAF2	12387	12387	True
TCAIM	8677	8677	True
TCAP	4138	4138	True
TCEA1	8794	8794	True
TCEA2	5284	5284	True
TCEA3	480	480	True
TCEAL1	1556	1556	True
TCEAL3	1099	1099	True
TCEAL4	9674	9674	True
TCEAL8	13642	13642	True
TCEANC	6487	6487	True
TCEANC2	7736	7736	True
TCEB1	14512	14512	True
TCEB2	13788	13788	True
TCEB3	14537	14537	True
TCERG1	4687	4687	True
TCERG1L	14520	14520	True
TCF12	8810	8810	True
TCF19	3088	3088	True
TCF20	9091	9091	True
TCF24	13300	13300	True
TCF25	4450	4450	True
TCF3	11032	11032	True
TCF4	15207	15207	True
TCF7	11859	11859	True
TCF7L1	3755	3755	True
TCF7L2	3786	3786	True
TCFL5	5497	5497	True
TCHH	6655	6655	True
TCHP	5302	5302	True
TCIRG1	985	985	True
TCN1	13195	13195	True
TCN2	14731	14731	True
TCOF1	9033	9033	True
TCP1	3224	3224	True
TCP10L	12526	12526	True
TCP11L1	4163	4163	True
TCP11L2	1872	1872	True
TCTA	1650	1650	True
TCTE3	11889	11889	True
TCTEX1D2	1377	1377	True
TCTN1	792	792	True
TCTN2	9782	9782	True
TCTN3	1128	1128	True
TDG	4275	4275	True
TDO2	14047	14047	True
TDP1	10823	10823	True
TDP2	4054	4054	True
TDRD1	241	241	True
TDRD12	12283	12283	True
TDRD3	6901	6901	True
TDRD5	3053	3053	True
TDRD7	1950	1950	True
TDRKH	5406	5406	True
TDRP	14175	14175	True
TEAD1	1529	1529	True
TEAD2	7671	7671	True
TEAD3	1500	1500	True
TEAD4	5478	5478	True
TEC	1516	1516	True
TECPR1	7154	7154	True
TECPR2	6678	6678	True
TECR	1189	1189	True
TECTA	13624	13624	True
TEF	6907	6907	True
TEFM	8602	8602	True
TEKT5	2692	2692	True
TELO2	3873	3873	True
TEN1	8832	8832	True
TENM1	13281	13281	True
TENM2	11239	11239	True
TENM3	1015	1015	True
TENM4	14200	14200	True
TEP1	1517	1517	True
TERF1	7479	7479	True
TERF2	6826	6826	True
TERF2IP	4484	4484	True
TERT	12527	12527	True
TES	599	599	True
TESC	979	979	True
TESK1	7548	7548	True
TESK2	1986	1986	True
TET1	11949	11949	True
TET2	1095	1095	True
TET3	4935	4935	True
TEX10	8778	8778	True
TEX14	1593	1593	True
TEX15	12149	12149	True
TEX19	11903	11903	True
TEX2	6446	6446	True
TEX22	11768	11768	True
TEX261	9388	9388	True
TEX264	7588	7588	True
TEX29	15222	15222	True
TEX30	3287	3287	True
TEX35	14932	14932	True
TEX41	13199	13199	True
TEX9	5541	5541	True
TF	13864	13864	True
TFAM	10107	10107	True
TFAP2A	6220	6220	True
TFAP2A-AS1	12734	12734	True
TFAP2B	15038	15038	True
TFAP2C	272	272	True
TFAP2E	12652	12652	True
TFAP4	4473	4473	True
TFB1M	10249	10249	True
TFB2M	4529	4529	True
TFCP2	14272	14272	True
TFCP2L1	13935	13935	True
TFDP1	3680	3680	True
TFDP2	11687	11687	True
TFE3	3242	3242	True
TFEB	1257	1257	True
TFF1	2552	2552	True
TFF2	11279	11279	True
TFF3	418	418	True
TFG	8671	8671	True
TFIP11	3936	3936	True
TFPI	2131	2131	True
TFPI2	14435	14435	True
TFPT	8440	8440	True
TFR2	1359	1359	True
TFRC	5501	5501	True
TG	11752	11752	True
TGDS	6467	6467	True
TGFA	5175	5175	True
TGFB1	263	263	True
TGFB1I1	8306	8306	True
TGFB2	526	526	True
TGFB2-AS1	14469	14469	True
TGFB3	3203	3203	True
TGFBI	1817	1817	True
TGFBR1	4969	4969	True
TGFBR2	2398	2398	True
TGFBR3	12085	12085	True
TGFBR3L	2071	2071	True
TGFBRAP1	8028	8028	True
TGIF1	5458	5458	True
TGIF2	2820	2820	True
TGIF2-C20orf24	15240	15240	True
TGM1	1607	1607	True
TGM2	11709	11709	True
TGM3	15220	15220	True
TGM4	14250	14250	True
TGOLN2	4819	4819	True
TGS1	8947	8947	True
TH	11114	11114	True
THADA	5702	5702	True
THAP1	6344	6344	True
THAP10	4859	4859	True
THAP11	5557	5557	True
THAP2	6574	6574	True
THAP3	9622	9622	True
THAP4	4336	4336	True
THAP5	3015	3015	True
THAP6	10912	10912	True
THAP7	8263	8263	True
THAP7-AS1	12706	12706	True
THAP8	4104	4104	True
THAP9	6350	6350	True
THAP9-AS1	12853	12853	True
THBD	718	718	True
THBS1	11277	11277	True
THBS2	15072	15072	True
THBS3	5987	5987	True
THBS4	13022	13022	True
THEG	11168	11168	True
THEM4	4885	4885	True
THEM6	4391	4391	True
THEMIS2	11630	11630	True
THG1L	8294	8294	True
THNSL1	878	878	True
THNSL2	8750	8750	True
THOC1	6074	6074	True
THOC2	1250	1250	True
THOC3	10252	10252	True
THOC5	3092	3092	True
THOC6	715	715	True
THOC7	8352	8352	True
THOP1	10424	10424	True
THPO	14032	14032	True
THRA	10314	10314	True
THRAP3	6862	6862	True
THRB	3462	3462	True
THRB-AS1	13277	13277	True
THRIL	14684	14684	True
THSD1	11918	11918	True
THSD4	601	601	True
THSD7A	14139	14139	True
THTPA	12187	12187	True
THUMPD1	9402	9402	True
THUMPD2	1388	1388	True
THUMPD3	10017	10017	True
THUMPD3-AS1	12982	12982	True
THYN1	2457	2457	True
TIA1	5570	5570	True
TIAF1	2871	2871	True
TIAL1	6018	6018	True
TIAM1	4999	4999	True
TIAM2	1522	1522	True
TICAM1	10240	10240	True
TICAM2	12441	12441	True
TICRR	11855	11855	True
TIFA	1005	1005	True
TIGAR	12214	12214	True
TIGD1	7642	7642	True
TIGD2	375	375	True
TIGD3	4420	4420	True
TIGD4	12005	12005	True
TIGD5	7035	7035	True
TIGD6	10117	10117	True
TIGD7	3403	3403	True
TIMELESS	3257	3257	True
TIMM10	9047	9047	True
TIMM10B	12049	12049	True
TIMM13	4482	4482	True
TIMM17A	10432	10432	True
TIMM17B	4852	4852	True
TIMM21	6807	6807	True
TIMM22	9938	9938	True
TIMM23	9578	9578	True
TIMM23B	10114	10114	True
TIMM44	9814	9814	True
TIMM50	5421	5421	True
TIMM8A	9079	9079	True
TIMM8B	7681	7681	True
TIMM9	8872	8872	True
TIMMDC1	10348	10348	True
TIMP1	830	830	True
TIMP2	2822	2822	True
TIMP3	11477	11477	True
TINAGL1	13635	13635	True
TINCR	11396	11396	True
TINF2	6613	6613	True
TIPARP	2102	2102	True
TIPARP-AS1	12403	12403	True
TIPIN	3215	3215	True
TIPRL	8323	8323	True
TIRAP	9561	9561	True
TJAP1	9569	9569	True
TJP1	5480	5480	True
TJP2	3164	3164	True
TJP3	10928	10928	True
TK1	3431	3431	True
TK2	3075	3075	True
TKFC	12881	12881	True
TKT	10052	10052	True
TLCD1	7587	7587	True
TLCD2	4235	4235	True
TLDC1	11647	11647	True
TLE1	790	790	True
TLE2	72	72	True
TLE3	6169	6169	True
TLE4	12120	12120	True
TLE6	2093	2093	True
TLK1	3839	3839	True
TLK2	2726	2726	True
TLL1	11451	11451	True
TLL2	11943	11943	True
TLN1	4772	4772	True
TLN2	704	704	True
TLR1	14320	14320	True
TLR2	11294	11294	True
TLR3	14808	14808	True
TLR4	14560	14560	True
TLR5	12124	12124	True
TLR6	14489	14489	True
TLX1	14547	14547	True
TM2D1	4689	4689	True
TM2D2	2252	2252	True
TM2D3	7618	7618	True
TM4SF1	611	611	True
TM4SF1-AS1	11908	11908	True
TM4SF18	11381	11381	True
TM4SF19	12573	12573	True
TM4SF19-AS1	14292	14292	True
TM4SF4	13764	13764	True
TM6SF1	12944	12944	True
TM7SF2	2377	2377	True
TM7SF3	2335	2335	True
TM9SF1	12279	12279	True
TM9SF2	5615	5615	True
TM9SF3	8361	8361	True
TM9SF4	1899	1899	True
TMA16	4193	4193	True
TMA7	8530	8530	True
TMBIM1	2844	2844	True
TMBIM4	12460	12460	True
TMBIM6	6752	6752	True
TMC1	6124	6124	True
TMC3-AS1	13695	13695	True
TMC4	6112	6112	True
TMC5	2397	2397	True
TMC6	9027	9027	True
TMC7	6218	6218	True
TMC8	11999	11999	True
TMCC1	8900	8900	True
TMCC1-AS1	14826	14826	True
TMCC2	4205	4205	True
TMCC3	1534	1534	True
TMCO1	10429	10429	True
TMCO3	3511	3511	True
TMCO4	8033	8033	True
TMCO6	10071	10071	True
TMED1	3395	3395	True
TMED10	4944	4944	True
TMED2	10871	10871	True
TMED3	10108	10108	True
TMED4	6064	6064	True
TMED5	8770	8770	True
TMED6	14767	14767	True
TMED7	11074	11074	True
TMED7-TICAM2	11309	11309	True
TMED8	3962	3962	True
TMED9	6243	6243	True
TMEFF1	13337	13337	True
TMEM101	9895	9895	True
TMEM102	8089	8089	True
TMEM104	2066	2066	True
TMEM105	12902	12902	True
TMEM106A	1596	1596	True
TMEM106B	7136	7136	True
TMEM106C	6371	6371	True
TMEM107	2768	2768	True
TMEM108	15138	15138	True
TMEM109	4307	4307	True
TMEM11	7753	7753	True
TMEM110	15094	15094	True
TMEM110-MUSTN1	15206	15206	True
TMEM115	9843	9843	True
TMEM116	1443	1443	True
TMEM117	2967	2967	True
TMEM120A	2745	2745	True
TMEM120B	10420	10420	True
TMEM121	5863	5863	True
TMEM123	1139	1139	True
TMEM125	1919	1919	True
TMEM126A	7757	7757	True
TMEM126B	9792	9792	True
TMEM127	3278	3278	True
TMEM128	9896	9896	True
TMEM129	3675	3675	True
TMEM131	1824	1824	True
TMEM132A	4757	4757	True
TMEM132B	13255	13255	True
TMEM133	13415	13415	True
TMEM134	8996	8996	True
TMEM135	6985	6985	True
TMEM136	12457	12457	True
TMEM138	10579	10579	True
TMEM139	1788	1788	True
TMEM140	11671	11671	True
TMEM141	1221	1221	True
TMEM143	2815	2815	True
TMEM144	8591	8591	True
TMEM145	10288	10288	True
TMEM147	9264	9264	True
TMEM147-AS1	12079	12079	True
TMEM14A	8614	8614	True
TMEM14B	10097	10097	True
TMEM14C	4578	4578	True
TMEM150A	2033	2033	True
TMEM150C	1548	1548	True
TMEM151A	14378	14378	True
TMEM154	11026	11026	True
TMEM156	13074	13074	True
TMEM158	12018	12018	True
TMEM159	7975	7975	True
TMEM160	7209	7209	True
TMEM161A	5747	5747	True
TMEM161B	10207	10207	True
TMEM161B-AS1	11187	11187	True
TMEM163	11653	11653	True
TMEM164	596	596	True
TMEM165	3863	3863	True
TMEM167A	6818	6818	True
TMEM167B	6685	6685	True
TMEM168	1611	1611	True
TMEM169	13130	13130	True
TMEM17	8153	8153	True
TMEM170A	9327	9327	True
TMEM170B	2012	2012	True
TMEM171	10638	10638	True
TMEM173	1732	1732	True
TMEM175	10449	10449	True
TMEM177	10682	10682	True
TMEM178A	15081	15081	True
TMEM178B	1708	1708	True
TMEM179B	7713	7713	True
TMEM18	905	905	True
TMEM180	13405	13405	True
TMEM181	3307	3307	True
TMEM182	4322	4322	True
TMEM183A	9972	9972	True
TMEM184A	8935	8935	True
TMEM184B	10377	10377	True
TMEM184C	10250	10250	True
TMEM185A	6397	6397	True
TMEM185B	5496	5496	True
TMEM186	3526	3526	True
TMEM187	8221	8221	True
TMEM189	5967	5967	True
TMEM189-UBE2V1	14599	14599	True
TMEM19	8401	8401	True
TMEM191B	7493	7493	True
TMEM191C	6217	6217	True
TMEM192	9886	9886	True
TMEM198	4413	4413	True
TMEM199	4878	4878	True
TMEM2	15006	15006	True
TMEM200B	14244	14244	True
TMEM201	2688	2688	True
TMEM203	5129	5129	True
TMEM204	12176	12176	True
TMEM205	950	950	True
TMEM206	12398	12398	True
TMEM208	7795	7795	True
TMEM209	7886	7886	True
TMEM213	13986	13986	True
TMEM214	7717	7717	True
TMEM216	7095	7095	True
TMEM217	11817	11817	True
TMEM218	5797	5797	True
TMEM219	3625	3625	True
TMEM220	12510	12510	True
TMEM221	13186	13186	True
TMEM222	7308	7308	True
TMEM223	3894	3894	True
TMEM229B	1336	1336	True
TMEM230	9216	9216	True
TMEM231	4749	4749	True
TMEM232	11248	11248	True
TMEM234	8505	8505	True
TMEM237	7653	7653	True
TMEM238	3246	3246	True
TMEM240	14180	14180	True
TMEM241	1990	1990	True
TMEM242	2392	2392	True
TMEM243	3868	3868	True
TMEM245	5990	5990	True
TMEM248	5498	5498	True
TMEM25	1716	1716	True
TMEM251	10339	10339	True
TMEM253	3414	3414	True
TMEM254	1488	1488	True
TMEM254-AS1	11102	11102	True
TMEM255B	11608	11608	True
TMEM256	7985	7985	True
TMEM258	8790	8790	True
TMEM259	5303	5303	True
TMEM26	12395	12395	True
TMEM260	3885	3885	True
TMEM261	14171	14171	True
TMEM263	744	744	True
TMEM265	15024	15024	True
TMEM30A	852	852	True
TMEM30B	2594	2594	True
TMEM31	11571	11571	True
TMEM33	2736	2736	True
TMEM37	11612	11612	True
TMEM38A	3751	3751	True
TMEM38B	2145	2145	True
TMEM39A	8372	8372	True
TMEM39B	10368	10368	True
TMEM40	5126	5126	True
TMEM41A	6539	6539	True
TMEM41B	6794	6794	True
TMEM42	3085	3085	True
TMEM43	5927	5927	True
TMEM44	3715	3715	True
TMEM44-AS1	11676	11676	True
TMEM45A	12735	12735	True
TMEM45B	437	437	True
TMEM47	13713	13713	True
TMEM5	14388	14388	True
TMEM50A	6304	6304	True
TMEM50B	6068	6068	True
TMEM51	6512	6512	True
TMEM51-AS1	14341	14341	True
TMEM52	300	300	True
TMEM52B	14168	14168	True
TMEM53	2591	2591	True
TMEM54	8366	8366	True
TMEM55A	14114	14114	True
TMEM55B	14873	14873	True
TMEM56	13004	13004	True
TMEM56-RWDD3	14853	14853	True
TMEM57	13286	13286	True
TMEM59	11410	11410	True
TMEM59L	4939	4939	True
TMEM60	6270	6270	True
TMEM61	12299	12299	True
TMEM62	3459	3459	True
TMEM63A	2177	2177	True
TMEM63B	9444	9444	True
TMEM63C	2063	2063	True
TMEM64	3740	3740	True
TMEM65	2349	2349	True
TMEM67	3686	3686	True
TMEM68	10236	10236	True
TMEM69	9265	9265	True
TMEM70	9902	9902	True
TMEM71	13143	13143	True
TMEM74B	13670	13670	True
TMEM79	6673	6673	True
TMEM80	10461	10461	True
TMEM81	3210	3210	True
TMEM86A	2437	2437	True
TMEM86B	7759	7759	True
TMEM87A	3073	3073	True
TMEM87B	6323	6323	True
TMEM88	3484	3484	True
TMEM8A	4595	4595	True
TMEM8B	3773	3773	True
TMEM9	4156	4156	True
TMEM91	6895	6895	True
TMEM92	366	366	True
TMEM92-AS1	13177	13177	True
TMEM97	4909	4909	True
TMEM98	14263	14263	True
TMEM99	2320	2320	True
TMEM9B	5436	5436	True
TMEM9B-AS1	15034	15034	True
TMF1	9246	9246	True
TMLHE	6353	6353	True
TMOD1	2015	2015	True
TMOD2	4219	4219	True
TMOD3	7295	7295	True
TMOD4	13869	13869	True
TMPO	6196	6196	True
TMPO-AS1	11634	11634	True
TMPPE	7645	7645	True
TMPRSS11A	12373	12373	True
TMPRSS11D	14798	14798	True
TMPRSS11E	11539	11539	True
TMPRSS13	8179	8179	True
TMPRSS2	3245	3245	True
TMPRSS3	2138	2138	True
TMPRSS4	2327	2327	True
TMPRSS5	14045	14045	True
TMPRSS9	12518	12518	True
TMSB10	1431	1431	True
TMSB15A	2685	2685	True
TMSB15B	2511	2511	True
TMSB4X	2973	2973	True
TMTC1	671	671	True
TMTC2	5105	5105	True
TMTC3	2672	2672	True
TMTC4	7372	7372	True
TMUB1	10637	10637	True
TMUB2	10937	10937	True
TMX1	2405	2405	True
TMX2	10302	10302	True
TMX3	6598	6598	True
TMX4	5650	5650	True
TNC	428	428	True
TNFAIP1	802	802	True
TNFAIP2	11313	11313	True
TNFAIP3	12751	12751	True
TNFAIP8	997	997	True
TNFAIP8L1	1851	1851	True
TNFAIP8L3	12620	12620	True
TNFRSF10A	10131	10131	True
TNFRSF10B	7578	7578	True
TNFRSF10C	11773	11773	True
TNFRSF10D	14363	14363	True
TNFRSF11A	6696	6696	True
TNFRSF11B	404	404	True
TNFRSF12A	2836	2836	True
TNFRSF13C	14093	14093	True
TNFRSF14	13729	13729	True
TNFRSF18	849	849	True
TNFRSF19	12512	12512	True
TNFRSF1A	902	902	True
TNFRSF21	98	98	True
TNFRSF25	9568	9568	True
TNFRSF6B	15234	15234	True
TNFSF10	12058	12058	True
TNFSF12	14080	14080	True
TNFSF13	11590	11590	True
TNFSF13B	11601	11601	True
TNFSF15	2382	2382	True
TNFSF9	5700	5700	True
TNIK	781	781	True
TNIP1	4316	4316	True
TNIP2	9061	9061	True
TNK1	4443	4443	True
TNK2	3892	3892	True
TNKS	1557	1557	True
TNKS1BP1	6520	6520	True
TNKS2	10399	10399	True
TNKS2-AS1	12483	12483	True
TNNC1	13579	13579	True
TNNC2	12945	12945	True
TNNI2	13132	13132	True
TNNI3	13628	13628	True
TNNI3K	13395	13395	True
TNNT1	2277	2277	True
TNNT2	12757	12757	True
TNPO1	10844	10844	True
TNPO2	4233	4233	True
TNPO3	5053	5053	True
TNRC18	5116	5116	True
TNRC6A	6517	6517	True
TNRC6B	7416	7416	True
TNRC6C	7333	7333	True
TNRC6C-AS1	13413	13413	True
TNS1	935	935	True
TNS2	11353	11353	True
TNS3	76	76	True
TNS4	11426	11426	True
TNXB	11787	11787	True
TOB1	1783	1783	True
TOB1-AS1	14578	14578	True
TOB2	6422	6422	True
TOE1	7571	7571	True
TOLLIP	2875	2875	True
TOLLIP-AS1	13488	13488	True
TOM1	8428	8428	True
TOM1L1	6892	6892	True
TOM1L2	1967	1967	True
TOMM20	5399	5399	True
TOMM20L	11797	11797	True
TOMM22	8575	8575	True
TOMM34	3904	3904	True
TOMM40	4697	4697	True
TOMM40L	6183	6183	True
TOMM5	10537	10537	True
TOMM6	12332	12332	True
TOMM7	4619	4619	True
TOMM70A	15171	15171	True
TONSL	4616	4616	True
TOP1	7282	7282	True
TOP1MT	9019	9019	True
TOP2A	4217	4217	True
TOP2B	4401	4401	True
TOP3A	10845	10845	True
TOP3B	2703	2703	True
TOPBP1	7306	7306	True
TOPORS	7833	7833	True
TOR1A	10621	10621	True
TOR1AIP1	7350	7350	True
TOR1AIP2	5345	5345	True
TOR1B	7069	7069	True
TOR2A	4065	4065	True
TOR3A	4850	4850	True
TOR4A	12363	12363	True
TOX2	11747	11747	True
TOX3	11474	11474	True
TOX4	10642	10642	True
TP53	1427	1427	True
TP53BP1	10619	10619	True
TP53BP2	1118	1118	True
TP53I11	11047	11047	True
TP53I13	4961	4961	True
TP53I3	4098	4098	True
TP53INP1	2360	2360	True
TP53INP2	252	252	True
TP53RK	9255	9255	True
TP53TG1	12277	12277	True
TP53TG3D	11293	11293	True
TP53TG5	12268	12268	True
TP63	2156	2156	True
TP73	2823	2823	True
TPBG	3251	3251	True
TPCN1	8462	8462	True
TPCN2	9153	9153	True
TPD52	4367	4367	True
TPD52L1	524	524	True
TPD52L2	6615	6615	True
TPGS1	3194	3194	True
TPGS2	7597	7597	True
TPH1	11716	11716	True
TPI1	7689	7689	True
TPK1	794	794	True
TPM1	569	569	True
TPM2	102	102	True
TPM3	7055	7055	True
TPM4	4806	4806	True
TPMT	8820	8820	True
TPO	15073	15073	True
TPP1	5867	5867	True
TPP2	7919	7919	True
TPPP	14040	14040	True
TPPP3	13562	13562	True
TPR	9398	9398	True
TPRA1	5081	5081	True
TPRG1	11459	11459	True
TPRG1L	6332	6332	True
TPRKB	9685	9685	True
TPRN	2681	2681	True
TPSG1	14264	14264	True
TPST1	10843	10843	True
TPST2	4411	4411	True
TPT1	1371	1371	True
TPT1-AS1	14931	14931	True
TPTE	11771	11771	True
TPX2	1535	1535	True
TRA2A	8627	8627	True
TRA2B	9841	9841	True
TRABD	6784	6784	True
TRABD2A	11813	11813	True
TRABD2B	14864	14864	True
TRADD	6949	6949	True
TRAF1	12931	12931	True
TRAF2	4267	4267	True
TRAF3	1942	1942	True
TRAF3IP1	2482	2482	True
TRAF3IP2	6642	6642	True
TRAF3IP2-AS1	12509	12509	True
TRAF3IP3	15001	15001	True
TRAF4	1520	1520	True
TRAF5	471	471	True
TRAF6	8721	8721	True
TRAF7	7499	7499	True
TRAFD1	9383	9383	True
TRAIP	2662	2662	True
TRAK1	929	929	True
TRAK2	10419	10419	True
TRAM1	982	982	True
TRAM1L1	11820	11820	True
TRAM2	9846	9846	True
TRAM2-AS1	11841	11841	True
TRANK1	4509	4509	True
TRAP1	7705	7705	True
TRAPPC1	3750	3750	True
TRAPPC10	8086	8086	True
TRAPPC11	4092	4092	True
TRAPPC12	493	493	True
TRAPPC12-AS1	15095	15095	True
TRAPPC13	10028	10028	True
TRAPPC2	8029	8029	True
TRAPPC2B	13171	13171	True
TRAPPC2L	7433	7433	True
TRAPPC3	9918	9918	True
TRAPPC4	2268	2268	True
TRAPPC5	7080	7080	True
TRAPPC6A	11056	11056	True
TRAPPC6B	937	937	True
TRAPPC8	6926	6926	True
TRAPPC9	5434	5434	True
TRDMT1	5141	5141	True
TRDN	13371	13371	True
TRERF1	5244	5244	True
TREX1	13276	13276	True
TREX2	14172	14172	True
TRGC1	13049	13049	True
TRIAP1	7447	7447	True
TRIB1	745	745	True
TRIB2	66	66	True
TRIB3	1739	1739	True
TRIL	11770	11770	True
TRIM11	5225	5225	True
TRIM13	4449	4449	True
TRIM14	3093	3093	True
TRIM16	6968	6968	True
TRIM16L	7193	7193	True
TRIM17	12671	12671	True
TRIM2	3137	3137	True
TRIM21	2523	2523	True
TRIM22	11946	11946	True
TRIM23	9062	9062	True
TRIM24	5252	5252	True
TRIM25	10367	10367	True
TRIM26	9242	9242	True
TRIM27	3624	3624	True
TRIM28	8421	8421	True
TRIM29	11494	11494	True
TRIM3	8144	8144	True
TRIM31	11412	11412	True
TRIM31-AS1	13316	13316	True
TRIM32	8129	8129	True
TRIM33	7615	7615	True
TRIM34	11216	11216	True
TRIM35	8835	8835	True
TRIM36	6708	6708	True
TRIM37	3906	3906	True
TRIM38	1171	1171	True
TRIM39	10961	10961	True
TRIM4	2899	2899	True
TRIM41	10492	10492	True
TRIM44	1910	1910	True
TRIM45	3292	3292	True
TRIM46	2893	2893	True
TRIM47	2425	2425	True
TRIM5	3141	3141	True
TRIM52	8003	8003	True
TRIM52-AS1	13834	13834	True
TRIM55	13106	13106	True
TRIM56	4644	4644	True
TRIM58	13979	13979	True
TRIM59	1109	1109	True
TRIM6	1930	1930	True
TRIM62	3094	3094	True
TRIM65	8808	8808	True
TRIM66	8880	8880	True
TRIM68	1004	1004	True
TRIM69	9411	9411	True
TRIM7	2619	2619	True
TRIM72	15057	15057	True
TRIM73	7908	7908	True
TRIM8	3490	3490	True
TRIM9	11971	11971	True
TRIO	6172	6172	True
TRIOBP	10267	10267	True
TRIP10	1346	1346	True
TRIP11	6209	6209	True
TRIP12	7536	7536	True
TRIP13	9530	9530	True
TRIP4	5924	5924	True
TRIP6	936	936	True
TRIQK	8264	8264	True
TRIT1	8767	8767	True
TRMT1	6359	6359	True
TRMT10A	7808	7808	True
TRMT10B	5215	5215	True
TRMT10C	2655	2655	True
TRMT11	7144	7144	True
TRMT112	2267	2267	True
TRMT12	8879	8879	True
TRMT13	9302	9302	True
TRMT1L	9837	9837	True
TRMT2A	747	747	True
TRMT2B	3034	3034	True
TRMT44	9234	9234	True
TRMT5	7598	7598	True
TRMT6	10290	10290	True
TRMT61A	7854	7854	True
TRMT61B	7973	7973	True
TRMU	11068	11068	True
TRNAU1AP	9142	9142	True
TRNP1	6392	6392	True
TRNT1	10571	10571	True
TRO	13871	13871	True
TROAP	9643	9643	True
TROVE2	12803	12803	True
TRPC1	1676	1676	True
TRPC4AP	7520	7520	True
TRPC6	11299	11299	True
TRPM2	15174	15174	True
TRPM3	12367	12367	True
TRPM4	5424	5424	True
TRPM7	8669	8669	True
TRPM8	14650	14650	True
TRPS1	25	25	True
TRPT1	7483	7483	True
TRPV1	12923	12923	True
TRPV3	2388	2388	True
TRPV4	2240	2240	True
TRPV6	12180	12180	True
TRRAP	7477	7477	True
TRUB1	7784	7784	True
TRUB2	3812	3812	True
TSACC	5576	5576	True
TSC1	5350	5350	True
TSC2	5083	5083	True
TSC22D1	912	912	True
TSC22D1-AS1	14387	14387	True
TSC22D2	1883	1883	True
TSC22D3	243	243	True
TSC22D4	3489	3489	True
TSEN15	4042	4042	True
TSEN2	6587	6587	True
TSEN34	10980	10980	True
TSEN54	10388	10388	True
TSFM	6689	6689	True
TSG101	6061	6061	True
TSGA10	5611	5611	True
TSHR	13375	13375	True
TSHZ1	10430	10430	True
TSHZ2	12156	12156	True
TSHZ3	118	118	True
TSKU	2430	2430	True
TSN	9105	9105	True
TSNARE1	8330	8330	True
TSNAX	9809	9809	True
TSNAXIP1	5065	5065	True
TSPAN1	7561	7561	True
TSPAN10	12231	12231	True
TSPAN12	1062	1062	True
TSPAN13	3357	3357	True
TSPAN14	4107	4107	True
TSPAN15	1397	1397	True
TSPAN16	14552	14552	True
TSPAN17	8464	8464	True
TSPAN18	14545	14545	True
TSPAN3	1683	1683	True
TSPAN31	10273	10273	True
TSPAN33	3346	3346	True
TSPAN4	3033	3033	True
TSPAN5	398	398	True
TSPAN6	1305	1305	True
TSPAN7	13567	13567	True
TSPAN8	376	376	True
TSPAN9	3574	3574	True
TSPEAR	13201	13201	True
TSPO	8390	8390	True
TSPYL1	5404	5404	True
TSPYL2	1620	1620	True
TSPYL4	9646	9646	True
TSPYL5	793	793	True
TSR1	6885	6885	True
TSR2	6491	6491	True
TSR3	5449	5449	True
TSSC1	15175	15175	True
TSSC4	10738	10738	True
TSSK3	12968	12968	True
TSSK6	12257	12257	True
TST	10646	10646	True
TSTA3	7966	7966	True
TSTD1	7603	7603	True
TSTD2	5423	5423	True
TSTD3	7134	7134	True
TTBK2	862	862	True
TTC1	8646	8646	True
TTC12	6158	6158	True
TTC13	2008	2008	True
TTC14	1629	1629	True
TTC17	5803	5803	True
TTC19	6772	6772	True
TTC21A	10959	10959	True
TTC21B	4018	4018	True
TTC22	14559	14559	True
TTC23	1710	1710	True
TTC23L	12966	12966	True
TTC25	11331	11331	True
TTC26	1623	1623	True
TTC27	5016	5016	True
TTC28	11392	11392	True
TTC28-AS1	13059	13059	True
TTC3	8730	8730	True
TTC30A	9661	9661	True
TTC30B	6151	6151	True
TTC31	9083	9083	True
TTC32	2803	2803	True
TTC33	3195	3195	True
TTC34	11907	11907	True
TTC36	12791	12791	True
TTC37	7221	7221	True
TTC38	6109	6109	True
TTC39A	889	889	True
TTC39A-AS1	11172	11172	True
TTC39B	1983	1983	True
TTC39C	3609	3609	True
TTC4	9117	9117	True
TTC5	9943	9943	True
TTC6	11982	11982	True
TTC7A	8057	8057	True
TTC7B	6476	6476	True
TTC8	8082	8082	True
TTC9	1484	1484	True
TTC9B	14528	14528	True
TTC9C	8072	8072	True
TTF1	7750	7750	True
TTF2	4190	4190	True
TTI1	4603	4603	True
TTI2	6942	6942	True
TTK	4558	4558	True
TTL	3999	3999	True
TTLL1	3893	3893	True
TTLL10	13499	13499	True
TTLL11	3064	3064	True
TTLL12	10145	10145	True
TTLL3	8958	8958	True
TTLL4	2808	2808	True
TTLL5	9648	9648	True
TTLL7	3144	3144	True
TTLL9	11954	11954	True
TTN	12785	12785	True
TTN-AS1	11204	11204	True
TTPA	11510	11510	True
TTPAL	9379	9379	True
TTYH1	6423	6423	True
TTYH2	12854	12854	True
TTYH3	2793	2793	True
TUB	11651	11651	True
TUBA1A	8412	8412	True
TUBA1B	8657	8657	True
TUBA1C	10919	10919	True
TUBA3D	362	362	True
TUBA4A	494	494	True
TUBA8	7986	7986	True
TUBB	6763	6763	True
TUBB1	14717	14717	True
TUBB2A	6694	6694	True
TUBB2B	11808	11808	True
TUBB3	11890	11890	True
TUBB4A	13437	13437	True
TUBB4B	8567	8567	True
TUBB6	6683	6683	True
TUBB8	178	178	True
TUBD1	9883	9883	True
TUBE1	7358	7358	True
TUBG1	9977	9977	True
TUBG2	3239	3239	True
TUBGCP2	6883	6883	True
TUBGCP3	4127	4127	True
TUBGCP4	6177	6177	True
TUBGCP5	5899	5899	True
TUBGCP6	6168	6168	True
TUFM	9967	9967	True
TUFT1	2860	2860	True
TUG1	13509	13509	True
TULP1	12749	12749	True
TULP3	4492	4492	True
TULP4	1709	1709	True
TUSC1	5771	5771	True
TUSC2	9597	9597	True
TUSC3	270	270	True
TUSC8	14270	14270	True
TUT1	3098	3098	True
TVP23B	7042	7042	True
TVP23C	9312	9312	True
TVP23C-CDRT4	12914	12914	True
TWF1	10519	10519	True
TWF2	2593	2593	True
TWIST1	14262	14262	True
TWISTNB	10452	10452	True
TWSG1	1849	1849	True
TXK	12224	12224	True
TXLNA	9946	9946	True
TXLNB	11978	11978	True
TXLNG	4120	4120	True
TXN	10329	10329	True
TXN2	8797	8797	True
TXNDC11	8229	8229	True
TXNDC12	9474	9474	True
TXNDC15	5155	5155	True
TXNDC16	5162	5162	True
TXNDC17	10674	10674	True
TXNDC5	782	782	True
TXNDC9	3351	3351	True
TXNIP	1956	1956	True
TXNL1	9021	9021	True
TXNL4A	12663	12663	True
TXNL4B	10764	10764	True
TXNRD1	2359	2359	True
TXNRD2	3694	3694	True
TXNRD3	5007	5007	True
TYK2	4504	4504	True
TYMP	12017	12017	True
TYMS	4581	4581	True
TYMSOS	12875	12875	True
TYRO3	3982	3982	True
TYRP1	11464	11464	True
TYSND1	5315	5315	True
TYW1	6415	6415	True
TYW1B	11624	11624	True
TYW3	9003	9003	True
TYW5	4753	4753	True
U2AF1	12851	12851	True
U2AF1L4	10689	10689	True
U2AF2	10178	10178	True
U2SURP	10660	10660	True
U91328.1	14464	14464	True
UACA	2862	2862	True
UAP1	2069	2069	True
UAP1L1	1917	1917	True
UBA1	6930	6930	True
UBA2	8903	8903	True
UBA3	1292	1292	True
UBA5	1195	1195	True
UBA52	10053	10053	True
UBA6	7559	7559	True
UBA6-AS1	11454	11454	True
UBA7	12874	12874	True
UBAC1	8155	8155	True
UBAC2	8150	8150	True
UBAC2-AS1	12538	12538	True
UBALD1	6591	6591	True
UBALD2	1622	1622	True
UBAP1	3262	3262	True
UBAP1L	12415	12415	True
UBAP2	4331	4331	True
UBAP2L	5085	5085	True
UBASH3B	11480	11480	True
UBB	5454	5454	True
UBC	6707	6707	True
UBE2A	8312	8312	True
UBE2B	7511	7511	True
UBE2C	3560	3560	True
UBE2D1	4023	4023	True
UBE2D2	5895	5895	True
UBE2D3	6235	6235	True
UBE2D4	10082	10082	True
UBE2E1	3330	3330	True
UBE2E2	498	498	True
UBE2E3	368	368	True
UBE2F	1197	1197	True
UBE2G1	5743	5743	True
UBE2G2	9783	9783	True
UBE2H	1692	1692	True
UBE2I	11071	11071	True
UBE2J1	3601	3601	True
UBE2J2	5857	5857	True
UBE2K	2509	2509	True
UBE2L3	3613	3613	True
UBE2L6	644	644	True
UBE2M	9133	9133	True
UBE2N	7969	7969	True
UBE2O	5520	5520	True
UBE2Q1	5438	5438	True
UBE2Q2	7880	7880	True
UBE2QL1	276	276	True
UBE2R2	2515	2515	True
UBE2S	1575	1575	True
UBE2T	4708	4708	True
UBE2V1	7569	7569	True
UBE2V2	12575	12575	True
UBE2W	9707	9707	True
UBE2Z	8313	8313	True
UBE3A	8195	8195	True
UBE3B	5556	5556	True
UBE3C	6447	6447	True
UBE3D	7497	7497	True
UBE4A	1523	1523	True
UBE4B	9567	9567	True
UBFD1	10046	10046	True
UBIAD1	10829	10829	True
UBL3	1006	1006	True
UBL4A	7461	7461	True
UBL5	10211	10211	True
UBL7	7049	7049	True
UBL7-AS1	12789	12789	True
UBLCP1	2285	2285	True
UBN1	6943	6943	True
UBN2	5248	5248	True
UBOX5	10465	10465	True
UBP1	5688	5688	True
UBQLN1	7151	7151	True
UBQLN2	8648	8648	True
UBQLN4	6073	6073	True
UBQLNL	13980	13980	True
UBR1	8024	8024	True
UBR2	11081	11081	True
UBR3	2904	2904	True
UBR4	2542	2542	True
UBR5	3651	3651	True
UBR5-AS1	13910	13910	True
UBR7	10773	10773	True
UBTD1	4047	4047	True
UBTD2	10745	10745	True
UBTF	5676	5676	True
UBXN1	6361	6361	True
UBXN10	13585	13585	True
UBXN11	7958	7958	True
UBXN2A	8482	8482	True
UBXN2B	10054	10054	True
UBXN4	3731	3731	True
UBXN6	1873	1873	True
UBXN7	4851	4851	True
UBXN8	8515	8515	True
UCA1	11156	11156	True
UCHL1	2291	2291	True
UCHL3	1806	1806	True
UCHL5	5663	5663	True
UCK1	7584	7584	True
UCK2	10591	10591	True
UCKL1	9857	9857	True
UCKL1-AS1	14604	14604	True
UCN	10137	10137	True
UCP1	13090	13090	True
UCP2	3021	3021	True
UCP3	12511	12511	True
UEVLD	7940	7940	True
UFC1	6477	6477	True
UFD1L	13524	13524	True
UFL1	9259	9259	True
UFM1	8353	8353	True
UFSP1	8528	8528	True
UFSP2	2949	2949	True
UGCG	161	161	True
UGDH	812	812	True
UGDH-AS1	13360	13360	True
UGGT1	1658	1658	True
UGGT2	5023	5023	True
UGP2	5397	5397	True
UGT1A6	11160	11160	True
UGT2B11	11573	11573	True
UGT2B15	1180	1180	True
UGT2B17	13367	13367	True
UGT3A2	14215	14215	True
UGT8	488	488	True
UHMK1	10822	10822	True
UHRF1	4043	4043	True
UHRF1BP1	8546	8546	True
UHRF1BP1L	9272	9272	True
UHRF2	6918	6918	True
UIMC1	7010	7010	True
ULBP1	6958	6958	True
ULBP2	2558	2558	True
ULBP3	2404	2404	True
ULK1	10675	10675	True
ULK2	8533	8533	True
ULK3	8821	8821	True
ULK4	9197	9197	True
UMAD1	11881	11881	True
UMODL1	13256	13256	True
UMPS	8840	8840	True
UNC119	8307	8307	True
UNC119B	4453	4453	True
UNC13A	11471	11471	True
UNC13B	1255	1255	True
UNC13D	3785	3785	True
UNC45A	3843	3843	True
UNC50	3610	3610	True
UNC5A	10970	10970	True
UNC5B	3439	3439	True
UNC5B-AS1	13081	13081	True
UNC5C	11607	11607	True
UNC5CL	12236	12236	True
UNC79	11886	11886	True
UNC93B1	9322	9322	True
UNG	4770	4770	True
UNK	6595	6595	True
UNKL	4723	4723	True
UPF1	6917	6917	True
UPF2	10012	10012	True
UPF3A	1198	1198	True
UPF3B	5539	5539	True
UPK1A	6312	6312	True
UPK2	756	756	True
UPK3A	12029	12029	True
UPK3B	14734	14734	True
UPK3BL	14502	14502	True
UPP1	326	326	True
UPP2	14434	14434	True
UPRT	4218	4218	True
UQCC1	9389	9389	True
UQCC2	9988	9988	True
UQCC3	2347	2347	True
UQCR10	3788	3788	True
UQCR11	12428	12428	True
UQCRB	2414	2414	True
UQCRC1	10576	10576	True
UQCRC2	10497	10497	True
UQCRFS1	10058	10058	True
UQCRH	1579	1579	True
UQCRHL	1438	1438	True
UQCRQ	9990	9990	True
URB1	6191	6191	True
URB1-AS1	14755	14755	True
URB2	6369	6369	True
URGCP	8220	8220	True
URI1	5831	5831	True
URM1	12084	12084	True
UROD	6185	6185	True
UROS	7735	7735	True
USB1	1456	1456	True
USE1	3827	3827	True
USF1	3968	3968	True
USF2	1536	1536	True
USH1C	14192	14192	True
USH1G	14613	14613	True
USHBP1	14624	14624	True
USMG5	15028	15028	True
USO1	6545	6545	True
USP1	10734	10734	True
USP10	6511	6511	True
USP11	2315	2315	True
USP12	10163	10163	True
USP13	8118	8118	True
USP14	6836	6836	True
USP15	10393	10393	True
USP16	7383	7383	True
USP18	2547	2547	True
USP19	9724	9724	True
USP2	8950	8950	True
USP2-AS1	13407	13407	True
USP20	5909	5909	True
USP21	11022	11022	True
USP22	3606	3606	True
USP24	3768	3768	True
USP25	9076	9076	True
USP27X	7220	7220	True
USP27X-AS1	15128	15128	True
USP28	5997	5997	True
USP3	3409	3409	True
USP3-AS1	11920	11920	True
USP30	10086	10086	True
USP31	429	429	True
USP32	10927	10927	True
USP33	4638	4638	True
USP34	994	994	True
USP35	9766	9766	True
USP36	9921	9921	True
USP37	6143	6143	True
USP38	6558	6558	True
USP39	8905	8905	True
USP4	5819	5819	True
USP40	10701	10701	True
USP42	8666	8666	True
USP43	8088	8088	True
USP44	14470	14470	True
USP45	10947	10947	True
USP46	4048	4048	True
USP46-AS1	11453	11453	True
USP47	4373	4373	True
USP48	8763	8763	True
USP49	9681	9681	True
USP5	7612	7612	True
USP50	14714	14714	True
USP51	7104	7104	True
USP53	9603	9603	True
USP54	2722	2722	True
USP6	15208	15208	True
USP6NL	6428	6428	True
USP7	6103	6103	True
USP8	8637	8637	True
USP9X	7012	7012	True
USPL1	6384	6384	True
UST	5825	5825	True
UTP11L	15151	15151	True
UTP14A	2924	2924	True
UTP14C	12628	12628	True
UTP15	10135	10135	True
UTP18	2538	2538	True
UTP20	5239	5239	True
UTP23	8890	8890	True
UTP3	7439	7439	True
UTP6	4324	4324	True
UTRN	906	906	True
UTS2B	14329	14329	True
UVRAG	8147	8147	True
UVSSA	10907	10907	True
UXS1	75	75	True
UXT	7974	7974	True
UXT-AS1	15133	15133	True
VAC14	3457	3457	True
VAMP1	3556	3556	True
VAMP2	7712	7712	True
VAMP3	7594	7594	True
VAMP4	2543	2543	True
VAMP5	6568	6568	True
VAMP7	6229	6229	True
VAMP8	8327	8327	True
VANGL1	8827	8827	True
VAPA	10422	10422	True
VAPB	6663	6663	True
VARS	6195	6195	True
VARS2	7881	7881	True
VASH1	2418	2418	True
VASH2	2769	2769	True
VASN	5152	5152	True
VASP	458	458	True
VAT1	6712	6712	True
VAT1L	12121	12121	True
VAV1	1150	1150	True
VAV2	4464	4464	True
VAV3	8355	8355	True
VAX2	6504	6504	True
VBP1	6764	6764	True
VCAN	12750	12750	True
VCL	1590	1590	True
VCP	10223	10223	True
VCPIP1	7647	7647	True
VCPKMT	4364	4364	True
VDAC1	8198	8198	True
VDAC2	5329	5329	True
VDAC3	8886	8886	True
VDR	8275	8275	True
VEGFA	1332	1332	True
VEGFB	2570	2570	True
VEGFC	604	604	True
VEPH1	142	142	True
VEZF1	1138	1138	True
VEZT	3464	3464	True
VGF	4591	4591	True
VGLL1	12629	12629	True
VGLL3	12258	12258	True
VGLL4	10848	10848	True
VHL	5896	5896	True
VIL1	12477	12477	True
VILL	924	924	True
VIM	11554	11554	True
VIM-AS1	11175	11175	True
VIMP	13327	13327	True
VIPAS39	7531	7531	True
VIPR1	2757	2757	True
VIPR2	2205	2205	True
VKORC1	2598	2598	True
VKORC1L1	6286	6286	True
VLDLR	6762	6762	True
VLDLR-AS1	13663	13663	True
VMA21	7454	7454	True
VMAC	10445	10445	True
VMO1	11705	11705	True
VMP1	4994	4994	True
VN1R1	14274	14274	True
VOPP1	2296	2296	True
VPRBP	14356	14356	True
VPREB3	12034	12034	True
VPS11	3669	3669	True
VPS13A	6228	6228	True
VPS13B	8660	8660	True
VPS13C	4586	4586	True
VPS13D	6402	6402	True
VPS16	9502	9502	True
VPS18	6716	6716	True
VPS25	9409	9409	True
VPS26A	4737	4737	True
VPS26B	9143	9143	True
VPS28	3862	3862	True
VPS29	4353	4353	True
VPS33A	9147	9147	True
VPS33B	4167	4167	True
VPS35	9992	9992	True
VPS36	6105	6105	True
VPS37A	10165	10165	True
VPS37B	2566	2566	True
VPS37C	2200	2200	True
VPS37D	3602	3602	True
VPS39	9593	9593	True
VPS41	9298	9298	True
VPS45	9649	9649	True
VPS4A	10400	10400	True
VPS4B	10286	10286	True
VPS50	13330	13330	True
VPS51	5388	5388	True
VPS52	8095	8095	True
VPS53	7620	7620	True
VPS54	883	883	True
VPS72	9929	9929	True
VPS8	7167	7167	True
VPS9D1	6751	6751	True
VPS9D1-AS1	11670	11670	True
VRK1	7450	7450	True
VRK2	4784	4784	True
VRK3	7185	7185	True
VSIG10	7670	7670	True
VSIG10L	2563	2563	True
VSIG2	13898	13898	True
VSIG8	13759	13759	True
VSNL1	15233	15233	True
VSTM2A	13829	13829	True
VSTM2L	14026	14026	True
VSTM4	15026	15026	True
VSTM5	14184	14184	True
VTA1	8715	8715	True
VTCN1	5064	5064	True
VTI1A	4365	4365	True
VTI1B	8956	8956	True
VTN	11097	11097	True
VWA1	4860	4860	True
VWA2	11393	11393	True
VWA3A	15046	15046	True
VWA3B	13723	13723	True
VWA5A	11278	11278	True
VWA5B2	11598	11598	True
VWA7	12456	12456	True
VWA8	6676	6676	True
VWA9	15228	15228	True
VWCE	12795	12795	True
VWDE	1295	1295	True
VWF	11405	11405	True
WAC	9864	9864	True
WAC-AS1	11776	11776	True
WAPAL	14615	14615	True
WARS	4159	4159	True
WARS2	4647	4647	True
WAS	3886	3886	True
WASF1	6910	6910	True
WASF2	5246	5246	True
WASF3	1208	1208	True
WASF3-AS1	15172	15172	True
WASH1	13708	13708	True
WASIR2	11754	11754	True
WASL	8788	8788	True
WBP1	8823	8823	True
WBP11	7782	7782	True
WBP1L	4498	4498	True
WBP2	19	19	True
WBP2NL	11340	11340	True
WBP4	10664	10664	True
WBSCR16	14365	14365	True
WBSCR22	14293	14293	True
WBSCR27	13438	13438	True
WDFY1	3772	3772	True
WDFY2	10625	10625	True
WDFY3	8768	8768	True
WDFY3-AS2	14146	14146	True
WDHD1	8436	8436	True
WDPCP	7482	7482	True
WDR1	7756	7756	True
WDR11	10513	10513	True
WDR12	5466	5466	True
WDR13	6219	6219	True
WDR17	11812	11812	True
WDR18	9103	9103	True
WDR19	9174	9174	True
WDR20	4451	4451	True
WDR24	4990	4990	True
WDR25	2490	2490	True
WDR26	840	840	True
WDR27	3817	3817	True
WDR3	5247	5247	True
WDR31	2491	2491	True
WDR33	9510	9510	True
WDR34	928	928	True
WDR35	5776	5776	True
WDR36	6518	6518	True
WDR37	4112	4112	True
WDR4	8203	8203	True
WDR41	4067	4067	True
WDR43	7789	7789	True
WDR44	6483	6483	True
WDR45	5313	5313	True
WDR45B	4069	4069	True
WDR46	7346	7346	True
WDR47	1119	1119	True
WDR48	3456	3456	True
WDR49	13540	13540	True
WDR5	4181	4181	True
WDR53	3402	3402	True
WDR54	8647	8647	True
WDR55	9757	9757	True
WDR59	10879	10879	True
WDR5B	7768	7768	True
WDR6	6284	6284	True
WDR60	6281	6281	True
WDR61	8137	8137	True
WDR62	1441	1441	True
WDR63	11714	11714	True
WDR64	13622	13622	True
WDR66	11703	11703	True
WDR7	9916	9916	True
WDR70	10965	10965	True
WDR72	12967	12967	True
WDR73	9845	9845	True
WDR74	4579	4579	True
WDR75	7758	7758	True
WDR76	8396	8396	True
WDR77	8818	8818	True
WDR78	12232	12232	True
WDR81	5431	5431	True
WDR82	9356	9356	True
WDR83	992	992	True
WDR83OS	8837	8837	True
WDR88	14669	14669	True
WDR89	955	955	True
WDR90	1551	1551	True
WDR91	2791	2791	True
WDR92	6160	6160	True
WDR93	14935	14935	True
WDSUB1	6559	6559	True
WDTC1	9485	9485	True
WDYHV1	9696	9696	True
WEE1	3517	3517	True
WEE2-AS1	11897	11897	True
WFDC12	14802	14802	True
WFDC2	11769	11769	True
WFDC3	13024	13024	True
WFIKKN1	11626	11626	True
WFS1	1997	1997	True
WHAMM	10783	10783	True
WHSC1	13206	13206	True
WHSC1L1	14990	14990	True
WIBG	15129	15129	True
WIPF1	11557	11557	True
WIPF2	7118	7118	True
WIPF3	14949	14949	True
WIPI1	419	419	True
WIPI2	5209	5209	True
WISP1	15249	15249	True
WISP2	11495	11495	True
WISP3	14880	14880	True
WIZ	10666	10666	True
WLS	1673	1673	True
WNK1	2741	2741	True
WNK2	2029	2029	True
WNK3	12644	12644	True
WNK4	11515	11515	True
WNT10B	3824	3824	True
WNT11	12038	12038	True
WNT2B	11743	11743	True
WNT3	1423	1423	True
WNT4	305	305	True
WNT5A	174	174	True
WNT5B	12319	12319	True
WNT6	11352	11352	True
WNT7B	5339	5339	True
WNT9A	2190	2190	True
WRAP53	4474	4474	True
WRAP73	9098	9098	True
WRB	11750	11750	True
WRN	8712	8712	True
WRNIP1	8287	8287	True
WSB1	9442	9442	True
WSB2	1083	1083	True
WSCD1	11247	11247	True
WT1	14904	14904	True
WTAP	1493	1493	True
WTIP	961	961	True
WWC1	4981	4981	True
WWC2	1694	1694	True
WWC3	1253	1253	True
WWOX	4010	4010	True
WWP1	4897	4897	True
WWP2	9534	9534	True
WWTR1	496	496	True
WWTR1-AS1	13931	13931	True
XAB2	5796	5796	True
XAF1	11382	11382	True
XBP1	3918	3918	True
XDH	14515	14515	True
XG	8258	8258	True
XIAP	3058	3058	True
XIST	11589	11589	True
XK	11280	11280	True
XKR6	357	357	True
XKR8	7885	7885	True
XKR9	12683	12683	True
XPA	6536	6536	True
XPC	7506	7506	True
XPNPEP1	1461	1461	True
XPNPEP3	4812	4812	True
XPO1	5810	5810	True
XPO4	10247	10247	True
XPO5	5242	5242	True
XPO6	4868	4868	True
XPO7	4064	4064	True
XPOT	5373	5373	True
XPR1	10385	10385	True
XRCC1	7379	7379	True
XRCC2	5332	5332	True
XRCC3	4060	4060	True
XRCC4	6977	6977	True
XRCC5	3142	3142	True
XRCC6	6050	6050	True
XRCC6BP1	13762	13762	True
XRN1	8375	8375	True
XRN2	9458	9458	True
XRRA1	7509	7509	True
XXYLT1	1587	1587	True
XYLB	3136	3136	True
XYLT1	1344	1344	True
XYLT2	9805	9805	True
YAE1D1	12721	12721	True
YAF2	9751	9751	True
YAP1	9072	9072	True
YARS	2353	2353	True
YARS2	10331	10331	True
YBEY	796	796	True
YBX1	6013	6013	True
YBX2	536	536	True
YBX3	10649	10649	True
YDJC	9160	9160	True
YEATS2	3109	3109	True
YEATS4	7146	7146	True
YES1	811	811	True
YIF1A	4481	4481	True
YIF1B	8915	8915	True
YIPF1	6984	6984	True
YIPF2	6279	6279	True
YIPF3	6430	6430	True
YIPF4	4548	4548	True
YIPF5	3595	3595	True
YIPF6	7018	7018	True
YJEFN3	10229	10229	True
YKT6	6149	6149	True
YLPM1	7890	7890	True
YME1L1	3461	3461	True
YOD1	12519	12519	True
YPEL1	12778	12778	True
YPEL2	2590	2590	True
YPEL3	2025	2025	True
YPEL5	4007	4007	True
YRDC	10788	10788	True
YTHDC1	8522	8522	True
YTHDC2	4828	4828	True
YTHDF1	7715	7715	True
YTHDF2	2431	2431	True
YTHDF3	7888	7888	True
YTHDF3-AS1	12769	12769	True
YWHAB	7283	7283	True
YWHAE	2265	2265	True
YWHAG	5608	5608	True
YWHAH	5804	5804	True
YWHAQ	1403	1403	True
YWHAZ	3253	3253	True
YY1	10678	10678	True
YY1AP1	10993	10993	True
YY2	12849	12849	True
ZADH2	5999	5999	True
ZBED1	8284	8284	True
ZBED3	6400	6400	True
ZBED3-AS1	12249	12249	True
ZBED4	6934	6934	True
ZBED5	5582	5582	True
ZBED5-AS1	12080	12080	True
ZBED6	5451	5451	True
ZBED6CL	9991	9991	True
ZBED8	9213	9213	True
ZBED9	4676	4676	True
ZBTB1	5131	5131	True
ZBTB10	7644	7644	True
ZBTB11	10850	10850	True
ZBTB11-AS1	13016	13016	True
ZBTB12	1662	1662	True
ZBTB14	10099	10099	True
ZBTB16	13646	13646	True
ZBTB17	8272	8272	True
ZBTB18	12907	12907	True
ZBTB2	7291	7291	True
ZBTB20	12557	12557	True
ZBTB21	9374	9374	True
ZBTB22	7171	7171	True
ZBTB24	6122	6122	True
ZBTB25	2567	2567	True
ZBTB26	2007	2007	True
ZBTB3	10349	10349	True
ZBTB32	13355	13355	True
ZBTB33	3588	3588	True
ZBTB34	5349	5349	True
ZBTB37	4869	4869	True
ZBTB38	1903	1903	True
ZBTB39	5826	5826	True
ZBTB4	3482	3482	True
ZBTB40	4292	4292	True
ZBTB41	10360	10360	True
ZBTB42	12301	12301	True
ZBTB43	5640	5640	True
ZBTB44	8892	8892	True
ZBTB45	8020	8020	True
ZBTB46	8811	8811	True
ZBTB47	2339	2339	True
ZBTB48	10151	10151	True
ZBTB49	4670	4670	True
ZBTB5	4256	4256	True
ZBTB6	7927	7927	True
ZBTB7A	1977	1977	True
ZBTB7B	5186	5186	True
ZBTB7C	11664	11664	True
ZBTB8A	10631	10631	True
ZBTB8OS	4684	4684	True
ZBTB9	12132	12132	True
ZC2HC1A	3865	3865	True
ZC2HC1C	504	504	True
ZC3H10	6021	6021	True
ZC3H11A	2306	2306	True
ZC3H11B	13462	13462	True
ZC3H12A	3329	3329	True
ZC3H12B	14154	14154	True
ZC3H12C	91	91	True
ZC3H13	10528	10528	True
ZC3H14	9120	9120	True
ZC3H15	3861	3861	True
ZC3H18	7138	7138	True
ZC3H3	10532	10532	True
ZC3H4	10262	10262	True
ZC3H6	9355	9355	True
ZC3H7A	7027	7027	True
ZC3H7B	6053	6053	True
ZC3H8	9733	9733	True
ZC3HAV1	3594	3594	True
ZC3HAV1L	2297	2297	True
ZC3HC1	1127	1127	True
ZC4H2	11806	11806	True
ZCCHC10	4733	4733	True
ZCCHC14	5193	5193	True
ZCCHC17	9839	9839	True
ZCCHC18	13170	13170	True
ZCCHC2	3864	3864	True
ZCCHC24	403	403	True
ZCCHC3	9957	9957	True
ZCCHC4	9226	9226	True
ZCCHC6	14298	14298	True
ZCCHC7	3638	3638	True
ZCCHC8	10728	10728	True
ZCCHC9	7296	7296	True
ZCRB1	8288	8288	True
ZCWPW1	6929	6929	True
ZCWPW2	12885	12885	True
ZDBF2	7793	7793	True
ZDHHC1	430	430	True
ZDHHC11	9280	9280	True
ZDHHC11B	13978	13978	True
ZDHHC12	2937	2937	True
ZDHHC13	8698	8698	True
ZDHHC14	3661	3661	True
ZDHHC15	14268	14268	True
ZDHHC16	5309	5309	True
ZDHHC17	10998	10998	True
ZDHHC18	7356	7356	True
ZDHHC2	12028	12028	True
ZDHHC20	8376	8376	True
ZDHHC21	2897	2897	True
ZDHHC23	8498	8498	True
ZDHHC24	6671	6671	True
ZDHHC3	6581	6581	True
ZDHHC4	3470	3470	True
ZDHHC5	5157	5157	True
ZDHHC6	10198	10198	True
ZDHHC7	2289	2289	True
ZDHHC8	2540	2540	True
ZDHHC9	8266	8266	True
ZEB1	11388	11388	True
ZEB1-AS1	11906	11906	True
ZER1	10301	10301	True
ZFAND1	2272	2272	True
ZFAND2A	5165	5165	True
ZFAND2B	5060	5060	True
ZFAND3	8299	8299	True
ZFAND4	1668	1668	True
ZFAND5	2313	2313	True
ZFAND6	8520	8520	True
ZFAS1	11685	11685	True
ZFAT	10673	10673	True
ZFC3H1	5254	5254	True
ZFHX2	4119	4119	True
ZFHX3	7093	7093	True
ZFHX4	14161	14161	True
ZFP1	3011	3011	True
ZFP14	10787	10787	True
ZFP2	12385	12385	True
ZFP28	14681	14681	True
ZFP3	1132	1132	True
ZFP30	9654	9654	True
ZFP36	3639	3639	True
ZFP36L1	444	444	True
ZFP36L2	4842	4842	True
ZFP37	14395	14395	True
ZFP41	9547	9547	True
ZFP62	10659	10659	True
ZFP64	10394	10394	True
ZFP69	9912	9912	True
ZFP69B	4491	4491	True
ZFP82	14934	14934	True
ZFP90	11546	11546	True
ZFP91	9989	9989	True
ZFP92	13867	13867	True
ZFPL1	4075	4075	True
ZFPM1	7462	7462	True
ZFPM2	12951	12951	True
ZFR	10888	10888	True
ZFR2	13809	13809	True
ZFX	7685	7685	True
ZFX-AS1	14089	14089	True
ZFYVE1	9927	9927	True
ZFYVE16	9268	9268	True
ZFYVE19	9097	9097	True
ZFYVE21	1793	1793	True
ZFYVE26	4432	4432	True
ZFYVE27	10127	10127	True
ZFYVE28	3217	3217	True
ZFYVE9	8188	8188	True
ZG16	13118	13118	True
ZG16B	2420	2420	True
ZGLP1	5300	5300	True
ZGPAT	6679	6679	True
ZGRF1	7891	7891	True
ZHX1	7312	7312	True
ZHX1-C8orf76	12171	12171	True
ZHX2	1630	1630	True
ZHX3	3176	3176	True
ZIC1	314	314	True
ZIC2	2720	2720	True
ZIC3	14454	14454	True
ZIC4	613	613	True
ZIC5	3908	3908	True
ZIM2	14910	14910	True
ZKSCAN1	4222	4222	True
ZKSCAN2	7992	7992	True
ZKSCAN3	10818	10818	True
ZKSCAN4	10295	10295	True
ZKSCAN5	9231	9231	True
ZKSCAN7	14006	14006	True
ZKSCAN8	7292	7292	True
ZMAT1	12044	12044	True
ZMAT2	6140	6140	True
ZMAT3	10042	10042	True
ZMAT4	13251	13251	True
ZMAT5	9566	9566	True
ZMIZ1	1055	1055	True
ZMIZ1-AS1	13811	13811	True
ZMIZ2	10260	10260	True
ZMPSTE24	7378	7378	True
ZMYM1	10259	10259	True
ZMYM2	7816	7816	True
ZMYM3	10891	10891	True
ZMYM4	5983	5983	True
ZMYM4-AS1	14550	14550	True
ZMYM5	6570	6570	True
ZMYM6	10916	10916	True
ZMYM6NB	13135	13135	True
ZMYND10	3086	3086	True
ZMYND11	4136	4136	True
ZMYND12	12031	12031	True
ZMYND15	10481	10481	True
ZMYND19	10081	10081	True
ZMYND8	3586	3586	True
ZNF10	6495	6495	True
ZNF100	9331	9331	True
ZNF101	10192	10192	True
ZNF106	6853	6853	True
ZNF107	6871	6871	True
ZNF112	2376	2376	True
ZNF114	788	788	True
ZNF117	1923	1923	True
ZNF12	9892	9892	True
ZNF121	8243	8243	True
ZNF124	2307	2307	True
ZNF131	8932	8932	True
ZNF132	15091	15091	True
ZNF133	3236	3236	True
ZNF134	4692	4692	True
ZNF135	14889	14889	True
ZNF136	9068	9068	True
ZNF138	3172	3172	True
ZNF14	1549	1549	True
ZNF140	7792	7792	True
ZNF141	9426	9426	True
ZNF142	8090	8090	True
ZNF143	5289	5289	True
ZNF146	5323	5323	True
ZNF148	9112	9112	True
ZNF154	14471	14471	True
ZNF155	2571	2571	True
ZNF16	7707	7707	True
ZNF160	6825	6825	True
ZNF165	4899	4899	True
ZNF169	11027	11027	True
ZNF17	10627	10627	True
ZNF174	6100	6100	True
ZNF175	13976	13976	True
ZNF18	7798	7798	True
ZNF180	6666	6666	True
ZNF181	8418	8418	True
ZNF182	10955	10955	True
ZNF184	10615	10615	True
ZNF185	2057	2057	True
ZNF189	7770	7770	True
ZNF19	5710	5710	True
ZNF195	1425	1425	True
ZNF197	2479	2479	True
ZNF2	4618	4618	True
ZNF20	8719	8719	True
ZNF200	4747	4747	True
ZNF202	6322	6322	True
ZNF205	7102	7102	True
ZNF207	11087	11087	True
ZNF208	11460	11460	True
ZNF211	1560	1560	True
ZNF212	6426	6426	True
ZNF213	4206	4206	True
ZNF213-AS1	12388	12388	True
ZNF214	15045	15045	True
ZNF215	15201	15201	True
ZNF217	4948	4948	True
ZNF219	3474	3474	True
ZNF22	2383	2383	True
ZNF221	14813	14813	True
ZNF222	2391	2391	True
ZNF223	2653	2653	True
ZNF224	8756	8756	True
ZNF225	3472	3472	True
ZNF226	3646	3646	True
ZNF227	8358	8358	True
ZNF229	826	826	True
ZNF23	12949	12949	True
ZNF230	5112	5112	True
ZNF232	1922	1922	True
ZNF233	10387	10387	True
ZNF234	2996	2996	True
ZNF235	8866	8866	True
ZNF236	8181	8181	True
ZNF239	3830	3830	True
ZNF24	4934	4934	True
ZNF248	8292	8292	True
ZNF25	2132	2132	True
ZNF250	9662	9662	True
ZNF251	3162	3162	True
ZNF252P-AS1	14246	14246	True
ZNF253	4116	4116	True
ZNF254	4325	4325	True
ZNF256	2730	2730	True
ZNF257	1417	1417	True
ZNF26	7552	7552	True
ZNF260	10275	10275	True
ZNF263	10925	10925	True
ZNF264	11564	11564	True
ZNF266	3499	3499	True
ZNF267	10074	10074	True
ZNF268	6577	6577	True
ZNF273	6625	6625	True
ZNF274	7626	7626	True
ZNF275	688	688	True
ZNF276	3451	3451	True
ZNF277	2345	2345	True
ZNF28	9190	9190	True
ZNF280C	2546	2546	True
ZNF280D	10558	10558	True
ZNF281	187	187	True
ZNF282	9500	9500	True
ZNF283	7711	7711	True
ZNF284	11450	11450	True
ZNF285	2478	2478	True
ZNF286A	11785	11785	True
ZNF286B	12873	12873	True
ZNF287	9640	9640	True
ZNF292	8472	8472	True
ZNF296	9052	9052	True
ZNF3	1900	1900	True
ZNF30	3099	3099	True
ZNF300	13699	13699	True
ZNF302	5549	5549	True
ZNF304	2995	2995	True
ZNF311	10811	10811	True
ZNF316	9367	9367	True
ZNF317	7841	7841	True
ZNF318	6470	6470	True
ZNF319	1404	1404	True
ZNF32	3362	3362	True
ZNF320	12924	12924	True
ZNF322	11028	11028	True
ZNF324	2189	2189	True
ZNF324B	5189	5189	True
ZNF326	4265	4265	True
ZNF329	7419	7419	True
ZNF330	8851	8851	True
ZNF331	9797	9797	True
ZNF333	9421	9421	True
ZNF334	11184	11184	True
ZNF335	9119	9119	True
ZNF337	3964	3964	True
ZNF337-AS1	11763	11763	True
ZNF33A	7731	7731	True
ZNF33B	11733	11733	True
ZNF34	3917	3917	True
ZNF341	9903	9903	True
ZNF343	7047	7047	True
ZNF345	2292	2292	True
ZNF346	7300	7300	True
ZNF347	14997	14997	True
ZNF35	8630	8630	True
ZNF350	8166	8166	True
ZNF350-AS1	14212	14212	True
ZNF354A	5805	5805	True
ZNF354B	5102	5102	True
ZNF354C	2714	2714	True
ZNF358	6372	6372	True
ZNF362	7183	7183	True
ZNF365	12122	12122	True
ZNF367	1777	1777	True
ZNF37A	6682	6682	True
ZNF382	12459	12459	True
ZNF383	10483	10483	True
ZNF384	4734	4734	True
ZNF385A	1214	1214	True
ZNF385B	11712	11712	True
ZNF385C	11867	11867	True
ZNF385D	14614	14614	True
ZNF391	9756	9756	True
ZNF394	2384	2384	True
ZNF395	3620	3620	True
ZNF396	10175	10175	True
ZNF397	10454	10454	True
ZNF398	2929	2929	True
ZNF404	2732	2732	True
ZNF407	11062	11062	True
ZNF408	9962	9962	True
ZNF41	1533	1533	True
ZNF410	3566	3566	True
ZNF414	9432	9432	True
ZNF415	2076	2076	True
ZNF416	3618	3618	True
ZNF417	6171	6171	True
ZNF418	9637	9637	True
ZNF419	2824	2824	True
ZNF420	10795	10795	True
ZNF423	13414	13414	True
ZNF425	3659	3659	True
ZNF426	12408	12408	True
ZNF428	3744	3744	True
ZNF429	11039	11039	True
ZNF43	3723	3723	True
ZNF430	8817	8817	True
ZNF431	4544	4544	True
ZNF432	9257	9257	True
ZNF433	6291	6291	True
ZNF436	4709	4709	True
ZNF436-AS1	13402	13402	True
ZNF438	1017	1017	True
ZNF439	14331	14331	True
ZNF44	3507	3507	True
ZNF440	9341	9341	True
ZNF441	2032	2032	True
ZNF442	4435	4435	True
ZNF443	9306	9306	True
ZNF444	10901	10901	True
ZNF445	8092	8092	True
ZNF446	5262	5262	True
ZNF449	11667	11667	True
ZNF45	4425	4425	True
ZNF451	4506	4506	True
ZNF454	14682	14682	True
ZNF460	12440	12440	True
ZNF461	7549	7549	True
ZNF462	10038	10038	True
ZNF467	3419	3419	True
ZNF468	8360	8360	True
ZNF469	13679	13679	True
ZNF470	14122	14122	True
ZNF471	14775	14775	True
ZNF473	9671	9671	True
ZNF48	10628	10628	True
ZNF480	4640	4640	True
ZNF483	12547	12547	True
ZNF484	5523	5523	True
ZNF485	1755	1755	True
ZNF486	11739	11739	True
ZNF487	11941	11941	True
ZNF488	11488	11488	True
ZNF490	10726	10726	True
ZNF491	14865	14865	True
ZNF492	5260	5260	True
ZNF493	7899	7899	True
ZNF496	9206	9206	True
ZNF497	3577	3577	True
ZNF500	8786	8786	True
ZNF501	13959	13959	True
ZNF503	5293	5293	True
ZNF503-AS2	13583	13583	True
ZNF506	4298	4298	True
ZNF507	10974	10974	True
ZNF510	4503	4503	True
ZNF511	3608	3608	True
ZNF512	10187	10187	True
ZNF512B	1669	1669	True
ZNF513	7245	7245	True
ZNF514	2974	2974	True
ZNF516	9413	9413	True
ZNF517	3450	3450	True
ZNF518A	6793	6793	True
ZNF518B	14307	14307	True
ZNF519	9225	9225	True
ZNF524	10835	10835	True
ZNF525	11674	11674	True
ZNF526	6674	6674	True
ZNF527	11064	11064	True
ZNF528	2541	2541	True
ZNF529	7699	7699	True
ZNF529-AS1	11541	11541	True
ZNF530	10443	10443	True
ZNF532	11476	11476	True
ZNF540	13003	13003	True
ZNF541	13397	13397	True
ZNF543	3550	3550	True
ZNF544	7628	7628	True
ZNF546	11604	11604	True
ZNF547	2351	2351	True
ZNF548	2784	2784	True
ZNF549	2473	2473	True
ZNF550	3418	3418	True
ZNF551	9176	9176	True
ZNF552	2141	2141	True
ZNF554	6721	6721	True
ZNF555	5444	5444	True
ZNF556	14554	14554	True
ZNF557	9472	9472	True
ZNF558	4756	4756	True
ZNF559	2211	2211	True
ZNF561	7818	7818	True
ZNF561-AS1	13768	13768	True
ZNF562	3829	3829	True
ZNF563	9360	9360	True
ZNF564	7875	7875	True
ZNF565	8338	8338	True
ZNF566	2060	2060	True
ZNF567	9871	9871	True
ZNF568	2735	2735	True
ZNF569	1825	1825	True
ZNF57	4975	4975	True
ZNF570	3302	3302	True
ZNF571	5522	5522	True
ZNF571-AS1	11944	11944	True
ZNF572	1474	1474	True
ZNF573	12697	12697	True
ZNF574	5679	5679	True
ZNF575	12154	12154	True
ZNF576	10224	10224	True
ZNF577	14911	14911	True
ZNF578	12694	12694	True
ZNF579	9525	9525	True
ZNF580	6980	6980	True
ZNF581	9632	9632	True
ZNF582	14474	14474	True
ZNF583	12144	12144	True
ZNF584	3934	3934	True
ZNF585A	2946	2946	True
ZNF585B	4415	4415	True
ZNF586	8447	8447	True
ZNF587	9889	9889	True
ZNF587B	8398	8398	True
ZNF589	9165	9165	True
ZNF592	2453	2453	True
ZNF593	10712	10712	True
ZNF594	4281	4281	True
ZNF595	8606	8606	True
ZNF596	6365	6365	True
ZNF597	2451	2451	True
ZNF598	10324	10324	True
ZNF599	5879	5879	True
ZNF600	10291	10291	True
ZNF605	2612	2612	True
ZNF606	9140	9140	True
ZNF607	9418	9418	True
ZNF608	8833	8833	True
ZNF609	9948	9948	True
ZNF610	5367	5367	True
ZNF611	7777	7777	True
ZNF613	5633	5633	True
ZNF614	8283	8283	True
ZNF615	2195	2195	True
ZNF616	10632	10632	True
ZNF618	3022	3022	True
ZNF619	3643	3643	True
ZNF620	9935	9935	True
ZNF621	10325	10325	True
ZNF622	8523	8523	True
ZNF623	8468	8468	True
ZNF624	9417	9417	True
ZNF625	2766	2766	True
ZNF625-ZNF20	14497	14497	True
ZNF626	14445	14445	True
ZNF627	4764	4764	True
ZNF628	9362	9362	True
ZNF629	9969	9969	True
ZNF630	2417	2417	True
ZNF638	9680	9680	True
ZNF639	11070	11070	True
ZNF641	3960	3960	True
ZNF644	5026	5026	True
ZNF646	10754	10754	True
ZNF649	14480	14480	True
ZNF652	4789	4789	True
ZNF653	4204	4204	True
ZNF654	7983	7983	True
ZNF655	13669	13669	True
ZNF658	3200	3200	True
ZNF66	11516	11516	True
ZNF660	14608	14608	True
ZNF664	8094	8094	True
ZNF665	14969	14969	True
ZNF667	14353	14353	True
ZNF668	10428	10428	True
ZNF669	2387	2387	True
ZNF670	11644	11644	True
ZNF671	14771	14771	True
ZNF672	2830	2830	True
ZNF674	12608	12608	True
ZNF674-AS1	11934	11934	True
ZNF675	6386	6386	True
ZNF676	14303	14303	True
ZNF678	4368	4368	True
ZNF680	4421	4421	True
ZNF681	5841	5841	True
ZNF682	7788	7788	True
ZNF684	10463	10463	True
ZNF687	4072	4072	True
ZNF688	3631	3631	True
ZNF689	3938	3938	True
ZNF69	11283	11283	True
ZNF691	6441	6441	True
ZNF692	1626	1626	True
ZNF695	4423	4423	True
ZNF696	4661	4661	True
ZNF697	5567	5567	True
ZNF699	12959	12959	True
ZNF7	10857	10857	True
ZNF70	12840	12840	True
ZNF700	10590	10590	True
ZNF701	10909	10909	True
ZNF703	563	563	True
ZNF704	959	959	True
ZNF706	8611	8611	True
ZNF707	11010	11010	True
ZNF708	8442	8442	True
ZNF709	13421	13421	True
ZNF71	8556	8556	True
ZNF710	6313	6313	True
ZNF711	4033	4033	True
ZNF713	10316	10316	True
ZNF714	10239	10239	True
ZNF716	11652	11652	True
ZNF717	12484	12484	True
ZNF718	3801	3801	True
ZNF720	9633	9633	True
ZNF721	8138	8138	True
ZNF726	9807	9807	True
ZNF727	11394	11394	True
ZNF730	4510	4510	True
ZNF732	11548	11548	True
ZNF736	5265	5265	True
ZNF737	6248	6248	True
ZNF738	12145	12145	True
ZNF74	4742	4742	True
ZNF740	4599	4599	True
ZNF746	9658	9658	True
ZNF747	11145	11145	True
ZNF749	2153	2153	True
ZNF750	5387	5387	True
ZNF75A	3049	3049	True
ZNF75D	2602	2602	True
ZNF76	10403	10403	True
ZNF761	4259	4259	True
ZNF763	3991	3991	True
ZNF764	8779	8779	True
ZNF765	10684	10684	True
ZNF766	9576	9576	True
ZNF768	2660	2660	True
ZNF77	10353	10353	True
ZNF770	8573	8573	True
ZNF771	5575	5575	True
ZNF772	1091	1091	True
ZNF773	3678	3678	True
ZNF774	6048	6048	True
ZNF775	9501	9501	True
ZNF776	7360	7360	True
ZNF777	9090	9090	True
ZNF778	6573	6573	True
ZNF780A	1342	1342	True
ZNF780B	10020	10020	True
ZNF781	13724	13724	True
ZNF782	5461	5461	True
ZNF783	10957	10957	True
ZNF784	10369	10369	True
ZNF785	5417	5417	True
ZNF786	3684	3684	True
ZNF787	10010	10010	True
ZNF789	4344	4344	True
ZNF79	3700	3700	True
ZNF790	2743	2743	True
ZNF790-AS1	13220	13220	True
ZNF791	5607	5607	True
ZNF792	7868	7868	True
ZNF793	6500	6500	True
ZNF793-AS1	13120	13120	True
ZNF799	3729	3729	True
ZNF8	4171	4171	True
ZNF800	10719	10719	True
ZNF804A	13133	13133	True
ZNF805	7774	7774	True
ZNF808	7545	7545	True
ZNF81	4438	4438	True
ZNF813	3789	3789	True
ZNF814	8210	8210	True
ZNF816	11020	11020	True
ZNF816-ZNF321P	12130	12130	True
ZNF821	4397	4397	True
ZNF823	1244	1244	True
ZNF827	743	743	True
ZNF829	2626	2626	True
ZNF83	8267	8267	True
ZNF830	8754	8754	True
ZNF836	9025	9025	True
ZNF837	9303	9303	True
ZNF839	2222	2222	True
ZNF84	10386	10386	True
ZNF841	7105	7105	True
ZNF843	12454	12454	True
ZNF844	14338	14338	True
ZNF845	11040	11040	True
ZNF846	10083	10083	True
ZNF85	6791	6791	True
ZNF850	3355	3355	True
ZNF852	5418	5418	True
ZNF853	15130	15130	True
ZNF860	6967	6967	True
ZNF862	9958	9958	True
ZNF865	9714	9714	True
ZNF878	11240	11240	True
ZNF879	8336	8336	True
ZNF880	2641	2641	True
ZNF883	11256	11256	True
ZNF888	14639	14639	True
ZNF891	12199	12199	True
ZNF90	2643	2643	True
ZNF91	2954	2954	True
ZNF92	3338	3338	True
ZNF93	2429	2429	True
ZNF98	1234	1234	True
ZNF99	14199	14199	True
ZNFX1	7719	7719	True
ZNHIT1	2293	2293	True
ZNHIT2	9015	9015	True
ZNHIT3	7964	7964	True
ZNHIT6	901	901	True
ZNRD1	6820	6820	True
ZNRF1	970	970	True
ZNRF2	763	763	True
ZNRF3	6213	6213	True
ZNRF3-AS1	14473	14473	True
ZP3	1479	1479	True
ZPLD1	13887	13887	True
ZPR1	10679	10679	True
ZRANB1	4633	4633	True
ZRANB2	6347	6347	True
ZRANB3	4005	4005	True
ZRSR2	4231	4231	True
ZSCAN1	14653	14653	True
ZSCAN12	12997	12997	True
ZSCAN16	4359	4359	True
ZSCAN16-AS1	11572	11572	True
ZSCAN18	1754	1754	True
ZSCAN2	684	684	True
ZSCAN20	4710	4710	True
ZSCAN21	1902	1902	True
ZSCAN22	9503	9503	True
ZSCAN25	5473	5473	True
ZSCAN26	10884	10884	True
ZSCAN29	10825	10825	True
ZSCAN30	8010	8010	True
ZSCAN31	5295	5295	True
ZSCAN32	10161	10161	True
ZSCAN5A	8684	8684	True
ZSCAN9	10186	10186	True
ZSWIM1	8532	8532	True
ZSWIM3	8211	8211	True
ZSWIM4	3205	3205	True
ZSWIM5	3368	3368	True
ZSWIM6	2179	2179	True
ZSWIM7	8942	8942	True
ZSWIM8	8079	8079	True
ZSWIM8-AS1	15060	15060	True
ZUFSP	13500	13500	True
ZW10	7382	7382	True
ZWILCH	6578	6578	True
ZWINT	3716	3716	True
ZXDA	12584	12584	True
ZXDB	5548	5548	True
ZXDC	4855	4855	True
ZYG11A	2261	2261	True
ZYG11B	6601	6601	True
ZYX	3393	3393	True
ZZEF1	8388	8388	True
ZZZ3	14824	14824	True
