gene	evidence_category
5S_rRNA	LOW_COVERAGE
7SK	LOW_COVERAGE
A1BG	LOW_EVIDENCE
A1BG-AS1	LOW_EVIDENCE
A1CF	LOW_COVERAGE
A2M	RNA_RESISTANCE_CONSENSUS
A2M-AS1	ACUTE_RESPONSE
A2ML1	LOW_EVIDENCE
A2ML1-AS1	LOW_COVERAGE
A2MP1	LOW_COVERAGE
A3GALT2	LOW_COVERAGE
A4GALT	RNA_RESISTANCE_CONSENSUS
A4GNT	LOW_COVERAGE
AAAS	RNA_RESISTANCE_CONSENSUS
AACS	LOW_EVIDENCE
AADAC	LOW_EVIDENCE
AADACL2	LOW_COVERAGE
AADACL3	LOW_COVERAGE
AADACL4	LOW_COVERAGE
AADAT	LOW_EVIDENCE
AAED1	RNA_RESISTANCE_CONSENSUS
AAGAB	LOW_EVIDENCE
AAK1	LOW_EVIDENCE
AAMDC	LOW_EVIDENCE
AAMP	RNA_RESISTANCE_CONSENSUS
AANAT	LOW_EVIDENCE
AAR2	LOW_EVIDENCE
AARD	RNA_RESISTANCE_CONSENSUS
AARS	RNA_RESISTANCE_CONSENSUS
AARS2	LOW_EVIDENCE
AARSD1	LOW_EVIDENCE
AASDH	LOW_EVIDENCE
AASDHPPT	LOW_EVIDENCE
AASS	RNA_RESISTANCE_CONSENSUS
AATBC	LOW_COVERAGE
AATF	LOW_EVIDENCE
AATK	RNA_RESISTANCE_CONSENSUS
AB015752.3	LOW_COVERAGE
AB019441.29	LOW_COVERAGE
ABALON	LOW_COVERAGE
ABAT	RNA_RESISTANCE_CONSENSUS
ABC12-49244600F4.4	LOW_COVERAGE
ABCA1	ACUTE_RESPONSE
ABCA10	LOW_EVIDENCE
ABCA11P	LOW_COVERAGE
ABCA12	RNA_RESISTANCE_CONSENSUS
ABCA13	LOW_COVERAGE
ABCA17P	LOW_COVERAGE
ABCA2	RNA_RESISTANCE_CONSENSUS
ABCA3	RNA_RESISTANCE_CONSENSUS
ABCA4	RNA_RESISTANCE_CONSENSUS
ABCA5	RNA_RESISTANCE_CONSENSUS
ABCA6	LOW_EVIDENCE
ABCA7	LOW_EVIDENCE
ABCA8	LOW_COVERAGE
ABCA9	LOW_EVIDENCE
ABCB1	LOW_EVIDENCE
ABCB10	LOW_EVIDENCE
ABCB11	LOW_EVIDENCE
ABCB4	LOW_EVIDENCE
ABCB5	LOW_COVERAGE
ABCB6	LOW_EVIDENCE
ABCB7	LOW_EVIDENCE
ABCB8	RNA_RESISTANCE_CONSENSUS
ABCB9	RNA_RESISTANCE_CONSENSUS
ABCC1	LOW_EVIDENCE
ABCC10	LOW_EVIDENCE
ABCC11	RNA_RESISTANCE_CONSENSUS
ABCC12	LOW_COVERAGE
ABCC13	LOW_COVERAGE
ABCC2	RNA_RESISTANCE_CONSENSUS
ABCC3	RNA_RESISTANCE_CONSENSUS
ABCC4	RNA_RESISTANCE_CONSENSUS
ABCC5	RNA_RESISTANCE_CONSENSUS
ABCC5-AS1	LOW_COVERAGE
ABCC6	RNA_RESISTANCE_CONSENSUS
ABCC6P1	LOW_COVERAGE
ABCC6P2	LOW_COVERAGE
ABCC8	RNA_RESISTANCE_CONSENSUS
ABCC9	LOW_EVIDENCE
ABCD1	RNA_RESISTANCE_CONSENSUS
ABCD2	LOW_COVERAGE
ABCD3	LOW_EVIDENCE
ABCD4	LOW_EVIDENCE
ABCE1	LOW_EVIDENCE
ABCF1	LOW_EVIDENCE
ABCF2	LOW_EVIDENCE
ABCF2.1	LOW_COVERAGE
ABCF3	LOW_EVIDENCE
ABCG1	RNA_RESISTANCE_CONSENSUS
ABCG2	RNA_RESISTANCE_CONSENSUS
ABCG4	LOW_COVERAGE
ABCG5	LOW_COVERAGE
ABCG8	LOW_COVERAGE
ABHD1	RNA_RESISTANCE_CONSENSUS
ABHD10	RNA_RESISTANCE_CONSENSUS
ABHD11	LOW_EVIDENCE
ABHD11-AS1	LOW_COVERAGE
ABHD12	RNA_RESISTANCE_CONSENSUS
ABHD12B	ACUTE_RESPONSE
ABHD13	RNA_RESISTANCE_CONSENSUS
ABHD14A	RNA_RESISTANCE_CONSENSUS
ABHD14A-ACY1	LOW_EVIDENCE
ABHD14B	RNA_RESISTANCE_CONSENSUS
ABHD15	LOW_EVIDENCE
ABHD15-AS1	LOW_COVERAGE
ABHD16A	LOW_EVIDENCE
ABHD16B	LOW_COVERAGE
ABHD17A	RNA_RESISTANCE_CONSENSUS
ABHD17AP1	LOW_COVERAGE
ABHD17B	RNA_RESISTANCE_CONSENSUS
ABHD17C	RNA_RESISTANCE_CONSENSUS
ABHD18	LOW_COVERAGE
ABHD2	RNA_RESISTANCE_CONSENSUS
ABHD3	LOW_EVIDENCE
ABHD4	RNA_RESISTANCE_CONSENSUS
ABHD5	LOW_EVIDENCE
ABHD6	RNA_RESISTANCE_CONSENSUS
ABHD8	LOW_EVIDENCE
ABI1	LOW_EVIDENCE
ABI2	LOW_EVIDENCE
ABI3	LOW_COVERAGE
ABI3BP	LOW_EVIDENCE
ABITRAM	LOW_COVERAGE
ABL1	LOW_EVIDENCE
ABL2	LOW_EVIDENCE
ABLIM1	RNA_RESISTANCE_CONSENSUS
ABLIM2	RNA_RESISTANCE_CONSENSUS
ABLIM3	RNA_RESISTANCE_CONSENSUS
ABO	LOW_COVERAGE
ABR	RNA_RESISTANCE_CONSENSUS
ABRA	LOW_COVERAGE
ABRACL	RNA_RESISTANCE_CONSENSUS
ABRAXAS1	LOW_COVERAGE
ABRAXAS2	LOW_COVERAGE
ABT1	LOW_EVIDENCE
ABTB1	RNA_RESISTANCE_CONSENSUS
ABTB2	LOW_EVIDENCE
AC000068.1	LOW_COVERAGE
AC000068.10	LOW_COVERAGE
AC000068.3	LOW_COVERAGE
AC000068.5	LOW_COVERAGE
AC000068.9	LOW_COVERAGE
AC000078.5	LOW_COVERAGE
AC000085.1	LOW_COVERAGE
AC000095.11	LOW_COVERAGE
AC000095.9	LOW_COVERAGE
AC000120.7	LOW_COVERAGE
AC000123.2	LOW_COVERAGE
AC000123.3	LOW_COVERAGE
AC000123.4	LOW_COVERAGE
AC000124.1	LOW_COVERAGE
AC001226.2	LOW_COVERAGE
AC002044.1	LOW_COVERAGE
AC002044.3	LOW_COVERAGE
AC002059.10	LOW_COVERAGE
AC002064.4	LOW_COVERAGE
AC002066.1	LOW_COVERAGE
AC002069.5	LOW_COVERAGE
AC002070.1	LOW_COVERAGE
AC002075.3	LOW_COVERAGE
AC002075.4	LOW_COVERAGE
AC002076.1	LOW_COVERAGE
AC002076.10	LOW_COVERAGE
AC002091.1	LOW_COVERAGE
AC002116.2	LOW_COVERAGE
AC002116.7	LOW_COVERAGE
AC002116.8	LOW_COVERAGE
AC002117.1	LOW_COVERAGE
AC002128.1	LOW_COVERAGE
AC002128.5	LOW_COVERAGE
AC002310.1	LOW_COVERAGE
AC002310.12	LOW_COVERAGE
AC002310.13	LOW_COVERAGE
AC002310.14	LOW_COVERAGE
AC002310.17	LOW_COVERAGE
AC002310.2	LOW_COVERAGE
AC002310.7	LOW_COVERAGE
AC002375.1	LOW_COVERAGE
AC002377.1	LOW_COVERAGE
AC002378.1	LOW_COVERAGE
AC002398.1	LOW_COVERAGE
AC002398.11	LOW_COVERAGE
AC002398.13	LOW_COVERAGE
AC002398.9	LOW_COVERAGE
AC002400.1	LOW_COVERAGE
AC002401.1	LOW_COVERAGE
AC002401.4	LOW_COVERAGE
AC002429.2	LOW_COVERAGE
AC002429.5	LOW_COVERAGE
AC002451.1	LOW_COVERAGE
AC002454.1	LOW_COVERAGE
AC002456.1	LOW_COVERAGE
AC002456.2	LOW_COVERAGE
AC002460.2	LOW_COVERAGE
AC002463.1	LOW_COVERAGE
AC002467.1	LOW_COVERAGE
AC002467.7	LOW_COVERAGE
AC002470.1	LOW_COVERAGE
AC002519.1	LOW_COVERAGE
AC002519.8	LOW_COVERAGE
AC002543.2	LOW_COVERAGE
AC002550.1	LOW_COVERAGE
AC002550.2	LOW_COVERAGE
AC002550.5	LOW_COVERAGE
AC002550.6	LOW_COVERAGE
AC002553.1	LOW_COVERAGE
AC002553.2	LOW_COVERAGE
AC002553.4	LOW_COVERAGE
AC002558.1	LOW_COVERAGE
AC002558.2	LOW_COVERAGE
AC002558.3	LOW_COVERAGE
AC002985.3	LOW_COVERAGE
AC003001.1	LOW_COVERAGE
AC003002.4	LOW_COVERAGE
AC003002.6	LOW_COVERAGE
AC003003.5	LOW_COVERAGE
AC003005.2	LOW_COVERAGE
AC003005.4	LOW_COVERAGE
AC003006.7	LOW_COVERAGE
AC003070.2	LOW_COVERAGE
AC003075.4	LOW_COVERAGE
AC003086.1	LOW_COVERAGE
AC003088.1	LOW_COVERAGE
AC003090.1	LOW_COVERAGE
AC003092.1	LOW_COVERAGE
AC003101.1	LOW_COVERAGE
AC003101.2	LOW_COVERAGE
AC003102.1	LOW_COVERAGE
AC003102.3	LOW_COVERAGE
AC003104.1	LOW_COVERAGE
AC003665.1	LOW_COVERAGE
AC003681.1	LOW_COVERAGE
AC003956.1	LOW_COVERAGE
AC003965.1	LOW_COVERAGE
AC003965.2	LOW_COVERAGE
AC003984.1	LOW_COVERAGE
AC003986.6	LOW_COVERAGE
AC003989.3	LOW_COVERAGE
AC003989.4	LOW_COVERAGE
AC003991.1	LOW_COVERAGE
AC003991.3	LOW_COVERAGE
AC004000.1	LOW_COVERAGE
AC004012.1	LOW_COVERAGE
AC004019.10	LOW_COVERAGE
AC004019.13	LOW_COVERAGE
AC004034.1	LOW_COVERAGE
AC004039.1	LOW_COVERAGE
AC004053.1	LOW_COVERAGE
AC004054.1	LOW_COVERAGE
AC004057.1	LOW_COVERAGE
AC004066.2	LOW_COVERAGE
AC004066.3	LOW_COVERAGE
AC004067.5	LOW_COVERAGE
AC004069.1	LOW_COVERAGE
AC004069.2	LOW_COVERAGE
AC004076.2	LOW_COVERAGE
AC004076.5	LOW_COVERAGE
AC004076.7	LOW_COVERAGE
AC004076.9	LOW_COVERAGE
AC004083.1	LOW_COVERAGE
AC004112.1	LOW_COVERAGE
AC004112.4	LOW_COVERAGE
AC004130.1	LOW_COVERAGE
AC004130.2	LOW_COVERAGE
AC004148.1	LOW_COVERAGE
AC004148.2	LOW_COVERAGE
AC004156.1	LOW_COVERAGE
AC004156.3	LOW_COVERAGE
AC004158.1	LOW_COVERAGE
AC004158.2	LOW_COVERAGE
AC004158.3	LOW_COVERAGE
AC004160.1	LOW_COVERAGE
AC004160.4	LOW_COVERAGE
AC004221.1	LOW_COVERAGE
AC004223.4	LOW_COVERAGE
AC004231.1	LOW_COVERAGE
AC004231.2	LOW_COVERAGE
AC004231.3	LOW_COVERAGE
AC004232.2	LOW_COVERAGE
AC004233.1	LOW_COVERAGE
AC004233.2	LOW_COVERAGE
AC004233.3	LOW_COVERAGE
AC004233.4	LOW_COVERAGE
AC004237.1	LOW_COVERAGE
AC004241.1	LOW_COVERAGE
AC004241.3	LOW_COVERAGE
AC004253.1	LOW_COVERAGE
AC004257.1	LOW_COVERAGE
AC004263.1	LOW_COVERAGE
AC004263.2	LOW_COVERAGE
AC004264.1	LOW_COVERAGE
AC004381.6	LOW_COVERAGE
AC004383.3	LOW_COVERAGE
AC004448.2	LOW_COVERAGE
AC004453.8	LOW_COVERAGE
AC004466.1	LOW_COVERAGE
AC004477.1	LOW_COVERAGE
AC004477.3	LOW_COVERAGE
AC004490.1	LOW_COVERAGE
AC004494.1	LOW_COVERAGE
AC004510.3	LOW_COVERAGE
AC004520.1	LOW_COVERAGE
AC004522.3	LOW_COVERAGE
AC004538.3	LOW_COVERAGE
AC004540.1	LOW_COVERAGE
AC004540.2	LOW_COVERAGE
AC004540.4	LOW_COVERAGE
AC004540.5	LOW_COVERAGE
AC004549.6	LOW_COVERAGE
AC004551.1	LOW_COVERAGE
AC004554.2	LOW_COVERAGE
AC004556.1	LOW_COVERAGE
AC004584.3	LOW_COVERAGE
AC004585.1	LOW_COVERAGE
AC004590.1	LOW_COVERAGE
AC004594.1	LOW_COVERAGE
AC004596.1	LOW_COVERAGE
AC004623.2	LOW_COVERAGE
AC004623.3	LOW_COVERAGE
AC004687.1	LOW_COVERAGE
AC004702.1	LOW_COVERAGE
AC004704.1	LOW_COVERAGE
AC004706.3	LOW_COVERAGE
AC004754.3	LOW_COVERAGE
AC004771.3	LOW_COVERAGE
AC004771.4	LOW_COVERAGE
AC004775.5	LOW_COVERAGE
AC004784.1	LOW_COVERAGE
AC004797.1	LOW_COVERAGE
AC004803.1	LOW_COVERAGE
AC004812.2	LOW_COVERAGE
AC004816.1	LOW_COVERAGE
AC004816.2	LOW_COVERAGE
AC004824.1	LOW_COVERAGE
AC004825.2	LOW_COVERAGE
AC004825.3	LOW_COVERAGE
AC004830.2	LOW_COVERAGE
AC004832.6	LOW_COVERAGE
AC004834.1	LOW_COVERAGE
AC004837.4	LOW_COVERAGE
AC004837.5	LOW_COVERAGE
AC004839.1	LOW_COVERAGE
AC004839.2	LOW_COVERAGE
AC004840.9	LOW_COVERAGE
AC004846.1	LOW_COVERAGE
AC004846.2	LOW_COVERAGE
AC004854.2	LOW_COVERAGE
AC004854.4	LOW_COVERAGE
AC004865.2	LOW_COVERAGE
AC004877.1	LOW_COVERAGE
AC004884.2	LOW_COVERAGE
AC004889.1	LOW_COVERAGE
AC004893.10	LOW_COVERAGE
AC004893.11	LOW_COVERAGE
AC004895.1	LOW_COVERAGE
AC004908.2	LOW_COVERAGE
AC004908.3	LOW_COVERAGE
AC004917.1	LOW_COVERAGE
AC004918.1	LOW_COVERAGE
AC004918.4	LOW_COVERAGE
AC004921.2	LOW_COVERAGE
AC004922.1	LOW_COVERAGE
AC004923.4	LOW_COVERAGE
AC004932.1	LOW_COVERAGE
AC004938.2	LOW_COVERAGE
AC004943.2	LOW_COVERAGE
AC004943.3	LOW_COVERAGE
AC004948.1	LOW_COVERAGE
AC004949.1	LOW_COVERAGE
AC004951.1	LOW_COVERAGE
AC004951.5	LOW_COVERAGE
AC004951.6	LOW_COVERAGE
AC004967.7	LOW_COVERAGE
AC004974.1	LOW_COVERAGE
AC004980.10	LOW_COVERAGE
AC004980.7	LOW_COVERAGE
AC004982.1	LOW_COVERAGE
AC004982.2	LOW_COVERAGE
AC004985.12	LOW_COVERAGE
AC004988.1	LOW_COVERAGE
AC004990.1	LOW_COVERAGE
AC005005.4	LOW_COVERAGE
AC005013.5	LOW_COVERAGE
AC005014.2	LOW_COVERAGE
AC005014.4	LOW_COVERAGE
AC005034.3	LOW_COVERAGE
AC005034.4	LOW_COVERAGE
AC005034.6	LOW_COVERAGE
AC005037.1	LOW_COVERAGE
AC005037.3	LOW_COVERAGE
AC005041.3	LOW_COVERAGE
AC005041.4	LOW_COVERAGE
AC005041.5	LOW_COVERAGE
AC005042.1	LOW_COVERAGE
AC005042.2	LOW_COVERAGE
AC005042.4	LOW_COVERAGE
AC005046.1	LOW_COVERAGE
AC005052.2	LOW_COVERAGE
AC005062.1	LOW_COVERAGE
AC005062.2	LOW_COVERAGE
AC005070.3	LOW_COVERAGE
AC005071.3	LOW_COVERAGE
AC005071.4	LOW_COVERAGE
AC005072.1	LOW_COVERAGE
AC005076.1	LOW_COVERAGE
AC005076.5	LOW_COVERAGE
AC005077.14	LOW_COVERAGE
AC005077.9	LOW_COVERAGE
AC005081.1	LOW_COVERAGE
AC005083.1	RNA_RESISTANCE_CONSENSUS
AC005089.1	LOW_COVERAGE
AC005091.1	LOW_COVERAGE
AC005096.1	LOW_COVERAGE
AC005104.3	LOW_COVERAGE
AC005154.4	LOW_COVERAGE
AC005154.6	LOW_COVERAGE
AC005154.7	LOW_COVERAGE
AC005154.8	LOW_COVERAGE
AC005162.3	LOW_COVERAGE
AC005162.5	LOW_COVERAGE
AC005220.3	LOW_COVERAGE
AC005224.1	LOW_COVERAGE
AC005224.2	LOW_COVERAGE
AC005224.3	LOW_COVERAGE
AC005224.4	LOW_COVERAGE
AC005225.2	LOW_COVERAGE
AC005225.3	LOW_COVERAGE
AC005229.1	LOW_COVERAGE
AC005229.4	LOW_COVERAGE
AC005229.5	LOW_COVERAGE
AC005237.1	LOW_COVERAGE
AC005237.4	LOW_COVERAGE
AC005251.3	LOW_COVERAGE
AC005253.1	LOW_COVERAGE
AC005253.2	LOW_COVERAGE
AC005253.4	LOW_COVERAGE
AC005255.3	LOW_COVERAGE
AC005256.1	LOW_COVERAGE
AC005261.1	LOW_COVERAGE
AC005261.2	LOW_COVERAGE
AC005261.3	LOW_COVERAGE
AC005262.2	LOW_COVERAGE
AC005262.3	LOW_COVERAGE
AC005280.2	LOW_COVERAGE
AC005281.1	LOW_COVERAGE
AC005281.2	LOW_COVERAGE
AC005288.1	LOW_EVIDENCE
AC005291.1	LOW_COVERAGE
AC005301.2	LOW_COVERAGE
AC005304.3	LOW_COVERAGE
AC005306.1	LOW_COVERAGE
AC005306.3	LOW_COVERAGE
AC005307.1	LOW_COVERAGE
AC005307.3	LOW_COVERAGE
AC005324.3	LOW_COVERAGE
AC005329.1	LOW_COVERAGE
AC005329.7	LOW_COVERAGE
AC005332.1	LOW_COVERAGE
AC005332.3	LOW_COVERAGE
AC005332.4	LOW_COVERAGE
AC005332.5	LOW_COVERAGE
AC005332.6	LOW_COVERAGE
AC005332.7	LOW_COVERAGE
AC005332.8	LOW_COVERAGE
AC005336.4	LOW_COVERAGE
AC005339.1	LOW_COVERAGE
AC005339.2	LOW_COVERAGE
AC005343.1	LOW_COVERAGE
AC005355.1	LOW_COVERAGE
AC005355.2	LOW_COVERAGE
AC005363.11	LOW_COVERAGE
AC005363.2	LOW_COVERAGE
AC005363.9	LOW_COVERAGE
AC005387.2	LOW_COVERAGE
AC005393.1	LOW_COVERAGE
AC005400.1	LOW_COVERAGE
AC005410.2	LOW_COVERAGE
AC005476.2	LOW_COVERAGE
AC005477.1	LOW_COVERAGE
AC005480.1	RNA_RESISTANCE_CONSENSUS
AC005482.1	LOW_COVERAGE
AC005487.1	LOW_COVERAGE
AC005498.2	LOW_COVERAGE
AC005498.3	LOW_COVERAGE
AC005517.3	LOW_COVERAGE
AC005518.2	LOW_COVERAGE
AC005519.4	LOW_COVERAGE
AC005520.2	LOW_COVERAGE
AC005520.3	LOW_COVERAGE
AC005520.5	LOW_COVERAGE
AC005522.1	LOW_COVERAGE
AC005523.1	LOW_COVERAGE
AC005523.2	LOW_EVIDENCE
AC005532.1	LOW_COVERAGE
AC005532.5	LOW_COVERAGE
AC005534.1	LOW_COVERAGE
AC005534.6	LOW_COVERAGE
AC005534.8	LOW_COVERAGE
AC005537.1	LOW_COVERAGE
AC005537.2	LOW_COVERAGE
AC005538.3	LOW_COVERAGE
AC005540.1	LOW_COVERAGE
AC005540.3	LOW_COVERAGE
AC005546.2	LOW_COVERAGE
AC005562.1	RNA_RESISTANCE_CONSENSUS
AC005578.3	LOW_COVERAGE
AC005586.1	LOW_COVERAGE
AC005586.2	LOW_COVERAGE
AC005592.1	LOW_COVERAGE
AC005592.2	LOW_COVERAGE
AC005592.3	LOW_COVERAGE
AC005606.1	LOW_COVERAGE
AC005606.14	LOW_COVERAGE
AC005606.15	LOW_COVERAGE
AC005606.2	LOW_COVERAGE
AC005609.1	LOW_COVERAGE
AC005609.16	LOW_COVERAGE
AC005609.17	LOW_COVERAGE
AC005609.18	LOW_COVERAGE
AC005609.20	LOW_COVERAGE
AC005609.3	LOW_COVERAGE
AC005609.4	LOW_COVERAGE
AC005609.5	LOW_COVERAGE
AC005614.3	LOW_COVERAGE
AC005614.5	LOW_COVERAGE
AC005618.1	LOW_COVERAGE
AC005618.4	LOW_COVERAGE
AC005618.6	LOW_COVERAGE
AC005618.8	LOW_COVERAGE
AC005618.9	LOW_COVERAGE
AC005632.3	LOW_COVERAGE
AC005632.6	LOW_COVERAGE
AC005670.1	LOW_COVERAGE
AC005670.2	LOW_COVERAGE
AC005670.3	LOW_COVERAGE
AC005674.2	LOW_COVERAGE
AC005682.5	LOW_COVERAGE
AC005695.2	LOW_COVERAGE
AC005695.3	LOW_COVERAGE
AC005696.1	LOW_COVERAGE
AC005696.4	LOW_COVERAGE
AC005699.1	LOW_COVERAGE
AC005702.1	LOW_COVERAGE
AC005702.2	LOW_COVERAGE
AC005702.3	LOW_COVERAGE
AC005702.4	LOW_COVERAGE
AC005703.4	LOW_COVERAGE
AC005703.7	LOW_COVERAGE
AC005726.1	LOW_COVERAGE
AC005726.3	LOW_COVERAGE
AC005726.5	LOW_COVERAGE
AC005730.2	LOW_COVERAGE
AC005736.1	LOW_COVERAGE
AC005740.3	LOW_COVERAGE
AC005740.5	LOW_COVERAGE
AC005740.6	LOW_COVERAGE
AC005746.2	LOW_COVERAGE
AC005746.3	LOW_COVERAGE
AC005752.10	LOW_COVERAGE
AC005753.1	LOW_COVERAGE
AC005753.2	LOW_COVERAGE
AC005753.3	LOW_COVERAGE
AC005754.7	LOW_COVERAGE
AC005754.8	LOW_COVERAGE
AC005757.1	LOW_COVERAGE
AC005757.7	LOW_COVERAGE
AC005759.1	LOW_COVERAGE
AC005775.1	LOW_COVERAGE
AC005775.2	LOW_COVERAGE
AC005776.1	LOW_COVERAGE
AC005776.2	LOW_COVERAGE
AC005779.1	LOW_COVERAGE
AC005785.1	LOW_COVERAGE
AC005785.2	LOW_COVERAGE
AC005785.5	LOW_COVERAGE
AC005786.2	LOW_COVERAGE
AC005786.3	LOW_COVERAGE
AC005786.7	LOW_COVERAGE
AC005789.11	LOW_COVERAGE
AC005790.1	LOW_COVERAGE
AC005795.1	LOW_COVERAGE
AC005808.1	LOW_COVERAGE
AC005808.3	LOW_COVERAGE
AC005821.1	LOW_COVERAGE
AC005822.1	LOW_COVERAGE
AC005828.1	LOW_COVERAGE
AC005828.3	LOW_COVERAGE
AC005837.1	LOW_COVERAGE
AC005838.2	LOW_COVERAGE
AC005840.2	LOW_COVERAGE
AC005840.4	LOW_COVERAGE
AC005841.1	LOW_COVERAGE
AC005856.1	LOW_COVERAGE
AC005865.2	LOW_COVERAGE
AC005884.1	LOW_COVERAGE
AC005899.1	LOW_COVERAGE
AC005899.5	LOW_COVERAGE
AC005899.6	LOW_COVERAGE
AC005899.7	LOW_COVERAGE
AC005899.8	LOW_COVERAGE
AC005911.1	LOW_COVERAGE
AC005914.1	LOW_COVERAGE
AC005920.1	LOW_COVERAGE
AC005920.2	LOW_COVERAGE
AC005920.3	LOW_COVERAGE
AC005921.2	LOW_COVERAGE
AC005943.2	LOW_COVERAGE
AC005944.1	LOW_COVERAGE
AC005944.2	LOW_COVERAGE
AC005962.1	LOW_COVERAGE
AC005962.2	LOW_COVERAGE
AC005972.1	LOW_COVERAGE
AC005972.3	LOW_COVERAGE
AC005993.1	LOW_COVERAGE
AC006001.2	LOW_COVERAGE
AC006008.1	LOW_COVERAGE
AC006011.4	LOW_COVERAGE
AC006014.7	LOW_COVERAGE
AC006017.1	LOW_COVERAGE
AC006026.9	LOW_COVERAGE
AC006027.1	LOW_COVERAGE
AC006028.11	LOW_COVERAGE
AC006042.2	LOW_COVERAGE
AC006042.6	LOW_COVERAGE
AC006042.7	LOW_COVERAGE
AC006042.8	LOW_COVERAGE
AC006058.1	LOW_COVERAGE
AC006059.1	LOW_COVERAGE
AC006064.2	LOW_COVERAGE
AC006064.4	LOW_COVERAGE
AC006076.1	LOW_COVERAGE
AC006077.3	LOW_COVERAGE
AC006111.2	LOW_COVERAGE
AC006115.2	LOW_COVERAGE
AC006116.17	LOW_COVERAGE
AC006116.19	LOW_COVERAGE
AC006116.20	LOW_COVERAGE
AC006116.21	LOW_COVERAGE
AC006116.22	LOW_COVERAGE
AC006116.24	LOW_COVERAGE
AC006116.27	LOW_COVERAGE
AC006116.4	LOW_COVERAGE
AC006116.5	LOW_COVERAGE
AC006116.8	LOW_COVERAGE
AC006128.2	LOW_COVERAGE
AC006129.1	LOW_COVERAGE
AC006141.1	LOW_COVERAGE
AC006145.4	LOW_COVERAGE
AC006148.1	LOW_COVERAGE
AC006160.1	LOW_COVERAGE
AC006160.5	LOW_COVERAGE
AC006197.2	LOW_COVERAGE
AC006206.1	LOW_COVERAGE
AC006206.2	LOW_COVERAGE
AC006213.1	LOW_COVERAGE
AC006213.2	LOW_COVERAGE
AC006213.3	LOW_COVERAGE
AC006252.1	LOW_COVERAGE
AC006262.1	LOW_COVERAGE
AC006262.5	LOW_COVERAGE
AC006270.1	LOW_COVERAGE
AC006272.1	LOW_COVERAGE
AC006273.1	LOW_COVERAGE
AC006273.4	LOW_COVERAGE
AC006273.5	LOW_COVERAGE
AC006277.2	LOW_COVERAGE
AC006277.3	LOW_COVERAGE
AC006299.1	LOW_COVERAGE
AC006329.1	LOW_COVERAGE
AC006333.2	LOW_COVERAGE
AC006348.1	LOW_COVERAGE
AC006369.2	LOW_COVERAGE
AC006372.1	LOW_COVERAGE
AC006372.3	LOW_COVERAGE
AC006372.4	LOW_COVERAGE
AC006372.5	LOW_COVERAGE
AC006372.6	LOW_COVERAGE
AC006378.1	LOW_COVERAGE
AC006378.2	LOW_COVERAGE
AC006387.1	LOW_COVERAGE
AC006427.2	LOW_COVERAGE
AC006441.3	LOW_COVERAGE
AC006449.2	HUMAN_TUMOR_SUPPORTED
AC006449.5	LOW_COVERAGE
AC006449.6	LOW_COVERAGE
AC006460.1	LOW_COVERAGE
AC006460.2	LOW_COVERAGE
AC006461.2	LOW_COVERAGE
AC006480.2	LOW_COVERAGE
AC006483.1	LOW_COVERAGE
AC006483.2	LOW_COVERAGE
AC006486.10	LOW_COVERAGE
AC006486.9	LOW_COVERAGE
AC006504.1	LOW_COVERAGE
AC006504.5	LOW_COVERAGE
AC006504.7	LOW_COVERAGE
AC006511.4	LOW_COVERAGE
AC006511.6	LOW_COVERAGE
AC006525.1	LOW_COVERAGE
AC006538.1	LOW_EVIDENCE
AC006538.4	LOW_COVERAGE
AC006539.1	LOW_COVERAGE
AC006539.3	LOW_COVERAGE
AC006547.1	LOW_COVERAGE
AC006547.13	LOW_COVERAGE
AC006547.15	LOW_COVERAGE
AC006547.3	LOW_COVERAGE
AC006547.8	LOW_COVERAGE
AC006557.1	LOW_COVERAGE
AC006581.2	LOW_COVERAGE
AC006942.1	LOW_COVERAGE
AC006946.12	LOW_COVERAGE
AC006946.16	LOW_COVERAGE
AC006946.17	LOW_COVERAGE
AC006946.2	LOW_COVERAGE
AC006974.1	LOW_COVERAGE
AC006974.2	LOW_COVERAGE
AC006978.6	LOW_COVERAGE
AC006994.1	LOW_COVERAGE
AC006994.2	LOW_COVERAGE
AC007000.10	LOW_COVERAGE
AC007009.1	RNA_RESISTANCE_CONSENSUS
AC007009.2	LOW_COVERAGE
AC007014.1	LOW_COVERAGE
AC007014.2	LOW_COVERAGE
AC007029.1	LOW_COVERAGE
AC007032.1	LOW_COVERAGE
AC007036.3	LOW_COVERAGE
AC007036.4	LOW_COVERAGE
AC007036.5	LOW_COVERAGE
AC007036.6	LOW_COVERAGE
AC007038.1	LOW_COVERAGE
AC007038.2	LOW_COVERAGE
AC007038.7	LOW_COVERAGE
AC007040.11	LOW_COVERAGE
AC007040.2	LOW_COVERAGE
AC007040.6	LOW_COVERAGE
AC007041.2	LOW_COVERAGE
AC007050.18	LOW_COVERAGE
AC007066.2	LOW_COVERAGE
AC007066.3	LOW_COVERAGE
AC007098.1	LOW_COVERAGE
AC007099.1	LOW_COVERAGE
AC007114.1	LOW_COVERAGE
AC007114.2	LOW_COVERAGE
AC007128.1	LOW_COVERAGE
AC007128.2	LOW_COVERAGE
AC007130.1	LOW_COVERAGE
AC007161.5	LOW_COVERAGE
AC007163.1	LOW_COVERAGE
AC007163.3	LOW_COVERAGE
AC007163.6	LOW_COVERAGE
AC007182.6	LOW_COVERAGE
AC007191.4	LOW_COVERAGE
AC007192.4	LOW_COVERAGE
AC007192.6	LOW_COVERAGE
AC007193.8	LOW_COVERAGE
AC007193.9	LOW_COVERAGE
AC007204.2	LOW_COVERAGE
AC007216.1	LOW_COVERAGE
AC007216.2	LOW_COVERAGE
AC007216.3	LOW_COVERAGE
AC007216.4	LOW_COVERAGE
AC007220.1	LOW_COVERAGE
AC007228.11	LOW_COVERAGE
AC007228.2	LOW_COVERAGE
AC007228.8	LOW_COVERAGE
AC007228.9	LOW_COVERAGE
AC007237.2	LOW_COVERAGE
AC007238.1	LOW_COVERAGE
AC007240.3	LOW_COVERAGE
AC007246.3	LOW_COVERAGE
AC007250.1	LOW_COVERAGE
AC007255.1	LOW_COVERAGE
AC007255.8	LOW_COVERAGE
AC007256.5	LOW_COVERAGE
AC007262.2	LOW_COVERAGE
AC007271.3	LOW_COVERAGE
AC007279.2	LOW_COVERAGE
AC007283.5	LOW_COVERAGE
AC007285.1	LOW_COVERAGE
AC007285.6	LOW_COVERAGE
AC007285.7	LOW_COVERAGE
AC007292.1	LOW_COVERAGE
AC007292.2	LOW_COVERAGE
AC007292.3	LOW_EVIDENCE
AC007292.6	LOW_COVERAGE
AC007308.7	LOW_COVERAGE
AC007314.1	LOW_COVERAGE
AC007318.5	LOW_COVERAGE
AC007319.1	LOW_COVERAGE
AC007325.2	LOW_COVERAGE
AC007325.4	LOW_COVERAGE
AC007326.1	LOW_COVERAGE
AC007326.4	LOW_COVERAGE
AC007336.1	LOW_COVERAGE
AC007342.4	LOW_COVERAGE
AC007342.5	LOW_COVERAGE
AC007347.1	LOW_COVERAGE
AC007364.1	LOW_COVERAGE
AC007365.1	RNA_RESISTANCE_CONSENSUS
AC007365.3	LOW_COVERAGE
AC007370.2	LOW_COVERAGE
AC007376.2	LOW_COVERAGE
AC007383.2	LOW_COVERAGE
AC007383.3	RNA_RESISTANCE_CONSENSUS
AC007383.4	LOW_COVERAGE
AC007384.1	LOW_COVERAGE
AC007386.4	LOW_COVERAGE
AC007387.2	LOW_COVERAGE
AC007388.1	LOW_COVERAGE
AC007389.1	LOW_COVERAGE
AC007389.5	LOW_COVERAGE
AC007390.2	LOW_COVERAGE
AC007402.1	LOW_COVERAGE
AC007405.1	LOW_COVERAGE
AC007405.3	LOW_COVERAGE
AC007405.4	LOW_COVERAGE
AC007405.6	LOW_COVERAGE
AC007406.5	LOW_COVERAGE
AC007448.3	LOW_COVERAGE
AC007448.4	LOW_COVERAGE
AC007448.5	LOW_COVERAGE
AC007450.1	LOW_COVERAGE
AC007461.2	LOW_COVERAGE
AC007493.1	LOW_COVERAGE
AC007494.2	LOW_COVERAGE
AC007513.1	LOW_COVERAGE
AC007529.1	LOW_COVERAGE
AC007529.2	LOW_COVERAGE
AC007533.1	LOW_COVERAGE
AC007541.1	LOW_COVERAGE
AC007557.1	LOW_COVERAGE
AC007557.2	LOW_COVERAGE
AC007557.3	LOW_COVERAGE
AC007557.4	LOW_COVERAGE
AC007557.5	LOW_COVERAGE
AC007563.1	LOW_COVERAGE
AC007563.2	LOW_COVERAGE
AC007563.3	LOW_COVERAGE
AC007563.4	LOW_COVERAGE
AC007563.5	LOW_COVERAGE
AC007566.1	LOW_COVERAGE
AC007566.10	LOW_COVERAGE
AC007568.1	LOW_COVERAGE
AC007569.1	LOW_COVERAGE
AC007570.1	LOW_COVERAGE
AC007599.2	LOW_COVERAGE
AC007610.1	LOW_COVERAGE
AC007611.1	LOW_COVERAGE
AC007613.1	LOW_COVERAGE
AC007614.1	LOW_COVERAGE
AC007619.1	LOW_COVERAGE
AC007620.2	LOW_COVERAGE
AC007620.3	LOW_COVERAGE
AC007622.2	LOW_COVERAGE
AC007656.2	LOW_COVERAGE
AC007663.3	LOW_COVERAGE
AC007663.4	LOW_COVERAGE
AC007666.1	LOW_COVERAGE
AC007666.2	LOW_COVERAGE
AC007673.1	LOW_COVERAGE
AC007679.3	LOW_COVERAGE
AC007681.1	LOW_COVERAGE
AC007686.2	LOW_COVERAGE
AC007686.3	LOW_COVERAGE
AC007686.4	LOW_COVERAGE
AC007695.1	LOW_COVERAGE
AC007728.2	LOW_COVERAGE
AC007740.1	LOW_COVERAGE
AC007743.1	LOW_COVERAGE
AC007773.1	LOW_COVERAGE
AC007773.2	LOW_COVERAGE
AC007780.1	LOW_COVERAGE
AC007785.1	LOW_COVERAGE
AC007785.3	LOW_COVERAGE
AC007786.1	LOW_COVERAGE
AC007790.4	LOW_COVERAGE
AC007848.1	LOW_COVERAGE
AC007878.1	LOW_COVERAGE
AC007879.2	LOW_COVERAGE
AC007881.3	LOW_COVERAGE
AC007899.3	LOW_COVERAGE
AC007906.1	LOW_COVERAGE
AC007906.2	LOW_COVERAGE
AC007919.18	LOW_COVERAGE
AC007919.19	LOW_COVERAGE
AC007923.4	LOW_COVERAGE
AC007938.1	LOW_COVERAGE
AC007938.2	LOW_COVERAGE
AC007938.3	LOW_COVERAGE
AC007950.2	LOW_EVIDENCE
AC007952.4	LOW_COVERAGE
AC007952.6	LOW_COVERAGE
AC007966.1	LOW_COVERAGE
AC007969.5	LOW_COVERAGE
AC007996.1	LOW_COVERAGE
AC007998.3	LOW_COVERAGE
AC007998.4	LOW_COVERAGE
AC008011.2	LOW_COVERAGE
AC008014.1	LOW_COVERAGE
AC008026.3	LOW_COVERAGE
AC008035.1	LOW_COVERAGE
AC008040.5	LOW_COVERAGE
AC008050.1	LOW_COVERAGE
AC008056.1	LOW_COVERAGE
AC008056.2	LOW_COVERAGE
AC008060.3	LOW_COVERAGE
AC008069.2	LOW_COVERAGE
AC008074.1	LOW_COVERAGE
AC008074.2	LOW_COVERAGE
AC008074.3	LOW_COVERAGE
AC008074.5	LOW_COVERAGE
AC008079.1	LOW_COVERAGE
AC008079.10	LOW_COVERAGE
AC008079.2	LOW_COVERAGE
AC008079.9	LOW_COVERAGE
AC008083.2	LOW_COVERAGE
AC008083.3	LOW_COVERAGE
AC008088.1	LOW_COVERAGE
AC008105.1	LOW_COVERAGE
AC008105.3	LOW_COVERAGE
AC008109.1	LOW_COVERAGE
AC008115.1	LOW_COVERAGE
AC008115.2	LOW_COVERAGE
AC008115.3	LOW_COVERAGE
AC008119.1	LOW_COVERAGE
AC008124.1	LOW_COVERAGE
AC008147.2	LOW_COVERAGE
AC008149.2	LOW_COVERAGE
AC008264.2	LOW_COVERAGE
AC008267.5	LOW_COVERAGE
AC008268.1	RNA_RESISTANCE_CONSENSUS
AC008269.1	LOW_COVERAGE
AC008269.2	LOW_COVERAGE
AC008277.1	LOW_COVERAGE
AC008280.3	LOW_COVERAGE
AC008378.1	LOW_COVERAGE
AC008393.1	LOW_COVERAGE
AC008395.1	LOW_COVERAGE
AC008403.3	LOW_COVERAGE
AC008415.1	LOW_COVERAGE
AC008427.2	LOW_COVERAGE
AC008429.1	LOW_COVERAGE
AC008429.3	LOW_COVERAGE
AC008438.1	LOW_COVERAGE
AC008438.2	LOW_COVERAGE
AC008440.1	LOW_COVERAGE
AC008440.10	LOW_COVERAGE
AC008440.2	LOW_COVERAGE
AC008440.5	LOW_COVERAGE
AC008443.1	LOW_COVERAGE
AC008443.3	LOW_COVERAGE
AC008443.5	LOW_COVERAGE
AC008443.6	LOW_COVERAGE
AC008443.8	LOW_COVERAGE
AC008443.9	LOW_COVERAGE
AC008459.1	LOW_COVERAGE
AC008462.1	LOW_COVERAGE
AC008467.1	LOW_COVERAGE
AC008474.1	LOW_COVERAGE
AC008494.3	LOW_COVERAGE
AC008496.2	LOW_COVERAGE
AC008507.4	LOW_COVERAGE
AC008514.1	LOW_COVERAGE
AC008522.1	LOW_COVERAGE
AC008532.1	LOW_COVERAGE
AC008534.1	LOW_COVERAGE
AC008537.2	LOW_COVERAGE
AC008537.4	LOW_COVERAGE
AC008543.1	LOW_COVERAGE
AC008554.1	LOW_COVERAGE
AC008555.1	LOW_COVERAGE
AC008555.2	LOW_COVERAGE
AC008555.4	LOW_COVERAGE
AC008555.5	LOW_COVERAGE
AC008556.1	LOW_COVERAGE
AC008569.1	LOW_COVERAGE
AC008569.2	LOW_COVERAGE
AC008571.2	LOW_COVERAGE
AC008591.1	LOW_COVERAGE
AC008592.3	LOW_COVERAGE
AC008592.5	LOW_COVERAGE
AC008608.2	LOW_COVERAGE
AC008610.1	LOW_COVERAGE
AC008619.1	LOW_COVERAGE
AC008622.2	LOW_COVERAGE
AC008629.1	LOW_COVERAGE
AC008637.1	LOW_COVERAGE
AC008649.2	LOW_COVERAGE
AC008655.1	LOW_COVERAGE
AC008655.2	LOW_COVERAGE
AC008663.1	LOW_COVERAGE
AC008667.1	LOW_COVERAGE
AC008671.1	LOW_COVERAGE
AC008674.1	LOW_COVERAGE
AC008676.1	LOW_COVERAGE
AC008679.1	LOW_COVERAGE
AC008686.1	LOW_COVERAGE
AC008691.1	LOW_COVERAGE
AC008696.2	LOW_COVERAGE
AC008703.1	LOW_EVIDENCE
AC008731.1	LOW_COVERAGE
AC008735.1	LOW_COVERAGE
AC008735.2	LOW_COVERAGE
AC008736.1	LOW_COVERAGE
AC008738.2	LOW_COVERAGE
AC008741.2	LOW_COVERAGE
AC008746.12	LOW_COVERAGE
AC008746.5	LOW_COVERAGE
AC008747.1	LOW_COVERAGE
AC008750.7	LOW_COVERAGE
AC008752.1	LOW_COVERAGE
AC008753.6	LOW_COVERAGE
AC008758.4	LOW_COVERAGE
AC008761.1	LOW_COVERAGE
AC008763.1	LOW_COVERAGE
AC008763.2	LOW_COVERAGE
AC008764.2	LOW_COVERAGE
AC008764.3	LOW_COVERAGE
AC008764.6	LOW_COVERAGE
AC008764.7	LOW_COVERAGE
AC008764.8	LOW_COVERAGE
AC008770.3	LOW_COVERAGE
AC008771.1	LOW_COVERAGE
AC008781.1	LOW_COVERAGE
AC008781.2	LOW_COVERAGE
AC008781.3	LOW_COVERAGE
AC008781.7	LOW_COVERAGE
AC008798.2	LOW_COVERAGE
AC008825.1	LOW_COVERAGE
AC008840.1	LOW_COVERAGE
AC008850.3	LOW_COVERAGE
AC008870.2	LOW_COVERAGE
AC008870.4	LOW_COVERAGE
AC008871.1	LOW_COVERAGE
AC008875.1	LOW_COVERAGE
AC008875.3	LOW_COVERAGE
AC008883.1	LOW_COVERAGE
AC008883.3	LOW_COVERAGE
AC008892.1	LOW_COVERAGE
AC008894.2	LOW_COVERAGE
AC008897.2	LOW_COVERAGE
AC008906.1	LOW_COVERAGE
AC008906.2	LOW_COVERAGE
AC008914.1	LOW_COVERAGE
AC008915.1	LOW_COVERAGE
AC008915.2	LOW_COVERAGE
AC008937.2	LOW_COVERAGE
AC008937.3	LOW_COVERAGE
AC008946.1	LOW_COVERAGE
AC008966.1	LOW_COVERAGE
AC008966.3	LOW_COVERAGE
AC008969.1	LOW_COVERAGE
AC008972.1	LOW_COVERAGE
AC008972.2	LOW_COVERAGE
AC008982.2	RNA_RESISTANCE_CONSENSUS
AC008985.1	LOW_COVERAGE
AC009005.1	LOW_COVERAGE
AC009005.2	LOW_COVERAGE
AC009041.2	LOW_COVERAGE
AC009041.4	LOW_COVERAGE
AC009052.12	LOW_COVERAGE
AC009053.2	LOW_COVERAGE
AC009053.3	LOW_COVERAGE
AC009054.2	LOW_COVERAGE
AC009060.1	LOW_COVERAGE
AC009061.2	LOW_COVERAGE
AC009063.2	LOW_COVERAGE
AC009065.1	LOW_COVERAGE
AC009065.4	LOW_EVIDENCE
AC009065.8	LOW_COVERAGE
AC009088.1	LOW_COVERAGE
AC009088.3	LOW_COVERAGE
AC009090.6	LOW_COVERAGE
AC009093.2	LOW_COVERAGE
AC009093.4	LOW_COVERAGE
AC009093.6	LOW_COVERAGE
AC009095.4	LOW_COVERAGE
AC009097.1	LOW_COVERAGE
AC009097.2	LOW_COVERAGE
AC009097.4	LOW_COVERAGE
AC009107.2	LOW_COVERAGE
AC009108.3	LOW_COVERAGE
AC009113.1	LOW_COVERAGE
AC009118.2	LOW_COVERAGE
AC009118.3	LOW_COVERAGE
AC009119.1	LOW_COVERAGE
AC009120.11	LOW_COVERAGE
AC009120.2	LOW_COVERAGE
AC009120.3	LOW_COVERAGE
AC009120.4	LOW_EVIDENCE
AC009120.5	LOW_EVIDENCE
AC009120.6	LOW_COVERAGE
AC009121.3	LOW_COVERAGE
AC009121.4	LOW_COVERAGE
AC009126.1	LOW_COVERAGE
AC009133.1	LOW_COVERAGE
AC009133.12	LOW_COVERAGE
AC009133.15	LOW_COVERAGE
AC009133.2	LOW_COVERAGE
AC009133.21	LOW_COVERAGE
AC009133.22	LOW_COVERAGE
AC009133.23	LOW_COVERAGE
AC009133.24	LOW_COVERAGE
AC009133.4	LOW_COVERAGE
AC009134.1	LOW_COVERAGE
AC009137.1	LOW_COVERAGE
AC009139.2	LOW_COVERAGE
AC009148.1	LOW_COVERAGE
AC009163.7	LOW_COVERAGE
AC009171.2	LOW_COVERAGE
AC009185.1	LOW_COVERAGE
AC009226.1	LOW_COVERAGE
AC009227.1	LOW_COVERAGE
AC009228.1	LOW_COVERAGE
AC009229.1	LOW_COVERAGE
AC009229.5	LOW_COVERAGE
AC009229.6	LOW_COVERAGE
AC009230.1	LOW_COVERAGE
AC009237.11	LOW_COVERAGE
AC009237.14	LOW_COVERAGE
AC009237.15	LOW_COVERAGE
AC009237.8	LOW_COVERAGE
AC009242.1	LOW_COVERAGE
AC009244.2	LOW_COVERAGE
AC009245.3	LOW_COVERAGE
AC009262.1	LOW_COVERAGE
AC009262.2	LOW_COVERAGE
AC009264.1	LOW_COVERAGE
AC009269.2	LOW_COVERAGE
AC009271.1	LOW_COVERAGE
AC009275.1	LOW_COVERAGE
AC009283.1	LOW_COVERAGE
AC009292.2	LOW_COVERAGE
AC009299.1	LOW_COVERAGE
AC009299.2	LOW_COVERAGE
AC009299.3	LOW_EVIDENCE
AC009299.4	LOW_COVERAGE
AC009301.1	LOW_COVERAGE
AC009302.2	LOW_COVERAGE
AC009303.1	LOW_COVERAGE
AC009303.2	LOW_COVERAGE
AC009303.3	LOW_COVERAGE
AC009309.1	LOW_COVERAGE
AC009313.1	LOW_COVERAGE
AC009318.1	LOW_COVERAGE
AC009318.2	LOW_COVERAGE
AC009318.3	LOW_COVERAGE
AC009318.4	LOW_COVERAGE
AC009365.4	LOW_COVERAGE
AC009403.1	LOW_COVERAGE
AC009403.2	LOW_EVIDENCE
AC009404.1	LOW_COVERAGE
AC009404.2	LOW_COVERAGE
AC009410.1	LOW_COVERAGE
AC009414.2	LOW_COVERAGE
AC009435.1	LOW_COVERAGE
AC009473.1	LOW_COVERAGE
AC009478.1	LOW_COVERAGE
AC009480.1	LOW_COVERAGE
AC009480.3	LOW_COVERAGE
AC009487.6	LOW_COVERAGE
AC009495.1	LOW_COVERAGE
AC009495.2	LOW_COVERAGE
AC009495.3	LOW_EVIDENCE
AC009495.4	LOW_COVERAGE
AC009501.1	LOW_COVERAGE
AC009501.3	LOW_COVERAGE
AC009501.4	LOW_COVERAGE
AC009502.4	LOW_COVERAGE
AC009505.1	LOW_COVERAGE
AC009505.2	LOW_COVERAGE
AC009506.1	RNA_RESISTANCE_CONSENSUS
AC009506.2	LOW_COVERAGE
AC009509.1	LOW_COVERAGE
AC009509.4	LOW_COVERAGE
AC009518.8	LOW_COVERAGE
AC009522.1	LOW_COVERAGE
AC009542.1	LOW_COVERAGE
AC009542.2	LOW_COVERAGE
AC009549.1	LOW_COVERAGE
AC009554.1	LOW_COVERAGE
AC009558.1	LOW_COVERAGE
AC009560.1	LOW_COVERAGE
AC009562.1	LOW_COVERAGE
AC009570.1	LOW_COVERAGE
AC009630.1	LOW_COVERAGE
AC009686.1	LOW_COVERAGE
AC009686.2	LOW_COVERAGE
AC009690.2	LOW_COVERAGE
AC009704.2	LOW_COVERAGE
AC009716.1	LOW_COVERAGE
AC009720.1	LOW_COVERAGE
AC009754.1	LOW_COVERAGE
AC009754.2	LOW_COVERAGE
AC009779.2	LOW_COVERAGE
AC009779.3	LOW_COVERAGE
AC009802.1	LOW_COVERAGE
AC009812.1	LOW_COVERAGE
AC009812.3	LOW_COVERAGE
AC009812.4	LOW_COVERAGE
AC009831.1	LOW_COVERAGE
AC009831.3	LOW_COVERAGE
AC009879.4	LOW_COVERAGE
AC009884.1	LOW_COVERAGE
AC009902.2	LOW_COVERAGE
AC009948.1	LOW_COVERAGE
AC009948.2	LOW_COVERAGE
AC009948.3	LOW_COVERAGE
AC009948.4	LOW_COVERAGE
AC009948.5	LOW_COVERAGE
AC009948.7	LOW_COVERAGE
AC009950.1	LOW_COVERAGE
AC009950.2	LOW_COVERAGE
AC009955.4	LOW_COVERAGE
AC009961.1	LOW_COVERAGE
AC009961.3	LOW_COVERAGE
AC009961.4	LOW_COVERAGE
AC009962.1	LOW_COVERAGE
AC009963.3	LOW_COVERAGE
AC009974.1	LOW_COVERAGE
AC009975.1	LOW_COVERAGE
AC009996.1	LOW_COVERAGE
AC010091.1	LOW_COVERAGE
AC010092.1	LOW_COVERAGE
AC010096.1	LOW_COVERAGE
AC010127.3	LOW_COVERAGE
AC010132.11	LOW_COVERAGE
AC010132.4	LOW_COVERAGE
AC010136.1	LOW_COVERAGE
AC010136.2	LOW_COVERAGE
AC010148.1	LOW_COVERAGE
AC010149.1	LOW_COVERAGE
AC010149.4	LOW_COVERAGE
AC010168.1	LOW_EVIDENCE
AC010168.2	LOW_COVERAGE
AC010173.1	LOW_COVERAGE
AC010184.1	LOW_COVERAGE
AC010186.1	LOW_COVERAGE
AC010186.3	LOW_COVERAGE
AC010197.1	LOW_COVERAGE
AC010198.1	LOW_COVERAGE
AC010201.1	LOW_COVERAGE
AC010201.2	LOW_COVERAGE
AC010201.3	LOW_COVERAGE
AC010203.1	LOW_COVERAGE
AC010203.2	LOW_COVERAGE
AC010205.1	LOW_COVERAGE
AC010207.1	LOW_COVERAGE
AC010210.1	LOW_COVERAGE
AC010226.1	LOW_COVERAGE
AC010226.4	LOW_COVERAGE
AC010240.2	LOW_COVERAGE
AC010245.1	LOW_COVERAGE
AC010245.2	LOW_COVERAGE
AC010260.1	LOW_COVERAGE
AC010271.2	LOW_COVERAGE
AC010273.1	LOW_COVERAGE
AC010273.2	LOW_COVERAGE
AC010273.3	LOW_COVERAGE
AC010287.1	LOW_COVERAGE
AC010300.1	LOW_COVERAGE
AC010307.2	LOW_COVERAGE
AC010307.4	LOW_COVERAGE
AC010319.3	LOW_COVERAGE
AC010319.4	LOW_COVERAGE
AC010320.2	LOW_COVERAGE
AC010320.3	LOW_COVERAGE
AC010320.4	LOW_COVERAGE
AC010325.1	LOW_COVERAGE
AC010327.3	LOW_COVERAGE
AC010327.5	LOW_COVERAGE
AC010327.7	LOW_COVERAGE
AC010327.8	LOW_COVERAGE
AC010329.1	LOW_COVERAGE
AC010331.1	LOW_COVERAGE
AC010333.2	LOW_COVERAGE
AC010336.1	LOW_COVERAGE
AC010336.2	LOW_COVERAGE
AC010336.3	LOW_COVERAGE
AC010336.5	LOW_COVERAGE
AC010336.8	LOW_COVERAGE
AC010343.3	LOW_COVERAGE
AC010359.1	LOW_COVERAGE
AC010359.2	LOW_COVERAGE
AC010359.3	LOW_COVERAGE
AC010401.1	LOW_COVERAGE
AC010420.1	LOW_COVERAGE
AC010422.1	LOW_COVERAGE
AC010422.2	LOW_COVERAGE
AC010442.1	LOW_COVERAGE
AC010468.1	LOW_COVERAGE
AC010476.2	LOW_COVERAGE
AC010478.1	LOW_COVERAGE
AC010491.1	LOW_COVERAGE
AC010501.2	LOW_COVERAGE
AC010503.4	LOW_COVERAGE
AC010504.1	LOW_COVERAGE
AC010504.2	LOW_COVERAGE
AC010519.1	LOW_COVERAGE
AC010524.1	LOW_COVERAGE
AC010528.1	LOW_COVERAGE
AC010530.1	LOW_COVERAGE
AC010531.3	LOW_COVERAGE
AC010531.5	LOW_COVERAGE
AC010531.6	LOW_COVERAGE
AC010536.1	LOW_COVERAGE
AC010536.3	LOW_COVERAGE
AC010538.1	LOW_COVERAGE
AC010542.2	LOW_COVERAGE
AC010542.4	LOW_COVERAGE
AC010542.5	LOW_COVERAGE
AC010547.1	LOW_COVERAGE
AC010547.9	LOW_COVERAGE
AC010595.1	LOW_COVERAGE
AC010615.2	LOW_COVERAGE
AC010618.3	LOW_COVERAGE
AC010623.1	LOW_COVERAGE
AC010624.1	LOW_COVERAGE
AC010624.5	LOW_COVERAGE
AC010632.1	LOW_COVERAGE
AC010632.2	LOW_COVERAGE
AC010641.2	LOW_COVERAGE
AC010642.1	LOW_COVERAGE
AC010642.2	LOW_COVERAGE
AC010643.1	LOW_COVERAGE
AC010646.3	LOW_COVERAGE
AC010654.1	LOW_COVERAGE
AC010677.2	LOW_COVERAGE
AC010680.2	LOW_COVERAGE
AC010680.3	LOW_COVERAGE
AC010680.4	LOW_COVERAGE
AC010719.1	LOW_COVERAGE
AC010729.1	LOW_COVERAGE
AC010729.2	LOW_COVERAGE
AC010733.5	LOW_COVERAGE
AC010735.1	LOW_COVERAGE
AC010735.2	LOW_COVERAGE
AC010740.1	LOW_COVERAGE
AC010761.1	LOW_COVERAGE
AC010761.10	LOW_COVERAGE
AC010761.13	LOW_COVERAGE
AC010761.14	LOW_COVERAGE
AC010761.2	LOW_COVERAGE
AC010761.6	LOW_COVERAGE
AC010761.8	LOW_COVERAGE
AC010761.9	LOW_COVERAGE
AC010789.1	LOW_COVERAGE
AC010789.2	LOW_COVERAGE
AC010809.1	LOW_COVERAGE
AC010809.2	LOW_COVERAGE
AC010809.3	LOW_COVERAGE
AC010834.2	LOW_COVERAGE
AC010834.3	LOW_COVERAGE
AC010864.1	LOW_COVERAGE
AC010883.1	LOW_COVERAGE
AC010883.3	LOW_COVERAGE
AC010883.5	LOW_COVERAGE
AC010884.1	LOW_COVERAGE
AC010887.1	LOW_COVERAGE
AC010890.1	LOW_COVERAGE
AC010894.2	LOW_COVERAGE
AC010894.3	RNA_RESISTANCE_CONSENSUS
AC010896.1	LOW_COVERAGE
AC010900.2	LOW_COVERAGE
AC010913.1	LOW_COVERAGE
AC010967.1	LOW_COVERAGE
AC010969.1	LOW_COVERAGE
AC010969.2	LOW_COVERAGE
AC010969.3	LOW_COVERAGE
AC010974.2	LOW_COVERAGE
AC010976.1	LOW_COVERAGE
AC010976.2	LOW_COVERAGE
AC010978.1	LOW_COVERAGE
AC010980.1	LOW_COVERAGE
AC010980.2	LOW_COVERAGE
AC010996.1	LOW_COVERAGE
AC010997.3	LOW_COVERAGE
AC010997.4	LOW_COVERAGE
AC010997.5	LOW_COVERAGE
AC010998.2	LOW_COVERAGE
AC010999.2	LOW_COVERAGE
AC011029.1	LOW_COVERAGE
AC011043.1	LOW_EVIDENCE
AC011092.2	LOW_COVERAGE
AC011139.1	LOW_COVERAGE
AC011242.6	LOW_COVERAGE
AC011243.1	LOW_COVERAGE
AC011246.1	LOW_COVERAGE
AC011247.1	LOW_COVERAGE
AC011247.3	LOW_COVERAGE
AC011287.1	LOW_COVERAGE
AC011288.2	LOW_COVERAGE
AC011290.1	LOW_COVERAGE
AC011290.5	LOW_COVERAGE
AC011317.1	LOW_COVERAGE
AC011322.1	LOW_COVERAGE
AC011330.13	LOW_COVERAGE
AC011330.2	LOW_COVERAGE
AC011330.5	LOW_COVERAGE
AC011337.1	LOW_COVERAGE
AC011346.1	LOW_COVERAGE
AC011352.1	LOW_COVERAGE
AC011370.1	LOW_COVERAGE
AC011374.2	LOW_COVERAGE
AC011379.1	LOW_COVERAGE
AC011379.2	LOW_COVERAGE
AC011396.2	LOW_COVERAGE
AC011404.1	LOW_COVERAGE
AC011405.1	LOW_COVERAGE
AC011406.2	LOW_COVERAGE
AC011416.3	LOW_COVERAGE
AC011442.1	LOW_COVERAGE
AC011443.1	LOW_COVERAGE
AC011444.1	LOW_COVERAGE
AC011444.3	LOW_COVERAGE
AC011445.2	LOW_COVERAGE
AC011446.1	LOW_COVERAGE
AC011446.2	LOW_COVERAGE
AC011447.3	LOW_COVERAGE
AC011450.1	LOW_COVERAGE
AC011451.1	LOW_COVERAGE
AC011455.6	LOW_COVERAGE
AC011462.5	LOW_COVERAGE
AC011466.1	LOW_COVERAGE
AC011466.3	LOW_COVERAGE
AC011468.1	LOW_COVERAGE
AC011468.3	LOW_COVERAGE
AC011468.5	LOW_COVERAGE
AC011471.2	LOW_COVERAGE
AC011472.1	LOW_COVERAGE
AC011472.2	LOW_COVERAGE
AC011472.3	LOW_COVERAGE
AC011473.4	LOW_COVERAGE
AC011476.3	LOW_COVERAGE
AC011477.1	LOW_COVERAGE
AC011477.2	LOW_COVERAGE
AC011477.9	LOW_COVERAGE
AC011479.1	LOW_COVERAGE
AC011479.4	LOW_COVERAGE
AC011481.1	LOW_COVERAGE
AC011481.2	LOW_COVERAGE
AC011491.3	LOW_COVERAGE
AC011498.1	LOW_COVERAGE
AC011503.1	LOW_COVERAGE
AC011503.2	LOW_COVERAGE
AC011509.2	LOW_COVERAGE
AC011511.1	LOW_COVERAGE
AC011511.2	LOW_COVERAGE
AC011511.3	LOW_COVERAGE
AC011511.5	LOW_COVERAGE
AC011513.3	LOW_COVERAGE
AC011530.4	LOW_COVERAGE
AC011558.5	LOW_COVERAGE
AC011603.2	LOW_COVERAGE
AC011611.3	LOW_COVERAGE
AC011611.4	LOW_COVERAGE
AC011632.1	LOW_COVERAGE
AC011731.1	LOW_COVERAGE
AC011737.2	LOW_COVERAGE
AC011742.3	LOW_COVERAGE
AC011747.4	LOW_COVERAGE
AC011773.3	LOW_COVERAGE
AC011773.4	LOW_COVERAGE
AC011815.1	LOW_COVERAGE
AC011815.2	LOW_COVERAGE
AC011816.2	LOW_COVERAGE
AC011825.2	LOW_COVERAGE
AC011825.4	LOW_COVERAGE
AC011891.5	LOW_COVERAGE
AC011893.3	LOW_COVERAGE
AC011899.9	LOW_COVERAGE
AC011912.1	LOW_COVERAGE
AC011921.1	LOW_COVERAGE
AC011933.2	LOW_COVERAGE
AC011933.3	LOW_COVERAGE
AC011933.4	LOW_COVERAGE
AC011939.2	LOW_COVERAGE
AC011944.1	LOW_COVERAGE
AC011978.2	LOW_COVERAGE
AC011994.1	LOW_COVERAGE
AC011997.1	LOW_COVERAGE
AC012003.1	LOW_COVERAGE
AC012020.1	LOW_COVERAGE
AC012063.1	LOW_COVERAGE
AC012065.1	LOW_COVERAGE
AC012065.4	LOW_COVERAGE
AC012065.5	LOW_COVERAGE
AC012073.1	LOW_COVERAGE
AC012074.1	LOW_COVERAGE
AC012074.2	LOW_COVERAGE
AC012076.1	LOW_COVERAGE
AC012085.2	LOW_COVERAGE
AC012146.1	LOW_COVERAGE
AC012146.7	LOW_COVERAGE
AC012157.2	LOW_COVERAGE
AC012170.3	LOW_COVERAGE
AC012178.1	LOW_COVERAGE
AC012181.1	LOW_COVERAGE
AC012184.1	LOW_COVERAGE
AC012184.3	LOW_COVERAGE
AC012184.4	LOW_COVERAGE
AC012213.1	LOW_COVERAGE
AC012213.3	LOW_COVERAGE
AC012213.4	LOW_COVERAGE
AC012254.1	LOW_COVERAGE
AC012291.3	LOW_COVERAGE
AC012306.2	LOW_COVERAGE
AC012306.3	LOW_COVERAGE
AC012307.2	LOW_COVERAGE
AC012309.5	LOW_COVERAGE
AC012313.1	LOW_COVERAGE
AC012313.2	LOW_COVERAGE
AC012313.6	LOW_COVERAGE
AC012313.7	LOW_COVERAGE
AC012313.8	LOW_COVERAGE
AC012313.9	LOW_COVERAGE
AC012314.8	LOW_COVERAGE
AC012322.1	LOW_COVERAGE
AC012358.3	LOW_COVERAGE
AC012358.4	LOW_COVERAGE
AC012358.7	LOW_COVERAGE
AC012358.8	LOW_COVERAGE
AC012360.1	LOW_COVERAGE
AC012360.3	LOW_COVERAGE
AC012360.4	LOW_COVERAGE
AC012360.6	LOW_COVERAGE
AC012363.1	LOW_COVERAGE
AC012363.4	LOW_COVERAGE
AC012363.7	LOW_COVERAGE
AC012370.1	LOW_COVERAGE
AC012370.2	LOW_COVERAGE
AC012377.1	LOW_COVERAGE
AC012378.1	LOW_COVERAGE
AC012378.2	LOW_COVERAGE
AC012404.1	LOW_COVERAGE
AC012409.2	LOW_COVERAGE
AC012435.3	LOW_COVERAGE
AC012442.1	LOW_COVERAGE
AC012442.2	LOW_COVERAGE
AC012442.6	LOW_COVERAGE
AC012447.1	LOW_COVERAGE
AC012459.1	LOW_COVERAGE
AC012464.2	LOW_COVERAGE
AC012467.2	LOW_COVERAGE
AC012470.1	LOW_COVERAGE
AC012485.1	LOW_COVERAGE
AC012485.3	LOW_COVERAGE
AC012494.1	LOW_COVERAGE
AC012501.2	LOW_COVERAGE
AC012501.3	LOW_COVERAGE
AC012508.1	LOW_COVERAGE
AC012510.1	LOW_COVERAGE
AC012513.4	LOW_COVERAGE
AC012531.1	LOW_COVERAGE
AC012531.25	LOW_COVERAGE
AC012555.1	LOW_COVERAGE
AC012557.1	LOW_COVERAGE
AC012557.2	LOW_COVERAGE
AC012568.1	LOW_COVERAGE
AC012603.1	LOW_COVERAGE
AC012613.2	LOW_COVERAGE
AC012615.1	LOW_COVERAGE
AC012615.2	LOW_COVERAGE
AC012627.1	LOW_COVERAGE
AC012629.2	LOW_COVERAGE
AC012640.1	LOW_EVIDENCE
AC012640.2	LOW_COVERAGE
AC012640.4	LOW_COVERAGE
AC012645.1	LOW_COVERAGE
AC012645.3	LOW_COVERAGE
AC012668.3	LOW_COVERAGE
AC012676.1	LOW_COVERAGE
AC012676.3	LOW_COVERAGE
AC012676.4	LOW_COVERAGE
AC013262.1	LOW_COVERAGE
AC013267.1	LOW_COVERAGE
AC013268.3	LOW_COVERAGE
AC013271.1	LOW_COVERAGE
AC013287.1	LOW_COVERAGE
AC013391.2	LOW_COVERAGE
AC013394.1	LOW_COVERAGE
AC013394.2	LOW_COVERAGE
AC013400.1	LOW_COVERAGE
AC013403.2	LOW_COVERAGE
AC013410.1	LOW_COVERAGE
AC013429.5	LOW_COVERAGE
AC013439.4	LOW_COVERAGE
AC013468.1	LOW_COVERAGE
AC013470.2	LOW_COVERAGE
AC013470.6	LOW_COVERAGE
AC013470.8	LOW_COVERAGE
AC013472.1	LOW_COVERAGE
AC013472.2	LOW_COVERAGE
AC013472.3	LOW_COVERAGE
AC013553.4	LOW_COVERAGE
AC013564.1	LOW_COVERAGE
AC013565.1	LOW_COVERAGE
AC013565.3	LOW_COVERAGE
AC013640.1	LOW_COVERAGE
AC013643.2	LOW_COVERAGE
AC013652.1	LOW_COVERAGE
AC013652.2	LOW_COVERAGE
AC013724.1	LOW_COVERAGE
AC013731.1	LOW_COVERAGE
AC015631.1	LOW_COVERAGE
AC015660.2	LOW_COVERAGE
AC015674.1	LOW_COVERAGE
AC015712.1	LOW_COVERAGE
AC015712.2	LOW_COVERAGE
AC015712.4	LOW_COVERAGE
AC015726.1	LOW_COVERAGE
AC015727.1	LOW_COVERAGE
AC015795.1	LOW_COVERAGE
AC015802.4	LOW_COVERAGE
AC015802.6	LOW_COVERAGE
AC015813.1	LOW_COVERAGE
AC015813.2	LOW_COVERAGE
AC015819.1	LOW_COVERAGE
AC015819.2	LOW_COVERAGE
AC015845.1	LOW_COVERAGE
AC015845.2	LOW_COVERAGE
AC015849.1	LOW_COVERAGE
AC015849.13	LOW_COVERAGE
AC015849.14	LOW_COVERAGE
AC015849.16	LOW_COVERAGE
AC015849.19	LOW_COVERAGE
AC015849.3	LOW_COVERAGE
AC015849.4	LOW_COVERAGE
AC015853.3	LOW_COVERAGE
AC015871.1	LOW_COVERAGE
AC015871.4	LOW_COVERAGE
AC015871.7	LOW_COVERAGE
AC015878.1	LOW_COVERAGE
AC015908.2	LOW_COVERAGE
AC015909.2	LOW_COVERAGE
AC015912.3	LOW_COVERAGE
AC015914.1	LOW_COVERAGE
AC015917.2	LOW_COVERAGE
AC015921.1	LOW_COVERAGE
AC015922.3	LOW_COVERAGE
AC015922.4	LOW_COVERAGE
AC015923.1	LOW_COVERAGE
AC015923.2	LOW_COVERAGE
AC015933.2	LOW_COVERAGE
AC015936.3	LOW_COVERAGE
AC015961.2	LOW_COVERAGE
AC015971.1	LOW_COVERAGE
AC015971.2	LOW_COVERAGE
AC015982.1	LOW_COVERAGE
AC015982.2	LOW_COVERAGE
AC015983.2	LOW_COVERAGE
AC015987.1	LOW_EVIDENCE
AC016026.2	LOW_COVERAGE
AC016027.1	LOW_COVERAGE
AC016027.2	LOW_COVERAGE
AC016065.1	LOW_COVERAGE
AC016074.2	LOW_COVERAGE
AC016355.1	LOW_COVERAGE
AC016394.1	LOW_COVERAGE
AC016394.2	LOW_COVERAGE
AC016405.1	LOW_COVERAGE
AC016405.2	LOW_COVERAGE
AC016405.3	LOW_COVERAGE
AC016493.1	LOW_COVERAGE
AC016526.2	LOW_COVERAGE
AC016549.1	LOW_COVERAGE
AC016575.1	LOW_COVERAGE
AC016588.2	LOW_COVERAGE
AC016590.1	LOW_COVERAGE
AC016590.3	LOW_COVERAGE
AC016596.1	LOW_COVERAGE
AC016597.1	LOW_COVERAGE
AC016629.7	LOW_COVERAGE
AC016644.1	LOW_COVERAGE
AC016656.1	LOW_COVERAGE
AC016682.1	LOW_COVERAGE
AC016683.5	LOW_COVERAGE
AC016687.3	LOW_COVERAGE
AC016700.3	LOW_COVERAGE
AC016700.5	LOW_COVERAGE
AC016700.6	LOW_COVERAGE
AC016705.2	LOW_COVERAGE
AC016708.2	LOW_COVERAGE
AC016712.2	LOW_COVERAGE
AC016722.2	LOW_COVERAGE
AC016722.3	LOW_COVERAGE
AC016722.4	LOW_COVERAGE
AC016723.1	LOW_COVERAGE
AC016727.1	LOW_COVERAGE
AC016730.1	LOW_COVERAGE
AC016734.2	LOW_COVERAGE
AC016737.1	LOW_COVERAGE
AC016738.4	LOW_COVERAGE
AC016739.2	LOW_COVERAGE
AC016739.3	LOW_COVERAGE
AC016745.1	LOW_COVERAGE
AC016745.2	LOW_COVERAGE
AC016745.3	LOW_COVERAGE
AC016747.1	LOW_COVERAGE
AC016747.2	LOW_COVERAGE
AC016747.3	LOW_COVERAGE
AC016766.1	LOW_COVERAGE
AC016773.1	LOW_COVERAGE
AC016821.1	LOW_COVERAGE
AC016825.1	LOW_COVERAGE
AC016831.1	LOW_COVERAGE
AC016831.5	LOW_COVERAGE
AC016831.7	LOW_EVIDENCE
AC016866.1	LOW_COVERAGE
AC016866.2	LOW_COVERAGE
AC016876.1	LOW_COVERAGE
AC016876.3	LOW_COVERAGE
AC016877.1	LOW_COVERAGE
AC016888.1	LOW_COVERAGE
AC016903.2	LOW_COVERAGE
AC016907.2	LOW_COVERAGE
AC016907.3	LOW_COVERAGE
AC016909.1	LOW_COVERAGE
AC016949.1	LOW_COVERAGE
AC016957.2	LOW_COVERAGE
AC016995.3	LOW_COVERAGE
AC016999.2	LOW_COVERAGE
AC017002.1	LOW_COVERAGE
AC017002.2	LOW_COVERAGE
AC017002.3	LOW_COVERAGE
AC017002.5	LOW_COVERAGE
AC017002.6	LOW_COVERAGE
AC017050.1	LOW_COVERAGE
AC017060.1	LOW_COVERAGE
AC017071.1	LOW_COVERAGE
AC017074.1	LOW_COVERAGE
AC017074.2	LOW_COVERAGE
AC017074.3	LOW_COVERAGE
AC017078.1	LOW_COVERAGE
AC017083.1	LOW_COVERAGE
AC017083.2	LOW_COVERAGE
AC017100.1	LOW_COVERAGE
AC017101.1	LOW_COVERAGE
AC017101.10	LOW_COVERAGE
AC017104.2	LOW_COVERAGE
AC017104.3	LOW_COVERAGE
AC017116.11	LOW_COVERAGE
AC018362.1	LOW_COVERAGE
AC018362.2	LOW_COVERAGE
AC018410.2	LOW_COVERAGE
AC018413.1	LOW_COVERAGE
AC018442.1	LOW_COVERAGE
AC018445.5	LOW_COVERAGE
AC018462.1	LOW_COVERAGE
AC018462.2	LOW_COVERAGE
AC018462.3	LOW_COVERAGE
AC018463.4	LOW_COVERAGE
AC018511.2	LOW_COVERAGE
AC018521.2	LOW_COVERAGE
AC018521.5	LOW_COVERAGE
AC018523.2	LOW_COVERAGE
AC018541.1	LOW_COVERAGE
AC018553.1	LOW_COVERAGE
AC018553.2	LOW_COVERAGE
AC018557.1	LOW_COVERAGE
AC018557.3	LOW_COVERAGE
AC018558.2	LOW_COVERAGE
AC018628.2	LOW_COVERAGE
AC018638.6	LOW_COVERAGE
AC018638.7	LOW_COVERAGE
AC018645.2	LOW_COVERAGE
AC018645.3	LOW_COVERAGE
AC018647.2	LOW_COVERAGE
AC018648.1	LOW_COVERAGE
AC018653.3	LOW_COVERAGE
AC018682.1	LOW_COVERAGE
AC018685.1	LOW_COVERAGE
AC018685.2	LOW_COVERAGE
AC018690.1	LOW_COVERAGE
AC018693.6	LOW_COVERAGE
AC018695.2	LOW_COVERAGE
AC018695.6	LOW_COVERAGE
AC018695.9	LOW_COVERAGE
AC018730.1	LOW_COVERAGE
AC018752.1	LOW_COVERAGE
AC018754.1	LOW_COVERAGE
AC018755.16	LOW_COVERAGE
AC018761.1	LOW_COVERAGE
AC018761.2	LOW_COVERAGE
AC018766.4	LOW_COVERAGE
AC018766.5	LOW_COVERAGE
AC018766.6	LOW_COVERAGE
AC018781.1	LOW_COVERAGE
AC018797.2	LOW_COVERAGE
AC018797.3	LOW_COVERAGE
AC018804.3	LOW_COVERAGE
AC018804.7	LOW_COVERAGE
AC018809.1	LOW_COVERAGE
AC018809.2	LOW_COVERAGE
AC018816.1	LOW_COVERAGE
AC018816.3	LOW_COVERAGE
AC018845.3	LOW_COVERAGE
AC018878.1	LOW_COVERAGE
AC018878.3	LOW_COVERAGE
AC018890.6	LOW_COVERAGE
AC018904.1	LOW_COVERAGE
AC018926.2	LOW_COVERAGE
AC018946.1	LOW_COVERAGE
AC019048.1	LOW_COVERAGE
AC019068.1	LOW_COVERAGE
AC019069.1	LOW_COVERAGE
AC019070.1	LOW_COVERAGE
AC019077.1	LOW_COVERAGE
AC019097.7	LOW_COVERAGE
AC019117.1	RNA_RESISTANCE_CONSENSUS
AC019117.2	LOW_COVERAGE
AC019118.2	LOW_COVERAGE
AC019127.1	LOW_COVERAGE
AC019129.2	LOW_COVERAGE
AC019130.1	LOW_COVERAGE
AC019131.1	LOW_COVERAGE
AC019131.2	LOW_COVERAGE
AC019163.1	LOW_COVERAGE
AC019181.2	LOW_COVERAGE
AC019181.3	LOW_COVERAGE
AC019185.4	LOW_COVERAGE
AC019186.1	HUMAN_TUMOR_SUPPORTED
AC019197.1	LOW_COVERAGE
AC019205.1	LOW_COVERAGE
AC019209.2	LOW_COVERAGE
AC019209.3	LOW_COVERAGE
AC019211.1	LOW_COVERAGE
AC019257.1	LOW_COVERAGE
AC019294.2	LOW_COVERAGE
AC019349.5	LOW_COVERAGE
AC020550.2	LOW_COVERAGE
AC020558.1	LOW_COVERAGE
AC020571.1	LOW_COVERAGE
AC020571.3	LOW_COVERAGE
AC020594.1	LOW_COVERAGE
AC020594.5	LOW_COVERAGE
AC020611.2	LOW_COVERAGE
AC020656.1	LOW_COVERAGE
AC020659.1	LOW_COVERAGE
AC020661.1	LOW_COVERAGE
AC020661.2	LOW_COVERAGE
AC020661.3	LOW_COVERAGE
AC020661.4	LOW_COVERAGE
AC020663.3	LOW_COVERAGE
AC020687.1	LOW_COVERAGE
AC020704.1	LOW_COVERAGE
AC020718.1	LOW_COVERAGE
AC020741.1	LOW_COVERAGE
AC020763.1	LOW_COVERAGE
AC020765.2	LOW_COVERAGE
AC020779.2	LOW_COVERAGE
AC020891.2	LOW_COVERAGE
AC020892.2	LOW_COVERAGE
AC020907.1	LOW_COVERAGE
AC020907.3	LOW_COVERAGE
AC020908.1	LOW_COVERAGE
AC020908.3	LOW_COVERAGE
AC020909.3	LOW_COVERAGE
AC020910.2	LOW_COVERAGE
AC020910.4	LOW_COVERAGE
AC020910.5	LOW_COVERAGE
AC020911.1	LOW_COVERAGE
AC020911.2	LOW_COVERAGE
AC020913.1	LOW_COVERAGE
AC020915.1	LOW_COVERAGE
AC020915.2	LOW_COVERAGE
AC020915.3	LOW_COVERAGE
AC020916.1	LOW_COVERAGE
AC020916.2	LOW_COVERAGE
AC020917.2	LOW_COVERAGE
AC020917.3	LOW_COVERAGE
AC020928.1	LOW_COVERAGE
AC020928.2	LOW_COVERAGE
AC020928.3	LOW_COVERAGE
AC020951.1	LOW_COVERAGE
AC020978.3	LOW_COVERAGE
AC020978.5	LOW_COVERAGE
AC020978.7	LOW_COVERAGE
AC021016.2	LOW_COVERAGE
AC021016.3	LOW_COVERAGE
AC021016.7	LOW_COVERAGE
AC021028.1	LOW_COVERAGE
AC021037.1	LOW_COVERAGE
AC021054.1	LOW_COVERAGE
AC021066.1	LOW_COVERAGE
AC021086.1	LOW_COVERAGE
AC021087.1	LOW_COVERAGE
AC021092.1	LOW_COVERAGE
AC021097.1	LOW_COVERAGE
AC021148.2	LOW_COVERAGE
AC021205.3	LOW_COVERAGE
AC021224.1	LOW_COVERAGE
AC021231.1	LOW_COVERAGE
AC021237.1	LOW_COVERAGE
AC021242.3	LOW_COVERAGE
AC021269.3	LOW_COVERAGE
AC021321.1	LOW_COVERAGE
AC021483.2	LOW_COVERAGE
AC021491.2	LOW_COVERAGE
AC021549.1	LOW_COVERAGE
AC021613.1	LOW_COVERAGE
AC021660.4	LOW_COVERAGE
AC021678.2	LOW_COVERAGE
AC021739.2	LOW_COVERAGE
AC021739.3	LOW_COVERAGE
AC021739.4	LOW_COVERAGE
AC021752.1	LOW_COVERAGE
AC021851.1	LOW_COVERAGE
AC021851.2	LOW_COVERAGE
AC022007.1	LOW_COVERAGE
AC022007.5	LOW_COVERAGE
AC022021.1	LOW_COVERAGE
AC022031.2	LOW_COVERAGE
AC022034.1	LOW_COVERAGE
AC022034.2	LOW_COVERAGE
AC022075.1	LOW_COVERAGE
AC022079.1	LOW_COVERAGE
AC022087.1	LOW_COVERAGE
AC022098.1	HUMAN_TUMOR_SUPPORTED
AC022098.2	LOW_COVERAGE
AC022098.4	LOW_COVERAGE
AC022101.1	LOW_COVERAGE
AC022126.1	LOW_COVERAGE
AC022137.4	LOW_COVERAGE
AC022140.1	LOW_COVERAGE
AC022144.1	LOW_COVERAGE
AC022146.2	LOW_COVERAGE
AC022150.4	LOW_COVERAGE
AC022154.1	LOW_COVERAGE
AC022154.7	LOW_COVERAGE
AC022167.1	LOW_COVERAGE
AC022167.2	LOW_COVERAGE
AC022167.3	LOW_COVERAGE
AC022167.4	LOW_COVERAGE
AC022173.2	LOW_COVERAGE
AC022182.1	LOW_COVERAGE
AC022182.2	LOW_COVERAGE
AC022201.5	LOW_COVERAGE
AC022210.2	LOW_COVERAGE
AC022211.2	LOW_COVERAGE
AC022215.2	LOW_COVERAGE
AC022217.3	LOW_COVERAGE
AC022239.1	LOW_COVERAGE
AC022272.1	LOW_COVERAGE
AC022274.1	LOW_COVERAGE
AC022306.2	LOW_COVERAGE
AC022306.3	LOW_COVERAGE
AC022325.2	LOW_COVERAGE
AC022364.1	LOW_COVERAGE
AC022382.1	LOW_COVERAGE
AC022382.2	LOW_COVERAGE
AC022384.2	LOW_COVERAGE
AC022387.2	LOW_COVERAGE
AC022390.1	LOW_COVERAGE
AC022395.1	LOW_COVERAGE
AC022400.2	LOW_COVERAGE
AC022400.4	LOW_COVERAGE
AC022431.1	LOW_COVERAGE
AC022463.1	LOW_COVERAGE
AC022506.2	LOW_COVERAGE
AC022509.2	LOW_COVERAGE
AC022509.3	LOW_COVERAGE
AC022523.1	LOW_COVERAGE
AC022540.1	LOW_COVERAGE
AC022558.1	LOW_COVERAGE
AC022558.2	LOW_COVERAGE
AC022601.1	LOW_COVERAGE
AC022613.1	LOW_COVERAGE
AC022613.2	LOW_COVERAGE
AC022613.3	LOW_COVERAGE
AC022762.2	LOW_COVERAGE
AC022784.1	LOW_COVERAGE
AC022784.5	LOW_COVERAGE
AC022784.6	LOW_COVERAGE
AC022819.1	LOW_COVERAGE
AC022819.2	LOW_COVERAGE
AC022872.1	LOW_COVERAGE
AC022874.1	LOW_COVERAGE
AC022893.1	LOW_COVERAGE
AC022916.1	LOW_COVERAGE
AC022966.2	LOW_COVERAGE
AC022973.3	LOW_COVERAGE
AC022973.4	LOW_COVERAGE
AC023024.1	LOW_COVERAGE
AC023034.1	LOW_COVERAGE
AC023043.1	LOW_COVERAGE
AC023043.4	LOW_COVERAGE
AC023049.1	LOW_COVERAGE
AC023051.1	LOW_COVERAGE
AC023055.1	LOW_COVERAGE
AC023115.2	LOW_COVERAGE
AC023137.2	LOW_COVERAGE
AC023154.1	LOW_COVERAGE
AC023157.3	LOW_COVERAGE
AC023158.1	LOW_COVERAGE
AC023271.1	LOW_COVERAGE
AC023283.1	LOW_COVERAGE
AC023302.1	LOW_COVERAGE
AC023355.1	LOW_COVERAGE
AC023385.1	LOW_COVERAGE
AC023389.1	LOW_COVERAGE
AC023421.2	LOW_COVERAGE
AC023424.3	LOW_COVERAGE
AC023469.1	LOW_COVERAGE
AC023480.1	LOW_COVERAGE
AC023481.1	LOW_COVERAGE
AC023503.1	LOW_COVERAGE
AC023509.2	LOW_COVERAGE
AC023509.3	LOW_COVERAGE
AC023509.4	LOW_COVERAGE
AC023509.6	LOW_COVERAGE
AC023590.1	LOW_EVIDENCE
AC023593.1	LOW_COVERAGE
AC023632.2	LOW_COVERAGE
AC023790.2	LOW_COVERAGE
AC023794.1	LOW_COVERAGE
AC023794.3	LOW_COVERAGE
AC023813.3	LOW_COVERAGE
AC023824.3	LOW_COVERAGE
AC023830.1	LOW_COVERAGE
AC023886.1	LOW_COVERAGE
AC023905.1	LOW_COVERAGE
AC023906.2	LOW_COVERAGE
AC023906.4	LOW_COVERAGE
AC023906.5	LOW_COVERAGE
AC023908.3	LOW_COVERAGE
AC023983.1	LOW_COVERAGE
AC024060.1	LOW_COVERAGE
AC024060.2	LOW_COVERAGE
AC024075.1	LOW_COVERAGE
AC024075.2	LOW_COVERAGE
AC024075.3	LOW_COVERAGE
AC024145.1	LOW_COVERAGE
AC024162.2	LOW_COVERAGE
AC024230.1	LOW_COVERAGE
AC024243.1	LOW_COVERAGE
AC024257.3	LOW_COVERAGE
AC024267.4	LOW_COVERAGE
AC024270.5	LOW_COVERAGE
AC024361.2	LOW_COVERAGE
AC024382.1	LOW_COVERAGE
AC024451.4	LOW_COVERAGE
AC024475.3	LOW_COVERAGE
AC024558.2	LOW_COVERAGE
AC024559.1	LOW_COVERAGE
AC024560.1	LOW_COVERAGE
AC024560.3	LOW_COVERAGE
AC024560.4	LOW_COVERAGE
AC024560.5	LOW_COVERAGE
AC024563.1	LOW_COVERAGE
AC024568.1	LOW_COVERAGE
AC024575.1	LOW_COVERAGE
AC024588.1	LOW_COVERAGE
AC024592.12	LOW_COVERAGE
AC024592.3	LOW_COVERAGE
AC024597.1	LOW_COVERAGE
AC024619.3	LOW_COVERAGE
AC024884.2	LOW_COVERAGE
AC024901.1	LOW_COVERAGE
AC024909.1	LOW_COVERAGE
AC024937.1	LOW_COVERAGE
AC024937.4	LOW_COVERAGE
AC024937.6	LOW_COVERAGE
AC024940.1	LOW_COVERAGE
AC024940.6	LOW_COVERAGE
AC024941.2	LOW_COVERAGE
AC025031.1	LOW_COVERAGE
AC025031.3	LOW_COVERAGE
AC025031.4	LOW_COVERAGE
AC025034.1	LOW_COVERAGE
AC025040.1	LOW_COVERAGE
AC025043.1	LOW_COVERAGE
AC025048.1	LOW_COVERAGE
AC025048.2	LOW_COVERAGE
AC025048.4	LOW_COVERAGE
AC025048.7	LOW_COVERAGE
AC025154.2	LOW_COVERAGE
AC025159.1	LOW_COVERAGE
AC025164.1	LOW_COVERAGE
AC025165.2	LOW_COVERAGE
AC025165.4	LOW_COVERAGE
AC025165.5	LOW_COVERAGE
AC025165.8	LOW_COVERAGE
AC025166.1	LOW_COVERAGE
AC025171.1	RNA_RESISTANCE_CONSENSUS
AC025171.2	LOW_COVERAGE
AC025171.3	LOW_COVERAGE
AC025171.4	LOW_COVERAGE
AC025175.2	LOW_COVERAGE
AC025178.1	LOW_COVERAGE
AC025180.1	LOW_COVERAGE
AC025181.2	LOW_COVERAGE
AC025183.1	LOW_COVERAGE
AC025183.2	LOW_COVERAGE
AC025211.1	LOW_COVERAGE
AC025257.1	LOW_COVERAGE
AC025259.1	LOW_COVERAGE
AC025259.3	LOW_COVERAGE
AC025262.1	LOW_COVERAGE
AC025262.4	LOW_COVERAGE
AC025263.1	LOW_COVERAGE
AC025263.3	LOW_COVERAGE
AC025265.1	LOW_COVERAGE
AC025280.3	LOW_COVERAGE
AC025283.2	LOW_COVERAGE
AC025287.2	LOW_COVERAGE
AC025287.4	LOW_COVERAGE
AC025335.1	LOW_COVERAGE
AC025423.1	LOW_COVERAGE
AC025423.4	LOW_COVERAGE
AC025442.2	LOW_COVERAGE
AC025442.3	LOW_COVERAGE
AC025449.2	LOW_COVERAGE
AC025569.1	LOW_COVERAGE
AC025575.2	LOW_COVERAGE
AC025576.1	LOW_COVERAGE
AC025576.3	LOW_COVERAGE
AC025580.2	LOW_COVERAGE
AC025580.3	LOW_COVERAGE
AC025627.1	LOW_COVERAGE
AC025682.1	LOW_COVERAGE
AC025809.1	LOW_COVERAGE
AC025871.1	LOW_COVERAGE
AC025887.2	LOW_COVERAGE
AC025917.1	LOW_COVERAGE
AC025918.1	LOW_COVERAGE
AC025918.2	LOW_COVERAGE
AC025946.1	LOW_COVERAGE
AC026124.1	LOW_COVERAGE
AC026124.2	LOW_COVERAGE
AC026150.8	LOW_COVERAGE
AC026167.1	LOW_COVERAGE
AC026191.1	LOW_COVERAGE
AC026202.2	LOW_COVERAGE
AC026202.3	LOW_COVERAGE
AC026250.1	LOW_COVERAGE
AC026254.2	LOW_COVERAGE
AC026271.5	LOW_COVERAGE
AC026304.1	LOW_COVERAGE
AC026333.3	LOW_COVERAGE
AC026333.4	LOW_COVERAGE
AC026341.1	LOW_COVERAGE
AC026347.1	LOW_COVERAGE
AC026353.1	LOW_COVERAGE
AC026355.1	LOW_COVERAGE
AC026355.2	LOW_COVERAGE
AC026356.1	LOW_COVERAGE
AC026356.2	LOW_COVERAGE
AC026367.1	LOW_COVERAGE
AC026367.3	LOW_COVERAGE
AC026401.1	LOW_COVERAGE
AC026401.2	LOW_COVERAGE
AC026401.3	LOW_COVERAGE
AC026412.3	LOW_COVERAGE
AC026462.3	LOW_COVERAGE
AC026462.4	LOW_COVERAGE
AC026470.2	LOW_COVERAGE
AC026471.1	LOW_COVERAGE
AC026471.2	LOW_COVERAGE
AC026471.4	LOW_COVERAGE
AC026471.5	LOW_COVERAGE
AC026495.2	LOW_COVERAGE
AC026512.1	LOW_COVERAGE
AC026624.1	LOW_COVERAGE
AC026689.1	LOW_COVERAGE
AC026691.1	LOW_COVERAGE
AC026704.1	LOW_COVERAGE
AC026740.1	LOW_COVERAGE
AC026741.1	LOW_COVERAGE
AC026748.3	LOW_COVERAGE
AC026765.3	LOW_COVERAGE
AC026785.2	LOW_COVERAGE
AC026785.3	LOW_COVERAGE
AC026801.2	LOW_COVERAGE
AC026803.1	LOW_COVERAGE
AC026803.3	LOW_COVERAGE
AC026806.2	LOW_COVERAGE
AC026894.1	LOW_COVERAGE
AC026956.1	LOW_COVERAGE
AC026979.2	LOW_COVERAGE
AC026979.3	LOW_COVERAGE
AC026979.4	LOW_COVERAGE
AC026992.1	LOW_COVERAGE
AC027018.1	LOW_COVERAGE
AC027020.2	LOW_COVERAGE
AC027031.2	LOW_COVERAGE
AC027088.5	LOW_COVERAGE
AC027097.1	LOW_COVERAGE
AC027097.2	LOW_COVERAGE
AC027117.1	LOW_COVERAGE
AC027117.2	LOW_COVERAGE
AC027228.1	LOW_COVERAGE
AC027237.2	LOW_COVERAGE
AC027237.3	LOW_COVERAGE
AC027243.3	LOW_COVERAGE
AC027271.1	LOW_COVERAGE
AC027277.1	LOW_COVERAGE
AC027279.1	LOW_COVERAGE
AC027288.1	LOW_COVERAGE
AC027288.3	LOW_COVERAGE
AC027290.1	LOW_COVERAGE
AC027307.1	LOW_COVERAGE
AC027307.2	LOW_COVERAGE
AC027307.3	LOW_COVERAGE
AC027319.1	LOW_COVERAGE
AC027373.1	LOW_COVERAGE
AC027514.1	LOW_COVERAGE
AC027575.2	LOW_COVERAGE
AC027601.1	LOW_COVERAGE
AC027601.4	LOW_COVERAGE
AC027601.6	LOW_COVERAGE
AC027612.1	LOW_COVERAGE
AC027612.6	LOW_COVERAGE
AC027627.1	LOW_COVERAGE
AC027644.3	LOW_COVERAGE
AC027682.1	LOW_COVERAGE
AC027682.2	LOW_COVERAGE
AC027682.4	LOW_COVERAGE
AC027682.6	LOW_COVERAGE
AC027698.1	LOW_COVERAGE
AC027702.1	LOW_COVERAGE
AC027763.2	LOW_COVERAGE
AC027796.1	LOW_COVERAGE
AC027796.4	LOW_COVERAGE
AC027801.1	LOW_COVERAGE
AC027801.3	LOW_COVERAGE
AC027801.4	LOW_COVERAGE
AC027808.2	LOW_COVERAGE
AC032011.1	LOW_COVERAGE
AC034102.3	LOW_COVERAGE
AC034102.4	LOW_COVERAGE
AC034102.5	LOW_COVERAGE
AC034102.8	LOW_COVERAGE
AC034111.1	LOW_COVERAGE
AC034111.2	LOW_COVERAGE
AC034114.2	LOW_COVERAGE
AC034139.1	LOW_COVERAGE
AC034193.1	LOW_COVERAGE
AC034195.1	LOW_COVERAGE
AC034198.1	LOW_COVERAGE
AC034198.2	LOW_COVERAGE
AC034213.1	LOW_COVERAGE
AC034220.3	LOW_COVERAGE
AC034231.1	LOW_COVERAGE
AC034236.2	LOW_COVERAGE
AC034243.1	LOW_EVIDENCE
AC034268.2	LOW_COVERAGE
AC035140.1	LOW_COVERAGE
AC036103.1	LOW_COVERAGE
AC036108.1	LOW_COVERAGE
AC036108.3	LOW_COVERAGE
AC036176.1	LOW_COVERAGE
AC036214.1	LOW_COVERAGE
AC036214.2	LOW_COVERAGE
AC036214.3	LOW_COVERAGE
AC036214.4	LOW_COVERAGE
AC037198.1	LOW_COVERAGE
AC037198.2	LOW_COVERAGE
AC037445.1	LOW_COVERAGE
AC037459.2	LOW_COVERAGE
AC037459.3	LOW_COVERAGE
AC037459.4	LOW_COVERAGE
AC037486.1	LOW_COVERAGE
AC037487.1	LOW_COVERAGE
AC037487.2	LOW_COVERAGE
AC040162.1	LOW_COVERAGE
AC040169.1	LOW_COVERAGE
AC040169.3	LOW_COVERAGE
AC040173.1	LOW_COVERAGE
AC040174.1	LOW_COVERAGE
AC040904.1	LOW_COVERAGE
AC040934.1	LOW_COVERAGE
AC040970.1	LOW_COVERAGE
AC040977.1	LOW_COVERAGE
AC041005.1	LOW_COVERAGE
AC044784.1	LOW_COVERAGE
AC044839.1	LOW_COVERAGE
AC044839.3	LOW_COVERAGE
AC044840.1	LOW_COVERAGE
AC044849.1	LOW_COVERAGE
AC044907.1	LOW_COVERAGE
AC046130.1	LOW_COVERAGE
AC046130.2	LOW_COVERAGE
AC046134.2	LOW_COVERAGE
AC046143.1	LOW_COVERAGE
AC046143.3	LOW_COVERAGE
AC046158.1	LOW_COVERAGE
AC046168.2	LOW_COVERAGE
AC046195.1	LOW_COVERAGE
AC048341.1	LOW_COVERAGE
AC048341.2	LOW_COVERAGE
AC048344.4	LOW_COVERAGE
AC048380.1	LOW_COVERAGE
AC048382.5	LOW_COVERAGE
AC048382.6	LOW_COVERAGE
AC051619.11	LOW_COVERAGE
AC051619.4	LOW_COVERAGE
AC051619.5	LOW_COVERAGE
AC051619.6	LOW_COVERAGE
AC051619.8	LOW_COVERAGE
AC053503.1	LOW_COVERAGE
AC053503.2	LOW_COVERAGE
AC053503.4	LOW_COVERAGE
AC053503.5	LOW_COVERAGE
AC053513.1	LOW_COVERAGE
AC053513.2	LOW_COVERAGE
AC053527.1	LOW_COVERAGE
AC053527.2	LOW_COVERAGE
AC055713.1	LOW_COVERAGE
AC055733.2	LOW_COVERAGE
AC055764.1	LOW_COVERAGE
AC055811.1	LOW_COVERAGE
AC055822.1	LOW_COVERAGE
AC055854.1	LOW_COVERAGE
AC055855.1	LOW_COVERAGE
AC055855.2	LOW_COVERAGE
AC055866.1	LOW_COVERAGE
AC058791.1	LOW_EVIDENCE
AC060226.1	LOW_COVERAGE
AC060765.2	LOW_COVERAGE
AC060766.4	LOW_COVERAGE
AC060780.1	LOW_COVERAGE
AC060809.1	LOW_COVERAGE
AC060814.3	LOW_COVERAGE
AC060834.2	LOW_COVERAGE
AC061708.1	LOW_COVERAGE
AC061958.1	LOW_COVERAGE
AC061975.8	LOW_COVERAGE
AC061992.1	LOW_COVERAGE
AC061992.2	LOW_COVERAGE
AC062017.1	LOW_COVERAGE
AC062028.1	LOW_COVERAGE
AC062029.1	LOW_EVIDENCE
AC062037.3	LOW_COVERAGE
AC063944.1	LOW_COVERAGE
AC063952.4	LOW_COVERAGE
AC063960.2	LOW_COVERAGE
AC063976.7	LOW_COVERAGE
AC063979.2	LOW_COVERAGE
AC064801.1	LOW_COVERAGE
AC064807.1	LOW_COVERAGE
AC064807.2	LOW_COVERAGE
AC064807.4	LOW_COVERAGE
AC064834.2	LOW_COVERAGE
AC064836.2	LOW_COVERAGE
AC064836.3	LOW_COVERAGE
AC064836.4	LOW_COVERAGE
AC064850.4	LOW_COVERAGE
AC064852.1	LOW_COVERAGE
AC064852.4	LOW_COVERAGE
AC064871.3	LOW_COVERAGE
AC064874.1	LOW_COVERAGE
AC066612.1	LOW_COVERAGE
AC066613.2	LOW_COVERAGE
AC067735.1	LOW_COVERAGE
AC067750.1	LOW_COVERAGE
AC067751.1	LOW_COVERAGE
AC067817.2	LOW_COVERAGE
AC067838.1	LOW_COVERAGE
AC067852.2	LOW_COVERAGE
AC067852.3	LOW_COVERAGE
AC067852.5	LOW_COVERAGE
AC067930.2	LOW_COVERAGE
AC067930.4	LOW_COVERAGE
AC067930.8	LOW_COVERAGE
AC067940.1	LOW_COVERAGE
AC067945.3	LOW_COVERAGE
AC067956.1	LOW_COVERAGE
AC068025.1	LOW_COVERAGE
AC068025.2	LOW_COVERAGE
AC068051.1	LOW_COVERAGE
AC068134.10	LOW_COVERAGE
AC068137.13	LOW_COVERAGE
AC068189.1	LOW_COVERAGE
AC068189.2	LOW_COVERAGE
AC068193.1	LOW_COVERAGE
AC068196.1	LOW_COVERAGE
AC068205.2	LOW_COVERAGE
AC068228.3	LOW_COVERAGE
AC068234.2	LOW_COVERAGE
AC068279.2	LOW_COVERAGE
AC068282.1	LOW_COVERAGE
AC068282.3	LOW_COVERAGE
AC068286.2	LOW_COVERAGE
AC068305.2	LOW_COVERAGE
AC068338.2	LOW_COVERAGE
AC068338.3	LOW_COVERAGE
AC068389.1	LOW_COVERAGE
AC068389.3	LOW_COVERAGE
AC068446.2	LOW_COVERAGE
AC068473.1	LOW_COVERAGE
AC068473.5	LOW_COVERAGE
AC068491.2	LOW_COVERAGE
AC068491.3	LOW_COVERAGE
AC068499.10	LOW_COVERAGE
AC068533.3	LOW_COVERAGE
AC068533.7	LOW_COVERAGE
AC068538.2	LOW_COVERAGE
AC068580.4	LOW_COVERAGE
AC068580.5	LOW_COVERAGE
AC068580.6	LOW_COVERAGE
AC068587.4	LOW_COVERAGE
AC068594.1	LOW_COVERAGE
AC068620.1	LOW_COVERAGE
AC068620.2	LOW_COVERAGE
AC068631.1	LOW_COVERAGE
AC068633.1	LOW_COVERAGE
AC068641.1	LOW_COVERAGE
AC068657.2	LOW_COVERAGE
AC068707.1	LOW_COVERAGE
AC068722.1	LOW_COVERAGE
AC068722.2	LOW_COVERAGE
AC068724.1	LOW_COVERAGE
AC068724.3	LOW_COVERAGE
AC068768.1	LOW_COVERAGE
AC068790.2	LOW_COVERAGE
AC068790.3	LOW_COVERAGE
AC068790.5	LOW_COVERAGE
AC068790.6	LOW_COVERAGE
AC068790.7	LOW_COVERAGE
AC068790.9	LOW_COVERAGE
AC068831.1	LOW_COVERAGE
AC068831.10	LOW_COVERAGE
AC068831.15	LOW_COVERAGE
AC068831.16	LOW_COVERAGE
AC068831.3	LOW_COVERAGE
AC068831.6	LOW_COVERAGE
AC068870.2	LOW_COVERAGE
AC068888.1	LOW_COVERAGE
AC068888.2	LOW_COVERAGE
AC068987.5	LOW_COVERAGE
AC068989.1	LOW_COVERAGE
AC069029.1	LOW_COVERAGE
AC069061.2	LOW_COVERAGE
AC069063.1	LOW_COVERAGE
AC069063.2	LOW_COVERAGE
AC069120.1	LOW_COVERAGE
AC069148.1	LOW_COVERAGE
AC069185.1	LOW_COVERAGE
AC069200.1	LOW_COVERAGE
AC069209.2	LOW_COVERAGE
AC069213.1	LOW_COVERAGE
AC069224.1	LOW_COVERAGE
AC069228.1	LOW_COVERAGE
AC069234.1	LOW_COVERAGE
AC069234.2	LOW_COVERAGE
AC069243.1	LOW_COVERAGE
AC069257.6	LOW_COVERAGE
AC069277.1	LOW_COVERAGE
AC069277.2	LOW_COVERAGE
AC069278.4	LOW_COVERAGE
AC069282.6	LOW_COVERAGE
AC069307.1	LOW_COVERAGE
AC069368.3	LOW_COVERAGE
AC069394.1	LOW_COVERAGE
AC069410.1	LOW_COVERAGE
AC069431.1	LOW_COVERAGE
AC069437.1	LOW_COVERAGE
AC069499.1	LOW_COVERAGE
AC069503.1	LOW_COVERAGE
AC069503.2	LOW_COVERAGE
AC069513.4	LOW_COVERAGE
AC069542.1	LOW_COVERAGE
AC069544.1	LOW_COVERAGE
AC069547.2	LOW_COVERAGE
AC069549.1	LOW_COVERAGE
AC072028.1	LOW_COVERAGE
AC072031.1	LOW_COVERAGE
AC072039.2	LOW_COVERAGE
AC072054.1	LOW_COVERAGE
AC072061.1	LOW_COVERAGE
AC072062.1	LOW_COVERAGE
AC072062.3	LOW_COVERAGE
AC073043.1	LOW_COVERAGE
AC073046.1	LOW_COVERAGE
AC073046.25	LOW_COVERAGE
AC073046.3	LOW_COVERAGE
AC073046.4	LOW_COVERAGE
AC073050.1	LOW_COVERAGE
AC073052.1	LOW_COVERAGE
AC073052.2	LOW_COVERAGE
AC073063.10	LOW_COVERAGE
AC073069.2	LOW_COVERAGE
AC073073.2	LOW_COVERAGE
AC073111.4	LOW_COVERAGE
AC073111.5	LOW_COVERAGE
AC073114.1	LOW_COVERAGE
AC073130.3	LOW_COVERAGE
AC073133.1	LOW_COVERAGE
AC073140.2	LOW_COVERAGE
AC073167.1	LOW_COVERAGE
AC073195.1	LOW_COVERAGE
AC073210.3	LOW_COVERAGE
AC073225.1	LOW_COVERAGE
AC073254.1	LOW_COVERAGE
AC073257.1	LOW_COVERAGE
AC073257.2	LOW_COVERAGE
AC073263.1	LOW_COVERAGE
AC073263.2	LOW_COVERAGE
AC073270.2	LOW_COVERAGE
AC073283.4	LOW_COVERAGE
AC073283.7	LOW_COVERAGE
AC073288.2	LOW_COVERAGE
AC073316.1	LOW_COVERAGE
AC073320.1	LOW_COVERAGE
AC073326.3	LOW_COVERAGE
AC073332.1	LOW_COVERAGE
AC073333.1	LOW_COVERAGE
AC073333.8	LOW_COVERAGE
AC073335.2	LOW_COVERAGE
AC073342.1	LOW_COVERAGE
AC073342.12	LOW_COVERAGE
AC073343.1	LOW_COVERAGE
AC073343.13	LOW_COVERAGE
AC073343.2	LOW_COVERAGE
AC073349.1	LOW_COVERAGE
AC073349.4	LOW_COVERAGE
AC073352.1	LOW_COVERAGE
AC073365.1	LOW_COVERAGE
AC073370.1	LOW_COVERAGE
AC073389.1	LOW_COVERAGE
AC073389.2	LOW_COVERAGE
AC073389.3	LOW_COVERAGE
AC073410.1	LOW_COVERAGE
AC073415.2	LOW_COVERAGE
AC073464.11	LOW_COVERAGE
AC073475.1	LOW_COVERAGE
AC073476.3	LOW_COVERAGE
AC073508.3	LOW_COVERAGE
AC073517.1	LOW_COVERAGE
AC073529.1	LOW_COVERAGE
AC073530.1	LOW_COVERAGE
AC073534.2	LOW_COVERAGE
AC073548.2	LOW_COVERAGE
AC073551.1	LOW_COVERAGE
AC073569.2	LOW_COVERAGE
AC073575.1	LOW_COVERAGE
AC073575.2	LOW_COVERAGE
AC073578.1	LOW_COVERAGE
AC073578.2	LOW_COVERAGE
AC073592.1	LOW_COVERAGE
AC073593.2	LOW_COVERAGE
AC073610.3	LOW_COVERAGE
AC073610.5	LOW_COVERAGE
AC073611.1	LOW_COVERAGE
AC073635.5	LOW_COVERAGE
AC073641.1	LOW_COVERAGE
AC073641.2	LOW_COVERAGE
AC073648.7	LOW_COVERAGE
AC073655.2	LOW_COVERAGE
AC073834.3	LOW_COVERAGE
AC073840.1	LOW_COVERAGE
AC073842.1	LOW_COVERAGE
AC073842.2	LOW_COVERAGE
AC073869.1	LOW_COVERAGE
AC073869.3	LOW_COVERAGE
AC073878.1	LOW_COVERAGE
AC073896.2	LOW_COVERAGE
AC073896.3	LOW_COVERAGE
AC073896.4	LOW_COVERAGE
AC073934.1	LOW_COVERAGE
AC073957.1	LOW_COVERAGE
AC073957.2	LOW_COVERAGE
AC073957.3	LOW_COVERAGE
AC074008.1	LOW_COVERAGE
AC074011.1	LOW_COVERAGE
AC074031.1	LOW_COVERAGE
AC074032.1	LOW_COVERAGE
AC074033.1	LOW_COVERAGE
AC074044.1	LOW_COVERAGE
AC074050.4	LOW_COVERAGE
AC074117.1	LOW_COVERAGE
AC074117.10	LOW_COVERAGE
AC074135.1	LOW_COVERAGE
AC074138.3	LOW_COVERAGE
AC074183.1	LOW_COVERAGE
AC074212.1	LOW_COVERAGE
AC074212.5	LOW_COVERAGE
AC074212.6	LOW_COVERAGE
AC074286.1	LOW_COVERAGE
AC074351.1	LOW_COVERAGE
AC074366.3	LOW_COVERAGE
AC074367.1	LOW_COVERAGE
AC074386.1	LOW_COVERAGE
AC074387.1	LOW_COVERAGE
AC076966.2	LOW_COVERAGE
AC076968.2	LOW_COVERAGE
AC078778.1	LOW_COVERAGE
AC078785.1	LOW_COVERAGE
AC078789.1	LOW_COVERAGE
AC078795.2	LOW_COVERAGE
AC078802.1	LOW_COVERAGE
AC078814.1	LOW_COVERAGE
AC078846.1	LOW_COVERAGE
AC078850.2	LOW_COVERAGE
AC078864.1	LOW_COVERAGE
AC078864.2	LOW_COVERAGE
AC078881.1	LOW_COVERAGE
AC078882.1	LOW_COVERAGE
AC078883.1	LOW_COVERAGE
AC078883.3	LOW_COVERAGE
AC078883.4	LOW_COVERAGE
AC078899.1	LOW_COVERAGE
AC078923.1	LOW_COVERAGE
AC078941.1	LOW_COVERAGE
AC078955.1	LOW_COVERAGE
AC078962.2	LOW_COVERAGE
AC078983.1	LOW_COVERAGE
AC079089.1	LOW_COVERAGE
AC079135.1	LOW_COVERAGE
AC079140.6	LOW_COVERAGE
AC079142.1	LOW_COVERAGE
AC079145.1	LOW_COVERAGE
AC079145.4	LOW_COVERAGE
AC079160.1	LOW_COVERAGE
AC079174.2	LOW_COVERAGE
AC079209.2	LOW_COVERAGE
AC079226.2	LOW_COVERAGE
AC079250.1	LOW_COVERAGE
AC079305.1	LOW_COVERAGE
AC079305.10	LOW_COVERAGE
AC079305.3	LOW_COVERAGE
AC079313.2	LOW_COVERAGE
AC079315.1	LOW_COVERAGE
AC079322.1	LOW_COVERAGE
AC079328.2	LOW_COVERAGE
AC079336.4	LOW_COVERAGE
AC079352.1	LOW_COVERAGE
AC079354.2	LOW_COVERAGE
AC079354.3	LOW_COVERAGE
AC079354.6	LOW_COVERAGE
AC079385.1	LOW_COVERAGE
AC079414.1	LOW_COVERAGE
AC079414.3	LOW_COVERAGE
AC079447.1	LOW_COVERAGE
AC079465.1	LOW_COVERAGE
AC079466.1	LOW_COVERAGE
AC079467.1	LOW_COVERAGE
AC079601.1	LOW_COVERAGE
AC079610.1	LOW_COVERAGE
AC079610.2	LOW_COVERAGE
AC079613.1	LOW_COVERAGE
AC079630.2	LOW_COVERAGE
AC079630.4	LOW_COVERAGE
AC079742.1	LOW_COVERAGE
AC079742.4	LOW_COVERAGE
AC079753.4	LOW_COVERAGE
AC079760.1	LOW_COVERAGE
AC079772.1	LOW_COVERAGE
AC079776.2	LOW_COVERAGE
AC079779.2	LOW_COVERAGE
AC079779.3	LOW_COVERAGE
AC079779.4	LOW_COVERAGE
AC079781.5	LOW_COVERAGE
AC079790.1	LOW_COVERAGE
AC079790.2	LOW_COVERAGE
AC079793.1	LOW_COVERAGE
AC079807.1	LOW_COVERAGE
AC079807.2	LOW_COVERAGE
AC079807.3	LOW_COVERAGE
AC079834.2	LOW_COVERAGE
AC079841.2	LOW_COVERAGE
AC079848.1	LOW_COVERAGE
AC079866.2	LOW_COVERAGE
AC079907.1	LOW_COVERAGE
AC079915.1	LOW_COVERAGE
AC079921.1	LOW_COVERAGE
AC079922.2	LOW_COVERAGE
AC079922.3	LOW_COVERAGE
AC079949.2	LOW_COVERAGE
AC079950.1	LOW_COVERAGE
AC079951.1	LOW_COVERAGE
AC080002.1	LOW_COVERAGE
AC080013.1	LOW_COVERAGE
AC080013.3	LOW_COVERAGE
AC080013.5	LOW_COVERAGE
AC080013.6	LOW_COVERAGE
AC080023.1	LOW_COVERAGE
AC080037.1	LOW_COVERAGE
AC080038.1	LOW_COVERAGE
AC080038.2	LOW_COVERAGE
AC080078.1	LOW_COVERAGE
AC080094.1	LOW_COVERAGE
AC080112.1	LOW_COVERAGE
AC080112.4	LOW_COVERAGE
AC080125.1	LOW_COVERAGE
AC080129.2	LOW_COVERAGE
AC080132.1	LOW_COVERAGE
AC080162.1	LOW_COVERAGE
AC082651.1	LOW_COVERAGE
AC083798.2	LOW_COVERAGE
AC083799.1	LOW_COVERAGE
AC083805.2	LOW_COVERAGE
AC083836.1	LOW_COVERAGE
AC083837.1	LOW_COVERAGE
AC083843.1	LOW_COVERAGE
AC083843.2	LOW_COVERAGE
AC083843.3	LOW_COVERAGE
AC083843.4	LOW_COVERAGE
AC083855.2	LOW_COVERAGE
AC083862.2	LOW_COVERAGE
AC083862.3	LOW_COVERAGE
AC083862.6	LOW_COVERAGE
AC083870.1	LOW_COVERAGE
AC083873.4	LOW_COVERAGE
AC083875.2	LOW_COVERAGE
AC083880.1	LOW_COVERAGE
AC083884.8	LOW_COVERAGE
AC083899.3	LOW_COVERAGE
AC083906.3	LOW_COVERAGE
AC083949.1	LOW_COVERAGE
AC083964.1	LOW_COVERAGE
AC083967.1	LOW_COVERAGE
AC083973.1	LOW_COVERAGE
AC084018.1	LOW_COVERAGE
AC084018.2	LOW_COVERAGE
AC084018.4	LOW_COVERAGE
AC084024.3	LOW_COVERAGE
AC084024.4	LOW_COVERAGE
AC084026.1	LOW_COVERAGE
AC084033.3	LOW_COVERAGE
AC084036.1	LOW_COVERAGE
AC084082.1	LOW_COVERAGE
AC084082.3	LOW_COVERAGE
AC084117.3	LOW_COVERAGE
AC084125.2	LOW_COVERAGE
AC084125.4	LOW_COVERAGE
AC084198.2	LOW_COVERAGE
AC084219.2	LOW_COVERAGE
AC084219.3	LOW_COVERAGE
AC084219.4	LOW_COVERAGE
AC084262.2	LOW_COVERAGE
AC084290.2	LOW_COVERAGE
AC084346.2	LOW_COVERAGE
AC084357.2	LOW_COVERAGE
AC084375.1	LOW_COVERAGE
AC084724.1	LOW_COVERAGE
AC084740.1	LOW_COVERAGE
AC084756.1	LOW_COVERAGE
AC084757.2	LOW_COVERAGE
AC084782.1	LOW_COVERAGE
AC084809.1	LOW_COVERAGE
AC084809.2	HUMAN_TUMOR_SUPPORTED
AC084816.1	LOW_COVERAGE
AC084824.4	LOW_COVERAGE
AC084824.5	LOW_COVERAGE
AC084854.1	LOW_COVERAGE
AC084864.2	LOW_COVERAGE
AC084871.1	LOW_COVERAGE
AC084880.3	LOW_COVERAGE
AC087071.2	LOW_COVERAGE
AC087164.1	LOW_COVERAGE
AC087190.1	LOW_COVERAGE
AC087203.3	LOW_COVERAGE
AC087222.1	LOW_COVERAGE
AC087239.1	LOW_COVERAGE
AC087241.2	LOW_COVERAGE
AC087241.3	LOW_COVERAGE
AC087276.2	LOW_COVERAGE
AC087284.1	LOW_COVERAGE
AC087286.2	LOW_COVERAGE
AC087289.2	LOW_COVERAGE
AC087289.5	LOW_COVERAGE
AC087294.1	LOW_COVERAGE
AC087294.2	LOW_COVERAGE
AC087311.2	LOW_COVERAGE
AC087350.1	LOW_COVERAGE
AC087362.1	LOW_COVERAGE
AC087380.14	LOW_COVERAGE
AC087386.1	LOW_COVERAGE
AC087393.2	LOW_COVERAGE
AC087430.1	LOW_COVERAGE
AC087473.1	LOW_COVERAGE
AC087477.2	LOW_COVERAGE
AC087482.1	LOW_COVERAGE
AC087490.1	LOW_COVERAGE
AC087500.1	LOW_COVERAGE
AC087501.1	LOW_COVERAGE
AC087501.4	LOW_COVERAGE
AC087521.2	LOW_COVERAGE
AC087521.3	LOW_COVERAGE
AC087521.4	LOW_COVERAGE
AC087533.1	LOW_COVERAGE
AC087623.2	LOW_COVERAGE
AC087623.3	LOW_COVERAGE
AC087623.4	LOW_COVERAGE
AC087645.2	LOW_COVERAGE
AC087667.1	LOW_COVERAGE
AC087741.1	LOW_COVERAGE
AC087741.2	LOW_COVERAGE
AC087752.3	LOW_COVERAGE
AC087752.4	LOW_COVERAGE
AC087762.1	LOW_COVERAGE
AC087854.1	LOW_COVERAGE
AC087855.1	LOW_COVERAGE
AC087884.1	LOW_COVERAGE
AC087893.2	LOW_COVERAGE
AC089983.1	LOW_COVERAGE
AC089983.2	LOW_COVERAGE
AC089984.1	LOW_COVERAGE
AC089985.1	LOW_COVERAGE
AC089999.1	LOW_COVERAGE
AC089999.2	LOW_COVERAGE
AC090015.1	LOW_COVERAGE
AC090018.2	LOW_COVERAGE
AC090061.1	LOW_COVERAGE
AC090114.2	LOW_COVERAGE
AC090115.1	LOW_COVERAGE
AC090125.1	LOW_COVERAGE
AC090152.1	LOW_COVERAGE
AC090154.1	LOW_COVERAGE
AC090159.1	LOW_COVERAGE
AC090164.5	LOW_COVERAGE
AC090192.2	LOW_COVERAGE
AC090198.1	LOW_COVERAGE
AC090204.1	LOW_COVERAGE
AC090206.1	LOW_COVERAGE
AC090227.2	LOW_COVERAGE
AC090229.1	LOW_COVERAGE
AC090241.2	LOW_COVERAGE
AC090282.1	LOW_COVERAGE
AC090286.2	LOW_COVERAGE
AC090360.1	LOW_COVERAGE
AC090377.1	LOW_COVERAGE
AC090409.1	LOW_COVERAGE
AC090469.1	LOW_COVERAGE
AC090503.2	LOW_COVERAGE
AC090510.1	LOW_COVERAGE
AC090515.2	LOW_COVERAGE
AC090517.2	LOW_COVERAGE
AC090517.4	LOW_COVERAGE
AC090517.5	LOW_COVERAGE
AC090518.1	LOW_COVERAGE
AC090527.3	LOW_COVERAGE
AC090541.1	LOW_COVERAGE
AC090559.1	LOW_COVERAGE
AC090559.2	LOW_COVERAGE
AC090578.1	LOW_COVERAGE
AC090579.1	LOW_COVERAGE
AC090587.1	LOW_COVERAGE
AC090589.2	LOW_COVERAGE
AC090616.2	LOW_COVERAGE
AC090617.10	LOW_COVERAGE
AC090617.3	LOW_COVERAGE
AC090617.4	LOW_COVERAGE
AC090617.5	LOW_COVERAGE
AC090630.1	LOW_COVERAGE
AC090644.1	LOW_COVERAGE
AC090673.1	LOW_COVERAGE
AC090692.2	LOW_COVERAGE
AC090709.1	LOW_COVERAGE
AC090739.1	LOW_COVERAGE
AC090771.2	LOW_COVERAGE
AC090772.1	LOW_COVERAGE
AC090772.2	LOW_COVERAGE
AC090772.3	LOW_COVERAGE
AC090774.3	LOW_COVERAGE
AC090791.1	LOW_COVERAGE
AC090809.1	LOW_COVERAGE
AC090810.1	LOW_COVERAGE
AC090833.1	LOW_COVERAGE
AC090907.1	LOW_COVERAGE
AC090907.2	LOW_COVERAGE
AC090912.1	LOW_COVERAGE
AC090912.2	LOW_COVERAGE
AC090921.1	LOW_COVERAGE
AC090922.1	LOW_COVERAGE
AC090945.1	LOW_COVERAGE
AC090946.1	LOW_COVERAGE
AC090948.1	LOW_COVERAGE
AC090948.3	LOW_COVERAGE
AC090948.4	LOW_COVERAGE
AC090950.1	LOW_COVERAGE
AC090952.5	LOW_COVERAGE
AC090960.1	LOW_COVERAGE
AC090970.2	LOW_COVERAGE
AC090971.1	LOW_COVERAGE
AC090971.2	LOW_COVERAGE
AC091045.1	LOW_COVERAGE
AC091053.1	LOW_COVERAGE
AC091053.2	LOW_COVERAGE
AC091057.2	LOW_COVERAGE
AC091057.6	LOW_COVERAGE
AC091078.1	LOW_COVERAGE
AC091100.1	LOW_COVERAGE
AC091114.1	LOW_COVERAGE
AC091117.2	LOW_COVERAGE
AC091132.1	LOW_COVERAGE
AC091132.2	LOW_COVERAGE
AC091132.4	LOW_COVERAGE
AC091132.5	LOW_COVERAGE
AC091133.1	LOW_EVIDENCE
AC091152.2	LOW_COVERAGE
AC091153.2	LOW_COVERAGE
AC091153.3	LOW_COVERAGE
AC091153.4	LOW_COVERAGE
AC091154.1	LOW_COVERAGE
AC091173.1	LOW_COVERAGE
AC091177.1	LOW_COVERAGE
AC091178.2	LOW_COVERAGE
AC091180.1	LOW_COVERAGE
AC091180.2	LOW_COVERAGE
AC091180.3	LOW_COVERAGE
AC091180.5	LOW_COVERAGE
AC091181.2	LOW_COVERAGE
AC091212.1	LOW_COVERAGE
AC091214.1	LOW_COVERAGE
AC091271.1	LOW_COVERAGE
AC091488.1	LOW_COVERAGE
AC091492.2	LOW_COVERAGE
AC091544.4	LOW_COVERAGE
AC091563.1	LOW_COVERAGE
AC091607.2	LOW_COVERAGE
AC091729.1	LOW_COVERAGE
AC091729.3	LOW_COVERAGE
AC091729.9	LOW_COVERAGE
AC091769.2	LOW_COVERAGE
AC091878.1	LOW_COVERAGE
AC091887.1	LOW_COVERAGE
AC091891.2	LOW_COVERAGE
AC091946.1	LOW_COVERAGE
AC091948.1	LOW_COVERAGE
AC091959.3	LOW_COVERAGE
AC091978.1	LOW_COVERAGE
AC091982.1	LOW_COVERAGE
AC091982.3	LOW_COVERAGE
AC092038.1	LOW_COVERAGE
AC092040.1	LOW_COVERAGE
AC092053.2	LOW_COVERAGE
AC092053.3	LOW_COVERAGE
AC092053.4	LOW_COVERAGE
AC092066.1	LOW_COVERAGE
AC092069.1	LOW_COVERAGE
AC092100.1	LOW_COVERAGE
AC092111.1	LOW_COVERAGE
AC092115.2	LOW_COVERAGE
AC092115.3	LOW_COVERAGE
AC092117.1	LOW_COVERAGE
AC092117.2	LOW_COVERAGE
AC092118.1	LOW_COVERAGE
AC092118.2	LOW_COVERAGE
AC092119.2	LOW_COVERAGE
AC092119.3	LOW_COVERAGE
AC092120.3	LOW_COVERAGE
AC092123.1	LOW_COVERAGE
AC092127.1	LOW_COVERAGE
AC092139.1	LOW_COVERAGE
AC092140.1	LOW_COVERAGE
AC092142.1	LOW_COVERAGE
AC092143.2	LOW_COVERAGE
AC092153.1	LOW_COVERAGE
AC092159.2	LOW_COVERAGE
AC092162.1	LOW_COVERAGE
AC092162.2	LOW_COVERAGE
AC092164.1	LOW_COVERAGE
AC092168.2	LOW_COVERAGE
AC092171.1	LOW_COVERAGE
AC092171.2	LOW_COVERAGE
AC092171.3	LOW_COVERAGE
AC092171.4	LOW_EVIDENCE
AC092171.5	LOW_COVERAGE
AC092279.1	LOW_COVERAGE
AC092287.1	LOW_COVERAGE
AC092295.1	LOW_COVERAGE
AC092295.2	LOW_COVERAGE
AC092295.4	LOW_COVERAGE
AC092296.2	LOW_COVERAGE
AC092301.1	LOW_COVERAGE
AC092301.3	LOW_COVERAGE
AC092306.1	LOW_COVERAGE
AC092329.3	LOW_COVERAGE
AC092329.4	LOW_COVERAGE
AC092332.1	LOW_COVERAGE
AC092338.1	LOW_COVERAGE
AC092338.2	LOW_COVERAGE
AC092338.3	LOW_COVERAGE
AC092338.5	LOW_COVERAGE
AC092353.1	LOW_COVERAGE
AC092354.1	LOW_COVERAGE
AC092368.3	LOW_COVERAGE
AC092384.1	LOW_COVERAGE
AC092384.3	LOW_COVERAGE
AC092415.1	LOW_COVERAGE
AC092418.2	LOW_COVERAGE
AC092422.1	LOW_COVERAGE
AC092428.1	LOW_COVERAGE
AC092445.1	LOW_COVERAGE
AC092448.1	LOW_COVERAGE
AC092535.1	LOW_COVERAGE
AC092535.5	LOW_COVERAGE
AC092567.1	LOW_COVERAGE
AC092569.2	LOW_COVERAGE
AC092574.1	LOW_COVERAGE
AC092574.2	LOW_COVERAGE
AC092587.1	LOW_COVERAGE
AC092597.3	LOW_COVERAGE
AC092598.1	LOW_COVERAGE
AC092611.1	LOW_COVERAGE
AC092611.2	LOW_COVERAGE
AC092614.1	LOW_COVERAGE
AC092620.1	LOW_COVERAGE
AC092620.2	LOW_COVERAGE
AC092620.3	LOW_COVERAGE
AC092636.2	LOW_COVERAGE
AC092641.2	LOW_COVERAGE
AC092645.2	LOW_COVERAGE
AC092650.1	LOW_COVERAGE
AC092651.3	LOW_COVERAGE
AC092652.1	LOW_COVERAGE
AC092661.1	LOW_COVERAGE
AC092667.1	LOW_COVERAGE
AC092667.2	LOW_COVERAGE
AC092681.3	LOW_COVERAGE
AC092683.1	LOW_COVERAGE
AC092687.3	LOW_COVERAGE
AC092687.5	LOW_COVERAGE
AC092718.1	LOW_COVERAGE
AC092718.2	LOW_COVERAGE
AC092718.3	LOW_COVERAGE
AC092718.4	LOW_COVERAGE
AC092718.5	LOW_COVERAGE
AC092720.1	LOW_COVERAGE
AC092720.2	LOW_COVERAGE
AC092745.5	LOW_COVERAGE
AC092747.4	LOW_COVERAGE
AC092755.4	LOW_COVERAGE
AC092757.2	LOW_COVERAGE
AC092757.3	LOW_COVERAGE
AC092794.1	LOW_COVERAGE
AC092798.2	LOW_COVERAGE
AC092802.1	LOW_COVERAGE
AC092803.1	LOW_COVERAGE
AC092803.2	LOW_COVERAGE
AC092807.3	LOW_COVERAGE
AC092809.4	LOW_COVERAGE
AC092813.1	LOW_COVERAGE
AC092821.3	LOW_COVERAGE
AC092828.1	LOW_COVERAGE
AC092835.1	LOW_COVERAGE
AC092835.2	LOW_COVERAGE
AC092839.1	LOW_COVERAGE
AC092839.3	LOW_COVERAGE
AC092839.4	LOW_COVERAGE
AC092844.1	LOW_COVERAGE
AC092849.1	LOW_COVERAGE
AC092849.3	LOW_COVERAGE
AC092868.2	LOW_COVERAGE
AC092881.1	LOW_COVERAGE
AC092902.4	LOW_COVERAGE
AC092903.2	LOW_COVERAGE
AC092910.1	LOW_COVERAGE
AC092910.3	LOW_COVERAGE
AC092919.1	LOW_COVERAGE
AC092944.1	LOW_COVERAGE
AC092953.2	LOW_COVERAGE
AC092957.1	LOW_COVERAGE
AC092969.1	LOW_COVERAGE
AC093001.1	LOW_COVERAGE
AC093019.2	LOW_COVERAGE
AC093106.5	LOW_COVERAGE
AC093106.7	LOW_COVERAGE
AC093110.1	LOW_COVERAGE
AC093110.3	LOW_COVERAGE
AC093157.1	LOW_COVERAGE
AC093157.2	LOW_COVERAGE
AC093158.1	LOW_COVERAGE
AC093162.5	LOW_COVERAGE
AC093206.1	LOW_COVERAGE
AC093227.1	LOW_COVERAGE
AC093249.1	LOW_COVERAGE
AC093249.2	LOW_COVERAGE
AC093249.6	LOW_COVERAGE
AC093274.1	LOW_COVERAGE
AC093297.2	LOW_COVERAGE
AC093298.2	LOW_COVERAGE
AC093323.1	LOW_COVERAGE
AC093323.3	LOW_COVERAGE
AC093326.3	LOW_COVERAGE
AC093330.1	LOW_COVERAGE
AC093334.1	LOW_COVERAGE
AC093375.1	LOW_COVERAGE
AC093382.1	LOW_EVIDENCE
AC093388.3	LOW_COVERAGE
AC093425.1	LOW_COVERAGE
AC093462.1	LOW_COVERAGE
AC093484.3	LOW_COVERAGE
AC093495.1	LOW_COVERAGE
AC093495.4	LOW_COVERAGE
AC093503.1	LOW_COVERAGE
AC093510.1	LOW_COVERAGE
AC093512.1	LOW_COVERAGE
AC093512.2	LOW_COVERAGE
AC093523.1	LOW_COVERAGE
AC093525.4	LOW_COVERAGE
AC093525.6	LOW_COVERAGE
AC093525.7	LOW_COVERAGE
AC093535.1	LOW_COVERAGE
AC093591.2	LOW_COVERAGE
AC093599.2	LOW_COVERAGE
AC093616.4	LOW_COVERAGE
AC093620.5	LOW_COVERAGE
AC093627.10	LOW_COVERAGE
AC093627.3	LOW_COVERAGE
AC093627.4	LOW_COVERAGE
AC093627.5	LOW_COVERAGE
AC093627.9	LOW_COVERAGE
AC093628.1	LOW_COVERAGE
AC093635.1	LOW_COVERAGE
AC093642.1	LOW_COVERAGE
AC093642.3	LOW_COVERAGE
AC093642.5	LOW_COVERAGE
AC093655.1	LOW_COVERAGE
AC093673.1	LOW_COVERAGE
AC093673.5	LOW_COVERAGE
AC093675.1	LOW_COVERAGE
AC093677.2	LOW_COVERAGE
AC093690.1	LOW_COVERAGE
AC093716.1	LOW_COVERAGE
AC093724.2	LOW_COVERAGE
AC093752.2	LOW_COVERAGE
AC093752.3	LOW_COVERAGE
AC093788.1	LOW_COVERAGE
AC093791.2	LOW_COVERAGE
AC093817.1	LOW_COVERAGE
AC093817.2	LOW_COVERAGE
AC093818.1	LOW_COVERAGE
AC093827.4	LOW_COVERAGE
AC093827.5	LOW_COVERAGE
AC093833.1	LOW_COVERAGE
AC093835.1	LOW_COVERAGE
AC093838.1	LOW_COVERAGE
AC093838.4	LOW_COVERAGE
AC093843.1	LOW_COVERAGE
AC093849.4	LOW_COVERAGE
AC093859.1	LOW_COVERAGE
AC093865.1	LOW_COVERAGE
AC093866.1	LOW_COVERAGE
AC093895.1	LOW_COVERAGE
AC093898.1	LOW_COVERAGE
AC093901.1	LOW_COVERAGE
AC093915.1	LOW_COVERAGE
AC093916.1	LOW_COVERAGE
AC094019.4	LOW_COVERAGE
AC095032.1	LOW_COVERAGE
AC095055.1	LOW_COVERAGE
AC095057.3	LOW_COVERAGE
AC095057.4	LOW_COVERAGE
AC096536.1	LOW_COVERAGE
AC096536.3	LOW_COVERAGE
AC096537.1	LOW_COVERAGE
AC096558.1	LOW_COVERAGE
AC096564.1	LOW_COVERAGE
AC096574.4	LOW_COVERAGE
AC096574.5	LOW_COVERAGE
AC096577.1	LOW_COVERAGE
AC096586.1	LOW_COVERAGE
AC096642.1	LOW_COVERAGE
AC096647.1	LOW_COVERAGE
AC096649.2	LOW_COVERAGE
AC096664.1	LOW_COVERAGE
AC096670.3	LOW_COVERAGE
AC096677.1	LOW_COVERAGE
AC096711.1	LOW_COVERAGE
AC096711.2	LOW_COVERAGE
AC096719.1	LOW_COVERAGE
AC096733.1	LOW_COVERAGE
AC096733.2	LOW_COVERAGE
AC096741.1	LOW_COVERAGE
AC096751.2	LOW_COVERAGE
AC096772.6	LOW_COVERAGE
AC096773.1	LOW_COVERAGE
AC096861.2	LOW_COVERAGE
AC096992.2	LOW_COVERAGE
AC096996.2	LOW_COVERAGE
AC097059.1	LOW_COVERAGE
AC097103.2	LOW_COVERAGE
AC097358.2	LOW_COVERAGE
AC097359.2	LOW_COVERAGE
AC097369.2	LOW_COVERAGE
AC097376.2	LOW_COVERAGE
AC097376.3	LOW_COVERAGE
AC097381.1	LOW_COVERAGE
AC097382.3	LOW_COVERAGE
AC097448.1	LOW_COVERAGE
AC097459.1	LOW_COVERAGE
AC097460.1	LOW_COVERAGE
AC097461.1	LOW_COVERAGE
AC097461.4	LOW_COVERAGE
AC097467.2	LOW_COVERAGE
AC097467.3	LOW_COVERAGE
AC097468.1	LOW_COVERAGE
AC097468.3	LOW_COVERAGE
AC097468.4	LOW_COVERAGE
AC097478.1	LOW_COVERAGE
AC097499.1	LOW_COVERAGE
AC097500.1	LOW_COVERAGE
AC097512.1	LOW_COVERAGE
AC097515.1	LOW_COVERAGE
AC097518.2	LOW_COVERAGE
AC097523.3	LOW_COVERAGE
AC097532.2	LOW_COVERAGE
AC097532.3	LOW_COVERAGE
AC097534.1	LOW_COVERAGE
AC097534.2	LOW_COVERAGE
AC097625.1	LOW_COVERAGE
AC097634.1	LOW_COVERAGE
AC097634.2	LOW_COVERAGE
AC097634.3	LOW_COVERAGE
AC097639.1	LOW_COVERAGE
AC097641.2	LOW_COVERAGE
AC097658.2	LOW_COVERAGE
AC097658.3	LOW_COVERAGE
AC097662.1	LOW_COVERAGE
AC097662.2	LOW_COVERAGE
AC097717.1	LOW_COVERAGE
AC097721.1	LOW_COVERAGE
AC097721.2	LOW_COVERAGE
AC097724.3	LOW_COVERAGE
AC098484.2	LOW_COVERAGE
AC098484.4	LOW_COVERAGE
AC098487.1	LOW_COVERAGE
AC098588.3	LOW_COVERAGE
AC098592.6	LOW_COVERAGE
AC098592.7	LOW_COVERAGE
AC098614.2	LOW_COVERAGE
AC098617.1	LOW_COVERAGE
AC098650.1	LOW_COVERAGE
AC098818.2	LOW_COVERAGE
AC098820.1	LOW_COVERAGE
AC098820.3	LOW_COVERAGE
AC098820.4	LOW_COVERAGE
AC098828.2	LOW_COVERAGE
AC098829.1	LOW_COVERAGE
AC098848.1	LOW_COVERAGE
AC098850.3	LOW_COVERAGE
AC098973.1	LOW_COVERAGE
AC098973.2	LOW_COVERAGE
AC099066.2	LOW_COVERAGE
AC099313.1	LOW_COVERAGE
AC099314.1	LOW_COVERAGE
AC099329.3	LOW_COVERAGE
AC099332.1	LOW_COVERAGE
AC099332.2	LOW_COVERAGE
AC099343.2	LOW_COVERAGE
AC099343.3	LOW_COVERAGE
AC099344.1	LOW_COVERAGE
AC099344.2	LOW_COVERAGE
AC099344.3	LOW_COVERAGE
AC099487.2	LOW_COVERAGE
AC099489.1	LOW_COVERAGE
AC099508.2	LOW_COVERAGE
AC099517.1	LOW_COVERAGE
AC099518.1	LOW_COVERAGE
AC099518.2	LOW_COVERAGE
AC099518.4	LOW_COVERAGE
AC099518.5	LOW_COVERAGE
AC099520.1	LOW_COVERAGE
AC099520.2	LOW_COVERAGE
AC099521.1	LOW_COVERAGE
AC099521.3	LOW_COVERAGE
AC099522.2	LOW_COVERAGE
AC099535.2	LOW_COVERAGE
AC099550.1	LOW_COVERAGE
AC099552.1	LOW_COVERAGE
AC099552.5	LOW_COVERAGE
AC099560.1	LOW_COVERAGE
AC099568.2	LOW_COVERAGE
AC099661.1	LOW_COVERAGE
AC099668.5	LOW_COVERAGE
AC099669.1	LOW_COVERAGE
AC099676.1	LOW_COVERAGE
AC099684.1	LOW_COVERAGE
AC099684.2	LOW_COVERAGE
AC099778.1	LOW_COVERAGE
AC099791.2	LOW_COVERAGE
AC099811.1	LOW_COVERAGE
AC099811.4	LOW_COVERAGE
AC099811.5	LOW_COVERAGE
AC099850.1	RNA_RESISTANCE_CONSENSUS
AC099850.3	LOW_COVERAGE
AC100763.1	LOW_COVERAGE
AC100771.2	LOW_COVERAGE
AC100786.1	LOW_COVERAGE
AC100788.1	LOW_COVERAGE
AC100791.2	LOW_COVERAGE
AC100793.2	LOW_COVERAGE
AC100793.3	LOW_COVERAGE
AC100800.1	LOW_COVERAGE
AC100801.1	LOW_COVERAGE
AC100803.2	LOW_COVERAGE
AC100803.4	LOW_COVERAGE
AC100810.1	LOW_COVERAGE
AC100810.3	LOW_COVERAGE
AC100814.1	LOW_COVERAGE
AC100821.2	LOW_EVIDENCE
AC100822.1	LOW_COVERAGE
AC100827.4	LOW_COVERAGE
AC100830.1	LOW_COVERAGE
AC100830.2	LOW_COVERAGE
AC100830.3	LOW_COVERAGE
AC100830.4	LOW_COVERAGE
AC100830.5	LOW_COVERAGE
AC100832.1	LOW_COVERAGE
AC100832.2	LOW_COVERAGE
AC100835.1	LOW_COVERAGE
AC100835.2	LOW_COVERAGE
AC100839.1	LOW_COVERAGE
AC100847.1	LOW_COVERAGE
AC100858.3	LOW_COVERAGE
AC100861.1	LOW_COVERAGE
AC100861.2	LOW_COVERAGE
AC102953.2	LOW_COVERAGE
AC103591.3	LOW_COVERAGE
AC103691.1	LOW_COVERAGE
AC103702.2	LOW_COVERAGE
AC103703.1	LOW_COVERAGE
AC103706.1	LOW_COVERAGE
AC103718.1	LOW_COVERAGE
AC103736.1	LOW_COVERAGE
AC103739.2	LOW_COVERAGE
AC103740.1	LOW_COVERAGE
AC103740.2	LOW_COVERAGE
AC103760.1	LOW_COVERAGE
AC103769.1	LOW_COVERAGE
AC103770.1	LOW_COVERAGE
AC103808.1	LOW_COVERAGE
AC103810.2	LOW_COVERAGE
AC103876.1	LOW_COVERAGE
AC103923.1	LOW_COVERAGE
AC103957.2	LOW_COVERAGE
AC104024.4	LOW_COVERAGE
AC104035.1	LOW_COVERAGE
AC104041.1	LOW_COVERAGE
AC104066.4	LOW_COVERAGE
AC104073.4	LOW_COVERAGE
AC104083.1	LOW_COVERAGE
AC104088.1	LOW_COVERAGE
AC104109.2	LOW_COVERAGE
AC104113.1	LOW_COVERAGE
AC104113.3	LOW_COVERAGE
AC104116.1	LOW_COVERAGE
AC104118.1	LOW_COVERAGE
AC104123.1	LOW_COVERAGE
AC104134.1	LOW_COVERAGE
AC104134.2	LOW_COVERAGE
AC104135.2	LOW_COVERAGE
AC104162.2	LOW_COVERAGE
AC104170.1	LOW_COVERAGE
AC104184.1	LOW_COVERAGE
AC104187.1	LOW_COVERAGE
AC104211.1	LOW_COVERAGE
AC104248.1	LOW_COVERAGE
AC104297.1	LOW_COVERAGE
AC104304.3	LOW_COVERAGE
AC104316.1	LOW_COVERAGE
AC104316.2	LOW_COVERAGE
AC104335.1	LOW_COVERAGE
AC104365.1	LOW_COVERAGE
AC104370.1	LOW_COVERAGE
AC104389.28	LOW_COVERAGE
AC104389.4	LOW_COVERAGE
AC104389.5	LOW_COVERAGE
AC104405.1	LOW_COVERAGE
AC104411.1	LOW_COVERAGE
AC104451.2	LOW_COVERAGE
AC104461.1	LOW_COVERAGE
AC104463.2	LOW_COVERAGE
AC104472.4	LOW_COVERAGE
AC104472.5	LOW_COVERAGE
AC104506.1	LOW_COVERAGE
AC104532.2	LOW_EVIDENCE
AC104532.4	LOW_COVERAGE
AC104534.2	LOW_COVERAGE
AC104534.3	LOW_COVERAGE
AC104564.3	LOW_COVERAGE
AC104590.1	LOW_COVERAGE
AC104596.1	LOW_COVERAGE
AC104653.1	LOW_COVERAGE
AC104653.2	LOW_COVERAGE
AC104655.1	LOW_COVERAGE
AC104655.3	LOW_COVERAGE
AC104667.2	LOW_COVERAGE
AC104667.3	LOW_COVERAGE
AC104692.1	LOW_COVERAGE
AC104695.2	LOW_COVERAGE
AC104695.3	LOW_COVERAGE
AC104695.4	LOW_COVERAGE
AC104699.1	LOW_COVERAGE
AC104763.1	LOW_COVERAGE
AC104781.2	LOW_COVERAGE
AC104785.1	LOW_COVERAGE
AC104794.2	LOW_COVERAGE
AC104794.3	LOW_COVERAGE
AC104806.2	LOW_COVERAGE
AC104819.3	LOW_COVERAGE
AC104825.1	LOW_COVERAGE
AC104827.1	LOW_COVERAGE
AC104850.2	LOW_COVERAGE
AC104938.1	LOW_COVERAGE
AC104958.2	LOW_COVERAGE
AC104964.1	LOW_COVERAGE
AC104964.3	LOW_COVERAGE
AC104971.1	LOW_COVERAGE
AC104982.2	LOW_COVERAGE
AC104984.1	LOW_COVERAGE
AC104984.2	LOW_COVERAGE
AC104984.3	LOW_COVERAGE
AC104984.5	LOW_COVERAGE
AC104984.6	LOW_COVERAGE
AC104986.1	LOW_COVERAGE
AC104986.2	LOW_COVERAGE
AC105001.1	LOW_COVERAGE
AC105009.1	LOW_COVERAGE
AC105020.1	LOW_COVERAGE
AC105020.6	LOW_COVERAGE
AC105046.1	LOW_COVERAGE
AC105052.4	LOW_COVERAGE
AC105052.5	LOW_COVERAGE
AC105094.2	LOW_COVERAGE
AC105118.1	LOW_COVERAGE
AC105137.2	LOW_COVERAGE
AC105180.2	LOW_COVERAGE
AC105206.1	LOW_COVERAGE
AC105206.2	LOW_COVERAGE
AC105206.3	LOW_COVERAGE
AC105219.1	LOW_COVERAGE
AC105219.2	LOW_COVERAGE
AC105219.4	LOW_COVERAGE
AC105285.1	LOW_COVERAGE
AC105328.1	LOW_COVERAGE
AC105339.3	LOW_EVIDENCE
AC105339.6	LOW_COVERAGE
AC105345.1	LOW_COVERAGE
AC105402.3	LOW_COVERAGE
AC105402.4	LOW_COVERAGE
AC105411.1	LOW_COVERAGE
AC105429.1	LOW_COVERAGE
AC105446.1	LOW_COVERAGE
AC105450.1	LOW_COVERAGE
AC105460.2	LOW_COVERAGE
AC105461.1	LOW_COVERAGE
AC105760.2	LOW_COVERAGE
AC105760.3	LOW_COVERAGE
AC105916.1	LOW_COVERAGE
AC105921.5	LOW_COVERAGE
AC105935.1	LOW_COVERAGE
AC105940.2	LOW_COVERAGE
AC105942.1	LOW_COVERAGE
AC105999.1	LOW_COVERAGE
AC105999.2	LOW_COVERAGE
AC106028.3	LOW_COVERAGE
AC106028.4	LOW_COVERAGE
AC106037.3	LOW_COVERAGE
AC106045.1	LOW_COVERAGE
AC106047.1	LOW_COVERAGE
AC106707.1	LOW_COVERAGE
AC106712.1	LOW_COVERAGE
AC106736.1	LOW_COVERAGE
AC106738.1	LOW_COVERAGE
AC106739.1	LOW_COVERAGE
AC106739.2	LOW_COVERAGE
AC106772.1	LOW_COVERAGE
AC106779.1	LOW_COVERAGE
AC106782.2	LOW_COVERAGE
AC106782.20	LOW_COVERAGE
AC106782.5	LOW_COVERAGE
AC106782.6	LOW_COVERAGE
AC106786.1	RNA_RESISTANCE_CONSENSUS
AC106786.2	LOW_COVERAGE
AC106791.1	LOW_COVERAGE
AC106793.1	LOW_COVERAGE
AC106795.2	LOW_COVERAGE
AC106795.3	LOW_COVERAGE
AC106795.5	LOW_COVERAGE
AC106798.1	LOW_COVERAGE
AC106799.2	LOW_COVERAGE
AC106802.1	LOW_COVERAGE
AC106818.2	LOW_COVERAGE
AC106820.2	LOW_COVERAGE
AC106820.3	LOW_COVERAGE
AC106820.4	LOW_COVERAGE
AC106820.5	LOW_COVERAGE
AC106820.6	LOW_COVERAGE
AC106845.1	LOW_COVERAGE
AC106858.1	LOW_COVERAGE
AC106865.2	LOW_COVERAGE
AC106869.1	LOW_COVERAGE
AC106873.1	LOW_COVERAGE
AC106873.4	LOW_COVERAGE
AC106881.1	LOW_COVERAGE
AC106886.3	LOW_COVERAGE
AC106886.5	LOW_COVERAGE
AC106897.1	LOW_COVERAGE
AC106900.1	LOW_COVERAGE
AC106900.2	LOW_COVERAGE
AC106900.6	LOW_COVERAGE
AC107016.1	LOW_COVERAGE
AC107021.1	LOW_COVERAGE
AC107021.2	LOW_COVERAGE
AC107027.1	LOW_COVERAGE
AC107027.3	LOW_COVERAGE
AC107031.1	LOW_COVERAGE
AC107032.2	LOW_COVERAGE
AC107032.3	LOW_COVERAGE
AC107068.1	LOW_COVERAGE
AC107068.2	LOW_COVERAGE
AC107071.1	LOW_COVERAGE
AC107072.2	LOW_COVERAGE
AC107079.1	LOW_COVERAGE
AC107081.2	LOW_COVERAGE
AC107081.5	LOW_COVERAGE
AC107214.1	LOW_COVERAGE
AC107214.2	LOW_COVERAGE
AC107218.3	LOW_COVERAGE
AC107223.1	LOW_COVERAGE
AC107241.1	LOW_COVERAGE
AC107294.2	LOW_COVERAGE
AC107375.1	LOW_COVERAGE
AC107419.1	LOW_COVERAGE
AC107464.3	LOW_COVERAGE
AC107871.1	LOW_COVERAGE
AC107871.2	LOW_COVERAGE
AC107884.1	LOW_COVERAGE
AC107959.1	LOW_COVERAGE
AC107959.4	LOW_COVERAGE
AC107982.2	LOW_COVERAGE
AC107982.3	LOW_COVERAGE
AC107983.4	LOW_COVERAGE
AC107993.1	LOW_COVERAGE
AC108002.1	LOW_COVERAGE
AC108004.3	LOW_COVERAGE
AC108047.1	LOW_COVERAGE
AC108058.1	LOW_COVERAGE
AC108062.1	LOW_COVERAGE
AC108134.1	LOW_COVERAGE
AC108134.2	LOW_COVERAGE
AC108134.4	LOW_COVERAGE
AC108142.1	LOW_COVERAGE
AC108174.1	LOW_COVERAGE
AC108210.1	LOW_COVERAGE
AC108448.2	LOW_COVERAGE
AC108448.3	LOW_COVERAGE
AC108449.1	LOW_COVERAGE
AC108449.2	LOW_COVERAGE
AC108463.3	LOW_COVERAGE
AC108471.2	LOW_COVERAGE
AC108471.3	LOW_COVERAGE
AC108479.3	LOW_COVERAGE
AC108485.1	LOW_COVERAGE
AC108488.1	LOW_COVERAGE
AC108488.3	LOW_COVERAGE
AC108488.4	LOW_COVERAGE
AC108519.1	LOW_COVERAGE
AC108673.2	LOW_COVERAGE
AC108673.3	LOW_COVERAGE
AC108676.1	LOW_COVERAGE
AC108704.1	LOW_COVERAGE
AC108749.1	LOW_COVERAGE
AC108860.2	LOW_COVERAGE
AC108861.1	LOW_COVERAGE
AC108863.1	LOW_COVERAGE
AC108863.2	LOW_COVERAGE
AC108925.1	LOW_COVERAGE
AC108933.1	LOW_COVERAGE
AC108938.5	LOW_COVERAGE
AC109322.1	LOW_COVERAGE
AC109322.2	LOW_COVERAGE
AC109333.10	LOW_COVERAGE
AC109347.1	LOW_COVERAGE
AC109347.2	LOW_COVERAGE
AC109361.1	LOW_COVERAGE
AC109361.2	LOW_COVERAGE
AC109446.3	LOW_COVERAGE
AC109449.1	LOW_COVERAGE
AC109454.2	LOW_COVERAGE
AC109460.1	LOW_COVERAGE
AC109460.2	LOW_COVERAGE
AC109466.1	LOW_COVERAGE
AC109587.1	LOW_COVERAGE
AC109597.1	LOW_COVERAGE
AC109597.2	LOW_COVERAGE
AC109631.1	LOW_COVERAGE
AC109829.1	LOW_COVERAGE
AC109927.1	LOW_COVERAGE
AC109992.2	LOW_COVERAGE
AC110058.1	LOW_COVERAGE
AC110285.1	LOW_COVERAGE
AC110285.2	LOW_COVERAGE
AC110285.6	LOW_COVERAGE
AC110597.1	LOW_COVERAGE
AC110602.1	LOW_COVERAGE
AC110609.1	LOW_COVERAGE
AC110611.1	LOW_COVERAGE
AC110615.1	LOW_COVERAGE
AC110619.1	LOW_COVERAGE
AC110769.2	LOW_COVERAGE
AC110795.1	LOW_COVERAGE
AC111149.2	LOW_COVERAGE
AC111155.1	LOW_COVERAGE
AC111170.1	LOW_COVERAGE
AC112206.2	LOW_COVERAGE
AC112220.2	LOW_COVERAGE
AC112220.3	LOW_COVERAGE
AC112220.4	LOW_COVERAGE
AC112229.1	LOW_COVERAGE
AC112236.2	LOW_COVERAGE
AC112254.1	LOW_COVERAGE
AC112484.1	LOW_COVERAGE
AC112484.3	LOW_COVERAGE
AC112484.5	LOW_COVERAGE
AC112487.1	LOW_COVERAGE
AC112493.1	LOW_COVERAGE
AC112497.1	LOW_COVERAGE
AC112503.1	LOW_COVERAGE
AC112715.1	LOW_COVERAGE
AC112719.2	LOW_COVERAGE
AC112722.1	LOW_COVERAGE
AC112770.1	LOW_COVERAGE
AC112907.1	LOW_COVERAGE
AC112907.3	LOW_COVERAGE
AC113143.3	LOW_COVERAGE
AC113188.2	LOW_COVERAGE
AC113189.5	LOW_COVERAGE
AC113346.2	LOW_COVERAGE
AC113382.1	LOW_COVERAGE
AC113383.1	LOW_COVERAGE
AC113385.1	LOW_COVERAGE
AC113404.1	LOW_COVERAGE
AC113410.4	LOW_COVERAGE
AC113410.5	LOW_COVERAGE
AC113414.1	LOW_COVERAGE
AC113949.1	LOW_COVERAGE
AC114271.1	LOW_COVERAGE
AC114271.2	LOW_COVERAGE
AC114284.1	LOW_COVERAGE
AC114311.1	LOW_COVERAGE
AC114316.1	LOW_COVERAGE
AC114490.2	LOW_COVERAGE
AC114490.3	LOW_COVERAGE
AC114498.1	LOW_COVERAGE
AC114730.11	LOW_COVERAGE
AC114730.2	LOW_COVERAGE
AC114730.7	LOW_COVERAGE
AC114730.8	LOW_COVERAGE
AC114737.1	LOW_COVERAGE
AC114737.3	LOW_COVERAGE
AC114760.2	LOW_COVERAGE
AC114763.1	RNA_RESISTANCE_CONSENSUS
AC114776.1	LOW_COVERAGE
AC114781.2	LOW_COVERAGE
AC114811.2	LOW_COVERAGE
AC114812.10	LOW_COVERAGE
AC114812.2	LOW_COVERAGE
AC114812.5	LOW_COVERAGE
AC114812.8	LOW_COVERAGE
AC114939.1	LOW_COVERAGE
AC114947.2	LOW_COVERAGE
AC114956.1	LOW_COVERAGE
AC114956.2	LOW_COVERAGE
AC114956.3	LOW_COVERAGE
AC114971.1	LOW_COVERAGE
AC114980.1	LOW_COVERAGE
AC115115.3	LOW_COVERAGE
AC115284.4	LOW_COVERAGE
AC115617.2	LOW_COVERAGE
AC115618.1	LOW_COVERAGE
AC116036.2	LOW_COVERAGE
AC116049.2	LOW_COVERAGE
AC116158.3	LOW_COVERAGE
AC116317.1	LOW_COVERAGE
AC116337.3	LOW_COVERAGE
AC116351.1	LOW_COVERAGE
AC116362.1	LOW_COVERAGE
AC116366.1	LOW_COVERAGE
AC116366.3	LOW_COVERAGE
AC116366.6	LOW_COVERAGE
AC116407.1	LOW_COVERAGE
AC116407.2	LOW_COVERAGE
AC116428.1	LOW_COVERAGE
AC116447.1	LOW_COVERAGE
AC116533.1	LOW_COVERAGE
AC116534.1	LOW_COVERAGE
AC116535.1	LOW_COVERAGE
AC116552.1	LOW_COVERAGE
AC116609.2	LOW_COVERAGE
AC116609.3	LOW_EVIDENCE
AC116667.1	LOW_COVERAGE
AC116913.1	LOW_COVERAGE
AC116914.1	LOW_COVERAGE
AC116914.2	LOW_COVERAGE
AC117372.1	LOW_COVERAGE
AC117377.1	LOW_COVERAGE
AC117382.2	LOW_COVERAGE
AC117383.1	LOW_COVERAGE
AC117386.2	LOW_COVERAGE
AC117394.2	LOW_COVERAGE
AC117402.1	LOW_COVERAGE
AC117481.1	LOW_COVERAGE
AC117503.1	LOW_COVERAGE
AC117503.5	LOW_COVERAGE
AC117507.1	LOW_COVERAGE
AC117528.1	LOW_COVERAGE
AC117834.1	LOW_COVERAGE
AC117834.2	LOW_COVERAGE
AC118549.1	LOW_COVERAGE
AC118553.1	LOW_COVERAGE
AC118553.2	LOW_COVERAGE
AC118555.1	LOW_COVERAGE
AC118658.1	LOW_COVERAGE
AC118754.1	LOW_COVERAGE
AC118755.2	LOW_COVERAGE
AC119150.1	LOW_COVERAGE
AC119396.1	LOW_COVERAGE
AC119396.2	LOW_COVERAGE
AC119403.1	LOW_COVERAGE
AC119427.1	LOW_COVERAGE
AC119673.2	LOW_COVERAGE
AC119674.1	LOW_COVERAGE
AC119674.2	LOW_COVERAGE
AC119800.1	LOW_COVERAGE
AC120036.4	LOW_COVERAGE
AC120053.1	LOW_COVERAGE
AC120114.1	LOW_COVERAGE
AC120114.2	LOW_COVERAGE
AC120193.1	LOW_COVERAGE
AC120498.10	LOW_COVERAGE
AC120498.4	LOW_COVERAGE
AC120498.8	LOW_COVERAGE
AC120498.9	LOW_COVERAGE
AC121251.1	LOW_COVERAGE
AC121338.1	LOW_COVERAGE
AC121338.2	LOW_COVERAGE
AC121761.1	LOW_COVERAGE
AC122108.2	LOW_COVERAGE
AC122129.1	LOW_COVERAGE
AC122697.1	LOW_COVERAGE
AC123512.1	LOW_COVERAGE
AC123768.3	LOW_COVERAGE
AC123768.5	LOW_COVERAGE
AC123788.1	LOW_COVERAGE
AC123912.1	LOW_COVERAGE
AC124016.1	LOW_COVERAGE
AC124016.2	LOW_COVERAGE
AC124045.1	LOW_COVERAGE
AC124066.1	LOW_COVERAGE
AC124067.4	LOW_COVERAGE
AC124068.2	LOW_COVERAGE
AC124242.1	LOW_COVERAGE
AC124248.1	LOW_COVERAGE
AC124283.1	LOW_COVERAGE
AC124312.1	LOW_COVERAGE
AC124319.1	LOW_COVERAGE
AC124319.2	LOW_COVERAGE
AC124319.3	LOW_COVERAGE
AC124798.1	LOW_COVERAGE
AC124914.3	LOW_COVERAGE
AC124944.3	LOW_COVERAGE
AC124947.1	LOW_COVERAGE
AC124997.1	LOW_COVERAGE
AC125232.1	LOW_COVERAGE
AC125238.2	LOW_COVERAGE
AC125421.1	LOW_COVERAGE
AC125437.1	LOW_COVERAGE
AC125494.1	LOW_COVERAGE
AC125494.2	LOW_COVERAGE
AC125603.2	LOW_COVERAGE
AC125611.3	LOW_COVERAGE
AC125611.4	LOW_COVERAGE
AC125618.1	LOW_COVERAGE
AC125807.2	LOW_COVERAGE
AC126118.1	LOW_COVERAGE
AC126121.3	LOW_COVERAGE
AC126177.3	LOW_COVERAGE
AC126178.1	LOW_COVERAGE
AC126182.3	LOW_COVERAGE
AC126283.1	LOW_COVERAGE
AC126365.1	LOW_COVERAGE
AC126544.1	LOW_COVERAGE
AC126544.4	LOW_COVERAGE
AC126614.1	LOW_COVERAGE
AC126696.1	LOW_COVERAGE
AC126696.2	LOW_COVERAGE
AC126696.3	LOW_COVERAGE
AC126755.2	LOW_COVERAGE
AC126755.3	LOW_COVERAGE
AC126763.1	LOW_COVERAGE
AC126773.2	LOW_COVERAGE
AC126773.3	LOW_COVERAGE
AC126773.4	LOW_COVERAGE
AC127024.2	LOW_COVERAGE
AC127024.5	LOW_COVERAGE
AC127024.6	LOW_COVERAGE
AC127035.1	LOW_COVERAGE
AC127070.1	LOW_COVERAGE
AC127070.2	LOW_COVERAGE
AC127164.1	LOW_COVERAGE
AC127496.1	LOW_COVERAGE
AC127502.2	LOW_COVERAGE
AC127521.1	LOW_COVERAGE
AC127526.1	LOW_COVERAGE
AC127526.2	LOW_COVERAGE
AC127526.5	LOW_COVERAGE
AC127537.1	LOW_COVERAGE
AC127904.2	LOW_COVERAGE
AC128685.1	LOW_COVERAGE
AC128687.2	LOW_COVERAGE
AC128687.3	LOW_COVERAGE
AC128688.2	LOW_COVERAGE
AC129492.1	LOW_COVERAGE
AC129492.4	LOW_COVERAGE
AC129492.6	LOW_COVERAGE
AC129507.2	LOW_COVERAGE
AC129507.4	LOW_COVERAGE
AC129803.1	LOW_COVERAGE
AC129926.1	LOW_COVERAGE
AC130324.1	LOW_COVERAGE
AC130324.2	LOW_COVERAGE
AC130324.3	LOW_COVERAGE
AC130343.2	LOW_COVERAGE
AC130371.2	LOW_COVERAGE
AC130456.2	LOW_COVERAGE
AC130456.5	LOW_COVERAGE
AC130466.1	LOW_COVERAGE
AC130650.1	LOW_COVERAGE
AC130650.2	LOW_COVERAGE
AC130814.1	LOW_COVERAGE
AC130895.1	LOW_COVERAGE
AC131009.1	LOW_COVERAGE
AC131009.2	LOW_COVERAGE
AC131009.3	LOW_COVERAGE
AC131011.1	LOW_COVERAGE
AC131025.3	LOW_COVERAGE
AC131056.3	LOW_COVERAGE
AC131212.1	LOW_COVERAGE
AC131235.2	LOW_COVERAGE
AC131235.3	LOW_COVERAGE
AC131238.1	LOW_COVERAGE
AC131263.1	LOW_COVERAGE
AC131568.1	LOW_COVERAGE
AC131571.1	LOW_COVERAGE
AC131934.1	LOW_COVERAGE
AC131953.2	LOW_COVERAGE
AC132153.1	LOW_COVERAGE
AC132192.1	LOW_EVIDENCE
AC132192.2	LOW_COVERAGE
AC132217.4	LOW_COVERAGE
AC132219.1	LOW_COVERAGE
AC132807.1	LOW_COVERAGE
AC132807.2	LOW_COVERAGE
AC132812.1	LOW_COVERAGE
AC132872.1	LOW_COVERAGE
AC132872.2	LOW_COVERAGE
AC132872.5	LOW_COVERAGE
AC132938.1	LOW_COVERAGE
AC132938.3	LOW_COVERAGE
AC132938.6	LOW_COVERAGE
AC133528.1	LOW_COVERAGE
AC133528.2	LOW_COVERAGE
AC133540.1	LOW_COVERAGE
AC133550.1	LOW_COVERAGE
AC133550.2	LOW_COVERAGE
AC133550.3	LOW_COVERAGE
AC133552.5	LOW_COVERAGE
AC133555.3	LOW_COVERAGE
AC133644.2	LOW_EVIDENCE
AC133680.1	LOW_COVERAGE
AC133785.1	LOW_COVERAGE
AC133919.1	LOW_COVERAGE
AC134043.2	LOW_COVERAGE
AC134312.4	LOW_COVERAGE
AC134312.5	LOW_COVERAGE
AC134682.1	LOW_COVERAGE
AC134772.1	LOW_COVERAGE
AC135048.13	LOW_COVERAGE
AC135048.3	LOW_COVERAGE
AC135050.1	LOW_EVIDENCE
AC135050.3	LOW_COVERAGE
AC135050.4	LOW_COVERAGE
AC135050.6	LOW_COVERAGE
AC135166.1	LOW_COVERAGE
AC135178.2	LOW_COVERAGE
AC135178.4	LOW_COVERAGE
AC135178.6	LOW_COVERAGE
AC135279.3	LOW_COVERAGE
AC135279.4	LOW_COVERAGE
AC135457.1	LOW_COVERAGE
AC135782.1	LOW_COVERAGE
AC135803.1	LOW_COVERAGE
AC136289.1	LOW_COVERAGE
AC136297.1	LOW_COVERAGE
AC136352.6	LOW_COVERAGE
AC136431.1	LOW_COVERAGE
AC136475.1	LOW_COVERAGE
AC136475.3	LOW_COVERAGE
AC136604.2	LOW_COVERAGE
AC136604.3	LOW_COVERAGE
AC136616.1	LOW_COVERAGE
AC136944.2	LOW_COVERAGE
AC137579.1	LOW_COVERAGE
AC137579.2	LOW_COVERAGE
AC137590.1	LOW_COVERAGE
AC137630.1	LOW_COVERAGE
AC137630.2	LOW_COVERAGE
AC137630.3	LOW_COVERAGE
AC137630.4	LOW_COVERAGE
AC137695.3	LOW_COVERAGE
AC137723.1	LOW_COVERAGE
AC137761.1	LOW_COVERAGE
AC137767.1	LOW_COVERAGE
AC137770.1	LOW_COVERAGE
AC137834.2	LOW_COVERAGE
AC137894.3	LOW_COVERAGE
AC137932.1	LOW_COVERAGE
AC137932.2	LOW_COVERAGE
AC137932.3	LOW_COVERAGE
AC137932.4	LOW_COVERAGE
AC137932.5	LOW_COVERAGE
AC137934.1	LOW_COVERAGE
AC138028.1	LOW_COVERAGE
AC138028.2	LOW_COVERAGE
AC138028.4	LOW_COVERAGE
AC138028.6	LOW_COVERAGE
AC138035.1	LOW_COVERAGE
AC138035.2	LOW_COVERAGE
AC138123.1	LOW_COVERAGE
AC138150.1	LOW_COVERAGE
AC138150.2	LOW_COVERAGE
AC138207.2	LOW_COVERAGE
AC138207.4	LOW_COVERAGE
AC138207.7	LOW_COVERAGE
AC138304.1	LOW_COVERAGE
AC138305.1	LOW_COVERAGE
AC138356.1	LOW_COVERAGE
AC138393.3	LOW_COVERAGE
AC138409.3	LOW_COVERAGE
AC138472.4	LOW_COVERAGE
AC138472.6	LOW_COVERAGE
AC138512.1	LOW_COVERAGE
AC138627.1	LOW_COVERAGE
AC138649.1	LOW_COVERAGE
AC138696.2	LOW_COVERAGE
AC138744.2	LOW_COVERAGE
AC138811.1	LOW_COVERAGE
AC138894.1	LOW_COVERAGE
AC138904.1	LOW_COVERAGE
AC138904.3	LOW_COVERAGE
AC138932.5	LOW_COVERAGE
AC138956.1	LOW_COVERAGE
AC138956.2	LOW_COVERAGE
AC138965.2	LOW_COVERAGE
AC138969.1	LOW_COVERAGE
AC138969.4	LOW_COVERAGE
AC139019.1	LOW_COVERAGE
AC139099.1	LOW_COVERAGE
AC139099.2	LOW_COVERAGE
AC139099.3	LOW_COVERAGE
AC139099.5	LOW_COVERAGE
AC139100.1	LOW_COVERAGE
AC139100.2	LOW_COVERAGE
AC139100.3	LOW_COVERAGE
AC139100.4	LOW_COVERAGE
AC139149.1	LOW_COVERAGE
AC139493.2	LOW_COVERAGE
AC139530.1	LOW_COVERAGE
AC139530.3	LOW_COVERAGE
AC139720.1	LOW_COVERAGE
AC139769.2	LOW_COVERAGE
AC139795.2	LOW_COVERAGE
AC139795.3	LOW_COVERAGE
AC139887.2	LOW_COVERAGE
AC139887.4	RNA_RESISTANCE_CONSENSUS
AC140076.1	LOW_COVERAGE
AC140725.1	LOW_COVERAGE
AC140847.2	LOW_COVERAGE
AC141586.2	LOW_COVERAGE
AC141586.5	LOW_COVERAGE
AC141928.1	LOW_COVERAGE
AC141930.1	LOW_COVERAGE
AC141930.2	LOW_COVERAGE
AC142119.1	LOW_COVERAGE
AC142293.3	LOW_COVERAGE
AC142472.1	LOW_COVERAGE
AC142472.6	LOW_COVERAGE
AC142528.1	LOW_COVERAGE
AC144449.1	LOW_COVERAGE
AC144450.1	RNA_RESISTANCE_CONSENSUS
AC144450.2	LOW_COVERAGE
AC144522.1	LOW_COVERAGE
AC144530.1	LOW_COVERAGE
AC144652.1	LOW_EVIDENCE
AC144831.1	LOW_EVIDENCE
AC144831.3	LOW_COVERAGE
AC144833.1	LOW_COVERAGE
AC144836.1	LOW_COVERAGE
AC145110.1	LOW_COVERAGE
AC145124.1	LOW_COVERAGE
AC145146.1	LOW_COVERAGE
AC145207.1	LOW_COVERAGE
AC145207.2	LOW_COVERAGE
AC145207.3	LOW_COVERAGE
AC145207.5	LOW_COVERAGE
AC145207.6	LOW_COVERAGE
AC145212.1	LOW_COVERAGE
AC145212.2	LOW_COVERAGE
AC145212.3	LOW_COVERAGE
AC145285.2	LOW_COVERAGE
AC145285.3	LOW_COVERAGE
AC145285.6	LOW_COVERAGE
AC145343.1	LOW_COVERAGE
AC145343.2	LOW_COVERAGE
AC145423.3	LOW_COVERAGE
AC145676.2	LOW_COVERAGE
AC146507.3	LOW_COVERAGE
AC146944.4	LOW_COVERAGE
AC147067.1	LOW_COVERAGE
AC147651.1	LOW_COVERAGE
AC147651.4	LOW_COVERAGE
AC148476.1	LOW_COVERAGE
AC148477.2	LOW_COVERAGE
AC156455.1	LOW_COVERAGE
AC159540.1	LOW_COVERAGE
AC159540.14	LOW_COVERAGE
AC159540.2	LOW_COVERAGE
AC207130.1	LOW_COVERAGE
AC211433.1	LOW_COVERAGE
AC211476.2	LOW_COVERAGE
AC211476.6	LOW_COVERAGE
AC211486.5	LOW_COVERAGE
AC215522.2	LOW_COVERAGE
AC217773.1	LOW_COVERAGE
AC226118.1	LOW_COVERAGE
AC226119.5	LOW_COVERAGE
AC231533.1	LOW_COVERAGE
AC231981.1	LOW_COVERAGE
AC232271.1	LOW_COVERAGE
AC232271.3	LOW_COVERAGE
AC233263.6	LOW_COVERAGE
AC233266.2	LOW_COVERAGE
AC233280.1	LOW_COVERAGE
AC233296.1	LOW_COVERAGE
AC233723.1	LOW_COVERAGE
AC233992.3	LOW_COVERAGE
AC234582.1	LOW_COVERAGE
AC234772.2	LOW_COVERAGE
AC234772.3	LOW_COVERAGE
AC234775.3	LOW_COVERAGE
AC234917.3	LOW_COVERAGE
AC237221.1	LOW_COVERAGE
AC237676.1	LOW_COVERAGE
AC239584.1	LOW_COVERAGE
AC239798.2	LOW_COVERAGE
AC239799.1	LOW_COVERAGE
AC239799.2	LOW_COVERAGE
AC239800.1	LOW_COVERAGE
AC239800.2	LOW_COVERAGE
AC239800.3	LOW_COVERAGE
AC239803.2	LOW_COVERAGE
AC239803.3	LOW_COVERAGE
AC239804.1	LOW_COVERAGE
AC239809.3	LOW_COVERAGE
AC239868.1	LOW_COVERAGE
AC239868.2	LOW_COVERAGE
AC239868.3	LOW_COVERAGE
AC240274.1	RNA_RESISTANCE_CONSENSUS
AC240565.1	LOW_COVERAGE
AC241377.2	LOW_COVERAGE
AC241585.2	LOW_COVERAGE
AC242426.2	LOW_COVERAGE
AC242842.1	LOW_COVERAGE
AC242988.1	LOW_COVERAGE
AC243571.2	LOW_COVERAGE
AC243585.2	LOW_COVERAGE
AC243772.2	LOW_COVERAGE
AC243829.1	LOW_COVERAGE
AC243829.5	LOW_COVERAGE
AC243964.2	LOW_COVERAGE
AC243964.3	LOW_COVERAGE
AC243965.2	LOW_COVERAGE
AC243967.2	LOW_COVERAGE
AC244033.2	LOW_COVERAGE
AC244034.2	LOW_COVERAGE
AC244090.1	LOW_COVERAGE
AC244090.3	LOW_COVERAGE
AC244093.4	LOW_COVERAGE
AC244093.5	LOW_COVERAGE
AC244131.2	LOW_COVERAGE
AC244197.2	LOW_COVERAGE
AC244453.1	LOW_COVERAGE
AC244453.2	LOW_COVERAGE
AC244502.1	LOW_COVERAGE
AC244517.1	LOW_COVERAGE
AC244517.11	LOW_COVERAGE
AC244517.2	LOW_COVERAGE
AC244517.5	LOW_COVERAGE
AC244636.3	LOW_COVERAGE
AC245014.1	LOW_COVERAGE
AC245014.3	LOW_COVERAGE
AC245033.1	LOW_COVERAGE
AC245033.2	LOW_COVERAGE
AC245041.2	LOW_COVERAGE
AC245060.5	LOW_COVERAGE
AC245060.6	LOW_COVERAGE
AC245100.1	LOW_COVERAGE
AC245140.2	LOW_COVERAGE
AC245140.3	LOW_COVERAGE
AC245297.2	LOW_COVERAGE
AC245297.3	LOW_COVERAGE
AC245407.1	LOW_COVERAGE
AC245407.2	LOW_COVERAGE
AC245452.1	LOW_COVERAGE
AC245595.1	LOW_COVERAGE
AC245884.8	LOW_COVERAGE
AC246785.3	LOW_COVERAGE
AC253536.6	LOW_COVERAGE
AC253572.1	RNA_RESISTANCE_CONSENSUS
AC253572.2	LOW_COVERAGE
AC253576.2	LOW_COVERAGE
AC254562.3	LOW_COVERAGE
AC254633.1	LOW_COVERAGE
ACA59	LOW_COVERAGE
ACAA1	RNA_RESISTANCE_CONSENSUS
ACAA2	RNA_RESISTANCE_CONSENSUS
ACACA	LOW_EVIDENCE
ACACB	RNA_RESISTANCE_CONSENSUS
ACAD10	LOW_EVIDENCE
ACAD11	RNA_RESISTANCE_CONSENSUS
ACAD8	LOW_EVIDENCE
ACAD9	RNA_RESISTANCE_CONSENSUS
ACADL	LOW_COVERAGE
ACADM	LOW_EVIDENCE
ACADS	RNA_RESISTANCE_CONSENSUS
ACADSB	LOW_EVIDENCE
ACADVL	RNA_RESISTANCE_CONSENSUS
ACAN	LOW_COVERAGE
ACAP1	RNA_RESISTANCE_CONSENSUS
ACAP2	LOW_EVIDENCE
ACAP2-IT1	LOW_COVERAGE
ACAP3	LOW_EVIDENCE
ACAT1	RNA_RESISTANCE_CONSENSUS
ACAT2	RNA_RESISTANCE_CONSENSUS
ACBD3	RNA_RESISTANCE_CONSENSUS
ACBD3-AS1	LOW_COVERAGE
ACBD4	LOW_EVIDENCE
ACBD5	RNA_RESISTANCE_CONSENSUS
ACBD6	LOW_EVIDENCE
ACBD7	RNA_RESISTANCE_CONSENSUS
ACCS	LOW_EVIDENCE
ACCSL	LOW_COVERAGE
ACD	RNA_RESISTANCE_CONSENSUS
ACE	RNA_RESISTANCE_CONSENSUS
ACE2	LOW_COVERAGE
ACER1	LOW_COVERAGE
ACER2	RNA_RESISTANCE_CONSENSUS
ACER3	LOW_EVIDENCE
ACHE	LOW_EVIDENCE
ACIN1	RNA_RESISTANCE_CONSENSUS
ACKR1	LOW_COVERAGE
ACKR2	LOW_EVIDENCE
ACKR3	RNA_RESISTANCE_CONSENSUS
ACKR4	LOW_EVIDENCE
ACLY	LOW_EVIDENCE
ACMSD	LOW_EVIDENCE
ACO1	RNA_RESISTANCE_CONSENSUS
ACO2	LOW_EVIDENCE
ACOT1	RNA_RESISTANCE_CONSENSUS
ACOT11	RNA_RESISTANCE_CONSENSUS
ACOT12	LOW_COVERAGE
ACOT13	LOW_EVIDENCE
ACOT2	RNA_RESISTANCE_CONSENSUS
ACOT4	RNA_RESISTANCE_CONSENSUS
ACOT6	RNA_RESISTANCE_CONSENSUS
ACOT7	LOW_EVIDENCE
ACOT8	LOW_EVIDENCE
ACOT9	RNA_RESISTANCE_CONSENSUS
ACOX1	RNA_RESISTANCE_CONSENSUS
ACOX2	RNA_RESISTANCE_CONSENSUS
ACOX3	LOW_EVIDENCE
ACOXL	LOW_EVIDENCE
ACP1	RNA_RESISTANCE_CONSENSUS
ACP2	RNA_RESISTANCE_CONSENSUS
ACP5	LOW_EVIDENCE
ACP6	RNA_RESISTANCE_CONSENSUS
ACP7	LOW_COVERAGE
ACPP	LOW_EVIDENCE
ACPT	LOW_COVERAGE
ACR	LOW_COVERAGE
ACRBP	LOW_EVIDENCE
ACRC	LOW_EVIDENCE
ACRV1	LOW_EVIDENCE
ACSBG1	LOW_EVIDENCE
ACSBG2	LOW_EVIDENCE
ACSF2	RNA_RESISTANCE_CONSENSUS
ACSF3	LOW_EVIDENCE
ACSL1	RNA_RESISTANCE_CONSENSUS
ACSL3	RNA_RESISTANCE_CONSENSUS
ACSL4	RNA_RESISTANCE_CONSENSUS
ACSL5	LOW_EVIDENCE
ACSL6	LOW_COVERAGE
ACSM1	LOW_EVIDENCE
ACSM2A	LOW_COVERAGE
ACSM2B	LOW_COVERAGE
ACSM3	LOW_EVIDENCE
ACSM4	LOW_COVERAGE
ACSM5	LOW_COVERAGE
ACSM6	RNA_RESISTANCE_CONSENSUS
ACSS1	RNA_RESISTANCE_CONSENSUS
ACSS2	RNA_RESISTANCE_CONSENSUS
ACSS3	LOW_EVIDENCE
ACTA1	LOW_EVIDENCE
ACTA2	RNA_RESISTANCE_CONSENSUS
ACTA2-AS1	LOW_COVERAGE
ACTB	LOW_EVIDENCE
ACTBL2	LOW_COVERAGE
ACTBP2	LOW_COVERAGE
ACTC1	LOW_COVERAGE
ACTG1	LOW_EVIDENCE
ACTG1P1	LOW_COVERAGE
ACTG1P10	LOW_COVERAGE
ACTG1P14	LOW_COVERAGE
ACTG1P17	LOW_COVERAGE
ACTG1P20	LOW_COVERAGE
ACTG1P3	LOW_COVERAGE
ACTG1P4	LOW_COVERAGE
ACTG2	RNA_RESISTANCE_CONSENSUS
ACTL10	RNA_RESISTANCE_CONSENSUS
ACTL6A	LOW_EVIDENCE
ACTL6B	LOW_COVERAGE
ACTL7A	LOW_COVERAGE
ACTL7B	LOW_COVERAGE
ACTL8	HUMAN_TUMOR_SUPPORTED
ACTL9	LOW_COVERAGE
ACTN1	RNA_RESISTANCE_CONSENSUS
ACTN1-AS1	LOW_COVERAGE
ACTN2	LOW_COVERAGE
ACTN3	LOW_COVERAGE
ACTN4	LOW_EVIDENCE
ACTN4P2	LOW_COVERAGE
ACTR10	RNA_RESISTANCE_CONSENSUS
ACTR1A	RNA_RESISTANCE_CONSENSUS
ACTR1B	RNA_RESISTANCE_CONSENSUS
ACTR2	LOW_EVIDENCE
ACTR3	RNA_RESISTANCE_CONSENSUS
ACTR3B	LOW_EVIDENCE
ACTR3C	RNA_RESISTANCE_CONSENSUS
ACTR5	LOW_EVIDENCE
ACTR6	LOW_EVIDENCE
ACTR8	LOW_EVIDENCE
ACTRT1	LOW_COVERAGE
ACTRT2	LOW_COVERAGE
ACTRT3	LOW_EVIDENCE
ACVR1	RNA_RESISTANCE_CONSENSUS
ACVR1B	LOW_EVIDENCE
ACVR1C	RNA_RESISTANCE_CONSENSUS
ACVR2A	RNA_RESISTANCE_CONSENSUS
ACVR2B	LOW_EVIDENCE
ACVR2B-AS1	LOW_EVIDENCE
ACVRL1	LOW_COVERAGE
ACY1	RNA_RESISTANCE_CONSENSUS
ACY3	LOW_EVIDENCE
ACYP1	LOW_EVIDENCE
ACYP2	RNA_RESISTANCE_CONSENSUS
AD000090.1	LOW_COVERAGE
AD000091.3	LOW_COVERAGE
AD000671.3	LOW_COVERAGE
AD000671.6	LOW_COVERAGE
AD000684.2	LOW_COVERAGE
AD000864.6	LOW_COVERAGE
AD001527.1	LOW_COVERAGE
AD001527.4	LOW_COVERAGE
AD001527.7	LOW_COVERAGE
ADA	LOW_EVIDENCE
ADA2	LOW_COVERAGE
ADAD1	LOW_COVERAGE
ADAD1P2	LOW_COVERAGE
ADAD2	LOW_EVIDENCE
ADAL	RNA_RESISTANCE_CONSENSUS
ADAM10	LOW_EVIDENCE
ADAM11	RNA_RESISTANCE_CONSENSUS
ADAM12	HUMAN_TUMOR_SUPPORTED
ADAM15	LOW_EVIDENCE
ADAM17	RNA_RESISTANCE_CONSENSUS
ADAM18	LOW_COVERAGE
ADAM19	LOW_EVIDENCE
ADAM1A	LOW_COVERAGE
ADAM1B	LOW_COVERAGE
ADAM2	LOW_COVERAGE
ADAM20	LOW_EVIDENCE
ADAM20P1	LOW_COVERAGE
ADAM21	LOW_COVERAGE
ADAM22	LOW_EVIDENCE
ADAM23	LOW_COVERAGE
ADAM28	RNA_RESISTANCE_CONSENSUS
ADAM29	RNA_RESISTANCE_CONSENSUS
ADAM30	LOW_COVERAGE
ADAM32	HUMAN_TUMOR_SUPPORTED
ADAM33	LOW_COVERAGE
ADAM7	LOW_COVERAGE
ADAM8	LOW_EVIDENCE
ADAM9	RNA_RESISTANCE_CONSENSUS
ADAMDEC1	LOW_COVERAGE
ADAMTS1	LOW_EVIDENCE
ADAMTS10	RNA_RESISTANCE_CONSENSUS
ADAMTS12	LOW_EVIDENCE
ADAMTS13	RNA_RESISTANCE_CONSENSUS
ADAMTS14	LOW_COVERAGE
ADAMTS15	LOW_EVIDENCE
ADAMTS16	LOW_COVERAGE
ADAMTS17	RNA_RESISTANCE_CONSENSUS
ADAMTS18	LOW_COVERAGE
ADAMTS19	RNA_RESISTANCE_CONSENSUS
ADAMTS19-AS1	RNA_RESISTANCE_CONSENSUS
ADAMTS2	LOW_COVERAGE
ADAMTS20	RNA_RESISTANCE_CONSENSUS
ADAMTS3	RNA_RESISTANCE_CONSENSUS
ADAMTS4	LOW_EVIDENCE
ADAMTS5	LOW_COVERAGE
ADAMTS6	LOW_EVIDENCE
ADAMTS7	RNA_RESISTANCE_CONSENSUS
ADAMTS8	LOW_EVIDENCE
ADAMTS9	RNA_RESISTANCE_CONSENSUS
ADAMTS9-AS1	LOW_COVERAGE
ADAMTS9-AS2	LOW_COVERAGE
ADAMTSL1	LOW_EVIDENCE
ADAMTSL2	LOW_COVERAGE
ADAMTSL3	LOW_EVIDENCE
ADAMTSL4	LOW_EVIDENCE
ADAMTSL4-AS1	LOW_COVERAGE
ADAMTSL5	LOW_EVIDENCE
ADAP1	RNA_RESISTANCE_CONSENSUS
ADAP2	RNA_RESISTANCE_CONSENSUS
ADAR	LOW_EVIDENCE
ADARB1	LOW_EVIDENCE
ADARB2	LOW_COVERAGE
ADAT1	RNA_RESISTANCE_CONSENSUS
ADAT2	LOW_EVIDENCE
ADAT3	LOW_EVIDENCE
ADCK1	RNA_RESISTANCE_CONSENSUS
ADCK2	LOW_EVIDENCE
ADCK3	LOW_EVIDENCE
ADCK4	LOW_EVIDENCE
ADCK5	LOW_EVIDENCE
ADCY1	RNA_RESISTANCE_CONSENSUS
ADCY10	LOW_EVIDENCE
ADCY10P1	LOW_COVERAGE
ADCY2	LOW_EVIDENCE
ADCY3	LOW_EVIDENCE
ADCY4	LOW_EVIDENCE
ADCY5	RNA_RESISTANCE_CONSENSUS
ADCY6	LOW_EVIDENCE
ADCY6-DT	LOW_COVERAGE
ADCY7	RNA_RESISTANCE_CONSENSUS
ADCY8	LOW_COVERAGE
ADCY9	RNA_RESISTANCE_CONSENSUS
ADCYAP1	LOW_COVERAGE
ADCYAP1R1	LOW_COVERAGE
ADD1	LOW_EVIDENCE
ADD2	LOW_COVERAGE
ADD3	RNA_RESISTANCE_CONSENSUS
ADD3-AS1	LOW_COVERAGE
ADGB	LOW_COVERAGE
ADGRA1	LOW_COVERAGE
ADGRA2	LOW_EVIDENCE
ADGRA3	LOW_EVIDENCE
ADGRB1	RNA_RESISTANCE_CONSENSUS
ADGRB2	LOW_EVIDENCE
ADGRB3	LOW_COVERAGE
ADGRD1	RNA_RESISTANCE_CONSENSUS
ADGRE1	LOW_COVERAGE
ADGRE2	LOW_EVIDENCE
ADGRE3	LOW_COVERAGE
ADGRE5	LOW_EVIDENCE
ADGRF1	RNA_RESISTANCE_CONSENSUS
ADGRF2	LOW_COVERAGE
ADGRF3	LOW_EVIDENCE
ADGRF4	RNA_RESISTANCE_CONSENSUS
ADGRF5	LOW_COVERAGE
ADGRF5P1	LOW_COVERAGE
ADGRG1	RNA_RESISTANCE_CONSENSUS
ADGRG2	LOW_EVIDENCE
ADGRG3	LOW_COVERAGE
ADGRG4	LOW_COVERAGE
ADGRG5	LOW_EVIDENCE
ADGRG6	RNA_RESISTANCE_CONSENSUS
ADGRG7	LOW_COVERAGE
ADGRL1	LOW_EVIDENCE
ADGRL2	RNA_RESISTANCE_CONSENSUS
ADGRL3	HUMAN_TUMOR_SUPPORTED
ADGRL3-AS1	LOW_COVERAGE
ADGRL4	LOW_COVERAGE
ADGRV1	HUMAN_TUMOR_SUPPORTED
ADH1A	LOW_COVERAGE
ADH1B	LOW_COVERAGE
ADH1C	LOW_COVERAGE
ADH4	LOW_COVERAGE
ADH5	LOW_EVIDENCE
ADH6	LOW_COVERAGE
ADH7	LOW_COVERAGE
ADHFE1	LOW_EVIDENCE
ADI1	RNA_RESISTANCE_CONSENSUS
ADIG	LOW_COVERAGE
ADIPOQ	LOW_COVERAGE
ADIPOR1	LOW_EVIDENCE
ADIPOR2	LOW_EVIDENCE
ADIRF	RNA_RESISTANCE_CONSENSUS
ADIRF-AS1	RNA_RESISTANCE_CONSENSUS
ADK	RNA_RESISTANCE_CONSENSUS
ADM	RNA_RESISTANCE_CONSENSUS
ADM2	ACUTE_RESPONSE
ADM5	LOW_EVIDENCE
ADNP	LOW_EVIDENCE
ADNP-AS1	LOW_EVIDENCE
ADNP2	LOW_EVIDENCE
ADO	LOW_EVIDENCE
ADORA1	RNA_RESISTANCE_CONSENSUS
ADORA2A	HUMAN_TUMOR_SUPPORTED
ADORA2A-AS1	HUMAN_TUMOR_SUPPORTED
ADORA2B	RNA_RESISTANCE_CONSENSUS
ADORA3	LOW_COVERAGE
ADPGK	LOW_EVIDENCE
ADPGK-AS1	LOW_COVERAGE
ADPRH	LOW_EVIDENCE
ADPRHL1	RNA_RESISTANCE_CONSENSUS
ADPRHL2	LOW_EVIDENCE
ADPRM	LOW_EVIDENCE
ADRA1A	LOW_COVERAGE
ADRA1B	HUMAN_TUMOR_SUPPORTED
ADRA1D	LOW_COVERAGE
ADRA2A	RNA_RESISTANCE_CONSENSUS
ADRA2B	LOW_COVERAGE
ADRA2C	RNA_RESISTANCE_CONSENSUS
ADRB1	LOW_EVIDENCE
ADRB2	LOW_EVIDENCE
ADRB3	LOW_COVERAGE
ADRBK1	LOW_EVIDENCE
ADRBK2	RNA_RESISTANCE_CONSENSUS
ADRM1	LOW_EVIDENCE
ADSL	LOW_EVIDENCE
ADSS	RNA_RESISTANCE_CONSENSUS
ADSSL1	RNA_RESISTANCE_CONSENSUS
ADTRP	LOW_COVERAGE
AE000658.22	LOW_COVERAGE
AEBP1	RNA_RESISTANCE_CONSENSUS
AEBP2	RNA_RESISTANCE_CONSENSUS
AEN	LOW_EVIDENCE
AES	LOW_EVIDENCE
AF001548.2	LOW_COVERAGE
AF001548.5	LOW_COVERAGE
AF011889.2	LOW_COVERAGE
AF038458.3	LOW_COVERAGE
AF064858.1	LOW_COVERAGE
AF064860.1	LOW_COVERAGE
AF064860.5	LOW_COVERAGE
AF064860.7	LOW_COVERAGE
AF107885.2	LOW_COVERAGE
AF111167.1	LOW_COVERAGE
AF111167.2	LOW_COVERAGE
AF111168.2	LOW_COVERAGE
AF111169.3	LOW_COVERAGE
AF117829.1	LOW_COVERAGE
AF121897.4	LOW_COVERAGE
AF121898.1	LOW_COVERAGE
AF127577.1	LOW_COVERAGE
AF127577.10	LOW_COVERAGE
AF127577.11	LOW_COVERAGE
AF127577.13	LOW_COVERAGE
AF127577.2	LOW_COVERAGE
AF127577.3	LOW_COVERAGE
AF127577.4	LOW_COVERAGE
AF127577.8	LOW_COVERAGE
AF127936.2	LOW_COVERAGE
AF127936.7	LOW_COVERAGE
AF127936.9	LOW_COVERAGE
AF129075.1	LOW_COVERAGE
AF129075.2	LOW_COVERAGE
AF129075.3	LOW_COVERAGE
AF129075.5	LOW_COVERAGE
AF129408.1	LOW_COVERAGE
AF129408.17	LOW_COVERAGE
AF131215.2	RNA_RESISTANCE_CONSENSUS
AF131215.3	LOW_COVERAGE
AF131215.4	LOW_COVERAGE
AF131215.5	LOW_COVERAGE
AF131215.6	LOW_COVERAGE
AF131215.9	LOW_COVERAGE
AF131216.1	LOW_COVERAGE
AF131216.3	LOW_COVERAGE
AF131216.4	LOW_COVERAGE
AF131216.5	LOW_COVERAGE
AF131216.6	LOW_COVERAGE
AF131217.1	LOW_COVERAGE
AF146191.4	LOW_COVERAGE
AF165147.1	LOW_COVERAGE
AF178030.2	LOW_COVERAGE
AF186192.1	LOW_COVERAGE
AF186192.3	LOW_COVERAGE
AF196779.12	LOW_COVERAGE
AF196970.3	LOW_COVERAGE
AF196972.1	LOW_COVERAGE
AF196972.9	LOW_COVERAGE
AF213884.3	LOW_COVERAGE
AF230666.2	LOW_COVERAGE
AF235103.3	LOW_COVERAGE
AF240627.1	LOW_COVERAGE
AF240627.2	LOW_COVERAGE
AF241728.2	LOW_COVERAGE
AF274853.1	LOW_COVERAGE
AF274855.1	LOW_COVERAGE
AF277315.10	LOW_COVERAGE
AFAP1	RNA_RESISTANCE_CONSENSUS
AFAP1-AS1	LOW_COVERAGE
AFAP1L1	LOW_EVIDENCE
AFAP1L2	RNA_RESISTANCE_CONSENSUS
AFDN	LOW_COVERAGE
AFDN-DT	LOW_COVERAGE
AFF1	RNA_RESISTANCE_CONSENSUS
AFF2	RNA_RESISTANCE_CONSENSUS
AFF3	RNA_RESISTANCE_CONSENSUS
AFF4	LOW_EVIDENCE
AFG1L	LOW_COVERAGE
AFG3L1P	LOW_COVERAGE
AFG3L2	LOW_EVIDENCE
AFM	LOW_COVERAGE
AFMID	LOW_EVIDENCE
AFP	LOW_COVERAGE
AFTPH	RNA_RESISTANCE_CONSENSUS
AGA	LOW_EVIDENCE
AGAP1	RNA_RESISTANCE_CONSENSUS
AGAP1-IT1	RNA_RESISTANCE_CONSENSUS
AGAP10	LOW_COVERAGE
AGAP11	LOW_COVERAGE
AGAP2	RNA_RESISTANCE_CONSENSUS
AGAP2-AS1	LOW_EVIDENCE
AGAP3	RNA_RESISTANCE_CONSENSUS
AGAP4	LOW_EVIDENCE
AGAP5	LOW_EVIDENCE
AGAP6	LOW_EVIDENCE
AGAP7P	LOW_COVERAGE
AGAP9	RNA_RESISTANCE_CONSENSUS
AGBL1	LOW_COVERAGE
AGBL2	LOW_EVIDENCE
AGBL3	RNA_RESISTANCE_CONSENSUS
AGBL4	RNA_RESISTANCE_CONSENSUS
AGBL4-IT1	LOW_COVERAGE
AGBL5	LOW_EVIDENCE
AGER	RNA_RESISTANCE_CONSENSUS
AGFG1	LOW_EVIDENCE
AGFG2	RNA_RESISTANCE_CONSENSUS
AGGF1	LOW_EVIDENCE
AGGF1P1	LOW_COVERAGE
AGGF1P2	LOW_COVERAGE
AGGF1P3	LOW_COVERAGE
AGGF1P8	LOW_COVERAGE
AGK	LOW_EVIDENCE
AGL	LOW_EVIDENCE
AGMAT	RNA_RESISTANCE_CONSENSUS
AGMO	LOW_COVERAGE
AGO1	RNA_RESISTANCE_CONSENSUS
AGO2	LOW_EVIDENCE
AGO3	LOW_EVIDENCE
AGO4	LOW_EVIDENCE
AGPAT1	LOW_EVIDENCE
AGPAT2	LOW_EVIDENCE
AGPAT3	LOW_EVIDENCE
AGPAT4	LOW_EVIDENCE
AGPAT4-IT1	LOW_COVERAGE
AGPAT5	LOW_EVIDENCE
AGPAT6	LOW_EVIDENCE
AGPAT9	LOW_EVIDENCE
AGPS	HUMAN_TUMOR_SUPPORTED
AGR2	RNA_RESISTANCE_CONSENSUS
AGR3	LOW_EVIDENCE
AGRN	RNA_RESISTANCE_CONSENSUS
AGRP	LOW_COVERAGE
AGT	LOW_COVERAGE
AGTPBP1	LOW_EVIDENCE
AGTR1	LOW_EVIDENCE
AGTR2	LOW_COVERAGE
AGTRAP	LOW_EVIDENCE
AGXT	LOW_EVIDENCE
AGXT2	LOW_COVERAGE
AHCTF1	RNA_RESISTANCE_CONSENSUS
AHCY	LOW_EVIDENCE
AHCYL1	LOW_EVIDENCE
AHCYL2	LOW_EVIDENCE
AHCYP8	LOW_COVERAGE
AHDC1	RNA_RESISTANCE_CONSENSUS
AHI1	LOW_EVIDENCE
AHNAK	LOW_EVIDENCE
AHNAK2	RNA_RESISTANCE_CONSENSUS
AHR	RNA_RESISTANCE_CONSENSUS
AHRR	RNA_RESISTANCE_CONSENSUS
AHSA1	LOW_EVIDENCE
AHSA2	LOW_EVIDENCE
AHSG	LOW_COVERAGE
AHSP	LOW_COVERAGE
AICDA	LOW_COVERAGE
AIDA	RNA_RESISTANCE_CONSENSUS
AIF1	LOW_COVERAGE
AIF1L	RNA_RESISTANCE_CONSENSUS
AIFM1	RNA_RESISTANCE_CONSENSUS
AIFM2	LOW_EVIDENCE
AIFM3	LOW_EVIDENCE
AIG1	LOW_EVIDENCE
AIG1P1	LOW_COVERAGE
AIM1	RNA_RESISTANCE_CONSENSUS
AIM1L	LOW_EVIDENCE
AIM2	LOW_COVERAGE
AIMP1	LOW_EVIDENCE
AIMP1P1	LOW_COVERAGE
AIMP2	RNA_RESISTANCE_CONSENSUS
AIP	LOW_EVIDENCE
AIPL1	LOW_COVERAGE
AIRE	LOW_COVERAGE
AIRN	LOW_COVERAGE
AJ003147.1	LOW_COVERAGE
AJ003147.11	LOW_COVERAGE
AJ003147.2	LOW_COVERAGE
AJ003147.9	LOW_COVERAGE
AJ009632.2	LOW_COVERAGE
AJ011931.2	LOW_COVERAGE
AJAP1	RNA_RESISTANCE_CONSENSUS
AJM1	LOW_COVERAGE
AJUBA	LOW_EVIDENCE
AK1	RNA_RESISTANCE_CONSENSUS
AK2	LOW_EVIDENCE
AK3	LOW_EVIDENCE
AK3P3	LOW_COVERAGE
AK3P5	LOW_COVERAGE
AK4	LOW_EVIDENCE
AK4P1	LOW_COVERAGE
AK5	LOW_EVIDENCE
AK6	LOW_EVIDENCE
AK7	RNA_RESISTANCE_CONSENSUS
AK8	LOW_EVIDENCE
AK9	LOW_EVIDENCE
AKAP1	LOW_EVIDENCE
AKAP10	LOW_EVIDENCE
AKAP11	LOW_EVIDENCE
AKAP12	RNA_RESISTANCE_CONSENSUS
AKAP13	RNA_RESISTANCE_CONSENSUS
AKAP14	LOW_COVERAGE
AKAP17A	RNA_RESISTANCE_CONSENSUS
AKAP2	RNA_RESISTANCE_CONSENSUS
AKAP3	HUMAN_TUMOR_SUPPORTED
AKAP4	LOW_COVERAGE
AKAP5	RNA_RESISTANCE_CONSENSUS
AKAP6	RNA_RESISTANCE_CONSENSUS
AKAP7	RNA_RESISTANCE_CONSENSUS
AKAP8	LOW_EVIDENCE
AKAP8L	LOW_EVIDENCE
AKAP9	LOW_EVIDENCE
AKIP1	LOW_EVIDENCE
AKIRIN1	RNA_RESISTANCE_CONSENSUS
AKIRIN2	LOW_EVIDENCE
AKNA	LOW_EVIDENCE
AKNAD1	LOW_EVIDENCE
AKR1A1	ACUTE_RESPONSE
AKR1B1	LOW_COVERAGE
AKR1B10	RNA_RESISTANCE_CONSENSUS
AKR1B15	LOW_COVERAGE
AKR1C1	RNA_RESISTANCE_CONSENSUS
AKR1C2	RNA_RESISTANCE_CONSENSUS
AKR1C3	RNA_RESISTANCE_CONSENSUS
AKR1C4	LOW_COVERAGE
AKR1C6P	LOW_COVERAGE
AKR1D1	LOW_COVERAGE
AKR1E2	RNA_RESISTANCE_CONSENSUS
AKR7A2	RNA_RESISTANCE_CONSENSUS
AKR7A3	LOW_EVIDENCE
AKR7L	LOW_COVERAGE
AKT1	LOW_EVIDENCE
AKT1S1	LOW_EVIDENCE
AKT2	LOW_EVIDENCE
AKT3	LOW_EVIDENCE
AKTIP	LOW_EVIDENCE
AL008628.1	LOW_COVERAGE
AL008633.1	LOW_COVERAGE
AL008721.2	LOW_COVERAGE
AL008723.1	LOW_COVERAGE
AL008725.1	LOW_COVERAGE
AL008727.1	LOW_COVERAGE
AL008729.1	LOW_COVERAGE
AL008729.2	LOW_COVERAGE
AL009031.1	LOW_COVERAGE
AL009176.1	LOW_COVERAGE
AL009178.3	LOW_COVERAGE
AL009179.1	LOW_EVIDENCE
AL020993.1	LOW_COVERAGE
AL020995.1	LOW_COVERAGE
AL020996.1	LOW_COVERAGE
AL020997.4	LOW_COVERAGE
AL021068.1	LOW_COVERAGE
AL021154.1	LOW_COVERAGE
AL021155.5	LOW_COVERAGE
AL021308.1	LOW_COVERAGE
AL021326.1	LOW_COVERAGE
AL021328.1	LOW_COVERAGE
AL021368.2	LOW_COVERAGE
AL021368.5	LOW_COVERAGE
AL021392.1	LOW_COVERAGE
AL021393.1	LOW_COVERAGE
AL021395.1	LOW_COVERAGE
AL021453.1	LOW_COVERAGE
AL021546.6	LOW_COVERAGE
AL021578.1	LOW_COVERAGE
AL021707.1	LOW_COVERAGE
AL021707.2	LOW_COVERAGE
AL021707.5	LOW_COVERAGE
AL021707.6	LOW_COVERAGE
AL021707.7	LOW_COVERAGE
AL021807.1	LOW_COVERAGE
AL021878.2	LOW_COVERAGE
AL021917.1	LOW_COVERAGE
AL021918.1	LOW_COVERAGE
AL021918.2	LOW_COVERAGE
AL021918.3	LOW_COVERAGE
AL021918.5	LOW_COVERAGE
AL022068.1	LOW_COVERAGE
AL022069.1	LOW_COVERAGE
AL022069.3	LOW_COVERAGE
AL022097.1	LOW_COVERAGE
AL022157.1	LOW_COVERAGE
AL022162.1	LOW_COVERAGE
AL022238.2	LOW_COVERAGE
AL022311.1	LOW_COVERAGE
AL022313.2	LOW_COVERAGE
AL022322.1	LOW_COVERAGE
AL022322.2	LOW_COVERAGE
AL022323.1	LOW_COVERAGE
AL022323.3	LOW_COVERAGE
AL022323.4	LOW_COVERAGE
AL022326.1	RNA_RESISTANCE_CONSENSUS
AL022328.1	LOW_COVERAGE
AL022328.2	LOW_COVERAGE
AL022328.4	LOW_COVERAGE
AL022332.1	LOW_COVERAGE
AL022341.1	LOW_COVERAGE
AL022341.2	LOW_COVERAGE
AL022341.3	LOW_COVERAGE
AL022345.4	LOW_COVERAGE
AL022345.7	LOW_COVERAGE
AL022393.7	LOW_COVERAGE
AL022393.9	LOW_COVERAGE
AL022476.2	LOW_COVERAGE
AL023284.4	LOW_COVERAGE
AL023581.1	LOW_COVERAGE
AL023581.2	LOW_COVERAGE
AL023583.1	LOW_COVERAGE
AL023584.2	LOW_COVERAGE
AL023755.1	LOW_COVERAGE
AL023803.1	LOW_COVERAGE
AL023803.2	LOW_COVERAGE
AL023803.3	LOW_COVERAGE
AL023806.1	LOW_EVIDENCE
AL023806.2	LOW_COVERAGE
AL023881.1	LOW_COVERAGE
AL023882.1	LOW_COVERAGE
AL024474.2	LOW_COVERAGE
AL024495.1	LOW_COVERAGE
AL024498.1	LOW_COVERAGE
AL024507.2	LOW_COVERAGE
AL024508.1	LOW_COVERAGE
AL024508.2	LOW_COVERAGE
AL031055.1	LOW_COVERAGE
AL031058.1	LOW_COVERAGE
AL031073.2	LOW_COVERAGE
AL031123.2	LOW_COVERAGE
AL031123.5	LOW_COVERAGE
AL031280.1	LOW_COVERAGE
AL031281.2	LOW_COVERAGE
AL031283.1	LOW_COVERAGE
AL031289.1	LOW_COVERAGE
AL031316.1	LOW_COVERAGE
AL031428.1	LOW_COVERAGE
AL031429.1	LOW_COVERAGE
AL031432.1	LOW_COVERAGE
AL031432.3	LOW_COVERAGE
AL031432.4	LOW_COVERAGE
AL031587.2	LOW_COVERAGE
AL031587.3	LOW_COVERAGE
AL031590.1	LOW_COVERAGE
AL031594.1	LOW_COVERAGE
AL031595.3	LOW_COVERAGE
AL031599.1	LOW_COVERAGE
AL031600.3	LOW_COVERAGE
AL031602.2	LOW_COVERAGE
AL031663.3	LOW_COVERAGE
AL031666.1	LOW_COVERAGE
AL031666.2	LOW_COVERAGE
AL031666.3	LOW_COVERAGE
AL031667.3	LOW_COVERAGE
AL031673.1	LOW_COVERAGE
AL031705.1	LOW_COVERAGE
AL031708.1	LOW_COVERAGE
AL031709.1	LOW_COVERAGE
AL031710.2	LOW_COVERAGE
AL031714.1	LOW_COVERAGE
AL031727.2	LOW_COVERAGE
AL031731.1	LOW_COVERAGE
AL031768.2	LOW_COVERAGE
AL031772.1	LOW_COVERAGE
AL031775.1	LOW_COVERAGE
AL031777.1	LOW_COVERAGE
AL031777.2	LOW_COVERAGE
AL031777.3	LOW_COVERAGE
AL031846.2	LOW_COVERAGE
AL031848.2	LOW_COVERAGE
AL031963.1	LOW_COVERAGE
AL031963.3	LOW_COVERAGE
AL031985.3	LOW_COVERAGE
AL031985.4	LOW_COVERAGE
AL032819.1	LOW_COVERAGE
AL033384.1	LOW_COVERAGE
AL033527.3	LOW_COVERAGE
AL033527.4	LOW_COVERAGE
AL033527.5	LOW_COVERAGE
AL033528.2	LOW_COVERAGE
AL033530.1	LOW_COVERAGE
AL034347.1	LOW_COVERAGE
AL034348.1	LOW_COVERAGE
AL034351.4	LOW_COVERAGE
AL034374.1	LOW_COVERAGE
AL034376.1	LOW_COVERAGE
AL034405.1	LOW_COVERAGE
AL034417.2	LOW_COVERAGE
AL034417.3	LOW_COVERAGE
AL034417.4	LOW_COVERAGE
AL034418.1	LOW_COVERAGE
AL034548.1	LOW_COVERAGE
AL034549.1	LOW_COVERAGE
AL034550.2	LOW_COVERAGE
AL034550.3	LOW_COVERAGE
AL035071.1	LOW_COVERAGE
AL035071.2	LOW_COVERAGE
AL035078.1	LOW_COVERAGE
AL035106.1	LOW_COVERAGE
AL035252.3	LOW_COVERAGE
AL035252.5	LOW_COVERAGE
AL035401.1	LOW_COVERAGE
AL035411.3	LOW_COVERAGE
AL035413.1	LOW_COVERAGE
AL035420.1	LOW_COVERAGE
AL035420.3	LOW_COVERAGE
AL035427.1	LOW_COVERAGE
AL035446.2	LOW_COVERAGE
AL035458.2	LOW_COVERAGE
AL035461.2	LOW_COVERAGE
AL035530.2	LOW_COVERAGE
AL035563.1	LOW_COVERAGE
AL035587.1	LOW_COVERAGE
AL035587.2	LOW_COVERAGE
AL035610.1	LOW_COVERAGE
AL035610.2	LOW_COVERAGE
AL035634.1	LOW_COVERAGE
AL035658.1	LOW_COVERAGE
AL035661.1	LOW_COVERAGE
AL035681.1	LOW_COVERAGE
AL035693.1	LOW_COVERAGE
AL035701.1	LOW_COVERAGE
AL049539.1	LOW_COVERAGE
AL049543.1	LOW_COVERAGE
AL049557.1	LOW_COVERAGE
AL049564.1	LOW_COVERAGE
AL049569.1	LOW_COVERAGE
AL049597.2	LOW_COVERAGE
AL049629.1	LOW_COVERAGE
AL049629.2	LOW_COVERAGE
AL049646.1	LOW_COVERAGE
AL049779.4	LOW_COVERAGE
AL049780.1	LOW_COVERAGE
AL049780.2	LOW_COVERAGE
AL049794.1	LOW_COVERAGE
AL049796.1	LOW_COVERAGE
AL049822.1	LOW_COVERAGE
AL049828.1	LOW_COVERAGE
AL049830.3	LOW_COVERAGE
AL049839.2	LOW_COVERAGE
AL049839.3	LOW_COVERAGE
AL049840.1	LOW_COVERAGE
AL049840.2	LOW_COVERAGE
AL049840.3	LOW_COVERAGE
AL049840.4	LOW_COVERAGE
AL049840.5	LOW_COVERAGE
AL049840.6	LOW_COVERAGE
AL049869.2	LOW_COVERAGE
AL049869.3	LOW_COVERAGE
AL049870.2	LOW_COVERAGE
AL049870.3	LOW_COVERAGE
AL049872.1	LOW_COVERAGE
AL050309.1	LOW_COVERAGE
AL050321.1	LOW_COVERAGE
AL050327.1	LOW_COVERAGE
AL050341.2	LOW_COVERAGE
AL050343.1	LOW_COVERAGE
AL050343.2	LOW_COVERAGE
AL050403.2	LOW_COVERAGE
AL078459.1	LOW_COVERAGE
AL078471.5	LOW_COVERAGE
AL078581.1	LOW_COVERAGE
AL078581.2	LOW_COVERAGE
AL078581.4	LOW_COVERAGE
AL078582.2	LOW_COVERAGE
AL078587.2	LOW_COVERAGE
AL078590.2	LOW_COVERAGE
AL078590.3	LOW_COVERAGE
AL078600.1	LOW_COVERAGE
AL078604.2	LOW_COVERAGE
AL078604.4	LOW_COVERAGE
AL078612.1	LOW_COVERAGE
AL078622.1	LOW_COVERAGE
AL078639.1	LOW_COVERAGE
AL078644.2	LOW_COVERAGE
AL079301.1	LOW_COVERAGE
AL079306.1	LOW_COVERAGE
AL079334.1	LOW_COVERAGE
AL079343.1	LOW_COVERAGE
AL080250.1	LOW_COVERAGE
AL080276.2	LOW_COVERAGE
AL080317.1	LOW_COVERAGE
AL080317.2	LOW_COVERAGE
AL080317.3	LOW_COVERAGE
AL096677.1	LOW_COVERAGE
AL096701.3	LOW_COVERAGE
AL096701.4	LOW_COVERAGE
AL096706.1	LOW_COVERAGE
AL096794.1	LOW_COVERAGE
AL096803.2	LOW_COVERAGE
AL096803.3	LOW_COVERAGE
AL096828.3	LOW_COVERAGE
AL096854.1	LOW_COVERAGE
AL096865.1	LOW_COVERAGE
AL096870.6	LOW_COVERAGE
AL096870.8	LOW_COVERAGE
AL109613.1	LOW_COVERAGE
AL109614.1	LOW_COVERAGE
AL109615.2	LOW_COVERAGE
AL109615.3	LOW_COVERAGE
AL109615.4	LOW_COVERAGE
AL109627.1	LOW_COVERAGE
AL109628.2	LOW_COVERAGE
AL109761.1	LOW_COVERAGE
AL109761.5	LOW_COVERAGE
AL109763.2	LOW_COVERAGE
AL109809.5	LOW_COVERAGE
AL109811.1	LOW_COVERAGE
AL109811.2	LOW_COVERAGE
AL109811.3	LOW_COVERAGE
AL109824.1	LOW_COVERAGE
AL109840.2	LOW_COVERAGE
AL109917.1	LOW_COVERAGE
AL109927.1	LOW_COVERAGE
AL109930.1	LOW_COVERAGE
AL109936.6	LOW_COVERAGE
AL109946.1	LOW_COVERAGE
AL109955.1	LOW_COVERAGE
AL109976.1	LOW_COVERAGE
AL109984.1	LOW_COVERAGE
AL110114.1	LOW_COVERAGE
AL110115.2	LOW_COVERAGE
AL110292.1	LOW_COVERAGE
AL117209.1	LOW_COVERAGE
AL117327.1	LOW_COVERAGE
AL117329.1	LOW_COVERAGE
AL117332.1	LOW_COVERAGE
AL117335.1	LOW_COVERAGE
AL117336.2	LOW_COVERAGE
AL117336.3	LOW_COVERAGE
AL117339.4	LOW_COVERAGE
AL117339.5	LOW_COVERAGE
AL117344.2	LOW_COVERAGE
AL117350.1	LOW_COVERAGE
AL117379.1	LOW_COVERAGE
AL117381.1	LOW_COVERAGE
AL118506.1	LOW_COVERAGE
AL118511.1	LOW_COVERAGE
AL118511.2	LOW_COVERAGE
AL118516.1	LOW_COVERAGE
AL118522.1	LOW_COVERAGE
AL118556.1	LOW_COVERAGE
AL118558.3	LOW_COVERAGE
AL118558.4	LOW_COVERAGE
AL121574.1	LOW_COVERAGE
AL121578.2	LOW_COVERAGE
AL121578.3	LOW_COVERAGE
AL121578.5	LOW_COVERAGE
AL121601.1	LOW_COVERAGE
AL121603.2	LOW_COVERAGE
AL121652.1	LOW_COVERAGE
AL121658.1	LOW_COVERAGE
AL121672.1	LOW_COVERAGE
AL121672.2	LOW_COVERAGE
AL121749.2	LOW_COVERAGE
AL121761.1	LOW_COVERAGE
AL121761.2	LOW_COVERAGE
AL121772.1	LOW_COVERAGE
AL121772.3	LOW_COVERAGE
AL121790.1	LOW_COVERAGE
AL121790.2	LOW_COVERAGE
AL121809.1	LOW_COVERAGE
AL121820.2	LOW_COVERAGE
AL121829.2	LOW_COVERAGE
AL121832.2	LOW_COVERAGE
AL121832.3	LOW_COVERAGE
AL121839.2	LOW_COVERAGE
AL121845.1	LOW_COVERAGE
AL121852.1	LOW_COVERAGE
AL121888.1	LOW_COVERAGE
AL121893.2	LOW_COVERAGE
AL121895.1	LOW_COVERAGE
AL121897.1	LOW_COVERAGE
AL121899.1	LOW_COVERAGE
AL121899.4	LOW_COVERAGE
AL121900.1	LOW_COVERAGE
AL121906.2	LOW_COVERAGE
AL121917.1	LOW_COVERAGE
AL121929.2	LOW_COVERAGE
AL121932.2	LOW_COVERAGE
AL121933.2	LOW_COVERAGE
AL121936.1	LOW_COVERAGE
AL121944.1	LOW_COVERAGE
AL121972.1	LOW_COVERAGE
AL121977.2	LOW_COVERAGE
AL121983.2	LOW_COVERAGE
AL121985.1	LOW_COVERAGE
AL121987.2	LOW_COVERAGE
AL121990.1	LOW_COVERAGE
AL121992.1	LOW_COVERAGE
AL121999.1	LOW_COVERAGE
AL122015.1	LOW_COVERAGE
AL122020.2	LOW_COVERAGE
AL122023.1	LOW_COVERAGE
AL122035.1	LOW_COVERAGE
AL122035.2	LOW_COVERAGE
AL122058.1	LOW_COVERAGE
AL122125.1	LOW_COVERAGE
AL132639.2	LOW_COVERAGE
AL132639.3	LOW_COVERAGE
AL132655.1	LOW_COVERAGE
AL132655.2	LOW_COVERAGE
AL132656.2	LOW_COVERAGE
AL132657.1	LOW_COVERAGE
AL132708.1	LOW_COVERAGE
AL132709.7	LOW_COVERAGE
AL132712.1	LOW_COVERAGE
AL132712.2	LOW_COVERAGE
AL132718.1	LOW_COVERAGE
AL132780.1	LOW_EVIDENCE
AL132780.2	LOW_COVERAGE
AL132800.1	LOW_COVERAGE
AL132857.1	LOW_COVERAGE
AL132989.1	LOW_COVERAGE
AL133153.2	LOW_COVERAGE
AL133163.2	LOW_COVERAGE
AL133168.3	LOW_COVERAGE
AL133215.2	LOW_COVERAGE
AL133227.1	LOW_COVERAGE
AL133243.1	LOW_COVERAGE
AL133243.2	LOW_COVERAGE
AL133243.3	LOW_COVERAGE
AL133243.4	LOW_COVERAGE
AL133244.1	LOW_COVERAGE
AL133245.1	LOW_COVERAGE
AL133259.1	LOW_COVERAGE
AL133268.4	LOW_COVERAGE
AL133297.1	LOW_COVERAGE
AL133297.2	LOW_COVERAGE
AL133304.3	LOW_COVERAGE
AL133325.3	LOW_COVERAGE
AL133334.1	LOW_COVERAGE
AL133335.1	LOW_COVERAGE
AL133338.1	LOW_COVERAGE
AL133342.1	LOW_COVERAGE
AL133346.1	LOW_COVERAGE
AL133351.1	LOW_COVERAGE
AL133353.1	LOW_COVERAGE
AL133367.1	LOW_COVERAGE
AL133370.1	LOW_COVERAGE
AL133375.1	LOW_COVERAGE
AL133383.1	LOW_COVERAGE
AL133410.1	LOW_COVERAGE
AL133445.2	LOW_COVERAGE
AL133453.1	LOW_COVERAGE
AL133477.2	LOW_COVERAGE
AL133480.1	LOW_COVERAGE
AL133520.1	LOW_COVERAGE
AL133523.1	LOW_COVERAGE
AL133551.1	LOW_COVERAGE
AL135744.1	LOW_COVERAGE
AL135784.1	LOW_COVERAGE
AL135791.1	LOW_EVIDENCE
AL135878.1	LOW_COVERAGE
AL135905.1	LOW_COVERAGE
AL135905.2	LOW_COVERAGE
AL135910.1	LOW_COVERAGE
AL135925.1	LOW_COVERAGE
AL135978.2	LOW_COVERAGE
AL135999.1	LOW_COVERAGE
AL136018.1	LOW_COVERAGE
AL136038.3	LOW_COVERAGE
AL136038.5	LOW_COVERAGE
AL136040.1	LOW_COVERAGE
AL136040.2	LOW_COVERAGE
AL136084.2	LOW_COVERAGE
AL136088.1	LOW_COVERAGE
AL136090.2	LOW_COVERAGE
AL136102.1	LOW_COVERAGE
AL136114.1	LOW_COVERAGE
AL136115.1	LOW_COVERAGE
AL136115.2	LOW_COVERAGE
AL136131.3	LOW_COVERAGE
AL136141.1	LOW_COVERAGE
AL136162.1	LOW_COVERAGE
AL136164.2	LOW_COVERAGE
AL136169.1	LOW_COVERAGE
AL136171.2	LOW_COVERAGE
AL136172.1	LOW_COVERAGE
AL136221.1	LOW_COVERAGE
AL136234.1	LOW_COVERAGE
AL136295.17	LOW_COVERAGE
AL136295.2	LOW_COVERAGE
AL136295.5	LOW_COVERAGE
AL136295.6	LOW_COVERAGE
AL136295.7	LOW_COVERAGE
AL136298.1	LOW_COVERAGE
AL136303.2	LOW_COVERAGE
AL136304.1	LOW_COVERAGE
AL136305.1	LOW_COVERAGE
AL136366.1	LOW_COVERAGE
AL136418.1	LOW_COVERAGE
AL136419.3	LOW_COVERAGE
AL136419.6	LOW_COVERAGE
AL136454.1	LOW_COVERAGE
AL136456.1	LOW_COVERAGE
AL136531.1	LOW_COVERAGE
AL136962.1	LOW_COVERAGE
AL136979.1	LOW_COVERAGE
AL136982.3	LOW_COVERAGE
AL136984.1	LOW_COVERAGE
AL136985.3	LOW_COVERAGE
AL136988.2	LOW_COVERAGE
AL137001.2	LOW_COVERAGE
AL137003.1	LOW_COVERAGE
AL137003.2	LOW_COVERAGE
AL137009.1	LOW_COVERAGE
AL137025.1	LOW_COVERAGE
AL137060.3	LOW_COVERAGE
AL137077.2	LOW_COVERAGE
AL137100.3	LOW_COVERAGE
AL137127.1	LOW_COVERAGE
AL137139.2	LOW_COVERAGE
AL137145.1	LOW_COVERAGE
AL137145.2	LOW_COVERAGE
AL137164.1	LOW_COVERAGE
AL137186.2	LOW_COVERAGE
AL137224.1	LOW_COVERAGE
AL137244.1	LOW_COVERAGE
AL137779.1	LOW_COVERAGE
AL137779.2	LOW_COVERAGE
AL137784.2	LOW_COVERAGE
AL137785.1	LOW_COVERAGE
AL137786.1	LOW_COVERAGE
AL137796.1	LOW_COVERAGE
AL137798.1	LOW_COVERAGE
AL137802.2	LOW_COVERAGE
AL137847.1	LOW_COVERAGE
AL137847.2	LOW_COVERAGE
AL137856.1	LOW_COVERAGE
AL138686.1	LOW_COVERAGE
AL138689.2	LOW_COVERAGE
AL138701.2	LOW_COVERAGE
AL138706.1	LOW_COVERAGE
AL138706.2	LOW_COVERAGE
AL138720.1	LOW_COVERAGE
AL138724.1	LOW_COVERAGE
AL138733.1	LOW_COVERAGE
AL138756.1	LOW_COVERAGE
AL138760.1	LOW_COVERAGE
AL138762.1	LOW_COVERAGE
AL138767.1	LOW_COVERAGE
AL138767.3	LOW_COVERAGE
AL138787.2	LOW_COVERAGE
AL138820.1	LOW_COVERAGE
AL138824.1	LOW_COVERAGE
AL138826.1	LOW_COVERAGE
AL138828.1	LOW_COVERAGE
AL138831.1	LOW_COVERAGE
AL138831.2	LOW_COVERAGE
AL138885.3	LOW_COVERAGE
AL138895.1	LOW_COVERAGE
AL138921.1	LOW_COVERAGE
AL138955.1	LOW_COVERAGE
AL138963.3	LOW_COVERAGE
AL138963.4	LOW_COVERAGE
AL138966.2	LOW_COVERAGE
AL138976.2	LOW_COVERAGE
AL138994.1	LOW_COVERAGE
AL138999.1	LOW_COVERAGE
AL138999.2	LOW_COVERAGE
AL139011.1	LOW_COVERAGE
AL139021.1	LOW_COVERAGE
AL139021.2	LOW_COVERAGE
AL139022.1	LOW_COVERAGE
AL139023.1	LOW_COVERAGE
AL139089.1	LOW_COVERAGE
AL139095.4	LOW_COVERAGE
AL139099.1	LOW_COVERAGE
AL139099.2	LOW_COVERAGE
AL139099.3	LOW_COVERAGE
AL139106.1	LOW_COVERAGE
AL139120.1	LOW_COVERAGE
AL139123.1	LOW_COVERAGE
AL139124.1	LOW_COVERAGE
AL139220.2	LOW_COVERAGE
AL139234.1	LOW_COVERAGE
AL139246.3	LOW_COVERAGE
AL139246.5	LOW_COVERAGE
AL139260.1	LOW_COVERAGE
AL139274.2	LOW_COVERAGE
AL139286.2	LOW_COVERAGE
AL139286.3	LOW_COVERAGE
AL139288.1	LOW_COVERAGE
AL139289.2	LOW_COVERAGE
AL139294.1	LOW_COVERAGE
AL139300.2	LOW_COVERAGE
AL139317.3	LOW_COVERAGE
AL139317.5	LOW_COVERAGE
AL139333.1	LOW_COVERAGE
AL139339.1	LOW_COVERAGE
AL139339.2	LOW_COVERAGE
AL139351.3	LOW_COVERAGE
AL139353.1	LOW_COVERAGE
AL139353.2	LOW_COVERAGE
AL139383.1	LOW_COVERAGE
AL139384.1	LOW_COVERAGE
AL139384.2	LOW_COVERAGE
AL139385.1	LOW_COVERAGE
AL139393.1	LOW_COVERAGE
AL139393.2	LOW_COVERAGE
AL139393.3	LOW_COVERAGE
AL139412.1	LOW_COVERAGE
AL139423.1	LOW_COVERAGE
AL139424.1	LOW_COVERAGE
AL139424.2	LOW_COVERAGE
AL139424.3	LOW_COVERAGE
AL139807.1	LOW_COVERAGE
AL139815.1	LOW_COVERAGE
AL139819.1	LOW_COVERAGE
AL157373.2	LOW_COVERAGE
AL157387.1	LOW_COVERAGE
AL157388.1	LOW_COVERAGE
AL157392.3	LOW_COVERAGE
AL157392.4	LOW_COVERAGE
AL157392.5	LOW_COVERAGE
AL157394.3	LOW_COVERAGE
AL157395.1	LOW_COVERAGE
AL157400.2	LOW_COVERAGE
AL157400.3	LOW_COVERAGE
AL157700.1	LOW_COVERAGE
AL157702.2	LOW_COVERAGE
AL157756.1	LOW_COVERAGE
AL157778.1	LOW_COVERAGE
AL157786.1	LOW_COVERAGE
AL157813.1	LOW_COVERAGE
AL157827.2	LOW_COVERAGE
AL157834.1	LOW_COVERAGE
AL157834.2	LOW_COVERAGE
AL157838.1	LOW_COVERAGE
AL157871.2	LOW_COVERAGE
AL157871.4	LOW_COVERAGE
AL157871.6	LOW_COVERAGE
AL157886.1	LOW_COVERAGE
AL157888.1	LOW_COVERAGE
AL157893.2	LOW_COVERAGE
AL157895.1	LOW_COVERAGE
AL157904.1	LOW_COVERAGE
AL157911.1	LOW_COVERAGE
AL157912.1	LOW_COVERAGE
AL157931.1	LOW_COVERAGE
AL157935.1	LOW_COVERAGE
AL157936.1	LOW_COVERAGE
AL157937.1	LOW_COVERAGE
AL157938.2	LOW_COVERAGE
AL157938.3	LOW_COVERAGE
AL157944.1	LOW_COVERAGE
AL158011.1	LOW_COVERAGE
AL158068.2	LOW_COVERAGE
AL158071.1	LOW_COVERAGE
AL158071.3	LOW_COVERAGE
AL158071.4	LOW_COVERAGE
AL158071.5	LOW_COVERAGE
AL158151.1	LOW_COVERAGE
AL158151.2	LOW_COVERAGE
AL158151.3	LOW_COVERAGE
AL158151.4	LOW_COVERAGE
AL158152.1	LOW_COVERAGE
AL158152.2	LOW_COVERAGE
AL158154.2	LOW_COVERAGE
AL158154.3	LOW_COVERAGE
AL158163.1	LOW_COVERAGE
AL158196.1	LOW_COVERAGE
AL158198.1	LOW_COVERAGE
AL158206.1	LOW_COVERAGE
AL158211.2	LOW_COVERAGE
AL158211.3	LOW_COVERAGE
AL158212.1	LOW_COVERAGE
AL158212.2	LOW_COVERAGE
AL158212.3	LOW_COVERAGE
AL158212.5	LOW_COVERAGE
AL158216.1	LOW_COVERAGE
AL158801.1	LOW_COVERAGE
AL158801.2	LOW_COVERAGE
AL158801.3	LOW_COVERAGE
AL158825.2	LOW_COVERAGE
AL158832.2	LOW_COVERAGE
AL158835.1	LOW_COVERAGE
AL158835.2	LOW_COVERAGE
AL159163.1	LOW_COVERAGE
AL159169.2	LOW_COVERAGE
AL160006.1	LOW_COVERAGE
AL160011.1	LOW_COVERAGE
AL160171.1	LOW_COVERAGE
AL160231.1	LOW_COVERAGE
AL160269.1	LOW_COVERAGE
AL160291.1	LOW_COVERAGE
AL160313.1	LOW_COVERAGE
AL160314.2	LOW_COVERAGE
AL160408.1	LOW_COVERAGE
AL160408.2	LOW_COVERAGE
AL160408.3	LOW_COVERAGE
AL160471.6	LOW_COVERAGE
AL161421.1	LOW_COVERAGE
AL161430.1	LOW_COVERAGE
AL161431.1	LOW_COVERAGE
AL161443.1	LOW_COVERAGE
AL161449.2	LOW_COVERAGE
AL161457.2	LOW_COVERAGE
AL161646.1	LOW_COVERAGE
AL161665.1	LOW_COVERAGE
AL161669.3	LOW_COVERAGE
AL161725.1	LOW_COVERAGE
AL161729.1	LOW_COVERAGE
AL161729.3	LOW_COVERAGE
AL161733.1	LOW_COVERAGE
AL161756.1	LOW_COVERAGE
AL161757.2	LOW_COVERAGE
AL161757.5	LOW_COVERAGE
AL161772.1	LOW_COVERAGE
AL161804.1	LOW_COVERAGE
AL161891.1	LOW_COVERAGE
AL161908.1	LOW_COVERAGE
AL161910.1	LOW_COVERAGE
AL162151.3	LOW_COVERAGE
AL162171.2	LOW_COVERAGE
AL162171.3	LOW_COVERAGE
AL162231.1	LOW_COVERAGE
AL162231.2	LOW_COVERAGE
AL162253.2	LOW_COVERAGE
AL162258.2	LOW_COVERAGE
AL162274.1	LOW_COVERAGE
AL162274.2	LOW_COVERAGE
AL162311.3	LOW_COVERAGE
AL162377.1	LOW_COVERAGE
AL162386.2	LOW_COVERAGE
AL162390.1	LOW_COVERAGE
AL162411.1	LOW_COVERAGE
AL162413.1	LOW_COVERAGE
AL162426.1	LOW_COVERAGE
AL162430.2	LOW_COVERAGE
AL162431.1	LOW_COVERAGE
AL162431.2	LOW_COVERAGE
AL162458.1	LOW_COVERAGE
AL162464.1	LOW_COVERAGE
AL162464.2	LOW_COVERAGE
AL162497.1	LOW_COVERAGE
AL162511.1	LOW_COVERAGE
AL162586.1	LOW_COVERAGE
AL162591.2	LOW_COVERAGE
AL162595.1	LOW_COVERAGE
AL162632.1	LOW_COVERAGE
AL162632.3	LOW_COVERAGE
AL162713.2	LOW_COVERAGE
AL162718.1	LOW_COVERAGE
AL162734.1	LOW_COVERAGE
AL162759.1	LOW_COVERAGE
AL163051.1	LOW_COVERAGE
AL163541.1	LOW_COVERAGE
AL163636.1	LOW_COVERAGE
AL163953.3	LOW_COVERAGE
AL352979.4	LOW_COVERAGE
AL352984.1	LOW_COVERAGE
AL353135.2	LOW_COVERAGE
AL353138.1	LOW_COVERAGE
AL353147.1	LOW_COVERAGE
AL353151.2	LOW_COVERAGE
AL353194.1	LOW_COVERAGE
AL353572.4	LOW_COVERAGE
AL353576.1	LOW_COVERAGE
AL353593.1	LOW_COVERAGE
AL353596.1	LOW_COVERAGE
AL353622.1	LOW_COVERAGE
AL353644.10	LOW_COVERAGE
AL353644.6	LOW_COVERAGE
AL353689.3	LOW_COVERAGE
AL353693.1	LOW_COVERAGE
AL353697.1	LOW_COVERAGE
AL353704.1	LOW_COVERAGE
AL353708.1	LOW_COVERAGE
AL353708.3	LOW_COVERAGE
AL353719.1	LOW_COVERAGE
AL353743.2	LOW_COVERAGE
AL353748.3	LOW_COVERAGE
AL353759.1	LOW_COVERAGE
AL353768.1	LOW_COVERAGE
AL353768.2	LOW_COVERAGE
AL353780.1	LOW_COVERAGE
AL353795.2	LOW_COVERAGE
AL353796.1	LOW_COVERAGE
AL353796.2	LOW_COVERAGE
AL353801.3	LOW_COVERAGE
AL353804.1	LOW_COVERAGE
AL353807.2	LOW_COVERAGE
AL353807.5	LOW_COVERAGE
AL353898.1	LOW_COVERAGE
AL354680.1	LOW_COVERAGE
AL354696.1	LOW_COVERAGE
AL354696.2	LOW_COVERAGE
AL354707.1	LOW_COVERAGE
AL354710.2	LOW_COVERAGE
AL354719.2	LOW_COVERAGE
AL354733.1	LOW_COVERAGE
AL354733.2	LOW_COVERAGE
AL354733.3	LOW_COVERAGE
AL354740.1	LOW_COVERAGE
AL354760.1	LOW_COVERAGE
AL354793.1	LOW_COVERAGE
AL354809.1	LOW_COVERAGE
AL354811.1	LOW_COVERAGE
AL354813.1	LOW_COVERAGE
AL354822.1	HUMAN_TUMOR_SUPPORTED
AL354824.1	LOW_COVERAGE
AL354836.1	LOW_COVERAGE
AL354892.1	LOW_COVERAGE
AL354892.2	LOW_COVERAGE
AL354892.3	LOW_COVERAGE
AL354920.1	LOW_COVERAGE
AL354956.1	LOW_COVERAGE
AL354977.2	LOW_COVERAGE
AL354989.1	LOW_COVERAGE
AL354993.2	LOW_COVERAGE
AL355001.1	LOW_COVERAGE
AL355001.2	LOW_COVERAGE
AL355053.1	LOW_COVERAGE
AL355073.2	LOW_COVERAGE
AL355075.1	LOW_EVIDENCE
AL355075.3	LOW_COVERAGE
AL355075.4	LOW_COVERAGE
AL355075.6	LOW_COVERAGE
AL355076.2	LOW_COVERAGE
AL355297.3	LOW_COVERAGE
AL355297.4	LOW_COVERAGE
AL355304.1	LOW_COVERAGE
AL355312.2	LOW_COVERAGE
AL355312.3	LOW_COVERAGE
AL355312.4	LOW_COVERAGE
AL355334.2	LOW_COVERAGE
AL355336.1	LOW_COVERAGE
AL355338.1	LOW_COVERAGE
AL355353.1	LOW_COVERAGE
AL355377.3	LOW_COVERAGE
AL355385.1	LOW_COVERAGE
AL355388.2	LOW_COVERAGE
AL355388.3	LOW_COVERAGE
AL355472.1	LOW_COVERAGE
AL355472.2	LOW_COVERAGE
AL355472.3	LOW_COVERAGE
AL355472.4	LOW_COVERAGE
AL355488.1	LOW_COVERAGE
AL355490.1	LOW_COVERAGE
AL355490.2	LOW_COVERAGE
AL355499.1	LOW_COVERAGE
AL355501.1	LOW_COVERAGE
AL355512.1	LOW_COVERAGE
AL355516.1	LOW_COVERAGE
AL355574.1	LOW_COVERAGE
AL355598.1	LOW_COVERAGE
AL355607.2	LOW_COVERAGE
AL355612.1	LOW_COVERAGE
AL355613.1	LOW_COVERAGE
AL355773.1	LOW_COVERAGE
AL355802.2	LOW_COVERAGE
AL355802.3	LOW_COVERAGE
AL355816.2	LOW_COVERAGE
AL355916.1	LOW_COVERAGE
AL355922.2	LOW_COVERAGE
AL355999.1	LOW_COVERAGE
AL356010.2	LOW_COVERAGE
AL356019.2	LOW_COVERAGE
AL356020.1	LOW_COVERAGE
AL356056.1	LOW_COVERAGE
AL356056.2	LOW_COVERAGE
AL356113.1	LOW_COVERAGE
AL356124.1	LOW_COVERAGE
AL356215.1	LOW_COVERAGE
AL356234.2	LOW_COVERAGE
AL356275.1	LOW_COVERAGE
AL356277.3	LOW_COVERAGE
AL356289.1	LOW_COVERAGE
AL356356.1	LOW_COVERAGE
AL356413.1	LOW_COVERAGE
AL356441.1	LOW_COVERAGE
AL356481.1	LOW_COVERAGE
AL356481.3	LOW_COVERAGE
AL356488.2	LOW_COVERAGE
AL356488.3	LOW_COVERAGE
AL356512.1	LOW_COVERAGE
AL356599.1	LOW_COVERAGE
AL356740.1	LOW_COVERAGE
AL356776.2	LOW_COVERAGE
AL356804.1	LOW_COVERAGE
AL356805.1	LOW_COVERAGE
AL356966.1	LOW_COVERAGE
AL357033.1	LOW_COVERAGE
AL357033.4	LOW_COVERAGE
AL357054.2	LOW_COVERAGE
AL357054.4	LOW_COVERAGE
AL357055.3	LOW_COVERAGE
AL357060.1	LOW_COVERAGE
AL357079.1	LOW_COVERAGE
AL357079.2	LOW_COVERAGE
AL357093.2	LOW_COVERAGE
AL357140.2	LOW_COVERAGE
AL357140.4	LOW_COVERAGE
AL357141.1	LOW_COVERAGE
AL357153.1	LOW_COVERAGE
AL357153.2	LOW_COVERAGE
AL357375.1	LOW_COVERAGE
AL357497.1	LOW_COVERAGE
AL357500.1	LOW_COVERAGE
AL357507.1	LOW_COVERAGE
AL357522.1	LOW_COVERAGE
AL357556.4	LOW_COVERAGE
AL357558.1	LOW_COVERAGE
AL357558.2	LOW_COVERAGE
AL357568.1	LOW_COVERAGE
AL357568.2	LOW_COVERAGE
AL357873.1	LOW_COVERAGE
AL357874.1	LOW_COVERAGE
AL357992.1	LOW_COVERAGE
AL358072.1	LOW_COVERAGE
AL358075.1	LOW_COVERAGE
AL358075.2	LOW_COVERAGE
AL358113.1	LOW_COVERAGE
AL358115.1	LOW_COVERAGE
AL358232.2	LOW_COVERAGE
AL358472.2	LOW_COVERAGE
AL358472.3	LOW_COVERAGE
AL358472.4	LOW_COVERAGE
AL358472.5	LOW_COVERAGE
AL358777.1	LOW_COVERAGE
AL358780.1	LOW_COVERAGE
AL358781.1	LOW_COVERAGE
AL358781.2	LOW_COVERAGE
AL358790.1	LOW_COVERAGE
AL358852.1	LOW_EVIDENCE
AL358937.1	LOW_COVERAGE
AL358944.1	LOW_COVERAGE
AL359091.4	LOW_COVERAGE
AL359091.5	LOW_COVERAGE
AL359094.1	LOW_COVERAGE
AL359198.1	LOW_COVERAGE
AL359220.1	LOW_COVERAGE
AL359232.1	LOW_COVERAGE
AL359258.1	LOW_COVERAGE
AL359258.2	LOW_COVERAGE
AL359265.3	LOW_COVERAGE
AL359317.1	LOW_COVERAGE
AL359317.2	LOW_COVERAGE
AL359378.1	LOW_COVERAGE
AL359397.2	LOW_COVERAGE
AL359399.1	LOW_COVERAGE
AL359504.2	LOW_COVERAGE
AL359513.1	LOW_COVERAGE
AL359538.4	LOW_COVERAGE
AL359546.1	LOW_COVERAGE
AL359551.1	LOW_COVERAGE
AL359632.1	LOW_COVERAGE
AL359636.1	LOW_COVERAGE
AL359636.2	LOW_COVERAGE
AL359643.2	LOW_COVERAGE
AL359643.3	LOW_COVERAGE
AL359644.1	LOW_COVERAGE
AL359682.1	LOW_COVERAGE
AL359697.1	LOW_COVERAGE
AL359706.1	LOW_COVERAGE
AL359711.2	LOW_COVERAGE
AL359715.1	LOW_COVERAGE
AL359715.2	LOW_COVERAGE
AL359715.3	LOW_COVERAGE
AL359762.1	LOW_COVERAGE
AL359813.1	LOW_COVERAGE
AL359834.1	LOW_COVERAGE
AL359851.1	LOW_COVERAGE
AL359853.1	LOW_COVERAGE
AL359878.1	LOW_COVERAGE
AL359878.2	LOW_COVERAGE
AL359915.1	LOW_COVERAGE
AL359915.2	LOW_COVERAGE
AL359921.1	LOW_COVERAGE
AL359921.2	LOW_COVERAGE
AL360007.1	LOW_COVERAGE
AL360012.1	LOW_COVERAGE
AL360020.1	LOW_COVERAGE
AL360091.3	LOW_COVERAGE
AL360176.1	LOW_COVERAGE
AL360181.1	LOW_COVERAGE
AL360268.2	LOW_COVERAGE
AL360270.1	LOW_COVERAGE
AL360270.2	LOW_COVERAGE
AL360270.3	LOW_COVERAGE
AL365181.2	HUMAN_TUMOR_SUPPORTED
AL365181.3	LOW_COVERAGE
AL365181.4	LOW_COVERAGE
AL365202.1	LOW_COVERAGE
AL365203.2	LOW_COVERAGE
AL365205.1	LOW_COVERAGE
AL365255.1	LOW_COVERAGE
AL365256.1	LOW_COVERAGE
AL365258.1	LOW_COVERAGE
AL365259.1	LOW_COVERAGE
AL365272.1	LOW_COVERAGE
AL365275.1	LOW_COVERAGE
AL365295.1	LOW_COVERAGE
AL365295.2	LOW_COVERAGE
AL365356.1	LOW_COVERAGE
AL365356.5	LOW_COVERAGE
AL365436.2	LOW_COVERAGE
AL390037.1	LOW_COVERAGE
AL390038.1	LOW_COVERAGE
AL390066.1	LOW_COVERAGE
AL390067.1	LOW_COVERAGE
AL390195.1	LOW_COVERAGE
AL390195.2	LOW_COVERAGE
AL390198.1	LOW_COVERAGE
AL390242.1	LOW_COVERAGE
AL390294.1	LOW_COVERAGE
AL390719.2	LOW_COVERAGE
AL390719.3	LOW_COVERAGE
AL390728.5	LOW_COVERAGE
AL390728.6	LOW_COVERAGE
AL390729.1	LOW_COVERAGE
AL390755.3	LOW_COVERAGE
AL390774.2	LOW_COVERAGE
AL390800.1	LOW_COVERAGE
AL390860.1	LOW_COVERAGE
AL390877.1	LOW_COVERAGE
AL390957.1	LOW_COVERAGE
AL391001.1	LOW_COVERAGE
AL391001.2	LOW_COVERAGE
AL391056.1	LOW_COVERAGE
AL391069.2	LOW_COVERAGE
AL391069.3	LOW_COVERAGE
AL391095.1	LOW_COVERAGE
AL391117.1	LOW_COVERAGE
AL391121.1	LOW_COVERAGE
AL391152.1	LOW_COVERAGE
AL391244.2	LOW_COVERAGE
AL391244.3	LOW_COVERAGE
AL391262.1	LOW_COVERAGE
AL391361.2	LOW_COVERAGE
AL391421.1	LOW_COVERAGE
AL391422.3	LOW_COVERAGE
AL391422.4	LOW_COVERAGE
AL391427.1	LOW_COVERAGE
AL391645.1	LOW_COVERAGE
AL391650.1	LOW_COVERAGE
AL391684.1	LOW_COVERAGE
AL391730.2	LOW_COVERAGE
AL391832.1	LOW_COVERAGE
AL391832.2	LOW_COVERAGE
AL391834.1	LOW_COVERAGE
AL391834.2	LOW_COVERAGE
AL391834.3	LOW_COVERAGE
AL391839.1	LOW_COVERAGE
AL391839.3	LOW_COVERAGE
AL391840.3	LOW_COVERAGE
AL391845.1	LOW_COVERAGE
AL391988.1	LOW_COVERAGE
AL391994.1	LOW_COVERAGE
AL392046.1	LOW_COVERAGE
AL392046.2	LOW_COVERAGE
AL392086.3	LOW_COVERAGE
AL392172.1	LOW_COVERAGE
AL392183.1	LOW_COVERAGE
AL441883.1	LOW_COVERAGE
AL441988.1	LOW_COVERAGE
AL441992.1	LOW_COVERAGE
AL442003.1	LOW_COVERAGE
AL442067.3	LOW_COVERAGE
AL442071.1	LOW_COVERAGE
AL442071.2	LOW_COVERAGE
AL442125.1	LOW_COVERAGE
AL442127.1	LOW_COVERAGE
AL442128.2	LOW_COVERAGE
AL442163.1	LOW_COVERAGE
AL442636.1	LOW_COVERAGE
AL442663.3	LOW_COVERAGE
AL445072.1	LOW_COVERAGE
AL445222.1	LOW_COVERAGE
AL445223.1	LOW_COVERAGE
AL445228.2	LOW_COVERAGE
AL445231.1	LOW_COVERAGE
AL445248.1	LOW_COVERAGE
AL445250.1	LOW_COVERAGE
AL445253.1	LOW_COVERAGE
AL445433.2	LOW_COVERAGE
AL445472.1	LOW_COVERAGE
AL445483.1	LOW_COVERAGE
AL445490.1	LOW_COVERAGE
AL445524.1	LOW_COVERAGE
AL445623.2	LOW_COVERAGE
AL445685.1	LOW_COVERAGE
AL445686.2	LOW_COVERAGE
AL445928.2	LOW_COVERAGE
AL449106.1	LOW_COVERAGE
AL449212.1	LOW_COVERAGE
AL449214.1	LOW_COVERAGE
AL449266.1	LOW_COVERAGE
AL450043.1	LOW_COVERAGE
AL450163.1	LOW_COVERAGE
AL450226.2	LOW_COVERAGE
AL450306.1	LOW_COVERAGE
AL450326.1	LOW_COVERAGE
AL450338.2	LOW_COVERAGE
AL450345.2	LOW_COVERAGE
AL450384.2	LOW_COVERAGE
AL450992.1	LOW_COVERAGE
AL450992.2	LOW_EVIDENCE
AL450998.2	LOW_COVERAGE
AL451042.1	LOW_COVERAGE
AL451042.2	LOW_COVERAGE
AL451050.2	LOW_COVERAGE
AL451060.1	LOW_COVERAGE
AL451062.1	LOW_COVERAGE
AL451069.1	LOW_COVERAGE
AL451069.2	LOW_COVERAGE
AL451070.1	LOW_COVERAGE
AL451074.2	LOW_COVERAGE
AL451074.6	LOW_COVERAGE
AL451085.1	LOW_COVERAGE
AL451085.2	LOW_COVERAGE
AL451127.1	LOW_COVERAGE
AL451127.2	LOW_COVERAGE
AL451165.2	LOW_COVERAGE
AL499602.1	LOW_COVERAGE
AL499604.1	LOW_COVERAGE
AL499616.1	LOW_COVERAGE
AL512274.1	LOW_COVERAGE
AL512283.1	LOW_COVERAGE
AL512283.2	LOW_COVERAGE
AL512283.3	LOW_COVERAGE
AL512288.1	LOW_COVERAGE
AL512306.2	LOW_COVERAGE
AL512306.3	LOW_COVERAGE
AL512328.1	LOW_COVERAGE
AL512329.2	LOW_COVERAGE
AL512330.1	LOW_COVERAGE
AL512343.2	LOW_COVERAGE
AL512353.1	LOW_COVERAGE
AL512358.1	LOW_COVERAGE
AL512363.1	LOW_COVERAGE
AL512380.2	LOW_COVERAGE
AL512408.1	LOW_COVERAGE
AL512413.1	LOW_COVERAGE
AL512422.1	LOW_COVERAGE
AL512452.1	LOW_COVERAGE
AL512506.1	LOW_COVERAGE
AL512598.1	LOW_COVERAGE
AL512603.2	LOW_COVERAGE
AL512604.2	LOW_COVERAGE
AL512604.3	LOW_COVERAGE
AL512625.1	LOW_COVERAGE
AL512625.2	LOW_COVERAGE
AL512625.3	LOW_COVERAGE
AL512652.1	LOW_COVERAGE
AL512770.1	LOW_COVERAGE
AL512791.1	LOW_COVERAGE
AL512791.2	LOW_COVERAGE
AL513123.1	LOW_COVERAGE
AL513165.1	LOW_COVERAGE
AL513166.1	LOW_COVERAGE
AL513188.1	LOW_COVERAGE
AL513217.1	LOW_COVERAGE
AL513218.2	LOW_COVERAGE
AL513283.1	LOW_COVERAGE
AL513314.2	LOW_COVERAGE
AL513320.1	LOW_COVERAGE
AL513327.1	LOW_COVERAGE
AL513327.2	LOW_COVERAGE
AL513365.2	LOW_COVERAGE
AL513477.2	LOW_COVERAGE
AL513523.2	LOW_COVERAGE
AL513534.2	LOW_COVERAGE
AL513548.1	LOW_EVIDENCE
AL513548.4	LOW_COVERAGE
AL513550.1	LOW_COVERAGE
AL583722.1	LOW_COVERAGE
AL583722.2	LOW_COVERAGE
AL583785.1	LOW_COVERAGE
AL583808.1	LOW_COVERAGE
AL583810.1	LOW_COVERAGE
AL583810.2	LOW_COVERAGE
AL583839.1	LOW_COVERAGE
AL583842.4	LOW_COVERAGE
AL589182.1	LOW_COVERAGE
AL589666.1	LOW_COVERAGE
AL589693.1	LOW_COVERAGE
AL589740.1	LOW_COVERAGE
AL589743.1	LOW_COVERAGE
AL589765.4	LOW_COVERAGE
AL589765.6	LOW_COVERAGE
AL589765.7	LOW_COVERAGE
AL589794.2	LOW_COVERAGE
AL589843.1	LOW_COVERAGE
AL589935.1	LOW_COVERAGE
AL590004.3	LOW_COVERAGE
AL590004.4	LOW_COVERAGE
AL590006.1	LOW_COVERAGE
AL590062.1	LOW_COVERAGE
AL590064.1	LOW_COVERAGE
AL590096.1	LOW_COVERAGE
AL590101.1	LOW_COVERAGE
AL590132.1	LOW_COVERAGE
AL590133.1	LOW_COVERAGE
AL590133.2	LOW_COVERAGE
AL590226.1	LOW_COVERAGE
AL590399.1	LOW_COVERAGE
AL590399.3	LOW_COVERAGE
AL590428.1	LOW_COVERAGE
AL590431.1	LOW_COVERAGE
AL590434.1	LOW_COVERAGE
AL590483.1	LOW_COVERAGE
AL590617.2	LOW_COVERAGE
AL590637.1	LOW_COVERAGE
AL590652.1	LOW_COVERAGE
AL590666.2	LOW_COVERAGE
AL590666.3	LOW_COVERAGE
AL590666.4	LOW_COVERAGE
AL590705.1	LOW_COVERAGE
AL590705.3	LOW_COVERAGE
AL590708.1	LOW_EVIDENCE
AL590708.3	LOW_COVERAGE
AL590714.1	LOW_COVERAGE
AL590762.6	LOW_COVERAGE
AL590764.1	LOW_COVERAGE
AL590807.1	LOW_COVERAGE
AL590822.1	LOW_COVERAGE
AL590822.2	LOW_COVERAGE
AL590822.3	LOW_COVERAGE
AL590867.1	LOW_COVERAGE
AL591002.1	LOW_COVERAGE
AL591043.2	LOW_COVERAGE
AL591135.2	LOW_COVERAGE
AL591368.1	LOW_COVERAGE
AL591501.1	LOW_COVERAGE
AL591506.1	LOW_COVERAGE
AL591623.1	LOW_COVERAGE
AL591686.2	LOW_COVERAGE
AL591845.1	LOW_COVERAGE
AL591846.2	LOW_COVERAGE
AL591848.2	LOW_COVERAGE
AL591848.3	LOW_COVERAGE
AL591848.4	LOW_COVERAGE
AL591893.1	LOW_COVERAGE
AL591895.1	LOW_COVERAGE
AL592043.1	LOW_COVERAGE
AL592071.1	LOW_COVERAGE
AL592146.2	LOW_COVERAGE
AL592148.3	LOW_COVERAGE
AL592166.1	LOW_COVERAGE
AL592183.1	LOW_EVIDENCE
AL592211.1	LOW_COVERAGE
AL592211.2	LOW_COVERAGE
AL592295.3	LOW_COVERAGE
AL592295.4	LOW_COVERAGE
AL592295.5	LOW_COVERAGE
AL592429.2	LOW_COVERAGE
AL592430.1	LOW_COVERAGE
AL592435.1	LOW_COVERAGE
AL593848.2	LOW_COVERAGE
AL596094.1	LOW_COVERAGE
AL596202.1	LOW_COVERAGE
AL596214.1	LOW_COVERAGE
AL596220.1	LOW_COVERAGE
AL596244.1	LOW_COVERAGE
AL596442.3	LOW_COVERAGE
AL603756.1	LOW_COVERAGE
AL603824.1	LOW_COVERAGE
AL603831.1	LOW_COVERAGE
AL603832.1	LOW_COVERAGE
AL603832.2	LOW_COVERAGE
AL603839.3	LOW_COVERAGE
AL603910.1	LOW_COVERAGE
AL604028.1	LOW_COVERAGE
AL606468.1	LOW_COVERAGE
AL606489.1	LOW_COVERAGE
AL606491.1	LOW_COVERAGE
AL606519.1	LOW_COVERAGE
AL606760.1	LOW_COVERAGE
AL606760.2	LOW_COVERAGE
AL606760.3	LOW_COVERAGE
AL606807.1	LOW_COVERAGE
AL606834.1	LOW_COVERAGE
AL606834.2	LOW_COVERAGE
AL627171.1	LOW_EVIDENCE
AL627171.2	LOW_COVERAGE
AL627232.1	LOW_COVERAGE
AL627309.1	LOW_COVERAGE
AL627309.5	LOW_COVERAGE
AL627422.2	LOW_COVERAGE
AL645465.1	LOW_COVERAGE
AL645568.1	LOW_COVERAGE
AL645608.1	LOW_COVERAGE
AL645608.2	LOW_COVERAGE
AL645608.3	LOW_COVERAGE
AL645608.4	LOW_COVERAGE
AL645608.6	LOW_COVERAGE
AL645608.7	LOW_COVERAGE
AL645608.8	LOW_COVERAGE
AL645728.1	LOW_COVERAGE
AL645933.2	LOW_COVERAGE
AL645937.2	LOW_COVERAGE
AL645940.1	LOW_COVERAGE
AL662791.1	LOW_COVERAGE
AL662791.2	LOW_COVERAGE
AL662797.1	LOW_EVIDENCE
AL662800.1	LOW_COVERAGE
AL662801.1	LOW_COVERAGE
AL662844.4	LOW_COVERAGE
AL662884.3	LOW_COVERAGE
AL662884.4	LOW_COVERAGE
AL662884.5	LOW_COVERAGE
AL662890.1	LOW_COVERAGE
AL662907.3	LOW_COVERAGE
AL669831.5	LOW_COVERAGE
AL671710.1	LOW_COVERAGE
AL672277.1	LOW_COVERAGE
AL672291.1	LOW_COVERAGE
AL672294.1	LOW_COVERAGE
AL672310.1	LOW_COVERAGE
AL683813.1	LOW_COVERAGE
AL691403.1	LOW_COVERAGE
AL691403.2	LOW_COVERAGE
AL691420.1	LOW_COVERAGE
AL691432.2	LOW_COVERAGE
AL691432.4	LOW_COVERAGE
AL691447.2	LOW_COVERAGE
AL691520.1	LOW_COVERAGE
AL713852.1	LOW_COVERAGE
AL731537.1	LOW_COVERAGE
AL731563.3	LOW_COVERAGE
AL731566.1	LOW_COVERAGE
AL731566.2	LOW_COVERAGE
AL731569.1	LOW_COVERAGE
AL731571.1	LOW_COVERAGE
AL731577.1	LOW_COVERAGE
AL731577.2	LOW_COVERAGE
AL731661.1	LOW_COVERAGE
AL731684.1	LOW_COVERAGE
AL731702.1	LOW_COVERAGE
AL731769.2	LOW_COVERAGE
AL732292.2	LOW_COVERAGE
AL732314.4	LOW_COVERAGE
AL732314.6	LOW_COVERAGE
AL732372.1	LOW_COVERAGE
AL732437.3	LOW_COVERAGE
AL732509.1	LOW_COVERAGE
AL807752.2	LOW_COVERAGE
AL807752.5	LOW_COVERAGE
AL807761.4	LOW_COVERAGE
AL807776.1	LOW_COVERAGE
AL844908.2	LOW_COVERAGE
AL845472.1	LOW_EVIDENCE
AL928654.1	LOW_EVIDENCE
AL928970.1	LOW_COVERAGE
AL929236.1	LOW_COVERAGE
AL929601.1	LOW_COVERAGE
AL954642.1	LOW_COVERAGE
ALAD	RNA_RESISTANCE_CONSENSUS
ALAS1	LOW_EVIDENCE
ALAS2	LOW_COVERAGE
ALB	LOW_EVIDENCE
ALCAM	RNA_RESISTANCE_CONSENSUS
ALDH16A1	RNA_RESISTANCE_CONSENSUS
ALDH18A1	ACUTE_RESPONSE
ALDH1A1	LOW_EVIDENCE
ALDH1A2	LOW_EVIDENCE
ALDH1A3	RNA_RESISTANCE_CONSENSUS
ALDH1B1	LOW_EVIDENCE
ALDH1L1	LOW_COVERAGE
ALDH1L2	ACUTE_RESPONSE
ALDH2	LOW_EVIDENCE
ALDH3A1	RNA_RESISTANCE_CONSENSUS
ALDH3A2	RNA_RESISTANCE_CONSENSUS
ALDH3B1	RNA_RESISTANCE_CONSENSUS
ALDH3B2	RNA_RESISTANCE_CONSENSUS
ALDH4A1	RNA_RESISTANCE_CONSENSUS
ALDH5A1	LOW_EVIDENCE
ALDH6A1	RNA_RESISTANCE_CONSENSUS
ALDH7A1	LOW_EVIDENCE
ALDH7A1P1	LOW_COVERAGE
ALDH8A1	LOW_EVIDENCE
ALDH9A1	LOW_EVIDENCE
ALDOA	LOW_EVIDENCE
ALDOB	LOW_COVERAGE
ALDOC	RNA_RESISTANCE_CONSENSUS
ALG1	LOW_EVIDENCE
ALG10	LOW_EVIDENCE
ALG10B	RNA_RESISTANCE_CONSENSUS
ALG11	LOW_EVIDENCE
ALG12	LOW_EVIDENCE
ALG13	LOW_EVIDENCE
ALG13-AS1	LOW_COVERAGE
ALG14	LOW_EVIDENCE
ALG1L	LOW_EVIDENCE
ALG1L10P	LOW_COVERAGE
ALG1L13P	LOW_COVERAGE
ALG1L2	LOW_EVIDENCE
ALG1L6P	LOW_COVERAGE
ALG1L8P	LOW_COVERAGE
ALG1L9P	LOW_COVERAGE
ALG2	LOW_EVIDENCE
ALG3	LOW_EVIDENCE
ALG5	LOW_EVIDENCE
ALG6	LOW_EVIDENCE
ALG8	RNA_RESISTANCE_CONSENSUS
ALG9	LOW_EVIDENCE
ALG9-IT1	LOW_COVERAGE
ALK	LOW_COVERAGE
ALKAL1	LOW_COVERAGE
ALKAL2	LOW_COVERAGE
ALKBH1	RNA_RESISTANCE_CONSENSUS
ALKBH2	LOW_EVIDENCE
ALKBH3	RNA_RESISTANCE_CONSENSUS
ALKBH3-AS1	LOW_COVERAGE
ALKBH4	RNA_RESISTANCE_CONSENSUS
ALKBH5	LOW_EVIDENCE
ALKBH6	LOW_EVIDENCE
ALKBH7	ACUTE_RESPONSE
ALKBH8	LOW_EVIDENCE
ALLC	LOW_COVERAGE
ALMS1	LOW_EVIDENCE
ALMS1-IT1	LOW_COVERAGE
ALMS1P	LOW_COVERAGE
ALOX12	LOW_EVIDENCE
ALOX12-AS1	LOW_EVIDENCE
ALOX12B	LOW_COVERAGE
ALOX12P1	LOW_COVERAGE
ALOX12P2	LOW_COVERAGE
ALOX15	RNA_RESISTANCE_CONSENSUS
ALOX15B	LOW_EVIDENCE
ALOX5	LOW_EVIDENCE
ALOX5AP	RNA_RESISTANCE_CONSENSUS
ALOXE3	RNA_RESISTANCE_CONSENSUS
ALPI	LOW_COVERAGE
ALPK1	RNA_RESISTANCE_CONSENSUS
ALPK2	LOW_COVERAGE
ALPK3	LOW_EVIDENCE
ALPL	LOW_EVIDENCE
ALPP	LOW_COVERAGE
ALPPL2	LOW_COVERAGE
ALS2	RNA_RESISTANCE_CONSENSUS
ALS2CL	RNA_RESISTANCE_CONSENSUS
ALS2CR11	LOW_COVERAGE
ALS2CR12	LOW_EVIDENCE
ALX1	LOW_COVERAGE
ALX3	LOW_EVIDENCE
ALX4	LOW_COVERAGE
ALYREF	LOW_EVIDENCE
AMACR	ACUTE_RESPONSE
AMBN	LOW_COVERAGE
AMBP	RNA_RESISTANCE_CONSENSUS
AMBRA1	LOW_EVIDENCE
AMD1	LOW_EVIDENCE
AMD1P3	LOW_COVERAGE
AMDHD1	RNA_RESISTANCE_CONSENSUS
AMDHD2	RNA_RESISTANCE_CONSENSUS
AMELX	LOW_COVERAGE
AMELY	LOW_COVERAGE
AMER1	RNA_RESISTANCE_CONSENSUS
AMER2	LOW_COVERAGE
AMER3	LOW_COVERAGE
AMFR	RNA_RESISTANCE_CONSENSUS
AMH	RNA_RESISTANCE_CONSENSUS
AMHR2	LOW_COVERAGE
AMICA1	LOW_COVERAGE
AMIGO1	LOW_EVIDENCE
AMIGO2	RNA_RESISTANCE_CONSENSUS
AMIGO3	LOW_COVERAGE
AMMECR1	RNA_RESISTANCE_CONSENSUS
AMMECR1-IT1	LOW_COVERAGE
AMMECR1L	RNA_RESISTANCE_CONSENSUS
AMMECR1LP1	LOW_COVERAGE
AMN	LOW_EVIDENCE
AMN1	LOW_EVIDENCE
AMOT	RNA_RESISTANCE_CONSENSUS
AMOTL1	RNA_RESISTANCE_CONSENSUS
AMOTL2	RNA_RESISTANCE_CONSENSUS
AMPD1	HUMAN_TUMOR_SUPPORTED
AMPD2	LOW_EVIDENCE
AMPD3	LOW_EVIDENCE
AMPH	RNA_RESISTANCE_CONSENSUS
AMT	LOW_EVIDENCE
AMTN	RNA_RESISTANCE_CONSENSUS
AMY1A	LOW_COVERAGE
AMY1B	LOW_COVERAGE
AMY1C	LOW_COVERAGE
AMY2A	LOW_COVERAGE
AMY2B	LOW_EVIDENCE
AMZ1	RNA_RESISTANCE_CONSENSUS
AMZ2	RNA_RESISTANCE_CONSENSUS
AMZ2P1	LOW_COVERAGE
ANAPC1	RNA_RESISTANCE_CONSENSUS
ANAPC10	LOW_EVIDENCE
ANAPC11	LOW_EVIDENCE
ANAPC13	LOW_EVIDENCE
ANAPC15	LOW_EVIDENCE
ANAPC16	RNA_RESISTANCE_CONSENSUS
ANAPC1P1	LOW_COVERAGE
ANAPC2	RNA_RESISTANCE_CONSENSUS
ANAPC4	RNA_RESISTANCE_CONSENSUS
ANAPC5	RNA_RESISTANCE_CONSENSUS
ANAPC7	RNA_RESISTANCE_CONSENSUS
ANG	RNA_RESISTANCE_CONSENSUS
ANGEL1	RNA_RESISTANCE_CONSENSUS
ANGEL2	LOW_EVIDENCE
ANGPT1	LOW_EVIDENCE
ANGPT2	LOW_EVIDENCE
ANGPT4	LOW_COVERAGE
ANGPTL1	LOW_EVIDENCE
ANGPTL2	LOW_EVIDENCE
ANGPTL3	LOW_COVERAGE
ANGPTL4	RNA_RESISTANCE_CONSENSUS
ANGPTL5	LOW_COVERAGE
ANGPTL6	LOW_EVIDENCE
ANGPTL7	LOW_COVERAGE
ANGPTL8	LOW_COVERAGE
ANHX	LOW_COVERAGE
ANK1	LOW_EVIDENCE
ANK2	LOW_EVIDENCE
ANK3	LOW_EVIDENCE
ANK3-DT	LOW_COVERAGE
ANKAR	LOW_EVIDENCE
ANKDD1A	LOW_EVIDENCE
ANKDD1B	LOW_EVIDENCE
ANKEF1	LOW_EVIDENCE
ANKFN1	LOW_EVIDENCE
ANKFY1	LOW_EVIDENCE
ANKH	RNA_RESISTANCE_CONSENSUS
ANKHD1	LOW_EVIDENCE
ANKHD1-EIF4EBP3	LOW_EVIDENCE
ANKIB1	RNA_RESISTANCE_CONSENSUS
ANKK1	LOW_COVERAGE
ANKLE1	LOW_COVERAGE
ANKLE2	LOW_EVIDENCE
ANKMY1	RNA_RESISTANCE_CONSENSUS
ANKMY2	RNA_RESISTANCE_CONSENSUS
ANKRA2	RNA_RESISTANCE_CONSENSUS
ANKRD1	LOW_EVIDENCE
ANKRD10	RNA_RESISTANCE_CONSENSUS
ANKRD10-IT1	LOW_EVIDENCE
ANKRD11	LOW_EVIDENCE
ANKRD12	LOW_EVIDENCE
ANKRD13A	RNA_RESISTANCE_CONSENSUS
ANKRD13B	RNA_RESISTANCE_CONSENSUS
ANKRD13C	LOW_EVIDENCE
ANKRD13D	LOW_EVIDENCE
ANKRD16	RNA_RESISTANCE_CONSENSUS
ANKRD17	LOW_EVIDENCE
ANKRD18A	RNA_RESISTANCE_CONSENSUS
ANKRD18B	RNA_RESISTANCE_CONSENSUS
ANKRD18CP	LOW_COVERAGE
ANKRD18EP	LOW_COVERAGE
ANKRD19P	LOW_COVERAGE
ANKRD2	RNA_RESISTANCE_CONSENSUS
ANKRD20A1	LOW_COVERAGE
ANKRD20A11P	LOW_COVERAGE
ANKRD20A17P	LOW_COVERAGE
ANKRD20A2	LOW_COVERAGE
ANKRD20A3	LOW_EVIDENCE
ANKRD20A4	LOW_EVIDENCE
ANKRD20A5P	LOW_COVERAGE
ANKRD20A7P	LOW_COVERAGE
ANKRD20A8P	LOW_COVERAGE
ANKRD20A9P	LOW_COVERAGE
ANKRD22	RNA_RESISTANCE_CONSENSUS
ANKRD23	RNA_RESISTANCE_CONSENSUS
ANKRD24	LOW_EVIDENCE
ANKRD26	RNA_RESISTANCE_CONSENSUS
ANKRD26P4	LOW_COVERAGE
ANKRD27	LOW_EVIDENCE
ANKRD28	LOW_EVIDENCE
ANKRD29	RNA_RESISTANCE_CONSENSUS
ANKRD30A	LOW_EVIDENCE
ANKRD30B	LOW_EVIDENCE
ANKRD30BP1	LOW_COVERAGE
ANKRD30BP3	LOW_COVERAGE
ANKRD31	LOW_EVIDENCE
ANKRD32	LOW_COVERAGE
ANKRD33	LOW_COVERAGE
ANKRD33B	LOW_EVIDENCE
ANKRD34A	RNA_RESISTANCE_CONSENSUS
ANKRD34B	HUMAN_TUMOR_SUPPORTED
ANKRD34C	LOW_COVERAGE
ANKRD34C-AS1	LOW_COVERAGE
ANKRD35	LOW_EVIDENCE
ANKRD36	RNA_RESISTANCE_CONSENSUS
ANKRD36B	LOW_EVIDENCE
ANKRD36BP1	LOW_COVERAGE
ANKRD36BP2	LOW_COVERAGE
ANKRD36C	RNA_RESISTANCE_CONSENSUS
ANKRD37	LOW_EVIDENCE
ANKRD39	LOW_EVIDENCE
ANKRD40	LOW_EVIDENCE
ANKRD42	LOW_EVIDENCE
ANKRD44	LOW_EVIDENCE
ANKRD44-IT1	LOW_COVERAGE
ANKRD45	LOW_COVERAGE
ANKRD46	RNA_RESISTANCE_CONSENSUS
ANKRD49	LOW_EVIDENCE
ANKRD50	LOW_EVIDENCE
ANKRD52	LOW_EVIDENCE
ANKRD53	LOW_EVIDENCE
ANKRD54	LOW_EVIDENCE
ANKRD55	LOW_COVERAGE
ANKRD6	LOW_EVIDENCE
ANKRD60	LOW_COVERAGE
ANKRD61	RNA_RESISTANCE_CONSENSUS
ANKRD62	HUMAN_TUMOR_SUPPORTED
ANKRD62P1	LOW_COVERAGE
ANKRD62P1-PARP4P3	LOW_COVERAGE
ANKRD63	LOW_COVERAGE
ANKRD65	LOW_EVIDENCE
ANKRD66	LOW_COVERAGE
ANKRD7	LOW_COVERAGE
ANKRD9	RNA_RESISTANCE_CONSENSUS
ANKS1A	LOW_EVIDENCE
ANKS1B	LOW_EVIDENCE
ANKS3	RNA_RESISTANCE_CONSENSUS
ANKS4B	LOW_COVERAGE
ANKS6	RNA_RESISTANCE_CONSENSUS
ANKUB1	LOW_EVIDENCE
ANKZF1	RNA_RESISTANCE_CONSENSUS
ANLN	RNA_RESISTANCE_CONSENSUS
ANO1	RNA_RESISTANCE_CONSENSUS
ANO1-AS1	LOW_COVERAGE
ANO10	LOW_EVIDENCE
ANO2	LOW_EVIDENCE
ANO3	HUMAN_TUMOR_SUPPORTED
ANO4	LOW_COVERAGE
ANO5	RNA_RESISTANCE_CONSENSUS
ANO6	LOW_EVIDENCE
ANO7	RNA_RESISTANCE_CONSENSUS
ANO7P1	LOW_COVERAGE
ANO8	LOW_EVIDENCE
ANO9	LOW_EVIDENCE
ANOS1	RNA_RESISTANCE_CONSENSUS
ANP32A	RNA_RESISTANCE_CONSENSUS
ANP32B	LOW_EVIDENCE
ANP32BP1	LOW_COVERAGE
ANP32C	LOW_COVERAGE
ANP32D	LOW_COVERAGE
ANP32E	RNA_RESISTANCE_CONSENSUS
ANPEP	RNA_RESISTANCE_CONSENSUS
ANTKMT	LOW_COVERAGE
ANTXR1	RNA_RESISTANCE_CONSENSUS
ANTXR2	RNA_RESISTANCE_CONSENSUS
ANTXRL	LOW_COVERAGE
ANXA1	RNA_RESISTANCE_CONSENSUS
ANXA10	LOW_COVERAGE
ANXA11	RNA_RESISTANCE_CONSENSUS
ANXA13	LOW_COVERAGE
ANXA2	RNA_RESISTANCE_CONSENSUS
ANXA2P1	LOW_COVERAGE
ANXA2P2	LOW_COVERAGE
ANXA2R	RNA_RESISTANCE_CONSENSUS
ANXA3	LOW_EVIDENCE
ANXA4	LOW_EVIDENCE
ANXA5	LOW_EVIDENCE
ANXA6	RNA_RESISTANCE_CONSENSUS
ANXA7	RNA_RESISTANCE_CONSENSUS
ANXA8	LOW_EVIDENCE
ANXA8L1	RNA_RESISTANCE_CONSENSUS
ANXA9	RNA_RESISTANCE_CONSENSUS
AOAH	LOW_COVERAGE
AOC1	LOW_COVERAGE
AOC2	LOW_EVIDENCE
AOC3	LOW_EVIDENCE
AOPEP	LOW_COVERAGE
AOX1	RNA_RESISTANCE_CONSENSUS
AOX2P	LOW_COVERAGE
AOX3P	LOW_COVERAGE
AP000223.42	LOW_COVERAGE
AP000229.1	LOW_COVERAGE
AP000230.1	LOW_COVERAGE
AP000240.1	LOW_COVERAGE
AP000240.9	LOW_COVERAGE
AP000248.1	LOW_COVERAGE
AP000251.1	LOW_COVERAGE
AP000251.3	LOW_COVERAGE
AP000253.1	LOW_EVIDENCE
AP000254.1	LOW_COVERAGE
AP000254.2	LOW_COVERAGE
AP000254.8	LOW_COVERAGE
AP000255.6	LOW_COVERAGE
AP000265.1	LOW_COVERAGE
AP000266.1	LOW_COVERAGE
AP000266.7	LOW_COVERAGE
AP000275.65	LOW_COVERAGE
AP000295.10	LOW_COVERAGE
AP000295.9	LOW_COVERAGE
AP000302.58	LOW_COVERAGE
AP000304.12	LOW_COVERAGE
AP000317.1	LOW_COVERAGE
AP000320.1	LOW_COVERAGE
AP000320.6	LOW_COVERAGE
AP000320.7	LOW_COVERAGE
AP000331.1	LOW_COVERAGE
AP000344.3	LOW_COVERAGE
AP000344.4	LOW_COVERAGE
AP000345.1	LOW_COVERAGE
AP000347.2	LOW_COVERAGE
AP000347.4	LOW_COVERAGE
AP000350.10	LOW_COVERAGE
AP000350.5	LOW_COVERAGE
AP000350.6	LOW_EVIDENCE
AP000350.7	LOW_COVERAGE
AP000356.2	LOW_COVERAGE
AP000357.4	LOW_COVERAGE
AP000424.1	LOW_COVERAGE
AP000432.1	LOW_COVERAGE
AP000437.3	LOW_COVERAGE
AP000438.1	LOW_COVERAGE
AP000438.2	LOW_COVERAGE
AP000439.2	LOW_COVERAGE
AP000439.3	LOW_COVERAGE
AP000442.1	LOW_COVERAGE
AP000446.1	LOW_COVERAGE
AP000462.1	LOW_COVERAGE
AP000462.2	LOW_COVERAGE
AP000462.3	LOW_COVERAGE
AP000472.2	LOW_COVERAGE
AP000473.5	LOW_COVERAGE
AP000473.8	LOW_COVERAGE
AP000479.1	LOW_COVERAGE
AP000487.1	LOW_COVERAGE
AP000487.4	LOW_COVERAGE
AP000487.5	LOW_COVERAGE
AP000487.6	LOW_COVERAGE
AP000525.1	LOW_COVERAGE
AP000527.1	LOW_COVERAGE
AP000542.2	LOW_COVERAGE
AP000547.3	LOW_COVERAGE
AP000553.2	LOW_COVERAGE
AP000560.3	LOW_COVERAGE
AP000568.2	LOW_COVERAGE
AP000577.2	LOW_COVERAGE
AP000580.1	LOW_COVERAGE
AP000593.4	LOW_COVERAGE
AP000593.7	LOW_COVERAGE
AP000619.5	LOW_COVERAGE
AP000640.10	LOW_COVERAGE
AP000640.2	LOW_COVERAGE
AP000646.1	LOW_COVERAGE
AP000648.5	LOW_COVERAGE
AP000654.1	LOW_COVERAGE
AP000654.4	LOW_COVERAGE
AP000662.4	LOW_COVERAGE
AP000662.9	LOW_COVERAGE
AP000679.1	LOW_COVERAGE
AP000688.1	LOW_COVERAGE
AP000688.14	LOW_COVERAGE
AP000688.29	LOW_COVERAGE
AP000692.1	LOW_COVERAGE
AP000692.10	LOW_COVERAGE
AP000692.2	LOW_COVERAGE
AP000692.9	LOW_COVERAGE
AP000695.2	LOW_COVERAGE
AP000696.1	LOW_COVERAGE
AP000696.2	LOW_COVERAGE
AP000697.6	LOW_COVERAGE
AP000704.1	LOW_COVERAGE
AP000704.5	LOW_COVERAGE
AP000708.1	LOW_COVERAGE
AP000711.1	LOW_COVERAGE
AP000721.2	LOW_COVERAGE
AP000721.4	LOW_COVERAGE
AP000753.2	LOW_COVERAGE
AP000759.1	LOW_COVERAGE
AP000763.3	LOW_COVERAGE
AP000763.4	LOW_COVERAGE
AP000766.1	LOW_COVERAGE
AP000769.7	LOW_COVERAGE
AP000781.1	LOW_COVERAGE
AP000787.1	LOW_COVERAGE
AP000802.1	LOW_COVERAGE
AP000807.2	LOW_COVERAGE
AP000829.1	LOW_COVERAGE
AP000842.3	LOW_COVERAGE
AP000844.2	LOW_COVERAGE
AP000845.1	LOW_COVERAGE
AP000851.1	LOW_COVERAGE
AP000851.2	LOW_COVERAGE
AP000866.1	LOW_EVIDENCE
AP000866.2	LOW_COVERAGE
AP000866.5	LOW_COVERAGE
AP000866.6	LOW_COVERAGE
AP000873.2	LOW_COVERAGE
AP000880.1	LOW_COVERAGE
AP000892.1	LOW_COVERAGE
AP000892.4	LOW_COVERAGE
AP000892.6	LOW_COVERAGE
AP000894.4	LOW_COVERAGE
AP000911.1	LOW_COVERAGE
AP000919.2	LOW_COVERAGE
AP000925.2	LOW_COVERAGE
AP000926.2	LOW_COVERAGE
AP000936.1	LOW_COVERAGE
AP000941.1	LOW_COVERAGE
AP000944.7	LOW_COVERAGE
AP000962.1	LOW_COVERAGE
AP000962.2	LOW_COVERAGE
AP001005.3	LOW_COVERAGE
AP001011.1	LOW_COVERAGE
AP001020.1	LOW_COVERAGE
AP001020.2	LOW_COVERAGE
AP001020.3	LOW_COVERAGE
AP001025.1	LOW_COVERAGE
AP001029.1	LOW_COVERAGE
AP001029.2	LOW_COVERAGE
AP001033.1	LOW_COVERAGE
AP001033.2	LOW_COVERAGE
AP001033.3	LOW_COVERAGE
AP001037.1	LOW_COVERAGE
AP001042.1	LOW_COVERAGE
AP001043.1	LOW_COVERAGE
AP001053.1	LOW_COVERAGE
AP001057.1	LOW_COVERAGE
AP001059.2	LOW_COVERAGE
AP001059.3	LOW_COVERAGE
AP001059.6	LOW_COVERAGE
AP001059.7	LOW_COVERAGE
AP001062.1	LOW_COVERAGE
AP001062.7	LOW_COVERAGE
AP001062.8	LOW_COVERAGE
AP001065.1	LOW_COVERAGE
AP001065.3	LOW_COVERAGE
AP001107.1	LOW_COVERAGE
AP001107.2	LOW_COVERAGE
AP001107.4	LOW_COVERAGE
AP001107.7	LOW_COVERAGE
AP001107.9	LOW_COVERAGE
AP001136.2	LOW_COVERAGE
AP001157.1	LOW_COVERAGE
AP001160.1	LOW_COVERAGE
AP001160.2	LOW_COVERAGE
AP001160.3	LOW_COVERAGE
AP001160.4	LOW_COVERAGE
AP001198.1	LOW_COVERAGE
AP001205.1	LOW_COVERAGE
AP001207.3	LOW_COVERAGE
AP001208.1	LOW_COVERAGE
AP001258.4	LOW_COVERAGE
AP001258.5	LOW_COVERAGE
AP001266.1	LOW_COVERAGE
AP001266.2	LOW_COVERAGE
AP001267.1	LOW_COVERAGE
AP001267.2	LOW_COVERAGE
AP001267.3	LOW_COVERAGE
AP001269.4	LOW_COVERAGE
AP001271.3	LOW_COVERAGE
AP001273.1	LOW_COVERAGE
AP001282.1	LOW_COVERAGE
AP001318.2	LOW_COVERAGE
AP001330.4	LOW_COVERAGE
AP001330.5	LOW_COVERAGE
AP001347.1	LOW_COVERAGE
AP001347.6	LOW_COVERAGE
AP001350.4	LOW_COVERAGE
AP001351.1	LOW_COVERAGE
AP001363.2	LOW_COVERAGE
AP001372.2	LOW_EVIDENCE
AP001412.1	LOW_EVIDENCE
AP001429.1	LOW_COVERAGE
AP001432.1	LOW_COVERAGE
AP001432.14	LOW_COVERAGE
AP001437.1	LOW_EVIDENCE
AP001437.2	LOW_COVERAGE
AP001439.1	LOW_COVERAGE
AP001439.2	LOW_COVERAGE
AP001442.1	LOW_COVERAGE
AP001442.2	LOW_COVERAGE
AP001453.1	LOW_COVERAGE
AP001453.2	LOW_COVERAGE
AP001453.4	LOW_COVERAGE
AP001462.1	LOW_COVERAGE
AP001462.6	LOW_COVERAGE
AP001468.58	LOW_COVERAGE
AP001469.2	LOW_COVERAGE
AP001469.3	LOW_COVERAGE
AP001469.5	LOW_COVERAGE
AP001469.7	LOW_COVERAGE
AP001469.9	LOW_COVERAGE
AP001505.1	LOW_COVERAGE
AP001505.10	LOW_COVERAGE
AP001524.1	LOW_COVERAGE
AP001527.2	LOW_COVERAGE
AP001528.1	LOW_COVERAGE
AP001528.2	LOW_COVERAGE
AP001596.1	LOW_COVERAGE
AP001596.6	LOW_COVERAGE
AP001610.2	LOW_COVERAGE
AP001610.5	LOW_COVERAGE
AP001615.9	LOW_COVERAGE
AP001619.1	LOW_COVERAGE
AP001619.2	LOW_COVERAGE
AP001625.3	LOW_COVERAGE
AP001625.6	LOW_COVERAGE
AP001626.1	LOW_COVERAGE
AP001628.1	LOW_COVERAGE
AP001628.6	LOW_COVERAGE
AP001631.2	LOW_COVERAGE
AP001636.3	LOW_COVERAGE
AP001767.3	LOW_COVERAGE
AP001816.1	LOW_COVERAGE
AP001825.1	LOW_COVERAGE
AP001830.1	LOW_COVERAGE
AP001831.1	LOW_COVERAGE
AP001885.2	LOW_COVERAGE
AP001885.3	LOW_COVERAGE
AP001972.3	LOW_COVERAGE
AP001977.1	LOW_COVERAGE
AP002026.1	LOW_COVERAGE
AP002336.1	LOW_COVERAGE
AP002336.2	LOW_COVERAGE
AP002360.1	LOW_COVERAGE
AP002370.2	LOW_COVERAGE
AP002373.1	LOW_COVERAGE
AP002381.2	LOW_COVERAGE
AP002387.2	LOW_COVERAGE
AP002433.1	LOW_COVERAGE
AP002433.2	LOW_COVERAGE
AP002449.1	LOW_COVERAGE
AP002490.1	LOW_COVERAGE
AP002495.1	LOW_COVERAGE
AP002495.2	LOW_COVERAGE
AP002498.1	LOW_COVERAGE
AP002748.3	LOW_COVERAGE
AP002748.4	LOW_COVERAGE
AP002748.6	LOW_COVERAGE
AP002761.1	LOW_COVERAGE
AP002761.3	LOW_COVERAGE
AP002761.4	LOW_COVERAGE
AP002762.2	LOW_COVERAGE
AP002762.3	LOW_COVERAGE
AP002784.1	LOW_COVERAGE
AP002793.1	LOW_COVERAGE
AP002807.1	LOW_COVERAGE
AP002812.2	LOW_COVERAGE
AP002813.1	LOW_COVERAGE
AP002840.2	LOW_COVERAGE
AP002851.1	LOW_COVERAGE
AP002884.1	LOW_COVERAGE
AP002884.2	LOW_COVERAGE
AP002884.4	LOW_COVERAGE
AP002892.1	LOW_COVERAGE
AP002954.1	LOW_COVERAGE
AP002954.3	LOW_COVERAGE
AP002954.4	LOW_COVERAGE
AP002961.1	LOW_COVERAGE
AP002967.1	LOW_COVERAGE
AP002992.1	LOW_COVERAGE
AP003041.1	LOW_COVERAGE
AP003059.1	LOW_COVERAGE
AP003068.18	LOW_COVERAGE
AP003068.2	LOW_COVERAGE
AP003068.23	LOW_COVERAGE
AP003068.9	LOW_COVERAGE
AP003086.1	LOW_COVERAGE
AP003108.2	LOW_COVERAGE
AP003110.1	LOW_COVERAGE
AP003119.1	LOW_COVERAGE
AP003119.2	LOW_COVERAGE
AP003119.3	LOW_COVERAGE
AP003168.2	LOW_COVERAGE
AP003306.2	LOW_COVERAGE
AP003307.1	LOW_COVERAGE
AP003327.2	LOW_COVERAGE
AP003352.1	LOW_COVERAGE
AP003385.2	LOW_COVERAGE
AP003390.1	LOW_COVERAGE
AP003391.1	LOW_COVERAGE
AP003392.1	LOW_COVERAGE
AP003392.3	LOW_COVERAGE
AP003392.4	LOW_COVERAGE
AP003392.5	LOW_COVERAGE
AP003392.6	LOW_COVERAGE
AP003419.11	LOW_COVERAGE
AP003419.16	LOW_COVERAGE
AP003419.3	LOW_COVERAGE
AP003465.1	LOW_COVERAGE
AP003469.2	LOW_COVERAGE
AP003469.4	LOW_COVERAGE
AP003472.1	LOW_COVERAGE
AP003486.1	LOW_COVERAGE
AP003498.2	LOW_COVERAGE
AP003555.2	LOW_COVERAGE
AP003559.1	LOW_COVERAGE
AP003696.1	LOW_COVERAGE
AP003716.1	LOW_COVERAGE
AP003717.1	LOW_COVERAGE
AP003717.4	LOW_COVERAGE
AP003721.1	LOW_COVERAGE
AP003733.3	LOW_COVERAGE
AP003774.4	LOW_COVERAGE
AP003778.1	LOW_COVERAGE
AP003783.1	LOW_COVERAGE
AP003900.1	LOW_COVERAGE
AP003900.6	LOW_COVERAGE
AP004289.1	LOW_COVERAGE
AP004289.2	LOW_COVERAGE
AP004290.1	LOW_COVERAGE
AP004372.1	LOW_COVERAGE
AP004609.3	LOW_COVERAGE
AP005120.1	LOW_COVERAGE
AP005121.1	LOW_COVERAGE
AP005131.1	LOW_COVERAGE
AP005131.3	LOW_COVERAGE
AP005131.5	LOW_COVERAGE
AP005131.6	LOW_COVERAGE
AP005131.7	LOW_COVERAGE
AP005136.3	LOW_COVERAGE
AP005230.1	LOW_COVERAGE
AP005233.2	LOW_COVERAGE
AP005262.2	LOW_COVERAGE
AP005271.1	LOW_COVERAGE
AP005328.1	LOW_COVERAGE
AP005329.1	LOW_COVERAGE
AP005329.2	LOW_COVERAGE
AP005329.3	LOW_COVERAGE
AP005432.1	LOW_COVERAGE
AP005482.3	LOW_COVERAGE
AP005717.1	LOW_COVERAGE
AP005717.2	LOW_COVERAGE
AP005899.1	LOW_COVERAGE
AP005901.5	LOW_COVERAGE
AP006216.10	LOW_COVERAGE
AP006222.2	LOW_COVERAGE
AP006248.4	LOW_COVERAGE
AP006261.1	LOW_COVERAGE
AP006284.1	LOW_COVERAGE
AP006285.2	LOW_COVERAGE
AP006287.2	LOW_COVERAGE
AP006333.1	LOW_COVERAGE
AP006545.1	LOW_COVERAGE
AP006545.3	LOW_COVERAGE
AP006564.1	LOW_COVERAGE
AP006621.1	LOW_COVERAGE
AP006621.3	LOW_COVERAGE
AP006621.4	LOW_COVERAGE
AP006621.5	LOW_COVERAGE
AP006621.6	LOW_COVERAGE
AP006621.8	LOW_COVERAGE
AP006621.9	LOW_COVERAGE
AP006623.1	LOW_COVERAGE
AP1AR	RNA_RESISTANCE_CONSENSUS
AP1B1	LOW_EVIDENCE
AP1G1	LOW_EVIDENCE
AP1G2	LOW_EVIDENCE
AP1M1	RNA_RESISTANCE_CONSENSUS
AP1M2	RNA_RESISTANCE_CONSENSUS
AP1S1	LOW_EVIDENCE
AP1S2	LOW_EVIDENCE
AP1S3	RNA_RESISTANCE_CONSENSUS
AP2A1	LOW_EVIDENCE
AP2A2	LOW_EVIDENCE
AP2B1	RNA_RESISTANCE_CONSENSUS
AP2M1	LOW_EVIDENCE
AP2S1	LOW_EVIDENCE
AP3B1	LOW_EVIDENCE
AP3B2	RNA_RESISTANCE_CONSENSUS
AP3D1	LOW_EVIDENCE
AP3M1	LOW_EVIDENCE
AP3M2	LOW_EVIDENCE
AP3S1	RNA_RESISTANCE_CONSENSUS
AP3S2	RNA_RESISTANCE_CONSENSUS
AP4B1	RNA_RESISTANCE_CONSENSUS
AP4B1-AS1	RNA_RESISTANCE_CONSENSUS
AP4E1	LOW_EVIDENCE
AP4M1	RNA_RESISTANCE_CONSENSUS
AP4S1	RNA_RESISTANCE_CONSENSUS
AP5B1	LOW_EVIDENCE
AP5M1	LOW_EVIDENCE
AP5S1	LOW_EVIDENCE
AP5Z1	LOW_EVIDENCE
APAF1	RNA_RESISTANCE_CONSENSUS
APBA1	RNA_RESISTANCE_CONSENSUS
APBA2	RNA_RESISTANCE_CONSENSUS
APBA3	LOW_EVIDENCE
APBB1	LOW_EVIDENCE
APBB1IP	LOW_EVIDENCE
APBB2	LOW_EVIDENCE
APBB3	LOW_EVIDENCE
APC	RNA_RESISTANCE_CONSENSUS
APC2	LOW_EVIDENCE
APCDD1	LOW_EVIDENCE
APCDD1L	LOW_EVIDENCE
APCDD1L-AS1	LOW_COVERAGE
APCDD1L-DT	LOW_COVERAGE
APCS	LOW_COVERAGE
APEH	LOW_EVIDENCE
APELA	LOW_COVERAGE
APEX1	LOW_EVIDENCE
APEX2	LOW_EVIDENCE
APH1A	LOW_EVIDENCE
APH1B	LOW_EVIDENCE
API5	LOW_EVIDENCE
API5P1	LOW_COVERAGE
API5P2	LOW_COVERAGE
APIP	LOW_EVIDENCE
APITD1	LOW_EVIDENCE
APITD1-CORT	LOW_EVIDENCE
APLF	RNA_RESISTANCE_CONSENSUS
APLN	LOW_COVERAGE
APLNR	LOW_COVERAGE
APLP1	LOW_EVIDENCE
APLP2	LOW_EVIDENCE
APMAP	LOW_EVIDENCE
APOA1	RNA_RESISTANCE_CONSENSUS
APOA1-AS	LOW_COVERAGE
APOA1BP	LOW_EVIDENCE
APOA2	LOW_COVERAGE
APOA4	LOW_COVERAGE
APOA5	LOW_COVERAGE
APOB	LOW_COVERAGE
APOBEC1	LOW_COVERAGE
APOBEC2	LOW_EVIDENCE
APOBEC3A	LOW_EVIDENCE
APOBEC3B	LOW_EVIDENCE
APOBEC3B-AS1	LOW_COVERAGE
APOBEC3C	LOW_COVERAGE
APOBEC3D	LOW_COVERAGE
APOBEC3F	HUMAN_TUMOR_SUPPORTED
APOBEC3G	LOW_COVERAGE
APOBEC3H	LOW_EVIDENCE
APOBEC4	LOW_COVERAGE
APOBR	LOW_EVIDENCE
APOC1	LOW_EVIDENCE
APOC2	LOW_COVERAGE
APOC3	LOW_COVERAGE
APOC4	LOW_COVERAGE
APOD	LOW_EVIDENCE
APOE	RNA_RESISTANCE_CONSENSUS
APOF	LOW_COVERAGE
APOH	LOW_COVERAGE
APOL1	RNA_RESISTANCE_CONSENSUS
APOL2	RNA_RESISTANCE_CONSENSUS
APOL3	RNA_RESISTANCE_CONSENSUS
APOL4	LOW_EVIDENCE
APOL5	LOW_COVERAGE
APOL6	RNA_RESISTANCE_CONSENSUS
APOLD1	LOW_EVIDENCE
APOM	RNA_RESISTANCE_CONSENSUS
APOO	LOW_EVIDENCE
APOOL	LOW_EVIDENCE
APOPT1	LOW_EVIDENCE
APP	LOW_EVIDENCE
APPBP2	LOW_EVIDENCE
APPL1	LOW_EVIDENCE
APPL2	LOW_EVIDENCE
APRT	LOW_EVIDENCE
APTR	LOW_EVIDENCE
APTX	RNA_RESISTANCE_CONSENSUS
AQP1	ACUTE_RESPONSE
AQP10	LOW_COVERAGE
AQP11	RNA_RESISTANCE_CONSENSUS
AQP12A	LOW_COVERAGE
AQP12B	LOW_COVERAGE
AQP2	LOW_COVERAGE
AQP3	LOW_EVIDENCE
AQP4	LOW_COVERAGE
AQP4-AS1	LOW_COVERAGE
AQP5	LOW_COVERAGE
AQP6	LOW_COVERAGE
AQP7	LOW_COVERAGE
AQP8	LOW_COVERAGE
AQP9	LOW_COVERAGE
AQR	RNA_RESISTANCE_CONSENSUS
AR	LOW_EVIDENCE
ARAF	LOW_EVIDENCE
ARAP1	LOW_EVIDENCE
ARAP1-AS1	LOW_COVERAGE
ARAP1-AS2	LOW_COVERAGE
ARAP2	RNA_RESISTANCE_CONSENSUS
ARAP3	RNA_RESISTANCE_CONSENSUS
ARC	RNA_RESISTANCE_CONSENSUS
ARCN1	RNA_RESISTANCE_CONSENSUS
AREG	RNA_RESISTANCE_CONSENSUS
AREL1	RNA_RESISTANCE_CONSENSUS
ARF1	RNA_RESISTANCE_CONSENSUS
ARF3	RNA_RESISTANCE_CONSENSUS
ARF4	LOW_EVIDENCE
ARF4-AS1	LOW_EVIDENCE
ARF4P1	LOW_COVERAGE
ARF5	LOW_EVIDENCE
ARF6	LOW_EVIDENCE
ARFGAP1	RNA_RESISTANCE_CONSENSUS
ARFGAP2	LOW_EVIDENCE
ARFGAP3	RNA_RESISTANCE_CONSENSUS
ARFGEF1	LOW_EVIDENCE
ARFGEF2	LOW_EVIDENCE
ARFGEF3	RNA_RESISTANCE_CONSENSUS
ARFIP1	LOW_EVIDENCE
ARFIP2	LOW_EVIDENCE
ARFRP1	LOW_EVIDENCE
ARG1	LOW_EVIDENCE
ARG2	RNA_RESISTANCE_CONSENSUS
ARGFX	LOW_COVERAGE
ARGFXP2	LOW_COVERAGE
ARGLU1	LOW_EVIDENCE
ARHGAP1	RNA_RESISTANCE_CONSENSUS
ARHGAP10	RNA_RESISTANCE_CONSENSUS
ARHGAP11A	LOW_EVIDENCE
ARHGAP11B	LOW_EVIDENCE
ARHGAP12	LOW_EVIDENCE
ARHGAP15	RNA_RESISTANCE_CONSENSUS
ARHGAP17	LOW_EVIDENCE
ARHGAP18	RNA_RESISTANCE_CONSENSUS
ARHGAP19	RNA_RESISTANCE_CONSENSUS
ARHGAP19-SLIT1	LOW_COVERAGE
ARHGAP20	RNA_RESISTANCE_CONSENSUS
ARHGAP21	RNA_RESISTANCE_CONSENSUS
ARHGAP22	LOW_EVIDENCE
ARHGAP23	LOW_EVIDENCE
ARHGAP24	RNA_RESISTANCE_CONSENSUS
ARHGAP25	LOW_COVERAGE
ARHGAP26	RNA_RESISTANCE_CONSENSUS
ARHGAP26-AS1	LOW_COVERAGE
ARHGAP27	RNA_RESISTANCE_CONSENSUS
ARHGAP28	LOW_EVIDENCE
ARHGAP29	LOW_EVIDENCE
ARHGAP29-AS1	LOW_COVERAGE
ARHGAP30	RNA_RESISTANCE_CONSENSUS
ARHGAP31	RNA_RESISTANCE_CONSENSUS
ARHGAP31-AS1	LOW_COVERAGE
ARHGAP32	LOW_EVIDENCE
ARHGAP33	RNA_RESISTANCE_CONSENSUS
ARHGAP35	LOW_EVIDENCE
ARHGAP36	LOW_COVERAGE
ARHGAP39	RNA_RESISTANCE_CONSENSUS
ARHGAP4	RNA_RESISTANCE_CONSENSUS
ARHGAP40	RNA_RESISTANCE_CONSENSUS
ARHGAP42	RNA_RESISTANCE_CONSENSUS
ARHGAP42P1	LOW_COVERAGE
ARHGAP42P2	LOW_COVERAGE
ARHGAP44	RNA_RESISTANCE_CONSENSUS
ARHGAP45	LOW_COVERAGE
ARHGAP5	RNA_RESISTANCE_CONSENSUS
ARHGAP5-AS1	RNA_RESISTANCE_CONSENSUS
ARHGAP6	LOW_EVIDENCE
ARHGAP8	RNA_RESISTANCE_CONSENSUS
ARHGAP9	LOW_COVERAGE
ARHGDIA	LOW_EVIDENCE
ARHGDIB	RNA_RESISTANCE_CONSENSUS
ARHGDIG	RNA_RESISTANCE_CONSENSUS
ARHGEF1	RNA_RESISTANCE_CONSENSUS
ARHGEF10	RNA_RESISTANCE_CONSENSUS
ARHGEF10L	RNA_RESISTANCE_CONSENSUS
ARHGEF11	LOW_EVIDENCE
ARHGEF12	ACUTE_RESPONSE
ARHGEF15	LOW_COVERAGE
ARHGEF16	LOW_EVIDENCE
ARHGEF17	LOW_EVIDENCE
ARHGEF18	RNA_RESISTANCE_CONSENSUS
ARHGEF19	RNA_RESISTANCE_CONSENSUS
ARHGEF19-AS1	LOW_COVERAGE
ARHGEF2	RNA_RESISTANCE_CONSENSUS
ARHGEF25	RNA_RESISTANCE_CONSENSUS
ARHGEF26	RNA_RESISTANCE_CONSENSUS
ARHGEF26-AS1	LOW_EVIDENCE
ARHGEF28	RNA_RESISTANCE_CONSENSUS
ARHGEF3	RNA_RESISTANCE_CONSENSUS
ARHGEF3-AS1	LOW_COVERAGE
ARHGEF33	ACUTE_RESPONSE
ARHGEF34P	LOW_COVERAGE
ARHGEF35	LOW_EVIDENCE
ARHGEF37	RNA_RESISTANCE_CONSENSUS
ARHGEF38	LOW_EVIDENCE
ARHGEF38-IT1	LOW_COVERAGE
ARHGEF39	LOW_EVIDENCE
ARHGEF4	RNA_RESISTANCE_CONSENSUS
ARHGEF40	RNA_RESISTANCE_CONSENSUS
ARHGEF5	LOW_EVIDENCE
ARHGEF6	HUMAN_TUMOR_SUPPORTED
ARHGEF7	LOW_EVIDENCE
ARHGEF9	RNA_RESISTANCE_CONSENSUS
ARID1A	LOW_EVIDENCE
ARID1B	RNA_RESISTANCE_CONSENSUS
ARID2	LOW_EVIDENCE
ARID3A	RNA_RESISTANCE_CONSENSUS
ARID3B	RNA_RESISTANCE_CONSENSUS
ARID3C	LOW_COVERAGE
ARID4A	LOW_EVIDENCE
ARID4B	RNA_RESISTANCE_CONSENSUS
ARID5A	RNA_RESISTANCE_CONSENSUS
ARID5B	RNA_RESISTANCE_CONSENSUS
ARIH1	LOW_EVIDENCE
ARIH2	LOW_EVIDENCE
ARIH2OS	LOW_EVIDENCE
ARL1	LOW_EVIDENCE
ARL10	RNA_RESISTANCE_CONSENSUS
ARL11	RNA_RESISTANCE_CONSENSUS
ARL13A	LOW_COVERAGE
ARL13B	RNA_RESISTANCE_CONSENSUS
ARL14	LOW_EVIDENCE
ARL14EP	LOW_EVIDENCE
ARL14EPL	LOW_COVERAGE
ARL15	RNA_RESISTANCE_CONSENSUS
ARL16	LOW_EVIDENCE
ARL17A	RNA_RESISTANCE_CONSENSUS
ARL17B	LOW_EVIDENCE
ARL2	RNA_RESISTANCE_CONSENSUS
ARL2-SNX15	LOW_COVERAGE
ARL2BP	LOW_EVIDENCE
ARL2BPP10	LOW_COVERAGE
ARL3	RNA_RESISTANCE_CONSENSUS
ARL4A	RNA_RESISTANCE_CONSENSUS
ARL4C	RNA_RESISTANCE_CONSENSUS
ARL4D	RNA_RESISTANCE_CONSENSUS
ARL4P	LOW_COVERAGE
ARL5A	LOW_EVIDENCE
ARL5B	LOW_EVIDENCE
ARL5C	LOW_COVERAGE
ARL6	LOW_EVIDENCE
ARL6IP1	ACUTE_RESPONSE
ARL6IP4	LOW_EVIDENCE
ARL6IP5	RNA_RESISTANCE_CONSENSUS
ARL6IP6	LOW_EVIDENCE
ARL8A	RNA_RESISTANCE_CONSENSUS
ARL8B	LOW_EVIDENCE
ARL9	LOW_EVIDENCE
ARLNC1	LOW_COVERAGE
ARMC1	LOW_EVIDENCE
ARMC10	RNA_RESISTANCE_CONSENSUS
ARMC12	LOW_EVIDENCE
ARMC2	RNA_RESISTANCE_CONSENSUS
ARMC3	LOW_EVIDENCE
ARMC4	LOW_COVERAGE
ARMC4P1	LOW_COVERAGE
ARMC5	RNA_RESISTANCE_CONSENSUS
ARMC6	RNA_RESISTANCE_CONSENSUS
ARMC7	LOW_EVIDENCE
ARMC8	RNA_RESISTANCE_CONSENSUS
ARMC8P1	LOW_COVERAGE
ARMC9	RNA_RESISTANCE_CONSENSUS
ARMCX1	RNA_RESISTANCE_CONSENSUS
ARMCX2	RNA_RESISTANCE_CONSENSUS
ARMCX3	RNA_RESISTANCE_CONSENSUS
ARMCX3-AS1	LOW_COVERAGE
ARMCX4	HUMAN_TUMOR_SUPPORTED
ARMCX5	LOW_EVIDENCE
ARMCX5-GPRASP2	LOW_COVERAGE
ARMCX5-GPRASP2.1	LOW_COVERAGE
ARMCX6	RNA_RESISTANCE_CONSENSUS
ARMCX7P	LOW_COVERAGE
ARMH1	LOW_COVERAGE
ARMH3	LOW_COVERAGE
ARMH4	LOW_COVERAGE
ARMS2	LOW_COVERAGE
ARMT1	RNA_RESISTANCE_CONSENSUS
ARNT	LOW_EVIDENCE
ARNT2	RNA_RESISTANCE_CONSENSUS
ARNTL	LOW_EVIDENCE
ARNTL2	RNA_RESISTANCE_CONSENSUS
ARNTL2-AS1	LOW_COVERAGE
ARPC1A	LOW_EVIDENCE
ARPC1B	LOW_EVIDENCE
ARPC2	RNA_RESISTANCE_CONSENSUS
ARPC3	LOW_EVIDENCE
ARPC3P1	LOW_COVERAGE
ARPC3P2	LOW_COVERAGE
ARPC4	LOW_EVIDENCE
ARPC4-TTLL3	LOW_EVIDENCE
ARPC5	LOW_EVIDENCE
ARPC5L	LOW_EVIDENCE
ARPIN	RNA_RESISTANCE_CONSENSUS
ARPP19	LOW_EVIDENCE
ARPP21	LOW_COVERAGE
ARR3	LOW_COVERAGE
ARRB1	LOW_EVIDENCE
ARRB2	RNA_RESISTANCE_CONSENSUS
ARRDC1	RNA_RESISTANCE_CONSENSUS
ARRDC1-AS1	RNA_RESISTANCE_CONSENSUS
ARRDC2	RNA_RESISTANCE_CONSENSUS
ARRDC3	LOW_EVIDENCE
ARRDC3-AS1	LOW_EVIDENCE
ARRDC4	LOW_EVIDENCE
ARRDC5	LOW_COVERAGE
ARSA	LOW_EVIDENCE
ARSB	RNA_RESISTANCE_CONSENSUS
ARSD	LOW_EVIDENCE
ARSD-AS1	LOW_COVERAGE
ARSE	LOW_COVERAGE
ARSF	LOW_COVERAGE
ARSG	RNA_RESISTANCE_CONSENSUS
ARSH	LOW_COVERAGE
ARSI	LOW_COVERAGE
ARSJ	RNA_RESISTANCE_CONSENSUS
ARSK	LOW_EVIDENCE
ART1	LOW_COVERAGE
ART3	LOW_COVERAGE
ART4	LOW_COVERAGE
ART5	LOW_COVERAGE
ARTN	RNA_RESISTANCE_CONSENSUS
ARV1	RNA_RESISTANCE_CONSENSUS
ARVCF	RNA_RESISTANCE_CONSENSUS
ARX	HUMAN_TUMOR_SUPPORTED
AS3MT	RNA_RESISTANCE_CONSENSUS
ASAH1	RNA_RESISTANCE_CONSENSUS
ASAH2	LOW_EVIDENCE
ASAH2B	LOW_EVIDENCE
ASAP1	RNA_RESISTANCE_CONSENSUS
ASAP1-IT2	LOW_COVERAGE
ASAP2	RNA_RESISTANCE_CONSENSUS
ASAP3	RNA_RESISTANCE_CONSENSUS
ASB1	RNA_RESISTANCE_CONSENSUS
ASB10	LOW_COVERAGE
ASB11	LOW_COVERAGE
ASB12	LOW_COVERAGE
ASB13	RNA_RESISTANCE_CONSENSUS
ASB14	LOW_EVIDENCE
ASB15	LOW_COVERAGE
ASB16	LOW_EVIDENCE
ASB16-AS1	RNA_RESISTANCE_CONSENSUS
ASB17	LOW_COVERAGE
ASB18	LOW_COVERAGE
ASB2	LOW_COVERAGE
ASB3	LOW_EVIDENCE
ASB4	LOW_COVERAGE
ASB5	LOW_COVERAGE
ASB6	LOW_EVIDENCE
ASB7	RNA_RESISTANCE_CONSENSUS
ASB8	LOW_EVIDENCE
ASB9	RNA_RESISTANCE_CONSENSUS
ASCC1	LOW_EVIDENCE
ASCC2	RNA_RESISTANCE_CONSENSUS
ASCC3	RNA_RESISTANCE_CONSENSUS
ASCL1	LOW_EVIDENCE
ASCL2	RNA_RESISTANCE_CONSENSUS
ASCL3	LOW_COVERAGE
ASCL4	LOW_COVERAGE
ASCL5	RNA_RESISTANCE_CONSENSUS
ASF1A	RNA_RESISTANCE_CONSENSUS
ASF1B	RNA_RESISTANCE_CONSENSUS
ASGR1	RNA_RESISTANCE_CONSENSUS
ASGR2	LOW_COVERAGE
ASH1L	LOW_EVIDENCE
ASH1L-AS1	LOW_EVIDENCE
ASH1L-IT1	LOW_COVERAGE
ASH2L	LOW_EVIDENCE
ASIC1	RNA_RESISTANCE_CONSENSUS
ASIC2	RNA_RESISTANCE_CONSENSUS
ASIC3	LOW_EVIDENCE
ASIC4	LOW_EVIDENCE
ASIC5	LOW_COVERAGE
ASIP	LOW_EVIDENCE
ASL	LOW_EVIDENCE
ASMT	LOW_COVERAGE
ASMTL	LOW_EVIDENCE
ASMTL-AS1	LOW_EVIDENCE
ASNA1	RNA_RESISTANCE_CONSENSUS
ASNS	RNA_RESISTANCE_CONSENSUS
ASNSD1	LOW_EVIDENCE
ASNSP1	LOW_COVERAGE
ASNSP3	LOW_COVERAGE
ASPA	LOW_COVERAGE
ASPDH	LOW_COVERAGE
ASPG	LOW_COVERAGE
ASPH	RNA_RESISTANCE_CONSENSUS
ASPHD1	LOW_EVIDENCE
ASPHD2	RNA_RESISTANCE_CONSENSUS
ASPM	LOW_EVIDENCE
ASPN	RNA_RESISTANCE_CONSENSUS
ASPRV1	LOW_COVERAGE
ASPSCR1	LOW_EVIDENCE
ASRGL1	LOW_EVIDENCE
ASS1	RNA_RESISTANCE_CONSENSUS
ASS1P12	LOW_COVERAGE
ASTE1	RNA_RESISTANCE_CONSENSUS
ASTL	LOW_COVERAGE
ASTN1	LOW_COVERAGE
ASTN2	LOW_EVIDENCE
ASTN2-AS1	LOW_COVERAGE
ASUN	LOW_EVIDENCE
ASXL1	LOW_EVIDENCE
ASXL2	LOW_EVIDENCE
ASXL3	LOW_EVIDENCE
ASZ1	LOW_COVERAGE
ATAD1	LOW_EVIDENCE
ATAD2	RNA_RESISTANCE_CONSENSUS
ATAD2B	RNA_RESISTANCE_CONSENSUS
ATAD3A	LOW_EVIDENCE
ATAD3B	LOW_EVIDENCE
ATAD3C	RNA_RESISTANCE_CONSENSUS
ATAD5	LOW_EVIDENCE
ATAT1	RNA_RESISTANCE_CONSENSUS
ATCAY	LOW_COVERAGE
ATE1	RNA_RESISTANCE_CONSENSUS
ATE1-AS1	LOW_COVERAGE
ATF1	LOW_EVIDENCE
ATF2	LOW_EVIDENCE
ATF3	RNA_RESISTANCE_CONSENSUS
ATF4	RNA_RESISTANCE_CONSENSUS
ATF4P3	LOW_COVERAGE
ATF4P4	LOW_COVERAGE
ATF5	RNA_RESISTANCE_CONSENSUS
ATF6	LOW_EVIDENCE
ATF6B	LOW_EVIDENCE
ATF7	LOW_EVIDENCE
ATF7IP	LOW_EVIDENCE
ATF7IP2	RNA_RESISTANCE_CONSENSUS
ATG10	LOW_EVIDENCE
ATG10-AS1	LOW_COVERAGE
ATG101	LOW_EVIDENCE
ATG12	LOW_EVIDENCE
ATG12P2	LOW_COVERAGE
ATG13	LOW_EVIDENCE
ATG14	RNA_RESISTANCE_CONSENSUS
ATG16L1	RNA_RESISTANCE_CONSENSUS
ATG16L2	RNA_RESISTANCE_CONSENSUS
ATG2A	RNA_RESISTANCE_CONSENSUS
ATG2B	LOW_EVIDENCE
ATG3	LOW_EVIDENCE
ATG4A	LOW_EVIDENCE
ATG4B	RNA_RESISTANCE_CONSENSUS
ATG4C	LOW_EVIDENCE
ATG4D	LOW_EVIDENCE
ATG5	LOW_EVIDENCE
ATG7	LOW_EVIDENCE
ATG9A	LOW_EVIDENCE
ATG9B	LOW_EVIDENCE
ATHL1	LOW_EVIDENCE
ATIC	LOW_EVIDENCE
ATL1	LOW_EVIDENCE
ATL2	LOW_EVIDENCE
ATL3	RNA_RESISTANCE_CONSENSUS
ATM	LOW_EVIDENCE
ATMIN	LOW_EVIDENCE
ATN1	LOW_EVIDENCE
ATOH1	LOW_COVERAGE
ATOH7	LOW_COVERAGE
ATOH8	LOW_EVIDENCE
ATOX1	RNA_RESISTANCE_CONSENSUS
ATP10A	LOW_EVIDENCE
ATP10B	LOW_COVERAGE
ATP10D	LOW_EVIDENCE
ATP11A	RNA_RESISTANCE_CONSENSUS
ATP11A-AS1	LOW_COVERAGE
ATP11AUN	LOW_COVERAGE
ATP11B	RNA_RESISTANCE_CONSENSUS
ATP11C	RNA_RESISTANCE_CONSENSUS
ATP12A	LOW_COVERAGE
ATP13A1	LOW_EVIDENCE
ATP13A2	LOW_EVIDENCE
ATP13A3	RNA_RESISTANCE_CONSENSUS
ATP13A4	LOW_EVIDENCE
ATP13A4-AS1	LOW_COVERAGE
ATP13A5	RNA_RESISTANCE_CONSENSUS
ATP13A5-AS1	LOW_COVERAGE
ATP1A1	LOW_EVIDENCE
ATP1A1-AS1	RNA_RESISTANCE_CONSENSUS
ATP1A2	LOW_COVERAGE
ATP1A3	LOW_EVIDENCE
ATP1A4	LOW_EVIDENCE
ATP1B1	RNA_RESISTANCE_CONSENSUS
ATP1B1P1	LOW_COVERAGE
ATP1B2	LOW_COVERAGE
ATP1B3	RNA_RESISTANCE_CONSENSUS
ATP1B3-AS1	LOW_COVERAGE
ATP1B4	LOW_COVERAGE
ATP23	LOW_COVERAGE
ATP2A1	LOW_EVIDENCE
ATP2A1-AS1	LOW_EVIDENCE
ATP2A2	LOW_EVIDENCE
ATP2A3	RNA_RESISTANCE_CONSENSUS
ATP2B1	RNA_RESISTANCE_CONSENSUS
ATP2B1-AS1	LOW_COVERAGE
ATP2B2	LOW_COVERAGE
ATP2B3	LOW_COVERAGE
ATP2B4	RNA_RESISTANCE_CONSENSUS
ATP2C1	LOW_EVIDENCE
ATP2C2	LOW_EVIDENCE
ATP2C2-AS1	LOW_COVERAGE
ATP4A	LOW_COVERAGE
ATP4B	LOW_COVERAGE
ATP5A1	LOW_EVIDENCE
ATP5A1P3	LOW_COVERAGE
ATP5B	LOW_EVIDENCE
ATP5C1	RNA_RESISTANCE_CONSENSUS
ATP5C1P1	LOW_COVERAGE
ATP5D	LOW_EVIDENCE
ATP5E	LOW_EVIDENCE
ATP5EP2	LOW_COVERAGE
ATP5F1	LOW_EVIDENCE
ATP5F1A	LOW_COVERAGE
ATP5F1B	LOW_COVERAGE
ATP5F1C	LOW_COVERAGE
ATP5F1D	LOW_COVERAGE
ATP5F1E	LOW_COVERAGE
ATP5F1P1	LOW_COVERAGE
ATP5F1P5	LOW_COVERAGE
ATP5G1	LOW_EVIDENCE
ATP5G1P4	LOW_COVERAGE
ATP5G2	LOW_EVIDENCE
ATP5G3	RNA_RESISTANCE_CONSENSUS
ATP5H	LOW_EVIDENCE
ATP5HP4	LOW_COVERAGE
ATP5I	LOW_EVIDENCE
ATP5IF1	LOW_COVERAGE
ATP5J	LOW_EVIDENCE
ATP5J2	LOW_EVIDENCE
ATP5J2-PTCD1	LOW_EVIDENCE
ATP5L	LOW_EVIDENCE
ATP5L2	LOW_COVERAGE
ATP5MC1	LOW_COVERAGE
ATP5MC2	LOW_COVERAGE
ATP5MC3	LOW_COVERAGE
ATP5MD	LOW_COVERAGE
ATP5ME	LOW_COVERAGE
ATP5MF	LOW_COVERAGE
ATP5MF-PTCD1	LOW_COVERAGE
ATP5MG	LOW_COVERAGE
ATP5MGL	LOW_COVERAGE
ATP5MPL	LOW_COVERAGE
ATP5O	LOW_EVIDENCE
ATP5PB	LOW_COVERAGE
ATP5PD	LOW_COVERAGE
ATP5PF	LOW_COVERAGE
ATP5PO	LOW_COVERAGE
ATP5S	RNA_RESISTANCE_CONSENSUS
ATP5SL	LOW_EVIDENCE
ATP6AP1	LOW_EVIDENCE
ATP6AP1L	LOW_EVIDENCE
ATP6AP2	LOW_EVIDENCE
ATP6V0A1	RNA_RESISTANCE_CONSENSUS
ATP6V0A2	LOW_EVIDENCE
ATP6V0A4	LOW_EVIDENCE
ATP6V0B	LOW_EVIDENCE
ATP6V0C	RNA_RESISTANCE_CONSENSUS
ATP6V0D1	LOW_EVIDENCE
ATP6V0D2	LOW_COVERAGE
ATP6V0E1	LOW_EVIDENCE
ATP6V0E1P1	LOW_COVERAGE
ATP6V0E2	LOW_EVIDENCE
ATP6V0E2-AS1	LOW_EVIDENCE
ATP6V1A	LOW_EVIDENCE
ATP6V1B1	RNA_RESISTANCE_CONSENSUS
ATP6V1B1-AS1	LOW_COVERAGE
ATP6V1B2	RNA_RESISTANCE_CONSENSUS
ATP6V1C1	LOW_EVIDENCE
ATP6V1C2	RNA_RESISTANCE_CONSENSUS
ATP6V1D	RNA_RESISTANCE_CONSENSUS
ATP6V1E1	RNA_RESISTANCE_CONSENSUS
ATP6V1E1P1	LOW_COVERAGE
ATP6V1E2	RNA_RESISTANCE_CONSENSUS
ATP6V1F	LOW_EVIDENCE
ATP6V1FNB	LOW_COVERAGE
ATP6V1G1	LOW_EVIDENCE
ATP6V1G1P4	LOW_COVERAGE
ATP6V1G2	RNA_RESISTANCE_CONSENSUS
ATP6V1G2-DDX39B	LOW_COVERAGE
ATP6V1G3	LOW_COVERAGE
ATP6V1H	LOW_EVIDENCE
ATP7A	RNA_RESISTANCE_CONSENSUS
ATP7B	LOW_EVIDENCE
ATP8A1	RNA_RESISTANCE_CONSENSUS
ATP8A2	RNA_RESISTANCE_CONSENSUS
ATP8A2P1	LOW_COVERAGE
ATP8A2P2	LOW_COVERAGE
ATP8B1	LOW_EVIDENCE
ATP8B2	RNA_RESISTANCE_CONSENSUS
ATP8B3	RNA_RESISTANCE_CONSENSUS
ATP8B4	RNA_RESISTANCE_CONSENSUS
ATP8B5P	LOW_COVERAGE
ATP9A	RNA_RESISTANCE_CONSENSUS
ATP9B	RNA_RESISTANCE_CONSENSUS
ATPAF1	RNA_RESISTANCE_CONSENSUS
ATPAF2	LOW_EVIDENCE
ATPIF1	LOW_EVIDENCE
ATPSCKMT	LOW_COVERAGE
ATR	LOW_EVIDENCE
ATRAID	LOW_EVIDENCE
ATRIP	ACUTE_RESPONSE
ATRN	LOW_EVIDENCE
ATRNL1	HUMAN_TUMOR_SUPPORTED
ATRX	LOW_EVIDENCE
ATXN1	RNA_RESISTANCE_CONSENSUS
ATXN10	LOW_EVIDENCE
ATXN1L	LOW_EVIDENCE
ATXN2	LOW_EVIDENCE
ATXN2-AS	LOW_COVERAGE
ATXN2L	LOW_EVIDENCE
ATXN3	LOW_EVIDENCE
ATXN3L	LOW_COVERAGE
ATXN7	LOW_EVIDENCE
ATXN7.1	LOW_COVERAGE
ATXN7L1	RNA_RESISTANCE_CONSENSUS
ATXN7L2	LOW_EVIDENCE
ATXN7L3	LOW_EVIDENCE
ATXN7L3B	LOW_EVIDENCE
AUH	LOW_EVIDENCE
AUNIP	LOW_EVIDENCE
AUP1	RNA_RESISTANCE_CONSENSUS
AURKA	RNA_RESISTANCE_CONSENSUS
AURKAIP1	LOW_EVIDENCE
AURKAPS1	LOW_COVERAGE
AURKB	RNA_RESISTANCE_CONSENSUS
AURKC	LOW_EVIDENCE
AUTS2	RNA_RESISTANCE_CONSENSUS
AUXG01000058.1	LOW_COVERAGE
AVEN	LOW_EVIDENCE
AVIL	RNA_RESISTANCE_CONSENSUS
AVL9	LOW_EVIDENCE
AVP	LOW_COVERAGE
AVPI1	RNA_RESISTANCE_CONSENSUS
AVPR1A	LOW_COVERAGE
AVPR1B	LOW_COVERAGE
AVPR2	LOW_COVERAGE
AWAT1	LOW_COVERAGE
AWAT2	LOW_COVERAGE
AXDND1	LOW_EVIDENCE
AXIN1	LOW_EVIDENCE
AXIN2	RNA_RESISTANCE_CONSENSUS
AXL	LOW_EVIDENCE
AZGP1	LOW_EVIDENCE
AZGP1P1	LOW_COVERAGE
AZI2	LOW_EVIDENCE
AZIN1	LOW_EVIDENCE
AZIN1-AS1	LOW_EVIDENCE
AZIN2	LOW_EVIDENCE
AZU1	LOW_COVERAGE
B2M	RNA_RESISTANCE_CONSENSUS
B3GALNT1	RNA_RESISTANCE_CONSENSUS
B3GALNT1P1	LOW_COVERAGE
B3GALNT2	RNA_RESISTANCE_CONSENSUS
B3GALT1	RNA_RESISTANCE_CONSENSUS
B3GALT2	LOW_COVERAGE
B3GALT4	LOW_EVIDENCE
B3GALT5	HUMAN_TUMOR_SUPPORTED
B3GALT5-AS1	HUMAN_TUMOR_SUPPORTED
B3GALT6	LOW_EVIDENCE
B3GALTL	LOW_COVERAGE
B3GAT1	LOW_EVIDENCE
B3GAT2	LOW_EVIDENCE
B3GAT3	LOW_EVIDENCE
B3GLCT	LOW_EVIDENCE
B3GNT1	LOW_COVERAGE
B3GNT10	LOW_COVERAGE
B3GNT2	RNA_RESISTANCE_CONSENSUS
B3GNT3	RNA_RESISTANCE_CONSENSUS
B3GNT4	LOW_EVIDENCE
B3GNT5	HUMAN_TUMOR_SUPPORTED
B3GNT6	LOW_COVERAGE
B3GNT7	LOW_EVIDENCE
B3GNT8	RNA_RESISTANCE_CONSENSUS
B3GNT9	RNA_RESISTANCE_CONSENSUS
B3GNTL1	LOW_EVIDENCE
B4GALNT1	RNA_RESISTANCE_CONSENSUS
B4GALNT2	RNA_RESISTANCE_CONSENSUS
B4GALNT3	RNA_RESISTANCE_CONSENSUS
B4GALNT4	RNA_RESISTANCE_CONSENSUS
B4GALT1	RNA_RESISTANCE_CONSENSUS
B4GALT1-AS1	LOW_EVIDENCE
B4GALT2	LOW_EVIDENCE
B4GALT3	LOW_EVIDENCE
B4GALT4	RNA_RESISTANCE_CONSENSUS
B4GALT4-AS1	LOW_COVERAGE
B4GALT5	RNA_RESISTANCE_CONSENSUS
B4GALT6	LOW_EVIDENCE
B4GALT7	LOW_EVIDENCE
B4GAT1	LOW_EVIDENCE
B9D1	RNA_RESISTANCE_CONSENSUS
B9D2	RNA_RESISTANCE_CONSENSUS
BAALC	LOW_EVIDENCE
BAALC-AS1	RNA_RESISTANCE_CONSENSUS
BAAT	LOW_EVIDENCE
BABAM1	LOW_EVIDENCE
BABAM2	LOW_COVERAGE
BACE1	RNA_RESISTANCE_CONSENSUS
BACE1-AS	LOW_EVIDENCE
BACE2	RNA_RESISTANCE_CONSENSUS
BACE2-IT1	LOW_COVERAGE
BACH1	RNA_RESISTANCE_CONSENSUS
BACH1-AS1	RNA_RESISTANCE_CONSENSUS
BACH1-IT1	LOW_COVERAGE
BACH1-IT2	LOW_COVERAGE
BACH1-IT3	LOW_COVERAGE
BACH2	HUMAN_TUMOR_SUPPORTED
BAD	LOW_EVIDENCE
BAG1	LOW_EVIDENCE
BAG2	RNA_RESISTANCE_CONSENSUS
BAG3	RNA_RESISTANCE_CONSENSUS
BAG4	RNA_RESISTANCE_CONSENSUS
BAG5	LOW_EVIDENCE
BAG6	RNA_RESISTANCE_CONSENSUS
BAGE2	LOW_EVIDENCE
BAHCC1	LOW_EVIDENCE
BAHD1	LOW_EVIDENCE
BAI1	LOW_COVERAGE
BAI2	LOW_COVERAGE
BAIAP2	RNA_RESISTANCE_CONSENSUS
BAIAP2-AS1	LOW_COVERAGE
BAIAP2-DT	LOW_COVERAGE
BAIAP2L1	RNA_RESISTANCE_CONSENSUS
BAIAP2L2	LOW_EVIDENCE
BAIAP3	RNA_RESISTANCE_CONSENSUS
BAK1	LOW_EVIDENCE
BAMBI	LOW_EVIDENCE
BANF1	LOW_EVIDENCE
BANF2	LOW_COVERAGE
BANK1	RNA_RESISTANCE_CONSENSUS
BANP	LOW_EVIDENCE
BAP1	LOW_EVIDENCE
BARD1	RNA_RESISTANCE_CONSENSUS
BARHL1	LOW_COVERAGE
BARHL2	LOW_COVERAGE
BARX1	LOW_COVERAGE
BARX2	RNA_RESISTANCE_CONSENSUS
BASP1	ACUTE_RESPONSE
BASP1-AS1	LOW_COVERAGE
BATF	RNA_RESISTANCE_CONSENSUS
BATF2	LOW_COVERAGE
BATF3	RNA_RESISTANCE_CONSENSUS
BAX	LOW_EVIDENCE
BAZ1A	RNA_RESISTANCE_CONSENSUS
BAZ1B	LOW_EVIDENCE
BAZ2A	RNA_RESISTANCE_CONSENSUS
BAZ2B	LOW_EVIDENCE
BBC3	ACUTE_RESPONSE
BBIP1	LOW_EVIDENCE
BBOF1	LOW_COVERAGE
BBOX1	LOW_EVIDENCE
BBOX1-AS1	HUMAN_TUMOR_SUPPORTED
BBS1	LOW_EVIDENCE
BBS10	LOW_EVIDENCE
BBS12	LOW_EVIDENCE
BBS2	LOW_EVIDENCE
BBS4	LOW_EVIDENCE
BBS5	LOW_EVIDENCE
BBS7	LOW_EVIDENCE
BBS9	LOW_EVIDENCE
BBX	LOW_EVIDENCE
BCAM	LOW_EVIDENCE
BCAN	LOW_COVERAGE
BCAP29	RNA_RESISTANCE_CONSENSUS
BCAP31	LOW_EVIDENCE
BCAR1	RNA_RESISTANCE_CONSENSUS
BCAR3	RNA_RESISTANCE_CONSENSUS
BCAR4	LOW_COVERAGE
BCAS1	RNA_RESISTANCE_CONSENSUS
BCAS2	LOW_EVIDENCE
BCAS2P2	LOW_COVERAGE
BCAS3	RNA_RESISTANCE_CONSENSUS
BCAS4	RNA_RESISTANCE_CONSENSUS
BCAT1	LOW_COVERAGE
BCAT2	RNA_RESISTANCE_CONSENSUS
BCCIP	LOW_EVIDENCE
BCDIN3D	LOW_EVIDENCE
BCDIN3D-AS1	LOW_EVIDENCE
BCHE	LOW_COVERAGE
BCKDHA	RNA_RESISTANCE_CONSENSUS
BCKDHB	RNA_RESISTANCE_CONSENSUS
BCKDK	LOW_EVIDENCE
BCL10	RNA_RESISTANCE_CONSENSUS
BCL11A	RNA_RESISTANCE_CONSENSUS
BCL11B	RNA_RESISTANCE_CONSENSUS
BCL2	RNA_RESISTANCE_CONSENSUS
BCL2A1	LOW_COVERAGE
BCL2L1	RNA_RESISTANCE_CONSENSUS
BCL2L10	LOW_COVERAGE
BCL2L11	LOW_EVIDENCE
BCL2L12	LOW_EVIDENCE
BCL2L13	RNA_RESISTANCE_CONSENSUS
BCL2L14	ACUTE_RESPONSE
BCL2L15	LOW_EVIDENCE
BCL2L2	LOW_EVIDENCE
BCL2L2-PABPN1	LOW_EVIDENCE
BCL3	LOW_EVIDENCE
BCL6	LOW_EVIDENCE
BCL6B	LOW_COVERAGE
BCL7A	LOW_EVIDENCE
BCL7B	LOW_EVIDENCE
BCL7C	LOW_EVIDENCE
BCL9	RNA_RESISTANCE_CONSENSUS
BCL9L	LOW_EVIDENCE
BCL9P1	LOW_COVERAGE
BCLAF1	LOW_EVIDENCE
BCLAF1P1	LOW_COVERAGE
BCLAF1P2	LOW_COVERAGE
BCLAF3	LOW_COVERAGE
BCO1	LOW_EVIDENCE
BCO2	LOW_EVIDENCE
BCOR	RNA_RESISTANCE_CONSENSUS
BCORL1	RNA_RESISTANCE_CONSENSUS
BCR	RNA_RESISTANCE_CONSENSUS
BCRP2	LOW_COVERAGE
BCRP3	LOW_COVERAGE
BCS1L	LOW_EVIDENCE
BCYRN1	LOW_COVERAGE
BDH1	RNA_RESISTANCE_CONSENSUS
BDH2	RNA_RESISTANCE_CONSENSUS
BDKRB1	LOW_EVIDENCE
BDKRB2	RNA_RESISTANCE_CONSENSUS
BDNF	LOW_COVERAGE
BDNF-AS	LOW_EVIDENCE
BDP1	LOW_EVIDENCE
BEAN1	RNA_RESISTANCE_CONSENSUS
BECN1	LOW_EVIDENCE
BECN2	LOW_COVERAGE
BEGAIN	RNA_RESISTANCE_CONSENSUS
BEND2	LOW_COVERAGE
BEND3	LOW_EVIDENCE
BEND3P1	LOW_COVERAGE
BEND3P3	LOW_COVERAGE
BEND4	LOW_COVERAGE
BEND5	LOW_EVIDENCE
BEND6	LOW_EVIDENCE
BEND7	RNA_RESISTANCE_CONSENSUS
BEND7P1	LOW_COVERAGE
BEST1	LOW_EVIDENCE
BEST2	LOW_COVERAGE
BEST3	LOW_EVIDENCE
BEST4	LOW_COVERAGE
BET1	ACUTE_RESPONSE
BET1L	RNA_RESISTANCE_CONSENSUS
BEX1	LOW_COVERAGE
BEX2	RNA_RESISTANCE_CONSENSUS
BEX3	LOW_COVERAGE
BEX4	RNA_RESISTANCE_CONSENSUS
BEX5	ACUTE_RESPONSE
BFAR	LOW_EVIDENCE
BFSP1	RNA_RESISTANCE_CONSENSUS
BFSP2	RNA_RESISTANCE_CONSENSUS
BFSP2-AS1	LOW_COVERAGE
BGLAP	LOW_EVIDENCE
BGN	RNA_RESISTANCE_CONSENSUS
BHLHA15	ACUTE_RESPONSE
BHLHA9	LOW_COVERAGE
BHLHB9	LOW_EVIDENCE
BHLHE22	LOW_COVERAGE
BHLHE23	LOW_COVERAGE
BHLHE40	RNA_RESISTANCE_CONSENSUS
BHLHE40-AS1	LOW_EVIDENCE
BHLHE41	LOW_EVIDENCE
BHMT	LOW_COVERAGE
BHMT2	LOW_EVIDENCE
BICC1	LOW_COVERAGE
BICD1	LOW_EVIDENCE
BICD2	LOW_EVIDENCE
BICDL1	LOW_COVERAGE
BICDL2	LOW_COVERAGE
BICRA	LOW_COVERAGE
BICRA-AS1	LOW_COVERAGE
BICRAL	LOW_COVERAGE
BID	RNA_RESISTANCE_CONSENSUS
BIK	RNA_RESISTANCE_CONSENSUS
BIN1	RNA_RESISTANCE_CONSENSUS
BIN2	LOW_EVIDENCE
BIN3	RNA_RESISTANCE_CONSENSUS
BIRC2	LOW_EVIDENCE
BIRC3	LOW_EVIDENCE
BIRC5	RNA_RESISTANCE_CONSENSUS
BIRC6	RNA_RESISTANCE_CONSENSUS
BIRC6-AS1	LOW_COVERAGE
BIRC6-AS2	LOW_COVERAGE
BIRC7	LOW_COVERAGE
BIRC8	LOW_COVERAGE
BISPR	LOW_COVERAGE
BIVM	LOW_EVIDENCE
BIVM-ERCC5	LOW_EVIDENCE
BLACAT1	LOW_COVERAGE
BLCAP	LOW_EVIDENCE
BLID	LOW_COVERAGE
BLK	LOW_COVERAGE
BLM	LOW_EVIDENCE
BLMH	LOW_EVIDENCE
BLNK	LOW_EVIDENCE
BLOC1S1	LOW_EVIDENCE
BLOC1S2	LOW_EVIDENCE
BLOC1S3	ACUTE_RESPONSE
BLOC1S4	RNA_RESISTANCE_CONSENSUS
BLOC1S5	LOW_EVIDENCE
BLOC1S5-TXNDC5	LOW_COVERAGE
BLOC1S6	LOW_EVIDENCE
BLVRA	LOW_EVIDENCE
BLVRB	RNA_RESISTANCE_CONSENSUS
BLZF1	RNA_RESISTANCE_CONSENSUS
BLZF2P	LOW_COVERAGE
BMERB1	LOW_COVERAGE
BMF	RNA_RESISTANCE_CONSENSUS
BMI1	LOW_EVIDENCE
BMP1	RNA_RESISTANCE_CONSENSUS
BMP10	LOW_COVERAGE
BMP15	LOW_COVERAGE
BMP2	RNA_RESISTANCE_CONSENSUS
BMP2K	RNA_RESISTANCE_CONSENSUS
BMP2KL	LOW_COVERAGE
BMP3	LOW_COVERAGE
BMP4	LOW_EVIDENCE
BMP5	LOW_EVIDENCE
BMP6	RNA_RESISTANCE_CONSENSUS
BMP7	RNA_RESISTANCE_CONSENSUS
BMP7-AS1	LOW_COVERAGE
BMP8A	RNA_RESISTANCE_CONSENSUS
BMP8B	RNA_RESISTANCE_CONSENSUS
BMPER	RNA_RESISTANCE_CONSENSUS
BMPR1A	RNA_RESISTANCE_CONSENSUS
BMPR1APS1	LOW_COVERAGE
BMPR1APS2	LOW_COVERAGE
BMPR1B	RNA_RESISTANCE_CONSENSUS
BMPR1B-AS1	LOW_COVERAGE
BMPR1B-DT	LOW_COVERAGE
BMPR2	RNA_RESISTANCE_CONSENSUS
BMS1	LOW_EVIDENCE
BMS1P1	LOW_COVERAGE
BMS1P10	LOW_COVERAGE
BMS1P14	LOW_COVERAGE
BMS1P17	LOW_COVERAGE
BMS1P2	LOW_COVERAGE
BMS1P20	LOW_COVERAGE
BMS1P22	LOW_COVERAGE
BMS1P3	LOW_COVERAGE
BMS1P4	LOW_COVERAGE
BMS1P7	LOW_COVERAGE
BMT2	LOW_COVERAGE
BMX	LOW_COVERAGE
BNC1	LOW_EVIDENCE
BNC2	ACUTE_RESPONSE
BNIP1	LOW_EVIDENCE
BNIP2	LOW_EVIDENCE
BNIP3	RNA_RESISTANCE_CONSENSUS
BNIP3L	RNA_RESISTANCE_CONSENSUS
BNIP3P1	LOW_COVERAGE
BNIP3P10	LOW_COVERAGE
BNIP3P11	LOW_COVERAGE
BNIP3P16	LOW_COVERAGE
BNIP3P17	LOW_COVERAGE
BNIP3P24	LOW_COVERAGE
BNIP3P25	LOW_COVERAGE
BNIP3P26	LOW_COVERAGE
BNIP3P27	LOW_COVERAGE
BNIP3P30	LOW_COVERAGE
BNIP3P37	LOW_COVERAGE
BNIP3P38	LOW_COVERAGE
BNIP3P39	LOW_COVERAGE
BNIP3P40	LOW_COVERAGE
BNIP3P42	LOW_COVERAGE
BNIP3P5	LOW_COVERAGE
BNIP3P8	LOW_COVERAGE
BNIPL	LOW_EVIDENCE
BOC	RNA_RESISTANCE_CONSENSUS
BOD1	RNA_RESISTANCE_CONSENSUS
BOD1L1	RNA_RESISTANCE_CONSENSUS
BOD1L2	LOW_COVERAGE
BOK	RNA_RESISTANCE_CONSENSUS
BOK-AS1	LOW_COVERAGE
BOLA1	RNA_RESISTANCE_CONSENSUS
BOLA2	LOW_EVIDENCE
BOLA2-SMG1P6	LOW_COVERAGE
BOLA2B	LOW_EVIDENCE
BOLA2P2	LOW_COVERAGE
BOLA3	LOW_EVIDENCE
BOLA3-AS1	RNA_RESISTANCE_CONSENSUS
BOLL	LOW_EVIDENCE
BOP1	LOW_EVIDENCE
BORA	LOW_EVIDENCE
BORCS5	LOW_COVERAGE
BORCS6	LOW_COVERAGE
BORCS7	LOW_COVERAGE
BORCS8	LOW_COVERAGE
BPGM	LOW_EVIDENCE
BPHL	LOW_EVIDENCE
BPI	LOW_COVERAGE
BPIFA1	LOW_COVERAGE
BPIFA2	LOW_EVIDENCE
BPIFA3	LOW_COVERAGE
BPIFA4P	LOW_COVERAGE
BPIFB1	RNA_RESISTANCE_CONSENSUS
BPIFB2	LOW_EVIDENCE
BPIFB3	LOW_COVERAGE
BPIFB4	LOW_COVERAGE
BPIFB6	LOW_COVERAGE
BPIFB9P	LOW_COVERAGE
BPIFC	LOW_COVERAGE
BPNT1	LOW_EVIDENCE
BPTF	LOW_EVIDENCE
BPY2	LOW_COVERAGE
BPY2B	LOW_COVERAGE
BPY2C	LOW_COVERAGE
BRAF	LOW_EVIDENCE
BRAP	LOW_EVIDENCE
BRAT1	LOW_EVIDENCE
BRCA1	LOW_EVIDENCE
BRCA2	LOW_EVIDENCE
BRCC3	LOW_EVIDENCE
BRCC3P1	LOW_COVERAGE
BRD1	LOW_EVIDENCE
BRD2	LOW_EVIDENCE
BRD2-IT1	LOW_COVERAGE
BRD3	LOW_EVIDENCE
BRD3OS	LOW_COVERAGE
BRD4	LOW_EVIDENCE
BRD7	LOW_EVIDENCE
BRD7P2	LOW_COVERAGE
BRD7P4	LOW_COVERAGE
BRD8	LOW_EVIDENCE
BRD9	LOW_EVIDENCE
BRD9P2	LOW_COVERAGE
BRDT	LOW_EVIDENCE
BRE	LOW_EVIDENCE
BREA2	LOW_COVERAGE
BRF1	LOW_EVIDENCE
BRF2	LOW_EVIDENCE
BRI3	RNA_RESISTANCE_CONSENSUS
BRI3BP	RNA_RESISTANCE_CONSENSUS
BRICD5	LOW_EVIDENCE
BRINP1	LOW_EVIDENCE
BRINP2	RNA_RESISTANCE_CONSENSUS
BRINP3	RNA_RESISTANCE_CONSENSUS
BRIP1	ACUTE_RESPONSE
BRIX1	LOW_EVIDENCE
BRK1	LOW_EVIDENCE
BRMS1	LOW_EVIDENCE
BRMS1L	RNA_RESISTANCE_CONSENSUS
BROX	RNA_RESISTANCE_CONSENSUS
BRPF1	LOW_EVIDENCE
BRPF3	LOW_EVIDENCE
BRS3	LOW_COVERAGE
BRSK1	RNA_RESISTANCE_CONSENSUS
BRSK2	RNA_RESISTANCE_CONSENSUS
BRWD1	LOW_EVIDENCE
BRWD1-AS1	LOW_COVERAGE
BRWD1-AS2	LOW_EVIDENCE
BRWD1-IT1	LOW_COVERAGE
BRWD1P2	LOW_COVERAGE
BRWD3	RNA_RESISTANCE_CONSENSUS
BSCL2	RNA_RESISTANCE_CONSENSUS
BSDC1	LOW_EVIDENCE
BSG	LOW_EVIDENCE
BSN	HUMAN_TUMOR_SUPPORTED
BSN-DT	LOW_COVERAGE
BSND	LOW_COVERAGE
BSPH1	LOW_COVERAGE
BSPRY	LOW_EVIDENCE
BST1	LOW_EVIDENCE
BST2	RNA_RESISTANCE_CONSENSUS
BSX	LOW_COVERAGE
BTAF1	LOW_EVIDENCE
BTBD1	LOW_EVIDENCE
BTBD10	LOW_EVIDENCE
BTBD10P2	LOW_COVERAGE
BTBD11	LOW_EVIDENCE
BTBD16	LOW_COVERAGE
BTBD17	LOW_COVERAGE
BTBD18	LOW_COVERAGE
BTBD19	LOW_EVIDENCE
BTBD2	LOW_EVIDENCE
BTBD3	RNA_RESISTANCE_CONSENSUS
BTBD6	RNA_RESISTANCE_CONSENSUS
BTBD6P1	LOW_COVERAGE
BTBD7	RNA_RESISTANCE_CONSENSUS
BTBD7P1	LOW_COVERAGE
BTBD8	LOW_EVIDENCE
BTBD9	LOW_EVIDENCE
BTBD9-AS1	LOW_COVERAGE
BTC	RNA_RESISTANCE_CONSENSUS
BTD	LOW_EVIDENCE
BTF3	LOW_EVIDENCE
BTF3L4	LOW_EVIDENCE
BTF3L4P1	LOW_COVERAGE
BTF3L4P2	LOW_COVERAGE
BTF3P10	LOW_COVERAGE
BTF3P12	LOW_COVERAGE
BTF3P6	LOW_COVERAGE
BTF3P9	LOW_COVERAGE
BTG1	RNA_RESISTANCE_CONSENSUS
BTG2	RNA_RESISTANCE_CONSENSUS
BTG3	RNA_RESISTANCE_CONSENSUS
BTG3-AS1	LOW_COVERAGE
BTG4	LOW_COVERAGE
BTK	LOW_COVERAGE
BTLA	LOW_COVERAGE
BTN1A1	LOW_COVERAGE
BTN2A1	LOW_EVIDENCE
BTN2A2	LOW_EVIDENCE
BTN2A3P	LOW_COVERAGE
BTN3A1	RNA_RESISTANCE_CONSENSUS
BTN3A2	LOW_EVIDENCE
BTN3A3	LOW_EVIDENCE
BTNL10	LOW_COVERAGE
BTNL2	LOW_COVERAGE
BTNL3	LOW_COVERAGE
BTNL8	LOW_COVERAGE
BTNL9	LOW_EVIDENCE
BTRC	LOW_EVIDENCE
BUB1	LOW_EVIDENCE
BUB1B	LOW_EVIDENCE
BUB3	RNA_RESISTANCE_CONSENSUS
BUD13	LOW_EVIDENCE
BUD13P1	LOW_COVERAGE
BUD23	LOW_COVERAGE
BUD31	LOW_EVIDENCE
BVES	LOW_COVERAGE
BX004807.1	LOW_COVERAGE
BX004987.1	HUMAN_TUMOR_SUPPORTED
BX004987.2	LOW_COVERAGE
BX004987.3	LOW_COVERAGE
BX004987.4	LOW_COVERAGE
BX005266.2	LOW_COVERAGE
BX088651.4	LOW_COVERAGE
BX248123.1	LOW_COVERAGE
BX255925.3	LOW_COVERAGE
BX284613.2	LOW_COVERAGE
BX284668.5	LOW_COVERAGE
BX284668.6	LOW_COVERAGE
BX322234.1	LOW_COVERAGE
BX322557.10	LOW_COVERAGE
BX322562.1	LOW_COVERAGE
BX323046.2	LOW_COVERAGE
BX324167.1	LOW_COVERAGE
BX470102.2	LOW_COVERAGE
BX470102.3	LOW_COVERAGE
BX537318.1	LOW_COVERAGE
BX539320.1	LOW_COVERAGE
BX546450.2	LOW_COVERAGE
BX571672.1	LOW_COVERAGE
BX640514.2	LOW_COVERAGE
BX649601.1	LOW_COVERAGE
BX649632.1	LOW_COVERAGE
BX664615.2	LOW_COVERAGE
BX842568.2	LOW_COVERAGE
BX842570.1	LOW_COVERAGE
BX890604.1	LOW_COVERAGE
BX890604.2	LOW_COVERAGE
BYSL	LOW_EVIDENCE
BZRAP1	LOW_COVERAGE
BZRAP1-AS1	LOW_COVERAGE
BZW1	RNA_RESISTANCE_CONSENSUS
BZW1P1	LOW_COVERAGE
BZW1P2	LOW_COVERAGE
BZW2	LOW_EVIDENCE
C10orf10	LOW_COVERAGE
C10orf105	LOW_COVERAGE
C10orf107	LOW_COVERAGE
C10orf11	LOW_COVERAGE
C10orf111	LOW_COVERAGE
C10orf113	LOW_EVIDENCE
C10orf12	RNA_RESISTANCE_CONSENSUS
C10orf120	LOW_COVERAGE
C10orf126	LOW_COVERAGE
C10orf128	LOW_COVERAGE
C10orf131	LOW_COVERAGE
C10orf142	LOW_COVERAGE
C10orf143	LOW_COVERAGE
C10orf2	LOW_EVIDENCE
C10orf25	LOW_COVERAGE
C10orf32	LOW_EVIDENCE
C10orf32-ASMT	LOW_COVERAGE
C10orf35	LOW_EVIDENCE
C10orf53	LOW_COVERAGE
C10orf54	LOW_COVERAGE
C10orf55	LOW_EVIDENCE
C10orf62	LOW_COVERAGE
C10orf67	LOW_COVERAGE
C10orf71	LOW_COVERAGE
C10orf76	LOW_EVIDENCE
C10orf82	RNA_RESISTANCE_CONSENSUS
C10orf88	LOW_EVIDENCE
C10orf90	LOW_COVERAGE
C10orf91	HUMAN_TUMOR_SUPPORTED
C10orf95	LOW_EVIDENCE
C10orf99	LOW_COVERAGE
C11orf1	LOW_EVIDENCE
C11orf16	LOW_COVERAGE
C11orf21	LOW_COVERAGE
C11orf24	LOW_EVIDENCE
C11orf30	LOW_EVIDENCE
C11orf31	LOW_EVIDENCE
C11orf40	LOW_COVERAGE
C11orf42	LOW_COVERAGE
C11orf44	LOW_COVERAGE
C11orf45	LOW_EVIDENCE
C11orf49	LOW_EVIDENCE
C11orf52	LOW_EVIDENCE
C11orf53	LOW_COVERAGE
C11orf54	LOW_EVIDENCE
C11orf57	LOW_EVIDENCE
C11orf58	LOW_EVIDENCE
C11orf63	LOW_EVIDENCE
C11orf65	ACUTE_RESPONSE
C11orf68	LOW_EVIDENCE
C11orf70	LOW_COVERAGE
C11orf71	LOW_EVIDENCE
C11orf73	RNA_RESISTANCE_CONSENSUS
C11orf74	RNA_RESISTANCE_CONSENSUS
C11orf80	LOW_EVIDENCE
C11orf84	LOW_EVIDENCE
C11orf85	LOW_COVERAGE
C11orf86	LOW_COVERAGE
C11orf87	LOW_COVERAGE
C11orf88	LOW_COVERAGE
C11orf91	LOW_COVERAGE
C11orf94	LOW_COVERAGE
C11orf95	RNA_RESISTANCE_CONSENSUS
C11orf96	LOW_COVERAGE
C11orf97	LOW_COVERAGE
C11orf98	LOW_EVIDENCE
C12orf10	LOW_EVIDENCE
C12orf29	LOW_EVIDENCE
C12orf4	LOW_EVIDENCE
C12orf40	LOW_EVIDENCE
C12orf42	LOW_EVIDENCE
C12orf43	LOW_EVIDENCE
C12orf45	LOW_EVIDENCE
C12orf49	RNA_RESISTANCE_CONSENSUS
C12orf5	LOW_COVERAGE
C12orf50	LOW_COVERAGE
C12orf54	LOW_COVERAGE
C12orf56	RNA_RESISTANCE_CONSENSUS
C12orf57	LOW_EVIDENCE
C12orf60	ACUTE_RESPONSE
C12orf65	RNA_RESISTANCE_CONSENSUS
C12orf66	LOW_EVIDENCE
C12orf71	LOW_COVERAGE
C12orf73	LOW_EVIDENCE
C12orf74	LOW_COVERAGE
C12orf75	RNA_RESISTANCE_CONSENSUS
C12orf76	RNA_RESISTANCE_CONSENSUS
C12orf77	LOW_COVERAGE
C12orf79	LOW_COVERAGE
C12orf80	RNA_RESISTANCE_CONSENSUS
C13orf46	LOW_COVERAGE
C14orf1	LOW_EVIDENCE
C14orf105	LOW_COVERAGE
C14orf119	LOW_EVIDENCE
C14orf132	RNA_RESISTANCE_CONSENSUS
C14orf142	LOW_EVIDENCE
C14orf159	RNA_RESISTANCE_CONSENSUS
C14orf166	LOW_EVIDENCE
C14orf169	LOW_EVIDENCE
C14orf177	LOW_COVERAGE
C14orf178	LOW_EVIDENCE
C14orf180	LOW_COVERAGE
C14orf182	LOW_COVERAGE
C14orf2	LOW_EVIDENCE
C14orf28	RNA_RESISTANCE_CONSENSUS
C14orf37	LOW_EVIDENCE
C14orf39	LOW_EVIDENCE
C14orf79	LOW_EVIDENCE
C14orf80	LOW_EVIDENCE
C14orf93	RNA_RESISTANCE_CONSENSUS
C15orf26	LOW_COVERAGE
C15orf27	LOW_COVERAGE
C15orf32	LOW_COVERAGE
C15orf37	LOW_COVERAGE
C15orf38-AP3S2	RNA_RESISTANCE_CONSENSUS
C15orf39	RNA_RESISTANCE_CONSENSUS
C15orf40	LOW_EVIDENCE
C15orf41	LOW_EVIDENCE
C15orf43	LOW_COVERAGE
C15orf48	ACUTE_RESPONSE
C15orf52	LOW_EVIDENCE
C15orf53	LOW_COVERAGE
C15orf54	LOW_COVERAGE
C15orf56	LOW_COVERAGE
C15orf57	LOW_EVIDENCE
C15orf59	RNA_RESISTANCE_CONSENSUS
C15orf59-AS1	LOW_COVERAGE
C15orf61	ACUTE_RESPONSE
C15orf62	LOW_EVIDENCE
C15orf65	ACUTE_RESPONSE
C16orf13	LOW_EVIDENCE
C16orf45	LOW_EVIDENCE
C16orf46	LOW_EVIDENCE
C16orf47	LOW_COVERAGE
C16orf52	LOW_EVIDENCE
C16orf54	LOW_COVERAGE
C16orf58	LOW_EVIDENCE
C16orf59	LOW_EVIDENCE
C16orf62	RNA_RESISTANCE_CONSENSUS
C16orf70	RNA_RESISTANCE_CONSENSUS
C16orf71	LOW_EVIDENCE
C16orf72	LOW_EVIDENCE
C16orf74	RNA_RESISTANCE_CONSENSUS
C16orf78	LOW_COVERAGE
C16orf82	LOW_COVERAGE
C16orf86	LOW_EVIDENCE
C16orf87	LOW_EVIDENCE
C16orf89	LOW_EVIDENCE
C16orf90	LOW_COVERAGE
C16orf91	LOW_EVIDENCE
C16orf92	LOW_COVERAGE
C16orf93	LOW_EVIDENCE
C16orf95	RNA_RESISTANCE_CONSENSUS
C16orf96	LOW_COVERAGE
C16orf97	LOW_COVERAGE
C17orf100	LOW_EVIDENCE
C17orf102	LOW_COVERAGE
C17orf104	LOW_COVERAGE
C17orf105	LOW_COVERAGE
C17orf107	LOW_EVIDENCE
C17orf112	LOW_COVERAGE
C17orf113	LOW_COVERAGE
C17orf47	LOW_COVERAGE
C17orf49	RNA_RESISTANCE_CONSENSUS
C17orf50	LOW_COVERAGE
C17orf51	LOW_EVIDENCE
C17orf53	LOW_EVIDENCE
C17orf58	RNA_RESISTANCE_CONSENSUS
C17orf59	LOW_EVIDENCE
C17orf62	LOW_EVIDENCE
C17orf64	RNA_RESISTANCE_CONSENSUS
C17orf67	LOW_EVIDENCE
C17orf70	LOW_COVERAGE
C17orf74	LOW_COVERAGE
C17orf75	LOW_EVIDENCE
C17orf77	LOW_COVERAGE
C17orf78	HUMAN_TUMOR_SUPPORTED
C17orf80	LOW_EVIDENCE
C17orf82	LOW_EVIDENCE
C17orf85	LOW_EVIDENCE
C17orf89	LOW_EVIDENCE
C17orf96	RNA_RESISTANCE_CONSENSUS
C17orf97	LOW_EVIDENCE
C17orf98	LOW_COVERAGE
C17orf99	LOW_COVERAGE
C18orf12	LOW_COVERAGE
C18orf15	LOW_COVERAGE
C18orf21	LOW_EVIDENCE
C18orf25	LOW_EVIDENCE
C18orf32	LOW_EVIDENCE
C18orf42	LOW_COVERAGE
C18orf54	LOW_EVIDENCE
C18orf61	LOW_COVERAGE
C18orf63	LOW_COVERAGE
C18orf65	LOW_EVIDENCE
C18orf8	LOW_EVIDENCE
C19orf10	LOW_COVERAGE
C19orf12	LOW_EVIDENCE
C19orf18	LOW_EVIDENCE
C19orf24	LOW_EVIDENCE
C19orf25	LOW_EVIDENCE
C19orf26	LOW_COVERAGE
C19orf33	LOW_EVIDENCE
C19orf35	LOW_COVERAGE
C19orf38	LOW_EVIDENCE
C19orf40	LOW_COVERAGE
C19orf43	LOW_EVIDENCE
C19orf44	LOW_EVIDENCE
C19orf45	LOW_EVIDENCE
C19orf47	LOW_EVIDENCE
C19orf48	LOW_EVIDENCE
C19orf52	LOW_EVIDENCE
C19orf53	LOW_EVIDENCE
C19orf54	LOW_EVIDENCE
C19orf57	LOW_EVIDENCE
C19orf60	LOW_EVIDENCE
C19orf66	LOW_EVIDENCE
C19orf67	LOW_COVERAGE
C19orf68	LOW_EVIDENCE
C19orf70	LOW_EVIDENCE
C19orf71	LOW_EVIDENCE
C19orf73	LOW_EVIDENCE
C19orf80	LOW_COVERAGE
C19orf81	LOW_EVIDENCE
C19orf83	LOW_COVERAGE
C19orf84	LOW_COVERAGE
C1D	LOW_EVIDENCE
C1DP1	LOW_COVERAGE
C1GALT1	RNA_RESISTANCE_CONSENSUS
C1GALT1C1	LOW_EVIDENCE
C1GALT1C1L	LOW_EVIDENCE
C1GALT1P1	LOW_COVERAGE
C1QA	LOW_COVERAGE
C1QB	LOW_COVERAGE
C1QBP	LOW_EVIDENCE
C1QBPP2	LOW_COVERAGE
C1QC	LOW_COVERAGE
C1QL1	RNA_RESISTANCE_CONSENSUS
C1QL2	LOW_COVERAGE
C1QL3	LOW_COVERAGE
C1QL4	RNA_RESISTANCE_CONSENSUS
C1QTNF1	LOW_COVERAGE
C1QTNF1-AS1	LOW_COVERAGE
C1QTNF12	LOW_COVERAGE
C1QTNF2	LOW_EVIDENCE
C1QTNF3	RNA_RESISTANCE_CONSENSUS
C1QTNF3-AMACR	LOW_COVERAGE
C1QTNF4	LOW_COVERAGE
C1QTNF5	LOW_COVERAGE
C1QTNF6	RNA_RESISTANCE_CONSENSUS
C1QTNF7	LOW_COVERAGE
C1QTNF8	LOW_COVERAGE
C1QTNF9	LOW_COVERAGE
C1QTNF9B	LOW_COVERAGE
C1QTNF9B-AS1	RNA_RESISTANCE_CONSENSUS
C1R	LOW_EVIDENCE
C1RL	LOW_EVIDENCE
C1RL-AS1	LOW_COVERAGE
C1S	LOW_EVIDENCE
C1orf100	LOW_COVERAGE
C1orf101	LOW_COVERAGE
C1orf105	RNA_RESISTANCE_CONSENSUS
C1orf106	RNA_RESISTANCE_CONSENSUS
C1orf109	LOW_EVIDENCE
C1orf110	LOW_COVERAGE
C1orf111	LOW_COVERAGE
C1orf112	LOW_EVIDENCE
C1orf115	LOW_EVIDENCE
C1orf116	RNA_RESISTANCE_CONSENSUS
C1orf122	LOW_EVIDENCE
C1orf123	LOW_EVIDENCE
C1orf127	LOW_COVERAGE
C1orf131	RNA_RESISTANCE_CONSENSUS
C1orf132	LOW_COVERAGE
C1orf137	LOW_COVERAGE
C1orf141	LOW_COVERAGE
C1orf143	LOW_COVERAGE
C1orf145	LOW_COVERAGE
C1orf146	LOW_COVERAGE
C1orf147	LOW_COVERAGE
C1orf158	LOW_COVERAGE
C1orf159	LOW_EVIDENCE
C1orf162	LOW_EVIDENCE
C1orf167	LOW_EVIDENCE
C1orf168	LOW_COVERAGE
C1orf174	LOW_EVIDENCE
C1orf177	LOW_COVERAGE
C1orf185	LOW_COVERAGE
C1orf186	LOW_COVERAGE
C1orf189	LOW_EVIDENCE
C1orf194	RNA_RESISTANCE_CONSENSUS
C1orf195	LOW_EVIDENCE
C1orf198	RNA_RESISTANCE_CONSENSUS
C1orf204	LOW_COVERAGE
C1orf21	RNA_RESISTANCE_CONSENSUS
C1orf210	LOW_EVIDENCE
C1orf213	LOW_COVERAGE
C1orf216	LOW_EVIDENCE
C1orf220	ACUTE_RESPONSE
C1orf226	RNA_RESISTANCE_CONSENSUS
C1orf228	RNA_RESISTANCE_CONSENSUS
C1orf229	LOW_EVIDENCE
C1orf233	LOW_EVIDENCE
C1orf234	LOW_COVERAGE
C1orf27	LOW_EVIDENCE
C1orf35	LOW_EVIDENCE
C1orf43	LOW_EVIDENCE
C1orf50	LOW_EVIDENCE
C1orf52	RNA_RESISTANCE_CONSENSUS
C1orf53	LOW_EVIDENCE
C1orf54	LOW_EVIDENCE
C1orf56	RNA_RESISTANCE_CONSENSUS
C1orf61	HUMAN_TUMOR_SUPPORTED
C1orf64	LOW_COVERAGE
C1orf68	LOW_COVERAGE
C1orf74	LOW_EVIDENCE
C1orf85	LOW_COVERAGE
C1orf86	LOW_COVERAGE
C1orf87	LOW_COVERAGE
C1orf94	LOW_COVERAGE
C1orf95	LOW_COVERAGE
C2	HUMAN_TUMOR_SUPPORTED
C2-AS1	LOW_COVERAGE
C20orf141	LOW_COVERAGE
C20orf144	LOW_EVIDENCE
C20orf166-AS1	LOW_COVERAGE
C20orf173	LOW_COVERAGE
C20orf194	LOW_EVIDENCE
C20orf195	LOW_COVERAGE
C20orf196	LOW_EVIDENCE
C20orf197	LOW_COVERAGE
C20orf202	LOW_COVERAGE
C20orf203	LOW_COVERAGE
C20orf204	LOW_COVERAGE
C20orf24	RNA_RESISTANCE_CONSENSUS
C20orf27	LOW_EVIDENCE
C20orf62	LOW_COVERAGE
C20orf78	LOW_COVERAGE
C20orf85	LOW_COVERAGE
C20orf96	LOW_EVIDENCE
C21orf119	LOW_COVERAGE
C21orf140	LOW_COVERAGE
C21orf2	LOW_EVIDENCE
C21orf33	LOW_EVIDENCE
C21orf58	LOW_EVIDENCE
C21orf59	LOW_EVIDENCE
C21orf62	LOW_EVIDENCE
C21orf62-AS1	LOW_EVIDENCE
C21orf67	LOW_COVERAGE
C21orf91	RNA_RESISTANCE_CONSENSUS
C21orf91-OT1	LOW_COVERAGE
C22orf15	LOW_COVERAGE
C22orf23	LOW_EVIDENCE
C22orf24	LOW_COVERAGE
C22orf29	RNA_RESISTANCE_CONSENSUS
C22orf31	LOW_COVERAGE
C22orf34	LOW_COVERAGE
C22orf39	RNA_RESISTANCE_CONSENSUS
C22orf42	LOW_COVERAGE
C22orf46	RNA_RESISTANCE_CONSENSUS
C2CD2	LOW_EVIDENCE
C2CD2L	RNA_RESISTANCE_CONSENSUS
C2CD3	LOW_EVIDENCE
C2CD4A	ACUTE_RESPONSE
C2CD4B	LOW_COVERAGE
C2CD4C	RNA_RESISTANCE_CONSENSUS
C2CD4D	RNA_RESISTANCE_CONSENSUS
C2CD4D-AS1	LOW_COVERAGE
C2CD5	LOW_EVIDENCE
C2CD6	LOW_COVERAGE
C2orf15	RNA_RESISTANCE_CONSENSUS
C2orf16	LOW_COVERAGE
C2orf27A	LOW_EVIDENCE
C2orf27B	LOW_COVERAGE
C2orf40	LOW_COVERAGE
C2orf42	LOW_EVIDENCE
C2orf43	LOW_COVERAGE
C2orf44	LOW_EVIDENCE
C2orf47	LOW_EVIDENCE
C2orf48	LOW_COVERAGE
C2orf49	LOW_EVIDENCE
C2orf50	LOW_EVIDENCE
C2orf54	CONTEXT_DEPENDENT
C2orf57	LOW_COVERAGE
C2orf61	LOW_COVERAGE
C2orf66	LOW_COVERAGE
C2orf68	LOW_EVIDENCE
C2orf69	LOW_EVIDENCE
C2orf70	LOW_COVERAGE
C2orf71	LOW_COVERAGE
C2orf72	RNA_RESISTANCE_CONSENSUS
C2orf73	LOW_COVERAGE
C2orf74	RNA_RESISTANCE_CONSENSUS
C2orf76	LOW_EVIDENCE
C2orf78	LOW_COVERAGE
C2orf80	LOW_COVERAGE
C2orf81	LOW_EVIDENCE
C2orf82	LOW_COVERAGE
C2orf83	LOW_COVERAGE
C2orf88	LOW_EVIDENCE
C2orf91	LOW_COVERAGE
C2orf92	LOW_COVERAGE
C3	RNA_RESISTANCE_CONSENSUS
C3AR1	LOW_COVERAGE
C3orf14	RNA_RESISTANCE_CONSENSUS
C3orf17	LOW_EVIDENCE
C3orf18	ACUTE_RESPONSE
C3orf20	RNA_RESISTANCE_CONSENSUS
C3orf22	LOW_COVERAGE
C3orf30	LOW_COVERAGE
C3orf33	LOW_EVIDENCE
C3orf35	LOW_EVIDENCE
C3orf36	LOW_COVERAGE
C3orf38	LOW_EVIDENCE
C3orf49	LOW_COVERAGE
C3orf52	RNA_RESISTANCE_CONSENSUS
C3orf56	LOW_COVERAGE
C3orf58	LOW_EVIDENCE
C3orf62	LOW_EVIDENCE
C3orf67	RNA_RESISTANCE_CONSENSUS
C3orf67-AS1	LOW_COVERAGE
C3orf70	LOW_EVIDENCE
C3orf79	LOW_COVERAGE
C3orf80	LOW_EVIDENCE
C3orf84	LOW_COVERAGE
C4A	LOW_EVIDENCE
C4B	LOW_EVIDENCE
C4BPA	LOW_COVERAGE
C4BPAP1	LOW_COVERAGE
C4BPB	LOW_EVIDENCE
C4orf17	LOW_COVERAGE
C4orf19	RNA_RESISTANCE_CONSENSUS
C4orf22	LOW_COVERAGE
C4orf26	LOW_COVERAGE
C4orf27	LOW_EVIDENCE
C4orf29	LOW_EVIDENCE
C4orf3	HUMAN_TUMOR_SUPPORTED
C4orf32	RNA_RESISTANCE_CONSENSUS
C4orf33	LOW_EVIDENCE
C4orf36	LOW_EVIDENCE
C4orf45	LOW_COVERAGE
C4orf46	LOW_EVIDENCE
C4orf47	LOW_EVIDENCE
C4orf48	LOW_EVIDENCE
C4orf50	LOW_COVERAGE
C4orf51	LOW_COVERAGE
C4orf54	LOW_COVERAGE
C4orf6	LOW_COVERAGE
C5	RNA_RESISTANCE_CONSENSUS
C5AR1	LOW_EVIDENCE
C5AR2	RNA_RESISTANCE_CONSENSUS
C5orf15	LOW_EVIDENCE
C5orf17	LOW_COVERAGE
C5orf22	LOW_EVIDENCE
C5orf24	LOW_EVIDENCE
C5orf28	LOW_EVIDENCE
C5orf30	RNA_RESISTANCE_CONSENSUS
C5orf34	RNA_RESISTANCE_CONSENSUS
C5orf38	RNA_RESISTANCE_CONSENSUS
C5orf42	RNA_RESISTANCE_CONSENSUS
C5orf45	LOW_EVIDENCE
C5orf46	LOW_COVERAGE
C5orf47	LOW_COVERAGE
C5orf49	LOW_EVIDENCE
C5orf51	LOW_EVIDENCE
C5orf52	LOW_COVERAGE
C5orf55	LOW_COVERAGE
C5orf56	RNA_RESISTANCE_CONSENSUS
C5orf58	LOW_COVERAGE
C5orf63	LOW_EVIDENCE
C5orf64	LOW_COVERAGE
C5orf66	RNA_RESISTANCE_CONSENSUS
C5orf66-AS1	LOW_COVERAGE
C5orf67	LOW_COVERAGE
C6	LOW_COVERAGE
C6orf1	LOW_EVIDENCE
C6orf10	LOW_COVERAGE
C6orf106	LOW_EVIDENCE
C6orf118	LOW_COVERAGE
C6orf120	LOW_EVIDENCE
C6orf132	RNA_RESISTANCE_CONSENSUS
C6orf136	LOW_EVIDENCE
C6orf141	RNA_RESISTANCE_CONSENSUS
C6orf15	LOW_COVERAGE
C6orf163	LOW_EVIDENCE
C6orf165	LOW_COVERAGE
C6orf183	LOW_COVERAGE
C6orf201	LOW_EVIDENCE
C6orf203	LOW_EVIDENCE
C6orf211	LOW_COVERAGE
C6orf222	LOW_COVERAGE
C6orf223	LOW_COVERAGE
C6orf226	LOW_EVIDENCE
C6orf229	LOW_COVERAGE
C6orf25	LOW_COVERAGE
C6orf3	LOW_COVERAGE
C6orf47	LOW_EVIDENCE
C6orf47-AS1	LOW_COVERAGE
C6orf48	LOW_EVIDENCE
C6orf49	LOW_COVERAGE
C6orf52	LOW_EVIDENCE
C6orf57	LOW_COVERAGE
C6orf58	LOW_COVERAGE
C6orf62	LOW_EVIDENCE
C6orf7	LOW_COVERAGE
C6orf89	LOW_EVIDENCE
C6orf99	RNA_RESISTANCE_CONSENSUS
C7	LOW_COVERAGE
C7orf25	LOW_EVIDENCE
C7orf26	LOW_EVIDENCE
C7orf31	LOW_EVIDENCE
C7orf33	LOW_COVERAGE
C7orf34	LOW_COVERAGE
C7orf43	LOW_EVIDENCE
C7orf49	LOW_EVIDENCE
C7orf50	RNA_RESISTANCE_CONSENSUS
C7orf55	LOW_EVIDENCE
C7orf55-LUC7L2	LOW_EVIDENCE
C7orf57	LOW_COVERAGE
C7orf60	LOW_EVIDENCE
C7orf61	RNA_RESISTANCE_CONSENSUS
C7orf62	LOW_COVERAGE
C7orf65	LOW_COVERAGE
C7orf66	LOW_COVERAGE
C7orf69	LOW_COVERAGE
C7orf71	LOW_COVERAGE
C7orf72	LOW_COVERAGE
C7orf73	LOW_EVIDENCE
C7orf76	LOW_COVERAGE
C7orf77	LOW_COVERAGE
C8A	LOW_COVERAGE
C8B	LOW_COVERAGE
C8G	LOW_EVIDENCE
C8orf17	LOW_COVERAGE
C8orf22	LOW_COVERAGE
C8orf31	LOW_COVERAGE
C8orf33	LOW_EVIDENCE
C8orf34	LOW_COVERAGE
C8orf34-AS1	LOW_COVERAGE
C8orf37	LOW_EVIDENCE
C8orf37-AS1	LOW_COVERAGE
C8orf4	LOW_COVERAGE
C8orf44	LOW_EVIDENCE
C8orf44-SGK3	LOW_COVERAGE
C8orf46	LOW_COVERAGE
C8orf48	HUMAN_TUMOR_SUPPORTED
C8orf58	RNA_RESISTANCE_CONSENSUS
C8orf59	LOW_EVIDENCE
C8orf74	LOW_COVERAGE
C8orf76	LOW_EVIDENCE
C8orf82	RNA_RESISTANCE_CONSENSUS
C8orf86	LOW_EVIDENCE
C8orf87	LOW_COVERAGE
C8orf88	HUMAN_TUMOR_SUPPORTED
C8orf89	LOW_COVERAGE
C9	LOW_COVERAGE
C9orf106	RNA_RESISTANCE_CONSENSUS
C9orf114	RNA_RESISTANCE_CONSENSUS
C9orf116	RNA_RESISTANCE_CONSENSUS
C9orf117	LOW_COVERAGE
C9orf129	LOW_COVERAGE
C9orf131	LOW_COVERAGE
C9orf135	LOW_COVERAGE
C9orf139	ACUTE_RESPONSE
C9orf142	RNA_RESISTANCE_CONSENSUS
C9orf147	LOW_EVIDENCE
C9orf152	RNA_RESISTANCE_CONSENSUS
C9orf153	LOW_EVIDENCE
C9orf156	LOW_EVIDENCE
C9orf16	LOW_EVIDENCE
C9orf163	LOW_EVIDENCE
C9orf170	LOW_COVERAGE
C9orf171	LOW_COVERAGE
C9orf172	LOW_EVIDENCE
C9orf173	LOW_COVERAGE
C9orf173-AS1	LOW_COVERAGE
C9orf24	LOW_EVIDENCE
C9orf3	LOW_EVIDENCE
C9orf40	RNA_RESISTANCE_CONSENSUS
C9orf41	LOW_COVERAGE
C9orf41-AS1	LOW_COVERAGE
C9orf43	LOW_EVIDENCE
C9orf47	LOW_EVIDENCE
C9orf50	LOW_COVERAGE
C9orf57	LOW_COVERAGE
C9orf62	LOW_COVERAGE
C9orf64	RNA_RESISTANCE_CONSENSUS
C9orf66	LOW_EVIDENCE
C9orf69	LOW_EVIDENCE
C9orf72	RNA_RESISTANCE_CONSENSUS
C9orf78	LOW_EVIDENCE
C9orf84	LOW_EVIDENCE
C9orf85	LOW_EVIDENCE
C9orf89	RNA_RESISTANCE_CONSENSUS
C9orf9	LOW_EVIDENCE
C9orf91	LOW_EVIDENCE
C9orf92	LOW_COVERAGE
CA1	LOW_COVERAGE
CA10	LOW_COVERAGE
CA11	RNA_RESISTANCE_CONSENSUS
CA12	RNA_RESISTANCE_CONSENSUS
CA13	HUMAN_TUMOR_SUPPORTED
CA14	RNA_RESISTANCE_CONSENSUS
CA15P1	LOW_COVERAGE
CA2	RNA_RESISTANCE_CONSENSUS
CA3	LOW_EVIDENCE
CA3-AS1	RNA_RESISTANCE_CONSENSUS
CA4	LOW_EVIDENCE
CA5A	LOW_EVIDENCE
CA5B	RNA_RESISTANCE_CONSENSUS
CA5BP1	LOW_COVERAGE
CA6	LOW_COVERAGE
CA7	LOW_COVERAGE
CA8	RNA_RESISTANCE_CONSENSUS
CA9	RNA_RESISTANCE_CONSENSUS
CAAP1	LOW_EVIDENCE
CAB39	RNA_RESISTANCE_CONSENSUS
CAB39L	LOW_EVIDENCE
CAB39P1	LOW_COVERAGE
CABCOCO1	LOW_COVERAGE
CABIN1	LOW_EVIDENCE
CABLES1	LOW_EVIDENCE
CABLES2	LOW_EVIDENCE
CABP1	LOW_COVERAGE
CABP2	LOW_COVERAGE
CABP4	LOW_EVIDENCE
CABP5	LOW_COVERAGE
CABP7	LOW_COVERAGE
CABS1	LOW_COVERAGE
CABYR	RNA_RESISTANCE_CONSENSUS
CACFD1	LOW_EVIDENCE
CACHD1	RNA_RESISTANCE_CONSENSUS
CACNA1A	LOW_EVIDENCE
CACNA1B	LOW_EVIDENCE
CACNA1C	LOW_EVIDENCE
CACNA1C-AS1	LOW_COVERAGE
CACNA1C-AS4	LOW_COVERAGE
CACNA1C-IT3	LOW_COVERAGE
CACNA1D	RNA_RESISTANCE_CONSENSUS
CACNA1E	LOW_COVERAGE
CACNA1F	RNA_RESISTANCE_CONSENSUS
CACNA1G	LOW_COVERAGE
CACNA1H	RNA_RESISTANCE_CONSENSUS
CACNA1I	LOW_EVIDENCE
CACNA1S	LOW_COVERAGE
CACNA2D1	LOW_EVIDENCE
CACNA2D2	ACUTE_RESPONSE
CACNA2D3	HUMAN_TUMOR_SUPPORTED
CACNA2D4	RNA_RESISTANCE_CONSENSUS
CACNB1	RNA_RESISTANCE_CONSENSUS
CACNB2	LOW_EVIDENCE
CACNB3	RNA_RESISTANCE_CONSENSUS
CACNB4	RNA_RESISTANCE_CONSENSUS
CACNG1	HUMAN_TUMOR_SUPPORTED
CACNG2	LOW_COVERAGE
CACNG3	LOW_COVERAGE
CACNG4	RNA_RESISTANCE_CONSENSUS
CACNG5	LOW_COVERAGE
CACNG6	LOW_COVERAGE
CACNG7	LOW_COVERAGE
CACNG8	LOW_EVIDENCE
CACTIN	LOW_EVIDENCE
CACTIN-AS1	LOW_COVERAGE
CACUL1	LOW_EVIDENCE
CACYBP	LOW_EVIDENCE
CACYBPP1	LOW_COVERAGE
CACYBPP2	LOW_COVERAGE
CAD	LOW_EVIDENCE
CADM1	LOW_EVIDENCE
CADM2	RNA_RESISTANCE_CONSENSUS
CADM3	LOW_COVERAGE
CADM4	RNA_RESISTANCE_CONSENSUS
CADPS	LOW_COVERAGE
CADPS2	RNA_RESISTANCE_CONSENSUS
CAGE1	LOW_EVIDENCE
CAHM	LOW_EVIDENCE
CALB1	LOW_COVERAGE
CALB2	RNA_RESISTANCE_CONSENSUS
CALCA	LOW_COVERAGE
CALCB	LOW_EVIDENCE
CALCOCO1	LOW_EVIDENCE
CALCOCO2	LOW_EVIDENCE
CALCR	RNA_RESISTANCE_CONSENSUS
CALCRL	LOW_COVERAGE
CALD1	RNA_RESISTANCE_CONSENSUS
CALHM1	LOW_COVERAGE
CALHM2	LOW_EVIDENCE
CALHM3	LOW_COVERAGE
CALHM6	LOW_COVERAGE
CALM1	RNA_RESISTANCE_CONSENSUS
CALM2	LOW_EVIDENCE
CALM2P2	LOW_COVERAGE
CALM2P3	LOW_COVERAGE
CALM3	RNA_RESISTANCE_CONSENSUS
CALML3	LOW_COVERAGE
CALML3-AS1	LOW_COVERAGE
CALML4	LOW_EVIDENCE
CALML5	RNA_RESISTANCE_CONSENSUS
CALML6	LOW_EVIDENCE
CALN1	LOW_COVERAGE
CALR	LOW_EVIDENCE
CALR3	LOW_COVERAGE
CALR4P	LOW_COVERAGE
CALU	LOW_EVIDENCE
CALY	RNA_RESISTANCE_CONSENSUS
CAMK1	RNA_RESISTANCE_CONSENSUS
CAMK1D	RNA_RESISTANCE_CONSENSUS
CAMK1G	LOW_COVERAGE
CAMK2A	LOW_COVERAGE
CAMK2B	RNA_RESISTANCE_CONSENSUS
CAMK2D	RNA_RESISTANCE_CONSENSUS
CAMK2G	LOW_EVIDENCE
CAMK2N1	RNA_RESISTANCE_CONSENSUS
CAMK2N2	RNA_RESISTANCE_CONSENSUS
CAMK4	RNA_RESISTANCE_CONSENSUS
CAMKK1	RNA_RESISTANCE_CONSENSUS
CAMKK2	RNA_RESISTANCE_CONSENSUS
CAMKMT	LOW_EVIDENCE
CAMKV	LOW_COVERAGE
CAMLG	LOW_EVIDENCE
CAMP	RNA_RESISTANCE_CONSENSUS
CAMSAP1	LOW_EVIDENCE
CAMSAP2	LOW_EVIDENCE
CAMSAP3	LOW_EVIDENCE
CAMTA1	LOW_EVIDENCE
CAMTA1-DT	LOW_COVERAGE
CAMTA2	ACUTE_RESPONSE
CAND1	LOW_EVIDENCE
CAND2	LOW_EVIDENCE
CANT1	LOW_EVIDENCE
CANX	LOW_EVIDENCE
CAP1	LOW_EVIDENCE
CAP1P2	LOW_COVERAGE
CAP2	RNA_RESISTANCE_CONSENSUS
CAP2P1	LOW_COVERAGE
CAPG	RNA_RESISTANCE_CONSENSUS
CAPN1	LOW_EVIDENCE
CAPN10	RNA_RESISTANCE_CONSENSUS
CAPN10-AS1	LOW_COVERAGE
CAPN10-DT	LOW_COVERAGE
CAPN11	LOW_COVERAGE
CAPN12	RNA_RESISTANCE_CONSENSUS
CAPN13	RNA_RESISTANCE_CONSENSUS
CAPN14	LOW_EVIDENCE
CAPN15	LOW_EVIDENCE
CAPN2	RNA_RESISTANCE_CONSENSUS
CAPN3	LOW_COVERAGE
CAPN5	RNA_RESISTANCE_CONSENSUS
CAPN6	LOW_COVERAGE
CAPN7	RNA_RESISTANCE_CONSENSUS
CAPN8	RNA_RESISTANCE_CONSENSUS
CAPN9	RNA_RESISTANCE_CONSENSUS
CAPNS1	LOW_EVIDENCE
CAPNS2	LOW_COVERAGE
CAPRIN1	ACUTE_RESPONSE
CAPRIN2	RNA_RESISTANCE_CONSENSUS
CAPS	RNA_RESISTANCE_CONSENSUS
CAPS2	RNA_RESISTANCE_CONSENSUS
CAPSL	LOW_COVERAGE
CAPZA1	LOW_EVIDENCE
CAPZA2	LOW_EVIDENCE
CAPZA3	LOW_COVERAGE
CAPZB	LOW_EVIDENCE
CARD10	LOW_EVIDENCE
CARD11	LOW_COVERAGE
CARD14	RNA_RESISTANCE_CONSENSUS
CARD16	LOW_EVIDENCE
CARD17	LOW_COVERAGE
CARD18	LOW_COVERAGE
CARD19	LOW_COVERAGE
CARD6	LOW_EVIDENCE
CARD8	LOW_EVIDENCE
CARD8-AS1	LOW_EVIDENCE
CARD9	LOW_EVIDENCE
CARF	RNA_RESISTANCE_CONSENSUS
CARHSP1	LOW_EVIDENCE
CARKD	LOW_EVIDENCE
CARM1	LOW_EVIDENCE
CARMIL1	LOW_COVERAGE
CARMIL2	LOW_COVERAGE
CARMIL3	LOW_COVERAGE
CARMN	LOW_COVERAGE
CARNMT1	ACUTE_RESPONSE
CARNMT1-AS1	LOW_COVERAGE
CARNS1	LOW_COVERAGE
CARS	RNA_RESISTANCE_CONSENSUS
CARS-AS1	LOW_COVERAGE
CARS2	LOW_EVIDENCE
CARSP2	LOW_COVERAGE
CARTPT	LOW_COVERAGE
CASC1	LOW_EVIDENCE
CASC10	RNA_RESISTANCE_CONSENSUS
CASC11	LOW_EVIDENCE
CASC15	LOW_EVIDENCE
CASC16	LOW_COVERAGE
CASC19	LOW_COVERAGE
CASC2	RNA_RESISTANCE_CONSENSUS
CASC20	LOW_COVERAGE
CASC22	LOW_COVERAGE
CASC3	LOW_EVIDENCE
CASC4	RNA_RESISTANCE_CONSENSUS
CASC4P1	LOW_COVERAGE
CASC5	RNA_RESISTANCE_CONSENSUS
CASC7	LOW_COVERAGE
CASC8	LOW_COVERAGE
CASC9	LOW_EVIDENCE
CASD1	RNA_RESISTANCE_CONSENSUS
CASK	RNA_RESISTANCE_CONSENSUS
CASK-AS1	LOW_COVERAGE
CASKIN1	LOW_EVIDENCE
CASKIN2	LOW_EVIDENCE
CASP1	LOW_EVIDENCE
CASP10	LOW_EVIDENCE
CASP14	LOW_EVIDENCE
CASP16P	LOW_COVERAGE
CASP2	LOW_EVIDENCE
CASP3	RNA_RESISTANCE_CONSENSUS
CASP4	RNA_RESISTANCE_CONSENSUS
CASP5	LOW_COVERAGE
CASP6	LOW_EVIDENCE
CASP7	LOW_EVIDENCE
CASP8	RNA_RESISTANCE_CONSENSUS
CASP8AP2	LOW_EVIDENCE
CASP9	RNA_RESISTANCE_CONSENSUS
CASQ1	LOW_COVERAGE
CASQ2	LOW_COVERAGE
CASR	LOW_COVERAGE
CASS4	LOW_EVIDENCE
CAST	RNA_RESISTANCE_CONSENSUS
CASTOR1	LOW_COVERAGE
CASTOR2	LOW_COVERAGE
CASTOR3	LOW_COVERAGE
CASZ1	LOW_EVIDENCE
CAT	RNA_RESISTANCE_CONSENSUS
CATIP	LOW_COVERAGE
CATIP-AS1	LOW_EVIDENCE
CATIP-AS2	LOW_COVERAGE
CATSPER1	RNA_RESISTANCE_CONSENSUS
CATSPER2	RNA_RESISTANCE_CONSENSUS
CATSPER2P1	LOW_COVERAGE
CATSPER3	LOW_EVIDENCE
CATSPER4	LOW_COVERAGE
CATSPERB	LOW_EVIDENCE
CATSPERD	LOW_EVIDENCE
CATSPERE	LOW_COVERAGE
CATSPERG	RNA_RESISTANCE_CONSENSUS
CATSPERZ	LOW_COVERAGE
CAV1	RNA_RESISTANCE_CONSENSUS
CAV2	LOW_EVIDENCE
CAV3	LOW_EVIDENCE
CAVIN1	LOW_COVERAGE
CAVIN2	LOW_COVERAGE
CAVIN3	LOW_COVERAGE
CAVIN4	LOW_COVERAGE
CBARP	RNA_RESISTANCE_CONSENSUS
CBFA2T2	LOW_EVIDENCE
CBFA2T3	RNA_RESISTANCE_CONSENSUS
CBFB	LOW_EVIDENCE
CBL	LOW_EVIDENCE
CBLB	RNA_RESISTANCE_CONSENSUS
CBLC	LOW_EVIDENCE
CBLL1	RNA_RESISTANCE_CONSENSUS
CBLN1	LOW_EVIDENCE
CBLN2	LOW_COVERAGE
CBLN3	RNA_RESISTANCE_CONSENSUS
CBLN4	LOW_COVERAGE
CBR1	LOW_EVIDENCE
CBR3	RNA_RESISTANCE_CONSENSUS
CBR3-AS1	RNA_RESISTANCE_CONSENSUS
CBR4	RNA_RESISTANCE_CONSENSUS
CBS	ACUTE_RESPONSE
CBWD1	RNA_RESISTANCE_CONSENSUS
CBWD2	RNA_RESISTANCE_CONSENSUS
CBWD3	RNA_RESISTANCE_CONSENSUS
CBWD5	RNA_RESISTANCE_CONSENSUS
CBWD6	LOW_EVIDENCE
CBWD7	LOW_COVERAGE
CBX1	LOW_EVIDENCE
CBX2	LOW_EVIDENCE
CBX3	RNA_RESISTANCE_CONSENSUS
CBX3P1	LOW_COVERAGE
CBX3P2	LOW_COVERAGE
CBX3P3	LOW_COVERAGE
CBX3P4	LOW_COVERAGE
CBX3P9	LOW_COVERAGE
CBX4	LOW_EVIDENCE
CBX5	RNA_RESISTANCE_CONSENSUS
CBX5P1	LOW_COVERAGE
CBX6	LOW_EVIDENCE
CBX7	LOW_EVIDENCE
CBX8	LOW_EVIDENCE
CBY1	LOW_EVIDENCE
CBY3	RNA_RESISTANCE_CONSENSUS
CC2D1A	LOW_EVIDENCE
CC2D1B	LOW_EVIDENCE
CC2D2A	RNA_RESISTANCE_CONSENSUS
CC2D2B	RNA_RESISTANCE_CONSENSUS
CCAR1	LOW_EVIDENCE
CCAR2	LOW_EVIDENCE
CCAT1	LOW_COVERAGE
CCBE1	LOW_EVIDENCE
CCBL1	LOW_EVIDENCE
CCBL2	LOW_EVIDENCE
CCDC101	RNA_RESISTANCE_CONSENSUS
CCDC102A	LOW_EVIDENCE
CCDC102B	HUMAN_TUMOR_SUPPORTED
CCDC103	LOW_EVIDENCE
CCDC105	LOW_COVERAGE
CCDC106	LOW_EVIDENCE
CCDC107	RNA_RESISTANCE_CONSENSUS
CCDC108	LOW_COVERAGE
CCDC109B	LOW_EVIDENCE
CCDC110	RNA_RESISTANCE_CONSENSUS
CCDC112	RNA_RESISTANCE_CONSENSUS
CCDC113	LOW_EVIDENCE
CCDC114	LOW_EVIDENCE
CCDC115	LOW_EVIDENCE
CCDC116	LOW_COVERAGE
CCDC117	LOW_EVIDENCE
CCDC12	LOW_EVIDENCE
CCDC120	RNA_RESISTANCE_CONSENSUS
CCDC121	LOW_EVIDENCE
CCDC122	LOW_EVIDENCE
CCDC124	RNA_RESISTANCE_CONSENSUS
CCDC125	LOW_EVIDENCE
CCDC126	LOW_EVIDENCE
CCDC127	LOW_EVIDENCE
CCDC129	LOW_COVERAGE
CCDC13	LOW_EVIDENCE
CCDC13-AS1	LOW_COVERAGE
CCDC130	LOW_EVIDENCE
CCDC132	LOW_COVERAGE
CCDC134	LOW_EVIDENCE
CCDC136	RNA_RESISTANCE_CONSENSUS
CCDC137	LOW_EVIDENCE
CCDC138	LOW_EVIDENCE
CCDC14	LOW_EVIDENCE
CCDC140	LOW_COVERAGE
CCDC141	LOW_COVERAGE
CCDC142	LOW_EVIDENCE
CCDC144A	RNA_RESISTANCE_CONSENSUS
CCDC144B	LOW_COVERAGE
CCDC144CP	LOW_COVERAGE
CCDC144NL	LOW_COVERAGE
CCDC144NL-AS1	ACUTE_RESPONSE
CCDC146	LOW_EVIDENCE
CCDC148	LOW_EVIDENCE
CCDC149	RNA_RESISTANCE_CONSENSUS
CCDC15	RNA_RESISTANCE_CONSENSUS
CCDC15-DT	LOW_COVERAGE
CCDC150	LOW_EVIDENCE
CCDC150P1	LOW_COVERAGE
CCDC151	RNA_RESISTANCE_CONSENSUS
CCDC152	LOW_EVIDENCE
CCDC153	RNA_RESISTANCE_CONSENSUS
CCDC154	LOW_EVIDENCE
CCDC155	LOW_COVERAGE
CCDC157	RNA_RESISTANCE_CONSENSUS
CCDC158	LOW_EVIDENCE
CCDC159	LOW_EVIDENCE
CCDC160	RNA_RESISTANCE_CONSENSUS
CCDC162P	LOW_COVERAGE
CCDC163	LOW_COVERAGE
CCDC163P	LOW_COVERAGE
CCDC166	LOW_COVERAGE
CCDC167	ACUTE_RESPONSE
CCDC168	LOW_EVIDENCE
CCDC169	LOW_EVIDENCE
CCDC169-SOHLH2	LOW_COVERAGE
CCDC17	LOW_EVIDENCE
CCDC170	RNA_RESISTANCE_CONSENSUS
CCDC171	LOW_EVIDENCE
CCDC172	LOW_COVERAGE
CCDC173	LOW_EVIDENCE
CCDC174	LOW_EVIDENCE
CCDC175	LOW_EVIDENCE
CCDC176	LOW_EVIDENCE
CCDC177	LOW_COVERAGE
CCDC178	LOW_COVERAGE
CCDC179	LOW_COVERAGE
CCDC18	RNA_RESISTANCE_CONSENSUS
CCDC18-AS1	LOW_COVERAGE
CCDC180	HUMAN_TUMOR_SUPPORTED
CCDC181	RNA_RESISTANCE_CONSENSUS
CCDC182	LOW_COVERAGE
CCDC183	LOW_EVIDENCE
CCDC183-AS1	RNA_RESISTANCE_CONSENSUS
CCDC184	LOW_COVERAGE
CCDC185	LOW_COVERAGE
CCDC186	LOW_EVIDENCE
CCDC189	LOW_COVERAGE
CCDC190	LOW_COVERAGE
CCDC191	LOW_COVERAGE
CCDC192	LOW_COVERAGE
CCDC194	LOW_COVERAGE
CCDC196	LOW_COVERAGE
CCDC200	LOW_COVERAGE
CCDC22	RNA_RESISTANCE_CONSENSUS
CCDC23	LOW_COVERAGE
CCDC24	LOW_EVIDENCE
CCDC25	RNA_RESISTANCE_CONSENSUS
CCDC26	LOW_COVERAGE
CCDC27	LOW_COVERAGE
CCDC28A	RNA_RESISTANCE_CONSENSUS
CCDC28B	RNA_RESISTANCE_CONSENSUS
CCDC3	LOW_EVIDENCE
CCDC30	LOW_EVIDENCE
CCDC32	LOW_COVERAGE
CCDC33	LOW_COVERAGE
CCDC34	RNA_RESISTANCE_CONSENSUS
CCDC36	LOW_EVIDENCE
CCDC37	LOW_COVERAGE
CCDC37-DT	LOW_COVERAGE
CCDC38	LOW_EVIDENCE
CCDC39	LOW_COVERAGE
CCDC40	RNA_RESISTANCE_CONSENSUS
CCDC42	LOW_COVERAGE
CCDC42B	LOW_COVERAGE
CCDC43	LOW_EVIDENCE
CCDC47	LOW_EVIDENCE
CCDC50	RNA_RESISTANCE_CONSENSUS
CCDC51	LOW_EVIDENCE
CCDC53	LOW_EVIDENCE
CCDC54	LOW_COVERAGE
CCDC57	RNA_RESISTANCE_CONSENSUS
CCDC58	LOW_EVIDENCE
CCDC59	LOW_EVIDENCE
CCDC6	ACUTE_RESPONSE
CCDC60	LOW_COVERAGE
CCDC61	RNA_RESISTANCE_CONSENSUS
CCDC62	LOW_EVIDENCE
CCDC63	RNA_RESISTANCE_CONSENSUS
CCDC64	LOW_EVIDENCE
CCDC64B	LOW_EVIDENCE
CCDC65	LOW_EVIDENCE
CCDC66	LOW_EVIDENCE
CCDC67	LOW_COVERAGE
CCDC68	RNA_RESISTANCE_CONSENSUS
CCDC69	LOW_EVIDENCE
CCDC7	LOW_EVIDENCE
CCDC70	LOW_COVERAGE
CCDC71	LOW_EVIDENCE
CCDC71L	RNA_RESISTANCE_CONSENSUS
CCDC73	LOW_EVIDENCE
CCDC74A	RNA_RESISTANCE_CONSENSUS
CCDC74B	RNA_RESISTANCE_CONSENSUS
CCDC77	RNA_RESISTANCE_CONSENSUS
CCDC78	LOW_EVIDENCE
CCDC79	LOW_COVERAGE
CCDC8	LOW_COVERAGE
CCDC80	LOW_EVIDENCE
CCDC81	LOW_EVIDENCE
CCDC82	RNA_RESISTANCE_CONSENSUS
CCDC83	RNA_RESISTANCE_CONSENSUS
CCDC84	RNA_RESISTANCE_CONSENSUS
CCDC84-DT	LOW_COVERAGE
CCDC85A	LOW_EVIDENCE
CCDC85B	RNA_RESISTANCE_CONSENSUS
CCDC85C	LOW_EVIDENCE
CCDC86	LOW_EVIDENCE
CCDC87	LOW_EVIDENCE
CCDC88A	RNA_RESISTANCE_CONSENSUS
CCDC88B	RNA_RESISTANCE_CONSENSUS
CCDC88C	RNA_RESISTANCE_CONSENSUS
CCDC89	RNA_RESISTANCE_CONSENSUS
CCDC9	LOW_EVIDENCE
CCDC90B	LOW_EVIDENCE
CCDC91	LOW_EVIDENCE
CCDC92	LOW_EVIDENCE
CCDC93	RNA_RESISTANCE_CONSENSUS
CCDC94	LOW_EVIDENCE
CCDC96	RNA_RESISTANCE_CONSENSUS
CCDC97	LOW_EVIDENCE
CCDC9B	LOW_COVERAGE
CCER1	LOW_COVERAGE
CCER2	LOW_EVIDENCE
CCHCR1	RNA_RESISTANCE_CONSENSUS
CCIN	LOW_COVERAGE
CCK	LOW_COVERAGE
CCKAR	LOW_COVERAGE
CCKBR	LOW_COVERAGE
CCL1	LOW_COVERAGE
CCL11	LOW_COVERAGE
CCL13	LOW_COVERAGE
CCL14	LOW_COVERAGE
CCL15	LOW_COVERAGE
CCL16	LOW_COVERAGE
CCL17	LOW_EVIDENCE
CCL18	LOW_COVERAGE
CCL19	LOW_COVERAGE
CCL2	LOW_EVIDENCE
CCL20	LOW_COVERAGE
CCL21	LOW_COVERAGE
CCL22	LOW_COVERAGE
CCL23	LOW_COVERAGE
CCL24	LOW_COVERAGE
CCL25	LOW_COVERAGE
CCL26	LOW_COVERAGE
CCL27	LOW_COVERAGE
CCL28	RNA_RESISTANCE_CONSENSUS
CCL3	LOW_EVIDENCE
CCL3L1	LOW_COVERAGE
CCL3L3	LOW_COVERAGE
CCL4	LOW_COVERAGE
CCL4L2	LOW_COVERAGE
CCL5	RNA_RESISTANCE_CONSENSUS
CCL7	LOW_COVERAGE
CCL8	LOW_COVERAGE
CCM2	LOW_EVIDENCE
CCM2L	RNA_RESISTANCE_CONSENSUS
CCN1	LOW_COVERAGE
CCN2	LOW_COVERAGE
CCN3	LOW_COVERAGE
CCN5	LOW_COVERAGE
CCNA1	LOW_EVIDENCE
CCNA2	LOW_EVIDENCE
CCNB1	LOW_EVIDENCE
CCNB1IP1	LOW_EVIDENCE
CCNB2	LOW_EVIDENCE
CCNB2P1	LOW_COVERAGE
CCNB3	LOW_EVIDENCE
CCNC	RNA_RESISTANCE_CONSENSUS
CCND1	RNA_RESISTANCE_CONSENSUS
CCND2	LOW_COVERAGE
CCND3	RNA_RESISTANCE_CONSENSUS
CCNDBP1	LOW_EVIDENCE
CCNE1	RNA_RESISTANCE_CONSENSUS
CCNE2	LOW_EVIDENCE
CCNF	LOW_EVIDENCE
CCNG1	RNA_RESISTANCE_CONSENSUS
CCNG2	LOW_EVIDENCE
CCNH	LOW_EVIDENCE
CCNI	LOW_EVIDENCE
CCNI2	HUMAN_TUMOR_SUPPORTED
CCNJ	LOW_EVIDENCE
CCNJL	RNA_RESISTANCE_CONSENSUS
CCNJP2	LOW_COVERAGE
CCNK	LOW_EVIDENCE
CCNL1	LOW_EVIDENCE
CCNL2	RNA_RESISTANCE_CONSENSUS
CCNL2P1	LOW_COVERAGE
CCNO	RNA_RESISTANCE_CONSENSUS
CCNQ	LOW_COVERAGE
CCNT1	RNA_RESISTANCE_CONSENSUS
CCNT2	RNA_RESISTANCE_CONSENSUS
CCNT2-AS1	LOW_EVIDENCE
CCNY	LOW_EVIDENCE
CCNYL1	RNA_RESISTANCE_CONSENSUS
CCP110	RNA_RESISTANCE_CONSENSUS
CCPG1	LOW_EVIDENCE
CCR1	LOW_EVIDENCE
CCR10	LOW_EVIDENCE
CCR2	LOW_EVIDENCE
CCR3	RNA_RESISTANCE_CONSENSUS
CCR4	LOW_COVERAGE
CCR5	LOW_EVIDENCE
CCR6	LOW_COVERAGE
CCR7	LOW_EVIDENCE
CCR8	LOW_COVERAGE
CCR9	LOW_COVERAGE
CCRL2	LOW_COVERAGE
CCRN4L	LOW_COVERAGE
CCS	LOW_EVIDENCE
CCSAP	RNA_RESISTANCE_CONSENSUS
CCSER1	RNA_RESISTANCE_CONSENSUS
CCSER2	LOW_EVIDENCE
CCT2	RNA_RESISTANCE_CONSENSUS
CCT3	LOW_EVIDENCE
CCT4	LOW_EVIDENCE
CCT5	LOW_EVIDENCE
CCT5P1	LOW_COVERAGE
CCT6A	LOW_EVIDENCE
CCT6B	LOW_EVIDENCE
CCT6P1	LOW_COVERAGE
CCT6P2	LOW_COVERAGE
CCT6P3	LOW_COVERAGE
CCT7	LOW_EVIDENCE
CCT7P1	LOW_COVERAGE
CCT8	LOW_EVIDENCE
CCT8L2	LOW_COVERAGE
CCT8P1	LOW_COVERAGE
CCZ1	LOW_EVIDENCE
CCZ1B	LOW_EVIDENCE
CD101	RNA_RESISTANCE_CONSENSUS
CD109	RNA_RESISTANCE_CONSENSUS
CD14	LOW_COVERAGE
CD151	RNA_RESISTANCE_CONSENSUS
CD160	LOW_EVIDENCE
CD163	LOW_COVERAGE
CD163L1	RNA_RESISTANCE_CONSENSUS
CD164	LOW_EVIDENCE
CD164L2	LOW_EVIDENCE
CD177	LOW_COVERAGE
CD180	LOW_COVERAGE
CD19	LOW_COVERAGE
CD1A	LOW_COVERAGE
CD1B	LOW_COVERAGE
CD1C	LOW_COVERAGE
CD1D	LOW_COVERAGE
CD1E	LOW_COVERAGE
CD2	LOW_COVERAGE
CD200	LOW_EVIDENCE
CD200R1	LOW_EVIDENCE
CD200R1L	LOW_COVERAGE
CD200R1L-AS1	LOW_COVERAGE
CD207	LOW_COVERAGE
CD209	LOW_COVERAGE
CD22	RNA_RESISTANCE_CONSENSUS
CD226	LOW_EVIDENCE
CD24	LOW_EVIDENCE
CD244	LOW_COVERAGE
CD247	LOW_EVIDENCE
CD248	LOW_COVERAGE
CD24P4	LOW_COVERAGE
CD27	LOW_EVIDENCE
CD27-AS1	RNA_RESISTANCE_CONSENSUS
CD274	RNA_RESISTANCE_CONSENSUS
CD276	LOW_EVIDENCE
CD28	LOW_COVERAGE
CD2AP	RNA_RESISTANCE_CONSENSUS
CD2BP2	LOW_EVIDENCE
CD2BP2-DT	LOW_COVERAGE
CD300A	LOW_COVERAGE
CD300C	LOW_COVERAGE
CD300E	LOW_COVERAGE
CD300LB	LOW_COVERAGE
CD300LD	LOW_COVERAGE
CD300LF	LOW_COVERAGE
CD300LG	LOW_COVERAGE
CD302	RNA_RESISTANCE_CONSENSUS
CD320	LOW_EVIDENCE
CD33	LOW_COVERAGE
CD34	LOW_COVERAGE
CD36	RNA_RESISTANCE_CONSENSUS
CD37	LOW_EVIDENCE
CD38	LOW_COVERAGE
CD3D	LOW_COVERAGE
CD3E	LOW_COVERAGE
CD3EAP	LOW_EVIDENCE
CD3G	LOW_COVERAGE
CD4	LOW_EVIDENCE
CD40	LOW_EVIDENCE
CD40LG	LOW_COVERAGE
CD44	RNA_RESISTANCE_CONSENSUS
CD46	LOW_EVIDENCE
CD46P1	LOW_COVERAGE
CD47	RNA_RESISTANCE_CONSENSUS
CD48	LOW_COVERAGE
CD5	LOW_COVERAGE
CD52	LOW_COVERAGE
CD53	LOW_EVIDENCE
CD55	RNA_RESISTANCE_CONSENSUS
CD58	LOW_EVIDENCE
CD59	RNA_RESISTANCE_CONSENSUS
CD5L	LOW_COVERAGE
CD6	LOW_COVERAGE
CD63	RNA_RESISTANCE_CONSENSUS
CD68	RNA_RESISTANCE_CONSENSUS
CD69	LOW_EVIDENCE
CD7	LOW_COVERAGE
CD70	LOW_EVIDENCE
CD72	LOW_EVIDENCE
CD74	LOW_EVIDENCE
CD79A	LOW_EVIDENCE
CD79B	LOW_COVERAGE
CD80	LOW_COVERAGE
CD81	LOW_EVIDENCE
CD81-AS1	LOW_COVERAGE
CD82	RNA_RESISTANCE_CONSENSUS
CD83	LOW_EVIDENCE
CD84	LOW_COVERAGE
CD86	LOW_COVERAGE
CD8A	RNA_RESISTANCE_CONSENSUS
CD8B	LOW_COVERAGE
CD9	RNA_RESISTANCE_CONSENSUS
CD93	LOW_COVERAGE
CD96	LOW_EVIDENCE
CD97	LOW_COVERAGE
CD99	RNA_RESISTANCE_CONSENSUS
CD99L2	LOW_EVIDENCE
CD99P1	LOW_COVERAGE
CDA	LOW_EVIDENCE
CDADC1	LOW_EVIDENCE
CDAN1	LOW_EVIDENCE
CDC123	LOW_EVIDENCE
CDC14A	LOW_EVIDENCE
CDC14B	RNA_RESISTANCE_CONSENSUS
CDC16	RNA_RESISTANCE_CONSENSUS
CDC20	RNA_RESISTANCE_CONSENSUS
CDC20B	LOW_EVIDENCE
CDC20P1	LOW_COVERAGE
CDC23	LOW_EVIDENCE
CDC25A	LOW_EVIDENCE
CDC25B	RNA_RESISTANCE_CONSENSUS
CDC25C	LOW_EVIDENCE
CDC26	LOW_EVIDENCE
CDC27	LOW_EVIDENCE
CDC34	LOW_EVIDENCE
CDC37	LOW_EVIDENCE
CDC37L1	LOW_EVIDENCE
CDC37L1-AS1	LOW_COVERAGE
CDC37L1-DT	LOW_COVERAGE
CDC40	LOW_EVIDENCE
CDC42	LOW_EVIDENCE
CDC42-AS1	LOW_COVERAGE
CDC42-IT1	LOW_COVERAGE
CDC42BPA	LOW_EVIDENCE
CDC42BPB	LOW_EVIDENCE
CDC42BPG	RNA_RESISTANCE_CONSENSUS
CDC42EP1	RNA_RESISTANCE_CONSENSUS
CDC42EP2	RNA_RESISTANCE_CONSENSUS
CDC42EP3	RNA_RESISTANCE_CONSENSUS
CDC42EP3P1	LOW_COVERAGE
CDC42EP4	RNA_RESISTANCE_CONSENSUS
CDC42EP5	LOW_EVIDENCE
CDC42P1	LOW_COVERAGE
CDC42P4	LOW_COVERAGE
CDC42P6	LOW_COVERAGE
CDC42SE1	LOW_EVIDENCE
CDC42SE2	LOW_EVIDENCE
CDC45	LOW_EVIDENCE
CDC5L	LOW_EVIDENCE
CDC6	LOW_EVIDENCE
CDC7	RNA_RESISTANCE_CONSENSUS
CDC73	LOW_EVIDENCE
CDCA2	LOW_EVIDENCE
CDCA3	RNA_RESISTANCE_CONSENSUS
CDCA4	LOW_EVIDENCE
CDCA4P1	LOW_COVERAGE
CDCA4P4	LOW_COVERAGE
CDCA5	RNA_RESISTANCE_CONSENSUS
CDCA7	LOW_EVIDENCE
CDCA7L	RNA_RESISTANCE_CONSENSUS
CDCA8	RNA_RESISTANCE_CONSENSUS
CDCP1	LOW_EVIDENCE
CDCP2	LOW_COVERAGE
CDH1	RNA_RESISTANCE_CONSENSUS
CDH10	LOW_COVERAGE
CDH11	LOW_EVIDENCE
CDH12	LOW_COVERAGE
CDH13	LOW_EVIDENCE
CDH15	RNA_RESISTANCE_CONSENSUS
CDH16	LOW_COVERAGE
CDH17	LOW_COVERAGE
CDH18	RNA_RESISTANCE_CONSENSUS
CDH19	LOW_EVIDENCE
CDH2	LOW_EVIDENCE
CDH20	LOW_COVERAGE
CDH22	LOW_COVERAGE
CDH23	LOW_EVIDENCE
CDH24	LOW_EVIDENCE
CDH26	RNA_RESISTANCE_CONSENSUS
CDH3	RNA_RESISTANCE_CONSENSUS
CDH4	LOW_EVIDENCE
CDH5	LOW_EVIDENCE
CDH6	LOW_COVERAGE
CDH7	LOW_EVIDENCE
CDH8	LOW_EVIDENCE
CDH9	LOW_COVERAGE
CDHR1	LOW_COVERAGE
CDHR2	LOW_EVIDENCE
CDHR3	HUMAN_TUMOR_SUPPORTED
CDHR4	LOW_COVERAGE
CDHR5	LOW_COVERAGE
CDIP1	LOW_EVIDENCE
CDIPT	LOW_EVIDENCE
CDK1	RNA_RESISTANCE_CONSENSUS
CDK10	LOW_EVIDENCE
CDK11A	LOW_EVIDENCE
CDK11B	LOW_EVIDENCE
CDK12	LOW_EVIDENCE
CDK13	RNA_RESISTANCE_CONSENSUS
CDK14	RNA_RESISTANCE_CONSENSUS
CDK15	LOW_COVERAGE
CDK16	LOW_EVIDENCE
CDK17	RNA_RESISTANCE_CONSENSUS
CDK18	RNA_RESISTANCE_CONSENSUS
CDK19	LOW_EVIDENCE
CDK2	LOW_EVIDENCE
CDK20	LOW_EVIDENCE
CDK2AP1	ACUTE_RESPONSE
CDK2AP2	RNA_RESISTANCE_CONSENSUS
CDK3	LOW_EVIDENCE
CDK4	LOW_EVIDENCE
CDK5	RNA_RESISTANCE_CONSENSUS
CDK5PS	LOW_COVERAGE
CDK5R1	LOW_EVIDENCE
CDK5R2	LOW_COVERAGE
CDK5RAP1	RNA_RESISTANCE_CONSENSUS
CDK5RAP2	RNA_RESISTANCE_CONSENSUS
CDK5RAP3	LOW_EVIDENCE
CDK6	RNA_RESISTANCE_CONSENSUS
CDK7	LOW_EVIDENCE
CDK8	RNA_RESISTANCE_CONSENSUS
CDK9	LOW_EVIDENCE
CDKAL1	LOW_EVIDENCE
CDKL1	HUMAN_TUMOR_SUPPORTED
CDKL2	RNA_RESISTANCE_CONSENSUS
CDKL3	LOW_EVIDENCE
CDKL4	RNA_RESISTANCE_CONSENSUS
CDKL5	LOW_EVIDENCE
CDKN1A	RNA_RESISTANCE_CONSENSUS
CDKN1B	RNA_RESISTANCE_CONSENSUS
CDKN1C	LOW_EVIDENCE
CDKN2A	RNA_RESISTANCE_CONSENSUS
CDKN2AIP	LOW_EVIDENCE
CDKN2AIPNL	LOW_EVIDENCE
CDKN2B	RNA_RESISTANCE_CONSENSUS
CDKN2B-AS	LOW_COVERAGE
CDKN2B-AS1	RNA_RESISTANCE_CONSENSUS
CDKN2B-AS_3	LOW_COVERAGE
CDKN2C	RNA_RESISTANCE_CONSENSUS
CDKN2D	RNA_RESISTANCE_CONSENSUS
CDKN3	RNA_RESISTANCE_CONSENSUS
CDNF	LOW_EVIDENCE
CDO1	LOW_COVERAGE
CDON	RNA_RESISTANCE_CONSENSUS
CDPF1	LOW_EVIDENCE
CDR1	LOW_EVIDENCE
CDR1-AS	LOW_COVERAGE
CDR2	LOW_EVIDENCE
CDR2L	LOW_EVIDENCE
CDRT1	LOW_EVIDENCE
CDRT15	LOW_COVERAGE
CDRT15L2	LOW_COVERAGE
CDRT15P1	LOW_COVERAGE
CDRT4	LOW_EVIDENCE
CDS1	LOW_EVIDENCE
CDS2	LOW_EVIDENCE
CDSN	RNA_RESISTANCE_CONSENSUS
CDT1	RNA_RESISTANCE_CONSENSUS
CDV3	RNA_RESISTANCE_CONSENSUS
CDX1	LOW_COVERAGE
CDX2	LOW_COVERAGE
CDX4	LOW_COVERAGE
CDY1	LOW_COVERAGE
CDY1B	LOW_COVERAGE
CDY2A	LOW_COVERAGE
CDY2B	LOW_COVERAGE
CDYL	LOW_EVIDENCE
CDYL2	RNA_RESISTANCE_CONSENSUS
CEACAM1	LOW_EVIDENCE
CEACAM16	LOW_COVERAGE
CEACAM18	LOW_COVERAGE
CEACAM19	LOW_EVIDENCE
CEACAM20	LOW_COVERAGE
CEACAM21	LOW_COVERAGE
CEACAM22P	LOW_COVERAGE
CEACAM3	LOW_COVERAGE
CEACAM4	LOW_COVERAGE
CEACAM5	RNA_RESISTANCE_CONSENSUS
CEACAM6	RNA_RESISTANCE_CONSENSUS
CEACAM7	ACUTE_RESPONSE
CEACAM8	LOW_COVERAGE
CEBPA	RNA_RESISTANCE_CONSENSUS
CEBPA-AS1	LOW_COVERAGE
CEBPA-DT	LOW_COVERAGE
CEBPB	RNA_RESISTANCE_CONSENSUS
CEBPB-AS1	LOW_EVIDENCE
CEBPD	LOW_EVIDENCE
CEBPE	LOW_COVERAGE
CEBPG	LOW_EVIDENCE
CEBPZ	LOW_EVIDENCE
CEBPZOS	RNA_RESISTANCE_CONSENSUS
CECR1	LOW_COVERAGE
CECR2	RNA_RESISTANCE_CONSENSUS
CECR5	LOW_EVIDENCE
CECR6	LOW_COVERAGE
CECR7	LOW_COVERAGE
CEL	LOW_EVIDENCE
CELA1	LOW_COVERAGE
CELA2A	LOW_COVERAGE
CELA2B	LOW_COVERAGE
CELA3A	LOW_COVERAGE
CELA3B	LOW_COVERAGE
CELF1	LOW_EVIDENCE
CELF2	LOW_EVIDENCE
CELF3	RNA_RESISTANCE_CONSENSUS
CELF4	LOW_EVIDENCE
CELF5	HUMAN_TUMOR_SUPPORTED
CELF6	LOW_EVIDENCE
CELP	LOW_COVERAGE
CELSR1	RNA_RESISTANCE_CONSENSUS
CELSR2	RNA_RESISTANCE_CONSENSUS
CELSR3	LOW_EVIDENCE
CEMIP	RNA_RESISTANCE_CONSENSUS
CEMIP2	LOW_COVERAGE
CEMP1	LOW_COVERAGE
CEND1	LOW_COVERAGE
CENPA	LOW_EVIDENCE
CENPB	LOW_EVIDENCE
CENPBD1	LOW_EVIDENCE
CENPBD1P1	LOW_COVERAGE
CENPC	LOW_EVIDENCE
CENPCP1	LOW_COVERAGE
CENPE	LOW_EVIDENCE
CENPF	LOW_EVIDENCE
CENPH	LOW_EVIDENCE
CENPI	RNA_RESISTANCE_CONSENSUS
CENPJ	LOW_EVIDENCE
CENPK	LOW_EVIDENCE
CENPL	LOW_EVIDENCE
CENPM	RNA_RESISTANCE_CONSENSUS
CENPN	RNA_RESISTANCE_CONSENSUS
CENPO	LOW_EVIDENCE
CENPP	RNA_RESISTANCE_CONSENSUS
CENPQ	RNA_RESISTANCE_CONSENSUS
CENPS	LOW_COVERAGE
CENPS-CORT	LOW_COVERAGE
CENPT	LOW_EVIDENCE
CENPU	LOW_EVIDENCE
CENPV	RNA_RESISTANCE_CONSENSUS
CENPW	LOW_EVIDENCE
CENPX	LOW_COVERAGE
CEP104	LOW_EVIDENCE
CEP112	RNA_RESISTANCE_CONSENSUS
CEP120	RNA_RESISTANCE_CONSENSUS
CEP126	RNA_RESISTANCE_CONSENSUS
CEP128	RNA_RESISTANCE_CONSENSUS
CEP131	LOW_EVIDENCE
CEP135	LOW_EVIDENCE
CEP152	RNA_RESISTANCE_CONSENSUS
CEP162	RNA_RESISTANCE_CONSENSUS
CEP164	LOW_EVIDENCE
CEP164P1	LOW_COVERAGE
CEP170	RNA_RESISTANCE_CONSENSUS
CEP170B	LOW_EVIDENCE
CEP170P1	LOW_COVERAGE
CEP19	LOW_EVIDENCE
CEP192	LOW_EVIDENCE
CEP250	RNA_RESISTANCE_CONSENSUS
CEP290	RNA_RESISTANCE_CONSENSUS
CEP295	LOW_EVIDENCE
CEP295NL	LOW_EVIDENCE
CEP350	LOW_EVIDENCE
CEP41	LOW_EVIDENCE
CEP44	LOW_EVIDENCE
CEP55	RNA_RESISTANCE_CONSENSUS
CEP57	RNA_RESISTANCE_CONSENSUS
CEP57L1	RNA_RESISTANCE_CONSENSUS
CEP63	RNA_RESISTANCE_CONSENSUS
CEP68	LOW_EVIDENCE
CEP70	RNA_RESISTANCE_CONSENSUS
CEP72	LOW_EVIDENCE
CEP76	LOW_EVIDENCE
CEP78	ACUTE_RESPONSE
CEP83	RNA_RESISTANCE_CONSENSUS
CEP83-AS1	LOW_COVERAGE
CEP83-DT	LOW_COVERAGE
CEP85	LOW_EVIDENCE
CEP85L	LOW_EVIDENCE
CEP89	LOW_EVIDENCE
CEP95	LOW_EVIDENCE
CEP97	LOW_EVIDENCE
CEPT1	RNA_RESISTANCE_CONSENSUS
CER1	LOW_COVERAGE
CERCAM	RNA_RESISTANCE_CONSENSUS
CERK	RNA_RESISTANCE_CONSENSUS
CERKL	LOW_EVIDENCE
CERNA1	LOW_COVERAGE
CERS1	RNA_RESISTANCE_CONSENSUS
CERS2	RNA_RESISTANCE_CONSENSUS
CERS3	LOW_COVERAGE
CERS3-AS1	LOW_COVERAGE
CERS4	RNA_RESISTANCE_CONSENSUS
CERS5	LOW_EVIDENCE
CERS6	LOW_EVIDENCE
CERS6-AS1	LOW_COVERAGE
CERT1	LOW_COVERAGE
CES1	LOW_COVERAGE
CES2	LOW_EVIDENCE
CES3	LOW_EVIDENCE
CES4A	LOW_EVIDENCE
CES5A	LOW_COVERAGE
CES5AP1	LOW_COVERAGE
CETN1	LOW_COVERAGE
CETN2	LOW_EVIDENCE
CETN3	RNA_RESISTANCE_CONSENSUS
CETN4P	LOW_COVERAGE
CETP	LOW_COVERAGE
CFAP100	LOW_COVERAGE
CFAP126	LOW_COVERAGE
CFAP157	LOW_COVERAGE
CFAP161	LOW_COVERAGE
CFAP20	LOW_EVIDENCE
CFAP206	LOW_COVERAGE
CFAP221	LOW_EVIDENCE
CFAP298	LOW_COVERAGE
CFAP299	LOW_COVERAGE
CFAP300	LOW_COVERAGE
CFAP36	LOW_EVIDENCE
CFAP410	LOW_COVERAGE
CFAP43	LOW_EVIDENCE
CFAP44	RNA_RESISTANCE_CONSENSUS
CFAP44-AS1	LOW_COVERAGE
CFAP45	RNA_RESISTANCE_CONSENSUS
CFAP46	LOW_EVIDENCE
CFAP47	LOW_EVIDENCE
CFAP52	LOW_EVIDENCE
CFAP53	LOW_EVIDENCE
CFAP54	LOW_EVIDENCE
CFAP57	LOW_EVIDENCE
CFAP58	LOW_EVIDENCE
CFAP58-AS1	LOW_COVERAGE
CFAP61	LOW_EVIDENCE
CFAP65	LOW_COVERAGE
CFAP69	LOW_EVIDENCE
CFAP70	LOW_EVIDENCE
CFAP73	LOW_COVERAGE
CFAP74	LOW_COVERAGE
CFAP77	LOW_COVERAGE
CFAP97	LOW_EVIDENCE
CFAP97D1	LOW_COVERAGE
CFAP99	LOW_EVIDENCE
CFB	LOW_EVIDENCE
CFC1	LOW_COVERAGE
CFC1B	LOW_COVERAGE
CFD	RNA_RESISTANCE_CONSENSUS
CFDP1	RNA_RESISTANCE_CONSENSUS
CFH	LOW_EVIDENCE
CFHR1	LOW_COVERAGE
CFHR2	LOW_COVERAGE
CFHR3	LOW_EVIDENCE
CFHR4	LOW_COVERAGE
CFHR5	LOW_COVERAGE
CFI	LOW_COVERAGE
CFL1	LOW_EVIDENCE
CFL1P1	LOW_COVERAGE
CFL1P5	LOW_COVERAGE
CFL2	RNA_RESISTANCE_CONSENSUS
CFLAR	LOW_EVIDENCE
CFLAR-AS1	HUMAN_TUMOR_SUPPORTED
CFP	LOW_EVIDENCE
CFTR	ACUTE_RESPONSE
CGA	RNA_RESISTANCE_CONSENSUS
CGAS	LOW_COVERAGE
CGB	LOW_COVERAGE
CGB1	LOW_COVERAGE
CGB2	LOW_COVERAGE
CGB5	LOW_COVERAGE
CGB7	LOW_COVERAGE
CGB8	LOW_COVERAGE
CGGBP1	LOW_EVIDENCE
CGN	RNA_RESISTANCE_CONSENSUS
CGNL1	LOW_EVIDENCE
CGREF1	RNA_RESISTANCE_CONSENSUS
CGRRF1	RNA_RESISTANCE_CONSENSUS
CH17-13I23.3	LOW_COVERAGE
CH17-140K24.2	LOW_COVERAGE
CH17-140K24.4	LOW_COVERAGE
CH17-140K24.5	LOW_COVERAGE
CH17-140K24.6	LOW_COVERAGE
CH17-140K24.7	LOW_COVERAGE
CH17-140K24.8	LOW_COVERAGE
CH17-189H20.1	LOW_COVERAGE
CH17-219N22.1	LOW_COVERAGE
CH17-232I21.1	LOW_COVERAGE
CH17-258A22.4	LOW_COVERAGE
CH17-260O16.1	LOW_COVERAGE
CH17-262A2.1	LOW_COVERAGE
CH17-264L24.1	LOW_COVERAGE
CH17-270A2.1	LOW_COVERAGE
CH17-270A2.2	LOW_COVERAGE
CH17-302M23.1	LOW_COVERAGE
CH17-340M24.1	LOW_COVERAGE
CH17-340M24.3	LOW_COVERAGE
CH17-360D5.1	LOW_COVERAGE
CH17-360D5.2	LOW_COVERAGE
CH17-373J23.1	LOW_COVERAGE
CH17-385C13.2	LOW_COVERAGE
CH17-3B23.1	LOW_COVERAGE
CH17-431G21.1	LOW_COVERAGE
CH17-472G23.2	LOW_COVERAGE
CH17-472G23.4	LOW_COVERAGE
CH25H	LOW_COVERAGE
CH507-145C22.1	LOW_COVERAGE
CH507-154B10.1	LOW_COVERAGE
CH507-154B10.2	LOW_COVERAGE
CH507-24F1.1	LOW_COVERAGE
CH507-24F1.2	LOW_COVERAGE
CH507-254M2.1	LOW_COVERAGE
CH507-254M2.2	LOW_COVERAGE
CH507-254M2.3	LOW_COVERAGE
CH507-338C24.1	LOW_COVERAGE
CH507-42P11.8	LOW_COVERAGE
CH507-513H4.1	LOW_COVERAGE
CH507-513H4.5	LOW_COVERAGE
CH507-528H12.1	LOW_COVERAGE
CH507-9B2.3	LOW_COVERAGE
CH507-9B2.4	LOW_COVERAGE
CH507-9B2.5	LOW_COVERAGE
CH507-9B2.9	LOW_COVERAGE
CHAC1	ACUTE_RESPONSE
CHAC2	LOW_EVIDENCE
CHAD	LOW_EVIDENCE
CHADL	LOW_EVIDENCE
CHAF1A	LOW_EVIDENCE
CHAF1B	RNA_RESISTANCE_CONSENSUS
CHAMP1	RNA_RESISTANCE_CONSENSUS
CHAT	LOW_COVERAGE
CHCHD1	LOW_EVIDENCE
CHCHD10	LOW_EVIDENCE
CHCHD2	LOW_EVIDENCE
CHCHD2P2	LOW_COVERAGE
CHCHD2P6	LOW_COVERAGE
CHCHD3	LOW_EVIDENCE
CHCHD3P1	LOW_COVERAGE
CHCHD3P3	LOW_COVERAGE
CHCHD4	LOW_EVIDENCE
CHCHD4P3	LOW_COVERAGE
CHCHD4P5	LOW_COVERAGE
CHCHD5	LOW_EVIDENCE
CHCHD6	LOW_EVIDENCE
CHCHD7	RNA_RESISTANCE_CONSENSUS
CHD1	LOW_EVIDENCE
CHD1L	LOW_EVIDENCE
CHD2	LOW_EVIDENCE
CHD3	LOW_EVIDENCE
CHD4	LOW_EVIDENCE
CHD5	RNA_RESISTANCE_CONSENSUS
CHD6	LOW_EVIDENCE
CHD7	LOW_EVIDENCE
CHD8	LOW_EVIDENCE
CHD9	LOW_EVIDENCE
CHDH	RNA_RESISTANCE_CONSENSUS
CHEK1	RNA_RESISTANCE_CONSENSUS
CHEK2	RNA_RESISTANCE_CONSENSUS
CHERP	LOW_EVIDENCE
CHFR	LOW_EVIDENCE
CHGA	LOW_EVIDENCE
CHGB	LOW_COVERAGE
CHI3L1	ACUTE_RESPONSE
CHI3L2	LOW_EVIDENCE
CHIA	LOW_COVERAGE
CHIC1	LOW_EVIDENCE
CHIC2	RNA_RESISTANCE_CONSENSUS
CHID1	LOW_EVIDENCE
CHIT1	LOW_COVERAGE
CHKA	RNA_RESISTANCE_CONSENSUS
CHKB	LOW_EVIDENCE
CHKB-AS1	LOW_COVERAGE
CHKB-CPT1B	LOW_COVERAGE
CHKB-DT	LOW_COVERAGE
CHL1	LOW_COVERAGE
CHM	LOW_EVIDENCE
CHML	RNA_RESISTANCE_CONSENSUS
CHMP1A	LOW_EVIDENCE
CHMP1B	RNA_RESISTANCE_CONSENSUS
CHMP1B-AS1	LOW_COVERAGE
CHMP1B2P	LOW_COVERAGE
CHMP2A	LOW_EVIDENCE
CHMP2B	LOW_EVIDENCE
CHMP3	LOW_EVIDENCE
CHMP4A	LOW_EVIDENCE
CHMP4B	RNA_RESISTANCE_CONSENSUS
CHMP4BP1	LOW_COVERAGE
CHMP4C	RNA_RESISTANCE_CONSENSUS
CHMP5	LOW_EVIDENCE
CHMP6	LOW_EVIDENCE
CHMP7	LOW_EVIDENCE
CHN1	RNA_RESISTANCE_CONSENSUS
CHN2	LOW_EVIDENCE
CHODL	LOW_EVIDENCE
CHODL-AS1	LOW_COVERAGE
CHORDC1	LOW_EVIDENCE
CHP1	LOW_EVIDENCE
CHP2	LOW_COVERAGE
CHPF	RNA_RESISTANCE_CONSENSUS
CHPF2	RNA_RESISTANCE_CONSENSUS
CHPT1	RNA_RESISTANCE_CONSENSUS
CHRAC1	LOW_EVIDENCE
CHRD	RNA_RESISTANCE_CONSENSUS
CHRDL1	LOW_COVERAGE
CHRDL2	LOW_COVERAGE
CHRFAM7A	LOW_COVERAGE
CHRM1	LOW_EVIDENCE
CHRM2	RNA_RESISTANCE_CONSENSUS
CHRM3	HUMAN_TUMOR_SUPPORTED
CHRM3-AS2	LOW_COVERAGE
CHRM4	LOW_COVERAGE
CHRM5	LOW_EVIDENCE
CHRNA1	LOW_COVERAGE
CHRNA10	LOW_EVIDENCE
CHRNA2	LOW_COVERAGE
CHRNA3	LOW_EVIDENCE
CHRNA4	LOW_COVERAGE
CHRNA5	RNA_RESISTANCE_CONSENSUS
CHRNA6	LOW_COVERAGE
CHRNA7	LOW_EVIDENCE
CHRNA9	RNA_RESISTANCE_CONSENSUS
CHRNB1	LOW_EVIDENCE
CHRNB2	LOW_EVIDENCE
CHRNB3	LOW_COVERAGE
CHRNB4	RNA_RESISTANCE_CONSENSUS
CHRND	HUMAN_TUMOR_SUPPORTED
CHRNE	LOW_EVIDENCE
CHRNG	CONTEXT_DEPENDENT
CHROMR	LOW_COVERAGE
CHST1	RNA_RESISTANCE_CONSENSUS
CHST10	RNA_RESISTANCE_CONSENSUS
CHST11	RNA_RESISTANCE_CONSENSUS
CHST12	LOW_EVIDENCE
CHST13	LOW_COVERAGE
CHST14	RNA_RESISTANCE_CONSENSUS
CHST15	LOW_EVIDENCE
CHST2	LOW_COVERAGE
CHST3	LOW_EVIDENCE
CHST4	LOW_COVERAGE
CHST5	LOW_COVERAGE
CHST6	LOW_COVERAGE
CHST7	LOW_EVIDENCE
CHST8	LOW_EVIDENCE
CHST9	LOW_EVIDENCE
CHSY1	RNA_RESISTANCE_CONSENSUS
CHSY3	RNA_RESISTANCE_CONSENSUS
CHTF18	RNA_RESISTANCE_CONSENSUS
CHTF8	LOW_EVIDENCE
CHTOP	LOW_EVIDENCE
CHUK	RNA_RESISTANCE_CONSENSUS
CHURC1	RNA_RESISTANCE_CONSENSUS
CHURC1-FNTB	LOW_EVIDENCE
CIAO1	RNA_RESISTANCE_CONSENSUS
CIAO2A	LOW_COVERAGE
CIAO2B	LOW_COVERAGE
CIAO3	LOW_COVERAGE
CIAPIN1	LOW_EVIDENCE
CIAPIN1P	LOW_COVERAGE
CIART	LOW_EVIDENCE
CIB1	RNA_RESISTANCE_CONSENSUS
CIB2	RNA_RESISTANCE_CONSENSUS
CIB3	LOW_EVIDENCE
CIB4	LOW_COVERAGE
CIC	LOW_EVIDENCE
CICP14	LOW_COVERAGE
CIDEA	LOW_COVERAGE
CIDEB	LOW_EVIDENCE
CIDEC	LOW_COVERAGE
CIDECP	LOW_COVERAGE
CIITA	HUMAN_TUMOR_SUPPORTED
CILP	LOW_COVERAGE
CILP2	HUMAN_TUMOR_SUPPORTED
CINP	LOW_EVIDENCE
CIP2A	LOW_COVERAGE
CIPC	LOW_EVIDENCE
CIR1	RNA_RESISTANCE_CONSENSUS
CIRBP	RNA_RESISTANCE_CONSENSUS
CIRBP-AS1	RNA_RESISTANCE_CONSENSUS
CIRH1A	LOW_EVIDENCE
CISD1	LOW_EVIDENCE
CISD2	ACUTE_RESPONSE
CISD3	LOW_EVIDENCE
CISH	RNA_RESISTANCE_CONSENSUS
CIT	RNA_RESISTANCE_CONSENSUS
CITED1	RNA_RESISTANCE_CONSENSUS
CITED2	RNA_RESISTANCE_CONSENSUS
CITED4	RNA_RESISTANCE_CONSENSUS
CITF22-1A6.3	LOW_COVERAGE
CITF22-49E9.3	LOW_COVERAGE
CITF22-92A6.1	LOW_COVERAGE
CITF22-92A6.2	LOW_COVERAGE
CIZ1	RNA_RESISTANCE_CONSENSUS
CKAP2	LOW_EVIDENCE
CKAP2L	LOW_EVIDENCE
CKAP4	RNA_RESISTANCE_CONSENSUS
CKAP5	ACUTE_RESPONSE
CKB	RNA_RESISTANCE_CONSENSUS
CKLF	LOW_EVIDENCE
CKLF-CMTM1	LOW_EVIDENCE
CKM	LOW_COVERAGE
CKMT1A	RNA_RESISTANCE_CONSENSUS
CKMT1B	RNA_RESISTANCE_CONSENSUS
CKMT2	LOW_EVIDENCE
CKMT2-AS1	LOW_EVIDENCE
CKS1B	LOW_EVIDENCE
CKS1BP3	LOW_COVERAGE
CKS1BP7	LOW_COVERAGE
CKS2	RNA_RESISTANCE_CONSENSUS
CLASP1	RNA_RESISTANCE_CONSENSUS
CLASP2	LOW_EVIDENCE
CLASRP	RNA_RESISTANCE_CONSENSUS
CLBA1	LOW_COVERAGE
CLC	LOW_COVERAGE
CLCA1	LOW_COVERAGE
CLCA2	LOW_COVERAGE
CLCA3P	LOW_COVERAGE
CLCA4	LOW_COVERAGE
CLCA4-AS1	LOW_COVERAGE
CLCC1	LOW_EVIDENCE
CLCF1	RNA_RESISTANCE_CONSENSUS
CLCN1	LOW_COVERAGE
CLCN2	RNA_RESISTANCE_CONSENSUS
CLCN3	LOW_EVIDENCE
CLCN4	LOW_EVIDENCE
CLCN5	RNA_RESISTANCE_CONSENSUS
CLCN6	LOW_EVIDENCE
CLCN7	LOW_EVIDENCE
CLCNKA	LOW_COVERAGE
CLCNKB	LOW_COVERAGE
CLCP1	LOW_COVERAGE
CLDN1	RNA_RESISTANCE_CONSENSUS
CLDN10	LOW_COVERAGE
CLDN11	LOW_EVIDENCE
CLDN12	LOW_EVIDENCE
CLDN14	LOW_COVERAGE
CLDN15	RNA_RESISTANCE_CONSENSUS
CLDN16	LOW_COVERAGE
CLDN17	LOW_COVERAGE
CLDN18	LOW_COVERAGE
CLDN19	LOW_COVERAGE
CLDN2	LOW_COVERAGE
CLDN20	LOW_EVIDENCE
CLDN22	LOW_COVERAGE
CLDN23	LOW_EVIDENCE
CLDN24	LOW_COVERAGE
CLDN25	LOW_COVERAGE
CLDN3	RNA_RESISTANCE_CONSENSUS
CLDN34	LOW_COVERAGE
CLDN4	LOW_EVIDENCE
CLDN5	LOW_EVIDENCE
CLDN6	LOW_EVIDENCE
CLDN7	RNA_RESISTANCE_CONSENSUS
CLDN8	LOW_EVIDENCE
CLDN9	RNA_RESISTANCE_CONSENSUS
CLDND1	RNA_RESISTANCE_CONSENSUS
CLDND2	RNA_RESISTANCE_CONSENSUS
CLEC10A	LOW_COVERAGE
CLEC11A	LOW_EVIDENCE
CLEC12A	LOW_COVERAGE
CLEC12B	LOW_COVERAGE
CLEC14A	LOW_COVERAGE
CLEC16A	LOW_EVIDENCE
CLEC17A	LOW_COVERAGE
CLEC18A	LOW_EVIDENCE
CLEC18B	LOW_EVIDENCE
CLEC18C	LOW_COVERAGE
CLEC19A	LOW_EVIDENCE
CLEC1A	LOW_COVERAGE
CLEC1B	LOW_COVERAGE
CLEC20A	LOW_COVERAGE
CLEC2A	LOW_COVERAGE
CLEC2B	ACUTE_RESPONSE
CLEC2D	HUMAN_TUMOR_SUPPORTED
CLEC2L	LOW_COVERAGE
CLEC3A	RNA_RESISTANCE_CONSENSUS
CLEC3B	LOW_COVERAGE
CLEC4A	LOW_EVIDENCE
CLEC4C	LOW_COVERAGE
CLEC4D	LOW_COVERAGE
CLEC4E	LOW_COVERAGE
CLEC4F	LOW_COVERAGE
CLEC4G	LOW_COVERAGE
CLEC4M	LOW_COVERAGE
CLEC5A	LOW_COVERAGE
CLEC6A	LOW_COVERAGE
CLEC7A	LOW_EVIDENCE
CLEC9A	LOW_COVERAGE
CLECL1	LOW_COVERAGE
CLGN	LOW_EVIDENCE
CLHC1	LOW_EVIDENCE
CLIC1	RNA_RESISTANCE_CONSENSUS
CLIC2	RNA_RESISTANCE_CONSENSUS
CLIC3	RNA_RESISTANCE_CONSENSUS
CLIC4	LOW_EVIDENCE
CLIC4P1	LOW_COVERAGE
CLIC5	LOW_EVIDENCE
CLIC6	ACUTE_RESPONSE
CLINT1	LOW_EVIDENCE
CLIP1	LOW_EVIDENCE
CLIP1-AS1	LOW_EVIDENCE
CLIP2	RNA_RESISTANCE_CONSENSUS
CLIP3	RNA_RESISTANCE_CONSENSUS
CLIP4	RNA_RESISTANCE_CONSENSUS
CLK1	LOW_EVIDENCE
CLK2	LOW_EVIDENCE
CLK3	RNA_RESISTANCE_CONSENSUS
CLK4	LOW_EVIDENCE
CLLU1	LOW_COVERAGE
CLLU1OS	LOW_COVERAGE
CLMAT3	LOW_COVERAGE
CLMN	RNA_RESISTANCE_CONSENSUS
CLMP	RNA_RESISTANCE_CONSENSUS
CLN3	RNA_RESISTANCE_CONSENSUS
CLN5	LOW_EVIDENCE
CLN6	LOW_EVIDENCE
CLN8	RNA_RESISTANCE_CONSENSUS
CLNK	LOW_COVERAGE
CLNS1A	LOW_EVIDENCE
CLOCK	LOW_EVIDENCE
CLP1	LOW_EVIDENCE
CLPB	RNA_RESISTANCE_CONSENSUS
CLPP	LOW_EVIDENCE
CLPS	LOW_COVERAGE
CLPSL1	RNA_RESISTANCE_CONSENSUS
CLPSL2	RNA_RESISTANCE_CONSENSUS
CLPTM1	LOW_EVIDENCE
CLPTM1L	LOW_EVIDENCE
CLPX	LOW_EVIDENCE
CLRN1	LOW_COVERAGE
CLRN1-AS1	LOW_COVERAGE
CLRN2	LOW_COVERAGE
CLRN3	LOW_COVERAGE
CLSPN	ACUTE_RESPONSE
CLSTN1	RNA_RESISTANCE_CONSENSUS
CLSTN2	RNA_RESISTANCE_CONSENSUS
CLSTN2-AS1	LOW_COVERAGE
CLSTN3	RNA_RESISTANCE_CONSENSUS
CLTA	LOW_EVIDENCE
CLTB	LOW_EVIDENCE
CLTC	LOW_EVIDENCE
CLTCL1	RNA_RESISTANCE_CONSENSUS
CLTRN	LOW_COVERAGE
CLU	ACUTE_RESPONSE
CLUAP1	RNA_RESISTANCE_CONSENSUS
CLUH	LOW_EVIDENCE
CLUHP3	LOW_COVERAGE
CLUL1	LOW_EVIDENCE
CLVS1	LOW_EVIDENCE
CLVS2	LOW_COVERAGE
CLYBL	RNA_RESISTANCE_CONSENSUS
CLYBL-AS2	LOW_COVERAGE
CMA1	LOW_COVERAGE
CMAHP	LOW_COVERAGE
CMAS	LOW_EVIDENCE
CMB9-22P13.1	LOW_COVERAGE
CMB9-52H4.1	LOW_COVERAGE
CMB9-55A18.1	LOW_COVERAGE
CMB9-55F22.1	LOW_COVERAGE
CMBL	RNA_RESISTANCE_CONSENSUS
CMC1	LOW_EVIDENCE
CMC2	LOW_EVIDENCE
CMC4	RNA_RESISTANCE_CONSENSUS
CMIP	LOW_EVIDENCE
CMKLR1	LOW_COVERAGE
CMPK1	LOW_EVIDENCE
CMPK2	RNA_RESISTANCE_CONSENSUS
CMSS1	RNA_RESISTANCE_CONSENSUS
CMTM1	LOW_EVIDENCE
CMTM2	LOW_EVIDENCE
CMTM3	RNA_RESISTANCE_CONSENSUS
CMTM4	LOW_EVIDENCE
CMTM5	LOW_COVERAGE
CMTM6	RNA_RESISTANCE_CONSENSUS
CMTM7	LOW_EVIDENCE
CMTM8	RNA_RESISTANCE_CONSENSUS
CMTR1	LOW_EVIDENCE
CMTR2	LOW_EVIDENCE
CMYA5	RNA_RESISTANCE_CONSENSUS
CNBD1	LOW_COVERAGE
CNBD2	LOW_EVIDENCE
CNBP	LOW_EVIDENCE
CNDP1	LOW_COVERAGE
CNDP2	LOW_EVIDENCE
CNEP1R1	LOW_EVIDENCE
CNFN	RNA_RESISTANCE_CONSENSUS
CNGA1	RNA_RESISTANCE_CONSENSUS
CNGA2	LOW_COVERAGE
CNGA3	LOW_COVERAGE
CNGA4	LOW_COVERAGE
CNGB1	LOW_COVERAGE
CNGB3	LOW_EVIDENCE
CNIH1	LOW_EVIDENCE
CNIH2	RNA_RESISTANCE_CONSENSUS
CNIH3	LOW_EVIDENCE
CNIH4	RNA_RESISTANCE_CONSENSUS
CNKSR1	LOW_EVIDENCE
CNKSR2	LOW_EVIDENCE
CNKSR3	RNA_RESISTANCE_CONSENSUS
CNN1	LOW_COVERAGE
CNN2	RNA_RESISTANCE_CONSENSUS
CNN3	LOW_EVIDENCE
CNNM1	LOW_EVIDENCE
CNNM2	LOW_EVIDENCE
CNNM3	LOW_EVIDENCE
CNNM3-DT	LOW_COVERAGE
CNNM4	LOW_EVIDENCE
CNOT1	LOW_EVIDENCE
CNOT10	ACUTE_RESPONSE
CNOT10-AS1	LOW_COVERAGE
CNOT11	RNA_RESISTANCE_CONSENSUS
CNOT2	LOW_EVIDENCE
CNOT3	LOW_EVIDENCE
CNOT4	LOW_EVIDENCE
CNOT6	LOW_EVIDENCE
CNOT6L	RNA_RESISTANCE_CONSENSUS
CNOT7	LOW_EVIDENCE
CNOT8	RNA_RESISTANCE_CONSENSUS
CNOT9	LOW_COVERAGE
CNP	RNA_RESISTANCE_CONSENSUS
CNPPD1	LOW_EVIDENCE
CNPY1	LOW_COVERAGE
CNPY2	LOW_EVIDENCE
CNPY3	LOW_EVIDENCE
CNPY4	RNA_RESISTANCE_CONSENSUS
CNR1	RNA_RESISTANCE_CONSENSUS
CNR2	LOW_COVERAGE
CNRIP1	LOW_COVERAGE
CNST	RNA_RESISTANCE_CONSENSUS
CNTD1	LOW_EVIDENCE
CNTD2	RNA_RESISTANCE_CONSENSUS
CNTF	LOW_EVIDENCE
CNTFR	LOW_EVIDENCE
CNTLN	RNA_RESISTANCE_CONSENSUS
CNTN1	LOW_COVERAGE
CNTN2	LOW_EVIDENCE
CNTN3	LOW_EVIDENCE
CNTN4	LOW_EVIDENCE
CNTN5	LOW_EVIDENCE
CNTN6	LOW_COVERAGE
CNTNAP1	RNA_RESISTANCE_CONSENSUS
CNTNAP2	RNA_RESISTANCE_CONSENSUS
CNTNAP3	LOW_EVIDENCE
CNTNAP3B	LOW_EVIDENCE
CNTNAP4	LOW_COVERAGE
CNTNAP5	LOW_COVERAGE
CNTRL	RNA_RESISTANCE_CONSENSUS
CNTROB	RNA_RESISTANCE_CONSENSUS
COA1	LOW_EVIDENCE
COA3	LOW_EVIDENCE
COA4	LOW_EVIDENCE
COA5	RNA_RESISTANCE_CONSENSUS
COA6	RNA_RESISTANCE_CONSENSUS
COA6-AS1	LOW_COVERAGE
COA7	LOW_EVIDENCE
COA8	LOW_COVERAGE
COASY	LOW_EVIDENCE
COBL	LOW_EVIDENCE
COBLL1	RNA_RESISTANCE_CONSENSUS
COCH	RNA_RESISTANCE_CONSENSUS
COG1	LOW_EVIDENCE
COG2	RNA_RESISTANCE_CONSENSUS
COG3	LOW_EVIDENCE
COG4	RNA_RESISTANCE_CONSENSUS
COG5	RNA_RESISTANCE_CONSENSUS
COG6	LOW_EVIDENCE
COG7	RNA_RESISTANCE_CONSENSUS
COG8	RNA_RESISTANCE_CONSENSUS
COG8.1	LOW_COVERAGE
COIL	LOW_EVIDENCE
COL10A1	HUMAN_TUMOR_SUPPORTED
COL11A1	LOW_COVERAGE
COL11A2	RNA_RESISTANCE_CONSENSUS
COL12A1	RNA_RESISTANCE_CONSENSUS
COL13A1	LOW_EVIDENCE
COL14A1	LOW_EVIDENCE
COL15A1	LOW_EVIDENCE
COL16A1	RNA_RESISTANCE_CONSENSUS
COL17A1	LOW_EVIDENCE
COL18A1	RNA_RESISTANCE_CONSENSUS
COL19A1	LOW_COVERAGE
COL1A1	RNA_RESISTANCE_CONSENSUS
COL1A2	LOW_COVERAGE
COL20A1	LOW_COVERAGE
COL21A1	LOW_EVIDENCE
COL22A1	LOW_COVERAGE
COL23A1	HUMAN_TUMOR_SUPPORTED
COL24A1	LOW_EVIDENCE
COL25A1	LOW_EVIDENCE
COL26A1	LOW_COVERAGE
COL27A1	RNA_RESISTANCE_CONSENSUS
COL28A1	LOW_EVIDENCE
COL2A1	LOW_EVIDENCE
COL3A1	RNA_RESISTANCE_CONSENSUS
COL4A1	LOW_EVIDENCE
COL4A2	LOW_EVIDENCE
COL4A3	RNA_RESISTANCE_CONSENSUS
COL4A3BP	LOW_EVIDENCE
COL4A4	RNA_RESISTANCE_CONSENSUS
COL4A5	RNA_RESISTANCE_CONSENSUS
COL4A6	HUMAN_TUMOR_SUPPORTED
COL5A1	RNA_RESISTANCE_CONSENSUS
COL5A2	RNA_RESISTANCE_CONSENSUS
COL5A3	HUMAN_TUMOR_SUPPORTED
COL6A1	LOW_EVIDENCE
COL6A2	LOW_EVIDENCE
COL6A3	LOW_EVIDENCE
COL6A4P1	LOW_COVERAGE
COL6A4P2	LOW_COVERAGE
COL6A5	LOW_COVERAGE
COL6A6	LOW_COVERAGE
COL7A1	RNA_RESISTANCE_CONSENSUS
COL8A1	LOW_COVERAGE
COL8A2	LOW_COVERAGE
COL9A1	LOW_COVERAGE
COL9A2	RNA_RESISTANCE_CONSENSUS
COL9A3	RNA_RESISTANCE_CONSENSUS
COLCA1	LOW_COVERAGE
COLCA2	LOW_EVIDENCE
COLEC10	LOW_EVIDENCE
COLEC11	LOW_EVIDENCE
COLEC12	LOW_EVIDENCE
COLGALT1	LOW_EVIDENCE
COLGALT2	LOW_EVIDENCE
COLQ	ACUTE_RESPONSE
COMMD1	LOW_EVIDENCE
COMMD10	RNA_RESISTANCE_CONSENSUS
COMMD2	RNA_RESISTANCE_CONSENSUS
COMMD3	LOW_EVIDENCE
COMMD3-BMI1	LOW_EVIDENCE
COMMD4	LOW_EVIDENCE
COMMD5	RNA_RESISTANCE_CONSENSUS
COMMD6	LOW_EVIDENCE
COMMD7	LOW_EVIDENCE
COMMD8	LOW_EVIDENCE
COMMD9	LOW_EVIDENCE
COMP	LOW_COVERAGE
COMT	RNA_RESISTANCE_CONSENSUS
COMTD1	RNA_RESISTANCE_CONSENSUS
COP1	LOW_COVERAGE
COPA	LOW_EVIDENCE
COPB1	LOW_EVIDENCE
COPB2	LOW_EVIDENCE
COPE	LOW_EVIDENCE
COPG1	LOW_EVIDENCE
COPG2	RNA_RESISTANCE_CONSENSUS
COPRS	ACUTE_RESPONSE
COPS2	LOW_EVIDENCE
COPS3	LOW_EVIDENCE
COPS4	LOW_EVIDENCE
COPS5	LOW_EVIDENCE
COPS6	LOW_EVIDENCE
COPS7A	LOW_EVIDENCE
COPS7B	RNA_RESISTANCE_CONSENSUS
COPS8	RNA_RESISTANCE_CONSENSUS
COPS9	LOW_COVERAGE
COPZ1	LOW_EVIDENCE
COPZ2	RNA_RESISTANCE_CONSENSUS
COQ10A	LOW_EVIDENCE
COQ10B	LOW_EVIDENCE
COQ10BP2	LOW_COVERAGE
COQ2	RNA_RESISTANCE_CONSENSUS
COQ3	RNA_RESISTANCE_CONSENSUS
COQ4	RNA_RESISTANCE_CONSENSUS
COQ5	RNA_RESISTANCE_CONSENSUS
COQ6	LOW_EVIDENCE
COQ7	RNA_RESISTANCE_CONSENSUS
COQ8A	LOW_COVERAGE
COQ8B	LOW_COVERAGE
COQ9	LOW_EVIDENCE
CORIN	ACUTE_RESPONSE
CORO1A	RNA_RESISTANCE_CONSENSUS
CORO1B	RNA_RESISTANCE_CONSENSUS
CORO1C	LOW_EVIDENCE
CORO2A	RNA_RESISTANCE_CONSENSUS
CORO2B	RNA_RESISTANCE_CONSENSUS
CORO6	LOW_EVIDENCE
CORO7	LOW_EVIDENCE
CORO7-PAM16	LOW_COVERAGE
CORT	LOW_EVIDENCE
COTL1	LOW_EVIDENCE
COX10	LOW_EVIDENCE
COX10-AS1	LOW_EVIDENCE
COX11	LOW_EVIDENCE
COX14	RNA_RESISTANCE_CONSENSUS
COX15	RNA_RESISTANCE_CONSENSUS
COX16	LOW_EVIDENCE
COX17	LOW_EVIDENCE
COX17P1	LOW_COVERAGE
COX18	LOW_EVIDENCE
COX19	LOW_EVIDENCE
COX20	LOW_EVIDENCE
COX20P1	LOW_COVERAGE
COX20P2	LOW_COVERAGE
COX4I1	RNA_RESISTANCE_CONSENSUS
COX4I2	LOW_COVERAGE
COX5A	RNA_RESISTANCE_CONSENSUS
COX5B	RNA_RESISTANCE_CONSENSUS
COX5BP3	LOW_COVERAGE
COX5BP6	LOW_COVERAGE
COX6A1	LOW_EVIDENCE
COX6A1P2	LOW_COVERAGE
COX6A2	LOW_COVERAGE
COX6B1	LOW_EVIDENCE
COX6B1P5	LOW_COVERAGE
COX6B2	LOW_COVERAGE
COX6C	RNA_RESISTANCE_CONSENSUS
COX6CP1	LOW_COVERAGE
COX6CP15	LOW_COVERAGE
COX6CP17	LOW_COVERAGE
COX7A1	LOW_COVERAGE
COX7A2	LOW_EVIDENCE
COX7A2L	LOW_EVIDENCE
COX7A2P1	LOW_COVERAGE
COX7B	LOW_EVIDENCE
COX7B2	LOW_COVERAGE
COX7BP2	LOW_COVERAGE
COX7C	RNA_RESISTANCE_CONSENSUS
COX7CP1	LOW_COVERAGE
COX8A	LOW_EVIDENCE
COX8C	LOW_COVERAGE
CP	RNA_RESISTANCE_CONSENSUS
CPA1	LOW_COVERAGE
CPA2	LOW_COVERAGE
CPA3	LOW_COVERAGE
CPA4	LOW_EVIDENCE
CPA5	LOW_COVERAGE
CPA6	RNA_RESISTANCE_CONSENSUS
CPAMD8	RNA_RESISTANCE_CONSENSUS
CPB1	LOW_EVIDENCE
CPB2	LOW_COVERAGE
CPB2-AS1	RNA_RESISTANCE_CONSENSUS
CPD	LOW_EVIDENCE
CPE	RNA_RESISTANCE_CONSENSUS
CPEB1	RNA_RESISTANCE_CONSENSUS
CPEB1-AS1	LOW_COVERAGE
CPEB2	LOW_EVIDENCE
CPEB2-AS1	LOW_COVERAGE
CPEB2-DT	LOW_COVERAGE
CPEB3	LOW_EVIDENCE
CPEB4	LOW_EVIDENCE
CPED1	LOW_EVIDENCE
CPHL1P	LOW_COVERAGE
CPLANE1	LOW_COVERAGE
CPLANE2	LOW_COVERAGE
CPLX1	LOW_EVIDENCE
CPLX2	LOW_COVERAGE
CPLX3	LOW_EVIDENCE
CPLX4	LOW_COVERAGE
CPM	RNA_RESISTANCE_CONSENSUS
CPN1	LOW_COVERAGE
CPN2	LOW_COVERAGE
CPNE1	LOW_EVIDENCE
CPNE2	RNA_RESISTANCE_CONSENSUS
CPNE3	LOW_EVIDENCE
CPNE4	RNA_RESISTANCE_CONSENSUS
CPNE5	LOW_COVERAGE
CPNE6	LOW_COVERAGE
CPNE7	RNA_RESISTANCE_CONSENSUS
CPNE8	RNA_RESISTANCE_CONSENSUS
CPNE9	LOW_EVIDENCE
CPO	LOW_EVIDENCE
CPOX	RNA_RESISTANCE_CONSENSUS
CPPED1	RNA_RESISTANCE_CONSENSUS
CPQ	LOW_EVIDENCE
CPS1	RNA_RESISTANCE_CONSENSUS
CPSF1	LOW_EVIDENCE
CPSF1P1	LOW_COVERAGE
CPSF2	LOW_EVIDENCE
CPSF3	RNA_RESISTANCE_CONSENSUS
CPSF3L	LOW_EVIDENCE
CPSF4	RNA_RESISTANCE_CONSENSUS
CPSF4L	LOW_EVIDENCE
CPSF6	LOW_EVIDENCE
CPSF7	LOW_EVIDENCE
CPT1A	ACUTE_RESPONSE
CPT1B	LOW_EVIDENCE
CPT1C	RNA_RESISTANCE_CONSENSUS
CPT2	LOW_EVIDENCE
CPTP	LOW_EVIDENCE
CPVL	LOW_EVIDENCE
CPXCR1	LOW_COVERAGE
CPXM1	LOW_COVERAGE
CPXM2	RNA_RESISTANCE_CONSENSUS
CPZ	LOW_COVERAGE
CR1	LOW_COVERAGE
CR1L	LOW_COVERAGE
CR2	LOW_COVERAGE
CR381653.1	LOW_COVERAGE
CR381670.2	LOW_COVERAGE
CR392039.1	LOW_COVERAGE
CR392039.2	LOW_COVERAGE
CR392039.4	LOW_COVERAGE
CR848007.2	LOW_COVERAGE
CR936218.1	LOW_COVERAGE
CRABP1	RNA_RESISTANCE_CONSENSUS
CRABP2	RNA_RESISTANCE_CONSENSUS
CRACR2A	RNA_RESISTANCE_CONSENSUS
CRACR2B	LOW_EVIDENCE
CRADD	LOW_EVIDENCE
CRAMP1	LOW_COVERAGE
CRAMP1L	LOW_EVIDENCE
CRAT	RNA_RESISTANCE_CONSENSUS
CRAT37	LOW_COVERAGE
CRB1	LOW_COVERAGE
CRB2	LOW_COVERAGE
CRB3	ACUTE_RESPONSE
CRBN	LOW_EVIDENCE
CRCP	LOW_EVIDENCE
CRCT1	LOW_COVERAGE
CREB1	LOW_EVIDENCE
CREB3	LOW_EVIDENCE
CREB3L1	RNA_RESISTANCE_CONSENSUS
CREB3L2	RNA_RESISTANCE_CONSENSUS
CREB3L3	LOW_COVERAGE
CREB3L4	RNA_RESISTANCE_CONSENSUS
CREB5	RNA_RESISTANCE_CONSENSUS
CREBBP	LOW_EVIDENCE
CREBL2	RNA_RESISTANCE_CONSENSUS
CREBRF	LOW_EVIDENCE
CREBZF	LOW_EVIDENCE
CREG1	LOW_EVIDENCE
CREG2	LOW_EVIDENCE
CRELD1	RNA_RESISTANCE_CONSENSUS
CRELD2	ACUTE_RESPONSE
CREM	RNA_RESISTANCE_CONSENSUS
CRH	ACUTE_RESPONSE
CRHBP	LOW_COVERAGE
CRHR1	RNA_RESISTANCE_CONSENSUS
CRHR1-IT1	LOW_COVERAGE
CRHR2	LOW_COVERAGE
CRIM1	LOW_EVIDENCE
CRIM1-DT	LOW_COVERAGE
CRIP1	LOW_EVIDENCE
CRIP2	RNA_RESISTANCE_CONSENSUS
CRIP3	LOW_COVERAGE
CRIPAK	LOW_EVIDENCE
CRIPT	RNA_RESISTANCE_CONSENSUS
CRISP1	LOW_COVERAGE
CRISP2	LOW_COVERAGE
CRISP3	RNA_RESISTANCE_CONSENSUS
CRISPLD1	RNA_RESISTANCE_CONSENSUS
CRISPLD2	LOW_EVIDENCE
CRK	LOW_EVIDENCE
CRKL	RNA_RESISTANCE_CONSENSUS
CRLF1	RNA_RESISTANCE_CONSENSUS
CRLF2	LOW_COVERAGE
CRLF3	LOW_EVIDENCE
CRLS1	LOW_EVIDENCE
CRMP1	LOW_EVIDENCE
CRNDE	RNA_RESISTANCE_CONSENSUS
CRNKL1	RNA_RESISTANCE_CONSENSUS
CRNN	LOW_COVERAGE
CROCC	LOW_EVIDENCE
CROCCP2	LOW_COVERAGE
CROCCP3	LOW_COVERAGE
CROT	RNA_RESISTANCE_CONSENSUS
CRP	LOW_COVERAGE
CRPPA	LOW_COVERAGE
CRTAC1	LOW_COVERAGE
CRTAM	LOW_COVERAGE
CRTAP	LOW_EVIDENCE
CRTC1	RNA_RESISTANCE_CONSENSUS
CRTC2	LOW_EVIDENCE
CRTC3	RNA_RESISTANCE_CONSENSUS
CRTC3-AS1	LOW_COVERAGE
CRX	LOW_COVERAGE
CRY1	LOW_EVIDENCE
CRY2	LOW_EVIDENCE
CRYAA	LOW_COVERAGE
CRYAB	ACUTE_RESPONSE
CRYBA1	LOW_COVERAGE
CRYBA2	LOW_COVERAGE
CRYBA4	LOW_COVERAGE
CRYBB1	LOW_COVERAGE
CRYBB2	LOW_EVIDENCE
CRYBB2P1	LOW_COVERAGE
CRYBB3	LOW_EVIDENCE
CRYBG1	LOW_COVERAGE
CRYBG2	LOW_COVERAGE
CRYBG3	RNA_RESISTANCE_CONSENSUS
CRYGA	LOW_COVERAGE
CRYGB	LOW_COVERAGE
CRYGC	LOW_COVERAGE
CRYGD	LOW_COVERAGE
CRYGN	LOW_COVERAGE
CRYGS	LOW_EVIDENCE
CRYL1	RNA_RESISTANCE_CONSENSUS
CRYM	ACUTE_RESPONSE
CRYM-AS1	LOW_COVERAGE
CRYZ	RNA_RESISTANCE_CONSENSUS
CRYZL1	LOW_EVIDENCE
CRYZP1	LOW_COVERAGE
CS	LOW_EVIDENCE
CSAD	LOW_EVIDENCE
CSAG1	LOW_EVIDENCE
CSAG3	LOW_COVERAGE
CSAG4	LOW_COVERAGE
CSDC2	LOW_COVERAGE
CSDE1	RNA_RESISTANCE_CONSENSUS
CSE1L	ACUTE_RESPONSE
CSE1L-AS1	LOW_COVERAGE
CSF1	HUMAN_TUMOR_SUPPORTED
CSF1R	RNA_RESISTANCE_CONSENSUS
CSF2	LOW_COVERAGE
CSF2RA	LOW_EVIDENCE
CSF2RB	LOW_EVIDENCE
CSF3	LOW_COVERAGE
CSF3R	LOW_COVERAGE
CSGALNACT1	RNA_RESISTANCE_CONSENSUS
CSGALNACT2	RNA_RESISTANCE_CONSENSUS
CSH1	LOW_COVERAGE
CSH2	LOW_COVERAGE
CSHL1	LOW_COVERAGE
CSK	FUNCTIONAL_ONLY
CSKMT	LOW_COVERAGE
CSMD1	LOW_EVIDENCE
CSMD2	LOW_COVERAGE
CSMD3	LOW_COVERAGE
CSN1S1	LOW_COVERAGE
CSN2	LOW_COVERAGE
CSN3	LOW_COVERAGE
CSNK1A1	LOW_EVIDENCE
CSNK1A1L	LOW_COVERAGE
CSNK1A1P1	LOW_COVERAGE
CSNK1D	RNA_RESISTANCE_CONSENSUS
CSNK1E	LOW_EVIDENCE
CSNK1G1	LOW_EVIDENCE
CSNK1G2	LOW_EVIDENCE
CSNK1G3	LOW_EVIDENCE
CSNK2A1	LOW_EVIDENCE
CSNK2A2	LOW_EVIDENCE
CSNK2A3	LOW_EVIDENCE
CSNK2B	LOW_EVIDENCE
CSPG4	LOW_EVIDENCE
CSPG4P10	LOW_COVERAGE
CSPG4P11	LOW_COVERAGE
CSPG4P12	LOW_COVERAGE
CSPG5	LOW_EVIDENCE
CSPP1	LOW_EVIDENCE
CSRNP1	RNA_RESISTANCE_CONSENSUS
CSRNP2	RNA_RESISTANCE_CONSENSUS
CSRNP3	HUMAN_TUMOR_SUPPORTED
CSRP1	RNA_RESISTANCE_CONSENSUS
CSRP2	RNA_RESISTANCE_CONSENSUS
CSRP2BP	LOW_EVIDENCE
CSRP3	LOW_COVERAGE
CSRP3-AS1	LOW_COVERAGE
CST1	LOW_EVIDENCE
CST11	LOW_COVERAGE
CST2	LOW_EVIDENCE
CST3	RNA_RESISTANCE_CONSENSUS
CST4	LOW_EVIDENCE
CST5	LOW_COVERAGE
CST6	LOW_COVERAGE
CST7	LOW_EVIDENCE
CST8	LOW_COVERAGE
CST9	LOW_COVERAGE
CST9L	LOW_COVERAGE
CSTA	RNA_RESISTANCE_CONSENSUS
CSTB	RNA_RESISTANCE_CONSENSUS
CSTF1	LOW_EVIDENCE
CSTF2	LOW_EVIDENCE
CSTF2T	RNA_RESISTANCE_CONSENSUS
CSTF3	LOW_EVIDENCE
CSTF3-DT	LOW_COVERAGE
CSTL1	LOW_COVERAGE
CT45A1	LOW_COVERAGE
CT45A10	LOW_COVERAGE
CT45A3	LOW_COVERAGE
CT45A5	LOW_COVERAGE
CT45A6	LOW_COVERAGE
CT45A7	LOW_COVERAGE
CT45A9	LOW_COVERAGE
CT47A1	LOW_COVERAGE
CT47A10	LOW_COVERAGE
CT47A11	LOW_COVERAGE
CT47A12	LOW_COVERAGE
CT47A2	LOW_COVERAGE
CT47A3	LOW_COVERAGE
CT47A4	LOW_COVERAGE
CT47A5	LOW_COVERAGE
CT47A6	LOW_COVERAGE
CT47A7	LOW_COVERAGE
CT47A8	LOW_COVERAGE
CT47A9	LOW_COVERAGE
CT47B1	LOW_COVERAGE
CT55	LOW_COVERAGE
CT62	RNA_RESISTANCE_CONSENSUS
CT70	LOW_COVERAGE
CT83	LOW_COVERAGE
CTA-14H9.5	LOW_COVERAGE
CTA-150C2.13	LOW_COVERAGE
CTA-204B4.2	LOW_COVERAGE
CTA-204B4.7	LOW_COVERAGE
CTA-217C2.2	LOW_COVERAGE
CTA-221G9.12	LOW_COVERAGE
CTA-228A9.3	LOW_COVERAGE
CTA-228A9.4	LOW_COVERAGE
CTA-243E7.1	LOW_COVERAGE
CTA-243E7.2	LOW_COVERAGE
CTA-243E7.4	LOW_COVERAGE
CTA-246H3.11	LOW_COVERAGE
CTA-246H3.8	LOW_COVERAGE
CTA-250D10.19	LOW_COVERAGE
CTA-253N17.1	LOW_COVERAGE
CTA-276F8.1	LOW_COVERAGE
CTA-276F8.2	LOW_COVERAGE
CTA-276O3.4	LOW_COVERAGE
CTA-280A3.2	LOW_COVERAGE
CTA-292E10.6	LOW_COVERAGE
CTA-292E10.8	LOW_COVERAGE
CTA-293F17.1	LOW_COVERAGE
CTA-299D3.8	LOW_COVERAGE
CTA-29F11.1	LOW_COVERAGE
CTA-305I2.1	LOW_COVERAGE
CTA-313A17.2	LOW_COVERAGE
CTA-315H11.2	LOW_COVERAGE
CTA-331F8.1	LOW_COVERAGE
CTA-339C12.1	LOW_COVERAGE
CTA-360L10.1	LOW_COVERAGE
CTA-363E19.2	LOW_COVERAGE
CTA-363E6.1	LOW_COVERAGE
CTA-363E6.2	LOW_COVERAGE
CTA-363E6.3	LOW_COVERAGE
CTA-363E6.5	LOW_COVERAGE
CTA-363E6.6	LOW_COVERAGE
CTA-363E6.7	LOW_COVERAGE
CTA-363E6.8	LOW_COVERAGE
CTA-384D8.36	LOW_COVERAGE
CTA-390C10.10	LOW_COVERAGE
CTA-392C11.1	LOW_COVERAGE
CTA-392E5.1	LOW_COVERAGE
CTA-398F10.2	LOW_COVERAGE
CTA-407F11.7	LOW_COVERAGE
CTA-445C9.14	LOW_COVERAGE
CTA-797E19.1	LOW_COVERAGE
CTA-797E19.2	LOW_COVERAGE
CTA-941F9.10	LOW_COVERAGE
CTA-963H5.5	LOW_COVERAGE
CTA-972D3.2	LOW_COVERAGE
CTA-984G1.5	LOW_COVERAGE
CTA-989H11.1	LOW_COVERAGE
CTAG1A	LOW_COVERAGE
CTAG1B	LOW_COVERAGE
CTAG2	LOW_COVERAGE
CTAGE1	LOW_COVERAGE
CTAGE15	LOW_COVERAGE
CTAGE3P	LOW_COVERAGE
CTAGE4	LOW_EVIDENCE
CTAGE5	RNA_RESISTANCE_CONSENSUS
CTAGE6	LOW_COVERAGE
CTAGE7P	LOW_COVERAGE
CTAGE8	LOW_EVIDENCE
CTAGE9	LOW_COVERAGE
CTB-102L5.4	LOW_COVERAGE
CTB-105L4.2	LOW_COVERAGE
CTB-105N12.2	LOW_COVERAGE
CTB-109A12.1	LOW_COVERAGE
CTB-113D17.1	LOW_COVERAGE
CTB-113I20.2	LOW_COVERAGE
CTB-113P19.3	LOW_COVERAGE
CTB-113P19.5	LOW_COVERAGE
CTB-118P15.2	LOW_COVERAGE
CTB-119C2.1	LOW_COVERAGE
CTB-129O4.1	LOW_COVERAGE
CTB-129P6.11	LOW_COVERAGE
CTB-129P6.4	LOW_COVERAGE
CTB-129P6.7	LOW_COVERAGE
CTB-12A17.3	LOW_COVERAGE
CTB-12O2.1	LOW_COVERAGE
CTB-131B5.2	LOW_COVERAGE
CTB-131B5.5	LOW_COVERAGE
CTB-131K11.1	LOW_COVERAGE
CTB-134F13.1	LOW_COVERAGE
CTB-134H23.2	LOW_COVERAGE
CTB-13F3.1	LOW_COVERAGE
CTB-13L3.1	LOW_COVERAGE
CTB-147N14.6	LOW_COVERAGE
CTB-152G17.6	LOW_COVERAGE
CTB-167B5.1	LOW_COVERAGE
CTB-167G5.6	LOW_COVERAGE
CTB-171A8.1	LOW_COVERAGE
CTB-174O21.2	LOW_COVERAGE
CTB-175E5.7	LOW_COVERAGE
CTB-176F20.3	LOW_COVERAGE
CTB-178M22.1	LOW_COVERAGE
CTB-178M22.2	LOW_COVERAGE
CTB-179K24.3	LOW_COVERAGE
CTB-180C19.1	LOW_COVERAGE
CTB-181F24.1	LOW_COVERAGE
CTB-181H17.1	LOW_COVERAGE
CTB-189B5.3	LOW_COVERAGE
CTB-191K22.5	LOW_COVERAGE
CTB-191K22.6	LOW_COVERAGE
CTB-193M12.1	LOW_COVERAGE
CTB-193M12.5	LOW_COVERAGE
CTB-20D2.1	LOW_COVERAGE
CTB-25B13.12	LOW_COVERAGE
CTB-25B13.5	LOW_COVERAGE
CTB-2L9.1	LOW_COVERAGE
CTB-31N19.3	LOW_COVERAGE
CTB-31O20.2	LOW_COVERAGE
CTB-31O20.4	LOW_COVERAGE
CTB-31O20.6	LOW_COVERAGE
CTB-31O20.9	LOW_COVERAGE
CTB-33G10.1	LOW_COVERAGE
CTB-33G10.11	LOW_COVERAGE
CTB-33G10.6	LOW_COVERAGE
CTB-33O18.1	LOW_COVERAGE
CTB-33O18.3	LOW_COVERAGE
CTB-36H16.2	LOW_COVERAGE
CTB-36O1.4	LOW_COVERAGE
CTB-36O1.7	LOW_COVERAGE
CTB-39G8.3	LOW_COVERAGE
CTB-43P18.1	LOW_COVERAGE
CTB-46B19.2	LOW_COVERAGE
CTB-47B11.3	LOW_COVERAGE
CTB-49A3.2	LOW_COVERAGE
CTB-49A3.5	LOW_COVERAGE
CTB-50E14.5	LOW_COVERAGE
CTB-50L17.14	LOW_COVERAGE
CTB-50L17.5	LOW_COVERAGE
CTB-50L17.7	LOW_COVERAGE
CTB-50L17.8	LOW_COVERAGE
CTB-50L17.9	LOW_COVERAGE
CTB-51J22.1	LOW_COVERAGE
CTB-52I2.4	LOW_COVERAGE
CTB-54O9.9	LOW_COVERAGE
CTB-55O6.10	LOW_COVERAGE
CTB-55O6.12	LOW_COVERAGE
CTB-55O6.8	LOW_COVERAGE
CTB-58E17.1	LOW_COVERAGE
CTB-58E17.2	LOW_COVERAGE
CTB-58E17.3	LOW_COVERAGE
CTB-58E17.5	LOW_COVERAGE
CTB-58E17.9	LOW_COVERAGE
CTB-59C6.3	LOW_COVERAGE
CTB-5E10.3	LOW_COVERAGE
CTB-60B18.12	LOW_COVERAGE
CTB-63M22.1	LOW_COVERAGE
CTB-73N10.1	LOW_COVERAGE
CTB-75G16.1	LOW_COVERAGE
CTB-77H17.1	LOW_COVERAGE
CTB-78F1.1	LOW_COVERAGE
CTB-78F1.2	LOW_COVERAGE
CTB-78O21.1	LOW_COVERAGE
CTB-79E8.2	LOW_COVERAGE
CTB-79E8.3	LOW_COVERAGE
CTB-89H12.4	LOW_COVERAGE
CTB-92J24.2	LOW_COVERAGE
CTB-92J24.3	LOW_COVERAGE
CTB-95D12.1	LOW_COVERAGE
CTB-96E2.2	LOW_COVERAGE
CTB-96E2.3	LOW_COVERAGE
CTB-96E2.7	LOW_COVERAGE
CTBP1	RNA_RESISTANCE_CONSENSUS
CTBP1-AS	LOW_EVIDENCE
CTBP1-AS2	LOW_COVERAGE
CTBP1-DT	LOW_COVERAGE
CTBP2	RNA_RESISTANCE_CONSENSUS
CTBP2P4	LOW_COVERAGE
CTBP2P8	LOW_COVERAGE
CTBS	RNA_RESISTANCE_CONSENSUS
CTC-1337H24.3	LOW_COVERAGE
CTC-1337H24.4	LOW_COVERAGE
CTC-137K3.1	LOW_COVERAGE
CTC-203F4.2	LOW_COVERAGE
CTC-204F22.1	LOW_COVERAGE
CTC-205M6.1	LOW_COVERAGE
CTC-205M6.5	LOW_COVERAGE
CTC-209L16.1	LOW_COVERAGE
CTC-236F12.4	LOW_COVERAGE
CTC-241F20.4	LOW_COVERAGE
CTC-241N9.1	LOW_COVERAGE
CTC-246B18.10	LOW_COVERAGE
CTC-246B18.8	LOW_COVERAGE
CTC-248O19.1	LOW_COVERAGE
CTC-250I14.1	LOW_COVERAGE
CTC-250I14.3	LOW_COVERAGE
CTC-250I14.6	LOW_COVERAGE
CTC-260E6.2	LOW_COVERAGE
CTC-260E6.3	LOW_COVERAGE
CTC-260E6.4	LOW_COVERAGE
CTC-260E6.6	LOW_COVERAGE
CTC-260F20.3	LOW_COVERAGE
CTC-264O10.1	LOW_COVERAGE
CTC-264O10.2	LOW_COVERAGE
CTC-268N12.2	LOW_COVERAGE
CTC-268N12.3	LOW_COVERAGE
CTC-270D5.1	LOW_COVERAGE
CTC-273B12.10	LOW_COVERAGE
CTC-273B12.5	LOW_COVERAGE
CTC-273B12.7	LOW_COVERAGE
CTC-273B12.8	LOW_COVERAGE
CTC-276P9.4	LOW_COVERAGE
CTC-277H1.6	LOW_COVERAGE
CTC-277H1.7	LOW_COVERAGE
CTC-278L1.1	LOW_COVERAGE
CTC-281F24.1	LOW_COVERAGE
CTC-286N12.1	LOW_COVERAGE
CTC-297N7.10	LOW_COVERAGE
CTC-301O7.4	LOW_COVERAGE
CTC-303L1.1	LOW_COVERAGE
CTC-303L1.2	LOW_COVERAGE
CTC-308K20.1	LOW_COVERAGE
CTC-308K20.3	LOW_COVERAGE
CTC-308K20.4	LOW_COVERAGE
CTC-321K16.1	LOW_COVERAGE
CTC-321K16.4	LOW_COVERAGE
CTC-325H20.4	LOW_COVERAGE
CTC-325H20.7	LOW_COVERAGE
CTC-326K19.6	LOW_COVERAGE
CTC-329D1.2	LOW_COVERAGE
CTC-329H14.1	LOW_COVERAGE
CTC-336P14.1	LOW_COVERAGE
CTC-338M12.13	LOW_COVERAGE
CTC-338M12.2	LOW_COVERAGE
CTC-338M12.4	LOW_COVERAGE
CTC-338M12.5	LOW_COVERAGE
CTC-338M12.7	LOW_COVERAGE
CTC-338M12.9	LOW_COVERAGE
CTC-339F2.2	LOW_COVERAGE
CTC-340A15.2	LOW_COVERAGE
CTC-343N3.1	LOW_COVERAGE
CTC-344H19.4	LOW_COVERAGE
CTC-351M12.1	LOW_COVERAGE
CTC-353G13.1	LOW_COVERAGE
CTC-359D24.3	LOW_COVERAGE
CTC-360G5.8	LOW_COVERAGE
CTC-360G5.9	LOW_COVERAGE
CTC-365E16.1	LOW_COVERAGE
CTC-366B18.2	LOW_COVERAGE
CTC-366B18.4	LOW_COVERAGE
CTC-367J11.1	LOW_COVERAGE
CTC-398G3.1	LOW_COVERAGE
CTC-398G3.2	LOW_COVERAGE
CTC-398G3.6	LOW_COVERAGE
CTC-412M14.5	LOW_COVERAGE
CTC-421K24.1	LOW_COVERAGE
CTC-425F1.4	LOW_COVERAGE
CTC-425O23.2	LOW_COVERAGE
CTC-425O23.5	LOW_COVERAGE
CTC-428G20.2	LOW_COVERAGE
CTC-428G20.3	LOW_COVERAGE
CTC-428G20.6	LOW_COVERAGE
CTC-428H11.2	LOW_COVERAGE
CTC-429L19.3	LOW_COVERAGE
CTC-429P9.1	LOW_COVERAGE
CTC-429P9.2	LOW_COVERAGE
CTC-429P9.3	LOW_COVERAGE
CTC-429P9.4	LOW_COVERAGE
CTC-429P9.5	LOW_COVERAGE
CTC-432M15.3	LOW_COVERAGE
CTC-435M10.10	LOW_COVERAGE
CTC-435M10.12	LOW_COVERAGE
CTC-435M10.3	LOW_COVERAGE
CTC-436P18.1	LOW_COVERAGE
CTC-436P18.4	LOW_COVERAGE
CTC-436P18.5	LOW_COVERAGE
CTC-444N24.11	LOW_COVERAGE
CTC-444N24.13	LOW_COVERAGE
CTC-444N24.6	LOW_COVERAGE
CTC-444N24.7	LOW_COVERAGE
CTC-444N24.8	LOW_COVERAGE
CTC-447K7.1	LOW_COVERAGE
CTC-448D22.1	LOW_COVERAGE
CTC-448F2.4	LOW_COVERAGE
CTC-448F2.6	LOW_COVERAGE
CTC-450M9.1	LOW_COVERAGE
CTC-451P13.1	LOW_COVERAGE
CTC-453G23.5	LOW_COVERAGE
CTC-453G23.7	LOW_COVERAGE
CTC-453G23.8	LOW_COVERAGE
CTC-454I21.3	LOW_COVERAGE
CTC-454I21.4	LOW_COVERAGE
CTC-455F18.3	LOW_COVERAGE
CTC-457E21.9	LOW_COVERAGE
CTC-458I2.2	LOW_COVERAGE
CTC-459F4.1	LOW_COVERAGE
CTC-459F4.3	LOW_COVERAGE
CTC-459F4.6	LOW_COVERAGE
CTC-459F4.9	LOW_COVERAGE
CTC-459M5.1	LOW_COVERAGE
CTC-459M5.2	LOW_COVERAGE
CTC-463A16.1	LOW_COVERAGE
CTC-470E21.1	LOW_COVERAGE
CTC-471F3.5	LOW_COVERAGE
CTC-471J1.10	LOW_COVERAGE
CTC-471J1.11	LOW_COVERAGE
CTC-471J1.2	LOW_COVERAGE
CTC-471J1.8	LOW_COVERAGE
CTC-479C5.10	LOW_COVERAGE
CTC-479C5.12	LOW_COVERAGE
CTC-480C2.1	LOW_COVERAGE
CTC-487M23.5	LOW_COVERAGE
CTC-487M23.6	LOW_COVERAGE
CTC-487M23.7	LOW_COVERAGE
CTC-487M23.8	LOW_COVERAGE
CTC-490E21.10	LOW_COVERAGE
CTC-490E21.11	LOW_COVERAGE
CTC-490E21.12	LOW_COVERAGE
CTC-492K19.4	LOW_COVERAGE
CTC-492K19.7	LOW_COVERAGE
CTC-497E21.3	LOW_COVERAGE
CTC-498J12.1	LOW_COVERAGE
CTC-498J12.3	LOW_COVERAGE
CTC-499B15.4	LOW_COVERAGE
CTC-499B15.6	LOW_COVERAGE
CTC-506B8.1	LOW_COVERAGE
CTC-507E2.2	LOW_COVERAGE
CTC-510F12.2	LOW_COVERAGE
CTC-510F12.4	LOW_COVERAGE
CTC-510F12.6	LOW_COVERAGE
CTC-510F12.7	LOW_COVERAGE
CTC-512J12.4	LOW_COVERAGE
CTC-512J12.6	LOW_COVERAGE
CTC-512J12.7	LOW_COVERAGE
CTC-513N18.7	LOW_COVERAGE
CTC-518B2.12	LOW_COVERAGE
CTC-518P12.6	LOW_COVERAGE
CTC-523E23.1	LOW_COVERAGE
CTC-523E23.11	LOW_COVERAGE
CTC-523E23.3	LOW_COVERAGE
CTC-523E23.4	LOW_COVERAGE
CTC-523E23.5	LOW_COVERAGE
CTC-524C5.2	LOW_COVERAGE
CTC-526N19.1	LOW_COVERAGE
CTC-527H23.1	LOW_COVERAGE
CTC-529I10.1	LOW_COVERAGE
CTC-529I10.2	LOW_COVERAGE
CTC-534A2.2	LOW_COVERAGE
CTC-535M15.2	LOW_COVERAGE
CTC-537E7.1	LOW_COVERAGE
CTC-537E7.2	LOW_COVERAGE
CTC-537E7.3	LOW_COVERAGE
CTC-542B22.2	LOW_COVERAGE
CTC-543D15.8	LOW_COVERAGE
CTC-548K16.1	LOW_COVERAGE
CTC-550B14.6	LOW_COVERAGE
CTC-550B14.7	LOW_COVERAGE
CTC-554D6.1	LOW_COVERAGE
CTC-558O2.1	LOW_COVERAGE
CTC-558O2.2	LOW_COVERAGE
CTC-559E9.1	LOW_COVERAGE
CTC-559E9.13	LOW_COVERAGE
CTC-559E9.4	LOW_COVERAGE
CTC-559E9.5	LOW_COVERAGE
CTC-559E9.6	LOW_COVERAGE
CTC-559E9.8	LOW_COVERAGE
CTC-563A5.2	LOW_COVERAGE
CTC-564N23.2	LOW_COVERAGE
CTC-571O20.1	LOW_COVERAGE
CTC-575D19.1	LOW_COVERAGE
CTC-575I10.1	LOW_COVERAGE
CTC-575N7.1	LOW_COVERAGE
CTC-786C10.1	LOW_COVERAGE
CTC1	RNA_RESISTANCE_CONSENSUS
CTCF	LOW_EVIDENCE
CTCFL	LOW_COVERAGE
CTD-2001C12.1	LOW_COVERAGE
CTD-2002H8.2	LOW_COVERAGE
CTD-2002J20.1	LOW_COVERAGE
CTD-2006C1.10	LOW_COVERAGE
CTD-2006C1.12	LOW_COVERAGE
CTD-2006C1.13	LOW_COVERAGE
CTD-2006C1.2	LOW_COVERAGE
CTD-2006C1.6	LOW_COVERAGE
CTD-2006H14.2	LOW_COVERAGE
CTD-2006M22.2	LOW_COVERAGE
CTD-2007L18.5	LOW_COVERAGE
CTD-2008A1.1	LOW_COVERAGE
CTD-2008E3.1	LOW_COVERAGE
CTD-2008P7.10	LOW_COVERAGE
CTD-2008P7.9	LOW_COVERAGE
CTD-2010I16.1	LOW_COVERAGE
CTD-2012J19.1	LOW_COVERAGE
CTD-2012J19.2	LOW_COVERAGE
CTD-2012J19.3	LOW_COVERAGE
CTD-2012K14.2	LOW_COVERAGE
CTD-2012K14.3	LOW_COVERAGE
CTD-2012K14.4	LOW_COVERAGE
CTD-2012K14.5	LOW_COVERAGE
CTD-2012K14.6	LOW_COVERAGE
CTD-2012K14.7	LOW_COVERAGE
CTD-2012K14.8	LOW_COVERAGE
CTD-2013N17.1	LOW_COVERAGE
CTD-2013N17.6	LOW_COVERAGE
CTD-2013N24.2	LOW_COVERAGE
CTD-2014D20.1	LOW_COVERAGE
CTD-2015B23.2	LOW_COVERAGE
CTD-2015H3.1	LOW_COVERAGE
CTD-2015H3.2	LOW_COVERAGE
CTD-2015H6.3	LOW_COVERAGE
CTD-2017C7.1	LOW_COVERAGE
CTD-2017C7.2	LOW_COVERAGE
CTD-2017C7.3	LOW_COVERAGE
CTD-2017D11.1	LOW_COVERAGE
CTD-2017D11.2	LOW_COVERAGE
CTD-2017F17.2	LOW_COVERAGE
CTD-2020K17.1	LOW_COVERAGE
CTD-2020K17.3	LOW_COVERAGE
CTD-2020K17.4	LOW_COVERAGE
CTD-2021H9.2	LOW_COVERAGE
CTD-2021H9.3	LOW_COVERAGE
CTD-2022H16.3	LOW_COVERAGE
CTD-2024F21.1	LOW_COVERAGE
CTD-2024I7.1	LOW_COVERAGE
CTD-2024I7.13	LOW_COVERAGE
CTD-2024I7.18	LOW_COVERAGE
CTD-2024P10.1	LOW_COVERAGE
CTD-2026D20.2	LOW_COVERAGE
CTD-2026D20.3	LOW_COVERAGE
CTD-2026K11.2	LOW_COVERAGE
CTD-2026K11.4	LOW_COVERAGE
CTD-2026K11.6	LOW_COVERAGE
CTD-2027G2.1	LOW_COVERAGE
CTD-2027I19.2	LOW_COVERAGE
CTD-2027I19.3	LOW_COVERAGE
CTD-2031P19.4	LOW_COVERAGE
CTD-2031P19.5	LOW_COVERAGE
CTD-2033A16.1	LOW_COVERAGE
CTD-2033A16.2	LOW_COVERAGE
CTD-2033A16.3	LOW_COVERAGE
CTD-2033C11.1	LOW_COVERAGE
CTD-2033D15.1	LOW_COVERAGE
CTD-2033D15.2	LOW_COVERAGE
CTD-2033D15.3	LOW_COVERAGE
CTD-2034I4.1	LOW_COVERAGE
CTD-2034I4.2	LOW_COVERAGE
CTD-2035E11.3	LOW_COVERAGE
CTD-2035E11.4	LOW_COVERAGE
CTD-2035E11.5	LOW_COVERAGE
CTD-2036A18.2	LOW_COVERAGE
CTD-2036P10.3	LOW_COVERAGE
CTD-2036P10.5	LOW_COVERAGE
CTD-2036P10.6	LOW_COVERAGE
CTD-2044J15.2	LOW_COVERAGE
CTD-2046J7.1	LOW_COVERAGE
CTD-2047H16.2	LOW_COVERAGE
CTD-2047H16.3	LOW_COVERAGE
CTD-2047H16.4	LOW_COVERAGE
CTD-2047H16.5	LOW_COVERAGE
CTD-2049O4.1	LOW_COVERAGE
CTD-2055G21.1	LOW_COVERAGE
CTD-2058B24.2	LOW_COVERAGE
CTD-2058B24.3	LOW_COVERAGE
CTD-2062A1.2	LOW_COVERAGE
CTD-2081C10.5	LOW_COVERAGE
CTD-2083E4.4	LOW_COVERAGE
CTD-2083E4.5	LOW_COVERAGE
CTD-2083E4.6	LOW_COVERAGE
CTD-2085J24.4	LOW_COVERAGE
CTD-2086O20.1	LOW_COVERAGE
CTD-2090I13.2	LOW_COVERAGE
CTD-2095E4.3	LOW_COVERAGE
CTD-2104P17.2	LOW_COVERAGE
CTD-2105E13.14	LOW_COVERAGE
CTD-2105E13.15	LOW_COVERAGE
CTD-2114J12.1	LOW_COVERAGE
CTD-2116N17.1	LOW_COVERAGE
CTD-2118P12.1	LOW_COVERAGE
CTD-2124B8.2	LOW_COVERAGE
CTD-2126E3.3	LOW_COVERAGE
CTD-2126E3.4	LOW_COVERAGE
CTD-2132N18.2	LOW_COVERAGE
CTD-2132N18.3	LOW_COVERAGE
CTD-2132N18.4	LOW_COVERAGE
CTD-2134A5.4	LOW_COVERAGE
CTD-2135D7.2	LOW_COVERAGE
CTD-2135J3.4	LOW_COVERAGE
CTD-2138O14.1	LOW_COVERAGE
CTD-2139B15.2	LOW_COVERAGE
CTD-2139B15.5	LOW_COVERAGE
CTD-2140B24.4	LOW_COVERAGE
CTD-2140B24.6	LOW_COVERAGE
CTD-2143L24.1	LOW_COVERAGE
CTD-2145A24.4	LOW_COVERAGE
CTD-2145A24.5	LOW_COVERAGE
CTD-2146O16.1	LOW_COVERAGE
CTD-2147F2.1	LOW_COVERAGE
CTD-2152M20.2	LOW_COVERAGE
CTD-2154I11.2	LOW_COVERAGE
CTD-2158P22.1	LOW_COVERAGE
CTD-2161E19.1	LOW_COVERAGE
CTD-2162K18.4	LOW_COVERAGE
CTD-2165H16.4	LOW_COVERAGE
CTD-2179L22.1	LOW_COVERAGE
CTD-2184C24.2	LOW_COVERAGE
CTD-2184D3.5	LOW_COVERAGE
CTD-2184D3.6	LOW_COVERAGE
CTD-2184D3.7	LOW_COVERAGE
CTD-2186M15.3	LOW_COVERAGE
CTD-2187J20.1	LOW_COVERAGE
CTD-2192J16.15	LOW_COVERAGE
CTD-2192J16.20	LOW_COVERAGE
CTD-2192J16.21	LOW_COVERAGE
CTD-2192J16.22	LOW_COVERAGE
CTD-2192J16.24	LOW_COVERAGE
CTD-2192J16.26	LOW_COVERAGE
CTD-2194D22.3	LOW_COVERAGE
CTD-2194D22.4	LOW_COVERAGE
CTD-2196E14.3	LOW_COVERAGE
CTD-2196E14.5	LOW_COVERAGE
CTD-2196E14.6	LOW_COVERAGE
CTD-2196E14.7	LOW_COVERAGE
CTD-2196E14.9	LOW_COVERAGE
CTD-2199O4.1	LOW_COVERAGE
CTD-2199O4.3	LOW_COVERAGE
CTD-2199O4.6	LOW_COVERAGE
CTD-2199O4.7	LOW_COVERAGE
CTD-2200P10.1	LOW_COVERAGE
CTD-2201E18.3	LOW_COVERAGE
CTD-2201E9.1	LOW_COVERAGE
CTD-2201E9.2	LOW_COVERAGE
CTD-2201E9.3	LOW_COVERAGE
CTD-2201E9.4	LOW_COVERAGE
CTD-2201G3.1	LOW_COVERAGE
CTD-2203K17.1	LOW_COVERAGE
CTD-2206N4.4	LOW_COVERAGE
CTD-2207O23.10	LOW_COVERAGE
CTD-2207O23.12	LOW_COVERAGE
CTD-2207O23.3	LOW_COVERAGE
CTD-2210P15.3	LOW_COVERAGE
CTD-2213F21.2	LOW_COVERAGE
CTD-2215E18.1	LOW_COVERAGE
CTD-2215E18.2	LOW_COVERAGE
CTD-2215E18.3	LOW_COVERAGE
CTD-2215L10.1	LOW_COVERAGE
CTD-2223O18.1	LOW_COVERAGE
CTD-2224J9.4	LOW_COVERAGE
CTD-2224J9.8	LOW_COVERAGE
CTD-2227E11.1	LOW_COVERAGE
CTD-2228K2.7	LOW_COVERAGE
CTD-2231E14.2	LOW_COVERAGE
CTD-2231E14.8	LOW_COVERAGE
CTD-2231H16.1	LOW_COVERAGE
CTD-2233K9.1	LOW_COVERAGE
CTD-2235C13.1	LOW_COVERAGE
CTD-2235C13.3	LOW_COVERAGE
CTD-2240E14.4	LOW_COVERAGE
CTD-2240H23.2	LOW_COVERAGE
CTD-2240J17.2	LOW_COVERAGE
CTD-2240J17.3	LOW_COVERAGE
CTD-2245E15.3	LOW_COVERAGE
CTD-2245F17.3	LOW_COVERAGE
CTD-2248H3.1	LOW_COVERAGE
CTD-2256P15.1	LOW_COVERAGE
CTD-2256P15.2	LOW_COVERAGE
CTD-2256P15.4	LOW_COVERAGE
CTD-2260A17.1	LOW_COVERAGE
CTD-2260A17.2	LOW_COVERAGE
CTD-2262B20.1	LOW_COVERAGE
CTD-2265D6.2	LOW_COVERAGE
CTD-2265O21.7	LOW_COVERAGE
CTD-2266L18.1	LOW_COVERAGE
CTD-2267D19.1	LOW_COVERAGE
CTD-2267D19.3	LOW_COVERAGE
CTD-2267D19.4	LOW_COVERAGE
CTD-2270L9.4	LOW_COVERAGE
CTD-2270N23.1	LOW_COVERAGE
CTD-2270P14.1	LOW_COVERAGE
CTD-2270P14.2	LOW_COVERAGE
CTD-2270P14.5	LOW_COVERAGE
CTD-2277K2.1	LOW_COVERAGE
CTD-2278I10.4	LOW_COVERAGE
CTD-2278I10.6	LOW_COVERAGE
CTD-2280E9.1	LOW_COVERAGE
CTD-2281M20.1	LOW_COVERAGE
CTD-2283N19.1	LOW_COVERAGE
CTD-2284J15.1	LOW_COVERAGE
CTD-2285G11.1	LOW_COVERAGE
CTD-2286N8.1	LOW_COVERAGE
CTD-2286N8.2	LOW_COVERAGE
CTD-2287O16.1	LOW_COVERAGE
CTD-2287O16.5	LOW_COVERAGE
CTD-2291D10.4	LOW_COVERAGE
CTD-2292M16.7	LOW_COVERAGE
CTD-2292M16.8	LOW_COVERAGE
CTD-2292P10.2	LOW_COVERAGE
CTD-2292P10.4	LOW_COVERAGE
CTD-2293H3.1	LOW_COVERAGE
CTD-2293H3.2	LOW_COVERAGE
CTD-2301A4.1	LOW_COVERAGE
CTD-2301A4.3	LOW_COVERAGE
CTD-2302E22.2	LOW_COVERAGE
CTD-2302E22.4	LOW_COVERAGE
CTD-2302E22.5	LOW_COVERAGE
CTD-2302E22.6	LOW_COVERAGE
CTD-2303H24.2	LOW_COVERAGE
CTD-2306M5.1	LOW_COVERAGE
CTD-2308G16.1	LOW_COVERAGE
CTD-2308L22.1	LOW_COVERAGE
CTD-2310F14.1	LOW_COVERAGE
CTD-2313J17.1	LOW_COVERAGE
CTD-2313J17.5	LOW_COVERAGE
CTD-2313J17.6	LOW_COVERAGE
CTD-2313J17.7	LOW_COVERAGE
CTD-2313N18.7	LOW_COVERAGE
CTD-2315E11.1	LOW_COVERAGE
CTD-2315M5.2	LOW_COVERAGE
CTD-2318O12.1	LOW_COVERAGE
CTD-2319I12.2	LOW_COVERAGE
CTD-2319I12.4	LOW_COVERAGE
CTD-2320J21.2	LOW_COVERAGE
CTD-2323K18.1	LOW_COVERAGE
CTD-2325A15.5	LOW_COVERAGE
CTD-2325M2.1	LOW_COVERAGE
CTD-2325P2.4	LOW_COVERAGE
CTD-2326C4.1	LOW_COVERAGE
CTD-2329K10.1	LOW_COVERAGE
CTD-2331H12.5	LOW_COVERAGE
CTD-2331H12.7	LOW_COVERAGE
CTD-2336O2.1	LOW_COVERAGE
CTD-2336O2.3	LOW_COVERAGE
CTD-2339L15.3	LOW_COVERAGE
CTD-2339M3.1	LOW_COVERAGE
CTD-2340D6.1	LOW_COVERAGE
CTD-2341M24.1	LOW_COVERAGE
CTD-2342J14.6	LOW_COVERAGE
CTD-2342N23.1	LOW_COVERAGE
CTD-2349B8.1	LOW_COVERAGE
CTD-2349P21.10	LOW_COVERAGE
CTD-2349P21.11	LOW_COVERAGE
CTD-2349P21.12	LOW_COVERAGE
CTD-2349P21.3	LOW_COVERAGE
CTD-2349P21.5	LOW_COVERAGE
CTD-2349P21.6	LOW_COVERAGE
CTD-2349P21.7	LOW_COVERAGE
CTD-2349P21.9	LOW_COVERAGE
CTD-2350J17.1	LOW_COVERAGE
CTD-2357A8.2	LOW_COVERAGE
CTD-2358C21.4	LOW_COVERAGE
CTD-2358C21.5	LOW_COVERAGE
CTD-2366F13.1	LOW_COVERAGE
CTD-2366F13.2	LOW_COVERAGE
CTD-2368P22.1	LOW_COVERAGE
CTD-2369P2.10	LOW_COVERAGE
CTD-2369P2.12	LOW_COVERAGE
CTD-2369P2.2	LOW_COVERAGE
CTD-2369P2.4	LOW_COVERAGE
CTD-2369P2.5	LOW_COVERAGE
CTD-2369P2.8	LOW_COVERAGE
CTD-2370N5.3	LOW_COVERAGE
CTD-2371O3.2	LOW_COVERAGE
CTD-2371O3.3	LOW_COVERAGE
CTD-2373H9.3	LOW_COVERAGE
CTD-2373J6.2	LOW_COVERAGE
CTD-2373N4.3	LOW_COVERAGE
CTD-2373N4.5	LOW_COVERAGE
CTD-2377O17.1	LOW_COVERAGE
CTD-2381F24.1	LOW_COVERAGE
CTD-2383M3.1	LOW_COVERAGE
CTD-2384A14.1	LOW_COVERAGE
CTD-2384A14.2	LOW_COVERAGE
CTD-2396E7.10	LOW_COVERAGE
CTD-2396E7.11	LOW_COVERAGE
CTD-2410N18.3	LOW_COVERAGE
CTD-2410N18.4	LOW_COVERAGE
CTD-2410N18.5	LOW_COVERAGE
CTD-2501B8.1	LOW_COVERAGE
CTD-2501E16.2	LOW_COVERAGE
CTD-2503I6.1	LOW_COVERAGE
CTD-2506P8.6	LOW_COVERAGE
CTD-2509G16.5	LOW_COVERAGE
CTD-2510F5.4	LOW_COVERAGE
CTD-2510F5.6	LOW_COVERAGE
CTD-2514C3.1	LOW_COVERAGE
CTD-2515A14.1	LOW_COVERAGE
CTD-2515H24.4	LOW_COVERAGE
CTD-2515O10.5	LOW_COVERAGE
CTD-2516F10.2	LOW_COVERAGE
CTD-2516F10.4	LOW_COVERAGE
CTD-2517M22.14	LOW_COVERAGE
CTD-2517M22.16	LOW_COVERAGE
CTD-2517M22.17	LOW_COVERAGE
CTD-2517O10.6	LOW_COVERAGE
CTD-2521M24.4	LOW_COVERAGE
CTD-2521M24.5	LOW_COVERAGE
CTD-2521M24.6	LOW_COVERAGE
CTD-2521M24.8	LOW_COVERAGE
CTD-2521M24.9	LOW_COVERAGE
CTD-2522E6.4	LOW_COVERAGE
CTD-2523D13.2	LOW_COVERAGE
CTD-2524L6.3	LOW_COVERAGE
CTD-2525I3.3	LOW_COVERAGE
CTD-2525I3.5	LOW_COVERAGE
CTD-2525I3.6	LOW_COVERAGE
CTD-2525P14.5	LOW_COVERAGE
CTD-2526A2.2	LOW_COVERAGE
CTD-2528L19.4	LOW_COVERAGE
CTD-2528L19.6	LOW_COVERAGE
CTD-2529P6.3	LOW_COVERAGE
CTD-2530N21.4	LOW_COVERAGE
CTD-2531D15.5	LOW_COVERAGE
CTD-2532D12.4	LOW_COVERAGE
CTD-2535I10.1	LOW_COVERAGE
CTD-2535L24.2	LOW_COVERAGE
CTD-2537I9.12	LOW_COVERAGE
CTD-2537I9.18	LOW_COVERAGE
CTD-2538C1.2	LOW_COVERAGE
CTD-2540B15.11	LOW_COVERAGE
CTD-2540B15.13	LOW_COVERAGE
CTD-2540B15.7	LOW_COVERAGE
CTD-2540B15.9	LOW_COVERAGE
CTD-2540L5.5	LOW_COVERAGE
CTD-2540L5.9	LOW_COVERAGE
CTD-2541J13.2	LOW_COVERAGE
CTD-2542C24.5	LOW_COVERAGE
CTD-2542L18.1	LOW_COVERAGE
CTD-2544N14.3	LOW_COVERAGE
CTD-2545G14.4	LOW_COVERAGE
CTD-2545G14.6	LOW_COVERAGE
CTD-2545G14.7	LOW_COVERAGE
CTD-2545H1.1	LOW_COVERAGE
CTD-2545H1.2	LOW_COVERAGE
CTD-2545M3.2	LOW_COVERAGE
CTD-2545M3.6	LOW_COVERAGE
CTD-2547E10.3	LOW_COVERAGE
CTD-2547G23.2	LOW_COVERAGE
CTD-2547G23.4	LOW_COVERAGE
CTD-2547H18.1	LOW_COVERAGE
CTD-2547L16.1	LOW_COVERAGE
CTD-2547L24.3	LOW_COVERAGE
CTD-2547L24.4	LOW_COVERAGE
CTD-2550O8.5	LOW_COVERAGE
CTD-2553L13.10	LOW_COVERAGE
CTD-2553L13.5	LOW_COVERAGE
CTD-2553L13.7	LOW_COVERAGE
CTD-2553L13.9	LOW_COVERAGE
CTD-2554C21.1	LOW_COVERAGE
CTD-2555A7.2	LOW_COVERAGE
CTD-2555A7.3	LOW_COVERAGE
CTD-2555K7.2	LOW_COVERAGE
CTD-2555O16.1	LOW_COVERAGE
CTD-2555O16.2	LOW_COVERAGE
CTD-2555O16.4	LOW_COVERAGE
CTD-2560C21.1	LOW_COVERAGE
CTD-2561B21.3	LOW_COVERAGE
CTD-2561B21.4	LOW_COVERAGE
CTD-2561B21.5	LOW_COVERAGE
CTD-2561B21.7	LOW_COVERAGE
CTD-2561B21.8	LOW_COVERAGE
CTD-2561J22.2	LOW_COVERAGE
CTD-2561J22.3	LOW_COVERAGE
CTD-2561J22.5	LOW_COVERAGE
CTD-2562G15.2	LOW_COVERAGE
CTD-2562G15.3	LOW_COVERAGE
CTD-2562J15.4	LOW_COVERAGE
CTD-2562J17.6	LOW_COVERAGE
CTD-2562J17.7	LOW_COVERAGE
CTD-2562J17.9	LOW_COVERAGE
CTD-2566J3.1	LOW_COVERAGE
CTD-2566J3.2	LOW_COVERAGE
CTD-2574D22.2	LOW_COVERAGE
CTD-2574D22.3	LOW_COVERAGE
CTD-2574D22.4	LOW_COVERAGE
CTD-2574D22.6	LOW_COVERAGE
CTD-2574D22.7	LOW_COVERAGE
CTD-2582M21.1	LOW_COVERAGE
CTD-2583A14.10	LOW_COVERAGE
CTD-2583A14.11	LOW_COVERAGE
CTD-2583A14.8	LOW_COVERAGE
CTD-2583A14.9	LOW_COVERAGE
CTD-2587H19.3	LOW_COVERAGE
CTD-2587H24.10	LOW_COVERAGE
CTD-2587H24.14	LOW_COVERAGE
CTD-2587H24.4	LOW_COVERAGE
CTD-2587H24.5	LOW_COVERAGE
CTD-2587M2.1	LOW_COVERAGE
CTD-2588J6.1	LOW_COVERAGE
CTD-2589H19.6	LOW_COVERAGE
CTD-2589M5.4	LOW_COVERAGE
CTD-2591A6.2	LOW_COVERAGE
CTD-2600H12.2	LOW_COVERAGE
CTD-2609K8.3	LOW_COVERAGE
CTD-2616J11.11	LOW_COVERAGE
CTD-2616J11.16	LOW_COVERAGE
CTD-2616J11.9	LOW_COVERAGE
CTD-2619J13.14	LOW_COVERAGE
CTD-2619J13.16	LOW_COVERAGE
CTD-2619J13.17	LOW_COVERAGE
CTD-2619J13.19	LOW_COVERAGE
CTD-2619J13.23	LOW_COVERAGE
CTD-2619J13.27	LOW_COVERAGE
CTD-2619J13.3	LOW_COVERAGE
CTD-2619J13.5	LOW_COVERAGE
CTD-2619J13.8	LOW_COVERAGE
CTD-2619J13.9	LOW_COVERAGE
CTD-2620I22.1	LOW_COVERAGE
CTD-2620I22.3	LOW_COVERAGE
CTD-2621I17.3	LOW_COVERAGE
CTD-2622I13.3	LOW_COVERAGE
CTD-2623N2.3	LOW_COVERAGE
CTD-2626G11.2	LOW_COVERAGE
CTD-2630F21.1	LOW_COVERAGE
CTD-2636A23.2	LOW_COVERAGE
CTD-2647E9.1	LOW_COVERAGE
CTD-2647L4.1	LOW_COVERAGE
CTD-2647L4.4	LOW_COVERAGE
CTD-2647L4.5	LOW_COVERAGE
CTD-2649C14.2	LOW_COVERAGE
CTD-2650P22.1	LOW_COVERAGE
CTD-2650P22.2	LOW_COVERAGE
CTD-2651B20.6	LOW_COVERAGE
CTD-2651B20.7	LOW_COVERAGE
CTD-2653D5.1	LOW_COVERAGE
CTD-2659N19.10	LOW_COVERAGE
CTD-2659N19.2	LOW_COVERAGE
CTD-2659N19.9	LOW_COVERAGE
CTD-2666L21.1	LOW_COVERAGE
CTD-2666L21.2	LOW_COVERAGE
CTD-3001H11.2	LOW_COVERAGE
CTD-3006G17.2	LOW_COVERAGE
CTD-3010D24.3	LOW_COVERAGE
CTD-3014M21.1	LOW_COVERAGE
CTD-3018O17.3	LOW_COVERAGE
CTD-3018O17.5	LOW_COVERAGE
CTD-3022L24.1	LOW_COVERAGE
CTD-3023L14.2	LOW_COVERAGE
CTD-3025N20.3	LOW_COVERAGE
CTD-3032H12.1	LOW_COVERAGE
CTD-3032H12.2	LOW_COVERAGE
CTD-3032J10.2	LOW_COVERAGE
CTD-3032J10.3	LOW_COVERAGE
CTD-3032J10.4	LOW_COVERAGE
CTD-3035D6.1	LOW_COVERAGE
CTD-3035D6.2	LOW_COVERAGE
CTD-3035K23.3	LOW_COVERAGE
CTD-3035K23.7	LOW_COVERAGE
CTD-3051D23.1	LOW_COVERAGE
CTD-3057O21.1	LOW_COVERAGE
CTD-3060P21.1	LOW_COVERAGE
CTD-3064C13.1	LOW_COVERAGE
CTD-3064H18.1	LOW_COVERAGE
CTD-3064H18.2	LOW_COVERAGE
CTD-3064H18.4	LOW_COVERAGE
CTD-3065B20.2	LOW_COVERAGE
CTD-3065B20.3	LOW_COVERAGE
CTD-3065J16.6	LOW_COVERAGE
CTD-3065J16.9	LOW_COVERAGE
CTD-3074O7.11	LOW_COVERAGE
CTD-3074O7.12	LOW_COVERAGE
CTD-3074O7.5	LOW_COVERAGE
CTD-3076O17.1	LOW_COVERAGE
CTD-3088G3.8	LOW_COVERAGE
CTD-3092A11.1	LOW_COVERAGE
CTD-3092A11.2	LOW_COVERAGE
CTD-3099C6.11	LOW_COVERAGE
CTD-3099C6.5	LOW_COVERAGE
CTD-3099C6.7	LOW_COVERAGE
CTD-3099C6.9	LOW_COVERAGE
CTD-3105H18.11	LOW_COVERAGE
CTD-3105H18.14	LOW_COVERAGE
CTD-3105H18.16	LOW_COVERAGE
CTD-3105H18.18	LOW_COVERAGE
CTD-3105H18.4	LOW_COVERAGE
CTD-3105H18.8	LOW_COVERAGE
CTD-3110H11.1	LOW_COVERAGE
CTD-3113P16.5	LOW_COVERAGE
CTD-3118D7.1	LOW_COVERAGE
CTD-3126B10.1	LOW_COVERAGE
CTD-3128G10.6	LOW_COVERAGE
CTD-3131K8.2	LOW_COVERAGE
CTD-3131K8.3	LOW_COVERAGE
CTD-3137H5.4	LOW_COVERAGE
CTD-3137H5.5	LOW_COVERAGE
CTD-3138B18.4	LOW_COVERAGE
CTD-3138B18.5	LOW_COVERAGE
CTD-3138B18.6	LOW_COVERAGE
CTD-3141N22.1	LOW_COVERAGE
CTD-3148I10.15	LOW_COVERAGE
CTD-3148I10.9	LOW_COVERAGE
CTD-3154N5.1	LOW_COVERAGE
CTD-3154N5.2	LOW_COVERAGE
CTD-3157E16.1	LOW_COVERAGE
CTD-3157E16.2	LOW_COVERAGE
CTD-3162L10.1	LOW_COVERAGE
CTD-3179P9.1	LOW_COVERAGE
CTD-3184A7.4	LOW_COVERAGE
CTD-3185P2.1	LOW_COVERAGE
CTD-3193K9.1	LOW_COVERAGE
CTD-3193O13.1	LOW_COVERAGE
CTD-3193O13.11	LOW_COVERAGE
CTD-3193O13.12	LOW_COVERAGE
CTD-3193O13.14	LOW_COVERAGE
CTD-3193O13.8	LOW_COVERAGE
CTD-3195I5.1	LOW_COVERAGE
CTD-3195I5.3	LOW_COVERAGE
CTD-3195I5.5	LOW_COVERAGE
CTD-3199J23.6	LOW_COVERAGE
CTD-3203P2.1	LOW_COVERAGE
CTD-3214H19.16	LOW_COVERAGE
CTD-3214H19.4	LOW_COVERAGE
CTD-3214H19.6	LOW_COVERAGE
CTD-3216D2.5	LOW_COVERAGE
CTD-3220F14.1	LOW_COVERAGE
CTD-3220F14.2	LOW_COVERAGE
CTD-3220F14.3	LOW_COVERAGE
CTD-3222D19.10	LOW_COVERAGE
CTD-3222D19.11	LOW_COVERAGE
CTD-3222D19.12	LOW_COVERAGE
CTD-3222D19.2	LOW_COVERAGE
CTD-3222D19.4	LOW_COVERAGE
CTD-3222D19.8	LOW_COVERAGE
CTD-3222D19.9	LOW_COVERAGE
CTD-3234P18.6	LOW_COVERAGE
CTD-3236F5.1	LOW_COVERAGE
CTD-3239E11.2	LOW_COVERAGE
CTD-3252C9.4	LOW_COVERAGE
CTDNEP1	FUNCTIONAL_ONLY
CTDP1	LOW_EVIDENCE
CTDSP1	LOW_EVIDENCE
CTDSP2	LOW_EVIDENCE
CTDSPL	RNA_RESISTANCE_CONSENSUS
CTDSPL2	LOW_EVIDENCE
CTF1	RNA_RESISTANCE_CONSENSUS
CTGF	RNA_RESISTANCE_CONSENSUS
CTGLF11P	LOW_COVERAGE
CTGLF12P	LOW_COVERAGE
CTH	RNA_RESISTANCE_CONSENSUS
CTHRC1	RNA_RESISTANCE_CONSENSUS
CTIF	LOW_EVIDENCE
CTLA4	LOW_COVERAGE
CTNNA1	LOW_EVIDENCE
CTNNA2	LOW_COVERAGE
CTNNA3	RNA_RESISTANCE_CONSENSUS
CTNNAL1	LOW_EVIDENCE
CTNNAP1	LOW_COVERAGE
CTNNB1	RNA_RESISTANCE_CONSENSUS
CTNNBIP1	LOW_EVIDENCE
CTNNBL1	RNA_RESISTANCE_CONSENSUS
CTNND1	LOW_EVIDENCE
CTNND2	RNA_RESISTANCE_CONSENSUS
CTNS	LOW_EVIDENCE
CTPS1	ACUTE_RESPONSE
CTPS2	RNA_RESISTANCE_CONSENSUS
CTR9	LOW_EVIDENCE
CTRB1	LOW_COVERAGE
CTRB2	LOW_COVERAGE
CTRC	LOW_COVERAGE
CTRL	LOW_EVIDENCE
CTSA	LOW_EVIDENCE
CTSB	RNA_RESISTANCE_CONSENSUS
CTSC	RNA_RESISTANCE_CONSENSUS
CTSD	RNA_RESISTANCE_CONSENSUS
CTSE	LOW_COVERAGE
CTSF	HUMAN_TUMOR_SUPPORTED
CTSG	LOW_COVERAGE
CTSH	RNA_RESISTANCE_CONSENSUS
CTSK	LOW_EVIDENCE
CTSL	RNA_RESISTANCE_CONSENSUS
CTSO	RNA_RESISTANCE_CONSENSUS
CTSS	LOW_EVIDENCE
CTSV	RNA_RESISTANCE_CONSENSUS
CTSW	LOW_COVERAGE
CTSZ	CONTEXT_DEPENDENT
CTTN	LOW_EVIDENCE
CTTNBP2	LOW_EVIDENCE
CTTNBP2NL	LOW_EVIDENCE
CTU1	LOW_EVIDENCE
CTU2	LOW_EVIDENCE
CTXN1	LOW_EVIDENCE
CTXN2	LOW_COVERAGE
CTXN3	LOW_COVERAGE
CU104787.1	LOW_COVERAGE
CU459211.1	LOW_COVERAGE
CU633906.5	LOW_COVERAGE
CU633967.1	LOW_COVERAGE
CU634019.5	LOW_COVERAGE
CU638689.4	LOW_COVERAGE
CU638689.5	LOW_COVERAGE
CUBN	LOW_EVIDENCE
CUEDC1	RNA_RESISTANCE_CONSENSUS
CUEDC2	RNA_RESISTANCE_CONSENSUS
CUL1	RNA_RESISTANCE_CONSENSUS
CUL2	LOW_EVIDENCE
CUL3	RNA_RESISTANCE_CONSENSUS
CUL4A	RNA_RESISTANCE_CONSENSUS
CUL4B	LOW_EVIDENCE
CUL5	LOW_EVIDENCE
CUL7	LOW_EVIDENCE
CUL9	LOW_EVIDENCE
CUTA	LOW_EVIDENCE
CUTC	RNA_RESISTANCE_CONSENSUS
CUX1	MULTIMODAL_STRONG
CUX2	LOW_COVERAGE
CUZD1	LOW_EVIDENCE
CWC15	LOW_EVIDENCE
CWC22	RNA_RESISTANCE_CONSENSUS
CWC25	LOW_EVIDENCE
CWC27	LOW_EVIDENCE
CWF19L1	RNA_RESISTANCE_CONSENSUS
CWF19L2	LOW_EVIDENCE
CWH43	LOW_COVERAGE
CX3CL1	LOW_EVIDENCE
CX3CR1	LOW_COVERAGE
CXADR	RNA_RESISTANCE_CONSENSUS
CXADRP1	LOW_COVERAGE
CXADRP3	LOW_COVERAGE
CXCL1	LOW_COVERAGE
CXCL10	LOW_COVERAGE
CXCL11	LOW_COVERAGE
CXCL12	RNA_RESISTANCE_CONSENSUS
CXCL13	LOW_COVERAGE
CXCL14	RNA_RESISTANCE_CONSENSUS
CXCL16	LOW_EVIDENCE
CXCL17	RNA_RESISTANCE_CONSENSUS
CXCL2	LOW_COVERAGE
CXCL3	LOW_COVERAGE
CXCL5	LOW_COVERAGE
CXCL6	LOW_COVERAGE
CXCL8	RNA_RESISTANCE_CONSENSUS
CXCL9	LOW_COVERAGE
CXCR1	LOW_COVERAGE
CXCR2	LOW_COVERAGE
CXCR3	LOW_COVERAGE
CXCR4	RNA_RESISTANCE_CONSENSUS
CXCR5	HUMAN_TUMOR_SUPPORTED
CXCR6	LOW_COVERAGE
CXXC1	LOW_EVIDENCE
CXXC4	RNA_RESISTANCE_CONSENSUS
CXXC4-AS1	LOW_COVERAGE
CXXC5	RNA_RESISTANCE_CONSENSUS
CXorf21	LOW_COVERAGE
CXorf23	LOW_EVIDENCE
CXorf24	LOW_COVERAGE
CXorf36	LOW_COVERAGE
CXorf38	LOW_EVIDENCE
CXorf40A	LOW_EVIDENCE
CXorf40B	LOW_EVIDENCE
CXorf49	LOW_COVERAGE
CXorf49B	LOW_COVERAGE
CXorf51A	LOW_COVERAGE
CXorf51B	LOW_COVERAGE
CXorf56	LOW_EVIDENCE
CXorf57	LOW_EVIDENCE
CXorf58	LOW_COVERAGE
CXorf65	LOW_COVERAGE
CXorf66	LOW_COVERAGE
CXorf67	LOW_COVERAGE
CYB561	LOW_EVIDENCE
CYB561A3	LOW_EVIDENCE
CYB561D1	LOW_EVIDENCE
CYB561D2	LOW_EVIDENCE
CYB561D2.1	LOW_COVERAGE
CYB5A	LOW_EVIDENCE
CYB5B	RNA_RESISTANCE_CONSENSUS
CYB5D1	LOW_EVIDENCE
CYB5D2	RNA_RESISTANCE_CONSENSUS
CYB5R1	LOW_EVIDENCE
CYB5R2	LOW_EVIDENCE
CYB5R3	RNA_RESISTANCE_CONSENSUS
CYB5R4	LOW_EVIDENCE
CYB5RL	LOW_EVIDENCE
CYBA	LOW_EVIDENCE
CYBB	LOW_EVIDENCE
CYBC1	LOW_COVERAGE
CYBRD1	RNA_RESISTANCE_CONSENSUS
CYC1	LOW_EVIDENCE
CYCS	LOW_EVIDENCE
CYCSP10	LOW_COVERAGE
CYCSP11	LOW_COVERAGE
CYCSP2	LOW_COVERAGE
CYCSP24	LOW_COVERAGE
CYCSP34	LOW_COVERAGE
CYCSP41	LOW_COVERAGE
CYCSP6	LOW_COVERAGE
CYFIP1	LOW_EVIDENCE
CYFIP2	RNA_RESISTANCE_CONSENSUS
CYGB	LOW_COVERAGE
CYHR1	LOW_EVIDENCE
CYLC1	LOW_COVERAGE
CYLC2	LOW_COVERAGE
CYLD	LOW_EVIDENCE
CYP11A1	LOW_COVERAGE
CYP11B1	LOW_COVERAGE
CYP11B2	LOW_COVERAGE
CYP17A1	LOW_COVERAGE
CYP17A1-AS1	LOW_COVERAGE
CYP19A1	LOW_EVIDENCE
CYP1A1	LOW_EVIDENCE
CYP1A2	LOW_COVERAGE
CYP1B1	RNA_RESISTANCE_CONSENSUS
CYP1B1-AS1	LOW_EVIDENCE
CYP20A1	LOW_EVIDENCE
CYP21A2	LOW_COVERAGE
CYP24A1	HUMAN_TUMOR_SUPPORTED
CYP26A1	LOW_EVIDENCE
CYP26B1	RNA_RESISTANCE_CONSENSUS
CYP26C1	LOW_COVERAGE
CYP27A1	LOW_EVIDENCE
CYP27B1	LOW_EVIDENCE
CYP27C1	LOW_COVERAGE
CYP2A13	LOW_COVERAGE
CYP2A6	LOW_EVIDENCE
CYP2A7	ACUTE_RESPONSE
CYP2B6	LOW_COVERAGE
CYP2B7P	LOW_COVERAGE
CYP2C18	LOW_COVERAGE
CYP2C19	LOW_COVERAGE
CYP2C8	LOW_COVERAGE
CYP2C9	LOW_COVERAGE
CYP2D6	LOW_EVIDENCE
CYP2D7	LOW_COVERAGE
CYP2D7P	LOW_COVERAGE
CYP2E1	LOW_EVIDENCE
CYP2F1	LOW_COVERAGE
CYP2F2P	LOW_COVERAGE
CYP2G1P	LOW_COVERAGE
CYP2J2	LOW_EVIDENCE
CYP2R1	LOW_EVIDENCE
CYP2S1	RNA_RESISTANCE_CONSENSUS
CYP2T1P	LOW_COVERAGE
CYP2U1	RNA_RESISTANCE_CONSENSUS
CYP2W1	LOW_COVERAGE
CYP39A1	RNA_RESISTANCE_CONSENSUS
CYP3A4	LOW_COVERAGE
CYP3A43	LOW_COVERAGE
CYP3A5	LOW_EVIDENCE
CYP3A7	LOW_COVERAGE
CYP3A7-CYP3A51P	LOW_COVERAGE
CYP46A1	LOW_EVIDENCE
CYP4A11	LOW_COVERAGE
CYP4A22	LOW_COVERAGE
CYP4A22-AS1	LOW_COVERAGE
CYP4B1	RNA_RESISTANCE_CONSENSUS
CYP4F11	RNA_RESISTANCE_CONSENSUS
CYP4F12	LOW_EVIDENCE
CYP4F2	LOW_COVERAGE
CYP4F22	RNA_RESISTANCE_CONSENSUS
CYP4F23P	LOW_COVERAGE
CYP4F26P	LOW_EVIDENCE
CYP4F27P	LOW_COVERAGE
CYP4F29P	LOW_COVERAGE
CYP4F3	LOW_EVIDENCE
CYP4F30P	LOW_COVERAGE
CYP4F35P	LOW_COVERAGE
CYP4F60P	LOW_COVERAGE
CYP4F62P	LOW_COVERAGE
CYP4F8	LOW_EVIDENCE
CYP4V2	RNA_RESISTANCE_CONSENSUS
CYP4X1	LOW_EVIDENCE
CYP4Z1	LOW_EVIDENCE
CYP4Z2P	LOW_COVERAGE
CYP51A1	LOW_EVIDENCE
CYP51A1-AS1	LOW_COVERAGE
CYP51A1P1	LOW_COVERAGE
CYP51A1P2	LOW_COVERAGE
CYP51A1P3	LOW_COVERAGE
CYP7A1	LOW_COVERAGE
CYP7B1	LOW_COVERAGE
CYP8B1	LOW_COVERAGE
CYR61	RNA_RESISTANCE_CONSENSUS
CYREN	LOW_COVERAGE
CYS1	LOW_COVERAGE
CYSLTR1	HUMAN_TUMOR_SUPPORTED
CYSLTR2	LOW_COVERAGE
CYSRT1	LOW_EVIDENCE
CYSTM1	ACUTE_RESPONSE
CYTH1	LOW_EVIDENCE
CYTH2	LOW_EVIDENCE
CYTH3	LOW_EVIDENCE
CYTH4	LOW_COVERAGE
CYTIP	LOW_EVIDENCE
CYTL1	LOW_COVERAGE
CYTOR	LOW_COVERAGE
CYYR1	LOW_EVIDENCE
CYYR1-AS1	LOW_COVERAGE
CZIB	LOW_COVERAGE
D2HGDH	LOW_EVIDENCE
D4S234E	LOW_COVERAGE
DAAM1	LOW_EVIDENCE
DAAM2	LOW_EVIDENCE
DAB1	LOW_EVIDENCE
DAB2	RNA_RESISTANCE_CONSENSUS
DAB2IP	LOW_EVIDENCE
DACH1	HUMAN_TUMOR_SUPPORTED
DACH2	RNA_RESISTANCE_CONSENSUS
DACT1	LOW_COVERAGE
DACT2	LOW_COVERAGE
DACT3	RNA_RESISTANCE_CONSENSUS
DACT3-AS1	LOW_COVERAGE
DAD1	LOW_EVIDENCE
DAG1	LOW_EVIDENCE
DAGLA	LOW_EVIDENCE
DAGLB	LOW_EVIDENCE
DAK	LOW_COVERAGE
DALRD3	LOW_EVIDENCE
DANCR	LOW_EVIDENCE
DAND5	LOW_EVIDENCE
DANT2	LOW_EVIDENCE
DAO	LOW_COVERAGE
DAOA	LOW_COVERAGE
DAP	RNA_RESISTANCE_CONSENSUS
DAP3	LOW_EVIDENCE
DAP3P2	LOW_COVERAGE
DAPK1	LOW_EVIDENCE
DAPK2	RNA_RESISTANCE_CONSENSUS
DAPK3	LOW_EVIDENCE
DAPL1	LOW_EVIDENCE
DAPP1	LOW_EVIDENCE
DARS	LOW_EVIDENCE
DARS-AS1	RNA_RESISTANCE_CONSENSUS
DARS2	RNA_RESISTANCE_CONSENSUS
DAW1	LOW_COVERAGE
DAXX	LOW_EVIDENCE
DAZ1	LOW_COVERAGE
DAZ2	LOW_COVERAGE
DAZ3	LOW_COVERAGE
DAZ4	LOW_COVERAGE
DAZAP1	LOW_EVIDENCE
DAZAP2	LOW_EVIDENCE
DAZL	LOW_COVERAGE
DBF4	LOW_EVIDENCE
DBF4B	LOW_EVIDENCE
DBF4P1	LOW_COVERAGE
DBH	LOW_COVERAGE
DBI	RNA_RESISTANCE_CONSENSUS
DBIL5P	LOW_COVERAGE
DBN1	RNA_RESISTANCE_CONSENSUS
DBNDD1	RNA_RESISTANCE_CONSENSUS
DBNDD2	RNA_RESISTANCE_CONSENSUS
DBNL	LOW_EVIDENCE
DBP	RNA_RESISTANCE_CONSENSUS
DBR1	LOW_EVIDENCE
DBT	LOW_EVIDENCE
DBX1	LOW_COVERAGE
DBX2	LOW_COVERAGE
DCAF1	LOW_COVERAGE
DCAF10	LOW_EVIDENCE
DCAF11	LOW_EVIDENCE
DCAF12	LOW_EVIDENCE
DCAF12L1	LOW_COVERAGE
DCAF12L2	LOW_COVERAGE
DCAF13	LOW_EVIDENCE
DCAF13P1	LOW_COVERAGE
DCAF13P3	LOW_COVERAGE
DCAF15	RNA_RESISTANCE_CONSENSUS
DCAF16	LOW_EVIDENCE
DCAF17	LOW_EVIDENCE
DCAF4	RNA_RESISTANCE_CONSENSUS
DCAF4L1	LOW_EVIDENCE
DCAF4L2	LOW_COVERAGE
DCAF5	RNA_RESISTANCE_CONSENSUS
DCAF6	LOW_EVIDENCE
DCAF7	LOW_EVIDENCE
DCAF8	LOW_EVIDENCE
DCAF8L1	LOW_COVERAGE
DCAF8L2	LOW_COVERAGE
DCAKD	RNA_RESISTANCE_CONSENSUS
DCANP1	LOW_COVERAGE
DCBLD1	LOW_EVIDENCE
DCBLD2	RNA_RESISTANCE_CONSENSUS
DCC	LOW_COVERAGE
DCD	LOW_COVERAGE
DCDC1	LOW_EVIDENCE
DCDC2	RNA_RESISTANCE_CONSENSUS
DCDC2B	LOW_EVIDENCE
DCDC2C	LOW_COVERAGE
DCDC5	LOW_COVERAGE
DCHS1	LOW_EVIDENCE
DCHS2	LOW_COVERAGE
DCK	LOW_EVIDENCE
DCLK1	RNA_RESISTANCE_CONSENSUS
DCLK2	LOW_EVIDENCE
DCLK3	LOW_COVERAGE
DCLRE1A	RNA_RESISTANCE_CONSENSUS
DCLRE1B	LOW_EVIDENCE
DCLRE1C	LOW_EVIDENCE
DCN	LOW_COVERAGE
DCP1A	LOW_EVIDENCE
DCP1B	LOW_EVIDENCE
DCP2	LOW_EVIDENCE
DCPS	LOW_EVIDENCE
DCST1	LOW_EVIDENCE
DCST1-AS1	LOW_COVERAGE
DCST2	LOW_EVIDENCE
DCSTAMP	LOW_COVERAGE
DCT	LOW_COVERAGE
DCTD	LOW_EVIDENCE
DCTN1	LOW_EVIDENCE
DCTN1-AS1	LOW_COVERAGE
DCTN2	LOW_EVIDENCE
DCTN3	LOW_EVIDENCE
DCTN4	LOW_EVIDENCE
DCTN5	LOW_EVIDENCE
DCTN6	RNA_RESISTANCE_CONSENSUS
DCTPP1	RNA_RESISTANCE_CONSENSUS
DCUN1D1	RNA_RESISTANCE_CONSENSUS
DCUN1D2	RNA_RESISTANCE_CONSENSUS
DCUN1D2-AS	LOW_COVERAGE
DCUN1D3	LOW_EVIDENCE
DCUN1D4	LOW_EVIDENCE
DCUN1D5	LOW_EVIDENCE
DCX	LOW_COVERAGE
DCXR	RNA_RESISTANCE_CONSENSUS
DCXR-DT	LOW_COVERAGE
DDA1	LOW_EVIDENCE
DDAH1	LOW_EVIDENCE
DDAH2	RNA_RESISTANCE_CONSENSUS
DDB1	LOW_EVIDENCE
DDB2	RNA_RESISTANCE_CONSENSUS
DDC	LOW_COVERAGE
DDHD1	RNA_RESISTANCE_CONSENSUS
DDHD2	RNA_RESISTANCE_CONSENSUS
DDI1	LOW_COVERAGE
DDI2	RNA_RESISTANCE_CONSENSUS
DDIAS	RNA_RESISTANCE_CONSENSUS
DDIT3	RNA_RESISTANCE_CONSENSUS
DDIT4	RNA_RESISTANCE_CONSENSUS
DDIT4-AS1	LOW_COVERAGE
DDIT4L	LOW_EVIDENCE
DDN	LOW_EVIDENCE
DDN-AS1	LOW_COVERAGE
DDO	LOW_COVERAGE
DDOST	LOW_EVIDENCE
DDR1	LOW_EVIDENCE
DDR2	LOW_EVIDENCE
DDRGK1	LOW_EVIDENCE
DDT	LOW_EVIDENCE
DDTL	LOW_EVIDENCE
DDX1	LOW_EVIDENCE
DDX10	RNA_RESISTANCE_CONSENSUS
DDX10P1	LOW_COVERAGE
DDX10P2	LOW_COVERAGE
DDX11	LOW_EVIDENCE
DDX11-AS1	LOW_EVIDENCE
DDX11L10	LOW_COVERAGE
DDX11L2	LOW_COVERAGE
DDX11L8	LOW_COVERAGE
DDX12P	LOW_COVERAGE
DDX17	LOW_EVIDENCE
DDX18	LOW_EVIDENCE
DDX18P1	LOW_COVERAGE
DDX18P5	LOW_COVERAGE
DDX19A	LOW_EVIDENCE
DDX19B	RNA_RESISTANCE_CONSENSUS
DDX20	LOW_EVIDENCE
DDX21	LOW_EVIDENCE
DDX23	LOW_EVIDENCE
DDX24	LOW_EVIDENCE
DDX25	LOW_COVERAGE
DDX26B	LOW_EVIDENCE
DDX27	LOW_EVIDENCE
DDX28	LOW_EVIDENCE
DDX31	RNA_RESISTANCE_CONSENSUS
DDX39A	RNA_RESISTANCE_CONSENSUS
DDX39B	LOW_EVIDENCE
DDX39B-AS1	LOW_COVERAGE
DDX3P1	LOW_COVERAGE
DDX3P2	LOW_COVERAGE
DDX3X	LOW_EVIDENCE
DDX3Y	LOW_COVERAGE
DDX4	LOW_COVERAGE
DDX41	LOW_EVIDENCE
DDX42	LOW_EVIDENCE
DDX43	LOW_EVIDENCE
DDX46	LOW_EVIDENCE
DDX47	RNA_RESISTANCE_CONSENSUS
DDX49	LOW_EVIDENCE
DDX5	LOW_EVIDENCE
DDX50	LOW_EVIDENCE
DDX50P1	LOW_COVERAGE
DDX50P2	LOW_COVERAGE
DDX51	LOW_EVIDENCE
DDX52	LOW_EVIDENCE
DDX53	LOW_COVERAGE
DDX54	LOW_EVIDENCE
DDX55	LOW_EVIDENCE
DDX55P1	LOW_COVERAGE
DDX56	LOW_EVIDENCE
DDX58	RNA_RESISTANCE_CONSENSUS
DDX59	LOW_EVIDENCE
DDX59-AS1	LOW_COVERAGE
DDX6	RNA_RESISTANCE_CONSENSUS
DDX60	RNA_RESISTANCE_CONSENSUS
DDX60L	RNA_RESISTANCE_CONSENSUS
DEAF1	RNA_RESISTANCE_CONSENSUS
DEAR	LOW_COVERAGE
DEC1	LOW_COVERAGE
DECR1	LOW_EVIDENCE
DECR2	RNA_RESISTANCE_CONSENSUS
DEDD	LOW_EVIDENCE
DEDD2	LOW_EVIDENCE
DEF6	LOW_EVIDENCE
DEF8	LOW_EVIDENCE
DEFA1	LOW_COVERAGE
DEFA1B	LOW_COVERAGE
DEFA3	LOW_COVERAGE
DEFA4	LOW_COVERAGE
DEFA5	LOW_COVERAGE
DEFA6	LOW_COVERAGE
DEFB1	RNA_RESISTANCE_CONSENSUS
DEFB103A	LOW_COVERAGE
DEFB104B	LOW_COVERAGE
DEFB105A	LOW_COVERAGE
DEFB105B	LOW_COVERAGE
DEFB106A	LOW_COVERAGE
DEFB107A	LOW_COVERAGE
DEFB108B	LOW_COVERAGE
DEFB109P3	LOW_COVERAGE
DEFB110	LOW_COVERAGE
DEFB112	LOW_COVERAGE
DEFB113	LOW_COVERAGE
DEFB114	LOW_COVERAGE
DEFB115	LOW_COVERAGE
DEFB116	LOW_COVERAGE
DEFB118	LOW_COVERAGE
DEFB119	LOW_COVERAGE
DEFB121	LOW_COVERAGE
DEFB123	LOW_COVERAGE
DEFB124	LOW_COVERAGE
DEFB125	LOW_COVERAGE
DEFB126	LOW_COVERAGE
DEFB127	LOW_COVERAGE
DEFB128	LOW_COVERAGE
DEFB129	LOW_COVERAGE
DEFB130	LOW_COVERAGE
DEFB131	LOW_COVERAGE
DEFB131B	LOW_COVERAGE
DEFB132	LOW_COVERAGE
DEFB133	LOW_COVERAGE
DEFB134	LOW_COVERAGE
DEFB135	LOW_COVERAGE
DEFB136	LOW_COVERAGE
DEFB4A	LOW_COVERAGE
DEFB4B	LOW_COVERAGE
DEGS1	RNA_RESISTANCE_CONSENSUS
DEGS2	RNA_RESISTANCE_CONSENSUS
DEK	LOW_EVIDENCE
DELE1	LOW_COVERAGE
DENND10	LOW_COVERAGE
DENND11	LOW_COVERAGE
DENND1A	RNA_RESISTANCE_CONSENSUS
DENND1B	LOW_EVIDENCE
DENND1C	LOW_COVERAGE
DENND2A	LOW_EVIDENCE
DENND2C	RNA_RESISTANCE_CONSENSUS
DENND2D	LOW_EVIDENCE
DENND3	LOW_EVIDENCE
DENND4A	LOW_EVIDENCE
DENND4B	LOW_EVIDENCE
DENND4C	LOW_EVIDENCE
DENND5A	LOW_EVIDENCE
DENND5B	RNA_RESISTANCE_CONSENSUS
DENND5B-AS1	LOW_COVERAGE
DENND6A	LOW_EVIDENCE
DENND6A-AS1	LOW_EVIDENCE
DENND6A-DT	LOW_COVERAGE
DENND6B	LOW_EVIDENCE
DENR	LOW_EVIDENCE
DEPDC1	LOW_EVIDENCE
DEPDC1-AS1	LOW_COVERAGE
DEPDC1B	LOW_EVIDENCE
DEPDC4	LOW_EVIDENCE
DEPDC5	RNA_RESISTANCE_CONSENSUS
DEPDC7	LOW_EVIDENCE
DEPP1	LOW_COVERAGE
DEPTOR	LOW_EVIDENCE
DERA	RNA_RESISTANCE_CONSENSUS
DERL1	LOW_EVIDENCE
DERL2	RNA_RESISTANCE_CONSENSUS
DERL3	ACUTE_RESPONSE
DES	LOW_COVERAGE
DESI1	LOW_EVIDENCE
DESI2	RNA_RESISTANCE_CONSENSUS
DET1	LOW_EVIDENCE
DEUP1	LOW_COVERAGE
DEXI	LOW_EVIDENCE
DFFA	LOW_EVIDENCE
DFFB	LOW_EVIDENCE
DFFBP1	LOW_COVERAGE
DFNA5	LOW_COVERAGE
DFNB31	LOW_EVIDENCE
DFNB59	LOW_COVERAGE
DGAT1	LOW_EVIDENCE
DGAT2	RNA_RESISTANCE_CONSENSUS
DGAT2L6	LOW_COVERAGE
DGCR11	LOW_EVIDENCE
DGCR12	LOW_COVERAGE
DGCR14	LOW_EVIDENCE
DGCR2	LOW_EVIDENCE
DGCR5	LOW_COVERAGE
DGCR6	LOW_EVIDENCE
DGCR6L	LOW_EVIDENCE
DGCR8	LOW_EVIDENCE
DGCR9	LOW_COVERAGE
DGKA	RNA_RESISTANCE_CONSENSUS
DGKB	LOW_EVIDENCE
DGKD	RNA_RESISTANCE_CONSENSUS
DGKE	LOW_EVIDENCE
DGKG	LOW_EVIDENCE
DGKH	LOW_EVIDENCE
DGKI	RNA_RESISTANCE_CONSENSUS
DGKK	LOW_COVERAGE
DGKQ	LOW_EVIDENCE
DGKZ	LOW_EVIDENCE
DGKZP1	LOW_COVERAGE
DGLUCY	LOW_COVERAGE
DGUOK	LOW_EVIDENCE
DGUOK-AS1	LOW_EVIDENCE
DHCR24	ACUTE_RESPONSE
DHCR24-DT	LOW_COVERAGE
DHCR7	ACUTE_RESPONSE
DHDDS	LOW_EVIDENCE
DHDH	LOW_EVIDENCE
DHFR	RNA_RESISTANCE_CONSENSUS
DHFR2	LOW_COVERAGE
DHFRL1	LOW_EVIDENCE
DHFRP1	LOW_COVERAGE
DHH	LOW_COVERAGE
DHODH	RNA_RESISTANCE_CONSENSUS
DHPS	RNA_RESISTANCE_CONSENSUS
DHRS1	RNA_RESISTANCE_CONSENSUS
DHRS11	LOW_EVIDENCE
DHRS12	LOW_EVIDENCE
DHRS13	RNA_RESISTANCE_CONSENSUS
DHRS2	RNA_RESISTANCE_CONSENSUS
DHRS3	RNA_RESISTANCE_CONSENSUS
DHRS4	LOW_EVIDENCE
DHRS4-AS1	RNA_RESISTANCE_CONSENSUS
DHRS4L1	LOW_COVERAGE
DHRS4L2	LOW_EVIDENCE
DHRS7	RNA_RESISTANCE_CONSENSUS
DHRS7B	LOW_EVIDENCE
DHRS7C	LOW_COVERAGE
DHRS9	LOW_EVIDENCE
DHRSX	RNA_RESISTANCE_CONSENSUS
DHRSX-IT1	LOW_COVERAGE
DHTKD1	RNA_RESISTANCE_CONSENSUS
DHX15	RNA_RESISTANCE_CONSENSUS
DHX16	LOW_EVIDENCE
DHX29	LOW_EVIDENCE
DHX30	LOW_EVIDENCE
DHX32	LOW_EVIDENCE
DHX33	LOW_EVIDENCE
DHX34	RNA_RESISTANCE_CONSENSUS
DHX35	LOW_EVIDENCE
DHX36	LOW_EVIDENCE
DHX37	LOW_EVIDENCE
DHX38	LOW_EVIDENCE
DHX40	LOW_EVIDENCE
DHX40P1	LOW_COVERAGE
DHX57	LOW_EVIDENCE
DHX58	HUMAN_TUMOR_SUPPORTED
DHX8	LOW_EVIDENCE
DHX9	LOW_EVIDENCE
DHX9P1	LOW_COVERAGE
DIABLO	LOW_EVIDENCE
DIABLO.1	LOW_COVERAGE
DIAPH1	LOW_EVIDENCE
DIAPH2	RNA_RESISTANCE_CONSENSUS
DIAPH2-AS1	LOW_COVERAGE
DIAPH3	LOW_EVIDENCE
DIAPH3-AS1	LOW_COVERAGE
DIAPH3-AS2	LOW_COVERAGE
DICER1	LOW_EVIDENCE
DICER1-AS1	LOW_EVIDENCE
DIDO1	RNA_RESISTANCE_CONSENSUS
DIEXF	LOW_EVIDENCE
DIMT1	LOW_EVIDENCE
DIO1	LOW_EVIDENCE
DIO2	LOW_EVIDENCE
DIO2-AS1	LOW_COVERAGE
DIO3	RNA_RESISTANCE_CONSENSUS
DIO3OS	LOW_COVERAGE
DIP2A	LOW_EVIDENCE
DIP2A-IT1	LOW_COVERAGE
DIP2B	RNA_RESISTANCE_CONSENSUS
DIP2C	RNA_RESISTANCE_CONSENSUS
DIPK1A	LOW_COVERAGE
DIPK1B	LOW_COVERAGE
DIPK2A	LOW_COVERAGE
DIRAS1	LOW_EVIDENCE
DIRAS2	LOW_EVIDENCE
DIRAS3	LOW_EVIDENCE
DIRC1	LOW_COVERAGE
DIRC2	RNA_RESISTANCE_CONSENSUS
DIRC3	RNA_RESISTANCE_CONSENSUS
DIRC3-AS1	LOW_COVERAGE
DIS3	LOW_EVIDENCE
DIS3L	RNA_RESISTANCE_CONSENSUS
DIS3L2	RNA_RESISTANCE_CONSENSUS
DISC1	RNA_RESISTANCE_CONSENSUS
DISC1FP1	LOW_COVERAGE
DISP1	LOW_EVIDENCE
DISP2	LOW_EVIDENCE
DISP3	LOW_COVERAGE
DIXDC1	RNA_RESISTANCE_CONSENSUS
DKC1	LOW_EVIDENCE
DKFZP434I0714	LOW_COVERAGE
DKFZP434K028	LOW_COVERAGE
DKFZP586I1420	LOW_COVERAGE
DKFZp434P228	LOW_COVERAGE
DKK1	RNA_RESISTANCE_CONSENSUS
DKK2	LOW_COVERAGE
DKK3	LOW_COVERAGE
DKK4	LOW_COVERAGE
DKKL1	LOW_EVIDENCE
DLAT	LOW_EVIDENCE
DLC1	RNA_RESISTANCE_CONSENSUS
DLD	RNA_RESISTANCE_CONSENSUS
DLEC1	LOW_EVIDENCE
DLEU1	LOW_EVIDENCE
DLEU1-AS1	LOW_COVERAGE
DLEU1_1	LOW_COVERAGE
DLEU1_2	LOW_COVERAGE
DLEU2	RNA_RESISTANCE_CONSENSUS
DLEU2L	LOW_COVERAGE
DLEU2_1	LOW_COVERAGE
DLEU2_2	LOW_COVERAGE
DLEU2_3	LOW_COVERAGE
DLEU2_4	LOW_COVERAGE
DLEU2_5	LOW_COVERAGE
DLEU7	LOW_EVIDENCE
DLEU7-AS1	LOW_COVERAGE
DLG1	LOW_EVIDENCE
DLG1-AS1	LOW_COVERAGE
DLG2	RNA_RESISTANCE_CONSENSUS
DLG3	LOW_EVIDENCE
DLG3-AS1	RNA_RESISTANCE_CONSENSUS
DLG4	RNA_RESISTANCE_CONSENSUS
DLG5	RNA_RESISTANCE_CONSENSUS
DLG5-AS1	LOW_EVIDENCE
DLGAP1	RNA_RESISTANCE_CONSENSUS
DLGAP1-AS1	RNA_RESISTANCE_CONSENSUS
DLGAP1-AS2	LOW_EVIDENCE
DLGAP2	LOW_COVERAGE
DLGAP3	LOW_EVIDENCE
DLGAP4	RNA_RESISTANCE_CONSENSUS
DLGAP4-AS1	LOW_COVERAGE
DLGAP5	LOW_EVIDENCE
DLK1	LOW_COVERAGE
DLK2	LOW_EVIDENCE
DLL1	RNA_RESISTANCE_CONSENSUS
DLL3	LOW_EVIDENCE
DLL4	RNA_RESISTANCE_CONSENSUS
DLST	LOW_EVIDENCE
DLX1	RNA_RESISTANCE_CONSENSUS
DLX2	RNA_RESISTANCE_CONSENSUS
DLX2-AS1	LOW_COVERAGE
DLX2-DT	LOW_COVERAGE
DLX3	LOW_EVIDENCE
DLX4	LOW_EVIDENCE
DLX5	RNA_RESISTANCE_CONSENSUS
DLX6	LOW_COVERAGE
DLX6-AS1	LOW_COVERAGE
DM1-AS	LOW_COVERAGE
DMAC1	LOW_COVERAGE
DMAC2	LOW_COVERAGE
DMAC2L	LOW_COVERAGE
DMAP1	LOW_EVIDENCE
DMBT1	LOW_COVERAGE
DMBX1	RNA_RESISTANCE_CONSENSUS
DMC1	RNA_RESISTANCE_CONSENSUS
DMD	RNA_RESISTANCE_CONSENSUS
DMGDH	LOW_EVIDENCE
DMKN	LOW_EVIDENCE
DMP1	LOW_COVERAGE
DMPK	RNA_RESISTANCE_CONSENSUS
DMRT1	RNA_RESISTANCE_CONSENSUS
DMRT2	LOW_EVIDENCE
DMRT3	LOW_COVERAGE
DMRTA1	RNA_RESISTANCE_CONSENSUS
DMRTA2	LOW_COVERAGE
DMRTB1	LOW_COVERAGE
DMRTC1	LOW_COVERAGE
DMRTC1B	LOW_COVERAGE
DMRTC2	LOW_COVERAGE
DMTF1	RNA_RESISTANCE_CONSENSUS
DMTN	RNA_RESISTANCE_CONSENSUS
DMWD	LOW_EVIDENCE
DMXL1	LOW_EVIDENCE
DMXL2	RNA_RESISTANCE_CONSENSUS
DNA2	RNA_RESISTANCE_CONSENSUS
DNAAF1	RNA_RESISTANCE_CONSENSUS
DNAAF2	LOW_EVIDENCE
DNAAF3	RNA_RESISTANCE_CONSENSUS
DNAAF4	LOW_COVERAGE
DNAAF5	LOW_EVIDENCE
DNAH1	LOW_EVIDENCE
DNAH10	LOW_EVIDENCE
DNAH10OS	LOW_EVIDENCE
DNAH11	HUMAN_TUMOR_SUPPORTED
DNAH12	LOW_EVIDENCE
DNAH14	RNA_RESISTANCE_CONSENSUS
DNAH17	HUMAN_TUMOR_SUPPORTED
DNAH17-AS1	LOW_COVERAGE
DNAH2	HUMAN_TUMOR_SUPPORTED
DNAH3	RNA_RESISTANCE_CONSENSUS
DNAH5	RNA_RESISTANCE_CONSENSUS
DNAH6	LOW_EVIDENCE
DNAH7	ACUTE_RESPONSE
DNAH8	LOW_EVIDENCE
DNAH9	LOW_COVERAGE
DNAI1	LOW_EVIDENCE
DNAI2	LOW_COVERAGE
DNAJA1	LOW_EVIDENCE
DNAJA1P3	LOW_COVERAGE
DNAJA2	LOW_EVIDENCE
DNAJA3	LOW_EVIDENCE
DNAJA4	RNA_RESISTANCE_CONSENSUS
DNAJB1	LOW_EVIDENCE
DNAJB11	LOW_EVIDENCE
DNAJB12	RNA_RESISTANCE_CONSENSUS
DNAJB13	LOW_EVIDENCE
DNAJB14	LOW_EVIDENCE
DNAJB2	RNA_RESISTANCE_CONSENSUS
DNAJB3	LOW_COVERAGE
DNAJB4	LOW_EVIDENCE
DNAJB5	LOW_EVIDENCE
DNAJB6	LOW_EVIDENCE
DNAJB7	LOW_EVIDENCE
DNAJB8	LOW_COVERAGE
DNAJB9	ACUTE_RESPONSE
DNAJC1	LOW_EVIDENCE
DNAJC10	LOW_EVIDENCE
DNAJC11	ACUTE_RESPONSE
DNAJC12	RNA_RESISTANCE_CONSENSUS
DNAJC13	RNA_RESISTANCE_CONSENSUS
DNAJC14	LOW_EVIDENCE
DNAJC15	LOW_EVIDENCE
DNAJC16	LOW_EVIDENCE
DNAJC17	LOW_EVIDENCE
DNAJC18	RNA_RESISTANCE_CONSENSUS
DNAJC19	LOW_EVIDENCE
DNAJC19P5	LOW_COVERAGE
DNAJC19P9	LOW_COVERAGE
DNAJC2	RNA_RESISTANCE_CONSENSUS
DNAJC21	LOW_EVIDENCE
DNAJC22	RNA_RESISTANCE_CONSENSUS
DNAJC24	LOW_EVIDENCE
DNAJC25	LOW_EVIDENCE
DNAJC25-GNG10	LOW_EVIDENCE
DNAJC27	LOW_EVIDENCE
DNAJC27-AS1	LOW_EVIDENCE
DNAJC28	HUMAN_TUMOR_SUPPORTED
DNAJC3	RNA_RESISTANCE_CONSENSUS
DNAJC3-AS1	LOW_COVERAGE
DNAJC3-DT	LOW_COVERAGE
DNAJC30	LOW_EVIDENCE
DNAJC4	RNA_RESISTANCE_CONSENSUS
DNAJC5	LOW_EVIDENCE
DNAJC5B	LOW_EVIDENCE
DNAJC5G	LOW_COVERAGE
DNAJC6	RNA_RESISTANCE_CONSENSUS
DNAJC7	LOW_EVIDENCE
DNAJC8	LOW_EVIDENCE
DNAJC8P1	LOW_COVERAGE
DNAJC9	RNA_RESISTANCE_CONSENSUS
DNAJC9-AS1	LOW_EVIDENCE
DNAL1	LOW_EVIDENCE
DNAL4	LOW_EVIDENCE
DNALI1	RNA_RESISTANCE_CONSENSUS
DNASE1	LOW_EVIDENCE
DNASE1L1	LOW_EVIDENCE
DNASE1L2	RNA_RESISTANCE_CONSENSUS
DNASE1L3	LOW_COVERAGE
DNASE2	ACUTE_RESPONSE
DNASE2B	LOW_COVERAGE
DND1	LOW_EVIDENCE
DND1P1	LOW_COVERAGE
DNER	RNA_RESISTANCE_CONSENSUS
DNHD1	RNA_RESISTANCE_CONSENSUS
DNLZ	LOW_EVIDENCE
DNM1	RNA_RESISTANCE_CONSENSUS
DNM1L	ACUTE_RESPONSE
DNM1P35	LOW_COVERAGE
DNM1P51	LOW_COVERAGE
DNM2	LOW_EVIDENCE
DNM3	RNA_RESISTANCE_CONSENSUS
DNM3-IT1	LOW_COVERAGE
DNM3OS	LOW_COVERAGE
DNMBP	LOW_EVIDENCE
DNMBP-AS1	LOW_EVIDENCE
DNMT1	RNA_RESISTANCE_CONSENSUS
DNMT3A	RNA_RESISTANCE_CONSENSUS
DNMT3B	RNA_RESISTANCE_CONSENSUS
DNMT3L	LOW_COVERAGE
DNPEP	RNA_RESISTANCE_CONSENSUS
DNPH1	LOW_EVIDENCE
DNTT	LOW_COVERAGE
DNTTIP1	LOW_EVIDENCE
DNTTIP2	LOW_EVIDENCE
DOC2A	LOW_EVIDENCE
DOC2B	LOW_COVERAGE
DOC2GP	LOW_COVERAGE
DOCK1	RNA_RESISTANCE_CONSENSUS
DOCK10	LOW_EVIDENCE
DOCK11	RNA_RESISTANCE_CONSENSUS
DOCK2	LOW_EVIDENCE
DOCK3	RNA_RESISTANCE_CONSENSUS
DOCK4	RNA_RESISTANCE_CONSENSUS
DOCK4-AS1	LOW_COVERAGE
DOCK5	RNA_RESISTANCE_CONSENSUS
DOCK6	LOW_EVIDENCE
DOCK7	LOW_EVIDENCE
DOCK8	RNA_RESISTANCE_CONSENSUS
DOCK8-AS1	LOW_COVERAGE
DOCK9	RNA_RESISTANCE_CONSENSUS
DOCK9-AS1	LOW_COVERAGE
DOCK9-AS2	LOW_COVERAGE
DOCK9-DT	LOW_COVERAGE
DOHH	LOW_EVIDENCE
DOK1	LOW_EVIDENCE
DOK2	LOW_COVERAGE
DOK3	LOW_EVIDENCE
DOK4	LOW_EVIDENCE
DOK5	LOW_EVIDENCE
DOK6	LOW_EVIDENCE
DOK7	RNA_RESISTANCE_CONSENSUS
DOLK	LOW_EVIDENCE
DOLPP1	LOW_EVIDENCE
DONSON	LOW_EVIDENCE
DOP1A	LOW_COVERAGE
DOP1B	LOW_COVERAGE
DOPEY1	LOW_EVIDENCE
DOPEY2	LOW_EVIDENCE
DOT1L	LOW_EVIDENCE
DPAGT1	RNA_RESISTANCE_CONSENSUS
DPCD	LOW_EVIDENCE
DPCR1	LOW_COVERAGE
DPEP1	LOW_COVERAGE
DPEP2	LOW_COVERAGE
DPEP3	LOW_COVERAGE
DPF1	LOW_EVIDENCE
DPF2	LOW_EVIDENCE
DPF3	LOW_EVIDENCE
DPH1	LOW_EVIDENCE
DPH2	LOW_EVIDENCE
DPH3	LOW_EVIDENCE
DPH3P1	LOW_COVERAGE
DPH5	LOW_EVIDENCE
DPH6	RNA_RESISTANCE_CONSENSUS
DPH6-AS1	LOW_COVERAGE
DPH6-DT	LOW_COVERAGE
DPH7	LOW_EVIDENCE
DPM1	LOW_EVIDENCE
DPM2	RNA_RESISTANCE_CONSENSUS
DPM3	RNA_RESISTANCE_CONSENSUS
DPP10	LOW_EVIDENCE
DPP10-AS1	LOW_COVERAGE
DPP3	LOW_EVIDENCE
DPP3P2	LOW_COVERAGE
DPP4	LOW_COVERAGE
DPP6	LOW_EVIDENCE
DPP7	LOW_EVIDENCE
DPP8	LOW_EVIDENCE
DPP9	MULTIMODAL_STRONG
DPP9-AS1	LOW_EVIDENCE
DPPA2	LOW_COVERAGE
DPPA3	LOW_COVERAGE
DPPA4	LOW_COVERAGE
DPPA5	LOW_COVERAGE
DPRX	LOW_COVERAGE
DPRXP1	LOW_COVERAGE
DPRXP3	LOW_COVERAGE
DPRXP4	LOW_COVERAGE
DPT	LOW_COVERAGE
DPY19L1	RNA_RESISTANCE_CONSENSUS
DPY19L1P1	LOW_COVERAGE
DPY19L1P2	LOW_COVERAGE
DPY19L2	LOW_EVIDENCE
DPY19L2P1	LOW_COVERAGE
DPY19L2P2	LOW_COVERAGE
DPY19L2P3	LOW_COVERAGE
DPY19L2P4	LOW_COVERAGE
DPY19L3	LOW_EVIDENCE
DPY19L4	LOW_EVIDENCE
DPY30	RNA_RESISTANCE_CONSENSUS
DPYD	RNA_RESISTANCE_CONSENSUS
DPYD-AS1	LOW_COVERAGE
DPYS	LOW_COVERAGE
DPYSL2	RNA_RESISTANCE_CONSENSUS
DPYSL3	LOW_EVIDENCE
DPYSL4	LOW_EVIDENCE
DPYSL5	RNA_RESISTANCE_CONSENSUS
DQX1	LOW_COVERAGE
DR1	LOW_EVIDENCE
DRAIC	LOW_EVIDENCE
DRAM1	RNA_RESISTANCE_CONSENSUS
DRAM2	LOW_EVIDENCE
DRAP1	LOW_EVIDENCE
DRAXIN	LOW_EVIDENCE
DRC1	LOW_COVERAGE
DRC3	LOW_COVERAGE
DRC7	LOW_COVERAGE
DRD1	LOW_COVERAGE
DRD2	LOW_COVERAGE
DRD3	LOW_COVERAGE
DRD4	LOW_EVIDENCE
DRD5	LOW_COVERAGE
DRG1	RNA_RESISTANCE_CONSENSUS
DRG2	LOW_EVIDENCE
DRGX	LOW_COVERAGE
DRICH1	LOW_EVIDENCE
DROSHA	LOW_EVIDENCE
DRP2	LOW_COVERAGE
DSC1	LOW_COVERAGE
DSC2	LOW_EVIDENCE
DSC3	LOW_EVIDENCE
DSCAM	RNA_RESISTANCE_CONSENSUS
DSCAM-AS1	RNA_RESISTANCE_CONSENSUS
DSCAML1	HUMAN_TUMOR_SUPPORTED
DSCAS	LOW_COVERAGE
DSCC1	RNA_RESISTANCE_CONSENSUS
DSCR3	LOW_EVIDENCE
DSCR4	LOW_COVERAGE
DSCR8	LOW_EVIDENCE
DSCR9	LOW_COVERAGE
DSE	RNA_RESISTANCE_CONSENSUS
DSEL	LOW_EVIDENCE
DSG1	LOW_COVERAGE
DSG1-AS1	LOW_COVERAGE
DSG2	LOW_EVIDENCE
DSG2-AS1	LOW_COVERAGE
DSG3	LOW_COVERAGE
DSG4	LOW_COVERAGE
DSN1	RNA_RESISTANCE_CONSENSUS
DSP	RNA_RESISTANCE_CONSENSUS
DSPP	LOW_COVERAGE
DST	RNA_RESISTANCE_CONSENSUS
DSTN	LOW_EVIDENCE
DSTNP1	LOW_COVERAGE
DSTNP2	LOW_COVERAGE
DSTYK	LOW_EVIDENCE
DTD1	LOW_EVIDENCE
DTD2	RNA_RESISTANCE_CONSENSUS
DTHD1	LOW_COVERAGE
DTL	RNA_RESISTANCE_CONSENSUS
DTNA	RNA_RESISTANCE_CONSENSUS
DTNB	LOW_EVIDENCE
DTNBP1	LOW_EVIDENCE
DTWD1	RNA_RESISTANCE_CONSENSUS
DTWD2	LOW_EVIDENCE
DTX1	LOW_EVIDENCE
DTX2	RNA_RESISTANCE_CONSENSUS
DTX2P1	LOW_COVERAGE
DTX2P1-UPK3BP1-PMS2P11	LOW_COVERAGE
DTX3	LOW_EVIDENCE
DTX3L	RNA_RESISTANCE_CONSENSUS
DTX4	RNA_RESISTANCE_CONSENSUS
DTYMK	LOW_EVIDENCE
DUBR	LOW_COVERAGE
DUOX1	LOW_EVIDENCE
DUOX2	LOW_COVERAGE
DUOXA1	LOW_COVERAGE
DUOXA2	LOW_COVERAGE
DUPD1	LOW_COVERAGE
DUS1L	LOW_EVIDENCE
DUS2	LOW_EVIDENCE
DUS3L	LOW_EVIDENCE
DUS4L	RNA_RESISTANCE_CONSENSUS
DUSP1	RNA_RESISTANCE_CONSENSUS
DUSP10	RNA_RESISTANCE_CONSENSUS
DUSP11	LOW_EVIDENCE
DUSP12	RNA_RESISTANCE_CONSENSUS
DUSP13	LOW_EVIDENCE
DUSP14	LOW_EVIDENCE
DUSP15	LOW_EVIDENCE
DUSP16	LOW_EVIDENCE
DUSP18	RNA_RESISTANCE_CONSENSUS
DUSP19	LOW_EVIDENCE
DUSP2	RNA_RESISTANCE_CONSENSUS
DUSP21	LOW_COVERAGE
DUSP22	RNA_RESISTANCE_CONSENSUS
DUSP23	LOW_EVIDENCE
DUSP27	LOW_COVERAGE
DUSP28	LOW_EVIDENCE
DUSP3	LOW_EVIDENCE
DUSP4	RNA_RESISTANCE_CONSENSUS
DUSP5	ACUTE_RESPONSE
DUSP5P1	LOW_COVERAGE
DUSP6	RNA_RESISTANCE_CONSENSUS
DUSP7	LOW_EVIDENCE
DUSP8	LOW_EVIDENCE
DUSP8P5	LOW_COVERAGE
DUSP9	RNA_RESISTANCE_CONSENSUS
DUT	LOW_EVIDENCE
DUTP1	LOW_COVERAGE
DUTP2	LOW_COVERAGE
DUTP6	LOW_COVERAGE
DUTP7	LOW_COVERAGE
DUX4	LOW_COVERAGE
DUX4L50	LOW_COVERAGE
DUXA	LOW_COVERAGE
DUXAP10	LOW_COVERAGE
DUXAP8	LOW_COVERAGE
DUXAP9	LOW_COVERAGE
DVL1	LOW_EVIDENCE
DVL2	RNA_RESISTANCE_CONSENSUS
DVL3	LOW_EVIDENCE
DXO	LOW_EVIDENCE
DYDC1	LOW_COVERAGE
DYDC2	LOW_COVERAGE
DYM	RNA_RESISTANCE_CONSENSUS
DYNAP	LOW_COVERAGE
DYNC1H1	LOW_EVIDENCE
DYNC1I1	RNA_RESISTANCE_CONSENSUS
DYNC1I2	RNA_RESISTANCE_CONSENSUS
DYNC1I2P1	LOW_COVERAGE
DYNC1LI1	LOW_EVIDENCE
DYNC1LI2	LOW_EVIDENCE
DYNC2H1	LOW_EVIDENCE
DYNC2LI1	RNA_RESISTANCE_CONSENSUS
DYNLL1	LOW_EVIDENCE
DYNLL1-AS1	LOW_COVERAGE
DYNLL1P1	LOW_COVERAGE
DYNLL2	LOW_EVIDENCE
DYNLRB1	LOW_EVIDENCE
DYNLRB2	LOW_EVIDENCE
DYNLT1	RNA_RESISTANCE_CONSENSUS
DYNLT3	RNA_RESISTANCE_CONSENSUS
DYRK1A	LOW_EVIDENCE
DYRK1B	LOW_EVIDENCE
DYRK2	LOW_EVIDENCE
DYRK3	RNA_RESISTANCE_CONSENSUS
DYRK4	LOW_EVIDENCE
DYSF	LOW_EVIDENCE
DYTN	LOW_COVERAGE
DYX1C1	LOW_EVIDENCE
DYX1C1-CCPG1	LOW_COVERAGE
DZANK1	RNA_RESISTANCE_CONSENSUS
DZIP1	LOW_COVERAGE
DZIP1L	HUMAN_TUMOR_SUPPORTED
DZIP3	RNA_RESISTANCE_CONSENSUS
Dec.01	LOW_COVERAGE
E2F1	RNA_RESISTANCE_CONSENSUS
E2F2	RNA_RESISTANCE_CONSENSUS
E2F3	RNA_RESISTANCE_CONSENSUS
E2F3-IT1	LOW_COVERAGE
E2F4	LOW_EVIDENCE
E2F5	RNA_RESISTANCE_CONSENSUS
E2F6	LOW_EVIDENCE
E2F7	RNA_RESISTANCE_CONSENSUS
E2F8	LOW_EVIDENCE
E4F1	RNA_RESISTANCE_CONSENSUS
EAF1	RNA_RESISTANCE_CONSENSUS
EAF1-AS1	LOW_EVIDENCE
EAF2	LOW_EVIDENCE
EAPP	RNA_RESISTANCE_CONSENSUS
EARS2	RNA_RESISTANCE_CONSENSUS
EBAG9	LOW_EVIDENCE
EBAG9P1	LOW_COVERAGE
EBF1	RNA_RESISTANCE_CONSENSUS
EBF2	RNA_RESISTANCE_CONSENSUS
EBF3	LOW_EVIDENCE
EBF4	RNA_RESISTANCE_CONSENSUS
EBI3	LOW_COVERAGE
EBLN1	LOW_COVERAGE
EBLN2	RNA_RESISTANCE_CONSENSUS
EBLN3	LOW_COVERAGE
EBLN3P	LOW_COVERAGE
EBNA1BP2	LOW_EVIDENCE
EBP	ACUTE_RESPONSE
EBPL	LOW_EVIDENCE
ECD	RNA_RESISTANCE_CONSENSUS
ECE1	RNA_RESISTANCE_CONSENSUS
ECE2	LOW_EVIDENCE
ECEL1	ACUTE_RESPONSE
ECH1	RNA_RESISTANCE_CONSENSUS
ECHDC1	RNA_RESISTANCE_CONSENSUS
ECHDC2	LOW_EVIDENCE
ECHDC3	RNA_RESISTANCE_CONSENSUS
ECHS1	LOW_EVIDENCE
ECI1	LOW_EVIDENCE
ECI2	LOW_EVIDENCE
ECM1	LOW_EVIDENCE
ECM2	LOW_EVIDENCE
ECPAS	LOW_COVERAGE
ECSCR	LOW_COVERAGE
ECSIT	RNA_RESISTANCE_CONSENSUS
ECT2	LOW_EVIDENCE
ECT2L	LOW_EVIDENCE
EDA	LOW_EVIDENCE
EDA2R	RNA_RESISTANCE_CONSENSUS
EDAR	LOW_COVERAGE
EDARADD	RNA_RESISTANCE_CONSENSUS
EDC3	LOW_EVIDENCE
EDC4	ACUTE_RESPONSE
EDDM13	LOW_COVERAGE
EDDM3A	LOW_COVERAGE
EDDM3B	LOW_COVERAGE
EDDM3CP	LOW_COVERAGE
EDEM1	LOW_EVIDENCE
EDEM2	LOW_EVIDENCE
EDEM3	LOW_EVIDENCE
EDF1	LOW_EVIDENCE
EDIL3	RNA_RESISTANCE_CONSENSUS
EDN1	RNA_RESISTANCE_CONSENSUS
EDN2	RNA_RESISTANCE_CONSENSUS
EDN3	LOW_COVERAGE
EDNRA	LOW_EVIDENCE
EDNRB	LOW_COVERAGE
EDRF1	RNA_RESISTANCE_CONSENSUS
EDRF1-AS1	LOW_COVERAGE
EDRF1-DT	LOW_COVERAGE
EEA1	LOW_EVIDENCE
EED	RNA_RESISTANCE_CONSENSUS
EEF1A1	LOW_EVIDENCE
EEF1A1P10	LOW_COVERAGE
EEF1A1P11	LOW_COVERAGE
EEF1A1P12	LOW_COVERAGE
EEF1A1P13	LOW_COVERAGE
EEF1A1P14	LOW_COVERAGE
EEF1A1P16	LOW_COVERAGE
EEF1A1P19	LOW_COVERAGE
EEF1A1P22	LOW_COVERAGE
EEF1A1P24	LOW_COVERAGE
EEF1A1P25	LOW_COVERAGE
EEF1A1P3	LOW_COVERAGE
EEF1A1P30	LOW_COVERAGE
EEF1A1P32	LOW_COVERAGE
EEF1A1P4	LOW_COVERAGE
EEF1A1P5	LOW_COVERAGE
EEF1A1P6	LOW_COVERAGE
EEF1A1P9	LOW_COVERAGE
EEF1A2	LOW_EVIDENCE
EEF1AKMT1	LOW_COVERAGE
EEF1AKMT2	LOW_COVERAGE
EEF1AKMT3	LOW_COVERAGE
EEF1AKMT4	LOW_COVERAGE
EEF1AKNMT	LOW_COVERAGE
EEF1B2	RNA_RESISTANCE_CONSENSUS
EEF1B2P3	LOW_COVERAGE
EEF1B2P6	LOW_COVERAGE
EEF1B2P7	LOW_COVERAGE
EEF1B2P8	LOW_COVERAGE
EEF1D	RNA_RESISTANCE_CONSENSUS
EEF1DP1	LOW_COVERAGE
EEF1DP2	LOW_COVERAGE
EEF1DP3	LOW_COVERAGE
EEF1DP4	LOW_COVERAGE
EEF1DP7	LOW_COVERAGE
EEF1E1	LOW_EVIDENCE
EEF1E1-BLOC1S5	LOW_COVERAGE
EEF1E1P1	LOW_COVERAGE
EEF1G	LOW_EVIDENCE
EEF1GP4	LOW_COVERAGE
EEF1GP5	LOW_COVERAGE
EEF2	RNA_RESISTANCE_CONSENSUS
EEF2K	LOW_EVIDENCE
EEF2KMT	LOW_EVIDENCE
EEFSEC	RNA_RESISTANCE_CONSENSUS
EEPD1	RNA_RESISTANCE_CONSENSUS
EFCAB1	LOW_COVERAGE
EFCAB10	LOW_EVIDENCE
EFCAB11	LOW_EVIDENCE
EFCAB12	LOW_EVIDENCE
EFCAB13	LOW_EVIDENCE
EFCAB14	LOW_EVIDENCE
EFCAB14-AS1	LOW_COVERAGE
EFCAB2	LOW_EVIDENCE
EFCAB3	LOW_COVERAGE
EFCAB5	LOW_EVIDENCE
EFCAB6	LOW_EVIDENCE
EFCAB7	LOW_EVIDENCE
EFCAB8	LOW_COVERAGE
EFCAB9	LOW_COVERAGE
EFCC1	HUMAN_TUMOR_SUPPORTED
EFEMP1	RNA_RESISTANCE_CONSENSUS
EFEMP2	LOW_EVIDENCE
EFHB	LOW_EVIDENCE
EFHC1	LOW_EVIDENCE
EFHC2	LOW_EVIDENCE
EFHD1	RNA_RESISTANCE_CONSENSUS
EFHD2	LOW_EVIDENCE
EFL1	LOW_COVERAGE
EFNA1	RNA_RESISTANCE_CONSENSUS
EFNA2	LOW_COVERAGE
EFNA3	RNA_RESISTANCE_CONSENSUS
EFNA4	LOW_EVIDENCE
EFNA5	RNA_RESISTANCE_CONSENSUS
EFNB1	LOW_EVIDENCE
EFNB2	LOW_EVIDENCE
EFNB3	RNA_RESISTANCE_CONSENSUS
EFR3A	LOW_EVIDENCE
EFR3B	LOW_EVIDENCE
EFS	RNA_RESISTANCE_CONSENSUS
EFTUD1	LOW_EVIDENCE
EFTUD1P1	LOW_COVERAGE
EFTUD2	ACUTE_RESPONSE
EGF	LOW_EVIDENCE
EGFEM1P	LOW_COVERAGE
EGFL6	LOW_COVERAGE
EGFL7	LOW_EVIDENCE
EGFL8	RNA_RESISTANCE_CONSENSUS
EGFLAM	LOW_COVERAGE
EGFR	RNA_RESISTANCE_CONSENSUS
EGFR-AS1	LOW_COVERAGE
EGLN1	RNA_RESISTANCE_CONSENSUS
EGLN1P1	LOW_COVERAGE
EGLN2	RNA_RESISTANCE_CONSENSUS
EGLN3	RNA_RESISTANCE_CONSENSUS
EGLN3P1	LOW_COVERAGE
EGOT	LOW_COVERAGE
EGR1	RNA_RESISTANCE_CONSENSUS
EGR2	RNA_RESISTANCE_CONSENSUS
EGR3	RNA_RESISTANCE_CONSENSUS
EGR4	LOW_COVERAGE
EHBP1	LOW_EVIDENCE
EHBP1L1	LOW_EVIDENCE
EHD1	LOW_EVIDENCE
EHD2	RNA_RESISTANCE_CONSENSUS
EHD3	RNA_RESISTANCE_CONSENSUS
EHD4	RNA_RESISTANCE_CONSENSUS
EHD4-AS1	LOW_COVERAGE
EHF	RNA_RESISTANCE_CONSENSUS
EHHADH	RNA_RESISTANCE_CONSENSUS
EHHADH-AS1	LOW_COVERAGE
EHMT1	LOW_EVIDENCE
EHMT1-IT1	LOW_COVERAGE
EHMT2	LOW_EVIDENCE
EHMT2-AS1	LOW_COVERAGE
EI24	LOW_EVIDENCE
EI24P2	LOW_COVERAGE
EID1	LOW_EVIDENCE
EID2	LOW_EVIDENCE
EID2B	RNA_RESISTANCE_CONSENSUS
EID3	LOW_EVIDENCE
EIF1	LOW_EVIDENCE
EIF1AD	LOW_EVIDENCE
EIF1AX	LOW_EVIDENCE
EIF1AX-AS1	LOW_COVERAGE
EIF1AXP1	LOW_COVERAGE
EIF1AXP2	LOW_COVERAGE
EIF1AY	LOW_COVERAGE
EIF1B	LOW_EVIDENCE
EIF1B-AS1	LOW_COVERAGE
EIF1P7	LOW_COVERAGE
EIF2A	LOW_EVIDENCE
EIF2AK1	LOW_EVIDENCE
EIF2AK2	RNA_RESISTANCE_CONSENSUS
EIF2AK3	LOW_EVIDENCE
EIF2AK3-DT	LOW_COVERAGE
EIF2AK4	RNA_RESISTANCE_CONSENSUS
EIF2B1	LOW_EVIDENCE
EIF2B2	RNA_RESISTANCE_CONSENSUS
EIF2B3	LOW_EVIDENCE
EIF2B4	RNA_RESISTANCE_CONSENSUS
EIF2B5	LOW_EVIDENCE
EIF2D	LOW_EVIDENCE
EIF2S1	LOW_EVIDENCE
EIF2S2	LOW_EVIDENCE
EIF2S2P2	LOW_COVERAGE
EIF2S2P3	LOW_COVERAGE
EIF2S2P4	LOW_COVERAGE
EIF2S2P5	LOW_COVERAGE
EIF2S3	LOW_EVIDENCE
EIF2S3B	LOW_COVERAGE
EIF2S3L	LOW_COVERAGE
EIF3A	LOW_EVIDENCE
EIF3B	LOW_EVIDENCE
EIF3C	LOW_EVIDENCE
EIF3CL	LOW_EVIDENCE
EIF3D	LOW_EVIDENCE
EIF3E	RNA_RESISTANCE_CONSENSUS
EIF3EP1	LOW_COVERAGE
EIF3F	LOW_EVIDENCE
EIF3FP1	LOW_COVERAGE
EIF3FP3	LOW_COVERAGE
EIF3G	LOW_EVIDENCE
EIF3H	LOW_EVIDENCE
EIF3I	LOW_EVIDENCE
EIF3J	LOW_EVIDENCE
EIF3J-AS1	LOW_COVERAGE
EIF3J-DT	LOW_COVERAGE
EIF3K	LOW_EVIDENCE
EIF3KP1	LOW_COVERAGE
EIF3L	LOW_EVIDENCE
EIF3LP2	LOW_COVERAGE
EIF3M	RNA_RESISTANCE_CONSENSUS
EIF4A1	LOW_EVIDENCE
EIF4A1P10	LOW_COVERAGE
EIF4A1P11	LOW_COVERAGE
EIF4A1P12	LOW_COVERAGE
EIF4A1P2	LOW_COVERAGE
EIF4A1P4	LOW_COVERAGE
EIF4A2	LOW_EVIDENCE
EIF4A2P2	LOW_COVERAGE
EIF4A2P4	LOW_COVERAGE
EIF4A3	LOW_EVIDENCE
EIF4B	LOW_EVIDENCE
EIF4BP2	LOW_COVERAGE
EIF4BP3	LOW_COVERAGE
EIF4BP5	LOW_COVERAGE
EIF4BP6	LOW_COVERAGE
EIF4BP7	LOW_COVERAGE
EIF4E	LOW_EVIDENCE
EIF4E1B	LOW_COVERAGE
EIF4E2	LOW_EVIDENCE
EIF4E3	RNA_RESISTANCE_CONSENSUS
EIF4EBP1	RNA_RESISTANCE_CONSENSUS
EIF4EBP2	LOW_EVIDENCE
EIF4EBP2P1	LOW_COVERAGE
EIF4EBP3	LOW_EVIDENCE
EIF4ENIF1	FUNCTIONAL_ONLY
EIF4EP1	LOW_COVERAGE
EIF4EP2	LOW_COVERAGE
EIF4G1	LOW_EVIDENCE
EIF4G2	LOW_EVIDENCE
EIF4G3	LOW_EVIDENCE
EIF4H	LOW_EVIDENCE
EIF4HP1	LOW_COVERAGE
EIF4HP2	LOW_COVERAGE
EIF5	LOW_EVIDENCE
EIF5A	LOW_EVIDENCE
EIF5A2	LOW_EVIDENCE
EIF5A2P1	LOW_COVERAGE
EIF5AL1	LOW_EVIDENCE
EIF5AP4	LOW_COVERAGE
EIF5B	RNA_RESISTANCE_CONSENSUS
EIF5P1	LOW_COVERAGE
EIF6	LOW_EVIDENCE
EIPR1	LOW_COVERAGE
ELAC1	RNA_RESISTANCE_CONSENSUS
ELAC2	LOW_EVIDENCE
ELANE	LOW_COVERAGE
ELAVL1	LOW_EVIDENCE
ELAVL2	LOW_EVIDENCE
ELAVL3	LOW_COVERAGE
ELAVL4	LOW_COVERAGE
ELDR	LOW_COVERAGE
ELF1	RNA_RESISTANCE_CONSENSUS
ELF2	LOW_EVIDENCE
ELF3	RNA_RESISTANCE_CONSENSUS
ELF3-AS1	LOW_COVERAGE
ELF4	RNA_RESISTANCE_CONSENSUS
ELF5	RNA_RESISTANCE_CONSENSUS
ELFN1	RNA_RESISTANCE_CONSENSUS
ELFN1-AS1	LOW_COVERAGE
ELFN2	RNA_RESISTANCE_CONSENSUS
ELK1	LOW_EVIDENCE
ELK3	RNA_RESISTANCE_CONSENSUS
ELK4	RNA_RESISTANCE_CONSENSUS
ELL	LOW_EVIDENCE
ELL2	RNA_RESISTANCE_CONSENSUS
ELL2P1	LOW_COVERAGE
ELL3	LOW_EVIDENCE
ELMO1	LOW_EVIDENCE
ELMO2	LOW_EVIDENCE
ELMO3	RNA_RESISTANCE_CONSENSUS
ELMOD1	LOW_COVERAGE
ELMOD2	LOW_EVIDENCE
ELMOD3	LOW_EVIDENCE
ELMSAN1	RNA_RESISTANCE_CONSENSUS
ELN	LOW_EVIDENCE
ELOA	LOW_COVERAGE
ELOA-AS1	LOW_COVERAGE
ELOB	LOW_COVERAGE
ELOC	LOW_COVERAGE
ELOF1	LOW_EVIDENCE
ELOVL1	LOW_EVIDENCE
ELOVL2	RNA_RESISTANCE_CONSENSUS
ELOVL2-AS1	LOW_COVERAGE
ELOVL3	LOW_EVIDENCE
ELOVL4	RNA_RESISTANCE_CONSENSUS
ELOVL5	RNA_RESISTANCE_CONSENSUS
ELOVL6	LOW_EVIDENCE
ELOVL7	LOW_EVIDENCE
ELP1	LOW_COVERAGE
ELP2	LOW_EVIDENCE
ELP3	RNA_RESISTANCE_CONSENSUS
ELP4	RNA_RESISTANCE_CONSENSUS
ELP5	LOW_EVIDENCE
ELP6	RNA_RESISTANCE_CONSENSUS
ELSPBP1	LOW_COVERAGE
EMB	RNA_RESISTANCE_CONSENSUS
EMBP1	LOW_COVERAGE
EMC1	LOW_EVIDENCE
EMC1-AS1	LOW_COVERAGE
EMC10	LOW_EVIDENCE
EMC2	RNA_RESISTANCE_CONSENSUS
EMC3	LOW_EVIDENCE
EMC3-AS1	LOW_COVERAGE
EMC4	LOW_EVIDENCE
EMC6	LOW_EVIDENCE
EMC7	LOW_EVIDENCE
EMC8	LOW_EVIDENCE
EMC9	ACUTE_RESPONSE
EMCN	LOW_EVIDENCE
EMD	LOW_EVIDENCE
EME1	RNA_RESISTANCE_CONSENSUS
EME2	RNA_RESISTANCE_CONSENSUS
EMG1	LOW_EVIDENCE
EMG1.1	LOW_COVERAGE
EMID1	LOW_EVIDENCE
EMILIN1	LOW_EVIDENCE
EMILIN2	HUMAN_TUMOR_SUPPORTED
EMILIN3	LOW_COVERAGE
EML1	RNA_RESISTANCE_CONSENSUS
EML2	LOW_EVIDENCE
EML2-AS1	LOW_COVERAGE
EML3	LOW_EVIDENCE
EML4	RNA_RESISTANCE_CONSENSUS
EML5	RNA_RESISTANCE_CONSENSUS
EML6	LOW_EVIDENCE
EMP1	RNA_RESISTANCE_CONSENSUS
EMP2	RNA_RESISTANCE_CONSENSUS
EMP3	LOW_EVIDENCE
EMSY	LOW_COVERAGE
EMX1	LOW_EVIDENCE
EMX2	LOW_COVERAGE
EN1	LOW_EVIDENCE
EN2	LOW_EVIDENCE
ENAH	LOW_EVIDENCE
ENAM	LOW_COVERAGE
ENC1	ACUTE_RESPONSE
ENDOD1	LOW_EVIDENCE
ENDOG	LOW_EVIDENCE
ENDOU	LOW_EVIDENCE
ENDOV	LOW_EVIDENCE
ENG	RNA_RESISTANCE_CONSENSUS
ENGASE	LOW_EVIDENCE
ENHO	LOW_EVIDENCE
ENKD1	RNA_RESISTANCE_CONSENSUS
ENKUR	LOW_COVERAGE
ENO1	LOW_EVIDENCE
ENO1-AS1	RNA_RESISTANCE_CONSENSUS
ENO1-IT1	LOW_COVERAGE
ENO1P1	LOW_COVERAGE
ENO1P4	LOW_COVERAGE
ENO2	RNA_RESISTANCE_CONSENSUS
ENO3	LOW_EVIDENCE
ENO4	LOW_EVIDENCE
ENOPH1	LOW_EVIDENCE
ENOSF1	LOW_EVIDENCE
ENOX1	LOW_EVIDENCE
ENOX1-AS1	LOW_COVERAGE
ENOX2	RNA_RESISTANCE_CONSENSUS
ENPEP	RNA_RESISTANCE_CONSENSUS
ENPP1	RNA_RESISTANCE_CONSENSUS
ENPP2	LOW_COVERAGE
ENPP3	HUMAN_TUMOR_SUPPORTED
ENPP4	RNA_RESISTANCE_CONSENSUS
ENPP5	LOW_EVIDENCE
ENPP6	LOW_COVERAGE
ENPP7	LOW_COVERAGE
ENPP7P10	LOW_COVERAGE
ENPP7P11	LOW_COVERAGE
ENPP7P4	LOW_COVERAGE
ENPP7P8	LOW_COVERAGE
ENSA	LOW_EVIDENCE
ENSAP2	LOW_COVERAGE
ENTHD1	LOW_COVERAGE
ENTHD2	LOW_EVIDENCE
ENTPD1	RNA_RESISTANCE_CONSENSUS
ENTPD1-AS1	RNA_RESISTANCE_CONSENSUS
ENTPD2	RNA_RESISTANCE_CONSENSUS
ENTPD3	RNA_RESISTANCE_CONSENSUS
ENTPD3-AS1	LOW_EVIDENCE
ENTPD4	RNA_RESISTANCE_CONSENSUS
ENTPD5	LOW_EVIDENCE
ENTPD6	RNA_RESISTANCE_CONSENSUS
ENTPD7	LOW_EVIDENCE
ENTPD8	RNA_RESISTANCE_CONSENSUS
ENTR1	LOW_COVERAGE
ENY2	LOW_EVIDENCE
EOGT	LOW_EVIDENCE
EOMES	LOW_EVIDENCE
EP300	RNA_RESISTANCE_CONSENSUS
EP300-AS1	LOW_COVERAGE
EP400	LOW_EVIDENCE
EP400NL	LOW_COVERAGE
EPAS1	RNA_RESISTANCE_CONSENSUS
EPB41	LOW_EVIDENCE
EPB41L1	RNA_RESISTANCE_CONSENSUS
EPB41L2	RNA_RESISTANCE_CONSENSUS
EPB41L3	LOW_EVIDENCE
EPB41L4A	LOW_EVIDENCE
EPB41L4A-AS1	LOW_EVIDENCE
EPB41L4A-AS2	LOW_COVERAGE
EPB41L4A-DT	LOW_COVERAGE
EPB41L4B	LOW_EVIDENCE
EPB41L5	RNA_RESISTANCE_CONSENSUS
EPB42	LOW_COVERAGE
EPC1	LOW_EVIDENCE
EPC2	LOW_EVIDENCE
EPCAM	LOW_EVIDENCE
EPCAM-DT	LOW_COVERAGE
EPDR1	LOW_EVIDENCE
EPG5	LOW_EVIDENCE
EPGN	LOW_EVIDENCE
EPHA1	RNA_RESISTANCE_CONSENSUS
EPHA1-AS1	LOW_COVERAGE
EPHA10	LOW_EVIDENCE
EPHA2	LOW_EVIDENCE
EPHA3	LOW_EVIDENCE
EPHA4	RNA_RESISTANCE_CONSENSUS
EPHA5	LOW_COVERAGE
EPHA6	RNA_RESISTANCE_CONSENSUS
EPHA7	LOW_COVERAGE
EPHA8	LOW_COVERAGE
EPHB1	HUMAN_TUMOR_SUPPORTED
EPHB2	RNA_RESISTANCE_CONSENSUS
EPHB3	LOW_EVIDENCE
EPHB4	LOW_EVIDENCE
EPHB6	RNA_RESISTANCE_CONSENSUS
EPHX1	LOW_EVIDENCE
EPHX2	LOW_EVIDENCE
EPHX3	LOW_EVIDENCE
EPHX4	HUMAN_TUMOR_SUPPORTED
EPM2A	LOW_EVIDENCE
EPM2AIP1	LOW_EVIDENCE
EPN1	LOW_EVIDENCE
EPN2	RNA_RESISTANCE_CONSENSUS
EPN2-AS1	LOW_EVIDENCE
EPN3	LOW_EVIDENCE
EPO	LOW_COVERAGE
EPOP	LOW_COVERAGE
EPOR	RNA_RESISTANCE_CONSENSUS
EPPIN	LOW_COVERAGE
EPPIN-WFDC6	LOW_COVERAGE
EPPK1	RNA_RESISTANCE_CONSENSUS
EPRS	RNA_RESISTANCE_CONSENSUS
EPS15	RNA_RESISTANCE_CONSENSUS
EPS15L1	RNA_RESISTANCE_CONSENSUS
EPS8	LOW_EVIDENCE
EPS8L1	LOW_EVIDENCE
EPS8L2	RNA_RESISTANCE_CONSENSUS
EPS8L3	LOW_COVERAGE
EPSTI1	LOW_EVIDENCE
EPT1	LOW_EVIDENCE
EPX	LOW_COVERAGE
EPYC	LOW_COVERAGE
EQTN	LOW_COVERAGE
ERAL1	LOW_EVIDENCE
ERAP1	RNA_RESISTANCE_CONSENSUS
ERAP2	HUMAN_TUMOR_SUPPORTED
ERAS	LOW_COVERAGE
ERBB2	RNA_RESISTANCE_CONSENSUS
ERBB2IP	LOW_EVIDENCE
ERBB3	RNA_RESISTANCE_CONSENSUS
ERBB4	RNA_RESISTANCE_CONSENSUS
ERBIN	LOW_COVERAGE
ERC1	RNA_RESISTANCE_CONSENSUS
ERC2	LOW_EVIDENCE
ERCC1	RNA_RESISTANCE_CONSENSUS
ERCC2	LOW_EVIDENCE
ERCC3	RNA_RESISTANCE_CONSENSUS
ERCC4	LOW_EVIDENCE
ERCC5	LOW_EVIDENCE
ERCC6	LOW_EVIDENCE
ERCC6-PGBD3	LOW_EVIDENCE
ERCC6L	LOW_EVIDENCE
ERCC6L2	LOW_EVIDENCE
ERCC8	RNA_RESISTANCE_CONSENSUS
EREG	LOW_EVIDENCE
ERF	LOW_EVIDENCE
ERFE	LOW_COVERAGE
ERFL	LOW_COVERAGE
ERG	RNA_RESISTANCE_CONSENSUS
ERG28	LOW_COVERAGE
ERGIC1	LOW_EVIDENCE
ERGIC2	LOW_EVIDENCE
ERGIC3	LOW_EVIDENCE
ERH	LOW_EVIDENCE
ERHP1	LOW_COVERAGE
ERI1	LOW_EVIDENCE
ERI2	RNA_RESISTANCE_CONSENSUS
ERI3	LOW_EVIDENCE
ERI3-IT1	LOW_COVERAGE
ERICD	LOW_EVIDENCE
ERICH1	RNA_RESISTANCE_CONSENSUS
ERICH2	RNA_RESISTANCE_CONSENSUS
ERICH3	LOW_COVERAGE
ERICH4	LOW_COVERAGE
ERICH5	LOW_EVIDENCE
ERICH6	RNA_RESISTANCE_CONSENSUS
ERICH6-AS1	RNA_RESISTANCE_CONSENSUS
ERICH6B	LOW_COVERAGE
ERLEC1	ACUTE_RESPONSE
ERLEC1P1	LOW_COVERAGE
ERLIN1	LOW_EVIDENCE
ERLIN2	ACUTE_RESPONSE
ERMAP	LOW_EVIDENCE
ERMARD	RNA_RESISTANCE_CONSENSUS
ERMN	LOW_COVERAGE
ERMP1	RNA_RESISTANCE_CONSENSUS
ERN1	RNA_RESISTANCE_CONSENSUS
ERN2	LOW_COVERAGE
ERO1A	LOW_EVIDENCE
ERO1B	RNA_RESISTANCE_CONSENSUS
ERO1L	LOW_COVERAGE
ERO1LB	LOW_COVERAGE
ERP27	HUMAN_TUMOR_SUPPORTED
ERP29	LOW_EVIDENCE
ERP44	LOW_EVIDENCE
ERRFI1	RNA_RESISTANCE_CONSENSUS
ERV3-1	LOW_EVIDENCE
ERVE-1	LOW_COVERAGE
ERVFRD-1	LOW_COVERAGE
ERVFRD-3	LOW_COVERAGE
ERVH48-1	LOW_COVERAGE
ERVK13-1	LOW_COVERAGE
ERVK3-1	LOW_EVIDENCE
ERVK9-11	LOW_COVERAGE
ERVMER34-1	LOW_EVIDENCE
ERVMER61-1	LOW_COVERAGE
ERVV-1	ACUTE_RESPONSE
ERVV-2	LOW_EVIDENCE
ERVW-1	LOW_COVERAGE
ESAM	LOW_EVIDENCE
ESCO1	LOW_EVIDENCE
ESCO2	RNA_RESISTANCE_CONSENSUS
ESD	LOW_EVIDENCE
ESF1	LOW_EVIDENCE
ESM1	LOW_COVERAGE
ESPL1	RNA_RESISTANCE_CONSENSUS
ESPN	RNA_RESISTANCE_CONSENSUS
ESPNL	LOW_COVERAGE
ESR1	RNA_RESISTANCE_CONSENSUS
ESR2	RNA_RESISTANCE_CONSENSUS
ESRP1	RNA_RESISTANCE_CONSENSUS
ESRP2	LOW_EVIDENCE
ESRRA	RNA_RESISTANCE_CONSENSUS
ESRRAP2	LOW_COVERAGE
ESRRB	LOW_EVIDENCE
ESRRG	LOW_EVIDENCE
ESS2	LOW_COVERAGE
ESX1	LOW_COVERAGE
ESYT1	LOW_EVIDENCE
ESYT2	RNA_RESISTANCE_CONSENSUS
ESYT3	LOW_EVIDENCE
ETAA1	RNA_RESISTANCE_CONSENSUS
ETF1	LOW_EVIDENCE
ETF1P1	LOW_COVERAGE
ETF1P2	LOW_COVERAGE
ETFA	LOW_EVIDENCE
ETFB	RNA_RESISTANCE_CONSENSUS
ETFBKMT	LOW_COVERAGE
ETFDH	LOW_EVIDENCE
ETFRF1	LOW_COVERAGE
ETHE1	RNA_RESISTANCE_CONSENSUS
ETNK1	LOW_EVIDENCE
ETNK2	RNA_RESISTANCE_CONSENSUS
ETNPPL	LOW_COVERAGE
ETS1	LOW_EVIDENCE
ETS2	RNA_RESISTANCE_CONSENSUS
ETV1	LOW_EVIDENCE
ETV2	LOW_EVIDENCE
ETV3	LOW_EVIDENCE
ETV3L	LOW_COVERAGE
ETV4	RNA_RESISTANCE_CONSENSUS
ETV5	RNA_RESISTANCE_CONSENSUS
ETV6	RNA_RESISTANCE_CONSENSUS
ETV7	RNA_RESISTANCE_CONSENSUS
EVA1A	LOW_EVIDENCE
EVA1B	RNA_RESISTANCE_CONSENSUS
EVA1C	LOW_EVIDENCE
EVC	LOW_EVIDENCE
EVC2	LOW_COVERAGE
EVI2A	LOW_EVIDENCE
EVI2B	LOW_EVIDENCE
EVI5	LOW_EVIDENCE
EVI5L	LOW_EVIDENCE
EVL	RNA_RESISTANCE_CONSENSUS
EVPL	LOW_EVIDENCE
EVPLL	RNA_RESISTANCE_CONSENSUS
EVX1	LOW_COVERAGE
EVX2	LOW_COVERAGE
EWSAT1	LOW_EVIDENCE
EWSR1	LOW_EVIDENCE
EXD1	LOW_EVIDENCE
EXD2	RNA_RESISTANCE_CONSENSUS
EXD3	RNA_RESISTANCE_CONSENSUS
EXO1	LOW_EVIDENCE
EXO5	RNA_RESISTANCE_CONSENSUS
EXOC1	LOW_EVIDENCE
EXOC2	LOW_EVIDENCE
EXOC3	LOW_EVIDENCE
EXOC3-AS1	LOW_EVIDENCE
EXOC3L1	HUMAN_TUMOR_SUPPORTED
EXOC3L2	LOW_COVERAGE
EXOC3L4	RNA_RESISTANCE_CONSENSUS
EXOC4	LOW_EVIDENCE
EXOC5	LOW_EVIDENCE
EXOC5P1	LOW_COVERAGE
EXOC6	RNA_RESISTANCE_CONSENSUS
EXOC6B	RNA_RESISTANCE_CONSENSUS
EXOC7	LOW_EVIDENCE
EXOC8	LOW_EVIDENCE
EXOG	LOW_EVIDENCE
EXOSC1	ACUTE_RESPONSE
EXOSC10	ACUTE_RESPONSE
EXOSC10-AS1	LOW_COVERAGE
EXOSC2	LOW_EVIDENCE
EXOSC3	LOW_EVIDENCE
EXOSC3P1	LOW_COVERAGE
EXOSC4	LOW_EVIDENCE
EXOSC5	LOW_EVIDENCE
EXOSC6	LOW_EVIDENCE
EXOSC7	LOW_EVIDENCE
EXOSC8	LOW_EVIDENCE
EXOSC9	LOW_EVIDENCE
EXPH5	RNA_RESISTANCE_CONSENSUS
EXT1	RNA_RESISTANCE_CONSENSUS
EXT2	LOW_EVIDENCE
EXTL1	LOW_COVERAGE
EXTL2	LOW_EVIDENCE
EXTL3	RNA_RESISTANCE_CONSENSUS
EXTL3-AS1	LOW_EVIDENCE
EYA1	LOW_EVIDENCE
EYA2	RNA_RESISTANCE_CONSENSUS
EYA3	LOW_EVIDENCE
EYA4	RNA_RESISTANCE_CONSENSUS
EYS	RNA_RESISTANCE_CONSENSUS
EZH1	RNA_RESISTANCE_CONSENSUS
EZH2	RNA_RESISTANCE_CONSENSUS
EZR	RNA_RESISTANCE_CONSENSUS
EZR-AS1	LOW_COVERAGE
F10	LOW_COVERAGE
F11	LOW_COVERAGE
F11-AS1	LOW_COVERAGE
F11R	LOW_EVIDENCE
F12	LOW_EVIDENCE
F13A1	LOW_COVERAGE
F13B	LOW_COVERAGE
F2	LOW_COVERAGE
F2R	RNA_RESISTANCE_CONSENSUS
F2RL1	RNA_RESISTANCE_CONSENSUS
F2RL2	LOW_EVIDENCE
F2RL3	LOW_EVIDENCE
F3	RNA_RESISTANCE_CONSENSUS
F5	RNA_RESISTANCE_CONSENSUS
F7	LOW_COVERAGE
F8	LOW_EVIDENCE
F8A1	RNA_RESISTANCE_CONSENSUS
F8A2	LOW_COVERAGE
F8A3	LOW_COVERAGE
F9	LOW_COVERAGE
FA2H	RNA_RESISTANCE_CONSENSUS
FAAH	LOW_EVIDENCE
FAAH2	RNA_RESISTANCE_CONSENSUS
FAAHP1	LOW_COVERAGE
FAAP100	LOW_EVIDENCE
FAAP20	RNA_RESISTANCE_CONSENSUS
FAAP24	LOW_EVIDENCE
FABP1	LOW_COVERAGE
FABP12	LOW_COVERAGE
FABP2	LOW_EVIDENCE
FABP3	LOW_EVIDENCE
FABP4	LOW_EVIDENCE
FABP5	RNA_RESISTANCE_CONSENSUS
FABP5P7	LOW_COVERAGE
FABP6	RNA_RESISTANCE_CONSENSUS
FABP7	LOW_COVERAGE
FABP9	LOW_COVERAGE
FADD	LOW_EVIDENCE
FADS1	RNA_RESISTANCE_CONSENSUS
FADS2	RNA_RESISTANCE_CONSENSUS
FADS3	RNA_RESISTANCE_CONSENSUS
FADS6	LOW_COVERAGE
FAF1	LOW_EVIDENCE
FAF2	LOW_EVIDENCE
FAH	LOW_EVIDENCE
FAHD1	RNA_RESISTANCE_CONSENSUS
FAHD2A	LOW_EVIDENCE
FAHD2B	RNA_RESISTANCE_CONSENSUS
FAHD2CP	LOW_COVERAGE
FAIM	RNA_RESISTANCE_CONSENSUS
FAIM2	LOW_EVIDENCE
FAIM3	LOW_COVERAGE
FALEC	LOW_EVIDENCE
FAM101A	LOW_COVERAGE
FAM101B	LOW_COVERAGE
FAM102A	RNA_RESISTANCE_CONSENSUS
FAM102B	RNA_RESISTANCE_CONSENSUS
FAM103A1	LOW_EVIDENCE
FAM103A2P	LOW_COVERAGE
FAM104A	LOW_EVIDENCE
FAM104B	LOW_EVIDENCE
FAM105A	RNA_RESISTANCE_CONSENSUS
FAM106A	LOW_COVERAGE
FAM106DP	LOW_COVERAGE
FAM107A	LOW_COVERAGE
FAM107B	LOW_EVIDENCE
FAM109A	LOW_EVIDENCE
FAM109B	LOW_EVIDENCE
FAM110A	RNA_RESISTANCE_CONSENSUS
FAM110B	LOW_EVIDENCE
FAM110C	RNA_RESISTANCE_CONSENSUS
FAM110D	LOW_EVIDENCE
FAM111A	LOW_EVIDENCE
FAM111A-DT	LOW_COVERAGE
FAM111B	LOW_EVIDENCE
FAM114A1	RNA_RESISTANCE_CONSENSUS
FAM114A2	LOW_EVIDENCE
FAM115A	LOW_COVERAGE
FAM115B	LOW_COVERAGE
FAM115C	LOW_COVERAGE
FAM117A	LOW_EVIDENCE
FAM117B	RNA_RESISTANCE_CONSENSUS
FAM118A	LOW_EVIDENCE
FAM118B	LOW_EVIDENCE
FAM120A	LOW_EVIDENCE
FAM120AOS	LOW_EVIDENCE
FAM120B	LOW_EVIDENCE
FAM120C	RNA_RESISTANCE_CONSENSUS
FAM122A	LOW_EVIDENCE
FAM122B	RNA_RESISTANCE_CONSENSUS
FAM122C	RNA_RESISTANCE_CONSENSUS
FAM124A	RNA_RESISTANCE_CONSENSUS
FAM124B	LOW_COVERAGE
FAM126A	LOW_EVIDENCE
FAM126B	LOW_EVIDENCE
FAM127A	LOW_EVIDENCE
FAM127B	LOW_EVIDENCE
FAM127C	LOW_EVIDENCE
FAM129A	ACUTE_RESPONSE
FAM129B	LOW_EVIDENCE
FAM129C	LOW_COVERAGE
FAM131A	LOW_EVIDENCE
FAM131B	LOW_EVIDENCE
FAM131C	LOW_EVIDENCE
FAM132A	LOW_COVERAGE
FAM132B	LOW_EVIDENCE
FAM133A	RNA_RESISTANCE_CONSENSUS
FAM133B	RNA_RESISTANCE_CONSENSUS
FAM133DP	LOW_COVERAGE
FAM134A	LOW_EVIDENCE
FAM134B	LOW_EVIDENCE
FAM134C	LOW_EVIDENCE
FAM135A	RNA_RESISTANCE_CONSENSUS
FAM135B	LOW_COVERAGE
FAM136A	RNA_RESISTANCE_CONSENSUS
FAM13A	RNA_RESISTANCE_CONSENSUS
FAM13A-AS1	LOW_EVIDENCE
FAM13B	LOW_EVIDENCE
FAM13C	HUMAN_TUMOR_SUPPORTED
FAM149A	LOW_EVIDENCE
FAM149B1	LOW_EVIDENCE
FAM150A	LOW_COVERAGE
FAM150B	LOW_COVERAGE
FAM151A	LOW_COVERAGE
FAM151B	LOW_EVIDENCE
FAM153A	LOW_COVERAGE
FAM153B	LOW_COVERAGE
FAM153C	LOW_COVERAGE
FAM153CP	LOW_COVERAGE
FAM154B	LOW_COVERAGE
FAM155A	LOW_EVIDENCE
FAM155A-IT1	LOW_COVERAGE
FAM155B	LOW_EVIDENCE
FAM156A	RNA_RESISTANCE_CONSENSUS
FAM156B	LOW_EVIDENCE
FAM157A	LOW_EVIDENCE
FAM157B	LOW_COVERAGE
FAM157C	RNA_RESISTANCE_CONSENSUS
FAM159A	LOW_COVERAGE
FAM159B	LOW_COVERAGE
FAM160A1	LOW_EVIDENCE
FAM160A1-DT	LOW_COVERAGE
FAM160A2	LOW_EVIDENCE
FAM160B1	LOW_EVIDENCE
FAM160B2	RNA_RESISTANCE_CONSENSUS
FAM161A	RNA_RESISTANCE_CONSENSUS
FAM161B	LOW_EVIDENCE
FAM162A	LOW_EVIDENCE
FAM162B	LOW_COVERAGE
FAM163A	LOW_COVERAGE
FAM163B	LOW_COVERAGE
FAM166A	LOW_COVERAGE
FAM166B	LOW_COVERAGE
FAM167A	RNA_RESISTANCE_CONSENSUS
FAM167A-AS1	LOW_COVERAGE
FAM167B	LOW_EVIDENCE
FAM168A	RNA_RESISTANCE_CONSENSUS
FAM168B	LOW_EVIDENCE
FAM169A	RNA_RESISTANCE_CONSENSUS
FAM169B	LOW_COVERAGE
FAM170A	LOW_COVERAGE
FAM170B	LOW_COVERAGE
FAM171A1	RNA_RESISTANCE_CONSENSUS
FAM171A2	RNA_RESISTANCE_CONSENSUS
FAM171B	RNA_RESISTANCE_CONSENSUS
FAM172A	RNA_RESISTANCE_CONSENSUS
FAM173A	LOW_EVIDENCE
FAM173B	LOW_EVIDENCE
FAM174A	LOW_EVIDENCE
FAM174B	LOW_EVIDENCE
FAM174C	LOW_COVERAGE
FAM175A	LOW_EVIDENCE
FAM175B	LOW_EVIDENCE
FAM177A1	RNA_RESISTANCE_CONSENSUS
FAM177B	LOW_EVIDENCE
FAM178A	LOW_COVERAGE
FAM178B	RNA_RESISTANCE_CONSENSUS
FAM179A	LOW_COVERAGE
FAM179B	LOW_EVIDENCE
FAM180A	LOW_COVERAGE
FAM180B	LOW_COVERAGE
FAM181A	LOW_COVERAGE
FAM181B	LOW_COVERAGE
FAM182A	LOW_COVERAGE
FAM182B	HUMAN_TUMOR_SUPPORTED
FAM183A	RNA_RESISTANCE_CONSENSUS
FAM184A	LOW_EVIDENCE
FAM184B	LOW_EVIDENCE
FAM185A	RNA_RESISTANCE_CONSENSUS
FAM185BP	LOW_COVERAGE
FAM186A	RNA_RESISTANCE_CONSENSUS
FAM186B	LOW_EVIDENCE
FAM187A	LOW_COVERAGE
FAM187B	LOW_COVERAGE
FAM188A	LOW_EVIDENCE
FAM188B	LOW_COVERAGE
FAM189A1	LOW_EVIDENCE
FAM189A2	LOW_EVIDENCE
FAM189B	LOW_EVIDENCE
FAM192A	LOW_EVIDENCE
FAM193A	LOW_EVIDENCE
FAM193B	LOW_EVIDENCE
FAM195A	LOW_EVIDENCE
FAM195B	LOW_EVIDENCE
FAM196A	LOW_EVIDENCE
FAM196B	LOW_COVERAGE
FAM198A	LOW_EVIDENCE
FAM198B	RNA_RESISTANCE_CONSENSUS
FAM198B-AS1	LOW_COVERAGE
FAM199X	LOW_EVIDENCE
FAM19A1	LOW_COVERAGE
FAM19A2	LOW_EVIDENCE
FAM19A3	LOW_COVERAGE
FAM19A4	LOW_COVERAGE
FAM19A5	RNA_RESISTANCE_CONSENSUS
FAM200A	ACUTE_RESPONSE
FAM200B	RNA_RESISTANCE_CONSENSUS
FAM201A	LOW_EVIDENCE
FAM204A	LOW_EVIDENCE
FAM204BP	LOW_COVERAGE
FAM204CP	LOW_COVERAGE
FAM205A	LOW_COVERAGE
FAM206A	LOW_EVIDENCE
FAM207A	RNA_RESISTANCE_CONSENSUS
FAM208A	RNA_RESISTANCE_CONSENSUS
FAM208B	LOW_EVIDENCE
FAM209A	LOW_EVIDENCE
FAM209B	HUMAN_TUMOR_SUPPORTED
FAM20A	LOW_EVIDENCE
FAM20B	LOW_EVIDENCE
FAM20C	RNA_RESISTANCE_CONSENSUS
FAM210A	LOW_EVIDENCE
FAM210B	LOW_EVIDENCE
FAM212A	LOW_COVERAGE
FAM212B	RNA_RESISTANCE_CONSENSUS
FAM212B-AS1	LOW_COVERAGE
FAM213A	LOW_EVIDENCE
FAM213B	LOW_EVIDENCE
FAM214A	RNA_RESISTANCE_CONSENSUS
FAM214B	RNA_RESISTANCE_CONSENSUS
FAM215B	LOW_COVERAGE
FAM216A	RNA_RESISTANCE_CONSENSUS
FAM216B	LOW_COVERAGE
FAM217A	LOW_EVIDENCE
FAM217B	LOW_EVIDENCE
FAM218A	LOW_EVIDENCE
FAM219A	RNA_RESISTANCE_CONSENSUS
FAM219B	RNA_RESISTANCE_CONSENSUS
FAM21A	LOW_EVIDENCE
FAM21C	LOW_EVIDENCE
FAM21EP	LOW_COVERAGE
FAM21FP	LOW_COVERAGE
FAM220A	LOW_EVIDENCE
FAM221A	LOW_EVIDENCE
FAM221B	LOW_COVERAGE
FAM222A	LOW_EVIDENCE
FAM222A-AS1	HUMAN_TUMOR_SUPPORTED
FAM222B	RNA_RESISTANCE_CONSENSUS
FAM225A	LOW_EVIDENCE
FAM225B	LOW_COVERAGE
FAM226B	LOW_COVERAGE
FAM227A	LOW_EVIDENCE
FAM227B	LOW_EVIDENCE
FAM228A	LOW_COVERAGE
FAM228B	LOW_EVIDENCE
FAM229A	LOW_EVIDENCE
FAM229B	RNA_RESISTANCE_CONSENSUS
FAM230A	LOW_COVERAGE
FAM230C	LOW_COVERAGE
FAM230F	LOW_COVERAGE
FAM231A	LOW_COVERAGE
FAM234A	LOW_COVERAGE
FAM234B	LOW_COVERAGE
FAM237B	LOW_COVERAGE
FAM239A	LOW_COVERAGE
FAM239B	LOW_COVERAGE
FAM241A	LOW_COVERAGE
FAM241B	LOW_COVERAGE
FAM242A	LOW_COVERAGE
FAM242C	LOW_COVERAGE
FAM24A	LOW_COVERAGE
FAM24B	LOW_EVIDENCE
FAM25A	RNA_RESISTANCE_CONSENSUS
FAM25C	LOW_COVERAGE
FAM25G	LOW_COVERAGE
FAM26D	LOW_COVERAGE
FAM26E	LOW_COVERAGE
FAM26F	LOW_EVIDENCE
FAM27C	LOW_COVERAGE
FAM27E3	LOW_COVERAGE
FAM32A	LOW_EVIDENCE
FAM35A	LOW_EVIDENCE
FAM35BP	LOW_COVERAGE
FAM35CP	LOW_COVERAGE
FAM35DP	LOW_COVERAGE
FAM3A	LOW_EVIDENCE
FAM3B	LOW_EVIDENCE
FAM3C	LOW_EVIDENCE
FAM3C2	LOW_COVERAGE
FAM3D	LOW_COVERAGE
FAM41C	LOW_EVIDENCE
FAM43A	LOW_EVIDENCE
FAM43B	LOW_COVERAGE
FAM45A	LOW_EVIDENCE
FAM45B	LOW_COVERAGE
FAM46A	LOW_EVIDENCE
FAM46B	LOW_EVIDENCE
FAM46C	RNA_RESISTANCE_CONSENSUS
FAM46D	LOW_COVERAGE
FAM47A	LOW_COVERAGE
FAM47B	LOW_COVERAGE
FAM47C	LOW_COVERAGE
FAM47E	LOW_EVIDENCE
FAM47E-STBD1	LOW_COVERAGE
FAM49A	LOW_EVIDENCE
FAM49B	RNA_RESISTANCE_CONSENSUS
FAM50A	RNA_RESISTANCE_CONSENSUS
FAM50B	LOW_EVIDENCE
FAM53A	RNA_RESISTANCE_CONSENSUS
FAM53B	RNA_RESISTANCE_CONSENSUS
FAM53B-AS1	LOW_COVERAGE
FAM53C	LOW_EVIDENCE
FAM57A	LOW_EVIDENCE
FAM57B	LOW_EVIDENCE
FAM58A	LOW_EVIDENCE
FAM60A	LOW_EVIDENCE
FAM60BP	LOW_COVERAGE
FAM63A	RNA_RESISTANCE_CONSENSUS
FAM63B	LOW_EVIDENCE
FAM64A	LOW_EVIDENCE
FAM65A	LOW_EVIDENCE
FAM65B	LOW_COVERAGE
FAM65C	LOW_EVIDENCE
FAM66A	LOW_COVERAGE
FAM66B	LOW_COVERAGE
FAM66C	LOW_EVIDENCE
FAM66D	LOW_COVERAGE
FAM69A	RNA_RESISTANCE_CONSENSUS
FAM69B	LOW_EVIDENCE
FAM69C	LOW_COVERAGE
FAM71A	LOW_COVERAGE
FAM71B	LOW_COVERAGE
FAM71C	LOW_COVERAGE
FAM71D	LOW_EVIDENCE
FAM71E1	LOW_EVIDENCE
FAM71E2	LOW_COVERAGE
FAM71F1	LOW_EVIDENCE
FAM71F2	LOW_EVIDENCE
FAM72A	RNA_RESISTANCE_CONSENSUS
FAM72B	RNA_RESISTANCE_CONSENSUS
FAM72C	LOW_EVIDENCE
FAM72D	RNA_RESISTANCE_CONSENSUS
FAM73A	LOW_EVIDENCE
FAM73B	LOW_EVIDENCE
FAM76A	LOW_EVIDENCE
FAM76B	LOW_EVIDENCE
FAM78A	LOW_EVIDENCE
FAM78B	LOW_EVIDENCE
FAM81A	RNA_RESISTANCE_CONSENSUS
FAM81B	LOW_EVIDENCE
FAM83A	RNA_RESISTANCE_CONSENSUS
FAM83B	RNA_RESISTANCE_CONSENSUS
FAM83C	LOW_EVIDENCE
FAM83C-AS1	LOW_COVERAGE
FAM83D	LOW_EVIDENCE
FAM83E	LOW_EVIDENCE
FAM83F	LOW_EVIDENCE
FAM83G	RNA_RESISTANCE_CONSENSUS
FAM83H	RNA_RESISTANCE_CONSENSUS
FAM83H-AS1	LOW_COVERAGE
FAM84A	LOW_EVIDENCE
FAM84B	RNA_RESISTANCE_CONSENSUS
FAM85B	LOW_COVERAGE
FAM86A	LOW_COVERAGE
FAM86B1	LOW_EVIDENCE
FAM86B2	LOW_EVIDENCE
FAM86B3P	LOW_COVERAGE
FAM86C1	LOW_EVIDENCE
FAM86C2P	LOW_COVERAGE
FAM86DP	LOW_COVERAGE
FAM86EP	LOW_COVERAGE
FAM86FP	LOW_COVERAGE
FAM86HP	LOW_COVERAGE
FAM86JP	LOW_COVERAGE
FAM87A	LOW_COVERAGE
FAM87B	LOW_COVERAGE
FAM89A	RNA_RESISTANCE_CONSENSUS
FAM89B	LOW_EVIDENCE
FAM8A1	RNA_RESISTANCE_CONSENSUS
FAM90A1	LOW_COVERAGE
FAM91A1	LOW_EVIDENCE
FAM92A	LOW_COVERAGE
FAM92A1	RNA_RESISTANCE_CONSENSUS
FAM92A1P1	LOW_COVERAGE
FAM92B	LOW_COVERAGE
FAM95B1	LOW_COVERAGE
FAM95C	LOW_COVERAGE
FAM96A	LOW_EVIDENCE
FAM96AP2	LOW_COVERAGE
FAM96B	LOW_EVIDENCE
FAM98A	LOW_EVIDENCE
FAM98B	LOW_EVIDENCE
FAM98C	LOW_EVIDENCE
FAM9A	LOW_COVERAGE
FAM9B	LOW_COVERAGE
FAM9C	LOW_COVERAGE
FAN1	ACUTE_RESPONSE
FANCA	LOW_EVIDENCE
FANCB	RNA_RESISTANCE_CONSENSUS
FANCC	RNA_RESISTANCE_CONSENSUS
FANCD2	LOW_EVIDENCE
FANCD2OS	LOW_EVIDENCE
FANCD2P2	LOW_COVERAGE
FANCE	LOW_EVIDENCE
FANCF	LOW_EVIDENCE
FANCG	RNA_RESISTANCE_CONSENSUS
FANCI	RNA_RESISTANCE_CONSENSUS
FANCL	LOW_EVIDENCE
FANCM	RNA_RESISTANCE_CONSENSUS
FANK1	LOW_EVIDENCE
FAP	LOW_COVERAGE
FAR1	LOW_EVIDENCE
FAR1-IT1	LOW_COVERAGE
FAR2	RNA_RESISTANCE_CONSENSUS
FAR2P1	LOW_COVERAGE
FAR2P2	LOW_COVERAGE
FAR2P3	LOW_COVERAGE
FAR2P4	LOW_COVERAGE
FARP1	ACUTE_RESPONSE
FARP1-AS1	LOW_COVERAGE
FARP2	RNA_RESISTANCE_CONSENSUS
FARS2	RNA_RESISTANCE_CONSENSUS
FARSA	RNA_RESISTANCE_CONSENSUS
FARSA-AS1	LOW_COVERAGE
FARSB	RNA_RESISTANCE_CONSENSUS
FAS	LOW_EVIDENCE
FAS-AS1	LOW_COVERAGE
FASLG	LOW_COVERAGE
FASN	ACUTE_RESPONSE
FASTK	LOW_EVIDENCE
FASTKD1	RNA_RESISTANCE_CONSENSUS
FASTKD2	LOW_EVIDENCE
FASTKD3	RNA_RESISTANCE_CONSENSUS
FASTKD5	LOW_EVIDENCE
FAT1	RNA_RESISTANCE_CONSENSUS
FAT2	LOW_EVIDENCE
FAT3	LOW_EVIDENCE
FAT4	LOW_EVIDENCE
FATE1	LOW_COVERAGE
FAU	LOW_EVIDENCE
FAUP1	LOW_COVERAGE
FAXC	RNA_RESISTANCE_CONSENSUS
FAXDC2	RNA_RESISTANCE_CONSENSUS
FBF1	RNA_RESISTANCE_CONSENSUS
FBH1	LOW_COVERAGE
FBL	LOW_EVIDENCE
FBLIM1	RNA_RESISTANCE_CONSENSUS
FBLL1	LOW_COVERAGE
FBLN1	RNA_RESISTANCE_CONSENSUS
FBLN2	LOW_EVIDENCE
FBLN5	HUMAN_TUMOR_SUPPORTED
FBLN7	LOW_EVIDENCE
FBN1	LOW_EVIDENCE
FBN2	RNA_RESISTANCE_CONSENSUS
FBN3	LOW_COVERAGE
FBP1	RNA_RESISTANCE_CONSENSUS
FBP2	RNA_RESISTANCE_CONSENSUS
FBRS	LOW_EVIDENCE
FBRSL1	LOW_EVIDENCE
FBXL12	LOW_EVIDENCE
FBXL13	LOW_EVIDENCE
FBXL14	RNA_RESISTANCE_CONSENSUS
FBXL15	RNA_RESISTANCE_CONSENSUS
FBXL16	RNA_RESISTANCE_CONSENSUS
FBXL17	LOW_EVIDENCE
FBXL18	LOW_EVIDENCE
FBXL19	LOW_EVIDENCE
FBXL19-AS1	LOW_EVIDENCE
FBXL2	LOW_EVIDENCE
FBXL20	LOW_EVIDENCE
FBXL21	LOW_COVERAGE
FBXL22	RNA_RESISTANCE_CONSENSUS
FBXL3	LOW_EVIDENCE
FBXL4	LOW_EVIDENCE
FBXL5	LOW_EVIDENCE
FBXL6	RNA_RESISTANCE_CONSENSUS
FBXL7	RNA_RESISTANCE_CONSENSUS
FBXL8	LOW_EVIDENCE
FBXO10	RNA_RESISTANCE_CONSENSUS
FBXO11	RNA_RESISTANCE_CONSENSUS
FBXO15	LOW_EVIDENCE
FBXO16	LOW_EVIDENCE
FBXO17	RNA_RESISTANCE_CONSENSUS
FBXO18	LOW_EVIDENCE
FBXO2	RNA_RESISTANCE_CONSENSUS
FBXO21	LOW_EVIDENCE
FBXO22	LOW_EVIDENCE
FBXO24	RNA_RESISTANCE_CONSENSUS
FBXO25	RNA_RESISTANCE_CONSENSUS
FBXO27	RNA_RESISTANCE_CONSENSUS
FBXO28	RNA_RESISTANCE_CONSENSUS
FBXO3	LOW_EVIDENCE
FBXO30	RNA_RESISTANCE_CONSENSUS
FBXO31	LOW_EVIDENCE
FBXO32	RNA_RESISTANCE_CONSENSUS
FBXO33	RNA_RESISTANCE_CONSENSUS
FBXO34	LOW_EVIDENCE
FBXO36	LOW_EVIDENCE
FBXO38	LOW_EVIDENCE
FBXO39	LOW_COVERAGE
FBXO4	LOW_EVIDENCE
FBXO40	LOW_COVERAGE
FBXO41	RNA_RESISTANCE_CONSENSUS
FBXO42	LOW_EVIDENCE
FBXO43	RNA_RESISTANCE_CONSENSUS
FBXO44	RNA_RESISTANCE_CONSENSUS
FBXO45	RNA_RESISTANCE_CONSENSUS
FBXO46	LOW_EVIDENCE
FBXO47	LOW_EVIDENCE
FBXO48	HUMAN_TUMOR_SUPPORTED
FBXO5	LOW_EVIDENCE
FBXO6	LOW_EVIDENCE
FBXO7	RNA_RESISTANCE_CONSENSUS
FBXO8	LOW_EVIDENCE
FBXO9	LOW_EVIDENCE
FBXW10	LOW_EVIDENCE
FBXW11	LOW_EVIDENCE
FBXW11P1	LOW_COVERAGE
FBXW12	LOW_COVERAGE
FBXW2	LOW_EVIDENCE
FBXW4	RNA_RESISTANCE_CONSENSUS
FBXW4P1	LOW_COVERAGE
FBXW5	LOW_EVIDENCE
FBXW7	RNA_RESISTANCE_CONSENSUS
FBXW8	RNA_RESISTANCE_CONSENSUS
FBXW9	RNA_RESISTANCE_CONSENSUS
FCAMR	LOW_COVERAGE
FCAR	LOW_COVERAGE
FCER1A	LOW_COVERAGE
FCER1G	LOW_COVERAGE
FCER2	LOW_COVERAGE
FCF1	LOW_EVIDENCE
FCF1P1	LOW_COVERAGE
FCF1P2	LOW_COVERAGE
FCF1P5	LOW_COVERAGE
FCF1P7	LOW_COVERAGE
FCF1P8	LOW_COVERAGE
FCGBP	LOW_EVIDENCE
FCGR1A	LOW_COVERAGE
FCGR1B	LOW_COVERAGE
FCGR2A	LOW_EVIDENCE
FCGR2B	LOW_COVERAGE
FCGR3A	LOW_COVERAGE
FCGR3B	LOW_COVERAGE
FCGRT	HUMAN_TUMOR_SUPPORTED
FCHO1	RNA_RESISTANCE_CONSENSUS
FCHO2	LOW_EVIDENCE
FCHSD1	RNA_RESISTANCE_CONSENSUS
FCHSD2	LOW_EVIDENCE
FCMR	LOW_COVERAGE
FCN1	LOW_COVERAGE
FCN2	LOW_COVERAGE
FCN3	LOW_COVERAGE
FCRL1	LOW_COVERAGE
FCRL2	LOW_COVERAGE
FCRL3	LOW_COVERAGE
FCRL4	LOW_COVERAGE
FCRL5	LOW_COVERAGE
FCRL6	LOW_COVERAGE
FCRLA	LOW_COVERAGE
FCRLB	LOW_EVIDENCE
FCSK	LOW_COVERAGE
FDCSP	LOW_EVIDENCE
FDFT1	RNA_RESISTANCE_CONSENSUS
FDPS	RNA_RESISTANCE_CONSENSUS
FDPSP3	LOW_COVERAGE
FDPSP8	LOW_COVERAGE
FDX1	LOW_EVIDENCE
FDX1L	LOW_COVERAGE
FDX1P1	LOW_COVERAGE
FDX2	LOW_COVERAGE
FDXACB1	LOW_EVIDENCE
FDXR	LOW_EVIDENCE
FECH	LOW_EVIDENCE
FEM1A	RNA_RESISTANCE_CONSENSUS
FEM1B	LOW_EVIDENCE
FEM1C	LOW_EVIDENCE
FEN1	RNA_RESISTANCE_CONSENSUS
FER	LOW_EVIDENCE
FER1L4	LOW_COVERAGE
FER1L5	LOW_COVERAGE
FER1L6	RNA_RESISTANCE_CONSENSUS
FER1L6-AS2	LOW_COVERAGE
FERD3L	LOW_COVERAGE
FERMT1	RNA_RESISTANCE_CONSENSUS
FERMT2	RNA_RESISTANCE_CONSENSUS
FERMT3	LOW_EVIDENCE
FERP1	LOW_COVERAGE
FES	RNA_RESISTANCE_CONSENSUS
FETUB	LOW_COVERAGE
FEV	LOW_COVERAGE
FEZ1	RNA_RESISTANCE_CONSENSUS
FEZ2	RNA_RESISTANCE_CONSENSUS
FEZF1	RNA_RESISTANCE_CONSENSUS
FEZF1-AS1	RNA_RESISTANCE_CONSENSUS
FEZF2	LOW_COVERAGE
FFAR1	LOW_COVERAGE
FFAR2	LOW_EVIDENCE
FFAR3	LOW_COVERAGE
FFAR4	LOW_EVIDENCE
FGA	LOW_COVERAGE
FGB	ACUTE_RESPONSE
FGD1	RNA_RESISTANCE_CONSENSUS
FGD2	LOW_COVERAGE
FGD3	RNA_RESISTANCE_CONSENSUS
FGD4	LOW_EVIDENCE
FGD5	LOW_EVIDENCE
FGD5-AS1	LOW_EVIDENCE
FGD6	RNA_RESISTANCE_CONSENSUS
FGF1	LOW_EVIDENCE
FGF10	LOW_COVERAGE
FGF11	RNA_RESISTANCE_CONSENSUS
FGF12	RNA_RESISTANCE_CONSENSUS
FGF12-AS1	LOW_COVERAGE
FGF12-AS2	LOW_COVERAGE
FGF12-AS3	LOW_COVERAGE
FGF13	RNA_RESISTANCE_CONSENSUS
FGF13-AS1	LOW_COVERAGE
FGF14	LOW_COVERAGE
FGF14-AS2	LOW_COVERAGE
FGF16	LOW_COVERAGE
FGF17	LOW_COVERAGE
FGF18	HUMAN_TUMOR_SUPPORTED
FGF2	LOW_EVIDENCE
FGF20	LOW_COVERAGE
FGF21	LOW_COVERAGE
FGF22	LOW_COVERAGE
FGF23	LOW_COVERAGE
FGF3	LOW_COVERAGE
FGF4	LOW_COVERAGE
FGF5	LOW_COVERAGE
FGF6	LOW_COVERAGE
FGF7	ACUTE_RESPONSE
FGF7P1	LOW_COVERAGE
FGF8	LOW_COVERAGE
FGF9	LOW_COVERAGE
FGFBP1	LOW_COVERAGE
FGFBP2	RNA_RESISTANCE_CONSENSUS
FGFBP3	LOW_EVIDENCE
FGFR1	LOW_EVIDENCE
FGFR1OP	RNA_RESISTANCE_CONSENSUS
FGFR1OP2	LOW_EVIDENCE
FGFR2	RNA_RESISTANCE_CONSENSUS
FGFR3	RNA_RESISTANCE_CONSENSUS
FGFR4	RNA_RESISTANCE_CONSENSUS
FGFRL1	ACUTE_RESPONSE
FGG	ACUTE_RESPONSE
FGGY	RNA_RESISTANCE_CONSENSUS
FGL1	LOW_EVIDENCE
FGL2	ACUTE_RESPONSE
FGR	LOW_COVERAGE
FH	RNA_RESISTANCE_CONSENSUS
FHAD1	LOW_EVIDENCE
FHDC1	LOW_EVIDENCE
FHIT	LOW_EVIDENCE
FHL1	RNA_RESISTANCE_CONSENSUS
FHL2	LOW_EVIDENCE
FHL3	RNA_RESISTANCE_CONSENSUS
FHL5	LOW_COVERAGE
FHOD1	LOW_EVIDENCE
FHOD3	LOW_EVIDENCE
FHP1	LOW_COVERAGE
FIBCD1	RNA_RESISTANCE_CONSENSUS
FIBIN	LOW_EVIDENCE
FIBP	LOW_EVIDENCE
FICD	ACUTE_RESPONSE
FIG4	LOW_EVIDENCE
FIGF	LOW_COVERAGE
FIGLA	LOW_COVERAGE
FIGN	RNA_RESISTANCE_CONSENSUS
FIGNL1	RNA_RESISTANCE_CONSENSUS
FIGNL2	LOW_COVERAGE
FILIP1	ACUTE_RESPONSE
FILIP1L	RNA_RESISTANCE_CONSENSUS
FIP1L1	LOW_EVIDENCE
FIRRE	RNA_RESISTANCE_CONSENSUS
FIS1	LOW_EVIDENCE
FITM1	RNA_RESISTANCE_CONSENSUS
FITM2	RNA_RESISTANCE_CONSENSUS
FIZ1	LOW_EVIDENCE
FJX1	RNA_RESISTANCE_CONSENSUS
FKBP10	RNA_RESISTANCE_CONSENSUS
FKBP11	RNA_RESISTANCE_CONSENSUS
FKBP14	LOW_EVIDENCE
FKBP15	RNA_RESISTANCE_CONSENSUS
FKBP1A	LOW_EVIDENCE
FKBP1B	LOW_EVIDENCE
FKBP1C	LOW_COVERAGE
FKBP2	LOW_EVIDENCE
FKBP3	RNA_RESISTANCE_CONSENSUS
FKBP4	LOW_EVIDENCE
FKBP4P1	LOW_COVERAGE
FKBP4P6	LOW_COVERAGE
FKBP5	LOW_EVIDENCE
FKBP6	LOW_COVERAGE
FKBP7	LOW_EVIDENCE
FKBP8	LOW_EVIDENCE
FKBP9	LOW_EVIDENCE
FKBP9P1	LOW_COVERAGE
FKBPL	LOW_EVIDENCE
FKRP	LOW_EVIDENCE
FKTN	RNA_RESISTANCE_CONSENSUS
FLACC1	LOW_COVERAGE
FLAD1	RNA_RESISTANCE_CONSENSUS
FLCN	ACUTE_RESPONSE
FLG	LOW_COVERAGE
FLG-AS1	LOW_COVERAGE
FLG2	LOW_COVERAGE
FLI1	LOW_COVERAGE
FLII	RNA_RESISTANCE_CONSENSUS
FLJ12825	LOW_COVERAGE
FLJ13224	LOW_COVERAGE
FLJ20021	LOW_COVERAGE
FLJ21408	LOW_COVERAGE
FLJ22184	LOW_COVERAGE
FLJ22447	LOW_COVERAGE
FLJ27354	LOW_COVERAGE
FLJ30679	LOW_COVERAGE
FLJ31306	LOW_COVERAGE
FLJ31356	LOW_COVERAGE
FLJ35934	LOW_COVERAGE
FLJ36000	LOW_COVERAGE
FLJ37035	LOW_COVERAGE
FLJ37453	LOW_COVERAGE
FLJ42351	LOW_COVERAGE
FLJ42393	LOW_COVERAGE
FLJ42627	LOW_COVERAGE
FLJ43681	LOW_COVERAGE
FLJ44511	LOW_COVERAGE
FLJ44635	LOW_COVERAGE
FLJ45513	LOW_COVERAGE
FLJ46284	LOW_COVERAGE
FLJ46906	LOW_COVERAGE
FLNA	RNA_RESISTANCE_CONSENSUS
FLNB	RNA_RESISTANCE_CONSENSUS
FLNB-AS1	LOW_COVERAGE
FLNC	LOW_EVIDENCE
FLNC-AS1	LOW_COVERAGE
FLOT1	RNA_RESISTANCE_CONSENSUS
FLOT2	LOW_EVIDENCE
FLRT1	LOW_EVIDENCE
FLRT2	LOW_EVIDENCE
FLRT3	ACUTE_RESPONSE
FLT1	LOW_EVIDENCE
FLT3	LOW_EVIDENCE
FLT3LG	RNA_RESISTANCE_CONSENSUS
FLT4	RNA_RESISTANCE_CONSENSUS
FLVCR1	LOW_EVIDENCE
FLVCR1-AS1	LOW_COVERAGE
FLVCR1-DT	LOW_COVERAGE
FLVCR2	RNA_RESISTANCE_CONSENSUS
FLYWCH1	LOW_EVIDENCE
FLYWCH2	LOW_EVIDENCE
FMC1	LOW_COVERAGE
FMN1	ACUTE_RESPONSE
FMN2	LOW_EVIDENCE
FMNL1	RNA_RESISTANCE_CONSENSUS
FMNL2	RNA_RESISTANCE_CONSENSUS
FMNL3	LOW_EVIDENCE
FMO1	LOW_COVERAGE
FMO2	LOW_COVERAGE
FMO3	LOW_COVERAGE
FMO4	ACUTE_RESPONSE
FMO5	RNA_RESISTANCE_CONSENSUS
FMO6P	LOW_COVERAGE
FMOD	LOW_EVIDENCE
FMR1	RNA_RESISTANCE_CONSENSUS
FMR1-AS1	LOW_COVERAGE
FMR1-IT1	LOW_COVERAGE
FMR1NB	LOW_COVERAGE
FN1	RNA_RESISTANCE_CONSENSUS
FN3K	RNA_RESISTANCE_CONSENSUS
FN3KRP	LOW_EVIDENCE
FNBP1	LOW_EVIDENCE
FNBP1L	RNA_RESISTANCE_CONSENSUS
FNBP1P1	LOW_COVERAGE
FNBP4	LOW_EVIDENCE
FNDC1	LOW_COVERAGE
FNDC10	LOW_COVERAGE
FNDC11	LOW_COVERAGE
FNDC3A	LOW_EVIDENCE
FNDC3B	RNA_RESISTANCE_CONSENSUS
FNDC4	ACUTE_RESPONSE
FNDC5	ACUTE_RESPONSE
FNDC7	LOW_COVERAGE
FNDC8	LOW_COVERAGE
FNDC9	LOW_COVERAGE
FNIP1	LOW_EVIDENCE
FNIP2	RNA_RESISTANCE_CONSENSUS
FNTA	RNA_RESISTANCE_CONSENSUS
FNTAL1	LOW_COVERAGE
FNTAP2	LOW_COVERAGE
FNTB	RNA_RESISTANCE_CONSENSUS
FO393401.1	LOW_COVERAGE
FO393418.1	LOW_COVERAGE
FO393419.2	LOW_COVERAGE
FO538757.2	LOW_COVERAGE
FO704657.1	LOW_COVERAGE
FOCAD	LOW_EVIDENCE
FOCAD-AS1	LOW_COVERAGE
FOLH1	LOW_COVERAGE
FOLH1B	LOW_COVERAGE
FOLR1	RNA_RESISTANCE_CONSENSUS
FOLR2	LOW_COVERAGE
FOLR3	LOW_COVERAGE
FOPNL	LOW_EVIDENCE
FOS	LOW_EVIDENCE
FOSB	LOW_EVIDENCE
FOSL1	RNA_RESISTANCE_CONSENSUS
FOSL1P1	LOW_COVERAGE
FOSL2	RNA_RESISTANCE_CONSENSUS
FOXA1	RNA_RESISTANCE_CONSENSUS
FOXA2	LOW_COVERAGE
FOXA3	LOW_EVIDENCE
FOXB1	LOW_COVERAGE
FOXB2	LOW_COVERAGE
FOXC1	RNA_RESISTANCE_CONSENSUS
FOXC2	LOW_COVERAGE
FOXD1	RNA_RESISTANCE_CONSENSUS
FOXD1-AS1	LOW_COVERAGE
FOXD2	LOW_EVIDENCE
FOXD2-AS1	LOW_EVIDENCE
FOXD3	CONTEXT_DEPENDENT
FOXD3-AS1	LOW_EVIDENCE
FOXD4	RNA_RESISTANCE_CONSENSUS
FOXD4L1	LOW_COVERAGE
FOXD4L3	LOW_COVERAGE
FOXD4L4	LOW_COVERAGE
FOXD4L5	LOW_COVERAGE
FOXD4L6	LOW_COVERAGE
FOXE1	LOW_COVERAGE
FOXE3	LOW_COVERAGE
FOXF1	LOW_COVERAGE
FOXF2	LOW_COVERAGE
FOXG1	LOW_COVERAGE
FOXH1	LOW_EVIDENCE
FOXI1	LOW_COVERAGE
FOXI2	LOW_COVERAGE
FOXI3	RNA_RESISTANCE_CONSENSUS
FOXJ1	LOW_EVIDENCE
FOXJ2	RNA_RESISTANCE_CONSENSUS
FOXJ3	LOW_EVIDENCE
FOXK1	LOW_EVIDENCE
FOXK2	LOW_EVIDENCE
FOXL1	LOW_COVERAGE
FOXL2	LOW_COVERAGE
FOXL2NB	LOW_COVERAGE
FOXM1	RNA_RESISTANCE_CONSENSUS
FOXN1	RNA_RESISTANCE_CONSENSUS
FOXN2	LOW_EVIDENCE
FOXN3	LOW_EVIDENCE
FOXN3-AS1	RNA_RESISTANCE_CONSENSUS
FOXN4	LOW_COVERAGE
FOXO1	RNA_RESISTANCE_CONSENSUS
FOXO3	RNA_RESISTANCE_CONSENSUS
FOXO3B	LOW_EVIDENCE
FOXO4	RNA_RESISTANCE_CONSENSUS
FOXO6	RNA_RESISTANCE_CONSENSUS
FOXP1	RNA_RESISTANCE_CONSENSUS
FOXP1-AS1	LOW_COVERAGE
FOXP1-IT1	LOW_COVERAGE
FOXP2	LOW_EVIDENCE
FOXP3	RNA_RESISTANCE_CONSENSUS
FOXP4	RNA_RESISTANCE_CONSENSUS
FOXP4-AS1	RNA_RESISTANCE_CONSENSUS
FOXQ1	LOW_COVERAGE
FOXR1	LOW_COVERAGE
FOXR2	LOW_COVERAGE
FOXRED1	LOW_EVIDENCE
FOXRED2	RNA_RESISTANCE_CONSENSUS
FOXS1	LOW_COVERAGE
FP236315.1	LOW_COVERAGE
FP236383.3	LOW_COVERAGE
FP236383.7	LOW_COVERAGE
FP236383.8	LOW_COVERAGE
FP325330.3	LOW_COVERAGE
FP565260.1	LOW_COVERAGE
FP565260.3	LOW_COVERAGE
FP565260.6	LOW_COVERAGE
FP671120.2	LOW_COVERAGE
FP671120.4	LOW_COVERAGE
FP700111.1	LOW_COVERAGE
FPGS	LOW_EVIDENCE
FPGT	LOW_EVIDENCE
FPGT-TNNI3K	LOW_EVIDENCE
FPR1	LOW_COVERAGE
FPR2	LOW_COVERAGE
FPR3	LOW_EVIDENCE
FRA10AC1	LOW_EVIDENCE
FRAS1	RNA_RESISTANCE_CONSENSUS
FRAT1	LOW_EVIDENCE
FRAT2	LOW_EVIDENCE
FREM1	LOW_COVERAGE
FREM2	RNA_RESISTANCE_CONSENSUS
FREM2-AS1	LOW_COVERAGE
FREM3	LOW_COVERAGE
FRG1	LOW_EVIDENCE
FRG1-DT	LOW_COVERAGE
FRG1B	LOW_COVERAGE
FRG1BP	LOW_COVERAGE
FRG1HP	LOW_COVERAGE
FRG1JP	LOW_COVERAGE
FRG1KP	LOW_COVERAGE
FRG2	LOW_COVERAGE
FRG2B	LOW_COVERAGE
FRG2C	LOW_COVERAGE
FRG2JP	LOW_COVERAGE
FRGCA	LOW_COVERAGE
FRK	RNA_RESISTANCE_CONSENSUS
FRMD1	LOW_COVERAGE
FRMD3	RNA_RESISTANCE_CONSENSUS
FRMD4A	RNA_RESISTANCE_CONSENSUS
FRMD4B	LOW_EVIDENCE
FRMD5	LOW_EVIDENCE
FRMD6	RNA_RESISTANCE_CONSENSUS
FRMD6-AS1	RNA_RESISTANCE_CONSENSUS
FRMD6-AS2	LOW_COVERAGE
FRMD7	LOW_COVERAGE
FRMD8	RNA_RESISTANCE_CONSENSUS
FRMPD1	LOW_EVIDENCE
FRMPD2	LOW_COVERAGE
FRMPD3	LOW_EVIDENCE
FRMPD4	LOW_COVERAGE
FRRS1	LOW_EVIDENCE
FRRS1L	LOW_COVERAGE
FRS2	LOW_EVIDENCE
FRS3	LOW_EVIDENCE
FRY	RNA_RESISTANCE_CONSENSUS
FRY-AS1	LOW_EVIDENCE
FRYL	LOW_EVIDENCE
FRZB	LOW_COVERAGE
FSBP	RNA_RESISTANCE_CONSENSUS
FSCB	LOW_COVERAGE
FSCN1	LOW_EVIDENCE
FSCN2	LOW_EVIDENCE
FSCN3	RNA_RESISTANCE_CONSENSUS
FSD1	RNA_RESISTANCE_CONSENSUS
FSD1L	RNA_RESISTANCE_CONSENSUS
FSD2	LOW_EVIDENCE
FSHB	LOW_COVERAGE
FSHR	LOW_COVERAGE
FSIP1	RNA_RESISTANCE_CONSENSUS
FSIP2	HUMAN_TUMOR_SUPPORTED
FSIP2-AS1	LOW_EVIDENCE
FSIP2-AS2	LOW_COVERAGE
FST	LOW_EVIDENCE
FSTL1	RNA_RESISTANCE_CONSENSUS
FSTL3	LOW_EVIDENCE
FSTL4	RNA_RESISTANCE_CONSENSUS
FSTL5	LOW_EVIDENCE
FTCD	RNA_RESISTANCE_CONSENSUS
FTCDNL1	RNA_RESISTANCE_CONSENSUS
FTH1	LOW_EVIDENCE
FTH1P10	LOW_COVERAGE
FTH1P11	LOW_COVERAGE
FTH1P15	LOW_COVERAGE
FTH1P16	LOW_COVERAGE
FTH1P18	LOW_COVERAGE
FTH1P2	LOW_COVERAGE
FTH1P20	LOW_COVERAGE
FTH1P23	LOW_COVERAGE
FTH1P24	LOW_COVERAGE
FTH1P25	LOW_COVERAGE
FTH1P3	LOW_COVERAGE
FTH1P4	LOW_COVERAGE
FTH1P7	LOW_COVERAGE
FTH1P8	LOW_COVERAGE
FTHL17	LOW_COVERAGE
FTL	ACUTE_RESPONSE
FTLP14	LOW_COVERAGE
FTLP3	LOW_COVERAGE
FTLP6	LOW_COVERAGE
FTMT	LOW_COVERAGE
FTO	LOW_EVIDENCE
FTO-IT1	LOW_COVERAGE
FTSJ1	LOW_EVIDENCE
FTSJ2	RNA_RESISTANCE_CONSENSUS
FTSJ3	LOW_EVIDENCE
FTX	LOW_EVIDENCE
FTX_1	LOW_COVERAGE
FTX_2	LOW_COVERAGE
FTX_3	LOW_COVERAGE
FTX_4	LOW_COVERAGE
FTX_5	LOW_COVERAGE
FUBP1	LOW_EVIDENCE
FUBP3	LOW_EVIDENCE
FUCA1	LOW_EVIDENCE
FUCA2	LOW_EVIDENCE
FUK	LOW_EVIDENCE
FUNDC1	LOW_EVIDENCE
FUNDC2	RNA_RESISTANCE_CONSENSUS
FUOM	RNA_RESISTANCE_CONSENSUS
FURIN	RNA_RESISTANCE_CONSENSUS
FUS	LOW_EVIDENCE
FUT1	LOW_EVIDENCE
FUT10	LOW_EVIDENCE
FUT11	RNA_RESISTANCE_CONSENSUS
FUT2	LOW_EVIDENCE
FUT3	LOW_EVIDENCE
FUT4	LOW_EVIDENCE
FUT5	LOW_COVERAGE
FUT6	LOW_COVERAGE
FUT7	LOW_COVERAGE
FUT8	RNA_RESISTANCE_CONSENSUS
FUT8-AS1	RNA_RESISTANCE_CONSENSUS
FUT9	RNA_RESISTANCE_CONSENSUS
FUZ	RNA_RESISTANCE_CONSENSUS
FXN	LOW_EVIDENCE
FXNP2	LOW_COVERAGE
FXR1	LOW_EVIDENCE
FXR2	RNA_RESISTANCE_CONSENSUS
FXYD1	LOW_COVERAGE
FXYD2	LOW_COVERAGE
FXYD3	RNA_RESISTANCE_CONSENSUS
FXYD4	LOW_COVERAGE
FXYD5	RNA_RESISTANCE_CONSENSUS
FXYD6	LOW_EVIDENCE
FXYD6-FXYD2	LOW_COVERAGE
FXYD7	LOW_COVERAGE
FYB	LOW_COVERAGE
FYB1	LOW_COVERAGE
FYB2	LOW_COVERAGE
FYCO1	LOW_EVIDENCE
FYN	RNA_RESISTANCE_CONSENSUS
FYTTD1	LOW_EVIDENCE
FYTTD1P1	LOW_COVERAGE
FZD1	LOW_EVIDENCE
FZD10	LOW_COVERAGE
FZD2	ACUTE_RESPONSE
FZD3	LOW_EVIDENCE
FZD4	RNA_RESISTANCE_CONSENSUS
FZD4-DT	LOW_COVERAGE
FZD5	LOW_EVIDENCE
FZD6	ACUTE_RESPONSE
FZD7	RNA_RESISTANCE_CONSENSUS
FZD8	RNA_RESISTANCE_CONSENSUS
FZD9	LOW_COVERAGE
FZR1	LOW_EVIDENCE
G0S2	LOW_COVERAGE
G2E3	RNA_RESISTANCE_CONSENSUS
G2E3-AS1	LOW_COVERAGE
G3BP1	LOW_EVIDENCE
G3BP2	LOW_EVIDENCE
G6PC	LOW_COVERAGE
G6PC2	LOW_COVERAGE
G6PC3	LOW_EVIDENCE
G6PD	RNA_RESISTANCE_CONSENSUS
GAA	LOW_EVIDENCE
GAB1	LOW_EVIDENCE
GAB2	LOW_EVIDENCE
GAB3	LOW_EVIDENCE
GAB4	LOW_COVERAGE
GABARAP	LOW_EVIDENCE
GABARAPL1	RNA_RESISTANCE_CONSENSUS
GABARAPL2	RNA_RESISTANCE_CONSENSUS
GABBR1	LOW_EVIDENCE
GABBR2	RNA_RESISTANCE_CONSENSUS
GABPA	LOW_EVIDENCE
GABPB1	RNA_RESISTANCE_CONSENSUS
GABPB1-AS1	LOW_EVIDENCE
GABPB1-IT1	LOW_COVERAGE
GABPB2	RNA_RESISTANCE_CONSENSUS
GABRA1	LOW_COVERAGE
GABRA2	LOW_COVERAGE
GABRA3	LOW_COVERAGE
GABRA4	LOW_COVERAGE
GABRA5	LOW_COVERAGE
GABRA6	LOW_COVERAGE
GABRB1	LOW_COVERAGE
GABRB2	LOW_COVERAGE
GABRB3	LOW_EVIDENCE
GABRD	RNA_RESISTANCE_CONSENSUS
GABRE	LOW_EVIDENCE
GABRG1	LOW_COVERAGE
GABRG2	RNA_RESISTANCE_CONSENSUS
GABRG3	LOW_COVERAGE
GABRG3-AS1	LOW_COVERAGE
GABRP	RNA_RESISTANCE_CONSENSUS
GABRQ	LOW_COVERAGE
GABRR1	LOW_COVERAGE
GABRR2	LOW_EVIDENCE
GABRR3	LOW_COVERAGE
GACAT2	LOW_COVERAGE
GACAT3	LOW_COVERAGE
GAD1	RNA_RESISTANCE_CONSENSUS
GAD2	LOW_COVERAGE
GADD45A	RNA_RESISTANCE_CONSENSUS
GADD45B	RNA_RESISTANCE_CONSENSUS
GADD45G	RNA_RESISTANCE_CONSENSUS
GADD45GIP1	LOW_EVIDENCE
GADL1	LOW_COVERAGE
GAFA3	LOW_COVERAGE
GAGE1	LOW_COVERAGE
GAGE10	RNA_RESISTANCE_CONSENSUS
GAGE12C	LOW_COVERAGE
GAGE12H	LOW_COVERAGE
GAGE12I	LOW_COVERAGE
GAGE12J	LOW_COVERAGE
GAGE13	LOW_COVERAGE
GAGE2A	LOW_COVERAGE
GAGE2B	LOW_COVERAGE
GAGE2D	LOW_COVERAGE
GAK	LOW_EVIDENCE
GAL	RNA_RESISTANCE_CONSENSUS
GAL3ST1	LOW_COVERAGE
GAL3ST2	LOW_COVERAGE
GAL3ST3	LOW_COVERAGE
GAL3ST4	LOW_COVERAGE
GALC	LOW_EVIDENCE
GALE	LOW_EVIDENCE
GALK1	LOW_EVIDENCE
GALK2	LOW_EVIDENCE
GALM	RNA_RESISTANCE_CONSENSUS
GALNS	LOW_EVIDENCE
GALNT1	RNA_RESISTANCE_CONSENSUS
GALNT10	RNA_RESISTANCE_CONSENSUS
GALNT11	LOW_EVIDENCE
GALNT12	RNA_RESISTANCE_CONSENSUS
GALNT13	RNA_RESISTANCE_CONSENSUS
GALNT14	RNA_RESISTANCE_CONSENSUS
GALNT15	LOW_COVERAGE
GALNT16	RNA_RESISTANCE_CONSENSUS
GALNT17	LOW_COVERAGE
GALNT18	RNA_RESISTANCE_CONSENSUS
GALNT2	RNA_RESISTANCE_CONSENSUS
GALNT3	LOW_EVIDENCE
GALNT4	LOW_EVIDENCE
GALNT5	LOW_EVIDENCE
GALNT6	RNA_RESISTANCE_CONSENSUS
GALNT7	RNA_RESISTANCE_CONSENSUS
GALNT8	LOW_EVIDENCE
GALNT9	LOW_COVERAGE
GALNTL5	LOW_COVERAGE
GALNTL6	RNA_RESISTANCE_CONSENSUS
GALP	LOW_COVERAGE
GALR1	LOW_EVIDENCE
GALR2	LOW_EVIDENCE
GALR3	LOW_COVERAGE
GALT	LOW_EVIDENCE
GAMT	RNA_RESISTANCE_CONSENSUS
GAMTP2	LOW_COVERAGE
GAN	RNA_RESISTANCE_CONSENSUS
GANAB	LOW_EVIDENCE
GANC	LOW_EVIDENCE
GAP43	LOW_COVERAGE
GAPDH	RNA_RESISTANCE_CONSENSUS
GAPDHP1	LOW_COVERAGE
GAPDHP2	LOW_COVERAGE
GAPDHP21	LOW_COVERAGE
GAPDHP33	LOW_COVERAGE
GAPDHP38	LOW_COVERAGE
GAPDHP39	LOW_COVERAGE
GAPDHP40	LOW_COVERAGE
GAPDHP42	LOW_COVERAGE
GAPDHP44	LOW_COVERAGE
GAPDHP51	LOW_COVERAGE
GAPDHP55	LOW_COVERAGE
GAPDHP60	LOW_COVERAGE
GAPDHP61	LOW_COVERAGE
GAPDHP62	LOW_COVERAGE
GAPDHP63	LOW_COVERAGE
GAPDHP65	LOW_COVERAGE
GAPDHP71	LOW_COVERAGE
GAPDHS	LOW_COVERAGE
GAPLINC	LOW_COVERAGE
GAPT	LOW_COVERAGE
GAPVD1	LOW_EVIDENCE
GAR1	LOW_EVIDENCE
GAREM	RNA_RESISTANCE_CONSENSUS
GAREM1	LOW_COVERAGE
GAREM2	LOW_COVERAGE
GAREML	LOW_COVERAGE
GARNL3	RNA_RESISTANCE_CONSENSUS
GARS	LOW_EVIDENCE
GARS-DT	LOW_COVERAGE
GART	LOW_EVIDENCE
GAS1	LOW_EVIDENCE
GAS2	LOW_EVIDENCE
GAS2L1	LOW_EVIDENCE
GAS2L2	LOW_COVERAGE
GAS2L3	RNA_RESISTANCE_CONSENSUS
GAS5	LOW_EVIDENCE
GAS5-AS1	LOW_EVIDENCE
GAS6	LOW_EVIDENCE
GAS6-AS1	LOW_COVERAGE
GAS6-AS2	LOW_COVERAGE
GAS6-DT	LOW_COVERAGE
GAS7	LOW_EVIDENCE
GAS8	LOW_EVIDENCE
GAS8-AS1	LOW_COVERAGE
GASAL1	LOW_COVERAGE
GASK1A	LOW_COVERAGE
GASK1B	LOW_COVERAGE
GAST	LOW_COVERAGE
GATA1	LOW_COVERAGE
GATA2	RNA_RESISTANCE_CONSENSUS
GATA2-AS1	LOW_COVERAGE
GATA3	RNA_RESISTANCE_CONSENSUS
GATA3-AS1	RNA_RESISTANCE_CONSENSUS
GATA4	RNA_RESISTANCE_CONSENSUS
GATA5	LOW_EVIDENCE
GATA6	RNA_RESISTANCE_CONSENSUS
GATA6-AS1	LOW_COVERAGE
GATAD1	LOW_EVIDENCE
GATAD2A	RNA_RESISTANCE_CONSENSUS
GATAD2B	RNA_RESISTANCE_CONSENSUS
GATB	RNA_RESISTANCE_CONSENSUS
GATC	LOW_EVIDENCE
GATD1	LOW_COVERAGE
GATD3A	LOW_COVERAGE
GATD3B	LOW_COVERAGE
GATM	LOW_EVIDENCE
GATM-AS1	LOW_COVERAGE
GATS	LOW_EVIDENCE
GATSL2	LOW_EVIDENCE
GATSL3	RNA_RESISTANCE_CONSENSUS
GBA	RNA_RESISTANCE_CONSENSUS
GBA2	RNA_RESISTANCE_CONSENSUS
GBAP1	LOW_COVERAGE
GBAS	LOW_EVIDENCE
GBE1	RNA_RESISTANCE_CONSENSUS
GBF1	LOW_EVIDENCE
GBGT1	LOW_COVERAGE
GBP1	RNA_RESISTANCE_CONSENSUS
GBP1P1	LOW_COVERAGE
GBP2	RNA_RESISTANCE_CONSENSUS
GBP3	RNA_RESISTANCE_CONSENSUS
GBP4	LOW_EVIDENCE
GBP5	LOW_COVERAGE
GBP6	LOW_COVERAGE
GBP7	LOW_COVERAGE
GBX1	LOW_COVERAGE
GBX2	RNA_RESISTANCE_CONSENSUS
GC	LOW_COVERAGE
GCA	LOW_EVIDENCE
GCAT	RNA_RESISTANCE_CONSENSUS
GCC1	LOW_EVIDENCE
GCC2	RNA_RESISTANCE_CONSENSUS
GCC2-AS1	LOW_EVIDENCE
GCDH	RNA_RESISTANCE_CONSENSUS
GCFC2	LOW_EVIDENCE
GCG	LOW_COVERAGE
GCGR	LOW_EVIDENCE
GCH1	RNA_RESISTANCE_CONSENSUS
GCHFR	RNA_RESISTANCE_CONSENSUS
GCK	LOW_COVERAGE
GCKR	LOW_COVERAGE
GCLC	RNA_RESISTANCE_CONSENSUS
GCLM	LOW_EVIDENCE
GCM1	LOW_COVERAGE
GCM2	LOW_COVERAGE
GCN1	LOW_EVIDENCE
GCN1L1	LOW_COVERAGE
GCNA	LOW_COVERAGE
GCNT1	RNA_RESISTANCE_CONSENSUS
GCNT1P1	LOW_COVERAGE
GCNT1P3	LOW_COVERAGE
GCNT2	LOW_EVIDENCE
GCNT3	LOW_EVIDENCE
GCNT4	LOW_EVIDENCE
GCNT7	LOW_EVIDENCE
GCOM1	RNA_RESISTANCE_CONSENSUS
GCSAM	LOW_COVERAGE
GCSAML	LOW_COVERAGE
GCSH	LOW_EVIDENCE
GCSHP3	LOW_COVERAGE
GCSHP5	LOW_COVERAGE
GDA	LOW_COVERAGE
GDAP1	RNA_RESISTANCE_CONSENSUS
GDAP1L1	RNA_RESISTANCE_CONSENSUS
GDAP2	LOW_EVIDENCE
GDE1	LOW_EVIDENCE
GDF1	LOW_EVIDENCE
GDF10	LOW_COVERAGE
GDF11	LOW_EVIDENCE
GDF15	RNA_RESISTANCE_CONSENSUS
GDF2	LOW_COVERAGE
GDF3	LOW_COVERAGE
GDF5	LOW_EVIDENCE
GDF5OS	LOW_COVERAGE
GDF6	LOW_COVERAGE
GDF7	LOW_COVERAGE
GDF9	LOW_EVIDENCE
GDI1	LOW_EVIDENCE
GDI2	RNA_RESISTANCE_CONSENSUS
GDI2P2	LOW_COVERAGE
GDNF	LOW_COVERAGE
GDNF-AS1	LOW_COVERAGE
GDPD1	RNA_RESISTANCE_CONSENSUS
GDPD2	LOW_COVERAGE
GDPD3	RNA_RESISTANCE_CONSENSUS
GDPD4	LOW_COVERAGE
GDPD5	RNA_RESISTANCE_CONSENSUS
GDPGP1	RNA_RESISTANCE_CONSENSUS
GEM	RNA_RESISTANCE_CONSENSUS
GEMIN2	RNA_RESISTANCE_CONSENSUS
GEMIN4	LOW_EVIDENCE
GEMIN5	LOW_EVIDENCE
GEMIN6	LOW_EVIDENCE
GEMIN7	LOW_EVIDENCE
GEMIN7-AS1	LOW_COVERAGE
GEMIN8	LOW_EVIDENCE
GEMIN8P4	LOW_COVERAGE
GEN1	LOW_EVIDENCE
GET1	LOW_COVERAGE
GET3	LOW_COVERAGE
GET4	RNA_RESISTANCE_CONSENSUS
GFAP	LOW_COVERAGE
GFER	RNA_RESISTANCE_CONSENSUS
GFI1	RNA_RESISTANCE_CONSENSUS
GFI1B	LOW_COVERAGE
GFM1	RNA_RESISTANCE_CONSENSUS
GFM2	LOW_EVIDENCE
GFOD1	RNA_RESISTANCE_CONSENSUS
GFOD1-AS1	LOW_COVERAGE
GFOD2	LOW_EVIDENCE
GFPT1	LOW_EVIDENCE
GFPT2	RNA_RESISTANCE_CONSENSUS
GFRA1	RNA_RESISTANCE_CONSENSUS
GFRA2	RNA_RESISTANCE_CONSENSUS
GFRA3	RNA_RESISTANCE_CONSENSUS
GFRA4	LOW_COVERAGE
GFRAL	LOW_COVERAGE
GFY	LOW_COVERAGE
GGA1	RNA_RESISTANCE_CONSENSUS
GGA2	RNA_RESISTANCE_CONSENSUS
GGA3	LOW_EVIDENCE
GGACT	LOW_EVIDENCE
GGCT	RNA_RESISTANCE_CONSENSUS
GGCX	LOW_EVIDENCE
GGH	LOW_EVIDENCE
GGN	LOW_COVERAGE
GGNBP1	LOW_COVERAGE
GGNBP2	LOW_EVIDENCE
GGPS1	LOW_EVIDENCE
GGT1	LOW_EVIDENCE
GGT5	RNA_RESISTANCE_CONSENSUS
GGT6	RNA_RESISTANCE_CONSENSUS
GGT7	LOW_EVIDENCE
GGTA2P	LOW_COVERAGE
GGTLC1	LOW_COVERAGE
GGTLC2	LOW_COVERAGE
GH1	LOW_COVERAGE
GH2	LOW_COVERAGE
GHDC	RNA_RESISTANCE_CONSENSUS
GHET1	LOW_EVIDENCE
GHITM	LOW_EVIDENCE
GHR	RNA_RESISTANCE_CONSENSUS
GHRH	LOW_COVERAGE
GHRHR	LOW_COVERAGE
GHRL	LOW_EVIDENCE
GHRLOS	LOW_EVIDENCE
GHSR	LOW_COVERAGE
GHc-857G6.7	LOW_COVERAGE
GID4	RNA_RESISTANCE_CONSENSUS
GID8	LOW_EVIDENCE
GIF	LOW_COVERAGE
GIGYF1	LOW_EVIDENCE
GIGYF2	LOW_EVIDENCE
GIHCG	LOW_COVERAGE
GIMAP1	LOW_COVERAGE
GIMAP1-GIMAP5	LOW_COVERAGE
GIMAP2	LOW_EVIDENCE
GIMAP4	LOW_COVERAGE
GIMAP5	LOW_COVERAGE
GIMAP6	LOW_COVERAGE
GIMAP7	LOW_COVERAGE
GIMAP8	LOW_COVERAGE
GIMD1	LOW_COVERAGE
GIN1	RNA_RESISTANCE_CONSENSUS
GINM1	LOW_EVIDENCE
GINS1	RNA_RESISTANCE_CONSENSUS
GINS2	RNA_RESISTANCE_CONSENSUS
GINS3	RNA_RESISTANCE_CONSENSUS
GINS4	LOW_EVIDENCE
GIP	LOW_COVERAGE
GIPC1	LOW_EVIDENCE
GIPC2	LOW_EVIDENCE
GIPC3	LOW_EVIDENCE
GIPR	RNA_RESISTANCE_CONSENSUS
GIT1	RNA_RESISTANCE_CONSENSUS
GIT2	LOW_EVIDENCE
GJA1	HUMAN_TUMOR_SUPPORTED
GJA10	LOW_COVERAGE
GJA1P1	LOW_COVERAGE
GJA3	RNA_RESISTANCE_CONSENSUS
GJA4	LOW_COVERAGE
GJA5	LOW_COVERAGE
GJA8	LOW_COVERAGE
GJA9	LOW_COVERAGE
GJA9-MYCBP	LOW_COVERAGE
GJB1	LOW_COVERAGE
GJB2	RNA_RESISTANCE_CONSENSUS
GJB3	RNA_RESISTANCE_CONSENSUS
GJB4	LOW_COVERAGE
GJB5	LOW_EVIDENCE
GJB6	LOW_COVERAGE
GJB7	RNA_RESISTANCE_CONSENSUS
GJC1	LOW_EVIDENCE
GJC2	LOW_EVIDENCE
GJC3	RNA_RESISTANCE_CONSENSUS
GJD2	LOW_COVERAGE
GJD3	LOW_EVIDENCE
GJD4	LOW_COVERAGE
GK	RNA_RESISTANCE_CONSENSUS
GK-AS1	LOW_COVERAGE
GK2	LOW_COVERAGE
GK5	LOW_EVIDENCE
GKAP1	RNA_RESISTANCE_CONSENSUS
GKN1	LOW_COVERAGE
GKN2	LOW_COVERAGE
GLA	RNA_RESISTANCE_CONSENSUS
GLB1	LOW_EVIDENCE
GLB1L	LOW_EVIDENCE
GLB1L2	LOW_EVIDENCE
GLB1L3	LOW_COVERAGE
GLCCI1	RNA_RESISTANCE_CONSENSUS
GLCE	LOW_EVIDENCE
GLDC	RNA_RESISTANCE_CONSENSUS
GLDN	LOW_EVIDENCE
GLE1	RNA_RESISTANCE_CONSENSUS
GLG1	LOW_EVIDENCE
GLI1	LOW_EVIDENCE
GLI2	LOW_EVIDENCE
GLI3	RNA_RESISTANCE_CONSENSUS
GLI4	LOW_EVIDENCE
GLIDR	ACUTE_RESPONSE
GLIPR1	ACUTE_RESPONSE
GLIPR1L1	LOW_EVIDENCE
GLIPR1L2	LOW_EVIDENCE
GLIPR2	RNA_RESISTANCE_CONSENSUS
GLIS1	LOW_COVERAGE
GLIS2	LOW_EVIDENCE
GLIS2-AS1	LOW_COVERAGE
GLIS3	HUMAN_TUMOR_SUPPORTED
GLMN	LOW_EVIDENCE
GLMP	LOW_EVIDENCE
GLO1	LOW_EVIDENCE
GLOD4	RNA_RESISTANCE_CONSENSUS
GLOD5	LOW_EVIDENCE
GLP1R	LOW_COVERAGE
GLP2R	LOW_COVERAGE
GLRA1	HUMAN_TUMOR_SUPPORTED
GLRA2	LOW_COVERAGE
GLRA3	RNA_RESISTANCE_CONSENSUS
GLRA4	LOW_COVERAGE
GLRB	RNA_RESISTANCE_CONSENSUS
GLRX	RNA_RESISTANCE_CONSENSUS
GLRX2	LOW_EVIDENCE
GLRX3	LOW_EVIDENCE
GLRX3P2	LOW_COVERAGE
GLRX5	LOW_EVIDENCE
GLS	LOW_EVIDENCE
GLS2	LOW_EVIDENCE
GLT1D1	LOW_COVERAGE
GLT6D1	LOW_COVERAGE
GLT8D1	LOW_EVIDENCE
GLT8D2	HUMAN_TUMOR_SUPPORTED
GLTP	LOW_EVIDENCE
GLTPD2	HUMAN_TUMOR_SUPPORTED
GLTSCR1	LOW_EVIDENCE
GLTSCR1-AS1	LOW_COVERAGE
GLTSCR1L	LOW_EVIDENCE
GLTSCR2	LOW_EVIDENCE
GLUD1	RNA_RESISTANCE_CONSENSUS
GLUD1P3	LOW_COVERAGE
GLUD1P7	LOW_COVERAGE
GLUD2	RNA_RESISTANCE_CONSENSUS
GLUL	LOW_EVIDENCE
GLYAT	LOW_COVERAGE
GLYATL1	RNA_RESISTANCE_CONSENSUS
GLYATL1P1	LOW_COVERAGE
GLYATL1P3	LOW_COVERAGE
GLYATL1P4	LOW_COVERAGE
GLYATL2	LOW_EVIDENCE
GLYATL3	LOW_COVERAGE
GLYCTK	LOW_EVIDENCE
GLYCTK-AS1	LOW_COVERAGE
GLYR1	LOW_EVIDENCE
GM2A	RNA_RESISTANCE_CONSENSUS
GMCL1	LOW_EVIDENCE
GMDS	LOW_EVIDENCE
GMDS-AS1	LOW_COVERAGE
GMDS-DT	LOW_COVERAGE
GMEB1	LOW_EVIDENCE
GMEB2	LOW_EVIDENCE
GMFB	RNA_RESISTANCE_CONSENSUS
GMFG	LOW_EVIDENCE
GMIP	LOW_EVIDENCE
GML	LOW_COVERAGE
GMNC	LOW_COVERAGE
GMNN	LOW_EVIDENCE
GMPPA	ACUTE_RESPONSE
GMPPB	ACUTE_RESPONSE
GMPR	RNA_RESISTANCE_CONSENSUS
GMPR2	LOW_EVIDENCE
GMPS	LOW_EVIDENCE
GMPSP1	LOW_COVERAGE
GNA11	LOW_EVIDENCE
GNA12	LOW_EVIDENCE
GNA13	RNA_RESISTANCE_CONSENSUS
GNA14	RNA_RESISTANCE_CONSENSUS
GNA14-AS1	LOW_COVERAGE
GNA15	LOW_EVIDENCE
GNAI1	RNA_RESISTANCE_CONSENSUS
GNAI2	RNA_RESISTANCE_CONSENSUS
GNAI3	LOW_EVIDENCE
GNAL	RNA_RESISTANCE_CONSENSUS
GNAO1	LOW_EVIDENCE
GNAQ	LOW_EVIDENCE
GNAQP1	LOW_COVERAGE
GNAS	LOW_EVIDENCE
GNAS-AS1	LOW_EVIDENCE
GNAS-AS1_2	LOW_COVERAGE
GNAT1	LOW_COVERAGE
GNAT2	LOW_EVIDENCE
GNAT3	LOW_COVERAGE
GNAZ	LOW_EVIDENCE
GNB1	LOW_EVIDENCE
GNB1L	LOW_EVIDENCE
GNB2	LOW_EVIDENCE
GNB2L1	LOW_EVIDENCE
GNB3	LOW_EVIDENCE
GNB4	RNA_RESISTANCE_CONSENSUS
GNB5	RNA_RESISTANCE_CONSENSUS
GNE	RNA_RESISTANCE_CONSENSUS
GNG10	LOW_EVIDENCE
GNG11	LOW_EVIDENCE
GNG12	RNA_RESISTANCE_CONSENSUS
GNG12-AS1	LOW_EVIDENCE
GNG13	RNA_RESISTANCE_CONSENSUS
GNG2	LOW_COVERAGE
GNG3	LOW_EVIDENCE
GNG4	RNA_RESISTANCE_CONSENSUS
GNG5	RNA_RESISTANCE_CONSENSUS
GNG7	RNA_RESISTANCE_CONSENSUS
GNG8	LOW_COVERAGE
GNGT1	RNA_RESISTANCE_CONSENSUS
GNGT2	LOW_COVERAGE
GNL1	LOW_EVIDENCE
GNL2	LOW_EVIDENCE
GNL3	RNA_RESISTANCE_CONSENSUS
GNL3L	RNA_RESISTANCE_CONSENSUS
GNL3LP1	LOW_COVERAGE
GNLY	LOW_COVERAGE
GNMT	RNA_RESISTANCE_CONSENSUS
GNPAT	RNA_RESISTANCE_CONSENSUS
GNPDA1	RNA_RESISTANCE_CONSENSUS
GNPDA2	RNA_RESISTANCE_CONSENSUS
GNPNAT1	LOW_EVIDENCE
GNPTAB	LOW_EVIDENCE
GNPTG	LOW_EVIDENCE
GNRH1	LOW_EVIDENCE
GNRH2	LOW_COVERAGE
GNRHR	LOW_COVERAGE
GNRHR2	LOW_COVERAGE
GNS	RNA_RESISTANCE_CONSENSUS
GOLGA1	RNA_RESISTANCE_CONSENSUS
GOLGA2	LOW_EVIDENCE
GOLGA2P10	LOW_COVERAGE
GOLGA2P5	LOW_COVERAGE
GOLGA2P6	LOW_COVERAGE
GOLGA2P7	LOW_COVERAGE
GOLGA2P8	LOW_COVERAGE
GOLGA3	LOW_EVIDENCE
GOLGA4	LOW_EVIDENCE
GOLGA5	LOW_EVIDENCE
GOLGA6A	LOW_COVERAGE
GOLGA6B	LOW_COVERAGE
GOLGA6C	LOW_COVERAGE
GOLGA6D	LOW_COVERAGE
GOLGA6L1	LOW_COVERAGE
GOLGA6L10	LOW_EVIDENCE
GOLGA6L2	LOW_COVERAGE
GOLGA6L4	LOW_EVIDENCE
GOLGA6L5P	LOW_COVERAGE
GOLGA6L6	LOW_COVERAGE
GOLGA6L9	LOW_EVIDENCE
GOLGA7	RNA_RESISTANCE_CONSENSUS
GOLGA7B	LOW_EVIDENCE
GOLGA8A	LOW_EVIDENCE
GOLGA8B	LOW_EVIDENCE
GOLGA8H	LOW_COVERAGE
GOLGA8IP	LOW_COVERAGE
GOLGA8J	LOW_COVERAGE
GOLGA8K	LOW_COVERAGE
GOLGA8M	LOW_COVERAGE
GOLGA8N	LOW_EVIDENCE
GOLGA8O	LOW_COVERAGE
GOLGA8Q	LOW_COVERAGE
GOLGA8R	LOW_COVERAGE
GOLGB1	LOW_EVIDENCE
GOLIM4	RNA_RESISTANCE_CONSENSUS
GOLM1	RNA_RESISTANCE_CONSENSUS
GOLPH3	LOW_EVIDENCE
GOLPH3L	LOW_EVIDENCE
GOLT1A	RNA_RESISTANCE_CONSENSUS
GOLT1B	LOW_EVIDENCE
GON4L	LOW_EVIDENCE
GON7	LOW_COVERAGE
GOPC	RNA_RESISTANCE_CONSENSUS
GORAB	RNA_RESISTANCE_CONSENSUS
GORAB-AS1	LOW_COVERAGE
GORASP1	LOW_EVIDENCE
GORASP2	RNA_RESISTANCE_CONSENSUS
GOSR1	RNA_RESISTANCE_CONSENSUS
GOSR2	LOW_EVIDENCE
GOT1	ACUTE_RESPONSE
GOT1L1	LOW_COVERAGE
GOT2	LOW_EVIDENCE
GOT2P3	LOW_COVERAGE
GP1BA	LOW_EVIDENCE
GP1BB	RNA_RESISTANCE_CONSENSUS
GP2	LOW_COVERAGE
GP5	LOW_COVERAGE
GP6	LOW_EVIDENCE
GP9	LOW_COVERAGE
GPA33	LOW_COVERAGE
GPAA1	LOW_EVIDENCE
GPALPP1	LOW_EVIDENCE
GPAM	LOW_EVIDENCE
GPANK1	LOW_EVIDENCE
GPAT2	LOW_EVIDENCE
GPAT3	LOW_COVERAGE
GPAT4	LOW_COVERAGE
GPATCH1	LOW_EVIDENCE
GPATCH11	RNA_RESISTANCE_CONSENSUS
GPATCH2	LOW_EVIDENCE
GPATCH2L	LOW_EVIDENCE
GPATCH3	LOW_EVIDENCE
GPATCH4	LOW_EVIDENCE
GPATCH8	LOW_EVIDENCE
GPBAR1	LOW_COVERAGE
GPBP1	LOW_EVIDENCE
GPBP1L1	LOW_EVIDENCE
GPC1	LOW_EVIDENCE
GPC2	LOW_EVIDENCE
GPC3	LOW_EVIDENCE
GPC4	RNA_RESISTANCE_CONSENSUS
GPC5	LOW_EVIDENCE
GPC5-AS1	LOW_COVERAGE
GPC5-AS2	LOW_COVERAGE
GPC5-IT1	LOW_COVERAGE
GPC6	RNA_RESISTANCE_CONSENSUS
GPC6-AS1	LOW_COVERAGE
GPC6-AS2	LOW_COVERAGE
GPCPD1	LOW_EVIDENCE
GPD1	LOW_EVIDENCE
GPD1L	RNA_RESISTANCE_CONSENSUS
GPD2	RNA_RESISTANCE_CONSENSUS
GPER1	RNA_RESISTANCE_CONSENSUS
GPHA2	LOW_COVERAGE
GPHB5	LOW_COVERAGE
GPHN	RNA_RESISTANCE_CONSENSUS
GPI	LOW_EVIDENCE
GPIHBP1	LOW_COVERAGE
GPKOW	LOW_EVIDENCE
GPLD1	LOW_EVIDENCE
GPM6A	RNA_RESISTANCE_CONSENSUS
GPM6B	LOW_EVIDENCE
GPN1	LOW_EVIDENCE
GPN2	LOW_EVIDENCE
GPN3	RNA_RESISTANCE_CONSENSUS
GPNMB	RNA_RESISTANCE_CONSENSUS
GPR1	LOW_COVERAGE
GPR1-AS	LOW_COVERAGE
GPR101	LOW_COVERAGE
GPR107	LOW_EVIDENCE
GPR108	RNA_RESISTANCE_CONSENSUS
GPR115	LOW_COVERAGE
GPR119	LOW_COVERAGE
GPR12	LOW_COVERAGE
GPR125	LOW_COVERAGE
GPR126	LOW_COVERAGE
GPR132	HUMAN_TUMOR_SUPPORTED
GPR133	LOW_COVERAGE
GPR135	RNA_RESISTANCE_CONSENSUS
GPR137	RNA_RESISTANCE_CONSENSUS
GPR137B	RNA_RESISTANCE_CONSENSUS
GPR137C	LOW_EVIDENCE
GPR139	LOW_COVERAGE
GPR141	LOW_COVERAGE
GPR142	LOW_COVERAGE
GPR143	LOW_EVIDENCE
GPR146	LOW_EVIDENCE
GPR148	LOW_COVERAGE
GPR149	LOW_COVERAGE
GPR15	LOW_COVERAGE
GPR150	LOW_COVERAGE
GPR151	LOW_COVERAGE
GPR152	LOW_COVERAGE
GPR153	RNA_RESISTANCE_CONSENSUS
GPR155	LOW_EVIDENCE
GPR156	HUMAN_TUMOR_SUPPORTED
GPR157	LOW_EVIDENCE
GPR158	RNA_RESISTANCE_CONSENSUS
GPR160	LOW_EVIDENCE
GPR161	RNA_RESISTANCE_CONSENSUS
GPR162	LOW_EVIDENCE
GPR17	LOW_COVERAGE
GPR171	LOW_EVIDENCE
GPR173	RNA_RESISTANCE_CONSENSUS
GPR174	LOW_COVERAGE
GPR176	RNA_RESISTANCE_CONSENSUS
GPR176-DT	LOW_COVERAGE
GPR179	LOW_COVERAGE
GPR18	RNA_RESISTANCE_CONSENSUS
GPR180	LOW_EVIDENCE
GPR182	LOW_COVERAGE
GPR183	LOW_EVIDENCE
GPR19	RNA_RESISTANCE_CONSENSUS
GPR20	LOW_COVERAGE
GPR21	LOW_COVERAGE
GPR22	LOW_COVERAGE
GPR25	LOW_COVERAGE
GPR26	LOW_COVERAGE
GPR27	LOW_EVIDENCE
GPR3	LOW_EVIDENCE
GPR31	LOW_COVERAGE
GPR32	LOW_COVERAGE
GPR33	LOW_COVERAGE
GPR34	LOW_EVIDENCE
GPR35	LOW_EVIDENCE
GPR37	RNA_RESISTANCE_CONSENSUS
GPR37L1	RNA_RESISTANCE_CONSENSUS
GPR39	RNA_RESISTANCE_CONSENSUS
GPR4	LOW_COVERAGE
GPR45	LOW_COVERAGE
GPR50	LOW_COVERAGE
GPR52	LOW_COVERAGE
GPR55	LOW_COVERAGE
GPR56	LOW_COVERAGE
GPR6	LOW_COVERAGE
GPR61	LOW_COVERAGE
GPR62	LOW_COVERAGE
GPR63	HUMAN_TUMOR_SUPPORTED
GPR65	LOW_COVERAGE
GPR68	RNA_RESISTANCE_CONSENSUS
GPR75	LOW_EVIDENCE
GPR75-ASB3	LOW_EVIDENCE
GPR78	LOW_COVERAGE
GPR79	LOW_COVERAGE
GPR82	RNA_RESISTANCE_CONSENSUS
GPR83	LOW_COVERAGE
GPR84	LOW_COVERAGE
GPR85	LOW_COVERAGE
GPR87	LOW_EVIDENCE
GPR88	LOW_COVERAGE
GPR89A	LOW_EVIDENCE
GPR89B	LOW_EVIDENCE
GPR98	LOW_COVERAGE
GPRASP1	LOW_EVIDENCE
GPRASP2	LOW_EVIDENCE
GPRC5A	LOW_EVIDENCE
GPRC5B	RNA_RESISTANCE_CONSENSUS
GPRC5C	RNA_RESISTANCE_CONSENSUS
GPRC5D	LOW_EVIDENCE
GPRC5D-AS1	LOW_COVERAGE
GPRC6A	LOW_COVERAGE
GPRIN1	LOW_EVIDENCE
GPRIN2	LOW_COVERAGE
GPRIN3	RNA_RESISTANCE_CONSENSUS
GPS1	LOW_EVIDENCE
GPS2	RNA_RESISTANCE_CONSENSUS
GPSM1	LOW_EVIDENCE
GPSM2	RNA_RESISTANCE_CONSENSUS
GPSM3	RNA_RESISTANCE_CONSENSUS
GPT	ACUTE_RESPONSE
GPT2	ACUTE_RESPONSE
GPX1	LOW_COVERAGE
GPX2	RNA_RESISTANCE_CONSENSUS
GPX3	RNA_RESISTANCE_CONSENSUS
GPX4	RNA_RESISTANCE_CONSENSUS
GPX5	LOW_COVERAGE
GPX6	LOW_COVERAGE
GPX7	LOW_COVERAGE
GPX8	RNA_RESISTANCE_CONSENSUS
GRAMD1A	RNA_RESISTANCE_CONSENSUS
GRAMD1B	RNA_RESISTANCE_CONSENSUS
GRAMD1C	RNA_RESISTANCE_CONSENSUS
GRAMD2	RNA_RESISTANCE_CONSENSUS
GRAMD2A	LOW_COVERAGE
GRAMD2B	LOW_COVERAGE
GRAMD3	LOW_EVIDENCE
GRAMD4	LOW_EVIDENCE
GRAMD4P7	LOW_COVERAGE
GRAMD4P8	LOW_COVERAGE
GRAP	LOW_COVERAGE
GRAP2	LOW_COVERAGE
GRAPL	LOW_COVERAGE
GRASP	LOW_EVIDENCE
GRB10	RNA_RESISTANCE_CONSENSUS
GRB14	RNA_RESISTANCE_CONSENSUS
GRB2	LOW_EVIDENCE
GRB7	RNA_RESISTANCE_CONSENSUS
GREB1	RNA_RESISTANCE_CONSENSUS
GREB1L	RNA_RESISTANCE_CONSENSUS
GREM1	LOW_EVIDENCE
GREM2	LOW_COVERAGE
GRHL1	RNA_RESISTANCE_CONSENSUS
GRHL2	LOW_EVIDENCE
GRHL3	RNA_RESISTANCE_CONSENSUS
GRHPR	LOW_EVIDENCE
GRIA1	LOW_COVERAGE
GRIA2	LOW_EVIDENCE
GRIA3	LOW_COVERAGE
GRIA4	LOW_EVIDENCE
GRID1	RNA_RESISTANCE_CONSENSUS
GRID2	LOW_COVERAGE
GRID2IP	LOW_EVIDENCE
GRIFIN	LOW_COVERAGE
GRIK1	LOW_EVIDENCE
GRIK1-AS1	LOW_COVERAGE
GRIK2	RNA_RESISTANCE_CONSENSUS
GRIK3	RNA_RESISTANCE_CONSENSUS
GRIK4	RNA_RESISTANCE_CONSENSUS
GRIK5	LOW_EVIDENCE
GRIN1	ACUTE_RESPONSE
GRIN2A	LOW_COVERAGE
GRIN2B	LOW_EVIDENCE
GRIN2C	RNA_RESISTANCE_CONSENSUS
GRIN2D	LOW_COVERAGE
GRIN3A	LOW_COVERAGE
GRIN3B	LOW_COVERAGE
GRINA	LOW_EVIDENCE
GRIP1	RNA_RESISTANCE_CONSENSUS
GRIP2	LOW_EVIDENCE
GRIPAP1	LOW_EVIDENCE
GRK2	LOW_COVERAGE
GRK3	LOW_COVERAGE
GRK4	LOW_EVIDENCE
GRK5	RNA_RESISTANCE_CONSENSUS
GRK6	LOW_EVIDENCE
GRK7	LOW_EVIDENCE
GRM1	LOW_COVERAGE
GRM2	LOW_COVERAGE
GRM3	RNA_RESISTANCE_CONSENSUS
GRM4	RNA_RESISTANCE_CONSENSUS
GRM5	LOW_COVERAGE
GRM6	LOW_COVERAGE
GRM7	LOW_COVERAGE
GRM7-AS3	LOW_COVERAGE
GRM8	RNA_RESISTANCE_CONSENSUS
GRN	LOW_EVIDENCE
GRP	LOW_COVERAGE
GRPEL1	LOW_EVIDENCE
GRPEL2	LOW_EVIDENCE
GRPEL2-AS1	LOW_COVERAGE
GRPR	RNA_RESISTANCE_CONSENSUS
GRSF1	LOW_EVIDENCE
GRTP1	RNA_RESISTANCE_CONSENSUS
GRTP1-AS1	LOW_EVIDENCE
GRWD1	LOW_EVIDENCE
GRXCR1	LOW_COVERAGE
GRXCR2	LOW_COVERAGE
GS1-114I9.1	LOW_COVERAGE
GS1-114I9.3	LOW_COVERAGE
GS1-115G20.1	LOW_COVERAGE
GS1-115G20.2	LOW_COVERAGE
GS1-120K12.4	LOW_COVERAGE
GS1-124K5.10	LOW_COVERAGE
GS1-124K5.11	LOW_COVERAGE
GS1-124K5.12	LOW_COVERAGE
GS1-124K5.13	LOW_COVERAGE
GS1-124K5.2	LOW_COVERAGE
GS1-124K5.3	LOW_COVERAGE
GS1-124K5.4	LOW_COVERAGE
GS1-124K5.7	LOW_COVERAGE
GS1-124K5.8	LOW_COVERAGE
GS1-165B14.2	LOW_COVERAGE
GS1-166A23.2	LOW_COVERAGE
GS1-184P14.2	LOW_COVERAGE
GS1-18A18.2	LOW_COVERAGE
GS1-251I9.3	LOW_COVERAGE
GS1-259H13.11	LOW_COVERAGE
GS1-259H13.2	LOW_COVERAGE
GS1-259H13.7	LOW_COVERAGE
GS1-25M2.1	LOW_COVERAGE
GS1-279B7.1	LOW_COVERAGE
GS1-279B7.2	LOW_COVERAGE
GS1-293C5.1	LOW_COVERAGE
GS1-309P15.4	LOW_COVERAGE
GS1-358P8.4	LOW_COVERAGE
GS1-393G12.12	LOW_COVERAGE
GS1-393G12.13	LOW_COVERAGE
GS1-393G12.14	LOW_COVERAGE
GS1-44D20.1	LOW_COVERAGE
GSAP	RNA_RESISTANCE_CONSENSUS
GSC	RNA_RESISTANCE_CONSENSUS
GSC2	LOW_COVERAGE
GSDMA	LOW_COVERAGE
GSDMB	RNA_RESISTANCE_CONSENSUS
GSDMC	ACUTE_RESPONSE
GSDMD	RNA_RESISTANCE_CONSENSUS
GSDME	LOW_COVERAGE
GSE1	RNA_RESISTANCE_CONSENSUS
GSEC	LOW_COVERAGE
GSG1	RNA_RESISTANCE_CONSENSUS
GSG1L	RNA_RESISTANCE_CONSENSUS
GSG2	LOW_EVIDENCE
GSK3A	LOW_EVIDENCE
GSK3B	LOW_EVIDENCE
GSKIP	LOW_EVIDENCE
GSN	RNA_RESISTANCE_CONSENSUS
GSN-AS1	LOW_COVERAGE
GSPT1	LOW_EVIDENCE
GSPT2	LOW_EVIDENCE
GSR	RNA_RESISTANCE_CONSENSUS
GSS	LOW_EVIDENCE
GSTA1	LOW_COVERAGE
GSTA2	LOW_EVIDENCE
GSTA3	LOW_COVERAGE
GSTA4	RNA_RESISTANCE_CONSENSUS
GSTA5	LOW_COVERAGE
GSTCD	LOW_EVIDENCE
GSTK1	LOW_EVIDENCE
GSTM1	ACUTE_RESPONSE
GSTM2	LOW_EVIDENCE
GSTM3	RNA_RESISTANCE_CONSENSUS
GSTM3P1	LOW_COVERAGE
GSTM4	RNA_RESISTANCE_CONSENSUS
GSTM5	LOW_COVERAGE
GSTO1	LOW_EVIDENCE
GSTO2	RNA_RESISTANCE_CONSENSUS
GSTP1	LOW_COVERAGE
GSTT2B	RNA_RESISTANCE_CONSENSUS
GSTZ1	LOW_EVIDENCE
GSX1	LOW_COVERAGE
GSX2	LOW_COVERAGE
GTDC1	LOW_EVIDENCE
GTF2A1	LOW_EVIDENCE
GTF2A1L	LOW_COVERAGE
GTF2A2	LOW_EVIDENCE
GTF2B	RNA_RESISTANCE_CONSENSUS
GTF2E1	LOW_EVIDENCE
GTF2E2	RNA_RESISTANCE_CONSENSUS
GTF2F1	LOW_EVIDENCE
GTF2F2	LOW_EVIDENCE
GTF2H1	LOW_EVIDENCE
GTF2H2	RNA_RESISTANCE_CONSENSUS
GTF2H2B	LOW_COVERAGE
GTF2H2C	LOW_EVIDENCE
GTF2H3	LOW_EVIDENCE
GTF2H4	LOW_EVIDENCE
GTF2H5	RNA_RESISTANCE_CONSENSUS
GTF2I	LOW_EVIDENCE
GTF2IP1	LOW_COVERAGE
GTF2IP12	LOW_COVERAGE
GTF2IP13	LOW_COVERAGE
GTF2IP14	LOW_COVERAGE
GTF2IP20	LOW_COVERAGE
GTF2IP23	LOW_COVERAGE
GTF2IP4	LOW_COVERAGE
GTF2IP5	LOW_COVERAGE
GTF2IP7	LOW_COVERAGE
GTF2IP9	LOW_COVERAGE
GTF2IRD1	RNA_RESISTANCE_CONSENSUS
GTF2IRD1P1	LOW_COVERAGE
GTF2IRD2	LOW_EVIDENCE
GTF2IRD2B	LOW_EVIDENCE
GTF3A	LOW_EVIDENCE
GTF3C1	LOW_EVIDENCE
GTF3C2	LOW_EVIDENCE
GTF3C2-AS1	LOW_COVERAGE
GTF3C3	LOW_EVIDENCE
GTF3C4	LOW_EVIDENCE
GTF3C5	LOW_EVIDENCE
GTF3C6	LOW_EVIDENCE
GTPBP1	LOW_EVIDENCE
GTPBP10	RNA_RESISTANCE_CONSENSUS
GTPBP2	LOW_EVIDENCE
GTPBP3	LOW_EVIDENCE
GTPBP4	RNA_RESISTANCE_CONSENSUS
GTPBP6	LOW_EVIDENCE
GTPBP8	LOW_EVIDENCE
GTSCR1	LOW_COVERAGE
GTSE1	RNA_RESISTANCE_CONSENSUS
GTSE1-AS1	LOW_COVERAGE
GTSE1-DT	LOW_COVERAGE
GTSF1	LOW_COVERAGE
GTSF1L	LOW_COVERAGE
GUCA1A	LOW_COVERAGE
GUCA1B	RNA_RESISTANCE_CONSENSUS
GUCA1C	LOW_COVERAGE
GUCA2A	LOW_COVERAGE
GUCA2B	LOW_COVERAGE
GUCD1	RNA_RESISTANCE_CONSENSUS
GUCY1A1	LOW_COVERAGE
GUCY1A2	RNA_RESISTANCE_CONSENSUS
GUCY1A3	LOW_EVIDENCE
GUCY1B1	LOW_COVERAGE
GUCY1B2	LOW_COVERAGE
GUCY1B3	LOW_EVIDENCE
GUCY2C	LOW_EVIDENCE
GUCY2D	HUMAN_TUMOR_SUPPORTED
GUCY2F	LOW_COVERAGE
GUF1	RNA_RESISTANCE_CONSENSUS
GUK1	LOW_EVIDENCE
GULP1	RNA_RESISTANCE_CONSENSUS
GUSB	RNA_RESISTANCE_CONSENSUS
GUSBP1	LOW_COVERAGE
GUSBP11	LOW_COVERAGE
GUSBP2	LOW_COVERAGE
GUSBP3	LOW_COVERAGE
GUSBP4	LOW_COVERAGE
GUSBP5	LOW_COVERAGE
GUSBP9	LOW_COVERAGE
GVINP1	LOW_COVERAGE
GVQW1	LOW_COVERAGE
GVQW2	LOW_COVERAGE
GVQW3	LOW_COVERAGE
GXYLT1	LOW_EVIDENCE
GXYLT1P3	LOW_COVERAGE
GXYLT1P4	LOW_COVERAGE
GXYLT1P5	LOW_COVERAGE
GXYLT2	RNA_RESISTANCE_CONSENSUS
GYG1	RNA_RESISTANCE_CONSENSUS
GYG2	RNA_RESISTANCE_CONSENSUS
GYLTL1B	LOW_EVIDENCE
GYPA	LOW_COVERAGE
GYPB	LOW_COVERAGE
GYPC	LOW_COVERAGE
GYPE	LOW_COVERAGE
GYS1	RNA_RESISTANCE_CONSENSUS
GYS2	LOW_COVERAGE
GZF1	LOW_EVIDENCE
GZMA	LOW_COVERAGE
GZMB	LOW_COVERAGE
GZMH	LOW_COVERAGE
GZMK	LOW_COVERAGE
GZMM	LOW_EVIDENCE
H19	RNA_RESISTANCE_CONSENSUS
H1F0	RNA_RESISTANCE_CONSENSUS
H1FNT	LOW_COVERAGE
H1FOO	LOW_COVERAGE
H1FX	RNA_RESISTANCE_CONSENSUS
H1FX-AS1	RNA_RESISTANCE_CONSENSUS
H2AFB1	LOW_COVERAGE
H2AFB2	LOW_COVERAGE
H2AFB3	LOW_COVERAGE
H2AFJ	RNA_RESISTANCE_CONSENSUS
H2AFV	RNA_RESISTANCE_CONSENSUS
H2AFX	RNA_RESISTANCE_CONSENSUS
H2AFY	LOW_EVIDENCE
H2AFY2	LOW_EVIDENCE
H2AFZ	LOW_EVIDENCE
H2AFZP3	LOW_COVERAGE
H2AFZP4	LOW_COVERAGE
H2BFM	LOW_COVERAGE
H2BFS	LOW_COVERAGE
H2BFWT	LOW_COVERAGE
H3F3A	RNA_RESISTANCE_CONSENSUS
H3F3AP4	LOW_COVERAGE
H3F3AP6	LOW_COVERAGE
H3F3B	LOW_EVIDENCE
H3F3BP1	LOW_COVERAGE
H3F3C	LOW_EVIDENCE
H6PD	LOW_EVIDENCE
HAAO	LOW_COVERAGE
HABP2	LOW_COVERAGE
HABP4	LOW_EVIDENCE
HACD1	LOW_EVIDENCE
HACD2	LOW_EVIDENCE
HACD3	LOW_EVIDENCE
HACD4	LOW_EVIDENCE
HACE1	LOW_EVIDENCE
HACL1	RNA_RESISTANCE_CONSENSUS
HADH	LOW_EVIDENCE
HADHA	LOW_EVIDENCE
HADHAP1	LOW_COVERAGE
HADHB	LOW_EVIDENCE
HAGH	RNA_RESISTANCE_CONSENSUS
HAGHL	RNA_RESISTANCE_CONSENSUS
HAGLR	RNA_RESISTANCE_CONSENSUS
HAGLROS	LOW_EVIDENCE
HAL	LOW_EVIDENCE
HAMP	LOW_COVERAGE
HAND1	LOW_COVERAGE
HAND2	LOW_COVERAGE
HAND2-AS1	LOW_COVERAGE
HAO1	LOW_COVERAGE
HAO2	LOW_COVERAGE
HAP1	HUMAN_TUMOR_SUPPORTED
HAPLN1	LOW_COVERAGE
HAPLN2	LOW_COVERAGE
HAPLN3	RNA_RESISTANCE_CONSENSUS
HAPLN4	LOW_COVERAGE
HAR1A	LOW_COVERAGE
HAR1B	LOW_EVIDENCE
HARBI1	LOW_EVIDENCE
HARS	RNA_RESISTANCE_CONSENSUS
HARS2	LOW_EVIDENCE
HAS1	LOW_COVERAGE
HAS2	LOW_COVERAGE
HAS2-AS1	LOW_COVERAGE
HAS3	LOW_EVIDENCE
HASPIN	LOW_COVERAGE
HAT1	RNA_RESISTANCE_CONSENSUS
HAUS1	RNA_RESISTANCE_CONSENSUS
HAUS2	LOW_EVIDENCE
HAUS3	LOW_EVIDENCE
HAUS4	RNA_RESISTANCE_CONSENSUS
HAUS5	RNA_RESISTANCE_CONSENSUS
HAUS6	LOW_EVIDENCE
HAUS6P1	LOW_COVERAGE
HAUS6P3	LOW_COVERAGE
HAUS7	LOW_EVIDENCE
HAUS8	RNA_RESISTANCE_CONSENSUS
HAVCR1	LOW_COVERAGE
HAVCR2	LOW_EVIDENCE
HAX1	LOW_EVIDENCE
HBA1	RNA_RESISTANCE_CONSENSUS
HBA2	LOW_COVERAGE
HBB	LOW_COVERAGE
HBD	LOW_COVERAGE
HBE1	LOW_COVERAGE
HBEGF	LOW_EVIDENCE
HBG1	LOW_COVERAGE
HBG2	LOW_EVIDENCE
HBM	LOW_COVERAGE
HBP1	LOW_EVIDENCE
HBQ1	LOW_COVERAGE
HBS1L	LOW_EVIDENCE
HBZ	LOW_COVERAGE
HCAR1	RNA_RESISTANCE_CONSENSUS
HCAR2	LOW_EVIDENCE
HCAR3	LOW_EVIDENCE
HCCS	LOW_EVIDENCE
HCFC1	LOW_EVIDENCE
HCFC1R1	RNA_RESISTANCE_CONSENSUS
HCFC2	LOW_EVIDENCE
HCG11	RNA_RESISTANCE_CONSENSUS
HCG14	LOW_COVERAGE
HCG15	LOW_COVERAGE
HCG16	LOW_COVERAGE
HCG17	LOW_EVIDENCE
HCG18	LOW_EVIDENCE
HCG20	LOW_COVERAGE
HCG2040054	LOW_COVERAGE
HCG25	RNA_RESISTANCE_CONSENSUS
HCG27	LOW_EVIDENCE
HCG4	LOW_COVERAGE
HCG4P11	LOW_COVERAGE
HCG4P5	LOW_COVERAGE
HCG4P7	LOW_COVERAGE
HCG9	LOW_COVERAGE
HCK	LOW_EVIDENCE
HCLS1	LOW_EVIDENCE
HCN1	LOW_COVERAGE
HCN2	LOW_EVIDENCE
HCN3	LOW_EVIDENCE
HCN4	LOW_EVIDENCE
HCP5	LOW_COVERAGE
HCRT	LOW_COVERAGE
HCRTR1	LOW_COVERAGE
HCRTR2	LOW_COVERAGE
HCST	RNA_RESISTANCE_CONSENSUS
HDAC1	LOW_EVIDENCE
HDAC10	LOW_EVIDENCE
HDAC11	LOW_EVIDENCE
HDAC11-AS1	LOW_COVERAGE
HDAC1P2	LOW_COVERAGE
HDAC2	LOW_EVIDENCE
HDAC2-AS2	LOW_COVERAGE
HDAC3	LOW_EVIDENCE
HDAC4	RNA_RESISTANCE_CONSENSUS
HDAC4-AS1	LOW_COVERAGE
HDAC5	ACUTE_RESPONSE
HDAC6	RNA_RESISTANCE_CONSENSUS
HDAC7	RNA_RESISTANCE_CONSENSUS
HDAC8	LOW_EVIDENCE
HDAC9	RNA_RESISTANCE_CONSENSUS
HDC	LOW_COVERAGE
HDDC2	LOW_EVIDENCE
HDDC3	LOW_EVIDENCE
HDGF	LOW_EVIDENCE
HDGFL1	LOW_COVERAGE
HDGFL2	LOW_COVERAGE
HDGFL3	LOW_COVERAGE
HDGFRP2	LOW_EVIDENCE
HDGFRP3	RNA_RESISTANCE_CONSENSUS
HDHD1	LOW_EVIDENCE
HDHD2	RNA_RESISTANCE_CONSENSUS
HDHD3	LOW_EVIDENCE
HDHD5	LOW_COVERAGE
HDHD5-AS1	LOW_COVERAGE
HDLBP	RNA_RESISTANCE_CONSENSUS
HDX	RNA_RESISTANCE_CONSENSUS
HEATR1	ACUTE_RESPONSE
HEATR2	LOW_COVERAGE
HEATR3	RNA_RESISTANCE_CONSENSUS
HEATR4	RNA_RESISTANCE_CONSENSUS
HEATR5A	RNA_RESISTANCE_CONSENSUS
HEATR5B	LOW_EVIDENCE
HEATR6	LOW_EVIDENCE
HEATR9	LOW_COVERAGE
HEBP1	RNA_RESISTANCE_CONSENSUS
HEBP2	RNA_RESISTANCE_CONSENSUS
HECA	RNA_RESISTANCE_CONSENSUS
HECTD1	RNA_RESISTANCE_CONSENSUS
HECTD2	LOW_EVIDENCE
HECTD3	LOW_EVIDENCE
HECTD4	LOW_EVIDENCE
HECW1	LOW_COVERAGE
HECW2	RNA_RESISTANCE_CONSENSUS
HEG1	RNA_RESISTANCE_CONSENSUS
HEIH	RNA_RESISTANCE_CONSENSUS
HELB	LOW_EVIDENCE
HELLPAR	LOW_COVERAGE
HELLS	RNA_RESISTANCE_CONSENSUS
HELQ	LOW_EVIDENCE
HELT	LOW_COVERAGE
HELZ	RNA_RESISTANCE_CONSENSUS
HELZ2	LOW_EVIDENCE
HEMGN	LOW_COVERAGE
HEMK1	LOW_EVIDENCE
HENMT1	RNA_RESISTANCE_CONSENSUS
HEPACAM	LOW_COVERAGE
HEPACAM2	LOW_EVIDENCE
HEPH	LOW_EVIDENCE
HEPHL1	LOW_EVIDENCE
HEPN1	LOW_COVERAGE
HERC1	RNA_RESISTANCE_CONSENSUS
HERC2	LOW_EVIDENCE
HERC2P10	LOW_COVERAGE
HERC2P2	LOW_COVERAGE
HERC2P3	LOW_COVERAGE
HERC2P4	LOW_COVERAGE
HERC2P5	LOW_COVERAGE
HERC2P8	LOW_COVERAGE
HERC2P9	LOW_COVERAGE
HERC3	LOW_EVIDENCE
HERC4	LOW_EVIDENCE
HERC5	RNA_RESISTANCE_CONSENSUS
HERC6	RNA_RESISTANCE_CONSENSUS
HERPUD1	RNA_RESISTANCE_CONSENSUS
HERPUD2	LOW_EVIDENCE
HES1	RNA_RESISTANCE_CONSENSUS
HES2	RNA_RESISTANCE_CONSENSUS
HES3	LOW_COVERAGE
HES4	LOW_EVIDENCE
HES5	LOW_COVERAGE
HES6	LOW_EVIDENCE
HES7	RNA_RESISTANCE_CONSENSUS
HESX1	ACUTE_RESPONSE
HEXA	LOW_EVIDENCE
HEXA-AS1	LOW_EVIDENCE
HEXB	LOW_EVIDENCE
HEXD	LOW_COVERAGE
HEXD-IT1	LOW_COVERAGE
HEXDC	LOW_EVIDENCE
HEXDC-IT1	LOW_COVERAGE
HEXIM1	LOW_EVIDENCE
HEXIM2	RNA_RESISTANCE_CONSENSUS
HEY1	RNA_RESISTANCE_CONSENSUS
HEY2	RNA_RESISTANCE_CONSENSUS
HEYL	RNA_RESISTANCE_CONSENSUS
HFE	RNA_RESISTANCE_CONSENSUS
HFE2	LOW_COVERAGE
HFM1	LOW_COVERAGE
HGD	LOW_EVIDENCE
HGF	LOW_EVIDENCE
HGFAC	LOW_EVIDENCE
HGH1	RNA_RESISTANCE_CONSENSUS
HGNC:9982	LOW_COVERAGE
HGS	LOW_EVIDENCE
HGSNAT	RNA_RESISTANCE_CONSENSUS
HHAT	LOW_EVIDENCE
HHATL	LOW_COVERAGE
HHEX	RNA_RESISTANCE_CONSENSUS
HHIP	RNA_RESISTANCE_CONSENSUS
HHIP-AS1	LOW_COVERAGE
HHIPL1	LOW_EVIDENCE
HHIPL2	RNA_RESISTANCE_CONSENSUS
HHLA1	LOW_COVERAGE
HHLA2	LOW_COVERAGE
HHLA3	RNA_RESISTANCE_CONSENSUS
HIAT1	LOW_EVIDENCE
HIATL1	LOW_EVIDENCE
HIATL2	LOW_COVERAGE
HIBADH	RNA_RESISTANCE_CONSENSUS
HIBCH	LOW_EVIDENCE
HIC1	LOW_EVIDENCE
HIC2	RNA_RESISTANCE_CONSENSUS
HID1	LOW_EVIDENCE
HIF1A	RNA_RESISTANCE_CONSENSUS
HIF1A-AS1	LOW_COVERAGE
HIF1A-AS2	LOW_COVERAGE
HIF1A-AS3	LOW_COVERAGE
HIF1AN	LOW_EVIDENCE
HIF1AP1	LOW_COVERAGE
HIF3A	LOW_COVERAGE
HIGD1A	RNA_RESISTANCE_CONSENSUS
HIGD1AP1	LOW_COVERAGE
HIGD1AP14	LOW_COVERAGE
HIGD1AP16	LOW_COVERAGE
HIGD1AP17	LOW_COVERAGE
HIGD1B	LOW_EVIDENCE
HIGD1C	LOW_EVIDENCE
HIGD2A	LOW_EVIDENCE
HIGD2B	LOW_COVERAGE
HIKESHI	LOW_COVERAGE
HILPDA	LOW_EVIDENCE
HINFP	LOW_EVIDENCE
HINT1	LOW_EVIDENCE
HINT2	LOW_EVIDENCE
HINT3	LOW_EVIDENCE
HIP1	LOW_EVIDENCE
HIP1R	RNA_RESISTANCE_CONSENSUS
HIPK1	LOW_EVIDENCE
HIPK1-AS1	LOW_EVIDENCE
HIPK2	RNA_RESISTANCE_CONSENSUS
HIPK3	LOW_EVIDENCE
HIPK4	LOW_COVERAGE
HIRA	RNA_RESISTANCE_CONSENSUS
HIRIP3	RNA_RESISTANCE_CONSENSUS
HIST1H1A	LOW_COVERAGE
HIST1H1B	RNA_RESISTANCE_CONSENSUS
HIST1H1C	LOW_EVIDENCE
HIST1H1D	LOW_EVIDENCE
HIST1H1E	LOW_EVIDENCE
HIST1H1PS1	LOW_COVERAGE
HIST1H1T	LOW_COVERAGE
HIST1H2AA	LOW_COVERAGE
HIST1H2AB	LOW_EVIDENCE
HIST1H2AC	LOW_EVIDENCE
HIST1H2AD	LOW_EVIDENCE
HIST1H2AE	LOW_EVIDENCE
HIST1H2AG	RNA_RESISTANCE_CONSENSUS
HIST1H2AH	LOW_EVIDENCE
HIST1H2AI	RNA_RESISTANCE_CONSENSUS
HIST1H2AJ	LOW_EVIDENCE
HIST1H2AK	RNA_RESISTANCE_CONSENSUS
HIST1H2AL	LOW_EVIDENCE
HIST1H2AM	LOW_EVIDENCE
HIST1H2APS3	LOW_COVERAGE
HIST1H2APS4	LOW_COVERAGE
HIST1H2BA	LOW_COVERAGE
HIST1H2BB	LOW_COVERAGE
HIST1H2BC	RNA_RESISTANCE_CONSENSUS
HIST1H2BD	LOW_EVIDENCE
HIST1H2BE	RNA_RESISTANCE_CONSENSUS
HIST1H2BF	LOW_EVIDENCE
HIST1H2BG	LOW_EVIDENCE
HIST1H2BH	LOW_EVIDENCE
HIST1H2BI	LOW_EVIDENCE
HIST1H2BJ	RNA_RESISTANCE_CONSENSUS
HIST1H2BK	LOW_EVIDENCE
HIST1H2BL	LOW_EVIDENCE
HIST1H2BM	LOW_EVIDENCE
HIST1H2BN	LOW_EVIDENCE
HIST1H2BO	LOW_EVIDENCE
HIST1H3A	RNA_RESISTANCE_CONSENSUS
HIST1H3B	RNA_RESISTANCE_CONSENSUS
HIST1H3C	RNA_RESISTANCE_CONSENSUS
HIST1H3D	LOW_EVIDENCE
HIST1H3E	LOW_EVIDENCE
HIST1H3F	RNA_RESISTANCE_CONSENSUS
HIST1H3G	RNA_RESISTANCE_CONSENSUS
HIST1H3H	RNA_RESISTANCE_CONSENSUS
HIST1H3I	LOW_EVIDENCE
HIST1H3J	RNA_RESISTANCE_CONSENSUS
HIST1H4A	LOW_EVIDENCE
HIST1H4B	LOW_EVIDENCE
HIST1H4C	LOW_EVIDENCE
HIST1H4D	LOW_EVIDENCE
HIST1H4E	LOW_EVIDENCE
HIST1H4F	LOW_COVERAGE
HIST1H4G	LOW_COVERAGE
HIST1H4H	RNA_RESISTANCE_CONSENSUS
HIST1H4I	LOW_EVIDENCE
HIST1H4J	LOW_EVIDENCE
HIST1H4K	LOW_COVERAGE
HIST1H4L	LOW_COVERAGE
HIST2H2AA3	LOW_EVIDENCE
HIST2H2AA4	LOW_EVIDENCE
HIST2H2AB	LOW_EVIDENCE
HIST2H2AC	LOW_EVIDENCE
HIST2H2BA	LOW_COVERAGE
HIST2H2BB	LOW_COVERAGE
HIST2H2BC	LOW_COVERAGE
HIST2H2BD	LOW_COVERAGE
HIST2H2BE	LOW_EVIDENCE
HIST2H2BF	LOW_EVIDENCE
HIST2H3A	LOW_EVIDENCE
HIST2H3C	LOW_COVERAGE
HIST2H3D	LOW_EVIDENCE
HIST2H4A	LOW_EVIDENCE
HIST2H4B	RNA_RESISTANCE_CONSENSUS
HIST3H2A	RNA_RESISTANCE_CONSENSUS
HIST3H2BB	RNA_RESISTANCE_CONSENSUS
HIST3H3	LOW_COVERAGE
HIST4H4	LOW_EVIDENCE
HIVEP1	LOW_EVIDENCE
HIVEP2	RNA_RESISTANCE_CONSENSUS
HIVEP3	RNA_RESISTANCE_CONSENSUS
HJURP	LOW_EVIDENCE
HJV	LOW_COVERAGE
HK1	LOW_EVIDENCE
HK2	LOW_EVIDENCE
HK3	LOW_COVERAGE
HKDC1	LOW_COVERAGE
HKR1	LOW_EVIDENCE
HLA-A	LOW_EVIDENCE
HLA-B	HUMAN_TUMOR_SUPPORTED
HLA-C	RNA_RESISTANCE_CONSENSUS
HLA-DMA	LOW_EVIDENCE
HLA-DMB	LOW_COVERAGE
HLA-DOA	LOW_COVERAGE
HLA-DOB	LOW_COVERAGE
HLA-DPA1	LOW_EVIDENCE
HLA-DPB1	LOW_EVIDENCE
HLA-DQA1	LOW_EVIDENCE
HLA-DQA2	ACUTE_RESPONSE
HLA-DQB1	RNA_RESISTANCE_CONSENSUS
HLA-DQB1-AS1	LOW_COVERAGE
HLA-DQB2	LOW_COVERAGE
HLA-DRA	LOW_EVIDENCE
HLA-DRB1	RNA_RESISTANCE_CONSENSUS
HLA-DRB5	RNA_RESISTANCE_CONSENSUS
HLA-DRB6	LOW_COVERAGE
HLA-E	LOW_EVIDENCE
HLA-F	RNA_RESISTANCE_CONSENSUS
HLA-F-AS1	LOW_COVERAGE
HLA-G	LOW_EVIDENCE
HLA-H	LOW_COVERAGE
HLA-J	LOW_COVERAGE
HLA-K	LOW_COVERAGE
HLA-L	LOW_COVERAGE
HLA-V	LOW_COVERAGE
HLA-Z	LOW_COVERAGE
HLCS	LOW_EVIDENCE
HLCS-IT1	LOW_COVERAGE
HLF	LOW_EVIDENCE
HLTF	RNA_RESISTANCE_CONSENSUS
HLTF-AS1	LOW_COVERAGE
HLX	LOW_EVIDENCE
HM13	LOW_EVIDENCE
HM13-AS1	RNA_RESISTANCE_CONSENSUS
HM13-IT1	LOW_COVERAGE
HMBOX1	RNA_RESISTANCE_CONSENSUS
HMBS	RNA_RESISTANCE_CONSENSUS
HMCES	LOW_EVIDENCE
HMCN1	RNA_RESISTANCE_CONSENSUS
HMCN2	LOW_COVERAGE
HMG20A	LOW_EVIDENCE
HMG20B	RNA_RESISTANCE_CONSENSUS
HMGA1	LOW_EVIDENCE
HMGA1P4	LOW_EVIDENCE
HMGA1P8	LOW_COVERAGE
HMGA2	RNA_RESISTANCE_CONSENSUS
HMGA2-AS1	LOW_COVERAGE
HMGB1	FUNCTIONAL_ONLY
HMGB1P1	LOW_COVERAGE
HMGB1P10	LOW_COVERAGE
HMGB1P14	LOW_COVERAGE
HMGB1P19	LOW_COVERAGE
HMGB1P21	LOW_COVERAGE
HMGB1P23	LOW_COVERAGE
HMGB1P24	LOW_COVERAGE
HMGB1P3	LOW_COVERAGE
HMGB1P31	LOW_COVERAGE
HMGB1P35	LOW_COVERAGE
HMGB1P37	LOW_COVERAGE
HMGB1P41	LOW_COVERAGE
HMGB1P5	LOW_COVERAGE
HMGB1P7	LOW_COVERAGE
HMGB1P8	LOW_COVERAGE
HMGB2	RNA_RESISTANCE_CONSENSUS
HMGB3	RNA_RESISTANCE_CONSENSUS
HMGB3P1	LOW_COVERAGE
HMGB3P10	LOW_COVERAGE
HMGB3P14	LOW_COVERAGE
HMGB3P22	LOW_COVERAGE
HMGB3P4	LOW_COVERAGE
HMGB3P9	LOW_COVERAGE
HMGB4	LOW_COVERAGE
HMGCL	LOW_EVIDENCE
HMGCLL1	RNA_RESISTANCE_CONSENSUS
HMGCR	ACUTE_RESPONSE
HMGCS1	RNA_RESISTANCE_CONSENSUS
HMGCS2	LOW_EVIDENCE
HMGN1	LOW_EVIDENCE
HMGN1P12	LOW_COVERAGE
HMGN1P15	LOW_COVERAGE
HMGN1P2	LOW_COVERAGE
HMGN1P24	LOW_COVERAGE
HMGN1P28	LOW_COVERAGE
HMGN1P3	LOW_COVERAGE
HMGN1P36	LOW_COVERAGE
HMGN1P37	LOW_COVERAGE
HMGN1P38	LOW_COVERAGE
HMGN1P7	LOW_COVERAGE
HMGN1P8	LOW_COVERAGE
HMGN2	LOW_EVIDENCE
HMGN2P11	LOW_COVERAGE
HMGN2P15	LOW_COVERAGE
HMGN2P19	LOW_COVERAGE
HMGN2P21	LOW_COVERAGE
HMGN2P26	LOW_COVERAGE
HMGN2P28	LOW_COVERAGE
HMGN2P3	LOW_COVERAGE
HMGN2P35	LOW_COVERAGE
HMGN2P38	LOW_COVERAGE
HMGN2P4	LOW_COVERAGE
HMGN2P41	LOW_COVERAGE
HMGN2P46	LOW_COVERAGE
HMGN2P5	LOW_COVERAGE
HMGN2P7	LOW_COVERAGE
HMGN3	RNA_RESISTANCE_CONSENSUS
HMGN3-AS1	LOW_EVIDENCE
HMGN4	LOW_EVIDENCE
HMGN5	RNA_RESISTANCE_CONSENSUS
HMGXB3	LOW_EVIDENCE
HMGXB4	LOW_EVIDENCE
HMHA1	LOW_EVIDENCE
HMHB1	LOW_COVERAGE
HMMR	RNA_RESISTANCE_CONSENSUS
HMMR-AS1	LOW_COVERAGE
HMOX1	RNA_RESISTANCE_CONSENSUS
HMOX2	RNA_RESISTANCE_CONSENSUS
HMP19	LOW_COVERAGE
HMSD	LOW_COVERAGE
HMX1	ACUTE_RESPONSE
HMX2	LOW_COVERAGE
HMX3	LOW_COVERAGE
HN1	LOW_EVIDENCE
HN1L	RNA_RESISTANCE_CONSENSUS
HNF1A	LOW_COVERAGE
HNF1B	LOW_COVERAGE
HNF4A	LOW_COVERAGE
HNF4G	RNA_RESISTANCE_CONSENSUS
HNMT	RNA_RESISTANCE_CONSENSUS
HNRNPA0	LOW_EVIDENCE
HNRNPA1	LOW_EVIDENCE
HNRNPA1L2	LOW_EVIDENCE
HNRNPA1P10	LOW_COVERAGE
HNRNPA1P14	LOW_COVERAGE
HNRNPA1P15	LOW_COVERAGE
HNRNPA1P16	LOW_COVERAGE
HNRNPA1P2	LOW_COVERAGE
HNRNPA1P21	LOW_COVERAGE
HNRNPA1P29	LOW_COVERAGE
HNRNPA1P33	LOW_COVERAGE
HNRNPA1P35	LOW_COVERAGE
HNRNPA1P36	LOW_COVERAGE
HNRNPA1P4	LOW_COVERAGE
HNRNPA1P45	LOW_COVERAGE
HNRNPA1P46	LOW_COVERAGE
HNRNPA1P48	LOW_EVIDENCE
HNRNPA1P49	LOW_COVERAGE
HNRNPA1P5	LOW_COVERAGE
HNRNPA1P50	LOW_COVERAGE
HNRNPA1P53	LOW_COVERAGE
HNRNPA1P59	LOW_COVERAGE
HNRNPA1P64	LOW_COVERAGE
HNRNPA1P68	LOW_COVERAGE
HNRNPA1P7	LOW_COVERAGE
HNRNPA2B1	RNA_RESISTANCE_CONSENSUS
HNRNPA3	RNA_RESISTANCE_CONSENSUS
HNRNPA3P11	LOW_COVERAGE
HNRNPA3P12	LOW_COVERAGE
HNRNPA3P5	LOW_COVERAGE
HNRNPA3P6	LOW_COVERAGE
HNRNPA3P7	LOW_COVERAGE
HNRNPA3P9	LOW_COVERAGE
HNRNPAB	ACUTE_RESPONSE
HNRNPC	LOW_EVIDENCE
HNRNPCL1	LOW_COVERAGE
HNRNPCL2	LOW_COVERAGE
HNRNPCL3	LOW_COVERAGE
HNRNPCL4	LOW_COVERAGE
HNRNPCP1	LOW_COVERAGE
HNRNPCP2	LOW_COVERAGE
HNRNPCP3	LOW_COVERAGE
HNRNPCP7	LOW_COVERAGE
HNRNPD	LOW_EVIDENCE
HNRNPDL	LOW_EVIDENCE
HNRNPF	RNA_RESISTANCE_CONSENSUS
HNRNPH1	LOW_EVIDENCE
HNRNPH1P1	LOW_COVERAGE
HNRNPH2	LOW_EVIDENCE
HNRNPH3	LOW_EVIDENCE
HNRNPK	LOW_EVIDENCE
HNRNPKP1	LOW_COVERAGE
HNRNPKP2	LOW_COVERAGE
HNRNPKP4	LOW_COVERAGE
HNRNPL	LOW_EVIDENCE
HNRNPLL	LOW_EVIDENCE
HNRNPLP2	LOW_COVERAGE
HNRNPM	LOW_EVIDENCE
HNRNPMP1	LOW_COVERAGE
HNRNPR	LOW_EVIDENCE
HNRNPRP1	LOW_COVERAGE
HNRNPU	ACUTE_RESPONSE
HNRNPU-AS1	LOW_COVERAGE
HNRNPUL1	LOW_EVIDENCE
HNRNPUL2	LOW_EVIDENCE
HNRNPUL2-BSCL2	LOW_COVERAGE
HNRNPUP1	LOW_COVERAGE
HOGA1	RNA_RESISTANCE_CONSENSUS
HOMER1	RNA_RESISTANCE_CONSENSUS
HOMER2	RNA_RESISTANCE_CONSENSUS
HOMER3	RNA_RESISTANCE_CONSENSUS
HOMER3-AS1	LOW_COVERAGE
HOMEZ	RNA_RESISTANCE_CONSENSUS
HOOK1	LOW_EVIDENCE
HOOK2	RNA_RESISTANCE_CONSENSUS
HOOK3	RNA_RESISTANCE_CONSENSUS
HOPX	RNA_RESISTANCE_CONSENSUS
HORMAD1	LOW_COVERAGE
HORMAD2	LOW_COVERAGE
HORMAD2-AS1	LOW_COVERAGE
HOTAIR	LOW_EVIDENCE
HOTAIRM1	RNA_RESISTANCE_CONSENSUS
HOTAIRM1_1	LOW_COVERAGE
HOTAIRM1_2	LOW_COVERAGE
HOTAIRM1_3	LOW_COVERAGE
HOTAIRM1_5	LOW_COVERAGE
HOTAIR_2	LOW_COVERAGE
HOTAIR_3	LOW_COVERAGE
HOTAIR_4	LOW_COVERAGE
HOTAIR_5	LOW_COVERAGE
HOXA-AS2	RNA_RESISTANCE_CONSENSUS
HOXA-AS3	LOW_COVERAGE
HOXA1	ACUTE_RESPONSE
HOXA10	LOW_EVIDENCE
HOXA10-AS	LOW_COVERAGE
HOXA11	LOW_EVIDENCE
HOXA11-AS	LOW_EVIDENCE
HOXA11-AS1_5	LOW_COVERAGE
HOXA13	LOW_COVERAGE
HOXA2	LOW_COVERAGE
HOXA3	HUMAN_TUMOR_SUPPORTED
HOXA4	RNA_RESISTANCE_CONSENSUS
HOXA5	LOW_EVIDENCE
HOXA6	RNA_RESISTANCE_CONSENSUS
HOXA7	RNA_RESISTANCE_CONSENSUS
HOXA9	LOW_EVIDENCE
HOXB-AS1	LOW_COVERAGE
HOXB-AS2	LOW_COVERAGE
HOXB-AS3	LOW_COVERAGE
HOXB1	LOW_COVERAGE
HOXB13	LOW_EVIDENCE
HOXB2	LOW_EVIDENCE
HOXB3	LOW_EVIDENCE
HOXB4	LOW_EVIDENCE
HOXB5	LOW_COVERAGE
HOXB6	RNA_RESISTANCE_CONSENSUS
HOXB7	RNA_RESISTANCE_CONSENSUS
HOXB8	LOW_COVERAGE
HOXB9	RNA_RESISTANCE_CONSENSUS
HOXC-AS1	RNA_RESISTANCE_CONSENSUS
HOXC-AS2	LOW_COVERAGE
HOXC-AS3	LOW_EVIDENCE
HOXC10	RNA_RESISTANCE_CONSENSUS
HOXC11	LOW_EVIDENCE
HOXC12	LOW_EVIDENCE
HOXC13	RNA_RESISTANCE_CONSENSUS
HOXC13-AS	RNA_RESISTANCE_CONSENSUS
HOXC4	RNA_RESISTANCE_CONSENSUS
HOXC5	LOW_EVIDENCE
HOXC6	LOW_EVIDENCE
HOXC8	RNA_RESISTANCE_CONSENSUS
HOXC9	RNA_RESISTANCE_CONSENSUS
HOXD-AS2	LOW_COVERAGE
HOXD1	LOW_COVERAGE
HOXD10	LOW_COVERAGE
HOXD11	LOW_COVERAGE
HOXD12	LOW_COVERAGE
HOXD13	LOW_COVERAGE
HOXD3	LOW_COVERAGE
HOXD4	LOW_COVERAGE
HOXD8	RNA_RESISTANCE_CONSENSUS
HOXD9	LOW_COVERAGE
HP	LOW_EVIDENCE
HP1BP3	LOW_EVIDENCE
HPCA	RNA_RESISTANCE_CONSENSUS
HPCAL1	RNA_RESISTANCE_CONSENSUS
HPCAL4	LOW_COVERAGE
HPD	RNA_RESISTANCE_CONSENSUS
HPDL	RNA_RESISTANCE_CONSENSUS
HPF1	LOW_COVERAGE
HPGD	RNA_RESISTANCE_CONSENSUS
HPGDS	LOW_EVIDENCE
HPN	LOW_EVIDENCE
HPN-AS1	LOW_COVERAGE
HPR	LOW_COVERAGE
HPRT1	RNA_RESISTANCE_CONSENSUS
HPS1	LOW_EVIDENCE
HPS3	LOW_EVIDENCE
HPS4	RNA_RESISTANCE_CONSENSUS
HPS5	LOW_EVIDENCE
HPS6	LOW_EVIDENCE
HPSE	LOW_EVIDENCE
HPSE2	RNA_RESISTANCE_CONSENSUS
HPX	RNA_RESISTANCE_CONSENSUS
HR	RNA_RESISTANCE_CONSENSUS
HRAS	LOW_EVIDENCE
HRASLS	LOW_EVIDENCE
HRASLS2	RNA_RESISTANCE_CONSENSUS
HRASLS5	LOW_EVIDENCE
HRAT92	LOW_COVERAGE
HRC	RNA_RESISTANCE_CONSENSUS
HRCT1	LOW_COVERAGE
HRG	LOW_COVERAGE
HRH1	LOW_EVIDENCE
HRH2	RNA_RESISTANCE_CONSENSUS
HRH3	LOW_COVERAGE
HRH4	LOW_COVERAGE
HRK	RNA_RESISTANCE_CONSENSUS
HRNR	LOW_COVERAGE
HRSP12	LOW_EVIDENCE
HS1BP3	LOW_EVIDENCE
HS2ST1	LOW_EVIDENCE
HS3ST1	LOW_EVIDENCE
HS3ST2	LOW_COVERAGE
HS3ST3A1	LOW_COVERAGE
HS3ST3B1	LOW_EVIDENCE
HS3ST4	LOW_COVERAGE
HS3ST5	RNA_RESISTANCE_CONSENSUS
HS3ST6	LOW_COVERAGE
HS6ST1	RNA_RESISTANCE_CONSENSUS
HS6ST2	RNA_RESISTANCE_CONSENSUS
HS6ST2-AS1	LOW_COVERAGE
HS6ST3	HUMAN_TUMOR_SUPPORTED
HSBP1	LOW_EVIDENCE
HSBP1L1	RNA_RESISTANCE_CONSENSUS
HSBP1P2	LOW_COVERAGE
HSCB	LOW_EVIDENCE
HSD11B1	LOW_COVERAGE
HSD11B1L	LOW_EVIDENCE
HSD11B2	RNA_RESISTANCE_CONSENSUS
HSD17B1	LOW_EVIDENCE
HSD17B10	RNA_RESISTANCE_CONSENSUS
HSD17B11	RNA_RESISTANCE_CONSENSUS
HSD17B12	LOW_EVIDENCE
HSD17B13	LOW_COVERAGE
HSD17B14	HUMAN_TUMOR_SUPPORTED
HSD17B1P1	LOW_COVERAGE
HSD17B2	LOW_EVIDENCE
HSD17B3	LOW_COVERAGE
HSD17B4	LOW_EVIDENCE
HSD17B6	RNA_RESISTANCE_CONSENSUS
HSD17B7	ACUTE_RESPONSE
HSD17B7P2	LOW_COVERAGE
HSD17B8	RNA_RESISTANCE_CONSENSUS
HSD3B1	LOW_COVERAGE
HSD3B2	LOW_COVERAGE
HSD3B7	RNA_RESISTANCE_CONSENSUS
HSD3BP5	LOW_COVERAGE
HSDL1	LOW_EVIDENCE
HSDL2	LOW_EVIDENCE
HSF1	LOW_EVIDENCE
HSF2	LOW_EVIDENCE
HSF2BP	RNA_RESISTANCE_CONSENSUS
HSF4	LOW_EVIDENCE
HSF5	LOW_EVIDENCE
HSFX1	LOW_COVERAGE
HSFX2	LOW_COVERAGE
HSFX4	LOW_COVERAGE
HSFY1	LOW_COVERAGE
HSFY2	LOW_COVERAGE
HSH2D	RNA_RESISTANCE_CONSENSUS
HSP90AA1	LOW_EVIDENCE
HSP90AA2P	LOW_COVERAGE
HSP90AA4P	LOW_COVERAGE
HSP90AA5P	LOW_COVERAGE
HSP90AB1	LOW_EVIDENCE
HSP90AB2P	LOW_COVERAGE
HSP90AB3P	LOW_COVERAGE
HSP90AB4P	LOW_COVERAGE
HSP90B1	RNA_RESISTANCE_CONSENSUS
HSP90B2P	LOW_COVERAGE
HSP90B3P	LOW_COVERAGE
HSPA12A	RNA_RESISTANCE_CONSENSUS
HSPA12B	LOW_COVERAGE
HSPA13	LOW_EVIDENCE
HSPA14	LOW_EVIDENCE
HSPA14.1	LOW_COVERAGE
HSPA1A	RNA_RESISTANCE_CONSENSUS
HSPA1B	RNA_RESISTANCE_CONSENSUS
HSPA1L	LOW_EVIDENCE
HSPA2	RNA_RESISTANCE_CONSENSUS
HSPA4	RNA_RESISTANCE_CONSENSUS
HSPA4L	LOW_EVIDENCE
HSPA5	LOW_EVIDENCE
HSPA6	LOW_EVIDENCE
HSPA8	LOW_EVIDENCE
HSPA8P1	LOW_COVERAGE
HSPA8P15	LOW_COVERAGE
HSPA8P16	LOW_COVERAGE
HSPA8P18	LOW_COVERAGE
HSPA8P19	LOW_COVERAGE
HSPA8P3	LOW_COVERAGE
HSPA8P5	LOW_COVERAGE
HSPA8P8	LOW_COVERAGE
HSPA8P9	LOW_COVERAGE
HSPA9	LOW_EVIDENCE
HSPA9P1	LOW_COVERAGE
HSPB1	RNA_RESISTANCE_CONSENSUS
HSPB11	RNA_RESISTANCE_CONSENSUS
HSPB1P1	LOW_COVERAGE
HSPB2	LOW_COVERAGE
HSPB2-C11orf52	LOW_COVERAGE
HSPB3	LOW_COVERAGE
HSPB6	LOW_EVIDENCE
HSPB7	LOW_COVERAGE
HSPB8	RNA_RESISTANCE_CONSENSUS
HSPB9	LOW_COVERAGE
HSPBAP1	LOW_EVIDENCE
HSPBP1	RNA_RESISTANCE_CONSENSUS
HSPD1	RNA_RESISTANCE_CONSENSUS
HSPD1P1	LOW_COVERAGE
HSPD1P10	LOW_COVERAGE
HSPD1P11	LOW_COVERAGE
HSPD1P6	LOW_COVERAGE
HSPD1P7	LOW_COVERAGE
HSPE1	RNA_RESISTANCE_CONSENSUS
HSPE1-MOB4	LOW_EVIDENCE
HSPE1P11	LOW_COVERAGE
HSPE1P13	LOW_COVERAGE
HSPE1P2	LOW_COVERAGE
HSPE1P25	LOW_COVERAGE
HSPE1P26	LOW_COVERAGE
HSPE1P3	LOW_COVERAGE
HSPE1P8	LOW_COVERAGE
HSPG2	LOW_EVIDENCE
HSPH1	RNA_RESISTANCE_CONSENSUS
HTATIP2	LOW_EVIDENCE
HTATSF1	RNA_RESISTANCE_CONSENSUS
HTATSF1P2	LOW_COVERAGE
HTN1	LOW_COVERAGE
HTN3	LOW_COVERAGE
HTR1A	LOW_COVERAGE
HTR1B	LOW_COVERAGE
HTR1D	LOW_EVIDENCE
HTR1DP1	LOW_COVERAGE
HTR1E	LOW_COVERAGE
HTR1F	LOW_COVERAGE
HTR2A	LOW_COVERAGE
HTR2B	LOW_EVIDENCE
HTR2C	RNA_RESISTANCE_CONSENSUS
HTR3A	LOW_COVERAGE
HTR3B	LOW_COVERAGE
HTR3C	LOW_COVERAGE
HTR3D	LOW_COVERAGE
HTR3E	LOW_COVERAGE
HTR4	LOW_COVERAGE
HTR5A	LOW_COVERAGE
HTR5BP	LOW_COVERAGE
HTR6	LOW_COVERAGE
HTR7	RNA_RESISTANCE_CONSENSUS
HTR7P1	LOW_COVERAGE
HTRA1	RNA_RESISTANCE_CONSENSUS
HTRA2	RNA_RESISTANCE_CONSENSUS
HTRA3	LOW_COVERAGE
HTRA4	LOW_COVERAGE
HTT	LOW_EVIDENCE
HTT-AS	LOW_COVERAGE
HULC	LOW_COVERAGE
HUNK	RNA_RESISTANCE_CONSENSUS
HUS1	LOW_EVIDENCE
HUS1B	LOW_EVIDENCE
HUWE1	RNA_RESISTANCE_CONSENSUS
HVCN1	HUMAN_TUMOR_SUPPORTED
HYAL1	LOW_EVIDENCE
HYAL2	LOW_EVIDENCE
HYAL3	LOW_EVIDENCE
HYAL4	LOW_COVERAGE
HYDIN	LOW_EVIDENCE
HYDIN2	LOW_COVERAGE
HYI	RNA_RESISTANCE_CONSENSUS
HYI-AS1	LOW_COVERAGE
HYKK	RNA_RESISTANCE_CONSENSUS
HYLS1	RNA_RESISTANCE_CONSENSUS
HYMAI	LOW_COVERAGE
HYOU1	LOW_EVIDENCE
HYPK	LOW_EVIDENCE
HYPM	LOW_COVERAGE
HZGJ	LOW_COVERAGE
IAH1	RNA_RESISTANCE_CONSENSUS
IAPP	LOW_COVERAGE
IARS	LOW_EVIDENCE
IARS2	RNA_RESISTANCE_CONSENSUS
IBA57	LOW_EVIDENCE
IBA57-AS1	LOW_COVERAGE
IBSP	RNA_RESISTANCE_CONSENSUS
IBTK	LOW_EVIDENCE
ICA1	LOW_EVIDENCE
ICA1L	LOW_EVIDENCE
ICAM1	RNA_RESISTANCE_CONSENSUS
ICAM2	LOW_COVERAGE
ICAM3	RNA_RESISTANCE_CONSENSUS
ICAM4	LOW_COVERAGE
ICAM5	RNA_RESISTANCE_CONSENSUS
ICE1	LOW_EVIDENCE
ICE2	LOW_EVIDENCE
ICK	FUNCTIONAL_ONLY
ICMT	LOW_EVIDENCE
ICOS	LOW_COVERAGE
ICOSLG	LOW_EVIDENCE
ICT1	LOW_EVIDENCE
ID1	LOW_EVIDENCE
ID2	RNA_RESISTANCE_CONSENSUS
ID2-AS1	RNA_RESISTANCE_CONSENSUS
ID3	RNA_RESISTANCE_CONSENSUS
ID4	RNA_RESISTANCE_CONSENSUS
IDE	LOW_EVIDENCE
IDH1	RNA_RESISTANCE_CONSENSUS
IDH1-AS1	ACUTE_RESPONSE
IDH2	LOW_EVIDENCE
IDH2-DT	LOW_COVERAGE
IDH3A	LOW_EVIDENCE
IDH3B	LOW_EVIDENCE
IDH3G	LOW_EVIDENCE
IDI1	ACUTE_RESPONSE
IDI2	LOW_EVIDENCE
IDI2-AS1	LOW_EVIDENCE
IDNK	LOW_EVIDENCE
IDO1	LOW_EVIDENCE
IDO2	LOW_COVERAGE
IDS	LOW_EVIDENCE
IDSP1	LOW_COVERAGE
IDUA	LOW_EVIDENCE
IER2	LOW_EVIDENCE
IER3	RNA_RESISTANCE_CONSENSUS
IER3-AS1	LOW_COVERAGE
IER3IP1	ACUTE_RESPONSE
IER5	RNA_RESISTANCE_CONSENSUS
IER5L	RNA_RESISTANCE_CONSENSUS
IFFO1	LOW_EVIDENCE
IFFO2	LOW_EVIDENCE
IFI16	LOW_COVERAGE
IFI27	RNA_RESISTANCE_CONSENSUS
IFI27L1	RNA_RESISTANCE_CONSENSUS
IFI27L2	RNA_RESISTANCE_CONSENSUS
IFI30	RNA_RESISTANCE_CONSENSUS
IFI35	RNA_RESISTANCE_CONSENSUS
IFI44	RNA_RESISTANCE_CONSENSUS
IFI44L	RNA_RESISTANCE_CONSENSUS
IFI6	RNA_RESISTANCE_CONSENSUS
IFIH1	RNA_RESISTANCE_CONSENSUS
IFIT1	RNA_RESISTANCE_CONSENSUS
IFIT1B	LOW_COVERAGE
IFIT1P1	LOW_COVERAGE
IFIT2	LOW_EVIDENCE
IFIT3	RNA_RESISTANCE_CONSENSUS
IFIT5	RNA_RESISTANCE_CONSENSUS
IFITM1	RNA_RESISTANCE_CONSENSUS
IFITM10	RNA_RESISTANCE_CONSENSUS
IFITM2	RNA_RESISTANCE_CONSENSUS
IFITM3	RNA_RESISTANCE_CONSENSUS
IFITM5	LOW_COVERAGE
IFNA1	LOW_COVERAGE
IFNA10	LOW_COVERAGE
IFNA13	LOW_COVERAGE
IFNA14	LOW_COVERAGE
IFNA16	LOW_COVERAGE
IFNA17	LOW_COVERAGE
IFNA2	LOW_COVERAGE
IFNA20P	LOW_COVERAGE
IFNA21	LOW_COVERAGE
IFNA4	LOW_COVERAGE
IFNA5	LOW_COVERAGE
IFNA6	LOW_COVERAGE
IFNA7	LOW_COVERAGE
IFNA8	LOW_COVERAGE
IFNAR1	LOW_EVIDENCE
IFNAR2	LOW_EVIDENCE
IFNB1	LOW_COVERAGE
IFNE	LOW_COVERAGE
IFNG	LOW_COVERAGE
IFNG-AS1	LOW_COVERAGE
IFNGR1	RNA_RESISTANCE_CONSENSUS
IFNGR2	RNA_RESISTANCE_CONSENSUS
IFNK	LOW_COVERAGE
IFNL1	LOW_COVERAGE
IFNL2	LOW_COVERAGE
IFNL3	LOW_COVERAGE
IFNLR1	RNA_RESISTANCE_CONSENSUS
IFNW1	LOW_COVERAGE
IFRD1	RNA_RESISTANCE_CONSENSUS
IFRD2	LOW_EVIDENCE
IFT122	LOW_EVIDENCE
IFT140	LOW_EVIDENCE
IFT172	LOW_EVIDENCE
IFT20	RNA_RESISTANCE_CONSENSUS
IFT22	LOW_EVIDENCE
IFT27	LOW_EVIDENCE
IFT43	RNA_RESISTANCE_CONSENSUS
IFT46	RNA_RESISTANCE_CONSENSUS
IFT52	LOW_EVIDENCE
IFT57	LOW_EVIDENCE
IFT74	LOW_EVIDENCE
IFT80	RNA_RESISTANCE_CONSENSUS
IFT81	RNA_RESISTANCE_CONSENSUS
IFT88	LOW_EVIDENCE
IGBP1	LOW_EVIDENCE
IGBP1-AS2	LOW_COVERAGE
IGDCC3	RNA_RESISTANCE_CONSENSUS
IGDCC4	LOW_COVERAGE
IGF1	LOW_EVIDENCE
IGF1R	RNA_RESISTANCE_CONSENSUS
IGF2	LOW_EVIDENCE
IGF2-AS	LOW_COVERAGE
IGF2.1	LOW_COVERAGE
IGF2BP1	RNA_RESISTANCE_CONSENSUS
IGF2BP2	RNA_RESISTANCE_CONSENSUS
IGF2BP2-AS1	LOW_COVERAGE
IGF2BP3	LOW_EVIDENCE
IGF2R	LOW_EVIDENCE
IGFALS	LOW_COVERAGE
IGFBP1	LOW_COVERAGE
IGFBP2	RNA_RESISTANCE_CONSENSUS
IGFBP3	RNA_RESISTANCE_CONSENSUS
IGFBP4	RNA_RESISTANCE_CONSENSUS
IGFBP5	RNA_RESISTANCE_CONSENSUS
IGFBP6	RNA_RESISTANCE_CONSENSUS
IGFBP7	LOW_EVIDENCE
IGFBPL1	LOW_EVIDENCE
IGFL1	LOW_EVIDENCE
IGFL2	LOW_COVERAGE
IGFL2-AS1	LOW_COVERAGE
IGFL3	LOW_COVERAGE
IGFL4	LOW_COVERAGE
IGFLR1	RNA_RESISTANCE_CONSENSUS
IGFN1	LOW_COVERAGE
IGHA1	LOW_COVERAGE
IGHA2	LOW_COVERAGE
IGHE	LOW_COVERAGE
IGHG1	LOW_COVERAGE
IGHG2	LOW_COVERAGE
IGHG3	LOW_COVERAGE
IGHG4	LOW_COVERAGE
IGHM	LOW_COVERAGE
IGHMBP2	LOW_EVIDENCE
IGHV1-24	LOW_COVERAGE
IGHV1-46	LOW_COVERAGE
IGHV3-38	LOW_COVERAGE
IGHV4-39	LOW_COVERAGE
IGHVII-44-2	LOW_COVERAGE
IGHVIV-44-1	LOW_COVERAGE
IGIP	RNA_RESISTANCE_CONSENSUS
IGKC	LOW_COVERAGE
IGKV3-11	LOW_COVERAGE
IGLC2	LOW_COVERAGE
IGLC3	LOW_COVERAGE
IGLL1	LOW_COVERAGE
IGLL5	LOW_COVERAGE
IGLON5	LOW_COVERAGE
IGLV5-52	LOW_COVERAGE
IGSF1	RNA_RESISTANCE_CONSENSUS
IGSF10	LOW_EVIDENCE
IGSF11	LOW_EVIDENCE
IGSF21	LOW_EVIDENCE
IGSF22	LOW_EVIDENCE
IGSF23	LOW_EVIDENCE
IGSF3	RNA_RESISTANCE_CONSENSUS
IGSF5	RNA_RESISTANCE_CONSENSUS
IGSF6	LOW_EVIDENCE
IGSF8	RNA_RESISTANCE_CONSENSUS
IGSF9	ACUTE_RESPONSE
IGSF9B	LOW_EVIDENCE
IHH	LOW_COVERAGE
IK	LOW_EVIDENCE
IKBIP	RNA_RESISTANCE_CONSENSUS
IKBKAP	LOW_EVIDENCE
IKBKB	RNA_RESISTANCE_CONSENSUS
IKBKE	RNA_RESISTANCE_CONSENSUS
IKBKG	LOW_EVIDENCE
IKZF1	LOW_EVIDENCE
IKZF2	LOW_EVIDENCE
IKZF3	LOW_EVIDENCE
IKZF4	LOW_EVIDENCE
IKZF5	LOW_EVIDENCE
IL10	LOW_COVERAGE
IL10RA	LOW_EVIDENCE
IL10RB	LOW_EVIDENCE
IL10RB-AS1	LOW_COVERAGE
IL10RB-DT	LOW_COVERAGE
IL11	RNA_RESISTANCE_CONSENSUS
IL11RA	RNA_RESISTANCE_CONSENSUS
IL12A	LOW_EVIDENCE
IL12A-AS1	LOW_COVERAGE
IL12B	LOW_COVERAGE
IL12RB1	LOW_COVERAGE
IL12RB2	LOW_EVIDENCE
IL13	LOW_COVERAGE
IL13RA1	RNA_RESISTANCE_CONSENSUS
IL13RA2	LOW_COVERAGE
IL15	HUMAN_TUMOR_SUPPORTED
IL15RA	RNA_RESISTANCE_CONSENSUS
IL16	LOW_EVIDENCE
IL17A	LOW_COVERAGE
IL17B	LOW_COVERAGE
IL17C	LOW_COVERAGE
IL17D	RNA_RESISTANCE_CONSENSUS
IL17F	LOW_COVERAGE
IL17RA	RNA_RESISTANCE_CONSENSUS
IL17RB	RNA_RESISTANCE_CONSENSUS
IL17RC	LOW_EVIDENCE
IL17RD	RNA_RESISTANCE_CONSENSUS
IL17RE	RNA_RESISTANCE_CONSENSUS
IL17REL	LOW_COVERAGE
IL18	RNA_RESISTANCE_CONSENSUS
IL18BP	LOW_EVIDENCE
IL18R1	LOW_EVIDENCE
IL18RAP	LOW_COVERAGE
IL19	LOW_EVIDENCE
IL1A	LOW_EVIDENCE
IL1B	ACUTE_RESPONSE
IL1F10	LOW_COVERAGE
IL1R1	LOW_EVIDENCE
IL1R2	LOW_COVERAGE
IL1RAP	RNA_RESISTANCE_CONSENSUS
IL1RAPL1	LOW_COVERAGE
IL1RAPL2	LOW_EVIDENCE
IL1RL1	LOW_COVERAGE
IL1RL2	LOW_COVERAGE
IL1RN	HUMAN_TUMOR_SUPPORTED
IL2	LOW_COVERAGE
IL20	RNA_RESISTANCE_CONSENSUS
IL20RA	RNA_RESISTANCE_CONSENSUS
IL20RB	LOW_EVIDENCE
IL20RB-AS1	LOW_COVERAGE
IL21	LOW_COVERAGE
IL21R	LOW_COVERAGE
IL22	LOW_COVERAGE
IL22RA1	LOW_COVERAGE
IL22RA2	LOW_COVERAGE
IL23A	LOW_EVIDENCE
IL23R	LOW_COVERAGE
IL24	RNA_RESISTANCE_CONSENSUS
IL25	LOW_COVERAGE
IL26	LOW_COVERAGE
IL27	LOW_COVERAGE
IL27RA	RNA_RESISTANCE_CONSENSUS
IL2RA	LOW_COVERAGE
IL2RB	LOW_COVERAGE
IL2RG	LOW_COVERAGE
IL3	LOW_COVERAGE
IL31	LOW_COVERAGE
IL31RA	LOW_COVERAGE
IL32	LOW_EVIDENCE
IL33	LOW_COVERAGE
IL34	RNA_RESISTANCE_CONSENSUS
IL36A	LOW_COVERAGE
IL36B	LOW_COVERAGE
IL36G	LOW_COVERAGE
IL36RN	LOW_EVIDENCE
IL37	LOW_COVERAGE
IL3RA	LOW_EVIDENCE
IL4	LOW_COVERAGE
IL4I1	LOW_EVIDENCE
IL4R	RNA_RESISTANCE_CONSENSUS
IL5	LOW_COVERAGE
IL5RA	LOW_COVERAGE
IL6	LOW_EVIDENCE
IL6R	RNA_RESISTANCE_CONSENSUS
IL6R-AS1	LOW_COVERAGE
IL6ST	LOW_EVIDENCE
IL7	LOW_EVIDENCE
IL7R	LOW_COVERAGE
IL9	LOW_COVERAGE
IL9R	LOW_COVERAGE
IL9RP3	LOW_COVERAGE
ILDR1	RNA_RESISTANCE_CONSENSUS
ILDR2	LOW_EVIDENCE
ILF2	LOW_EVIDENCE
ILF2P1	LOW_COVERAGE
ILF3	LOW_EVIDENCE
ILF3-AS1	LOW_COVERAGE
ILF3-DT	LOW_COVERAGE
ILK	FUNCTIONAL_ONLY
ILKAP	RNA_RESISTANCE_CONSENSUS
ILRUN	LOW_COVERAGE
ILVBL	RNA_RESISTANCE_CONSENSUS
IMMP1L	LOW_EVIDENCE
IMMP1LP1	LOW_COVERAGE
IMMP2L	LOW_EVIDENCE
IMMT	LOW_EVIDENCE
IMMTP1	LOW_COVERAGE
IMP3	LOW_EVIDENCE
IMP4	LOW_EVIDENCE
IMPA1	LOW_EVIDENCE
IMPA1P	LOW_COVERAGE
IMPA2	RNA_RESISTANCE_CONSENSUS
IMPACT	LOW_EVIDENCE
IMPAD1	RNA_RESISTANCE_CONSENSUS
IMPDH1	LOW_EVIDENCE
IMPDH1P10	LOW_COVERAGE
IMPDH2	LOW_EVIDENCE
IMPG1	LOW_COVERAGE
IMPG2	LOW_EVIDENCE
INA	LOW_COVERAGE
INADL	LOW_EVIDENCE
INAFM1	ACUTE_RESPONSE
INAFM2	LOW_EVIDENCE
INAVA	LOW_COVERAGE
INCA1	LOW_EVIDENCE
INCENP	LOW_EVIDENCE
INE1	RNA_RESISTANCE_CONSENSUS
INE2	LOW_COVERAGE
INF2	LOW_EVIDENCE
ING1	LOW_EVIDENCE
ING2	RNA_RESISTANCE_CONSENSUS
ING3	LOW_EVIDENCE
ING4	LOW_EVIDENCE
ING5	LOW_EVIDENCE
INHA	RNA_RESISTANCE_CONSENSUS
INHBA	LOW_EVIDENCE
INHBB	RNA_RESISTANCE_CONSENSUS
INHBC	LOW_COVERAGE
INHBE	LOW_COVERAGE
INIP	LOW_EVIDENCE
INKA1	LOW_COVERAGE
INKA2	LOW_COVERAGE
INKA2-AS1	LOW_COVERAGE
INMT	LOW_COVERAGE
INMT-FAM188B	LOW_COVERAGE
INO80	LOW_EVIDENCE
INO80-AS1	LOW_COVERAGE
INO80B	LOW_EVIDENCE
INO80B-WBP1	LOW_COVERAGE
INO80C	RNA_RESISTANCE_CONSENSUS
INO80D	LOW_EVIDENCE
INO80E	RNA_RESISTANCE_CONSENSUS
INPP1	RNA_RESISTANCE_CONSENSUS
INPP4A	RNA_RESISTANCE_CONSENSUS
INPP4B	ACUTE_RESPONSE
INPP5A	RNA_RESISTANCE_CONSENSUS
INPP5B	LOW_EVIDENCE
INPP5D	LOW_EVIDENCE
INPP5E	LOW_EVIDENCE
INPP5F	RNA_RESISTANCE_CONSENSUS
INPP5J	LOW_EVIDENCE
INPP5K	ACUTE_RESPONSE
INPPL1	LOW_EVIDENCE
INS	LOW_COVERAGE
INS-IGF2	LOW_COVERAGE
INSC	LOW_COVERAGE
INSIG1	ACUTE_RESPONSE
INSIG2	RNA_RESISTANCE_CONSENSUS
INSL3	LOW_EVIDENCE
INSL4	LOW_COVERAGE
INSL5	LOW_COVERAGE
INSL6	RNA_RESISTANCE_CONSENSUS
INSM1	LOW_EVIDENCE
INSM2	LOW_COVERAGE
INSR	RNA_RESISTANCE_CONSENSUS
INSRR	LOW_COVERAGE
INSYN1	LOW_COVERAGE
INSYN1-AS1	LOW_COVERAGE
INSYN2A	LOW_COVERAGE
INTS1	LOW_EVIDENCE
INTS10	RNA_RESISTANCE_CONSENSUS
INTS11	LOW_COVERAGE
INTS12	LOW_EVIDENCE
INTS13	LOW_COVERAGE
INTS14	LOW_COVERAGE
INTS2	LOW_EVIDENCE
INTS3	ACUTE_RESPONSE
INTS4	LOW_EVIDENCE
INTS4P1	LOW_COVERAGE
INTS4P2	LOW_COVERAGE
INTS5	LOW_EVIDENCE
INTS6	RNA_RESISTANCE_CONSENSUS
INTS6-AS1	LOW_EVIDENCE
INTS6L	LOW_COVERAGE
INTS6L-AS1	LOW_COVERAGE
INTS6P1	LOW_COVERAGE
INTS7	RNA_RESISTANCE_CONSENSUS
INTS8	RNA_RESISTANCE_CONSENSUS
INTS9	LOW_EVIDENCE
INTU	LOW_EVIDENCE
INVS	LOW_EVIDENCE
IP6K1	LOW_EVIDENCE
IP6K2	LOW_EVIDENCE
IP6K3	LOW_COVERAGE
IPCEF1	LOW_EVIDENCE
IPMK	LOW_EVIDENCE
IPO11	RNA_RESISTANCE_CONSENSUS
IPO13	LOW_EVIDENCE
IPO4	LOW_EVIDENCE
IPO5	LOW_EVIDENCE
IPO5P1	LOW_COVERAGE
IPO7	LOW_EVIDENCE
IPO7P2	LOW_COVERAGE
IPO8	LOW_EVIDENCE
IPO8P1	LOW_COVERAGE
IPO9	LOW_EVIDENCE
IPO9-AS1	LOW_EVIDENCE
IPP	LOW_EVIDENCE
IPPK	ACUTE_RESPONSE
IQANK1	LOW_COVERAGE
IQCA1	LOW_EVIDENCE
IQCA1-AS1	LOW_COVERAGE
IQCA1L	LOW_COVERAGE
IQCB1	LOW_EVIDENCE
IQCC	LOW_EVIDENCE
IQCD	RNA_RESISTANCE_CONSENSUS
IQCE	ACUTE_RESPONSE
IQCF1	LOW_COVERAGE
IQCF2	LOW_COVERAGE
IQCF3	LOW_COVERAGE
IQCF5	LOW_COVERAGE
IQCF6	LOW_COVERAGE
IQCG	LOW_EVIDENCE
IQCH	LOW_EVIDENCE
IQCH-AS1	LOW_EVIDENCE
IQCJ	LOW_COVERAGE
IQCJ-SCHIP1	RNA_RESISTANCE_CONSENSUS
IQCJ-SCHIP1-AS1	LOW_COVERAGE
IQCK	RNA_RESISTANCE_CONSENSUS
IQCN	LOW_COVERAGE
IQGAP1	LOW_EVIDENCE
IQGAP2	LOW_EVIDENCE
IQGAP3	RNA_RESISTANCE_CONSENSUS
IQSEC1	RNA_RESISTANCE_CONSENSUS
IQSEC2	RNA_RESISTANCE_CONSENSUS
IQSEC3	LOW_COVERAGE
IQUB	HUMAN_TUMOR_SUPPORTED
IRAIN	LOW_COVERAGE
IRAK1	LOW_EVIDENCE
IRAK1BP1	LOW_EVIDENCE
IRAK2	LOW_EVIDENCE
IRAK3	LOW_COVERAGE
IRAK4	LOW_EVIDENCE
IREB2	LOW_EVIDENCE
IRF1	LOW_EVIDENCE
IRF2	LOW_EVIDENCE
IRF2BP1	RNA_RESISTANCE_CONSENSUS
IRF2BP2	RNA_RESISTANCE_CONSENSUS
IRF2BPL	LOW_EVIDENCE
IRF3	LOW_EVIDENCE
IRF4	LOW_COVERAGE
IRF5	RNA_RESISTANCE_CONSENSUS
IRF6	RNA_RESISTANCE_CONSENSUS
IRF7	RNA_RESISTANCE_CONSENSUS
IRF8	LOW_EVIDENCE
IRF9	HUMAN_TUMOR_SUPPORTED
IRG1	LOW_COVERAGE
IRGC	LOW_COVERAGE
IRGM	LOW_COVERAGE
IRGQ	LOW_EVIDENCE
IRS1	RNA_RESISTANCE_CONSENSUS
IRS2	RNA_RESISTANCE_CONSENSUS
IRS4	LOW_COVERAGE
IRX1	LOW_COVERAGE
IRX2	RNA_RESISTANCE_CONSENSUS
IRX3	RNA_RESISTANCE_CONSENSUS
IRX4	RNA_RESISTANCE_CONSENSUS
IRX5	RNA_RESISTANCE_CONSENSUS
IRX6	LOW_COVERAGE
ISCA1	LOW_EVIDENCE
ISCA2	LOW_EVIDENCE
ISCU	LOW_EVIDENCE
ISG15	RNA_RESISTANCE_CONSENSUS
ISG20	RNA_RESISTANCE_CONSENSUS
ISG20L2	LOW_EVIDENCE
ISL1	LOW_COVERAGE
ISL2	RNA_RESISTANCE_CONSENSUS
ISLR	LOW_COVERAGE
ISLR2	LOW_COVERAGE
ISM1	RNA_RESISTANCE_CONSENSUS
ISM2	LOW_COVERAGE
ISOC1	RNA_RESISTANCE_CONSENSUS
ISOC2	LOW_EVIDENCE
ISPD	LOW_EVIDENCE
ISPD-AS1	LOW_COVERAGE
IST1	LOW_EVIDENCE
ISX	RNA_RESISTANCE_CONSENSUS
ISY1	LOW_EVIDENCE
ISY1-RAB43	LOW_EVIDENCE
ISYNA1	RNA_RESISTANCE_CONSENSUS
ITCH	LOW_EVIDENCE
ITCH-AS1	LOW_EVIDENCE
ITCH-IT1	LOW_COVERAGE
ITFG1	LOW_EVIDENCE
ITFG1-AS1	LOW_COVERAGE
ITFG2	LOW_EVIDENCE
ITFG2-AS1	LOW_COVERAGE
ITFG3	LOW_COVERAGE
ITGA1	LOW_EVIDENCE
ITGA10	RNA_RESISTANCE_CONSENSUS
ITGA11	ACUTE_RESPONSE
ITGA2	RNA_RESISTANCE_CONSENSUS
ITGA2B	RNA_RESISTANCE_CONSENSUS
ITGA3	RNA_RESISTANCE_CONSENSUS
ITGA4	LOW_COVERAGE
ITGA5	RNA_RESISTANCE_CONSENSUS
ITGA6	RNA_RESISTANCE_CONSENSUS
ITGA7	LOW_EVIDENCE
ITGA8	LOW_COVERAGE
ITGA9	HUMAN_TUMOR_SUPPORTED
ITGA9-AS1	LOW_COVERAGE
ITGAD	LOW_COVERAGE
ITGAE	LOW_EVIDENCE
ITGAL	LOW_EVIDENCE
ITGAM	LOW_COVERAGE
ITGAV	RNA_RESISTANCE_CONSENSUS
ITGAX	LOW_COVERAGE
ITGB1	LOW_EVIDENCE
ITGB1-DT	LOW_COVERAGE
ITGB1BP1	LOW_EVIDENCE
ITGB1BP2	LOW_EVIDENCE
ITGB1P1	LOW_COVERAGE
ITGB2	RNA_RESISTANCE_CONSENSUS
ITGB2-AS1	RNA_RESISTANCE_CONSENSUS
ITGB3	LOW_COVERAGE
ITGB3BP	RNA_RESISTANCE_CONSENSUS
ITGB4	LOW_EVIDENCE
ITGB5	RNA_RESISTANCE_CONSENSUS
ITGB5-AS1	LOW_COVERAGE
ITGB6	RNA_RESISTANCE_CONSENSUS
ITGB7	LOW_EVIDENCE
ITGB8	RNA_RESISTANCE_CONSENSUS
ITGBL1	LOW_COVERAGE
ITIH1	LOW_COVERAGE
ITIH2	RNA_RESISTANCE_CONSENSUS
ITIH3	LOW_COVERAGE
ITIH4	RNA_RESISTANCE_CONSENSUS
ITIH5	LOW_COVERAGE
ITIH6	LOW_EVIDENCE
ITK	LOW_COVERAGE
ITLN1	LOW_COVERAGE
ITLN2	LOW_COVERAGE
ITM2A	LOW_EVIDENCE
ITM2B	LOW_EVIDENCE
ITM2C	RNA_RESISTANCE_CONSENSUS
ITPA	LOW_EVIDENCE
ITPK1	RNA_RESISTANCE_CONSENSUS
ITPK1-AS1	RNA_RESISTANCE_CONSENSUS
ITPKA	LOW_EVIDENCE
ITPKB	RNA_RESISTANCE_CONSENSUS
ITPKB-AS1	LOW_COVERAGE
ITPKB-IT1	LOW_COVERAGE
ITPKC	RNA_RESISTANCE_CONSENSUS
ITPR1	RNA_RESISTANCE_CONSENSUS
ITPR1-AS1	LOW_COVERAGE
ITPR1-DT	LOW_COVERAGE
ITPR2	LOW_EVIDENCE
ITPR3	LOW_EVIDENCE
ITPRID1	LOW_COVERAGE
ITPRID2	LOW_COVERAGE
ITPRIP	RNA_RESISTANCE_CONSENSUS
ITPRIP-AS1	LOW_COVERAGE
ITPRIPL1	LOW_COVERAGE
ITPRIPL2	RNA_RESISTANCE_CONSENSUS
ITSN1	LOW_EVIDENCE
ITSN2	LOW_EVIDENCE
IVD	RNA_RESISTANCE_CONSENSUS
IVL	LOW_EVIDENCE
IVNS1ABP	LOW_EVIDENCE
IWS1	RNA_RESISTANCE_CONSENSUS
IYD	HUMAN_TUMOR_SUPPORTED
IZUMO1	RNA_RESISTANCE_CONSENSUS
IZUMO1R	LOW_COVERAGE
IZUMO2	LOW_COVERAGE
IZUMO3	LOW_COVERAGE
IZUMO4	ACUTE_RESPONSE
JADE1	RNA_RESISTANCE_CONSENSUS
JADE2	LOW_EVIDENCE
JADE3	RNA_RESISTANCE_CONSENSUS
JAG1	RNA_RESISTANCE_CONSENSUS
JAG2	RNA_RESISTANCE_CONSENSUS
JAGN1	LOW_EVIDENCE
JAK1	RNA_RESISTANCE_CONSENSUS
JAK2	RNA_RESISTANCE_CONSENSUS
JAK3	RNA_RESISTANCE_CONSENSUS
JAKMIP1	LOW_EVIDENCE
JAKMIP2	RNA_RESISTANCE_CONSENSUS
JAKMIP2-AS1	LOW_COVERAGE
JAKMIP3	HUMAN_TUMOR_SUPPORTED
JAM2	LOW_EVIDENCE
JAM3	LOW_EVIDENCE
JAML	LOW_COVERAGE
JARID2	LOW_EVIDENCE
JARID2-AS1	LOW_EVIDENCE
JAZF1	RNA_RESISTANCE_CONSENSUS
JAZF1-AS1	LOW_COVERAGE
JCAD	LOW_COVERAGE
JCHAIN	LOW_COVERAGE
JDP2	RNA_RESISTANCE_CONSENSUS
JHDM1D-AS1	LOW_COVERAGE
JHY	LOW_COVERAGE
JKAMP	RNA_RESISTANCE_CONSENSUS
JMJD1C	LOW_EVIDENCE
JMJD1C-AS1	RNA_RESISTANCE_CONSENSUS
JMJD4	RNA_RESISTANCE_CONSENSUS
JMJD6	LOW_EVIDENCE
JMJD7	LOW_EVIDENCE
JMJD7-PLA2G4B	LOW_EVIDENCE
JMJD8	LOW_EVIDENCE
JMY	LOW_EVIDENCE
JOSD1	LOW_EVIDENCE
JOSD2	LOW_EVIDENCE
JPH1	RNA_RESISTANCE_CONSENSUS
JPH2	RNA_RESISTANCE_CONSENSUS
JPH3	RNA_RESISTANCE_CONSENSUS
JPH4	LOW_COVERAGE
JPT1	LOW_COVERAGE
JPT2	LOW_COVERAGE
JPX	LOW_EVIDENCE
JPX_1	LOW_COVERAGE
JPX_2	LOW_COVERAGE
JRK	LOW_EVIDENCE
JRKL	RNA_RESISTANCE_CONSENSUS
JSRP1	LOW_EVIDENCE
JTB	LOW_EVIDENCE
JTBP1	LOW_COVERAGE
JUN	LOW_EVIDENCE
JUNB	RNA_RESISTANCE_CONSENSUS
JUND	RNA_RESISTANCE_CONSENSUS
JUP	LOW_EVIDENCE
KAAG1	LOW_COVERAGE
KAL1	LOW_COVERAGE
KALRN	RNA_RESISTANCE_CONSENSUS
KANK1	RNA_RESISTANCE_CONSENSUS
KANK2	RNA_RESISTANCE_CONSENSUS
KANK3	LOW_EVIDENCE
KANK4	LOW_COVERAGE
KANSL1	LOW_EVIDENCE
KANSL1-AS1	LOW_EVIDENCE
KANSL1L	LOW_EVIDENCE
KANSL2	LOW_EVIDENCE
KANSL3	RNA_RESISTANCE_CONSENSUS
KANTR	RNA_RESISTANCE_CONSENSUS
KARS	LOW_EVIDENCE
KARSP1	LOW_COVERAGE
KAT14	LOW_COVERAGE
KAT2A	LOW_EVIDENCE
KAT2B	RNA_RESISTANCE_CONSENSUS
KAT5	LOW_EVIDENCE
KAT6A	RNA_RESISTANCE_CONSENSUS
KAT6B	RNA_RESISTANCE_CONSENSUS
KAT7	LOW_EVIDENCE
KAT8	RNA_RESISTANCE_CONSENSUS
KATNA1	LOW_EVIDENCE
KATNAL1	RNA_RESISTANCE_CONSENSUS
KATNAL2	LOW_EVIDENCE
KATNB1	RNA_RESISTANCE_CONSENSUS
KATNBL1	RNA_RESISTANCE_CONSENSUS
KAZALD1	RNA_RESISTANCE_CONSENSUS
KAZN	LOW_EVIDENCE
KAZN-AS1	LOW_COVERAGE
KB-1027C11.4	LOW_COVERAGE
KB-1043D8.6	LOW_COVERAGE
KB-1090H4.2	LOW_COVERAGE
KB-1107E3.1	LOW_COVERAGE
KB-1125A3.11	LOW_COVERAGE
KB-1125A3.12	LOW_COVERAGE
KB-1205A7.1	LOW_COVERAGE
KB-1205A7.2	LOW_COVERAGE
KB-1208A12.3	LOW_COVERAGE
KB-1254G8.1	LOW_COVERAGE
KB-1410C5.5	LOW_COVERAGE
KB-1440D3.13	LOW_COVERAGE
KB-1460A1.1	LOW_COVERAGE
KB-1460A1.5	LOW_COVERAGE
KB-1471A8.1	LOW_COVERAGE
KB-1507C5.2	LOW_COVERAGE
KB-1507C5.3	LOW_COVERAGE
KB-1507C5.4	LOW_COVERAGE
KB-1517D11.4	LOW_COVERAGE
KB-1562D12.1	LOW_COVERAGE
KB-1562D12.2	LOW_COVERAGE
KB-1562D12.3	LOW_COVERAGE
KB-1572G7.2	LOW_COVERAGE
KB-1572G7.3	LOW_COVERAGE
KB-1592A4.15	LOW_COVERAGE
KB-1608C10.2	LOW_COVERAGE
KB-1639H6.2	LOW_COVERAGE
KB-1732A1.1	LOW_COVERAGE
KB-1742H10.3	LOW_COVERAGE
KB-1836B5.1	LOW_COVERAGE
KB-1930G5.4	LOW_COVERAGE
KB-1958F4.1	LOW_COVERAGE
KB-1980E6.2	LOW_COVERAGE
KB-226F1.2	LOW_COVERAGE
KB-318B8.7	LOW_COVERAGE
KB-431C1.4	LOW_COVERAGE
KB-431C1.5	LOW_COVERAGE
KB-68A7.1	LOW_COVERAGE
KB-7G2.8	LOW_COVERAGE
KB-7G2.9	LOW_COVERAGE
KBTBD11	RNA_RESISTANCE_CONSENSUS
KBTBD11-OT1	LOW_COVERAGE
KBTBD12	LOW_COVERAGE
KBTBD13	LOW_COVERAGE
KBTBD2	LOW_EVIDENCE
KBTBD3	LOW_EVIDENCE
KBTBD4	LOW_EVIDENCE
KBTBD6	LOW_EVIDENCE
KBTBD7	LOW_EVIDENCE
KBTBD8	LOW_EVIDENCE
KC6	LOW_COVERAGE
KCCAT211	LOW_COVERAGE
KCMF1	LOW_EVIDENCE
KCNA1	LOW_COVERAGE
KCNA10	LOW_COVERAGE
KCNA2	LOW_COVERAGE
KCNA3	LOW_COVERAGE
KCNA4	LOW_COVERAGE
KCNA5	LOW_COVERAGE
KCNA6	LOW_COVERAGE
KCNA7	LOW_COVERAGE
KCNAB1	LOW_EVIDENCE
KCNAB2	LOW_EVIDENCE
KCNAB3	LOW_EVIDENCE
KCNB1	LOW_EVIDENCE
KCNB2	LOW_COVERAGE
KCNC1	LOW_EVIDENCE
KCNC2	LOW_COVERAGE
KCNC3	RNA_RESISTANCE_CONSENSUS
KCNC4	RNA_RESISTANCE_CONSENSUS
KCND1	RNA_RESISTANCE_CONSENSUS
KCND2	LOW_EVIDENCE
KCND3	RNA_RESISTANCE_CONSENSUS
KCND3-AS1	LOW_COVERAGE
KCNE1	LOW_EVIDENCE
KCNE2	LOW_COVERAGE
KCNE3	LOW_COVERAGE
KCNE4	LOW_EVIDENCE
KCNE5	LOW_COVERAGE
KCNF1	RNA_RESISTANCE_CONSENSUS
KCNG1	ACUTE_RESPONSE
KCNG2	LOW_EVIDENCE
KCNG3	LOW_EVIDENCE
KCNG4	LOW_COVERAGE
KCNH1	RNA_RESISTANCE_CONSENSUS
KCNH1-IT1	LOW_COVERAGE
KCNH2	RNA_RESISTANCE_CONSENSUS
KCNH3	LOW_EVIDENCE
KCNH4	LOW_COVERAGE
KCNH5	HUMAN_TUMOR_SUPPORTED
KCNH6	LOW_COVERAGE
KCNH7	LOW_EVIDENCE
KCNH8	LOW_EVIDENCE
KCNIP1	LOW_COVERAGE
KCNIP2	LOW_EVIDENCE
KCNIP2-AS1	LOW_COVERAGE
KCNIP3	RNA_RESISTANCE_CONSENSUS
KCNIP4	LOW_EVIDENCE
KCNJ1	LOW_COVERAGE
KCNJ10	LOW_COVERAGE
KCNJ11	LOW_EVIDENCE
KCNJ12	LOW_COVERAGE
KCNJ13	HUMAN_TUMOR_SUPPORTED
KCNJ14	LOW_EVIDENCE
KCNJ15	LOW_EVIDENCE
KCNJ16	LOW_COVERAGE
KCNJ18	LOW_COVERAGE
KCNJ2	LOW_COVERAGE
KCNJ3	HUMAN_TUMOR_SUPPORTED
KCNJ4	RNA_RESISTANCE_CONSENSUS
KCNJ5	LOW_COVERAGE
KCNJ6	LOW_COVERAGE
KCNJ8	LOW_EVIDENCE
KCNJ9	LOW_COVERAGE
KCNK1	LOW_EVIDENCE
KCNK10	LOW_COVERAGE
KCNK12	RNA_RESISTANCE_CONSENSUS
KCNK13	LOW_EVIDENCE
KCNK15	RNA_RESISTANCE_CONSENSUS
KCNK15-AS1	LOW_EVIDENCE
KCNK16	LOW_COVERAGE
KCNK17	LOW_COVERAGE
KCNK18	LOW_COVERAGE
KCNK2	RNA_RESISTANCE_CONSENSUS
KCNK3	LOW_EVIDENCE
KCNK4	LOW_COVERAGE
KCNK5	RNA_RESISTANCE_CONSENSUS
KCNK6	LOW_EVIDENCE
KCNK7	LOW_COVERAGE
KCNK9	LOW_COVERAGE
KCNMA1	RNA_RESISTANCE_CONSENSUS
KCNMA1-AS1	LOW_COVERAGE
KCNMA1-AS2	LOW_COVERAGE
KCNMA1-AS3	LOW_COVERAGE
KCNMB1	HUMAN_TUMOR_SUPPORTED
KCNMB2	LOW_EVIDENCE
KCNMB2-AS1	LOW_EVIDENCE
KCNMB3	LOW_EVIDENCE
KCNMB4	RNA_RESISTANCE_CONSENSUS
KCNN1	LOW_COVERAGE
KCNN2	LOW_EVIDENCE
KCNN3	LOW_EVIDENCE
KCNN4	RNA_RESISTANCE_CONSENSUS
KCNQ1	LOW_EVIDENCE
KCNQ1-AS1	LOW_COVERAGE
KCNQ1OT1	HUMAN_TUMOR_SUPPORTED
KCNQ1OT1_1	LOW_COVERAGE
KCNQ1OT1_3	LOW_COVERAGE
KCNQ1OT1_5	LOW_COVERAGE
KCNQ2	LOW_EVIDENCE
KCNQ3	RNA_RESISTANCE_CONSENSUS
KCNQ4	RNA_RESISTANCE_CONSENSUS
KCNQ5	RNA_RESISTANCE_CONSENSUS
KCNQ5-IT1	LOW_COVERAGE
KCNRG	LOW_EVIDENCE
KCNS1	LOW_COVERAGE
KCNS2	LOW_COVERAGE
KCNS3	RNA_RESISTANCE_CONSENSUS
KCNT1	LOW_COVERAGE
KCNT2	LOW_COVERAGE
KCNU1	LOW_COVERAGE
KCNV1	RNA_RESISTANCE_CONSENSUS
KCNV2	HUMAN_TUMOR_SUPPORTED
KCP	LOW_EVIDENCE
KCTD1	RNA_RESISTANCE_CONSENSUS
KCTD10	LOW_EVIDENCE
KCTD11	LOW_EVIDENCE
KCTD12	LOW_EVIDENCE
KCTD13	LOW_EVIDENCE
KCTD14	ACUTE_RESPONSE
KCTD15	RNA_RESISTANCE_CONSENSUS
KCTD16	LOW_EVIDENCE
KCTD17	LOW_EVIDENCE
KCTD18	LOW_EVIDENCE
KCTD19	HUMAN_TUMOR_SUPPORTED
KCTD2	LOW_EVIDENCE
KCTD20	LOW_EVIDENCE
KCTD21	LOW_EVIDENCE
KCTD21-AS1	RNA_RESISTANCE_CONSENSUS
KCTD3	RNA_RESISTANCE_CONSENSUS
KCTD4	LOW_COVERAGE
KCTD5	LOW_EVIDENCE
KCTD6	LOW_EVIDENCE
KCTD7	LOW_EVIDENCE
KCTD8	LOW_COVERAGE
KCTD9	LOW_EVIDENCE
KCTD9P2	LOW_COVERAGE
KCTD9P5	LOW_COVERAGE
KDELC1	LOW_EVIDENCE
KDELC1P1	LOW_COVERAGE
KDELC2	LOW_EVIDENCE
KDELR1	LOW_EVIDENCE
KDELR2	LOW_EVIDENCE
KDELR3	LOW_EVIDENCE
KDF1	LOW_EVIDENCE
KDM1A	FUNCTIONAL_ONLY
KDM1B	LOW_EVIDENCE
KDM2A	LOW_EVIDENCE
KDM2B	LOW_EVIDENCE
KDM2B-DT	LOW_COVERAGE
KDM3A	RNA_RESISTANCE_CONSENSUS
KDM3B	LOW_EVIDENCE
KDM4A	LOW_EVIDENCE
KDM4A-AS1	RNA_RESISTANCE_CONSENSUS
KDM4B	LOW_EVIDENCE
KDM4C	RNA_RESISTANCE_CONSENSUS
KDM4D	LOW_EVIDENCE
KDM4E	LOW_COVERAGE
KDM5A	RNA_RESISTANCE_CONSENSUS
KDM5B	RNA_RESISTANCE_CONSENSUS
KDM5C	LOW_EVIDENCE
KDM5C-IT1	LOW_COVERAGE
KDM5D	LOW_COVERAGE
KDM6A	FUNCTIONAL_ONLY
KDM6B	RNA_RESISTANCE_CONSENSUS
KDM7A	RNA_RESISTANCE_CONSENSUS
KDM7A-DT	LOW_COVERAGE
KDM8	LOW_EVIDENCE
KDR	LOW_EVIDENCE
KDSR	LOW_EVIDENCE
KEAP1	RNA_RESISTANCE_CONSENSUS
KEL	LOW_COVERAGE
KERA	LOW_COVERAGE
KF456478.1	LOW_COVERAGE
KGFLP1	LOW_COVERAGE
KHDC1	RNA_RESISTANCE_CONSENSUS
KHDC1L	LOW_COVERAGE
KHDC3L	LOW_COVERAGE
KHDC4	LOW_COVERAGE
KHDRBS1	LOW_EVIDENCE
KHDRBS2	LOW_COVERAGE
KHDRBS3	RNA_RESISTANCE_CONSENSUS
KHK	RNA_RESISTANCE_CONSENSUS
KHNYN	RNA_RESISTANCE_CONSENSUS
KHSRP	LOW_EVIDENCE
KIAA0020	LOW_EVIDENCE
KIAA0040	RNA_RESISTANCE_CONSENSUS
KIAA0100	LOW_EVIDENCE
KIAA0101	LOW_EVIDENCE
KIAA0141	LOW_EVIDENCE
KIAA0195	LOW_EVIDENCE
KIAA0196	LOW_EVIDENCE
KIAA0196-AS1	LOW_COVERAGE
KIAA0226	LOW_EVIDENCE
KIAA0226L	LOW_COVERAGE
KIAA0232	LOW_EVIDENCE
KIAA0247	LOW_COVERAGE
KIAA0319	LOW_EVIDENCE
KIAA0319L	LOW_EVIDENCE
KIAA0355	RNA_RESISTANCE_CONSENSUS
KIAA0368	LOW_EVIDENCE
KIAA0391	LOW_EVIDENCE
KIAA0408	LOW_COVERAGE
KIAA0430	LOW_EVIDENCE
KIAA0513	RNA_RESISTANCE_CONSENSUS
KIAA0556	LOW_EVIDENCE
KIAA0586	LOW_EVIDENCE
KIAA0753	LOW_EVIDENCE
KIAA0754	LOW_COVERAGE
KIAA0825	RNA_RESISTANCE_CONSENSUS
KIAA0895	RNA_RESISTANCE_CONSENSUS
KIAA0895L	LOW_EVIDENCE
KIAA0907	LOW_EVIDENCE
KIAA0922	LOW_EVIDENCE
KIAA0930	LOW_EVIDENCE
KIAA1024	LOW_EVIDENCE
KIAA1024L	LOW_COVERAGE
KIAA1033	LOW_EVIDENCE
KIAA1045	LOW_COVERAGE
KIAA1107	LOW_COVERAGE
KIAA1109	LOW_EVIDENCE
KIAA1143	LOW_EVIDENCE
KIAA1147	LOW_EVIDENCE
KIAA1161	LOW_EVIDENCE
KIAA1191	RNA_RESISTANCE_CONSENSUS
KIAA1210	ACUTE_RESPONSE
KIAA1211	RNA_RESISTANCE_CONSENSUS
KIAA1211L	RNA_RESISTANCE_CONSENSUS
KIAA1217	LOW_EVIDENCE
KIAA1244	LOW_COVERAGE
KIAA1257	RNA_RESISTANCE_CONSENSUS
KIAA1279	LOW_COVERAGE
KIAA1324	LOW_EVIDENCE
KIAA1324L	RNA_RESISTANCE_CONSENSUS
KIAA1328	LOW_EVIDENCE
KIAA1407	LOW_EVIDENCE
KIAA1429	LOW_EVIDENCE
KIAA1456	LOW_COVERAGE
KIAA1462	LOW_COVERAGE
KIAA1467	RNA_RESISTANCE_CONSENSUS
KIAA1468	LOW_EVIDENCE
KIAA1522	LOW_EVIDENCE
KIAA1524	RNA_RESISTANCE_CONSENSUS
KIAA1549	RNA_RESISTANCE_CONSENSUS
KIAA1549L	LOW_EVIDENCE
KIAA1551	LOW_EVIDENCE
KIAA1586	LOW_EVIDENCE
KIAA1598	LOW_COVERAGE
KIAA1614	LOW_EVIDENCE
KIAA1614-AS1	LOW_EVIDENCE
KIAA1644	LOW_COVERAGE
KIAA1656	LOW_COVERAGE
KIAA1671	RNA_RESISTANCE_CONSENSUS
KIAA1683	LOW_EVIDENCE
KIAA1715	LOW_EVIDENCE
KIAA1731	LOW_COVERAGE
KIAA1755	LOW_COVERAGE
KIAA1804	LOW_COVERAGE
KIAA1841	LOW_EVIDENCE
KIAA1875	LOW_COVERAGE
KIAA1919	LOW_EVIDENCE
KIAA1958	LOW_EVIDENCE
KIAA2012	LOW_EVIDENCE
KIAA2012-AS1	LOW_COVERAGE
KIAA2013	LOW_EVIDENCE
KIAA2018	LOW_EVIDENCE
KIAA2022	LOW_COVERAGE
KIAA2026	LOW_EVIDENCE
KIDINS220	RNA_RESISTANCE_CONSENSUS
KIF11	RNA_RESISTANCE_CONSENSUS
KIF12	RNA_RESISTANCE_CONSENSUS
KIF13A	RNA_RESISTANCE_CONSENSUS
KIF13B	RNA_RESISTANCE_CONSENSUS
KIF14	LOW_EVIDENCE
KIF15	LOW_EVIDENCE
KIF16B	LOW_EVIDENCE
KIF17	LOW_COVERAGE
KIF18A	LOW_EVIDENCE
KIF18B	LOW_EVIDENCE
KIF19	LOW_COVERAGE
KIF1A	RNA_RESISTANCE_CONSENSUS
KIF1B	LOW_EVIDENCE
KIF1BP	LOW_EVIDENCE
KIF1C	LOW_EVIDENCE
KIF20A	RNA_RESISTANCE_CONSENSUS
KIF20B	RNA_RESISTANCE_CONSENSUS
KIF21A	LOW_EVIDENCE
KIF21B	LOW_EVIDENCE
KIF22	RNA_RESISTANCE_CONSENSUS
KIF23	RNA_RESISTANCE_CONSENSUS
KIF24	RNA_RESISTANCE_CONSENSUS
KIF25	LOW_COVERAGE
KIF26A	RNA_RESISTANCE_CONSENSUS
KIF26B	RNA_RESISTANCE_CONSENSUS
KIF27	LOW_EVIDENCE
KIF28P	LOW_COVERAGE
KIF2A	LOW_EVIDENCE
KIF2B	LOW_COVERAGE
KIF2C	LOW_EVIDENCE
KIF3A	LOW_EVIDENCE
KIF3B	LOW_EVIDENCE
KIF3C	RNA_RESISTANCE_CONSENSUS
KIF4A	LOW_EVIDENCE
KIF4B	LOW_EVIDENCE
KIF5A	HUMAN_TUMOR_SUPPORTED
KIF5B	LOW_EVIDENCE
KIF5C	RNA_RESISTANCE_CONSENSUS
KIF6	HUMAN_TUMOR_SUPPORTED
KIF7	RNA_RESISTANCE_CONSENSUS
KIF9	RNA_RESISTANCE_CONSENSUS
KIF9-AS1	LOW_EVIDENCE
KIFAP3	LOW_EVIDENCE
KIFC1	RNA_RESISTANCE_CONSENSUS
KIFC2	LOW_EVIDENCE
KIFC3	RNA_RESISTANCE_CONSENSUS
KIN	RNA_RESISTANCE_CONSENSUS
KIR2DL1	LOW_COVERAGE
KIR2DL3	LOW_COVERAGE
KIR2DL4	LOW_COVERAGE
KIR2DS4	LOW_COVERAGE
KIR3DL1	LOW_COVERAGE
KIR3DL2	LOW_COVERAGE
KIR3DL3	LOW_COVERAGE
KIRREL	LOW_COVERAGE
KIRREL1	LOW_COVERAGE
KIRREL2	LOW_COVERAGE
KIRREL3	LOW_EVIDENCE
KISS1	RNA_RESISTANCE_CONSENSUS
KISS1R	RNA_RESISTANCE_CONSENSUS
KIT	LOW_COVERAGE
KITLG	RNA_RESISTANCE_CONSENSUS
KIZ	LOW_EVIDENCE
KIZ-AS1	LOW_EVIDENCE
KL	LOW_COVERAGE
KLB	RNA_RESISTANCE_CONSENSUS
KLC1	LOW_EVIDENCE
KLC2	RNA_RESISTANCE_CONSENSUS
KLC3	RNA_RESISTANCE_CONSENSUS
KLC4	LOW_EVIDENCE
KLF1	LOW_COVERAGE
KLF10	ACUTE_RESPONSE
KLF11	RNA_RESISTANCE_CONSENSUS
KLF12	RNA_RESISTANCE_CONSENSUS
KLF13	RNA_RESISTANCE_CONSENSUS
KLF14	LOW_COVERAGE
KLF15	LOW_EVIDENCE
KLF16	LOW_EVIDENCE
KLF17	LOW_COVERAGE
KLF2	RNA_RESISTANCE_CONSENSUS
KLF2P1	LOW_COVERAGE
KLF2P4	LOW_COVERAGE
KLF3	RNA_RESISTANCE_CONSENSUS
KLF3-AS1	LOW_COVERAGE
KLF3P1	LOW_COVERAGE
KLF4	RNA_RESISTANCE_CONSENSUS
KLF5	RNA_RESISTANCE_CONSENSUS
KLF6	LOW_EVIDENCE
KLF7	RNA_RESISTANCE_CONSENSUS
KLF7-IT1	LOW_COVERAGE
KLF8	LOW_EVIDENCE
KLF9	RNA_RESISTANCE_CONSENSUS
KLHDC1	LOW_EVIDENCE
KLHDC10	LOW_EVIDENCE
KLHDC2	LOW_EVIDENCE
KLHDC3	ACUTE_RESPONSE
KLHDC4	LOW_EVIDENCE
KLHDC7A	LOW_EVIDENCE
KLHDC7B	LOW_COVERAGE
KLHDC8A	LOW_COVERAGE
KLHDC8B	RNA_RESISTANCE_CONSENSUS
KLHDC9	LOW_EVIDENCE
KLHL1	LOW_COVERAGE
KLHL10	LOW_EVIDENCE
KLHL11	RNA_RESISTANCE_CONSENSUS
KLHL12	LOW_EVIDENCE
KLHL13	RNA_RESISTANCE_CONSENSUS
KLHL14	LOW_COVERAGE
KLHL15	LOW_EVIDENCE
KLHL17	LOW_EVIDENCE
KLHL18	RNA_RESISTANCE_CONSENSUS
KLHL2	RNA_RESISTANCE_CONSENSUS
KLHL20	RNA_RESISTANCE_CONSENSUS
KLHL21	ACUTE_RESPONSE
KLHL22	LOW_EVIDENCE
KLHL23	RNA_RESISTANCE_CONSENSUS
KLHL24	RNA_RESISTANCE_CONSENSUS
KLHL25	LOW_EVIDENCE
KLHL26	LOW_EVIDENCE
KLHL28	RNA_RESISTANCE_CONSENSUS
KLHL29	HUMAN_TUMOR_SUPPORTED
KLHL2P1	LOW_COVERAGE
KLHL3	ACUTE_RESPONSE
KLHL30	LOW_COVERAGE
KLHL31	LOW_EVIDENCE
KLHL32	LOW_EVIDENCE
KLHL33	LOW_COVERAGE
KLHL34	LOW_COVERAGE
KLHL35	RNA_RESISTANCE_CONSENSUS
KLHL36	RNA_RESISTANCE_CONSENSUS
KLHL38	LOW_COVERAGE
KLHL4	LOW_COVERAGE
KLHL40	LOW_COVERAGE
KLHL41	LOW_EVIDENCE
KLHL42	LOW_EVIDENCE
KLHL5	RNA_RESISTANCE_CONSENSUS
KLHL6	LOW_COVERAGE
KLHL7	LOW_EVIDENCE
KLHL7-AS1	LOW_COVERAGE
KLHL7-DT	LOW_COVERAGE
KLHL8	RNA_RESISTANCE_CONSENSUS
KLHL9	LOW_EVIDENCE
KLK1	LOW_COVERAGE
KLK10	LOW_EVIDENCE
KLK11	LOW_COVERAGE
KLK12	LOW_COVERAGE
KLK13	LOW_COVERAGE
KLK14	LOW_EVIDENCE
KLK15	LOW_COVERAGE
KLK2	LOW_COVERAGE
KLK3	LOW_COVERAGE
KLK4	LOW_COVERAGE
KLK5	LOW_COVERAGE
KLK6	RNA_RESISTANCE_CONSENSUS
KLK7	LOW_COVERAGE
KLK8	LOW_COVERAGE
KLK9	LOW_COVERAGE
KLKB1	LOW_COVERAGE
KLLN	LOW_EVIDENCE
KLRAP1	LOW_COVERAGE
KLRB1	LOW_EVIDENCE
KLRC1	LOW_COVERAGE
KLRC2	RNA_RESISTANCE_CONSENSUS
KLRC3	LOW_COVERAGE
KLRC4	LOW_COVERAGE
KLRC4-KLRK1	LOW_COVERAGE
KLRD1	LOW_COVERAGE
KLRF1	LOW_EVIDENCE
KLRF2	LOW_COVERAGE
KLRG1	LOW_EVIDENCE
KLRG2	RNA_RESISTANCE_CONSENSUS
KLRK1	LOW_COVERAGE
KMO	RNA_RESISTANCE_CONSENSUS
KMT2A	RNA_RESISTANCE_CONSENSUS
KMT2B	RNA_RESISTANCE_CONSENSUS
KMT2C	FUNCTIONAL_ONLY
KMT2D	LOW_EVIDENCE
KMT2E	RNA_RESISTANCE_CONSENSUS
KMT2E-AS1	RNA_RESISTANCE_CONSENSUS
KMT5A	LOW_COVERAGE
KMT5B	LOW_COVERAGE
KMT5C	LOW_COVERAGE
KNCN	LOW_COVERAGE
KNDC1	RNA_RESISTANCE_CONSENSUS
KNG1	LOW_COVERAGE
KNL1	LOW_COVERAGE
KNOP1	LOW_EVIDENCE
KNOP1P2	LOW_COVERAGE
KNOP1P5	LOW_COVERAGE
KNSTRN	RNA_RESISTANCE_CONSENSUS
KNTC1	RNA_RESISTANCE_CONSENSUS
KPNA1	LOW_EVIDENCE
KPNA2	RNA_RESISTANCE_CONSENSUS
KPNA3	RNA_RESISTANCE_CONSENSUS
KPNA4	LOW_EVIDENCE
KPNA5	LOW_EVIDENCE
KPNA6	LOW_EVIDENCE
KPNA7	LOW_EVIDENCE
KPNB1	LOW_EVIDENCE
KPRP	LOW_COVERAGE
KPTN	LOW_EVIDENCE
KRAS	LOW_EVIDENCE
KRBA1	RNA_RESISTANCE_CONSENSUS
KRBA2	LOW_EVIDENCE
KRBOX1	LOW_EVIDENCE
KRBOX4	RNA_RESISTANCE_CONSENSUS
KRCC1	ACUTE_RESPONSE
KREMEN1	RNA_RESISTANCE_CONSENSUS
KREMEN2	RNA_RESISTANCE_CONSENSUS
KRI1	LOW_EVIDENCE
KRIT1	RNA_RESISTANCE_CONSENSUS
KRR1	LOW_EVIDENCE
KRR1P1	LOW_COVERAGE
KRT1	LOW_COVERAGE
KRT10	LOW_EVIDENCE
KRT12	LOW_COVERAGE
KRT13	RNA_RESISTANCE_CONSENSUS
KRT14	LOW_COVERAGE
KRT15	RNA_RESISTANCE_CONSENSUS
KRT16	LOW_EVIDENCE
KRT17	RNA_RESISTANCE_CONSENSUS
KRT18	RNA_RESISTANCE_CONSENSUS
KRT18P10	LOW_COVERAGE
KRT18P11	LOW_COVERAGE
KRT18P12	LOW_COVERAGE
KRT18P15	LOW_COVERAGE
KRT18P16	LOW_COVERAGE
KRT18P17	LOW_COVERAGE
KRT18P21	LOW_COVERAGE
KRT18P31	LOW_COVERAGE
KRT18P37	LOW_COVERAGE
KRT18P39	LOW_COVERAGE
KRT18P4	LOW_COVERAGE
KRT18P48	LOW_COVERAGE
KRT18P5	LOW_COVERAGE
KRT18P57	LOW_COVERAGE
KRT18P59	LOW_COVERAGE
KRT18P61	LOW_COVERAGE
KRT18P63	LOW_COVERAGE
KRT18P7	LOW_COVERAGE
KRT18P8	LOW_COVERAGE
KRT19	RNA_RESISTANCE_CONSENSUS
KRT19P1	LOW_COVERAGE
KRT2	LOW_COVERAGE
KRT20	LOW_EVIDENCE
KRT222	LOW_COVERAGE
KRT223P	LOW_COVERAGE
KRT23	RNA_RESISTANCE_CONSENSUS
KRT24	LOW_COVERAGE
KRT25	LOW_COVERAGE
KRT26	LOW_COVERAGE
KRT27	LOW_COVERAGE
KRT28	LOW_COVERAGE
KRT3	LOW_COVERAGE
KRT31	LOW_COVERAGE
KRT32	LOW_EVIDENCE
KRT33A	LOW_COVERAGE
KRT33B	LOW_COVERAGE
KRT34	LOW_COVERAGE
KRT35	LOW_COVERAGE
KRT36	LOW_COVERAGE
KRT37	LOW_COVERAGE
KRT38	LOW_COVERAGE
KRT39	LOW_COVERAGE
KRT4	LOW_COVERAGE
KRT40	LOW_EVIDENCE
KRT5	LOW_COVERAGE
KRT6A	LOW_COVERAGE
KRT6B	LOW_COVERAGE
KRT6C	LOW_COVERAGE
KRT7	LOW_EVIDENCE
KRT7-AS	LOW_COVERAGE
KRT71	LOW_COVERAGE
KRT72	LOW_COVERAGE
KRT73	LOW_COVERAGE
KRT74	LOW_COVERAGE
KRT75	LOW_COVERAGE
KRT76	LOW_COVERAGE
KRT77	LOW_COVERAGE
KRT78	LOW_COVERAGE
KRT79	LOW_COVERAGE
KRT8	RNA_RESISTANCE_CONSENSUS
KRT80	LOW_EVIDENCE
KRT81	RNA_RESISTANCE_CONSENSUS
KRT82	LOW_COVERAGE
KRT83	RNA_RESISTANCE_CONSENSUS
KRT84	LOW_COVERAGE
KRT85	LOW_COVERAGE
KRT86	LOW_EVIDENCE
KRT87P	LOW_COVERAGE
KRT89P	LOW_COVERAGE
KRT8P10	LOW_COVERAGE
KRT8P11	LOW_COVERAGE
KRT8P12	LOW_COVERAGE
KRT8P2	LOW_COVERAGE
KRT8P29	LOW_COVERAGE
KRT8P3	LOW_COVERAGE
KRT8P33	LOW_COVERAGE
KRT8P36	LOW_COVERAGE
KRT8P37	LOW_COVERAGE
KRT8P39	LOW_COVERAGE
KRT8P4	LOW_COVERAGE
KRT8P45	LOW_COVERAGE
KRT8P46	LOW_COVERAGE
KRT8P47	LOW_COVERAGE
KRT8P48	LOW_COVERAGE
KRT8P5	LOW_COVERAGE
KRT8P50	LOW_COVERAGE
KRT9	LOW_COVERAGE
KRTAP1-1	LOW_COVERAGE
KRTAP1-3	LOW_COVERAGE
KRTAP1-4	LOW_COVERAGE
KRTAP1-5	LOW_COVERAGE
KRTAP10-1	LOW_COVERAGE
KRTAP10-10	LOW_COVERAGE
KRTAP10-11	LOW_COVERAGE
KRTAP10-12	LOW_COVERAGE
KRTAP10-2	LOW_COVERAGE
KRTAP10-3	LOW_COVERAGE
KRTAP10-4	LOW_COVERAGE
KRTAP10-5	LOW_COVERAGE
KRTAP10-6	LOW_COVERAGE
KRTAP10-7	LOW_COVERAGE
KRTAP10-8	LOW_COVERAGE
KRTAP10-9	LOW_COVERAGE
KRTAP11-1	LOW_COVERAGE
KRTAP12-1	LOW_COVERAGE
KRTAP12-2	LOW_COVERAGE
KRTAP12-3	LOW_COVERAGE
KRTAP12-4	LOW_COVERAGE
KRTAP13-1	LOW_COVERAGE
KRTAP13-2	LOW_COVERAGE
KRTAP13-3	LOW_COVERAGE
KRTAP13-4	LOW_COVERAGE
KRTAP15-1	LOW_COVERAGE
KRTAP16-1	LOW_COVERAGE
KRTAP17-1	LOW_COVERAGE
KRTAP19-1	LOW_COVERAGE
KRTAP19-2	LOW_COVERAGE
KRTAP19-3	LOW_COVERAGE
KRTAP19-4	LOW_COVERAGE
KRTAP19-5	LOW_COVERAGE
KRTAP19-6	LOW_COVERAGE
KRTAP19-7	LOW_COVERAGE
KRTAP19-8	LOW_COVERAGE
KRTAP2-1	LOW_COVERAGE
KRTAP2-2	LOW_COVERAGE
KRTAP2-3	LOW_COVERAGE
KRTAP2-4	LOW_COVERAGE
KRTAP20-1	LOW_COVERAGE
KRTAP20-2	LOW_COVERAGE
KRTAP20-3	LOW_COVERAGE
KRTAP21-1	LOW_COVERAGE
KRTAP21-2	LOW_COVERAGE
KRTAP21-3	LOW_COVERAGE
KRTAP22-1	LOW_COVERAGE
KRTAP22-2	LOW_COVERAGE
KRTAP23-1	LOW_COVERAGE
KRTAP24-1	LOW_COVERAGE
KRTAP25-1	LOW_COVERAGE
KRTAP26-1	LOW_COVERAGE
KRTAP27-1	LOW_COVERAGE
KRTAP29-1	LOW_COVERAGE
KRTAP3-1	LOW_COVERAGE
KRTAP3-2	LOW_COVERAGE
KRTAP3-3	LOW_COVERAGE
KRTAP4-1	LOW_COVERAGE
KRTAP4-11	LOW_COVERAGE
KRTAP4-12	LOW_COVERAGE
KRTAP4-2	LOW_COVERAGE
KRTAP4-3	LOW_COVERAGE
KRTAP4-4	LOW_COVERAGE
KRTAP4-5	LOW_COVERAGE
KRTAP4-6	LOW_COVERAGE
KRTAP4-7	LOW_COVERAGE
KRTAP4-8	LOW_COVERAGE
KRTAP4-9	LOW_COVERAGE
KRTAP5-1	LOW_COVERAGE
KRTAP5-10	LOW_COVERAGE
KRTAP5-11	LOW_COVERAGE
KRTAP5-2	LOW_COVERAGE
KRTAP5-3	LOW_COVERAGE
KRTAP5-5	LOW_COVERAGE
KRTAP5-6	LOW_COVERAGE
KRTAP5-7	LOW_COVERAGE
KRTAP5-8	LOW_COVERAGE
KRTAP5-9	LOW_COVERAGE
KRTAP5-AS1	LOW_EVIDENCE
KRTAP6-1	LOW_COVERAGE
KRTAP6-2	LOW_COVERAGE
KRTAP6-3	LOW_COVERAGE
KRTAP7-1	LOW_COVERAGE
KRTAP8-1	LOW_COVERAGE
KRTAP9-1	LOW_COVERAGE
KRTAP9-2	LOW_COVERAGE
KRTAP9-3	LOW_COVERAGE
KRTAP9-4	LOW_COVERAGE
KRTAP9-6	LOW_COVERAGE
KRTAP9-7	LOW_COVERAGE
KRTAP9-8	LOW_COVERAGE
KRTAP9-9	LOW_COVERAGE
KRTCAP2	LOW_EVIDENCE
KRTCAP3	RNA_RESISTANCE_CONSENSUS
KRTDAP	LOW_EVIDENCE
KSR1	RNA_RESISTANCE_CONSENSUS
KSR2	HUMAN_TUMOR_SUPPORTED
KTI12	LOW_EVIDENCE
KTN1	RNA_RESISTANCE_CONSENSUS
KTN1-AS1	RNA_RESISTANCE_CONSENSUS
KXD1	LOW_EVIDENCE
KY	LOW_COVERAGE
KYAT1	LOW_COVERAGE
KYAT3	LOW_COVERAGE
KYNU	RNA_RESISTANCE_CONSENSUS
L1CAM	RNA_RESISTANCE_CONSENSUS
L1TD1	LOW_COVERAGE
L2HGDH	RNA_RESISTANCE_CONSENSUS
L34079.2	LOW_COVERAGE
L34079.3	LOW_COVERAGE
L34079.4	LOW_COVERAGE
L3HYPDH	RNA_RESISTANCE_CONSENSUS
L3MBTL1	LOW_EVIDENCE
L3MBTL2	LOW_EVIDENCE
L3MBTL3	RNA_RESISTANCE_CONSENSUS
L3MBTL4	LOW_COVERAGE
LA16c-306A4.1	LOW_COVERAGE
LA16c-306E5.2	LOW_COVERAGE
LA16c-306E5.3	LOW_COVERAGE
LA16c-312E8.4	LOW_COVERAGE
LA16c-313D11.12	LOW_COVERAGE
LA16c-313F4.1	LOW_COVERAGE
LA16c-321D4.2	LOW_COVERAGE
LA16c-325D7.1	LOW_COVERAGE
LA16c-349E10.1	LOW_COVERAGE
LA16c-352F7.1	LOW_COVERAGE
LA16c-358B7.3	LOW_COVERAGE
LA16c-360A4.1	LOW_COVERAGE
LA16c-360H6.1	LOW_COVERAGE
LA16c-360H6.2	LOW_COVERAGE
LA16c-360H6.3	LOW_COVERAGE
LA16c-366D1.3	LOW_COVERAGE
LA16c-380A1.2	LOW_COVERAGE
LA16c-380H5.1	LOW_COVERAGE
LA16c-380H5.2	LOW_COVERAGE
LA16c-380H5.3	LOW_COVERAGE
LA16c-380H5.4	LOW_COVERAGE
LA16c-380H5.5	LOW_COVERAGE
LA16c-380H5.6	LOW_COVERAGE
LA16c-390E6.4	LOW_COVERAGE
LA16c-390E6.5	LOW_COVERAGE
LA16c-390H2.4	LOW_COVERAGE
LA16c-395F10.1	LOW_COVERAGE
LA16c-395F10.2	LOW_COVERAGE
LA16c-431H6.6	LOW_COVERAGE
LA16c-431H6.7	LOW_COVERAGE
LA16c-60H5.7	LOW_COVERAGE
LACC1	RNA_RESISTANCE_CONSENSUS
LACE1	LOW_EVIDENCE
LACRT	LOW_COVERAGE
LACTB	RNA_RESISTANCE_CONSENSUS
LACTB2	RNA_RESISTANCE_CONSENSUS
LACTB2-AS1	ACUTE_RESPONSE
LACTBL1	LOW_COVERAGE
LAD1	RNA_RESISTANCE_CONSENSUS
LAG3	RNA_RESISTANCE_CONSENSUS
LAGE3	RNA_RESISTANCE_CONSENSUS
LAGE3P1	LOW_COVERAGE
LAIR1	LOW_COVERAGE
LAIR2	LOW_COVERAGE
LALBA	LOW_COVERAGE
LAMA1	LOW_COVERAGE
LAMA2	LOW_EVIDENCE
LAMA3	RNA_RESISTANCE_CONSENSUS
LAMA4	LOW_EVIDENCE
LAMA5	RNA_RESISTANCE_CONSENSUS
LAMA5-AS1	LOW_COVERAGE
LAMB1	RNA_RESISTANCE_CONSENSUS
LAMB2	LOW_EVIDENCE
LAMB3	RNA_RESISTANCE_CONSENSUS
LAMB4	LOW_EVIDENCE
LAMC1	RNA_RESISTANCE_CONSENSUS
LAMC2	RNA_RESISTANCE_CONSENSUS
LAMC3	LOW_COVERAGE
LAMP1	RNA_RESISTANCE_CONSENSUS
LAMP2	RNA_RESISTANCE_CONSENSUS
LAMP3	LOW_EVIDENCE
LAMP5	LOW_COVERAGE
LAMTOR1	LOW_EVIDENCE
LAMTOR2	RNA_RESISTANCE_CONSENSUS
LAMTOR3	RNA_RESISTANCE_CONSENSUS
LAMTOR3P2	LOW_COVERAGE
LAMTOR4	LOW_EVIDENCE
LAMTOR5	LOW_EVIDENCE
LAMTOR5-AS1	LOW_EVIDENCE
LAMTOR5P1	LOW_COVERAGE
LANCL1	LOW_EVIDENCE
LANCL1-AS1	LOW_COVERAGE
LANCL2	LOW_EVIDENCE
LANCL3	LOW_COVERAGE
LAP3	LOW_EVIDENCE
LAP3P2	LOW_COVERAGE
LAPTM4A	LOW_EVIDENCE
LAPTM4A-DT	LOW_COVERAGE
LAPTM4B	RNA_RESISTANCE_CONSENSUS
LAPTM5	LOW_COVERAGE
LARGE	LOW_EVIDENCE
LARGE-AS1	LOW_COVERAGE
LARGE-IT1	LOW_COVERAGE
LARGE1	LOW_COVERAGE
LARGE2	LOW_COVERAGE
LARP1	LOW_EVIDENCE
LARP1B	LOW_EVIDENCE
LARP1P1	LOW_COVERAGE
LARP4	LOW_EVIDENCE
LARP4B	RNA_RESISTANCE_CONSENSUS
LARP4P	LOW_COVERAGE
LARP6	RNA_RESISTANCE_CONSENSUS
LARP7	LOW_EVIDENCE
LARS	LOW_EVIDENCE
LARS2	ACUTE_RESPONSE
LARS2-AS1	LOW_COVERAGE
LAS1L	LOW_EVIDENCE
LASP1	RNA_RESISTANCE_CONSENSUS
LAT	LOW_EVIDENCE
LAT2	RNA_RESISTANCE_CONSENSUS
LATS1	LOW_EVIDENCE
LATS2	RNA_RESISTANCE_CONSENSUS
LATS2-AS1	LOW_COVERAGE
LAX1	LOW_COVERAGE
LAYN	LOW_COVERAGE
LBH	LOW_EVIDENCE
LBHD1	LOW_EVIDENCE
LBP	LOW_COVERAGE
LBR	RNA_RESISTANCE_CONSENSUS
LBX1	LOW_COVERAGE
LBX2	RNA_RESISTANCE_CONSENSUS
LBX2-AS1	RNA_RESISTANCE_CONSENSUS
LCA5	LOW_EVIDENCE
LCA5L	LOW_EVIDENCE
LCAT	LOW_EVIDENCE
LCE1A	LOW_COVERAGE
LCE1B	LOW_COVERAGE
LCE1C	LOW_COVERAGE
LCE1D	LOW_COVERAGE
LCE1E	LOW_COVERAGE
LCE1F	LOW_COVERAGE
LCE2A	LOW_COVERAGE
LCE2B	LOW_COVERAGE
LCE2C	LOW_COVERAGE
LCE2D	LOW_COVERAGE
LCE3A	LOW_COVERAGE
LCE3B	LOW_COVERAGE
LCE3C	LOW_COVERAGE
LCE3D	LOW_COVERAGE
LCE3E	LOW_COVERAGE
LCE4A	LOW_COVERAGE
LCE5A	LOW_COVERAGE
LCE6A	LOW_COVERAGE
LCK	LOW_COVERAGE
LCLAT1	LOW_EVIDENCE
LCMT1	RNA_RESISTANCE_CONSENSUS
LCMT1-AS1	LOW_COVERAGE
LCMT1-AS2	LOW_COVERAGE
LCMT2	RNA_RESISTANCE_CONSENSUS
LCN1	LOW_COVERAGE
LCN10	LOW_COVERAGE
LCN12	LOW_EVIDENCE
LCN15	LOW_COVERAGE
LCN2	LOW_COVERAGE
LCN6	LOW_COVERAGE
LCN8	LOW_COVERAGE
LCN9	LOW_COVERAGE
LCNL1	LOW_COVERAGE
LCOR	RNA_RESISTANCE_CONSENSUS
LCORL	LOW_EVIDENCE
LCP1	RNA_RESISTANCE_CONSENSUS
LCP2	LOW_EVIDENCE
LCT	LOW_EVIDENCE
LCTL	LOW_EVIDENCE
LDAH	LOW_EVIDENCE
LDB1	LOW_EVIDENCE
LDB2	LOW_EVIDENCE
LDB3	HUMAN_TUMOR_SUPPORTED
LDHA	RNA_RESISTANCE_CONSENSUS
LDHAL6A	LOW_EVIDENCE
LDHAL6B	LOW_COVERAGE
LDHAP2	LOW_COVERAGE
LDHAP3	LOW_COVERAGE
LDHAP4	LOW_COVERAGE
LDHAP5	LOW_COVERAGE
LDHAP7	LOW_COVERAGE
LDHB	RNA_RESISTANCE_CONSENSUS
LDHC	LOW_EVIDENCE
LDHD	RNA_RESISTANCE_CONSENSUS
LDLR	ACUTE_RESPONSE
LDLRAD1	LOW_EVIDENCE
LDLRAD2	LOW_COVERAGE
LDLRAD3	LOW_EVIDENCE
LDLRAD4	RNA_RESISTANCE_CONSENSUS
LDLRAD4-AS1	LOW_COVERAGE
LDLRAP1	RNA_RESISTANCE_CONSENSUS
LDOC1	RNA_RESISTANCE_CONSENSUS
LDOC1L	LOW_EVIDENCE
LEAP2	LOW_EVIDENCE
LECT1	LOW_COVERAGE
LECT2	LOW_COVERAGE
LEF1	RNA_RESISTANCE_CONSENSUS
LEF1-AS1	LOW_COVERAGE
LEFTY1	LOW_COVERAGE
LEFTY2	LOW_COVERAGE
LEKR1	ACUTE_RESPONSE
LELP1	LOW_COVERAGE
LEMD1	LOW_EVIDENCE
LEMD2	LOW_EVIDENCE
LEMD3	RNA_RESISTANCE_CONSENSUS
LENEP	LOW_COVERAGE
LENG1	LOW_EVIDENCE
LENG8	LOW_EVIDENCE
LENG8-AS1	LOW_EVIDENCE
LENG9	RNA_RESISTANCE_CONSENSUS
LEO1	LOW_EVIDENCE
LEP	LOW_COVERAGE
LEPR	LOW_EVIDENCE
LEPRE1	LOW_COVERAGE
LEPREL2	LOW_COVERAGE
LEPREL4	LOW_COVERAGE
LEPROT	LOW_EVIDENCE
LEPROTL1	RNA_RESISTANCE_CONSENSUS
LERFS	LOW_COVERAGE
LETM1	LOW_EVIDENCE
LETM2	RNA_RESISTANCE_CONSENSUS
LETMD1	LOW_EVIDENCE
LEUTX	LOW_COVERAGE
LFNG	RNA_RESISTANCE_CONSENSUS
LGALS1	RNA_RESISTANCE_CONSENSUS
LGALS12	LOW_COVERAGE
LGALS13	LOW_COVERAGE
LGALS14	LOW_COVERAGE
LGALS16	LOW_COVERAGE
LGALS2	LOW_EVIDENCE
LGALS3	RNA_RESISTANCE_CONSENSUS
LGALS3BP	RNA_RESISTANCE_CONSENSUS
LGALS4	LOW_EVIDENCE
LGALS7	LOW_COVERAGE
LGALS7B	LOW_COVERAGE
LGALS8	RNA_RESISTANCE_CONSENSUS
LGALS8-AS1	LOW_EVIDENCE
LGALS9	LOW_COVERAGE
LGALS9B	LOW_COVERAGE
LGALS9C	LOW_COVERAGE
LGALSL	RNA_RESISTANCE_CONSENSUS
LGALSL-DT	LOW_COVERAGE
LGI1	LOW_COVERAGE
LGI2	RNA_RESISTANCE_CONSENSUS
LGI3	LOW_COVERAGE
LGI4	LOW_COVERAGE
LGMN	RNA_RESISTANCE_CONSENSUS
LGMNP1	LOW_COVERAGE
LGR4	RNA_RESISTANCE_CONSENSUS
LGR5	LOW_COVERAGE
LGR6	LOW_COVERAGE
LGSN	LOW_COVERAGE
LHB	LOW_COVERAGE
LHCGR	LOW_COVERAGE
LHFP	RNA_RESISTANCE_CONSENSUS
LHFPL1	LOW_COVERAGE
LHFPL2	RNA_RESISTANCE_CONSENSUS
LHFPL3	LOW_COVERAGE
LHFPL3-AS2	LOW_COVERAGE
LHFPL4	LOW_EVIDENCE
LHFPL5	LOW_EVIDENCE
LHFPL6	LOW_COVERAGE
LHPP	RNA_RESISTANCE_CONSENSUS
LHX1	RNA_RESISTANCE_CONSENSUS
LHX1-DT	LOW_COVERAGE
LHX2	RNA_RESISTANCE_CONSENSUS
LHX3	LOW_COVERAGE
LHX4	LOW_EVIDENCE
LHX4-AS1	LOW_COVERAGE
LHX5	LOW_COVERAGE
LHX6	RNA_RESISTANCE_CONSENSUS
LHX8	LOW_COVERAGE
LHX9	LOW_COVERAGE
LIAS	RNA_RESISTANCE_CONSENSUS
LIF	RNA_RESISTANCE_CONSENSUS
LIFR	RNA_RESISTANCE_CONSENSUS
LIFR-AS1	LOW_EVIDENCE
LIG1	RNA_RESISTANCE_CONSENSUS
LIG3	LOW_EVIDENCE
LIG4	LOW_EVIDENCE
LILRA1	LOW_COVERAGE
LILRA2	LOW_COVERAGE
LILRA4	LOW_COVERAGE
LILRA5	LOW_COVERAGE
LILRA6	LOW_COVERAGE
LILRB1	LOW_COVERAGE
LILRB2	LOW_COVERAGE
LILRB3	LOW_EVIDENCE
LILRB4	LOW_COVERAGE
LILRB5	LOW_COVERAGE
LIM2	LOW_COVERAGE
LIMA1	RNA_RESISTANCE_CONSENSUS
LIMCH1	RNA_RESISTANCE_CONSENSUS
LIMD1	LOW_EVIDENCE
LIMD1-AS1	LOW_COVERAGE
LIMD2	RNA_RESISTANCE_CONSENSUS
LIME1	RNA_RESISTANCE_CONSENSUS
LIMK1	RNA_RESISTANCE_CONSENSUS
LIMK2	RNA_RESISTANCE_CONSENSUS
LIMS1	RNA_RESISTANCE_CONSENSUS
LIMS2	LOW_COVERAGE
LIMS3	LOW_COVERAGE
LIMS3L	LOW_COVERAGE
LIN28A	LOW_EVIDENCE
LIN28B	LOW_COVERAGE
LIN37	RNA_RESISTANCE_CONSENSUS
LIN52	RNA_RESISTANCE_CONSENSUS
LIN54	LOW_EVIDENCE
LIN7A	RNA_RESISTANCE_CONSENSUS
LIN7B	LOW_EVIDENCE
LIN7C	LOW_EVIDENCE
LIN9	RNA_RESISTANCE_CONSENSUS
LINC-PINT	LOW_EVIDENCE
LINC00052	RNA_RESISTANCE_CONSENSUS
LINC00094	LOW_COVERAGE
LINC00106	LOW_EVIDENCE
LINC00113	LOW_COVERAGE
LINC00115	LOW_EVIDENCE
LINC00116	LOW_COVERAGE
LINC00152	LOW_COVERAGE
LINC00159	LOW_COVERAGE
LINC00160	HUMAN_TUMOR_SUPPORTED
LINC00161	LOW_COVERAGE
LINC00167	LOW_EVIDENCE
LINC00173	RNA_RESISTANCE_CONSENSUS
LINC00174	LOW_EVIDENCE
LINC00176	LOW_COVERAGE
LINC00202-1	LOW_COVERAGE
LINC00205	LOW_EVIDENCE
LINC00216	LOW_COVERAGE
LINC00221	LOW_COVERAGE
LINC00222	LOW_COVERAGE
LINC00235	RNA_RESISTANCE_CONSENSUS
LINC00238	LOW_COVERAGE
LINC00239	LOW_COVERAGE
LINC00240	LOW_EVIDENCE
LINC00242	LOW_COVERAGE
LINC00243	LOW_EVIDENCE
LINC002481	LOW_COVERAGE
LINC00263	LOW_COVERAGE
LINC00265	LOW_EVIDENCE
LINC00266-1	LOW_EVIDENCE
LINC00271	RNA_RESISTANCE_CONSENSUS
LINC00276	LOW_COVERAGE
LINC00282	LOW_COVERAGE
LINC00284	LOW_COVERAGE
LINC00294	LOW_EVIDENCE
LINC00299	LOW_COVERAGE
LINC00304	LOW_COVERAGE
LINC00310	LOW_COVERAGE
LINC00311	LOW_COVERAGE
LINC00322	LOW_COVERAGE
LINC00323	LOW_COVERAGE
LINC00324	LOW_EVIDENCE
LINC00327	LOW_COVERAGE
LINC00336	LOW_COVERAGE
LINC00337	RNA_RESISTANCE_CONSENSUS
LINC00339	LOW_EVIDENCE
LINC00342	RNA_RESISTANCE_CONSENSUS
LINC00345	LOW_COVERAGE
LINC00346	LOW_COVERAGE
LINC00351	LOW_COVERAGE
LINC00355	LOW_COVERAGE
LINC00362	LOW_COVERAGE
LINC00365	RNA_RESISTANCE_CONSENSUS
LINC00366	LOW_COVERAGE
LINC00378	LOW_COVERAGE
LINC00390	LOW_COVERAGE
LINC00391	LOW_COVERAGE
LINC00397	LOW_COVERAGE
LINC00407	LOW_COVERAGE
LINC00412	LOW_COVERAGE
LINC00426	LOW_COVERAGE
LINC00437	LOW_COVERAGE
LINC00441	LOW_COVERAGE
LINC00449	LOW_EVIDENCE
LINC00452	LOW_COVERAGE
LINC00457	LOW_COVERAGE
LINC00458	LOW_COVERAGE
LINC00460	LOW_COVERAGE
LINC00461	LOW_COVERAGE
LINC00466	LOW_COVERAGE
LINC00467	LOW_EVIDENCE
LINC00469	LOW_COVERAGE
LINC00470	RNA_RESISTANCE_CONSENSUS
LINC00471	HUMAN_TUMOR_SUPPORTED
LINC00472	HUMAN_TUMOR_SUPPORTED
LINC00473	LOW_EVIDENCE
LINC00475	LOW_COVERAGE
LINC00476	LOW_EVIDENCE
LINC00479	LOW_COVERAGE
LINC00482	RNA_RESISTANCE_CONSENSUS
LINC00483	LOW_COVERAGE
LINC00486	LOW_COVERAGE
LINC00493	LOW_COVERAGE
LINC00494	LOW_COVERAGE
LINC00499	LOW_COVERAGE
LINC00504	LOW_EVIDENCE
LINC00505	LOW_COVERAGE
LINC00511	RNA_RESISTANCE_CONSENSUS
LINC00513	LOW_COVERAGE
LINC00514	LOW_COVERAGE
LINC00517	LOW_COVERAGE
LINC00520	LOW_COVERAGE
LINC00524	LOW_COVERAGE
LINC00525	LOW_COVERAGE
LINC00526	LOW_COVERAGE
LINC00528	LOW_COVERAGE
LINC00534	LOW_COVERAGE
LINC00535	LOW_COVERAGE
LINC00536	LOW_COVERAGE
LINC00539	LOW_COVERAGE
LINC00540	LOW_COVERAGE
LINC00543	LOW_COVERAGE
LINC00551	LOW_COVERAGE
LINC00562	LOW_EVIDENCE
LINC00565	LOW_COVERAGE
LINC00570	LOW_COVERAGE
LINC00571	ACUTE_RESPONSE
LINC00574	LOW_COVERAGE
LINC00578	LOW_EVIDENCE
LINC00582	LOW_COVERAGE
LINC00589	LOW_COVERAGE
LINC00592	LOW_EVIDENCE
LINC00593	LOW_COVERAGE
LINC00595	LOW_COVERAGE
LINC00596	LOW_COVERAGE
LINC00598	RNA_RESISTANCE_CONSENSUS
LINC00602	LOW_COVERAGE
LINC00607	RNA_RESISTANCE_CONSENSUS
LINC00609	LOW_COVERAGE
LINC00612	LOW_COVERAGE
LINC00618	LOW_COVERAGE
LINC00620	LOW_COVERAGE
LINC00621	LOW_COVERAGE
LINC00622	LOW_COVERAGE
LINC00623	HUMAN_TUMOR_SUPPORTED
LINC00624	LOW_EVIDENCE
LINC00628	LOW_COVERAGE
LINC00629	LOW_COVERAGE
LINC00630	RNA_RESISTANCE_CONSENSUS
LINC00632	LOW_COVERAGE
LINC00634	LOW_COVERAGE
LINC00636	LOW_COVERAGE
LINC00637	LOW_COVERAGE
LINC00638	RNA_RESISTANCE_CONSENSUS
LINC00639	LOW_COVERAGE
LINC00640	LOW_COVERAGE
LINC00641	LOW_EVIDENCE
LINC00645	LOW_COVERAGE
LINC00648	LOW_COVERAGE
LINC00649	RNA_RESISTANCE_CONSENSUS
LINC00652	LOW_COVERAGE
LINC00653	LOW_COVERAGE
LINC00654	LOW_COVERAGE
LINC00657	LOW_COVERAGE
LINC00659	RNA_RESISTANCE_CONSENSUS
LINC00662	RNA_RESISTANCE_CONSENSUS
LINC00663	LOW_EVIDENCE
LINC00664	RNA_RESISTANCE_CONSENSUS
LINC00665	RNA_RESISTANCE_CONSENSUS
LINC00667	LOW_EVIDENCE
LINC00669	LOW_COVERAGE
LINC00672	RNA_RESISTANCE_CONSENSUS
LINC00674	LOW_COVERAGE
LINC00675	LOW_COVERAGE
LINC00680	LOW_COVERAGE
LINC00683	LOW_COVERAGE
LINC00685	LOW_EVIDENCE
LINC00689	LOW_COVERAGE
LINC00691	LOW_COVERAGE
LINC00698	LOW_COVERAGE
LINC00702	LOW_COVERAGE
LINC00707	LOW_COVERAGE
LINC00824	LOW_COVERAGE
LINC00839	RNA_RESISTANCE_CONSENSUS
LINC00842	LOW_COVERAGE
LINC00843	LOW_COVERAGE
LINC00846	LOW_COVERAGE
LINC00847	RNA_RESISTANCE_CONSENSUS
LINC00852	RNA_RESISTANCE_CONSENSUS
LINC00853	RNA_RESISTANCE_CONSENSUS
LINC00854	LOW_COVERAGE
LINC00857	LOW_COVERAGE
LINC00858	LOW_COVERAGE
LINC00861	LOW_COVERAGE
LINC00862	RNA_RESISTANCE_CONSENSUS
LINC00863	LOW_EVIDENCE
LINC00865	LOW_EVIDENCE
LINC00866	LOW_COVERAGE
LINC00867	LOW_COVERAGE
LINC00869	LOW_COVERAGE
LINC00871	LOW_COVERAGE
LINC00880	LOW_COVERAGE
LINC00882	HUMAN_TUMOR_SUPPORTED
LINC00883	LOW_COVERAGE
LINC00884	LOW_COVERAGE
LINC00885	LOW_EVIDENCE
LINC00886	RNA_RESISTANCE_CONSENSUS
LINC00887	LOW_EVIDENCE
LINC00888	LOW_COVERAGE
LINC00891	LOW_COVERAGE
LINC00893	LOW_EVIDENCE
LINC00894	LOW_EVIDENCE
LINC00896	LOW_COVERAGE
LINC00898	LOW_COVERAGE
LINC00899	LOW_COVERAGE
LINC00900	LOW_COVERAGE
LINC00907	HUMAN_TUMOR_SUPPORTED
LINC00909	LOW_EVIDENCE
LINC00910	RNA_RESISTANCE_CONSENSUS
LINC00920	LOW_COVERAGE
LINC00921	LOW_EVIDENCE
LINC00924	LOW_COVERAGE
LINC00925	LOW_COVERAGE
LINC00926	LOW_EVIDENCE
LINC00930	LOW_COVERAGE
LINC00933	LOW_COVERAGE
LINC00936	LOW_COVERAGE
LINC00937	LOW_EVIDENCE
LINC00938	LOW_COVERAGE
LINC00939	LOW_COVERAGE
LINC00944	LOW_COVERAGE
LINC00950	LOW_COVERAGE
LINC00954	LOW_EVIDENCE
LINC00957	RNA_RESISTANCE_CONSENSUS
LINC00958	LOW_COVERAGE
LINC00959	LOW_COVERAGE
LINC00960	RNA_RESISTANCE_CONSENSUS
LINC00963	RNA_RESISTANCE_CONSENSUS
LINC00964	LOW_COVERAGE
LINC00969	LOW_COVERAGE
LINC00970	LOW_COVERAGE
LINC00973	LOW_COVERAGE
LINC00982	LOW_COVERAGE
LINC00987	LOW_COVERAGE
LINC00989	LOW_COVERAGE
LINC00992	RNA_RESISTANCE_CONSENSUS
LINC00993	LOW_COVERAGE
LINC00994	LOW_COVERAGE
LINC00997	LOW_EVIDENCE
LINC00998	LOW_COVERAGE
LINC01001	LOW_EVIDENCE
LINC01002	LOW_EVIDENCE
LINC01003	LOW_EVIDENCE
LINC01004	RNA_RESISTANCE_CONSENSUS
LINC01006	RNA_RESISTANCE_CONSENSUS
LINC01011	LOW_EVIDENCE
LINC01012	LOW_COVERAGE
LINC01016	RNA_RESISTANCE_CONSENSUS
LINC01021	LOW_COVERAGE
LINC01023	LOW_EVIDENCE
LINC01024	LOW_COVERAGE
LINC01030	LOW_COVERAGE
LINC01031	LOW_COVERAGE
LINC01032	LOW_COVERAGE
LINC01033	LOW_COVERAGE
LINC01036	LOW_COVERAGE
LINC01037	LOW_COVERAGE
LINC01050	LOW_COVERAGE
LINC01057	LOW_COVERAGE
LINC01060	LOW_COVERAGE
LINC01063	LOW_EVIDENCE
LINC01068	LOW_COVERAGE
LINC01085	LOW_COVERAGE
LINC01087	HUMAN_TUMOR_SUPPORTED
LINC01088	LOW_COVERAGE
LINC01089	LOW_EVIDENCE
LINC01090	LOW_COVERAGE
LINC01091	LOW_COVERAGE
LINC01093	LOW_COVERAGE
LINC01094	LOW_COVERAGE
LINC01098	LOW_COVERAGE
LINC01105	LOW_COVERAGE
LINC01106	RNA_RESISTANCE_CONSENSUS
LINC01107	LOW_COVERAGE
LINC01115	LOW_COVERAGE
LINC01116	RNA_RESISTANCE_CONSENSUS
LINC01117	LOW_EVIDENCE
LINC01118	LOW_COVERAGE
LINC01119	LOW_COVERAGE
LINC01121	LOW_COVERAGE
LINC01122	LOW_COVERAGE
LINC01123	RNA_RESISTANCE_CONSENSUS
LINC01125	LOW_COVERAGE
LINC01126	LOW_EVIDENCE
LINC01127	LOW_COVERAGE
LINC01128	LOW_EVIDENCE
LINC01132	LOW_COVERAGE
LINC01133	LOW_COVERAGE
LINC01134	LOW_EVIDENCE
LINC01135	LOW_COVERAGE
LINC01136	LOW_EVIDENCE
LINC01137	RNA_RESISTANCE_CONSENSUS
LINC01138	RNA_RESISTANCE_CONSENSUS
LINC01139	LOW_COVERAGE
LINC01140	LOW_COVERAGE
LINC01143	RNA_RESISTANCE_CONSENSUS
LINC01144	LOW_COVERAGE
LINC01151	LOW_COVERAGE
LINC01152	LOW_COVERAGE
LINC01159	LOW_COVERAGE
LINC01166	LOW_COVERAGE
LINC01167	LOW_COVERAGE
LINC01169	LOW_COVERAGE
LINC01176	RNA_RESISTANCE_CONSENSUS
LINC01179	LOW_COVERAGE
LINC01182	LOW_COVERAGE
LINC01183	LOW_COVERAGE
LINC01184	LOW_EVIDENCE
LINC01185	LOW_COVERAGE
LINC01186	LOW_COVERAGE
LINC01191	LOW_COVERAGE
LINC01193	LOW_COVERAGE
LINC01194	LOW_COVERAGE
LINC01198	LOW_COVERAGE
LINC01202	LOW_COVERAGE
LINC01204	LOW_COVERAGE
LINC01205	LOW_COVERAGE
LINC01207	LOW_COVERAGE
LINC01208	LOW_EVIDENCE
LINC01209	LOW_COVERAGE
LINC01213	RNA_RESISTANCE_CONSENSUS
LINC01214	LOW_COVERAGE
LINC01216	LOW_COVERAGE
LINC01220	LOW_COVERAGE
LINC01224	LOW_COVERAGE
LINC01225	LOW_COVERAGE
LINC01226	LOW_COVERAGE
LINC01227	LOW_COVERAGE
LINC01229	LOW_COVERAGE
LINC01232	LOW_COVERAGE
LINC01234	LOW_COVERAGE
LINC01235	LOW_COVERAGE
LINC01237	RNA_RESISTANCE_CONSENSUS
LINC01238	LOW_COVERAGE
LINC01238.1	LOW_COVERAGE
LINC01239	LOW_COVERAGE
LINC01242	LOW_COVERAGE
LINC01250	LOW_COVERAGE
LINC01252	RNA_RESISTANCE_CONSENSUS
LINC01256	LOW_COVERAGE
LINC01257	LOW_COVERAGE
LINC01260	LOW_COVERAGE
LINC01264	LOW_COVERAGE
LINC01268	LOW_COVERAGE
LINC01269	LOW_COVERAGE
LINC01270	LOW_EVIDENCE
LINC01271	LOW_COVERAGE
LINC01272	LOW_COVERAGE
LINC01273	LOW_COVERAGE
LINC01275	LOW_COVERAGE
LINC01276	LOW_COVERAGE
LINC01277	LOW_EVIDENCE
LINC01278	LOW_EVIDENCE
LINC01285	LOW_COVERAGE
LINC01289	LOW_COVERAGE
LINC01290	RNA_RESISTANCE_CONSENSUS
LINC01291	RNA_RESISTANCE_CONSENSUS
LINC01293	LOW_COVERAGE
LINC01296	LOW_COVERAGE
LINC01297	LOW_COVERAGE
LINC01301	RNA_RESISTANCE_CONSENSUS
LINC01303	LOW_COVERAGE
LINC01309	LOW_COVERAGE
LINC01311	LOW_EVIDENCE
LINC01314	LOW_COVERAGE
LINC01315	RNA_RESISTANCE_CONSENSUS
LINC01317	LOW_COVERAGE
LINC01320	LOW_COVERAGE
LINC01322	LOW_COVERAGE
LINC01330	LOW_COVERAGE
LINC01336	LOW_COVERAGE
LINC01337	LOW_COVERAGE
LINC01339	LOW_COVERAGE
LINC01340	LOW_COVERAGE
LINC01341	LOW_COVERAGE
LINC01342	LOW_COVERAGE
LINC01344	LOW_COVERAGE
LINC01347	LOW_COVERAGE
LINC01348	RNA_RESISTANCE_CONSENSUS
LINC01351	RNA_RESISTANCE_CONSENSUS
LINC01353	LOW_COVERAGE
LINC01354	LOW_COVERAGE
LINC01355	LOW_EVIDENCE
LINC01358	LOW_COVERAGE
LINC01359	RNA_RESISTANCE_CONSENSUS
LINC01362	LOW_COVERAGE
LINC01364	LOW_COVERAGE
LINC01372	LOW_COVERAGE
LINC01374	LOW_COVERAGE
LINC01376	LOW_EVIDENCE
LINC01389	ACUTE_RESPONSE
LINC01393	LOW_COVERAGE
LINC01397	LOW_COVERAGE
LINC01399	LOW_COVERAGE
LINC01409	LOW_COVERAGE
LINC01410	ACUTE_RESPONSE
LINC01411	RNA_RESISTANCE_CONSENSUS
LINC01414	LOW_COVERAGE
LINC01415	LOW_COVERAGE
LINC01416	LOW_COVERAGE
LINC01419	LOW_COVERAGE
LINC01420	LOW_COVERAGE
LINC01422	LOW_COVERAGE
LINC01424	LOW_COVERAGE
LINC01426	LOW_COVERAGE
LINC01429	LOW_COVERAGE
LINC01431	LOW_EVIDENCE
LINC01435	LOW_COVERAGE
LINC01436	LOW_COVERAGE
LINC01440	LOW_COVERAGE
LINC01441	LOW_COVERAGE
LINC01443	LOW_COVERAGE
LINC01446	RNA_RESISTANCE_CONSENSUS
LINC01456	HUMAN_TUMOR_SUPPORTED
LINC01465	LOW_EVIDENCE
LINC01468	LOW_EVIDENCE
LINC01470	LOW_COVERAGE
LINC01473	LOW_EVIDENCE
LINC01476	LOW_COVERAGE
LINC01480	LOW_COVERAGE
LINC01481	LOW_COVERAGE
LINC01483	LOW_COVERAGE
LINC01484	LOW_COVERAGE
LINC01489	LOW_COVERAGE
LINC01492	LOW_COVERAGE
LINC01494	LOW_COVERAGE
LINC01498	LOW_COVERAGE
LINC01500	LOW_COVERAGE
LINC01503	RNA_RESISTANCE_CONSENSUS
LINC01504	LOW_COVERAGE
LINC01505	LOW_COVERAGE
LINC01508	RNA_RESISTANCE_CONSENSUS
LINC01509	LOW_COVERAGE
LINC01510	LOW_COVERAGE
LINC01511	LOW_COVERAGE
LINC01513	LOW_COVERAGE
LINC01514	LOW_COVERAGE
LINC01515	RNA_RESISTANCE_CONSENSUS
LINC01517	LOW_COVERAGE
LINC01519	LOW_COVERAGE
LINC01521	RNA_RESISTANCE_CONSENSUS
LINC01522	LOW_COVERAGE
LINC01524	LOW_COVERAGE
LINC01534	RNA_RESISTANCE_CONSENSUS
LINC01535	HUMAN_TUMOR_SUPPORTED
LINC01541	LOW_COVERAGE
LINC01545	LOW_COVERAGE
LINC01547	HUMAN_TUMOR_SUPPORTED
LINC01550	RNA_RESISTANCE_CONSENSUS
LINC01551	LOW_COVERAGE
LINC01554	LOW_COVERAGE
LINC01556	LOW_COVERAGE
LINC01559	LOW_COVERAGE
LINC01560	LOW_EVIDENCE
LINC01562	LOW_COVERAGE
LINC01564	LOW_COVERAGE
LINC01569	LOW_EVIDENCE
LINC01572	LOW_COVERAGE
LINC01573	LOW_COVERAGE
LINC01578	LOW_COVERAGE
LINC01579	LOW_COVERAGE
LINC01580	LOW_COVERAGE
LINC01585	LOW_COVERAGE
LINC01587	LOW_COVERAGE
LINC01588	LOW_EVIDENCE
LINC01589	LOW_COVERAGE
LINC01591	LOW_COVERAGE
LINC01592	LOW_COVERAGE
LINC01599	LOW_COVERAGE
LINC01600	LOW_COVERAGE
LINC01603	LOW_COVERAGE
LINC01604	LOW_COVERAGE
LINC01605	LOW_COVERAGE
LINC01607	LOW_COVERAGE
LINC01609	LOW_COVERAGE
LINC01611	HUMAN_TUMOR_SUPPORTED
LINC01612	LOW_COVERAGE
LINC01615	LOW_COVERAGE
LINC01618	LOW_COVERAGE
LINC01619	LOW_COVERAGE
LINC01629	LOW_COVERAGE
LINC01633	LOW_COVERAGE
LINC01637	LOW_COVERAGE
LINC01639	LOW_COVERAGE
LINC01643	LOW_COVERAGE
LINC01644	LOW_COVERAGE
LINC01659	LOW_COVERAGE
LINC01661	LOW_COVERAGE
LINC01666	LOW_COVERAGE
LINC01684	LOW_COVERAGE
LINC01686	LOW_COVERAGE
LINC01687	LOW_COVERAGE
LINC01701	LOW_COVERAGE
LINC01703	LOW_COVERAGE
LINC01705	LOW_COVERAGE
LINC01707	LOW_COVERAGE
LINC01715	LOW_COVERAGE
LINC01719	LOW_COVERAGE
LINC01725	LOW_COVERAGE
LINC01730	LOW_COVERAGE
LINC01748	LOW_COVERAGE
LINC01750	LOW_COVERAGE
LINC01752	LOW_COVERAGE
LINC01754	LOW_COVERAGE
LINC01759	LOW_COVERAGE
LINC01762	LOW_COVERAGE
LINC01764	LOW_COVERAGE
LINC01767	LOW_COVERAGE
LINC01768	LOW_COVERAGE
LINC01770	LOW_COVERAGE
LINC01771	LOW_COVERAGE
LINC01772	LOW_COVERAGE
LINC01775	LOW_COVERAGE
LINC01778	LOW_COVERAGE
LINC01786	LOW_COVERAGE
LINC01792	LOW_COVERAGE
LINC01801	LOW_COVERAGE
LINC01806	LOW_COVERAGE
LINC01807	LOW_COVERAGE
LINC01811	LOW_COVERAGE
LINC01814	LOW_COVERAGE
LINC01816	LOW_COVERAGE
LINC01819	LOW_COVERAGE
LINC01827	LOW_COVERAGE
LINC01828	LOW_COVERAGE
LINC01829	LOW_COVERAGE
LINC01833	LOW_COVERAGE
LINC01836	LOW_COVERAGE
LINC01841	LOW_COVERAGE
LINC01842	LOW_COVERAGE
LINC01843	LOW_COVERAGE
LINC01844	LOW_COVERAGE
LINC01845	LOW_COVERAGE
LINC01857	LOW_COVERAGE
LINC01873	LOW_COVERAGE
LINC01876	LOW_COVERAGE
LINC01877	LOW_COVERAGE
LINC01885	LOW_COVERAGE
LINC01889	LOW_COVERAGE
LINC01909	LOW_COVERAGE
LINC01917	LOW_COVERAGE
LINC01918	LOW_COVERAGE
LINC01931	LOW_COVERAGE
LINC01933	LOW_COVERAGE
LINC01934	LOW_COVERAGE
LINC01937	LOW_COVERAGE
LINC01943	LOW_COVERAGE
LINC01948	LOW_COVERAGE
LINC01950	LOW_COVERAGE
LINC01952	LOW_COVERAGE
LINC01954	LOW_COVERAGE
LINC01962	LOW_COVERAGE
LINC01963	LOW_COVERAGE
LINC01967	LOW_COVERAGE
LINC01970	LOW_COVERAGE
LINC01977	LOW_COVERAGE
LINC01978	LOW_COVERAGE
LINC01979	LOW_COVERAGE
LINC01980	LOW_COVERAGE
LINC01983	LOW_COVERAGE
LINC01993	LOW_COVERAGE
LINC01999	LOW_COVERAGE
LINC02001	LOW_COVERAGE
LINC02005	LOW_COVERAGE
LINC02006	LOW_COVERAGE
LINC02008	LOW_COVERAGE
LINC02009	LOW_COVERAGE
LINC02014	LOW_COVERAGE
LINC02015	LOW_COVERAGE
LINC02018	LOW_COVERAGE
LINC02019	LOW_COVERAGE
LINC02021	LOW_COVERAGE
LINC02026	LOW_COVERAGE
LINC02028	LOW_COVERAGE
LINC02029	LOW_COVERAGE
LINC02035	LOW_COVERAGE
LINC02036	LOW_COVERAGE
LINC02041	LOW_COVERAGE
LINC02043	LOW_COVERAGE
LINC02055	LOW_COVERAGE
LINC02057	LOW_COVERAGE
LINC02062	LOW_COVERAGE
LINC02067	LOW_COVERAGE
LINC02068	LOW_COVERAGE
LINC02069	LOW_COVERAGE
LINC02071	LOW_COVERAGE
LINC02073	LOW_COVERAGE
LINC02076	LOW_COVERAGE
LINC02081	LOW_COVERAGE
LINC02083	LOW_COVERAGE
LINC02099	LOW_COVERAGE
LINC02100	LOW_COVERAGE
LINC02102	LOW_COVERAGE
LINC02108	LOW_COVERAGE
LINC02109	LOW_COVERAGE
LINC02128	LOW_COVERAGE
LINC02130	LOW_COVERAGE
LINC02137	LOW_COVERAGE
LINC02145	LOW_COVERAGE
LINC02147	LOW_COVERAGE
LINC02150	LOW_COVERAGE
LINC02154	LOW_COVERAGE
LINC02163	LOW_COVERAGE
LINC02166	LOW_COVERAGE
LINC02175	LOW_COVERAGE
LINC02177	LOW_COVERAGE
LINC02182	LOW_COVERAGE
LINC02188	LOW_COVERAGE
LINC02193	LOW_COVERAGE
LINC02196	LOW_COVERAGE
LINC02197	LOW_COVERAGE
LINC02198	LOW_COVERAGE
LINC02203	LOW_COVERAGE
LINC02208	LOW_COVERAGE
LINC02210-CRHR1	LOW_COVERAGE
LINC02211	LOW_COVERAGE
LINC02223	LOW_COVERAGE
LINC02224	LOW_COVERAGE
LINC02228	LOW_COVERAGE
LINC02233	LOW_COVERAGE
LINC02234	LOW_COVERAGE
LINC02235	LOW_COVERAGE
LINC02236	LOW_COVERAGE
LINC02237	LOW_COVERAGE
LINC02240	LOW_COVERAGE
LINC02241	LOW_COVERAGE
LINC02242	LOW_COVERAGE
LINC02245	LOW_COVERAGE
LINC02246	LOW_COVERAGE
LINC02247	LOW_COVERAGE
LINC02250	LOW_COVERAGE
LINC02251	LOW_COVERAGE
LINC02253	LOW_COVERAGE
LINC02254	LOW_COVERAGE
LINC02256	LOW_COVERAGE
LINC02259	LOW_COVERAGE
LINC02265	LOW_COVERAGE
LINC02267	LOW_COVERAGE
LINC02269	LOW_COVERAGE
LINC02275	LOW_COVERAGE
LINC02288	LOW_COVERAGE
LINC02293	LOW_COVERAGE
LINC02294	LOW_COVERAGE
LINC02298	LOW_COVERAGE
LINC02299	LOW_COVERAGE
LINC02300	LOW_COVERAGE
LINC02302	LOW_COVERAGE
LINC02303	LOW_COVERAGE
LINC02306	LOW_COVERAGE
LINC02307	LOW_COVERAGE
LINC02315	LOW_COVERAGE
LINC02318	LOW_COVERAGE
LINC02321	LOW_COVERAGE
LINC02323	LOW_COVERAGE
LINC02326	LOW_COVERAGE
LINC02327	LOW_COVERAGE
LINC02331	LOW_COVERAGE
LINC02334	LOW_COVERAGE
LINC02335	LOW_COVERAGE
LINC02336	LOW_COVERAGE
LINC02340	LOW_COVERAGE
LINC02341	LOW_COVERAGE
LINC02343	LOW_COVERAGE
LINC02352	LOW_COVERAGE
LINC02354	LOW_COVERAGE
LINC02356	LOW_COVERAGE
LINC02361	LOW_COVERAGE
LINC02362	LOW_COVERAGE
LINC02363	LOW_COVERAGE
LINC02365	LOW_COVERAGE
LINC02373	LOW_COVERAGE
LINC02377	LOW_COVERAGE
LINC02381	LOW_COVERAGE
LINC02389	LOW_COVERAGE
LINC02408	LOW_COVERAGE
LINC02422	LOW_COVERAGE
LINC02427	LOW_COVERAGE
LINC02428	LOW_COVERAGE
LINC02433	LOW_COVERAGE
LINC02438	LOW_COVERAGE
LINC02443	LOW_COVERAGE
LINC02444	LOW_COVERAGE
LINC02447	LOW_COVERAGE
LINC02449	LOW_COVERAGE
LINC02452	LOW_COVERAGE
LINC02453	LOW_COVERAGE
LINC02456	LOW_COVERAGE
LINC02457	LOW_COVERAGE
LINC02458	LOW_COVERAGE
LINC02463	LOW_COVERAGE
LINC02465	LOW_COVERAGE
LINC02466	LOW_COVERAGE
LINC02476	LOW_COVERAGE
LINC02477	LOW_COVERAGE
LINC02478	LOW_COVERAGE
LINC02479	LOW_COVERAGE
LINC02482	LOW_COVERAGE
LINC02484	LOW_COVERAGE
LINC02487	LOW_COVERAGE
LINC02489	LOW_COVERAGE
LINC02492	LOW_COVERAGE
LINC02506	LOW_COVERAGE
LINC02507	LOW_COVERAGE
LINC02516	LOW_COVERAGE
LINC02518	LOW_COVERAGE
LINC02531	LOW_COVERAGE
LINC02532	LOW_COVERAGE
LINC02533	LOW_COVERAGE
LINC02539	LOW_COVERAGE
LINC02542	LOW_COVERAGE
LINC02550	LOW_COVERAGE
LINC02551	LOW_COVERAGE
LINC02558	LOW_COVERAGE
LINC02560	LOW_COVERAGE
LINC02562	LOW_COVERAGE
LINC02568	LOW_COVERAGE
LINC02569	LOW_COVERAGE
LINC02572	LOW_COVERAGE
LINC02574	LOW_COVERAGE
LINC02576	LOW_COVERAGE
LINC02579	LOW_COVERAGE
LINC02583	LOW_COVERAGE
LINC02585	LOW_COVERAGE
LINC02588	LOW_COVERAGE
LINC02591	LOW_COVERAGE
LINC02593	LOW_COVERAGE
LINC02595	LOW_COVERAGE
LINC02600	LOW_COVERAGE
LINC02601	LOW_COVERAGE
LINC02603	LOW_COVERAGE
LINC02604	LOW_COVERAGE
LINC02606	LOW_COVERAGE
LINC02609	LOW_COVERAGE
LINC02613	LOW_COVERAGE
LINC02614	LOW_COVERAGE
LINC02615	LOW_COVERAGE
LINC02620	LOW_COVERAGE
LINC02631	LOW_COVERAGE
LINC02641	LOW_COVERAGE
LINC02646	LOW_COVERAGE
LINC02649	LOW_COVERAGE
LINC02652	LOW_COVERAGE
LINC02663	LOW_COVERAGE
LINC02666	LOW_COVERAGE
LINC02672	LOW_COVERAGE
LINC02676	LOW_COVERAGE
LINC02680	LOW_COVERAGE
LINC02693	LOW_COVERAGE
LINC02694	LOW_COVERAGE
LINC02696	LOW_COVERAGE
LINC02707	LOW_COVERAGE
LINC02709	LOW_COVERAGE
LINC02718	LOW_COVERAGE
LINC02726	LOW_COVERAGE
LINC02728	LOW_COVERAGE
LINC02731	LOW_COVERAGE
LINC02732	LOW_COVERAGE
LINC02739	LOW_COVERAGE
LINC02742	LOW_COVERAGE
LINC02747	LOW_COVERAGE
LINC02749	LOW_COVERAGE
LINC02755	LOW_COVERAGE
LINC02762	LOW_COVERAGE
LINC02763	LOW_COVERAGE
LINC02777	LOW_COVERAGE
LINC02795	LOW_COVERAGE
LINC02798	LOW_COVERAGE
LINC02802	LOW_COVERAGE
LINC02803	LOW_COVERAGE
LINC02804	LOW_COVERAGE
LINC02814	LOW_COVERAGE
LINC02818	LOW_COVERAGE
LINC02820	LOW_COVERAGE
LINC02828	LOW_COVERAGE
LINC02830	LOW_COVERAGE
LINC02832	LOW_COVERAGE
LINC02835	LOW_COVERAGE
LINC02846	LOW_COVERAGE
LINC02848	LOW_COVERAGE
LINC02851	LOW_COVERAGE
LINC02853	LOW_COVERAGE
LINCR-0001	LOW_COVERAGE
LINGO1	RNA_RESISTANCE_CONSENSUS
LINGO2	LOW_EVIDENCE
LINGO3	HUMAN_TUMOR_SUPPORTED
LINGO4	LOW_COVERAGE
LINP1	LOW_COVERAGE
LINS	LOW_EVIDENCE
LINS1	LOW_COVERAGE
LIPA	LOW_EVIDENCE
LIPC	LOW_COVERAGE
LIPE	ACUTE_RESPONSE
LIPE-AS1	LOW_EVIDENCE
LIPF	LOW_COVERAGE
LIPG	LOW_EVIDENCE
LIPH	RNA_RESISTANCE_CONSENSUS
LIPI	LOW_COVERAGE
LIPJ	LOW_COVERAGE
LIPK	LOW_COVERAGE
LIPM	LOW_COVERAGE
LIPN	LOW_COVERAGE
LIPT1	LOW_EVIDENCE
LIPT2	LOW_EVIDENCE
LITAF	LOW_EVIDENCE
LIX1	LOW_COVERAGE
LIX1-AS1	LOW_COVERAGE
LIX1L	LOW_EVIDENCE
LIX1L-AS1	LOW_COVERAGE
LKAAEAR1	RNA_RESISTANCE_CONSENSUS
LL09NC01-139C3.1	LOW_COVERAGE
LL09NC01-251B2.3	LOW_COVERAGE
LL0XNC01-116E7.1	LOW_COVERAGE
LL0XNC01-116E7.2	LOW_COVERAGE
LL0XNC01-116E7.5	LOW_COVERAGE
LL0XNC01-138C3.2	LOW_COVERAGE
LL0XNC01-237H1.2	LOW_COVERAGE
LL0XNC01-36H8.1	LOW_COVERAGE
LL0XNC01-7P3.1	LOW_COVERAGE
LL21NC02-1C16.1	LOW_COVERAGE
LL21NC02-1C16.2	LOW_COVERAGE
LL21NC02-21A1.1	LOW_COVERAGE
LL22NC03-2H8.5	LOW_COVERAGE
LL22NC03-80A10.6	LOW_COVERAGE
LL22NC03-86G7.1	LOW_COVERAGE
LL22NC03-N14H11.1	LOW_COVERAGE
LL22NC03-N64E9.1	LOW_COVERAGE
LLGL1	LOW_EVIDENCE
LLGL2	LOW_EVIDENCE
LLNLF-65H9.1	LOW_COVERAGE
LLNLR-246C6.1	LOW_COVERAGE
LLNLR-268E12.1	LOW_COVERAGE
LLNLR-276H7.1	LOW_COVERAGE
LLNLR-284B4.1	LOW_COVERAGE
LLNLR-285B5.1	LOW_COVERAGE
LLNLR-304G9.1	LOW_COVERAGE
LLNLR-307A6.1	LOW_COVERAGE
LLPH	RNA_RESISTANCE_CONSENSUS
LLPH-AS1	LOW_COVERAGE
LLPH-DT	LOW_COVERAGE
LLfos-48D6.2	LOW_COVERAGE
LMAN1	LOW_EVIDENCE
LMAN1L	LOW_COVERAGE
LMAN2	ACUTE_RESPONSE
LMAN2L	LOW_EVIDENCE
LMBR1	LOW_EVIDENCE
LMBR1L	RNA_RESISTANCE_CONSENSUS
LMBRD1	LOW_EVIDENCE
LMBRD2	LOW_EVIDENCE
LMCD1	RNA_RESISTANCE_CONSENSUS
LMCD1-AS1	LOW_EVIDENCE
LMF1	RNA_RESISTANCE_CONSENSUS
LMF1-AS1	LOW_EVIDENCE
LMF2	RNA_RESISTANCE_CONSENSUS
LMLN	RNA_RESISTANCE_CONSENSUS
LMLN-AS1	LOW_COVERAGE
LMNA	RNA_RESISTANCE_CONSENSUS
LMNB1	ACUTE_RESPONSE
LMNB1-DT	LOW_COVERAGE
LMNB2	LOW_EVIDENCE
LMNTD1	RNA_RESISTANCE_CONSENSUS
LMNTD2	LOW_EVIDENCE
LMO1	RNA_RESISTANCE_CONSENSUS
LMO2	RNA_RESISTANCE_CONSENSUS
LMO3	LOW_EVIDENCE
LMO4	RNA_RESISTANCE_CONSENSUS
LMO7	RNA_RESISTANCE_CONSENSUS
LMO7-AS1	LOW_EVIDENCE
LMO7DN	LOW_COVERAGE
LMOD1	HUMAN_TUMOR_SUPPORTED
LMOD2	LOW_COVERAGE
LMOD3	LOW_EVIDENCE
LMTK2	RNA_RESISTANCE_CONSENSUS
LMTK3	LOW_EVIDENCE
LMX1A	LOW_COVERAGE
LMX1B	RNA_RESISTANCE_CONSENSUS
LNCAROD	LOW_COVERAGE
LNCOC1	LOW_COVERAGE
LNCSRLR	LOW_COVERAGE
LNCTAM34A	LOW_COVERAGE
LNP1	RNA_RESISTANCE_CONSENSUS
LNPEP	LOW_EVIDENCE
LNPK	LOW_COVERAGE
LNX1	RNA_RESISTANCE_CONSENSUS
LNX1-AS1	LOW_COVERAGE
LNX1-AS2	LOW_COVERAGE
LNX2	LOW_EVIDENCE
LOC100129083	LOW_COVERAGE
LOC100129216	LOW_COVERAGE
LOC100129520	LOW_COVERAGE
LOC100129697	LOW_COVERAGE
LOC100129924	LOW_COVERAGE
LOC100129940	LOW_COVERAGE
LOC100130357	LOW_COVERAGE
LOC100130370	LOW_COVERAGE
LOC100130451	LOW_COVERAGE
LOC100130705	LOW_COVERAGE
LOC100130880	LOW_COVERAGE
LOC100131303	LOW_COVERAGE
LOC100132146	LOW_COVERAGE
LOC100133267	LOW_COVERAGE
LOC100134391	LOW_COVERAGE
LOC100144595	LOW_COVERAGE
LOC100287036	LOW_COVERAGE
LOC100289561	LOW_COVERAGE
LOC100505478	LOW_COVERAGE
LOC100505549	LOW_COVERAGE
LOC100505841	LOW_COVERAGE
LOC100506388	LOW_COVERAGE
LOC100506422	LOW_COVERAGE
LOC100507462	LOW_COVERAGE
LOC100652758	LOW_COVERAGE
LOC100996634	LOW_COVERAGE
LOC100996693	LOW_COVERAGE
LOC101060321	LOW_COVERAGE
LOC101060389	LOW_COVERAGE
LOC101927322	LOW_COVERAGE
LOC101927572	LOW_COVERAGE
LOC101927844	LOW_COVERAGE
LOC101928093	LOW_COVERAGE
LOC101928436	LOW_COVERAGE
LOC101928841	LOW_COVERAGE
LOC101929372	LOW_COVERAGE
LOC101929983	LOW_COVERAGE
LOC102723859	LOW_COVERAGE
LOC102724279	LOW_COVERAGE
LOC102724862	LOW_COVERAGE
LOC102724957	LOW_COVERAGE
LOC113230	LOW_COVERAGE
LOC149373	LOW_COVERAGE
LOC158434	LOW_COVERAGE
LOC200726	LOW_COVERAGE
LOC283710	LOW_COVERAGE
LOC286238	LOW_COVERAGE
LOC339862	LOW_COVERAGE
LOC388282	LOW_COVERAGE
LOC388436	LOW_COVERAGE
LOC388780	LOW_COVERAGE
LOC388813	LOW_COVERAGE
LOC388849	LOW_COVERAGE
LOC389602	LOW_COVERAGE
LOC389895	LOW_COVERAGE
LOC391003	LOW_COVERAGE
LOC400736	LOW_COVERAGE
LOC400863	LOW_COVERAGE
LOC400927-CSNK1E	LOW_COVERAGE
LOC401052	LOW_COVERAGE
LOC403312	LOW_COVERAGE
LOC441155	LOW_COVERAGE
LOC554223	LOW_COVERAGE
LOC643355	LOW_COVERAGE
LOC643802	LOW_COVERAGE
LOC645382	LOW_COVERAGE
LOC650293	LOW_COVERAGE
LOC653602	LOW_COVERAGE
LOC728392	LOW_COVERAGE
LOC728485	LOW_COVERAGE
LOC729159	LOW_COVERAGE
LOC730159	LOW_COVERAGE
LOC730183	LOW_COVERAGE
LOC79999	LOW_COVERAGE
LOC81691	LOW_COVERAGE
LOH12CR1	RNA_RESISTANCE_CONSENSUS
LOH12CR2	LOW_EVIDENCE
LONP1	LOW_EVIDENCE
LONP2	RNA_RESISTANCE_CONSENSUS
LONRF1	LOW_EVIDENCE
LONRF2	LOW_EVIDENCE
LONRF2P1	LOW_COVERAGE
LONRF3	RNA_RESISTANCE_CONSENSUS
LOR	LOW_COVERAGE
LOX	RNA_RESISTANCE_CONSENSUS
LOXHD1	LOW_COVERAGE
LOXL1	RNA_RESISTANCE_CONSENSUS
LOXL1-AS1	LOW_EVIDENCE
LOXL2	LOW_EVIDENCE
LOXL3	RNA_RESISTANCE_CONSENSUS
LOXL4	LOW_EVIDENCE
LPA	LOW_COVERAGE
LPAL2	LOW_COVERAGE
LPAR1	RNA_RESISTANCE_CONSENSUS
LPAR2	LOW_EVIDENCE
LPAR3	LOW_EVIDENCE
LPAR4	LOW_COVERAGE
LPAR5	LOW_EVIDENCE
LPAR6	LOW_EVIDENCE
LPCAT1	RNA_RESISTANCE_CONSENSUS
LPCAT2	RNA_RESISTANCE_CONSENSUS
LPCAT3	LOW_EVIDENCE
LPCAT4	LOW_EVIDENCE
LPGAT1	RNA_RESISTANCE_CONSENSUS
LPHN1	LOW_COVERAGE
LPHN2	LOW_COVERAGE
LPIN1	RNA_RESISTANCE_CONSENSUS
LPIN2	RNA_RESISTANCE_CONSENSUS
LPIN3	RNA_RESISTANCE_CONSENSUS
LPL	LOW_EVIDENCE
LPO	ACUTE_RESPONSE
LPP	RNA_RESISTANCE_CONSENSUS
LPP-AS1	LOW_COVERAGE
LPP-AS2	LOW_EVIDENCE
LPPR1	LOW_COVERAGE
LPPR2	CONTEXT_DEPENDENT
LPPR3	RNA_RESISTANCE_CONSENSUS
LPPR4	LOW_COVERAGE
LPPR5	LOW_COVERAGE
LPXN	RNA_RESISTANCE_CONSENSUS
LRAT	RNA_RESISTANCE_CONSENSUS
LRATD1	LOW_COVERAGE
LRATD2	LOW_COVERAGE
LRBA	LOW_EVIDENCE
LRCH1	RNA_RESISTANCE_CONSENSUS
LRCH2	LOW_COVERAGE
LRCH3	RNA_RESISTANCE_CONSENSUS
LRCH4	LOW_EVIDENCE
LRCOL1	LOW_COVERAGE
LRFN1	RNA_RESISTANCE_CONSENSUS
LRFN2	RNA_RESISTANCE_CONSENSUS
LRFN3	LOW_EVIDENCE
LRFN4	RNA_RESISTANCE_CONSENSUS
LRFN5	RNA_RESISTANCE_CONSENSUS
LRG1	RNA_RESISTANCE_CONSENSUS
LRGUK	RNA_RESISTANCE_CONSENSUS
LRIF1	RNA_RESISTANCE_CONSENSUS
LRIG1	RNA_RESISTANCE_CONSENSUS
LRIG2	LOW_EVIDENCE
LRIG2-DT	LOW_COVERAGE
LRIG3	RNA_RESISTANCE_CONSENSUS
LRIT1	LOW_COVERAGE
LRIT2	LOW_COVERAGE
LRIT3	LOW_COVERAGE
LRMDA	LOW_COVERAGE
LRMP	LOW_COVERAGE
LRP1	RNA_RESISTANCE_CONSENSUS
LRP1-AS	LOW_COVERAGE
LRP10	RNA_RESISTANCE_CONSENSUS
LRP11	LOW_EVIDENCE
LRP12	RNA_RESISTANCE_CONSENSUS
LRP1B	RNA_RESISTANCE_CONSENSUS
LRP2	ACUTE_RESPONSE
LRP2BP	RNA_RESISTANCE_CONSENSUS
LRP3	LOW_EVIDENCE
LRP4	RNA_RESISTANCE_CONSENSUS
LRP4-AS1	LOW_COVERAGE
LRP5	RNA_RESISTANCE_CONSENSUS
LRP5L	RNA_RESISTANCE_CONSENSUS
LRP6	RNA_RESISTANCE_CONSENSUS
LRP8	LOW_EVIDENCE
LRPAP1	LOW_EVIDENCE
LRPPRC	ACUTE_RESPONSE
LRR1	LOW_EVIDENCE
LRRC1	LOW_EVIDENCE
LRRC10	LOW_COVERAGE
LRRC10B	RNA_RESISTANCE_CONSENSUS
LRRC14	LOW_EVIDENCE
LRRC14B	LOW_COVERAGE
LRRC15	LOW_EVIDENCE
LRRC16A	LOW_EVIDENCE
LRRC16B	LOW_EVIDENCE
LRRC17	LOW_EVIDENCE
LRRC18	LOW_COVERAGE
LRRC19	LOW_EVIDENCE
LRRC2	LOW_COVERAGE
LRRC2-AS1	LOW_COVERAGE
LRRC20	RNA_RESISTANCE_CONSENSUS
LRRC23	RNA_RESISTANCE_CONSENSUS
LRRC24	LOW_EVIDENCE
LRRC25	LOW_COVERAGE
LRRC26	RNA_RESISTANCE_CONSENSUS
LRRC27	LOW_EVIDENCE
LRRC28	RNA_RESISTANCE_CONSENSUS
LRRC29	RNA_RESISTANCE_CONSENSUS
LRRC3	LOW_EVIDENCE
LRRC30	LOW_COVERAGE
LRRC31	LOW_EVIDENCE
LRRC32	LOW_COVERAGE
LRRC34	LOW_EVIDENCE
LRRC36	LOW_EVIDENCE
LRRC37A	LOW_EVIDENCE
LRRC37A11P	LOW_COVERAGE
LRRC37A15P	LOW_COVERAGE
LRRC37A16P	LOW_COVERAGE
LRRC37A17P	LOW_COVERAGE
LRRC37A2	LOW_EVIDENCE
LRRC37A3	LOW_EVIDENCE
LRRC37A4P	LOW_COVERAGE
LRRC37A5P	LOW_COVERAGE
LRRC37A6P	LOW_COVERAGE
LRRC37A7P	LOW_COVERAGE
LRRC37A9P	LOW_COVERAGE
LRRC37B	RNA_RESISTANCE_CONSENSUS
LRRC37BP1	LOW_COVERAGE
LRRC38	LOW_COVERAGE
LRRC39	LOW_EVIDENCE
LRRC3B	LOW_COVERAGE
LRRC3C	LOW_COVERAGE
LRRC4	LOW_EVIDENCE
LRRC40	LOW_EVIDENCE
LRRC41	LOW_EVIDENCE
LRRC42	LOW_EVIDENCE
LRRC43	LOW_COVERAGE
LRRC45	LOW_EVIDENCE
LRRC46	LOW_EVIDENCE
LRRC47	LOW_EVIDENCE
LRRC48	LOW_EVIDENCE
LRRC49	LOW_EVIDENCE
LRRC4B	LOW_COVERAGE
LRRC4C	LOW_EVIDENCE
LRRC52	LOW_COVERAGE
LRRC53	LOW_COVERAGE
LRRC55	LOW_COVERAGE
LRRC56	RNA_RESISTANCE_CONSENSUS
LRRC57	LOW_EVIDENCE
LRRC58	LOW_EVIDENCE
LRRC59	LOW_EVIDENCE
LRRC6	RNA_RESISTANCE_CONSENSUS
LRRC61	RNA_RESISTANCE_CONSENSUS
LRRC63	LOW_COVERAGE
LRRC66	LOW_COVERAGE
LRRC69	HUMAN_TUMOR_SUPPORTED
LRRC7	LOW_EVIDENCE
LRRC70	LOW_COVERAGE
LRRC71	LOW_COVERAGE
LRRC72	LOW_COVERAGE
LRRC73	LOW_EVIDENCE
LRRC74A	LOW_COVERAGE
LRRC74B	LOW_EVIDENCE
LRRC75A	LOW_EVIDENCE
LRRC75A-AS1	LOW_COVERAGE
LRRC75B	RNA_RESISTANCE_CONSENSUS
LRRC8A	LOW_EVIDENCE
LRRC8B	LOW_EVIDENCE
LRRC8C	LOW_EVIDENCE
LRRC8C-DT	LOW_COVERAGE
LRRC8D	LOW_EVIDENCE
LRRC8E	LOW_EVIDENCE
LRRC9	LOW_COVERAGE
LRRCC1	RNA_RESISTANCE_CONSENSUS
LRRD1	LOW_EVIDENCE
LRRFIP1	RNA_RESISTANCE_CONSENSUS
LRRFIP1P1	LOW_COVERAGE
LRRFIP2	RNA_RESISTANCE_CONSENSUS
LRRIQ1	RNA_RESISTANCE_CONSENSUS
LRRIQ3	HUMAN_TUMOR_SUPPORTED
LRRIQ4	LOW_COVERAGE
LRRK1	LOW_EVIDENCE
LRRK2	LOW_COVERAGE
LRRN1	RNA_RESISTANCE_CONSENSUS
LRRN2	RNA_RESISTANCE_CONSENSUS
LRRN3	LOW_EVIDENCE
LRRN4	LOW_COVERAGE
LRRN4CL	LOW_COVERAGE
LRRTM1	LOW_COVERAGE
LRRTM2	LOW_EVIDENCE
LRRTM3	LOW_EVIDENCE
LRRTM4	HUMAN_TUMOR_SUPPORTED
LRSAM1	LOW_EVIDENCE
LRTM1	LOW_COVERAGE
LRTM2	LOW_COVERAGE
LRTOMT	RNA_RESISTANCE_CONSENSUS
LRWD1	LOW_EVIDENCE
LSAMP	LOW_EVIDENCE
LSG1	RNA_RESISTANCE_CONSENSUS
LSM1	LOW_EVIDENCE
LSM10	LOW_EVIDENCE
LSM11	LOW_EVIDENCE
LSM12	LOW_EVIDENCE
LSM12P1	LOW_COVERAGE
LSM14A	LOW_EVIDENCE
LSM14B	LOW_EVIDENCE
LSM2	LOW_EVIDENCE
LSM3	LOW_EVIDENCE
LSM3P2	LOW_COVERAGE
LSM3P3	LOW_COVERAGE
LSM3P4	LOW_COVERAGE
LSM3P5	LOW_COVERAGE
LSM4	RNA_RESISTANCE_CONSENSUS
LSM5	LOW_EVIDENCE
LSM6	LOW_EVIDENCE
LSM7	LOW_EVIDENCE
LSM8	RNA_RESISTANCE_CONSENSUS
LSMEM1	RNA_RESISTANCE_CONSENSUS
LSMEM2	RNA_RESISTANCE_CONSENSUS
LSP1	RNA_RESISTANCE_CONSENSUS
LSR	RNA_RESISTANCE_CONSENSUS
LSS	ACUTE_RESPONSE
LST1	LOW_COVERAGE
LTA	LOW_COVERAGE
LTA4H	LOW_EVIDENCE
LTB	LOW_COVERAGE
LTB4R	LOW_EVIDENCE
LTB4R2	LOW_EVIDENCE
LTBP1	LOW_EVIDENCE
LTBP2	RNA_RESISTANCE_CONSENSUS
LTBP3	RNA_RESISTANCE_CONSENSUS
LTBP4	RNA_RESISTANCE_CONSENSUS
LTBR	LOW_EVIDENCE
LTC4S	RNA_RESISTANCE_CONSENSUS
LTF	LOW_EVIDENCE
LTK	LOW_COVERAGE
LTN1	LOW_EVIDENCE
LTO1	LOW_COVERAGE
LTV1	LOW_EVIDENCE
LUC7L	LOW_EVIDENCE
LUC7L2	LOW_EVIDENCE
LUC7L3	LOW_EVIDENCE
LUCAT1	HUMAN_TUMOR_SUPPORTED
LUM	LOW_EVIDENCE
LUNAR1	LOW_COVERAGE
LURAP1	LOW_EVIDENCE
LURAP1L	ACUTE_RESPONSE
LURAP1L-AS1	RNA_RESISTANCE_CONSENSUS
LUZP1	RNA_RESISTANCE_CONSENSUS
LUZP2	HUMAN_TUMOR_SUPPORTED
LUZP4	LOW_COVERAGE
LUZP6	LOW_EVIDENCE
LVCAT1	LOW_COVERAGE
LVRN	LOW_EVIDENCE
LXN	RNA_RESISTANCE_CONSENSUS
LY6D	RNA_RESISTANCE_CONSENSUS
LY6E	LOW_EVIDENCE
LY6E-DT	LOW_COVERAGE
LY6G5B	LOW_EVIDENCE
LY6G5C	RNA_RESISTANCE_CONSENSUS
LY6G6C	LOW_EVIDENCE
LY6G6D	LOW_COVERAGE
LY6G6F	LOW_COVERAGE
LY6H	LOW_COVERAGE
LY6K	LOW_EVIDENCE
LY75	LOW_EVIDENCE
LY75-CD302	LOW_COVERAGE
LY86	LOW_COVERAGE
LY9	LOW_COVERAGE
LY96	LOW_COVERAGE
LYAR	RNA_RESISTANCE_CONSENSUS
LYG1	LOW_EVIDENCE
LYG2	ACUTE_RESPONSE
LYL1	LOW_COVERAGE
LYN	RNA_RESISTANCE_CONSENSUS
LYNX1	LOW_EVIDENCE
LYPD1	RNA_RESISTANCE_CONSENSUS
LYPD2	LOW_COVERAGE
LYPD3	LOW_EVIDENCE
LYPD4	LOW_COVERAGE
LYPD5	LOW_EVIDENCE
LYPD6	RNA_RESISTANCE_CONSENSUS
LYPD6B	RNA_RESISTANCE_CONSENSUS
LYPD8	ACUTE_RESPONSE
LYPLA1	LOW_EVIDENCE
LYPLA1P3	LOW_COVERAGE
LYPLA2	RNA_RESISTANCE_CONSENSUS
LYPLAL1	LOW_EVIDENCE
LYPLAL1-AS1	LOW_COVERAGE
LYPLAL1-DT	LOW_COVERAGE
LYRM1	RNA_RESISTANCE_CONSENSUS
LYRM2	LOW_EVIDENCE
LYRM4	RNA_RESISTANCE_CONSENSUS
LYRM5	LOW_EVIDENCE
LYRM7	RNA_RESISTANCE_CONSENSUS
LYRM9	LOW_EVIDENCE
LYSMD1	LOW_EVIDENCE
LYSMD2	RNA_RESISTANCE_CONSENSUS
LYSMD3	RNA_RESISTANCE_CONSENSUS
LYSMD4	RNA_RESISTANCE_CONSENSUS
LYST	RNA_RESISTANCE_CONSENSUS
LYST-AS1	LOW_COVERAGE
LYVE1	LOW_COVERAGE
LYZ	LOW_EVIDENCE
LYZL1	LOW_COVERAGE
LYZL2	LOW_COVERAGE
LYZL4	LOW_COVERAGE
LYZL6	LOW_COVERAGE
LZIC	LOW_EVIDENCE
LZTFL1	LOW_EVIDENCE
LZTR1	MULTIMODAL_STRONG
LZTS1	LOW_EVIDENCE
LZTS2	RNA_RESISTANCE_CONSENSUS
LZTS3	RNA_RESISTANCE_CONSENSUS
M1AP	LOW_EVIDENCE
M6PR	LOW_EVIDENCE
MAATS1	LOW_EVIDENCE
MAB21L1	LOW_EVIDENCE
MAB21L2	LOW_COVERAGE
MAB21L3	RNA_RESISTANCE_CONSENSUS
MAB21L4	LOW_COVERAGE
MACC1	RNA_RESISTANCE_CONSENSUS
MACC1-AS1	LOW_COVERAGE
MACF1	LOW_EVIDENCE
MACO1	LOW_COVERAGE
MACROD1	RNA_RESISTANCE_CONSENSUS
MACROD2	LOW_EVIDENCE
MACROD2-AS1	LOW_COVERAGE
MACROD2-IT1	LOW_COVERAGE
MAD1L1	RNA_RESISTANCE_CONSENSUS
MAD2L1	LOW_EVIDENCE
MAD2L1BP	LOW_EVIDENCE
MAD2L2	LOW_EVIDENCE
MADCAM1	LOW_EVIDENCE
MADD	LOW_EVIDENCE
MAEA	LOW_EVIDENCE
MAEL	LOW_COVERAGE
MAF	RNA_RESISTANCE_CONSENSUS
MAF1	RNA_RESISTANCE_CONSENSUS
MAFA	RNA_RESISTANCE_CONSENSUS
MAFA-AS1	LOW_COVERAGE
MAFB	LOW_EVIDENCE
MAFF	RNA_RESISTANCE_CONSENSUS
MAFG	LOW_EVIDENCE
MAFG-AS1	LOW_COVERAGE
MAFG-DT	LOW_COVERAGE
MAFIP	HUMAN_TUMOR_SUPPORTED
MAFK	RNA_RESISTANCE_CONSENSUS
MAFTRR	LOW_COVERAGE
MAG	RNA_RESISTANCE_CONSENSUS
MAGEA1	LOW_COVERAGE
MAGEA10	LOW_COVERAGE
MAGEA10-MAGEA5	LOW_COVERAGE
MAGEA11	LOW_COVERAGE
MAGEA12	LOW_COVERAGE
MAGEA2	LOW_COVERAGE
MAGEA2B	LOW_COVERAGE
MAGEA3	LOW_COVERAGE
MAGEA4	LOW_COVERAGE
MAGEA5	LOW_COVERAGE
MAGEA6	LOW_COVERAGE
MAGEA8	LOW_COVERAGE
MAGEA9	LOW_COVERAGE
MAGEA9B	LOW_COVERAGE
MAGEB1	LOW_COVERAGE
MAGEB10	LOW_COVERAGE
MAGEB16	LOW_COVERAGE
MAGEB17	LOW_COVERAGE
MAGEB18	LOW_COVERAGE
MAGEB2	LOW_COVERAGE
MAGEB3	LOW_COVERAGE
MAGEB4	LOW_COVERAGE
MAGEB5	LOW_COVERAGE
MAGEB6	LOW_COVERAGE
MAGEC1	LOW_EVIDENCE
MAGEC2	LOW_COVERAGE
MAGEC3	LOW_COVERAGE
MAGED1	RNA_RESISTANCE_CONSENSUS
MAGED2	RNA_RESISTANCE_CONSENSUS
MAGED4	RNA_RESISTANCE_CONSENSUS
MAGED4B	RNA_RESISTANCE_CONSENSUS
MAGEE1	RNA_RESISTANCE_CONSENSUS
MAGEE2	LOW_COVERAGE
MAGEF1	LOW_EVIDENCE
MAGEH1	RNA_RESISTANCE_CONSENSUS
MAGEL2	LOW_COVERAGE
MAGI1	LOW_EVIDENCE
MAGI1-AS1	LOW_COVERAGE
MAGI1-IT1	LOW_COVERAGE
MAGI2	LOW_EVIDENCE
MAGI3	LOW_EVIDENCE
MAGIX	RNA_RESISTANCE_CONSENSUS
MAGOH	LOW_EVIDENCE
MAGOHB	LOW_EVIDENCE
MAGT1	LOW_EVIDENCE
MAIP1	LOW_COVERAGE
MAJIN	LOW_COVERAGE
MAK	LOW_EVIDENCE
MAK16	LOW_EVIDENCE
MAL	LOW_COVERAGE
MAL2	LOW_EVIDENCE
MAL2-AS1	LOW_COVERAGE
MALAT1	LOW_EVIDENCE
MALINC1	LOW_COVERAGE
MALL	RNA_RESISTANCE_CONSENSUS
MALRD1	RNA_RESISTANCE_CONSENSUS
MALSU1	LOW_EVIDENCE
MALT1	LOW_EVIDENCE
MAMDC2	HUMAN_TUMOR_SUPPORTED
MAMDC2-AS1	HUMAN_TUMOR_SUPPORTED
MAMDC4	LOW_EVIDENCE
MAML1	LOW_EVIDENCE
MAML2	RNA_RESISTANCE_CONSENSUS
MAML3	ACUTE_RESPONSE
MAMLD1	RNA_RESISTANCE_CONSENSUS
MAMSTR	HUMAN_TUMOR_SUPPORTED
MAN1A1	RNA_RESISTANCE_CONSENSUS
MAN1A2	LOW_EVIDENCE
MAN1B1	RNA_RESISTANCE_CONSENSUS
MAN1B1-AS1	LOW_COVERAGE
MAN1B1-DT	LOW_COVERAGE
MAN1C1	RNA_RESISTANCE_CONSENSUS
MAN2A1	LOW_EVIDENCE
MAN2A2	LOW_EVIDENCE
MAN2B1	RNA_RESISTANCE_CONSENSUS
MAN2B2	LOW_EVIDENCE
MAN2C1	LOW_EVIDENCE
MANBA	RNA_RESISTANCE_CONSENSUS
MANBAL	LOW_EVIDENCE
MANCR	LOW_COVERAGE
MANEA	RNA_RESISTANCE_CONSENSUS
MANEA-AS1	LOW_COVERAGE
MANEA-DT	LOW_COVERAGE
MANEAL	RNA_RESISTANCE_CONSENSUS
MANF	ACUTE_RESPONSE
MANSC1	RNA_RESISTANCE_CONSENSUS
MANSC4	LOW_COVERAGE
MAOA	LOW_EVIDENCE
MAOB	LOW_COVERAGE
MAP10	LOW_EVIDENCE
MAP11	LOW_COVERAGE
MAP1A	HUMAN_TUMOR_SUPPORTED
MAP1B	RNA_RESISTANCE_CONSENSUS
MAP1LC3A	LOW_EVIDENCE
MAP1LC3B	RNA_RESISTANCE_CONSENSUS
MAP1LC3B2	LOW_EVIDENCE
MAP1LC3C	LOW_COVERAGE
MAP1S	RNA_RESISTANCE_CONSENSUS
MAP2	LOW_EVIDENCE
MAP2K1	LOW_EVIDENCE
MAP2K2	LOW_EVIDENCE
MAP2K3	RNA_RESISTANCE_CONSENSUS
MAP2K4	RNA_RESISTANCE_CONSENSUS
MAP2K4P1	LOW_COVERAGE
MAP2K5	LOW_EVIDENCE
MAP2K6	LOW_EVIDENCE
MAP2K7	LOW_EVIDENCE
MAP3K1	RNA_RESISTANCE_CONSENSUS
MAP3K10	RNA_RESISTANCE_CONSENSUS
MAP3K11	LOW_EVIDENCE
MAP3K12	RNA_RESISTANCE_CONSENSUS
MAP3K13	RNA_RESISTANCE_CONSENSUS
MAP3K14	RNA_RESISTANCE_CONSENSUS
MAP3K14-AS1	LOW_EVIDENCE
MAP3K15	RNA_RESISTANCE_CONSENSUS
MAP3K19	LOW_COVERAGE
MAP3K2	LOW_EVIDENCE
MAP3K2-DT	LOW_COVERAGE
MAP3K20	LOW_COVERAGE
MAP3K20-AS1	LOW_COVERAGE
MAP3K21	LOW_COVERAGE
MAP3K3	RNA_RESISTANCE_CONSENSUS
MAP3K4	RNA_RESISTANCE_CONSENSUS
MAP3K5	RNA_RESISTANCE_CONSENSUS
MAP3K6	RNA_RESISTANCE_CONSENSUS
MAP3K7	RNA_RESISTANCE_CONSENSUS
MAP3K7CL	LOW_EVIDENCE
MAP3K8	RNA_RESISTANCE_CONSENSUS
MAP3K9	RNA_RESISTANCE_CONSENSUS
MAP4	LOW_EVIDENCE
MAP4K1	LOW_EVIDENCE
MAP4K2	LOW_EVIDENCE
MAP4K3	RNA_RESISTANCE_CONSENSUS
MAP4K3-DT	LOW_COVERAGE
MAP4K4	RNA_RESISTANCE_CONSENSUS
MAP4K5	RNA_RESISTANCE_CONSENSUS
MAP6	LOW_EVIDENCE
MAP6D1	RNA_RESISTANCE_CONSENSUS
MAP7	RNA_RESISTANCE_CONSENSUS
MAP7D1	RNA_RESISTANCE_CONSENSUS
MAP7D2	LOW_EVIDENCE
MAP7D3	RNA_RESISTANCE_CONSENSUS
MAP9	RNA_RESISTANCE_CONSENSUS
MAPK1	LOW_EVIDENCE
MAPK10	RNA_RESISTANCE_CONSENSUS
MAPK11	RNA_RESISTANCE_CONSENSUS
MAPK12	RNA_RESISTANCE_CONSENSUS
MAPK13	RNA_RESISTANCE_CONSENSUS
MAPK14	LOW_EVIDENCE
MAPK15	RNA_RESISTANCE_CONSENSUS
MAPK1IP1L	LOW_EVIDENCE
MAPK3	RNA_RESISTANCE_CONSENSUS
MAPK4	RNA_RESISTANCE_CONSENSUS
MAPK6	LOW_EVIDENCE
MAPK6-DT	LOW_COVERAGE
MAPK6PS3	LOW_COVERAGE
MAPK6PS4	LOW_COVERAGE
MAPK7	LOW_EVIDENCE
MAPK8	RNA_RESISTANCE_CONSENSUS
MAPK8IP1	LOW_EVIDENCE
MAPK8IP2	RNA_RESISTANCE_CONSENSUS
MAPK8IP3	LOW_EVIDENCE
MAPK9	LOW_EVIDENCE
MAPKAP1	LOW_EVIDENCE
MAPKAPK2	LOW_EVIDENCE
MAPKAPK3	LOW_EVIDENCE
MAPKAPK5	LOW_EVIDENCE
MAPKAPK5-AS1	RNA_RESISTANCE_CONSENSUS
MAPKBP1	LOW_EVIDENCE
MAPRE1	LOW_EVIDENCE
MAPRE1P1	LOW_COVERAGE
MAPRE2	RNA_RESISTANCE_CONSENSUS
MAPRE3	RNA_RESISTANCE_CONSENSUS
MAPT	RNA_RESISTANCE_CONSENSUS
MAPT-AS1	LOW_COVERAGE
MAPT-IT1	LOW_COVERAGE
MARC1	LOW_EVIDENCE
MARC2	LOW_EVIDENCE
MARCH1	LOW_EVIDENCE
MARCH10	LOW_EVIDENCE
MARCH10-DT	LOW_COVERAGE
MARCH11	LOW_COVERAGE
MARCH2	LOW_EVIDENCE
MARCH3	RNA_RESISTANCE_CONSENSUS
MARCH5	LOW_EVIDENCE
MARCH6	LOW_EVIDENCE
MARCH7	RNA_RESISTANCE_CONSENSUS
MARCH8	LOW_EVIDENCE
MARCH9	LOW_EVIDENCE
MARCKS	RNA_RESISTANCE_CONSENSUS
MARCKSL1	RNA_RESISTANCE_CONSENSUS
MARCKSL1P1	LOW_COVERAGE
MARCO	LOW_COVERAGE
MARCOL	LOW_COVERAGE
MARF1	LOW_COVERAGE
MARK1	RNA_RESISTANCE_CONSENSUS
MARK2	LOW_EVIDENCE
MARK2P8	LOW_COVERAGE
MARK2P9	LOW_COVERAGE
MARK3	LOW_EVIDENCE
MARK3P1	LOW_COVERAGE
MARK4	LOW_EVIDENCE
MARS	RNA_RESISTANCE_CONSENSUS
MARS2	LOW_EVIDENCE
MARVELD1	LOW_EVIDENCE
MARVELD2	LOW_EVIDENCE
MARVELD3	LOW_EVIDENCE
MAS1	LOW_COVERAGE
MAS1L	LOW_COVERAGE
MASP1	LOW_COVERAGE
MASP2	LOW_COVERAGE
MAST1	LOW_EVIDENCE
MAST2	LOW_EVIDENCE
MAST3	LOW_EVIDENCE
MAST4	RNA_RESISTANCE_CONSENSUS
MAST4-AS1	RNA_RESISTANCE_CONSENSUS
MAST4-IT1	LOW_COVERAGE
MASTL	RNA_RESISTANCE_CONSENSUS
MAT1A	LOW_EVIDENCE
MAT2A	LOW_EVIDENCE
MAT2B	LOW_EVIDENCE
MATK	ACUTE_RESPONSE
MATN1	LOW_COVERAGE
MATN1-AS1	LOW_EVIDENCE
MATN2	RNA_RESISTANCE_CONSENSUS
MATN3	RNA_RESISTANCE_CONSENSUS
MATN4	LOW_EVIDENCE
MATR3	LOW_EVIDENCE
MATR3.1	LOW_COVERAGE
MAU2	LOW_EVIDENCE
MAVS	LOW_EVIDENCE
MAX	RNA_RESISTANCE_CONSENSUS
MAZ	LOW_EVIDENCE
MB	LOW_EVIDENCE
MB21D1	LOW_EVIDENCE
MB21D2	RNA_RESISTANCE_CONSENSUS
MBD1	LOW_EVIDENCE
MBD2	RNA_RESISTANCE_CONSENSUS
MBD3	LOW_EVIDENCE
MBD3L1	LOW_COVERAGE
MBD3L2	LOW_COVERAGE
MBD3L3	LOW_COVERAGE
MBD3L4	LOW_COVERAGE
MBD3L5	LOW_COVERAGE
MBD4	LOW_EVIDENCE
MBD5	LOW_EVIDENCE
MBD6	RNA_RESISTANCE_CONSENSUS
MBIP	RNA_RESISTANCE_CONSENSUS
MBL2	LOW_COVERAGE
MBLAC1	LOW_EVIDENCE
MBLAC2	LOW_EVIDENCE
MBNL1	LOW_EVIDENCE
MBNL1-AS1	LOW_EVIDENCE
MBNL2	RNA_RESISTANCE_CONSENSUS
MBNL3	RNA_RESISTANCE_CONSENSUS
MBOAT1	RNA_RESISTANCE_CONSENSUS
MBOAT2	RNA_RESISTANCE_CONSENSUS
MBOAT4	LOW_COVERAGE
MBOAT7	LOW_EVIDENCE
MBP	RNA_RESISTANCE_CONSENSUS
MBTD1	RNA_RESISTANCE_CONSENSUS
MBTPS1	LOW_EVIDENCE
MBTPS2	RNA_RESISTANCE_CONSENSUS
MC1R	RNA_RESISTANCE_CONSENSUS
MC2R	LOW_COVERAGE
MC3R	LOW_COVERAGE
MC4R	LOW_COVERAGE
MC5R	LOW_COVERAGE
MCAM	HUMAN_TUMOR_SUPPORTED
MCAT	LOW_EVIDENCE
MCC	RNA_RESISTANCE_CONSENSUS
MCCC1	LOW_EVIDENCE
MCCC1-AS1	LOW_COVERAGE
MCCC2	RNA_RESISTANCE_CONSENSUS
MCCD1	LOW_COVERAGE
MCEE	RNA_RESISTANCE_CONSENSUS
MCEMP1	LOW_COVERAGE
MCF2	RNA_RESISTANCE_CONSENSUS
MCF2L	RNA_RESISTANCE_CONSENSUS
MCF2L-AS1	RNA_RESISTANCE_CONSENSUS
MCF2L2	HUMAN_TUMOR_SUPPORTED
MCFD2	LOW_EVIDENCE
MCHR1	LOW_COVERAGE
MCHR2	LOW_COVERAGE
MCIDAS	RNA_RESISTANCE_CONSENSUS
MCL1	RNA_RESISTANCE_CONSENSUS
MCM10	RNA_RESISTANCE_CONSENSUS
MCM2	RNA_RESISTANCE_CONSENSUS
MCM3	LOW_EVIDENCE
MCM3AP	LOW_EVIDENCE
MCM3AP-AS1	LOW_EVIDENCE
MCM4	LOW_EVIDENCE
MCM5	RNA_RESISTANCE_CONSENSUS
MCM6	LOW_EVIDENCE
MCM7	RNA_RESISTANCE_CONSENSUS
MCM8	LOW_EVIDENCE
MCM8-AS1	LOW_COVERAGE
MCM9	LOW_EVIDENCE
MCMBP	RNA_RESISTANCE_CONSENSUS
MCMDC2	RNA_RESISTANCE_CONSENSUS
MCOLN1	LOW_EVIDENCE
MCOLN2	HUMAN_TUMOR_SUPPORTED
MCOLN3	RNA_RESISTANCE_CONSENSUS
MCPH1	RNA_RESISTANCE_CONSENSUS
MCPH1-AS1	LOW_EVIDENCE
MCRIP1	LOW_COVERAGE
MCRIP2	LOW_COVERAGE
MCRS1	LOW_EVIDENCE
MCTP1	RNA_RESISTANCE_CONSENSUS
MCTP2	RNA_RESISTANCE_CONSENSUS
MCTS1	LOW_EVIDENCE
MCTS2P	LOW_COVERAGE
MCU	LOW_EVIDENCE
MCUB	LOW_COVERAGE
MCUR1	ACUTE_RESPONSE
MDC1	LOW_EVIDENCE
MDC1-AS1	LOW_COVERAGE
MDFI	LOW_EVIDENCE
MDFIC	RNA_RESISTANCE_CONSENSUS
MDGA1	LOW_EVIDENCE
MDGA2	RNA_RESISTANCE_CONSENSUS
MDH1	LOW_EVIDENCE
MDH1B	LOW_EVIDENCE
MDH2	LOW_EVIDENCE
MDK	RNA_RESISTANCE_CONSENSUS
MDM1	LOW_EVIDENCE
MDM2	LOW_EVIDENCE
MDM4	LOW_EVIDENCE
MDN1	LOW_EVIDENCE
MDP1	LOW_EVIDENCE
MDS2	LOW_COVERAGE
ME1	RNA_RESISTANCE_CONSENSUS
ME2	RNA_RESISTANCE_CONSENSUS
ME3	RNA_RESISTANCE_CONSENSUS
MEA1	LOW_EVIDENCE
MEAF6	LOW_EVIDENCE
MEAK7	LOW_COVERAGE
MECOM	RNA_RESISTANCE_CONSENSUS
MECP2	LOW_EVIDENCE
MECR	LOW_EVIDENCE
MED1	LOW_EVIDENCE
MED10	LOW_EVIDENCE
MED11	RNA_RESISTANCE_CONSENSUS
MED12	RNA_RESISTANCE_CONSENSUS
MED12L	LOW_EVIDENCE
MED13	LOW_EVIDENCE
MED13L	RNA_RESISTANCE_CONSENSUS
MED14	LOW_EVIDENCE
MED14OS	LOW_COVERAGE
MED15	RNA_RESISTANCE_CONSENSUS
MED15P9	LOW_COVERAGE
MED16	LOW_EVIDENCE
MED17	LOW_EVIDENCE
MED18	LOW_EVIDENCE
MED19	LOW_EVIDENCE
MED20	LOW_EVIDENCE
MED21	LOW_EVIDENCE
MED22	RNA_RESISTANCE_CONSENSUS
MED23	RNA_RESISTANCE_CONSENSUS
MED24	LOW_EVIDENCE
MED25	LOW_EVIDENCE
MED26	LOW_EVIDENCE
MED27	LOW_EVIDENCE
MED28	LOW_EVIDENCE
MED28P1	LOW_COVERAGE
MED28P3	LOW_COVERAGE
MED28P7	LOW_COVERAGE
MED29	LOW_EVIDENCE
MED30	LOW_EVIDENCE
MED31	LOW_EVIDENCE
MED4	RNA_RESISTANCE_CONSENSUS
MED4-AS1	LOW_COVERAGE
MED6	LOW_EVIDENCE
MED7	LOW_EVIDENCE
MED8	ACUTE_RESPONSE
MED9	LOW_EVIDENCE
MEDAG	LOW_COVERAGE
MEF2A	RNA_RESISTANCE_CONSENSUS
MEF2B	LOW_EVIDENCE
MEF2BNB	LOW_EVIDENCE
MEF2BNB-MEF2B	LOW_EVIDENCE
MEF2C	RNA_RESISTANCE_CONSENSUS
MEF2C-AS1	LOW_COVERAGE
MEF2C-AS2	LOW_COVERAGE
MEF2D	LOW_EVIDENCE
MEFV	LOW_COVERAGE
MEG3	LOW_COVERAGE
MEG8	LOW_COVERAGE
MEG9	LOW_COVERAGE
MEGF10	LOW_EVIDENCE
MEGF11	LOW_EVIDENCE
MEGF6	RNA_RESISTANCE_CONSENSUS
MEGF8	RNA_RESISTANCE_CONSENSUS
MEGF9	RNA_RESISTANCE_CONSENSUS
MEI1	LOW_EVIDENCE
MEI4	LOW_EVIDENCE
MEIG1	LOW_EVIDENCE
MEIKIN	LOW_COVERAGE
MEIOB	RNA_RESISTANCE_CONSENSUS
MEIOC	LOW_COVERAGE
MEIS1	RNA_RESISTANCE_CONSENSUS
MEIS1-AS2	LOW_COVERAGE
MEIS2	RNA_RESISTANCE_CONSENSUS
MEIS3	RNA_RESISTANCE_CONSENSUS
MEIS3P1	LOW_COVERAGE
MEIS3P2	LOW_COVERAGE
MELK	LOW_EVIDENCE
MELTF	LOW_COVERAGE
MELTF-AS1	LOW_COVERAGE
MEMO1	LOW_EVIDENCE
MEMO1P1	LOW_COVERAGE
MEN1	LOW_EVIDENCE
MEOX1	LOW_COVERAGE
MEOX2	LOW_COVERAGE
MEP1A	LOW_COVERAGE
MEP1B	LOW_COVERAGE
MEPCE	RNA_RESISTANCE_CONSENSUS
MEPE	LOW_EVIDENCE
MERTK	RNA_RESISTANCE_CONSENSUS
MESD	LOW_COVERAGE
MESDC1	LOW_EVIDENCE
MESDC2	LOW_EVIDENCE
MESP1	RNA_RESISTANCE_CONSENSUS
MESP2	RNA_RESISTANCE_CONSENSUS
MEST	RNA_RESISTANCE_CONSENSUS
MESTIT1	LOW_EVIDENCE
MESTP3	LOW_COVERAGE
MET	LOW_EVIDENCE
METAP1	LOW_EVIDENCE
METAP1D	RNA_RESISTANCE_CONSENSUS
METAP2	LOW_EVIDENCE
METRN	RNA_RESISTANCE_CONSENSUS
METRNL	LOW_EVIDENCE
METTL1	LOW_EVIDENCE
METTL10	RNA_RESISTANCE_CONSENSUS
METTL11B	LOW_COVERAGE
METTL12	LOW_EVIDENCE
METTL13	LOW_EVIDENCE
METTL14	LOW_EVIDENCE
METTL14-DT	LOW_COVERAGE
METTL15	RNA_RESISTANCE_CONSENSUS
METTL15P1	LOW_COVERAGE
METTL16	RNA_RESISTANCE_CONSENSUS
METTL17	LOW_EVIDENCE
METTL18	RNA_RESISTANCE_CONSENSUS
METTL20	LOW_COVERAGE
METTL21A	RNA_RESISTANCE_CONSENSUS
METTL21AP1	LOW_COVERAGE
METTL21B	LOW_EVIDENCE
METTL21C	LOW_COVERAGE
METTL21EP	LOW_COVERAGE
METTL22	LOW_EVIDENCE
METTL23	RNA_RESISTANCE_CONSENSUS
METTL24	LOW_COVERAGE
METTL25	LOW_EVIDENCE
METTL26	LOW_COVERAGE
METTL27	LOW_COVERAGE
METTL2A	LOW_EVIDENCE
METTL2B	LOW_EVIDENCE
METTL3	LOW_EVIDENCE
METTL4	LOW_EVIDENCE
METTL5	LOW_EVIDENCE
METTL6	LOW_EVIDENCE
METTL7A	RNA_RESISTANCE_CONSENSUS
METTL7B	LOW_EVIDENCE
METTL8	RNA_RESISTANCE_CONSENSUS
METTL8P1	LOW_COVERAGE
METTL9	LOW_EVIDENCE
MEX3A	RNA_RESISTANCE_CONSENSUS
MEX3B	RNA_RESISTANCE_CONSENSUS
MEX3C	LOW_EVIDENCE
MEX3D	LOW_EVIDENCE
MFAP1	LOW_EVIDENCE
MFAP2	RNA_RESISTANCE_CONSENSUS
MFAP3	LOW_EVIDENCE
MFAP3L	RNA_RESISTANCE_CONSENSUS
MFAP4	LOW_EVIDENCE
MFAP5	LOW_COVERAGE
MFF	RNA_RESISTANCE_CONSENSUS
MFGE8	RNA_RESISTANCE_CONSENSUS
MFHAS1	RNA_RESISTANCE_CONSENSUS
MFI2	LOW_EVIDENCE
MFI2-AS1	LOW_COVERAGE
MFN1	LOW_EVIDENCE
MFN2	RNA_RESISTANCE_CONSENSUS
MFNG	LOW_EVIDENCE
MFRP	LOW_COVERAGE
MFSD1	LOW_EVIDENCE
MFSD10	LOW_EVIDENCE
MFSD11	LOW_EVIDENCE
MFSD12	LOW_EVIDENCE
MFSD13A	LOW_COVERAGE
MFSD14A	LOW_COVERAGE
MFSD14B	LOW_COVERAGE
MFSD14C	LOW_COVERAGE
MFSD1P1	LOW_COVERAGE
MFSD2A	LOW_EVIDENCE
MFSD2B	LOW_EVIDENCE
MFSD3	RNA_RESISTANCE_CONSENSUS
MFSD4	LOW_COVERAGE
MFSD4A	LOW_COVERAGE
MFSD4B	LOW_COVERAGE
MFSD5	LOW_EVIDENCE
MFSD6	RNA_RESISTANCE_CONSENSUS
MFSD6L	LOW_EVIDENCE
MFSD7	LOW_COVERAGE
MFSD8	LOW_EVIDENCE
MFSD9	RNA_RESISTANCE_CONSENSUS
MGA	RNA_RESISTANCE_CONSENSUS
MGAM	RNA_RESISTANCE_CONSENSUS
MGAM2	LOW_COVERAGE
MGARP	LOW_COVERAGE
MGAT1	LOW_EVIDENCE
MGAT2	ACUTE_RESPONSE
MGAT3	LOW_COVERAGE
MGAT4A	RNA_RESISTANCE_CONSENSUS
MGAT4B	RNA_RESISTANCE_CONSENSUS
MGAT4C	LOW_COVERAGE
MGAT4D	LOW_COVERAGE
MGAT4EP	LOW_COVERAGE
MGAT5	LOW_EVIDENCE
MGAT5B	LOW_EVIDENCE
MGC16275	LOW_COVERAGE
MGC2752	LOW_COVERAGE
MGC32805	LOW_COVERAGE
MGC39584	LOW_COVERAGE
MGC45800	LOW_COVERAGE
MGC50722	LOW_COVERAGE
MGC57346-CRHR1	LOW_COVERAGE
MGEA5	LOW_EVIDENCE
MGLL	RNA_RESISTANCE_CONSENSUS
MGME1	LOW_EVIDENCE
MGMT	RNA_RESISTANCE_CONSENSUS
MGP	RNA_RESISTANCE_CONSENSUS
MGRN1	LOW_EVIDENCE
MGST1	RNA_RESISTANCE_CONSENSUS
MGST2	LOW_EVIDENCE
MGST3	RNA_RESISTANCE_CONSENSUS
MHENCR	LOW_COVERAGE
MIA	LOW_COVERAGE
MIA-RAB4B	LOW_COVERAGE
MIA2	RNA_RESISTANCE_CONSENSUS
MIA3	RNA_RESISTANCE_CONSENSUS
MIAT	HUMAN_TUMOR_SUPPORTED
MIATNB	LOW_EVIDENCE
MIB1	LOW_EVIDENCE
MIB2	LOW_EVIDENCE
MICA	ACUTE_RESPONSE
MICAL1	RNA_RESISTANCE_CONSENSUS
MICAL2	RNA_RESISTANCE_CONSENSUS
MICAL3	RNA_RESISTANCE_CONSENSUS
MICALCL	LOW_COVERAGE
MICALL1	LOW_EVIDENCE
MICALL2	LOW_EVIDENCE
MICB	RNA_RESISTANCE_CONSENSUS
MICE	LOW_COVERAGE
MICOS10	LOW_COVERAGE
MICOS13	LOW_COVERAGE
MICU1	RNA_RESISTANCE_CONSENSUS
MICU2	LOW_EVIDENCE
MICU3	LOW_EVIDENCE
MID1	RNA_RESISTANCE_CONSENSUS
MID1IP1	ACUTE_RESPONSE
MID1IP1-AS1	LOW_COVERAGE
MID2	LOW_EVIDENCE
MIDN	RNA_RESISTANCE_CONSENSUS
MIEF1	LOW_EVIDENCE
MIEF2	RNA_RESISTANCE_CONSENSUS
MIEN1	LOW_EVIDENCE
MIER1	LOW_EVIDENCE
MIER2	LOW_EVIDENCE
MIER3	LOW_EVIDENCE
MIF	LOW_EVIDENCE
MIF-AS1	LOW_EVIDENCE
MIF4GD	LOW_EVIDENCE
MIGA1	LOW_COVERAGE
MIGA2	LOW_COVERAGE
MIIP	LOW_EVIDENCE
MILR1	LOW_COVERAGE
MIMT1	LOW_COVERAGE
MINA	LOW_EVIDENCE
MINAR1	LOW_COVERAGE
MINAR2	LOW_COVERAGE
MINCR	LOW_COVERAGE
MINDY1	LOW_COVERAGE
MINDY2	LOW_COVERAGE
MINDY3	LOW_COVERAGE
MINDY4	LOW_COVERAGE
MINDY4B	LOW_COVERAGE
MINK1	LOW_EVIDENCE
MINOS1	LOW_EVIDENCE
MINOS1-NBL1	LOW_EVIDENCE
MINPP1	LOW_EVIDENCE
MIOS	LOW_EVIDENCE
MIOX	LOW_COVERAGE
MIP	LOW_EVIDENCE
MIPEP	RNA_RESISTANCE_CONSENSUS
MIPEPP3	LOW_COVERAGE
MIPOL1	LOW_EVIDENCE
MIR1-1HG	LOW_COVERAGE
MIR103A1	LOW_COVERAGE
MIR1181	LOW_COVERAGE
MIR1199	LOW_COVERAGE
MIR1204	LOW_COVERAGE
MIR1205	LOW_COVERAGE
MIR1207	LOW_COVERAGE
MIR122HG	LOW_COVERAGE
MIR1248	LOW_COVERAGE
MIR1254-1	LOW_COVERAGE
MIR1255A	LOW_COVERAGE
MIR1267	LOW_COVERAGE
MIR1282	LOW_COVERAGE
MIR1292	LOW_COVERAGE
MIR1296	LOW_COVERAGE
MIR1304	LOW_COVERAGE
MIR1305	LOW_COVERAGE
MIR1307	LOW_COVERAGE
MIR133A1HG	LOW_COVERAGE
MIR141	LOW_COVERAGE
MIR148A	LOW_COVERAGE
MIR1539	LOW_COVERAGE
MIR155HG	LOW_COVERAGE
MIR15B	LOW_COVERAGE
MIR16-1	LOW_COVERAGE
MIR17HG	RNA_RESISTANCE_CONSENSUS
MIR181A1HG	RNA_RESISTANCE_CONSENSUS
MIR181A2HG	LOW_COVERAGE
MIR181B1	LOW_COVERAGE
MIR1825	LOW_COVERAGE
MIR186	LOW_COVERAGE
MIR18A	LOW_COVERAGE
MIR191	LOW_COVERAGE
MIR1915HG	LOW_COVERAGE
MIR193BHG	LOW_COVERAGE
MIR194-2HG	LOW_COVERAGE
MIR1972-1	LOW_COVERAGE
MIR200C	LOW_COVERAGE
MIR200CHG	LOW_COVERAGE
MIR2052HG	LOW_COVERAGE
MIR205HG	RNA_RESISTANCE_CONSENSUS
MIR21	LOW_COVERAGE
MIR210HG	RNA_RESISTANCE_CONSENSUS
MIR215	LOW_COVERAGE
MIR22	LOW_COVERAGE
MIR222HG	LOW_COVERAGE
MIR22HG	LOW_EVIDENCE
MIR25	LOW_COVERAGE
MIR26B	LOW_COVERAGE
MIR27B	LOW_COVERAGE
MIR2909	LOW_COVERAGE
MIR296	LOW_COVERAGE
MIR29B2	LOW_COVERAGE
MIR29B2CHG	LOW_COVERAGE
MIR29C	LOW_COVERAGE
MIR301A	LOW_COVERAGE
MIR3064	LOW_COVERAGE
MIR30A	LOW_COVERAGE
MIR30B	LOW_COVERAGE
MIR30C2	LOW_COVERAGE
MIR3140	LOW_COVERAGE
MIR3143	LOW_COVERAGE
MIR3150BHG	LOW_COVERAGE
MIR3153	LOW_COVERAGE
MIR3156-2	LOW_COVERAGE
MIR3171	LOW_COVERAGE
MIR3179-3	LOW_COVERAGE
MIR3184	LOW_COVERAGE
MIR3198-2	LOW_COVERAGE
MIR31HG	LOW_COVERAGE
MIR32	LOW_COVERAGE
MIR320B2	LOW_COVERAGE
MIR320D1	LOW_COVERAGE
MIR324	LOW_COVERAGE
MIR328	LOW_COVERAGE
MIR331	LOW_COVERAGE
MIR34A	LOW_COVERAGE
MIR34AHG	LOW_COVERAGE
MIR3609	LOW_COVERAGE
MIR361	LOW_COVERAGE
MIR3614	LOW_COVERAGE
MIR3620	LOW_COVERAGE
MIR3651	LOW_COVERAGE
MIR3652	LOW_COVERAGE
MIR3654	LOW_COVERAGE
MIR3655	LOW_COVERAGE
MIR3656	LOW_COVERAGE
MIR3659HG	LOW_COVERAGE
MIR3661	LOW_COVERAGE
MIR3671	LOW_COVERAGE
MIR3681HG	LOW_COVERAGE
MIR3682	LOW_COVERAGE
MIR3685	LOW_COVERAGE
MIR374A	LOW_COVERAGE
MIR374B	LOW_COVERAGE
MIR378J	LOW_COVERAGE
MIR3911	LOW_COVERAGE
MIR3916	LOW_COVERAGE
MIR3918	LOW_COVERAGE
MIR3936HG	LOW_COVERAGE
MIR3945HG	LOW_COVERAGE
MIR421	LOW_COVERAGE
MIR423	LOW_COVERAGE
MIR425	LOW_COVERAGE
MIR4258	LOW_COVERAGE
MIR4273	LOW_COVERAGE
MIR4279	LOW_COVERAGE
MIR429	LOW_COVERAGE
MIR4292	LOW_COVERAGE
MIR4300HG	LOW_COVERAGE
MIR4422HG	LOW_COVERAGE
MIR4426	LOW_COVERAGE
MIR4428	LOW_COVERAGE
MIR4429	LOW_COVERAGE
MIR4435-1HG	LOW_COVERAGE
MIR4435-2HG	RNA_RESISTANCE_CONSENSUS
MIR4442	LOW_COVERAGE
MIR4444-1	LOW_COVERAGE
MIR4446	LOW_COVERAGE
MIR4453	LOW_COVERAGE
MIR4453HG	LOW_COVERAGE
MIR4455	LOW_COVERAGE
MIR4458HG	RNA_RESISTANCE_CONSENSUS
MIR4459	LOW_COVERAGE
MIR4461	LOW_COVERAGE
MIR4477B	LOW_COVERAGE
MIR4482	LOW_COVERAGE
MIR4500HG	LOW_COVERAGE
MIR4517	LOW_COVERAGE
MIR4519	LOW_COVERAGE
MIR454	LOW_COVERAGE
MIR4639	LOW_COVERAGE
MIR4647	LOW_COVERAGE
MIR4652	LOW_COVERAGE
MIR4653	LOW_COVERAGE
MIR4657	LOW_COVERAGE
MIR4664	LOW_COVERAGE
MIR4674HG	LOW_COVERAGE
MIR4677	LOW_COVERAGE
MIR4680	LOW_COVERAGE
MIR4697HG	LOW_COVERAGE
MIR4700	LOW_COVERAGE
MIR4701	LOW_COVERAGE
MIR4709	LOW_COVERAGE
MIR4713HG	LOW_COVERAGE
MIR4724	LOW_COVERAGE
MIR4728	LOW_COVERAGE
MIR4737	LOW_COVERAGE
MIR4742	LOW_COVERAGE
MIR4756	LOW_COVERAGE
MIR4761	LOW_COVERAGE
MIR4774	LOW_COVERAGE
MIR4800	LOW_COVERAGE
MIR4804	LOW_COVERAGE
MIR491	LOW_COVERAGE
MIR497HG	RNA_RESISTANCE_CONSENSUS
MIR5004	LOW_COVERAGE
MIR5010	LOW_COVERAGE
MIR503HG	RNA_RESISTANCE_CONSENSUS
MIR5047	LOW_COVERAGE
MIR544B	LOW_COVERAGE
MIR548A1HG	LOW_COVERAGE
MIR548AR	LOW_COVERAGE
MIR548D1	LOW_COVERAGE
MIR548E	LOW_COVERAGE
MIR548F2	LOW_COVERAGE
MIR548H1	LOW_COVERAGE
MIR548U	LOW_COVERAGE
MIR548V	LOW_COVERAGE
MIR548XHG	LOW_COVERAGE
MIR550A1	LOW_COVERAGE
MIR550A2	LOW_COVERAGE
MIR550A3	LOW_COVERAGE
MIR553	LOW_COVERAGE
MIR554	LOW_COVERAGE
MIR555	LOW_COVERAGE
MIR563	LOW_COVERAGE
MIR568	LOW_COVERAGE
MIR570	LOW_COVERAGE
MIR5706	LOW_COVERAGE
MIR573	LOW_COVERAGE
MIR576	LOW_COVERAGE
MIR590	LOW_COVERAGE
MIR600HG	LOW_EVIDENCE
MIR6080	LOW_COVERAGE
MIR612	LOW_COVERAGE
MIR6125	LOW_COVERAGE
MIR616	LOW_COVERAGE
MIR618	LOW_COVERAGE
MIR620	LOW_COVERAGE
MIR621	LOW_COVERAGE
MIR632	LOW_COVERAGE
MIR635	LOW_COVERAGE
MIR636	LOW_COVERAGE
MIR639	LOW_COVERAGE
MIR643	LOW_COVERAGE
MIR644A	LOW_COVERAGE
MIR645	LOW_COVERAGE
MIR646HG	HUMAN_TUMOR_SUPPORTED
MIR6501	LOW_COVERAGE
MIR6506	LOW_COVERAGE
MIR6513	LOW_COVERAGE
MIR6516	LOW_COVERAGE
MIR670HG	LOW_COVERAGE
MIR671	LOW_COVERAGE
MIR6716	LOW_COVERAGE
MIR6721	LOW_COVERAGE
MIR6723	LOW_COVERAGE
MIR6747	LOW_COVERAGE
MIR6748	LOW_COVERAGE
MIR675	LOW_COVERAGE
MIR6753	LOW_COVERAGE
MIR6757	LOW_COVERAGE
MIR6758	LOW_COVERAGE
MIR6773	LOW_COVERAGE
MIR6789	LOW_COVERAGE
MIR6797	LOW_COVERAGE
MIR6805	LOW_COVERAGE
MIR6824	LOW_COVERAGE
MIR6835	LOW_COVERAGE
MIR6837	LOW_COVERAGE
MIR6848	LOW_COVERAGE
MIR6852	LOW_COVERAGE
MIR6859-1	LOW_COVERAGE
MIR6884	LOW_COVERAGE
MIR6887	LOW_COVERAGE
MIR6891	LOW_COVERAGE
MIR7-1	LOW_COVERAGE
MIR7111	LOW_COVERAGE
MIR7158	LOW_COVERAGE
MIR7161	LOW_COVERAGE
MIR761	LOW_COVERAGE
MIR762	LOW_COVERAGE
MIR762HG	LOW_EVIDENCE
MIR7703	LOW_COVERAGE
MIR7705	LOW_COVERAGE
MIR7851	LOW_COVERAGE
MIR7856	LOW_COVERAGE
MIR8072	LOW_COVERAGE
MIR8087	LOW_COVERAGE
MIR877	LOW_COVERAGE
MIR9-3HG	LOW_COVERAGE
MIR922	LOW_COVERAGE
MIR924HG	LOW_COVERAGE
MIR93	LOW_COVERAGE
MIR937	LOW_COVERAGE
MIR940	LOW_COVERAGE
MIR98	LOW_COVERAGE
MIR99A	LOW_COVERAGE
MIR99AHG	RNA_RESISTANCE_CONSENSUS
MIRLET7A1	LOW_COVERAGE
MIRLET7BHG	LOW_EVIDENCE
MIRLET7D	LOW_COVERAGE
MIRLET7DHG	LOW_COVERAGE
MIRLET7F1	LOW_COVERAGE
MIRLET7F2	LOW_COVERAGE
MIRLET7I	LOW_COVERAGE
MIS12	LOW_EVIDENCE
MIS18A	LOW_EVIDENCE
MIS18A-AS1	LOW_COVERAGE
MIS18BP1	RNA_RESISTANCE_CONSENSUS
MISP	RNA_RESISTANCE_CONSENSUS
MISP3	LOW_COVERAGE
MITD1	RNA_RESISTANCE_CONSENSUS
MITF	LOW_EVIDENCE
MIXL1	LOW_EVIDENCE
MKI67	RNA_RESISTANCE_CONSENSUS
MKKS	RNA_RESISTANCE_CONSENSUS
MKL1	LOW_EVIDENCE
MKL2	ACUTE_RESPONSE
MKLN1	RNA_RESISTANCE_CONSENSUS
MKLN1-AS	LOW_EVIDENCE
MKNK1	LOW_EVIDENCE
MKNK1-AS1	LOW_COVERAGE
MKNK2	RNA_RESISTANCE_CONSENSUS
MKRN1	LOW_EVIDENCE
MKRN2	LOW_EVIDENCE
MKRN2OS	LOW_EVIDENCE
MKRN3	RNA_RESISTANCE_CONSENSUS
MKRN3-AS1	LOW_COVERAGE
MKRN5P	LOW_COVERAGE
MKS1	RNA_RESISTANCE_CONSENSUS
MKX	LOW_EVIDENCE
MLANA	LOW_COVERAGE
MLC1	LOW_COVERAGE
MLEC	LOW_EVIDENCE
MLF1	LOW_EVIDENCE
MLF2	RNA_RESISTANCE_CONSENSUS
MLH1	RNA_RESISTANCE_CONSENSUS
MLH3	RNA_RESISTANCE_CONSENSUS
MLIP	LOW_COVERAGE
MLK4	LOW_COVERAGE
MLK7-AS1	LOW_COVERAGE
MLKL	RNA_RESISTANCE_CONSENSUS
MLLT1	LOW_EVIDENCE
MLLT10	RNA_RESISTANCE_CONSENSUS
MLLT10P1	LOW_COVERAGE
MLLT11	RNA_RESISTANCE_CONSENSUS
MLLT3	RNA_RESISTANCE_CONSENSUS
MLLT4	RNA_RESISTANCE_CONSENSUS
MLLT4-AS1	LOW_COVERAGE
MLLT6	RNA_RESISTANCE_CONSENSUS
MLN	LOW_COVERAGE
MLNR	LOW_COVERAGE
MLPH	LOW_EVIDENCE
MLST8	RNA_RESISTANCE_CONSENSUS
MLX	LOW_EVIDENCE
MLXIP	RNA_RESISTANCE_CONSENSUS
MLXIPL	LOW_EVIDENCE
MLYCD	LOW_EVIDENCE
MMAA	RNA_RESISTANCE_CONSENSUS
MMAB	RNA_RESISTANCE_CONSENSUS
MMACHC	LOW_EVIDENCE
MMADHC	LOW_EVIDENCE
MMD	RNA_RESISTANCE_CONSENSUS
MMD2	LOW_COVERAGE
MME	LOW_EVIDENCE
MME-AS1	LOW_COVERAGE
MMEL1	RNA_RESISTANCE_CONSENSUS
MMGT1	RNA_RESISTANCE_CONSENSUS
MMP1	LOW_COVERAGE
MMP10	LOW_COVERAGE
MMP11	RNA_RESISTANCE_CONSENSUS
MMP12	LOW_COVERAGE
MMP13	RNA_RESISTANCE_CONSENSUS
MMP14	LOW_COVERAGE
MMP15	LOW_EVIDENCE
MMP16	RNA_RESISTANCE_CONSENSUS
MMP17	RNA_RESISTANCE_CONSENSUS
MMP19	RNA_RESISTANCE_CONSENSUS
MMP2	LOW_COVERAGE
MMP20	LOW_COVERAGE
MMP21	LOW_EVIDENCE
MMP23B	LOW_EVIDENCE
MMP24	HUMAN_TUMOR_SUPPORTED
MMP24-AS1	LOW_COVERAGE
MMP24OS	LOW_COVERAGE
MMP25	LOW_EVIDENCE
MMP25-AS1	LOW_EVIDENCE
MMP26	LOW_COVERAGE
MMP27	LOW_COVERAGE
MMP28	LOW_EVIDENCE
MMP3	LOW_COVERAGE
MMP7	LOW_COVERAGE
MMP8	LOW_COVERAGE
MMP9	RNA_RESISTANCE_CONSENSUS
MMRN1	LOW_COVERAGE
MMRN2	LOW_EVIDENCE
MMS19	RNA_RESISTANCE_CONSENSUS
MMS22L	LOW_EVIDENCE
MMUT	LOW_COVERAGE
MN1	LOW_EVIDENCE
MNAT1	RNA_RESISTANCE_CONSENSUS
MND1	LOW_EVIDENCE
MNDA	LOW_COVERAGE
MNS1	RNA_RESISTANCE_CONSENSUS
MNT	LOW_EVIDENCE
MNX1	RNA_RESISTANCE_CONSENSUS
MNX1-AS1	RNA_RESISTANCE_CONSENSUS
MNX1-AS2	LOW_COVERAGE
MOAP1	LOW_EVIDENCE
MOB1A	LOW_EVIDENCE
MOB1AP1	LOW_COVERAGE
MOB1B	RNA_RESISTANCE_CONSENSUS
MOB2	RNA_RESISTANCE_CONSENSUS
MOB3A	LOW_EVIDENCE
MOB3B	RNA_RESISTANCE_CONSENSUS
MOB3C	RNA_RESISTANCE_CONSENSUS
MOB4	RNA_RESISTANCE_CONSENSUS
MOBP	LOW_COVERAGE
MOCOS	LOW_EVIDENCE
MOCS1	LOW_EVIDENCE
MOCS2	RNA_RESISTANCE_CONSENSUS
MOCS3	LOW_EVIDENCE
MOG	LOW_COVERAGE
MOGAT1	LOW_COVERAGE
MOGAT2	LOW_COVERAGE
MOGAT3	LOW_COVERAGE
MOGS	LOW_EVIDENCE
MOK	RNA_RESISTANCE_CONSENSUS
MON1A	LOW_EVIDENCE
MON1B	RNA_RESISTANCE_CONSENSUS
MON2	LOW_EVIDENCE
MORC1	LOW_COVERAGE
MORC2	LOW_EVIDENCE
MORC2-AS1	LOW_EVIDENCE
MORC3	LOW_EVIDENCE
MORC4	LOW_EVIDENCE
MORF4L1	LOW_EVIDENCE
MORF4L1P1	LOW_COVERAGE
MORF4L2	LOW_EVIDENCE
MORF4L2-AS1	RNA_RESISTANCE_CONSENSUS
MORN1	RNA_RESISTANCE_CONSENSUS
MORN2	RNA_RESISTANCE_CONSENSUS
MORN3	RNA_RESISTANCE_CONSENSUS
MORN4	LOW_EVIDENCE
MORN5	LOW_COVERAGE
MOS	LOW_COVERAGE
MOSMO	LOW_COVERAGE
MOSPD1	LOW_EVIDENCE
MOSPD2	LOW_EVIDENCE
MOSPD3	LOW_EVIDENCE
MOV10	LOW_EVIDENCE
MOV10L1	ACUTE_RESPONSE
MOXD1	LOW_EVIDENCE
MPC1	RNA_RESISTANCE_CONSENSUS
MPC1L	LOW_COVERAGE
MPC2	LOW_EVIDENCE
MPDU1	RNA_RESISTANCE_CONSENSUS
MPDZ	RNA_RESISTANCE_CONSENSUS
MPEG1	LOW_COVERAGE
MPG	LOW_EVIDENCE
MPHOSPH10	LOW_EVIDENCE
MPHOSPH6	LOW_EVIDENCE
MPHOSPH8	LOW_EVIDENCE
MPHOSPH9	RNA_RESISTANCE_CONSENSUS
MPI	RNA_RESISTANCE_CONSENSUS
MPIG6B	LOW_COVERAGE
MPL	LOW_COVERAGE
MPLKIP	LOW_EVIDENCE
MPND	RNA_RESISTANCE_CONSENSUS
MPO	LOW_COVERAGE
MPP1	RNA_RESISTANCE_CONSENSUS
MPP2	RNA_RESISTANCE_CONSENSUS
MPP3	LOW_EVIDENCE
MPP4	LOW_EVIDENCE
MPP5	RNA_RESISTANCE_CONSENSUS
MPP6	LOW_EVIDENCE
MPP7	ACUTE_RESPONSE
MPP7-DT	LOW_COVERAGE
MPPE1	LOW_EVIDENCE
MPPED1	HUMAN_TUMOR_SUPPORTED
MPPED2	RNA_RESISTANCE_CONSENSUS
MPRIP	LOW_EVIDENCE
MPRIP-AS1	LOW_EVIDENCE
MPST	ACUTE_RESPONSE
MPV17	RNA_RESISTANCE_CONSENSUS
MPV17L	LOW_EVIDENCE
MPV17L2	RNA_RESISTANCE_CONSENSUS
MPZ	LOW_COVERAGE
MPZL1	LOW_EVIDENCE
MPZL2	RNA_RESISTANCE_CONSENSUS
MPZL3	RNA_RESISTANCE_CONSENSUS
MR1	LOW_EVIDENCE
MRAP	HUMAN_TUMOR_SUPPORTED
MRAP2	LOW_EVIDENCE
MRAS	RNA_RESISTANCE_CONSENSUS
MRC1	LOW_COVERAGE
MRC2	RNA_RESISTANCE_CONSENSUS
MRE11	LOW_COVERAGE
MRE11A	RNA_RESISTANCE_CONSENSUS
MREG	RNA_RESISTANCE_CONSENSUS
MRFAP1	LOW_EVIDENCE
MRFAP1L1	LOW_EVIDENCE
MRGBP	LOW_EVIDENCE
MRGPRD	LOW_COVERAGE
MRGPRE	LOW_COVERAGE
MRGPRF	LOW_COVERAGE
MRGPRG	LOW_COVERAGE
MRGPRX1	LOW_COVERAGE
MRGPRX2	LOW_COVERAGE
MRGPRX3	LOW_COVERAGE
MRGPRX4	LOW_COVERAGE
MRI1	LOW_EVIDENCE
MRLN	LOW_COVERAGE
MRM1	LOW_EVIDENCE
MRM2	LOW_COVERAGE
MRM3	LOW_COVERAGE
MRNIP	LOW_COVERAGE
MRO	LOW_COVERAGE
MROH1	LOW_EVIDENCE
MROH2A	LOW_COVERAGE
MROH2B	LOW_COVERAGE
MROH5	LOW_COVERAGE
MROH6	LOW_EVIDENCE
MROH7	LOW_COVERAGE
MROH7-TTC4	LOW_COVERAGE
MROH8	LOW_EVIDENCE
MROH9	LOW_COVERAGE
MRPL1	LOW_EVIDENCE
MRPL10	LOW_EVIDENCE
MRPL11	LOW_EVIDENCE
MRPL12	LOW_EVIDENCE
MRPL13	LOW_EVIDENCE
MRPL14	LOW_EVIDENCE
MRPL15	LOW_EVIDENCE
MRPL16	LOW_EVIDENCE
MRPL17	LOW_EVIDENCE
MRPL18	LOW_EVIDENCE
MRPL19	LOW_EVIDENCE
MRPL2	LOW_EVIDENCE
MRPL20	LOW_EVIDENCE
MRPL20-AS1	LOW_COVERAGE
MRPL21	LOW_EVIDENCE
MRPL22	LOW_EVIDENCE
MRPL23	LOW_EVIDENCE
MRPL24	LOW_EVIDENCE
MRPL27	LOW_EVIDENCE
MRPL28	LOW_EVIDENCE
MRPL3	LOW_EVIDENCE
MRPL30	RNA_RESISTANCE_CONSENSUS
MRPL32	RNA_RESISTANCE_CONSENSUS
MRPL33	RNA_RESISTANCE_CONSENSUS
MRPL34	LOW_EVIDENCE
MRPL35	LOW_EVIDENCE
MRPL35P2	LOW_COVERAGE
MRPL35P3	LOW_COVERAGE
MRPL36	RNA_RESISTANCE_CONSENSUS
MRPL37	LOW_EVIDENCE
MRPL38	LOW_EVIDENCE
MRPL39	LOW_EVIDENCE
MRPL4	LOW_EVIDENCE
MRPL40	LOW_EVIDENCE
MRPL40P1	LOW_COVERAGE
MRPL41	LOW_EVIDENCE
MRPL42	LOW_EVIDENCE
MRPL43	LOW_EVIDENCE
MRPL44	LOW_EVIDENCE
MRPL45	LOW_EVIDENCE
MRPL45P2	LOW_COVERAGE
MRPL46	LOW_EVIDENCE
MRPL47	LOW_EVIDENCE
MRPL48	RNA_RESISTANCE_CONSENSUS
MRPL49	RNA_RESISTANCE_CONSENSUS
MRPL50	LOW_EVIDENCE
MRPL51	LOW_EVIDENCE
MRPL52	LOW_EVIDENCE
MRPL53	LOW_EVIDENCE
MRPL53P1	LOW_COVERAGE
MRPL54	LOW_EVIDENCE
MRPL55	LOW_EVIDENCE
MRPL57	LOW_EVIDENCE
MRPL58	LOW_COVERAGE
MRPL9	LOW_EVIDENCE
MRPS10	LOW_EVIDENCE
MRPS10P2	LOW_COVERAGE
MRPS11	LOW_EVIDENCE
MRPS12	LOW_EVIDENCE
MRPS14	LOW_EVIDENCE
MRPS15	LOW_EVIDENCE
MRPS16	RNA_RESISTANCE_CONSENSUS
MRPS17	LOW_EVIDENCE
MRPS18A	LOW_EVIDENCE
MRPS18B	LOW_EVIDENCE
MRPS18C	LOW_EVIDENCE
MRPS2	RNA_RESISTANCE_CONSENSUS
MRPS21	RNA_RESISTANCE_CONSENSUS
MRPS21P9	LOW_COVERAGE
MRPS22	RNA_RESISTANCE_CONSENSUS
MRPS23	LOW_EVIDENCE
MRPS24	LOW_EVIDENCE
MRPS25	LOW_EVIDENCE
MRPS26	LOW_EVIDENCE
MRPS27	RNA_RESISTANCE_CONSENSUS
MRPS28	RNA_RESISTANCE_CONSENSUS
MRPS30	LOW_EVIDENCE
MRPS30-DT	LOW_COVERAGE
MRPS31	LOW_EVIDENCE
MRPS31P4	LOW_COVERAGE
MRPS31P5	LOW_COVERAGE
MRPS33	RNA_RESISTANCE_CONSENSUS
MRPS34	LOW_EVIDENCE
MRPS35	LOW_EVIDENCE
MRPS36	LOW_EVIDENCE
MRPS36P1	LOW_COVERAGE
MRPS5	RNA_RESISTANCE_CONSENSUS
MRPS6	LOW_EVIDENCE
MRPS6P2	LOW_COVERAGE
MRPS7	LOW_EVIDENCE
MRPS9	RNA_RESISTANCE_CONSENSUS
MRRF	LOW_EVIDENCE
MRS2	LOW_EVIDENCE
MRTFA	LOW_COVERAGE
MRTFA-AS1	LOW_COVERAGE
MRTFB	LOW_COVERAGE
MRTO4	LOW_EVIDENCE
MRVI1	LOW_EVIDENCE
MRVI1-AS1	LOW_COVERAGE
MS4A1	LOW_COVERAGE
MS4A10	LOW_COVERAGE
MS4A12	LOW_COVERAGE
MS4A13	LOW_COVERAGE
MS4A14	LOW_COVERAGE
MS4A15	LOW_COVERAGE
MS4A2	LOW_COVERAGE
MS4A3	LOW_COVERAGE
MS4A4A	LOW_COVERAGE
MS4A5	LOW_COVERAGE
MS4A6A	LOW_COVERAGE
MS4A6E	LOW_COVERAGE
MS4A7	LOW_EVIDENCE
MS4A8	LOW_COVERAGE
MSANTD1	LOW_EVIDENCE
MSANTD2	LOW_EVIDENCE
MSANTD3	LOW_EVIDENCE
MSANTD3-TMEFF1	LOW_EVIDENCE
MSANTD4	RNA_RESISTANCE_CONSENSUS
MSC	LOW_COVERAGE
MSC-AS1	LOW_COVERAGE
MSGN1	LOW_COVERAGE
MSH2	LOW_EVIDENCE
MSH3	LOW_EVIDENCE
MSH4	LOW_EVIDENCE
MSH5	ACUTE_RESPONSE
MSH5-SAPCD1	LOW_COVERAGE
MSH6	LOW_EVIDENCE
MSI1	RNA_RESISTANCE_CONSENSUS
MSI2	LOW_EVIDENCE
MSL1	LOW_EVIDENCE
MSL2	LOW_EVIDENCE
MSL3	RNA_RESISTANCE_CONSENSUS
MSL3P1	LOW_COVERAGE
MSLN	HUMAN_TUMOR_SUPPORTED
MSLNL	LOW_COVERAGE
MSMB	RNA_RESISTANCE_CONSENSUS
MSMO1	RNA_RESISTANCE_CONSENSUS
MSMP	LOW_EVIDENCE
MSN	LOW_EVIDENCE
MSR1	LOW_EVIDENCE
MSRA	RNA_RESISTANCE_CONSENSUS
MSRB1	LOW_EVIDENCE
MSRB2	RNA_RESISTANCE_CONSENSUS
MSRB3	HUMAN_TUMOR_SUPPORTED
MSS51	LOW_EVIDENCE
MST1	RNA_RESISTANCE_CONSENSUS
MST1L	LOW_EVIDENCE
MST1P2	LOW_COVERAGE
MST1R	LOW_EVIDENCE
MST4	LOW_COVERAGE
MSTN	LOW_COVERAGE
MSTO1	LOW_EVIDENCE
MSTO2P	LOW_COVERAGE
MSX1	RNA_RESISTANCE_CONSENSUS
MSX2	LOW_EVIDENCE
MT-ATP6	LOW_EVIDENCE
MT-ATP8	LOW_EVIDENCE
MT-CO1	LOW_EVIDENCE
MT-CO2	LOW_EVIDENCE
MT-CO3	LOW_EVIDENCE
MT-CYB	LOW_EVIDENCE
MT-ND1	LOW_EVIDENCE
MT-ND2	LOW_EVIDENCE
MT-ND3	LOW_EVIDENCE
MT-ND4	LOW_EVIDENCE
MT-ND4L	LOW_EVIDENCE
MT-ND5	LOW_EVIDENCE
MT-ND6	LOW_EVIDENCE
MT-RNR1	LOW_COVERAGE
MT-RNR2	LOW_COVERAGE
MT-TA	LOW_COVERAGE
MT-TC	LOW_COVERAGE
MT-TD	LOW_COVERAGE
MT-TE	LOW_COVERAGE
MT-TF	LOW_COVERAGE
MT-TG	LOW_COVERAGE
MT-TH	LOW_COVERAGE
MT-TI	LOW_COVERAGE
MT-TK	LOW_COVERAGE
MT-TL1	LOW_COVERAGE
MT-TL2	LOW_COVERAGE
MT-TM	LOW_COVERAGE
MT-TN	LOW_COVERAGE
MT-TP	LOW_COVERAGE
MT-TQ	LOW_COVERAGE
MT-TR	LOW_COVERAGE
MT-TS1	LOW_COVERAGE
MT-TS2	LOW_COVERAGE
MT-TT	LOW_COVERAGE
MT-TV	LOW_COVERAGE
MT-TW	LOW_COVERAGE
MT-TY	LOW_COVERAGE
MT1A	LOW_EVIDENCE
MT1B	LOW_COVERAGE
MT1E	LOW_COVERAGE
MT1F	ACUTE_RESPONSE
MT1G	LOW_COVERAGE
MT1H	LOW_COVERAGE
MT1HL1	LOW_COVERAGE
MT1M	LOW_COVERAGE
MT1X	ACUTE_RESPONSE
MT2A	RNA_RESISTANCE_CONSENSUS
MT2P1	LOW_COVERAGE
MT3	LOW_COVERAGE
MT4	LOW_COVERAGE
MTA1	LOW_EVIDENCE
MTA2	LOW_EVIDENCE
MTA3	LOW_EVIDENCE
MTAP	LOW_EVIDENCE
MTATP6P1	LOW_COVERAGE
MTATP6P2	LOW_COVERAGE
MTATP8P1	LOW_COVERAGE
MTATP8P2	LOW_COVERAGE
MTBP	RNA_RESISTANCE_CONSENSUS
MTCH1	LOW_EVIDENCE
MTCH2	LOW_EVIDENCE
MTCL1	RNA_RESISTANCE_CONSENSUS
MTCP1	LOW_EVIDENCE
MTCYBP3	LOW_COVERAGE
MTDH	LOW_EVIDENCE
MTERF1	RNA_RESISTANCE_CONSENSUS
MTERF2	LOW_EVIDENCE
MTERF3	LOW_EVIDENCE
MTERF4	RNA_RESISTANCE_CONSENSUS
MTF1	LOW_EVIDENCE
MTF2	LOW_EVIDENCE
MTFMT	LOW_EVIDENCE
MTFP1	LOW_EVIDENCE
MTFR1	LOW_EVIDENCE
MTFR1L	RNA_RESISTANCE_CONSENSUS
MTFR2	RNA_RESISTANCE_CONSENSUS
MTG1	LOW_EVIDENCE
MTG2	LOW_EVIDENCE
MTHFD1	RNA_RESISTANCE_CONSENSUS
MTHFD1L	RNA_RESISTANCE_CONSENSUS
MTHFD1P1	LOW_COVERAGE
MTHFD2	LOW_EVIDENCE
MTHFD2L	RNA_RESISTANCE_CONSENSUS
MTHFD2P7	LOW_COVERAGE
MTHFR	LOW_EVIDENCE
MTHFS	LOW_EVIDENCE
MTHFSD	LOW_EVIDENCE
MTIF2	LOW_EVIDENCE
MTIF3	LOW_EVIDENCE
MTL5	RNA_RESISTANCE_CONSENSUS
MTLN	LOW_COVERAGE
MTM1	LOW_EVIDENCE
MTMR1	LOW_EVIDENCE
MTMR10	LOW_EVIDENCE
MTMR11	RNA_RESISTANCE_CONSENSUS
MTMR12	LOW_EVIDENCE
MTMR14	LOW_EVIDENCE
MTMR2	RNA_RESISTANCE_CONSENSUS
MTMR3	LOW_EVIDENCE
MTMR4	LOW_EVIDENCE
MTMR6	RNA_RESISTANCE_CONSENSUS
MTMR7	RNA_RESISTANCE_CONSENSUS
MTMR8	RNA_RESISTANCE_CONSENSUS
MTMR9	RNA_RESISTANCE_CONSENSUS
MTMR9LP	LOW_COVERAGE
MTND1P11	LOW_COVERAGE
MTND1P18	LOW_COVERAGE
MTND1P21	LOW_COVERAGE
MTND1P23	LOW_COVERAGE
MTND1P3	LOW_COVERAGE
MTND1P32	LOW_COVERAGE
MTND1P36	LOW_COVERAGE
MTND1P9	LOW_COVERAGE
MTND2P2	LOW_COVERAGE
MTND2P23	LOW_COVERAGE
MTND2P26	LOW_COVERAGE
MTND2P28	LOW_COVERAGE
MTND2P29	LOW_COVERAGE
MTND2P31	LOW_COVERAGE
MTND2P32	LOW_COVERAGE
MTND2P5	LOW_COVERAGE
MTND4P12	LOW_COVERAGE
MTND4P14	LOW_COVERAGE
MTND4P15	LOW_COVERAGE
MTND4P20	LOW_COVERAGE
MTND4P26	LOW_COVERAGE
MTND4P32	LOW_COVERAGE
MTND5P11	LOW_COVERAGE
MTND5P14	LOW_COVERAGE
MTND5P15	LOW_COVERAGE
MTND5P2	LOW_COVERAGE
MTND5P26	LOW_COVERAGE
MTND5P28	LOW_COVERAGE
MTND6P18	LOW_COVERAGE
MTND6P4	LOW_COVERAGE
MTND6P5	LOW_COVERAGE
MTNR1A	LOW_COVERAGE
MTNR1B	LOW_COVERAGE
MTO1	LOW_EVIDENCE
MTOR	LOW_EVIDENCE
MTOR-AS1	LOW_COVERAGE
MTPAP	RNA_RESISTANCE_CONSENSUS
MTPN	LOW_EVIDENCE
MTR	LOW_EVIDENCE
MTRES1	LOW_COVERAGE
MTREX	LOW_COVERAGE
MTRF1	LOW_EVIDENCE
MTRF1L	RNA_RESISTANCE_CONSENSUS
MTRNR2L1	LOW_EVIDENCE
MTRNR2L10	LOW_EVIDENCE
MTRNR2L11	LOW_COVERAGE
MTRNR2L12	LOW_EVIDENCE
MTRNR2L2	LOW_COVERAGE
MTRNR2L3	LOW_EVIDENCE
MTRNR2L4	LOW_COVERAGE
MTRNR2L5	LOW_COVERAGE
MTRNR2L6	LOW_EVIDENCE
MTRNR2L7	LOW_COVERAGE
MTRNR2L8	LOW_EVIDENCE
MTRNR2L9	LOW_COVERAGE
MTRR	LOW_EVIDENCE
MTSS1	LOW_EVIDENCE
MTSS1L	LOW_EVIDENCE
MTSS2	LOW_COVERAGE
MTTP	LOW_COVERAGE
MTURN	RNA_RESISTANCE_CONSENSUS
MTUS1	LOW_EVIDENCE
MTUS2	LOW_EVIDENCE
MTUS2-AS1	LOW_COVERAGE
MTX1	LOW_EVIDENCE
MTX1P1	LOW_COVERAGE
MTX2	RNA_RESISTANCE_CONSENSUS
MTX3	LOW_EVIDENCE
MUC1	RNA_RESISTANCE_CONSENSUS
MUC12	LOW_COVERAGE
MUC13	LOW_COVERAGE
MUC15	LOW_EVIDENCE
MUC16	ACUTE_RESPONSE
MUC17	LOW_COVERAGE
MUC19	LOW_COVERAGE
MUC2	LOW_COVERAGE
MUC20	RNA_RESISTANCE_CONSENSUS
MUC20-OT1	LOW_COVERAGE
MUC21	LOW_COVERAGE
MUC22	LOW_COVERAGE
MUC3A	LOW_EVIDENCE
MUC4	LOW_EVIDENCE
MUC5AC	ACUTE_RESPONSE
MUC5B	RNA_RESISTANCE_CONSENSUS
MUC6	LOW_EVIDENCE
MUC7	LOW_COVERAGE
MUCL1	RNA_RESISTANCE_CONSENSUS
MUL1	LOW_EVIDENCE
MUM1	LOW_EVIDENCE
MUM1L1	ACUTE_RESPONSE
MURC	LOW_COVERAGE
MUS81	LOW_EVIDENCE
MUSK	LOW_COVERAGE
MUSTN1	LOW_COVERAGE
MUT	RNA_RESISTANCE_CONSENSUS
MUTYH	RNA_RESISTANCE_CONSENSUS
MVB12A	LOW_EVIDENCE
MVB12B	RNA_RESISTANCE_CONSENSUS
MVD	ACUTE_RESPONSE
MVK	RNA_RESISTANCE_CONSENSUS
MVP	RNA_RESISTANCE_CONSENSUS
MX1	RNA_RESISTANCE_CONSENSUS
MX2	RNA_RESISTANCE_CONSENSUS
MXD1	RNA_RESISTANCE_CONSENSUS
MXD3	RNA_RESISTANCE_CONSENSUS
MXD4	RNA_RESISTANCE_CONSENSUS
MXI1	RNA_RESISTANCE_CONSENSUS
MXRA5	LOW_EVIDENCE
MXRA5Y	LOW_COVERAGE
MXRA7	RNA_RESISTANCE_CONSENSUS
MXRA8	LOW_EVIDENCE
MYADM	LOW_EVIDENCE
MYADML2	LOW_COVERAGE
MYB	RNA_RESISTANCE_CONSENSUS
MYB-AS1	LOW_COVERAGE
MYBBP1A	LOW_EVIDENCE
MYBL1	RNA_RESISTANCE_CONSENSUS
MYBL2	RNA_RESISTANCE_CONSENSUS
MYBPC1	LOW_EVIDENCE
MYBPC2	LOW_COVERAGE
MYBPC3	LOW_COVERAGE
MYBPH	LOW_COVERAGE
MYBPHL	LOW_COVERAGE
MYC	LOW_EVIDENCE
MYCBP	ACUTE_RESPONSE
MYCBP2	LOW_EVIDENCE
MYCBP2-AS1	LOW_COVERAGE
MYCBP2-AS2	LOW_COVERAGE
MYCBPAP	LOW_EVIDENCE
MYCL	RNA_RESISTANCE_CONSENSUS
MYCN	LOW_COVERAGE
MYCNOS	LOW_COVERAGE
MYCT1	LOW_COVERAGE
MYD88	RNA_RESISTANCE_CONSENSUS
MYDGF	ACUTE_RESPONSE
MYEF2	RNA_RESISTANCE_CONSENSUS
MYEOV	RNA_RESISTANCE_CONSENSUS
MYEOV2	LOW_EVIDENCE
MYF5	LOW_COVERAGE
MYF6	LOW_COVERAGE
MYH1	LOW_COVERAGE
MYH10	LOW_EVIDENCE
MYH11	LOW_EVIDENCE
MYH13	LOW_COVERAGE
MYH14	RNA_RESISTANCE_CONSENSUS
MYH15	LOW_EVIDENCE
MYH16	LOW_COVERAGE
MYH2	LOW_COVERAGE
MYH3	LOW_EVIDENCE
MYH4	LOW_COVERAGE
MYH6	LOW_COVERAGE
MYH7	LOW_COVERAGE
MYH7B	LOW_EVIDENCE
MYH8	LOW_COVERAGE
MYH9	LOW_EVIDENCE
MYL1	LOW_COVERAGE
MYL10	LOW_COVERAGE
MYL12A	LOW_EVIDENCE
MYL12AP1	LOW_COVERAGE
MYL12B	LOW_EVIDENCE
MYL12BP1	LOW_COVERAGE
MYL12BP2	LOW_COVERAGE
MYL2	LOW_COVERAGE
MYL3	LOW_COVERAGE
MYL4	LOW_COVERAGE
MYL5	LOW_EVIDENCE
MYL6	LOW_EVIDENCE
MYL6B	RNA_RESISTANCE_CONSENSUS
MYL6P5	LOW_COVERAGE
MYL7	LOW_COVERAGE
MYL9	LOW_EVIDENCE
MYLIP	ACUTE_RESPONSE
MYLK	LOW_EVIDENCE
MYLK-AS1	LOW_EVIDENCE
MYLK2	LOW_COVERAGE
MYLK3	LOW_EVIDENCE
MYLK4	LOW_EVIDENCE
MYLKP1	LOW_COVERAGE
MYLPF	LOW_EVIDENCE
MYNN	LOW_EVIDENCE
MYO10	RNA_RESISTANCE_CONSENSUS
MYO15A	LOW_EVIDENCE
MYO15B	LOW_EVIDENCE
MYO16	HUMAN_TUMOR_SUPPORTED
MYO18A	RNA_RESISTANCE_CONSENSUS
MYO18B	LOW_COVERAGE
MYO19	LOW_EVIDENCE
MYO1A	LOW_COVERAGE
MYO1B	ACUTE_RESPONSE
MYO1C	LOW_EVIDENCE
MYO1D	LOW_EVIDENCE
MYO1E	RNA_RESISTANCE_CONSENSUS
MYO1F	LOW_EVIDENCE
MYO1G	LOW_EVIDENCE
MYO1H	LOW_EVIDENCE
MYO3A	LOW_COVERAGE
MYO3B	LOW_EVIDENCE
MYO5A	RNA_RESISTANCE_CONSENSUS
MYO5B	RNA_RESISTANCE_CONSENSUS
MYO5BP2	LOW_COVERAGE
MYO5C	LOW_EVIDENCE
MYO6	LOW_EVIDENCE
MYO7A	LOW_EVIDENCE
MYO7B	LOW_COVERAGE
MYO9A	LOW_EVIDENCE
MYO9B	LOW_EVIDENCE
MYOC	LOW_COVERAGE
MYOCD	LOW_COVERAGE
MYOCOS	LOW_COVERAGE
MYOD1	LOW_COVERAGE
MYOF	RNA_RESISTANCE_CONSENSUS
MYOG	LOW_COVERAGE
MYOM1	LOW_EVIDENCE
MYOM2	LOW_COVERAGE
MYOM3	LOW_COVERAGE
MYORG	LOW_COVERAGE
MYOSLID	LOW_COVERAGE
MYOT	LOW_COVERAGE
MYOZ1	LOW_COVERAGE
MYOZ2	LOW_COVERAGE
MYOZ3	LOW_COVERAGE
MYPN	RNA_RESISTANCE_CONSENSUS
MYPOP	LOW_EVIDENCE
MYRF	LOW_EVIDENCE
MYRFL	RNA_RESISTANCE_CONSENSUS
MYRIP	RNA_RESISTANCE_CONSENSUS
MYSM1	LOW_EVIDENCE
MYT1	RNA_RESISTANCE_CONSENSUS
MYT1L	LOW_COVERAGE
MYZAP	RNA_RESISTANCE_CONSENSUS
MZB1	RNA_RESISTANCE_CONSENSUS
MZF1	LOW_EVIDENCE
MZF1-AS1	RNA_RESISTANCE_CONSENSUS
MZT1	LOW_EVIDENCE
MZT2A	LOW_EVIDENCE
MZT2B	LOW_EVIDENCE
Mar.01	LOW_COVERAGE
Mar.02	LOW_COVERAGE
Mar.03	LOW_COVERAGE
Mar.04	LOW_COVERAGE
Mar.05	LOW_COVERAGE
Mar.06	LOW_COVERAGE
Mar.07	LOW_COVERAGE
Mar.08	LOW_COVERAGE
Mar.09	LOW_COVERAGE
Mar.10	LOW_COVERAGE
Mar.11	LOW_COVERAGE
N4BP1	LOW_EVIDENCE
N4BP2	RNA_RESISTANCE_CONSENSUS
N4BP2L1	RNA_RESISTANCE_CONSENSUS
N4BP2L2	LOW_EVIDENCE
N4BP2L2-IT2	LOW_COVERAGE
N4BP3	LOW_EVIDENCE
N6AMT1	LOW_EVIDENCE
N6AMT2	LOW_EVIDENCE
NAA10	LOW_EVIDENCE
NAA11	LOW_COVERAGE
NAA15	ACUTE_RESPONSE
NAA16	LOW_EVIDENCE
NAA20	LOW_EVIDENCE
NAA25	LOW_EVIDENCE
NAA30	LOW_EVIDENCE
NAA35	LOW_EVIDENCE
NAA38	LOW_EVIDENCE
NAA40	RNA_RESISTANCE_CONSENSUS
NAA50	LOW_EVIDENCE
NAA60	LOW_EVIDENCE
NAA80	LOW_COVERAGE
NAAA	LOW_EVIDENCE
NAALAD2	LOW_EVIDENCE
NAALADL1	LOW_COVERAGE
NAALADL2	RNA_RESISTANCE_CONSENSUS
NAALADL2-AS1	LOW_COVERAGE
NAALADL2-AS2	LOW_COVERAGE
NAALADL2-AS3	LOW_COVERAGE
NAB1	RNA_RESISTANCE_CONSENSUS
NAB2	RNA_RESISTANCE_CONSENSUS
NABP1	RNA_RESISTANCE_CONSENSUS
NABP2	LOW_EVIDENCE
NACA	LOW_EVIDENCE
NACA2	LOW_EVIDENCE
NACA3P	LOW_COVERAGE
NACAD	LOW_COVERAGE
NACAP1	LOW_COVERAGE
NACC1	LOW_EVIDENCE
NACC2	RNA_RESISTANCE_CONSENSUS
NADK	LOW_EVIDENCE
NADK2	LOW_EVIDENCE
NADK2-AS1	LOW_COVERAGE
NADSYN1	RNA_RESISTANCE_CONSENSUS
NAE1	LOW_EVIDENCE
NAF1	LOW_EVIDENCE
NAGA	RNA_RESISTANCE_CONSENSUS
NAGK	RNA_RESISTANCE_CONSENSUS
NAGLU	RNA_RESISTANCE_CONSENSUS
NAGPA	LOW_EVIDENCE
NAGPA-AS1	LOW_COVERAGE
NAGS	RNA_RESISTANCE_CONSENSUS
NAIF1	ACUTE_RESPONSE
NAIP	LOW_EVIDENCE
NALCN	LOW_EVIDENCE
NALCN-AS1	LOW_COVERAGE
NALT1	LOW_COVERAGE
NAMPT	RNA_RESISTANCE_CONSENSUS
NAMPTL	LOW_COVERAGE
NAMPTP1	LOW_COVERAGE
NANOG	LOW_COVERAGE
NANOGNB	LOW_COVERAGE
NANOGP5	LOW_COVERAGE
NANOGP7	LOW_COVERAGE
NANOS1	LOW_EVIDENCE
NANOS2	LOW_COVERAGE
NANOS3	LOW_EVIDENCE
NANP	LOW_EVIDENCE
NANS	LOW_EVIDENCE
NAP1L1	LOW_EVIDENCE
NAP1L1P1	LOW_COVERAGE
NAP1L1P3	LOW_COVERAGE
NAP1L2	LOW_EVIDENCE
NAP1L3	LOW_EVIDENCE
NAP1L4	LOW_EVIDENCE
NAP1L4P1	LOW_COVERAGE
NAP1L4P3	LOW_COVERAGE
NAP1L5	RNA_RESISTANCE_CONSENSUS
NAP1L6	LOW_COVERAGE
NAPA	ACUTE_RESPONSE
NAPA-AS1	RNA_RESISTANCE_CONSENSUS
NAPB	RNA_RESISTANCE_CONSENSUS
NAPEPLD	RNA_RESISTANCE_CONSENSUS
NAPG	LOW_EVIDENCE
NAPRT	LOW_EVIDENCE
NAPSA	LOW_EVIDENCE
NAPSB	LOW_COVERAGE
NARF	RNA_RESISTANCE_CONSENSUS
NARF-IT1	LOW_COVERAGE
NARFL	LOW_EVIDENCE
NARR	LOW_COVERAGE
NARS	LOW_EVIDENCE
NARS2	LOW_EVIDENCE
NASP	LOW_EVIDENCE
NAT1	RNA_RESISTANCE_CONSENSUS
NAT10	LOW_EVIDENCE
NAT14	LOW_EVIDENCE
NAT16	LOW_COVERAGE
NAT2	LOW_EVIDENCE
NAT6	LOW_EVIDENCE
NAT8	LOW_COVERAGE
NAT8B	LOW_COVERAGE
NAT8L	LOW_EVIDENCE
NAT9	LOW_EVIDENCE
NATD1	RNA_RESISTANCE_CONSENSUS
NAV1	LOW_EVIDENCE
NAV2	RNA_RESISTANCE_CONSENSUS
NAV2-AS3	LOW_COVERAGE
NAV3	LOW_EVIDENCE
NAXD	LOW_COVERAGE
NAXE	LOW_COVERAGE
NBAS	LOW_EVIDENCE
NBAT1	LOW_COVERAGE
NBDY	LOW_COVERAGE
NBEA	LOW_EVIDENCE
NBEAL1	LOW_EVIDENCE
NBEAL2	RNA_RESISTANCE_CONSENSUS
NBEAP1	LOW_COVERAGE
NBEAP3	LOW_COVERAGE
NBL1	RNA_RESISTANCE_CONSENSUS
NBN	LOW_EVIDENCE
NBPF1	RNA_RESISTANCE_CONSENSUS
NBPF10	RNA_RESISTANCE_CONSENSUS
NBPF11	LOW_EVIDENCE
NBPF12	LOW_EVIDENCE
NBPF13P	LOW_COVERAGE
NBPF14	HUMAN_TUMOR_SUPPORTED
NBPF15	LOW_EVIDENCE
NBPF19	HUMAN_TUMOR_SUPPORTED
NBPF20	HUMAN_TUMOR_SUPPORTED
NBPF25P	LOW_COVERAGE
NBPF26	RNA_RESISTANCE_CONSENSUS
NBPF2P	LOW_COVERAGE
NBPF3	LOW_EVIDENCE
NBPF4	LOW_COVERAGE
NBPF6	LOW_COVERAGE
NBPF7	LOW_COVERAGE
NBPF8	LOW_EVIDENCE
NBPF8P	LOW_COVERAGE
NBPF9	LOW_EVIDENCE
NBR1	LOW_EVIDENCE
NBR2	LOW_EVIDENCE
NCALD	LOW_EVIDENCE
NCAM1	HUMAN_TUMOR_SUPPORTED
NCAM2	RNA_RESISTANCE_CONSENSUS
NCAN	LOW_COVERAGE
NCAPD2	LOW_EVIDENCE
NCAPD3	LOW_EVIDENCE
NCAPG	RNA_RESISTANCE_CONSENSUS
NCAPG2	LOW_EVIDENCE
NCAPH	LOW_EVIDENCE
NCAPH2	LOW_EVIDENCE
NCBP1	LOW_EVIDENCE
NCBP2	RNA_RESISTANCE_CONSENSUS
NCBP2-AS1	LOW_COVERAGE
NCBP2-AS2	LOW_EVIDENCE
NCBP2AS2	LOW_COVERAGE
NCBP2L	LOW_COVERAGE
NCBP3	LOW_COVERAGE
NCCRP1	LOW_EVIDENCE
NCDN	RNA_RESISTANCE_CONSENSUS
NCEH1	LOW_EVIDENCE
NCF1	LOW_COVERAGE
NCF2	RNA_RESISTANCE_CONSENSUS
NCF4	LOW_COVERAGE
NCF4-AS1	LOW_COVERAGE
NCK1	LOW_EVIDENCE
NCK1-AS1	LOW_COVERAGE
NCK1-DT	LOW_COVERAGE
NCK2	RNA_RESISTANCE_CONSENSUS
NCKAP1	LOW_EVIDENCE
NCKAP1L	LOW_COVERAGE
NCKAP5	RNA_RESISTANCE_CONSENSUS
NCKAP5-AS2	LOW_COVERAGE
NCKAP5-IT1	LOW_COVERAGE
NCKAP5L	RNA_RESISTANCE_CONSENSUS
NCKIPSD	LOW_EVIDENCE
NCL	RNA_RESISTANCE_CONSENSUS
NCLN	LOW_EVIDENCE
NCLP1	LOW_COVERAGE
NCMAP	RNA_RESISTANCE_CONSENSUS
NCMAP-DT	LOW_COVERAGE
NCOA1	RNA_RESISTANCE_CONSENSUS
NCOA2	LOW_EVIDENCE
NCOA3	LOW_EVIDENCE
NCOA4	LOW_EVIDENCE
NCOA5	LOW_EVIDENCE
NCOA6	LOW_EVIDENCE
NCOA7	LOW_EVIDENCE
NCOA7-AS1	LOW_COVERAGE
NCOR1	LOW_EVIDENCE
NCOR2	RNA_RESISTANCE_CONSENSUS
NCR1	LOW_COVERAGE
NCR2	LOW_COVERAGE
NCR3	LOW_COVERAGE
NCR3LG1	LOW_EVIDENCE
NCS1	LOW_EVIDENCE
NCSTN	LOW_EVIDENCE
NDC1	LOW_EVIDENCE
NDC80	RNA_RESISTANCE_CONSENSUS
NDE1	LOW_EVIDENCE
NDEL1	LOW_EVIDENCE
NDFIP1	RNA_RESISTANCE_CONSENSUS
NDFIP1P1	LOW_COVERAGE
NDFIP2	LOW_EVIDENCE
NDN	LOW_EVIDENCE
NDNF	LOW_EVIDENCE
NDNL2	LOW_EVIDENCE
NDOR1	LOW_EVIDENCE
NDP	LOW_COVERAGE
NDRG1	RNA_RESISTANCE_CONSENSUS
NDRG2	RNA_RESISTANCE_CONSENSUS
NDRG3	LOW_EVIDENCE
NDRG4	ACUTE_RESPONSE
NDST1	LOW_EVIDENCE
NDST1-AS1	LOW_COVERAGE
NDST2	LOW_EVIDENCE
NDST3	HUMAN_TUMOR_SUPPORTED
NDST4	LOW_COVERAGE
NDUFA1	LOW_EVIDENCE
NDUFA10	RNA_RESISTANCE_CONSENSUS
NDUFA11	LOW_EVIDENCE
NDUFA12	RNA_RESISTANCE_CONSENSUS
NDUFA13	LOW_EVIDENCE
NDUFA2	LOW_EVIDENCE
NDUFA3	LOW_EVIDENCE
NDUFA3P1	LOW_COVERAGE
NDUFA3P2	LOW_COVERAGE
NDUFA4	LOW_EVIDENCE
NDUFA4L2	ACUTE_RESPONSE
NDUFA5	LOW_EVIDENCE
NDUFA5P11	LOW_COVERAGE
NDUFA6	LOW_EVIDENCE
NDUFA6-AS1	LOW_COVERAGE
NDUFA6-DT	LOW_COVERAGE
NDUFA7	LOW_EVIDENCE
NDUFA8	LOW_EVIDENCE
NDUFA9	LOW_EVIDENCE
NDUFA9P1	LOW_COVERAGE
NDUFAB1	LOW_EVIDENCE
NDUFAF1	LOW_EVIDENCE
NDUFAF2	LOW_EVIDENCE
NDUFAF3	LOW_EVIDENCE
NDUFAF4	LOW_EVIDENCE
NDUFAF4P1	LOW_COVERAGE
NDUFAF4P2	LOW_COVERAGE
NDUFAF5	LOW_EVIDENCE
NDUFAF6	RNA_RESISTANCE_CONSENSUS
NDUFAF7	LOW_EVIDENCE
NDUFAF8	LOW_COVERAGE
NDUFB1	LOW_EVIDENCE
NDUFB10	LOW_EVIDENCE
NDUFB11	LOW_EVIDENCE
NDUFB1P1	LOW_COVERAGE
NDUFB1P2	LOW_COVERAGE
NDUFB2	LOW_EVIDENCE
NDUFB2-AS1	LOW_EVIDENCE
NDUFB3	LOW_EVIDENCE
NDUFB4	LOW_EVIDENCE
NDUFB4P1	LOW_COVERAGE
NDUFB4P2	LOW_COVERAGE
NDUFB5	LOW_EVIDENCE
NDUFB6	LOW_EVIDENCE
NDUFB7	LOW_EVIDENCE
NDUFB8	LOW_EVIDENCE
NDUFB8P2	LOW_COVERAGE
NDUFB9	LOW_EVIDENCE
NDUFC1	LOW_EVIDENCE
NDUFC2	LOW_EVIDENCE
NDUFC2-KCTD14	LOW_COVERAGE
NDUFS1	LOW_EVIDENCE
NDUFS2	LOW_EVIDENCE
NDUFS3	LOW_EVIDENCE
NDUFS4	LOW_EVIDENCE
NDUFS5	LOW_EVIDENCE
NDUFS5P1	LOW_COVERAGE
NDUFS6	LOW_EVIDENCE
NDUFS7	LOW_EVIDENCE
NDUFS8	LOW_EVIDENCE
NDUFV1	LOW_EVIDENCE
NDUFV2	RNA_RESISTANCE_CONSENSUS
NDUFV2-AS1	LOW_EVIDENCE
NDUFV2P1	LOW_COVERAGE
NDUFV3	LOW_EVIDENCE
NEAT1	RNA_RESISTANCE_CONSENSUS
NEAT1_1	LOW_COVERAGE
NEAT1_2	LOW_COVERAGE
NEAT1_3	LOW_COVERAGE
NEB	RNA_RESISTANCE_CONSENSUS
NEBL	LOW_EVIDENCE
NEBL-AS1	RNA_RESISTANCE_CONSENSUS
NECAB1	RNA_RESISTANCE_CONSENSUS
NECAB2	LOW_EVIDENCE
NECAB3	RNA_RESISTANCE_CONSENSUS
NECAP1	LOW_EVIDENCE
NECAP2	LOW_EVIDENCE
NECTIN1	LOW_COVERAGE
NECTIN1-AS1	LOW_COVERAGE
NECTIN2	LOW_COVERAGE
NECTIN3	LOW_COVERAGE
NECTIN3-AS1	LOW_COVERAGE
NECTIN4	LOW_COVERAGE
NEDD1	LOW_EVIDENCE
NEDD4	LOW_EVIDENCE
NEDD4L	RNA_RESISTANCE_CONSENSUS
NEDD8	LOW_EVIDENCE
NEDD8-MDP1	LOW_EVIDENCE
NEDD9	RNA_RESISTANCE_CONSENSUS
NEFH	LOW_COVERAGE
NEFL	LOW_COVERAGE
NEFM	LOW_COVERAGE
NEGR1	LOW_EVIDENCE
NEIL1	LOW_EVIDENCE
NEIL2	RNA_RESISTANCE_CONSENSUS
NEIL3	RNA_RESISTANCE_CONSENSUS
NEK1	RNA_RESISTANCE_CONSENSUS
NEK10	LOW_EVIDENCE
NEK11	LOW_EVIDENCE
NEK2	RNA_RESISTANCE_CONSENSUS
NEK2P4	LOW_COVERAGE
NEK3	RNA_RESISTANCE_CONSENSUS
NEK4	LOW_EVIDENCE
NEK5	LOW_EVIDENCE
NEK6	RNA_RESISTANCE_CONSENSUS
NEK7	LOW_EVIDENCE
NEK8	LOW_EVIDENCE
NEK9	RNA_RESISTANCE_CONSENSUS
NELFA	LOW_EVIDENCE
NELFB	LOW_EVIDENCE
NELFCD	LOW_EVIDENCE
NELFE	LOW_EVIDENCE
NELL1	LOW_COVERAGE
NELL2	LOW_EVIDENCE
NEMF	LOW_EVIDENCE
NEMP1	LOW_EVIDENCE
NEMP2	LOW_EVIDENCE
NENF	LOW_EVIDENCE
NEO1	LOW_EVIDENCE
NEPRO	LOW_COVERAGE
NES	RNA_RESISTANCE_CONSENSUS
NET1	ACUTE_RESPONSE
NETO1	LOW_COVERAGE
NETO2	RNA_RESISTANCE_CONSENSUS
NEU1	RNA_RESISTANCE_CONSENSUS
NEU2	LOW_COVERAGE
NEU3	RNA_RESISTANCE_CONSENSUS
NEU4	LOW_EVIDENCE
NEURL1	RNA_RESISTANCE_CONSENSUS
NEURL1B	RNA_RESISTANCE_CONSENSUS
NEURL2	LOW_EVIDENCE
NEURL3	LOW_COVERAGE
NEURL4	LOW_EVIDENCE
NEUROD1	LOW_COVERAGE
NEUROD2	LOW_EVIDENCE
NEUROD4	LOW_COVERAGE
NEUROD6	LOW_COVERAGE
NEUROG1	LOW_COVERAGE
NEUROG2	LOW_COVERAGE
NEUROG3	LOW_COVERAGE
NEXMIF	LOW_COVERAGE
NEXN	LOW_EVIDENCE
NEXN-AS1	LOW_EVIDENCE
NF1	FUNCTIONAL_ONLY
NF1P8	LOW_COVERAGE
NF2	RNA_RESISTANCE_CONSENSUS
NFAM1	LOW_COVERAGE
NFASC	LOW_EVIDENCE
NFAT5	LOW_EVIDENCE
NFATC1	RNA_RESISTANCE_CONSENSUS
NFATC2	LOW_EVIDENCE
NFATC2IP	LOW_EVIDENCE
NFATC3	LOW_EVIDENCE
NFATC4	RNA_RESISTANCE_CONSENSUS
NFE2	LOW_EVIDENCE
NFE2L1	LOW_EVIDENCE
NFE2L2	RNA_RESISTANCE_CONSENSUS
NFE2L3	ACUTE_RESPONSE
NFE4	LOW_COVERAGE
NFIA	RNA_RESISTANCE_CONSENSUS
NFIA-AS1	LOW_COVERAGE
NFIA-AS2	LOW_COVERAGE
NFIB	RNA_RESISTANCE_CONSENSUS
NFIC	RNA_RESISTANCE_CONSENSUS
NFIL3	LOW_EVIDENCE
NFIX	RNA_RESISTANCE_CONSENSUS
NFKB1	LOW_EVIDENCE
NFKB2	RNA_RESISTANCE_CONSENSUS
NFKBIA	RNA_RESISTANCE_CONSENSUS
NFKBIB	LOW_EVIDENCE
NFKBID	LOW_EVIDENCE
NFKBIE	LOW_EVIDENCE
NFKBIL1	LOW_EVIDENCE
NFKBIZ	LOW_EVIDENCE
NFRKB	LOW_EVIDENCE
NFS1	LOW_EVIDENCE
NFU1	RNA_RESISTANCE_CONSENSUS
NFX1	RNA_RESISTANCE_CONSENSUS
NFXL1	RNA_RESISTANCE_CONSENSUS
NFYA	LOW_EVIDENCE
NFYAP1	LOW_COVERAGE
NFYB	LOW_EVIDENCE
NFYC	RNA_RESISTANCE_CONSENSUS
NFYC-AS1	RNA_RESISTANCE_CONSENSUS
NGB	LOW_COVERAGE
NGDN	LOW_EVIDENCE
NGEF	LOW_EVIDENCE
NGF	LOW_COVERAGE
NGFR	RNA_RESISTANCE_CONSENSUS
NGFRAP1	LOW_EVIDENCE
NGLY1	LOW_EVIDENCE
NGRN	RNA_RESISTANCE_CONSENSUS
NHEJ1	LOW_EVIDENCE
NHLH1	LOW_COVERAGE
NHLH2	LOW_EVIDENCE
NHLRC1	RNA_RESISTANCE_CONSENSUS
NHLRC2	RNA_RESISTANCE_CONSENSUS
NHLRC3	LOW_EVIDENCE
NHLRC4	LOW_COVERAGE
NHP2	LOW_EVIDENCE
NHP2L1	LOW_COVERAGE
NHS	RNA_RESISTANCE_CONSENSUS
NHS-AS1	LOW_COVERAGE
NHSL1	LOW_EVIDENCE
NHSL2	RNA_RESISTANCE_CONSENSUS
NIBAN1	LOW_COVERAGE
NIBAN2	LOW_COVERAGE
NIBAN3	LOW_COVERAGE
NICN1	LOW_EVIDENCE
NID1	LOW_COVERAGE
NID2	LOW_EVIDENCE
NIF3L1	LOW_EVIDENCE
NIFK	RNA_RESISTANCE_CONSENSUS
NIFK-AS1	LOW_EVIDENCE
NIM1K	LOW_EVIDENCE
NIN	LOW_EVIDENCE
NINJ1	RNA_RESISTANCE_CONSENSUS
NINJ2	LOW_EVIDENCE
NINL	LOW_EVIDENCE
NIP7	LOW_EVIDENCE
NIP7P3	LOW_COVERAGE
NIPA1	LOW_EVIDENCE
NIPA2	LOW_EVIDENCE
NIPAL1	RNA_RESISTANCE_CONSENSUS
NIPAL2	RNA_RESISTANCE_CONSENSUS
NIPAL3	LOW_EVIDENCE
NIPAL4	LOW_COVERAGE
NIPBL	LOW_EVIDENCE
NIPBL-DT	LOW_COVERAGE
NIPSNAP1	RNA_RESISTANCE_CONSENSUS
NIPSNAP2	LOW_COVERAGE
NIPSNAP3A	RNA_RESISTANCE_CONSENSUS
NIPSNAP3B	LOW_EVIDENCE
NISCH	LOW_EVIDENCE
NIT1	LOW_EVIDENCE
NIT2	LOW_EVIDENCE
NKAIN1	RNA_RESISTANCE_CONSENSUS
NKAIN2	LOW_EVIDENCE
NKAIN3	LOW_EVIDENCE
NKAIN4	LOW_COVERAGE
NKAP	LOW_EVIDENCE
NKAPD1	LOW_COVERAGE
NKAPL	LOW_COVERAGE
NKAPP1	LOW_COVERAGE
NKD1	RNA_RESISTANCE_CONSENSUS
NKD2	RNA_RESISTANCE_CONSENSUS
NKG7	LOW_COVERAGE
NKILA	HUMAN_TUMOR_SUPPORTED
NKIRAS1	LOW_EVIDENCE
NKIRAS2	LOW_EVIDENCE
NKPD1	LOW_EVIDENCE
NKRF	LOW_EVIDENCE
NKTR	LOW_EVIDENCE
NKX1-1	LOW_COVERAGE
NKX1-2	LOW_EVIDENCE
NKX2-1	LOW_COVERAGE
NKX2-2	RNA_RESISTANCE_CONSENSUS
NKX2-2-AS1	LOW_COVERAGE
NKX2-3	LOW_COVERAGE
NKX2-4	LOW_COVERAGE
NKX2-5	LOW_COVERAGE
NKX2-6	LOW_COVERAGE
NKX2-8	RNA_RESISTANCE_CONSENSUS
NKX3-1	LOW_EVIDENCE
NKX3-2	LOW_COVERAGE
NKX6-1	LOW_COVERAGE
NKX6-2	LOW_COVERAGE
NKX6-3	LOW_COVERAGE
NLE1	LOW_EVIDENCE
NLGN1	LOW_EVIDENCE
NLGN1-AS1	LOW_COVERAGE
NLGN2	RNA_RESISTANCE_CONSENSUS
NLGN3	RNA_RESISTANCE_CONSENSUS
NLGN4X	HUMAN_TUMOR_SUPPORTED
NLGN4Y	LOW_COVERAGE
NLK	LOW_EVIDENCE
NLN	RNA_RESISTANCE_CONSENSUS
NLRC3	LOW_EVIDENCE
NLRC4	LOW_EVIDENCE
NLRC5	RNA_RESISTANCE_CONSENSUS
NLRP1	LOW_EVIDENCE
NLRP10	LOW_COVERAGE
NLRP11	LOW_COVERAGE
NLRP12	LOW_COVERAGE
NLRP13	LOW_COVERAGE
NLRP14	LOW_COVERAGE
NLRP2	LOW_EVIDENCE
NLRP2B	LOW_COVERAGE
NLRP3	LOW_EVIDENCE
NLRP4	LOW_COVERAGE
NLRP5	LOW_COVERAGE
NLRP6	LOW_COVERAGE
NLRP7	LOW_COVERAGE
NLRP8	LOW_COVERAGE
NLRP9	LOW_COVERAGE
NLRX1	HUMAN_TUMOR_SUPPORTED
NMB	LOW_EVIDENCE
NMBR	LOW_COVERAGE
NMD3	RNA_RESISTANCE_CONSENSUS
NMD3P1	LOW_COVERAGE
NME1	LOW_EVIDENCE
NME1-NME2	LOW_EVIDENCE
NME1P1	LOW_COVERAGE
NME2	LOW_EVIDENCE
NME2P1	LOW_COVERAGE
NME3	RNA_RESISTANCE_CONSENSUS
NME4	RNA_RESISTANCE_CONSENSUS
NME5	HUMAN_TUMOR_SUPPORTED
NME6	LOW_EVIDENCE
NME7	RNA_RESISTANCE_CONSENSUS
NME8	LOW_COVERAGE
NME9	LOW_EVIDENCE
NMI	RNA_RESISTANCE_CONSENSUS
NMNAT1	LOW_EVIDENCE
NMNAT2	RNA_RESISTANCE_CONSENSUS
NMNAT3	RNA_RESISTANCE_CONSENSUS
NMRAL1	LOW_EVIDENCE
NMRK1	RNA_RESISTANCE_CONSENSUS
NMRK2	LOW_COVERAGE
NMS	LOW_COVERAGE
NMT1	LOW_EVIDENCE
NMT2	RNA_RESISTANCE_CONSENSUS
NMU	LOW_EVIDENCE
NMUR1	LOW_COVERAGE
NMUR2	LOW_COVERAGE
NNAT	LOW_COVERAGE
NNMT	LOW_COVERAGE
NNT	LOW_EVIDENCE
NNT-AS1	RNA_RESISTANCE_CONSENSUS
NOA1	LOW_EVIDENCE
NOB1	LOW_EVIDENCE
NOBOX	LOW_COVERAGE
NOC2L	LOW_EVIDENCE
NOC3L	LOW_EVIDENCE
NOC4L	LOW_EVIDENCE
NOCT	LOW_EVIDENCE
NOD1	RNA_RESISTANCE_CONSENSUS
NOD2	LOW_EVIDENCE
NODAL	LOW_COVERAGE
NOG	RNA_RESISTANCE_CONSENSUS
NOL10	RNA_RESISTANCE_CONSENSUS
NOL11	LOW_EVIDENCE
NOL12	RNA_RESISTANCE_CONSENSUS
NOL3	LOW_EVIDENCE
NOL4	LOW_COVERAGE
NOL4L	RNA_RESISTANCE_CONSENSUS
NOL6	RNA_RESISTANCE_CONSENSUS
NOL7	LOW_EVIDENCE
NOL8	LOW_EVIDENCE
NOL9	LOW_EVIDENCE
NOLC1	LOW_EVIDENCE
NOM1	RNA_RESISTANCE_CONSENSUS
NOMO1	LOW_EVIDENCE
NOMO2	LOW_EVIDENCE
NOMO3	LOW_EVIDENCE
NONO	LOW_EVIDENCE
NONOP2	LOW_COVERAGE
NOP10	LOW_EVIDENCE
NOP14	LOW_EVIDENCE
NOP14-AS1	RNA_RESISTANCE_CONSENSUS
NOP16	LOW_EVIDENCE
NOP2	RNA_RESISTANCE_CONSENSUS
NOP53	LOW_COVERAGE
NOP53-AS1	LOW_COVERAGE
NOP56	LOW_EVIDENCE
NOP56P3	LOW_COVERAGE
NOP58	LOW_EVIDENCE
NOP9	RNA_RESISTANCE_CONSENSUS
NORAD	LOW_COVERAGE
NOS1	LOW_COVERAGE
NOS1AP	RNA_RESISTANCE_CONSENSUS
NOS2	LOW_COVERAGE
NOS3	LOW_EVIDENCE
NOSIP	LOW_EVIDENCE
NOSTRIN	HUMAN_TUMOR_SUPPORTED
NOTCH1	RNA_RESISTANCE_CONSENSUS
NOTCH2	RNA_RESISTANCE_CONSENSUS
NOTCH2NL	LOW_EVIDENCE
NOTCH2NLA	LOW_COVERAGE
NOTCH2NLC	LOW_COVERAGE
NOTCH3	RNA_RESISTANCE_CONSENSUS
NOTCH4	LOW_EVIDENCE
NOTO	LOW_COVERAGE
NOTUM	HUMAN_TUMOR_SUPPORTED
NOV	ACUTE_RESPONSE
NOVA1	RNA_RESISTANCE_CONSENSUS
NOVA1-AS1	LOW_COVERAGE
NOVA2	RNA_RESISTANCE_CONSENSUS
NOX1	LOW_COVERAGE
NOX3	LOW_COVERAGE
NOX4	LOW_COVERAGE
NOX5	RNA_RESISTANCE_CONSENSUS
NOXA1	RNA_RESISTANCE_CONSENSUS
NOXO1	HUMAN_TUMOR_SUPPORTED
NOXRED1	LOW_EVIDENCE
NPAP1	LOW_COVERAGE
NPAS1	LOW_EVIDENCE
NPAS2	RNA_RESISTANCE_CONSENSUS
NPAS3	ACUTE_RESPONSE
NPAS4	LOW_COVERAGE
NPAT	LOW_EVIDENCE
NPB	RNA_RESISTANCE_CONSENSUS
NPBWR1	LOW_COVERAGE
NPBWR2	LOW_COVERAGE
NPC1	RNA_RESISTANCE_CONSENSUS
NPC1L1	LOW_COVERAGE
NPC2	ACUTE_RESPONSE
NPDC1	RNA_RESISTANCE_CONSENSUS
NPEPL1	RNA_RESISTANCE_CONSENSUS
NPEPPS	LOW_EVIDENCE
NPFF	LOW_COVERAGE
NPFFR1	LOW_COVERAGE
NPFFR2	LOW_COVERAGE
NPHP1	LOW_EVIDENCE
NPHP3	LOW_EVIDENCE
NPHP3-ACAD11	LOW_COVERAGE
NPHP3-AS1	LOW_COVERAGE
NPHP4	LOW_EVIDENCE
NPHS1	LOW_COVERAGE
NPHS2	LOW_COVERAGE
NPIPA1	LOW_EVIDENCE
NPIPA2	LOW_COVERAGE
NPIPA3	LOW_EVIDENCE
NPIPA5	LOW_EVIDENCE
NPIPA7	LOW_COVERAGE
NPIPA8	LOW_COVERAGE
NPIPB11	LOW_EVIDENCE
NPIPB12	LOW_COVERAGE
NPIPB13	LOW_COVERAGE
NPIPB15	LOW_EVIDENCE
NPIPB2	LOW_COVERAGE
NPIPB3	LOW_EVIDENCE
NPIPB4	RNA_RESISTANCE_CONSENSUS
NPIPB5	LOW_EVIDENCE
NPIPB6	RNA_RESISTANCE_CONSENSUS
NPIPB8	LOW_COVERAGE
NPIPB9	LOW_COVERAGE
NPIPP1	LOW_COVERAGE
NPL	LOW_EVIDENCE
NPLOC4	LOW_EVIDENCE
NPM1	LOW_EVIDENCE
NPM1P19	LOW_COVERAGE
NPM1P22	LOW_COVERAGE
NPM1P24	LOW_COVERAGE
NPM1P25	LOW_COVERAGE
NPM1P26	LOW_COVERAGE
NPM1P27	LOW_COVERAGE
NPM1P29	LOW_COVERAGE
NPM1P30	LOW_COVERAGE
NPM1P32	LOW_COVERAGE
NPM1P37	LOW_COVERAGE
NPM1P39	LOW_COVERAGE
NPM1P43	LOW_COVERAGE
NPM1P46	LOW_COVERAGE
NPM1P6	LOW_COVERAGE
NPM1P9	LOW_COVERAGE
NPM2	LOW_EVIDENCE
NPM3	LOW_EVIDENCE
NPNT	RNA_RESISTANCE_CONSENSUS
NPPA	LOW_COVERAGE
NPPA-AS1	LOW_EVIDENCE
NPPA-AS1_1	LOW_COVERAGE
NPPB	LOW_COVERAGE
NPPC	RNA_RESISTANCE_CONSENSUS
NPR1	LOW_COVERAGE
NPR2	RNA_RESISTANCE_CONSENSUS
NPR3	RNA_RESISTANCE_CONSENSUS
NPRL2	LOW_EVIDENCE
NPRL3	LOW_EVIDENCE
NPS	LOW_COVERAGE
NPSR1	LOW_COVERAGE
NPSR1-AS1	LOW_COVERAGE
NPTN	LOW_EVIDENCE
NPTN-IT1	LOW_COVERAGE
NPTX1	LOW_EVIDENCE
NPTX2	LOW_EVIDENCE
NPTXR	LOW_EVIDENCE
NPVF	LOW_COVERAGE
NPW	RNA_RESISTANCE_CONSENSUS
NPY	LOW_COVERAGE
NPY1R	RNA_RESISTANCE_CONSENSUS
NPY2R	LOW_COVERAGE
NPY4R	LOW_COVERAGE
NPY5R	RNA_RESISTANCE_CONSENSUS
NQO1	RNA_RESISTANCE_CONSENSUS
NQO2	LOW_EVIDENCE
NR0B1	LOW_COVERAGE
NR0B2	LOW_COVERAGE
NR1D1	RNA_RESISTANCE_CONSENSUS
NR1D2	RNA_RESISTANCE_CONSENSUS
NR1H2	LOW_EVIDENCE
NR1H3	RNA_RESISTANCE_CONSENSUS
NR1H4	LOW_COVERAGE
NR1I2	LOW_COVERAGE
NR1I3	LOW_COVERAGE
NR2C1	RNA_RESISTANCE_CONSENSUS
NR2C2	LOW_EVIDENCE
NR2C2AP	RNA_RESISTANCE_CONSENSUS
NR2E1	LOW_COVERAGE
NR2E3	RNA_RESISTANCE_CONSENSUS
NR2F1	RNA_RESISTANCE_CONSENSUS
NR2F1-AS1	RNA_RESISTANCE_CONSENSUS
NR2F2	RNA_RESISTANCE_CONSENSUS
NR2F2-AS1	LOW_EVIDENCE
NR2F6	LOW_EVIDENCE
NR3C1	RNA_RESISTANCE_CONSENSUS
NR3C2	RNA_RESISTANCE_CONSENSUS
NR4A1	LOW_EVIDENCE
NR4A2	RNA_RESISTANCE_CONSENSUS
NR4A3	LOW_EVIDENCE
NR5A1	LOW_COVERAGE
NR5A2	RNA_RESISTANCE_CONSENSUS
NR6A1	LOW_EVIDENCE
NRAD1	LOW_COVERAGE
NRAP	LOW_COVERAGE
NRARP	RNA_RESISTANCE_CONSENSUS
NRAS	LOW_EVIDENCE
NRAV	RNA_RESISTANCE_CONSENSUS
NRBF2	LOW_EVIDENCE
NRBF2P5	LOW_COVERAGE
NRBP1	LOW_EVIDENCE
NRBP2	LOW_EVIDENCE
NRCAM	RNA_RESISTANCE_CONSENSUS
NRD1	LOW_EVIDENCE
NRDC	LOW_COVERAGE
NRDE2	LOW_EVIDENCE
NREP	LOW_EVIDENCE
NREP-AS1	LOW_COVERAGE
NRF1	LOW_EVIDENCE
NRG1	LOW_COVERAGE
NRG2	LOW_EVIDENCE
NRG3	RNA_RESISTANCE_CONSENSUS
NRG3-AS1	LOW_COVERAGE
NRG4	ACUTE_RESPONSE
NRGN	LOW_EVIDENCE
NRIP1	RNA_RESISTANCE_CONSENSUS
NRIP2	LOW_EVIDENCE
NRIP3	LOW_EVIDENCE
NRK	HUMAN_TUMOR_SUPPORTED
NRL	HUMAN_TUMOR_SUPPORTED
NRM	RNA_RESISTANCE_CONSENSUS
NRN1	LOW_EVIDENCE
NRN1L	LOW_COVERAGE
NRP1	RNA_RESISTANCE_CONSENSUS
NRP2	LOW_EVIDENCE
NRROS	LOW_COVERAGE
NRSN1	LOW_COVERAGE
NRSN2	LOW_EVIDENCE
NRSN2-AS1	RNA_RESISTANCE_CONSENSUS
NRTN	RNA_RESISTANCE_CONSENSUS
NRXN1	LOW_EVIDENCE
NRXN2	LOW_COVERAGE
NRXN3	HUMAN_TUMOR_SUPPORTED
NS3BP	LOW_COVERAGE
NSA2	LOW_EVIDENCE
NSD1	ACUTE_RESPONSE
NSD2	LOW_COVERAGE
NSD3	LOW_COVERAGE
NSDHL	ACUTE_RESPONSE
NSF	ACUTE_RESPONSE
NSFL1C	LOW_EVIDENCE
NSFP1	LOW_COVERAGE
NSG1	LOW_COVERAGE
NSG2	LOW_COVERAGE
NSL1	LOW_EVIDENCE
NSMAF	RNA_RESISTANCE_CONSENSUS
NSMCE1	RNA_RESISTANCE_CONSENSUS
NSMCE1-DT	LOW_COVERAGE
NSMCE2	LOW_EVIDENCE
NSMCE3	LOW_COVERAGE
NSMCE4A	RNA_RESISTANCE_CONSENSUS
NSMF	LOW_EVIDENCE
NSRP1	LOW_EVIDENCE
NSRP1P1	LOW_COVERAGE
NSUN2	RNA_RESISTANCE_CONSENSUS
NSUN3	LOW_EVIDENCE
NSUN4	LOW_EVIDENCE
NSUN5	LOW_EVIDENCE
NSUN5P1	LOW_COVERAGE
NSUN5P2	LOW_COVERAGE
NSUN6	RNA_RESISTANCE_CONSENSUS
NSUN7	LOW_EVIDENCE
NT5C	LOW_EVIDENCE
NT5C1A	LOW_COVERAGE
NT5C1B	LOW_COVERAGE
NT5C1B-RDH14	LOW_COVERAGE
NT5C2	RNA_RESISTANCE_CONSENSUS
NT5C3A	LOW_EVIDENCE
NT5C3AP1	LOW_COVERAGE
NT5C3B	RNA_RESISTANCE_CONSENSUS
NT5DC1	LOW_EVIDENCE
NT5DC2	RNA_RESISTANCE_CONSENSUS
NT5DC3	RNA_RESISTANCE_CONSENSUS
NT5DC4	LOW_COVERAGE
NT5E	RNA_RESISTANCE_CONSENSUS
NT5M	RNA_RESISTANCE_CONSENSUS
NTAN1	LOW_EVIDENCE
NTAN1P2	LOW_COVERAGE
NTF3	LOW_COVERAGE
NTF4	LOW_EVIDENCE
NTHL1	RNA_RESISTANCE_CONSENSUS
NTM	LOW_EVIDENCE
NTMT1	LOW_EVIDENCE
NTN1	LOW_EVIDENCE
NTN3	LOW_COVERAGE
NTN4	RNA_RESISTANCE_CONSENSUS
NTN5	LOW_COVERAGE
NTNG1	LOW_EVIDENCE
NTNG2	RNA_RESISTANCE_CONSENSUS
NTPCR	RNA_RESISTANCE_CONSENSUS
NTRK1	LOW_COVERAGE
NTRK2	LOW_EVIDENCE
NTRK3	LOW_COVERAGE
NTS	LOW_COVERAGE
NTSR1	RNA_RESISTANCE_CONSENSUS
NTSR2	HUMAN_TUMOR_SUPPORTED
NUAK1	RNA_RESISTANCE_CONSENSUS
NUAK2	LOW_EVIDENCE
NUB1	LOW_EVIDENCE
NUBP1	RNA_RESISTANCE_CONSENSUS
NUBP2	LOW_EVIDENCE
NUBPL	ACUTE_RESPONSE
NUCB1	LOW_EVIDENCE
NUCB1-AS1	LOW_COVERAGE
NUCB2	RNA_RESISTANCE_CONSENSUS
NUCKS1	LOW_EVIDENCE
NUDC	LOW_EVIDENCE
NUDCD1	LOW_EVIDENCE
NUDCD2	LOW_EVIDENCE
NUDCD3	LOW_EVIDENCE
NUDT1	RNA_RESISTANCE_CONSENSUS
NUDT10	LOW_COVERAGE
NUDT11	RNA_RESISTANCE_CONSENSUS
NUDT12	LOW_EVIDENCE
NUDT13	RNA_RESISTANCE_CONSENSUS
NUDT14	LOW_EVIDENCE
NUDT15	LOW_EVIDENCE
NUDT16	RNA_RESISTANCE_CONSENSUS
NUDT16L1	LOW_EVIDENCE
NUDT16P1	LOW_COVERAGE
NUDT17	RNA_RESISTANCE_CONSENSUS
NUDT18	RNA_RESISTANCE_CONSENSUS
NUDT19	RNA_RESISTANCE_CONSENSUS
NUDT19P5	LOW_COVERAGE
NUDT2	LOW_EVIDENCE
NUDT21	RNA_RESISTANCE_CONSENSUS
NUDT22	LOW_EVIDENCE
NUDT3	RNA_RESISTANCE_CONSENSUS
NUDT4	LOW_EVIDENCE
NUDT4B	LOW_COVERAGE
NUDT5	LOW_EVIDENCE
NUDT6	RNA_RESISTANCE_CONSENSUS
NUDT7	LOW_EVIDENCE
NUDT8	LOW_EVIDENCE
NUDT9	RNA_RESISTANCE_CONSENSUS
NUF2	RNA_RESISTANCE_CONSENSUS
NUFIP1	LOW_EVIDENCE
NUFIP2	LOW_EVIDENCE
NUGGC	LOW_COVERAGE
NUMA1	RNA_RESISTANCE_CONSENSUS
NUMB	LOW_EVIDENCE
NUMBL	LOW_EVIDENCE
NUP107	LOW_EVIDENCE
NUP133	LOW_EVIDENCE
NUP153	LOW_EVIDENCE
NUP155	LOW_EVIDENCE
NUP160	LOW_EVIDENCE
NUP188	LOW_EVIDENCE
NUP205	ACUTE_RESPONSE
NUP210	LOW_EVIDENCE
NUP210L	LOW_EVIDENCE
NUP214	RNA_RESISTANCE_CONSENSUS
NUP35	LOW_EVIDENCE
NUP37	LOW_EVIDENCE
NUP42	LOW_COVERAGE
NUP43	LOW_EVIDENCE
NUP50	LOW_EVIDENCE
NUP50-AS1	LOW_COVERAGE
NUP50-DT	LOW_COVERAGE
NUP54	LOW_EVIDENCE
NUP58	LOW_COVERAGE
NUP62	LOW_EVIDENCE
NUP62CL	RNA_RESISTANCE_CONSENSUS
NUP85	LOW_EVIDENCE
NUP88	LOW_EVIDENCE
NUP93	LOW_EVIDENCE
NUP98	LOW_EVIDENCE
NUPL1	LOW_EVIDENCE
NUPL2	RNA_RESISTANCE_CONSENSUS
NUPR1	ACUTE_RESPONSE
NUPR1L	LOW_COVERAGE
NUPR2	LOW_COVERAGE
NUS1	LOW_EVIDENCE
NUS1P2	LOW_COVERAGE
NUSAP1	LOW_EVIDENCE
NUTF2	LOW_EVIDENCE
NUTM1	LOW_COVERAGE
NUTM2A	LOW_COVERAGE
NUTM2A-AS1	LOW_EVIDENCE
NUTM2B	LOW_EVIDENCE
NUTM2B-AS1	LOW_EVIDENCE
NUTM2D	LOW_COVERAGE
NUTM2F	LOW_COVERAGE
NUTM2G	LOW_EVIDENCE
NVL	RNA_RESISTANCE_CONSENSUS
NWD1	LOW_EVIDENCE
NWD2	LOW_COVERAGE
NXF1	LOW_EVIDENCE
NXF2	LOW_COVERAGE
NXF2B	LOW_COVERAGE
NXF3	LOW_COVERAGE
NXF5	LOW_COVERAGE
NXN	RNA_RESISTANCE_CONSENSUS
NXNL1	LOW_COVERAGE
NXNL2	RNA_RESISTANCE_CONSENSUS
NXPE1	LOW_COVERAGE
NXPE2	LOW_COVERAGE
NXPE3	RNA_RESISTANCE_CONSENSUS
NXPE4	LOW_COVERAGE
NXPH1	RNA_RESISTANCE_CONSENSUS
NXPH2	LOW_COVERAGE
NXPH3	RNA_RESISTANCE_CONSENSUS
NXPH4	RNA_RESISTANCE_CONSENSUS
NXT1	LOW_EVIDENCE
NXT2	LOW_EVIDENCE
NYAP1	LOW_COVERAGE
NYAP2	LOW_COVERAGE
NYNRIN	RNA_RESISTANCE_CONSENSUS
NYX	LOW_COVERAGE
OACYLP	LOW_COVERAGE
OAF	RNA_RESISTANCE_CONSENSUS
OARD1	LOW_EVIDENCE
OAS1	RNA_RESISTANCE_CONSENSUS
OAS2	RNA_RESISTANCE_CONSENSUS
OAS3	RNA_RESISTANCE_CONSENSUS
OASL	RNA_RESISTANCE_CONSENSUS
OAT	LOW_EVIDENCE
OAZ1	LOW_EVIDENCE
OAZ2	LOW_EVIDENCE
OAZ3	RNA_RESISTANCE_CONSENSUS
OBFC1	LOW_EVIDENCE
OBI1	LOW_COVERAGE
OBI1-AS1	LOW_COVERAGE
OBP2A	LOW_COVERAGE
OBP2B	LOW_COVERAGE
OBSCN	RNA_RESISTANCE_CONSENSUS
OBSCN-AS1	LOW_COVERAGE
OBSL1	RNA_RESISTANCE_CONSENSUS
OC90	LOW_COVERAGE
OCA2	LOW_COVERAGE
OCEL1	RNA_RESISTANCE_CONSENSUS
OCIAD1	RNA_RESISTANCE_CONSENSUS
OCIAD1-AS1	LOW_COVERAGE
OCIAD2	RNA_RESISTANCE_CONSENSUS
OCLM	LOW_EVIDENCE
OCLN	LOW_EVIDENCE
OCM	LOW_COVERAGE
OCM2	LOW_COVERAGE
OCRL	RNA_RESISTANCE_CONSENSUS
OCSTAMP	LOW_COVERAGE
ODAM	LOW_COVERAGE
ODAPH	LOW_COVERAGE
ODC1	RNA_RESISTANCE_CONSENSUS
ODC1-DT	LOW_COVERAGE
ODCP	LOW_COVERAGE
ODF1	LOW_COVERAGE
ODF2	LOW_EVIDENCE
ODF2-AS1	LOW_COVERAGE
ODF2L	RNA_RESISTANCE_CONSENSUS
ODF3	LOW_COVERAGE
ODF3B	HUMAN_TUMOR_SUPPORTED
ODF3L1	LOW_COVERAGE
ODF3L2	LOW_COVERAGE
ODF4	LOW_COVERAGE
ODR4	LOW_COVERAGE
OFCC1	LOW_COVERAGE
OFD1	LOW_EVIDENCE
OFD1P17	LOW_COVERAGE
OGA	LOW_COVERAGE
OGDH	LOW_EVIDENCE
OGDHL	LOW_EVIDENCE
OGFOD1	LOW_EVIDENCE
OGFOD1P1	LOW_COVERAGE
OGFOD2	LOW_EVIDENCE
OGFOD3	LOW_EVIDENCE
OGFR	LOW_EVIDENCE
OGFR-AS1	LOW_COVERAGE
OGFRL1	RNA_RESISTANCE_CONSENSUS
OGFRP1	LOW_EVIDENCE
OGG1	LOW_EVIDENCE
OGN	LOW_EVIDENCE
OGT	LOW_EVIDENCE
OIP5	RNA_RESISTANCE_CONSENSUS
OIP5-AS1	LOW_EVIDENCE
OIT3	LOW_COVERAGE
OLA1	RNA_RESISTANCE_CONSENSUS
OLA1P1	LOW_COVERAGE
OLA1P3	LOW_COVERAGE
OLAH	LOW_COVERAGE
OLFM1	RNA_RESISTANCE_CONSENSUS
OLFM2	RNA_RESISTANCE_CONSENSUS
OLFM3	LOW_COVERAGE
OLFM4	LOW_COVERAGE
OLFML1	LOW_COVERAGE
OLFML2A	RNA_RESISTANCE_CONSENSUS
OLFML2B	RNA_RESISTANCE_CONSENSUS
OLFML3	RNA_RESISTANCE_CONSENSUS
OLIG1	LOW_EVIDENCE
OLIG2	LOW_COVERAGE
OLIG3	LOW_COVERAGE
OLMALINC	HUMAN_TUMOR_SUPPORTED
OLR1	LOW_EVIDENCE
OMA1	RNA_RESISTANCE_CONSENSUS
OMD	LOW_EVIDENCE
OMG	LOW_EVIDENCE
OMP	LOW_COVERAGE
ONECUT1	RNA_RESISTANCE_CONSENSUS
ONECUT2	RNA_RESISTANCE_CONSENSUS
ONECUT3	LOW_COVERAGE
OOEP	LOW_EVIDENCE
OOSP1	LOW_COVERAGE
OOSP2	LOW_COVERAGE
OOSP3	LOW_COVERAGE
OPA1	LOW_EVIDENCE
OPA1-AS1	LOW_COVERAGE
OPA3	LOW_EVIDENCE
OPALIN	LOW_COVERAGE
OPCML	LOW_COVERAGE
OPHN1	LOW_EVIDENCE
OPLAH	RNA_RESISTANCE_CONSENSUS
OPN1LW	LOW_COVERAGE
OPN1MW	LOW_COVERAGE
OPN1MW2	LOW_COVERAGE
OPN1SW	LOW_EVIDENCE
OPN3	RNA_RESISTANCE_CONSENSUS
OPN4	LOW_COVERAGE
OPN5	LOW_COVERAGE
OPRD1	LOW_COVERAGE
OPRK1	LOW_COVERAGE
OPRL1	RNA_RESISTANCE_CONSENSUS
OPRM1	LOW_COVERAGE
OPRPN	LOW_COVERAGE
OPTC	LOW_COVERAGE
OPTN	LOW_EVIDENCE
OR10A2	LOW_COVERAGE
OR10A3	LOW_COVERAGE
OR10A4	LOW_COVERAGE
OR10A5	LOW_COVERAGE
OR10A6	LOW_COVERAGE
OR10A7	LOW_COVERAGE
OR10AD1	LOW_COVERAGE
OR10AG1	LOW_COVERAGE
OR10C1	LOW_COVERAGE
OR10D3	LOW_COVERAGE
OR10G2	LOW_COVERAGE
OR10G3	LOW_COVERAGE
OR10G4	LOW_COVERAGE
OR10G7	LOW_COVERAGE
OR10G8	LOW_COVERAGE
OR10G9	LOW_COVERAGE
OR10H1	LOW_COVERAGE
OR10H2	LOW_COVERAGE
OR10H3	LOW_COVERAGE
OR10H4	LOW_COVERAGE
OR10H5	LOW_COVERAGE
OR10J1	LOW_COVERAGE
OR10J3	LOW_COVERAGE
OR10J4	LOW_COVERAGE
OR10J5	LOW_COVERAGE
OR10K1	LOW_COVERAGE
OR10K2	LOW_COVERAGE
OR10P1	LOW_COVERAGE
OR10Q1	LOW_COVERAGE
OR10R2	LOW_COVERAGE
OR10S1	LOW_COVERAGE
OR10T2	LOW_COVERAGE
OR10V1	LOW_COVERAGE
OR10W1	LOW_COVERAGE
OR10X1	LOW_COVERAGE
OR10Z1	LOW_COVERAGE
OR11A1	LOW_COVERAGE
OR11G2	LOW_COVERAGE
OR11H1	LOW_COVERAGE
OR11H12	LOW_COVERAGE
OR11H2	LOW_COVERAGE
OR11H4	LOW_COVERAGE
OR11H6	LOW_COVERAGE
OR11H7	LOW_COVERAGE
OR11L1	LOW_COVERAGE
OR12D2	LOW_COVERAGE
OR12D3	LOW_COVERAGE
OR13A1	LOW_COVERAGE
OR13C2	LOW_COVERAGE
OR13C3	LOW_COVERAGE
OR13C4	LOW_COVERAGE
OR13C5	LOW_COVERAGE
OR13C8	LOW_COVERAGE
OR13C9	LOW_COVERAGE
OR13D1	LOW_COVERAGE
OR13D3P	LOW_COVERAGE
OR13E1P	LOW_COVERAGE
OR13F1	LOW_COVERAGE
OR13G1	LOW_COVERAGE
OR13H1	LOW_COVERAGE
OR13J1	LOW_COVERAGE
OR13K1P	LOW_COVERAGE
OR14A16	LOW_COVERAGE
OR14C36	LOW_COVERAGE
OR14I1	LOW_COVERAGE
OR14J1	LOW_COVERAGE
OR1A1	LOW_COVERAGE
OR1A2	LOW_COVERAGE
OR1B1	LOW_COVERAGE
OR1C1	LOW_COVERAGE
OR1D2	LOW_COVERAGE
OR1D5	LOW_COVERAGE
OR1E1	LOW_COVERAGE
OR1E2	LOW_COVERAGE
OR1F1	LOW_COVERAGE
OR1F12	LOW_COVERAGE
OR1G1	LOW_COVERAGE
OR1H1P	LOW_COVERAGE
OR1I1	LOW_COVERAGE
OR1J1	LOW_COVERAGE
OR1J2	LOW_COVERAGE
OR1J4	LOW_COVERAGE
OR1K1	LOW_COVERAGE
OR1L1	LOW_COVERAGE
OR1L3	LOW_COVERAGE
OR1L4	LOW_COVERAGE
OR1L6	LOW_COVERAGE
OR1L8	LOW_COVERAGE
OR1M1	LOW_COVERAGE
OR1N1	LOW_COVERAGE
OR1N2	LOW_COVERAGE
OR1Q1	LOW_COVERAGE
OR1S1	LOW_COVERAGE
OR1S2	LOW_COVERAGE
OR2A1	LOW_COVERAGE
OR2A1-AS1	LOW_EVIDENCE
OR2A12	LOW_COVERAGE
OR2A13P	LOW_COVERAGE
OR2A14	LOW_COVERAGE
OR2A2	LOW_COVERAGE
OR2A25	LOW_COVERAGE
OR2A4	LOW_COVERAGE
OR2A42	LOW_COVERAGE
OR2A5	LOW_COVERAGE
OR2A7	LOW_COVERAGE
OR2A9P	LOW_COVERAGE
OR2AE1	LOW_COVERAGE
OR2AG1	LOW_COVERAGE
OR2AG2	LOW_COVERAGE
OR2AK2	LOW_COVERAGE
OR2AO1P	LOW_COVERAGE
OR2AP1	LOW_COVERAGE
OR2AT4	LOW_COVERAGE
OR2B11	LOW_COVERAGE
OR2B2	LOW_COVERAGE
OR2B3	LOW_COVERAGE
OR2B6	LOW_COVERAGE
OR2C1	LOW_COVERAGE
OR2C3	LOW_COVERAGE
OR2D2	LOW_COVERAGE
OR2D3	LOW_COVERAGE
OR2F1	LOW_COVERAGE
OR2F2	LOW_COVERAGE
OR2G2	LOW_COVERAGE
OR2G3	LOW_COVERAGE
OR2G6	LOW_COVERAGE
OR2H1	LOW_COVERAGE
OR2H2	LOW_COVERAGE
OR2J2	LOW_COVERAGE
OR2J3	LOW_COVERAGE
OR2K2	LOW_COVERAGE
OR2L13	LOW_COVERAGE
OR2L2	LOW_COVERAGE
OR2L3	LOW_COVERAGE
OR2L5	LOW_COVERAGE
OR2L8	LOW_COVERAGE
OR2M2	LOW_COVERAGE
OR2M3	LOW_COVERAGE
OR2M4	LOW_COVERAGE
OR2M5	LOW_COVERAGE
OR2M7	LOW_COVERAGE
OR2S2	LOW_COVERAGE
OR2T1	LOW_COVERAGE
OR2T10	LOW_COVERAGE
OR2T11	LOW_COVERAGE
OR2T12	LOW_COVERAGE
OR2T2	LOW_COVERAGE
OR2T27	LOW_COVERAGE
OR2T29	LOW_COVERAGE
OR2T3	LOW_COVERAGE
OR2T33	LOW_COVERAGE
OR2T34	LOW_COVERAGE
OR2T35	LOW_COVERAGE
OR2T4	LOW_COVERAGE
OR2T5	LOW_COVERAGE
OR2T6	LOW_COVERAGE
OR2T8	LOW_COVERAGE
OR2V1	LOW_COVERAGE
OR2V2	LOW_COVERAGE
OR2W1	LOW_COVERAGE
OR2W3	LOW_COVERAGE
OR2W5	LOW_COVERAGE
OR2Y1	LOW_COVERAGE
OR2Z1	LOW_COVERAGE
OR3A1	LOW_COVERAGE
OR3A2	LOW_COVERAGE
OR3A3	LOW_COVERAGE
OR4A15	LOW_COVERAGE
OR4A16	LOW_COVERAGE
OR4A47	LOW_COVERAGE
OR4A5	LOW_COVERAGE
OR4B1	LOW_COVERAGE
OR4C11	LOW_COVERAGE
OR4C12	LOW_COVERAGE
OR4C13	LOW_COVERAGE
OR4C15	LOW_COVERAGE
OR4C16	LOW_COVERAGE
OR4C3	LOW_COVERAGE
OR4C45	LOW_COVERAGE
OR4C46	LOW_COVERAGE
OR4C6	LOW_COVERAGE
OR4D1	LOW_COVERAGE
OR4D10	LOW_COVERAGE
OR4D11	LOW_COVERAGE
OR4D2	LOW_COVERAGE
OR4D5	LOW_COVERAGE
OR4D6	LOW_COVERAGE
OR4D9	LOW_EVIDENCE
OR4E2	LOW_COVERAGE
OR4F15	LOW_COVERAGE
OR4F16	LOW_COVERAGE
OR4F17	LOW_COVERAGE
OR4F21	LOW_COVERAGE
OR4F29	LOW_COVERAGE
OR4F3	LOW_COVERAGE
OR4F4	LOW_COVERAGE
OR4F5	LOW_COVERAGE
OR4F6	LOW_COVERAGE
OR4K1	LOW_COVERAGE
OR4K12P	LOW_COVERAGE
OR4K13	LOW_COVERAGE
OR4K14	LOW_COVERAGE
OR4K15	LOW_COVERAGE
OR4K17	LOW_COVERAGE
OR4K2	LOW_COVERAGE
OR4K5	LOW_COVERAGE
OR4L1	LOW_COVERAGE
OR4M1	LOW_COVERAGE
OR4M2	LOW_COVERAGE
OR4N2	LOW_COVERAGE
OR4N4	LOW_COVERAGE
OR4N5	LOW_COVERAGE
OR4P4	LOW_COVERAGE
OR4Q3	LOW_COVERAGE
OR4S1	LOW_COVERAGE
OR4S2	LOW_COVERAGE
OR4X1	LOW_COVERAGE
OR4X2	LOW_COVERAGE
OR51A2	LOW_COVERAGE
OR51A4	LOW_COVERAGE
OR51A7	LOW_COVERAGE
OR51B2	LOW_COVERAGE
OR51B4	LOW_COVERAGE
OR51B5	LOW_COVERAGE
OR51B6	LOW_COVERAGE
OR51D1	LOW_COVERAGE
OR51E1	LOW_COVERAGE
OR51E2	LOW_COVERAGE
OR51F1	LOW_COVERAGE
OR51F2	LOW_COVERAGE
OR51G1	LOW_COVERAGE
OR51G2	LOW_COVERAGE
OR51I1	LOW_COVERAGE
OR51I2	LOW_COVERAGE
OR51L1	LOW_COVERAGE
OR51M1	LOW_COVERAGE
OR51Q1	LOW_COVERAGE
OR51S1	LOW_COVERAGE
OR51T1	LOW_COVERAGE
OR51V1	LOW_COVERAGE
OR52A1	LOW_COVERAGE
OR52A5	LOW_COVERAGE
OR52B2	LOW_COVERAGE
OR52B4	LOW_COVERAGE
OR52B5P	LOW_COVERAGE
OR52B6	LOW_COVERAGE
OR52D1	LOW_COVERAGE
OR52E2	LOW_COVERAGE
OR52E4	LOW_COVERAGE
OR52E5	LOW_COVERAGE
OR52E6	LOW_COVERAGE
OR52E7P	LOW_COVERAGE
OR52E8	LOW_COVERAGE
OR52H1	LOW_COVERAGE
OR52I1	LOW_COVERAGE
OR52I2	LOW_COVERAGE
OR52J3	LOW_COVERAGE
OR52K1	LOW_COVERAGE
OR52K2	LOW_COVERAGE
OR52L1	LOW_COVERAGE
OR52M1	LOW_COVERAGE
OR52N1	LOW_COVERAGE
OR52N2	LOW_COVERAGE
OR52N3P	LOW_COVERAGE
OR52N4	LOW_COVERAGE
OR52N5	LOW_EVIDENCE
OR52P1P	LOW_COVERAGE
OR52Q1P	LOW_COVERAGE
OR52R1	LOW_COVERAGE
OR52T1P	LOW_COVERAGE
OR52W1	LOW_COVERAGE
OR55B1P	LOW_COVERAGE
OR56A1	LOW_COVERAGE
OR56A3	LOW_COVERAGE
OR56A4	LOW_COVERAGE
OR56A5	LOW_COVERAGE
OR56B1	LOW_COVERAGE
OR56B2P	LOW_COVERAGE
OR56B4	LOW_COVERAGE
OR5A1	LOW_COVERAGE
OR5A2	LOW_COVERAGE
OR5AC2	LOW_COVERAGE
OR5AK2	LOW_COVERAGE
OR5AN1	LOW_COVERAGE
OR5AP2	LOW_COVERAGE
OR5AR1	LOW_COVERAGE
OR5AS1	LOW_COVERAGE
OR5AU1	LOW_COVERAGE
OR5B12	LOW_COVERAGE
OR5B17	LOW_COVERAGE
OR5B2	LOW_COVERAGE
OR5B21	LOW_COVERAGE
OR5B3	LOW_COVERAGE
OR5BA1P	LOW_COVERAGE
OR5BK1P	LOW_COVERAGE
OR5C1	LOW_COVERAGE
OR5D13	LOW_COVERAGE
OR5D14	LOW_COVERAGE
OR5D16	LOW_COVERAGE
OR5D18	LOW_COVERAGE
OR5F1	LOW_COVERAGE
OR5G3	LOW_COVERAGE
OR5G5P	LOW_COVERAGE
OR5H1	LOW_COVERAGE
OR5H14	LOW_COVERAGE
OR5H15	LOW_COVERAGE
OR5H2	LOW_COVERAGE
OR5H6	LOW_COVERAGE
OR5I1	LOW_COVERAGE
OR5J2	LOW_COVERAGE
OR5K1	LOW_COVERAGE
OR5K2	LOW_COVERAGE
OR5K3	LOW_COVERAGE
OR5K4	LOW_COVERAGE
OR5L1	LOW_COVERAGE
OR5L2	LOW_COVERAGE
OR5M1	LOW_COVERAGE
OR5M10	LOW_COVERAGE
OR5M11	LOW_COVERAGE
OR5M3	LOW_COVERAGE
OR5M8	LOW_COVERAGE
OR5M9	LOW_COVERAGE
OR5P2	LOW_COVERAGE
OR5P3	LOW_COVERAGE
OR5R1	LOW_COVERAGE
OR5T1	LOW_COVERAGE
OR5T2	LOW_COVERAGE
OR5T3	LOW_COVERAGE
OR5V1	LOW_COVERAGE
OR5W2	LOW_COVERAGE
OR6A2	LOW_COVERAGE
OR6B1	LOW_COVERAGE
OR6B2	LOW_COVERAGE
OR6B3	LOW_COVERAGE
OR6C1	LOW_COVERAGE
OR6C2	LOW_COVERAGE
OR6C3	LOW_COVERAGE
OR6C4	LOW_COVERAGE
OR6C6	LOW_COVERAGE
OR6C65	LOW_COVERAGE
OR6C68	LOW_COVERAGE
OR6C70	LOW_COVERAGE
OR6C74	LOW_COVERAGE
OR6C75	LOW_COVERAGE
OR6C76	LOW_COVERAGE
OR6F1	LOW_COVERAGE
OR6K2	LOW_COVERAGE
OR6K3	LOW_COVERAGE
OR6K6	LOW_COVERAGE
OR6L2P	LOW_COVERAGE
OR6M1	LOW_COVERAGE
OR6N1	LOW_COVERAGE
OR6N2	LOW_COVERAGE
OR6P1	LOW_COVERAGE
OR6Q1	LOW_COVERAGE
OR6S1	LOW_COVERAGE
OR6T1	LOW_COVERAGE
OR6V1	LOW_COVERAGE
OR6X1	LOW_COVERAGE
OR6Y1	LOW_COVERAGE
OR7A10	LOW_COVERAGE
OR7A17	LOW_COVERAGE
OR7A19P	LOW_COVERAGE
OR7A5	LOW_COVERAGE
OR7C1	LOW_COVERAGE
OR7C2	LOW_COVERAGE
OR7D2	LOW_COVERAGE
OR7D4	LOW_COVERAGE
OR7E100P	LOW_COVERAGE
OR7E104P	LOW_COVERAGE
OR7E117P	LOW_COVERAGE
OR7E126P	LOW_COVERAGE
OR7E128P	LOW_COVERAGE
OR7E13P	LOW_COVERAGE
OR7E14P	LOW_COVERAGE
OR7E24	LOW_COVERAGE
OR7E2P	LOW_COVERAGE
OR7E38P	LOW_COVERAGE
OR7E62P	LOW_COVERAGE
OR7E7P	LOW_COVERAGE
OR7E91P	LOW_COVERAGE
OR7G1	LOW_COVERAGE
OR7G2	LOW_COVERAGE
OR7G3	LOW_COVERAGE
OR7M1P	LOW_COVERAGE
OR8A1	LOW_COVERAGE
OR8A2P	LOW_COVERAGE
OR8B10P	LOW_COVERAGE
OR8B12	LOW_COVERAGE
OR8B1P	LOW_COVERAGE
OR8B2	LOW_COVERAGE
OR8B3	LOW_COVERAGE
OR8B4	LOW_COVERAGE
OR8B5P	LOW_COVERAGE
OR8B6P	LOW_COVERAGE
OR8B7P	LOW_COVERAGE
OR8B8	LOW_COVERAGE
OR8B9P	LOW_COVERAGE
OR8C1P	LOW_COVERAGE
OR8D1	LOW_COVERAGE
OR8D2	LOW_COVERAGE
OR8D4	LOW_COVERAGE
OR8F1P	LOW_COVERAGE
OR8G1	LOW_EVIDENCE
OR8G2	LOW_COVERAGE
OR8G3P	LOW_COVERAGE
OR8G5	LOW_EVIDENCE
OR8G7P	LOW_COVERAGE
OR8H1	LOW_COVERAGE
OR8H2	LOW_COVERAGE
OR8H3	LOW_COVERAGE
OR8I2	LOW_COVERAGE
OR8J1	LOW_COVERAGE
OR8J3	LOW_COVERAGE
OR8K1	LOW_COVERAGE
OR8K3	LOW_COVERAGE
OR8K5	LOW_COVERAGE
OR8S1	LOW_COVERAGE
OR8U1	LOW_COVERAGE
OR8X1P	LOW_COVERAGE
OR9A2	LOW_COVERAGE
OR9A4	LOW_COVERAGE
OR9G1	LOW_COVERAGE
OR9G4	LOW_COVERAGE
OR9I1	LOW_COVERAGE
OR9K2	LOW_COVERAGE
OR9Q1	LOW_COVERAGE
OR9Q2	LOW_COVERAGE
ORAI1	RNA_RESISTANCE_CONSENSUS
ORAI2	RNA_RESISTANCE_CONSENSUS
ORAI3	RNA_RESISTANCE_CONSENSUS
ORAOV1	LOW_EVIDENCE
ORC1	ACUTE_RESPONSE
ORC2	RNA_RESISTANCE_CONSENSUS
ORC3	LOW_EVIDENCE
ORC4	LOW_EVIDENCE
ORC5	RNA_RESISTANCE_CONSENSUS
ORC6	LOW_EVIDENCE
ORM1	LOW_COVERAGE
ORM2	LOW_COVERAGE
ORMDL1	LOW_EVIDENCE
ORMDL2	LOW_EVIDENCE
ORMDL3	LOW_EVIDENCE
OS9	LOW_EVIDENCE
OSBP	LOW_EVIDENCE
OSBP2	LOW_EVIDENCE
OSBPL10	LOW_EVIDENCE
OSBPL10-AS1	LOW_EVIDENCE
OSBPL11	LOW_EVIDENCE
OSBPL1A	RNA_RESISTANCE_CONSENSUS
OSBPL2	RNA_RESISTANCE_CONSENSUS
OSBPL3	LOW_EVIDENCE
OSBPL5	RNA_RESISTANCE_CONSENSUS
OSBPL6	RNA_RESISTANCE_CONSENSUS
OSBPL7	LOW_EVIDENCE
OSBPL8	RNA_RESISTANCE_CONSENSUS
OSBPL9	RNA_RESISTANCE_CONSENSUS
OSBPL9P4	LOW_COVERAGE
OSCAR	LOW_EVIDENCE
OSCP1	RNA_RESISTANCE_CONSENSUS
OSER1	LOW_EVIDENCE
OSER1-AS1	LOW_COVERAGE
OSER1-DT	LOW_COVERAGE
OSGEP	LOW_EVIDENCE
OSGEPL1	LOW_EVIDENCE
OSGEPL1-AS1	LOW_EVIDENCE
OSGIN1	LOW_EVIDENCE
OSGIN2	ACUTE_RESPONSE
OSM	LOW_COVERAGE
OSMR	RNA_RESISTANCE_CONSENSUS
OSMR-AS1	LOW_EVIDENCE
OSR1	LOW_COVERAGE
OSR2	RNA_RESISTANCE_CONSENSUS
OST4	RNA_RESISTANCE_CONSENSUS
OSTC	ACUTE_RESPONSE
OSTCP2	LOW_COVERAGE
OSTCP6	LOW_COVERAGE
OSTCP8	LOW_COVERAGE
OSTF1	RNA_RESISTANCE_CONSENSUS
OSTM1	LOW_EVIDENCE
OSTN	LOW_COVERAGE
OSTN-AS1	LOW_COVERAGE
OTC	LOW_COVERAGE
OTOA	LOW_EVIDENCE
OTOF	LOW_COVERAGE
OTOG	LOW_COVERAGE
OTOGL	HUMAN_TUMOR_SUPPORTED
OTOL1	LOW_COVERAGE
OTOP1	LOW_COVERAGE
OTOP2	LOW_COVERAGE
OTOP3	LOW_COVERAGE
OTOR	LOW_COVERAGE
OTOS	LOW_COVERAGE
OTP	LOW_COVERAGE
OTUB1	LOW_EVIDENCE
OTUB2	LOW_EVIDENCE
OTUD1	LOW_EVIDENCE
OTUD3	LOW_EVIDENCE
OTUD4	LOW_EVIDENCE
OTUD4P1	LOW_COVERAGE
OTUD5	LOW_EVIDENCE
OTUD6A	LOW_COVERAGE
OTUD6B	LOW_EVIDENCE
OTUD6B-AS1	LOW_EVIDENCE
OTUD7A	LOW_EVIDENCE
OTUD7B	LOW_EVIDENCE
OTULIN	LOW_EVIDENCE
OTULINL	LOW_COVERAGE
OTX1	LOW_EVIDENCE
OTX2	LOW_COVERAGE
OTX2-AS1	LOW_COVERAGE
OVCA2	LOW_EVIDENCE
OVCH1	LOW_COVERAGE
OVCH1-AS1	LOW_COVERAGE
OVCH2	LOW_COVERAGE
OVGP1	RNA_RESISTANCE_CONSENSUS
OVOL1	RNA_RESISTANCE_CONSENSUS
OVOL1-AS1	LOW_COVERAGE
OVOL2	RNA_RESISTANCE_CONSENSUS
OVOL3	RNA_RESISTANCE_CONSENSUS
OVOS2	LOW_COVERAGE
OXA1L	LOW_EVIDENCE
OXCT1	RNA_RESISTANCE_CONSENSUS
OXCT1-AS1	LOW_COVERAGE
OXCT2	LOW_EVIDENCE
OXER1	LOW_COVERAGE
OXGR1	LOW_COVERAGE
OXLD1	LOW_EVIDENCE
OXNAD1	LOW_EVIDENCE
OXR1	LOW_EVIDENCE
OXSM	LOW_EVIDENCE
OXSR1	LOW_EVIDENCE
OXT	LOW_COVERAGE
OXTR	LOW_EVIDENCE
P2RX1	LOW_COVERAGE
P2RX2	RNA_RESISTANCE_CONSENSUS
P2RX3	LOW_COVERAGE
P2RX4	RNA_RESISTANCE_CONSENSUS
P2RX5	RNA_RESISTANCE_CONSENSUS
P2RX5-TAX1BP3	LOW_COVERAGE
P2RX6	LOW_COVERAGE
P2RX7	RNA_RESISTANCE_CONSENSUS
P2RY1	RNA_RESISTANCE_CONSENSUS
P2RY10	LOW_EVIDENCE
P2RY10P2	LOW_COVERAGE
P2RY11	LOW_EVIDENCE
P2RY12	LOW_EVIDENCE
P2RY13	LOW_COVERAGE
P2RY14	LOW_EVIDENCE
P2RY2	RNA_RESISTANCE_CONSENSUS
P2RY4	LOW_COVERAGE
P2RY6	RNA_RESISTANCE_CONSENSUS
P2RY8	LOW_COVERAGE
P3H1	LOW_EVIDENCE
P3H2	RNA_RESISTANCE_CONSENSUS
P3H3	LOW_EVIDENCE
P3H4	LOW_EVIDENCE
P4HA1	LOW_EVIDENCE
P4HA2	LOW_EVIDENCE
P4HA2-AS1	LOW_COVERAGE
P4HA3	LOW_EVIDENCE
P4HB	LOW_EVIDENCE
P4HTM	LOW_EVIDENCE
PA2G4	LOW_EVIDENCE
PA2G4P1	LOW_COVERAGE
PA2G4P2	LOW_COVERAGE
PA2G4P4	LOW_COVERAGE
PAAF1	RNA_RESISTANCE_CONSENSUS
PABPC1	RNA_RESISTANCE_CONSENSUS
PABPC1L	LOW_EVIDENCE
PABPC1L2A	LOW_COVERAGE
PABPC1L2B	LOW_COVERAGE
PABPC1P1	LOW_COVERAGE
PABPC1P3	LOW_COVERAGE
PABPC1P4	LOW_COVERAGE
PABPC3	LOW_EVIDENCE
PABPC4	LOW_EVIDENCE
PABPC4-AS1	LOW_COVERAGE
PABPC4L	LOW_COVERAGE
PABPC5	LOW_COVERAGE
PABPC5-AS1	LOW_COVERAGE
PABPN1	LOW_EVIDENCE
PABPN1L	LOW_COVERAGE
PACC1	LOW_COVERAGE
PACRG	LOW_EVIDENCE
PACRGL	LOW_EVIDENCE
PACS1	LOW_EVIDENCE
PACS2	LOW_EVIDENCE
PACSIN1	LOW_EVIDENCE
PACSIN2	RNA_RESISTANCE_CONSENSUS
PACSIN3	RNA_RESISTANCE_CONSENSUS
PADI1	LOW_EVIDENCE
PADI2	RNA_RESISTANCE_CONSENSUS
PADI3	RNA_RESISTANCE_CONSENSUS
PADI4	LOW_COVERAGE
PADI6	LOW_COVERAGE
PAEP	RNA_RESISTANCE_CONSENSUS
PAF1	LOW_EVIDENCE
PAFAH1B1	RNA_RESISTANCE_CONSENSUS
PAFAH1B2	RNA_RESISTANCE_CONSENSUS
PAFAH1B3	LOW_EVIDENCE
PAFAH2	LOW_EVIDENCE
PAG1	RNA_RESISTANCE_CONSENSUS
PAGE1	LOW_COVERAGE
PAGE2	LOW_COVERAGE
PAGE2B	LOW_COVERAGE
PAGE3	LOW_COVERAGE
PAGE4	LOW_COVERAGE
PAGE5	LOW_COVERAGE
PAGR1	LOW_EVIDENCE
PAH	CONTEXT_DEPENDENT
PAICS	LOW_EVIDENCE
PAICSP1	LOW_COVERAGE
PAICSP4	LOW_COVERAGE
PAIP1	LOW_EVIDENCE
PAIP1P1	LOW_COVERAGE
PAIP2	RNA_RESISTANCE_CONSENSUS
PAIP2B	ACUTE_RESPONSE
PAK1	RNA_RESISTANCE_CONSENSUS
PAK1IP1	LOW_EVIDENCE
PAK2	RNA_RESISTANCE_CONSENSUS
PAK3	LOW_EVIDENCE
PAK4	LOW_EVIDENCE
PAK5	LOW_COVERAGE
PAK6	RNA_RESISTANCE_CONSENSUS
PAK7	LOW_COVERAGE
PALB2	LOW_EVIDENCE
PALD1	RNA_RESISTANCE_CONSENSUS
PALLD	RNA_RESISTANCE_CONSENSUS
PALM	RNA_RESISTANCE_CONSENSUS
PALM2	LOW_EVIDENCE
PALM2-AKAP2	LOW_EVIDENCE
PALM3	RNA_RESISTANCE_CONSENSUS
PALMD	LOW_EVIDENCE
PAM	LOW_EVIDENCE
PAM16	LOW_EVIDENCE
PAMR1	LOW_EVIDENCE
PAN2	LOW_EVIDENCE
PAN3	LOW_EVIDENCE
PAN3-AS1	LOW_EVIDENCE
PANDAR	LOW_COVERAGE
PANK1	LOW_EVIDENCE
PANK2	LOW_EVIDENCE
PANK3	LOW_EVIDENCE
PANK4	LOW_EVIDENCE
PANO	LOW_COVERAGE
PANO1	LOW_EVIDENCE
PANX1	RNA_RESISTANCE_CONSENSUS
PANX2	RNA_RESISTANCE_CONSENSUS
PANX3	RNA_RESISTANCE_CONSENSUS
PAOX	RNA_RESISTANCE_CONSENSUS
PAPD4	LOW_EVIDENCE
PAPD5	LOW_EVIDENCE
PAPD7	LOW_COVERAGE
PAPL	LOW_EVIDENCE
PAPLN	RNA_RESISTANCE_CONSENSUS
PAPOLA	LOW_EVIDENCE
PAPOLB	LOW_COVERAGE
PAPOLG	LOW_EVIDENCE
PAPPA	LOW_EVIDENCE
PAPPA-AS1	LOW_COVERAGE
PAPPA2	LOW_EVIDENCE
PAPSS1	LOW_EVIDENCE
PAPSS2	RNA_RESISTANCE_CONSENSUS
PAQR3	LOW_EVIDENCE
PAQR4	RNA_RESISTANCE_CONSENSUS
PAQR5	HUMAN_TUMOR_SUPPORTED
PAQR6	LOW_EVIDENCE
PAQR7	LOW_EVIDENCE
PAQR8	RNA_RESISTANCE_CONSENSUS
PAQR9	LOW_COVERAGE
PAQR9-AS1	LOW_COVERAGE
PARD3	LOW_EVIDENCE
PARD3-AS1	LOW_COVERAGE
PARD3B	RNA_RESISTANCE_CONSENSUS
PARD6A	RNA_RESISTANCE_CONSENSUS
PARD6B	RNA_RESISTANCE_CONSENSUS
PARD6G	RNA_RESISTANCE_CONSENSUS
PARD6G-AS1	LOW_EVIDENCE
PARG	LOW_EVIDENCE
PARGP1	LOW_COVERAGE
PARK2	LOW_COVERAGE
PARK7	LOW_EVIDENCE
PARL	LOW_EVIDENCE
PARM1	RNA_RESISTANCE_CONSENSUS
PARN	LOW_EVIDENCE
PARP1	RNA_RESISTANCE_CONSENSUS
PARP10	RNA_RESISTANCE_CONSENSUS
PARP11	LOW_EVIDENCE
PARP12	RNA_RESISTANCE_CONSENSUS
PARP14	RNA_RESISTANCE_CONSENSUS
PARP15	LOW_COVERAGE
PARP16	LOW_EVIDENCE
PARP2	LOW_EVIDENCE
PARP3	LOW_EVIDENCE
PARP4	LOW_EVIDENCE
PARP4P3	LOW_COVERAGE
PARP6	LOW_EVIDENCE
PARP8	RNA_RESISTANCE_CONSENSUS
PARP9	RNA_RESISTANCE_CONSENSUS
PARPBP	LOW_EVIDENCE
PARPG1	LOW_COVERAGE
PARS2	LOW_EVIDENCE
PART1	HUMAN_TUMOR_SUPPORTED
PART1_1	LOW_COVERAGE
PART1_2	LOW_COVERAGE
PARTICL	LOW_COVERAGE
PARVA	RNA_RESISTANCE_CONSENSUS
PARVB	RNA_RESISTANCE_CONSENSUS
PARVG	LOW_COVERAGE
PASD1	LOW_COVERAGE
PASK	RNA_RESISTANCE_CONSENSUS
PATE1	LOW_COVERAGE
PATE2	HUMAN_TUMOR_SUPPORTED
PATE3	LOW_COVERAGE
PATE4	LOW_COVERAGE
PATJ	LOW_COVERAGE
PATL1	LOW_EVIDENCE
PATL2	RNA_RESISTANCE_CONSENSUS
PATZ1	LOW_EVIDENCE
PAWR	LOW_EVIDENCE
PAX1	LOW_COVERAGE
PAX2	LOW_EVIDENCE
PAX3	LOW_COVERAGE
PAX4	LOW_COVERAGE
PAX5	LOW_COVERAGE
PAX6	LOW_EVIDENCE
PAX7	LOW_COVERAGE
PAX8	LOW_EVIDENCE
PAX8-AS1	RNA_RESISTANCE_CONSENSUS
PAX9	RNA_RESISTANCE_CONSENSUS
PAXBP1	LOW_EVIDENCE
PAXBP1-AS1	LOW_EVIDENCE
PAXIP1	LOW_EVIDENCE
PAXIP1-AS1	LOW_EVIDENCE
PAXIP1-AS2	LOW_EVIDENCE
PAXIP1OS	LOW_COVERAGE
PAXX	LOW_COVERAGE
PBDC1	RNA_RESISTANCE_CONSENSUS
PBK	RNA_RESISTANCE_CONSENSUS
PBLD	RNA_RESISTANCE_CONSENSUS
PBOV1	LOW_COVERAGE
PBRM1	LOW_EVIDENCE
PBX1	RNA_RESISTANCE_CONSENSUS
PBX2	LOW_EVIDENCE
PBX3	LOW_EVIDENCE
PBX4	RNA_RESISTANCE_CONSENSUS
PBXIP1	RNA_RESISTANCE_CONSENSUS
PC	LOW_EVIDENCE
PCA3	LOW_COVERAGE
PCAT1	LOW_EVIDENCE
PCAT14	LOW_COVERAGE
PCAT18	LOW_COVERAGE
PCAT19	LOW_EVIDENCE
PCAT2	LOW_COVERAGE
PCAT29	LOW_COVERAGE
PCAT6	RNA_RESISTANCE_CONSENSUS
PCAT7	RNA_RESISTANCE_CONSENSUS
PCBD1	RNA_RESISTANCE_CONSENSUS
PCBD2	RNA_RESISTANCE_CONSENSUS
PCBP1	LOW_EVIDENCE
PCBP1-AS1	LOW_EVIDENCE
PCBP2	LOW_EVIDENCE
PCBP2-OT1	LOW_COVERAGE
PCBP2P1	LOW_COVERAGE
PCBP3	LOW_EVIDENCE
PCBP3-OT1	LOW_COVERAGE
PCBP4	RNA_RESISTANCE_CONSENSUS
PCCA	LOW_EVIDENCE
PCCA-AS1	LOW_COVERAGE
PCCA-DT	LOW_COVERAGE
PCCB	RNA_RESISTANCE_CONSENSUS
PCDH1	RNA_RESISTANCE_CONSENSUS
PCDH10	RNA_RESISTANCE_CONSENSUS
PCDH11X	HUMAN_TUMOR_SUPPORTED
PCDH11Y	LOW_COVERAGE
PCDH12	LOW_COVERAGE
PCDH15	LOW_COVERAGE
PCDH17	LOW_COVERAGE
PCDH18	LOW_EVIDENCE
PCDH19	RNA_RESISTANCE_CONSENSUS
PCDH20	LOW_COVERAGE
PCDH7	RNA_RESISTANCE_CONSENSUS
PCDH8	HUMAN_TUMOR_SUPPORTED
PCDH9	RNA_RESISTANCE_CONSENSUS
PCDHA1	LOW_COVERAGE
PCDHA10	HUMAN_TUMOR_SUPPORTED
PCDHA11	LOW_EVIDENCE
PCDHA12	LOW_EVIDENCE
PCDHA13	HUMAN_TUMOR_SUPPORTED
PCDHA14	LOW_COVERAGE
PCDHA2	LOW_COVERAGE
PCDHA3	LOW_COVERAGE
PCDHA4	LOW_EVIDENCE
PCDHA5	HUMAN_TUMOR_SUPPORTED
PCDHA6	LOW_EVIDENCE
PCDHA7	LOW_EVIDENCE
PCDHA8	LOW_COVERAGE
PCDHA9	HUMAN_TUMOR_SUPPORTED
PCDHAC1	LOW_EVIDENCE
PCDHAC2	LOW_EVIDENCE
PCDHB1	LOW_COVERAGE
PCDHB10	LOW_EVIDENCE
PCDHB11	HUMAN_TUMOR_SUPPORTED
PCDHB12	HUMAN_TUMOR_SUPPORTED
PCDHB13	RNA_RESISTANCE_CONSENSUS
PCDHB14	RNA_RESISTANCE_CONSENSUS
PCDHB15	LOW_COVERAGE
PCDHB16	RNA_RESISTANCE_CONSENSUS
PCDHB17P	LOW_COVERAGE
PCDHB18P	LOW_COVERAGE
PCDHB19P	LOW_COVERAGE
PCDHB2	RNA_RESISTANCE_CONSENSUS
PCDHB3	RNA_RESISTANCE_CONSENSUS
PCDHB4	LOW_EVIDENCE
PCDHB5	LOW_EVIDENCE
PCDHB6	RNA_RESISTANCE_CONSENSUS
PCDHB7	LOW_EVIDENCE
PCDHB8	LOW_EVIDENCE
PCDHB9	LOW_EVIDENCE
PCDHGA1	LOW_EVIDENCE
PCDHGA10	LOW_EVIDENCE
PCDHGA11	LOW_COVERAGE
PCDHGA12	LOW_EVIDENCE
PCDHGA2	LOW_EVIDENCE
PCDHGA3	LOW_COVERAGE
PCDHGA4	LOW_EVIDENCE
PCDHGA5	RNA_RESISTANCE_CONSENSUS
PCDHGA6	LOW_EVIDENCE
PCDHGA7	LOW_EVIDENCE
PCDHGA8	LOW_EVIDENCE
PCDHGA9	LOW_EVIDENCE
PCDHGB1	RNA_RESISTANCE_CONSENSUS
PCDHGB2	LOW_EVIDENCE
PCDHGB3	LOW_COVERAGE
PCDHGB4	LOW_COVERAGE
PCDHGB5	LOW_EVIDENCE
PCDHGB6	LOW_EVIDENCE
PCDHGB7	LOW_EVIDENCE
PCDHGB8P	LOW_COVERAGE
PCDHGB9P	LOW_COVERAGE
PCDHGC3	RNA_RESISTANCE_CONSENSUS
PCDHGC4	LOW_COVERAGE
PCDHGC5	LOW_COVERAGE
PCED1A	LOW_EVIDENCE
PCED1B	RNA_RESISTANCE_CONSENSUS
PCED1B-AS1	LOW_COVERAGE
PCF11	LOW_EVIDENCE
PCF11-AS1	LOW_COVERAGE
PCGF1	LOW_EVIDENCE
PCGF2	RNA_RESISTANCE_CONSENSUS
PCGF3	RNA_RESISTANCE_CONSENSUS
PCGF5	LOW_EVIDENCE
PCGF6	LOW_EVIDENCE
PCID2	RNA_RESISTANCE_CONSENSUS
PCIF1	LOW_EVIDENCE
PCK1	LOW_COVERAGE
PCK2	RNA_RESISTANCE_CONSENSUS
PCLAF	LOW_COVERAGE
PCLO	RNA_RESISTANCE_CONSENSUS
PCM1	RNA_RESISTANCE_CONSENSUS
PCMT1	LOW_EVIDENCE
PCMTD1	RNA_RESISTANCE_CONSENSUS
PCMTD1P3	LOW_COVERAGE
PCMTD2	LOW_EVIDENCE
PCNA	RNA_RESISTANCE_CONSENSUS
PCNP	LOW_EVIDENCE
PCNPP1	LOW_COVERAGE
PCNPP3	LOW_COVERAGE
PCNPP5	LOW_COVERAGE
PCNT	LOW_EVIDENCE
PCNX	LOW_EVIDENCE
PCNX1	LOW_COVERAGE
PCNX2	LOW_COVERAGE
PCNX3	LOW_COVERAGE
PCNX4	LOW_COVERAGE
PCNXL2	RNA_RESISTANCE_CONSENSUS
PCNXL3	LOW_EVIDENCE
PCNXL4	LOW_EVIDENCE
PCOLCE	RNA_RESISTANCE_CONSENSUS
PCOLCE-AS1	LOW_COVERAGE
PCOLCE2	RNA_RESISTANCE_CONSENSUS
PCOTH	LOW_COVERAGE
PCP2	LOW_EVIDENCE
PCP4	RNA_RESISTANCE_CONSENSUS
PCP4L1	LOW_EVIDENCE
PCSK1	LOW_EVIDENCE
PCSK1N	HUMAN_TUMOR_SUPPORTED
PCSK2	LOW_COVERAGE
PCSK4	LOW_EVIDENCE
PCSK5	LOW_EVIDENCE
PCSK6	RNA_RESISTANCE_CONSENSUS
PCSK6-AS1	LOW_COVERAGE
PCSK7	LOW_EVIDENCE
PCSK9	ACUTE_RESPONSE
PCTP	RNA_RESISTANCE_CONSENSUS
PCYOX1	LOW_EVIDENCE
PCYOX1L	RNA_RESISTANCE_CONSENSUS
PCYT1A	RNA_RESISTANCE_CONSENSUS
PCYT1B	LOW_EVIDENCE
PCYT2	RNA_RESISTANCE_CONSENSUS
PDAP1	LOW_EVIDENCE
PDC	LOW_COVERAGE
PDCD1	LOW_COVERAGE
PDCD10	LOW_EVIDENCE
PDCD11	LOW_EVIDENCE
PDCD1LG2	ACUTE_RESPONSE
PDCD2	LOW_EVIDENCE
PDCD2L	LOW_EVIDENCE
PDCD4	RNA_RESISTANCE_CONSENSUS
PDCD4-AS1	RNA_RESISTANCE_CONSENSUS
PDCD5	LOW_EVIDENCE
PDCD5P1	LOW_COVERAGE
PDCD6	LOW_EVIDENCE
PDCD6IP	LOW_EVIDENCE
PDCD6IPP2	LOW_COVERAGE
PDCD7	LOW_EVIDENCE
PDCL	LOW_EVIDENCE
PDCL2	LOW_COVERAGE
PDCL2P2	LOW_COVERAGE
PDCL3	RNA_RESISTANCE_CONSENSUS
PDCL3P3	LOW_COVERAGE
PDCL3P4	LOW_COVERAGE
PDDC1	LOW_EVIDENCE
PDE10A	RNA_RESISTANCE_CONSENSUS
PDE11A	RNA_RESISTANCE_CONSENSUS
PDE12	LOW_EVIDENCE
PDE1A	LOW_EVIDENCE
PDE1B	LOW_COVERAGE
PDE1C	HUMAN_TUMOR_SUPPORTED
PDE2A	LOW_EVIDENCE
PDE3A	LOW_EVIDENCE
PDE3B	RNA_RESISTANCE_CONSENSUS
PDE4A	LOW_EVIDENCE
PDE4B	RNA_RESISTANCE_CONSENSUS
PDE4C	LOW_EVIDENCE
PDE4D	RNA_RESISTANCE_CONSENSUS
PDE4DIP	LOW_EVIDENCE
PDE5A	RNA_RESISTANCE_CONSENSUS
PDE6A	RNA_RESISTANCE_CONSENSUS
PDE6B	LOW_EVIDENCE
PDE6C	LOW_COVERAGE
PDE6D	RNA_RESISTANCE_CONSENSUS
PDE6G	LOW_EVIDENCE
PDE6H	LOW_COVERAGE
PDE7A	LOW_EVIDENCE
PDE7B	HUMAN_TUMOR_SUPPORTED
PDE8A	LOW_EVIDENCE
PDE8B	LOW_EVIDENCE
PDE9A	RNA_RESISTANCE_CONSENSUS
PDF	LOW_EVIDENCE
PDGFA	LOW_EVIDENCE
PDGFB	RNA_RESISTANCE_CONSENSUS
PDGFC	RNA_RESISTANCE_CONSENSUS
PDGFD	LOW_EVIDENCE
PDGFRA	LOW_COVERAGE
PDGFRB	LOW_COVERAGE
PDGFRL	RNA_RESISTANCE_CONSENSUS
PDHA1	LOW_EVIDENCE
PDHA2	LOW_COVERAGE
PDHB	LOW_EVIDENCE
PDHX	LOW_EVIDENCE
PDIA2	RNA_RESISTANCE_CONSENSUS
PDIA3	LOW_EVIDENCE
PDIA3P1	LOW_COVERAGE
PDIA4	LOW_EVIDENCE
PDIA5	RNA_RESISTANCE_CONSENSUS
PDIA6	RNA_RESISTANCE_CONSENSUS
PDIK1L	LOW_EVIDENCE
PDILT	LOW_COVERAGE
PDK1	RNA_RESISTANCE_CONSENSUS
PDK2	LOW_EVIDENCE
PDK3	RNA_RESISTANCE_CONSENSUS
PDK4	LOW_EVIDENCE
PDLIM1	LOW_EVIDENCE
PDLIM2	LOW_EVIDENCE
PDLIM3	RNA_RESISTANCE_CONSENSUS
PDLIM4	LOW_COVERAGE
PDLIM5	RNA_RESISTANCE_CONSENSUS
PDLIM7	LOW_EVIDENCE
PDP1	LOW_EVIDENCE
PDP2	LOW_EVIDENCE
PDPK1	LOW_EVIDENCE
PDPK2P	LOW_COVERAGE
PDPN	LOW_EVIDENCE
PDPR	LOW_EVIDENCE
PDRG1	LOW_EVIDENCE
PDS5A	RNA_RESISTANCE_CONSENSUS
PDS5B	LOW_EVIDENCE
PDSS1	RNA_RESISTANCE_CONSENSUS
PDSS1P1	LOW_COVERAGE
PDSS1P2	LOW_COVERAGE
PDSS2	LOW_EVIDENCE
PDX1	LOW_COVERAGE
PDX1-AS1	LOW_COVERAGE
PDXDC1	LOW_EVIDENCE
PDXK	RNA_RESISTANCE_CONSENSUS
PDXP	RNA_RESISTANCE_CONSENSUS
PDYN	LOW_COVERAGE
PDZD11	LOW_EVIDENCE
PDZD2	LOW_EVIDENCE
PDZD3	LOW_COVERAGE
PDZD4	RNA_RESISTANCE_CONSENSUS
PDZD7	RNA_RESISTANCE_CONSENSUS
PDZD8	LOW_EVIDENCE
PDZD9	LOW_EVIDENCE
PDZK1	RNA_RESISTANCE_CONSENSUS
PDZK1IP1	LOW_COVERAGE
PDZK1P1	LOW_COVERAGE
PDZPH1P	LOW_COVERAGE
PDZRN3	RNA_RESISTANCE_CONSENSUS
PDZRN3-AS1	LOW_COVERAGE
PDZRN4	LOW_COVERAGE
PEA15	LOW_EVIDENCE
PEAK1	LOW_EVIDENCE
PEAK3	LOW_COVERAGE
PEAR1	ACUTE_RESPONSE
PEBP1	RNA_RESISTANCE_CONSENSUS
PEBP4	RNA_RESISTANCE_CONSENSUS
PECAM1	LOW_COVERAGE
PECR	RNA_RESISTANCE_CONSENSUS
PEF1	LOW_EVIDENCE
PEG10	RNA_RESISTANCE_CONSENSUS
PEG13	LOW_COVERAGE
PEG3	RNA_RESISTANCE_CONSENSUS
PELI1	RNA_RESISTANCE_CONSENSUS
PELI2	RNA_RESISTANCE_CONSENSUS
PELI3	LOW_EVIDENCE
PELO	ACUTE_RESPONSE
PELP1	RNA_RESISTANCE_CONSENSUS
PEMT	LOW_EVIDENCE
PENK	LOW_COVERAGE
PEPD	LOW_EVIDENCE
PER1	LOW_EVIDENCE
PER2	RNA_RESISTANCE_CONSENSUS
PER3	RNA_RESISTANCE_CONSENSUS
PERM1	LOW_EVIDENCE
PERP	RNA_RESISTANCE_CONSENSUS
PES1	RNA_RESISTANCE_CONSENSUS
PET100	LOW_EVIDENCE
PET117	FUNCTIONAL_ONLY
PEX1	LOW_EVIDENCE
PEX10	LOW_EVIDENCE
PEX11A	RNA_RESISTANCE_CONSENSUS
PEX11B	RNA_RESISTANCE_CONSENSUS
PEX11G	LOW_EVIDENCE
PEX12	LOW_EVIDENCE
PEX13	RNA_RESISTANCE_CONSENSUS
PEX14	LOW_EVIDENCE
PEX16	LOW_EVIDENCE
PEX19	LOW_EVIDENCE
PEX2	LOW_EVIDENCE
PEX26	LOW_EVIDENCE
PEX3	LOW_EVIDENCE
PEX5	RNA_RESISTANCE_CONSENSUS
PEX5L	LOW_EVIDENCE
PEX6	RNA_RESISTANCE_CONSENSUS
PEX7	LOW_EVIDENCE
PF4	LOW_COVERAGE
PF4V1	LOW_COVERAGE
PFAS	RNA_RESISTANCE_CONSENSUS
PFDN1	LOW_EVIDENCE
PFDN2	LOW_EVIDENCE
PFDN4	LOW_EVIDENCE
PFDN5	LOW_EVIDENCE
PFDN6	LOW_EVIDENCE
PFKFB1	RNA_RESISTANCE_CONSENSUS
PFKFB2	RNA_RESISTANCE_CONSENSUS
PFKFB3	RNA_RESISTANCE_CONSENSUS
PFKFB4	LOW_EVIDENCE
PFKL	RNA_RESISTANCE_CONSENSUS
PFKM	LOW_EVIDENCE
PFKP	RNA_RESISTANCE_CONSENSUS
PFN1	LOW_EVIDENCE
PFN1P1	LOW_COVERAGE
PFN1P2	LOW_COVERAGE
PFN1P6	LOW_COVERAGE
PFN2	LOW_EVIDENCE
PFN3	LOW_COVERAGE
PFN4	LOW_EVIDENCE
PGA3	LOW_COVERAGE
PGA4	LOW_COVERAGE
PGA5	LOW_COVERAGE
PGAM1	LOW_EVIDENCE
PGAM1P5	LOW_COVERAGE
PGAM1P7	LOW_COVERAGE
PGAM2	LOW_EVIDENCE
PGAM4	LOW_EVIDENCE
PGAM4P2	LOW_COVERAGE
PGAM5	LOW_EVIDENCE
PGAP1	LOW_EVIDENCE
PGAP2	RNA_RESISTANCE_CONSENSUS
PGAP3	LOW_EVIDENCE
PGBD1	LOW_EVIDENCE
PGBD2	LOW_EVIDENCE
PGBD3	LOW_COVERAGE
PGBD4	LOW_EVIDENCE
PGBD4P7	LOW_COVERAGE
PGBD5	RNA_RESISTANCE_CONSENSUS
PGC	LOW_COVERAGE
PGD	RNA_RESISTANCE_CONSENSUS
PGDP1	LOW_COVERAGE
PGF	HUMAN_TUMOR_SUPPORTED
PGGHG	LOW_COVERAGE
PGGT1B	LOW_EVIDENCE
PGK1	LOW_EVIDENCE
PGK1P2	LOW_COVERAGE
PGK2	LOW_COVERAGE
PGLS	LOW_EVIDENCE
PGLYRP1	LOW_COVERAGE
PGLYRP2	RNA_RESISTANCE_CONSENSUS
PGLYRP3	LOW_COVERAGE
PGLYRP4	LOW_COVERAGE
PGM1	RNA_RESISTANCE_CONSENSUS
PGM2	RNA_RESISTANCE_CONSENSUS
PGM2L1	RNA_RESISTANCE_CONSENSUS
PGM3	LOW_EVIDENCE
PGM5	RNA_RESISTANCE_CONSENSUS
PGM5-AS1	LOW_COVERAGE
PGM5P2	LOW_COVERAGE
PGP	RNA_RESISTANCE_CONSENSUS
PGPEP1	RNA_RESISTANCE_CONSENSUS
PGPEP1L	LOW_COVERAGE
PGR	RNA_RESISTANCE_CONSENSUS
PGR-AS1	LOW_COVERAGE
PGRMC1	LOW_EVIDENCE
PGRMC2	LOW_EVIDENCE
PGS1	LOW_EVIDENCE
PHACTR1	RNA_RESISTANCE_CONSENSUS
PHACTR2	LOW_EVIDENCE
PHACTR2-AS1	LOW_COVERAGE
PHACTR2P1	LOW_COVERAGE
PHACTR3	LOW_COVERAGE
PHACTR4	LOW_EVIDENCE
PHAX	LOW_EVIDENCE
PHB	LOW_EVIDENCE
PHB2	LOW_EVIDENCE
PHBP12	LOW_COVERAGE
PHBP13	LOW_COVERAGE
PHBP19	LOW_COVERAGE
PHBP2	LOW_COVERAGE
PHBP9	LOW_COVERAGE
PHC1	RNA_RESISTANCE_CONSENSUS
PHC1P1	LOW_COVERAGE
PHC2	RNA_RESISTANCE_CONSENSUS
PHC3	RNA_RESISTANCE_CONSENSUS
PHETA1	LOW_COVERAGE
PHETA2	LOW_COVERAGE
PHEX	RNA_RESISTANCE_CONSENSUS
PHF1	LOW_EVIDENCE
PHF10	LOW_EVIDENCE
PHF11	RNA_RESISTANCE_CONSENSUS
PHF12	LOW_EVIDENCE
PHF13	LOW_EVIDENCE
PHF14	LOW_EVIDENCE
PHF19	LOW_EVIDENCE
PHF2	LOW_EVIDENCE
PHF20	RNA_RESISTANCE_CONSENSUS
PHF20L1	RNA_RESISTANCE_CONSENSUS
PHF21A	LOW_EVIDENCE
PHF21B	LOW_EVIDENCE
PHF23	LOW_EVIDENCE
PHF24	LOW_COVERAGE
PHF3	LOW_EVIDENCE
PHF5A	LOW_EVIDENCE
PHF6	RNA_RESISTANCE_CONSENSUS
PHF7	LOW_EVIDENCE
PHF8	LOW_EVIDENCE
PHGDH	ACUTE_RESPONSE
PHGR1	LOW_COVERAGE
PHIP	LOW_EVIDENCE
PHKA1	LOW_EVIDENCE
PHKA1-AS1	LOW_COVERAGE
PHKA1P1	LOW_COVERAGE
PHKA2	RNA_RESISTANCE_CONSENSUS
PHKA2-AS1	LOW_COVERAGE
PHKB	LOW_EVIDENCE
PHKG1	LOW_EVIDENCE
PHKG2	LOW_EVIDENCE
PHLDA1	RNA_RESISTANCE_CONSENSUS
PHLDA2	RNA_RESISTANCE_CONSENSUS
PHLDA3	LOW_EVIDENCE
PHLDB1	RNA_RESISTANCE_CONSENSUS
PHLDB2	RNA_RESISTANCE_CONSENSUS
PHLDB3	LOW_EVIDENCE
PHLPP1	LOW_EVIDENCE
PHLPP2	LOW_EVIDENCE
PHOSPHO1	LOW_COVERAGE
PHOSPHO2	LOW_EVIDENCE
PHOSPHO2-KLHL23	LOW_COVERAGE
PHOX2A	LOW_COVERAGE
PHOX2B	LOW_COVERAGE
PHPT1	RNA_RESISTANCE_CONSENSUS
PHRF1	LOW_EVIDENCE
PHTF1	LOW_EVIDENCE
PHTF2	LOW_EVIDENCE
PHYH	RNA_RESISTANCE_CONSENSUS
PHYHD1	LOW_EVIDENCE
PHYHIP	LOW_COVERAGE
PHYHIPL	LOW_COVERAGE
PHYKPL	LOW_EVIDENCE
PI15	LOW_EVIDENCE
PI16	LOW_COVERAGE
PI3	LOW_EVIDENCE
PI4K2A	LOW_EVIDENCE
PI4K2B	HUMAN_TUMOR_SUPPORTED
PI4KA	RNA_RESISTANCE_CONSENSUS
PI4KAP1	LOW_COVERAGE
PI4KAP2	LOW_COVERAGE
PI4KB	LOW_EVIDENCE
PIANP	LOW_EVIDENCE
PIAS1	LOW_EVIDENCE
PIAS2	LOW_EVIDENCE
PIAS3	RNA_RESISTANCE_CONSENSUS
PIAS4	LOW_EVIDENCE
PIBF1	LOW_EVIDENCE
PICALM	LOW_EVIDENCE
PICART1	LOW_COVERAGE
PICK1	LOW_EVIDENCE
PICSAR	LOW_COVERAGE
PID1	RNA_RESISTANCE_CONSENSUS
PIDD1	LOW_EVIDENCE
PIEZO1	RNA_RESISTANCE_CONSENSUS
PIEZO2	LOW_EVIDENCE
PIF1	LOW_EVIDENCE
PIFO	LOW_EVIDENCE
PIGA	LOW_EVIDENCE
PIGB	LOW_EVIDENCE
PIGBOS1	LOW_EVIDENCE
PIGC	RNA_RESISTANCE_CONSENSUS
PIGCP1	LOW_COVERAGE
PIGF	RNA_RESISTANCE_CONSENSUS
PIGFP2	LOW_COVERAGE
PIGG	LOW_EVIDENCE
PIGH	RNA_RESISTANCE_CONSENSUS
PIGHP1	LOW_COVERAGE
PIGK	LOW_EVIDENCE
PIGL	RNA_RESISTANCE_CONSENSUS
PIGM	LOW_EVIDENCE
PIGN	LOW_EVIDENCE
PIGO	LOW_EVIDENCE
PIGP	RNA_RESISTANCE_CONSENSUS
PIGQ	LOW_EVIDENCE
PIGR	LOW_COVERAGE
PIGS	LOW_EVIDENCE
PIGT	LOW_EVIDENCE
PIGU	LOW_EVIDENCE
PIGV	RNA_RESISTANCE_CONSENSUS
PIGW	LOW_EVIDENCE
PIGX	RNA_RESISTANCE_CONSENSUS
PIGY	LOW_EVIDENCE
PIGZ	RNA_RESISTANCE_CONSENSUS
PIH1D1	LOW_EVIDENCE
PIH1D2	LOW_EVIDENCE
PIH1D3	LOW_COVERAGE
PIK3AP1	LOW_EVIDENCE
PIK3C2A	LOW_EVIDENCE
PIK3C2B	RNA_RESISTANCE_CONSENSUS
PIK3C2G	LOW_EVIDENCE
PIK3C3	RNA_RESISTANCE_CONSENSUS
PIK3CA	RNA_RESISTANCE_CONSENSUS
PIK3CB	RNA_RESISTANCE_CONSENSUS
PIK3CD	LOW_EVIDENCE
PIK3CD-AS2	HUMAN_TUMOR_SUPPORTED
PIK3CG	LOW_COVERAGE
PIK3IP1	LOW_EVIDENCE
PIK3IP1-AS1	LOW_COVERAGE
PIK3R1	LOW_EVIDENCE
PIK3R2	LOW_EVIDENCE
PIK3R3	LOW_EVIDENCE
PIK3R4	LOW_EVIDENCE
PIK3R5	LOW_COVERAGE
PIK3R6	LOW_COVERAGE
PIKFYVE	RNA_RESISTANCE_CONSENSUS
PILRA	LOW_EVIDENCE
PILRB	RNA_RESISTANCE_CONSENSUS
PIM1	RNA_RESISTANCE_CONSENSUS
PIM2	LOW_EVIDENCE
PIM3	ACUTE_RESPONSE
PIMREG	LOW_COVERAGE
PIN1	LOW_EVIDENCE
PIN4	LOW_EVIDENCE
PIN4P1	LOW_COVERAGE
PINCR	LOW_COVERAGE
PINK1	RNA_RESISTANCE_CONSENSUS
PINK1-AS	LOW_EVIDENCE
PINLYP	HUMAN_TUMOR_SUPPORTED
PINX1	RNA_RESISTANCE_CONSENSUS
PINX1.1	LOW_COVERAGE
PIP	LOW_EVIDENCE
PIP4K2A	RNA_RESISTANCE_CONSENSUS
PIP4K2B	LOW_EVIDENCE
PIP4K2C	LOW_EVIDENCE
PIP4P1	LOW_COVERAGE
PIP4P2	LOW_COVERAGE
PIP5K1A	LOW_EVIDENCE
PIP5K1B	LOW_EVIDENCE
PIP5K1C	LOW_EVIDENCE
PIP5KL1	RNA_RESISTANCE_CONSENSUS
PIPOX	CONTEXT_DEPENDENT
PIPSL	LOW_COVERAGE
PIR	RNA_RESISTANCE_CONSENSUS
PIRT	LOW_COVERAGE
PISD	RNA_RESISTANCE_CONSENSUS
PITHD1	LOW_EVIDENCE
PITPNA	LOW_EVIDENCE
PITPNA-AS1	RNA_RESISTANCE_CONSENSUS
PITPNB	RNA_RESISTANCE_CONSENSUS
PITPNC1	LOW_EVIDENCE
PITPNM1	RNA_RESISTANCE_CONSENSUS
PITPNM2	LOW_EVIDENCE
PITPNM3	LOW_EVIDENCE
PITRM1	RNA_RESISTANCE_CONSENSUS
PITRM1-AS1	HUMAN_TUMOR_SUPPORTED
PITX1	RNA_RESISTANCE_CONSENSUS
PITX2	RNA_RESISTANCE_CONSENSUS
PITX3	LOW_COVERAGE
PIWIL1	LOW_COVERAGE
PIWIL2	LOW_COVERAGE
PIWIL3	LOW_COVERAGE
PIWIL4	RNA_RESISTANCE_CONSENSUS
PJA1	RNA_RESISTANCE_CONSENSUS
PJA2	LOW_EVIDENCE
PJVK	LOW_COVERAGE
PKD1	LOW_EVIDENCE
PKD1L1	LOW_EVIDENCE
PKD1L2	LOW_EVIDENCE
PKD1L3	LOW_EVIDENCE
PKD1P1	LOW_COVERAGE
PKD1P5	LOW_COVERAGE
PKD2	LOW_EVIDENCE
PKD2L1	LOW_COVERAGE
PKD2L2	LOW_EVIDENCE
PKDCC	RNA_RESISTANCE_CONSENSUS
PKDREJ	LOW_COVERAGE
PKHD1	HUMAN_TUMOR_SUPPORTED
PKHD1L1	LOW_EVIDENCE
PKI55	LOW_COVERAGE
PKIA	LOW_EVIDENCE
PKIA-AS1	LOW_COVERAGE
PKIB	RNA_RESISTANCE_CONSENSUS
PKIG	LOW_EVIDENCE
PKLR	LOW_COVERAGE
PKM	RNA_RESISTANCE_CONSENSUS
PKMP1	LOW_COVERAGE
PKMP3	LOW_COVERAGE
PKMYT1	RNA_RESISTANCE_CONSENSUS
PKN1	RNA_RESISTANCE_CONSENSUS
PKN2	LOW_EVIDENCE
PKN2-AS1	LOW_EVIDENCE
PKN3	RNA_RESISTANCE_CONSENSUS
PKNOX1	LOW_EVIDENCE
PKNOX2	LOW_EVIDENCE
PKP1	RNA_RESISTANCE_CONSENSUS
PKP2	RNA_RESISTANCE_CONSENSUS
PKP3	LOW_EVIDENCE
PKP4	LOW_EVIDENCE
PKP4-AS1	LOW_COVERAGE
PLA1A	LOW_COVERAGE
PLA2G10	LOW_EVIDENCE
PLA2G12A	LOW_EVIDENCE
PLA2G12B	LOW_COVERAGE
PLA2G15	RNA_RESISTANCE_CONSENSUS
PLA2G16	RNA_RESISTANCE_CONSENSUS
PLA2G1B	LOW_COVERAGE
PLA2G2A	LOW_EVIDENCE
PLA2G2C	LOW_COVERAGE
PLA2G2D	LOW_COVERAGE
PLA2G2E	LOW_COVERAGE
PLA2G2F	LOW_COVERAGE
PLA2G3	ACUTE_RESPONSE
PLA2G4A	LOW_EVIDENCE
PLA2G4B	LOW_EVIDENCE
PLA2G4C	LOW_EVIDENCE
PLA2G4C-AS1	LOW_COVERAGE
PLA2G4D	LOW_COVERAGE
PLA2G4E	LOW_COVERAGE
PLA2G4E-AS1	LOW_COVERAGE
PLA2G4F	RNA_RESISTANCE_CONSENSUS
PLA2G5	LOW_COVERAGE
PLA2G6	LOW_EVIDENCE
PLA2G7	LOW_COVERAGE
PLA2R1	LOW_EVIDENCE
PLAA	LOW_EVIDENCE
PLAAT2	LOW_COVERAGE
PLAAT3	LOW_COVERAGE
PLAAT4	LOW_COVERAGE
PLAC1	RNA_RESISTANCE_CONSENSUS
PLAC4	LOW_COVERAGE
PLAC8	RNA_RESISTANCE_CONSENSUS
PLAC8L1	RNA_RESISTANCE_CONSENSUS
PLAC9	LOW_EVIDENCE
PLAG1	LOW_EVIDENCE
PLAGL1	LOW_EVIDENCE
PLAGL2	LOW_EVIDENCE
PLAT	LOW_EVIDENCE
PLAU	LOW_EVIDENCE
PLAUR	LOW_EVIDENCE
PLB1	LOW_EVIDENCE
PLBD1	RNA_RESISTANCE_CONSENSUS
PLBD1-AS1	LOW_COVERAGE
PLBD2	LOW_EVIDENCE
PLCB1	LOW_EVIDENCE
PLCB1-IT1	LOW_COVERAGE
PLCB2	RNA_RESISTANCE_CONSENSUS
PLCB3	LOW_EVIDENCE
PLCB4	RNA_RESISTANCE_CONSENSUS
PLCD1	RNA_RESISTANCE_CONSENSUS
PLCD3	RNA_RESISTANCE_CONSENSUS
PLCD4	LOW_EVIDENCE
PLCE1	LOW_EVIDENCE
PLCE1-AS1	LOW_COVERAGE
PLCE1-AS2	LOW_COVERAGE
PLCG1	LOW_EVIDENCE
PLCG1-AS1	LOW_COVERAGE
PLCG2	LOW_EVIDENCE
PLCH1	RNA_RESISTANCE_CONSENSUS
PLCH1-AS1	LOW_COVERAGE
PLCH2	LOW_EVIDENCE
PLCL1	LOW_EVIDENCE
PLCL2	RNA_RESISTANCE_CONSENSUS
PLCXD1	RNA_RESISTANCE_CONSENSUS
PLCXD2	RNA_RESISTANCE_CONSENSUS
PLCXD3	LOW_COVERAGE
PLCZ1	LOW_EVIDENCE
PLD1	RNA_RESISTANCE_CONSENSUS
PLD2	LOW_EVIDENCE
PLD3	LOW_EVIDENCE
PLD4	LOW_COVERAGE
PLD5	LOW_EVIDENCE
PLD6	RNA_RESISTANCE_CONSENSUS
PLEC	LOW_EVIDENCE
PLEK	LOW_COVERAGE
PLEK2	RNA_RESISTANCE_CONSENSUS
PLEKHA1	LOW_EVIDENCE
PLEKHA2	RNA_RESISTANCE_CONSENSUS
PLEKHA3	RNA_RESISTANCE_CONSENSUS
PLEKHA3P1	LOW_COVERAGE
PLEKHA4	RNA_RESISTANCE_CONSENSUS
PLEKHA5	RNA_RESISTANCE_CONSENSUS
PLEKHA6	LOW_EVIDENCE
PLEKHA7	LOW_EVIDENCE
PLEKHA8	LOW_EVIDENCE
PLEKHA8P1	LOW_COVERAGE
PLEKHB1	RNA_RESISTANCE_CONSENSUS
PLEKHB2	RNA_RESISTANCE_CONSENSUS
PLEKHD1	HUMAN_TUMOR_SUPPORTED
PLEKHF1	RNA_RESISTANCE_CONSENSUS
PLEKHF2	RNA_RESISTANCE_CONSENSUS
PLEKHG1	RNA_RESISTANCE_CONSENSUS
PLEKHG2	RNA_RESISTANCE_CONSENSUS
PLEKHG3	LOW_EVIDENCE
PLEKHG4	HUMAN_TUMOR_SUPPORTED
PLEKHG4B	LOW_EVIDENCE
PLEKHG5	LOW_EVIDENCE
PLEKHG6	RNA_RESISTANCE_CONSENSUS
PLEKHG7	LOW_COVERAGE
PLEKHH1	LOW_EVIDENCE
PLEKHH2	RNA_RESISTANCE_CONSENSUS
PLEKHH3	RNA_RESISTANCE_CONSENSUS
PLEKHJ1	LOW_EVIDENCE
PLEKHM1	LOW_EVIDENCE
PLEKHM1P	LOW_COVERAGE
PLEKHM2	LOW_EVIDENCE
PLEKHM3	LOW_EVIDENCE
PLEKHN1	LOW_EVIDENCE
PLEKHO1	ACUTE_RESPONSE
PLEKHO2	RNA_RESISTANCE_CONSENSUS
PLEKHS1	RNA_RESISTANCE_CONSENSUS
PLET1	LOW_COVERAGE
PLG	LOW_COVERAGE
PLGLB1	LOW_EVIDENCE
PLGLB2	LOW_EVIDENCE
PLGRKT	RNA_RESISTANCE_CONSENSUS
PLIN1	LOW_EVIDENCE
PLIN2	RNA_RESISTANCE_CONSENSUS
PLIN3	RNA_RESISTANCE_CONSENSUS
PLIN4	RNA_RESISTANCE_CONSENSUS
PLIN5	RNA_RESISTANCE_CONSENSUS
PLK1	LOW_EVIDENCE
PLK2	RNA_RESISTANCE_CONSENSUS
PLK3	RNA_RESISTANCE_CONSENSUS
PLK4	RNA_RESISTANCE_CONSENSUS
PLK5	LOW_COVERAGE
PLLP	RNA_RESISTANCE_CONSENSUS
PLN	LOW_EVIDENCE
PLOD1	LOW_EVIDENCE
PLOD2	RNA_RESISTANCE_CONSENSUS
PLOD3	RNA_RESISTANCE_CONSENSUS
PLP1	LOW_COVERAGE
PLP2	RNA_RESISTANCE_CONSENSUS
PLPBP	LOW_COVERAGE
PLPP1	LOW_COVERAGE
PLPP2	LOW_COVERAGE
PLPP3	LOW_COVERAGE
PLPP4	LOW_COVERAGE
PLPP5	LOW_COVERAGE
PLPP6	LOW_COVERAGE
PLPP7	LOW_COVERAGE
PLPPR1	LOW_COVERAGE
PLPPR2	LOW_COVERAGE
PLPPR3	LOW_COVERAGE
PLRG1	RNA_RESISTANCE_CONSENSUS
PLS1	RNA_RESISTANCE_CONSENSUS
PLS3	RNA_RESISTANCE_CONSENSUS
PLS3-AS1	LOW_COVERAGE
PLSCR1	RNA_RESISTANCE_CONSENSUS
PLSCR2	LOW_COVERAGE
PLSCR3	RNA_RESISTANCE_CONSENSUS
PLSCR4	LOW_EVIDENCE
PLSCR5	LOW_COVERAGE
PLTP	LOW_EVIDENCE
PLVAP	LOW_COVERAGE
PLXDC1	RNA_RESISTANCE_CONSENSUS
PLXDC2	RNA_RESISTANCE_CONSENSUS
PLXNA1	LOW_EVIDENCE
PLXNA2	RNA_RESISTANCE_CONSENSUS
PLXNA3	LOW_EVIDENCE
PLXNA4	RNA_RESISTANCE_CONSENSUS
PLXNB1	RNA_RESISTANCE_CONSENSUS
PLXNB2	LOW_EVIDENCE
PLXNB3	LOW_EVIDENCE
PLXNC1	RNA_RESISTANCE_CONSENSUS
PLXND1	RNA_RESISTANCE_CONSENSUS
PM20D1	LOW_EVIDENCE
PM20D2	LOW_EVIDENCE
PMAIP1	LOW_EVIDENCE
PMCH	LOW_COVERAGE
PMCHL2	LOW_COVERAGE
PMEL	LOW_EVIDENCE
PMEPA1	RNA_RESISTANCE_CONSENSUS
PMF1	LOW_EVIDENCE
PMF1-BGLAP	LOW_EVIDENCE
PMFBP1	HUMAN_TUMOR_SUPPORTED
PML	LOW_EVIDENCE
PMM1	LOW_EVIDENCE
PMM2	LOW_EVIDENCE
PMM2P1	LOW_COVERAGE
PMP2	LOW_COVERAGE
PMP22	RNA_RESISTANCE_CONSENSUS
PMPCA	LOW_EVIDENCE
PMPCB	LOW_EVIDENCE
PMS1	LOW_EVIDENCE
PMS2	LOW_EVIDENCE
PMS2CL	LOW_COVERAGE
PMS2L2	LOW_COVERAGE
PMS2P1	LOW_COVERAGE
PMS2P10	LOW_COVERAGE
PMS2P11	LOW_COVERAGE
PMS2P2	LOW_COVERAGE
PMS2P3	LOW_COVERAGE
PMS2P4	LOW_COVERAGE
PMS2P5	LOW_COVERAGE
PMS2P6	LOW_COVERAGE
PMS2P7	LOW_COVERAGE
PMS2P9	LOW_COVERAGE
PMVK	LOW_EVIDENCE
PNCK	HUMAN_TUMOR_SUPPORTED
PNISR	LOW_EVIDENCE
PNKD	RNA_RESISTANCE_CONSENSUS
PNKP	LOW_EVIDENCE
PNLDC1	LOW_EVIDENCE
PNLIP	LOW_COVERAGE
PNLIPRP1	LOW_COVERAGE
PNLIPRP2	LOW_COVERAGE
PNLIPRP3	ACUTE_RESPONSE
PNMA1	LOW_EVIDENCE
PNMA2	LOW_EVIDENCE
PNMA3	LOW_COVERAGE
PNMA5	LOW_COVERAGE
PNMA6A	HUMAN_TUMOR_SUPPORTED
PNMA8A	LOW_COVERAGE
PNMAL1	LOW_COVERAGE
PNMAL2	LOW_COVERAGE
PNMT	LOW_EVIDENCE
PNN	RNA_RESISTANCE_CONSENSUS
PNO1	LOW_EVIDENCE
PNOC	LOW_COVERAGE
PNP	RNA_RESISTANCE_CONSENSUS
PNPLA1	LOW_COVERAGE
PNPLA2	RNA_RESISTANCE_CONSENSUS
PNPLA3	LOW_EVIDENCE
PNPLA4	RNA_RESISTANCE_CONSENSUS
PNPLA5	LOW_COVERAGE
PNPLA6	LOW_EVIDENCE
PNPLA7	LOW_EVIDENCE
PNPLA8	LOW_EVIDENCE
PNPO	LOW_EVIDENCE
PNPT1	RNA_RESISTANCE_CONSENSUS
PNPT1P1	LOW_COVERAGE
PNRC1	RNA_RESISTANCE_CONSENSUS
PNRC2	RNA_RESISTANCE_CONSENSUS
POC1A	LOW_EVIDENCE
POC1B	LOW_EVIDENCE
POC1B-AS1	LOW_COVERAGE
POC1B-GALNT4	LOW_EVIDENCE
POC5	LOW_EVIDENCE
PODN	LOW_COVERAGE
PODNL1	RNA_RESISTANCE_CONSENSUS
PODXL	RNA_RESISTANCE_CONSENSUS
PODXL2	LOW_EVIDENCE
POF1B	RNA_RESISTANCE_CONSENSUS
POFUT1	RNA_RESISTANCE_CONSENSUS
POFUT2	RNA_RESISTANCE_CONSENSUS
POGK	LOW_EVIDENCE
POGLUT1	LOW_EVIDENCE
POGLUT2	LOW_COVERAGE
POGLUT3	LOW_COVERAGE
POGZ	LOW_EVIDENCE
POLA1	RNA_RESISTANCE_CONSENSUS
POLA2	RNA_RESISTANCE_CONSENSUS
POLB	RNA_RESISTANCE_CONSENSUS
POLD1	LOW_EVIDENCE
POLD2	LOW_EVIDENCE
POLD3	LOW_EVIDENCE
POLD4	RNA_RESISTANCE_CONSENSUS
POLDIP2	LOW_EVIDENCE
POLDIP3	LOW_EVIDENCE
POLE	RNA_RESISTANCE_CONSENSUS
POLE2	RNA_RESISTANCE_CONSENSUS
POLE3	RNA_RESISTANCE_CONSENSUS
POLE4	LOW_EVIDENCE
POLG	LOW_EVIDENCE
POLG2	LOW_EVIDENCE
POLH	LOW_EVIDENCE
POLH-AS1	LOW_COVERAGE
POLHP1	LOW_COVERAGE
POLI	RNA_RESISTANCE_CONSENSUS
POLK	LOW_EVIDENCE
POLL	LOW_EVIDENCE
POLM	LOW_EVIDENCE
POLN	LOW_EVIDENCE
POLQ	RNA_RESISTANCE_CONSENSUS
POLR1A	LOW_EVIDENCE
POLR1B	ACUTE_RESPONSE
POLR1C	LOW_EVIDENCE
POLR1D	LOW_EVIDENCE
POLR1E	LOW_EVIDENCE
POLR2A	LOW_EVIDENCE
POLR2B	LOW_EVIDENCE
POLR2C	LOW_EVIDENCE
POLR2D	RNA_RESISTANCE_CONSENSUS
POLR2E	LOW_EVIDENCE
POLR2F	LOW_EVIDENCE
POLR2G	LOW_EVIDENCE
POLR2H	LOW_EVIDENCE
POLR2I	LOW_EVIDENCE
POLR2J	RNA_RESISTANCE_CONSENSUS
POLR2J2	RNA_RESISTANCE_CONSENSUS
POLR2J3	RNA_RESISTANCE_CONSENSUS
POLR2J3.1	LOW_COVERAGE
POLR2K	LOW_EVIDENCE
POLR2KP1	LOW_COVERAGE
POLR2L	LOW_EVIDENCE
POLR2M	ACUTE_RESPONSE
POLR3A	LOW_EVIDENCE
POLR3B	LOW_EVIDENCE
POLR3C	LOW_EVIDENCE
POLR3D	LOW_EVIDENCE
POLR3DP1	LOW_COVERAGE
POLR3E	LOW_EVIDENCE
POLR3F	LOW_EVIDENCE
POLR3G	LOW_EVIDENCE
POLR3GL	LOW_EVIDENCE
POLR3GP1	LOW_COVERAGE
POLR3H	LOW_EVIDENCE
POLR3K	RNA_RESISTANCE_CONSENSUS
POLRMT	RNA_RESISTANCE_CONSENSUS
POLRMTP1	LOW_COVERAGE
POM121	LOW_EVIDENCE
POM121C	LOW_EVIDENCE
POM121L12	LOW_COVERAGE
POM121L2	LOW_COVERAGE
POMC	LOW_COVERAGE
POMGNT1	LOW_EVIDENCE
POMGNT2	LOW_EVIDENCE
POMK	LOW_EVIDENCE
POMP	LOW_EVIDENCE
POMT1	RNA_RESISTANCE_CONSENSUS
POMT2	RNA_RESISTANCE_CONSENSUS
POMZP3	LOW_EVIDENCE
PON1	LOW_COVERAGE
PON2	RNA_RESISTANCE_CONSENSUS
PON3	RNA_RESISTANCE_CONSENSUS
POP1	LOW_EVIDENCE
POP4	LOW_EVIDENCE
POP5	LOW_EVIDENCE
POP7	LOW_EVIDENCE
POPDC2	LOW_EVIDENCE
POPDC3	LOW_EVIDENCE
POR	LOW_EVIDENCE
PORCN	RNA_RESISTANCE_CONSENSUS
POSTN	LOW_COVERAGE
POT1	LOW_EVIDENCE
POT1-AS1	HUMAN_TUMOR_SUPPORTED
POTEA	LOW_COVERAGE
POTEB	LOW_COVERAGE
POTEB2	LOW_COVERAGE
POTEB3	LOW_COVERAGE
POTEC	LOW_COVERAGE
POTED	LOW_COVERAGE
POTEE	HUMAN_TUMOR_SUPPORTED
POTEF	HUMAN_TUMOR_SUPPORTED
POTEG	LOW_COVERAGE
POTEH	LOW_COVERAGE
POTEI	HUMAN_TUMOR_SUPPORTED
POTEJ	LOW_COVERAGE
POTEKP	LOW_COVERAGE
POTEM	LOW_COVERAGE
POU1F1	LOW_COVERAGE
POU2AF1	LOW_COVERAGE
POU2F1	LOW_EVIDENCE
POU2F2	LOW_EVIDENCE
POU2F3	RNA_RESISTANCE_CONSENSUS
POU3F1	LOW_EVIDENCE
POU3F2	LOW_COVERAGE
POU3F3	HUMAN_TUMOR_SUPPORTED
POU3F4	LOW_COVERAGE
POU4F1	LOW_COVERAGE
POU4F2	LOW_COVERAGE
POU4F3	LOW_COVERAGE
POU5F1	LOW_EVIDENCE
POU5F1B	LOW_COVERAGE
POU5F1P5	LOW_COVERAGE
POU5F2	LOW_EVIDENCE
POU6F1	LOW_EVIDENCE
POU6F2	LOW_EVIDENCE
POU6F2-AS2	LOW_COVERAGE
PP14571	LOW_COVERAGE
PP2D1	LOW_EVIDENCE
PP7080	LOW_COVERAGE
PPA1	LOW_EVIDENCE
PPA2	LOW_EVIDENCE
PPAN	LOW_EVIDENCE
PPAN-P2RY11	LOW_COVERAGE
PPAP2A	RNA_RESISTANCE_CONSENSUS
PPAP2B	LOW_EVIDENCE
PPAP2C	LOW_EVIDENCE
PPAPDC1A	LOW_COVERAGE
PPAPDC1B	LOW_EVIDENCE
PPAPDC2	LOW_EVIDENCE
PPAPDC3	LOW_COVERAGE
PPARA	RNA_RESISTANCE_CONSENSUS
PPARD	LOW_EVIDENCE
PPARG	RNA_RESISTANCE_CONSENSUS
PPARGC1A	RNA_RESISTANCE_CONSENSUS
PPARGC1B	LOW_EVIDENCE
PPAT	LOW_EVIDENCE
PPATP1	LOW_COVERAGE
PPBP	LOW_COVERAGE
PPCDC	LOW_EVIDENCE
PPCS	LOW_EVIDENCE
PPDPF	LOW_EVIDENCE
PPEF1	LOW_EVIDENCE
PPEF2	LOW_COVERAGE
PPFIA1	LOW_EVIDENCE
PPFIA2	LOW_EVIDENCE
PPFIA2-AS1	LOW_COVERAGE
PPFIA3	RNA_RESISTANCE_CONSENSUS
PPFIA4	RNA_RESISTANCE_CONSENSUS
PPFIBP1	RNA_RESISTANCE_CONSENSUS
PPFIBP2	RNA_RESISTANCE_CONSENSUS
PPHLN1	LOW_EVIDENCE
PPIA	LOW_EVIDENCE
PPIAL4A	LOW_COVERAGE
PPIAL4C	LOW_COVERAGE
PPIAL4D	LOW_COVERAGE
PPIAL4E	LOW_COVERAGE
PPIAL4F	LOW_COVERAGE
PPIAL4G	LOW_COVERAGE
PPIAP11	LOW_COVERAGE
PPIAP2	LOW_COVERAGE
PPIAP22	LOW_COVERAGE
PPIAP29	LOW_COVERAGE
PPIAP31	LOW_COVERAGE
PPIAP6	LOW_COVERAGE
PPIAP9	LOW_COVERAGE
PPIB	RNA_RESISTANCE_CONSENSUS
PPIC	LOW_EVIDENCE
PPID	LOW_EVIDENCE
PPIE	LOW_EVIDENCE
PPIEL	LOW_COVERAGE
PPIF	LOW_EVIDENCE
PPIG	RNA_RESISTANCE_CONSENSUS
PPIH	LOW_EVIDENCE
PPIHP1	LOW_COVERAGE
PPIL1	LOW_EVIDENCE
PPIL2	LOW_EVIDENCE
PPIL3	LOW_EVIDENCE
PPIL4	LOW_EVIDENCE
PPIL6	LOW_EVIDENCE
PPIP5K1	RNA_RESISTANCE_CONSENSUS
PPIP5K2	LOW_EVIDENCE
PPL	LOW_EVIDENCE
PPM1A	RNA_RESISTANCE_CONSENSUS
PPM1B	LOW_EVIDENCE
PPM1D	LOW_EVIDENCE
PPM1E	RNA_RESISTANCE_CONSENSUS
PPM1F	LOW_EVIDENCE
PPM1G	LOW_EVIDENCE
PPM1H	RNA_RESISTANCE_CONSENSUS
PPM1J	LOW_EVIDENCE
PPM1K	RNA_RESISTANCE_CONSENSUS
PPM1K-DT	LOW_COVERAGE
PPM1L	RNA_RESISTANCE_CONSENSUS
PPM1M	LOW_EVIDENCE
PPM1N	RNA_RESISTANCE_CONSENSUS
PPME1	LOW_EVIDENCE
PPOX	RNA_RESISTANCE_CONSENSUS
PPP1CA	LOW_EVIDENCE
PPP1CB	RNA_RESISTANCE_CONSENSUS
PPP1CC	RNA_RESISTANCE_CONSENSUS
PPP1R10	LOW_EVIDENCE
PPP1R11	LOW_EVIDENCE
PPP1R11P2	LOW_COVERAGE
PPP1R12A	LOW_EVIDENCE
PPP1R12A-AS1	LOW_COVERAGE
PPP1R12B	LOW_EVIDENCE
PPP1R12C	LOW_EVIDENCE
PPP1R13B	LOW_EVIDENCE
PPP1R13L	RNA_RESISTANCE_CONSENSUS
PPP1R14A	LOW_COVERAGE
PPP1R14B	LOW_EVIDENCE
PPP1R14B-AS1	LOW_COVERAGE
PPP1R14BP3	LOW_COVERAGE
PPP1R14C	RNA_RESISTANCE_CONSENSUS
PPP1R14D	LOW_COVERAGE
PPP1R15A	LOW_EVIDENCE
PPP1R15B	LOW_EVIDENCE
PPP1R16A	LOW_EVIDENCE
PPP1R16B	LOW_COVERAGE
PPP1R17	LOW_COVERAGE
PPP1R18	LOW_EVIDENCE
PPP1R1A	RNA_RESISTANCE_CONSENSUS
PPP1R1B	ACUTE_RESPONSE
PPP1R1C	RNA_RESISTANCE_CONSENSUS
PPP1R2	LOW_EVIDENCE
PPP1R21	LOW_EVIDENCE
PPP1R26	RNA_RESISTANCE_CONSENSUS
PPP1R26-AS1	RNA_RESISTANCE_CONSENSUS
PPP1R26P1	LOW_COVERAGE
PPP1R27	LOW_COVERAGE
PPP1R2P3	LOW_COVERAGE
PPP1R32	LOW_EVIDENCE
PPP1R35	LOW_EVIDENCE
PPP1R36	RNA_RESISTANCE_CONSENSUS
PPP1R37	LOW_EVIDENCE
PPP1R3A	LOW_COVERAGE
PPP1R3B	RNA_RESISTANCE_CONSENSUS
PPP1R3C	LOW_EVIDENCE
PPP1R3D	RNA_RESISTANCE_CONSENSUS
PPP1R3E	LOW_EVIDENCE
PPP1R3F	LOW_EVIDENCE
PPP1R3G	LOW_EVIDENCE
PPP1R42	RNA_RESISTANCE_CONSENSUS
PPP1R7	RNA_RESISTANCE_CONSENSUS
PPP1R8	LOW_EVIDENCE
PPP1R8P1	LOW_COVERAGE
PPP1R9A	RNA_RESISTANCE_CONSENSUS
PPP1R9B	LOW_EVIDENCE
PPP2CA	LOW_EVIDENCE
PPP2CB	RNA_RESISTANCE_CONSENSUS
PPP2R1A	LOW_EVIDENCE
PPP2R1B	LOW_EVIDENCE
PPP2R2A	RNA_RESISTANCE_CONSENSUS
PPP2R2B	LOW_EVIDENCE
PPP2R2C	LOW_EVIDENCE
PPP2R2D	LOW_EVIDENCE
PPP2R3A	LOW_EVIDENCE
PPP2R3B	LOW_EVIDENCE
PPP2R3C	RNA_RESISTANCE_CONSENSUS
PPP2R4	RNA_RESISTANCE_CONSENSUS
PPP2R5A	LOW_EVIDENCE
PPP2R5B	RNA_RESISTANCE_CONSENSUS
PPP2R5C	LOW_EVIDENCE
PPP2R5D	LOW_EVIDENCE
PPP2R5E	LOW_EVIDENCE
PPP3CA	RNA_RESISTANCE_CONSENSUS
PPP3CB	RNA_RESISTANCE_CONSENSUS
PPP3CB-AS1	LOW_EVIDENCE
PPP3CC	LOW_EVIDENCE
PPP3R1	LOW_EVIDENCE
PPP3R2	LOW_COVERAGE
PPP4C	LOW_EVIDENCE
PPP4R1	LOW_EVIDENCE
PPP4R1-AS1	LOW_COVERAGE
PPP4R1L	LOW_COVERAGE
PPP4R2	LOW_EVIDENCE
PPP4R3A	LOW_EVIDENCE
PPP4R3B	LOW_EVIDENCE
PPP4R4	RNA_RESISTANCE_CONSENSUS
PPP5C	LOW_EVIDENCE
PPP5D1	RNA_RESISTANCE_CONSENSUS
PPP6C	LOW_EVIDENCE
PPP6R1	LOW_EVIDENCE
PPP6R2	LOW_EVIDENCE
PPP6R3	LOW_EVIDENCE
PPRC1	LOW_EVIDENCE
PPT1	RNA_RESISTANCE_CONSENSUS
PPT2	RNA_RESISTANCE_CONSENSUS
PPT2-EGFL8	RNA_RESISTANCE_CONSENSUS
PPTC7	LOW_EVIDENCE
PPWD1	LOW_EVIDENCE
PPY	LOW_COVERAGE
PQBP1	LOW_EVIDENCE
PQLC1	LOW_EVIDENCE
PQLC2	ACUTE_RESPONSE
PQLC2L	LOW_EVIDENCE
PQLC3	RNA_RESISTANCE_CONSENSUS
PRAC1	LOW_COVERAGE
PRAC2	LOW_COVERAGE
PRADC1	LOW_EVIDENCE
PRAF2	LOW_EVIDENCE
PRAG1	LOW_COVERAGE
PRAM1	LOW_COVERAGE
PRAME	HUMAN_TUMOR_SUPPORTED
PRAMEF1	LOW_COVERAGE
PRAMEF10	LOW_COVERAGE
PRAMEF11	LOW_COVERAGE
PRAMEF12	LOW_COVERAGE
PRAMEF14	LOW_COVERAGE
PRAMEF15	LOW_COVERAGE
PRAMEF17	LOW_COVERAGE
PRAMEF19	LOW_COVERAGE
PRAMEF2	LOW_COVERAGE
PRAMEF20	LOW_COVERAGE
PRAMEF4	LOW_COVERAGE
PRAMEF5	LOW_COVERAGE
PRAMEF6	LOW_COVERAGE
PRAMEF7	LOW_COVERAGE
PRAMEF8	LOW_COVERAGE
PRAMEF9	LOW_COVERAGE
PRAP1	LOW_COVERAGE
PRB1	LOW_COVERAGE
PRB2	LOW_COVERAGE
PRB3	LOW_COVERAGE
PRB4	LOW_COVERAGE
PRC1	LOW_EVIDENCE
PRC1-AS1	LOW_COVERAGE
PRCC	LOW_EVIDENCE
PRCD	LOW_COVERAGE
PRCP	LOW_EVIDENCE
PRDM1	LOW_EVIDENCE
PRDM10	LOW_EVIDENCE
PRDM11	LOW_EVIDENCE
PRDM12	LOW_EVIDENCE
PRDM13	LOW_COVERAGE
PRDM14	LOW_COVERAGE
PRDM15	LOW_EVIDENCE
PRDM16	HUMAN_TUMOR_SUPPORTED
PRDM2	LOW_EVIDENCE
PRDM4	LOW_EVIDENCE
PRDM5	RNA_RESISTANCE_CONSENSUS
PRDM6	LOW_EVIDENCE
PRDM7	LOW_COVERAGE
PRDM8	LOW_COVERAGE
PRDM9	LOW_COVERAGE
PRDX1	LOW_EVIDENCE
PRDX1P1	LOW_COVERAGE
PRDX2	LOW_EVIDENCE
PRDX2P3	LOW_COVERAGE
PRDX3	RNA_RESISTANCE_CONSENSUS
PRDX3P1	LOW_COVERAGE
PRDX3P2	LOW_COVERAGE
PRDX3P3	LOW_COVERAGE
PRDX3P4	LOW_COVERAGE
PRDX4	LOW_EVIDENCE
PRDX5	LOW_EVIDENCE
PRDX6	RNA_RESISTANCE_CONSENSUS
PREB	ACUTE_RESPONSE
PRELID1	LOW_EVIDENCE
PRELID2	LOW_EVIDENCE
PRELID3A	LOW_COVERAGE
PRELID3B	LOW_COVERAGE
PRELP	LOW_EVIDENCE
PREP	LOW_EVIDENCE
PREPL	LOW_EVIDENCE
PREX1	RNA_RESISTANCE_CONSENSUS
PREX2	LOW_COVERAGE
PRF1	LOW_COVERAGE
PRG2	LOW_COVERAGE
PRG3	LOW_COVERAGE
PRG4	LOW_EVIDENCE
PRH1	LOW_EVIDENCE
PRH1-PRR4	LOW_COVERAGE
PRH2	LOW_COVERAGE
PRICKLE1	RNA_RESISTANCE_CONSENSUS
PRICKLE2	RNA_RESISTANCE_CONSENSUS
PRICKLE2-AS1	LOW_COVERAGE
PRICKLE2-AS2	RNA_RESISTANCE_CONSENSUS
PRICKLE2-AS3	LOW_COVERAGE
PRICKLE3	RNA_RESISTANCE_CONSENSUS
PRICKLE4	LOW_EVIDENCE
PRIM1	RNA_RESISTANCE_CONSENSUS
PRIM2	RNA_RESISTANCE_CONSENSUS
PRIMA1	RNA_RESISTANCE_CONSENSUS
PRIMPOL	LOW_EVIDENCE
PRKAA1	RNA_RESISTANCE_CONSENSUS
PRKAA2	RNA_RESISTANCE_CONSENSUS
PRKAB1	LOW_EVIDENCE
PRKAB2	LOW_EVIDENCE
PRKACA	RNA_RESISTANCE_CONSENSUS
PRKACB	RNA_RESISTANCE_CONSENSUS
PRKACG	LOW_COVERAGE
PRKAG1	LOW_EVIDENCE
PRKAG2	RNA_RESISTANCE_CONSENSUS
PRKAG2-AS1	RNA_RESISTANCE_CONSENSUS
PRKAG3	LOW_COVERAGE
PRKAR1A	RNA_RESISTANCE_CONSENSUS
PRKAR1B	LOW_EVIDENCE
PRKAR2A	LOW_EVIDENCE
PRKAR2A-AS1	LOW_COVERAGE
PRKAR2B	LOW_EVIDENCE
PRKCA	RNA_RESISTANCE_CONSENSUS
PRKCA-AS1	LOW_COVERAGE
PRKCB	LOW_COVERAGE
PRKCD	RNA_RESISTANCE_CONSENSUS
PRKCDBP	LOW_COVERAGE
PRKCE	LOW_EVIDENCE
PRKCG	LOW_COVERAGE
PRKCH	RNA_RESISTANCE_CONSENSUS
PRKCI	LOW_EVIDENCE
PRKCQ	LOW_COVERAGE
PRKCQ-AS1	LOW_COVERAGE
PRKCSH	LOW_EVIDENCE
PRKCZ	LOW_EVIDENCE
PRKCZ-AS1	LOW_COVERAGE
PRKD1	RNA_RESISTANCE_CONSENSUS
PRKD2	RNA_RESISTANCE_CONSENSUS
PRKD3	RNA_RESISTANCE_CONSENSUS
PRKDC	ACUTE_RESPONSE
PRKG1	HUMAN_TUMOR_SUPPORTED
PRKG1-AS1	RNA_RESISTANCE_CONSENSUS
PRKG2	LOW_EVIDENCE
PRKN	LOW_COVERAGE
PRKRA	LOW_EVIDENCE
PRKRIP1	RNA_RESISTANCE_CONSENSUS
PRKRIR	LOW_EVIDENCE
PRKRIRP1	LOW_COVERAGE
PRKRIRP3	LOW_COVERAGE
PRKRIRP7	LOW_COVERAGE
PRKX	LOW_EVIDENCE
PRKX-AS1	LOW_COVERAGE
PRKXP1	LOW_COVERAGE
PRKY	LOW_COVERAGE
PRL	LOW_COVERAGE
PRLH	RNA_RESISTANCE_CONSENSUS
PRLHR	LOW_COVERAGE
PRLR	RNA_RESISTANCE_CONSENSUS
PRM1	LOW_COVERAGE
PRM2	LOW_COVERAGE
PRM3	LOW_COVERAGE
PRMT1	LOW_EVIDENCE
PRMT1P1	LOW_COVERAGE
PRMT2	RNA_RESISTANCE_CONSENSUS
PRMT3	ACUTE_RESPONSE
PRMT5	LOW_EVIDENCE
PRMT5-AS1	LOW_EVIDENCE
PRMT6	LOW_EVIDENCE
PRMT7	LOW_EVIDENCE
PRMT8	LOW_COVERAGE
PRMT9	LOW_EVIDENCE
PRNCR1	LOW_COVERAGE
PRND	LOW_COVERAGE
PRNP	RNA_RESISTANCE_CONSENSUS
PRO1804	LOW_COVERAGE
PROB1	LOW_EVIDENCE
PROC	LOW_EVIDENCE
PROCA1	LOW_EVIDENCE
PROCR	LOW_EVIDENCE
PRODH	LOW_EVIDENCE
PRODH2	LOW_COVERAGE
PROK1	LOW_COVERAGE
PROK2	LOW_COVERAGE
PROKR1	LOW_COVERAGE
PROKR2	LOW_COVERAGE
PROL1	LOW_COVERAGE
PROM1	LOW_EVIDENCE
PROM2	RNA_RESISTANCE_CONSENSUS
PROP1	LOW_COVERAGE
PRORP	LOW_COVERAGE
PRORSD1P	LOW_COVERAGE
PRORY	LOW_COVERAGE
PROS1	RNA_RESISTANCE_CONSENSUS
PROSC	LOW_EVIDENCE
PROSER1	LOW_EVIDENCE
PROSER2	LOW_EVIDENCE
PROSER2-AS1	LOW_EVIDENCE
PROSER3	RNA_RESISTANCE_CONSENSUS
PROX1	LOW_EVIDENCE
PROX2	LOW_COVERAGE
PROZ	LOW_COVERAGE
PRPF18	LOW_EVIDENCE
PRPF19	RNA_RESISTANCE_CONSENSUS
PRPF3	LOW_EVIDENCE
PRPF31	LOW_EVIDENCE
PRPF38A	LOW_EVIDENCE
PRPF38B	LOW_EVIDENCE
PRPF39	RNA_RESISTANCE_CONSENSUS
PRPF4	RNA_RESISTANCE_CONSENSUS
PRPF40A	RNA_RESISTANCE_CONSENSUS
PRPF40B	LOW_EVIDENCE
PRPF4B	LOW_EVIDENCE
PRPF6	LOW_EVIDENCE
PRPF8	LOW_EVIDENCE
PRPH	RNA_RESISTANCE_CONSENSUS
PRPH2	LOW_COVERAGE
PRPS1	LOW_EVIDENCE
PRPS1L1	LOW_COVERAGE
PRPS1P2	LOW_COVERAGE
PRPS2	RNA_RESISTANCE_CONSENSUS
PRPSAP1	LOW_EVIDENCE
PRPSAP2	LOW_EVIDENCE
PRR11	RNA_RESISTANCE_CONSENSUS
PRR12	LOW_EVIDENCE
PRR13	LOW_EVIDENCE
PRR13P1	LOW_COVERAGE
PRR13P2	LOW_COVERAGE
PRR13P5	LOW_COVERAGE
PRR14	RNA_RESISTANCE_CONSENSUS
PRR14L	RNA_RESISTANCE_CONSENSUS
PRR15	RNA_RESISTANCE_CONSENSUS
PRR15L	LOW_EVIDENCE
PRR16	LOW_EVIDENCE
PRR18	LOW_COVERAGE
PRR19	LOW_EVIDENCE
PRR20A	LOW_COVERAGE
PRR20B	LOW_COVERAGE
PRR20C	LOW_COVERAGE
PRR20D	LOW_COVERAGE
PRR20E	LOW_COVERAGE
PRR21	LOW_COVERAGE
PRR22	LOW_EVIDENCE
PRR23A	LOW_COVERAGE
PRR23B	LOW_COVERAGE
PRR23C	LOW_COVERAGE
PRR23D1	LOW_COVERAGE
PRR23D2	LOW_COVERAGE
PRR25	LOW_COVERAGE
PRR26	LOW_EVIDENCE
PRR27	LOW_COVERAGE
PRR29	ACUTE_RESPONSE
PRR29-AS1	LOW_COVERAGE
PRR3	LOW_EVIDENCE
PRR30	LOW_COVERAGE
PRR32	LOW_COVERAGE
PRR34	LOW_COVERAGE
PRR34-AS1	LOW_EVIDENCE
PRR35	LOW_COVERAGE
PRR36	HUMAN_TUMOR_SUPPORTED
PRR4	ACUTE_RESPONSE
PRR5	LOW_EVIDENCE
PRR5-ARHGAP8	LOW_EVIDENCE
PRR5L	RNA_RESISTANCE_CONSENSUS
PRR7	LOW_EVIDENCE
PRR7-AS1	LOW_EVIDENCE
PRR9	LOW_COVERAGE
PRRC1	LOW_EVIDENCE
PRRC2A	LOW_EVIDENCE
PRRC2B	LOW_EVIDENCE
PRRC2C	LOW_EVIDENCE
PRRG1	RNA_RESISTANCE_CONSENSUS
PRRG2	LOW_EVIDENCE
PRRG3	LOW_COVERAGE
PRRG4	RNA_RESISTANCE_CONSENSUS
PRRT1	RNA_RESISTANCE_CONSENSUS
PRRT1B	LOW_COVERAGE
PRRT2	RNA_RESISTANCE_CONSENSUS
PRRT3	LOW_EVIDENCE
PRRT3-AS1	LOW_EVIDENCE
PRRT4	LOW_EVIDENCE
PRRX1	LOW_EVIDENCE
PRRX2	RNA_RESISTANCE_CONSENSUS
PRSS1	LOW_COVERAGE
PRSS12	RNA_RESISTANCE_CONSENSUS
PRSS16	RNA_RESISTANCE_CONSENSUS
PRSS2	LOW_COVERAGE
PRSS21	LOW_COVERAGE
PRSS22	ACUTE_RESPONSE
PRSS23	LOW_EVIDENCE
PRSS27	RNA_RESISTANCE_CONSENSUS
PRSS3	RNA_RESISTANCE_CONSENSUS
PRSS33	LOW_COVERAGE
PRSS35	LOW_COVERAGE
PRSS36	RNA_RESISTANCE_CONSENSUS
PRSS37	LOW_COVERAGE
PRSS38	LOW_COVERAGE
PRSS41	LOW_COVERAGE
PRSS42	LOW_COVERAGE
PRSS45	LOW_COVERAGE
PRSS46	LOW_COVERAGE
PRSS48	LOW_EVIDENCE
PRSS50	LOW_COVERAGE
PRSS51	LOW_COVERAGE
PRSS53	LOW_EVIDENCE
PRSS54	LOW_COVERAGE
PRSS55	LOW_COVERAGE
PRSS56	LOW_COVERAGE
PRSS57	LOW_COVERAGE
PRSS58	LOW_COVERAGE
PRSS8	RNA_RESISTANCE_CONSENSUS
PRTFDC1	RNA_RESISTANCE_CONSENSUS
PRTG	LOW_EVIDENCE
PRTN3	LOW_COVERAGE
PRUNE	LOW_EVIDENCE
PRUNE1	LOW_COVERAGE
PRUNE2	LOW_EVIDENCE
PRX	LOW_EVIDENCE
PRXL2A	LOW_COVERAGE
PRXL2B	LOW_COVERAGE
PRXL2C	LOW_COVERAGE
PRY	LOW_COVERAGE
PRY2	LOW_COVERAGE
PSAP	LOW_EVIDENCE
PSAPL1	LOW_COVERAGE
PSAT1	RNA_RESISTANCE_CONSENSUS
PSCA	RNA_RESISTANCE_CONSENSUS
PSD	LOW_EVIDENCE
PSD2	LOW_COVERAGE
PSD3	RNA_RESISTANCE_CONSENSUS
PSD4	RNA_RESISTANCE_CONSENSUS
PSEN1	LOW_EVIDENCE
PSEN2	RNA_RESISTANCE_CONSENSUS
PSENEN	LOW_EVIDENCE
PSG1	LOW_COVERAGE
PSG11	LOW_COVERAGE
PSG2	LOW_COVERAGE
PSG3	LOW_COVERAGE
PSG4	LOW_COVERAGE
PSG5	LOW_COVERAGE
PSG6	LOW_COVERAGE
PSG7	LOW_COVERAGE
PSG8	LOW_COVERAGE
PSG9	ACUTE_RESPONSE
PSIP1	LOW_EVIDENCE
PSKH1	LOW_EVIDENCE
PSKH2	LOW_COVERAGE
PSMA1	RNA_RESISTANCE_CONSENSUS
PSMA2	LOW_EVIDENCE
PSMA2P1	LOW_COVERAGE
PSMA3	LOW_EVIDENCE
PSMA3-AS1	LOW_EVIDENCE
PSMA4	LOW_EVIDENCE
PSMA5	LOW_EVIDENCE
PSMA6	RNA_RESISTANCE_CONSENSUS
PSMA6P1	LOW_COVERAGE
PSMA6P4	LOW_COVERAGE
PSMA7	LOW_EVIDENCE
PSMA8	LOW_COVERAGE
PSMB1	LOW_EVIDENCE
PSMB10	LOW_EVIDENCE
PSMB11	LOW_COVERAGE
PSMB2	LOW_EVIDENCE
PSMB3	LOW_EVIDENCE
PSMB4	LOW_EVIDENCE
PSMB5	LOW_EVIDENCE
PSMB6	RNA_RESISTANCE_CONSENSUS
PSMB7	RNA_RESISTANCE_CONSENSUS
PSMB8	LOW_EVIDENCE
PSMB8-AS1	LOW_COVERAGE
PSMB9	RNA_RESISTANCE_CONSENSUS
PSMC1	LOW_EVIDENCE
PSMC1P1	LOW_COVERAGE
PSMC1P10	LOW_COVERAGE
PSMC1P11	LOW_COVERAGE
PSMC1P7	LOW_COVERAGE
PSMC1P9	LOW_COVERAGE
PSMC2	LOW_EVIDENCE
PSMC3	LOW_EVIDENCE
PSMC3IP	LOW_EVIDENCE
PSMC4	LOW_EVIDENCE
PSMC5	LOW_EVIDENCE
PSMC6	LOW_EVIDENCE
PSMD1	RNA_RESISTANCE_CONSENSUS
PSMD10	LOW_EVIDENCE
PSMD10P1	LOW_COVERAGE
PSMD10P2	LOW_COVERAGE
PSMD11	LOW_EVIDENCE
PSMD12	LOW_EVIDENCE
PSMD13	LOW_EVIDENCE
PSMD14	LOW_EVIDENCE
PSMD2	LOW_EVIDENCE
PSMD3	LOW_EVIDENCE
PSMD4	LOW_EVIDENCE
PSMD5	LOW_EVIDENCE
PSMD5-AS1	LOW_COVERAGE
PSMD6	LOW_EVIDENCE
PSMD6-AS1	LOW_COVERAGE
PSMD6-AS2	LOW_EVIDENCE
PSMD7	LOW_EVIDENCE
PSMD8	LOW_EVIDENCE
PSMD9	RNA_RESISTANCE_CONSENSUS
PSME1	RNA_RESISTANCE_CONSENSUS
PSME2	RNA_RESISTANCE_CONSENSUS
PSME2P2	LOW_COVERAGE
PSME3	LOW_EVIDENCE
PSME4	RNA_RESISTANCE_CONSENSUS
PSMF1	LOW_EVIDENCE
PSMG1	RNA_RESISTANCE_CONSENSUS
PSMG2	LOW_EVIDENCE
PSMG3	LOW_EVIDENCE
PSMG3-AS1	LOW_EVIDENCE
PSMG4	LOW_EVIDENCE
PSORS1C1	RNA_RESISTANCE_CONSENSUS
PSORS1C2	LOW_COVERAGE
PSPC1	LOW_EVIDENCE
PSPC1P1	LOW_COVERAGE
PSPH	LOW_EVIDENCE
PSPHP1	LOW_COVERAGE
PSPN	HUMAN_TUMOR_SUPPORTED
PSRC1	RNA_RESISTANCE_CONSENSUS
PSTK	LOW_EVIDENCE
PSTPIP1	LOW_COVERAGE
PSTPIP2	RNA_RESISTANCE_CONSENSUS
PTAFR	RNA_RESISTANCE_CONSENSUS
PTAR1	LOW_EVIDENCE
PTBP1	LOW_EVIDENCE
PTBP2	LOW_EVIDENCE
PTBP3	LOW_EVIDENCE
PTCD1	RNA_RESISTANCE_CONSENSUS
PTCD2	LOW_EVIDENCE
PTCD3	ACUTE_RESPONSE
PTCH1	LOW_EVIDENCE
PTCH2	LOW_EVIDENCE
PTCHD1	LOW_EVIDENCE
PTCHD1-AS	LOW_COVERAGE
PTCHD2	LOW_EVIDENCE
PTCHD3	LOW_COVERAGE
PTCHD3P1	LOW_COVERAGE
PTCHD4	LOW_EVIDENCE
PTCRA	LOW_COVERAGE
PTCSC2	LOW_COVERAGE
PTCSC3	LOW_COVERAGE
PTDSS1	LOW_EVIDENCE
PTDSS2	LOW_EVIDENCE
PTEN	FUNCTIONAL_ONLY
PTENP1	LOW_COVERAGE
PTENP1-AS	LOW_COVERAGE
PTER	RNA_RESISTANCE_CONSENSUS
PTF1A	LOW_COVERAGE
PTGDR	LOW_COVERAGE
PTGDR2	LOW_COVERAGE
PTGDS	LOW_EVIDENCE
PTGER1	LOW_COVERAGE
PTGER2	LOW_EVIDENCE
PTGER3	LOW_EVIDENCE
PTGER4	RNA_RESISTANCE_CONSENSUS
PTGES	RNA_RESISTANCE_CONSENSUS
PTGES2	LOW_EVIDENCE
PTGES2-AS1	LOW_COVERAGE
PTGES3	LOW_EVIDENCE
PTGES3L	RNA_RESISTANCE_CONSENSUS
PTGES3L-AARSD1	LOW_COVERAGE
PTGES3P1	LOW_COVERAGE
PTGES3P2	LOW_COVERAGE
PTGFR	LOW_COVERAGE
PTGFRN	RNA_RESISTANCE_CONSENSUS
PTGIR	LOW_COVERAGE
PTGIS	LOW_COVERAGE
PTGR1	RNA_RESISTANCE_CONSENSUS
PTGR2	RNA_RESISTANCE_CONSENSUS
PTGS1	LOW_EVIDENCE
PTGS2	LOW_EVIDENCE
PTH	LOW_COVERAGE
PTH1R	LOW_COVERAGE
PTH2	LOW_COVERAGE
PTH2R	LOW_EVIDENCE
PTHLH	ACUTE_RESPONSE
PTK2	LOW_EVIDENCE
PTK2B	LOW_EVIDENCE
PTK6	LOW_EVIDENCE
PTK7	RNA_RESISTANCE_CONSENSUS
PTMA	LOW_EVIDENCE
PTMAP1	LOW_COVERAGE
PTMAP2	LOW_COVERAGE
PTMAP4	LOW_COVERAGE
PTMAP5	LOW_COVERAGE
PTMS	RNA_RESISTANCE_CONSENSUS
PTN	LOW_COVERAGE
PTOV1	LOW_EVIDENCE
PTOV1-AS1	LOW_EVIDENCE
PTOV1-AS2	LOW_COVERAGE
PTP4A1	LOW_EVIDENCE
PTP4A2	LOW_EVIDENCE
PTP4A2P1	LOW_COVERAGE
PTP4A3	RNA_RESISTANCE_CONSENSUS
PTPA	LOW_COVERAGE
PTPDC1	RNA_RESISTANCE_CONSENSUS
PTPLA	LOW_COVERAGE
PTPLAD1	LOW_COVERAGE
PTPLB	LOW_COVERAGE
PTPMT1	LOW_EVIDENCE
PTPN1	LOW_EVIDENCE
PTPN11	LOW_EVIDENCE
PTPN12	RNA_RESISTANCE_CONSENSUS
PTPN13	ACUTE_RESPONSE
PTPN14	RNA_RESISTANCE_CONSENSUS
PTPN18	LOW_EVIDENCE
PTPN2	LOW_EVIDENCE
PTPN20	LOW_EVIDENCE
PTPN20CP	LOW_COVERAGE
PTPN21	LOW_EVIDENCE
PTPN22	LOW_EVIDENCE
PTPN23	LOW_EVIDENCE
PTPN2P1	LOW_COVERAGE
PTPN3	FUNCTIONAL_ONLY
PTPN4	RNA_RESISTANCE_CONSENSUS
PTPN5	LOW_COVERAGE
PTPN6	LOW_EVIDENCE
PTPN7	LOW_EVIDENCE
PTPN9	LOW_EVIDENCE
PTPRA	LOW_EVIDENCE
PTPRB	RNA_RESISTANCE_CONSENSUS
PTPRC	LOW_COVERAGE
PTPRCAP	LOW_EVIDENCE
PTPRD	LOW_EVIDENCE
PTPRE	RNA_RESISTANCE_CONSENSUS
PTPRF	LOW_EVIDENCE
PTPRG	LOW_EVIDENCE
PTPRG-AS1	RNA_RESISTANCE_CONSENSUS
PTPRH	LOW_EVIDENCE
PTPRJ	LOW_EVIDENCE
PTPRJ-AS1	LOW_COVERAGE
PTPRK	RNA_RESISTANCE_CONSENSUS
PTPRM	RNA_RESISTANCE_CONSENSUS
PTPRN	LOW_COVERAGE
PTPRN2	RNA_RESISTANCE_CONSENSUS
PTPRO	RNA_RESISTANCE_CONSENSUS
PTPRQ	HUMAN_TUMOR_SUPPORTED
PTPRR	LOW_EVIDENCE
PTPRS	LOW_EVIDENCE
PTPRT	RNA_RESISTANCE_CONSENSUS
PTPRU	RNA_RESISTANCE_CONSENSUS
PTPRZ1	LOW_EVIDENCE
PTRF	RNA_RESISTANCE_CONSENSUS
PTRH1	LOW_EVIDENCE
PTRH2	RNA_RESISTANCE_CONSENSUS
PTRHD1	RNA_RESISTANCE_CONSENSUS
PTS	LOW_EVIDENCE
PTTG1	LOW_EVIDENCE
PTTG1IP	RNA_RESISTANCE_CONSENSUS
PTTG2	LOW_COVERAGE
PTTG3P	LOW_COVERAGE
PTTG4P	LOW_COVERAGE
PTX3	LOW_EVIDENCE
PTX4	LOW_COVERAGE
PUDP	LOW_COVERAGE
PUF60	LOW_EVIDENCE
PUM1	LOW_EVIDENCE
PUM2	LOW_EVIDENCE
PUM3	LOW_COVERAGE
PURA	LOW_EVIDENCE
PURB	LOW_EVIDENCE
PURG	LOW_COVERAGE
PURPL	LOW_COVERAGE
PUS1	RNA_RESISTANCE_CONSENSUS
PUS10	LOW_EVIDENCE
PUS3	LOW_EVIDENCE
PUS7	RNA_RESISTANCE_CONSENSUS
PUS7L	LOW_EVIDENCE
PUSL1	LOW_EVIDENCE
PVALB	RNA_RESISTANCE_CONSENSUS
PVALEF	LOW_COVERAGE
PVR	RNA_RESISTANCE_CONSENSUS
PVRIG	LOW_COVERAGE
PVRIG2P	LOW_COVERAGE
PVRL1	LOW_EVIDENCE
PVRL2	LOW_EVIDENCE
PVRL3	LOW_COVERAGE
PVRL3-AS1	LOW_COVERAGE
PVRL4	RNA_RESISTANCE_CONSENSUS
PVT1	LOW_EVIDENCE
PVT1_1	LOW_COVERAGE
PVT1_3	LOW_COVERAGE
PWAR1	LOW_COVERAGE
PWAR5	LOW_COVERAGE
PWAR6	LOW_COVERAGE
PWP1	LOW_EVIDENCE
PWP2	LOW_EVIDENCE
PWRN1	LOW_COVERAGE
PWRN2	LOW_COVERAGE
PWRN4	LOW_COVERAGE
PWWP2A	LOW_EVIDENCE
PWWP2B	RNA_RESISTANCE_CONSENSUS
PWWP3A	LOW_COVERAGE
PWWP3B	LOW_COVERAGE
PXDC1	RNA_RESISTANCE_CONSENSUS
PXDN	RNA_RESISTANCE_CONSENSUS
PXDNL	ACUTE_RESPONSE
PXK	LOW_EVIDENCE
PXMP2	LOW_EVIDENCE
PXMP4	RNA_RESISTANCE_CONSENSUS
PXN	RNA_RESISTANCE_CONSENSUS
PXN-AS1	RNA_RESISTANCE_CONSENSUS
PXT1	LOW_COVERAGE
PXYLP1	LOW_EVIDENCE
PYCARD	RNA_RESISTANCE_CONSENSUS
PYCARD-AS1	LOW_EVIDENCE
PYCR1	LOW_EVIDENCE
PYCR2	RNA_RESISTANCE_CONSENSUS
PYCR3	LOW_COVERAGE
PYCRL	LOW_EVIDENCE
PYDC1	LOW_COVERAGE
PYDC2	LOW_COVERAGE
PYGB	RNA_RESISTANCE_CONSENSUS
PYGL	RNA_RESISTANCE_CONSENSUS
PYGM	LOW_EVIDENCE
PYGO1	RNA_RESISTANCE_CONSENSUS
PYGO2	LOW_EVIDENCE
PYHIN1	LOW_EVIDENCE
PYM1	LOW_COVERAGE
PYROXD1	LOW_EVIDENCE
PYROXD2	RNA_RESISTANCE_CONSENSUS
PYURF	RNA_RESISTANCE_CONSENSUS
PYY	LOW_EVIDENCE
PYY2	LOW_COVERAGE
PZP	LOW_COVERAGE
QARS	LOW_EVIDENCE
QDPR	LOW_EVIDENCE
QKI	LOW_EVIDENCE
QPCT	RNA_RESISTANCE_CONSENSUS
QPCTL	RNA_RESISTANCE_CONSENSUS
QPRT	RNA_RESISTANCE_CONSENSUS
QRFP	LOW_COVERAGE
QRFPR	LOW_COVERAGE
QRICH1	LOW_EVIDENCE
QRICH2	LOW_EVIDENCE
QRSL1	LOW_EVIDENCE
QRSL1P3	LOW_COVERAGE
QSER1	LOW_EVIDENCE
QSOX1	RNA_RESISTANCE_CONSENSUS
QSOX2	LOW_EVIDENCE
QTRT1	RNA_RESISTANCE_CONSENSUS
QTRT2	LOW_COVERAGE
QTRTD1	LOW_EVIDENCE
R3HCC1	LOW_EVIDENCE
R3HCC1L	LOW_EVIDENCE
R3HDM1	ACUTE_RESPONSE
R3HDM2	LOW_EVIDENCE
R3HDM2P1	LOW_COVERAGE
R3HDM4	RNA_RESISTANCE_CONSENSUS
R3HDML	LOW_COVERAGE
RAB10	LOW_EVIDENCE
RAB11A	LOW_EVIDENCE
RAB11B	RNA_RESISTANCE_CONSENSUS
RAB11B-AS1	LOW_EVIDENCE
RAB11FIP1	RNA_RESISTANCE_CONSENSUS
RAB11FIP1P1	LOW_COVERAGE
RAB11FIP2	RNA_RESISTANCE_CONSENSUS
RAB11FIP3	RNA_RESISTANCE_CONSENSUS
RAB11FIP4	LOW_EVIDENCE
RAB11FIP5	RNA_RESISTANCE_CONSENSUS
RAB12	LOW_EVIDENCE
RAB13	LOW_EVIDENCE
RAB14	LOW_EVIDENCE
RAB15	RNA_RESISTANCE_CONSENSUS
RAB17	RNA_RESISTANCE_CONSENSUS
RAB18	LOW_EVIDENCE
RAB19	RNA_RESISTANCE_CONSENSUS
RAB1A	RNA_RESISTANCE_CONSENSUS
RAB1B	RNA_RESISTANCE_CONSENSUS
RAB1C	LOW_COVERAGE
RAB20	LOW_EVIDENCE
RAB21	LOW_EVIDENCE
RAB22A	LOW_EVIDENCE
RAB23	LOW_EVIDENCE
RAB24	LOW_EVIDENCE
RAB25	RNA_RESISTANCE_CONSENSUS
RAB26	LOW_EVIDENCE
RAB27A	LOW_EVIDENCE
RAB27B	RNA_RESISTANCE_CONSENSUS
RAB28	LOW_EVIDENCE
RAB28P5	LOW_COVERAGE
RAB29	RNA_RESISTANCE_CONSENSUS
RAB2A	LOW_EVIDENCE
RAB2B	LOW_EVIDENCE
RAB30	LOW_EVIDENCE
RAB30-AS1	LOW_EVIDENCE
RAB30-DT	LOW_COVERAGE
RAB31	RNA_RESISTANCE_CONSENSUS
RAB32	RNA_RESISTANCE_CONSENSUS
RAB33A	LOW_COVERAGE
RAB33B	LOW_EVIDENCE
RAB34	HUMAN_TUMOR_SUPPORTED
RAB35	LOW_EVIDENCE
RAB36	RNA_RESISTANCE_CONSENSUS
RAB37	RNA_RESISTANCE_CONSENSUS
RAB38	LOW_EVIDENCE
RAB39A	LOW_COVERAGE
RAB39B	LOW_EVIDENCE
RAB3A	RNA_RESISTANCE_CONSENSUS
RAB3B	HUMAN_TUMOR_SUPPORTED
RAB3C	LOW_COVERAGE
RAB3D	LOW_EVIDENCE
RAB3GAP1	RNA_RESISTANCE_CONSENSUS
RAB3GAP2	RNA_RESISTANCE_CONSENSUS
RAB3IL1	RNA_RESISTANCE_CONSENSUS
RAB3IP	LOW_EVIDENCE
RAB40A	LOW_EVIDENCE
RAB40AL	LOW_COVERAGE
RAB40B	RNA_RESISTANCE_CONSENSUS
RAB40C	LOW_EVIDENCE
RAB41	LOW_COVERAGE
RAB42	LOW_COVERAGE
RAB43	RNA_RESISTANCE_CONSENSUS
RAB43P1	LOW_COVERAGE
RAB44	LOW_COVERAGE
RAB4A	RNA_RESISTANCE_CONSENSUS
RAB4B	LOW_EVIDENCE
RAB4B-EGLN2	LOW_COVERAGE
RAB5A	RNA_RESISTANCE_CONSENSUS
RAB5B	RNA_RESISTANCE_CONSENSUS
RAB5C	LOW_EVIDENCE
RAB5CP1	LOW_COVERAGE
RAB5CP2	LOW_COVERAGE
RAB5IF	LOW_COVERAGE
RAB6A	RNA_RESISTANCE_CONSENSUS
RAB6B	RNA_RESISTANCE_CONSENSUS
RAB6C	RNA_RESISTANCE_CONSENSUS
RAB6C-AS1	LOW_COVERAGE
RAB7A	LOW_EVIDENCE
RAB7B	LOW_EVIDENCE
RAB8A	LOW_EVIDENCE
RAB8B	LOW_EVIDENCE
RAB9A	RNA_RESISTANCE_CONSENSUS
RAB9B	LOW_EVIDENCE
RABAC1	LOW_EVIDENCE
RABEP1	RNA_RESISTANCE_CONSENSUS
RABEP2	LOW_EVIDENCE
RABEPK	RNA_RESISTANCE_CONSENSUS
RABGAP1	RNA_RESISTANCE_CONSENSUS
RABGAP1L	LOW_EVIDENCE
RABGAP1L-DT	LOW_COVERAGE
RABGAP1L-IT1	LOW_COVERAGE
RABGEF1	LOW_EVIDENCE
RABGGTA	LOW_EVIDENCE
RABGGTB	LOW_EVIDENCE
RABIF	LOW_EVIDENCE
RABL2A	LOW_EVIDENCE
RABL2B	LOW_EVIDENCE
RABL3	LOW_EVIDENCE
RABL6	RNA_RESISTANCE_CONSENSUS
RAC1	LOW_EVIDENCE
RAC1P2	LOW_COVERAGE
RAC1P9	LOW_COVERAGE
RAC2	LOW_EVIDENCE
RAC3	LOW_EVIDENCE
RACGAP1	LOW_EVIDENCE
RACK1	LOW_COVERAGE
RAD1	LOW_EVIDENCE
RAD17	LOW_EVIDENCE
RAD17P1	LOW_COVERAGE
RAD17P2	LOW_COVERAGE
RAD18	LOW_EVIDENCE
RAD21	LOW_EVIDENCE
RAD21-AS1	LOW_EVIDENCE
RAD21L1	LOW_COVERAGE
RAD23A	RNA_RESISTANCE_CONSENSUS
RAD23B	LOW_EVIDENCE
RAD23BP1	LOW_COVERAGE
RAD50	ACUTE_RESPONSE
RAD51	RNA_RESISTANCE_CONSENSUS
RAD51-AS1	LOW_EVIDENCE
RAD51AP1	RNA_RESISTANCE_CONSENSUS
RAD51AP1P1	LOW_COVERAGE
RAD51AP2	LOW_EVIDENCE
RAD51B	LOW_EVIDENCE
RAD51C	LOW_EVIDENCE
RAD51D	LOW_EVIDENCE
RAD51L3-RFFL	LOW_COVERAGE
RAD52	LOW_EVIDENCE
RAD54B	ACUTE_RESPONSE
RAD54L	LOW_EVIDENCE
RAD54L2	LOW_EVIDENCE
RAD9A	RNA_RESISTANCE_CONSENSUS
RAD9B	RNA_RESISTANCE_CONSENSUS
RADIL	LOW_EVIDENCE
RADX	LOW_COVERAGE
RAE1	LOW_EVIDENCE
RAET1E	LOW_EVIDENCE
RAET1E-AS1	LOW_COVERAGE
RAET1G	RNA_RESISTANCE_CONSENSUS
RAET1K	LOW_COVERAGE
RAET1L	LOW_COVERAGE
RAF1	LOW_EVIDENCE
RAG1	LOW_EVIDENCE
RAG2	LOW_COVERAGE
RAI1	LOW_EVIDENCE
RAI1-AS1	LOW_COVERAGE
RAI14	RNA_RESISTANCE_CONSENSUS
RAI2	RNA_RESISTANCE_CONSENSUS
RALA	LOW_EVIDENCE
RALB	RNA_RESISTANCE_CONSENSUS
RALBP1	LOW_EVIDENCE
RALGAPA1	RNA_RESISTANCE_CONSENSUS
RALGAPA1P	LOW_COVERAGE
RALGAPA2	RNA_RESISTANCE_CONSENSUS
RALGAPB	LOW_EVIDENCE
RALGDS	LOW_EVIDENCE
RALGPS1	LOW_EVIDENCE
RALGPS2	LOW_EVIDENCE
RALY	LOW_EVIDENCE
RALY-AS1	LOW_EVIDENCE
RALYL	LOW_COVERAGE
RAMAC	LOW_COVERAGE
RAMACL	LOW_COVERAGE
RAMMET	LOW_COVERAGE
RAMP1	RNA_RESISTANCE_CONSENSUS
RAMP2	RNA_RESISTANCE_CONSENSUS
RAMP2-AS1	LOW_COVERAGE
RAMP3	RNA_RESISTANCE_CONSENSUS
RAN	LOW_EVIDENCE
RANBP1	RNA_RESISTANCE_CONSENSUS
RANBP10	LOW_EVIDENCE
RANBP17	LOW_EVIDENCE
RANBP2	RNA_RESISTANCE_CONSENSUS
RANBP3	LOW_EVIDENCE
RANBP3L	LOW_COVERAGE
RANBP6	ACUTE_RESPONSE
RANBP9	LOW_EVIDENCE
RANGAP1	LOW_EVIDENCE
RANGRF	RNA_RESISTANCE_CONSENSUS
RANP1	LOW_COVERAGE
RANP3	LOW_COVERAGE
RANP4	LOW_COVERAGE
RANP6	LOW_COVERAGE
RAP1A	LOW_EVIDENCE
RAP1AP	LOW_COVERAGE
RAP1B	LOW_EVIDENCE
RAP1GAP	RNA_RESISTANCE_CONSENSUS
RAP1GAP2	RNA_RESISTANCE_CONSENSUS
RAP1GDS1	LOW_EVIDENCE
RAP2A	RNA_RESISTANCE_CONSENSUS
RAP2B	RNA_RESISTANCE_CONSENSUS
RAP2C	RNA_RESISTANCE_CONSENSUS
RAP2C-AS1	RNA_RESISTANCE_CONSENSUS
RAPGEF1	RNA_RESISTANCE_CONSENSUS
RAPGEF2	RNA_RESISTANCE_CONSENSUS
RAPGEF3	RNA_RESISTANCE_CONSENSUS
RAPGEF4	HUMAN_TUMOR_SUPPORTED
RAPGEF4-AS1	LOW_COVERAGE
RAPGEF5	RNA_RESISTANCE_CONSENSUS
RAPGEF6	LOW_EVIDENCE
RAPGEFL1	LOW_EVIDENCE
RAPH1	RNA_RESISTANCE_CONSENSUS
RAPSN	LOW_EVIDENCE
RARA	ACUTE_RESPONSE
RARA-AS1	LOW_COVERAGE
RARB	RNA_RESISTANCE_CONSENSUS
RARG	LOW_EVIDENCE
RARRES1	RNA_RESISTANCE_CONSENSUS
RARRES2	LOW_COVERAGE
RARRES3	LOW_EVIDENCE
RARS	LOW_EVIDENCE
RARS2	LOW_EVIDENCE
RASA1	ACUTE_RESPONSE
RASA2	FUNCTIONAL_ONLY
RASA2-IT1	LOW_COVERAGE
RASA3	RNA_RESISTANCE_CONSENSUS
RASA4	LOW_EVIDENCE
RASA4B	LOW_EVIDENCE
RASA4CP	LOW_COVERAGE
RASAL1	RNA_RESISTANCE_CONSENSUS
RASAL2	LOW_EVIDENCE
RASAL2-AS1	LOW_COVERAGE
RASAL3	LOW_EVIDENCE
RASD1	LOW_EVIDENCE
RASD2	LOW_EVIDENCE
RASEF	RNA_RESISTANCE_CONSENSUS
RASGEF1A	LOW_EVIDENCE
RASGEF1B	RNA_RESISTANCE_CONSENSUS
RASGEF1C	RNA_RESISTANCE_CONSENSUS
RASGRF1	RNA_RESISTANCE_CONSENSUS
RASGRF2	LOW_EVIDENCE
RASGRP1	RNA_RESISTANCE_CONSENSUS
RASGRP2	LOW_COVERAGE
RASGRP3	LOW_EVIDENCE
RASGRP4	LOW_COVERAGE
RASIP1	LOW_EVIDENCE
RASL10A	LOW_EVIDENCE
RASL10B	RNA_RESISTANCE_CONSENSUS
RASL11A	RNA_RESISTANCE_CONSENSUS
RASL11B	LOW_EVIDENCE
RASL12	LOW_COVERAGE
RASSF1	LOW_EVIDENCE
RASSF1-AS1	LOW_COVERAGE
RASSF10	LOW_EVIDENCE
RASSF2	RNA_RESISTANCE_CONSENSUS
RASSF3	RNA_RESISTANCE_CONSENSUS
RASSF4	ACUTE_RESPONSE
RASSF5	RNA_RESISTANCE_CONSENSUS
RASSF6	RNA_RESISTANCE_CONSENSUS
RASSF7	LOW_EVIDENCE
RASSF8	RNA_RESISTANCE_CONSENSUS
RASSF8-AS1	RNA_RESISTANCE_CONSENSUS
RASSF9	LOW_EVIDENCE
RAVER1	RNA_RESISTANCE_CONSENSUS
RAVER2	LOW_EVIDENCE
RAX	LOW_COVERAGE
RAX2	LOW_COVERAGE
RB1	RNA_RESISTANCE_CONSENSUS
RB1-DT	LOW_COVERAGE
RB1CC1	LOW_EVIDENCE
RBAK	LOW_EVIDENCE
RBAK-RBAKDN	LOW_EVIDENCE
RBAKDN	LOW_COVERAGE
RBBP4	LOW_EVIDENCE
RBBP4P1	LOW_COVERAGE
RBBP4P2	LOW_COVERAGE
RBBP5	LOW_EVIDENCE
RBBP6	LOW_EVIDENCE
RBBP7	LOW_EVIDENCE
RBBP8	RNA_RESISTANCE_CONSENSUS
RBBP8NL	LOW_EVIDENCE
RBBP9	LOW_EVIDENCE
RBCK1	ACUTE_RESPONSE
RBFA	RNA_RESISTANCE_CONSENSUS
RBFADN	LOW_EVIDENCE
RBFOX1	LOW_EVIDENCE
RBFOX2	LOW_EVIDENCE
RBFOX3	LOW_EVIDENCE
RBIS	LOW_COVERAGE
RBKS	LOW_EVIDENCE
RBL1	RNA_RESISTANCE_CONSENSUS
RBL2	LOW_EVIDENCE
RBM10	LOW_EVIDENCE
RBM11	LOW_EVIDENCE
RBM12	LOW_EVIDENCE
RBM12B	LOW_EVIDENCE
RBM12B-AS1	LOW_COVERAGE
RBM14	RNA_RESISTANCE_CONSENSUS
RBM14-RBM4	RNA_RESISTANCE_CONSENSUS
RBM15	LOW_EVIDENCE
RBM15-AS1	LOW_COVERAGE
RBM15B	LOW_EVIDENCE
RBM17	RNA_RESISTANCE_CONSENSUS
RBM17P4	LOW_COVERAGE
RBM18	LOW_EVIDENCE
RBM19	LOW_EVIDENCE
RBM20	LOW_EVIDENCE
RBM22	LOW_EVIDENCE
RBM22P2	LOW_COVERAGE
RBM23	LOW_EVIDENCE
RBM24	RNA_RESISTANCE_CONSENSUS
RBM25	LOW_EVIDENCE
RBM26	LOW_EVIDENCE
RBM26-AS1	LOW_EVIDENCE
RBM27	LOW_EVIDENCE
RBM28	LOW_EVIDENCE
RBM3	LOW_EVIDENCE
RBM33	LOW_EVIDENCE
RBM34	RNA_RESISTANCE_CONSENSUS
RBM38	LOW_EVIDENCE
RBM39	LOW_EVIDENCE
RBM4	LOW_EVIDENCE
RBM41	LOW_EVIDENCE
RBM42	LOW_EVIDENCE
RBM43	RNA_RESISTANCE_CONSENSUS
RBM44	LOW_EVIDENCE
RBM45	LOW_EVIDENCE
RBM46	LOW_COVERAGE
RBM47	RNA_RESISTANCE_CONSENSUS
RBM48	LOW_EVIDENCE
RBM4B	LOW_EVIDENCE
RBM5	LOW_EVIDENCE
RBM5-AS1	LOW_COVERAGE
RBM6	LOW_EVIDENCE
RBM7	RNA_RESISTANCE_CONSENSUS
RBM8A	LOW_EVIDENCE
RBM8B	LOW_COVERAGE
RBMS1	RNA_RESISTANCE_CONSENSUS
RBMS1P1	LOW_COVERAGE
RBMS2	RNA_RESISTANCE_CONSENSUS
RBMS2P1	LOW_COVERAGE
RBMS3	ACUTE_RESPONSE
RBMS3-AS3	LOW_COVERAGE
RBMX	LOW_EVIDENCE
RBMX2	LOW_EVIDENCE
RBMX2P1	LOW_COVERAGE
RBMXL1	RNA_RESISTANCE_CONSENSUS
RBMXL2	LOW_COVERAGE
RBMXL3	LOW_COVERAGE
RBMXP2	LOW_COVERAGE
RBMY1A1	LOW_COVERAGE
RBMY1B	LOW_COVERAGE
RBMY1D	LOW_COVERAGE
RBMY1E	LOW_COVERAGE
RBMY1F	LOW_COVERAGE
RBMY1J	LOW_COVERAGE
RBP1	LOW_EVIDENCE
RBP2	LOW_COVERAGE
RBP3	LOW_COVERAGE
RBP4	LOW_EVIDENCE
RBP5	RNA_RESISTANCE_CONSENSUS
RBP7	RNA_RESISTANCE_CONSENSUS
RBPJ	RNA_RESISTANCE_CONSENSUS
RBPJL	LOW_COVERAGE
RBPMS	RNA_RESISTANCE_CONSENSUS
RBPMS-AS1	RNA_RESISTANCE_CONSENSUS
RBPMS2	RNA_RESISTANCE_CONSENSUS
RBPMSLP	LOW_COVERAGE
RBSN	LOW_EVIDENCE
RBX1	LOW_EVIDENCE
RC3H1	LOW_EVIDENCE
RC3H1-IT1	LOW_COVERAGE
RC3H2	LOW_EVIDENCE
RCAN1	RNA_RESISTANCE_CONSENSUS
RCAN2	RNA_RESISTANCE_CONSENSUS
RCAN3	RNA_RESISTANCE_CONSENSUS
RCAN3AS	LOW_COVERAGE
RCBTB1	LOW_EVIDENCE
RCBTB2	RNA_RESISTANCE_CONSENSUS
RCC1	LOW_EVIDENCE
RCC1L	LOW_COVERAGE
RCC2	LOW_EVIDENCE
RCCD1	RNA_RESISTANCE_CONSENSUS
RCE1	LOW_EVIDENCE
RCHY1	RNA_RESISTANCE_CONSENSUS
RCL1	RNA_RESISTANCE_CONSENSUS
RCN1	RNA_RESISTANCE_CONSENSUS
RCN1P2	LOW_COVERAGE
RCN2	LOW_EVIDENCE
RCN3	RNA_RESISTANCE_CONSENSUS
RCOR1	LOW_EVIDENCE
RCOR2	RNA_RESISTANCE_CONSENSUS
RCOR3	LOW_EVIDENCE
RCSD1	LOW_COVERAGE
RCVRN	LOW_COVERAGE
RD3	LOW_COVERAGE
RD3L	LOW_COVERAGE
RDH10	RNA_RESISTANCE_CONSENSUS
RDH10-AS1	RNA_RESISTANCE_CONSENSUS
RDH11	ACUTE_RESPONSE
RDH12	HUMAN_TUMOR_SUPPORTED
RDH13	RNA_RESISTANCE_CONSENSUS
RDH14	RNA_RESISTANCE_CONSENSUS
RDH16	RNA_RESISTANCE_CONSENSUS
RDH5	ACUTE_RESPONSE
RDH8	LOW_COVERAGE
RDM1	RNA_RESISTANCE_CONSENSUS
RDX	LOW_EVIDENCE
REC114	LOW_EVIDENCE
REC8	RNA_RESISTANCE_CONSENSUS
RECK	RNA_RESISTANCE_CONSENSUS
RECQL	LOW_EVIDENCE
RECQL4	RNA_RESISTANCE_CONSENSUS
RECQL5	LOW_EVIDENCE
REEP1	RNA_RESISTANCE_CONSENSUS
REEP2	RNA_RESISTANCE_CONSENSUS
REEP3	RNA_RESISTANCE_CONSENSUS
REEP4	LOW_EVIDENCE
REEP5	LOW_EVIDENCE
REEP6	RNA_RESISTANCE_CONSENSUS
REG1A	LOW_COVERAGE
REG1B	LOW_COVERAGE
REG3A	LOW_COVERAGE
REG3G	LOW_COVERAGE
REG4	LOW_COVERAGE
REL	RNA_RESISTANCE_CONSENSUS
RELA	LOW_EVIDENCE
RELA-DT	LOW_COVERAGE
RELB	RNA_RESISTANCE_CONSENSUS
RELCH	LOW_COVERAGE
RELL1	LOW_EVIDENCE
RELL2	LOW_EVIDENCE
RELN	LOW_EVIDENCE
RELT	LOW_EVIDENCE
REM1	LOW_COVERAGE
REM2	RNA_RESISTANCE_CONSENSUS
REN	ACUTE_RESPONSE
RENBP	LOW_EVIDENCE
REP15	LOW_EVIDENCE
REPIN1	LOW_EVIDENCE
REPS1	LOW_EVIDENCE
REPS2	LOW_EVIDENCE
RER1	LOW_EVIDENCE
RERE	LOW_EVIDENCE
RERE-AS1	LOW_COVERAGE
RERG	RNA_RESISTANCE_CONSENSUS
RERG-AS1	LOW_COVERAGE
RERG-IT1	LOW_COVERAGE
RERGL	HUMAN_TUMOR_SUPPORTED
RESF1	LOW_COVERAGE
RESP18	LOW_COVERAGE
REST	LOW_EVIDENCE
RET	RNA_RESISTANCE_CONSENSUS
RETN	LOW_COVERAGE
RETNLB	LOW_COVERAGE
RETREG1	LOW_COVERAGE
RETREG2	LOW_COVERAGE
RETREG3	LOW_COVERAGE
RETSAT	LOW_EVIDENCE
REV1	RNA_RESISTANCE_CONSENSUS
REV3L	LOW_EVIDENCE
REV3L-IT1	LOW_COVERAGE
REX1BD	LOW_COVERAGE
REXO1	LOW_EVIDENCE
REXO2	RNA_RESISTANCE_CONSENSUS
REXO4	LOW_EVIDENCE
REXO5	LOW_COVERAGE
RFC1	RNA_RESISTANCE_CONSENSUS
RFC2	LOW_EVIDENCE
RFC3	LOW_EVIDENCE
RFC4	LOW_EVIDENCE
RFC5	RNA_RESISTANCE_CONSENSUS
RFESD	LOW_EVIDENCE
RFFL	RNA_RESISTANCE_CONSENSUS
RFK	LOW_EVIDENCE
RFLNA	LOW_COVERAGE
RFLNB	LOW_COVERAGE
RFNG	LOW_EVIDENCE
RFPL1	LOW_COVERAGE
RFPL1S	LOW_COVERAGE
RFPL2	LOW_EVIDENCE
RFPL3	LOW_COVERAGE
RFPL3S	LOW_EVIDENCE
RFPL4A	LOW_COVERAGE
RFPL4AL1	LOW_COVERAGE
RFPL4B	LOW_COVERAGE
RFT1	LOW_EVIDENCE
RFTN1	RNA_RESISTANCE_CONSENSUS
RFTN2	RNA_RESISTANCE_CONSENSUS
RFWD2	LOW_EVIDENCE
RFWD3	LOW_EVIDENCE
RFX1	LOW_EVIDENCE
RFX2	LOW_EVIDENCE
RFX3	LOW_EVIDENCE
RFX3-AS1	RNA_RESISTANCE_CONSENSUS
RFX4	LOW_COVERAGE
RFX5	LOW_EVIDENCE
RFX6	LOW_COVERAGE
RFX7	LOW_EVIDENCE
RFX8	LOW_COVERAGE
RFXANK	LOW_EVIDENCE
RFXAP	LOW_EVIDENCE
RGAG1	LOW_COVERAGE
RGAG4	RNA_RESISTANCE_CONSENSUS
RGCC	RNA_RESISTANCE_CONSENSUS
RGL1	RNA_RESISTANCE_CONSENSUS
RGL2	LOW_EVIDENCE
RGL3	LOW_EVIDENCE
RGL4	LOW_EVIDENCE
RGMA	LOW_EVIDENCE
RGMB	LOW_EVIDENCE
RGMB-AS1	RNA_RESISTANCE_CONSENSUS
RGN	LOW_COVERAGE
RGP1	RNA_RESISTANCE_CONSENSUS
RGPD1	LOW_EVIDENCE
RGPD2	RNA_RESISTANCE_CONSENSUS
RGPD3	LOW_COVERAGE
RGPD4	LOW_COVERAGE
RGPD5	RNA_RESISTANCE_CONSENSUS
RGPD6	RNA_RESISTANCE_CONSENSUS
RGPD8	RNA_RESISTANCE_CONSENSUS
RGR	LOW_COVERAGE
RGS1	LOW_COVERAGE
RGS10	RNA_RESISTANCE_CONSENSUS
RGS11	RNA_RESISTANCE_CONSENSUS
RGS12	LOW_EVIDENCE
RGS13	LOW_EVIDENCE
RGS14	LOW_EVIDENCE
RGS16	RNA_RESISTANCE_CONSENSUS
RGS17	LOW_EVIDENCE
RGS17P1	LOW_COVERAGE
RGS18	LOW_COVERAGE
RGS19	LOW_EVIDENCE
RGS2	LOW_EVIDENCE
RGS20	LOW_EVIDENCE
RGS21	LOW_COVERAGE
RGS22	RNA_RESISTANCE_CONSENSUS
RGS3	RNA_RESISTANCE_CONSENSUS
RGS4	LOW_COVERAGE
RGS5	LOW_EVIDENCE
RGS5.1	LOW_COVERAGE
RGS6	RNA_RESISTANCE_CONSENSUS
RGS7	LOW_EVIDENCE
RGS7BP	LOW_COVERAGE
RGS8	LOW_COVERAGE
RGS9	HUMAN_TUMOR_SUPPORTED
RGS9BP	LOW_EVIDENCE
RGSL1	LOW_COVERAGE
RHAG	LOW_COVERAGE
RHBDD1	RNA_RESISTANCE_CONSENSUS
RHBDD2	RNA_RESISTANCE_CONSENSUS
RHBDD3	LOW_EVIDENCE
RHBDF1	LOW_EVIDENCE
RHBDF2	LOW_EVIDENCE
RHBDL1	LOW_EVIDENCE
RHBDL2	LOW_EVIDENCE
RHBDL3	RNA_RESISTANCE_CONSENSUS
RHBG	RNA_RESISTANCE_CONSENSUS
RHCE	LOW_EVIDENCE
RHCG	HUMAN_TUMOR_SUPPORTED
RHD	LOW_EVIDENCE
RHEB	LOW_EVIDENCE
RHEBL1	RNA_RESISTANCE_CONSENSUS
RHEBP1	LOW_COVERAGE
RHEBP2	LOW_COVERAGE
RHEX	LOW_COVERAGE
RHNO1	LOW_EVIDENCE
RHO	LOW_COVERAGE
RHOA	LOW_EVIDENCE
RHOA-IT1	LOW_COVERAGE
RHOB	RNA_RESISTANCE_CONSENSUS
RHOBTB1	RNA_RESISTANCE_CONSENSUS
RHOBTB2	LOW_EVIDENCE
RHOBTB3	RNA_RESISTANCE_CONSENSUS
RHOC	LOW_EVIDENCE
RHOD	RNA_RESISTANCE_CONSENSUS
RHOF	RNA_RESISTANCE_CONSENSUS
RHOG	LOW_EVIDENCE
RHOH	LOW_EVIDENCE
RHOJ	LOW_COVERAGE
RHOQ	RNA_RESISTANCE_CONSENSUS
RHOQP1	LOW_COVERAGE
RHOQP2	LOW_COVERAGE
RHOQP3	LOW_COVERAGE
RHOT1	RNA_RESISTANCE_CONSENSUS
RHOT1P1	LOW_COVERAGE
RHOT1P2	LOW_COVERAGE
RHOT2	LOW_EVIDENCE
RHOU	RNA_RESISTANCE_CONSENSUS
RHOV	RNA_RESISTANCE_CONSENSUS
RHOXF1	LOW_COVERAGE
RHOXF1-AS1	LOW_COVERAGE
RHOXF1P1	LOW_COVERAGE
RHOXF2	LOW_COVERAGE
RHOXF2B	LOW_COVERAGE
RHPN1	LOW_EVIDENCE
RHPN1-AS1	RNA_RESISTANCE_CONSENSUS
RHPN2	RNA_RESISTANCE_CONSENSUS
RIBC1	LOW_EVIDENCE
RIBC2	RNA_RESISTANCE_CONSENSUS
RIC1	LOW_EVIDENCE
RIC3	HUMAN_TUMOR_SUPPORTED
RIC8A	LOW_EVIDENCE
RIC8B	LOW_EVIDENCE
RICTOR	RNA_RESISTANCE_CONSENSUS
RIDA	LOW_COVERAGE
RIF1	LOW_EVIDENCE
RIIAD1	LOW_EVIDENCE
RILP	RNA_RESISTANCE_CONSENSUS
RILPL1	LOW_EVIDENCE
RILPL2	RNA_RESISTANCE_CONSENSUS
RIMBP2	LOW_COVERAGE
RIMBP3	RNA_RESISTANCE_CONSENSUS
RIMBP3B	LOW_COVERAGE
RIMBP3C	LOW_COVERAGE
RIMKLA	LOW_EVIDENCE
RIMKLB	RNA_RESISTANCE_CONSENSUS
RIMKLBP1	LOW_COVERAGE
RIMKLBP2	LOW_COVERAGE
RIMS1	LOW_EVIDENCE
RIMS2	RNA_RESISTANCE_CONSENSUS
RIMS3	RNA_RESISTANCE_CONSENSUS
RIMS4	RNA_RESISTANCE_CONSENSUS
RIN1	RNA_RESISTANCE_CONSENSUS
RIN2	RNA_RESISTANCE_CONSENSUS
RIN3	RNA_RESISTANCE_CONSENSUS
RING1	LOW_EVIDENCE
RINL	RNA_RESISTANCE_CONSENSUS
RINT1	RNA_RESISTANCE_CONSENSUS
RIOK1	LOW_EVIDENCE
RIOK2	LOW_EVIDENCE
RIOK3	RNA_RESISTANCE_CONSENSUS
RIOX1	LOW_COVERAGE
RIOX2	LOW_COVERAGE
RIPK1	LOW_EVIDENCE
RIPK2	LOW_EVIDENCE
RIPK3	LOW_EVIDENCE
RIPK4	RNA_RESISTANCE_CONSENSUS
RIPOR1	LOW_COVERAGE
RIPOR2	LOW_COVERAGE
RIPOR3	LOW_COVERAGE
RIPPLY1	LOW_COVERAGE
RIPPLY2	LOW_COVERAGE
RIPPLY3	RNA_RESISTANCE_CONSENSUS
RIT1	RNA_RESISTANCE_CONSENSUS
RIT2	LOW_COVERAGE
RITA1	LOW_EVIDENCE
RLBP1	LOW_COVERAGE
RLF	LOW_EVIDENCE
RLIM	LOW_EVIDENCE
RLIMP1	LOW_COVERAGE
RLIMP2	LOW_COVERAGE
RLN1	ACUTE_RESPONSE
RLN2	RNA_RESISTANCE_CONSENSUS
RLN3	LOW_COVERAGE
RLTPR	LOW_EVIDENCE
RMC1	LOW_COVERAGE
RMDN1	LOW_EVIDENCE
RMDN2	LOW_EVIDENCE
RMDN2-AS1	ACUTE_RESPONSE
RMDN3	LOW_EVIDENCE
RMI1	RNA_RESISTANCE_CONSENSUS
RMI2	RNA_RESISTANCE_CONSENSUS
RMND1	RNA_RESISTANCE_CONSENSUS
RMND5A	LOW_EVIDENCE
RMND5B	LOW_EVIDENCE
RMRP	RNA_RESISTANCE_CONSENSUS
RMST	LOW_COVERAGE
RMST_3	LOW_COVERAGE
RN7SK	LOW_COVERAGE
RN7SKP103	LOW_COVERAGE
RN7SKP107	LOW_COVERAGE
RN7SKP124	LOW_COVERAGE
RN7SKP158	LOW_COVERAGE
RN7SKP16	LOW_COVERAGE
RN7SKP163	LOW_COVERAGE
RN7SKP173	LOW_COVERAGE
RN7SKP175	LOW_COVERAGE
RN7SKP176	LOW_COVERAGE
RN7SKP180	LOW_COVERAGE
RN7SKP184	LOW_COVERAGE
RN7SKP198	LOW_COVERAGE
RN7SKP203	LOW_COVERAGE
RN7SKP217	LOW_COVERAGE
RN7SKP23	LOW_COVERAGE
RN7SKP230	LOW_COVERAGE
RN7SKP234	LOW_COVERAGE
RN7SKP235	LOW_COVERAGE
RN7SKP243	LOW_COVERAGE
RN7SKP245	LOW_COVERAGE
RN7SKP253	LOW_COVERAGE
RN7SKP255	LOW_COVERAGE
RN7SKP269	LOW_COVERAGE
RN7SKP271	LOW_COVERAGE
RN7SKP287	LOW_COVERAGE
RN7SKP291	LOW_COVERAGE
RN7SKP299	LOW_COVERAGE
RN7SKP30	LOW_COVERAGE
RN7SKP48	LOW_COVERAGE
RN7SKP50	LOW_COVERAGE
RN7SKP64	LOW_COVERAGE
RN7SKP67	LOW_COVERAGE
RN7SKP69	LOW_COVERAGE
RN7SKP70	LOW_COVERAGE
RN7SKP71	LOW_COVERAGE
RN7SKP72	LOW_COVERAGE
RN7SKP74	LOW_COVERAGE
RN7SKP79	LOW_COVERAGE
RN7SKP80	LOW_COVERAGE
RN7SKP9	LOW_COVERAGE
RN7SKP90	LOW_COVERAGE
RN7SKP95	LOW_COVERAGE
RN7SKP97	LOW_COVERAGE
RN7SL1	LOW_COVERAGE
RN7SL128P	LOW_COVERAGE
RN7SL12P	LOW_COVERAGE
RN7SL141P	LOW_COVERAGE
RN7SL145P	LOW_COVERAGE
RN7SL147P	LOW_COVERAGE
RN7SL151P	LOW_COVERAGE
RN7SL153P	LOW_COVERAGE
RN7SL15P	LOW_COVERAGE
RN7SL166P	LOW_COVERAGE
RN7SL16P	LOW_COVERAGE
RN7SL180P	LOW_COVERAGE
RN7SL192P	LOW_COVERAGE
RN7SL19P	LOW_COVERAGE
RN7SL2	LOW_COVERAGE
RN7SL218P	LOW_COVERAGE
RN7SL219P	LOW_COVERAGE
RN7SL220P	LOW_COVERAGE
RN7SL225P	LOW_COVERAGE
RN7SL230P	LOW_COVERAGE
RN7SL239P	LOW_COVERAGE
RN7SL242P	LOW_COVERAGE
RN7SL244P	LOW_COVERAGE
RN7SL246P	LOW_COVERAGE
RN7SL255P	LOW_COVERAGE
RN7SL268P	LOW_COVERAGE
RN7SL277P	LOW_COVERAGE
RN7SL3	LOW_COVERAGE
RN7SL308P	LOW_COVERAGE
RN7SL314P	LOW_COVERAGE
RN7SL328P	LOW_COVERAGE
RN7SL329P	LOW_COVERAGE
RN7SL330P	LOW_COVERAGE
RN7SL333P	LOW_COVERAGE
RN7SL338P	LOW_COVERAGE
RN7SL350P	LOW_COVERAGE
RN7SL351P	LOW_COVERAGE
RN7SL359P	LOW_COVERAGE
RN7SL362P	LOW_COVERAGE
RN7SL37P	LOW_COVERAGE
RN7SL381P	LOW_COVERAGE
RN7SL382P	LOW_COVERAGE
RN7SL394P	LOW_COVERAGE
RN7SL396P	LOW_COVERAGE
RN7SL414P	LOW_COVERAGE
RN7SL425P	LOW_COVERAGE
RN7SL430P	LOW_COVERAGE
RN7SL431P	LOW_COVERAGE
RN7SL434P	LOW_COVERAGE
RN7SL448P	LOW_COVERAGE
RN7SL449P	LOW_COVERAGE
RN7SL452P	LOW_COVERAGE
RN7SL471P	LOW_COVERAGE
RN7SL472P	LOW_COVERAGE
RN7SL473P	LOW_COVERAGE
RN7SL47P	LOW_COVERAGE
RN7SL481P	LOW_COVERAGE
RN7SL49P	LOW_COVERAGE
RN7SL4P	LOW_COVERAGE
RN7SL502P	LOW_COVERAGE
RN7SL517P	LOW_COVERAGE
RN7SL535P	LOW_COVERAGE
RN7SL552P	LOW_COVERAGE
RN7SL555P	LOW_COVERAGE
RN7SL558P	LOW_COVERAGE
RN7SL559P	LOW_COVERAGE
RN7SL566P	LOW_COVERAGE
RN7SL569P	LOW_COVERAGE
RN7SL577P	LOW_COVERAGE
RN7SL5P	LOW_COVERAGE
RN7SL600P	LOW_COVERAGE
RN7SL608P	LOW_COVERAGE
RN7SL617P	LOW_COVERAGE
RN7SL648P	LOW_COVERAGE
RN7SL650P	LOW_COVERAGE
RN7SL655P	LOW_COVERAGE
RN7SL657P	LOW_COVERAGE
RN7SL65P	LOW_COVERAGE
RN7SL674P	LOW_COVERAGE
RN7SL683P	LOW_COVERAGE
RN7SL688P	LOW_COVERAGE
RN7SL689P	LOW_COVERAGE
RN7SL706P	LOW_COVERAGE
RN7SL715P	LOW_COVERAGE
RN7SL716P	LOW_COVERAGE
RN7SL724P	LOW_COVERAGE
RN7SL731P	LOW_COVERAGE
RN7SL735P	LOW_COVERAGE
RN7SL736P	LOW_COVERAGE
RN7SL737P	LOW_COVERAGE
RN7SL745P	LOW_COVERAGE
RN7SL751P	LOW_COVERAGE
RN7SL752P	LOW_COVERAGE
RN7SL760P	LOW_COVERAGE
RN7SL762P	LOW_COVERAGE
RN7SL767P	LOW_COVERAGE
RN7SL800P	LOW_COVERAGE
RN7SL801P	LOW_COVERAGE
RN7SL803P	LOW_COVERAGE
RN7SL809P	LOW_COVERAGE
RN7SL81P	LOW_COVERAGE
RN7SL832P	RNA_RESISTANCE_CONSENSUS
RN7SL834P	LOW_COVERAGE
RN7SL851P	LOW_COVERAGE
RN7SL8P	LOW_COVERAGE
RNA5S9	LOW_COVERAGE
RNA5SP108	LOW_COVERAGE
RNA5SP119	LOW_COVERAGE
RNA5SP123	LOW_COVERAGE
RNA5SP147	LOW_COVERAGE
RNA5SP187	LOW_COVERAGE
RNA5SP20	LOW_COVERAGE
RNA5SP216	LOW_COVERAGE
RNA5SP244	LOW_COVERAGE
RNA5SP247	LOW_COVERAGE
RNA5SP260	LOW_COVERAGE
RNA5SP264	LOW_COVERAGE
RNA5SP295	LOW_COVERAGE
RNA5SP297	LOW_COVERAGE
RNA5SP299	LOW_COVERAGE
RNA5SP304	LOW_COVERAGE
RNA5SP311	LOW_COVERAGE
RNA5SP321	LOW_COVERAGE
RNA5SP323	LOW_COVERAGE
RNA5SP352	LOW_COVERAGE
RNA5SP37	LOW_COVERAGE
RNA5SP397	LOW_COVERAGE
RNA5SP491	LOW_COVERAGE
RNA5SP73	LOW_COVERAGE
RNA5SP78	LOW_COVERAGE
RNA5SP85	LOW_COVERAGE
RNASE1	LOW_COVERAGE
RNASE10	LOW_COVERAGE
RNASE11	LOW_COVERAGE
RNASE12	LOW_COVERAGE
RNASE13	LOW_COVERAGE
RNASE2	LOW_COVERAGE
RNASE3	LOW_COVERAGE
RNASE4	RNA_RESISTANCE_CONSENSUS
RNASE6	LOW_COVERAGE
RNASE7	LOW_COVERAGE
RNASE8	LOW_COVERAGE
RNASE9	LOW_COVERAGE
RNASEH1	RNA_RESISTANCE_CONSENSUS
RNASEH1-AS1	RNA_RESISTANCE_CONSENSUS
RNASEH2A	RNA_RESISTANCE_CONSENSUS
RNASEH2B	RNA_RESISTANCE_CONSENSUS
RNASEH2B-AS1	LOW_COVERAGE
RNASEH2C	RNA_RESISTANCE_CONSENSUS
RNASEK	RNA_RESISTANCE_CONSENSUS
RNASEK-C17orf49	LOW_COVERAGE
RNASEL	RNA_RESISTANCE_CONSENSUS
RNASET2	RNA_RESISTANCE_CONSENSUS
RND1	RNA_RESISTANCE_CONSENSUS
RND2	RNA_RESISTANCE_CONSENSUS
RND3	RNA_RESISTANCE_CONSENSUS
RNF10	LOW_EVIDENCE
RNF103	RNA_RESISTANCE_CONSENSUS
RNF103-CHMP3	LOW_COVERAGE
RNF11	RNA_RESISTANCE_CONSENSUS
RNF111	LOW_EVIDENCE
RNF112	LOW_EVIDENCE
RNF113A	LOW_EVIDENCE
RNF113B	LOW_COVERAGE
RNF114	LOW_EVIDENCE
RNF115	LOW_EVIDENCE
RNF121	LOW_EVIDENCE
RNF122	LOW_EVIDENCE
RNF123	RNA_RESISTANCE_CONSENSUS
RNF125	RNA_RESISTANCE_CONSENSUS
RNF126	LOW_EVIDENCE
RNF128	ACUTE_RESPONSE
RNF13	RNA_RESISTANCE_CONSENSUS
RNF130	RNA_RESISTANCE_CONSENSUS
RNF133	LOW_COVERAGE
RNF135	LOW_EVIDENCE
RNF138	LOW_EVIDENCE
RNF138P1	LOW_COVERAGE
RNF139	LOW_EVIDENCE
RNF139-AS1	LOW_EVIDENCE
RNF14	LOW_EVIDENCE
RNF141	LOW_EVIDENCE
RNF144A	RNA_RESISTANCE_CONSENSUS
RNF144B	RNA_RESISTANCE_CONSENSUS
RNF145	RNA_RESISTANCE_CONSENSUS
RNF146	LOW_EVIDENCE
RNF148	RNA_RESISTANCE_CONSENSUS
RNF149	RNA_RESISTANCE_CONSENSUS
RNF150	LOW_EVIDENCE
RNF151	LOW_COVERAGE
RNF152	LOW_EVIDENCE
RNF152P1	LOW_COVERAGE
RNF157	RNA_RESISTANCE_CONSENSUS
RNF157-AS1	LOW_COVERAGE
RNF165	LOW_EVIDENCE
RNF166	LOW_EVIDENCE
RNF167	LOW_EVIDENCE
RNF168	RNA_RESISTANCE_CONSENSUS
RNF169	RNA_RESISTANCE_CONSENSUS
RNF17	LOW_COVERAGE
RNF170	RNA_RESISTANCE_CONSENSUS
RNF175	LOW_COVERAGE
RNF180	LOW_EVIDENCE
RNF181	LOW_EVIDENCE
RNF182	LOW_COVERAGE
RNF183	LOW_COVERAGE
RNF185	LOW_EVIDENCE
RNF185-AS1	LOW_COVERAGE
RNF186	LOW_COVERAGE
RNF187	LOW_EVIDENCE
RNF19A	RNA_RESISTANCE_CONSENSUS
RNF19B	LOW_EVIDENCE
RNF2	RNA_RESISTANCE_CONSENSUS
RNF20	LOW_EVIDENCE
RNF207	RNA_RESISTANCE_CONSENSUS
RNF208	RNA_RESISTANCE_CONSENSUS
RNF212	LOW_COVERAGE
RNF212B	LOW_EVIDENCE
RNF213	RNA_RESISTANCE_CONSENSUS
RNF213-AS1	LOW_COVERAGE
RNF214	LOW_EVIDENCE
RNF215	RNA_RESISTANCE_CONSENSUS
RNF216	LOW_EVIDENCE
RNF216P1	LOW_COVERAGE
RNF217	LOW_EVIDENCE
RNF217-AS1	LOW_COVERAGE
RNF219	LOW_EVIDENCE
RNF219-AS1	LOW_COVERAGE
RNF220	LOW_EVIDENCE
RNF222	LOW_EVIDENCE
RNF223	RNA_RESISTANCE_CONSENSUS
RNF224	LOW_EVIDENCE
RNF225	LOW_COVERAGE
RNF227	LOW_COVERAGE
RNF24	LOW_EVIDENCE
RNF25	RNA_RESISTANCE_CONSENSUS
RNF26	RNA_RESISTANCE_CONSENSUS
RNF2P1	LOW_COVERAGE
RNF31	RNA_RESISTANCE_CONSENSUS
RNF32	RNA_RESISTANCE_CONSENSUS
RNF34	LOW_EVIDENCE
RNF38	LOW_EVIDENCE
RNF39	LOW_EVIDENCE
RNF4	LOW_EVIDENCE
RNF40	LOW_EVIDENCE
RNF41	LOW_EVIDENCE
RNF43	RNA_RESISTANCE_CONSENSUS
RNF44	RNA_RESISTANCE_CONSENSUS
RNF5	RNA_RESISTANCE_CONSENSUS
RNF5P1	LOW_COVERAGE
RNF6	LOW_EVIDENCE
RNF7	LOW_EVIDENCE
RNF8	LOW_EVIDENCE
RNFT1	LOW_EVIDENCE
RNFT1-DT	LOW_COVERAGE
RNFT1P3	LOW_COVERAGE
RNFT2	LOW_EVIDENCE
RNGTT	LOW_EVIDENCE
RNH1	LOW_EVIDENCE
RNLS	LOW_EVIDENCE
RNMT	LOW_EVIDENCE
RNMTL1	LOW_EVIDENCE
RNPC3	LOW_EVIDENCE
RNPEP	LOW_EVIDENCE
RNPEPL1	RNA_RESISTANCE_CONSENSUS
RNPS1	LOW_EVIDENCE
RNPS1P1	LOW_COVERAGE
RNU1-1	LOW_COVERAGE
RNU1-100P	LOW_COVERAGE
RNU1-106P	LOW_COVERAGE
RNU1-109P	LOW_COVERAGE
RNU1-120P	LOW_COVERAGE
RNU1-122P	LOW_COVERAGE
RNU1-124P	LOW_COVERAGE
RNU1-16P	LOW_COVERAGE
RNU1-2	LOW_COVERAGE
RNU1-27P	LOW_COVERAGE
RNU1-28P	LOW_COVERAGE
RNU1-3	LOW_COVERAGE
RNU1-39P	LOW_COVERAGE
RNU1-4	LOW_COVERAGE
RNU1-61P	LOW_COVERAGE
RNU1-73P	LOW_COVERAGE
RNU1-85P	LOW_COVERAGE
RNU105B	LOW_COVERAGE
RNU11	LOW_COVERAGE
RNU11-2P	LOW_COVERAGE
RNU2-11P	LOW_COVERAGE
RNU2-13P	LOW_COVERAGE
RNU2-22P	LOW_COVERAGE
RNU2-27P	LOW_COVERAGE
RNU2-28P	LOW_COVERAGE
RNU2-29P	LOW_COVERAGE
RNU2-2P	LOW_COVERAGE
RNU2-33P	LOW_COVERAGE
RNU2-36P	LOW_COVERAGE
RNU2-51P	LOW_COVERAGE
RNU2-52P	LOW_COVERAGE
RNU2-63P	LOW_COVERAGE
RNU2-6P	LOW_COVERAGE
RNU2-7P	LOW_COVERAGE
RNU4-1	LOW_COVERAGE
RNU4-2	LOW_COVERAGE
RNU4-22P	LOW_COVERAGE
RNU4-24P	LOW_COVERAGE
RNU4-25P	LOW_COVERAGE
RNU4-38P	LOW_COVERAGE
RNU4-46P	LOW_COVERAGE
RNU4-48P	LOW_COVERAGE
RNU4-4P	LOW_COVERAGE
RNU4-51P	LOW_COVERAGE
RNU4-5P	LOW_COVERAGE
RNU4-85P	LOW_COVERAGE
RNU4-89P	LOW_COVERAGE
RNU4-91P	LOW_COVERAGE
RNU4ATAC	LOW_COVERAGE
RNU4ATAC12P	LOW_COVERAGE
RNU4ATAC16P	LOW_COVERAGE
RNU4ATAC17P	LOW_COVERAGE
RNU5A-1	LOW_COVERAGE
RNU5A-4P	LOW_COVERAGE
RNU5A-8P	LOW_COVERAGE
RNU5B-1	LOW_COVERAGE
RNU5D-1	LOW_COVERAGE
RNU5E-1	LOW_COVERAGE
RNU5E-10P	LOW_COVERAGE
RNU5E-3P	LOW_COVERAGE
RNU5E-6P	LOW_COVERAGE
RNU5F-1	LOW_COVERAGE
RNU6-1	LOW_COVERAGE
RNU6-1003P	LOW_COVERAGE
RNU6-1005P	LOW_COVERAGE
RNU6-100P	LOW_COVERAGE
RNU6-1016P	LOW_COVERAGE
RNU6-101P	LOW_COVERAGE
RNU6-1043P	LOW_COVERAGE
RNU6-1045P	LOW_COVERAGE
RNU6-1053P	LOW_COVERAGE
RNU6-105P	LOW_COVERAGE
RNU6-1079P	LOW_COVERAGE
RNU6-107P	LOW_COVERAGE
RNU6-1098P	LOW_COVERAGE
RNU6-1099P	LOW_COVERAGE
RNU6-1111P	LOW_COVERAGE
RNU6-112P	LOW_COVERAGE
RNU6-1141P	LOW_COVERAGE
RNU6-1153P	LOW_COVERAGE
RNU6-1157P	LOW_COVERAGE
RNU6-1177P	LOW_COVERAGE
RNU6-1188P	LOW_COVERAGE
RNU6-118P	LOW_COVERAGE
RNU6-1190P	LOW_COVERAGE
RNU6-11P	LOW_COVERAGE
RNU6-1201P	LOW_COVERAGE
RNU6-1209P	LOW_COVERAGE
RNU6-1233P	LOW_COVERAGE
RNU6-1237P	LOW_COVERAGE
RNU6-123P	LOW_COVERAGE
RNU6-1242P	LOW_COVERAGE
RNU6-1246P	LOW_COVERAGE
RNU6-1248P	LOW_COVERAGE
RNU6-125P	LOW_COVERAGE
RNU6-1262P	LOW_COVERAGE
RNU6-1266P	LOW_COVERAGE
RNU6-126P	LOW_COVERAGE
RNU6-1272P	LOW_COVERAGE
RNU6-1275P	LOW_COVERAGE
RNU6-1277P	LOW_COVERAGE
RNU6-1283P	LOW_COVERAGE
RNU6-1284P	LOW_COVERAGE
RNU6-1285P	LOW_COVERAGE
RNU6-1294P	LOW_COVERAGE
RNU6-1305P	LOW_COVERAGE
RNU6-130P	LOW_COVERAGE
RNU6-1327P	LOW_COVERAGE
RNU6-137P	LOW_COVERAGE
RNU6-141P	LOW_COVERAGE
RNU6-146P	LOW_COVERAGE
RNU6-154P	LOW_COVERAGE
RNU6-15P	LOW_COVERAGE
RNU6-171P	LOW_COVERAGE
RNU6-172P	LOW_COVERAGE
RNU6-177P	LOW_COVERAGE
RNU6-195P	LOW_COVERAGE
RNU6-196P	LOW_COVERAGE
RNU6-198P	LOW_COVERAGE
RNU6-2	LOW_COVERAGE
RNU6-202P	LOW_COVERAGE
RNU6-218P	LOW_COVERAGE
RNU6-230P	LOW_COVERAGE
RNU6-238P	LOW_COVERAGE
RNU6-251P	LOW_COVERAGE
RNU6-267P	LOW_COVERAGE
RNU6-26P	LOW_COVERAGE
RNU6-282P	LOW_COVERAGE
RNU6-307P	LOW_COVERAGE
RNU6-308P	LOW_COVERAGE
RNU6-312P	LOW_COVERAGE
RNU6-315P	LOW_COVERAGE
RNU6-316P	LOW_COVERAGE
RNU6-322P	LOW_COVERAGE
RNU6-323P	LOW_COVERAGE
RNU6-32P	LOW_COVERAGE
RNU6-33P	LOW_COVERAGE
RNU6-341P	LOW_COVERAGE
RNU6-36P	LOW_COVERAGE
RNU6-373P	LOW_COVERAGE
RNU6-377P	LOW_COVERAGE
RNU6-378P	LOW_COVERAGE
RNU6-37P	LOW_COVERAGE
RNU6-387P	LOW_COVERAGE
RNU6-395P	LOW_COVERAGE
RNU6-39P	LOW_COVERAGE
RNU6-3P	LOW_COVERAGE
RNU6-402P	LOW_COVERAGE
RNU6-407P	LOW_COVERAGE
RNU6-414P	LOW_COVERAGE
RNU6-415P	LOW_COVERAGE
RNU6-425P	LOW_COVERAGE
RNU6-431P	LOW_COVERAGE
RNU6-433P	LOW_COVERAGE
RNU6-444P	LOW_COVERAGE
RNU6-450P	LOW_COVERAGE
RNU6-472P	LOW_COVERAGE
RNU6-479P	LOW_COVERAGE
RNU6-490P	LOW_COVERAGE
RNU6-4P	LOW_COVERAGE
RNU6-510P	LOW_COVERAGE
RNU6-513P	LOW_COVERAGE
RNU6-516P	LOW_COVERAGE
RNU6-522P	LOW_COVERAGE
RNU6-531P	LOW_COVERAGE
RNU6-539P	LOW_COVERAGE
RNU6-548P	LOW_COVERAGE
RNU6-564P	LOW_COVERAGE
RNU6-571P	LOW_COVERAGE
RNU6-577P	LOW_COVERAGE
RNU6-583P	LOW_COVERAGE
RNU6-595P	LOW_COVERAGE
RNU6-59P	LOW_COVERAGE
RNU6-5P	LOW_COVERAGE
RNU6-606P	LOW_COVERAGE
RNU6-60P	LOW_COVERAGE
RNU6-613P	LOW_COVERAGE
RNU6-617P	LOW_COVERAGE
RNU6-621P	LOW_COVERAGE
RNU6-623P	LOW_COVERAGE
RNU6-635P	LOW_COVERAGE
RNU6-638P	LOW_COVERAGE
RNU6-652P	LOW_COVERAGE
RNU6-653P	LOW_COVERAGE
RNU6-658P	LOW_COVERAGE
RNU6-670P	LOW_COVERAGE
RNU6-674P	LOW_COVERAGE
RNU6-679P	LOW_COVERAGE
RNU6-680P	LOW_COVERAGE
RNU6-681P	LOW_COVERAGE
RNU6-6P	LOW_COVERAGE
RNU6-7	LOW_COVERAGE
RNU6-701P	LOW_COVERAGE
RNU6-703P	LOW_COVERAGE
RNU6-705P	LOW_COVERAGE
RNU6-708P	LOW_COVERAGE
RNU6-711P	LOW_COVERAGE
RNU6-720P	LOW_COVERAGE
RNU6-748P	LOW_COVERAGE
RNU6-750P	LOW_COVERAGE
RNU6-757P	LOW_COVERAGE
RNU6-759P	LOW_COVERAGE
RNU6-762P	LOW_COVERAGE
RNU6-767P	LOW_COVERAGE
RNU6-780P	LOW_COVERAGE
RNU6-8	LOW_COVERAGE
RNU6-80P	LOW_COVERAGE
RNU6-813P	LOW_COVERAGE
RNU6-817P	LOW_COVERAGE
RNU6-824P	LOW_COVERAGE
RNU6-82P	LOW_COVERAGE
RNU6-850P	LOW_COVERAGE
RNU6-875P	LOW_COVERAGE
RNU6-882P	LOW_COVERAGE
RNU6-883P	LOW_COVERAGE
RNU6-88P	LOW_COVERAGE
RNU6-890P	LOW_COVERAGE
RNU6-9	LOW_COVERAGE
RNU6-904P	LOW_COVERAGE
RNU6-90P	LOW_COVERAGE
RNU6-914P	LOW_COVERAGE
RNU6-915P	LOW_COVERAGE
RNU6-925P	LOW_COVERAGE
RNU6-942P	LOW_COVERAGE
RNU6-945P	LOW_COVERAGE
RNU6-946P	LOW_COVERAGE
RNU6-951P	LOW_COVERAGE
RNU6-954P	LOW_COVERAGE
RNU6-981P	LOW_COVERAGE
RNU6-998P	LOW_COVERAGE
RNU6ATAC	LOW_COVERAGE
RNU6ATAC16P	LOW_COVERAGE
RNU6ATAC24P	LOW_COVERAGE
RNU6ATAC42P	LOW_COVERAGE
RNU6ATAC7P	LOW_COVERAGE
RNU7-1	LOW_COVERAGE
RNU7-10P	LOW_COVERAGE
RNU7-111P	LOW_COVERAGE
RNU7-119P	LOW_COVERAGE
RNU7-124P	LOW_COVERAGE
RNU7-128P	LOW_COVERAGE
RNU7-141P	LOW_COVERAGE
RNU7-18P	LOW_COVERAGE
RNU7-3P	LOW_COVERAGE
RNU7-49P	LOW_COVERAGE
RNU7-50P	LOW_COVERAGE
RNU7-71P	LOW_COVERAGE
RNU7-75P	LOW_COVERAGE
RNU7-80P	LOW_COVERAGE
RNU7-84P	LOW_COVERAGE
RNVU1-14	LOW_COVERAGE
RNVU1-15	LOW_COVERAGE
RNVU1-18	LOW_COVERAGE
RNVU1-19	LOW_COVERAGE
RNVU1-6	LOW_COVERAGE
RNVU1-7	LOW_COVERAGE
RNY1	LOW_COVERAGE
RNY1P12	LOW_COVERAGE
RNY1P13	LOW_COVERAGE
RNY1P15	LOW_COVERAGE
RNY1P16	LOW_COVERAGE
RNY1P4	LOW_COVERAGE
RNY1P6	LOW_COVERAGE
RNY3	LOW_COVERAGE
RNY3P13	LOW_COVERAGE
RNY3P14	LOW_COVERAGE
RNY3P15	LOW_COVERAGE
RNY4P10	LOW_COVERAGE
RNY4P17	LOW_COVERAGE
RNY4P19	LOW_COVERAGE
RNY4P25	LOW_COVERAGE
RNY4P37	LOW_COVERAGE
RNY4P7	LOW_COVERAGE
RNaseP_nuc	LOW_COVERAGE
RNase_MRP	LOW_COVERAGE
RO60	LOW_COVERAGE
ROBO1	RNA_RESISTANCE_CONSENSUS
ROBO2	RNA_RESISTANCE_CONSENSUS
ROBO3	RNA_RESISTANCE_CONSENSUS
ROBO4	LOW_COVERAGE
ROCK1	LOW_EVIDENCE
ROCK1P1	LOW_COVERAGE
ROCK2	RNA_RESISTANCE_CONSENSUS
ROCR	LOW_COVERAGE
ROGDI	RNA_RESISTANCE_CONSENSUS
ROM1	LOW_EVIDENCE
ROMO1	LOW_EVIDENCE
ROPN1	LOW_COVERAGE
ROPN1B	LOW_EVIDENCE
ROPN1L	LOW_EVIDENCE
ROR1	LOW_EVIDENCE
ROR1-AS1	LOW_COVERAGE
ROR2	RNA_RESISTANCE_CONSENSUS
RORA	LOW_EVIDENCE
RORA-AS1	LOW_EVIDENCE
RORB	LOW_EVIDENCE
RORC	LOW_EVIDENCE
ROS1	LOW_COVERAGE
RP1	LOW_EVIDENCE
RP1-100J12.1	LOW_COVERAGE
RP1-101A2.1	LOW_COVERAGE
RP1-101D8.1	LOW_COVERAGE
RP1-101G11.3	LOW_COVERAGE
RP1-101K10.6	LOW_COVERAGE
RP1-102E24.10	LOW_COVERAGE
RP1-102E24.6	LOW_COVERAGE
RP1-102E24.8	LOW_COVERAGE
RP1-102G20.5	LOW_COVERAGE
RP1-102H19.7	LOW_COVERAGE
RP1-102K2.8	LOW_COVERAGE
RP1-106C24.1	LOW_COVERAGE
RP1-111C20.4	LOW_COVERAGE
RP1-117B12.4	LOW_COVERAGE
RP1-117O3.2	LOW_COVERAGE
RP1-118J21.25	LOW_COVERAGE
RP1-118J21.5	LOW_COVERAGE
RP1-121G13.3	LOW_COVERAGE
RP1-122O8.7	LOW_COVERAGE
RP1-122P22.2	LOW_COVERAGE
RP1-122P22.4	LOW_COVERAGE
RP1-124C6.1	LOW_COVERAGE
RP1-125I3.2	LOW_COVERAGE
RP1-127D3.4	LOW_COVERAGE
RP1-127H14.3	LOW_COVERAGE
RP1-128M12.3	LOW_COVERAGE
RP1-128O3.6	LOW_COVERAGE
RP1-12G14.7	LOW_COVERAGE
RP1-12G14.9	LOW_COVERAGE
RP1-130H16.18	LOW_COVERAGE
RP1-131F15.2	LOW_COVERAGE
RP1-134O19.3	LOW_COVERAGE
RP1-136B1.1	LOW_COVERAGE
RP1-137D17.1	LOW_COVERAGE
RP1-137K2.2	LOW_COVERAGE
RP1-138B7.5	LOW_COVERAGE
RP1-140A9.1	LOW_COVERAGE
RP1-140C12.2	LOW_COVERAGE
RP1-140K8.5	LOW_COVERAGE
RP1-145M24.1	LOW_COVERAGE
RP1-149A16.17	LOW_COVERAGE
RP1-149A16.3	LOW_COVERAGE
RP1-150O5.3	LOW_COVERAGE
RP1-151B14.6	LOW_COVERAGE
RP1-151F17.1	LOW_COVERAGE
RP1-151F17.2	LOW_COVERAGE
RP1-152L7.5	LOW_COVERAGE
RP1-153G14.4	LOW_COVERAGE
RP1-154J13.3	LOW_COVERAGE
RP1-159A19.3	LOW_COVERAGE
RP1-159G19.1	LOW_COVERAGE
RP1-159M24.1	LOW_COVERAGE
RP1-164L12.1	LOW_COVERAGE
RP1-167A14.2	LOW_COVERAGE
RP1-167F1.2	LOW_COVERAGE
RP1-167G20.1	LOW_COVERAGE
RP1-168L15.5	LOW_COVERAGE
RP1-168L15.6	LOW_COVERAGE
RP1-168P16.2	LOW_COVERAGE
RP1-168P16.3	LOW_COVERAGE
RP1-169K13.3	LOW_COVERAGE
RP1-170O19.22	LOW_COVERAGE
RP1-178F10.1	LOW_COVERAGE
RP1-178F10.3	LOW_COVERAGE
RP1-178F15.4	LOW_COVERAGE
RP1-178F15.5	LOW_COVERAGE
RP1-179N16.3	LOW_COVERAGE
RP1-179N16.6	LOW_COVERAGE
RP1-179P9.3	LOW_COVERAGE
RP1-181J22.1	LOW_COVERAGE
RP1-184J9.2	LOW_COVERAGE
RP1-191J18.66	LOW_COVERAGE
RP1-193H18.2	LOW_COVERAGE
RP1-197B17.3	LOW_COVERAGE
RP1-197B17.4	LOW_COVERAGE
RP1-197B17.5	LOW_COVERAGE
RP1-197B17.7	LOW_COVERAGE
RP1-198K11.5	LOW_COVERAGE
RP1-199J3.5	LOW_COVERAGE
RP1-199J3.7	LOW_COVERAGE
RP1-200K18.1	LOW_COVERAGE
RP1-202O8.2	LOW_COVERAGE
RP1-202O8.3	LOW_COVERAGE
RP1-206D15.5	LOW_COVERAGE
RP1-206D15.6	LOW_COVERAGE
RP1-20B11.2	LOW_COVERAGE
RP1-20B21.4	LOW_COVERAGE
RP1-20C7.6	LOW_COVERAGE
RP1-20N2.8	LOW_COVERAGE
RP1-223E5.4	LOW_COVERAGE
RP1-224A6.8	LOW_COVERAGE
RP1-224A6.9	LOW_COVERAGE
RP1-225E12.2	LOW_COVERAGE
RP1-225E12.3	LOW_COVERAGE
RP1-228H13.5	LOW_COVERAGE
RP1-228P16.1	LOW_COVERAGE
RP1-228P16.3	LOW_COVERAGE
RP1-228P16.4	LOW_COVERAGE
RP1-228P16.8	LOW_COVERAGE
RP1-232P20.1	LOW_COVERAGE
RP1-234P15.4	LOW_COVERAGE
RP1-239B22.5	LOW_COVERAGE
RP1-241P17.4	LOW_COVERAGE
RP1-244F24.1	LOW_COVERAGE
RP1-253P7.4	LOW_COVERAGE
RP1-256G22.2	LOW_COVERAGE
RP1-257A7.4	LOW_COVERAGE
RP1-257A7.5	LOW_COVERAGE
RP1-257I20.14	LOW_COVERAGE
RP1-261D10.1	LOW_COVERAGE
RP1-261D10.2	LOW_COVERAGE
RP1-261G23.7	LOW_COVERAGE
RP1-265C24.8	LOW_COVERAGE
RP1-266L20.2	LOW_COVERAGE
RP1-266L20.9	LOW_COVERAGE
RP1-267D11.6	LOW_COVERAGE
RP1-267L14.3	LOW_COVERAGE
RP1-267L14.6	LOW_COVERAGE
RP1-272E8.1	LOW_COVERAGE
RP1-272E8.2	LOW_COVERAGE
RP1-273G13.2	LOW_COVERAGE
RP1-278C19.8	LOW_COVERAGE
RP1-278E11.3	LOW_COVERAGE
RP1-27C22.1	LOW_COVERAGE
RP1-27K12.4	LOW_COVERAGE
RP1-27O5.3	LOW_COVERAGE
RP1-283E3.4	LOW_COVERAGE
RP1-283E3.8	LOW_COVERAGE
RP1-286D6.5	LOW_COVERAGE
RP1-288H2.2	LOW_COVERAGE
RP1-292B18.1	LOW_COVERAGE
RP1-292L20.3	LOW_COVERAGE
RP1-308E4.1	LOW_COVERAGE
RP1-309F20.3	LOW_COVERAGE
RP1-309F20.4	LOW_COVERAGE
RP1-309K20.6	LOW_COVERAGE
RP1-30M3.5	LOW_COVERAGE
RP1-30M3.6	LOW_COVERAGE
RP1-310O13.7	LOW_COVERAGE
RP1-313I6.12	LOW_COVERAGE
RP1-315G1.1	LOW_COVERAGE
RP1-315G1.3	LOW_COVERAGE
RP1-317E23.3	LOW_COVERAGE
RP1-317E23.6	LOW_COVERAGE
RP1-317E23.7	LOW_COVERAGE
RP1-34B20.4	LOW_COVERAGE
RP1-34H18.1	LOW_COVERAGE
RP1-35C21.2	LOW_COVERAGE
RP1-37C10.3	LOW_COVERAGE
RP1-37M3.8	LOW_COVERAGE
RP1-37N7.1	LOW_COVERAGE
RP1-39G22.4	LOW_COVERAGE
RP1-39G22.7	LOW_COVERAGE
RP1-40E16.11	LOW_COVERAGE
RP1-40E16.12	LOW_COVERAGE
RP1-40G4P.1	LOW_COVERAGE
RP1-41C23.1	LOW_COVERAGE
RP1-41C23.2	LOW_COVERAGE
RP1-41C23.4	LOW_COVERAGE
RP1-43E13.2	LOW_COVERAGE
RP1-45C12.1	LOW_COVERAGE
RP1-45I4.2	LOW_COVERAGE
RP1-45I4.3	LOW_COVERAGE
RP1-4G17.5	LOW_COVERAGE
RP1-50O24.6	LOW_COVERAGE
RP1-53O8.2	LOW_COVERAGE
RP1-56K13.2	LOW_COVERAGE
RP1-56K13.3	LOW_COVERAGE
RP1-59D14.1	LOW_COVERAGE
RP1-59D14.5	LOW_COVERAGE
RP1-59M18.2	LOW_COVERAGE
RP1-5O6.4	LOW_COVERAGE
RP1-5O6.5	LOW_COVERAGE
RP1-60N8.1	LOW_COVERAGE
RP1-60O19.1	LOW_COVERAGE
RP1-63M2.5	LOW_COVERAGE
RP1-63M2.7	LOW_COVERAGE
RP1-65J11.1	LOW_COVERAGE
RP1-65P5.3	LOW_COVERAGE
RP1-66C13.4	LOW_COVERAGE
RP1-67K17.3	LOW_COVERAGE
RP1-67K17.4	LOW_COVERAGE
RP1-68D18.4	LOW_COVERAGE
RP1-69D17.4	LOW_COVERAGE
RP1-71H19.2	LOW_COVERAGE
RP1-71H24.1	LOW_COVERAGE
RP1-72A23.4	LOW_COVERAGE
RP1-77H15.1	LOW_COVERAGE
RP1-78B3.1	LOW_COVERAGE
RP1-78O14.1	LOW_COVERAGE
RP1-80N2.3	LOW_COVERAGE
RP1-80N2.4	LOW_COVERAGE
RP1-85F18.6	LOW_COVERAGE
RP1-86C11.7	LOW_COVERAGE
RP1-86D1.5	LOW_COVERAGE
RP1-8B1.4	LOW_COVERAGE
RP1-90G24.10	LOW_COVERAGE
RP1-90G24.6	LOW_COVERAGE
RP1-90J20.8	LOW_COVERAGE
RP1-91J24.3	LOW_COVERAGE
RP1-92O14.3	LOW_COVERAGE
RP1-92O14.6	LOW_COVERAGE
RP1-93H18.1	LOW_COVERAGE
RP1-95L4.4	LOW_COVERAGE
RP1-96H9.5	LOW_COVERAGE
RP1-99E18.2	LOW_COVERAGE
RP11-1000B6.2	LOW_COVERAGE
RP11-1000B6.3	LOW_COVERAGE
RP11-1000B6.5	LOW_COVERAGE
RP11-1000B6.8	LOW_COVERAGE
RP11-1006G14.1	LOW_COVERAGE
RP11-1006G14.2	LOW_COVERAGE
RP11-1006G14.4	LOW_COVERAGE
RP11-1007O24.2	LOW_COVERAGE
RP11-1007O24.3	LOW_COVERAGE
RP11-1008C21.2	LOW_COVERAGE
RP11-100G15.3	LOW_COVERAGE
RP11-100G15.4	LOW_COVERAGE
RP11-100G15.5	LOW_COVERAGE
RP11-1012A1.4	LOW_COVERAGE
RP11-1012A1.7	LOW_COVERAGE
RP11-1017G21.3	LOW_COVERAGE
RP11-1017G21.4	LOW_COVERAGE
RP11-1017G21.5	LOW_COVERAGE
RP11-1017G21.6	LOW_COVERAGE
RP11-1018N14.1	LOW_COVERAGE
RP11-1018N14.2	LOW_COVERAGE
RP11-1018N14.3	LOW_COVERAGE
RP11-1018N14.4	LOW_COVERAGE
RP11-1018N14.5	LOW_COVERAGE
RP11-101E13.5	LOW_COVERAGE
RP11-101E3.5	LOW_COVERAGE
RP11-101E7.2	LOW_COVERAGE
RP11-101O6.2	LOW_COVERAGE
RP11-1020A11.1	LOW_COVERAGE
RP11-1020A11.2	LOW_COVERAGE
RP11-1021N1.1	LOW_COVERAGE
RP11-1023L17.1	LOW_COVERAGE
RP11-1023L17.2	LOW_COVERAGE
RP11-102G14.1	LOW_COVERAGE
RP11-102L12.2	LOW_COVERAGE
RP11-102M11.1	LOW_COVERAGE
RP11-102M11.2	LOW_COVERAGE
RP11-102N12.2	LOW_COVERAGE
RP11-102N12.3	LOW_COVERAGE
RP11-1033A18.1	LOW_COVERAGE
RP11-1035H13.2	LOW_COVERAGE
RP11-1035H13.3	LOW_COVERAGE
RP11-1038A11.1	LOW_COVERAGE
RP11-1038A11.3	LOW_COVERAGE
RP11-103B5.4	LOW_COVERAGE
RP11-103C16.2	LOW_COVERAGE
RP11-103H7.5	LOW_COVERAGE
RP11-1042B17.3	LOW_COVERAGE
RP11-1046B16.3	LOW_COVERAGE
RP11-104F15.9	LOW_COVERAGE
RP11-104G3.2	LOW_COVERAGE
RP11-104G3.8	LOW_COVERAGE
RP11-104H15.10	LOW_COVERAGE
RP11-104H15.7	LOW_COVERAGE
RP11-104H15.8	LOW_COVERAGE
RP11-104L21.2	LOW_COVERAGE
RP11-104N10.1	LOW_COVERAGE
RP11-104N10.2	LOW_COVERAGE
RP11-104O19.4	LOW_COVERAGE
RP11-1055B8.1	LOW_COVERAGE
RP11-1055B8.3	LOW_COVERAGE
RP11-1055B8.4	LOW_COVERAGE
RP11-1057B6.1	LOW_COVERAGE
RP11-105N13.4	LOW_COVERAGE
RP11-105N14.1	LOW_COVERAGE
RP11-105N14.3	LOW_COVERAGE
RP11-1060J15.4	LOW_COVERAGE
RP11-1069G10.1	LOW_COVERAGE
RP11-1069G10.2	LOW_COVERAGE
RP11-106D4.2	LOW_COVERAGE
RP11-106E7.1	LOW_COVERAGE
RP11-106M3.2	LOW_COVERAGE
RP11-106M3.3	LOW_COVERAGE
RP11-106M3.5	LOW_COVERAGE
RP11-1070N10.6	LOW_COVERAGE
RP11-1072A3.3	LOW_COVERAGE
RP11-1072C15.4	LOW_COVERAGE
RP11-1072C15.6	LOW_COVERAGE
RP11-1074O12.1	LOW_COVERAGE
RP11-1078H9.5	LOW_COVERAGE
RP11-1079K10.3	LOW_COVERAGE
RP11-1079K10.4	LOW_COVERAGE
RP11-107D24.2	LOW_COVERAGE
RP11-1081L13.4	LOW_COVERAGE
RP11-1084A12.1	LOW_COVERAGE
RP11-1084A12.2	LOW_COVERAGE
RP11-1084J3.3	LOW_COVERAGE
RP11-1085N6.2	LOW_COVERAGE
RP11-1085N6.3	LOW_COVERAGE
RP11-1086F11.1	LOW_COVERAGE
RP11-108A14.1	LOW_COVERAGE
RP11-108K14.8	LOW_COVERAGE
RP11-108K3.1	LOW_COVERAGE
RP11-108K3.2	LOW_COVERAGE
RP11-108K3.3	LOW_COVERAGE
RP11-108L7.15	LOW_COVERAGE
RP11-108L7.4	LOW_COVERAGE
RP11-108M11.3	LOW_COVERAGE
RP11-108M12.3	LOW_COVERAGE
RP11-108M9.3	LOW_COVERAGE
RP11-108M9.4	LOW_COVERAGE
RP11-108M9.5	LOW_COVERAGE
RP11-108M9.6	LOW_COVERAGE
RP11-108O10.8	LOW_COVERAGE
RP11-108P20.3	LOW_COVERAGE
RP11-1094H24.4	LOW_COVERAGE
RP11-1094M14.11	LOW_COVERAGE
RP11-1096G20.5	LOW_COVERAGE
RP11-1099M24.6	LOW_COVERAGE
RP11-1099M24.7	LOW_COVERAGE
RP11-1099M24.9	LOW_COVERAGE
RP11-109D20.1	LOW_COVERAGE
RP11-109D20.2	LOW_COVERAGE
RP11-109E12.1	LOW_COVERAGE
RP11-109G10.1	LOW_COVERAGE
RP11-109N23.4	LOW_COVERAGE
RP11-109N23.5	LOW_COVERAGE
RP11-109N23.6	LOW_COVERAGE
RP11-109P14.10	LOW_COVERAGE
RP11-109P14.9	LOW_COVERAGE
RP11-10A14.3	LOW_COVERAGE
RP11-10A14.4	LOW_COVERAGE
RP11-10A14.9	LOW_COVERAGE
RP11-10C24.1	LOW_COVERAGE
RP11-10C24.2	LOW_COVERAGE
RP11-10C24.3	LOW_COVERAGE
RP11-10E18.7	LOW_COVERAGE
RP11-10G12.1	LOW_COVERAGE
RP11-10J21.4	LOW_COVERAGE
RP11-10K16.1	LOW_COVERAGE
RP11-10L12.1	LOW_COVERAGE
RP11-10L12.2	LOW_COVERAGE
RP11-10L12.4	LOW_COVERAGE
RP11-10L7.1	LOW_COVERAGE
RP11-10N23.2	LOW_COVERAGE
RP11-10N23.4	LOW_COVERAGE
RP11-10O17.1	LOW_COVERAGE
RP11-10O17.3	LOW_COVERAGE
RP11-1100L3.7	LOW_COVERAGE
RP11-1100L3.8	LOW_COVERAGE
RP11-1103G16.1	LOW_COVERAGE
RP11-1105G2.3	LOW_COVERAGE
RP11-1109F11.3	LOW_COVERAGE
RP11-1109F11.5	LOW_COVERAGE
RP11-110F24.1	LOW_COVERAGE
RP11-110G21.1	LOW_COVERAGE
RP11-110G21.2	LOW_COVERAGE
RP11-110H1.4	LOW_COVERAGE
RP11-110H1.9	LOW_COVERAGE
RP11-110I1.11	LOW_COVERAGE
RP11-110I1.12	LOW_COVERAGE
RP11-110I1.13	LOW_COVERAGE
RP11-110I1.14	LOW_COVERAGE
RP11-110I1.5	LOW_COVERAGE
RP11-110I1.6	LOW_COVERAGE
RP11-110J1.2	LOW_COVERAGE
RP11-1110F20.1	LOW_COVERAGE
RP11-1112C15.2	LOW_COVERAGE
RP11-1113L8.1	LOW_COVERAGE
RP11-1114A5.4	LOW_COVERAGE
RP11-111A21.1	LOW_COVERAGE
RP11-111A22.1	LOW_COVERAGE
RP11-111E14.1	LOW_COVERAGE
RP11-111F16.2	LOW_COVERAGE
RP11-111F5.4	LOW_COVERAGE
RP11-111F5.5	LOW_COVERAGE
RP11-111H13.1	LOW_COVERAGE
RP11-111K18.2	LOW_COVERAGE
RP11-111M22.2	LOW_COVERAGE
RP11-111M22.3	LOW_COVERAGE
RP11-111M22.4	LOW_COVERAGE
RP11-1123I8.1	LOW_COVERAGE
RP11-1129I3.1	LOW_COVERAGE
RP11-112H10.4	LOW_COVERAGE
RP11-112J1.1	LOW_COVERAGE
RP11-112J3.15	LOW_COVERAGE
RP11-112J3.16	LOW_COVERAGE
RP11-1134I14.2	LOW_COVERAGE
RP11-1134I14.8	LOW_COVERAGE
RP11-1136G11.8	LOW_COVERAGE
RP11-1136G4.2	LOW_COVERAGE
RP11-1136J12.1	LOW_COVERAGE
RP11-113A11.1	LOW_COVERAGE
RP11-113C12.4	LOW_COVERAGE
RP11-113I24.1	LOW_COVERAGE
RP11-113K21.4	LOW_COVERAGE
RP11-113K21.6	LOW_COVERAGE
RP11-1140I5.1	LOW_COVERAGE
RP11-1143G9.2	LOW_COVERAGE
RP11-1143G9.4	LOW_COVERAGE
RP11-1143G9.5	LOW_COVERAGE
RP11-1148L6.5	LOW_COVERAGE
RP11-1148L6.8	LOW_COVERAGE
RP11-1148L6.9	LOW_COVERAGE
RP11-1148O4.2	LOW_COVERAGE
RP11-1149O23.2	LOW_COVERAGE
RP11-1149O23.3	LOW_COVERAGE
RP11-1149O23.4	LOW_COVERAGE
RP11-114F10.3	LOW_COVERAGE
RP11-114F3.4	LOW_COVERAGE
RP11-114F3.5	LOW_COVERAGE
RP11-114G11.5	LOW_COVERAGE
RP11-114H21.2	LOW_COVERAGE
RP11-114H23.1	LOW_COVERAGE
RP11-114H23.2	LOW_COVERAGE
RP11-114H24.6	LOW_COVERAGE
RP11-114I8.4	LOW_COVERAGE
RP11-114L10.2	LOW_COVERAGE
RP11-114M1.1	LOW_COVERAGE
RP11-114M1.2	LOW_COVERAGE
RP11-114M1.3	LOW_COVERAGE
RP11-114M5.1	LOW_COVERAGE
RP11-114N19.3	LOW_COVERAGE
RP11-1157N2__B.2	LOW_COVERAGE
RP11-115A14.1	LOW_COVERAGE
RP11-115C21.2	LOW_COVERAGE
RP11-115C21.4	LOW_COVERAGE
RP11-115D19.1	LOW_COVERAGE
RP11-115D7.3	LOW_COVERAGE
RP11-115F18.1	LOW_COVERAGE
RP11-115H15.2	LOW_COVERAGE
RP11-115N12.1	LOW_COVERAGE
RP11-115P21.1	LOW_COVERAGE
RP11-1167A19.2	LOW_COVERAGE
RP11-116B13.1	LOW_COVERAGE
RP11-116K4.1	LOW_COVERAGE
RP11-116O11.1	LOW_COVERAGE
RP11-116O11.2	LOW_COVERAGE
RP11-116O18.3	LOW_COVERAGE
RP11-1174L13.2	LOW_COVERAGE
RP11-117N2.2	LOW_COVERAGE
RP11-1182P23.5	LOW_COVERAGE
RP11-118B22.4	LOW_COVERAGE
RP11-118E18.1	LOW_COVERAGE
RP11-118E18.4	LOW_COVERAGE
RP11-118F19.1	LOW_COVERAGE
RP11-118K6.3	LOW_COVERAGE
RP11-118M9.3	LOW_COVERAGE
RP11-1191J2.5	LOW_COVERAGE
RP11-1193F23.1	LOW_COVERAGE
RP11-1197K16.2	LOW_COVERAGE
RP11-1198D22.1	LOW_COVERAGE
RP11-119B16.2	LOW_COVERAGE
RP11-119D18.1	LOW_COVERAGE
RP11-119D9.1	LOW_COVERAGE
RP11-119F19.4	LOW_COVERAGE
RP11-119F19.5	LOW_COVERAGE
RP11-119F7.3	LOW_COVERAGE
RP11-119F7.5	LOW_COVERAGE
RP11-119K6.6	LOW_COVERAGE
RP11-11C20.3	LOW_COVERAGE
RP11-11N6.1	LOW_COVERAGE
RP11-11N7.4	LOW_COVERAGE
RP11-11N7.5	LOW_COVERAGE
RP11-11N9.4	LOW_COVERAGE
RP11-120B7.1	LOW_COVERAGE
RP11-120D5.1	LOW_COVERAGE
RP11-120E11.2	LOW_COVERAGE
RP11-120J1.1	LOW_COVERAGE
RP11-120K18.2	LOW_COVERAGE
RP11-120K19.3	LOW_COVERAGE
RP11-120K19.4	LOW_COVERAGE
RP11-120K24.3	LOW_COVERAGE
RP11-120K24.4	LOW_COVERAGE
RP11-120K9.2	LOW_COVERAGE
RP11-120M18.2	LOW_COVERAGE
RP11-1212A22.1	LOW_COVERAGE
RP11-1212A22.4	LOW_COVERAGE
RP11-121A14.2	LOW_COVERAGE
RP11-121A14.3	LOW_COVERAGE
RP11-121A8.1	LOW_COVERAGE
RP11-121C2.2	LOW_COVERAGE
RP11-121C6.5	LOW_COVERAGE
RP11-121G22.3	LOW_COVERAGE
RP11-121L10.2	LOW_COVERAGE
RP11-121M22.1	LOW_COVERAGE
RP11-1228E12.1	LOW_COVERAGE
RP11-1228E12.2	LOW_COVERAGE
RP11-122A21.2	LOW_COVERAGE
RP11-122C21.1	LOW_COVERAGE
RP11-122K13.12	LOW_COVERAGE
RP11-122M14.1	LOW_COVERAGE
RP11-1236K1.8	LOW_COVERAGE
RP11-123B3.2	LOW_COVERAGE
RP11-123C21.2	LOW_COVERAGE
RP11-123K19.1	LOW_COVERAGE
RP11-123K19.2	LOW_COVERAGE
RP11-123K3.4	LOW_COVERAGE
RP11-123K3.9	LOW_COVERAGE
RP11-123N4.4	LOW_COVERAGE
RP11-123O10.1	LOW_COVERAGE
RP11-123O10.3	LOW_COVERAGE
RP11-123O10.4	LOW_COVERAGE
RP11-1246C19.1	LOW_COVERAGE
RP11-124A7.1	LOW_COVERAGE
RP11-124D2.3	LOW_COVERAGE
RP11-124D2.7	LOW_COVERAGE
RP11-124N14.3	LOW_COVERAGE
RP11-124N19.3	LOW_COVERAGE
RP11-124N2.1	LOW_COVERAGE
RP11-1250I15.1	LOW_COVERAGE
RP11-1250I15.2	LOW_COVERAGE
RP11-1250I15.3	LOW_COVERAGE
RP11-1252D15.1	LOW_COVERAGE
RP11-1252I4.2	LOW_COVERAGE
RP11-125H8.1	LOW_COVERAGE
RP11-1267H10.3	LOW_COVERAGE
RP11-1267H10.4	LOW_COVERAGE
RP11-126H7.4	LOW_COVERAGE
RP11-126K1.2	LOW_COVERAGE
RP11-126K1.6	LOW_COVERAGE
RP11-126K1.8	LOW_COVERAGE
RP11-126O1.4	LOW_COVERAGE
RP11-126O1.5	LOW_COVERAGE
RP11-1275H24.1	LOW_COVERAGE
RP11-1275H24.2	LOW_COVERAGE
RP11-1275H24.3	LOW_COVERAGE
RP11-1277A3.1	LOW_COVERAGE
RP11-1277A3.2	LOW_COVERAGE
RP11-1277A3.3	LOW_COVERAGE
RP11-127B20.2	LOW_COVERAGE
RP11-127B20.3	LOW_COVERAGE
RP11-127I20.5	LOW_COVERAGE
RP11-127I20.7	LOW_COVERAGE
RP11-127I20.8	LOW_COVERAGE
RP11-1280N14.3	LOW_COVERAGE
RP11-1281K21.1	LOW_COVERAGE
RP11-128A17.1	LOW_COVERAGE
RP11-128I7.1	LOW_COVERAGE
RP11-128L5.1	LOW_COVERAGE
RP11-128N14.4	LOW_COVERAGE
RP11-128N14.5	LOW_COVERAGE
RP11-1299A16.3	LOW_COVERAGE
RP11-129I19.2	LOW_COVERAGE
RP11-129M16.4	LOW_COVERAGE
RP11-129M6.1	LOW_COVERAGE
RP11-12A16.3	LOW_COVERAGE
RP11-12C17.2	LOW_COVERAGE
RP11-12G12.7	LOW_COVERAGE
RP11-12J10.3	LOW_COVERAGE
RP11-12J10.4	LOW_COVERAGE
RP11-12M5.4	LOW_COVERAGE
RP11-130F10.1	LOW_COVERAGE
RP11-1319K7.1	LOW_COVERAGE
RP11-131J3.1	LOW_COVERAGE
RP11-131K5.1	LOW_COVERAGE
RP11-131K5.2	LOW_COVERAGE
RP11-131L12.2	LOW_COVERAGE
RP11-131L12.3	LOW_COVERAGE
RP11-131L12.4	LOW_COVERAGE
RP11-131L23.1	LOW_COVERAGE
RP11-131M11.2	LOW_COVERAGE
RP11-131M11.3	LOW_COVERAGE
RP11-131N11.4	LOW_COVERAGE
RP11-132A1.4	LOW_COVERAGE
RP11-132F7.2	LOW_COVERAGE
RP11-1336O20.2	LOW_COVERAGE
RP11-133K1.7	LOW_COVERAGE
RP11-133K1.9	LOW_COVERAGE
RP11-133M8.3	LOW_COVERAGE
RP11-133N21.10	LOW_COVERAGE
RP11-1348G14.1	LOW_COVERAGE
RP11-1348G14.4	LOW_COVERAGE
RP11-1348G14.5	LOW_COVERAGE
RP11-1348G14.8	LOW_COVERAGE
RP11-134G8.10	LOW_COVERAGE
RP11-134G8.5	LOW_COVERAGE
RP11-134G8.6	LOW_COVERAGE
RP11-134G8.7	LOW_COVERAGE
RP11-134K13.2	LOW_COVERAGE
RP11-134K13.4	LOW_COVERAGE
RP11-134L10.1	LOW_COVERAGE
RP11-135A24.2	LOW_COVERAGE
RP11-135A24.4	LOW_COVERAGE
RP11-135F9.3	LOW_COVERAGE
RP11-135F9.4	LOW_COVERAGE
RP11-135J2.3	LOW_COVERAGE
RP11-135L13.4	LOW_COVERAGE
RP11-135N5.3	LOW_COVERAGE
RP11-1365D11.1	LOW_COVERAGE
RP11-136C24.1	LOW_COVERAGE
RP11-136C24.2	LOW_COVERAGE
RP11-136C24.3	LOW_COVERAGE
RP11-136H19.1	LOW_COVERAGE
RP11-136K7.1	LOW_COVERAGE
RP11-136K7.2	LOW_COVERAGE
RP11-136K7.3	LOW_COVERAGE
RP11-136L23.2	LOW_COVERAGE
RP11-1376P16.2	LOW_COVERAGE
RP11-1379J22.2	LOW_COVERAGE
RP11-1379J22.5	LOW_COVERAGE
RP11-137H15.3	LOW_COVERAGE
RP11-137H15.4	LOW_COVERAGE
RP11-137H2.4	LOW_COVERAGE
RP11-137J7.3	LOW_COVERAGE
RP11-137L10.5	LOW_COVERAGE
RP11-138A9.1	LOW_COVERAGE
RP11-138A9.2	LOW_COVERAGE
RP11-138C9.1	LOW_COVERAGE
RP11-138E16.1	LOW_COVERAGE
RP11-138E2.1	LOW_COVERAGE
RP11-138H11.1	LOW_COVERAGE
RP11-138H8.8	LOW_COVERAGE
RP11-138I1.3	LOW_COVERAGE
RP11-138I1.4	LOW_COVERAGE
RP11-138I18.1	LOW_COVERAGE
RP11-138J23.1	LOW_COVERAGE
RP11-138P22.1	LOW_COVERAGE
RP11-1391J7.1	LOW_COVERAGE
RP11-1396O13.2	LOW_COVERAGE
RP11-1399P15.1	LOW_COVERAGE
RP11-139E19.3	LOW_COVERAGE
RP11-139F4.2	LOW_COVERAGE
RP11-139H15.6	LOW_COVERAGE
RP11-139H15.7	LOW_COVERAGE
RP11-139K1.2	LOW_COVERAGE
RP11-13E5.2	LOW_COVERAGE
RP11-13N13.6	LOW_COVERAGE
RP11-140H17.1	LOW_COVERAGE
RP11-140H17.2	LOW_COVERAGE
RP11-140K17.3	LOW_COVERAGE
RP11-140L24.4	LOW_COVERAGE
RP11-1415C14.3	LOW_COVERAGE
RP11-1415C14.4	LOW_COVERAGE
RP11-141A19.1	LOW_COVERAGE
RP11-141B14.1	LOW_COVERAGE
RP11-141B14.2	LOW_COVERAGE
RP11-141C7.3	LOW_COVERAGE
RP11-141C7.4	LOW_COVERAGE
RP11-141C7.5	LOW_COVERAGE
RP11-141M1.1	LOW_COVERAGE
RP11-141M1.3	LOW_COVERAGE
RP11-141M1.4	LOW_COVERAGE
RP11-141M3.6	LOW_COVERAGE
RP11-141O11.2	LOW_COVERAGE
RP11-141O15.1	LOW_COVERAGE
RP11-142C4.4	LOW_COVERAGE
RP11-142C4.5	LOW_COVERAGE
RP11-142C4.6	LOW_COVERAGE
RP11-142E9.1	LOW_COVERAGE
RP11-142L1.1	LOW_COVERAGE
RP11-142L16.2	LOW_COVERAGE
RP11-142L4.3	LOW_COVERAGE
RP11-142O6.1	LOW_COVERAGE
RP11-143I21.1	LOW_COVERAGE
RP11-143J12.3	LOW_COVERAGE
RP11-143K11.5	LOW_COVERAGE
RP11-143K11.7	LOW_COVERAGE
RP11-144C15.1	LOW_COVERAGE
RP11-144F15.1	LOW_COVERAGE
RP11-144G6.12	LOW_COVERAGE
RP11-144G6.4	LOW_COVERAGE
RP11-144G7.2	LOW_COVERAGE
RP11-144H23.2	LOW_COVERAGE
RP11-144I2.1	LOW_COVERAGE
RP11-144L1.8	LOW_COVERAGE
RP11-144O23.22	LOW_COVERAGE
RP11-144O23.8	LOW_COVERAGE
RP11-145E5.5	LOW_COVERAGE
RP11-145M9.5	LOW_COVERAGE
RP11-145M9.6	LOW_COVERAGE
RP11-146B14.1	LOW_COVERAGE
RP11-146D12.2	LOW_COVERAGE
RP11-146E13.4	LOW_COVERAGE
RP11-146F11.1	LOW_COVERAGE
RP11-146F11.5	LOW_COVERAGE
RP11-146I2.1	LOW_COVERAGE
RP11-146N18.1	LOW_COVERAGE
RP11-146N23.1	LOW_COVERAGE
RP11-146N23.4	LOW_COVERAGE
RP11-147G7.3	LOW_COVERAGE
RP11-147I3.1	LOW_COVERAGE
RP11-147L13.11	LOW_COVERAGE
RP11-147L13.12	LOW_COVERAGE
RP11-147L13.13	LOW_COVERAGE
RP11-147L13.14	LOW_COVERAGE
RP11-147L13.15	LOW_COVERAGE
RP11-147L13.2	LOW_COVERAGE
RP11-147L13.7	LOW_COVERAGE
RP11-147L13.8	LOW_COVERAGE
RP11-148B6.1	LOW_COVERAGE
RP11-148E17.1	LOW_COVERAGE
RP11-148K1.10	LOW_COVERAGE
RP11-148K1.12	LOW_COVERAGE
RP11-148O21.3	LOW_COVERAGE
RP11-148O21.4	LOW_COVERAGE
RP11-148O21.6	LOW_COVERAGE
RP11-149I2.4	LOW_COVERAGE
RP11-14N7.2	LOW_COVERAGE
RP11-14N9.1	LOW_COVERAGE
RP11-150O12.3	LOW_COVERAGE
RP11-150O12.6	LOW_COVERAGE
RP11-151A10.3	LOW_COVERAGE
RP11-151A6.4	LOW_COVERAGE
RP11-151A6.6	LOW_COVERAGE
RP11-151N17.1	LOW_COVERAGE
RP11-152C15.1	LOW_COVERAGE
RP11-152F13.10	LOW_COVERAGE
RP11-152F13.8	LOW_COVERAGE
RP11-152H18.3	LOW_COVERAGE
RP11-152H18.4	LOW_COVERAGE
RP11-152N13.16	LOW_COVERAGE
RP11-152N13.5	LOW_COVERAGE
RP11-152P23.2	LOW_COVERAGE
RP11-153F5.7	LOW_COVERAGE
RP11-153I24.4	LOW_COVERAGE
RP11-153M3.1	LOW_COVERAGE
RP11-154D6.1	LOW_COVERAGE
RP11-154H23.3	LOW_COVERAGE
RP11-154H23.4	LOW_COVERAGE
RP11-154H23.5	LOW_COVERAGE
RP11-154J22.1	LOW_COVERAGE
RP11-155D18.12	LOW_COVERAGE
RP11-155G14.5	LOW_COVERAGE
RP11-155G14.6	LOW_COVERAGE
RP11-155O18.6	LOW_COVERAGE
RP11-156E6.1	LOW_COVERAGE
RP11-156E8.1	LOW_COVERAGE
RP11-156K13.1	LOW_COVERAGE
RP11-156K23.3	LOW_COVERAGE
RP11-156P1.2	LOW_COVERAGE
RP11-156P1.3	LOW_COVERAGE
RP11-157B13.10	LOW_COVERAGE
RP11-157G21.2	LOW_COVERAGE
RP11-157K17.5	LOW_COVERAGE
RP11-157P1.4	LOW_COVERAGE
RP11-158G18.1	LOW_COVERAGE
RP11-158H5.2	LOW_COVERAGE
RP11-158H5.7	LOW_COVERAGE
RP11-158H5.8	LOW_COVERAGE
RP11-158I13.2	LOW_COVERAGE
RP11-158I9.8	LOW_COVERAGE
RP11-158K1.3	LOW_COVERAGE
RP11-158L12.4	LOW_COVERAGE
RP11-158M2.2	LOW_COVERAGE
RP11-158M2.3	LOW_COVERAGE
RP11-158M2.4	LOW_COVERAGE
RP11-158M2.5	LOW_COVERAGE
RP11-159D12.11	LOW_COVERAGE
RP11-159D12.2	LOW_COVERAGE
RP11-159D12.5	LOW_COVERAGE
RP11-159D12.6	LOW_COVERAGE
RP11-159D12.8	LOW_COVERAGE
RP11-159D8.2	LOW_COVERAGE
RP11-159F24.3	LOW_COVERAGE
RP11-159F24.5	LOW_COVERAGE
RP11-159F24.6	LOW_COVERAGE
RP11-159G9.5	LOW_COVERAGE
RP11-159H22.2	LOW_COVERAGE
RP11-159J3.1	LOW_COVERAGE
RP11-159L20.2	LOW_COVERAGE
RP11-159M11.2	LOW_COVERAGE
RP11-159N11.4	LOW_COVERAGE
RP11-15A1.2	LOW_COVERAGE
RP11-15A1.3	LOW_COVERAGE
RP11-15A1.4	LOW_COVERAGE
RP11-15A1.7	LOW_COVERAGE
RP11-15A1.8	LOW_COVERAGE
RP11-15B17.1	LOW_COVERAGE
RP11-15B17.4	LOW_COVERAGE
RP11-15E18.1	LOW_COVERAGE
RP11-15E18.5	LOW_COVERAGE
RP11-15F12.1	LOW_COVERAGE
RP11-15F12.3	LOW_COVERAGE
RP11-15H20.6	LOW_COVERAGE
RP11-15H20.7	LOW_COVERAGE
RP11-15I11.3	LOW_COVERAGE
RP11-15I20.1	LOW_COVERAGE
RP11-15J10.1	LOW_COVERAGE
RP11-15K19.2	LOW_COVERAGE
RP11-15L13.4	LOW_COVERAGE
RP11-15N24.4	LOW_COVERAGE
RP11-160A9.3	LOW_COVERAGE
RP11-160C18.2	LOW_COVERAGE
RP11-160E2.6	LOW_COVERAGE
RP11-160H12.2	LOW_COVERAGE
RP11-160O5.1	LOW_COVERAGE
RP11-161D15.1	LOW_COVERAGE
RP11-161D15.2	LOW_COVERAGE
RP11-161D15.3	LOW_COVERAGE
RP11-161H23.10	LOW_COVERAGE
RP11-161H23.5	LOW_COVERAGE
RP11-161H23.9	LOW_COVERAGE
RP11-161I10.1	LOW_COVERAGE
RP11-161I2.1	LOW_COVERAGE
RP11-161I6.2	LOW_COVERAGE
RP11-161M6.2	LOW_COVERAGE
RP11-161M6.6	LOW_COVERAGE
RP11-162A12.2	LOW_COVERAGE
RP11-162A12.3	LOW_COVERAGE
RP11-162A12.4	LOW_COVERAGE
RP11-162G10.1	LOW_COVERAGE
RP11-162G10.5	LOW_COVERAGE
RP11-162I7.2	LOW_COVERAGE
RP11-162J8.2	LOW_COVERAGE
RP11-162P23.2	LOW_COVERAGE
RP11-163E9.1	LOW_COVERAGE
RP11-163E9.2	LOW_COVERAGE
RP11-164J13.1	LOW_COVERAGE
RP11-164P12.3	LOW_COVERAGE
RP11-164P12.4	LOW_COVERAGE
RP11-164P12.5	LOW_COVERAGE
RP11-165D6.1	LOW_COVERAGE
RP11-165E7.1	LOW_COVERAGE
RP11-165F24.2	LOW_COVERAGE
RP11-165F24.3	LOW_COVERAGE
RP11-165H4.2	LOW_COVERAGE
RP11-165J3.6	LOW_COVERAGE
RP11-166B2.1	LOW_COVERAGE
RP11-166B2.3	LOW_COVERAGE
RP11-166B2.5	LOW_COVERAGE
RP11-166B2.8	LOW_COVERAGE
RP11-166N17.1	LOW_COVERAGE
RP11-166N17.3	LOW_COVERAGE
RP11-166N6.1	LOW_COVERAGE
RP11-166N6.3	LOW_COVERAGE
RP11-166O4.6	LOW_COVERAGE
RP11-166P13.3	LOW_COVERAGE
RP11-166P13.4	LOW_COVERAGE
RP11-167H9.3	LOW_COVERAGE
RP11-167N4.2	LOW_COVERAGE
RP11-167N5.5	LOW_COVERAGE
RP11-168F9.2	LOW_COVERAGE
RP11-168J18.6	LOW_COVERAGE
RP11-168K11.2	LOW_COVERAGE
RP11-169E6.1	LOW_COVERAGE
RP11-169F17.1	LOW_COVERAGE
RP11-169K16.8	LOW_COVERAGE
RP11-169K17.3	LOW_COVERAGE
RP11-169K17.4	LOW_COVERAGE
RP11-16B13.1	LOW_COVERAGE
RP11-16B9.1	LOW_COVERAGE
RP11-16C1.1	LOW_COVERAGE
RP11-16C1.2	LOW_COVERAGE
RP11-16C1.3	LOW_COVERAGE
RP11-16C18.3	LOW_COVERAGE
RP11-16D22.2	LOW_COVERAGE
RP11-16E12.1	LOW_COVERAGE
RP11-16E18.3	LOW_COVERAGE
RP11-16E23.3	LOW_COVERAGE
RP11-16E23.4	LOW_COVERAGE
RP11-16E23.5	LOW_COVERAGE
RP11-16K12.1	LOW_COVERAGE
RP11-16K12.2	LOW_COVERAGE
RP11-16L14.2	LOW_COVERAGE
RP11-16N11.2	LOW_COVERAGE
RP11-16P20.3	LOW_COVERAGE
RP11-16P20.4	LOW_COVERAGE
RP11-16P6.1	LOW_COVERAGE
RP11-170M17.2	LOW_COVERAGE
RP11-171G2.1	LOW_COVERAGE
RP11-171I2.2	LOW_COVERAGE
RP11-171I2.3	LOW_COVERAGE
RP11-171I2.4	LOW_COVERAGE
RP11-171I2.5	LOW_COVERAGE
RP11-172E10.1	LOW_COVERAGE
RP11-172F4.2	LOW_COVERAGE
RP11-172H24.4	LOW_COVERAGE
RP11-173A16.1	LOW_COVERAGE
RP11-173A16.2	LOW_COVERAGE
RP11-173A6.2	LOW_COVERAGE
RP11-173A8.2	LOW_COVERAGE
RP11-173G21.1	LOW_COVERAGE
RP11-173M1.4	LOW_COVERAGE
RP11-173M1.5	LOW_COVERAGE
RP11-173M1.8	LOW_COVERAGE
RP11-173P15.3	LOW_COVERAGE
RP11-173P15.5	LOW_COVERAGE
RP11-173P15.9	LOW_COVERAGE
RP11-174F8.1	LOW_COVERAGE
RP11-174G17	LOW_COVERAGE
RP11-174G17.3	LOW_COVERAGE
RP11-174G6.1	LOW_COVERAGE
RP11-174G6.5	LOW_COVERAGE
RP11-174O3.3	LOW_COVERAGE
RP11-175B9.2	LOW_COVERAGE
RP11-175B9.3	LOW_COVERAGE
RP11-175O19.4	LOW_COVERAGE
RP11-175P13.2	LOW_COVERAGE
RP11-175P13.3	LOW_COVERAGE
RP11-176D17.3	LOW_COVERAGE
RP11-176H8.1	LOW_COVERAGE
RP11-177A2.5	LOW_COVERAGE
RP11-177B4.1	LOW_COVERAGE
RP11-177C12.1	LOW_COVERAGE
RP11-177F15.1	LOW_COVERAGE
RP11-177G23.1	LOW_COVERAGE
RP11-177H13.2	LOW_COVERAGE
RP11-177N22.2	LOW_COVERAGE
RP11-177N22.3	LOW_COVERAGE
RP11-178C3.1	LOW_COVERAGE
RP11-178C3.2	LOW_COVERAGE
RP11-178C3.6	LOW_COVERAGE
RP11-178C3.8	LOW_COVERAGE
RP11-178F10.1	LOW_COVERAGE
RP11-178H8.7	LOW_COVERAGE
RP11-178L8.3	LOW_COVERAGE
RP11-178L8.4	LOW_COVERAGE
RP11-178L8.7	LOW_COVERAGE
RP11-178L8.8	LOW_COVERAGE
RP11-178L8.9	LOW_COVERAGE
RP11-179A7.2	LOW_COVERAGE
RP11-179B15.5	LOW_COVERAGE
RP11-179B2.2	LOW_COVERAGE
RP11-179G5.1	LOW_COVERAGE
RP11-17A1.3	LOW_COVERAGE
RP11-17E2.2	LOW_COVERAGE
RP11-17G12.2	LOW_COVERAGE
RP11-17G12.3	LOW_COVERAGE
RP11-17J14.2	LOW_COVERAGE
RP11-17M16.2	LOW_COVERAGE
RP11-17P16.1	LOW_COVERAGE
RP11-17P16.2	LOW_COVERAGE
RP11-180C16.1	LOW_COVERAGE
RP11-180D21.3	LOW_COVERAGE
RP11-180K7.1	LOW_COVERAGE
RP11-180M15.6	LOW_COVERAGE
RP11-180M15.7	LOW_COVERAGE
RP11-180P8.1	LOW_COVERAGE
RP11-180P8.3	LOW_COVERAGE
RP11-180P8.4	LOW_COVERAGE
RP11-181B11.2	LOW_COVERAGE
RP11-181C21.4	LOW_COVERAGE
RP11-181C3.1	LOW_COVERAGE
RP11-181D18.4	LOW_COVERAGE
RP11-181G12.2	LOW_COVERAGE
RP11-181K12.1	LOW_COVERAGE
RP11-181K12.2	LOW_COVERAGE
RP11-181K3.4	LOW_COVERAGE
RP11-182B22.2	LOW_COVERAGE
RP11-182I10.1	LOW_COVERAGE
RP11-182I10.2	LOW_COVERAGE
RP11-182J1.1	LOW_COVERAGE
RP11-182J1.12	LOW_COVERAGE
RP11-182J1.17	LOW_COVERAGE
RP11-182J1.3	LOW_COVERAGE
RP11-182J1.5	LOW_COVERAGE
RP11-182L21.5	LOW_COVERAGE
RP11-182L21.6	LOW_COVERAGE
RP11-182N22.8	LOW_COVERAGE
RP11-182N22.9	LOW_COVERAGE
RP11-184E9.4	LOW_COVERAGE
RP11-184I16.4	LOW_COVERAGE
RP11-184J23.2	LOW_COVERAGE
RP11-185E12.2	LOW_COVERAGE
RP11-185E8.2	LOW_COVERAGE
RP11-186B7.4	LOW_COVERAGE
RP11-186N15.3	LOW_COVERAGE
RP11-187A9.3	LOW_COVERAGE
RP11-187C18.3	LOW_COVERAGE
RP11-188C12.2	LOW_COVERAGE
RP11-188D8.1	LOW_COVERAGE
RP11-188P20.3	LOW_COVERAGE
RP11-18B16.2	LOW_COVERAGE
RP11-18B3.2	LOW_COVERAGE
RP11-18B3.3	LOW_COVERAGE
RP11-18C24.8	LOW_COVERAGE
RP11-18D7.2	LOW_COVERAGE
RP11-18F14.4	LOW_COVERAGE
RP11-18H7.1	LOW_COVERAGE
RP11-18I14.11	LOW_COVERAGE
RP11-18O15.1	LOW_COVERAGE
RP11-190A12.7	LOW_COVERAGE
RP11-190A12.8	LOW_COVERAGE
RP11-190C22.8	LOW_COVERAGE
RP11-190D6.1	LOW_COVERAGE
RP11-190D6.2	LOW_COVERAGE
RP11-191G24.1	LOW_COVERAGE
RP11-191L17.1	LOW_COVERAGE
RP11-191L9.4	LOW_COVERAGE
RP11-191L9.5	LOW_COVERAGE
RP11-192H23.4	LOW_COVERAGE
RP11-192H23.5	LOW_COVERAGE
RP11-192H23.6	LOW_COVERAGE
RP11-192H23.7	LOW_COVERAGE
RP11-192H23.8	LOW_COVERAGE
RP11-192M23.1	LOW_COVERAGE
RP11-193F5.1	LOW_COVERAGE
RP11-193F5.4	LOW_COVERAGE
RP11-193I22.2	LOW_COVERAGE
RP11-193P11.3	LOW_COVERAGE
RP11-195B17.1	LOW_COVERAGE
RP11-195B21.3	LOW_COVERAGE
RP11-195C7.1	LOW_COVERAGE
RP11-195E2.1	LOW_COVERAGE
RP11-195E2.4	LOW_COVERAGE
RP11-195F19.29	LOW_COVERAGE
RP11-195F19.30	LOW_COVERAGE
RP11-195F19.5	LOW_COVERAGE
RP11-195F19.9	LOW_COVERAGE
RP11-195O1.5	LOW_COVERAGE
RP11-196B3.2	LOW_COVERAGE
RP11-196G11.1	LOW_COVERAGE
RP11-196G11.3	LOW_COVERAGE
RP11-196G11.4	LOW_COVERAGE
RP11-196G11.5	LOW_COVERAGE
RP11-196G11.6	LOW_COVERAGE
RP11-196G18.22	LOW_COVERAGE
RP11-196G18.23	LOW_COVERAGE
RP11-196G18.24	LOW_COVERAGE
RP11-196G18.3	LOW_COVERAGE
RP11-196H14.2	LOW_COVERAGE
RP11-196H14.3	LOW_COVERAGE
RP11-196H14.4	LOW_COVERAGE
RP11-196I18.3	LOW_COVERAGE
RP11-197K3.1	LOW_COVERAGE
RP11-197K6.1	LOW_COVERAGE
RP11-197M22.2	LOW_COVERAGE
RP11-197N18.2	LOW_COVERAGE
RP11-197N18.8	LOW_COVERAGE
RP11-197P3.5	LOW_COVERAGE
RP11-198M15.1	LOW_COVERAGE
RP11-199F11.2	LOW_COVERAGE
RP11-19C24.1	LOW_COVERAGE
RP11-19E18.2	LOW_COVERAGE
RP11-19F9.1	LOW_COVERAGE
RP11-19G24.1	LOW_COVERAGE
RP11-19G24.2	LOW_COVERAGE
RP11-1B20.1	LOW_COVERAGE
RP11-1C8.4	LOW_COVERAGE
RP11-1C8.5	LOW_COVERAGE
RP11-1C8.6	LOW_COVERAGE
RP11-1C8.7	LOW_COVERAGE
RP11-1E1.2	LOW_COVERAGE
RP11-1E4.1	LOW_COVERAGE
RP11-1H15.2	LOW_COVERAGE
RP11-1H8.5	LOW_COVERAGE
RP11-1M18.1	LOW_COVERAGE
RP11-201K10.3	LOW_COVERAGE
RP11-201O14.1	LOW_COVERAGE
RP11-201O14.2	LOW_COVERAGE
RP11-202D18.2	LOW_COVERAGE
RP11-202K23.1	LOW_COVERAGE
RP11-203B9.4	LOW_COVERAGE
RP11-203F10.5	LOW_COVERAGE
RP11-203F10.6	LOW_COVERAGE
RP11-203J24.8	LOW_COVERAGE
RP11-203J24.9	LOW_COVERAGE
RP11-203L2.3	LOW_COVERAGE
RP11-203M5.2	LOW_COVERAGE
RP11-203M5.7	LOW_COVERAGE
RP11-203M5.8	LOW_COVERAGE
RP11-204C16.4	LOW_COVERAGE
RP11-204K16.1	LOW_COVERAGE
RP11-204L24.2	LOW_COVERAGE
RP11-204M4.2	LOW_COVERAGE
RP11-205M5.3	LOW_COVERAGE
RP11-206F17.2	LOW_COVERAGE
RP11-206L10.1	LOW_COVERAGE
RP11-206L10.2	LOW_COVERAGE
RP11-206L10.3	LOW_COVERAGE
RP11-206L10.5	LOW_COVERAGE
RP11-206L10.8	LOW_COVERAGE
RP11-206L10.9	LOW_COVERAGE
RP11-206M11.7	LOW_COVERAGE
RP11-207C16.4	LOW_COVERAGE
RP11-208G20.2	LOW_COVERAGE
RP11-208G20.3	LOW_COVERAGE
RP11-208N14.4	LOW_COVERAGE
RP11-209D14.4	LOW_COVERAGE
RP11-209M4.1	LOW_COVERAGE
RP11-20B24.4	LOW_COVERAGE
RP11-20B24.5	LOW_COVERAGE
RP11-20B24.6	LOW_COVERAGE
RP11-20B24.7	LOW_COVERAGE
RP11-20B7.1	LOW_COVERAGE
RP11-20E24.1	LOW_COVERAGE
RP11-20F24.2	LOW_COVERAGE
RP11-20G6.1	LOW_COVERAGE
RP11-20G6.3	LOW_COVERAGE
RP11-20I20.4	LOW_COVERAGE
RP11-20I23.1	LOW_COVERAGE
RP11-20I23.13	LOW_COVERAGE
RP11-20I23.2	LOW_COVERAGE
RP11-20I23.3	LOW_COVERAGE
RP11-20I23.5	LOW_COVERAGE
RP11-20I23.6	LOW_COVERAGE
RP11-20I23.8	LOW_COVERAGE
RP11-20O24.4	LOW_COVERAGE
RP11-210K20.2	LOW_COVERAGE
RP11-210M15.1	LOW_COVERAGE
RP11-210M15.2	LOW_COVERAGE
RP11-210N13.1	LOW_COVERAGE
RP11-210N13.4	LOW_COVERAGE
RP11-211A18.1	LOW_COVERAGE
RP11-211A18.2	LOW_COVERAGE
RP11-211C9.1	LOW_COVERAGE
RP11-211G3.2	LOW_COVERAGE
RP11-211G3.3	LOW_COVERAGE
RP11-211N11.5	LOW_COVERAGE
RP11-211N8.2	LOW_COVERAGE
RP11-212D19.4	LOW_COVERAGE
RP11-212D19.5	LOW_COVERAGE
RP11-212I21.4	LOW_COVERAGE
RP11-212P7.1	LOW_COVERAGE
RP11-212P7.2	LOW_COVERAGE
RP11-212P7.3	LOW_COVERAGE
RP11-213G2.2	LOW_COVERAGE
RP11-213G2.3	LOW_COVERAGE
RP11-213G21.2	LOW_COVERAGE
RP11-214D15.2	LOW_COVERAGE
RP11-214F16.8	LOW_COVERAGE
RP11-214J9.1	LOW_COVERAGE
RP11-214K3.18	LOW_COVERAGE
RP11-214K3.19	LOW_COVERAGE
RP11-214K3.20	LOW_COVERAGE
RP11-214K3.21	LOW_COVERAGE
RP11-214K3.22	LOW_COVERAGE
RP11-214K3.23	LOW_COVERAGE
RP11-214K3.24	LOW_COVERAGE
RP11-214K3.25	LOW_COVERAGE
RP11-214K3.5	LOW_COVERAGE
RP11-214N9.1	LOW_COVERAGE
RP11-214O1.2	LOW_COVERAGE
RP11-214O14.1	LOW_COVERAGE
RP11-215A21.2	LOW_COVERAGE
RP11-215P8.2	LOW_COVERAGE
RP11-215P8.3	LOW_COVERAGE
RP11-216B9.6	LOW_COVERAGE
RP11-216B9.9	LOW_COVERAGE
RP11-216L13.17	LOW_COVERAGE
RP11-216L13.18	LOW_COVERAGE
RP11-216L13.19	LOW_COVERAGE
RP11-216L13.21	LOW_COVERAGE
RP11-216M21.1	LOW_COVERAGE
RP11-216N14.5	LOW_COVERAGE
RP11-216N14.7	LOW_COVERAGE
RP11-216N14.8	LOW_COVERAGE
RP11-216N14.9	LOW_COVERAGE
RP11-217B1.2	LOW_COVERAGE
RP11-217B7.2	LOW_COVERAGE
RP11-218C14.8	LOW_COVERAGE
RP11-218D6.4	LOW_COVERAGE
RP11-218E20.5	LOW_COVERAGE
RP11-218F10.3	LOW_COVERAGE
RP11-218M22.1	LOW_COVERAGE
RP11-219A15.1	LOW_COVERAGE
RP11-219A15.4	LOW_COVERAGE
RP11-219B4.3	LOW_COVERAGE
RP11-219B4.5	LOW_COVERAGE
RP11-219B4.7	LOW_COVERAGE
RP11-219D15.3	LOW_COVERAGE
RP11-21A7A.3	LOW_COVERAGE
RP11-21G15.1	LOW_COVERAGE
RP11-21J18.1	LOW_COVERAGE
RP11-21K12.2	LOW_COVERAGE
RP11-21K12.3	LOW_COVERAGE
RP11-21L23.2	LOW_COVERAGE
RP11-21L23.3	LOW_COVERAGE
RP11-21M24.3	LOW_COVERAGE
RP11-21M7.2	LOW_COVERAGE
RP11-220I1.2	LOW_COVERAGE
RP11-221N13.3	LOW_COVERAGE
RP11-223C24.1	LOW_COVERAGE
RP11-223C24.2	LOW_COVERAGE
RP11-223I10.1	LOW_COVERAGE
RP11-223P11.2	LOW_COVERAGE
RP11-223P11.3	LOW_COVERAGE
RP11-225B17.2	LOW_COVERAGE
RP11-225H22.7	LOW_COVERAGE
RP11-225N10.3	LOW_COVERAGE
RP11-226L15.5	LOW_COVERAGE
RP11-226M10.3	LOW_COVERAGE
RP11-227D13.2	LOW_COVERAGE
RP11-227D13.4	LOW_COVERAGE
RP11-227F19.5	LOW_COVERAGE
RP11-227G15.10	LOW_COVERAGE
RP11-227G15.11	LOW_COVERAGE
RP11-227G15.12	LOW_COVERAGE
RP11-227G15.3	LOW_COVERAGE
RP11-227G15.8	LOW_COVERAGE
RP11-227G15.9	LOW_COVERAGE
RP11-228B15.4	LOW_COVERAGE
RP11-228M15.1	LOW_COVERAGE
RP11-229D13.3	LOW_COVERAGE
RP11-229E13.4	LOW_COVERAGE
RP11-229P13.2	LOW_COVERAGE
RP11-229P13.22	LOW_COVERAGE
RP11-229P13.23	LOW_COVERAGE
RP11-229P13.25	LOW_COVERAGE
RP11-229P13.27	LOW_COVERAGE
RP11-22A3.2	LOW_COVERAGE
RP11-22B10.3	LOW_COVERAGE
RP11-22B23.1	LOW_COVERAGE
RP11-22C11.1	LOW_COVERAGE
RP11-22C11.2	LOW_COVERAGE
RP11-22N19.2	LOW_COVERAGE
RP11-22P4.1	LOW_COVERAGE
RP11-22P6.2	LOW_COVERAGE
RP11-22P6.3	LOW_COVERAGE
RP11-230B22.1	LOW_COVERAGE
RP11-230C9.2	LOW_COVERAGE
RP11-230C9.3	LOW_COVERAGE
RP11-230F18.5	LOW_COVERAGE
RP11-230F18.6	LOW_COVERAGE
RP11-230G5.2	LOW_COVERAGE
RP11-230L22.4	LOW_COVERAGE
RP11-231C14.4	LOW_COVERAGE
RP11-231C18.3	LOW_COVERAGE
RP11-231E19.1	LOW_COVERAGE
RP11-231E4.5	LOW_COVERAGE
RP11-231G3.1	LOW_COVERAGE
RP11-231I16.1	LOW_COVERAGE
RP11-231L11.3	LOW_COVERAGE
RP11-232D9.1	LOW_COVERAGE
RP11-233E12.1	LOW_COVERAGE
RP11-233E12.2	LOW_COVERAGE
RP11-233E12.4	LOW_COVERAGE
RP11-234A1.1	LOW_COVERAGE
RP11-234B24.2	LOW_COVERAGE
RP11-234B24.6	LOW_COVERAGE
RP11-234K24.3	LOW_COVERAGE
RP11-234K24.6	LOW_COVERAGE
RP11-234O6.2	LOW_COVERAGE
RP11-235C23.5	LOW_COVERAGE
RP11-235E17.3	LOW_COVERAGE
RP11-235E17.4	LOW_COVERAGE
RP11-235E17.5	LOW_COVERAGE
RP11-235E17.6	LOW_COVERAGE
RP11-236L14.1	LOW_COVERAGE
RP11-239E10.2	LOW_COVERAGE
RP11-239L20.6	LOW_COVERAGE
RP11-23F23.2	LOW_COVERAGE
RP11-23J18.1	LOW_COVERAGE
RP11-23J9.4	LOW_COVERAGE
RP11-23J9.5	LOW_COVERAGE
RP11-23J9.6	LOW_COVERAGE
RP11-23J9.7	LOW_COVERAGE
RP11-23N2.4	LOW_COVERAGE
RP11-23P13.4	LOW_COVERAGE
RP11-23P13.6	LOW_COVERAGE
RP11-240G22.5	LOW_COVERAGE
RP11-241F15.1	LOW_COVERAGE
RP11-241F15.10	LOW_COVERAGE
RP11-241F15.3	LOW_COVERAGE
RP11-241J12.3	LOW_COVERAGE
RP11-242C19.2	LOW_COVERAGE
RP11-242D8.1	LOW_COVERAGE
RP11-242O24.3	LOW_COVERAGE
RP11-242P2.1	LOW_COVERAGE
RP11-243J16.7	LOW_COVERAGE
RP11-244F12.2	LOW_COVERAGE
RP11-244F12.3	LOW_COVERAGE
RP11-244H3.1	LOW_COVERAGE
RP11-244H3.4	LOW_COVERAGE
RP11-244J10.1	LOW_COVERAGE
RP11-244M2.1	LOW_COVERAGE
RP11-244N20.7	LOW_COVERAGE
RP11-244N9.4	LOW_COVERAGE
RP11-244O19.1	LOW_COVERAGE
RP11-245C17.2	LOW_COVERAGE
RP11-245D16.4	LOW_COVERAGE
RP11-245J9.4	LOW_COVERAGE
RP11-245J9.5	LOW_COVERAGE
RP11-245J9.6	LOW_COVERAGE
RP11-245P10.4	LOW_COVERAGE
RP11-245P10.8	LOW_COVERAGE
RP11-246E12.2	LOW_COVERAGE
RP11-247A12.1	LOW_COVERAGE
RP11-247A12.2	LOW_COVERAGE
RP11-247A12.8	LOW_COVERAGE
RP11-247I13.11	LOW_COVERAGE
RP11-247I13.3	LOW_COVERAGE
RP11-247L20.4	LOW_COVERAGE
RP11-248B24.1	LOW_COVERAGE
RP11-248B24.5	LOW_COVERAGE
RP11-248C1.3	LOW_COVERAGE
RP11-248G5.8	LOW_COVERAGE
RP11-248J18.2	LOW_COVERAGE
RP11-248J18.3	LOW_COVERAGE
RP11-248J23.6	LOW_COVERAGE
RP11-248J23.7	LOW_COVERAGE
RP11-24C3.2	LOW_COVERAGE
RP11-24N18.1	LOW_COVERAGE
RP11-250B2.3	LOW_COVERAGE
RP11-250B2.4	LOW_COVERAGE
RP11-250B2.5	LOW_COVERAGE
RP11-250B2.6	LOW_COVERAGE
RP11-251G23.5	LOW_COVERAGE
RP11-252A24.2	LOW_COVERAGE
RP11-252A24.3	LOW_COVERAGE
RP11-252E2.1	LOW_COVERAGE
RP11-252I14.1	LOW_COVERAGE
RP11-252I14.2	LOW_COVERAGE
RP11-252K23.2	LOW_COVERAGE
RP11-252P18.1	LOW_COVERAGE
RP11-252P19.1	LOW_COVERAGE
RP11-253A20.1	LOW_COVERAGE
RP11-253E3.1	LOW_COVERAGE
RP11-253E3.3	LOW_COVERAGE
RP11-253I19.3	LOW_COVERAGE
RP11-253M7.1	LOW_COVERAGE
RP11-253M7.3	LOW_COVERAGE
RP11-253M7.4	LOW_COVERAGE
RP11-254A24.2	LOW_COVERAGE
RP11-254B13.1	LOW_COVERAGE
RP11-254B13.4	LOW_COVERAGE
RP11-254F7.2	LOW_COVERAGE
RP11-254F7.3	LOW_COVERAGE
RP11-254F7.4	LOW_COVERAGE
RP11-255A11.4	LOW_COVERAGE
RP11-255B23.1	LOW_COVERAGE
RP11-255C15.3	LOW_COVERAGE
RP11-255E6.5	LOW_COVERAGE
RP11-255E6.6	LOW_COVERAGE
RP11-255H23.2	LOW_COVERAGE
RP11-255H23.4	LOW_COVERAGE
RP11-255H23.5	LOW_COVERAGE
RP11-255P5.2	LOW_COVERAGE
RP11-256I23.2	LOW_COVERAGE
RP11-256L11.3	LOW_COVERAGE
RP11-256L6.2	LOW_COVERAGE
RP11-256L6.3	LOW_COVERAGE
RP11-256P1.1	LOW_COVERAGE
RP11-257O5.2	LOW_COVERAGE
RP11-257O5.4	LOW_COVERAGE
RP11-258C19.4	LOW_COVERAGE
RP11-258C19.7	LOW_COVERAGE
RP11-258F1.1	LOW_COVERAGE
RP11-258F1.2	LOW_COVERAGE
RP11-258F22.1	LOW_COVERAGE
RP11-259A24.1	LOW_COVERAGE
RP11-259F16.3	LOW_COVERAGE
RP11-259G18.1	LOW_COVERAGE
RP11-259K5.2	LOW_COVERAGE
RP11-259N19.1	LOW_COVERAGE
RP11-259P15.4	LOW_COVERAGE
RP11-25C19.3	LOW_COVERAGE
RP11-25D10.2	LOW_COVERAGE
RP11-25H12.1	LOW_COVERAGE
RP11-25J3.2	LOW_COVERAGE
RP11-260E18.1	LOW_COVERAGE
RP11-260M2.1	LOW_COVERAGE
RP11-261C10.4	LOW_COVERAGE
RP11-261C10.5	LOW_COVERAGE
RP11-261P13.6	LOW_COVERAGE
RP11-261P9.4	LOW_COVERAGE
RP11-262A16.1	LOW_COVERAGE
RP11-262H14.3	LOW_COVERAGE
RP11-262H14.4	LOW_COVERAGE
RP11-262H14.5	LOW_COVERAGE
RP11-263C24.1	LOW_COVERAGE
RP11-263C24.3	LOW_COVERAGE
RP11-263K19.4	LOW_COVERAGE
RP11-263K19.6	LOW_COVERAGE
RP11-263K4.1	LOW_COVERAGE
RP11-264B14.1	LOW_COVERAGE
RP11-264B14.2	LOW_COVERAGE
RP11-264B17.2	LOW_COVERAGE
RP11-264B17.3	LOW_COVERAGE
RP11-264B17.4	LOW_COVERAGE
RP11-264F23.1	LOW_COVERAGE
RP11-264I13.2	LOW_COVERAGE
RP11-264J4.8	LOW_COVERAGE
RP11-264L1.1	LOW_COVERAGE
RP11-264L1.2	LOW_COVERAGE
RP11-264L1.3	LOW_COVERAGE
RP11-264L1.4	LOW_COVERAGE
RP11-264M12.2	LOW_COVERAGE
RP11-265D17.2	LOW_COVERAGE
RP11-265E18.1	LOW_COVERAGE
RP11-265F19.1	LOW_COVERAGE
RP11-265N6.1	LOW_COVERAGE
RP11-265N6.2	LOW_COVERAGE
RP11-265N7.1	LOW_COVERAGE
RP11-265N7.2	LOW_COVERAGE
RP11-266A24.1	LOW_COVERAGE
RP11-266E6.3	LOW_COVERAGE
RP11-266J6.2	LOW_COVERAGE
RP11-266K22.2	LOW_COVERAGE
RP11-266K4.1	LOW_COVERAGE
RP11-266K4.13	LOW_COVERAGE
RP11-266K4.14	LOW_COVERAGE
RP11-266K4.9	LOW_COVERAGE
RP11-266L9.4	LOW_COVERAGE
RP11-266L9.5	LOW_COVERAGE
RP11-266L9.6	LOW_COVERAGE
RP11-266L9.8	LOW_COVERAGE
RP11-267D19.1	LOW_COVERAGE
RP11-267D19.2	LOW_COVERAGE
RP11-267J23.4	LOW_COVERAGE
RP11-267L5.1	LOW_COVERAGE
RP11-267M23.1	LOW_COVERAGE
RP11-267M23.3	LOW_COVERAGE
RP11-267M23.4	LOW_COVERAGE
RP11-268I9.1	LOW_COVERAGE
RP11-268J15.5	LOW_COVERAGE
RP11-268P4.6	LOW_COVERAGE
RP11-269C23.4	LOW_COVERAGE
RP11-269F19.2	LOW_COVERAGE
RP11-269G24.2	LOW_COVERAGE
RP11-269G24.3	LOW_COVERAGE
RP11-269G24.4	LOW_COVERAGE
RP11-269G24.8	LOW_COVERAGE
RP11-26J3.3	LOW_COVERAGE
RP11-26J3.4	LOW_COVERAGE
RP11-270C12.3	LOW_COVERAGE
RP11-270M14.1	LOW_COVERAGE
RP11-270M14.4	LOW_COVERAGE
RP11-270M14.5	LOW_COVERAGE
RP11-271C24.2	LOW_COVERAGE
RP11-271C24.3	LOW_COVERAGE
RP11-271K11.5	LOW_COVERAGE
RP11-272D12.2	LOW_COVERAGE
RP11-272L14.2	LOW_COVERAGE
RP11-272P10.2	LOW_COVERAGE
RP11-273B20.1	LOW_COVERAGE
RP11-273G15.2	LOW_COVERAGE
RP11-274A11.4	LOW_COVERAGE
RP11-274B21.1	LOW_COVERAGE
RP11-274B21.10	LOW_COVERAGE
RP11-274B21.13	LOW_COVERAGE
RP11-274B21.14	LOW_COVERAGE
RP11-274B21.2	LOW_COVERAGE
RP11-274B21.3	LOW_COVERAGE
RP11-274B21.4	LOW_COVERAGE
RP11-274B21.9	LOW_COVERAGE
RP11-274E7.2	LOW_COVERAGE
RP11-274H2.2	LOW_COVERAGE
RP11-274H2.3	LOW_COVERAGE
RP11-274H2.5	LOW_COVERAGE
RP11-274J7.2	LOW_COVERAGE
RP11-274J7.3	LOW_COVERAGE
RP11-274M17.3	LOW_COVERAGE
RP11-275F13.3	LOW_COVERAGE
RP11-275I14.4	LOW_COVERAGE
RP11-275O4.5	LOW_COVERAGE
RP11-276E15.4	LOW_COVERAGE
RP11-276H19.1	LOW_COVERAGE
RP11-276H19.2	LOW_COVERAGE
RP11-277A4.4	LOW_COVERAGE
RP11-277B15.3	LOW_COVERAGE
RP11-277I20.2	LOW_COVERAGE
RP11-277I20.3	LOW_COVERAGE
RP11-277P12.20	LOW_COVERAGE
RP11-278A23.1	LOW_COVERAGE
RP11-278A23.2	LOW_COVERAGE
RP11-278A23.4	LOW_COVERAGE
RP11-278C7.1	LOW_COVERAGE
RP11-278C7.3	LOW_COVERAGE
RP11-278C7.4	LOW_COVERAGE
RP11-278C7.5	LOW_COVERAGE
RP11-278J6.5	LOW_COVERAGE
RP11-278L15.2	LOW_COVERAGE
RP11-279F6.1	LOW_COVERAGE
RP11-279F6.2	LOW_COVERAGE
RP11-27G14.4	LOW_COVERAGE
RP11-27I1.4	LOW_COVERAGE
RP11-27I1.6	LOW_COVERAGE
RP11-27K13.3	LOW_COVERAGE
RP11-27M24.1	LOW_COVERAGE
RP11-27M24.2	LOW_COVERAGE
RP11-27M9.1	LOW_COVERAGE
RP11-280O24.3	LOW_COVERAGE
RP11-281A20.1	LOW_COVERAGE
RP11-281A20.2	LOW_COVERAGE
RP11-281J9.2	LOW_COVERAGE
RP11-281O15.7	LOW_COVERAGE
RP11-282K24.3	LOW_COVERAGE
RP11-282O18.3	LOW_COVERAGE
RP11-282O18.7	LOW_COVERAGE
RP11-283C24.1	LOW_COVERAGE
RP11-283C24.2	LOW_COVERAGE
RP11-283G6.3	LOW_COVERAGE
RP11-283G6.4	LOW_COVERAGE
RP11-283G6.5	LOW_COVERAGE
RP11-283I3.6	LOW_COVERAGE
RP11-284F21.10	LOW_COVERAGE
RP11-284F21.7	LOW_COVERAGE
RP11-284F21.9	LOW_COVERAGE
RP11-284M14.1	LOW_COVERAGE
RP11-285A1.1	LOW_COVERAGE
RP11-285E23.2	LOW_COVERAGE
RP11-285F7.2	LOW_COVERAGE
RP11-285G1.14	LOW_COVERAGE
RP11-285G1.9	LOW_COVERAGE
RP11-285J16.1	LOW_COVERAGE
RP11-286E11.1	LOW_COVERAGE
RP11-286E11.2	LOW_COVERAGE
RP11-286H14.4	LOW_COVERAGE
RP11-286H14.8	LOW_COVERAGE
RP11-286N22.14	LOW_COVERAGE
RP11-286N22.16	LOW_COVERAGE
RP11-286N22.6	LOW_COVERAGE
RP11-286N22.8	LOW_COVERAGE
RP11-286O18.1	LOW_COVERAGE
RP11-287D1.3	LOW_COVERAGE
RP11-287D1.4	LOW_COVERAGE
RP11-288C17.1	LOW_COVERAGE
RP11-288C17.3	LOW_COVERAGE
RP11-288C18.1	LOW_COVERAGE
RP11-288G3.4	LOW_COVERAGE
RP11-288H12.3	LOW_COVERAGE
RP11-288I21.1	LOW_COVERAGE
RP11-288K12.1	LOW_COVERAGE
RP11-289A15.1	LOW_COVERAGE
RP11-289I10.2	LOW_COVERAGE
RP11-28F1.2	LOW_COVERAGE
RP11-28G8.1	LOW_COVERAGE
RP11-28H5.2	LOW_COVERAGE
RP11-290C10.1	LOW_COVERAGE
RP11-290D2.3	LOW_COVERAGE
RP11-290D2.5	LOW_COVERAGE
RP11-290D2.6	LOW_COVERAGE
RP11-290F24.6	LOW_COVERAGE
RP11-290F5.1	LOW_COVERAGE
RP11-290F5.2	LOW_COVERAGE
RP11-290H9.2	LOW_COVERAGE
RP11-290L1.2	LOW_COVERAGE
RP11-290L1.3	LOW_COVERAGE
RP11-290L1.4	LOW_COVERAGE
RP11-291L22.6	LOW_COVERAGE
RP11-291L22.7	LOW_COVERAGE
RP11-293A21.1	LOW_COVERAGE
RP11-293I14.2	LOW_COVERAGE
RP11-293M10.6	LOW_COVERAGE
RP11-294J22.6	LOW_COVERAGE
RP11-294J22.7	LOW_COVERAGE
RP11-295D4.1	LOW_COVERAGE
RP11-295D4.3	LOW_COVERAGE
RP11-295D4.4	LOW_COVERAGE
RP11-295D4.5	LOW_COVERAGE
RP11-295G12.1	LOW_COVERAGE
RP11-295G20.2	LOW_COVERAGE
RP11-295H24.3	LOW_COVERAGE
RP11-295H24.4	LOW_COVERAGE
RP11-295H24.5	LOW_COVERAGE
RP11-295I5.3	LOW_COVERAGE
RP11-295I5.4	LOW_COVERAGE
RP11-295K2.3	LOW_COVERAGE
RP11-295K3.1	LOW_COVERAGE
RP11-295M3.2	LOW_COVERAGE
RP11-295M3.4	LOW_COVERAGE
RP11-295P9.13	LOW_COVERAGE
RP11-295P9.2	LOW_COVERAGE
RP11-295P9.3	LOW_COVERAGE
RP11-295P9.8	LOW_COVERAGE
RP11-296A16.1	LOW_COVERAGE
RP11-296A18.5	LOW_COVERAGE
RP11-296A18.6	LOW_COVERAGE
RP11-296E7.1	LOW_COVERAGE
RP11-296I10.3	LOW_COVERAGE
RP11-296K13.4	LOW_COVERAGE
RP11-296O14.2	LOW_COVERAGE
RP11-296O14.3	LOW_COVERAGE
RP11-297A16.2	LOW_COVERAGE
RP11-297C4.1	LOW_COVERAGE
RP11-297C4.2	LOW_COVERAGE
RP11-297C4.6	LOW_COVERAGE
RP11-297D21.4	LOW_COVERAGE
RP11-297K8.2	LOW_COVERAGE
RP11-297L17.2	LOW_COVERAGE
RP11-297L17.6	LOW_COVERAGE
RP11-297N6.4	LOW_COVERAGE
RP11-298C2.1	LOW_COVERAGE
RP11-298C3.2	LOW_COVERAGE
RP11-298D21.1	LOW_COVERAGE
RP11-298E9.7	LOW_COVERAGE
RP11-298I3.1	LOW_COVERAGE
RP11-298I3.3	LOW_COVERAGE
RP11-298I3.4	LOW_COVERAGE
RP11-298I3.5	LOW_COVERAGE
RP11-298I3.6	LOW_COVERAGE
RP11-298J20.3	LOW_COVERAGE
RP11-298J20.4	LOW_COVERAGE
RP11-298O21.2	LOW_COVERAGE
RP11-298P3.4	LOW_COVERAGE
RP11-299A16.1	LOW_COVERAGE
RP11-299G20.2	LOW_COVERAGE
RP11-299G20.5	LOW_COVERAGE
RP11-299H21.1	LOW_COVERAGE
RP11-299H22.3	LOW_COVERAGE
RP11-299J3.6	LOW_COVERAGE
RP11-299J3.8	LOW_COVERAGE
RP11-299L17.1	LOW_COVERAGE
RP11-299M14.2	LOW_COVERAGE
RP11-29B2.6	LOW_COVERAGE
RP11-29G8.3	LOW_COVERAGE
RP11-29H23.5	LOW_COVERAGE
RP11-29H23.7	LOW_COVERAGE
RP11-29P20.1	LOW_COVERAGE
RP11-2B6.2	LOW_COVERAGE
RP11-2B6.3	LOW_COVERAGE
RP11-2C24.3	LOW_COVERAGE
RP11-2C24.4	LOW_COVERAGE
RP11-2C24.9	LOW_COVERAGE
RP11-2E11.6	LOW_COVERAGE
RP11-2E11.9	LOW_COVERAGE
RP11-2G17.1	LOW_COVERAGE
RP11-2H3.6	LOW_COVERAGE
RP11-2H3.7	LOW_COVERAGE
RP11-2H8.2	LOW_COVERAGE
RP11-2H8.4	LOW_COVERAGE
RP11-2I17.4	LOW_COVERAGE
RP11-2J18.1	LOW_COVERAGE
RP11-300E4.2	LOW_COVERAGE
RP11-301G21.1	LOW_COVERAGE
RP11-301L8.2	LOW_COVERAGE
RP11-301O19.1	LOW_COVERAGE
RP11-302B13.1	LOW_COVERAGE
RP11-302B13.5	LOW_COVERAGE
RP11-302M6.4	LOW_COVERAGE
RP11-303E16.2	LOW_COVERAGE
RP11-303E16.3	LOW_COVERAGE
RP11-303E16.6	LOW_COVERAGE
RP11-303E16.7	LOW_COVERAGE
RP11-303E16.8	LOW_COVERAGE
RP11-303E16.9	LOW_COVERAGE
RP11-303G3.6	LOW_COVERAGE
RP11-304F15.3	LOW_COVERAGE
RP11-304F15.4	LOW_COVERAGE
RP11-304F15.6	LOW_COVERAGE
RP11-304F15.7	LOW_COVERAGE
RP11-304L19.1	LOW_COVERAGE
RP11-304L19.11	LOW_COVERAGE
RP11-304L19.12	LOW_COVERAGE
RP11-304L19.13	LOW_COVERAGE
RP11-304L19.2	LOW_COVERAGE
RP11-304L19.3	LOW_COVERAGE
RP11-304L19.4	LOW_COVERAGE
RP11-304L19.8	LOW_COVERAGE
RP11-304M2.5	LOW_COVERAGE
RP11-305B6.1	LOW_COVERAGE
RP11-305E17.4	LOW_COVERAGE
RP11-305E6.4	LOW_COVERAGE
RP11-305K5.1	LOW_COVERAGE
RP11-305L7.7	LOW_COVERAGE
RP11-305M3.2	LOW_COVERAGE
RP11-305O4.2	LOW_COVERAGE
RP11-305O4.3	LOW_COVERAGE
RP11-305O6.3	LOW_COVERAGE
RP11-305O6.4	LOW_COVERAGE
RP11-306G20.1	LOW_COVERAGE
RP11-307B6.3	LOW_COVERAGE
RP11-307C12.11	LOW_COVERAGE
RP11-307C12.12	LOW_COVERAGE
RP11-307C12.13	LOW_COVERAGE
RP11-307C18.1	LOW_COVERAGE
RP11-307C19.1	LOW_COVERAGE
RP11-307L3.2	LOW_COVERAGE
RP11-307L3.4	LOW_COVERAGE
RP11-307N16.6	LOW_COVERAGE
RP11-307P22.1	LOW_COVERAGE
RP11-308B16.2	LOW_COVERAGE
RP11-308D16.2	LOW_COVERAGE
RP11-309H21.3	LOW_COVERAGE
RP11-309L24.10	LOW_COVERAGE
RP11-309L24.4	LOW_COVERAGE
RP11-30B1.1	LOW_COVERAGE
RP11-30H9.1	LOW_COVERAGE
RP11-30K9.5	LOW_COVERAGE
RP11-30K9.6	LOW_COVERAGE
RP11-30L15.4	LOW_COVERAGE
RP11-30L15.6	LOW_COVERAGE
RP11-30L3.2	LOW_COVERAGE
RP11-310E22.4	LOW_COVERAGE
RP11-310E22.5	LOW_COVERAGE
RP11-310J24.3	LOW_COVERAGE
RP11-310N16.1	LOW_COVERAGE
RP11-311B14.1	LOW_COVERAGE
RP11-311C24.1	LOW_COVERAGE
RP11-311D14.1	LOW_COVERAGE
RP11-311P8.2	LOW_COVERAGE
RP11-312A15.1	LOW_COVERAGE
RP11-312A15.2	LOW_COVERAGE
RP11-312A15.3	LOW_COVERAGE
RP11-312B8.1	LOW_COVERAGE
RP11-312J18.5	LOW_COVERAGE
RP11-312P12.3	LOW_COVERAGE
RP11-313D6.3	LOW_COVERAGE
RP11-313J2.1	LOW_COVERAGE
RP11-313P13.3	LOW_COVERAGE
RP11-313P13.4	LOW_COVERAGE
RP11-313P13.5	LOW_COVERAGE
RP11-313P22.1	LOW_COVERAGE
RP11-314A20.1	LOW_COVERAGE
RP11-314A20.2	LOW_COVERAGE
RP11-314A20.5	LOW_COVERAGE
RP11-314C16.1	LOW_COVERAGE
RP11-314C9.1	LOW_COVERAGE
RP11-314N13.10	LOW_COVERAGE
RP11-314N13.3	LOW_COVERAGE
RP11-315D13.1	LOW_COVERAGE
RP11-315D16.2	LOW_COVERAGE
RP11-315D16.4	LOW_COVERAGE
RP11-315E17.1	LOW_COVERAGE
RP11-315I20.1	LOW_COVERAGE
RP11-315O6.1	LOW_COVERAGE
RP11-316K19.3	LOW_COVERAGE
RP11-316M1.12	LOW_COVERAGE
RP11-316M1.3	LOW_COVERAGE
RP11-316M21.6	LOW_COVERAGE
RP11-316M21.7	LOW_COVERAGE
RP11-316O14.1	LOW_COVERAGE
RP11-317B17.4	LOW_COVERAGE
RP11-317B7.2	LOW_COVERAGE
RP11-317G6.1	LOW_COVERAGE
RP11-317N8.4	LOW_COVERAGE
RP11-317N8.5	LOW_COVERAGE
RP11-318A15.2	LOW_COVERAGE
RP11-318A15.7	LOW_COVERAGE
RP11-318C24.2	LOW_COVERAGE
RP11-318E3.4	LOW_COVERAGE
RP11-318E3.9	LOW_COVERAGE
RP11-319E16.1	LOW_COVERAGE
RP11-319E16.2	LOW_COVERAGE
RP11-319F12.2	LOW_COVERAGE
RP11-319G6.1	LOW_COVERAGE
RP11-319G6.3	LOW_COVERAGE
RP11-319G9.1	LOW_COVERAGE
RP11-319G9.3	LOW_COVERAGE
RP11-319G9.5	LOW_COVERAGE
RP11-31F19.1	LOW_COVERAGE
RP11-31H5.3	LOW_COVERAGE
RP11-320G10.1	LOW_COVERAGE
RP11-320L11.2	LOW_COVERAGE
RP11-320M16.1	LOW_COVERAGE
RP11-320N21.1	LOW_COVERAGE
RP11-320N21.2	LOW_COVERAGE
RP11-320P11.1	LOW_COVERAGE
RP11-320P7.2	LOW_COVERAGE
RP11-321A17.3	LOW_COVERAGE
RP11-321A17.6	LOW_COVERAGE
RP11-321C24.1	LOW_COVERAGE
RP11-321F8.4	LOW_COVERAGE
RP11-321G12.1	LOW_COVERAGE
RP11-321N4.4	LOW_COVERAGE
RP11-321N4.5	LOW_COVERAGE
RP11-322I2.1	LOW_COVERAGE
RP11-323F24.3	LOW_COVERAGE
RP11-323I15.5	LOW_COVERAGE
RP11-323N12.5	LOW_COVERAGE
RP11-324E6.10	LOW_COVERAGE
RP11-324E6.6	LOW_COVERAGE
RP11-324I22.4	LOW_COVERAGE
RP11-325E14.5	LOW_COVERAGE
RP11-325E5.1	LOW_COVERAGE
RP11-325E5.4	LOW_COVERAGE
RP11-325I22.1	LOW_COVERAGE
RP11-325I22.3	LOW_COVERAGE
RP11-325K4.2	LOW_COVERAGE
RP11-325K4.3	LOW_COVERAGE
RP11-325L12.3	LOW_COVERAGE
RP11-325L12.5	LOW_COVERAGE
RP11-325L7.1	LOW_COVERAGE
RP11-325N19.3	LOW_COVERAGE
RP11-325P15.2	LOW_COVERAGE
RP11-326A19.5	LOW_COVERAGE
RP11-326C3.11	LOW_COVERAGE
RP11-326C3.16	LOW_COVERAGE
RP11-326C3.7	LOW_COVERAGE
RP11-326G21.1	LOW_COVERAGE
RP11-326I11.3	LOW_COVERAGE
RP11-326I11.4	LOW_COVERAGE
RP11-326I11.5	LOW_COVERAGE
RP11-326K13.4	LOW_COVERAGE
RP11-326L2.1	LOW_COVERAGE
RP11-327E2.5	LOW_COVERAGE
RP11-327J17.2	LOW_COVERAGE
RP11-327J17.9	LOW_COVERAGE
RP11-327O17.2	LOW_COVERAGE
RP11-327P2.5	LOW_COVERAGE
RP11-328C8.2	LOW_COVERAGE
RP11-328C8.4	LOW_COVERAGE
RP11-328K22.1	LOW_COVERAGE
RP11-328K4.1	LOW_COVERAGE
RP11-328P23.4	LOW_COVERAGE
RP11-329A14.1	LOW_COVERAGE
RP11-329J18.3	LOW_COVERAGE
RP11-329J18.4	LOW_COVERAGE
RP11-329J18.5	LOW_COVERAGE
RP11-329N15.3	LOW_COVERAGE
RP11-32B5.1	LOW_COVERAGE
RP11-32K4.1	LOW_COVERAGE
RP11-330C7.3	LOW_COVERAGE
RP11-330H6.5	LOW_COVERAGE
RP11-330H6.6	LOW_COVERAGE
RP11-330M2.4	LOW_COVERAGE
RP11-331F4.4	LOW_COVERAGE
RP11-331F4.5	LOW_COVERAGE
RP11-331F9.3	LOW_COVERAGE
RP11-332H14.1	LOW_COVERAGE
RP11-332H14.2	LOW_COVERAGE
RP11-332H17.1	LOW_COVERAGE
RP11-332H18.3	LOW_COVERAGE
RP11-332H18.5	LOW_COVERAGE
RP11-332H18.7	LOW_COVERAGE
RP11-332J15.4	LOW_COVERAGE
RP11-332L8.1	LOW_COVERAGE
RP11-332M2.1	LOW_COVERAGE
RP11-332O19.2	LOW_COVERAGE
RP11-333E1.1	LOW_COVERAGE
RP11-333E13.2	LOW_COVERAGE
RP11-333E13.4	LOW_COVERAGE
RP11-333J10.2	LOW_COVERAGE
RP11-333J10.3	LOW_COVERAGE
RP11-334A14.2	LOW_COVERAGE
RP11-334C17.3	LOW_COVERAGE
RP11-334C17.5	LOW_COVERAGE
RP11-334C17.6	LOW_COVERAGE
RP11-334E6.10	LOW_COVERAGE
RP11-334J6.6	LOW_COVERAGE
RP11-334J6.7	LOW_COVERAGE
RP11-334L9.1	LOW_COVERAGE
RP11-335O4.3	LOW_COVERAGE
RP11-336A10.2	LOW_COVERAGE
RP11-336K24.12	LOW_COVERAGE
RP11-337A23.5	LOW_COVERAGE
RP11-337C18.10	LOW_COVERAGE
RP11-337C18.8	LOW_COVERAGE
RP11-337C18.9	LOW_COVERAGE
RP11-337N6.3	LOW_COVERAGE
RP11-338I21.1	LOW_COVERAGE
RP11-338K17.10	LOW_COVERAGE
RP11-338K17.5	LOW_COVERAGE
RP11-338K17.6	LOW_COVERAGE
RP11-338K17.8	LOW_COVERAGE
RP11-338L22.2	LOW_COVERAGE
RP11-338N10.1	LOW_COVERAGE
RP11-338N10.3	LOW_COVERAGE
RP11-339B21.10	LOW_COVERAGE
RP11-339B21.11	LOW_COVERAGE
RP11-339B21.13	LOW_COVERAGE
RP11-339B21.14	LOW_COVERAGE
RP11-339B21.15	LOW_COVERAGE
RP11-339B21.8	LOW_COVERAGE
RP11-33B1.1	LOW_COVERAGE
RP11-33B1.3	LOW_COVERAGE
RP11-33B1.4	LOW_COVERAGE
RP11-33E12.2	LOW_COVERAGE
RP11-33I11.2	LOW_COVERAGE
RP11-33N14.3	LOW_COVERAGE
RP11-33N14.5	LOW_COVERAGE
RP11-33N16.2	LOW_COVERAGE
RP11-33N16.3	LOW_COVERAGE
RP11-33O4.1	LOW_COVERAGE
RP11-33O4.2	LOW_COVERAGE
RP11-341D18.7	LOW_COVERAGE
RP11-341G23.4	LOW_COVERAGE
RP11-342C20.2	LOW_COVERAGE
RP11-342D11.2	LOW_COVERAGE
RP11-342F17.1	LOW_COVERAGE
RP11-342I1.2	LOW_COVERAGE
RP11-342K2.1	LOW_COVERAGE
RP11-342K6.1	LOW_COVERAGE
RP11-342K6.2	LOW_COVERAGE
RP11-342K6.3	LOW_COVERAGE
RP11-342M1.3	LOW_COVERAGE
RP11-342M21.2	LOW_COVERAGE
RP11-342M3.5	LOW_COVERAGE
RP11-343B5.1	LOW_COVERAGE
RP11-343C2.11	LOW_COVERAGE
RP11-343C2.12	LOW_COVERAGE
RP11-343C2.7	LOW_COVERAGE
RP11-343C2.9	LOW_COVERAGE
RP11-343H19.2	LOW_COVERAGE
RP11-343H5.4	LOW_COVERAGE
RP11-343K8.3	LOW_COVERAGE
RP11-343L5.2	LOW_COVERAGE
RP11-344A5.1	LOW_COVERAGE
RP11-344B2.2	LOW_COVERAGE
RP11-344F13.1	LOW_COVERAGE
RP11-344N10.2	LOW_COVERAGE
RP11-344N10.5	LOW_COVERAGE
RP11-344P13.6	LOW_COVERAGE
RP11-345I18.4	LOW_COVERAGE
RP11-345J18.2	LOW_COVERAGE
RP11-345J4.5	LOW_COVERAGE
RP11-345K20.2	LOW_COVERAGE
RP11-345N11.1	LOW_COVERAGE
RP11-345P4.10	LOW_COVERAGE
RP11-345P4.6	LOW_COVERAGE
RP11-345P4.7	LOW_COVERAGE
RP11-345P4.9	LOW_COVERAGE
RP11-346C16.6	LOW_COVERAGE
RP11-346C20.3	LOW_COVERAGE
RP11-346C20.4	LOW_COVERAGE
RP11-346C4.3	LOW_COVERAGE
RP11-346D19.1	LOW_COVERAGE
RP11-346E8.1	LOW_COVERAGE
RP11-346J10.1	LOW_COVERAGE
RP11-346M5.1	LOW_COVERAGE
RP11-347C12.1	LOW_COVERAGE
RP11-347C12.10	LOW_COVERAGE
RP11-347C12.11	LOW_COVERAGE
RP11-347C18.1	LOW_COVERAGE
RP11-347C18.3	LOW_COVERAGE
RP11-347C18.4	LOW_COVERAGE
RP11-347C18.5	LOW_COVERAGE
RP11-347D21.1	LOW_COVERAGE
RP11-347D21.2	LOW_COVERAGE
RP11-347H15.2	LOW_COVERAGE
RP11-347I19.7	LOW_COVERAGE
RP11-347I19.8	LOW_COVERAGE
RP11-347P5.1	LOW_COVERAGE
RP11-348J24.2	LOW_COVERAGE
RP11-348N5.7	LOW_COVERAGE
RP11-348N5.9	LOW_COVERAGE
RP11-348P10.2	LOW_COVERAGE
RP11-349A8.3	LOW_COVERAGE
RP11-349F21.2	LOW_COVERAGE
RP11-349F21.3	LOW_COVERAGE
RP11-349F21.4	LOW_COVERAGE
RP11-349F21.5	LOW_COVERAGE
RP11-349G13.1	LOW_COVERAGE
RP11-349G13.3	LOW_COVERAGE
RP11-349H17.2	LOW_COVERAGE
RP11-34A14.3	LOW_COVERAGE
RP11-34D15.2	LOW_COVERAGE
RP11-34F20.7	LOW_COVERAGE
RP11-34P1.2	LOW_COVERAGE
RP11-34P13.13	LOW_COVERAGE
RP11-34P13.15	LOW_COVERAGE
RP11-34P13.16	LOW_COVERAGE
RP11-350A1.2	LOW_COVERAGE
RP11-350E12.4	LOW_COVERAGE
RP11-350F4.2	LOW_COVERAGE
RP11-350J20.12	LOW_COVERAGE
RP11-350J20.5	LOW_COVERAGE
RP11-350J20.9	LOW_COVERAGE
RP11-350N15.4	LOW_COVERAGE
RP11-350N15.5	LOW_COVERAGE
RP11-350N15.6	LOW_COVERAGE
RP11-350O14.18	LOW_COVERAGE
RP11-351A11.1	LOW_COVERAGE
RP11-351C21.2	LOW_COVERAGE
RP11-351C8.1	LOW_COVERAGE
RP11-351D16.3	LOW_COVERAGE
RP11-351I21.11	LOW_COVERAGE
RP11-351I24.1	LOW_COVERAGE
RP11-351M8.1	LOW_COVERAGE
RP11-351M8.2	LOW_COVERAGE
RP11-351O1.4	LOW_COVERAGE
RP11-352E6.2	LOW_COVERAGE
RP11-352G18.2	LOW_COVERAGE
RP11-352G9.1	LOW_COVERAGE
RP11-352M15.2	LOW_COVERAGE
RP11-353H3.1	LOW_COVERAGE
RP11-353K11.1	LOW_COVERAGE
RP11-353N14.1	LOW_COVERAGE
RP11-353N14.2	LOW_COVERAGE
RP11-353N14.4	LOW_COVERAGE
RP11-353N14.5	LOW_COVERAGE
RP11-353N14.7	LOW_COVERAGE
RP11-353N4.6	LOW_COVERAGE
RP11-354E11.2	LOW_COVERAGE
RP11-354E23.3	LOW_COVERAGE
RP11-354E23.4	LOW_COVERAGE
RP11-354E23.5	LOW_COVERAGE
RP11-354M1.2	LOW_COVERAGE
RP11-354M20.3	LOW_COVERAGE
RP11-354P11.3	LOW_COVERAGE
RP11-354P11.8	LOW_COVERAGE
RP11-355B11.2	LOW_COVERAGE
RP11-355F16.1	LOW_COVERAGE
RP11-355O1.11	LOW_COVERAGE
RP11-355O1.7	LOW_COVERAGE
RP11-356B19.11	LOW_COVERAGE
RP11-356J5.12	LOW_COVERAGE
RP11-356J5.4	LOW_COVERAGE
RP11-356K23.1	LOW_COVERAGE
RP11-356M20.2	LOW_COVERAGE
RP11-356O22.4	LOW_COVERAGE
RP11-356O9.1	LOW_COVERAGE
RP11-356O9.2	LOW_COVERAGE
RP11-357D18.1	LOW_COVERAGE
RP11-357G3.2	LOW_COVERAGE
RP11-357H14.16	LOW_COVERAGE
RP11-357N13.1	LOW_COVERAGE
RP11-357N13.2	LOW_COVERAGE
RP11-357N13.6	LOW_COVERAGE
RP11-357P18.2	LOW_COVERAGE
RP11-358B23.5	LOW_COVERAGE
RP11-358B23.6	LOW_COVERAGE
RP11-358B23.7	LOW_COVERAGE
RP11-358L22.2	LOW_COVERAGE
RP11-358L22.3	LOW_COVERAGE
RP11-358N2.2	LOW_COVERAGE
RP11-359B12.2	LOW_COVERAGE
RP11-359B20.1	LOW_COVERAGE
RP11-359D14.2	LOW_COVERAGE
RP11-359D14.3	LOW_COVERAGE
RP11-359E3.4	LOW_COVERAGE
RP11-359J14.2	LOW_COVERAGE
RP11-359K18.3	LOW_COVERAGE
RP11-359K18.4	LOW_COVERAGE
RP11-359M6.1	LOW_COVERAGE
RP11-359M6.2	LOW_COVERAGE
RP11-359P5.1	LOW_COVERAGE
RP11-35G22.1	LOW_COVERAGE
RP11-35G9.3	LOW_COVERAGE
RP11-35G9.5	LOW_COVERAGE
RP11-35N6.1	LOW_COVERAGE
RP11-35O15.1	LOW_COVERAGE
RP11-35O15.2	LOW_COVERAGE
RP11-360D2.2	LOW_COVERAGE
RP11-360F5.1	LOW_COVERAGE
RP11-360I2.1	LOW_COVERAGE
RP11-360L9.4	LOW_COVERAGE
RP11-360L9.7	LOW_COVERAGE
RP11-360L9.8	LOW_COVERAGE
RP11-360N9.3	LOW_COVERAGE
RP11-360O19.4	LOW_COVERAGE
RP11-360P21.2	LOW_COVERAGE
RP11-361D15.2	LOW_COVERAGE
RP11-361F15.2	LOW_COVERAGE
RP11-361H10.3	LOW_COVERAGE
RP11-361H10.5	LOW_COVERAGE
RP11-361L15.3	LOW_COVERAGE
RP11-361L15.4	LOW_COVERAGE
RP11-361L15.5	LOW_COVERAGE
RP11-361M10.3	LOW_COVERAGE
RP11-362A9.3	LOW_COVERAGE
RP11-362J17.1	LOW_COVERAGE
RP11-362K14.5	LOW_COVERAGE
RP11-362K14.6	LOW_COVERAGE
RP11-362K14.7	LOW_COVERAGE
RP11-362L22.1	LOW_COVERAGE
RP11-363E6.3	LOW_COVERAGE
RP11-363E6.4	LOW_COVERAGE
RP11-363E7.4	LOW_COVERAGE
RP11-363J17.1	LOW_COVERAGE
RP11-363J20.1	LOW_COVERAGE
RP11-363J20.2	LOW_COVERAGE
RP11-363L24.3	LOW_COVERAGE
RP11-363N22.3	LOW_COVERAGE
RP11-364L4.1	LOW_COVERAGE
RP11-364P22.1	LOW_COVERAGE
RP11-364P22.2	LOW_COVERAGE
RP11-364P22.3	LOW_COVERAGE
RP11-365D23.2	LOW_COVERAGE
RP11-365D23.4	LOW_COVERAGE
RP11-365H22.2	LOW_COVERAGE
RP11-365H23.1	LOW_COVERAGE
RP11-365N19.2	LOW_COVERAGE
RP11-365O16.5	LOW_COVERAGE
RP11-365O16.6	LOW_COVERAGE
RP11-365P13.5	LOW_COVERAGE
RP11-366L20.2	LOW_COVERAGE
RP11-366L5.1	LOW_COVERAGE
RP11-367E12.4	LOW_COVERAGE
RP11-367H1.1	LOW_COVERAGE
RP11-367H5.8	LOW_COVERAGE
RP11-367J11.2	LOW_COVERAGE
RP11-367J11.3	LOW_COVERAGE
RP11-367N14.2	LOW_COVERAGE
RP11-367N14.3	LOW_COVERAGE
RP11-367O10.1	LOW_COVERAGE
RP11-368I7.4	LOW_COVERAGE
RP11-368I7.6	LOW_COVERAGE
RP11-368P15.3	LOW_COVERAGE
RP11-369C8.1	LOW_COVERAGE
RP11-369G6.2	LOW_COVERAGE
RP11-369J21.12	LOW_COVERAGE
RP11-369J21.13	LOW_COVERAGE
RP11-369K16.1	LOW_COVERAGE
RP11-36B15.1	LOW_COVERAGE
RP11-36C20.1	LOW_COVERAGE
RP11-36I17.2	LOW_COVERAGE
RP11-36N20.1	LOW_COVERAGE
RP11-370A5.1	LOW_COVERAGE
RP11-370A5.2	LOW_COVERAGE
RP11-370B11.3	LOW_COVERAGE
RP11-370F5.4	LOW_COVERAGE
RP11-370I10.12	LOW_COVERAGE
RP11-370I10.6	LOW_COVERAGE
RP11-371E8.4	LOW_COVERAGE
RP11-372B4.3	LOW_COVERAGE
RP11-372K14.2	LOW_COVERAGE
RP11-373D23.2	LOW_COVERAGE
RP11-373D23.3	LOW_COVERAGE
RP11-373L24.1	LOW_COVERAGE
RP11-373N22.3	LOW_COVERAGE
RP11-374P20.4	LOW_COVERAGE
RP11-375I20.6	LOW_COVERAGE
RP11-375N15.2	LOW_COVERAGE
RP11-376N17.4	LOW_COVERAGE
RP11-376O6.2	LOW_COVERAGE
RP11-376P6.3	LOW_COVERAGE
RP11-377D9.3	LOW_COVERAGE
RP11-378A13.1	LOW_COVERAGE
RP11-378A13.2	LOW_COVERAGE
RP11-378E13.3	LOW_COVERAGE
RP11-378E13.4	LOW_COVERAGE
RP11-378G13.2	LOW_COVERAGE
RP11-378J18.6	LOW_COVERAGE
RP11-378J18.8	LOW_COVERAGE
RP11-378J18.9	LOW_COVERAGE
RP11-379B18.5	LOW_COVERAGE
RP11-379B8.1	LOW_COVERAGE
RP11-379C10.4	LOW_COVERAGE
RP11-379F12.3	LOW_COVERAGE
RP11-379F12.4	LOW_COVERAGE
RP11-379F4.1	LOW_COVERAGE
RP11-379F4.4	LOW_COVERAGE
RP11-379F4.6	LOW_COVERAGE
RP11-379F4.7	LOW_COVERAGE
RP11-379F4.8	LOW_COVERAGE
RP11-379H18.1	LOW_COVERAGE
RP11-379J5.5	LOW_COVERAGE
RP11-379K17.12	LOW_COVERAGE
RP11-379K17.9	LOW_COVERAGE
RP11-379K22.2	LOW_COVERAGE
RP11-379K22.3	LOW_COVERAGE
RP11-37B2.1	LOW_COVERAGE
RP11-37C7.1	LOW_COVERAGE
RP11-37C7.3	LOW_COVERAGE
RP11-37J13.1	LOW_COVERAGE
RP11-37L2.1	LOW_COVERAGE
RP11-37O16.3	LOW_COVERAGE
RP11-37O16.4	LOW_COVERAGE
RP11-37O16.6	LOW_COVERAGE
RP11-380B4.3	LOW_COVERAGE
RP11-380D23.1	LOW_COVERAGE
RP11-380G5.2	LOW_COVERAGE
RP11-380G5.3	LOW_COVERAGE
RP11-380L11.4	LOW_COVERAGE
RP11-380M21.1	LOW_COVERAGE
RP11-380M21.2	LOW_COVERAGE
RP11-380M21.3	LOW_COVERAGE
RP11-380M21.4	LOW_COVERAGE
RP11-380N8.7	LOW_COVERAGE
RP11-380O24.1	LOW_COVERAGE
RP11-381E24.1	LOW_COVERAGE
RP11-381E24.4	LOW_COVERAGE
RP11-381K20.2	LOW_COVERAGE
RP11-381O6.1	LOW_COVERAGE
RP11-382A20.1	LOW_COVERAGE
RP11-382A20.2	LOW_COVERAGE
RP11-382A20.4	LOW_COVERAGE
RP11-382A20.7	LOW_COVERAGE
RP11-382D12.2	LOW_COVERAGE
RP11-382D8.3	LOW_COVERAGE
RP11-382F24.1	LOW_COVERAGE
RP11-382H24.2	LOW_COVERAGE
RP11-382J24.2	LOW_COVERAGE
RP11-383B24.3	LOW_COVERAGE
RP11-383B4.4	LOW_COVERAGE
RP11-383C5.3	LOW_COVERAGE
RP11-383C5.8	LOW_COVERAGE
RP11-383F6.1	LOW_COVERAGE
RP11-383G6.3	LOW_COVERAGE
RP11-383G6.4	LOW_COVERAGE
RP11-383I23.2	LOW_COVERAGE
RP11-383J24.2	LOW_COVERAGE
RP11-383J24.6	LOW_COVERAGE
RP11-384A12.1	LOW_COVERAGE
RP11-384B12.2	LOW_COVERAGE
RP11-384B12.3	LOW_COVERAGE
RP11-384C4.2	LOW_COVERAGE
RP11-384C4.6	LOW_COVERAGE
RP11-384C4.7	LOW_COVERAGE
RP11-384J4.1	LOW_COVERAGE
RP11-384J4.2	LOW_COVERAGE
RP11-384K6.2	LOW_COVERAGE
RP11-384K6.6	LOW_COVERAGE
RP11-384K6.8	LOW_COVERAGE
RP11-384L8.1	LOW_COVERAGE
RP11-384L8.2	LOW_COVERAGE
RP11-384M15.3	LOW_COVERAGE
RP11-384M20.1	LOW_COVERAGE
RP11-384O8.1	LOW_COVERAGE
RP11-384P7.7	LOW_COVERAGE
RP11-385D13.1	LOW_COVERAGE
RP11-385D13.3	LOW_COVERAGE
RP11-385F5.4	LOW_COVERAGE
RP11-385F5.5	LOW_COVERAGE
RP11-385F7.1	LOW_COVERAGE
RP11-385J1.2	LOW_COVERAGE
RP11-385J1.3	LOW_COVERAGE
RP11-386B13.4	LOW_COVERAGE
RP11-386G11.10	LOW_COVERAGE
RP11-386G11.5	LOW_COVERAGE
RP11-386I14.4	LOW_COVERAGE
RP11-386I23.1	LOW_COVERAGE
RP11-386J22.3	LOW_COVERAGE
RP11-386M24.3	LOW_COVERAGE
RP11-386M24.4	LOW_COVERAGE
RP11-386M24.6	LOW_COVERAGE
RP11-386M24.8	LOW_COVERAGE
RP11-386M24.9	LOW_COVERAGE
RP11-386O9.2	LOW_COVERAGE
RP11-387H17.4	LOW_COVERAGE
RP11-387M24.5	LOW_COVERAGE
RP11-388C12.8	LOW_COVERAGE
RP11-388M20.1	LOW_COVERAGE
RP11-388M20.2	LOW_COVERAGE
RP11-388M20.6	LOW_COVERAGE
RP11-388P9.2	LOW_COVERAGE
RP11-388P9.3	LOW_COVERAGE
RP11-389C8.3	LOW_COVERAGE
RP11-389G6.3	LOW_COVERAGE
RP11-389G6.4	LOW_COVERAGE
RP11-389G6.5	LOW_COVERAGE
RP11-38C17.1	LOW_COVERAGE
RP11-38G5.2	LOW_COVERAGE
RP11-38L15.2	LOW_COVERAGE
RP11-38L15.3	LOW_COVERAGE
RP11-38L15.8	LOW_COVERAGE
RP11-38M8.1	LOW_COVERAGE
RP11-390B4.3	LOW_COVERAGE
RP11-390D11.1	LOW_COVERAGE
RP11-390E23.6	LOW_COVERAGE
RP11-390F4.2	LOW_COVERAGE
RP11-390F4.3	LOW_COVERAGE
RP11-390F4.6	LOW_COVERAGE
RP11-390G14.1	LOW_COVERAGE
RP11-390K5.6	LOW_COVERAGE
RP11-390N6.1	LOW_COVERAGE
RP11-390P2.2	LOW_COVERAGE
RP11-390P2.4	LOW_COVERAGE
RP11-390P24.1	LOW_COVERAGE
RP11-391H12.8	LOW_COVERAGE
RP11-391L3.1	LOW_COVERAGE
RP11-391L3.3	LOW_COVERAGE
RP11-391L3.4	LOW_COVERAGE
RP11-392A14.8	LOW_COVERAGE
RP11-392A14.9	LOW_COVERAGE
RP11-392B6.1	LOW_COVERAGE
RP11-392E22.11	LOW_COVERAGE
RP11-392E22.9	LOW_COVERAGE
RP11-392O17.2	LOW_COVERAGE
RP11-392O18.2	LOW_COVERAGE
RP11-392P7.6	LOW_COVERAGE
RP11-393I2.2	LOW_COVERAGE
RP11-393I2.4	LOW_COVERAGE
RP11-393K19.1	LOW_COVERAGE
RP11-394A14.2	LOW_COVERAGE
RP11-394A14.4	LOW_COVERAGE
RP11-394B2.1	LOW_COVERAGE
RP11-394B2.5	LOW_COVERAGE
RP11-394B5.2	LOW_COVERAGE
RP11-394I13.2	LOW_COVERAGE
RP11-394J1.2	LOW_COVERAGE
RP11-394O2.3	LOW_COVERAGE
RP11-395A13.2	LOW_COVERAGE
RP11-395B7.7	LOW_COVERAGE
RP11-395G23.3	LOW_COVERAGE
RP11-395I14.2	LOW_COVERAGE
RP11-395I6.3	LOW_COVERAGE
RP11-395L14.18	LOW_COVERAGE
RP11-395N21.2	LOW_COVERAGE
RP11-395N3.1	LOW_COVERAGE
RP11-395N3.2	LOW_COVERAGE
RP11-396C23.2	LOW_COVERAGE
RP11-396C23.4	LOW_COVERAGE
RP11-396K3.1	LOW_COVERAGE
RP11-397A16.1	LOW_COVERAGE
RP11-397E7.4	LOW_COVERAGE
RP11-397P13.6	LOW_COVERAGE
RP11-397P13.7	LOW_COVERAGE
RP11-398B16.2	LOW_COVERAGE
RP11-398C13.6	LOW_COVERAGE
RP11-398K22.12	LOW_COVERAGE
RP11-398M15.1	LOW_COVERAGE
RP11-399C16.3	LOW_COVERAGE
RP11-399E6.1	LOW_COVERAGE
RP11-399E6.4	LOW_COVERAGE
RP11-399J13.2	LOW_COVERAGE
RP11-399K21.11	LOW_COVERAGE
RP11-399K21.12	LOW_COVERAGE
RP11-399K21.13	LOW_COVERAGE
RP11-399K21.14	LOW_COVERAGE
RP11-399O19.9	LOW_COVERAGE
RP11-39C10.1	LOW_COVERAGE
RP11-39E3.3	LOW_COVERAGE
RP11-39E3.4	LOW_COVERAGE
RP11-39E3.5	LOW_COVERAGE
RP11-39H3.2	LOW_COVERAGE
RP11-39K24.12	LOW_COVERAGE
RP11-39K24.13	LOW_COVERAGE
RP11-39K24.14	LOW_COVERAGE
RP11-39K24.4	LOW_COVERAGE
RP11-39M21.1	LOW_COVERAGE
RP11-39M21.2	LOW_COVERAGE
RP11-3B12.4	LOW_COVERAGE
RP11-3B12.5	LOW_COVERAGE
RP11-3D23.1	LOW_COVERAGE
RP11-3D4.2	LOW_COVERAGE
RP11-3D4.3	LOW_COVERAGE
RP11-3D4.4	LOW_COVERAGE
RP11-3J1.1	LOW_COVERAGE
RP11-3J10.7	LOW_COVERAGE
RP11-3K16.2	LOW_COVERAGE
RP11-3K24.1	LOW_COVERAGE
RP11-3K24.2	LOW_COVERAGE
RP11-3K24.3	LOW_COVERAGE
RP11-3M1.1	LOW_COVERAGE
RP11-3P17.3	LOW_COVERAGE
RP11-3P17.4	LOW_COVERAGE
RP11-3P17.5	LOW_COVERAGE
RP11-400F19.12	LOW_COVERAGE
RP11-400F19.18	LOW_COVERAGE
RP11-400F19.6	LOW_COVERAGE
RP11-400F19.8	LOW_COVERAGE
RP11-400G3.5	LOW_COVERAGE
RP11-400K9.2	LOW_COVERAGE
RP11-400K9.3	LOW_COVERAGE
RP11-400K9.4	LOW_COVERAGE
RP11-400L8.2	LOW_COVERAGE
RP11-400N9.1	LOW_COVERAGE
RP11-401F2.3	LOW_COVERAGE
RP11-401F2.4	LOW_COVERAGE
RP11-401G5.1	LOW_COVERAGE
RP11-401L13.4	LOW_COVERAGE
RP11-401L13.7	LOW_COVERAGE
RP11-401P9.4	LOW_COVERAGE
RP11-401P9.6	LOW_COVERAGE
RP11-401P9.7	LOW_COVERAGE
RP11-402D21.2	LOW_COVERAGE
RP11-402G3.3	LOW_COVERAGE
RP11-402G3.5	LOW_COVERAGE
RP11-402L5.1	LOW_COVERAGE
RP11-403A21.3	LOW_COVERAGE
RP11-403B2.7	LOW_COVERAGE
RP11-403E24.1	LOW_COVERAGE
RP11-403H13.1	LOW_COVERAGE
RP11-403I13.8	LOW_COVERAGE
RP11-403P17.2	LOW_COVERAGE
RP11-403P17.3	LOW_COVERAGE
RP11-403P17.4	LOW_COVERAGE
RP11-403P17.5	LOW_COVERAGE
RP11-403P17.6	LOW_COVERAGE
RP11-404E16.1	LOW_COVERAGE
RP11-404I7.1	LOW_COVERAGE
RP11-404I7.2	LOW_COVERAGE
RP11-404P21.8	LOW_COVERAGE
RP11-405A12.1	LOW_COVERAGE
RP11-405F3.5	LOW_COVERAGE
RP11-405L18.4	LOW_COVERAGE
RP11-405M12.3	LOW_COVERAGE
RP11-405M12.4	LOW_COVERAGE
RP11-405O10.2	LOW_COVERAGE
RP11-406D1.2	LOW_COVERAGE
RP11-406H23.2	LOW_COVERAGE
RP11-406H23.5	LOW_COVERAGE
RP11-406H4.1	LOW_COVERAGE
RP11-407B7.1	LOW_COVERAGE
RP11-407G23.2	LOW_COVERAGE
RP11-407G23.4	LOW_COVERAGE
RP11-407G23.7	LOW_COVERAGE
RP11-407N17.3	LOW_COVERAGE
RP11-407N17.4	LOW_COVERAGE
RP11-407N17.5	LOW_COVERAGE
RP11-407N17.6	LOW_COVERAGE
RP11-407N8.5	LOW_COVERAGE
RP11-408A13.4	LOW_COVERAGE
RP11-408B11.2	LOW_COVERAGE
RP11-408H1.3	LOW_COVERAGE
RP11-408I18.9	LOW_COVERAGE
RP11-408P14.1	LOW_COVERAGE
RP11-409C19.2	LOW_COVERAGE
RP11-40B20.1	LOW_COVERAGE
RP11-40C11.2	LOW_COVERAGE
RP11-40C6.2	LOW_COVERAGE
RP11-410D17.2	LOW_COVERAGE
RP11-410E4.1	LOW_COVERAGE
RP11-410L14.1	LOW_COVERAGE
RP11-410L14.2	LOW_COVERAGE
RP11-411B10.2	LOW_COVERAGE
RP11-411B10.3	LOW_COVERAGE
RP11-411B10.4	LOW_COVERAGE
RP11-411B10.8	LOW_COVERAGE
RP11-411B6.6	LOW_COVERAGE
RP11-412D9.4	LOW_COVERAGE
RP11-412H8.2	LOW_COVERAGE
RP11-413H22.2	LOW_COVERAGE
RP11-413H22.3	LOW_COVERAGE
RP11-414J4.2	LOW_COVERAGE
RP11-415C15.2	LOW_COVERAGE
RP11-415F23.2	LOW_COVERAGE
RP11-415F23.3	LOW_COVERAGE
RP11-415F23.4	LOW_COVERAGE
RP11-415J8.3	LOW_COVERAGE
RP11-415J8.7	LOW_COVERAGE
RP11-417B4.2	LOW_COVERAGE
RP11-417F21.1	LOW_COVERAGE
RP11-417L19.2	LOW_COVERAGE
RP11-417L19.5	LOW_COVERAGE
RP11-417L19.6	LOW_COVERAGE
RP11-417N10.4	LOW_COVERAGE
RP11-417O11.5	LOW_COVERAGE
RP11-418J17.1	LOW_COVERAGE
RP11-419C23.1	LOW_COVERAGE
RP11-419C5.2	LOW_COVERAGE
RP11-41O4.1	LOW_COVERAGE
RP11-420A21.1	LOW_COVERAGE
RP11-420A23.1	LOW_COVERAGE
RP11-420A6.2	LOW_COVERAGE
RP11-420B22.1	LOW_COVERAGE
RP11-420C9.1	LOW_COVERAGE
RP11-420K10.1	LOW_COVERAGE
RP11-420K14.6	LOW_COVERAGE
RP11-420K8.1	LOW_COVERAGE
RP11-420L9.5	LOW_COVERAGE
RP11-420M1.2	LOW_COVERAGE
RP11-420O16.2	LOW_COVERAGE
RP11-421E14.2	LOW_COVERAGE
RP11-421F16.3	LOW_COVERAGE
RP11-421L21.2	LOW_COVERAGE
RP11-421L21.3	LOW_COVERAGE
RP11-421M1.8	LOW_COVERAGE
RP11-421N8.1	LOW_COVERAGE
RP11-422J15.1	LOW_COVERAGE
RP11-422N16.3	LOW_COVERAGE
RP11-422P24.10	LOW_COVERAGE
RP11-422P24.11	LOW_COVERAGE
RP11-422P24.12	LOW_COVERAGE
RP11-422P24.9	LOW_COVERAGE
RP11-423E7.1	LOW_COVERAGE
RP11-423E7.2	LOW_COVERAGE
RP11-423G4.10	LOW_COVERAGE
RP11-423H2.1	LOW_COVERAGE
RP11-423H2.3	LOW_COVERAGE
RP11-423H2.4	LOW_COVERAGE
RP11-423P10.2	LOW_COVERAGE
RP11-424C20.2	LOW_COVERAGE
RP11-424I19.2	LOW_COVERAGE
RP11-424I3.1	LOW_COVERAGE
RP11-424M22.3	LOW_COVERAGE
RP11-424M24.3	LOW_COVERAGE
RP11-424N24.2	LOW_COVERAGE
RP11-425D10.10	LOW_COVERAGE
RP11-425D17.2	LOW_COVERAGE
RP11-425L10.1	LOW_COVERAGE
RP11-425M5.7	LOW_COVERAGE
RP11-426A6.5	LOW_COVERAGE
RP11-426D19.1	LOW_COVERAGE
RP11-426J5.3	LOW_COVERAGE
RP11-426L16.10	LOW_COVERAGE
RP11-426L16.3	LOW_COVERAGE
RP11-427L15.2	LOW_COVERAGE
RP11-427M20.1	LOW_COVERAGE
RP11-427P5.3	LOW_COVERAGE
RP11-428C19.4	LOW_COVERAGE
RP11-428J1.4	LOW_COVERAGE
RP11-428J1.5	LOW_COVERAGE
RP11-428K3.1	LOW_COVERAGE
RP11-428L9.1	LOW_COVERAGE
RP11-428L9.2	LOW_COVERAGE
RP11-428O18.6	LOW_COVERAGE
RP11-428P16.2	LOW_COVERAGE
RP11-428P16.3	LOW_COVERAGE
RP11-429B14.1	LOW_COVERAGE
RP11-429G19.3	LOW_COVERAGE
RP11-429J17.2	LOW_COVERAGE
RP11-429J17.5	LOW_COVERAGE
RP11-429J17.7	LOW_COVERAGE
RP11-429J17.8	LOW_COVERAGE
RP11-429O1.1	LOW_COVERAGE
RP11-429P3.5	LOW_COVERAGE
RP11-429P3.8	LOW_COVERAGE
RP11-42F12.1	LOW_COVERAGE
RP11-42I10.1	LOW_COVERAGE
RP11-42O4.2	LOW_COVERAGE
RP11-430B1.1	LOW_COVERAGE
RP11-430B1.2	LOW_COVERAGE
RP11-430C7.2	LOW_COVERAGE
RP11-430C7.4	LOW_COVERAGE
RP11-430C7.5	LOW_COVERAGE
RP11-430E17.1	LOW_COVERAGE
RP11-430H12.2	LOW_COVERAGE
RP11-430L17.1	LOW_COVERAGE
RP11-431J24.2	LOW_COVERAGE
RP11-431N15.2	LOW_COVERAGE
RP11-432B6.1	LOW_COVERAGE
RP11-432B6.3	LOW_COVERAGE
RP11-432I5.2	LOW_COVERAGE
RP11-432I5.4	LOW_COVERAGE
RP11-432I5.6	LOW_COVERAGE
RP11-432I5.8	LOW_COVERAGE
RP11-432J22.2	LOW_COVERAGE
RP11-433A19.2	LOW_COVERAGE
RP11-433O3.1	LOW_COVERAGE
RP11-433P17.2	LOW_COVERAGE
RP11-433P17.3	LOW_COVERAGE
RP11-434B12.1	LOW_COVERAGE
RP11-434D12.1	LOW_COVERAGE
RP11-434D2.11	LOW_COVERAGE
RP11-434D9.1	LOW_COVERAGE
RP11-434E6.4	LOW_COVERAGE
RP11-434H14.1	LOW_COVERAGE
RP11-434H6.7	LOW_COVERAGE
RP11-434P11.1	LOW_COVERAGE
RP11-434P11.2	LOW_COVERAGE
RP11-435D7.3	LOW_COVERAGE
RP11-435J9.2	LOW_COVERAGE
RP11-435O5.2	LOW_COVERAGE
RP11-435O5.4	LOW_COVERAGE
RP11-435O5.5	LOW_COVERAGE
RP11-436D10.3	LOW_COVERAGE
RP11-436I24.1	LOW_COVERAGE
RP11-436M15.1	LOW_COVERAGE
RP11-436M15.3	LOW_COVERAGE
RP11-437B10.1	LOW_COVERAGE
RP11-437J2.3	LOW_COVERAGE
RP11-438D14.2	LOW_COVERAGE
RP11-438D14.3	LOW_COVERAGE
RP11-438D8.2	LOW_COVERAGE
RP11-438J1.1	LOW_COVERAGE
RP11-438L19.1	LOW_COVERAGE
RP11-438L7.3	LOW_COVERAGE
RP11-439A17.9	LOW_COVERAGE
RP11-439E19.10	LOW_COVERAGE
RP11-439E19.9	LOW_COVERAGE
RP11-439H13.2	LOW_COVERAGE
RP11-439H8.4	LOW_COVERAGE
RP11-439M15.1	LOW_COVERAGE
RP11-43D2.2	LOW_COVERAGE
RP11-43F13.1	LOW_COVERAGE
RP11-43N16.4	LOW_COVERAGE
RP11-43N5.1	LOW_COVERAGE
RP11-440D17.3	LOW_COVERAGE
RP11-440D17.4	LOW_COVERAGE
RP11-440L14.1	LOW_COVERAGE
RP11-440L14.4	LOW_COVERAGE
RP11-441O15.3	LOW_COVERAGE
RP11-442G21.2	LOW_COVERAGE
RP11-442H21.2	LOW_COVERAGE
RP11-442N24__B.1	LOW_COVERAGE
RP11-443B20.1	LOW_COVERAGE
RP11-443B7.1	LOW_COVERAGE
RP11-443B7.2	LOW_COVERAGE
RP11-443F16.1	LOW_COVERAGE
RP11-443O13.3	LOW_COVERAGE
RP11-443P15.2	LOW_COVERAGE
RP11-444D3.1	LOW_COVERAGE
RP11-444E17.6	LOW_COVERAGE
RP11-445F12.1	LOW_COVERAGE
RP11-445J14.1	LOW_COVERAGE
RP11-445L13__B.3	LOW_COVERAGE
RP11-445N20.2	LOW_COVERAGE
RP11-445O16.2	LOW_COVERAGE
RP11-445O16.3	LOW_COVERAGE
RP11-446E24.4	LOW_COVERAGE
RP11-446E9.1	LOW_COVERAGE
RP11-446J8.1	LOW_COVERAGE
RP11-446N19.1	LOW_COVERAGE
RP11-447D11.3	LOW_COVERAGE
RP11-447H19.4	LOW_COVERAGE
RP11-447L10.1	LOW_COVERAGE
RP11-448A19.1	LOW_COVERAGE
RP11-448G15.1	LOW_COVERAGE
RP11-448G15.3	LOW_COVERAGE
RP11-448G4.2	LOW_COVERAGE
RP11-448G4.4	LOW_COVERAGE
RP11-449G16.1	LOW_COVERAGE
RP11-449H3.1	LOW_COVERAGE
RP11-449H3.2	LOW_COVERAGE
RP11-449H3.3	LOW_COVERAGE
RP11-449J21.3	LOW_COVERAGE
RP11-449J21.5	LOW_COVERAGE
RP11-449P15.1	LOW_COVERAGE
RP11-449P15.2	LOW_COVERAGE
RP11-44D5.1	LOW_COVERAGE
RP11-44D5.2	LOW_COVERAGE
RP11-44F14.10	LOW_COVERAGE
RP11-44F14.2	LOW_COVERAGE
RP11-44F14.5	LOW_COVERAGE
RP11-44F14.6	LOW_COVERAGE
RP11-44F14.7	LOW_COVERAGE
RP11-44F14.8	LOW_COVERAGE
RP11-44F14.9	LOW_COVERAGE
RP11-44F21.3	LOW_COVERAGE
RP11-44I10.3	LOW_COVERAGE
RP11-44M6.7	LOW_COVERAGE
RP11-44N11.1	LOW_COVERAGE
RP11-44N11.2	LOW_COVERAGE
RP11-44N11.3	LOW_COVERAGE
RP11-44N21.1	LOW_COVERAGE
RP11-44N21.4	LOW_COVERAGE
RP11-44N22.3	LOW_COVERAGE
RP11-451B8.1	LOW_COVERAGE
RP11-451F14.1	LOW_COVERAGE
RP11-451H23.1	LOW_COVERAGE
RP11-452F19.3	LOW_COVERAGE
RP11-452G18.2	LOW_COVERAGE
RP11-452H21.1	LOW_COVERAGE
RP11-452H21.4	LOW_COVERAGE
RP11-452I5.2	LOW_COVERAGE
RP11-452J21.2	LOW_COVERAGE
RP11-452J6.2	LOW_COVERAGE
RP11-452K12.4	LOW_COVERAGE
RP11-452K12.6	LOW_COVERAGE
RP11-452K12.7	LOW_COVERAGE
RP11-452L6.1	LOW_COVERAGE
RP11-452L6.5	LOW_COVERAGE
RP11-452L6.7	LOW_COVERAGE
RP11-452N17.1	LOW_COVERAGE
RP11-453A12.1	LOW_COVERAGE
RP11-453E17.3	LOW_COVERAGE
RP11-453E17.4	LOW_COVERAGE
RP11-453N18.1	LOW_COVERAGE
RP11-454F8.2	LOW_COVERAGE
RP11-454F8.3	LOW_COVERAGE
RP11-454F8.4	LOW_COVERAGE
RP11-454K7.3	LOW_COVERAGE
RP11-454L9.2	LOW_COVERAGE
RP11-455F5.3	LOW_COVERAGE
RP11-455F5.4	LOW_COVERAGE
RP11-455F5.5	LOW_COVERAGE
RP11-455F5.6	LOW_COVERAGE
RP11-455G16.1	LOW_COVERAGE
RP11-455I9.1	LOW_COVERAGE
RP11-455J20.3	LOW_COVERAGE
RP11-455O6.2	LOW_COVERAGE
RP11-455O6.8	LOW_COVERAGE
RP11-455O6.9	LOW_COVERAGE
RP11-455P21.3	LOW_COVERAGE
RP11-456D7.1	LOW_COVERAGE
RP11-456H18.2	LOW_COVERAGE
RP11-456I15.2	LOW_COVERAGE
RP11-456J20.1	LOW_COVERAGE
RP11-456K23.1	LOW_COVERAGE
RP11-456P18.2	LOW_COVERAGE
RP11-457M11.5	LOW_COVERAGE
RP11-457M11.7	LOW_COVERAGE
RP11-458D21.1	LOW_COVERAGE
RP11-458D21.5	LOW_COVERAGE
RP11-458F8.1	LOW_COVERAGE
RP11-458F8.4	LOW_COVERAGE
RP11-458I7.1	LOW_COVERAGE
RP11-458J1.1	LOW_COVERAGE
RP11-459D22.1	LOW_COVERAGE
RP11-459E5.1	LOW_COVERAGE
RP11-459F6.3	LOW_COVERAGE
RP11-459O16.8	LOW_COVERAGE
RP11-459O16.9	LOW_COVERAGE
RP11-45A17.2	LOW_COVERAGE
RP11-45A17.3	LOW_COVERAGE
RP11-45A17.4	LOW_COVERAGE
RP11-45L9.1	LOW_COVERAGE
RP11-45M22.2	LOW_COVERAGE
RP11-45M22.3	LOW_COVERAGE
RP11-45M22.4	LOW_COVERAGE
RP11-45M22.5	LOW_COVERAGE
RP11-45P15.4	LOW_COVERAGE
RP11-460I13.2	LOW_COVERAGE
RP11-460N20.4	LOW_COVERAGE
RP11-460N20.7	LOW_COVERAGE
RP11-461A8.1	LOW_COVERAGE
RP11-461A8.4	LOW_COVERAGE
RP11-461L13.3	LOW_COVERAGE
RP11-461L13.5	LOW_COVERAGE
RP11-462B18.3	LOW_COVERAGE
RP11-462D18.2	LOW_COVERAGE
RP11-462D18.4	LOW_COVERAGE
RP11-462L8.1	LOW_COVERAGE
RP11-462P6.1	LOW_COVERAGE
RP11-463C8.4	LOW_COVERAGE
RP11-463D19.1	LOW_COVERAGE
RP11-463D19.2	LOW_COVERAGE
RP11-463I20.1	LOW_COVERAGE
RP11-463J17.2	LOW_COVERAGE
RP11-463J7.2	LOW_COVERAGE
RP11-463O12.3	LOW_COVERAGE
RP11-463O12.5	LOW_COVERAGE
RP11-463O9.9	LOW_COVERAGE
RP11-464D20.2	LOW_COVERAGE
RP11-464D20.6	LOW_COVERAGE
RP11-464F9.1	LOW_COVERAGE
RP11-464F9.20	LOW_COVERAGE
RP11-464F9.21	LOW_COVERAGE
RP11-464F9.22	LOW_COVERAGE
RP11-465B22.3	LOW_COVERAGE
RP11-465B22.8	LOW_COVERAGE
RP11-465K1.2	LOW_COVERAGE
RP11-465L10.10	LOW_COVERAGE
RP11-465N4.4	LOW_COVERAGE
RP11-465N4.5	LOW_COVERAGE
RP11-466A19.5	LOW_COVERAGE
RP11-466F5.3	LOW_COVERAGE
RP11-466F5.8	LOW_COVERAGE
RP11-466H18.1	LOW_COVERAGE
RP11-467D18.2	LOW_COVERAGE
RP11-467D6.1	LOW_COVERAGE
RP11-467H10.1	LOW_COVERAGE
RP11-467H10.2	LOW_COVERAGE
RP11-467J12.2	LOW_COVERAGE
RP11-467L13.7	LOW_COVERAGE
RP11-467L19.14	LOW_COVERAGE
RP11-467P9.1	LOW_COVERAGE
RP11-468E2.1	LOW_COVERAGE
RP11-468E2.10	LOW_COVERAGE
RP11-468E2.11	LOW_COVERAGE
RP11-468E2.2	LOW_COVERAGE
RP11-468E2.4	LOW_COVERAGE
RP11-468E2.5	LOW_COVERAGE
RP11-468E2.6	LOW_COVERAGE
RP11-468N14.13	LOW_COVERAGE
RP11-469A15.2	LOW_COVERAGE
RP11-469H8.6	LOW_COVERAGE
RP11-469J4.3	LOW_COVERAGE
RP11-469M7.1	LOW_COVERAGE
RP11-46A10.5	LOW_COVERAGE
RP11-46A10.6	LOW_COVERAGE
RP11-46A10.8	LOW_COVERAGE
RP11-46C24.6	LOW_COVERAGE
RP11-46C24.7	LOW_COVERAGE
RP11-46D1.2	LOW_COVERAGE
RP11-46D6.1	LOW_COVERAGE
RP11-46H11.11	LOW_COVERAGE
RP11-46H11.12	LOW_COVERAGE
RP11-46H11.3	LOW_COVERAGE
RP11-46I1.1	LOW_COVERAGE
RP11-46J23.1	LOW_COVERAGE
RP11-46O21.2	LOW_COVERAGE
RP11-470B22.1	LOW_COVERAGE
RP11-470C13.4	LOW_COVERAGE
RP11-470F18.1	LOW_COVERAGE
RP11-470P21.2	LOW_COVERAGE
RP11-471B22.2	LOW_COVERAGE
RP11-471B22.3	LOW_COVERAGE
RP11-471L13.3	LOW_COVERAGE
RP11-471M2.3	LOW_COVERAGE
RP11-471M2.4	LOW_COVERAGE
RP11-473C18.3	LOW_COVERAGE
RP11-473C19.1	LOW_COVERAGE
RP11-473I1.5	LOW_COVERAGE
RP11-473I1.9	LOW_COVERAGE
RP11-473M20.11	LOW_COVERAGE
RP11-473M20.16	LOW_COVERAGE
RP11-473M20.5	LOW_COVERAGE
RP11-473M20.7	LOW_COVERAGE
RP11-473N11.2	LOW_COVERAGE
RP11-473O4.1	LOW_COVERAGE
RP11-473O4.3	LOW_COVERAGE
RP11-473O4.4	LOW_COVERAGE
RP11-473O4.5	LOW_COVERAGE
RP11-474B12.1	LOW_COVERAGE
RP11-474D14.2	LOW_COVERAGE
RP11-474G23.2	LOW_COVERAGE
RP11-474G23.3	LOW_COVERAGE
RP11-474I11.7	LOW_COVERAGE
RP11-474I11.8	LOW_COVERAGE
RP11-474L11.5	LOW_COVERAGE
RP11-474L23.3	LOW_COVERAGE
RP11-474P2.2	LOW_COVERAGE
RP11-474P2.4	LOW_COVERAGE
RP11-474P2.5	LOW_COVERAGE
RP11-474P2.6	LOW_COVERAGE
RP11-474P2.7	LOW_COVERAGE
RP11-475C16.1	LOW_COVERAGE
RP11-475E11.2	LOW_COVERAGE
RP11-475E11.9	LOW_COVERAGE
RP11-475I24.1	LOW_COVERAGE
RP11-475J5.4	LOW_COVERAGE
RP11-475J5.6	LOW_COVERAGE
RP11-475O6.1	LOW_COVERAGE
RP11-476C8.2	LOW_COVERAGE
RP11-476K15.1	LOW_COVERAGE
RP11-477D19.2	LOW_COVERAGE
RP11-477E3.2	LOW_COVERAGE
RP11-477G18.2	LOW_COVERAGE
RP11-477H21.2	LOW_COVERAGE
RP11-477I4.4	LOW_COVERAGE
RP11-477J21.6	LOW_COVERAGE
RP11-477L16.2	LOW_COVERAGE
RP11-477N3.1	LOW_COVERAGE
RP11-478B11.2	LOW_COVERAGE
RP11-478C1.8	LOW_COVERAGE
RP11-478C19.2	LOW_COVERAGE
RP11-478C6.2	LOW_COVERAGE
RP11-478C6.4	LOW_COVERAGE
RP11-478C6.5	LOW_COVERAGE
RP11-478C6.6	LOW_COVERAGE
RP11-478L17.1	LOW_COVERAGE
RP11-479F13.1	LOW_COVERAGE
RP11-479G22.8	LOW_COVERAGE
RP11-479I16.2	LOW_COVERAGE
RP11-479O17.9	LOW_COVERAGE
RP11-479O9.3	LOW_COVERAGE
RP11-479O9.4	LOW_COVERAGE
RP11-47A8.5	LOW_COVERAGE
RP11-47I22.1	LOW_COVERAGE
RP11-47I22.2	LOW_COVERAGE
RP11-47I22.4	LOW_COVERAGE
RP11-47J17.3	LOW_COVERAGE
RP11-480A16.1	LOW_COVERAGE
RP11-480C16.1	LOW_COVERAGE
RP11-480D4.1	LOW_COVERAGE
RP11-480D4.2	LOW_COVERAGE
RP11-480D4.4	LOW_COVERAGE
RP11-480D4.6	LOW_COVERAGE
RP11-480D4.7	LOW_COVERAGE
RP11-480G7.1	LOW_COVERAGE
RP11-480G7.2	LOW_COVERAGE
RP11-480I12.2	LOW_COVERAGE
RP11-480I12.5	LOW_COVERAGE
RP11-480I12.7	LOW_COVERAGE
RP11-480I12.9	LOW_COVERAGE
RP11-481C4.1	LOW_COVERAGE
RP11-481C4.2	LOW_COVERAGE
RP11-481E4.1	LOW_COVERAGE
RP11-481J13.1	LOW_COVERAGE
RP11-481J2.3	LOW_COVERAGE
RP11-481J2.4	LOW_COVERAGE
RP11-481K16.2	LOW_COVERAGE
RP11-482H16.1	LOW_COVERAGE
RP11-482M8.1	LOW_COVERAGE
RP11-483C6.1	LOW_COVERAGE
RP11-483F11.7	LOW_COVERAGE
RP11-483H20.4	LOW_COVERAGE
RP11-483I13.2	LOW_COVERAGE
RP11-483I13.5	LOW_COVERAGE
RP11-483I13.6	LOW_COVERAGE
RP11-483L5.1	LOW_COVERAGE
RP11-483P21.2	LOW_COVERAGE
RP11-484D2.2	LOW_COVERAGE
RP11-484D2.3	LOW_COVERAGE
RP11-484D2.4	LOW_COVERAGE
RP11-484D2.5	LOW_COVERAGE
RP11-484K9.4	LOW_COVERAGE
RP11-484N16.1	LOW_COVERAGE
RP11-485F13.1	LOW_COVERAGE
RP11-485G4.2	LOW_COVERAGE
RP11-485G7.5	LOW_COVERAGE
RP11-485G7.6	LOW_COVERAGE
RP11-485M7.2	LOW_COVERAGE
RP11-485O10.2	LOW_COVERAGE
RP11-485O10.3	LOW_COVERAGE
RP11-486A14.1	LOW_COVERAGE
RP11-486A14.2	LOW_COVERAGE
RP11-486B10.4	LOW_COVERAGE
RP11-486F17.1	LOW_COVERAGE
RP11-486G15.1	LOW_COVERAGE
RP11-486G15.2	LOW_COVERAGE
RP11-486I11.2	LOW_COVERAGE
RP11-486L19.2	LOW_COVERAGE
RP11-486M23.1	LOW_COVERAGE
RP11-486O12.2	LOW_COVERAGE
RP11-486P11.1	LOW_COVERAGE
RP11-487E1.2	LOW_COVERAGE
RP11-487I5.4	LOW_COVERAGE
RP11-488C13.1	LOW_COVERAGE
RP11-488C13.5	LOW_COVERAGE
RP11-488C13.6	LOW_COVERAGE
RP11-488C13.7	LOW_COVERAGE
RP11-488L18.1	LOW_COVERAGE
RP11-488L18.10	LOW_COVERAGE
RP11-488L18.3	LOW_COVERAGE
RP11-488L18.4	LOW_COVERAGE
RP11-488L18.6	LOW_COVERAGE
RP11-488L18.8	LOW_COVERAGE
RP11-488P3.1	LOW_COVERAGE
RP11-489E7.4	LOW_COVERAGE
RP11-489G11.3	LOW_COVERAGE
RP11-489N22.3	LOW_COVERAGE
RP11-48B14.1	LOW_COVERAGE
RP11-48B3.3	LOW_COVERAGE
RP11-48B3.4	LOW_COVERAGE
RP11-48B3.5	LOW_COVERAGE
RP11-48G14.1	LOW_COVERAGE
RP11-48G14.2	LOW_COVERAGE
RP11-48G14.3	LOW_COVERAGE
RP11-490B18.6	LOW_COVERAGE
RP11-490E15.2	LOW_COVERAGE
RP11-490G8.1	LOW_COVERAGE
RP11-490H24.5	LOW_COVERAGE
RP11-490K7.4	LOW_COVERAGE
RP11-490M8.1	LOW_COVERAGE
RP11-490O6.2	LOW_COVERAGE
RP11-491F9.1	LOW_COVERAGE
RP11-492E3.51	LOW_COVERAGE
RP11-492I21.1	LOW_COVERAGE
RP11-492M23.2	LOW_COVERAGE
RP11-493E12.1	LOW_COVERAGE
RP11-493E12.2	LOW_COVERAGE
RP11-493E12.3	LOW_COVERAGE
RP11-493E3.1	LOW_COVERAGE
RP11-493G17.4	LOW_COVERAGE
RP11-493L12.4	LOW_COVERAGE
RP11-493P1.2	LOW_COVERAGE
RP11-494M8.4	LOW_COVERAGE
RP11-495K9.5	LOW_COVERAGE
RP11-495P10.1	LOW_COVERAGE
RP11-495P10.10	LOW_COVERAGE
RP11-496D24.2	LOW_COVERAGE
RP11-496H1.1	LOW_COVERAGE
RP11-496H1.2	LOW_COVERAGE
RP11-496I2.5	LOW_COVERAGE
RP11-496I9.1	LOW_COVERAGE
RP11-497G19.1	LOW_COVERAGE
RP11-497G19.2	LOW_COVERAGE
RP11-497H16.5	LOW_COVERAGE
RP11-497H16.9	LOW_COVERAGE
RP11-498B4.5	LOW_COVERAGE
RP11-498C9.12	LOW_COVERAGE
RP11-498C9.13	LOW_COVERAGE
RP11-498C9.15	LOW_COVERAGE
RP11-498C9.16	LOW_COVERAGE
RP11-498C9.2	LOW_COVERAGE
RP11-498C9.3	LOW_COVERAGE
RP11-498C9.4	LOW_COVERAGE
RP11-498E2.7	LOW_COVERAGE
RP11-498E2.8	LOW_COVERAGE
RP11-498P14.3	LOW_COVERAGE
RP11-498P14.5	LOW_COVERAGE
RP11-499E14.1	LOW_COVERAGE
RP11-499E18.1	LOW_COVERAGE
RP11-499F3.1	LOW_COVERAGE
RP11-499F3.2	LOW_COVERAGE
RP11-499P20.2	LOW_COVERAGE
RP11-49C9.2	LOW_COVERAGE
RP11-49I11.1	LOW_COVERAGE
RP11-49I11.4	LOW_COVERAGE
RP11-49K24.3	LOW_COVERAGE
RP11-49K24.4	LOW_COVERAGE
RP11-49K24.5	LOW_COVERAGE
RP11-49K24.6	LOW_COVERAGE
RP11-49K24.8	LOW_COVERAGE
RP11-49O14.2	LOW_COVERAGE
RP11-4B16.1	LOW_COVERAGE
RP11-4B16.4	LOW_COVERAGE
RP11-4K16.2	LOW_COVERAGE
RP11-4K3__A.3	LOW_COVERAGE
RP11-4L24.4	LOW_COVERAGE
RP11-4O1.2	LOW_COVERAGE
RP11-500C11.3	LOW_COVERAGE
RP11-500C12.1	LOW_COVERAGE
RP11-500G10.5	LOW_COVERAGE
RP11-500G22.5	LOW_COVERAGE
RP11-500M8.4	LOW_COVERAGE
RP11-500M8.7	LOW_COVERAGE
RP11-501C14.9	LOW_COVERAGE
RP11-502I4.3	LOW_COVERAGE
RP11-502M1.1	LOW_COVERAGE
RP11-502M1.2	LOW_COVERAGE
RP11-503E24.2	LOW_COVERAGE
RP11-503N18.1	LOW_COVERAGE
RP11-503N18.5	LOW_COVERAGE
RP11-503P10.1	LOW_COVERAGE
RP11-504G3.2	LOW_COVERAGE
RP11-504G3.4	LOW_COVERAGE
RP11-504P24.3	LOW_COVERAGE
RP11-504P24.5	LOW_COVERAGE
RP11-504P24.8	LOW_COVERAGE
RP11-504P24.9	LOW_COVERAGE
RP11-505K9.1	LOW_COVERAGE
RP11-505K9.3	LOW_COVERAGE
RP11-505K9.4	LOW_COVERAGE
RP11-505K9.5	LOW_COVERAGE
RP11-505P4.6	LOW_COVERAGE
RP11-506H20.1	LOW_COVERAGE
RP11-506H20.2	LOW_COVERAGE
RP11-506H21.5	LOW_COVERAGE
RP11-506K6.4	LOW_COVERAGE
RP11-506M12.1	LOW_COVERAGE
RP11-506M13.3	LOW_COVERAGE
RP11-506O24.1	LOW_COVERAGE
RP11-506O24.2	LOW_COVERAGE
RP11-507B12.1	LOW_COVERAGE
RP11-507B12.2	LOW_COVERAGE
RP11-507E23.1	LOW_COVERAGE
RP11-507J18.2	LOW_COVERAGE
RP11-507J18.5	LOW_COVERAGE
RP11-507K13.4	LOW_COVERAGE
RP11-507K13.6	LOW_COVERAGE
RP11-507K2.2	LOW_COVERAGE
RP11-507K2.3	LOW_COVERAGE
RP11-507K2.6	LOW_COVERAGE
RP11-507M3.1	LOW_COVERAGE
RP11-508N12.2	LOW_COVERAGE
RP11-508N12.3	LOW_COVERAGE
RP11-508N12.4	LOW_COVERAGE
RP11-508N22.12	LOW_COVERAGE
RP11-509A17.3	LOW_COVERAGE
RP11-509J21.2	LOW_COVERAGE
RP11-50B3.4	LOW_COVERAGE
RP11-50C13.1	LOW_COVERAGE
RP11-50D9.1	LOW_COVERAGE
RP11-50D9.3	LOW_COVERAGE
RP11-50E11.2	LOW_COVERAGE
RP11-50I19.2	LOW_COVERAGE
RP11-510J16.5	LOW_COVERAGE
RP11-510M2.2	LOW_COVERAGE
RP11-510N19.5	LOW_COVERAGE
RP11-511B23.2	LOW_COVERAGE
RP11-511B23.3	LOW_COVERAGE
RP11-511H23.2	LOW_COVERAGE
RP11-511H9.3	LOW_COVERAGE
RP11-512F24.1	LOW_COVERAGE
RP11-512M8.11	LOW_COVERAGE
RP11-512M8.5	LOW_COVERAGE
RP11-512N21.3	LOW_COVERAGE
RP11-512N4.2	LOW_COVERAGE
RP11-513D5.2	LOW_COVERAGE
RP11-513D5.5	LOW_COVERAGE
RP11-513G11.4	LOW_COVERAGE
RP11-513G19.1	LOW_COVERAGE
RP11-513I15.6	LOW_COVERAGE
RP11-513M16.7	LOW_COVERAGE
RP11-513M16.8	LOW_COVERAGE
RP11-514O12.4	LOW_COVERAGE
RP11-514P8.2	LOW_COVERAGE
RP11-514P8.6	LOW_COVERAGE
RP11-514P8.7	LOW_COVERAGE
RP11-514P8.8	LOW_COVERAGE
RP11-515O17.2	LOW_COVERAGE
RP11-516A11.1	LOW_COVERAGE
RP11-516C1.1	LOW_COVERAGE
RP11-517B11.7	LOW_COVERAGE
RP11-517C16.2	LOW_COVERAGE
RP11-517C16.4	LOW_COVERAGE
RP11-517H2.6	LOW_COVERAGE
RP11-517I3.1	LOW_COVERAGE
RP11-517I3.2	LOW_COVERAGE
RP11-517M22.1	LOW_COVERAGE
RP11-517O13.1	LOW_COVERAGE
RP11-517O13.3	LOW_COVERAGE
RP11-517P14.2	LOW_COVERAGE
RP11-518L10.5	LOW_COVERAGE
RP11-519C12.1	LOW_COVERAGE
RP11-519G16.3	LOW_COVERAGE
RP11-519M16.1	LOW_COVERAGE
RP11-51F16.1	LOW_COVERAGE
RP11-51F16.8	LOW_COVERAGE
RP11-51F16.9	LOW_COVERAGE
RP11-51J9.4	LOW_COVERAGE
RP11-51J9.5	LOW_COVERAGE
RP11-51J9.6	LOW_COVERAGE
RP11-51L5.3	LOW_COVERAGE
RP11-51O6.1	LOW_COVERAGE
RP11-520B13.8	LOW_COVERAGE
RP11-520H14.7	LOW_COVERAGE
RP11-521B24.3	LOW_COVERAGE
RP11-521B24.4	LOW_COVERAGE
RP11-521B24.5	LOW_COVERAGE
RP11-521C20.3	LOW_COVERAGE
RP11-521C22.2	LOW_COVERAGE
RP11-521D12.1	LOW_COVERAGE
RP11-521I2.3	LOW_COVERAGE
RP11-521L9.1	LOW_COVERAGE
RP11-521L9.2	LOW_COVERAGE
RP11-522B15.3	LOW_COVERAGE
RP11-522B15.4	LOW_COVERAGE
RP11-522B15.6	LOW_COVERAGE
RP11-522I20.3	LOW_COVERAGE
RP11-522L3.11	LOW_COVERAGE
RP11-522L3.4	LOW_COVERAGE
RP11-522L3.5	LOW_COVERAGE
RP11-522L3.6	LOW_COVERAGE
RP11-522L3.9	LOW_COVERAGE
RP11-522N14.2	LOW_COVERAGE
RP11-523H20.3	LOW_COVERAGE
RP11-523H24.3	LOW_COVERAGE
RP11-524F11.2	LOW_COVERAGE
RP11-524H19.2	LOW_COVERAGE
RP11-524O1.4	LOW_COVERAGE
RP11-524O24.2	LOW_COVERAGE
RP11-525E9.1	LOW_COVERAGE
RP11-525G12.1	LOW_COVERAGE
RP11-525G13.2	LOW_COVERAGE
RP11-525K10.3	LOW_COVERAGE
RP11-526D8.11	LOW_COVERAGE
RP11-526F3.1	LOW_COVERAGE
RP11-526I2.5	LOW_COVERAGE
RP11-526K21.2	LOW_COVERAGE
RP11-527F13.1	LOW_COVERAGE
RP11-527H14.4	LOW_COVERAGE
RP11-527H14.6	LOW_COVERAGE
RP11-527J8.1	LOW_COVERAGE
RP11-528M18.2	LOW_COVERAGE
RP11-529E10.6	LOW_COVERAGE
RP11-529F4.1	LOW_COVERAGE
RP11-529H2.2	LOW_COVERAGE
RP11-529H20.3	LOW_COVERAGE
RP11-529H22.1	LOW_COVERAGE
RP11-529J17.3	LOW_COVERAGE
RP11-529K1.2	LOW_COVERAGE
RP11-529K1.3	LOW_COVERAGE
RP11-529K1.4	LOW_COVERAGE
RP11-52A20.2	LOW_COVERAGE
RP11-52I18.1	LOW_COVERAGE
RP11-52J3.2	LOW_COVERAGE
RP11-52J3.3	LOW_COVERAGE
RP11-530C5.1	LOW_COVERAGE
RP11-530C5.2	LOW_COVERAGE
RP11-530C5.4	LOW_COVERAGE
RP11-530N7.2	LOW_COVERAGE
RP11-530N7.3	LOW_COVERAGE
RP11-531A24.5	LOW_COVERAGE
RP11-531A24.7	LOW_COVERAGE
RP11-531F16.3	LOW_COVERAGE
RP11-531F16.4	LOW_COVERAGE
RP11-532E4.2	LOW_COVERAGE
RP11-532F12.5	LOW_COVERAGE
RP11-532F6.2	LOW_COVERAGE
RP11-532F6.3	LOW_COVERAGE
RP11-532M24.1	LOW_COVERAGE
RP11-533E19.3	LOW_COVERAGE
RP11-533E19.5	LOW_COVERAGE
RP11-533E19.7	LOW_COVERAGE
RP11-533K9.3	LOW_COVERAGE
RP11-534C12.1	LOW_COVERAGE
RP11-535A19.1	LOW_COVERAGE
RP11-535A19.2	LOW_COVERAGE
RP11-535C21.3	LOW_COVERAGE
RP11-535M15.1	LOW_COVERAGE
RP11-535M15.2	LOW_COVERAGE
RP11-536C12.1	LOW_COVERAGE
RP11-536C5.7	LOW_COVERAGE
RP11-536K7.3	LOW_COVERAGE
RP11-536L3.4	LOW_COVERAGE
RP11-537A6.9	LOW_COVERAGE
RP11-537E18.1	LOW_COVERAGE
RP11-537H15.3	LOW_COVERAGE
RP11-537I16.2	LOW_COVERAGE
RP11-538D16.2	LOW_COVERAGE
RP11-538I12.2	LOW_COVERAGE
RP11-538P18.1	LOW_COVERAGE
RP11-538P18.2	LOW_COVERAGE
RP11-539E19.2	LOW_COVERAGE
RP11-539G18.1	LOW_COVERAGE
RP11-539G18.2	LOW_COVERAGE
RP11-539G18.3	LOW_COVERAGE
RP11-539I5.1	LOW_COVERAGE
RP11-539L10.2	LOW_COVERAGE
RP11-539L10.3	LOW_COVERAGE
RP11-53B2.1	LOW_COVERAGE
RP11-53B2.2	LOW_COVERAGE
RP11-53B2.3	LOW_COVERAGE
RP11-53B2.4	LOW_COVERAGE
RP11-53B2.5	LOW_COVERAGE
RP11-53B2.6	LOW_COVERAGE
RP11-53I6.2	LOW_COVERAGE
RP11-53I6.3	LOW_COVERAGE
RP11-53I6.4	LOW_COVERAGE
RP11-53O19.1	LOW_COVERAGE
RP11-53O19.3	LOW_COVERAGE
RP11-540A21.2	LOW_COVERAGE
RP11-540B6.6	LOW_COVERAGE
RP11-540D14.8	LOW_COVERAGE
RP11-540O11.1	LOW_COVERAGE
RP11-540O11.4	LOW_COVERAGE
RP11-540O11.6	LOW_COVERAGE
RP11-540O11.7	LOW_COVERAGE
RP11-540O11.8	LOW_COVERAGE
RP11-541F9.2	LOW_COVERAGE
RP11-541N10.3	LOW_COVERAGE
RP11-542B15.1	LOW_COVERAGE
RP11-542C16.1	LOW_COVERAGE
RP11-542C16.2	LOW_COVERAGE
RP11-542K23.9	LOW_COVERAGE
RP11-543B16.1	LOW_COVERAGE
RP11-543B16.2	LOW_COVERAGE
RP11-543H12.1	LOW_COVERAGE
RP11-543P15.1	LOW_COVERAGE
RP11-544A12.4	LOW_COVERAGE
RP11-544A12.8	LOW_COVERAGE
RP11-544I20.2	LOW_COVERAGE
RP11-544M22.13	LOW_COVERAGE
RP11-544M22.3	LOW_COVERAGE
RP11-544M22.8	LOW_COVERAGE
RP11-544O24.2	LOW_COVERAGE
RP11-545A16.3	LOW_COVERAGE
RP11-545A16.4	LOW_COVERAGE
RP11-545D19.1	LOW_COVERAGE
RP11-545E17.3	LOW_COVERAGE
RP11-545G3.1	LOW_COVERAGE
RP11-545I5.3	LOW_COVERAGE
RP11-545J16.1	LOW_COVERAGE
RP11-545M17.1	LOW_COVERAGE
RP11-545M17.2	LOW_COVERAGE
RP11-545P7.4	LOW_COVERAGE
RP11-545P7.9	LOW_COVERAGE
RP11-546B15.1	LOW_COVERAGE
RP11-546B8.3	LOW_COVERAGE
RP11-546D6.3	LOW_COVERAGE
RP11-546J1.1	LOW_COVERAGE
RP11-546K22.3	LOW_COVERAGE
RP11-547D13.1	LOW_COVERAGE
RP11-547D23.1	LOW_COVERAGE
RP11-547I7.1	LOW_COVERAGE
RP11-548B3.3	LOW_COVERAGE
RP11-548H18.2	LOW_COVERAGE
RP11-548H3.1	LOW_COVERAGE
RP11-548K23.11	LOW_COVERAGE
RP11-549A6.1	LOW_COVERAGE
RP11-549B18.1	LOW_COVERAGE
RP11-549J18.1	LOW_COVERAGE
RP11-549L6.2	LOW_COVERAGE
RP11-549L6.3	LOW_COVERAGE
RP11-54A4.2	LOW_COVERAGE
RP11-54C4.3	LOW_COVERAGE
RP11-54D18.4	LOW_COVERAGE
RP11-54O7.1	LOW_COVERAGE
RP11-54O7.14	LOW_COVERAGE
RP11-54O7.16	LOW_COVERAGE
RP11-54O7.17	LOW_COVERAGE
RP11-54O7.18	LOW_COVERAGE
RP11-54O7.2	LOW_COVERAGE
RP11-54O7.3	LOW_COVERAGE
RP11-550A18.1	LOW_COVERAGE
RP11-550F7.1	LOW_COVERAGE
RP11-550I24.2	LOW_COVERAGE
RP11-551G24.2	LOW_COVERAGE
RP11-551L14.1	LOW_COVERAGE
RP11-551L14.4	LOW_COVERAGE
RP11-552F3.10	LOW_COVERAGE
RP11-552F3.12	LOW_COVERAGE
RP11-552F3.13	LOW_COVERAGE
RP11-552F3.4	LOW_COVERAGE
RP11-552F3.9	LOW_COVERAGE
RP11-552M11.4	LOW_COVERAGE
RP11-552M11.8	LOW_COVERAGE
RP11-552M6.1	LOW_COVERAGE
RP11-553A10.1	LOW_COVERAGE
RP11-553D4.2	LOW_COVERAGE
RP11-553K23.2	LOW_COVERAGE
RP11-553L6.5	LOW_COVERAGE
RP11-553P9.3	LOW_COVERAGE
RP11-554D14.2	LOW_COVERAGE
RP11-554D14.4	LOW_COVERAGE
RP11-554D14.6	LOW_COVERAGE
RP11-554D14.7	LOW_COVERAGE
RP11-554D14.8	LOW_COVERAGE
RP11-554D20.1	LOW_COVERAGE
RP11-554D20.2	LOW_COVERAGE
RP11-554E23.4	LOW_COVERAGE
RP11-554F20.1	LOW_COVERAGE
RP11-554J4.1	LOW_COVERAGE
RP11-555J4.4	LOW_COVERAGE
RP11-556I14.2	LOW_COVERAGE
RP11-556K13.1	LOW_COVERAGE
RP11-556N21.1	LOW_COVERAGE
RP11-556O9.2	LOW_COVERAGE
RP11-556O9.4	LOW_COVERAGE
RP11-557C18.3	LOW_COVERAGE
RP11-557C9.1	LOW_COVERAGE
RP11-557C9.3	LOW_COVERAGE
RP11-557J10.3	LOW_COVERAGE
RP11-557J10.4	LOW_COVERAGE
RP11-558F24.4	LOW_COVERAGE
RP11-559M23.1	LOW_COVERAGE
RP11-55J15.2	LOW_COVERAGE
RP11-55K13.1	LOW_COVERAGE
RP11-55L4.1	LOW_COVERAGE
RP11-55L4.2	LOW_COVERAGE
RP11-560B16.5	LOW_COVERAGE
RP11-560J1.2	LOW_COVERAGE
RP11-560O20.1	LOW_COVERAGE
RP11-561B11.2	LOW_COVERAGE
RP11-561C5.4	LOW_COVERAGE
RP11-561N12.1	LOW_COVERAGE
RP11-561N12.8	LOW_COVERAGE
RP11-561O4.1	LOW_COVERAGE
RP11-562A8.1	LOW_COVERAGE
RP11-562A8.4	LOW_COVERAGE
RP11-562A8.5	LOW_COVERAGE
RP11-563E2.2	LOW_COVERAGE
RP11-563J2.2	LOW_COVERAGE
RP11-563J2.3	LOW_COVERAGE
RP11-563M4.1	LOW_COVERAGE
RP11-563N4.1	LOW_COVERAGE
RP11-564A8.4	LOW_COVERAGE
RP11-564D11.3	LOW_COVERAGE
RP11-565F19.2	LOW_COVERAGE
RP11-565P22.6	LOW_COVERAGE
RP11-566E18.1	LOW_COVERAGE
RP11-566K11.4	LOW_COVERAGE
RP11-566K11.5	LOW_COVERAGE
RP11-566K11.7	LOW_COVERAGE
RP11-567C2.1	LOW_COVERAGE
RP11-567F11.1	LOW_COVERAGE
RP11-567F11.2	LOW_COVERAGE
RP11-567G11.1	LOW_COVERAGE
RP11-567G24.1	LOW_COVERAGE
RP11-567I13.1	LOW_COVERAGE
RP11-567L7.3	LOW_COVERAGE
RP11-567L7.5	LOW_COVERAGE
RP11-567M16.6	LOW_COVERAGE
RP11-567O18.1	LOW_COVERAGE
RP11-567P17.1	LOW_COVERAGE
RP11-567P17.2	LOW_COVERAGE
RP11-568G11.4	LOW_COVERAGE
RP11-568G11.5	LOW_COVERAGE
RP11-568J23.4	LOW_COVERAGE
RP11-568J23.5	LOW_COVERAGE
RP11-568J23.8	LOW_COVERAGE
RP11-568K15.1	LOW_COVERAGE
RP11-568N6.1	LOW_COVERAGE
RP11-56A10.1	LOW_COVERAGE
RP11-56B16.1	LOW_COVERAGE
RP11-56B16.2	LOW_COVERAGE
RP11-56B16.4	LOW_COVERAGE
RP11-56B16.5	LOW_COVERAGE
RP11-56B16.6	LOW_COVERAGE
RP11-56D16.8	LOW_COVERAGE
RP11-56G10.2	LOW_COVERAGE
RP11-56H16.1	LOW_COVERAGE
RP11-570L14.2	LOW_COVERAGE
RP11-570L15.1	LOW_COVERAGE
RP11-570P14.1	LOW_COVERAGE
RP11-571F15.2	LOW_COVERAGE
RP11-571F15.3	LOW_COVERAGE
RP11-571I18.4	LOW_COVERAGE
RP11-571I18.5	LOW_COVERAGE
RP11-571L19.8	LOW_COVERAGE
RP11-571M6.15	LOW_COVERAGE
RP11-571M6.17	LOW_COVERAGE
RP11-571M6.18	LOW_COVERAGE
RP11-571M6.7	LOW_COVERAGE
RP11-572B2.1	LOW_COVERAGE
RP11-572C15.3	LOW_COVERAGE
RP11-572C15.5	LOW_COVERAGE
RP11-572M11.4	LOW_COVERAGE
RP11-572O17.1	LOW_COVERAGE
RP11-572P18.1	LOW_COVERAGE
RP11-573D15.1	LOW_COVERAGE
RP11-573D15.2	LOW_COVERAGE
RP11-573D15.8	LOW_COVERAGE
RP11-573D15.9	LOW_COVERAGE
RP11-573G6.4	LOW_COVERAGE
RP11-573J24.1	LOW_COVERAGE
RP11-573M3.2	LOW_COVERAGE
RP11-573M3.3	LOW_COVERAGE
RP11-573N10.1	LOW_COVERAGE
RP11-574F21.2	LOW_COVERAGE
RP11-574F21.3	LOW_COVERAGE
RP11-574K11.24	LOW_COVERAGE
RP11-574K11.26	LOW_COVERAGE
RP11-574K11.29	LOW_COVERAGE
RP11-574K11.31	LOW_COVERAGE
RP11-574K11.32	LOW_COVERAGE
RP11-574K11.5	LOW_COVERAGE
RP11-574K11.8	LOW_COVERAGE
RP11-575A19.2	LOW_COVERAGE
RP11-575F12.3	LOW_COVERAGE
RP11-575G13.2	LOW_COVERAGE
RP11-575L7.2	LOW_COVERAGE
RP11-575L7.4	LOW_COVERAGE
RP11-575L7.8	LOW_COVERAGE
RP11-575M22.1	LOW_COVERAGE
RP11-575N15.1	LOW_COVERAGE
RP11-576C12.1	LOW_COVERAGE
RP11-576I22.2	LOW_COVERAGE
RP11-577H5.1	LOW_COVERAGE
RP11-578F21.2	LOW_COVERAGE
RP11-578O24.2	LOW_COVERAGE
RP11-579D7.2	LOW_COVERAGE
RP11-579D7.4	LOW_COVERAGE
RP11-579O24.3	LOW_COVERAGE
RP11-57A19.2	LOW_COVERAGE
RP11-57B24.1	LOW_COVERAGE
RP11-57C13.3	LOW_COVERAGE
RP11-57C13.6	LOW_COVERAGE
RP11-57G10.8	LOW_COVERAGE
RP11-57H12.2	LOW_COVERAGE
RP11-57H12.3	LOW_COVERAGE
RP11-57H12.5	LOW_COVERAGE
RP11-57H14.2	LOW_COVERAGE
RP11-57H14.4	LOW_COVERAGE
RP11-57H14.5	LOW_COVERAGE
RP11-57K17.1	LOW_COVERAGE
RP11-580I1.1	LOW_COVERAGE
RP11-580I1.2	LOW_COVERAGE
RP11-580I16.2	LOW_COVERAGE
RP11-582E3.4	LOW_COVERAGE
RP11-582E3.6	LOW_COVERAGE
RP11-582J16.3	LOW_COVERAGE
RP11-582J16.4	LOW_COVERAGE
RP11-582J16.5	LOW_COVERAGE
RP11-583F2.1	LOW_COVERAGE
RP11-583F2.2	LOW_COVERAGE
RP11-583F2.5	LOW_COVERAGE
RP11-583F2.7	LOW_COVERAGE
RP11-584P21.2	LOW_COVERAGE
RP11-585P4.5	LOW_COVERAGE
RP11-585P4.6	LOW_COVERAGE
RP11-586D19.1	LOW_COVERAGE
RP11-586D19.2	LOW_COVERAGE
RP11-586K2.1	LOW_COVERAGE
RP11-587D21.1	LOW_COVERAGE
RP11-588H23.3	LOW_COVERAGE
RP11-588K22.2	LOW_COVERAGE
RP11-588L15.2	LOW_COVERAGE
RP11-589F5.4	LOW_COVERAGE
RP11-589M4.1	LOW_COVERAGE
RP11-589M4.4	LOW_COVERAGE
RP11-589N15.2	LOW_COVERAGE
RP11-589P10.5	LOW_COVERAGE
RP11-589P10.7	LOW_COVERAGE
RP11-58A11.2	LOW_COVERAGE
RP11-58A17.3	LOW_COVERAGE
RP11-58E21.3	LOW_COVERAGE
RP11-58E21.4	LOW_COVERAGE
RP11-58E21.5	LOW_COVERAGE
RP11-58G13.1	LOW_COVERAGE
RP11-58H15.1	LOW_COVERAGE
RP11-58K22.4	LOW_COVERAGE
RP11-58K22.5	LOW_COVERAGE
RP11-58O9.2	LOW_COVERAGE
RP11-592N21.1	LOW_COVERAGE
RP11-592N21.2	LOW_COVERAGE
RP11-592P9.3	LOW_COVERAGE
RP11-593F23.1	LOW_COVERAGE
RP11-594N15.3	LOW_COVERAGE
RP11-596C23.2	LOW_COVERAGE
RP11-596D21.1	LOW_COVERAGE
RP11-597A11.4	LOW_COVERAGE
RP11-597D13.7	LOW_COVERAGE
RP11-597D13.8	LOW_COVERAGE
RP11-597D13.9	LOW_COVERAGE
RP11-597M12.1	LOW_COVERAGE
RP11-598P20.3	LOW_COVERAGE
RP11-598P20.5	LOW_COVERAGE
RP11-599B13.3	LOW_COVERAGE
RP11-599B13.6	LOW_COVERAGE
RP11-599B13.9	LOW_COVERAGE
RP11-599J14.2	LOW_COVERAGE
RP11-59C5.3	LOW_COVERAGE
RP11-59H7.3	LOW_COVERAGE
RP11-59H7.4	LOW_COVERAGE
RP11-59N23.1	LOW_COVERAGE
RP11-5A11.1	LOW_COVERAGE
RP11-5A11.2	LOW_COVERAGE
RP11-5A19.5	LOW_COVERAGE
RP11-5C23.1	LOW_COVERAGE
RP11-5C23.2	LOW_COVERAGE
RP11-5G9.5	LOW_COVERAGE
RP11-5L12.1	LOW_COVERAGE
RP11-5N11.2	LOW_COVERAGE
RP11-5N19.3	LOW_COVERAGE
RP11-5O17.1	LOW_COVERAGE
RP11-5O23.2	LOW_COVERAGE
RP11-5P18.5	LOW_COVERAGE
RP11-600F24.7	LOW_COVERAGE
RP11-601H16.1	LOW_COVERAGE
RP11-603B13.1	LOW_COVERAGE
RP11-603B24.1	LOW_COVERAGE
RP11-603B24.2	LOW_COVERAGE
RP11-603J24.14	LOW_COVERAGE
RP11-603J24.17	LOW_COVERAGE
RP11-603J24.5	LOW_COVERAGE
RP11-603J24.6	LOW_COVERAGE
RP11-603J24.7	LOW_COVERAGE
RP11-603J24.9	LOW_COVERAGE
RP11-603K19.1	LOW_COVERAGE
RP11-605F22.1	LOW_COVERAGE
RP11-606P2.1	LOW_COVERAGE
RP11-607P23.1	LOW_COVERAGE
RP11-608O21.1	LOW_COVERAGE
RP11-608O8.2	LOW_COVERAGE
RP11-609D21.3	LOW_COVERAGE
RP11-609N14.4	LOW_COVERAGE
RP11-60A24.3	LOW_COVERAGE
RP11-60I3.4	LOW_COVERAGE
RP11-610P16.1	LOW_COVERAGE
RP11-611E13.2	LOW_COVERAGE
RP11-611E13.3	LOW_COVERAGE
RP11-611L7.2	LOW_COVERAGE
RP11-611O2.1	LOW_COVERAGE
RP11-611O2.2	LOW_COVERAGE
RP11-611O2.3	LOW_COVERAGE
RP11-611O2.5	LOW_COVERAGE
RP11-612B6.2	LOW_COVERAGE
RP11-613C6.2	LOW_COVERAGE
RP11-613C6.4	LOW_COVERAGE
RP11-613D13.4	LOW_COVERAGE
RP11-613D13.5	LOW_COVERAGE
RP11-613F22.6	LOW_COVERAGE
RP11-613F22.8	LOW_COVERAGE
RP11-613F7.1	LOW_COVERAGE
RP11-613M10.6	LOW_COVERAGE
RP11-613M10.8	LOW_COVERAGE
RP11-613M10.9	LOW_COVERAGE
RP11-615I2.2	LOW_COVERAGE
RP11-616K22.1	LOW_COVERAGE
RP11-616K22.2	LOW_COVERAGE
RP11-616M17.1	LOW_COVERAGE
RP11-616M22.12	LOW_COVERAGE
RP11-616M22.7	LOW_COVERAGE
RP11-617F23.1	LOW_COVERAGE
RP11-617F23.2	LOW_COVERAGE
RP11-618G20.1	LOW_COVERAGE
RP11-618K13.2	LOW_COVERAGE
RP11-618N24.1	LOW_COVERAGE
RP11-618P13.1	LOW_COVERAGE
RP11-618P17.4	LOW_COVERAGE
RP11-619I22.1	LOW_COVERAGE
RP11-61A14.3	LOW_COVERAGE
RP11-61A14.4	LOW_COVERAGE
RP11-61E11.1	LOW_COVERAGE
RP11-61I13.3	LOW_COVERAGE
RP11-61J19.5	LOW_COVERAGE
RP11-61K9.3	LOW_COVERAGE
RP11-61L19.1	LOW_COVERAGE
RP11-61L19.2	LOW_COVERAGE
RP11-61L19.3	LOW_COVERAGE
RP11-61L23.2	LOW_COVERAGE
RP11-61N20.3	LOW_COVERAGE
RP11-620J15.1	LOW_COVERAGE
RP11-620J15.3	LOW_COVERAGE
RP11-622C24.2	LOW_COVERAGE
RP11-624D20.1	LOW_COVERAGE
RP11-624G17.3	LOW_COVERAGE
RP11-624L4.1	LOW_COVERAGE
RP11-624L4.2	LOW_COVERAGE
RP11-626G11.1	LOW_COVERAGE
RP11-626G11.3	LOW_COVERAGE
RP11-626G11.4	LOW_COVERAGE
RP11-626G11.5	LOW_COVERAGE
RP11-626H12.2	LOW_COVERAGE
RP11-626H12.3	LOW_COVERAGE
RP11-626P14.1	LOW_COVERAGE
RP11-626P14.2	LOW_COVERAGE
RP11-627D16.1	LOW_COVERAGE
RP11-627G18.1	LOW_COVERAGE
RP11-627G18.2	LOW_COVERAGE
RP11-627G23.1	LOW_COVERAGE
RP11-627J17.1	LOW_COVERAGE
RP11-627K11.3	LOW_COVERAGE
RP11-627K11.6	LOW_COVERAGE
RP11-629B11.5	LOW_COVERAGE
RP11-629N8.5	LOW_COVERAGE
RP11-629O1.2	LOW_COVERAGE
RP11-629O19.1	LOW_COVERAGE
RP11-62C3.6	LOW_COVERAGE
RP11-62C7.2	LOW_COVERAGE
RP11-62H7.2	LOW_COVERAGE
RP11-62J1.3	LOW_COVERAGE
RP11-630A13.4	LOW_COVERAGE
RP11-630D6.5	LOW_COVERAGE
RP11-631M21.7	LOW_COVERAGE
RP11-631M6.2	LOW_COVERAGE
RP11-631M6.3	LOW_COVERAGE
RP11-631N16.2	LOW_COVERAGE
RP11-631N16.4	LOW_COVERAGE
RP11-632C17__A.1	LOW_COVERAGE
RP11-632F7.1	LOW_COVERAGE
RP11-632F7.3	LOW_COVERAGE
RP11-632K20.2	LOW_COVERAGE
RP11-632K20.7	LOW_COVERAGE
RP11-632K20.8	LOW_COVERAGE
RP11-632L2.2	LOW_COVERAGE
RP11-634B7.4	LOW_COVERAGE
RP11-634H22.1	LOW_COVERAGE
RP11-635L1.2	LOW_COVERAGE
RP11-635N19.2	LOW_COVERAGE
RP11-637A17.2	LOW_COVERAGE
RP11-637C24.5	LOW_COVERAGE
RP11-637O19.3	LOW_COVERAGE
RP11-638F5.2	LOW_COVERAGE
RP11-638I2.10	LOW_COVERAGE
RP11-638I2.2	LOW_COVERAGE
RP11-638I2.4	LOW_COVERAGE
RP11-638I2.6	LOW_COVERAGE
RP11-638I2.8	LOW_COVERAGE
RP11-638I2.9	LOW_COVERAGE
RP11-638I8.1	LOW_COVERAGE
RP11-639F1.3	LOW_COVERAGE
RP11-63A1.1	LOW_COVERAGE
RP11-63A1.4	LOW_COVERAGE
RP11-63M22.1	LOW_COVERAGE
RP11-63M22.2	LOW_COVERAGE
RP11-640I15.1	LOW_COVERAGE
RP11-640N11.2	LOW_COVERAGE
RP11-640N20.1	LOW_COVERAGE
RP11-640N20.4	LOW_COVERAGE
RP11-641C17.2	LOW_COVERAGE
RP11-641C17.4	LOW_COVERAGE
RP11-641D5.1	LOW_COVERAGE
RP11-641D5.2	LOW_COVERAGE
RP11-642A1.1	LOW_COVERAGE
RP11-642A1.2	LOW_COVERAGE
RP11-642C5.1	LOW_COVERAGE
RP11-642D21.1	LOW_COVERAGE
RP11-642D21.2	LOW_COVERAGE
RP11-643G16.4	LOW_COVERAGE
RP11-643M14.1	LOW_COVERAGE
RP11-644A7.2	LOW_COVERAGE
RP11-644C3.1	LOW_COVERAGE
RP11-644F5.10	LOW_COVERAGE
RP11-644F5.11	LOW_COVERAGE
RP11-644K8.1	LOW_COVERAGE
RP11-646I6.5	LOW_COVERAGE
RP11-646I6.6	LOW_COVERAGE
RP11-647K16.1	LOW_COVERAGE
RP11-647O20.1	LOW_COVERAGE
RP11-648L3.1	LOW_COVERAGE
RP11-648L3.2	LOW_COVERAGE
RP11-648O15.1	LOW_COVERAGE
RP11-648O15.2	LOW_COVERAGE
RP11-649A18.12	LOW_COVERAGE
RP11-649A18.3	LOW_COVERAGE
RP11-649A18.4	LOW_COVERAGE
RP11-649A18.5	LOW_COVERAGE
RP11-649E7.5	LOW_COVERAGE
RP11-649E7.7	LOW_COVERAGE
RP11-649E7.8	LOW_COVERAGE
RP11-649G15.2	LOW_COVERAGE
RP11-64B16.2	LOW_COVERAGE
RP11-64B16.4	LOW_COVERAGE
RP11-64C12.3	LOW_COVERAGE
RP11-64K12.8	LOW_COVERAGE
RP11-64K12.9	LOW_COVERAGE
RP11-64P14.7	LOW_COVERAGE
RP11-650J17.2	LOW_COVERAGE
RP11-650K20.2	LOW_COVERAGE
RP11-650K20.3	LOW_COVERAGE
RP11-650L12.1	LOW_COVERAGE
RP11-650L12.2	LOW_COVERAGE
RP11-650L12.4	LOW_COVERAGE
RP11-650P15.1	LOW_COVERAGE
RP11-651L5.3	LOW_COVERAGE
RP11-651P23.4	LOW_COVERAGE
RP11-651P23.5	LOW_COVERAGE
RP11-654A16.1	LOW_COVERAGE
RP11-654A16.3	LOW_COVERAGE
RP11-654D12.2	LOW_COVERAGE
RP11-654D12.3	LOW_COVERAGE
RP11-654E17.2	LOW_COVERAGE
RP11-655M14.13	LOW_COVERAGE
RP11-656D10.3	LOW_COVERAGE
RP11-656D10.5	LOW_COVERAGE
RP11-656D10.6	LOW_COVERAGE
RP11-657O9.1	LOW_COVERAGE
RP11-658F2.8	LOW_COVERAGE
RP11-659E9.4	LOW_COVERAGE
RP11-659O3.1	LOW_COVERAGE
RP11-65B7.2	LOW_COVERAGE
RP11-65I12.1	LOW_COVERAGE
RP11-65J21.3	LOW_COVERAGE
RP11-65J3.14	LOW_COVERAGE
RP11-65J3.15	LOW_COVERAGE
RP11-65L3.2	LOW_COVERAGE
RP11-65L3.3	LOW_COVERAGE
RP11-65L3.4	LOW_COVERAGE
RP11-65N13.6	LOW_COVERAGE
RP11-660L16.2	LOW_COVERAGE
RP11-661A12.12	LOW_COVERAGE
RP11-661A12.4	LOW_COVERAGE
RP11-661A12.5	LOW_COVERAGE
RP11-661A12.7	LOW_COVERAGE
RP11-661A12.8	LOW_COVERAGE
RP11-661A12.9	LOW_COVERAGE
RP11-661G16.2	LOW_COVERAGE
RP11-661O13.1	LOW_COVERAGE
RP11-662B19.1	LOW_COVERAGE
RP11-662G23.1	LOW_COVERAGE
RP11-663N22.1	LOW_COVERAGE
RP11-664D1.1	LOW_COVERAGE
RP11-665C16.1	LOW_COVERAGE
RP11-665C16.5	LOW_COVERAGE
RP11-665C16.6	LOW_COVERAGE
RP11-665G4.1	LOW_COVERAGE
RP11-666A20.4	LOW_COVERAGE
RP11-666A8.12	LOW_COVERAGE
RP11-666A8.8	LOW_COVERAGE
RP11-666A8.9	LOW_COVERAGE
RP11-666F17.1	LOW_COVERAGE
RP11-666O2.2	LOW_COVERAGE
RP11-667F14.1	LOW_COVERAGE
RP11-667K14.3	LOW_COVERAGE
RP11-667K14.4	LOW_COVERAGE
RP11-667K14.8	LOW_COVERAGE
RP11-667M19.2	LOW_COVERAGE
RP11-667M19.9	LOW_COVERAGE
RP11-668G10.2	LOW_COVERAGE
RP11-669B18.1	LOW_COVERAGE
RP11-669E14.6	LOW_COVERAGE
RP11-66B24.1	LOW_COVERAGE
RP11-66B24.2	LOW_COVERAGE
RP11-66B24.4	LOW_COVERAGE
RP11-66B24.7	LOW_COVERAGE
RP11-66B24.8	LOW_COVERAGE
RP11-66D17.3	LOW_COVERAGE
RP11-66N11.8	LOW_COVERAGE
RP11-66N24.3	LOW_COVERAGE
RP11-66N24.4	LOW_COVERAGE
RP11-66N24.6	LOW_COVERAGE
RP11-66N24.7	LOW_COVERAGE
RP11-670E13.5	LOW_COVERAGE
RP11-670E13.6	LOW_COVERAGE
RP11-671J11.5	LOW_COVERAGE
RP11-672L10.6	LOW_COVERAGE
RP11-673C5.1	LOW_COVERAGE
RP11-673D15.7	LOW_COVERAGE
RP11-673E1.1	LOW_COVERAGE
RP11-674E16.1	LOW_COVERAGE
RP11-674E16.4	LOW_COVERAGE
RP11-674I16.1	LOW_COVERAGE
RP11-674I16.2	LOW_COVERAGE
RP11-675F6.3	LOW_COVERAGE
RP11-675F6.4	LOW_COVERAGE
RP11-676J12.4	LOW_COVERAGE
RP11-676J12.8	LOW_COVERAGE
RP11-676M6.1	LOW_COVERAGE
RP11-677I18.3	LOW_COVERAGE
RP11-677M14.2	LOW_COVERAGE
RP11-677M14.3	LOW_COVERAGE
RP11-677M14.5	LOW_COVERAGE
RP11-677M14.6	LOW_COVERAGE
RP11-677M14.7	LOW_COVERAGE
RP11-677M24.1	LOW_COVERAGE
RP11-677N16.1	LOW_COVERAGE
RP11-677O4.6	LOW_COVERAGE
RP11-678B3.1	LOW_COVERAGE
RP11-678G14.2	LOW_COVERAGE
RP11-678G15.1	LOW_COVERAGE
RP11-678G15.2	LOW_COVERAGE
RP11-678L1.1	LOW_COVERAGE
RP11-679B19.1	LOW_COVERAGE
RP11-679C8.2	LOW_COVERAGE
RP11-67A1.2	LOW_COVERAGE
RP11-67A1.4	LOW_COVERAGE
RP11-67K19.3	LOW_COVERAGE
RP11-67L14.1	LOW_COVERAGE
RP11-67L2.2	LOW_COVERAGE
RP11-67L3.4	LOW_COVERAGE
RP11-67L3.5	LOW_COVERAGE
RP11-680A11.5	LOW_COVERAGE
RP11-680C21.1	LOW_COVERAGE
RP11-680E19.1	LOW_COVERAGE
RP11-680E19.2	LOW_COVERAGE
RP11-680F20.10	LOW_COVERAGE
RP11-680F20.12	LOW_COVERAGE
RP11-680F20.6	LOW_COVERAGE
RP11-680F8.3	LOW_COVERAGE
RP11-680F8.4	LOW_COVERAGE
RP11-680G10.1	LOW_COVERAGE
RP11-680G24.4	LOW_COVERAGE
RP11-680G24.6	LOW_COVERAGE
RP11-680H20.1	LOW_COVERAGE
RP11-680L20.1	LOW_COVERAGE
RP11-681H18.2	LOW_COVERAGE
RP11-685G9.2	LOW_COVERAGE
RP11-685G9.4	LOW_COVERAGE
RP11-685M7.3	LOW_COVERAGE
RP11-685M7.5	LOW_COVERAGE
RP11-685N10.1	LOW_COVERAGE
RP11-686D22.3	LOW_COVERAGE
RP11-686D22.7	LOW_COVERAGE
RP11-686D22.8	LOW_COVERAGE
RP11-686G23.2	LOW_COVERAGE
RP11-686G8.1	LOW_COVERAGE
RP11-686G8.2	LOW_COVERAGE
RP11-686G8.5	LOW_COVERAGE
RP11-686O6.2	LOW_COVERAGE
RP11-687E1.2	LOW_COVERAGE
RP11-687F6.4	LOW_COVERAGE
RP11-687F6.5	LOW_COVERAGE
RP11-688G15.3	LOW_COVERAGE
RP11-689E3.2	LOW_COVERAGE
RP11-689J19.1	LOW_COVERAGE
RP11-689P11.2	LOW_COVERAGE
RP11-689P11.3	LOW_COVERAGE
RP11-68I3.11	LOW_COVERAGE
RP11-68I3.4	LOW_COVERAGE
RP11-68L18.1	LOW_COVERAGE
RP11-690D19.3	LOW_COVERAGE
RP11-690G19.4	LOW_COVERAGE
RP11-690I21.1	LOW_COVERAGE
RP11-690I21.2	LOW_COVERAGE
RP11-690P14.4	LOW_COVERAGE
RP11-691H4.3	LOW_COVERAGE
RP11-691H4.4	LOW_COVERAGE
RP11-691N7.6	LOW_COVERAGE
RP11-692D12.1	LOW_COVERAGE
RP11-693M3.1	LOW_COVERAGE
RP11-694I15.7	LOW_COVERAGE
RP11-696N14.1	LOW_COVERAGE
RP11-697E2.12	LOW_COVERAGE
RP11-697E2.6	LOW_COVERAGE
RP11-697E2.7	LOW_COVERAGE
RP11-697E22.1	LOW_COVERAGE
RP11-697E22.2	LOW_COVERAGE
RP11-697H9.2	LOW_COVERAGE
RP11-697H9.5	LOW_COVERAGE
RP11-697K23.3	LOW_COVERAGE
RP11-697M17.2	LOW_COVERAGE
RP11-697N18.1	LOW_COVERAGE
RP11-697N18.3	LOW_COVERAGE
RP11-697N18.4	LOW_COVERAGE
RP11-698E18.1	LOW_COVERAGE
RP11-699C17.1	LOW_COVERAGE
RP11-69E11.4	LOW_COVERAGE
RP11-69E11.8	LOW_COVERAGE
RP11-69L16.4	LOW_COVERAGE
RP11-69L16.5	LOW_COVERAGE
RP11-69M1.3	LOW_COVERAGE
RP11-69M1.6	LOW_COVERAGE
RP11-6B19.1	LOW_COVERAGE
RP11-6B6.3	LOW_COVERAGE
RP11-6C14.1	LOW_COVERAGE
RP11-6D1.3	LOW_COVERAGE
RP11-6E9.4	LOW_COVERAGE
RP11-6F6.1	LOW_COVERAGE
RP11-6L6.4	LOW_COVERAGE
RP11-6N13.1	LOW_COVERAGE
RP11-6N17.10	LOW_COVERAGE
RP11-6N17.3	LOW_COVERAGE
RP11-6N17.4	LOW_COVERAGE
RP11-6N17.6	LOW_COVERAGE
RP11-6N17.9	LOW_COVERAGE
RP11-6O2.3	LOW_COVERAGE
RP11-6O2.4	LOW_COVERAGE
RP11-700A24.1	LOW_COVERAGE
RP11-700F16.3	LOW_COVERAGE
RP11-700H6.1	LOW_COVERAGE
RP11-700H6.2	LOW_COVERAGE
RP11-700J17.1	LOW_COVERAGE
RP11-700J17.2	LOW_COVERAGE
RP11-700P18.1	LOW_COVERAGE
RP11-701B16.2	LOW_COVERAGE
RP11-701H16.4	LOW_COVERAGE
RP11-701H24.3	LOW_COVERAGE
RP11-701H24.4	LOW_COVERAGE
RP11-701H24.5	LOW_COVERAGE
RP11-701H24.7	LOW_COVERAGE
RP11-701H24.8	LOW_COVERAGE
RP11-701P16.2	LOW_COVERAGE
RP11-701P16.3	LOW_COVERAGE
RP11-702F3.1	LOW_COVERAGE
RP11-702L15.4	LOW_COVERAGE
RP11-703M24.5	LOW_COVERAGE
RP11-705C15.2	LOW_COVERAGE
RP11-705C15.3	LOW_COVERAGE
RP11-705C15.5	LOW_COVERAGE
RP11-705O1.8	LOW_COVERAGE
RP11-705O24.1	LOW_COVERAGE
RP11-706F1.2	LOW_COVERAGE
RP11-706O15.1	LOW_COVERAGE
RP11-706O15.3	LOW_COVERAGE
RP11-706O15.5	LOW_COVERAGE
RP11-706O15.7	LOW_COVERAGE
RP11-707G14.1	LOW_COVERAGE
RP11-707G14.8	LOW_COVERAGE
RP11-707G18.1	LOW_COVERAGE
RP11-707M3.3	LOW_COVERAGE
RP11-707O23.1	LOW_COVERAGE
RP11-707P17.1	LOW_COVERAGE
RP11-707P17.2	LOW_COVERAGE
RP11-708J19.1	LOW_COVERAGE
RP11-708J19.3	LOW_COVERAGE
RP11-709A23.1	LOW_COVERAGE
RP11-709A23.2	LOW_COVERAGE
RP11-709P2.1	LOW_COVERAGE
RP11-70C1.3	LOW_COVERAGE
RP11-70L8.4	LOW_COVERAGE
RP11-70L8.5	LOW_COVERAGE
RP11-70P17.1	LOW_COVERAGE
RP11-710C12.1	LOW_COVERAGE
RP11-710F7.2	LOW_COVERAGE
RP11-710F7.3	LOW_COVERAGE
RP11-711G10.1	LOW_COVERAGE
RP11-711K1.7	LOW_COVERAGE
RP11-711K1.8	LOW_COVERAGE
RP11-712B9.2	LOW_COVERAGE
RP11-712L6.5	LOW_COVERAGE
RP11-712L6.7	LOW_COVERAGE
RP11-712P20.2	LOW_COVERAGE
RP11-713P17.3	LOW_COVERAGE
RP11-713P17.4	LOW_COVERAGE
RP11-714G18.1	LOW_COVERAGE
RP11-715F3.2	LOW_COVERAGE
RP11-715J22.2	LOW_COVERAGE
RP11-715J22.3	LOW_COVERAGE
RP11-715J22.4	LOW_COVERAGE
RP11-715J22.6	LOW_COVERAGE
RP11-717A5.2	LOW_COVERAGE
RP11-717D12.1	LOW_COVERAGE
RP11-717F1.2	LOW_COVERAGE
RP11-718I15.1	LOW_COVERAGE
RP11-71C5.2	LOW_COVERAGE
RP11-71H17.1	LOW_COVERAGE
RP11-71H17.8	LOW_COVERAGE
RP11-71H17.9	LOW_COVERAGE
RP11-71L14.3	LOW_COVERAGE
RP11-71L14.4	LOW_COVERAGE
RP11-720L2.2	LOW_COVERAGE
RP11-720L2.4	LOW_COVERAGE
RP11-720N19.1	LOW_COVERAGE
RP11-722E23.2	LOW_COVERAGE
RP11-722M1.1	LOW_COVERAGE
RP11-723D22.2	LOW_COVERAGE
RP11-723D22.3	LOW_COVERAGE
RP11-723J4.3	LOW_COVERAGE
RP11-723O4.2	LOW_COVERAGE
RP11-723O4.6	LOW_COVERAGE
RP11-723O4.7	LOW_COVERAGE
RP11-723O4.9	LOW_COVERAGE
RP11-724O16.1	LOW_COVERAGE
RP11-725D20.1	LOW_COVERAGE
RP11-725G5.2	LOW_COVERAGE
RP11-725P16.2	LOW_COVERAGE
RP11-726G1.1	LOW_COVERAGE
RP11-727A23.1	LOW_COVERAGE
RP11-727A23.10	LOW_COVERAGE
RP11-727A23.11	LOW_COVERAGE
RP11-727A23.4	LOW_COVERAGE
RP11-727A23.5	LOW_COVERAGE
RP11-727A23.7	LOW_COVERAGE
RP11-727F15.11	LOW_COVERAGE
RP11-727F15.12	LOW_COVERAGE
RP11-727F15.13	LOW_COVERAGE
RP11-727F15.9	LOW_COVERAGE
RP11-728D14.6	LOW_COVERAGE
RP11-728F11.4	LOW_COVERAGE
RP11-728K20.1	LOW_COVERAGE
RP11-728K20.2	LOW_COVERAGE
RP11-728K20.3	LOW_COVERAGE
RP11-729L2.2	LOW_COVERAGE
RP11-72B4.2	LOW_COVERAGE
RP11-72I2.2	LOW_COVERAGE
RP11-72I8.1	LOW_COVERAGE
RP11-72M17.1	LOW_COVERAGE
RP11-730G20.1	LOW_COVERAGE
RP11-730G20.2	LOW_COVERAGE
RP11-730K11.1	LOW_COVERAGE
RP11-731C17.2	LOW_COVERAGE
RP11-731D1.1	LOW_COVERAGE
RP11-731D1.4	LOW_COVERAGE
RP11-732A19.2	LOW_COVERAGE
RP11-732A19.8	LOW_COVERAGE
RP11-732A19.9	LOW_COVERAGE
RP11-732A21.2	LOW_COVERAGE
RP11-732A21.3	LOW_COVERAGE
RP11-732M18.4	LOW_COVERAGE
RP11-734B5.2	LOW_COVERAGE
RP11-734I18.1	LOW_COVERAGE
RP11-734J24.1	LOW_COVERAGE
RP11-734K2.4	LOW_COVERAGE
RP11-734K21.2	LOW_COVERAGE
RP11-734K21.3	LOW_COVERAGE
RP11-734K21.5	LOW_COVERAGE
RP11-734K23.9	LOW_COVERAGE
RP11-736K20.4	LOW_COVERAGE
RP11-736K20.5	LOW_COVERAGE
RP11-736K20.6	LOW_COVERAGE
RP11-736N17.10	LOW_COVERAGE
RP11-737O24.1	LOW_COVERAGE
RP11-737O24.2	LOW_COVERAGE
RP11-737O24.3	LOW_COVERAGE
RP11-737O24.5	LOW_COVERAGE
RP11-738E22.3	LOW_COVERAGE
RP11-739B23.1	LOW_COVERAGE
RP11-739L10.1	LOW_COVERAGE
RP11-739N20.2	LOW_COVERAGE
RP11-739N20.3	LOW_COVERAGE
RP11-739P1.2	LOW_COVERAGE
RP11-73B2.6	LOW_COVERAGE
RP11-73E17.2	LOW_COVERAGE
RP11-73E6.2	LOW_COVERAGE
RP11-73K9.2	LOW_COVERAGE
RP11-73K9.3	LOW_COVERAGE
RP11-73M18.10	LOW_COVERAGE
RP11-73M18.11	LOW_COVERAGE
RP11-73M18.2	LOW_COVERAGE
RP11-73M18.6	LOW_COVERAGE
RP11-73M18.7	LOW_COVERAGE
RP11-73M18.8	LOW_COVERAGE
RP11-73M7.6	LOW_COVERAGE
RP11-73O6.3	LOW_COVERAGE
RP11-740C1.2	LOW_COVERAGE
RP11-742B18.1	LOW_COVERAGE
RP11-742D12.2	LOW_COVERAGE
RP11-744I24.2	LOW_COVERAGE
RP11-744O11.2	LOW_COVERAGE
RP11-745A24.1	LOW_COVERAGE
RP11-745H7.1	LOW_COVERAGE
RP11-745O10.4	LOW_COVERAGE
RP11-746M1.1	LOW_COVERAGE
RP11-746P2.3	LOW_COVERAGE
RP11-747H7.1	LOW_COVERAGE
RP11-747H7.3	LOW_COVERAGE
RP11-748C4.1	LOW_COVERAGE
RP11-748H22.1	LOW_COVERAGE
RP11-749I16.3	LOW_COVERAGE
RP11-74C1.2	LOW_COVERAGE
RP11-74C1.4	LOW_COVERAGE
RP11-74C13.3	LOW_COVERAGE
RP11-74C13.4	LOW_COVERAGE
RP11-74D3.2	LOW_COVERAGE
RP11-74D7.1	LOW_COVERAGE
RP11-74D7.3	LOW_COVERAGE
RP11-74E22.3	LOW_COVERAGE
RP11-74E22.5	LOW_COVERAGE
RP11-74E22.6	LOW_COVERAGE
RP11-74E24.2	LOW_COVERAGE
RP11-74H8.1	LOW_COVERAGE
RP11-74J13.8	LOW_COVERAGE
RP11-74J13.9	LOW_COVERAGE
RP11-750B16.1	LOW_COVERAGE
RP11-750H9.7	LOW_COVERAGE
RP11-751K21.1	LOW_COVERAGE
RP11-752D24.2	LOW_COVERAGE
RP11-752G15.10	LOW_COVERAGE
RP11-752G15.8	LOW_COVERAGE
RP11-752L20.3	LOW_COVERAGE
RP11-753C18.12	LOW_COVERAGE
RP11-753N8.1	LOW_COVERAGE
RP11-754B17.1	LOW_COVERAGE
RP11-755B10.4	LOW_COVERAGE
RP11-755F10.1	LOW_COVERAGE
RP11-755F10.3	LOW_COVERAGE
RP11-755J8.1	LOW_COVERAGE
RP11-756A22.7	LOW_COVERAGE
RP11-756J15.2	LOW_COVERAGE
RP11-756P10.3	LOW_COVERAGE
RP11-756P10.6	LOW_COVERAGE
RP11-757F18.3	LOW_COVERAGE
RP11-757F18.5	LOW_COVERAGE
RP11-757G1.5	LOW_COVERAGE
RP11-757G1.6	LOW_COVERAGE
RP11-757O6.1	LOW_COVERAGE
RP11-757O6.6	LOW_COVERAGE
RP11-758H9.2	LOW_COVERAGE
RP11-758M4.4	LOW_COVERAGE
RP11-758N13.3	LOW_COVERAGE
RP11-758P17.2	LOW_COVERAGE
RP11-758P17.3	LOW_COVERAGE
RP11-759A24.1	LOW_COVERAGE
RP11-759A24.2	LOW_COVERAGE
RP11-759A24.3	LOW_COVERAGE
RP11-75A9.3	LOW_COVERAGE
RP11-75C10.6	LOW_COVERAGE
RP11-75C10.9	LOW_COVERAGE
RP11-75I2.3	LOW_COVERAGE
RP11-75L1.2	LOW_COVERAGE
RP11-760D2.5	LOW_COVERAGE
RP11-760D2.7	LOW_COVERAGE
RP11-760H22.2	LOW_COVERAGE
RP11-761B3.1	LOW_COVERAGE
RP11-761I4.3	LOW_COVERAGE
RP11-761I4.5	LOW_COVERAGE
RP11-761N21.2	LOW_COVERAGE
RP11-762H8.1	LOW_COVERAGE
RP11-762H8.2	LOW_COVERAGE
RP11-762H8.4	LOW_COVERAGE
RP11-762I7.4	LOW_COVERAGE
RP11-762I7.5	LOW_COVERAGE
RP11-763B22.4	LOW_COVERAGE
RP11-763F8.1	LOW_COVERAGE
RP11-764K9.1	LOW_COVERAGE
RP11-764K9.2	LOW_COVERAGE
RP11-766H1.1	LOW_COVERAGE
RP11-766N7.3	LOW_COVERAGE
RP11-766N7.4	LOW_COVERAGE
RP11-767C1.2	LOW_COVERAGE
RP11-767L7.1	LOW_COVERAGE
RP11-767L7.2	LOW_COVERAGE
RP11-767N6.2	LOW_COVERAGE
RP11-767N6.7	LOW_COVERAGE
RP11-768B22.2	LOW_COVERAGE
RP11-769N19.2	LOW_COVERAGE
RP11-769O8.1	LOW_COVERAGE
RP11-769O8.2	LOW_COVERAGE
RP11-769O8.3	LOW_COVERAGE
RP11-76I14.1	LOW_COVERAGE
RP11-76I23.7	LOW_COVERAGE
RP11-770G2.2	LOW_COVERAGE
RP11-770G2.5	LOW_COVERAGE
RP11-770J1.3	LOW_COVERAGE
RP11-770J1.5	LOW_COVERAGE
RP11-770J1.7	LOW_COVERAGE
RP11-771F20.1	LOW_COVERAGE
RP11-773H22.4	LOW_COVERAGE
RP11-774I5.1	LOW_COVERAGE
RP11-774O3.3	LOW_COVERAGE
RP11-775C24.3	LOW_COVERAGE
RP11-775C24.4	LOW_COVERAGE
RP11-775C24.5	LOW_COVERAGE
RP11-775D22.3	LOW_COVERAGE
RP11-775J23.2	LOW_COVERAGE
RP11-776B3.1	LOW_COVERAGE
RP11-776H12.1	LOW_COVERAGE
RP11-777B9.5	LOW_COVERAGE
RP11-777F6.3	LOW_COVERAGE
RP11-778D9.12	LOW_COVERAGE
RP11-778D9.13	LOW_COVERAGE
RP11-778D9.4	LOW_COVERAGE
RP11-778J15.1	LOW_COVERAGE
RP11-778J16.2	LOW_COVERAGE
RP11-778O17.4	LOW_COVERAGE
RP11-77G23.2	LOW_COVERAGE
RP11-77G23.5	LOW_COVERAGE
RP11-77H9.2	LOW_COVERAGE
RP11-77H9.5	LOW_COVERAGE
RP11-77K12.1	LOW_COVERAGE
RP11-77K12.3	LOW_COVERAGE
RP11-77K12.5	LOW_COVERAGE
RP11-77K12.7	LOW_COVERAGE
RP11-77K12.8	LOW_COVERAGE
RP11-77K12.9	LOW_COVERAGE
RP11-77P16.4	LOW_COVERAGE
RP11-77P6.2	LOW_COVERAGE
RP11-780K2.1	LOW_COVERAGE
RP11-780M14.1	LOW_COVERAGE
RP11-783K16.10	LOW_COVERAGE
RP11-783K16.13	LOW_COVERAGE
RP11-783K16.14	LOW_COVERAGE
RP11-783K16.5	LOW_COVERAGE
RP11-785H5.1	LOW_COVERAGE
RP11-785H5.2	LOW_COVERAGE
RP11-787D11.1	LOW_COVERAGE
RP11-787I22.3	LOW_COVERAGE
RP11-788M5.3	LOW_COVERAGE
RP11-788M5.4	LOW_COVERAGE
RP11-789C17.1	LOW_COVERAGE
RP11-78A19.3	LOW_COVERAGE
RP11-78F17.1	LOW_COVERAGE
RP11-78H18.2	LOW_COVERAGE
RP11-78I14.1	LOW_COVERAGE
RP11-78J21.7	LOW_COVERAGE
RP11-78O7.1	LOW_COVERAGE
RP11-78O7.2	LOW_COVERAGE
RP11-791G15.2	LOW_COVERAGE
RP11-791G16.2	LOW_COVERAGE
RP11-791G16.4	LOW_COVERAGE
RP11-791N19.1	LOW_COVERAGE
RP11-792A8.1	LOW_COVERAGE
RP11-792A8.3	LOW_COVERAGE
RP11-792A8.4	LOW_COVERAGE
RP11-793H13.10	LOW_COVERAGE
RP11-793H13.11	LOW_COVERAGE
RP11-793H13.12	LOW_COVERAGE
RP11-793H13.3	LOW_COVERAGE
RP11-793H13.8	LOW_COVERAGE
RP11-794G24.1	LOW_COVERAGE
RP11-795F19.1	LOW_COVERAGE
RP11-795F19.5	LOW_COVERAGE
RP11-796E10.1	LOW_COVERAGE
RP11-796E2.4	LOW_COVERAGE
RP11-796G6.1	LOW_COVERAGE
RP11-797A18.3	LOW_COVERAGE
RP11-797A18.5	LOW_COVERAGE
RP11-797A18.6	LOW_COVERAGE
RP11-797D24.3	LOW_COVERAGE
RP11-797D24.4	LOW_COVERAGE
RP11-797H7.1	LOW_COVERAGE
RP11-797J4.1	LOW_COVERAGE
RP11-798G7.5	LOW_COVERAGE
RP11-798G7.6	LOW_COVERAGE
RP11-798G7.7	LOW_COVERAGE
RP11-798G7.8	LOW_COVERAGE
RP11-798M19.3	LOW_COVERAGE
RP11-798M19.6	LOW_COVERAGE
RP11-799B12.1	LOW_COVERAGE
RP11-799B12.2	LOW_COVERAGE
RP11-799B12.4	LOW_COVERAGE
RP11-799D4.4	LOW_COVERAGE
RP11-799M12.2	LOW_COVERAGE
RP11-79D8.2	LOW_COVERAGE
RP11-79H23.3	LOW_COVERAGE
RP11-79L9.2	LOW_COVERAGE
RP11-79N23.1	LOW_COVERAGE
RP11-79O8.1	LOW_COVERAGE
RP11-79P5.9	LOW_COVERAGE
RP11-7F17.3	LOW_COVERAGE
RP11-7F17.8	LOW_COVERAGE
RP11-7F18.2	LOW_COVERAGE
RP11-7K24.3	LOW_COVERAGE
RP11-7M10.2	LOW_COVERAGE
RP11-7O11.3	LOW_COVERAGE
RP11-800A18.3	LOW_COVERAGE
RP11-800A18.4	LOW_COVERAGE
RP11-800A3.4	LOW_COVERAGE
RP11-800A3.7	LOW_COVERAGE
RP11-801F7.1	LOW_COVERAGE
RP11-801G16.2	LOW_COVERAGE
RP11-802D6.1	LOW_COVERAGE
RP11-802E16.3	LOW_COVERAGE
RP11-802O23.3	LOW_COVERAGE
RP11-803D5.1	LOW_COVERAGE
RP11-803D5.4	LOW_COVERAGE
RP11-803P9.1	LOW_COVERAGE
RP11-804A23.2	LOW_COVERAGE
RP11-804A23.4	LOW_COVERAGE
RP11-804H8.6	LOW_COVERAGE
RP11-805J14.5	LOW_COVERAGE
RP11-806H10.4	LOW_COVERAGE
RP11-806L2.2	LOW_COVERAGE
RP11-806L2.5	LOW_COVERAGE
RP11-806L2.6	LOW_COVERAGE
RP11-806O11.1	LOW_COVERAGE
RP11-807E13.2	LOW_COVERAGE
RP11-807G9.2	LOW_COVERAGE
RP11-809C18.3	LOW_COVERAGE
RP11-809H16.2	LOW_COVERAGE
RP11-809H16.3	LOW_COVERAGE
RP11-809N8.2	LOW_COVERAGE
RP11-809N8.4	LOW_COVERAGE
RP11-809N8.5	LOW_COVERAGE
RP11-809O17.1	LOW_COVERAGE
RP11-80A15.1	LOW_COVERAGE
RP11-80H5.2	LOW_COVERAGE
RP11-80H5.5	LOW_COVERAGE
RP11-80H5.7	LOW_COVERAGE
RP11-80H5.9	LOW_COVERAGE
RP11-80I15.4	LOW_COVERAGE
RP11-80P20.3	LOW_COVERAGE
RP11-810D13.1	LOW_COVERAGE
RP11-810M2.2	LOW_COVERAGE
RP11-810P12.7	LOW_COVERAGE
RP11-812I20.2	LOW_COVERAGE
RP11-813F20.4	LOW_COVERAGE
RP11-814H16.2	LOW_COVERAGE
RP11-815I9.4	LOW_COVERAGE
RP11-815I9.5	LOW_COVERAGE
RP11-815J21.1	LOW_COVERAGE
RP11-815J21.2	LOW_COVERAGE
RP11-815J21.3	LOW_COVERAGE
RP11-815J21.4	LOW_COVERAGE
RP11-816J6.3	LOW_COVERAGE
RP11-817G13.3	LOW_COVERAGE
RP11-817I4.1	LOW_COVERAGE
RP11-817I4.2	LOW_COVERAGE
RP11-817J15.3	LOW_COVERAGE
RP11-817O13.8	LOW_COVERAGE
RP11-817O13.9	LOW_COVERAGE
RP11-818F20.4	LOW_COVERAGE
RP11-819C21.1	LOW_COVERAGE
RP11-819M15.1	LOW_COVERAGE
RP11-819M15.2	LOW_COVERAGE
RP11-81A1.4	LOW_COVERAGE
RP11-81A1.6	LOW_COVERAGE
RP11-81A22.4	LOW_COVERAGE
RP11-81H14.2	LOW_COVERAGE
RP11-81H3.2	LOW_COVERAGE
RP11-822E23.8	LOW_COVERAGE
RP11-823E8.3	LOW_COVERAGE
RP11-823P9.3	LOW_COVERAGE
RP11-826F13.1	LOW_COVERAGE
RP11-829H16.2	LOW_COVERAGE
RP11-829H16.3	LOW_COVERAGE
RP11-829H16.5	LOW_COVERAGE
RP11-82K18.2	LOW_COVERAGE
RP11-82L18.2	LOW_COVERAGE
RP11-82L20.1	LOW_COVERAGE
RP11-82O19.1	LOW_COVERAGE
RP11-82O19.2	LOW_COVERAGE
RP11-830F9.5	LOW_COVERAGE
RP11-830F9.6	LOW_COVERAGE
RP11-830F9.7	LOW_COVERAGE
RP11-831F12.3	LOW_COVERAGE
RP11-831H9.11	LOW_COVERAGE
RP11-832N8.1	LOW_COVERAGE
RP11-834C11.10	LOW_COVERAGE
RP11-834C11.11	LOW_COVERAGE
RP11-834C11.12	LOW_COVERAGE
RP11-834C11.14	LOW_COVERAGE
RP11-834C11.4	LOW_COVERAGE
RP11-834C11.5	LOW_COVERAGE
RP11-834C11.7	LOW_COVERAGE
RP11-834C11.8	LOW_COVERAGE
RP11-835E18.4	LOW_COVERAGE
RP11-835E18.5	LOW_COVERAGE
RP11-837J7.3	LOW_COVERAGE
RP11-837J7.4	LOW_COVERAGE
RP11-839D17.3	LOW_COVERAGE
RP11-839G9.1	LOW_COVERAGE
RP11-83A16.1	LOW_COVERAGE
RP11-83A24.1	LOW_COVERAGE
RP11-83A24.2	LOW_COVERAGE
RP11-83J16.1	LOW_COVERAGE
RP11-83J16.3	LOW_COVERAGE
RP11-83M16.6	LOW_COVERAGE
RP11-83N9.5	LOW_COVERAGE
RP11-83N9.6	LOW_COVERAGE
RP11-840I19.3	LOW_COVERAGE
RP11-840I19.5	LOW_COVERAGE
RP11-841O20.2	LOW_COVERAGE
RP11-843A23.1	LOW_COVERAGE
RP11-843B15.2	LOW_COVERAGE
RP11-843B15.4	LOW_COVERAGE
RP11-843P14.1	LOW_COVERAGE
RP11-843P14.2	LOW_COVERAGE
RP11-844P9.2	LOW_COVERAGE
RP11-845C23.2	LOW_COVERAGE
RP11-845C23.3	LOW_COVERAGE
RP11-845M18.6	LOW_COVERAGE
RP11-845M18.7	LOW_COVERAGE
RP11-847H18.2	LOW_COVERAGE
RP11-847H18.3	LOW_COVERAGE
RP11-848G14.5	LOW_COVERAGE
RP11-848P1.2	LOW_COVERAGE
RP11-848P1.4	LOW_COVERAGE
RP11-848P1.5	LOW_COVERAGE
RP11-848P1.7	LOW_COVERAGE
RP11-848P1.9	LOW_COVERAGE
RP11-849F2.5	LOW_COVERAGE
RP11-849F2.7	LOW_COVERAGE
RP11-849F2.8	LOW_COVERAGE
RP11-849H4.2	LOW_COVERAGE
RP11-849H4.4	LOW_COVERAGE
RP11-849I19.2	LOW_COVERAGE
RP11-849N15.3	LOW_COVERAGE
RP11-84A14.4	LOW_COVERAGE
RP11-84A14.5	LOW_COVERAGE
RP11-84A19.3	LOW_COVERAGE
RP11-84A19.4	LOW_COVERAGE
RP11-84C10.4	LOW_COVERAGE
RP11-84C13.1	LOW_COVERAGE
RP11-84C13.2	LOW_COVERAGE
RP11-84G21.1	LOW_COVERAGE
RP11-850A17.1	LOW_COVERAGE
RP11-850F7.7	LOW_COVERAGE
RP11-855A2.1	LOW_COVERAGE
RP11-855A2.2	LOW_COVERAGE
RP11-855A2.3	LOW_COVERAGE
RP11-855A2.5	LOW_COVERAGE
RP11-855O10.2	LOW_COVERAGE
RP11-856F16.2	LOW_COVERAGE
RP11-857B24.5	LOW_COVERAGE
RP11-85A1.3	LOW_COVERAGE
RP11-85B7.2	LOW_COVERAGE
RP11-85G18.6	LOW_COVERAGE
RP11-85I17.2	LOW_COVERAGE
RP11-85K15.3	LOW_COVERAGE
RP11-860B13.1	LOW_COVERAGE
RP11-860B13.3	LOW_COVERAGE
RP11-861A13.3	LOW_COVERAGE
RP11-861E21.2	LOW_COVERAGE
RP11-861E21.3	LOW_COVERAGE
RP11-861L17.3	LOW_COVERAGE
RP11-862L9.3	LOW_COVERAGE
RP11-862P13.1	LOW_COVERAGE
RP11-863H1.1	LOW_COVERAGE
RP11-863K10.4	LOW_COVERAGE
RP11-863K10.7	LOW_COVERAGE
RP11-864G5.3	LOW_COVERAGE
RP11-864I4.1	LOW_COVERAGE
RP11-864J10.2	LOW_COVERAGE
RP11-864J10.4	LOW_COVERAGE
RP11-864N7.2	LOW_COVERAGE
RP11-865I6.2	LOW_COVERAGE
RP11-867G23.1	LOW_COVERAGE
RP11-867G23.12	LOW_COVERAGE
RP11-867G23.3	LOW_COVERAGE
RP11-867G23.4	LOW_COVERAGE
RP11-867G23.8	LOW_COVERAGE
RP11-86H7.7	LOW_COVERAGE
RP11-871F6.3	LOW_COVERAGE
RP11-872D17.4	LOW_COVERAGE
RP11-872D17.8	LOW_COVERAGE
RP11-872J21.3	LOW_COVERAGE
RP11-872J21.5	LOW_COVERAGE
RP11-873E20.1	LOW_COVERAGE
RP11-875O11.1	LOW_COVERAGE
RP11-876N24.3	LOW_COVERAGE
RP11-876N24.4	LOW_COVERAGE
RP11-876N24.5	LOW_COVERAGE
RP11-876N24.7	LOW_COVERAGE
RP11-87C12.2	LOW_COVERAGE
RP11-87C12.5	LOW_COVERAGE
RP11-87F15.2	LOW_COVERAGE
RP11-87H9.2	LOW_COVERAGE
RP11-87H9.4	LOW_COVERAGE
RP11-881L2.1	LOW_COVERAGE
RP11-881M11.1	LOW_COVERAGE
RP11-881M11.4	LOW_COVERAGE
RP11-884K10.6	LOW_COVERAGE
RP11-884K10.7	LOW_COVERAGE
RP11-885L14.1	LOW_COVERAGE
RP11-886H22.1	LOW_COVERAGE
RP11-886P16.10	LOW_COVERAGE
RP11-887P2.3	LOW_COVERAGE
RP11-887P2.5	LOW_COVERAGE
RP11-888D10.3	LOW_COVERAGE
RP11-888D10.4	LOW_COVERAGE
RP11-889L3.1	LOW_COVERAGE
RP11-88E10.4	LOW_COVERAGE
RP11-88E10.5	LOW_COVERAGE
RP11-88E18.1	LOW_COVERAGE
RP11-88H9.2	LOW_COVERAGE
RP11-88I18.2	LOW_COVERAGE
RP11-890B15.2	LOW_COVERAGE
RP11-890B15.3	LOW_COVERAGE
RP11-893F2.18	LOW_COVERAGE
RP11-894J14.5	LOW_COVERAGE
RP11-894P9.1	LOW_COVERAGE
RP11-894P9.2	LOW_COVERAGE
RP11-895M11.2	LOW_COVERAGE
RP11-89H19.1	LOW_COVERAGE
RP11-89H19.2	LOW_COVERAGE
RP11-89K10.1	LOW_COVERAGE
RP11-89K21.1	LOW_COVERAGE
RP11-89N17.4	LOW_COVERAGE
RP11-8H2.1	LOW_COVERAGE
RP11-8L18.2	LOW_COVERAGE
RP11-8L18.3	LOW_COVERAGE
RP11-8L2.1	LOW_COVERAGE
RP11-900F13.3	LOW_COVERAGE
RP11-902B17.1	LOW_COVERAGE
RP11-903H12.3	LOW_COVERAGE
RP11-903H12.5	LOW_COVERAGE
RP11-907D1.3	LOW_COVERAGE
RP11-90B9.2	LOW_COVERAGE
RP11-90B9.3	LOW_COVERAGE
RP11-90D4.3	LOW_COVERAGE
RP11-90H3.1	LOW_COVERAGE
RP11-90K17.2	LOW_COVERAGE
RP11-90K6.1	LOW_COVERAGE
RP11-90L1.8	LOW_COVERAGE
RP11-90L20.2	LOW_COVERAGE
RP11-90M2.5	LOW_COVERAGE
RP11-90O23.1	LOW_COVERAGE
RP11-90P5.1	LOW_COVERAGE
RP11-90P5.2	LOW_COVERAGE
RP11-91A18.4	LOW_COVERAGE
RP11-91G21.1	LOW_COVERAGE
RP11-91H12.1	LOW_COVERAGE
RP11-91I20.4	LOW_COVERAGE
RP11-91J19.2	LOW_COVERAGE
RP11-91J19.3	LOW_COVERAGE
RP11-91P24.3	LOW_COVERAGE
RP11-91P24.5	LOW_COVERAGE
RP11-91P24.6	LOW_COVERAGE
RP11-91P24.7	LOW_COVERAGE
RP11-923I11.3	LOW_COVERAGE
RP11-923I11.4	LOW_COVERAGE
RP11-923I11.6	LOW_COVERAGE
RP11-927P21.1	LOW_COVERAGE
RP11-927P21.2	LOW_COVERAGE
RP11-927P21.5	LOW_COVERAGE
RP11-92B11.3	LOW_COVERAGE
RP11-92C4.3	LOW_COVERAGE
RP11-92F20.1	LOW_COVERAGE
RP11-92G12.3	LOW_COVERAGE
RP11-92K15.1	LOW_COVERAGE
RP11-92K15.3	LOW_COVERAGE
RP11-92K2.2	LOW_COVERAGE
RP11-930P14.2	LOW_COVERAGE
RP11-932O9.10	LOW_COVERAGE
RP11-932O9.7	LOW_COVERAGE
RP11-932O9.9	LOW_COVERAGE
RP11-933H2.4	LOW_COVERAGE
RP11-936I5.1	LOW_COVERAGE
RP11-93B14.10	LOW_COVERAGE
RP11-93B14.4	LOW_COVERAGE
RP11-93B14.6	LOW_COVERAGE
RP11-93B14.9	LOW_COVERAGE
RP11-93G23.2	LOW_COVERAGE
RP11-93G5.1	LOW_COVERAGE
RP11-93H12.4	LOW_COVERAGE
RP11-93H24.3	LOW_COVERAGE
RP11-93I21.3	LOW_COVERAGE
RP11-93K22.6	LOW_COVERAGE
RP11-93O14.2	LOW_COVERAGE
RP11-93O14.3	LOW_COVERAGE
RP11-944L7.4	LOW_COVERAGE
RP11-946L16.2	LOW_COVERAGE
RP11-946P6.6	LOW_COVERAGE
RP11-94C24.13	LOW_COVERAGE
RP11-94C24.8	LOW_COVERAGE
RP11-94H18.1	LOW_COVERAGE
RP11-94H6.1	LOW_COVERAGE
RP11-94I2.4	LOW_COVERAGE
RP11-950C14.10	LOW_COVERAGE
RP11-950C14.3	LOW_COVERAGE
RP11-950C14.7	LOW_COVERAGE
RP11-950K24.2	LOW_COVERAGE
RP11-958N24.1	LOW_COVERAGE
RP11-958N24.2	LOW_COVERAGE
RP11-95D17.1	LOW_COVERAGE
RP11-95G17.2	LOW_COVERAGE
RP11-95H11.1	LOW_COVERAGE
RP11-95I16.4	LOW_COVERAGE
RP11-95I16.6	LOW_COVERAGE
RP11-95I19.2	LOW_COVERAGE
RP11-95J11.1	LOW_COVERAGE
RP11-95M15.2	LOW_COVERAGE
RP11-95O2.1	LOW_COVERAGE
RP11-95O2.5	LOW_COVERAGE
RP11-95P2.1	LOW_COVERAGE
RP11-95P2.3	LOW_COVERAGE
RP11-961A15.1	LOW_COVERAGE
RP11-961A15.3	LOW_COVERAGE
RP11-962G15.1	LOW_COVERAGE
RP11-967K21.1	LOW_COVERAGE
RP11-968A15.2	LOW_COVERAGE
RP11-968A15.8	LOW_COVERAGE
RP11-968O1.5	LOW_COVERAGE
RP11-96A15.1	LOW_COVERAGE
RP11-96B5.3	LOW_COVERAGE
RP11-96C23.10	LOW_COVERAGE
RP11-96C23.11	LOW_COVERAGE
RP11-96C23.13	LOW_COVERAGE
RP11-96C23.14	LOW_COVERAGE
RP11-96C23.15	LOW_COVERAGE
RP11-96C23.5	LOW_COVERAGE
RP11-96C23.9	LOW_COVERAGE
RP11-96D1.10	LOW_COVERAGE
RP11-96D1.11	LOW_COVERAGE
RP11-96D1.3	LOW_COVERAGE
RP11-96D1.5	LOW_COVERAGE
RP11-96D1.6	LOW_COVERAGE
RP11-96D1.7	LOW_COVERAGE
RP11-96D1.8	LOW_COVERAGE
RP11-96D1.9	LOW_COVERAGE
RP11-96D24.1	LOW_COVERAGE
RP11-96H19.1	LOW_COVERAGE
RP11-96K19.2	LOW_COVERAGE
RP11-96K19.4	LOW_COVERAGE
RP11-96K19.5	LOW_COVERAGE
RP11-96L14.7	LOW_COVERAGE
RP11-96O20.4	LOW_COVERAGE
RP11-96O20.5	LOW_COVERAGE
RP11-96P7.1	LOW_COVERAGE
RP11-972P1.11	LOW_COVERAGE
RP11-972P1.7	LOW_COVERAGE
RP11-973D8.4	LOW_COVERAGE
RP11-973H7.3	LOW_COVERAGE
RP11-973N13.2	LOW_COVERAGE
RP11-973N13.4	LOW_COVERAGE
RP11-976B16.1	LOW_COVERAGE
RP11-977B10.2	LOW_COVERAGE
RP11-977G19.10	LOW_COVERAGE
RP11-977G19.11	LOW_COVERAGE
RP11-977G19.12	LOW_COVERAGE
RP11-977G19.14	LOW_COVERAGE
RP11-977G19.5	LOW_COVERAGE
RP11-97C16.1	LOW_COVERAGE
RP11-97N19.2	LOW_COVERAGE
RP11-97O12.5	LOW_COVERAGE
RP11-97O12.6	LOW_COVERAGE
RP11-97O12.7	LOW_COVERAGE
RP11-981G7.1	LOW_COVERAGE
RP11-981G7.6	LOW_COVERAGE
RP11-981P6.1	LOW_COVERAGE
RP11-982M15.2	LOW_COVERAGE
RP11-982M15.5	LOW_COVERAGE
RP11-982M15.6	LOW_COVERAGE
RP11-983P16.2	LOW_COVERAGE
RP11-983P16.4	LOW_COVERAGE
RP11-989F5.1	LOW_COVERAGE
RP11-989F5.3	LOW_COVERAGE
RP11-98C1.2	LOW_COVERAGE
RP11-98D18.1	LOW_COVERAGE
RP11-98D18.15	LOW_COVERAGE
RP11-98D18.16	LOW_COVERAGE
RP11-98D18.17	LOW_COVERAGE
RP11-98D18.2	LOW_COVERAGE
RP11-98D18.3	LOW_COVERAGE
RP11-98D18.9	LOW_COVERAGE
RP11-98G7.1	LOW_COVERAGE
RP11-98I9.4	LOW_COVERAGE
RP11-98J23.2	LOW_COVERAGE
RP11-98L12.2	LOW_COVERAGE
RP11-996F15.2	LOW_COVERAGE
RP11-996F15.4	LOW_COVERAGE
RP11-996F15.5	LOW_COVERAGE
RP11-996F15.6	LOW_COVERAGE
RP11-999E24.3	LOW_COVERAGE
RP11-99A1.2	LOW_COVERAGE
RP11-99A14.1	LOW_COVERAGE
RP11-99J16__A.2	LOW_COVERAGE
RP11-9E13.4	LOW_COVERAGE
RP11-9E17.1	LOW_COVERAGE
RP11-9G1.3	LOW_COVERAGE
RP11-9H20.2	LOW_COVERAGE
RP11-9L18.2	LOW_COVERAGE
RP13-1032I1.10	LOW_COVERAGE
RP13-1032I1.11	LOW_COVERAGE
RP13-1032I1.7	LOW_COVERAGE
RP13-104F24.1	LOW_COVERAGE
RP13-104F24.2	LOW_COVERAGE
RP13-104F24.3	LOW_COVERAGE
RP13-1056D16.2	LOW_COVERAGE
RP13-126C7.1	LOW_COVERAGE
RP13-128O4.3	LOW_COVERAGE
RP13-131K19.1	LOW_COVERAGE
RP13-131K19.2	LOW_COVERAGE
RP13-131K19.6	LOW_COVERAGE
RP13-131K19.7	LOW_COVERAGE
RP13-143G15.4	LOW_COVERAGE
RP13-15M17.1	LOW_COVERAGE
RP13-16H11.8	LOW_COVERAGE
RP13-188A5.1	LOW_COVERAGE
RP13-192B19.2	LOW_COVERAGE
RP13-204A15.5	LOW_COVERAGE
RP13-20L14.10	LOW_COVERAGE
RP13-20L14.2	LOW_COVERAGE
RP13-20L14.6	LOW_COVERAGE
RP13-210D15.8	LOW_COVERAGE
RP13-216E22.4	LOW_COVERAGE
RP13-216E22.5	LOW_COVERAGE
RP13-225O21.2	LOW_COVERAGE
RP13-225O21.5	LOW_COVERAGE
RP13-228J13.1	LOW_COVERAGE
RP13-228J13.5	LOW_COVERAGE
RP13-228J13.6	LOW_COVERAGE
RP13-258O15.1	LOW_COVERAGE
RP13-270P17.1	LOW_COVERAGE
RP13-270P17.2	LOW_COVERAGE
RP13-270P17.3	LOW_COVERAGE
RP13-279N23.2	LOW_COVERAGE
RP13-298C8.3	LOW_COVERAGE
RP13-33H18.1	LOW_COVERAGE
RP13-346H10.2	LOW_COVERAGE
RP13-359K18.1	LOW_COVERAGE
RP13-36G14.3	LOW_COVERAGE
RP13-36G14.4	LOW_COVERAGE
RP13-379O24.2	LOW_COVERAGE
RP13-39P12.2	LOW_COVERAGE
RP13-39P12.3	LOW_COVERAGE
RP13-401N8.1	LOW_COVERAGE
RP13-401N8.3	LOW_COVERAGE
RP13-455A7.1	LOW_COVERAGE
RP13-467H17.1	LOW_COVERAGE
RP13-476E20.1	LOW_COVERAGE
RP13-487P22.1	LOW_COVERAGE
RP13-492C18.2	LOW_COVERAGE
RP13-49I15.6	LOW_COVERAGE
RP13-512J5.1	LOW_COVERAGE
RP13-514E23.1	LOW_COVERAGE
RP13-514E23.2	LOW_COVERAGE
RP13-516M14.1	LOW_COVERAGE
RP13-516M14.10	LOW_COVERAGE
RP13-516M14.4	LOW_COVERAGE
RP13-516M14.8	LOW_COVERAGE
RP13-554M15.5	LOW_COVERAGE
RP13-554M15.7	LOW_COVERAGE
RP13-578N3.3	LOW_COVERAGE
RP13-580F15.2	LOW_COVERAGE
RP13-582O9.5	LOW_COVERAGE
RP13-582O9.6	LOW_COVERAGE
RP13-582O9.7	LOW_COVERAGE
RP13-585F24.1	LOW_COVERAGE
RP13-608F4.5	LOW_COVERAGE
RP13-616I3.1	LOW_COVERAGE
RP13-638C3.2	LOW_COVERAGE
RP13-638C3.3	LOW_COVERAGE
RP13-638C3.4	LOW_COVERAGE
RP13-638C3.5	LOW_COVERAGE
RP13-672B3.2	LOW_COVERAGE
RP13-726E6.1	LOW_COVERAGE
RP13-726E6.2	LOW_COVERAGE
RP13-735L24.1	LOW_COVERAGE
RP13-753N3.1	LOW_COVERAGE
RP13-753N3.3	LOW_COVERAGE
RP13-766D20.2	LOW_COVERAGE
RP13-820C6.2	LOW_COVERAGE
RP13-870H17.3	LOW_COVERAGE
RP13-88F20.1	LOW_COVERAGE
RP13-890H12.2	LOW_COVERAGE
RP13-895J2.2	LOW_COVERAGE
RP13-895J2.3	LOW_COVERAGE
RP13-923O23.6	LOW_COVERAGE
RP13-923O23.7	LOW_COVERAGE
RP13-941N14.1	LOW_COVERAGE
RP13-942N8.1	LOW_COVERAGE
RP13-977J11.2	LOW_COVERAGE
RP13-977J11.5	LOW_COVERAGE
RP1L1	LOW_COVERAGE
RP2	LOW_EVIDENCE
RP3-323A16.1	LOW_COVERAGE
RP3-323P24.3	LOW_COVERAGE
RP3-324O17.7	LOW_COVERAGE
RP3-325F22.3	LOW_COVERAGE
RP3-325F22.5	LOW_COVERAGE
RP3-327A19.7	LOW_COVERAGE
RP3-329A5.8	LOW_COVERAGE
RP3-330M21.5	LOW_COVERAGE
RP3-331H24.4	LOW_COVERAGE
RP3-331H24.5	LOW_COVERAGE
RP3-331H24.6	LOW_COVERAGE
RP3-331H24.7	LOW_COVERAGE
RP3-333A15.1	LOW_COVERAGE
RP3-333A15.2	LOW_COVERAGE
RP3-333H23.9	LOW_COVERAGE
RP3-335E1.1	LOW_COVERAGE
RP3-337H4.10	LOW_COVERAGE
RP3-337H4.6	LOW_COVERAGE
RP3-337H4.8	LOW_COVERAGE
RP3-337H4.9	LOW_COVERAGE
RP3-337O18.9	LOW_COVERAGE
RP3-339A18.6	LOW_COVERAGE
RP3-340B19.2	LOW_COVERAGE
RP3-342P20.2	LOW_COVERAGE
RP3-344J20.1	LOW_COVERAGE
RP3-347M6.2	LOW_COVERAGE
RP3-348I23.2	LOW_COVERAGE
RP3-355L5.4	LOW_COVERAGE
RP3-355L5.5	LOW_COVERAGE
RP3-363L9.1	LOW_COVERAGE
RP3-365I19.2	LOW_COVERAGE
RP3-368A4.5	LOW_COVERAGE
RP3-368A4.6	LOW_COVERAGE
RP3-370M22.8	LOW_COVERAGE
RP3-375P9.2	LOW_COVERAGE
RP3-382I10.2	LOW_COVERAGE
RP3-382I10.3	LOW_COVERAGE
RP3-388E23.2	LOW_COVERAGE
RP3-388M5.9	LOW_COVERAGE
RP3-388N13.5	LOW_COVERAGE
RP3-394A18.1	LOW_COVERAGE
RP3-395C13.1	LOW_COVERAGE
RP3-395M20.12	LOW_COVERAGE
RP3-399L15.3	LOW_COVERAGE
RP3-400B16.1	LOW_COVERAGE
RP3-400B16.4	LOW_COVERAGE
RP3-402G11.25	LOW_COVERAGE
RP3-402G11.26	LOW_COVERAGE
RP3-402G11.28	LOW_COVERAGE
RP3-403L10.3	LOW_COVERAGE
RP3-405J10.2	LOW_COVERAGE
RP3-405J10.3	LOW_COVERAGE
RP3-405J10.4	LOW_COVERAGE
RP3-405J10.5	LOW_COVERAGE
RP3-406A7.3	LOW_COVERAGE
RP3-406A7.5	LOW_COVERAGE
RP3-406A7.7	LOW_COVERAGE
RP3-406P24.3	LOW_COVERAGE
RP3-406P24.4	LOW_COVERAGE
RP3-406P24.5	LOW_COVERAGE
RP3-408N23.4	LOW_COVERAGE
RP3-412A9.12	LOW_COVERAGE
RP3-412A9.16	LOW_COVERAGE
RP3-412A9.17	LOW_COVERAGE
RP3-414A15.10	LOW_COVERAGE
RP3-414A15.12	LOW_COVERAGE
RP3-414A15.2	LOW_COVERAGE
RP3-415N12.1	LOW_COVERAGE
RP3-416H24.1	LOW_COVERAGE
RP3-417G15.1	LOW_COVERAGE
RP3-423B22.5	LOW_COVERAGE
RP3-424M6.4	LOW_COVERAGE
RP3-425C14.4	LOW_COVERAGE
RP3-425C14.5	LOW_COVERAGE
RP3-425C14.6	LOW_COVERAGE
RP3-425P12.4	LOW_COVERAGE
RP3-428L16.1	LOW_COVERAGE
RP3-428L16.2	LOW_COVERAGE
RP3-430N8.10	LOW_COVERAGE
RP3-430N8.11	LOW_COVERAGE
RP3-437C15.1	LOW_COVERAGE
RP3-439F8.1	LOW_COVERAGE
RP3-441A12.1	LOW_COVERAGE
RP3-442L6.4	LOW_COVERAGE
RP3-443C4.2	LOW_COVERAGE
RP3-449O17.1	LOW_COVERAGE
RP3-453C12.14	LOW_COVERAGE
RP3-453C12.15	LOW_COVERAGE
RP3-461F17.3	LOW_COVERAGE
RP3-461P17.10	LOW_COVERAGE
RP3-462E2.5	LOW_COVERAGE
RP3-466I7.1	LOW_COVERAGE
RP3-466P17.1	LOW_COVERAGE
RP3-467L1.4	LOW_COVERAGE
RP3-467L1.6	LOW_COVERAGE
RP3-467N11.1	LOW_COVERAGE
RP3-467N11.2	LOW_COVERAGE
RP3-468B3.2	LOW_COVERAGE
RP3-468K18.5	LOW_COVERAGE
RP3-468K18.6	LOW_COVERAGE
RP3-468K18.7	LOW_COVERAGE
RP3-468O1.6	LOW_COVERAGE
RP3-471C18.1	LOW_COVERAGE
RP3-471C18.2	LOW_COVERAGE
RP3-472M2.2	LOW_COVERAGE
RP3-475N16.1	LOW_COVERAGE
RP3-476K8.3	LOW_COVERAGE
RP3-476K8.4	LOW_COVERAGE
RP3-477O4.14	LOW_COVERAGE
RP3-477O4.5	LOW_COVERAGE
RP3-486I3.4	LOW_COVERAGE
RP3-486I3.5	LOW_COVERAGE
RP3-486I3.7	LOW_COVERAGE
RP3-496C20.1	LOW_COVERAGE
RP3-500L14.2	LOW_COVERAGE
RP3-507I15.2	LOW_COVERAGE
RP3-508I15.10	LOW_COVERAGE
RP3-508I15.14	LOW_COVERAGE
RP3-508I15.18	LOW_COVERAGE
RP3-508I15.19	LOW_COVERAGE
RP3-508I15.21	LOW_COVERAGE
RP3-508I15.22	LOW_COVERAGE
RP3-508I15.9	LOW_COVERAGE
RP3-509I19.11	LOW_COVERAGE
RP3-509L4.3	LOW_COVERAGE
RP3-510D11.1	LOW_COVERAGE
RP3-510D11.2	LOW_COVERAGE
RP3-510H16.3	LOW_COVERAGE
RP3-510L9.1	LOW_COVERAGE
RP3-510O8.4	LOW_COVERAGE
RP3-511B24.5	LOW_COVERAGE
RP3-512B11.3	LOW_COVERAGE
RP3-514P16.1	LOW_COVERAGE
RP3-521E19.2	LOW_COVERAGE
RP3-521E19.3	LOW_COVERAGE
RP3-522J7.5	LOW_COVERAGE
RP3-522J7.7	LOW_COVERAGE
RP3-523E19.2	LOW_COVERAGE
RP3-523K23.2	LOW_COVERAGE
RP3-525L6.2	LOW_COVERAGE
RP4-529N6.1	LOW_COVERAGE
RP4-530I15.9	LOW_COVERAGE
RP4-533D7.3	LOW_COVERAGE
RP4-533D7.4	LOW_COVERAGE
RP4-533D7.5	LOW_COVERAGE
RP4-534N18.2	LOW_COVERAGE
RP4-536B24.2	LOW_COVERAGE
RP4-536B24.4	LOW_COVERAGE
RP4-537K23.4	LOW_COVERAGE
RP4-539M6.19	LOW_COVERAGE
RP4-539M6.20	LOW_COVERAGE
RP4-539M6.21	LOW_COVERAGE
RP4-545C24.1	LOW_COVERAGE
RP4-545K15.5	LOW_COVERAGE
RP4-545L17.11	LOW_COVERAGE
RP4-548D19.3	LOW_COVERAGE
RP4-549L20.3	LOW_COVERAGE
RP4-550H1.4	LOW_COVERAGE
RP4-559A3.7	LOW_COVERAGE
RP4-561L24.3	LOW_COVERAGE
RP4-563E14.1	LOW_COVERAGE
RP4-564F22.5	LOW_COVERAGE
RP4-564F22.7	LOW_COVERAGE
RP4-566D2.1	LOW_COVERAGE
RP4-568C11.4	LOW_COVERAGE
RP4-568F9.3	LOW_COVERAGE
RP4-568F9.6	LOW_COVERAGE
RP4-569D19.5	LOW_COVERAGE
RP4-569M23.2	LOW_COVERAGE
RP4-569M23.4	LOW_COVERAGE
RP4-569M23.5	LOW_COVERAGE
RP4-583P15.10	LOW_COVERAGE
RP4-583P15.14	LOW_COVERAGE
RP4-583P15.15	LOW_COVERAGE
RP4-584D14.5	LOW_COVERAGE
RP4-591B8.2	LOW_COVERAGE
RP4-591C20.9	LOW_COVERAGE
RP4-591N18.2	LOW_COVERAGE
RP4-592A1.2	LOW_COVERAGE
RP4-593H12.1	LOW_COVERAGE
RP4-593M8.1	LOW_COVERAGE
RP4-594A5.1	LOW_COVERAGE
RP4-594I10.3	LOW_COVERAGE
RP4-601P9.1	LOW_COVERAGE
RP4-601P9.2	LOW_COVERAGE
RP4-604A21.1	LOW_COVERAGE
RP4-604K5.3	LOW_COVERAGE
RP4-605O3.4	LOW_COVERAGE
RP4-607I7.1	LOW_COVERAGE
RP4-612B15.2	LOW_COVERAGE
RP4-612B18.3	LOW_COVERAGE
RP4-612C19.1	LOW_COVERAGE
RP4-613A2.1	LOW_COVERAGE
RP4-613B23.1	LOW_COVERAGE
RP4-613B23.5	LOW_COVERAGE
RP4-614O4.11	LOW_COVERAGE
RP4-614O4.12	LOW_COVERAGE
RP4-614O4.13	LOW_COVERAGE
RP4-616B8.4	LOW_COVERAGE
RP4-616B8.5	LOW_COVERAGE
RP4-616B8.6	LOW_COVERAGE
RP4-620E11.4	LOW_COVERAGE
RP4-620E11.8	LOW_COVERAGE
RP4-621F18.2	LOW_COVERAGE
RP4-621N11.2	LOW_COVERAGE
RP4-622L5.2	LOW_COVERAGE
RP4-622L5.7	LOW_COVERAGE
RP4-625H18.2	LOW_COVERAGE
RP4-631H13.2	LOW_COVERAGE
RP4-631H13.6	LOW_COVERAGE
RP4-633I8.4	LOW_COVERAGE
RP4-635A23.4	LOW_COVERAGE
RP4-635A23.6	LOW_COVERAGE
RP4-635E18.6	LOW_COVERAGE
RP4-635E18.7	LOW_COVERAGE
RP4-635E18.8	LOW_COVERAGE
RP4-639F20.1	LOW_COVERAGE
RP4-641G12.4	LOW_COVERAGE
RP4-644L1.2	LOW_COVERAGE
RP4-646N3.1	LOW_COVERAGE
RP4-647C14.2	LOW_COVERAGE
RP4-647C14.3	LOW_COVERAGE
RP4-654C18.1	LOW_COVERAGE
RP4-655J12.4	LOW_COVERAGE
RP4-657D16.3	LOW_COVERAGE
RP4-657D16.6	LOW_COVERAGE
RP4-657E11.10	LOW_COVERAGE
RP4-660H19.1	LOW_COVERAGE
RP4-665J23.1	LOW_COVERAGE
RP4-665N4.8	LOW_COVERAGE
RP4-669K10.8	LOW_COVERAGE
RP4-669L17.10	LOW_COVERAGE
RP4-669L17.2	LOW_COVERAGE
RP4-669L17.8	LOW_COVERAGE
RP4-669P10.19	LOW_COVERAGE
RP4-669P10.20	LOW_COVERAGE
RP4-671O14.6	LOW_COVERAGE
RP4-673M15.1	LOW_COVERAGE
RP4-675C20.4	LOW_COVERAGE
RP4-677H15.4	LOW_COVERAGE
RP4-678D15.1	LOW_COVERAGE
RP4-680D5.8	LOW_COVERAGE
RP4-681N20.5	LOW_COVERAGE
RP4-682C21.2	LOW_COVERAGE
RP4-682C21.5	LOW_COVERAGE
RP4-683M8.2	LOW_COVERAGE
RP4-686C3.7	LOW_COVERAGE
RP4-693M11.3	LOW_COVERAGE
RP4-694A7.2	LOW_COVERAGE
RP4-694B14.8	LOW_COVERAGE
RP4-697K14.15	LOW_COVERAGE
RP4-704D23.1	LOW_COVERAGE
RP4-705D16.3	LOW_COVERAGE
RP4-706A16.3	LOW_COVERAGE
RP4-710M3.2	LOW_COVERAGE
RP4-713B5.2	LOW_COVERAGE
RP4-714D9.2	LOW_COVERAGE
RP4-714D9.4	LOW_COVERAGE
RP4-714D9.5	LOW_COVERAGE
RP4-717I23.2	LOW_COVERAGE
RP4-717I23.3	LOW_COVERAGE
RP4-718D20.3	LOW_COVERAGE
RP4-718P11.1	LOW_COVERAGE
RP4-724E13.2	LOW_COVERAGE
RP4-724E16.2	LOW_COVERAGE
RP4-725G10.4	LOW_COVERAGE
RP4-728D4.3	LOW_COVERAGE
RP4-730K3.3	LOW_COVERAGE
RP4-734G22.3	LOW_COVERAGE
RP4-734P14.4	LOW_COVERAGE
RP4-735C1.4	LOW_COVERAGE
RP4-735C1.6	LOW_COVERAGE
RP4-736L20.3	LOW_COVERAGE
RP4-738P15.6	LOW_COVERAGE
RP4-740C4.5	LOW_COVERAGE
RP4-740C4.7	LOW_COVERAGE
RP4-742C19.13	LOW_COVERAGE
RP4-742J24.2	LOW_COVERAGE
RP4-744I24.4	LOW_COVERAGE
RP4-751H13.5	LOW_COVERAGE
RP4-751H13.7	LOW_COVERAGE
RP4-753F5.1	LOW_COVERAGE
RP4-753M9.1	LOW_COVERAGE
RP4-754E20__A.5	LOW_COVERAGE
RP4-756G23.5	LOW_COVERAGE
RP4-756H11.3	LOW_COVERAGE
RP4-756H11.5	LOW_COVERAGE
RP4-758J18.10	LOW_COVERAGE
RP4-758J18.13	LOW_COVERAGE
RP4-758J18.2	LOW_COVERAGE
RP4-758J18.7	LOW_COVERAGE
RP4-758J24.5	LOW_COVERAGE
RP4-758J24.6	LOW_COVERAGE
RP4-760C5.3	LOW_COVERAGE
RP4-761J14.10	LOW_COVERAGE
RP4-761J14.8	LOW_COVERAGE
RP4-765C7.2	LOW_COVERAGE
RP4-769N13.6	LOW_COVERAGE
RP4-769N13.7	LOW_COVERAGE
RP4-773N10.4	LOW_COVERAGE
RP4-775C13.1	LOW_COVERAGE
RP4-777O23.1	LOW_COVERAGE
RP4-777O23.2	LOW_COVERAGE
RP4-777O23.3	LOW_COVERAGE
RP4-778K6.3	LOW_COVERAGE
RP4-781B1.5	LOW_COVERAGE
RP4-781K5.2	LOW_COVERAGE
RP4-781K5.4	LOW_COVERAGE
RP4-784A16.5	LOW_COVERAGE
RP4-785G19.2	LOW_COVERAGE
RP4-785G19.5	LOW_COVERAGE
RP4-789D17.3	LOW_COVERAGE
RP4-789D17.5	LOW_COVERAGE
RP4-791C19.1	LOW_COVERAGE
RP4-794I6.4	LOW_COVERAGE
RP4-796I17.5	LOW_COVERAGE
RP4-798A10.2	LOW_COVERAGE
RP4-798A10.4	LOW_COVERAGE
RP4-798A10.7	LOW_COVERAGE
RP4-798P15.3	LOW_COVERAGE
RP4-800F24.1	LOW_COVERAGE
RP4-800G7.2	LOW_COVERAGE
RP4-800G7.3	LOW_COVERAGE
RP4-800J21.3	LOW_COVERAGE
RP4-800M22.1	LOW_COVERAGE
RP4-802A10.1	LOW_COVERAGE
RP4-803J11.2	LOW_COVERAGE
RP4-806M20.3	LOW_COVERAGE
RP4-806M20.4	LOW_COVERAGE
RP4-813D12.3	LOW_COVERAGE
RP4-814D15.1	LOW_COVERAGE
RP4-814D15.2	LOW_COVERAGE
RP4-816N1.6	LOW_COVERAGE
RP4-816N1.7	LOW_COVERAGE
RP5-1000K24.2	LOW_COVERAGE
RP5-1007H16.1	LOW_COVERAGE
RP5-1009E24.8	LOW_COVERAGE
RP5-1009E24.9	LOW_COVERAGE
RP5-1014D13.2	LOW_COVERAGE
RP5-1021I20.1	LOW_COVERAGE
RP5-1021I20.4	LOW_COVERAGE
RP5-1021I20.5	LOW_COVERAGE
RP5-1021I20.6	LOW_COVERAGE
RP5-1021I20.8	LOW_COVERAGE
RP5-1024C24.1	LOW_COVERAGE
RP5-1024G6.2	LOW_COVERAGE
RP5-1024G6.5	LOW_COVERAGE
RP5-1024G6.7	LOW_COVERAGE
RP5-1024G6.8	LOW_COVERAGE
RP5-1024N4.4	LOW_COVERAGE
RP5-1024N4.5	LOW_COVERAGE
RP5-1027G4.3	LOW_COVERAGE
RP5-1028K7.1	LOW_COVERAGE
RP5-1028L10.1	LOW_COVERAGE
RP5-1033H22.2	LOW_COVERAGE
RP5-1039K5.12	LOW_COVERAGE
RP5-1039K5.13	LOW_COVERAGE
RP5-1039K5.19	LOW_COVERAGE
RP5-1041C10.3	LOW_COVERAGE
RP5-1042I8.7	LOW_COVERAGE
RP5-1042K10.10	LOW_COVERAGE
RP5-1042K10.12	LOW_COVERAGE
RP5-1042K10.14	LOW_COVERAGE
RP5-1047A19.4	LOW_COVERAGE
RP5-1049G16.4	LOW_COVERAGE
RP5-1050D4.2	LOW_COVERAGE
RP5-1050D4.3	LOW_COVERAGE
RP5-1050D4.4	LOW_COVERAGE
RP5-1050D4.5	LOW_COVERAGE
RP5-1052I5.2	LOW_COVERAGE
RP5-1056L3.3	LOW_COVERAGE
RP5-1057I20.4	LOW_COVERAGE
RP5-1057I20.5	LOW_COVERAGE
RP5-1057I20.6	LOW_COVERAGE
RP5-1057J7.7	LOW_COVERAGE
RP5-1059H15.1	LOW_COVERAGE
RP5-1059L7.1	LOW_COVERAGE
RP5-1061H20.3	LOW_COVERAGE
RP5-1061H20.4	LOW_COVERAGE
RP5-1063M23.1	LOW_COVERAGE
RP5-1063M23.2	LOW_COVERAGE
RP5-1065J22.4	LOW_COVERAGE
RP5-1065J22.8	LOW_COVERAGE
RP5-1065P14.2	LOW_COVERAGE
RP5-1068B5.5	LOW_COVERAGE
RP5-1068E13.7	LOW_COVERAGE
RP5-1071N3.1	LOW_COVERAGE
RP5-1073F15.1	LOW_COVERAGE
RP5-1073O3.2	LOW_COVERAGE
RP5-1074L1.1	LOW_COVERAGE
RP5-1074L1.4	LOW_COVERAGE
RP5-1085F17.3	LOW_COVERAGE
RP5-1085F17.4	LOW_COVERAGE
RP5-1086K13.1	LOW_COVERAGE
RP5-1087E8.3	LOW_COVERAGE
RP5-1092A11.5	LOW_COVERAGE
RP5-1092A3.4	LOW_COVERAGE
RP5-1092A3.5	LOW_COVERAGE
RP5-1092L12.2	LOW_COVERAGE
RP5-1098D14.1	LOW_COVERAGE
RP5-1099C19.2	LOW_COVERAGE
RP5-1099D15.1	LOW_COVERAGE
RP5-1100E15.4	LOW_COVERAGE
RP5-1100H13.3	LOW_COVERAGE
RP5-1101C3.1	LOW_COVERAGE
RP5-1107A17.2	LOW_COVERAGE
RP5-1107A17.3	LOW_COVERAGE
RP5-1107A17.4	LOW_COVERAGE
RP5-1112D6.4	LOW_COVERAGE
RP5-1112D6.7	LOW_COVERAGE
RP5-1112D6.8	LOW_COVERAGE
RP5-1113E3.3	LOW_COVERAGE
RP5-1115A15.1	LOW_COVERAGE
RP5-1120P11.1	LOW_COVERAGE
RP5-1120P11.3	LOW_COVERAGE
RP5-1125A11.4	LOW_COVERAGE
RP5-1125A11.6	LOW_COVERAGE
RP5-1125A11.7	LOW_COVERAGE
RP5-1126H10.2	LOW_COVERAGE
RP5-1132H15.1	LOW_COVERAGE
RP5-1132H15.3	LOW_COVERAGE
RP5-1136G13.2	LOW_COVERAGE
RP5-1139B12.2	LOW_COVERAGE
RP5-1139B12.3	LOW_COVERAGE
RP5-1139B12.4	LOW_COVERAGE
RP5-1142A6.10	LOW_COVERAGE
RP5-1142A6.2	LOW_COVERAGE
RP5-1142A6.5	LOW_COVERAGE
RP5-1142A6.7	LOW_COVERAGE
RP5-1142A6.8	LOW_COVERAGE
RP5-1142A6.9	LOW_COVERAGE
RP5-1147A1.1	LOW_COVERAGE
RP5-1147A1.2	LOW_COVERAGE
RP5-1148A21.3	LOW_COVERAGE
RP5-1153D9.5	LOW_COVERAGE
RP5-1157M23.2	LOW_COVERAGE
RP5-1159O4.1	LOW_COVERAGE
RP5-1159O4.2	LOW_COVERAGE
RP5-1160K1.3	LOW_COVERAGE
RP5-1160K1.6	LOW_COVERAGE
RP5-1163L11.2	LOW_COVERAGE
RP5-1165K10.2	LOW_COVERAGE
RP5-1166A24.1	LOW_COVERAGE
RP5-1172N10.4	LOW_COVERAGE
RP5-1180D12.1	LOW_COVERAGE
RP5-1180E21.4	LOW_COVERAGE
RP5-1180E21.5	LOW_COVERAGE
RP5-1182A14.5	LOW_COVERAGE
RP5-1184F4.5	LOW_COVERAGE
RP5-1186N24.3	LOW_COVERAGE
RP5-1198O20.4	LOW_COVERAGE
RP5-1198O20.5	LOW_COVERAGE
RP5-821D11.7	LOW_COVERAGE
RP5-823G15.5	LOW_COVERAGE
RP5-827A12.2	LOW_COVERAGE
RP5-827C21.2	LOW_COVERAGE
RP5-827C21.4	LOW_COVERAGE
RP5-827C21.6	LOW_COVERAGE
RP5-832C2.5	LOW_COVERAGE
RP5-836J3.1	LOW_COVERAGE
RP5-836N17.4	LOW_COVERAGE
RP5-837J1.1	LOW_COVERAGE
RP5-837J1.4	LOW_COVERAGE
RP5-837J1.6	LOW_COVERAGE
RP5-837M10.4	LOW_COVERAGE
RP5-842K16.1	LOW_COVERAGE
RP5-849H19.2	LOW_COVERAGE
RP5-849H19.3	LOW_COVERAGE
RP5-850E9.3	LOW_COVERAGE
RP5-850O15.3	LOW_COVERAGE
RP5-854E16.2	LOW_COVERAGE
RP5-855D21.1	LOW_COVERAGE
RP5-855D21.2	LOW_COVERAGE
RP5-855D21.3	LOW_COVERAGE
RP5-857K21.11	LOW_COVERAGE
RP5-857K21.2	LOW_COVERAGE
RP5-857K21.6	LOW_COVERAGE
RP5-857K21.7	LOW_COVERAGE
RP5-858L17.1	LOW_COVERAGE
RP5-862P8.3	LOW_COVERAGE
RP5-864K19.4	LOW_COVERAGE
RP5-864K19.6	LOW_COVERAGE
RP5-864K19.7	LOW_COVERAGE
RP5-867C24.1	LOW_COVERAGE
RP5-867C24.4	LOW_COVERAGE
RP5-867C24.5	LOW_COVERAGE
RP5-872K7.7	LOW_COVERAGE
RP5-874C20.8	LOW_COVERAGE
RP5-875H18.10	LOW_COVERAGE
RP5-875H18.4	LOW_COVERAGE
RP5-875O13.1	LOW_COVERAGE
RP5-877J2.1	LOW_COVERAGE
RP5-881P19.7	LOW_COVERAGE
RP5-882C2.2	LOW_COVERAGE
RP5-882O7.1	LOW_COVERAGE
RP5-884G6.2	LOW_COVERAGE
RP5-890E16.2	LOW_COVERAGE
RP5-890E16.4	LOW_COVERAGE
RP5-890E16.5	LOW_COVERAGE
RP5-890O3.9	LOW_COVERAGE
RP5-892K4.1	LOW_COVERAGE
RP5-894A10.2	LOW_COVERAGE
RP5-894A10.6	LOW_COVERAGE
RP5-898J17.1	LOW_COVERAGE
RP5-899B16.1	LOW_COVERAGE
RP5-899B16.2	LOW_COVERAGE
RP5-901A4.1	LOW_COVERAGE
RP5-902P8.10	LOW_COVERAGE
RP5-903G2.2	LOW_COVERAGE
RP5-906A24.2	LOW_COVERAGE
RP5-906C1.1	LOW_COVERAGE
RP5-907C10.3	LOW_COVERAGE
RP5-907D15.3	LOW_COVERAGE
RP5-908M14.10	LOW_COVERAGE
RP5-908M14.5	LOW_COVERAGE
RP5-908M14.9	LOW_COVERAGE
RP5-914M6.1	LOW_COVERAGE
RP5-915N17.11	LOW_COVERAGE
RP5-916L7.2	LOW_COVERAGE
RP5-916O11.2	LOW_COVERAGE
RP5-916O11.3	LOW_COVERAGE
RP5-926E3.1	LOW_COVERAGE
RP5-935K16.1	LOW_COVERAGE
RP5-935K16.2	LOW_COVERAGE
RP5-940J5.3	LOW_COVERAGE
RP5-940J5.6	LOW_COVERAGE
RP5-940J5.9	LOW_COVERAGE
RP5-943J3.2	LOW_COVERAGE
RP5-951N9.1	LOW_COVERAGE
RP5-951N9.2	LOW_COVERAGE
RP5-955M13.4	LOW_COVERAGE
RP5-956O18.2	LOW_COVERAGE
RP5-956O18.3	LOW_COVERAGE
RP5-961K14.1	LOW_COVERAGE
RP5-963E22.6	LOW_COVERAGE
RP5-965G21.3	LOW_COVERAGE
RP5-965G21.4	LOW_COVERAGE
RP5-965G21.5	LOW_COVERAGE
RP5-965G21.6	LOW_COVERAGE
RP5-966M1.4	LOW_COVERAGE
RP5-966M1.5	LOW_COVERAGE
RP5-966M1.6	LOW_COVERAGE
RP5-966M1.7	LOW_COVERAGE
RP5-967N21.11	LOW_COVERAGE
RP5-967N21.7	LOW_COVERAGE
RP5-968P14.2	LOW_COVERAGE
RP5-972B16.2	LOW_COVERAGE
RP5-981O7.2	LOW_COVERAGE
RP5-984P4.6	LOW_COVERAGE
RP5-991C6.4	LOW_COVERAGE
RP5-991G20.1	LOW_COVERAGE
RP5-991G20.2	LOW_COVERAGE
RP5-991G20.6	LOW_COVERAGE
RP5-994D16.11	LOW_COVERAGE
RP5-994D16.3	LOW_COVERAGE
RP5-994D16.9	LOW_COVERAGE
RP5-997D16.2	LOW_COVERAGE
RP5-998N21.10	LOW_COVERAGE
RP5-999L4.2	LOW_COVERAGE
RP6-109B7.2	LOW_COVERAGE
RP6-109B7.4	LOW_COVERAGE
RP6-109B7.5	LOW_COVERAGE
RP6-114E22.1	LOW_COVERAGE
RP6-191P20.4	LOW_COVERAGE
RP6-201G10.2	LOW_COVERAGE
RP6-218J18.2	LOW_COVERAGE
RP6-65G23.3	LOW_COVERAGE
RP6-65G23.5	LOW_COVERAGE
RP6-74O6.2	LOW_COVERAGE
RP9	LOW_EVIDENCE
RP9P	LOW_COVERAGE
RPA1	RNA_RESISTANCE_CONSENSUS
RPA2	LOW_EVIDENCE
RPA3	RNA_RESISTANCE_CONSENSUS
RPA3OS	LOW_COVERAGE
RPA4	LOW_EVIDENCE
RPAIN	LOW_EVIDENCE
RPAP1	LOW_EVIDENCE
RPAP2	LOW_EVIDENCE
RPAP3	LOW_EVIDENCE
RPARP-AS1	RNA_RESISTANCE_CONSENSUS
RPE	RNA_RESISTANCE_CONSENSUS
RPE65	LOW_COVERAGE
RPEL1	LOW_COVERAGE
RPEP4	LOW_COVERAGE
RPF1	RNA_RESISTANCE_CONSENSUS
RPF2	LOW_EVIDENCE
RPF2P2	LOW_COVERAGE
RPGR	LOW_EVIDENCE
RPGRIP1	LOW_EVIDENCE
RPGRIP1L	LOW_EVIDENCE
RPH3A	LOW_COVERAGE
RPH3AL	LOW_EVIDENCE
RPIA	LOW_EVIDENCE
RPL10	LOW_EVIDENCE
RPL10A	LOW_EVIDENCE
RPL10AP1	LOW_COVERAGE
RPL10AP6	LOW_COVERAGE
RPL10L	LOW_COVERAGE
RPL11	LOW_EVIDENCE
RPL12	LOW_EVIDENCE
RPL12P1	LOW_COVERAGE
RPL12P11	LOW_COVERAGE
RPL12P15	LOW_COVERAGE
RPL12P24	LOW_COVERAGE
RPL12P29	LOW_COVERAGE
RPL12P37	LOW_COVERAGE
RPL12P38	LOW_COVERAGE
RPL12P4	LOW_COVERAGE
RPL12P8	LOW_COVERAGE
RPL13	LOW_EVIDENCE
RPL13A	LOW_EVIDENCE
RPL13AP17	LOW_COVERAGE
RPL13AP20	LOW_COVERAGE
RPL13AP25	LOW_COVERAGE
RPL13AP5	LOW_COVERAGE
RPL13AP6	LOW_COVERAGE
RPL13AP7	LOW_COVERAGE
RPL13P12	LOW_COVERAGE
RPL13P4	LOW_COVERAGE
RPL13P5	LOW_COVERAGE
RPL14	LOW_EVIDENCE
RPL14P1	LOW_COVERAGE
RPL14P3	LOW_COVERAGE
RPL15	LOW_EVIDENCE
RPL15P18	LOW_COVERAGE
RPL15P2	LOW_COVERAGE
RPL15P3	LOW_COVERAGE
RPL17	LOW_EVIDENCE
RPL17-C18orf32	LOW_EVIDENCE
RPL17P17	LOW_COVERAGE
RPL17P25	LOW_COVERAGE
RPL17P35	LOW_COVERAGE
RPL17P50	LOW_COVERAGE
RPL18	LOW_EVIDENCE
RPL18A	LOW_EVIDENCE
RPL18AP14	LOW_COVERAGE
RPL18AP3	LOW_COVERAGE
RPL19	LOW_EVIDENCE
RPL19P21	LOW_COVERAGE
RPL21	LOW_EVIDENCE
RPL21P10	LOW_COVERAGE
RPL21P121	LOW_COVERAGE
RPL21P28	LOW_COVERAGE
RPL21P32	LOW_COVERAGE
RPL21P44	LOW_COVERAGE
RPL21P5	LOW_COVERAGE
RPL21P54	LOW_COVERAGE
RPL21P65	LOW_COVERAGE
RPL21P75	LOW_COVERAGE
RPL21P8	LOW_COVERAGE
RPL22	LOW_EVIDENCE
RPL22L1	RNA_RESISTANCE_CONSENSUS
RPL23	LOW_EVIDENCE
RPL23A	RNA_RESISTANCE_CONSENSUS
RPL23AP1	LOW_COVERAGE
RPL23AP11	LOW_COVERAGE
RPL23AP18	LOW_COVERAGE
RPL23AP2	LOW_COVERAGE
RPL23AP20	LOW_COVERAGE
RPL23AP23	LOW_COVERAGE
RPL23AP25	LOW_COVERAGE
RPL23AP32	LOW_COVERAGE
RPL23AP34	LOW_COVERAGE
RPL23AP35	LOW_COVERAGE
RPL23AP42	LOW_COVERAGE
RPL23AP49	LOW_COVERAGE
RPL23AP51	LOW_COVERAGE
RPL23AP52	LOW_COVERAGE
RPL23AP53	LOW_COVERAGE
RPL23AP63	LOW_COVERAGE
RPL23AP64	LOW_COVERAGE
RPL23AP7	LOW_COVERAGE
RPL23AP74	LOW_COVERAGE
RPL23AP81	LOW_COVERAGE
RPL23AP82	LOW_COVERAGE
RPL23AP87	LOW_COVERAGE
RPL24	LOW_EVIDENCE
RPL24P2	LOW_COVERAGE
RPL24P4	LOW_COVERAGE
RPL24P8	LOW_COVERAGE
RPL26	LOW_EVIDENCE
RPL26L1	LOW_EVIDENCE
RPL26P19	LOW_COVERAGE
RPL26P3	LOW_COVERAGE
RPL26P30	LOW_COVERAGE
RPL26P35	LOW_COVERAGE
RPL27	LOW_EVIDENCE
RPL27A	LOW_EVIDENCE
RPL28	LOW_EVIDENCE
RPL29	LOW_EVIDENCE
RPL29P11	LOW_COVERAGE
RPL29P14	LOW_COVERAGE
RPL29P24	LOW_COVERAGE
RPL3	LOW_EVIDENCE
RPL30	RNA_RESISTANCE_CONSENSUS
RPL30P13	LOW_COVERAGE
RPL30P2	LOW_COVERAGE
RPL31	RNA_RESISTANCE_CONSENSUS
RPL31P15	LOW_COVERAGE
RPL31P20	LOW_COVERAGE
RPL31P28	LOW_COVERAGE
RPL31P49	LOW_COVERAGE
RPL31P52	LOW_COVERAGE
RPL32	LOW_EVIDENCE
RPL32P26	LOW_COVERAGE
RPL32P29	LOW_COVERAGE
RPL32P3	LOW_COVERAGE
RPL34	LOW_EVIDENCE
RPL34-AS1	LOW_COVERAGE
RPL34P18	LOW_COVERAGE
RPL34P21	LOW_COVERAGE
RPL34P23	LOW_COVERAGE
RPL34P26	LOW_COVERAGE
RPL34P27	LOW_COVERAGE
RPL34P31	LOW_COVERAGE
RPL34P33	LOW_COVERAGE
RPL34P34	LOW_COVERAGE
RPL34P6	LOW_COVERAGE
RPL35	LOW_EVIDENCE
RPL35A	LOW_EVIDENCE
RPL35AP25	LOW_COVERAGE
RPL35AP31	LOW_COVERAGE
RPL35P1	LOW_COVERAGE
RPL35P2	LOW_COVERAGE
RPL35P5	LOW_COVERAGE
RPL36	LOW_EVIDENCE
RPL36A	LOW_EVIDENCE
RPL36A-HNRNPH2	LOW_COVERAGE
RPL36AL	LOW_EVIDENCE
RPL36AP15	LOW_COVERAGE
RPL36AP21	LOW_COVERAGE
RPL36AP33	LOW_COVERAGE
RPL36AP41	LOW_COVERAGE
RPL36AP43	LOW_COVERAGE
RPL36AP48	LOW_COVERAGE
RPL36P4	LOW_COVERAGE
RPL37	LOW_EVIDENCE
RPL37A	LOW_EVIDENCE
RPL37AP1	LOW_COVERAGE
RPL37AP8	LOW_COVERAGE
RPL37P2	LOW_COVERAGE
RPL37P23	LOW_COVERAGE
RPL37P6	LOW_COVERAGE
RPL38	LOW_EVIDENCE
RPL39	LOW_EVIDENCE
RPL39L	LOW_EVIDENCE
RPL39P26	LOW_COVERAGE
RPL39P3	LOW_COVERAGE
RPL39P34	LOW_COVERAGE
RPL39P36	LOW_COVERAGE
RPL39P5	LOW_COVERAGE
RPL3L	LOW_COVERAGE
RPL3P1	LOW_COVERAGE
RPL3P2	LOW_COVERAGE
RPL3P4	LOW_COVERAGE
RPL3P6	LOW_COVERAGE
RPL3P7	LOW_COVERAGE
RPL3P8	LOW_COVERAGE
RPL3P9	LOW_COVERAGE
RPL4	LOW_EVIDENCE
RPL41	LOW_EVIDENCE
RPL41P1	LOW_COVERAGE
RPL41P2	LOW_COVERAGE
RPL41P5	LOW_COVERAGE
RPL4P2	LOW_COVERAGE
RPL4P3	LOW_COVERAGE
RPL4P4	LOW_COVERAGE
RPL4P5	LOW_COVERAGE
RPL4P6	LOW_COVERAGE
RPL5	LOW_EVIDENCE
RPL5P1	LOW_COVERAGE
RPL5P11	LOW_COVERAGE
RPL5P12	LOW_COVERAGE
RPL5P13	LOW_COVERAGE
RPL5P17	LOW_COVERAGE
RPL5P23	LOW_COVERAGE
RPL5P24	LOW_COVERAGE
RPL5P30	LOW_COVERAGE
RPL5P34	LOW_COVERAGE
RPL5P4	LOW_COVERAGE
RPL5P5	LOW_COVERAGE
RPL6	LOW_EVIDENCE
RPL6P27	LOW_COVERAGE
RPL6P7	LOW_COVERAGE
RPL6P8	LOW_COVERAGE
RPL7	LOW_EVIDENCE
RPL7A	LOW_EVIDENCE
RPL7AP10	LOW_COVERAGE
RPL7AP11	LOW_COVERAGE
RPL7AP15	LOW_COVERAGE
RPL7AP2	LOW_COVERAGE
RPL7AP26	LOW_COVERAGE
RPL7AP28	LOW_COVERAGE
RPL7AP30	LOW_COVERAGE
RPL7AP31	LOW_COVERAGE
RPL7AP6	LOW_COVERAGE
RPL7AP60	LOW_COVERAGE
RPL7AP65	LOW_COVERAGE
RPL7AP66	LOW_COVERAGE
RPL7L1	LOW_EVIDENCE
RPL7L1P2	LOW_COVERAGE
RPL7L1P3	LOW_COVERAGE
RPL7L1P8	LOW_COVERAGE
RPL7P1	LOW_COVERAGE
RPL7P11	LOW_COVERAGE
RPL7P14	LOW_COVERAGE
RPL7P17	LOW_COVERAGE
RPL7P19	LOW_COVERAGE
RPL7P21	LOW_COVERAGE
RPL7P23	LOW_COVERAGE
RPL7P24	LOW_COVERAGE
RPL7P25	LOW_COVERAGE
RPL7P26	LOW_COVERAGE
RPL7P28	LOW_COVERAGE
RPL7P32	LOW_COVERAGE
RPL7P39	LOW_COVERAGE
RPL7P42	LOW_COVERAGE
RPL7P46	LOW_COVERAGE
RPL7P47	LOW_COVERAGE
RPL7P49	LOW_COVERAGE
RPL7P52	LOW_COVERAGE
RPL7P54	LOW_COVERAGE
RPL7P57	LOW_COVERAGE
RPL7P7	LOW_COVERAGE
RPL7P9	LOW_COVERAGE
RPL8	LOW_EVIDENCE
RPL9	LOW_EVIDENCE
RPL9P16	LOW_COVERAGE
RPL9P18	LOW_COVERAGE
RPL9P25	LOW_COVERAGE
RPL9P29	LOW_COVERAGE
RPL9P32	LOW_COVERAGE
RPL9P7	LOW_COVERAGE
RPLP0	LOW_EVIDENCE
RPLP0P2	LOW_COVERAGE
RPLP0P6	LOW_COVERAGE
RPLP0P7	LOW_COVERAGE
RPLP1	LOW_EVIDENCE
RPLP1P11	LOW_COVERAGE
RPLP1P6	LOW_COVERAGE
RPLP2	LOW_EVIDENCE
RPN1	LOW_EVIDENCE
RPN2	LOW_EVIDENCE
RPP14	LOW_EVIDENCE
RPP21	LOW_EVIDENCE
RPP25	RNA_RESISTANCE_CONSENSUS
RPP25L	LOW_EVIDENCE
RPP30	RNA_RESISTANCE_CONSENSUS
RPP38	LOW_EVIDENCE
RPP38-DT	LOW_COVERAGE
RPP40	LOW_EVIDENCE
RPRD1A	LOW_EVIDENCE
RPRD1B	RNA_RESISTANCE_CONSENSUS
RPRD2	LOW_EVIDENCE
RPRM	RNA_RESISTANCE_CONSENSUS
RPRML	LOW_COVERAGE
RPS10	LOW_EVIDENCE
RPS10-NUDT3	RNA_RESISTANCE_CONSENSUS
RPS10L	LOW_COVERAGE
RPS10P2	LOW_COVERAGE
RPS10P3	LOW_COVERAGE
RPS10P7	LOW_COVERAGE
RPS11	LOW_EVIDENCE
RPS11P5	LOW_COVERAGE
RPS12	LOW_EVIDENCE
RPS12P26	LOW_COVERAGE
RPS12P28	LOW_COVERAGE
RPS12P31	LOW_COVERAGE
RPS13	LOW_EVIDENCE
RPS13P2	LOW_COVERAGE
RPS14	LOW_EVIDENCE
RPS14P4	LOW_COVERAGE
RPS15	LOW_EVIDENCE
RPS15A	LOW_EVIDENCE
RPS15AP1	LOW_COVERAGE
RPS15AP10	LOW_COVERAGE
RPS15AP11	LOW_COVERAGE
RPS15AP12	LOW_COVERAGE
RPS15AP16	LOW_COVERAGE
RPS15AP3	LOW_COVERAGE
RPS15AP38	LOW_COVERAGE
RPS15AP6	LOW_COVERAGE
RPS16	LOW_EVIDENCE
RPS16P5	LOW_COVERAGE
RPS17	LOW_EVIDENCE
RPS17P5	LOW_COVERAGE
RPS18	LOW_EVIDENCE
RPS18P12	LOW_COVERAGE
RPS18P9	LOW_COVERAGE
RPS19	LOW_EVIDENCE
RPS19BP1	LOW_EVIDENCE
RPS19P1	LOW_COVERAGE
RPS19P3	LOW_COVERAGE
RPS2	LOW_EVIDENCE
RPS20	LOW_EVIDENCE
RPS20P14	LOW_COVERAGE
RPS20P15	LOW_COVERAGE
RPS20P21	LOW_COVERAGE
RPS20P22	LOW_COVERAGE
RPS20P31	LOW_COVERAGE
RPS20P33	LOW_COVERAGE
RPS20P4	LOW_COVERAGE
RPS21	LOW_EVIDENCE
RPS21P1	LOW_COVERAGE
RPS21P4	LOW_COVERAGE
RPS23	LOW_EVIDENCE
RPS23P2	LOW_COVERAGE
RPS23P8	LOW_COVERAGE
RPS24	LOW_EVIDENCE
RPS24P16	LOW_COVERAGE
RPS24P8	LOW_COVERAGE
RPS25	RNA_RESISTANCE_CONSENSUS
RPS26	LOW_EVIDENCE
RPS26P52	LOW_COVERAGE
RPS27	LOW_EVIDENCE
RPS27A	LOW_EVIDENCE
RPS27AP2	LOW_COVERAGE
RPS27L	LOW_EVIDENCE
RPS27P1	LOW_COVERAGE
RPS27P16	LOW_COVERAGE
RPS27P25	LOW_COVERAGE
RPS28	LOW_EVIDENCE
RPS28P7	LOW_COVERAGE
RPS29	LOW_EVIDENCE
RPS29P22	LOW_COVERAGE
RPS2P25	LOW_COVERAGE
RPS2P4	LOW_COVERAGE
RPS2P41	LOW_COVERAGE
RPS2P44	LOW_COVERAGE
RPS2P46	LOW_COVERAGE
RPS2P5	LOW_COVERAGE
RPS2P55	LOW_COVERAGE
RPS2P7	LOW_COVERAGE
RPS3	LOW_EVIDENCE
RPS3A	LOW_EVIDENCE
RPS3AP12	LOW_COVERAGE
RPS3AP2	LOW_COVERAGE
RPS3AP23	LOW_COVERAGE
RPS3AP25	LOW_COVERAGE
RPS3AP26	LOW_COVERAGE
RPS3AP29	LOW_COVERAGE
RPS3AP34	LOW_COVERAGE
RPS3AP39	LOW_COVERAGE
RPS3AP44	LOW_COVERAGE
RPS3AP47	LOW_COVERAGE
RPS3AP5	LOW_COVERAGE
RPS3AP6	LOW_COVERAGE
RPS3P1	LOW_COVERAGE
RPS3P2	LOW_COVERAGE
RPS3P6	LOW_COVERAGE
RPS3P7	LOW_COVERAGE
RPS4X	LOW_EVIDENCE
RPS4XP1	LOW_COVERAGE
RPS4XP11	LOW_COVERAGE
RPS4XP13	LOW_COVERAGE
RPS4XP14	LOW_COVERAGE
RPS4XP16	LOW_COVERAGE
RPS4XP17	LOW_COVERAGE
RPS4XP2	LOW_COVERAGE
RPS4XP3	LOW_COVERAGE
RPS4XP6	LOW_COVERAGE
RPS4XP7	LOW_COVERAGE
RPS4Y1	LOW_COVERAGE
RPS4Y2	LOW_COVERAGE
RPS5	LOW_EVIDENCE
RPS6	LOW_EVIDENCE
RPS6KA1	RNA_RESISTANCE_CONSENSUS
RPS6KA2	ACUTE_RESPONSE
RPS6KA3	RNA_RESISTANCE_CONSENSUS
RPS6KA4	LOW_EVIDENCE
RPS6KA5	LOW_EVIDENCE
RPS6KA6	LOW_EVIDENCE
RPS6KB1	LOW_EVIDENCE
RPS6KB2	LOW_EVIDENCE
RPS6KB2-AS1	LOW_COVERAGE
RPS6KC1	LOW_EVIDENCE
RPS6KL1	RNA_RESISTANCE_CONSENSUS
RPS6P16	LOW_COVERAGE
RPS6P25	LOW_COVERAGE
RPS7	RNA_RESISTANCE_CONSENSUS
RPS7P1	LOW_COVERAGE
RPS7P10	LOW_COVERAGE
RPS7P11	LOW_COVERAGE
RPS7P15	LOW_COVERAGE
RPS7P3	LOW_COVERAGE
RPS8	LOW_EVIDENCE
RPS9	LOW_EVIDENCE
RPS9P1	LOW_COVERAGE
RPSA	LOW_EVIDENCE
RPSAP14	LOW_COVERAGE
RPSAP15	LOW_COVERAGE
RPSAP41	LOW_COVERAGE
RPSAP47	LOW_COVERAGE
RPSAP52	LOW_COVERAGE
RPSAP53	LOW_COVERAGE
RPSAP54	LOW_COVERAGE
RPSAP58	LOW_COVERAGE
RPSAP6	LOW_COVERAGE
RPSAP9	LOW_COVERAGE
RPTN	LOW_COVERAGE
RPTOR	LOW_EVIDENCE
RPUSD1	LOW_EVIDENCE
RPUSD2	LOW_EVIDENCE
RPUSD3	LOW_EVIDENCE
RPUSD4	LOW_EVIDENCE
RQCD1	RNA_RESISTANCE_CONSENSUS
RRAD	LOW_COVERAGE
RRAGA	LOW_EVIDENCE
RRAGB	LOW_EVIDENCE
RRAGC	LOW_EVIDENCE
RRAGD	RNA_RESISTANCE_CONSENSUS
RRAS	LOW_EVIDENCE
RRAS2	LOW_EVIDENCE
RRBP1	RNA_RESISTANCE_CONSENSUS
RREB1	LOW_EVIDENCE
RRH	LOW_EVIDENCE
RRM1	LOW_EVIDENCE
RRM1-AS1	LOW_COVERAGE
RRM2	RNA_RESISTANCE_CONSENSUS
RRM2B	LOW_EVIDENCE
RRM2P3	LOW_COVERAGE
RRN3	ACUTE_RESPONSE
RRN3P2	LOW_COVERAGE
RRN3P3	LOW_COVERAGE
RRNAD1	LOW_EVIDENCE
RRP1	LOW_EVIDENCE
RRP12	LOW_EVIDENCE
RRP15	LOW_EVIDENCE
RRP1B	ACUTE_RESPONSE
RRP36	LOW_EVIDENCE
RRP7A	LOW_EVIDENCE
RRP7B	LOW_COVERAGE
RRP7BP	LOW_COVERAGE
RRP8	LOW_EVIDENCE
RRP9	LOW_EVIDENCE
RRS1	LOW_EVIDENCE
RRS1-AS1	ACUTE_RESPONSE
RS1	LOW_COVERAGE
RSAD1	LOW_EVIDENCE
RSAD2	RNA_RESISTANCE_CONSENSUS
RSBN1	LOW_EVIDENCE
RSBN1L	LOW_EVIDENCE
RSC1A1	LOW_EVIDENCE
RSF1	LOW_EVIDENCE
RSF1-IT1	LOW_COVERAGE
RSF1-IT2	LOW_COVERAGE
RSG1	LOW_EVIDENCE
RSKR	LOW_COVERAGE
RSL1D1	LOW_EVIDENCE
RSL24D1	LOW_EVIDENCE
RSL24D1P1	LOW_COVERAGE
RSL24D1P6	LOW_COVERAGE
RSL24D1P8	LOW_COVERAGE
RSPH1	RNA_RESISTANCE_CONSENSUS
RSPH10B	LOW_EVIDENCE
RSPH10B2	LOW_COVERAGE
RSPH14	LOW_EVIDENCE
RSPH3	RNA_RESISTANCE_CONSENSUS
RSPH4A	LOW_EVIDENCE
RSPH6A	LOW_COVERAGE
RSPH9	LOW_EVIDENCE
RSPO1	LOW_COVERAGE
RSPO2	LOW_COVERAGE
RSPO3	LOW_COVERAGE
RSPO4	LOW_COVERAGE
RSPRY1	RNA_RESISTANCE_CONSENSUS
RSRC1	RNA_RESISTANCE_CONSENSUS
RSRC2	LOW_EVIDENCE
RSRP1	LOW_EVIDENCE
RSU1	RNA_RESISTANCE_CONSENSUS
RSU1P3	LOW_COVERAGE
RTBDN	LOW_EVIDENCE
RTCA	LOW_EVIDENCE
RTCA-AS1	LOW_COVERAGE
RTCB	RNA_RESISTANCE_CONSENSUS
RTEL1	LOW_EVIDENCE
RTEL1-TNFRSF6B	LOW_COVERAGE
RTEL1P1	LOW_COVERAGE
RTF1	LOW_EVIDENCE
RTF2	LOW_COVERAGE
RTFDC1	RNA_RESISTANCE_CONSENSUS
RTKN	RNA_RESISTANCE_CONSENSUS
RTKN2	LOW_EVIDENCE
RTL1	LOW_COVERAGE
RTL10	LOW_COVERAGE
RTL5	LOW_COVERAGE
RTL6	LOW_COVERAGE
RTL8A	LOW_COVERAGE
RTL8B	LOW_COVERAGE
RTL8C	LOW_COVERAGE
RTN1	LOW_EVIDENCE
RTN2	RNA_RESISTANCE_CONSENSUS
RTN3	RNA_RESISTANCE_CONSENSUS
RTN3P1	LOW_COVERAGE
RTN4	LOW_EVIDENCE
RTN4IP1	LOW_EVIDENCE
RTN4R	ACUTE_RESPONSE
RTN4RL1	RNA_RESISTANCE_CONSENSUS
RTN4RL2	RNA_RESISTANCE_CONSENSUS
RTP1	LOW_COVERAGE
RTP2	LOW_COVERAGE
RTP3	LOW_COVERAGE
RTP4	LOW_COVERAGE
RTP5	LOW_COVERAGE
RTRAF	LOW_COVERAGE
RTTN	RNA_RESISTANCE_CONSENSUS
RUBCN	LOW_COVERAGE
RUBCNL	LOW_COVERAGE
RUFY1	RNA_RESISTANCE_CONSENSUS
RUFY2	LOW_EVIDENCE
RUFY3	RNA_RESISTANCE_CONSENSUS
RUFY4	LOW_COVERAGE
RUNDC1	LOW_EVIDENCE
RUNDC3A	LOW_EVIDENCE
RUNDC3A-AS1	LOW_EVIDENCE
RUNDC3B	RNA_RESISTANCE_CONSENSUS
RUNX1	RNA_RESISTANCE_CONSENSUS
RUNX1T1	HUMAN_TUMOR_SUPPORTED
RUNX2	RNA_RESISTANCE_CONSENSUS
RUNX3	LOW_EVIDENCE
RUSC1	RNA_RESISTANCE_CONSENSUS
RUSC1-AS1	ACUTE_RESPONSE
RUSC2	LOW_EVIDENCE
RUVBL1	LOW_EVIDENCE
RUVBL1-AS1	LOW_COVERAGE
RUVBL2	LOW_EVIDENCE
RWDD1	LOW_EVIDENCE
RWDD2A	RNA_RESISTANCE_CONSENSUS
RWDD2B	RNA_RESISTANCE_CONSENSUS
RWDD3	RNA_RESISTANCE_CONSENSUS
RWDD4	RNA_RESISTANCE_CONSENSUS
RWDD4P1	LOW_COVERAGE
RWDD4P2	LOW_COVERAGE
RXFP1	LOW_COVERAGE
RXFP2	LOW_COVERAGE
RXFP3	LOW_COVERAGE
RXFP4	LOW_COVERAGE
RXRA	RNA_RESISTANCE_CONSENSUS
RXRB	RNA_RESISTANCE_CONSENSUS
RXRG	LOW_COVERAGE
RXYLT1	LOW_COVERAGE
RYBP	LOW_EVIDENCE
RYK	LOW_EVIDENCE
RYKP1	LOW_COVERAGE
RYR1	LOW_EVIDENCE
RYR2	RNA_RESISTANCE_CONSENSUS
RYR3	RNA_RESISTANCE_CONSENSUS
S100A1	RNA_RESISTANCE_CONSENSUS
S100A10	RNA_RESISTANCE_CONSENSUS
S100A11	LOW_EVIDENCE
S100A12	LOW_COVERAGE
S100A13	LOW_EVIDENCE
S100A14	RNA_RESISTANCE_CONSENSUS
S100A16	RNA_RESISTANCE_CONSENSUS
S100A2	RNA_RESISTANCE_CONSENSUS
S100A3	LOW_COVERAGE
S100A4	RNA_RESISTANCE_CONSENSUS
S100A5	LOW_COVERAGE
S100A6	RNA_RESISTANCE_CONSENSUS
S100A7	RNA_RESISTANCE_CONSENSUS
S100A7A	LOW_COVERAGE
S100A7L2	LOW_COVERAGE
S100A8	RNA_RESISTANCE_CONSENSUS
S100A9	RNA_RESISTANCE_CONSENSUS
S100B	LOW_COVERAGE
S100G	LOW_COVERAGE
S100P	RNA_RESISTANCE_CONSENSUS
S100PBP	LOW_EVIDENCE
S100Z	LOW_COVERAGE
S1PR1	LOW_COVERAGE
S1PR2	LOW_EVIDENCE
S1PR3	RNA_RESISTANCE_CONSENSUS
S1PR4	LOW_COVERAGE
S1PR5	LOW_EVIDENCE
SAA1	LOW_COVERAGE
SAA2	LOW_COVERAGE
SAA2-SAA4	LOW_COVERAGE
SAA4	LOW_COVERAGE
SAAL1	LOW_EVIDENCE
SAC3D1	RNA_RESISTANCE_CONSENSUS
SACM1L	LOW_EVIDENCE
SACS	RNA_RESISTANCE_CONSENSUS
SACS-AS1	LOW_COVERAGE
SAE1	LOW_EVIDENCE
SAFB	LOW_EVIDENCE
SAFB2	LOW_EVIDENCE
SAG	LOW_COVERAGE
SAGE1	RNA_RESISTANCE_CONSENSUS
SALL1	LOW_COVERAGE
SALL2	RNA_RESISTANCE_CONSENSUS
SALL3	LOW_COVERAGE
SALL4	RNA_RESISTANCE_CONSENSUS
SALRNA1	LOW_COVERAGE
SAMD1	LOW_EVIDENCE
SAMD10	LOW_EVIDENCE
SAMD11	RNA_RESISTANCE_CONSENSUS
SAMD12	LOW_EVIDENCE
SAMD12-AS1	LOW_EVIDENCE
SAMD13	LOW_EVIDENCE
SAMD14	LOW_COVERAGE
SAMD15	LOW_EVIDENCE
SAMD3	RNA_RESISTANCE_CONSENSUS
SAMD4A	RNA_RESISTANCE_CONSENSUS
SAMD4B	LOW_EVIDENCE
SAMD5	LOW_COVERAGE
SAMD7	LOW_COVERAGE
SAMD8	LOW_EVIDENCE
SAMD9	RNA_RESISTANCE_CONSENSUS
SAMD9L	LOW_EVIDENCE
SAMHD1	RNA_RESISTANCE_CONSENSUS
SAMM50	LOW_EVIDENCE
SAMMSON	LOW_COVERAGE
SAMSN1	LOW_COVERAGE
SAP130	LOW_EVIDENCE
SAP18	LOW_EVIDENCE
SAP25	LOW_EVIDENCE
SAP30	RNA_RESISTANCE_CONSENSUS
SAP30BP	LOW_EVIDENCE
SAP30L	LOW_EVIDENCE
SAP30L-AS1	LOW_EVIDENCE
SAPCD1	LOW_EVIDENCE
SAPCD1-AS1	LOW_COVERAGE
SAPCD2	RNA_RESISTANCE_CONSENSUS
SAR1A	LOW_EVIDENCE
SAR1B	LOW_EVIDENCE
SAR1P3	LOW_COVERAGE
SARAF	RNA_RESISTANCE_CONSENSUS
SARDH	RNA_RESISTANCE_CONSENSUS
SARM1	LOW_EVIDENCE
SARNP	ACUTE_RESPONSE
SARS	LOW_EVIDENCE
SARS2	LOW_EVIDENCE
SART1	LOW_EVIDENCE
SART3	LOW_EVIDENCE
SASH1	RNA_RESISTANCE_CONSENSUS
SASH3	LOW_COVERAGE
SASS6	LOW_EVIDENCE
SAT1	RNA_RESISTANCE_CONSENSUS
SAT2	RNA_RESISTANCE_CONSENSUS
SATB1	RNA_RESISTANCE_CONSENSUS
SATB1-AS1	LOW_COVERAGE
SATB2	RNA_RESISTANCE_CONSENSUS
SATB2-AS1	RNA_RESISTANCE_CONSENSUS
SATL1	RNA_RESISTANCE_CONSENSUS
SAV1	LOW_EVIDENCE
SAXO1	LOW_EVIDENCE
SAXO2	LOW_EVIDENCE
SAYSD1	LOW_EVIDENCE
SBDS	LOW_EVIDENCE
SBDSP1	LOW_COVERAGE
SBF1	ACUTE_RESPONSE
SBF2	LOW_EVIDENCE
SBF2-AS1	ACUTE_RESPONSE
SBK1	RNA_RESISTANCE_CONSENSUS
SBK2	LOW_COVERAGE
SBK3	LOW_COVERAGE
SBNO1	LOW_EVIDENCE
SBNO1-AS1	LOW_COVERAGE
SBNO2	LOW_EVIDENCE
SBSN	LOW_COVERAGE
SBSPON	LOW_EVIDENCE
SC22CB-1D7.1	LOW_COVERAGE
SC22CB-1E7.1	LOW_COVERAGE
SC5D	RNA_RESISTANCE_CONSENSUS
SCAANT1	LOW_COVERAGE
SCAF1	LOW_EVIDENCE
SCAF11	LOW_EVIDENCE
SCAF4	LOW_EVIDENCE
SCAF8	LOW_EVIDENCE
SCAI	RNA_RESISTANCE_CONSENSUS
SCAMP1	LOW_EVIDENCE
SCAMP1-AS1	LOW_EVIDENCE
SCAMP2	LOW_EVIDENCE
SCAMP3	LOW_EVIDENCE
SCAMP4	LOW_EVIDENCE
SCAMP5	RNA_RESISTANCE_CONSENSUS
SCAND1	LOW_EVIDENCE
SCAND2P	LOW_COVERAGE
SCAND3P1	LOW_COVERAGE
SCAP	LOW_EVIDENCE
SCAPER	LOW_EVIDENCE
SCARA3	RNA_RESISTANCE_CONSENSUS
SCARA5	LOW_COVERAGE
SCARB1	LOW_EVIDENCE
SCARB2	LOW_EVIDENCE
SCARF1	LOW_EVIDENCE
SCARF2	LOW_EVIDENCE
SCARNA1	LOW_COVERAGE
SCARNA11	LOW_COVERAGE
SCARNA12	LOW_COVERAGE
SCARNA13	LOW_COVERAGE
SCARNA14	LOW_COVERAGE
SCARNA16	LOW_COVERAGE
SCARNA17	LOW_COVERAGE
SCARNA2	LOW_COVERAGE
SCARNA20	LOW_COVERAGE
SCARNA22	LOW_COVERAGE
SCARNA23	LOW_COVERAGE
SCARNA24	LOW_COVERAGE
SCARNA4	LOW_COVERAGE
SCARNA5	LOW_COVERAGE
SCARNA6	LOW_COVERAGE
SCARNA7	LOW_COVERAGE
SCARNA8	LOW_COVERAGE
SCARNA9	LOW_COVERAGE
SCART1	LOW_EVIDENCE
SCAT2	LOW_COVERAGE
SCAT8	LOW_COVERAGE
SCCPDH	LOW_EVIDENCE
SCD	ACUTE_RESPONSE
SCD5	LOW_EVIDENCE
SCDP1	LOW_COVERAGE
SCEL	LOW_EVIDENCE
SCFD1	RNA_RESISTANCE_CONSENSUS
SCFD2	LOW_EVIDENCE
SCG2	LOW_EVIDENCE
SCG3	LOW_COVERAGE
SCG5	LOW_EVIDENCE
SCGB1A1	LOW_COVERAGE
SCGB1B2P	LOW_COVERAGE
SCGB1C1	LOW_COVERAGE
SCGB1C2	LOW_COVERAGE
SCGB1D1	LOW_COVERAGE
SCGB1D2	LOW_EVIDENCE
SCGB1D4	LOW_COVERAGE
SCGB2A1	LOW_EVIDENCE
SCGB2A2	RNA_RESISTANCE_CONSENSUS
SCGB2B2	LOW_EVIDENCE
SCGB3A1	LOW_COVERAGE
SCGB3A2	LOW_COVERAGE
SCGN	LOW_COVERAGE
SCHIP1	LOW_EVIDENCE
SCHLAP1	LOW_COVERAGE
SCIMP	LOW_EVIDENCE
SCIN	RNA_RESISTANCE_CONSENSUS
SCLT1	LOW_EVIDENCE
SCLY	RNA_RESISTANCE_CONSENSUS
SCMH1	LOW_EVIDENCE
SCML1	RNA_RESISTANCE_CONSENSUS
SCML2	RNA_RESISTANCE_CONSENSUS
SCML2P2	LOW_COVERAGE
SCML4	LOW_COVERAGE
SCN10A	LOW_COVERAGE
SCN11A	LOW_EVIDENCE
SCN1A	LOW_COVERAGE
SCN1A-AS1	LOW_COVERAGE
SCN1B	RNA_RESISTANCE_CONSENSUS
SCN2A	LOW_COVERAGE
SCN2B	LOW_COVERAGE
SCN3A	LOW_COVERAGE
SCN3B	LOW_COVERAGE
SCN4A	LOW_COVERAGE
SCN4B	LOW_COVERAGE
SCN5A	RNA_RESISTANCE_CONSENSUS
SCN7A	LOW_COVERAGE
SCN8A	LOW_EVIDENCE
SCN9A	LOW_COVERAGE
SCNM1	LOW_EVIDENCE
SCNN1A	RNA_RESISTANCE_CONSENSUS
SCNN1B	RNA_RESISTANCE_CONSENSUS
SCNN1D	LOW_EVIDENCE
SCNN1G	HUMAN_TUMOR_SUPPORTED
SCO1	LOW_EVIDENCE
SCO2	LOW_EVIDENCE
SCOC	RNA_RESISTANCE_CONSENSUS
SCOC-AS1	LOW_EVIDENCE
SCOCP1	LOW_COVERAGE
SCP2	RNA_RESISTANCE_CONSENSUS
SCP2D1	LOW_COVERAGE
SCPEP1	LOW_EVIDENCE
SCRG1	LOW_EVIDENCE
SCRIB	LOW_EVIDENCE
SCRN1	RNA_RESISTANCE_CONSENSUS
SCRN2	RNA_RESISTANCE_CONSENSUS
SCRN3	LOW_EVIDENCE
SCRT1	LOW_COVERAGE
SCRT2	LOW_COVERAGE
SCT	LOW_COVERAGE
SCTR	LOW_COVERAGE
SCUBE1	LOW_COVERAGE
SCUBE2	RNA_RESISTANCE_CONSENSUS
SCUBE3	RNA_RESISTANCE_CONSENSUS
SCX	RNA_RESISTANCE_CONSENSUS
SCYL1	LOW_EVIDENCE
SCYL2	LOW_EVIDENCE
SCYL3	LOW_EVIDENCE
SCb-64M4.1	LOW_COVERAGE
SDAD1	LOW_EVIDENCE
SDAD1P1	LOW_COVERAGE
SDAD1P2	LOW_COVERAGE
SDAD1P4	LOW_COVERAGE
SDC1	RNA_RESISTANCE_CONSENSUS
SDC2	RNA_RESISTANCE_CONSENSUS
SDC3	RNA_RESISTANCE_CONSENSUS
SDC4	LOW_EVIDENCE
SDCBP	RNA_RESISTANCE_CONSENSUS
SDCBP2	RNA_RESISTANCE_CONSENSUS
SDCBP2-AS1	LOW_EVIDENCE
SDCBPP1	LOW_COVERAGE
SDCBPP3	LOW_COVERAGE
SDCCAG3	LOW_EVIDENCE
SDCCAG8	RNA_RESISTANCE_CONSENSUS
SDE2	RNA_RESISTANCE_CONSENSUS
SDF2	LOW_EVIDENCE
SDF2L1	ACUTE_RESPONSE
SDF4	LOW_EVIDENCE
SDHA	LOW_EVIDENCE
SDHAF1	LOW_EVIDENCE
SDHAF2	RNA_RESISTANCE_CONSENSUS
SDHAF3	LOW_COVERAGE
SDHAF4	LOW_EVIDENCE
SDHAP1	LOW_COVERAGE
SDHAP2	LOW_COVERAGE
SDHAP3	LOW_COVERAGE
SDHB	LOW_EVIDENCE
SDHC	LOW_EVIDENCE
SDHD	LOW_EVIDENCE
SDK1	RNA_RESISTANCE_CONSENSUS
SDK2	RNA_RESISTANCE_CONSENSUS
SDPR	LOW_COVERAGE
SDR16C5	RNA_RESISTANCE_CONSENSUS
SDR39U1	LOW_EVIDENCE
SDR42E1	RNA_RESISTANCE_CONSENSUS
SDR42E2	LOW_COVERAGE
SDR9C7	LOW_COVERAGE
SDS	LOW_EVIDENCE
SDSL	LOW_EVIDENCE
SEBOX	LOW_COVERAGE
SEC11A	LOW_EVIDENCE
SEC11C	ACUTE_RESPONSE
SEC13	LOW_EVIDENCE
SEC13P1	LOW_COVERAGE
SEC14L1	RNA_RESISTANCE_CONSENSUS
SEC14L1P1	LOW_COVERAGE
SEC14L2	RNA_RESISTANCE_CONSENSUS
SEC14L3	LOW_COVERAGE
SEC14L4	LOW_COVERAGE
SEC14L5	LOW_EVIDENCE
SEC14L6	LOW_COVERAGE
SEC16A	LOW_EVIDENCE
SEC16B	LOW_COVERAGE
SEC1P	LOW_COVERAGE
SEC22A	RNA_RESISTANCE_CONSENSUS
SEC22B	LOW_EVIDENCE
SEC22C	LOW_EVIDENCE
SEC23A	RNA_RESISTANCE_CONSENSUS
SEC23A-AS1	LOW_COVERAGE
SEC23B	LOW_EVIDENCE
SEC23IP	LOW_EVIDENCE
SEC24A	LOW_EVIDENCE
SEC24B	LOW_EVIDENCE
SEC24B-AS1	LOW_EVIDENCE
SEC24C	LOW_EVIDENCE
SEC24D	LOW_EVIDENCE
SEC31A	LOW_EVIDENCE
SEC31B	RNA_RESISTANCE_CONSENSUS
SEC61A1	LOW_EVIDENCE
SEC61A2	RNA_RESISTANCE_CONSENSUS
SEC61B	ACUTE_RESPONSE
SEC61G	RNA_RESISTANCE_CONSENSUS
SEC62	LOW_EVIDENCE
SEC62-AS1	LOW_COVERAGE
SEC63	LOW_EVIDENCE
SEC63P1	LOW_COVERAGE
SECISBP2	LOW_EVIDENCE
SECISBP2L	RNA_RESISTANCE_CONSENSUS
SECTM1	RNA_RESISTANCE_CONSENSUS
SEH1L	LOW_EVIDENCE
SEL1L	LOW_EVIDENCE
SEL1L2	LOW_COVERAGE
SEL1L3	RNA_RESISTANCE_CONSENSUS
SELE	LOW_COVERAGE
SELENBP1	RNA_RESISTANCE_CONSENSUS
SELENOF	LOW_COVERAGE
SELENOH	LOW_COVERAGE
SELENOI	LOW_COVERAGE
SELENOK	LOW_COVERAGE
SELENOM	LOW_COVERAGE
SELENON	LOW_COVERAGE
SELENOO	LOW_COVERAGE
SELENOP	LOW_COVERAGE
SELENOS	LOW_COVERAGE
SELENOT	LOW_COVERAGE
SELENOW	LOW_COVERAGE
SELK	LOW_EVIDENCE
SELL	RNA_RESISTANCE_CONSENSUS
SELM	LOW_EVIDENCE
SELO	LOW_EVIDENCE
SELP	LOW_COVERAGE
SELPLG	LOW_COVERAGE
SELT	LOW_EVIDENCE
SELV	LOW_COVERAGE
SEM1	LOW_COVERAGE
SEMA3A	RNA_RESISTANCE_CONSENSUS
SEMA3B	RNA_RESISTANCE_CONSENSUS
SEMA3B-AS1	RNA_RESISTANCE_CONSENSUS
SEMA3C	RNA_RESISTANCE_CONSENSUS
SEMA3D	ACUTE_RESPONSE
SEMA3E	RNA_RESISTANCE_CONSENSUS
SEMA3F	RNA_RESISTANCE_CONSENSUS
SEMA3F-AS1	LOW_COVERAGE
SEMA3G	LOW_COVERAGE
SEMA4A	LOW_EVIDENCE
SEMA4B	RNA_RESISTANCE_CONSENSUS
SEMA4C	LOW_EVIDENCE
SEMA4D	LOW_EVIDENCE
SEMA4F	LOW_EVIDENCE
SEMA4G	RNA_RESISTANCE_CONSENSUS
SEMA5A	RNA_RESISTANCE_CONSENSUS
SEMA5B	RNA_RESISTANCE_CONSENSUS
SEMA6A	RNA_RESISTANCE_CONSENSUS
SEMA6A-AS1	LOW_EVIDENCE
SEMA6B	RNA_RESISTANCE_CONSENSUS
SEMA6C	RNA_RESISTANCE_CONSENSUS
SEMA6D	RNA_RESISTANCE_CONSENSUS
SEMA7A	RNA_RESISTANCE_CONSENSUS
SEMG1	LOW_COVERAGE
SEMG2	LOW_COVERAGE
SENP1	LOW_EVIDENCE
SENP2	LOW_EVIDENCE
SENP3	LOW_EVIDENCE
SENP3-EIF4A1	LOW_COVERAGE
SENP5	RNA_RESISTANCE_CONSENSUS
SENP6	LOW_EVIDENCE
SENP7	LOW_EVIDENCE
SENP8	RNA_RESISTANCE_CONSENSUS
SEP15	LOW_COVERAGE
SEPHS1	LOW_EVIDENCE
SEPHS1P1	LOW_COVERAGE
SEPHS2	LOW_EVIDENCE
SEPN1	RNA_RESISTANCE_CONSENSUS
SEPP1	LOW_EVIDENCE
SEPSECS	LOW_EVIDENCE
SEPSECS-AS1	HUMAN_TUMOR_SUPPORTED
SEPT1	LOW_EVIDENCE
SEPT10	RNA_RESISTANCE_CONSENSUS
SEPT10P1	LOW_COVERAGE
SEPT11	LOW_EVIDENCE
SEPT12	LOW_COVERAGE
SEPT14P12	LOW_COVERAGE
SEPT14P2	LOW_COVERAGE
SEPT2	LOW_EVIDENCE
SEPT2P1	LOW_COVERAGE
SEPT3	LOW_EVIDENCE
SEPT4	LOW_COVERAGE
SEPT4-AS1	LOW_COVERAGE
SEPT5	LOW_COVERAGE
SEPT6	CONTEXT_DEPENDENT
SEPT7	LOW_EVIDENCE
SEPT7-AS1	LOW_COVERAGE
SEPT7P1	LOW_COVERAGE
SEPT7P2	LOW_COVERAGE
SEPT7P3	LOW_COVERAGE
SEPT7P6	LOW_COVERAGE
SEPT7P9	LOW_COVERAGE
SEPT8	LOW_EVIDENCE
SEPT9	LOW_EVIDENCE
SEPTIN1	LOW_COVERAGE
SEPTIN10	LOW_COVERAGE
SEPTIN11	LOW_COVERAGE
SEPTIN2	LOW_COVERAGE
SEPTIN3	LOW_COVERAGE
SEPTIN4	LOW_COVERAGE
SEPTIN4-AS1	LOW_COVERAGE
SEPTIN5	LOW_COVERAGE
SEPTIN6	LOW_COVERAGE
SEPTIN7	LOW_COVERAGE
SEPTIN7-AS1	LOW_COVERAGE
SEPTIN8	LOW_COVERAGE
SEPTIN9	LOW_COVERAGE
SEPTIN9-DT	LOW_COVERAGE
SEPW1	LOW_EVIDENCE
SERAC1	LOW_EVIDENCE
SERBP1	LOW_EVIDENCE
SERBP1P1	LOW_COVERAGE
SERBP1P5	LOW_COVERAGE
SERBP1P6	LOW_COVERAGE
SERF1A	LOW_EVIDENCE
SERF1B	LOW_EVIDENCE
SERF2	LOW_EVIDENCE
SERGEF	RNA_RESISTANCE_CONSENSUS
SERHL	LOW_COVERAGE
SERHL2	RNA_RESISTANCE_CONSENSUS
SERINC1	RNA_RESISTANCE_CONSENSUS
SERINC2	LOW_EVIDENCE
SERINC3	RNA_RESISTANCE_CONSENSUS
SERINC4	LOW_EVIDENCE
SERINC5	LOW_EVIDENCE
SERP1	RNA_RESISTANCE_CONSENSUS
SERP2	LOW_EVIDENCE
SERPINA1	LOW_EVIDENCE
SERPINA10	LOW_EVIDENCE
SERPINA11	LOW_COVERAGE
SERPINA12	LOW_COVERAGE
SERPINA3	RNA_RESISTANCE_CONSENSUS
SERPINA4	LOW_COVERAGE
SERPINA5	LOW_EVIDENCE
SERPINA6	LOW_EVIDENCE
SERPINA7	LOW_COVERAGE
SERPINA9	HUMAN_TUMOR_SUPPORTED
SERPINB1	LOW_EVIDENCE
SERPINB10	LOW_COVERAGE
SERPINB11	LOW_COVERAGE
SERPINB12	LOW_COVERAGE
SERPINB13	LOW_COVERAGE
SERPINB2	LOW_EVIDENCE
SERPINB3	LOW_COVERAGE
SERPINB4	LOW_COVERAGE
SERPINB5	LOW_EVIDENCE
SERPINB6	RNA_RESISTANCE_CONSENSUS
SERPINB7	LOW_COVERAGE
SERPINB8	RNA_RESISTANCE_CONSENSUS
SERPINB9	HUMAN_TUMOR_SUPPORTED
SERPINB9P1	LOW_COVERAGE
SERPINC1	LOW_EVIDENCE
SERPIND1	LOW_EVIDENCE
SERPINE1	RNA_RESISTANCE_CONSENSUS
SERPINE2	RNA_RESISTANCE_CONSENSUS
SERPINE3	LOW_EVIDENCE
SERPINF1	RNA_RESISTANCE_CONSENSUS
SERPINF2	LOW_COVERAGE
SERPING1	LOW_EVIDENCE
SERPINH1	LOW_EVIDENCE
SERPINI1	LOW_EVIDENCE
SERPINI2	LOW_COVERAGE
SERTAD1	LOW_EVIDENCE
SERTAD2	RNA_RESISTANCE_CONSENSUS
SERTAD3	RNA_RESISTANCE_CONSENSUS
SERTAD4	LOW_EVIDENCE
SERTAD4-AS1	RNA_RESISTANCE_CONSENSUS
SERTM1	LOW_COVERAGE
SESN1	LOW_EVIDENCE
SESN2	RNA_RESISTANCE_CONSENSUS
SESN3	RNA_RESISTANCE_CONSENSUS
SESTD1	RNA_RESISTANCE_CONSENSUS
SET	LOW_EVIDENCE
SETBP1	HUMAN_TUMOR_SUPPORTED
SETD1A	LOW_EVIDENCE
SETD1B	LOW_EVIDENCE
SETD2	LOW_EVIDENCE
SETD3	RNA_RESISTANCE_CONSENSUS
SETD4	LOW_EVIDENCE
SETD5	LOW_EVIDENCE
SETD6	LOW_EVIDENCE
SETD7	LOW_EVIDENCE
SETD8	LOW_EVIDENCE
SETD9	LOW_EVIDENCE
SETDB1	LOW_EVIDENCE
SETDB2	LOW_EVIDENCE
SETMAR	RNA_RESISTANCE_CONSENSUS
SETP10	LOW_COVERAGE
SETP11	LOW_COVERAGE
SETP12	LOW_COVERAGE
SETP14	LOW_COVERAGE
SETP17	LOW_COVERAGE
SETP20	LOW_COVERAGE
SETP5	LOW_COVERAGE
SETP8	LOW_COVERAGE
SETSIP	LOW_COVERAGE
SETX	LOW_EVIDENCE
SEZ6	LOW_EVIDENCE
SEZ6L	LOW_COVERAGE
SEZ6L2	LOW_EVIDENCE
SF1	LOW_EVIDENCE
SF3A1	LOW_EVIDENCE
SF3A2	LOW_EVIDENCE
SF3A3	LOW_EVIDENCE
SF3A3P1	LOW_COVERAGE
SF3B1	RNA_RESISTANCE_CONSENSUS
SF3B2	LOW_EVIDENCE
SF3B3	RNA_RESISTANCE_CONSENSUS
SF3B4	LOW_EVIDENCE
SF3B5	ACUTE_RESPONSE
SF3B6	RNA_RESISTANCE_CONSENSUS
SFI1	LOW_EVIDENCE
SFMBT1	LOW_EVIDENCE
SFMBT2	RNA_RESISTANCE_CONSENSUS
SFN	RNA_RESISTANCE_CONSENSUS
SFPQ	LOW_EVIDENCE
SFR1	RNA_RESISTANCE_CONSENSUS
SFR1P1	LOW_COVERAGE
SFRP1	LOW_EVIDENCE
SFRP2	LOW_COVERAGE
SFRP4	LOW_EVIDENCE
SFRP5	LOW_COVERAGE
SFSWAP	LOW_EVIDENCE
SFT2D1	LOW_EVIDENCE
SFT2D2	RNA_RESISTANCE_CONSENSUS
SFT2D3	RNA_RESISTANCE_CONSENSUS
SFTA1P	LOW_COVERAGE
SFTA2	LOW_COVERAGE
SFTA3	LOW_COVERAGE
SFTPA1	LOW_COVERAGE
SFTPA2	LOW_COVERAGE
SFTPB	LOW_COVERAGE
SFTPC	LOW_COVERAGE
SFTPD	HUMAN_TUMOR_SUPPORTED
SFTPD-AS1	LOW_COVERAGE
SFXN1	LOW_EVIDENCE
SFXN2	RNA_RESISTANCE_CONSENSUS
SFXN3	LOW_EVIDENCE
SFXN4	RNA_RESISTANCE_CONSENSUS
SFXN5	RNA_RESISTANCE_CONSENSUS
SGCA	LOW_COVERAGE
SGCB	LOW_EVIDENCE
SGCD	LOW_COVERAGE
SGCE	RNA_RESISTANCE_CONSENSUS
SGCG	RNA_RESISTANCE_CONSENSUS
SGCZ	LOW_COVERAGE
SGF29	LOW_COVERAGE
SGIP1	LOW_COVERAGE
SGK1	RNA_RESISTANCE_CONSENSUS
SGK2	LOW_EVIDENCE
SGK223	LOW_EVIDENCE
SGK3	RNA_RESISTANCE_CONSENSUS
SGK494	LOW_EVIDENCE
SGMS1	RNA_RESISTANCE_CONSENSUS
SGMS1-AS1	LOW_EVIDENCE
SGMS2	RNA_RESISTANCE_CONSENSUS
SGO1	LOW_COVERAGE
SGO1-AS1	LOW_COVERAGE
SGO2	LOW_COVERAGE
SGOL1	LOW_COVERAGE
SGOL1-AS1	LOW_COVERAGE
SGOL2	LOW_EVIDENCE
SGPL1	LOW_EVIDENCE
SGPP1	RNA_RESISTANCE_CONSENSUS
SGPP2	RNA_RESISTANCE_CONSENSUS
SGSH	RNA_RESISTANCE_CONSENSUS
SGSM1	LOW_EVIDENCE
SGSM2	LOW_EVIDENCE
SGSM3	LOW_EVIDENCE
SGTA	LOW_EVIDENCE
SGTB	LOW_EVIDENCE
SH2B1	LOW_EVIDENCE
SH2B2	LOW_EVIDENCE
SH2B3	RNA_RESISTANCE_CONSENSUS
SH2D1A	LOW_COVERAGE
SH2D1B	LOW_COVERAGE
SH2D2A	RNA_RESISTANCE_CONSENSUS
SH2D3A	LOW_EVIDENCE
SH2D3C	LOW_COVERAGE
SH2D4A	RNA_RESISTANCE_CONSENSUS
SH2D4B	HUMAN_TUMOR_SUPPORTED
SH2D5	LOW_EVIDENCE
SH2D6	LOW_COVERAGE
SH2D7	LOW_COVERAGE
SH3BGR	LOW_EVIDENCE
SH3BGRL	RNA_RESISTANCE_CONSENSUS
SH3BGRL2	RNA_RESISTANCE_CONSENSUS
SH3BGRL3	LOW_EVIDENCE
SH3BP1	RNA_RESISTANCE_CONSENSUS
SH3BP2	RNA_RESISTANCE_CONSENSUS
SH3BP4	RNA_RESISTANCE_CONSENSUS
SH3BP5	RNA_RESISTANCE_CONSENSUS
SH3BP5-AS1	LOW_EVIDENCE
SH3BP5L	LOW_EVIDENCE
SH3D19	RNA_RESISTANCE_CONSENSUS
SH3D21	LOW_EVIDENCE
SH3GL1	LOW_EVIDENCE
SH3GL1P1	LOW_COVERAGE
SH3GL1P2	LOW_COVERAGE
SH3GL1P3	LOW_COVERAGE
SH3GL2	LOW_COVERAGE
SH3GL3	RNA_RESISTANCE_CONSENSUS
SH3GLB1	RNA_RESISTANCE_CONSENSUS
SH3GLB2	RNA_RESISTANCE_CONSENSUS
SH3KBP1	RNA_RESISTANCE_CONSENSUS
SH3PXD2A	RNA_RESISTANCE_CONSENSUS
SH3PXD2A-AS1	LOW_COVERAGE
SH3PXD2B	RNA_RESISTANCE_CONSENSUS
SH3RF1	RNA_RESISTANCE_CONSENSUS
SH3RF2	HUMAN_TUMOR_SUPPORTED
SH3RF3	HUMAN_TUMOR_SUPPORTED
SH3TC1	RNA_RESISTANCE_CONSENSUS
SH3TC2	LOW_EVIDENCE
SH3TC2-DT	LOW_COVERAGE
SH3YL1	RNA_RESISTANCE_CONSENSUS
SHANK1	LOW_EVIDENCE
SHANK2	LOW_EVIDENCE
SHANK2-AS1	ACUTE_RESPONSE
SHANK2-AS2	LOW_COVERAGE
SHANK2-AS3	LOW_COVERAGE
SHANK3	LOW_EVIDENCE
SHARPIN	LOW_EVIDENCE
SHB	LOW_EVIDENCE
SHBG	LOW_EVIDENCE
SHC1	RNA_RESISTANCE_CONSENSUS
SHC2	RNA_RESISTANCE_CONSENSUS
SHC3	LOW_EVIDENCE
SHC4	RNA_RESISTANCE_CONSENSUS
SHCBP1	RNA_RESISTANCE_CONSENSUS
SHCBP1L	LOW_COVERAGE
SHD	LOW_COVERAGE
SHE	LOW_COVERAGE
SHF	LOW_EVIDENCE
SHFL	LOW_COVERAGE
SHFM1	LOW_EVIDENCE
SHH	RNA_RESISTANCE_CONSENSUS
SHISA2	RNA_RESISTANCE_CONSENSUS
SHISA3	LOW_COVERAGE
SHISA4	RNA_RESISTANCE_CONSENSUS
SHISA5	RNA_RESISTANCE_CONSENSUS
SHISA6	LOW_EVIDENCE
SHISA7	LOW_COVERAGE
SHISA8	RNA_RESISTANCE_CONSENSUS
SHISA9	RNA_RESISTANCE_CONSENSUS
SHISAL1	LOW_COVERAGE
SHKBP1	LOW_EVIDENCE
SHLD1	LOW_COVERAGE
SHLD2	LOW_COVERAGE
SHLD3	LOW_COVERAGE
SHMT1	RNA_RESISTANCE_CONSENSUS
SHMT2	RNA_RESISTANCE_CONSENSUS
SHOC1	LOW_COVERAGE
SHOC2	RNA_RESISTANCE_CONSENSUS
SHOX	LOW_COVERAGE
SHOX2	LOW_EVIDENCE
SHPK	RNA_RESISTANCE_CONSENSUS
SHPRH	LOW_EVIDENCE
SHQ1	RNA_RESISTANCE_CONSENSUS
SHROOM1	LOW_EVIDENCE
SHROOM2	LOW_EVIDENCE
SHROOM3	RNA_RESISTANCE_CONSENSUS
SHROOM4	LOW_EVIDENCE
SHTN1	RNA_RESISTANCE_CONSENSUS
SI	LOW_COVERAGE
SIAE	LOW_EVIDENCE
SIAH1	LOW_EVIDENCE
SIAH2	RNA_RESISTANCE_CONSENSUS
SIAH2-AS1	LOW_COVERAGE
SIAH3	LOW_COVERAGE
SIDT1	LOW_EVIDENCE
SIDT1-AS1	LOW_EVIDENCE
SIDT2	LOW_EVIDENCE
SIGIRR	LOW_EVIDENCE
SIGLEC1	LOW_COVERAGE
SIGLEC10	LOW_COVERAGE
SIGLEC11	LOW_COVERAGE
SIGLEC12	LOW_COVERAGE
SIGLEC14	LOW_COVERAGE
SIGLEC15	LOW_EVIDENCE
SIGLEC16	LOW_COVERAGE
SIGLEC5	LOW_COVERAGE
SIGLEC6	LOW_COVERAGE
SIGLEC7	LOW_COVERAGE
SIGLEC8	LOW_COVERAGE
SIGLEC9	LOW_COVERAGE
SIGLECL1	LOW_COVERAGE
SIGMAR1	RNA_RESISTANCE_CONSENSUS
SIK1	LOW_EVIDENCE
SIK1B	LOW_COVERAGE
SIK2	LOW_EVIDENCE
SIK3	LOW_EVIDENCE
SIKE1	LOW_EVIDENCE
SIL1	LOW_EVIDENCE
SILC1	LOW_COVERAGE
SIM1	LOW_COVERAGE
SIM2	RNA_RESISTANCE_CONSENSUS
SIMC1	RNA_RESISTANCE_CONSENSUS
SIN3A	LOW_EVIDENCE
SIN3B	RNA_RESISTANCE_CONSENSUS
SINHCAF	LOW_COVERAGE
SIPA1	LOW_EVIDENCE
SIPA1L1	LOW_EVIDENCE
SIPA1L2	LOW_EVIDENCE
SIPA1L3	RNA_RESISTANCE_CONSENSUS
SIRLNT	LOW_COVERAGE
SIRPA	RNA_RESISTANCE_CONSENSUS
SIRPB1	LOW_COVERAGE
SIRPB2	LOW_COVERAGE
SIRPD	LOW_COVERAGE
SIRPG	LOW_COVERAGE
SIRT1	LOW_EVIDENCE
SIRT2	LOW_EVIDENCE
SIRT3	LOW_EVIDENCE
SIRT4	LOW_EVIDENCE
SIRT5	LOW_EVIDENCE
SIRT6	LOW_EVIDENCE
SIRT7	LOW_EVIDENCE
SIT1	LOW_COVERAGE
SIVA1	LOW_EVIDENCE
SIX1	LOW_EVIDENCE
SIX2	RNA_RESISTANCE_CONSENSUS
SIX3	LOW_EVIDENCE
SIX3-AS1	LOW_COVERAGE
SIX4	LOW_EVIDENCE
SIX5	RNA_RESISTANCE_CONSENSUS
SIX6	LOW_COVERAGE
SKA1	RNA_RESISTANCE_CONSENSUS
SKA2	RNA_RESISTANCE_CONSENSUS
SKA2P1	LOW_COVERAGE
SKA3	RNA_RESISTANCE_CONSENSUS
SKAP1	LOW_EVIDENCE
SKAP2	LOW_EVIDENCE
SKI	LOW_EVIDENCE
SKIDA1	RNA_RESISTANCE_CONSENSUS
SKIL	RNA_RESISTANCE_CONSENSUS
SKINTL	LOW_COVERAGE
SKIV2L	LOW_EVIDENCE
SKIV2L2	LOW_EVIDENCE
SKOR1	LOW_COVERAGE
SKOR2	LOW_COVERAGE
SKP1	LOW_EVIDENCE
SKP1P1	LOW_COVERAGE
SKP2	RNA_RESISTANCE_CONSENSUS
SLA	LOW_EVIDENCE
SLA2	LOW_EVIDENCE
SLAIN1	RNA_RESISTANCE_CONSENSUS
SLAIN2	RNA_RESISTANCE_CONSENSUS
SLAMF1	LOW_COVERAGE
SLAMF6	LOW_COVERAGE
SLAMF7	LOW_COVERAGE
SLAMF8	LOW_EVIDENCE
SLAMF9	LOW_COVERAGE
SLBP	LOW_EVIDENCE
SLC10A1	LOW_EVIDENCE
SLC10A2	LOW_COVERAGE
SLC10A3	LOW_EVIDENCE
SLC10A4	LOW_COVERAGE
SLC10A5	LOW_EVIDENCE
SLC10A6	LOW_COVERAGE
SLC10A7	LOW_EVIDENCE
SLC11A1	LOW_EVIDENCE
SLC11A2	LOW_EVIDENCE
SLC12A1	LOW_EVIDENCE
SLC12A2	ACUTE_RESPONSE
SLC12A3	LOW_COVERAGE
SLC12A4	RNA_RESISTANCE_CONSENSUS
SLC12A5	RNA_RESISTANCE_CONSENSUS
SLC12A5-AS1	LOW_COVERAGE
SLC12A6	LOW_EVIDENCE
SLC12A7	LOW_EVIDENCE
SLC12A8	LOW_EVIDENCE
SLC12A9	RNA_RESISTANCE_CONSENSUS
SLC12A9-AS1	LOW_COVERAGE
SLC13A1	LOW_COVERAGE
SLC13A2	LOW_COVERAGE
SLC13A3	LOW_EVIDENCE
SLC13A4	LOW_EVIDENCE
SLC13A5	LOW_COVERAGE
SLC14A1	RNA_RESISTANCE_CONSENSUS
SLC14A2	LOW_EVIDENCE
SLC15A1	LOW_COVERAGE
SLC15A2	RNA_RESISTANCE_CONSENSUS
SLC15A3	LOW_EVIDENCE
SLC15A4	RNA_RESISTANCE_CONSENSUS
SLC15A5	LOW_COVERAGE
SLC16A1	RNA_RESISTANCE_CONSENSUS
SLC16A1-AS1	HUMAN_TUMOR_SUPPORTED
SLC16A10	LOW_EVIDENCE
SLC16A11	LOW_COVERAGE
SLC16A12	LOW_COVERAGE
SLC16A13	LOW_EVIDENCE
SLC16A14	RNA_RESISTANCE_CONSENSUS
SLC16A2	RNA_RESISTANCE_CONSENSUS
SLC16A3	RNA_RESISTANCE_CONSENSUS
SLC16A4	RNA_RESISTANCE_CONSENSUS
SLC16A5	HUMAN_TUMOR_SUPPORTED
SLC16A6	RNA_RESISTANCE_CONSENSUS
SLC16A6P1	LOW_COVERAGE
SLC16A7	RNA_RESISTANCE_CONSENSUS
SLC16A8	LOW_COVERAGE
SLC16A9	RNA_RESISTANCE_CONSENSUS
SLC17A1	LOW_COVERAGE
SLC17A2	LOW_COVERAGE
SLC17A3	LOW_COVERAGE
SLC17A4	LOW_COVERAGE
SLC17A5	LOW_EVIDENCE
SLC17A6	LOW_COVERAGE
SLC17A7	LOW_COVERAGE
SLC17A8	LOW_COVERAGE
SLC17A9	HUMAN_TUMOR_SUPPORTED
SLC18A1	LOW_COVERAGE
SLC18A2	LOW_EVIDENCE
SLC18A3	LOW_COVERAGE
SLC18B1	RNA_RESISTANCE_CONSENSUS
SLC19A1	LOW_EVIDENCE
SLC19A2	RNA_RESISTANCE_CONSENSUS
SLC19A3	LOW_COVERAGE
SLC1A1	RNA_RESISTANCE_CONSENSUS
SLC1A2	RNA_RESISTANCE_CONSENSUS
SLC1A3	RNA_RESISTANCE_CONSENSUS
SLC1A4	RNA_RESISTANCE_CONSENSUS
SLC1A5	LOW_EVIDENCE
SLC1A6	LOW_COVERAGE
SLC1A7	LOW_COVERAGE
SLC20A1	RNA_RESISTANCE_CONSENSUS
SLC20A2	LOW_EVIDENCE
SLC22A1	HUMAN_TUMOR_SUPPORTED
SLC22A10	LOW_COVERAGE
SLC22A11	LOW_COVERAGE
SLC22A12	LOW_COVERAGE
SLC22A13	LOW_EVIDENCE
SLC22A14	LOW_EVIDENCE
SLC22A15	RNA_RESISTANCE_CONSENSUS
SLC22A16	LOW_COVERAGE
SLC22A17	RNA_RESISTANCE_CONSENSUS
SLC22A18	RNA_RESISTANCE_CONSENSUS
SLC22A18AS	RNA_RESISTANCE_CONSENSUS
SLC22A2	LOW_COVERAGE
SLC22A20	LOW_EVIDENCE
SLC22A23	RNA_RESISTANCE_CONSENSUS
SLC22A24	LOW_COVERAGE
SLC22A25	LOW_COVERAGE
SLC22A3	LOW_COVERAGE
SLC22A31	LOW_COVERAGE
SLC22A4	RNA_RESISTANCE_CONSENSUS
SLC22A5	RNA_RESISTANCE_CONSENSUS
SLC22A6	LOW_COVERAGE
SLC22A7	LOW_COVERAGE
SLC22A8	LOW_COVERAGE
SLC22A9	LOW_COVERAGE
SLC23A1	LOW_EVIDENCE
SLC23A2	LOW_EVIDENCE
SLC23A3	RNA_RESISTANCE_CONSENSUS
SLC24A1	LOW_EVIDENCE
SLC24A2	LOW_COVERAGE
SLC24A3	RNA_RESISTANCE_CONSENSUS
SLC24A4	LOW_COVERAGE
SLC24A5	LOW_EVIDENCE
SLC25A1	ACUTE_RESPONSE
SLC25A10	LOW_EVIDENCE
SLC25A11	RNA_RESISTANCE_CONSENSUS
SLC25A12	LOW_EVIDENCE
SLC25A13	RNA_RESISTANCE_CONSENSUS
SLC25A14	RNA_RESISTANCE_CONSENSUS
SLC25A14P1	LOW_COVERAGE
SLC25A15	LOW_EVIDENCE
SLC25A15P4	LOW_COVERAGE
SLC25A15P5	LOW_COVERAGE
SLC25A16	RNA_RESISTANCE_CONSENSUS
SLC25A17	LOW_EVIDENCE
SLC25A18	RNA_RESISTANCE_CONSENSUS
SLC25A19	LOW_EVIDENCE
SLC25A1P5	LOW_COVERAGE
SLC25A2	LOW_COVERAGE
SLC25A20	RNA_RESISTANCE_CONSENSUS
SLC25A21	LOW_EVIDENCE
SLC25A21-AS1	RNA_RESISTANCE_CONSENSUS
SLC25A22	LOW_EVIDENCE
SLC25A23	LOW_EVIDENCE
SLC25A24	LOW_EVIDENCE
SLC25A24P1	LOW_COVERAGE
SLC25A25	RNA_RESISTANCE_CONSENSUS
SLC25A25-AS1	LOW_EVIDENCE
SLC25A26	LOW_EVIDENCE
SLC25A27	RNA_RESISTANCE_CONSENSUS
SLC25A28	LOW_EVIDENCE
SLC25A29	RNA_RESISTANCE_CONSENSUS
SLC25A3	LOW_EVIDENCE
SLC25A30	RNA_RESISTANCE_CONSENSUS
SLC25A30-AS1	LOW_COVERAGE
SLC25A31	LOW_COVERAGE
SLC25A32	LOW_EVIDENCE
SLC25A33	LOW_EVIDENCE
SLC25A34	LOW_EVIDENCE
SLC25A35	RNA_RESISTANCE_CONSENSUS
SLC25A36	RNA_RESISTANCE_CONSENSUS
SLC25A37	LOW_EVIDENCE
SLC25A38	LOW_EVIDENCE
SLC25A39	LOW_EVIDENCE
SLC25A39P1	LOW_COVERAGE
SLC25A3P2	LOW_COVERAGE
SLC25A4	LOW_EVIDENCE
SLC25A40	RNA_RESISTANCE_CONSENSUS
SLC25A41	LOW_EVIDENCE
SLC25A42	RNA_RESISTANCE_CONSENSUS
SLC25A43	RNA_RESISTANCE_CONSENSUS
SLC25A44	LOW_EVIDENCE
SLC25A45	LOW_EVIDENCE
SLC25A46	RNA_RESISTANCE_CONSENSUS
SLC25A47	LOW_COVERAGE
SLC25A48	RNA_RESISTANCE_CONSENSUS
SLC25A5	LOW_EVIDENCE
SLC25A5-AS1	LOW_COVERAGE
SLC25A51	LOW_EVIDENCE
SLC25A52	LOW_COVERAGE
SLC25A53	LOW_EVIDENCE
SLC25A5P1	LOW_COVERAGE
SLC25A5P5	LOW_COVERAGE
SLC25A5P8	LOW_COVERAGE
SLC25A6	LOW_EVIDENCE
SLC26A1	RNA_RESISTANCE_CONSENSUS
SLC26A10	RNA_RESISTANCE_CONSENSUS
SLC26A11	LOW_EVIDENCE
SLC26A2	RNA_RESISTANCE_CONSENSUS
SLC26A3	LOW_EVIDENCE
SLC26A4	LOW_EVIDENCE
SLC26A4-AS1	LOW_COVERAGE
SLC26A5	LOW_EVIDENCE
SLC26A6	LOW_EVIDENCE
SLC26A7	LOW_EVIDENCE
SLC26A8	LOW_EVIDENCE
SLC26A9	LOW_COVERAGE
SLC27A1	LOW_EVIDENCE
SLC27A2	RNA_RESISTANCE_CONSENSUS
SLC27A3	RNA_RESISTANCE_CONSENSUS
SLC27A4	RNA_RESISTANCE_CONSENSUS
SLC27A5	RNA_RESISTANCE_CONSENSUS
SLC27A6	RNA_RESISTANCE_CONSENSUS
SLC28A1	LOW_EVIDENCE
SLC28A2	LOW_EVIDENCE
SLC28A3	LOW_COVERAGE
SLC29A1	RNA_RESISTANCE_CONSENSUS
SLC29A2	LOW_EVIDENCE
SLC29A3	RNA_RESISTANCE_CONSENSUS
SLC29A4	RNA_RESISTANCE_CONSENSUS
SLC2A1	ACUTE_RESPONSE
SLC2A1-AS1	HUMAN_TUMOR_SUPPORTED
SLC2A10	LOW_EVIDENCE
SLC2A11	LOW_EVIDENCE
SLC2A12	RNA_RESISTANCE_CONSENSUS
SLC2A13	LOW_EVIDENCE
SLC2A14	LOW_COVERAGE
SLC2A2	LOW_COVERAGE
SLC2A3	LOW_EVIDENCE
SLC2A3P1	LOW_COVERAGE
SLC2A3P2	LOW_COVERAGE
SLC2A3P4	LOW_COVERAGE
SLC2A4	LOW_COVERAGE
SLC2A4RG	RNA_RESISTANCE_CONSENSUS
SLC2A5	LOW_COVERAGE
SLC2A6	RNA_RESISTANCE_CONSENSUS
SLC2A7	LOW_COVERAGE
SLC2A8	LOW_EVIDENCE
SLC2A9	LOW_COVERAGE
SLC30A1	ACUTE_RESPONSE
SLC30A10	LOW_COVERAGE
SLC30A2	ACUTE_RESPONSE
SLC30A3	RNA_RESISTANCE_CONSENSUS
SLC30A4	LOW_EVIDENCE
SLC30A5	RNA_RESISTANCE_CONSENSUS
SLC30A6	LOW_EVIDENCE
SLC30A7	RNA_RESISTANCE_CONSENSUS
SLC30A8	LOW_COVERAGE
SLC30A9	RNA_RESISTANCE_CONSENSUS
SLC31A1	LOW_EVIDENCE
SLC31A2	LOW_EVIDENCE
SLC32A1	LOW_COVERAGE
SLC33A1	ACUTE_RESPONSE
SLC34A1	LOW_COVERAGE
SLC34A2	LOW_COVERAGE
SLC34A3	LOW_COVERAGE
SLC35A1	LOW_EVIDENCE
SLC35A2	LOW_EVIDENCE
SLC35A3	LOW_EVIDENCE
SLC35A4	LOW_EVIDENCE
SLC35A5	LOW_EVIDENCE
SLC35B1	ACUTE_RESPONSE
SLC35B2	LOW_EVIDENCE
SLC35B3	LOW_EVIDENCE
SLC35B4	LOW_EVIDENCE
SLC35C1	RNA_RESISTANCE_CONSENSUS
SLC35C2	LOW_EVIDENCE
SLC35D1	LOW_EVIDENCE
SLC35D2	ACUTE_RESPONSE
SLC35D3	LOW_COVERAGE
SLC35E1	LOW_EVIDENCE
SLC35E1P1	LOW_COVERAGE
SLC35E2	LOW_EVIDENCE
SLC35E2A	LOW_COVERAGE
SLC35E2B	LOW_EVIDENCE
SLC35E3	LOW_EVIDENCE
SLC35E4	LOW_EVIDENCE
SLC35F1	RNA_RESISTANCE_CONSENSUS
SLC35F2	RNA_RESISTANCE_CONSENSUS
SLC35F3	LOW_EVIDENCE
SLC35F4	LOW_COVERAGE
SLC35F5	LOW_EVIDENCE
SLC35F6	LOW_EVIDENCE
SLC35G1	LOW_EVIDENCE
SLC35G2	RNA_RESISTANCE_CONSENSUS
SLC35G3	LOW_COVERAGE
SLC35G4	LOW_COVERAGE
SLC35G5	LOW_COVERAGE
SLC35G6	LOW_COVERAGE
SLC36A1	LOW_EVIDENCE
SLC36A2	LOW_COVERAGE
SLC36A3	LOW_COVERAGE
SLC36A4	RNA_RESISTANCE_CONSENSUS
SLC37A1	RNA_RESISTANCE_CONSENSUS
SLC37A2	LOW_EVIDENCE
SLC37A3	RNA_RESISTANCE_CONSENSUS
SLC37A4	RNA_RESISTANCE_CONSENSUS
SLC38A1	RNA_RESISTANCE_CONSENSUS
SLC38A10	RNA_RESISTANCE_CONSENSUS
SLC38A11	LOW_COVERAGE
SLC38A2	LOW_EVIDENCE
SLC38A3	RNA_RESISTANCE_CONSENSUS
SLC38A4	LOW_EVIDENCE
SLC38A5	LOW_COVERAGE
SLC38A6	RNA_RESISTANCE_CONSENSUS
SLC38A7	LOW_EVIDENCE
SLC38A8	LOW_COVERAGE
SLC38A9	LOW_EVIDENCE
SLC39A1	LOW_EVIDENCE
SLC39A10	ACUTE_RESPONSE
SLC39A11	LOW_EVIDENCE
SLC39A12	LOW_COVERAGE
SLC39A13	LOW_EVIDENCE
SLC39A14	LOW_EVIDENCE
SLC39A2	LOW_COVERAGE
SLC39A3	LOW_EVIDENCE
SLC39A4	RNA_RESISTANCE_CONSENSUS
SLC39A5	LOW_COVERAGE
SLC39A6	RNA_RESISTANCE_CONSENSUS
SLC39A7	RNA_RESISTANCE_CONSENSUS
SLC39A8	RNA_RESISTANCE_CONSENSUS
SLC39A9	RNA_RESISTANCE_CONSENSUS
SLC3A1	LOW_EVIDENCE
SLC3A2	LOW_EVIDENCE
SLC40A1	LOW_EVIDENCE
SLC41A1	RNA_RESISTANCE_CONSENSUS
SLC41A2	RNA_RESISTANCE_CONSENSUS
SLC41A3	LOW_EVIDENCE
SLC43A1	ACUTE_RESPONSE
SLC43A2	LOW_EVIDENCE
SLC43A3	LOW_EVIDENCE
SLC44A1	RNA_RESISTANCE_CONSENSUS
SLC44A2	LOW_EVIDENCE
SLC44A3	RNA_RESISTANCE_CONSENSUS
SLC44A4	LOW_EVIDENCE
SLC44A5	RNA_RESISTANCE_CONSENSUS
SLC45A1	RNA_RESISTANCE_CONSENSUS
SLC45A2	LOW_COVERAGE
SLC45A3	RNA_RESISTANCE_CONSENSUS
SLC45A4	LOW_EVIDENCE
SLC46A1	LOW_EVIDENCE
SLC46A2	LOW_COVERAGE
SLC46A3	LOW_EVIDENCE
SLC47A1	RNA_RESISTANCE_CONSENSUS
SLC47A2	HUMAN_TUMOR_SUPPORTED
SLC48A1	LOW_EVIDENCE
SLC49A3	LOW_COVERAGE
SLC49A4	LOW_COVERAGE
SLC4A1	LOW_COVERAGE
SLC4A10	RNA_RESISTANCE_CONSENSUS
SLC4A11	RNA_RESISTANCE_CONSENSUS
SLC4A1AP	LOW_EVIDENCE
SLC4A1APP1	LOW_COVERAGE
SLC4A2	RNA_RESISTANCE_CONSENSUS
SLC4A3	RNA_RESISTANCE_CONSENSUS
SLC4A4	RNA_RESISTANCE_CONSENSUS
SLC4A5	LOW_EVIDENCE
SLC4A7	LOW_EVIDENCE
SLC4A8	RNA_RESISTANCE_CONSENSUS
SLC4A9	HUMAN_TUMOR_SUPPORTED
SLC50A1	ACUTE_RESPONSE
SLC51A	RNA_RESISTANCE_CONSENSUS
SLC51B	LOW_COVERAGE
SLC52A1	HUMAN_TUMOR_SUPPORTED
SLC52A2	LOW_EVIDENCE
SLC52A3	RNA_RESISTANCE_CONSENSUS
SLC5A1	LOW_COVERAGE
SLC5A10	LOW_EVIDENCE
SLC5A11	LOW_EVIDENCE
SLC5A12	RNA_RESISTANCE_CONSENSUS
SLC5A2	LOW_EVIDENCE
SLC5A3	RNA_RESISTANCE_CONSENSUS
SLC5A4	HUMAN_TUMOR_SUPPORTED
SLC5A4-AS1	LOW_COVERAGE
SLC5A4P1	LOW_COVERAGE
SLC5A5	LOW_COVERAGE
SLC5A6	RNA_RESISTANCE_CONSENSUS
SLC5A7	LOW_COVERAGE
SLC5A8	HUMAN_TUMOR_SUPPORTED
SLC5A9	LOW_COVERAGE
SLC66A1	LOW_COVERAGE
SLC66A1L	LOW_COVERAGE
SLC66A2	LOW_COVERAGE
SLC66A3	LOW_COVERAGE
SLC6A1	LOW_COVERAGE
SLC6A11	LOW_EVIDENCE
SLC6A12	LOW_COVERAGE
SLC6A13	LOW_EVIDENCE
SLC6A14	RNA_RESISTANCE_CONSENSUS
SLC6A15	ACUTE_RESPONSE
SLC6A16	RNA_RESISTANCE_CONSENSUS
SLC6A17	LOW_EVIDENCE
SLC6A18	LOW_COVERAGE
SLC6A19	LOW_COVERAGE
SLC6A2	LOW_COVERAGE
SLC6A20	LOW_EVIDENCE
SLC6A3	LOW_COVERAGE
SLC6A4	LOW_EVIDENCE
SLC6A5	LOW_COVERAGE
SLC6A6	RNA_RESISTANCE_CONSENSUS
SLC6A7	LOW_COVERAGE
SLC6A8	RNA_RESISTANCE_CONSENSUS
SLC6A9	LOW_EVIDENCE
SLC7A1	LOW_EVIDENCE
SLC7A10	LOW_COVERAGE
SLC7A11	RNA_RESISTANCE_CONSENSUS
SLC7A11-AS1	LOW_COVERAGE
SLC7A13	RNA_RESISTANCE_CONSENSUS
SLC7A14	LOW_COVERAGE
SLC7A14-AS1	LOW_COVERAGE
SLC7A2	RNA_RESISTANCE_CONSENSUS
SLC7A3	LOW_COVERAGE
SLC7A4	LOW_COVERAGE
SLC7A5	RNA_RESISTANCE_CONSENSUS
SLC7A5P1	LOW_COVERAGE
SLC7A5P2	LOW_COVERAGE
SLC7A6	LOW_EVIDENCE
SLC7A6OS	LOW_EVIDENCE
SLC7A7	LOW_EVIDENCE
SLC7A8	RNA_RESISTANCE_CONSENSUS
SLC7A9	LOW_COVERAGE
SLC8A1	RNA_RESISTANCE_CONSENSUS
SLC8A1-AS1	LOW_COVERAGE
SLC8A2	LOW_COVERAGE
SLC8A3	LOW_COVERAGE
SLC8B1	LOW_EVIDENCE
SLC9A1	LOW_EVIDENCE
SLC9A2	LOW_EVIDENCE
SLC9A3	LOW_EVIDENCE
SLC9A3-AS1	LOW_COVERAGE
SLC9A3R1	RNA_RESISTANCE_CONSENSUS
SLC9A3R2	LOW_EVIDENCE
SLC9A4	LOW_EVIDENCE
SLC9A5	LOW_EVIDENCE
SLC9A6	RNA_RESISTANCE_CONSENSUS
SLC9A7	RNA_RESISTANCE_CONSENSUS
SLC9A7P1	LOW_COVERAGE
SLC9A8	LOW_EVIDENCE
SLC9A9	LOW_EVIDENCE
SLC9B1	ACUTE_RESPONSE
SLC9B2	LOW_EVIDENCE
SLC9C1	LOW_EVIDENCE
SLC9C2	LOW_COVERAGE
SLCO1A2	LOW_COVERAGE
SLCO1B1	LOW_COVERAGE
SLCO1B3	LOW_COVERAGE
SLCO1B7	LOW_COVERAGE
SLCO1C1	LOW_COVERAGE
SLCO2A1	RNA_RESISTANCE_CONSENSUS
SLCO2B1	LOW_COVERAGE
SLCO3A1	RNA_RESISTANCE_CONSENSUS
SLCO4A1	RNA_RESISTANCE_CONSENSUS
SLCO4A1-AS1	LOW_COVERAGE
SLCO4C1	RNA_RESISTANCE_CONSENSUS
SLCO5A1	LOW_EVIDENCE
SLCO6A1	LOW_COVERAGE
SLED1	LOW_COVERAGE
SLF1	HUMAN_TUMOR_SUPPORTED
SLF2	LOW_EVIDENCE
SLFN11	LOW_EVIDENCE
SLFN12	LOW_EVIDENCE
SLFN12L	LOW_COVERAGE
SLFN13	LOW_EVIDENCE
SLFN14	LOW_COVERAGE
SLFN5	RNA_RESISTANCE_CONSENSUS
SLFNL1	LOW_EVIDENCE
SLFNL1-AS1	LOW_EVIDENCE
SLIRP	LOW_EVIDENCE
SLIT1	LOW_EVIDENCE
SLIT2	RNA_RESISTANCE_CONSENSUS
SLIT3	LOW_EVIDENCE
SLITRK1	LOW_COVERAGE
SLITRK2	LOW_COVERAGE
SLITRK3	LOW_COVERAGE
SLITRK4	RNA_RESISTANCE_CONSENSUS
SLITRK5	RNA_RESISTANCE_CONSENSUS
SLITRK6	RNA_RESISTANCE_CONSENSUS
SLK	LOW_EVIDENCE
SLMAP	LOW_EVIDENCE
SLMO1	LOW_EVIDENCE
SLMO2	LOW_EVIDENCE
SLMO2P3	LOW_COVERAGE
SLN	LOW_COVERAGE
SLPI	RNA_RESISTANCE_CONSENSUS
SLTM	LOW_EVIDENCE
SLU7	LOW_EVIDENCE
SLURP1	RNA_RESISTANCE_CONSENSUS
SLX1A	LOW_EVIDENCE
SLX1A-SULT1A3	LOW_COVERAGE
SLX1B	RNA_RESISTANCE_CONSENSUS
SLX1B-SULT1A4	LOW_COVERAGE
SLX4	LOW_EVIDENCE
SLX4IP	LOW_EVIDENCE
SMAD1	LOW_EVIDENCE
SMAD1-AS1	LOW_COVERAGE
SMAD1-AS2	LOW_COVERAGE
SMAD2	LOW_EVIDENCE
SMAD3	RNA_RESISTANCE_CONSENSUS
SMAD4	LOW_EVIDENCE
SMAD5	LOW_EVIDENCE
SMAD5-AS1	LOW_EVIDENCE
SMAD5-AS1_4	LOW_COVERAGE
SMAD6	LOW_EVIDENCE
SMAD7	LOW_EVIDENCE
SMAD9	RNA_RESISTANCE_CONSENSUS
SMAD9-IT1	LOW_COVERAGE
SMAGP	RNA_RESISTANCE_CONSENSUS
SMAP1	LOW_EVIDENCE
SMAP2	LOW_EVIDENCE
SMARCA1	LOW_EVIDENCE
SMARCA2	LOW_EVIDENCE
SMARCA4	LOW_EVIDENCE
SMARCA5	LOW_EVIDENCE
SMARCA5-AS1	LOW_COVERAGE
SMARCAD1	LOW_EVIDENCE
SMARCAL1	LOW_EVIDENCE
SMARCB1	RNA_RESISTANCE_CONSENSUS
SMARCC1	LOW_EVIDENCE
SMARCC2	LOW_EVIDENCE
SMARCD1	LOW_EVIDENCE
SMARCD2	LOW_EVIDENCE
SMARCD3	RNA_RESISTANCE_CONSENSUS
SMARCE1	LOW_EVIDENCE
SMARCE1P1	LOW_COVERAGE
SMARCE1P2	LOW_COVERAGE
SMC1A	LOW_EVIDENCE
SMC1B	HUMAN_TUMOR_SUPPORTED
SMC2	RNA_RESISTANCE_CONSENSUS
SMC2-AS1	LOW_COVERAGE
SMC3	RNA_RESISTANCE_CONSENSUS
SMC4	RNA_RESISTANCE_CONSENSUS
SMC5	LOW_EVIDENCE
SMC5-AS1	LOW_EVIDENCE
SMC6	LOW_EVIDENCE
SMCHD1	LOW_EVIDENCE
SMCO1	LOW_COVERAGE
SMCO2	LOW_EVIDENCE
SMCO3	LOW_COVERAGE
SMCO4	RNA_RESISTANCE_CONSENSUS
SMCP	LOW_COVERAGE
SMCR2	LOW_COVERAGE
SMCR5	LOW_EVIDENCE
SMCR8	LOW_EVIDENCE
SMDT1	LOW_EVIDENCE
SMEK1	LOW_COVERAGE
SMEK2	LOW_COVERAGE
SMG1	LOW_EVIDENCE
SMG1P1	LOW_COVERAGE
SMG1P2	LOW_COVERAGE
SMG1P3	LOW_COVERAGE
SMG1P4	LOW_COVERAGE
SMG1P5	LOW_COVERAGE
SMG1P6	LOW_COVERAGE
SMG1P7	LOW_COVERAGE
SMG5	LOW_EVIDENCE
SMG6	LOW_EVIDENCE
SMG7	LOW_EVIDENCE
SMG7-AS1	LOW_COVERAGE
SMG8	LOW_EVIDENCE
SMG9	LOW_EVIDENCE
SMIM1	LOW_EVIDENCE
SMIM10	LOW_COVERAGE
SMIM10L1	HUMAN_TUMOR_SUPPORTED
SMIM10L2A	LOW_COVERAGE
SMIM10L2B	LOW_COVERAGE
SMIM10L2B-AS1	LOW_COVERAGE
SMIM11	LOW_COVERAGE
SMIM11A	LOW_COVERAGE
SMIM11B	LOW_COVERAGE
SMIM12	LOW_EVIDENCE
SMIM13	LOW_EVIDENCE
SMIM14	RNA_RESISTANCE_CONSENSUS
SMIM15	LOW_EVIDENCE
SMIM15-AS1	LOW_COVERAGE
SMIM17	LOW_COVERAGE
SMIM18	LOW_EVIDENCE
SMIM19	LOW_EVIDENCE
SMIM2	LOW_EVIDENCE
SMIM2-AS1	RNA_RESISTANCE_CONSENSUS
SMIM20	RNA_RESISTANCE_CONSENSUS
SMIM21	LOW_COVERAGE
SMIM22	RNA_RESISTANCE_CONSENSUS
SMIM23	LOW_COVERAGE
SMIM24	LOW_COVERAGE
SMIM25	LOW_COVERAGE
SMIM26	LOW_COVERAGE
SMIM27	LOW_COVERAGE
SMIM29	LOW_COVERAGE
SMIM3	LOW_EVIDENCE
SMIM30	LOW_COVERAGE
SMIM31	LOW_COVERAGE
SMIM35	LOW_COVERAGE
SMIM36	LOW_COVERAGE
SMIM37	LOW_COVERAGE
SMIM4	RNA_RESISTANCE_CONSENSUS
SMIM41	LOW_COVERAGE
SMIM5	LOW_EVIDENCE
SMIM6	LOW_EVIDENCE
SMIM7	LOW_EVIDENCE
SMIM8	LOW_EVIDENCE
SMIM9	LOW_COVERAGE
SMKR1	LOW_EVIDENCE
SMLR1	LOW_COVERAGE
SMN1	LOW_EVIDENCE
SMN2	LOW_EVIDENCE
SMNDC1	LOW_EVIDENCE
SMO	LOW_EVIDENCE
SMOC1	RNA_RESISTANCE_CONSENSUS
SMOC2	RNA_RESISTANCE_CONSENSUS
SMOX	RNA_RESISTANCE_CONSENSUS
SMPD1	RNA_RESISTANCE_CONSENSUS
SMPD2	RNA_RESISTANCE_CONSENSUS
SMPD3	ACUTE_RESPONSE
SMPD4	LOW_EVIDENCE
SMPDL3A	RNA_RESISTANCE_CONSENSUS
SMPDL3B	LOW_EVIDENCE
SMPX	LOW_COVERAGE
SMR3A	LOW_COVERAGE
SMR3B	LOW_COVERAGE
SMS	RNA_RESISTANCE_CONSENSUS
SMTN	LOW_EVIDENCE
SMTNL1	LOW_COVERAGE
SMTNL2	RNA_RESISTANCE_CONSENSUS
SMU1	LOW_EVIDENCE
SMUG1	LOW_EVIDENCE
SMURF1	RNA_RESISTANCE_CONSENSUS
SMURF2	LOW_EVIDENCE
SMURF2P1	LOW_COVERAGE
SMYD1	LOW_COVERAGE
SMYD2	LOW_EVIDENCE
SMYD3	LOW_EVIDENCE
SMYD3-IT1	LOW_COVERAGE
SMYD4	LOW_EVIDENCE
SMYD5	LOW_EVIDENCE
SNAI1	RNA_RESISTANCE_CONSENSUS
SNAI2	LOW_COVERAGE
SNAI3	RNA_RESISTANCE_CONSENSUS
SNAI3-AS1	LOW_EVIDENCE
SNAP23	LOW_EVIDENCE
SNAP23P	LOW_COVERAGE
SNAP25	RNA_RESISTANCE_CONSENSUS
SNAP25-AS1	LOW_COVERAGE
SNAP29	RNA_RESISTANCE_CONSENSUS
SNAP47	RNA_RESISTANCE_CONSENSUS
SNAP47-AS1	LOW_COVERAGE
SNAP91	LOW_COVERAGE
SNAPC1	LOW_EVIDENCE
SNAPC2	RNA_RESISTANCE_CONSENSUS
SNAPC3	RNA_RESISTANCE_CONSENSUS
SNAPC4	LOW_EVIDENCE
SNAPC5	LOW_EVIDENCE
SNAPIN	LOW_EVIDENCE
SNCA	LOW_COVERAGE
SNCAIP	RNA_RESISTANCE_CONSENSUS
SNCB	LOW_EVIDENCE
SNCG	RNA_RESISTANCE_CONSENSUS
SND1	LOW_EVIDENCE
SND1-IT1	LOW_EVIDENCE
SNED1	RNA_RESISTANCE_CONSENSUS
SNF8	RNA_RESISTANCE_CONSENSUS
SNHG1	LOW_EVIDENCE
SNHG10	LOW_EVIDENCE
SNHG11	RNA_RESISTANCE_CONSENSUS
SNHG12	LOW_EVIDENCE
SNHG14	LOW_COVERAGE
SNHG15	RNA_RESISTANCE_CONSENSUS
SNHG16	LOW_EVIDENCE
SNHG17	LOW_EVIDENCE
SNHG18	RNA_RESISTANCE_CONSENSUS
SNHG19	RNA_RESISTANCE_CONSENSUS
SNHG20	LOW_EVIDENCE
SNHG21	RNA_RESISTANCE_CONSENSUS
SNHG22	RNA_RESISTANCE_CONSENSUS
SNHG25	LOW_EVIDENCE
SNHG26	LOW_COVERAGE
SNHG29	LOW_COVERAGE
SNHG3	LOW_EVIDENCE
SNHG30	LOW_COVERAGE
SNHG31	LOW_COVERAGE
SNHG32	LOW_COVERAGE
SNHG4	LOW_EVIDENCE
SNHG5	LOW_EVIDENCE
SNHG6	LOW_EVIDENCE
SNHG7	RNA_RESISTANCE_CONSENSUS
SNHG8	LOW_EVIDENCE
SNHG9	LOW_EVIDENCE
SNIP1	LOW_EVIDENCE
SNN	ACUTE_RESPONSE
SNORA1	LOW_COVERAGE
SNORA10	LOW_COVERAGE
SNORA12	LOW_COVERAGE
SNORA13	LOW_COVERAGE
SNORA14B	LOW_COVERAGE
SNORA16B	LOW_COVERAGE
SNORA18	LOW_COVERAGE
SNORA20	LOW_COVERAGE
SNORA22	LOW_COVERAGE
SNORA23	LOW_COVERAGE
SNORA24	LOW_COVERAGE
SNORA27	LOW_COVERAGE
SNORA28	LOW_COVERAGE
SNORA29	LOW_COVERAGE
SNORA2A	LOW_COVERAGE
SNORA2B	LOW_COVERAGE
SNORA3	LOW_COVERAGE
SNORA30	LOW_COVERAGE
SNORA31	LOW_COVERAGE
SNORA32	LOW_COVERAGE
SNORA33	LOW_COVERAGE
SNORA34	LOW_COVERAGE
SNORA36B	LOW_COVERAGE
SNORA37	LOW_COVERAGE
SNORA38	LOW_COVERAGE
SNORA38B	LOW_COVERAGE
SNORA4	LOW_COVERAGE
SNORA41	LOW_COVERAGE
SNORA43	LOW_COVERAGE
SNORA44	LOW_COVERAGE
SNORA45A	LOW_COVERAGE
SNORA45B	LOW_COVERAGE
SNORA46	LOW_COVERAGE
SNORA48	LOW_COVERAGE
SNORA49	LOW_COVERAGE
SNORA51	LOW_COVERAGE
SNORA52	LOW_COVERAGE
SNORA53	LOW_COVERAGE
SNORA54	LOW_COVERAGE
SNORA55	LOW_COVERAGE
SNORA56	LOW_COVERAGE
SNORA57	LOW_COVERAGE
SNORA59A	LOW_COVERAGE
SNORA5A	LOW_COVERAGE
SNORA5C	LOW_COVERAGE
SNORA6	LOW_COVERAGE
SNORA60	LOW_COVERAGE
SNORA61	LOW_COVERAGE
SNORA64	LOW_COVERAGE
SNORA65	LOW_COVERAGE
SNORA66	LOW_COVERAGE
SNORA67	LOW_COVERAGE
SNORA68	LOW_COVERAGE
SNORA69	LOW_COVERAGE
SNORA7	LOW_COVERAGE
SNORA70	LOW_COVERAGE
SNORA70G	LOW_COVERAGE
SNORA71	LOW_COVERAGE
SNORA71A	LOW_COVERAGE
SNORA71B	LOW_COVERAGE
SNORA72	LOW_COVERAGE
SNORA73	LOW_COVERAGE
SNORA73A	LOW_COVERAGE
SNORA73B	LOW_COVERAGE
SNORA74A	LOW_COVERAGE
SNORA74B	LOW_COVERAGE
SNORA76C	LOW_COVERAGE
SNORA77	LOW_COVERAGE
SNORA7A	LOW_COVERAGE
SNORA7B	LOW_COVERAGE
SNORA8	LOW_COVERAGE
SNORA80A	LOW_COVERAGE
SNORA80B	LOW_COVERAGE
SNORA80E	LOW_COVERAGE
SNORA84	LOW_COVERAGE
SNORC	LOW_COVERAGE
SNORD10	LOW_COVERAGE
SNORD100	LOW_COVERAGE
SNORD101	LOW_COVERAGE
SNORD102	LOW_COVERAGE
SNORD104	LOW_COVERAGE
SNORD107	LOW_COVERAGE
SNORD108	LOW_COVERAGE
SNORD11	LOW_COVERAGE
SNORD110	LOW_COVERAGE
SNORD111	LOW_COVERAGE
SNORD111B	LOW_COVERAGE
SNORD112	LOW_COVERAGE
SNORD116	LOW_COVERAGE
SNORD116-13	LOW_COVERAGE
SNORD116-14	LOW_COVERAGE
SNORD116-18	LOW_COVERAGE
SNORD116-19	LOW_COVERAGE
SNORD116-20	LOW_COVERAGE
SNORD116-21	LOW_COVERAGE
SNORD116-25	LOW_COVERAGE
SNORD116-26	LOW_COVERAGE
SNORD116-27	LOW_COVERAGE
SNORD116-29	LOW_COVERAGE
SNORD116-30	LOW_COVERAGE
SNORD116-4	LOW_COVERAGE
SNORD116-6	LOW_COVERAGE
SNORD116-7	LOW_COVERAGE
SNORD117	LOW_COVERAGE
SNORD118	LOW_COVERAGE
SNORD11B	LOW_COVERAGE
SNORD12	LOW_COVERAGE
SNORD127	LOW_COVERAGE
SNORD12B	LOW_COVERAGE
SNORD12C	LOW_COVERAGE
SNORD13	LOW_COVERAGE
SNORD14A	LOW_COVERAGE
SNORD14B	LOW_COVERAGE
SNORD14C	LOW_COVERAGE
SNORD14D	LOW_COVERAGE
SNORD14E	LOW_COVERAGE
SNORD15A	LOW_COVERAGE
SNORD15B	LOW_COVERAGE
SNORD16	LOW_COVERAGE
SNORD17	LOW_COVERAGE
SNORD19B	LOW_COVERAGE
SNORD1A	LOW_COVERAGE
SNORD1B	LOW_COVERAGE
SNORD1C	LOW_COVERAGE
SNORD2	LOW_COVERAGE
SNORD20	LOW_COVERAGE
SNORD21	LOW_COVERAGE
SNORD24	LOW_COVERAGE
SNORD25	LOW_COVERAGE
SNORD26	LOW_COVERAGE
SNORD27	LOW_COVERAGE
SNORD28	LOW_COVERAGE
SNORD30	LOW_COVERAGE
SNORD32A	LOW_COVERAGE
SNORD35A	LOW_COVERAGE
SNORD36A	LOW_COVERAGE
SNORD36B	LOW_COVERAGE
SNORD36C	LOW_COVERAGE
SNORD38	LOW_COVERAGE
SNORD38A	LOW_COVERAGE
SNORD3A	LOW_COVERAGE
SNORD3B-1	LOW_COVERAGE
SNORD3B-2	LOW_COVERAGE
SNORD3C	LOW_COVERAGE
SNORD3D	LOW_COVERAGE
SNORD42B	LOW_COVERAGE
SNORD43	LOW_COVERAGE
SNORD45A	LOW_COVERAGE
SNORD45B	LOW_COVERAGE
SNORD45C	LOW_COVERAGE
SNORD48	LOW_COVERAGE
SNORD49A	LOW_COVERAGE
SNORD49B	LOW_COVERAGE
SNORD4B	LOW_COVERAGE
SNORD5	LOW_COVERAGE
SNORD50	LOW_COVERAGE
SNORD50A	LOW_COVERAGE
SNORD50B	LOW_COVERAGE
SNORD51	LOW_COVERAGE
SNORD52	LOW_COVERAGE
SNORD53	LOW_COVERAGE
SNORD54	LOW_COVERAGE
SNORD56	LOW_COVERAGE
SNORD57	LOW_COVERAGE
SNORD58	LOW_COVERAGE
SNORD58A	LOW_COVERAGE
SNORD58B	LOW_COVERAGE
SNORD58C	LOW_COVERAGE
SNORD59A	LOW_COVERAGE
SNORD6	LOW_COVERAGE
SNORD60	LOW_COVERAGE
SNORD62B	LOW_COVERAGE
SNORD64	LOW_COVERAGE
SNORD65	LOW_COVERAGE
SNORD67	LOW_COVERAGE
SNORD69	LOW_COVERAGE
SNORD71	LOW_COVERAGE
SNORD72	LOW_COVERAGE
SNORD73	LOW_COVERAGE
SNORD73A	LOW_COVERAGE
SNORD8	LOW_COVERAGE
SNORD83A	LOW_COVERAGE
SNORD84	LOW_COVERAGE
SNORD86	LOW_COVERAGE
SNORD87	LOW_COVERAGE
SNORD89	LOW_COVERAGE
SNORD9	LOW_COVERAGE
SNORD91B	LOW_COVERAGE
SNORD92	LOW_COVERAGE
SNORD93	LOW_COVERAGE
SNORD94	LOW_COVERAGE
SNORD96A	LOW_COVERAGE
SNORD97	LOW_COVERAGE
SNORD99	LOW_COVERAGE
SNPH	LOW_EVIDENCE
SNRK	LOW_EVIDENCE
SNRK-AS1	LOW_COVERAGE
SNRNP200	RNA_RESISTANCE_CONSENSUS
SNRNP25	RNA_RESISTANCE_CONSENSUS
SNRNP27	LOW_EVIDENCE
SNRNP35	LOW_EVIDENCE
SNRNP40	LOW_EVIDENCE
SNRNP48	LOW_EVIDENCE
SNRNP70	LOW_EVIDENCE
SNRPA	LOW_EVIDENCE
SNRPA1	RNA_RESISTANCE_CONSENSUS
SNRPB	LOW_EVIDENCE
SNRPB2	LOW_EVIDENCE
SNRPC	LOW_EVIDENCE
SNRPCP13	LOW_COVERAGE
SNRPCP3	LOW_COVERAGE
SNRPD1	LOW_EVIDENCE
SNRPD2	LOW_EVIDENCE
SNRPD3	RNA_RESISTANCE_CONSENSUS
SNRPE	LOW_EVIDENCE
SNRPEP2	LOW_COVERAGE
SNRPEP4	LOW_COVERAGE
SNRPF	LOW_EVIDENCE
SNRPFP1	LOW_COVERAGE
SNRPG	LOW_EVIDENCE
SNRPGP10	LOW_COVERAGE
SNRPGP15	LOW_COVERAGE
SNRPGP18	LOW_COVERAGE
SNRPGP2	LOW_COVERAGE
SNRPGP4	LOW_COVERAGE
SNRPN	RNA_RESISTANCE_CONSENSUS
SNTA1	RNA_RESISTANCE_CONSENSUS
SNTB1	RNA_RESISTANCE_CONSENSUS
SNTB2	LOW_EVIDENCE
SNTG1	LOW_COVERAGE
SNTG2	LOW_COVERAGE
SNTG2-AS1	LOW_COVERAGE
SNTN	HUMAN_TUMOR_SUPPORTED
SNU13	LOW_EVIDENCE
SNUPN	LOW_EVIDENCE
SNURF	LOW_COVERAGE
SNW1	LOW_EVIDENCE
SNX1	RNA_RESISTANCE_CONSENSUS
SNX10	RNA_RESISTANCE_CONSENSUS
SNX11	LOW_EVIDENCE
SNX12	LOW_EVIDENCE
SNX13	RNA_RESISTANCE_CONSENSUS
SNX14	LOW_EVIDENCE
SNX15	RNA_RESISTANCE_CONSENSUS
SNX16	LOW_EVIDENCE
SNX17	LOW_EVIDENCE
SNX18	LOW_EVIDENCE
SNX18P13	LOW_COVERAGE
SNX18P14	LOW_COVERAGE
SNX18P3	LOW_COVERAGE
SNX18P7	LOW_COVERAGE
SNX19	LOW_EVIDENCE
SNX2	LOW_EVIDENCE
SNX20	LOW_COVERAGE
SNX21	LOW_EVIDENCE
SNX22	LOW_EVIDENCE
SNX24	RNA_RESISTANCE_CONSENSUS
SNX25	RNA_RESISTANCE_CONSENSUS
SNX25P1	LOW_COVERAGE
SNX27	RNA_RESISTANCE_CONSENSUS
SNX29	RNA_RESISTANCE_CONSENSUS
SNX29P1	LOW_COVERAGE
SNX3	LOW_EVIDENCE
SNX30	LOW_EVIDENCE
SNX31	LOW_EVIDENCE
SNX32	LOW_COVERAGE
SNX33	RNA_RESISTANCE_CONSENSUS
SNX4	LOW_EVIDENCE
SNX5	LOW_EVIDENCE
SNX5P1	LOW_COVERAGE
SNX6	RNA_RESISTANCE_CONSENSUS
SNX6P1	LOW_COVERAGE
SNX7	RNA_RESISTANCE_CONSENSUS
SNX8	RNA_RESISTANCE_CONSENSUS
SNX9	LOW_EVIDENCE
SOAT1	RNA_RESISTANCE_CONSENSUS
SOAT2	LOW_COVERAGE
SOBP	RNA_RESISTANCE_CONSENSUS
SOCS1	RNA_RESISTANCE_CONSENSUS
SOCS2	RNA_RESISTANCE_CONSENSUS
SOCS2-AS1	RNA_RESISTANCE_CONSENSUS
SOCS3	RNA_RESISTANCE_CONSENSUS
SOCS4	LOW_EVIDENCE
SOCS5	LOW_EVIDENCE
SOCS5P4	LOW_COVERAGE
SOCS6	RNA_RESISTANCE_CONSENSUS
SOCS7	LOW_EVIDENCE
SOD1	LOW_EVIDENCE
SOD2	RNA_RESISTANCE_CONSENSUS
SOD2-OT1	LOW_COVERAGE
SOD3	LOW_EVIDENCE
SOGA1	RNA_RESISTANCE_CONSENSUS
SOGA3	RNA_RESISTANCE_CONSENSUS
SOHLH1	LOW_COVERAGE
SOHLH2	LOW_COVERAGE
SON	LOW_EVIDENCE
SORBS1	LOW_EVIDENCE
SORBS2	LOW_EVIDENCE
SORBS3	RNA_RESISTANCE_CONSENSUS
SORCS1	LOW_EVIDENCE
SORCS2	RNA_RESISTANCE_CONSENSUS
SORCS3	LOW_COVERAGE
SORD	LOW_EVIDENCE
SORD2P	LOW_COVERAGE
SORL1	RNA_RESISTANCE_CONSENSUS
SORT1	RNA_RESISTANCE_CONSENSUS
SOS1	LOW_EVIDENCE
SOS1-IT1	LOW_EVIDENCE
SOS2	LOW_EVIDENCE
SOST	LOW_COVERAGE
SOSTDC1	LOW_EVIDENCE
SOWAHA	LOW_EVIDENCE
SOWAHB	LOW_EVIDENCE
SOWAHC	RNA_RESISTANCE_CONSENSUS
SOWAHD	LOW_EVIDENCE
SOX1	LOW_COVERAGE
SOX10	LOW_COVERAGE
SOX11	RNA_RESISTANCE_CONSENSUS
SOX12	LOW_EVIDENCE
SOX13	LOW_EVIDENCE
SOX14	LOW_COVERAGE
SOX15	LOW_EVIDENCE
SOX17	LOW_COVERAGE
SOX18	LOW_EVIDENCE
SOX2	MULTIMODAL_STRONG
SOX2-OT	LOW_COVERAGE
SOX21	RNA_RESISTANCE_CONSENSUS
SOX21-AS1	LOW_COVERAGE
SOX3	RNA_RESISTANCE_CONSENSUS
SOX30	LOW_COVERAGE
SOX4	RNA_RESISTANCE_CONSENSUS
SOX5	LOW_EVIDENCE
SOX6	RNA_RESISTANCE_CONSENSUS
SOX7	LOW_EVIDENCE
SOX8	LOW_COVERAGE
SOX9	RNA_RESISTANCE_CONSENSUS
SOX9-AS1	LOW_COVERAGE
SP1	LOW_EVIDENCE
SP100	RNA_RESISTANCE_CONSENSUS
SP110	LOW_EVIDENCE
SP140	LOW_EVIDENCE
SP140L	LOW_EVIDENCE
SP2	LOW_EVIDENCE
SP2-AS1	RNA_RESISTANCE_CONSENSUS
SP3	LOW_EVIDENCE
SP4	LOW_EVIDENCE
SP5	LOW_EVIDENCE
SP6	LOW_EVIDENCE
SP7	LOW_COVERAGE
SP8	LOW_COVERAGE
SP9	LOW_COVERAGE
SPA17	LOW_EVIDENCE
SPACA1	LOW_COVERAGE
SPACA3	LOW_COVERAGE
SPACA4	LOW_COVERAGE
SPACA5	LOW_COVERAGE
SPACA5B	LOW_COVERAGE
SPACA6	LOW_COVERAGE
SPACA6P	LOW_COVERAGE
SPACA6P-AS	LOW_EVIDENCE
SPACA7	LOW_COVERAGE
SPACA9	LOW_COVERAGE
SPAG1	RNA_RESISTANCE_CONSENSUS
SPAG11A	LOW_COVERAGE
SPAG11B	LOW_COVERAGE
SPAG16	LOW_EVIDENCE
SPAG17	LOW_EVIDENCE
SPAG4	RNA_RESISTANCE_CONSENSUS
SPAG5	LOW_EVIDENCE
SPAG5-AS1	LOW_COVERAGE
SPAG6	RNA_RESISTANCE_CONSENSUS
SPAG7	LOW_EVIDENCE
SPAG8	LOW_COVERAGE
SPAG9	LOW_EVIDENCE
SPAM1	LOW_COVERAGE
SPANXA1	LOW_COVERAGE
SPANXA2	LOW_COVERAGE
SPANXA2-OT1	LOW_COVERAGE
SPANXB1	LOW_COVERAGE
SPANXC	LOW_COVERAGE
SPANXD	LOW_COVERAGE
SPANXN1	LOW_COVERAGE
SPANXN2	LOW_COVERAGE
SPANXN3	LOW_COVERAGE
SPANXN4	LOW_COVERAGE
SPANXN5	LOW_COVERAGE
SPARC	LOW_EVIDENCE
SPARCL1	LOW_EVIDENCE
SPART	LOW_COVERAGE
SPART-AS1	LOW_COVERAGE
SPAST	RNA_RESISTANCE_CONSENSUS
SPATA1	LOW_EVIDENCE
SPATA12	RNA_RESISTANCE_CONSENSUS
SPATA13	RNA_RESISTANCE_CONSENSUS
SPATA13-AS1	LOW_COVERAGE
SPATA16	LOW_COVERAGE
SPATA17	RNA_RESISTANCE_CONSENSUS
SPATA17-AS1	LOW_COVERAGE
SPATA18	RNA_RESISTANCE_CONSENSUS
SPATA19	LOW_COVERAGE
SPATA2	LOW_EVIDENCE
SPATA20	LOW_EVIDENCE
SPATA21	LOW_EVIDENCE
SPATA22	LOW_EVIDENCE
SPATA24	LOW_EVIDENCE
SPATA25	LOW_COVERAGE
SPATA2L	RNA_RESISTANCE_CONSENSUS
SPATA3	LOW_COVERAGE
SPATA31A1	LOW_COVERAGE
SPATA31A3	LOW_COVERAGE
SPATA31A5	LOW_COVERAGE
SPATA31A6	LOW_COVERAGE
SPATA31A7	LOW_COVERAGE
SPATA31C1	LOW_COVERAGE
SPATA31C2	LOW_COVERAGE
SPATA31D1	LOW_COVERAGE
SPATA31D3	LOW_COVERAGE
SPATA31D4	LOW_COVERAGE
SPATA31E1	LOW_COVERAGE
SPATA32	LOW_EVIDENCE
SPATA33	RNA_RESISTANCE_CONSENSUS
SPATA4	LOW_COVERAGE
SPATA41	HUMAN_TUMOR_SUPPORTED
SPATA45	LOW_COVERAGE
SPATA5	LOW_EVIDENCE
SPATA5L1	LOW_EVIDENCE
SPATA6	RNA_RESISTANCE_CONSENSUS
SPATA6L	LOW_EVIDENCE
SPATA7	LOW_EVIDENCE
SPATA8	LOW_COVERAGE
SPATA9	RNA_RESISTANCE_CONSENSUS
SPATC1	LOW_COVERAGE
SPATC1L	LOW_EVIDENCE
SPATS1	LOW_COVERAGE
SPATS2	LOW_EVIDENCE
SPATS2L	RNA_RESISTANCE_CONSENSUS
SPC24	RNA_RESISTANCE_CONSENSUS
SPC25	RNA_RESISTANCE_CONSENSUS
SPCS1	LOW_EVIDENCE
SPCS2	RNA_RESISTANCE_CONSENSUS
SPCS2P4	LOW_COVERAGE
SPCS3	ACUTE_RESPONSE
SPDEF	LOW_EVIDENCE
SPDL1	LOW_EVIDENCE
SPDYA	HUMAN_TUMOR_SUPPORTED
SPDYC	HUMAN_TUMOR_SUPPORTED
SPDYE1	RNA_RESISTANCE_CONSENSUS
SPDYE12P	LOW_COVERAGE
SPDYE16	LOW_COVERAGE
SPDYE19P	LOW_COVERAGE
SPDYE2	RNA_RESISTANCE_CONSENSUS
SPDYE21P	LOW_COVERAGE
SPDYE22P	LOW_COVERAGE
SPDYE2B	LOW_COVERAGE
SPDYE3	RNA_RESISTANCE_CONSENSUS
SPDYE4	LOW_COVERAGE
SPDYE5	LOW_EVIDENCE
SPDYE6	RNA_RESISTANCE_CONSENSUS
SPECC1	RNA_RESISTANCE_CONSENSUS
SPECC1L	LOW_EVIDENCE
SPECC1L-ADORA2A	LOW_COVERAGE
SPEF1	LOW_EVIDENCE
SPEF2	RNA_RESISTANCE_CONSENSUS
SPEG	RNA_RESISTANCE_CONSENSUS
SPEGNB	LOW_COVERAGE
SPEM1	LOW_COVERAGE
SPEN	LOW_EVIDENCE
SPERT	LOW_EVIDENCE
SPESP1	LOW_EVIDENCE
SPG11	LOW_EVIDENCE
SPG20	LOW_EVIDENCE
SPG21	LOW_EVIDENCE
SPG7	LOW_EVIDENCE
SPHAR	LOW_COVERAGE
SPHK1	RNA_RESISTANCE_CONSENSUS
SPHK2	LOW_EVIDENCE
SPHKAP	LOW_COVERAGE
SPI1	RNA_RESISTANCE_CONSENSUS
SPIB	LOW_COVERAGE
SPIC	LOW_COVERAGE
SPICE1	RNA_RESISTANCE_CONSENSUS
SPIDR	ACUTE_RESPONSE
SPIN1	LOW_EVIDENCE
SPIN2A	RNA_RESISTANCE_CONSENSUS
SPIN2B	LOW_EVIDENCE
SPIN3	LOW_EVIDENCE
SPIN4	LOW_EVIDENCE
SPIN4-AS1	LOW_COVERAGE
SPINDOC	LOW_COVERAGE
SPINK1	LOW_EVIDENCE
SPINK13	LOW_COVERAGE
SPINK14	LOW_COVERAGE
SPINK2	LOW_COVERAGE
SPINK4	LOW_EVIDENCE
SPINK5	RNA_RESISTANCE_CONSENSUS
SPINK6	LOW_COVERAGE
SPINK7	LOW_COVERAGE
SPINK8	LOW_EVIDENCE
SPINK9	LOW_COVERAGE
SPINT1	LOW_EVIDENCE
SPINT1-AS1	LOW_COVERAGE
SPINT2	LOW_EVIDENCE
SPINT3	LOW_COVERAGE
SPINT4	LOW_COVERAGE
SPIRE1	LOW_EVIDENCE
SPIRE2	RNA_RESISTANCE_CONSENSUS
SPN	LOW_COVERAGE
SPNS1	RNA_RESISTANCE_CONSENSUS
SPNS2	RNA_RESISTANCE_CONSENSUS
SPNS3	LOW_COVERAGE
SPO11	LOW_COVERAGE
SPOCD1	RNA_RESISTANCE_CONSENSUS
SPOCK1	LOW_EVIDENCE
SPOCK2	LOW_EVIDENCE
SPOCK3	LOW_COVERAGE
SPON1	LOW_EVIDENCE
SPON1-AS1	LOW_COVERAGE
SPON2	LOW_EVIDENCE
SPOP	LOW_EVIDENCE
SPOPL	RNA_RESISTANCE_CONSENSUS
SPOUT1	LOW_COVERAGE
SPP1	LOW_COVERAGE
SPP2	LOW_COVERAGE
SPPL2A	LOW_EVIDENCE
SPPL2B	LOW_EVIDENCE
SPPL2C	LOW_COVERAGE
SPPL3	LOW_EVIDENCE
SPR	LOW_EVIDENCE
SPRED1	RNA_RESISTANCE_CONSENSUS
SPRED2	HUMAN_TUMOR_SUPPORTED
SPRED3	RNA_RESISTANCE_CONSENSUS
SPRN	LOW_EVIDENCE
SPRR1A	LOW_COVERAGE
SPRR1B	LOW_COVERAGE
SPRR2A	LOW_COVERAGE
SPRR2B	LOW_COVERAGE
SPRR2D	LOW_COVERAGE
SPRR2E	LOW_COVERAGE
SPRR2F	LOW_COVERAGE
SPRR2G	LOW_COVERAGE
SPRR3	LOW_COVERAGE
SPRR4	LOW_COVERAGE
SPRTN	LOW_EVIDENCE
SPRY1	RNA_RESISTANCE_CONSENSUS
SPRY2	RNA_RESISTANCE_CONSENSUS
SPRY3	RNA_RESISTANCE_CONSENSUS
SPRY4	RNA_RESISTANCE_CONSENSUS
SPRY4-AS1	LOW_COVERAGE
SPRY4-IT1	LOW_COVERAGE
SPRYD3	LOW_EVIDENCE
SPRYD4	LOW_EVIDENCE
SPRYD7	LOW_EVIDENCE
SPSB1	LOW_EVIDENCE
SPSB2	LOW_EVIDENCE
SPSB3	ACUTE_RESPONSE
SPSB4	LOW_EVIDENCE
SPTA1	LOW_COVERAGE
SPTAN1	LOW_EVIDENCE
SPTB	RNA_RESISTANCE_CONSENSUS
SPTBN1	RNA_RESISTANCE_CONSENSUS
SPTBN2	RNA_RESISTANCE_CONSENSUS
SPTBN4	HUMAN_TUMOR_SUPPORTED
SPTBN5	LOW_EVIDENCE
SPTLC1	LOW_EVIDENCE
SPTLC2	RNA_RESISTANCE_CONSENSUS
SPTLC3	LOW_EVIDENCE
SPTSSA	RNA_RESISTANCE_CONSENSUS
SPTSSB	RNA_RESISTANCE_CONSENSUS
SPTY2D1	LOW_EVIDENCE
SPTY2D1-AS1	LOW_COVERAGE
SPTY2D1OS	LOW_COVERAGE
SPX	ACUTE_RESPONSE
SPZ1	LOW_COVERAGE
SQLE	ACUTE_RESPONSE
SQOR	LOW_COVERAGE
SQRDL	LOW_EVIDENCE
SQSTM1	LOW_EVIDENCE
SRA1	LOW_EVIDENCE
SRARP	LOW_COVERAGE
SRBD1	LOW_EVIDENCE
SRC	RNA_RESISTANCE_CONSENSUS
SRCAP	LOW_EVIDENCE
SRCIN1	LOW_EVIDENCE
SRD5A1	RNA_RESISTANCE_CONSENSUS
SRD5A2	LOW_EVIDENCE
SRD5A3	RNA_RESISTANCE_CONSENSUS
SRD5A3-AS1	LOW_COVERAGE
SREBF1	LOW_EVIDENCE
SREBF2	ACUTE_RESPONSE
SREBF2-AS1	LOW_COVERAGE
SREK1	LOW_EVIDENCE
SREK1IP1	LOW_EVIDENCE
SRF	LOW_EVIDENCE
SRFBP1	RNA_RESISTANCE_CONSENSUS
SRGAP1	LOW_EVIDENCE
SRGAP2	LOW_EVIDENCE
SRGAP2-AS1	LOW_COVERAGE
SRGAP2B	LOW_EVIDENCE
SRGAP2C	LOW_EVIDENCE
SRGAP2D	LOW_COVERAGE
SRGAP3	LOW_EVIDENCE
SRGAP3-AS1	LOW_COVERAGE
SRGAP3-AS2	LOW_COVERAGE
SRGAP3-AS3	LOW_COVERAGE
SRGAP3-AS4	LOW_COVERAGE
SRGN	LOW_EVIDENCE
SRI	RNA_RESISTANCE_CONSENSUS
SRL	RNA_RESISTANCE_CONSENSUS
SRM	LOW_EVIDENCE
SRMP2	LOW_COVERAGE
SRMS	LOW_COVERAGE
SRP14	LOW_EVIDENCE
SRP14-AS1	LOW_EVIDENCE
SRP19	RNA_RESISTANCE_CONSENSUS
SRP54	RNA_RESISTANCE_CONSENSUS
SRP54-AS1	LOW_COVERAGE
SRP68	LOW_EVIDENCE
SRP68P1	LOW_COVERAGE
SRP72	LOW_EVIDENCE
SRP72P2	LOW_COVERAGE
SRP9	RNA_RESISTANCE_CONSENSUS
SRP9P1	LOW_COVERAGE
SRPK1	LOW_EVIDENCE
SRPK2	LOW_EVIDENCE
SRPK2P	LOW_COVERAGE
SRPK3	LOW_EVIDENCE
SRPR	LOW_EVIDENCE
SRPRA	LOW_COVERAGE
SRPRB	LOW_EVIDENCE
SRPX	RNA_RESISTANCE_CONSENSUS
SRPX2	RNA_RESISTANCE_CONSENSUS
SRR	RNA_RESISTANCE_CONSENSUS
SRRD	RNA_RESISTANCE_CONSENSUS
SRRM1	RNA_RESISTANCE_CONSENSUS
SRRM1P3	LOW_COVERAGE
SRRM2	LOW_EVIDENCE
SRRM2-AS1	RNA_RESISTANCE_CONSENSUS
SRRM3	LOW_EVIDENCE
SRRM4	LOW_COVERAGE
SRRM5	LOW_EVIDENCE
SRRT	LOW_EVIDENCE
SRSF1	LOW_EVIDENCE
SRSF10	LOW_EVIDENCE
SRSF11	LOW_EVIDENCE
SRSF12	LOW_EVIDENCE
SRSF2	LOW_EVIDENCE
SRSF3	LOW_EVIDENCE
SRSF4	LOW_EVIDENCE
SRSF5	LOW_EVIDENCE
SRSF6	LOW_EVIDENCE
SRSF7	LOW_EVIDENCE
SRSF8	LOW_EVIDENCE
SRSF9	LOW_EVIDENCE
SRXN1	RNA_RESISTANCE_CONSENSUS
SRY	LOW_COVERAGE
SS18	LOW_EVIDENCE
SS18L1	LOW_EVIDENCE
SS18L2	LOW_EVIDENCE
SSB	RNA_RESISTANCE_CONSENSUS
SSBP1	LOW_EVIDENCE
SSBP2	RNA_RESISTANCE_CONSENSUS
SSBP3	RNA_RESISTANCE_CONSENSUS
SSBP3-AS1	LOW_COVERAGE
SSBP4	LOW_EVIDENCE
SSC4D	RNA_RESISTANCE_CONSENSUS
SSC5D	LOW_EVIDENCE
SSFA2	LOW_EVIDENCE
SSH1	LOW_EVIDENCE
SSH2	RNA_RESISTANCE_CONSENSUS
SSH3	RNA_RESISTANCE_CONSENSUS
SSMEM1	LOW_COVERAGE
SSNA1	RNA_RESISTANCE_CONSENSUS
SSPN	RNA_RESISTANCE_CONSENSUS
SSPO	LOW_EVIDENCE
SSR1	ACUTE_RESPONSE
SSR2	ACUTE_RESPONSE
SSR3	ACUTE_RESPONSE
SSR4	LOW_EVIDENCE
SSR4P1	LOW_COVERAGE
SSRP1	LOW_EVIDENCE
SSSCA1	LOW_EVIDENCE
SSSCA1-AS1	LOW_EVIDENCE
SST	LOW_COVERAGE
SSTR1	LOW_COVERAGE
SSTR2	RNA_RESISTANCE_CONSENSUS
SSTR3	LOW_COVERAGE
SSTR4	LOW_COVERAGE
SSTR5	LOW_COVERAGE
SSTR5-AS1	LOW_COVERAGE
SSU72	LOW_EVIDENCE
SSUH2	LOW_EVIDENCE
SSX1	LOW_COVERAGE
SSX2	LOW_COVERAGE
SSX2B	LOW_COVERAGE
SSX2IP	LOW_EVIDENCE
SSX3	LOW_COVERAGE
SSX4	LOW_COVERAGE
SSX4B	LOW_COVERAGE
SSX5	LOW_COVERAGE
SSX7	LOW_COVERAGE
ST13	LOW_EVIDENCE
ST13P15	LOW_COVERAGE
ST13P18	LOW_COVERAGE
ST13P3	LOW_COVERAGE
ST13P4	LOW_COVERAGE
ST13P5	LOW_COVERAGE
ST13P6	LOW_COVERAGE
ST14	LOW_EVIDENCE
ST18	LOW_COVERAGE
ST20	LOW_EVIDENCE
ST20-AS1	RNA_RESISTANCE_CONSENSUS
ST20-MTHFS	LOW_EVIDENCE
ST3GAL1	RNA_RESISTANCE_CONSENSUS
ST3GAL1P1	LOW_COVERAGE
ST3GAL2	LOW_EVIDENCE
ST3GAL3	RNA_RESISTANCE_CONSENSUS
ST3GAL4	RNA_RESISTANCE_CONSENSUS
ST3GAL4-AS1	LOW_COVERAGE
ST3GAL5	RNA_RESISTANCE_CONSENSUS
ST3GAL5-AS1	LOW_COVERAGE
ST3GAL6	RNA_RESISTANCE_CONSENSUS
ST3GAL6-AS1	LOW_COVERAGE
ST5	RNA_RESISTANCE_CONSENSUS
ST6GAL1	LOW_EVIDENCE
ST6GAL2	HUMAN_TUMOR_SUPPORTED
ST6GALNAC1	LOW_EVIDENCE
ST6GALNAC2	RNA_RESISTANCE_CONSENSUS
ST6GALNAC3	LOW_COVERAGE
ST6GALNAC4	RNA_RESISTANCE_CONSENSUS
ST6GALNAC4P1	LOW_COVERAGE
ST6GALNAC5	LOW_EVIDENCE
ST6GALNAC6	LOW_EVIDENCE
ST7	LOW_EVIDENCE
ST7-AS1	LOW_EVIDENCE
ST7-AS2	LOW_COVERAGE
ST7-OT4	LOW_COVERAGE
ST7-OT4_1	LOW_COVERAGE
ST7-OT4_2	LOW_COVERAGE
ST7-OT4_3	LOW_COVERAGE
ST7L	LOW_EVIDENCE
ST8SIA1	LOW_EVIDENCE
ST8SIA2	LOW_COVERAGE
ST8SIA3	LOW_COVERAGE
ST8SIA4	RNA_RESISTANCE_CONSENSUS
ST8SIA5	LOW_EVIDENCE
ST8SIA6	ACUTE_RESPONSE
ST8SIA6-AS1	LOW_EVIDENCE
STAB1	LOW_COVERAGE
STAB2	LOW_EVIDENCE
STAC	LOW_COVERAGE
STAC2	LOW_EVIDENCE
STAC3	LOW_EVIDENCE
STAG1	RNA_RESISTANCE_CONSENSUS
STAG2	LOW_EVIDENCE
STAG3	LOW_EVIDENCE
STAG3L1	LOW_COVERAGE
STAG3L2	LOW_COVERAGE
STAG3L3	LOW_COVERAGE
STAG3L4	LOW_COVERAGE
STAG3L5P	LOW_COVERAGE
STAG3L5P-PVRIG2P-PILRB	LOW_COVERAGE
STAM	RNA_RESISTANCE_CONSENSUS
STAM-AS1	RNA_RESISTANCE_CONSENSUS
STAM2	LOW_EVIDENCE
STAMBP	LOW_EVIDENCE
STAMBPL1	RNA_RESISTANCE_CONSENSUS
STAP1	LOW_COVERAGE
STAP2	LOW_EVIDENCE
STAR	LOW_EVIDENCE
STARD10	RNA_RESISTANCE_CONSENSUS
STARD13	RNA_RESISTANCE_CONSENSUS
STARD13-AS	LOW_COVERAGE
STARD13-IT1	LOW_COVERAGE
STARD3	LOW_EVIDENCE
STARD3NL	RNA_RESISTANCE_CONSENSUS
STARD4	RNA_RESISTANCE_CONSENSUS
STARD4-AS1	LOW_COVERAGE
STARD5	RNA_RESISTANCE_CONSENSUS
STARD6	LOW_COVERAGE
STARD7	RNA_RESISTANCE_CONSENSUS
STARD7-AS1	LOW_EVIDENCE
STARD8	RNA_RESISTANCE_CONSENSUS
STARD9	LOW_EVIDENCE
STAT1	RNA_RESISTANCE_CONSENSUS
STAT2	LOW_EVIDENCE
STAT3	LOW_EVIDENCE
STAT4	HUMAN_TUMOR_SUPPORTED
STAT5A	LOW_EVIDENCE
STAT5B	RNA_RESISTANCE_CONSENSUS
STAT6	RNA_RESISTANCE_CONSENSUS
STATH	LOW_COVERAGE
STAU1	RNA_RESISTANCE_CONSENSUS
STAU2	LOW_EVIDENCE
STAU2-AS1	LOW_COVERAGE
STBD1	ACUTE_RESPONSE
STC1	RNA_RESISTANCE_CONSENSUS
STC2	RNA_RESISTANCE_CONSENSUS
STEAP1	RNA_RESISTANCE_CONSENSUS
STEAP1B	LOW_EVIDENCE
STEAP2	LOW_EVIDENCE
STEAP2-AS1	LOW_COVERAGE
STEAP3	RNA_RESISTANCE_CONSENSUS
STEAP3-AS1	LOW_COVERAGE
STEAP4	ACUTE_RESPONSE
STH	LOW_COVERAGE
STIL	LOW_EVIDENCE
STIM1	RNA_RESISTANCE_CONSENSUS
STIM2	LOW_EVIDENCE
STIM2-AS1	LOW_COVERAGE
STIMATE	LOW_COVERAGE
STIP1	LOW_EVIDENCE
STIP1P3	LOW_COVERAGE
STK10	RNA_RESISTANCE_CONSENSUS
STK11	RNA_RESISTANCE_CONSENSUS
STK11IP	LOW_EVIDENCE
STK16	LOW_EVIDENCE
STK17A	LOW_EVIDENCE
STK17B	LOW_EVIDENCE
STK19	LOW_EVIDENCE
STK19B	LOW_COVERAGE
STK24	LOW_EVIDENCE
STK24-AS1	LOW_EVIDENCE
STK25	RNA_RESISTANCE_CONSENSUS
STK26	RNA_RESISTANCE_CONSENSUS
STK3	LOW_EVIDENCE
STK31	LOW_EVIDENCE
STK32A	LOW_COVERAGE
STK32B	LOW_EVIDENCE
STK32C	RNA_RESISTANCE_CONSENSUS
STK33	LOW_COVERAGE
STK35	LOW_EVIDENCE
STK36	RNA_RESISTANCE_CONSENSUS
STK38	RNA_RESISTANCE_CONSENSUS
STK38L	RNA_RESISTANCE_CONSENSUS
STK39	RNA_RESISTANCE_CONSENSUS
STK4	LOW_EVIDENCE
STK4-AS1	LOW_COVERAGE
STK40	RNA_RESISTANCE_CONSENSUS
STKLD1	RNA_RESISTANCE_CONSENSUS
STMN1	RNA_RESISTANCE_CONSENSUS
STMN1P1	LOW_COVERAGE
STMN2	LOW_COVERAGE
STMN3	RNA_RESISTANCE_CONSENSUS
STMN4	LOW_COVERAGE
STMND1	LOW_EVIDENCE
STMP1	LOW_COVERAGE
STN1	LOW_COVERAGE
STOM	RNA_RESISTANCE_CONSENSUS
STOML1	LOW_EVIDENCE
STOML2	LOW_EVIDENCE
STOML3	LOW_COVERAGE
STON1	RNA_RESISTANCE_CONSENSUS
STON1-GTF2A1L	RNA_RESISTANCE_CONSENSUS
STON2	RNA_RESISTANCE_CONSENSUS
STOX1	LOW_EVIDENCE
STOX2	RNA_RESISTANCE_CONSENSUS
STPG1	RNA_RESISTANCE_CONSENSUS
STPG2	LOW_EVIDENCE
STPG2-AS1	LOW_COVERAGE
STPG3-AS1	LOW_COVERAGE
STPG4	LOW_COVERAGE
STRA13	LOW_EVIDENCE
STRA6	LOW_EVIDENCE
STRA8	LOW_COVERAGE
STRADA	LOW_EVIDENCE
STRADB	RNA_RESISTANCE_CONSENSUS
STRAP	RNA_RESISTANCE_CONSENSUS
STRBP	RNA_RESISTANCE_CONSENSUS
STRC	LOW_EVIDENCE
STRCP1	LOW_COVERAGE
STRIP1	LOW_EVIDENCE
STRIP2	RNA_RESISTANCE_CONSENSUS
STRN	RNA_RESISTANCE_CONSENSUS
STRN3	RNA_RESISTANCE_CONSENSUS
STRN4	LOW_EVIDENCE
STS	LOW_EVIDENCE
STT3A	LOW_EVIDENCE
STT3A-AS1	LOW_COVERAGE
STT3B	LOW_EVIDENCE
STUB1	LOW_EVIDENCE
STUM	LOW_COVERAGE
STX10	LOW_EVIDENCE
STX11	LOW_COVERAGE
STX12	LOW_EVIDENCE
STX16	LOW_EVIDENCE
STX16-NPEPL1	LOW_COVERAGE
STX17	LOW_EVIDENCE
STX17-AS1	LOW_EVIDENCE
STX18	RNA_RESISTANCE_CONSENSUS
STX18-AS1	ACUTE_RESPONSE
STX19	ACUTE_RESPONSE
STX1A	RNA_RESISTANCE_CONSENSUS
STX1B	LOW_EVIDENCE
STX2	RNA_RESISTANCE_CONSENSUS
STX3	LOW_EVIDENCE
STX4	LOW_EVIDENCE
STX5	RNA_RESISTANCE_CONSENSUS
STX6	RNA_RESISTANCE_CONSENSUS
STX7	RNA_RESISTANCE_CONSENSUS
STX8	RNA_RESISTANCE_CONSENSUS
STXBP1	RNA_RESISTANCE_CONSENSUS
STXBP2	LOW_EVIDENCE
STXBP3	LOW_EVIDENCE
STXBP4	LOW_EVIDENCE
STXBP5	RNA_RESISTANCE_CONSENSUS
STXBP5-AS1	LOW_EVIDENCE
STXBP5L	LOW_EVIDENCE
STXBP6	RNA_RESISTANCE_CONSENSUS
STYK1	LOW_EVIDENCE
STYX	LOW_EVIDENCE
STYXL1	LOW_EVIDENCE
SUB1	LOW_EVIDENCE
SUB1P1	LOW_COVERAGE
SUB1P3	LOW_COVERAGE
SUB1P4	LOW_COVERAGE
SUCLA2	RNA_RESISTANCE_CONSENSUS
SUCLA2P3	LOW_COVERAGE
SUCLG1	LOW_EVIDENCE
SUCLG2	RNA_RESISTANCE_CONSENSUS
SUCLG2-AS1	LOW_EVIDENCE
SUCLG2P2	LOW_COVERAGE
SUCNR1	LOW_COVERAGE
SUCO	LOW_EVIDENCE
SUDS3	LOW_EVIDENCE
SUDS3P1	LOW_COVERAGE
SUFU	LOW_EVIDENCE
SUGCT	LOW_EVIDENCE
SUGP1	LOW_EVIDENCE
SUGP2	LOW_EVIDENCE
SUGT1	LOW_EVIDENCE
SUGT1P	LOW_COVERAGE
SUGT1P2	LOW_COVERAGE
SUGT1P3	LOW_COVERAGE
SULF1	RNA_RESISTANCE_CONSENSUS
SULF2	RNA_RESISTANCE_CONSENSUS
SULT1A1	RNA_RESISTANCE_CONSENSUS
SULT1A2	RNA_RESISTANCE_CONSENSUS
SULT1A3	LOW_EVIDENCE
SULT1A4	LOW_COVERAGE
SULT1B1	LOW_COVERAGE
SULT1C2	LOW_COVERAGE
SULT1C3	LOW_COVERAGE
SULT1C4	LOW_COVERAGE
SULT1E1	LOW_COVERAGE
SULT2A1	LOW_COVERAGE
SULT2B1	RNA_RESISTANCE_CONSENSUS
SULT4A1	LOW_EVIDENCE
SULT6B1	LOW_COVERAGE
SUMF1	LOW_EVIDENCE
SUMF2	LOW_EVIDENCE
SUMO1	RNA_RESISTANCE_CONSENSUS
SUMO1P3	LOW_COVERAGE
SUMO2	LOW_EVIDENCE
SUMO2P1	LOW_COVERAGE
SUMO2P12	LOW_COVERAGE
SUMO2P14	LOW_COVERAGE
SUMO2P17	LOW_COVERAGE
SUMO2P3	LOW_COVERAGE
SUMO2P6	LOW_COVERAGE
SUMO2P8	LOW_COVERAGE
SUMO3	LOW_EVIDENCE
SUMO4	LOW_EVIDENCE
SUN1	LOW_EVIDENCE
SUN2	LOW_EVIDENCE
SUN3	LOW_COVERAGE
SUN5	LOW_COVERAGE
SUOX	LOW_EVIDENCE
SUPT16H	LOW_EVIDENCE
SUPT20H	LOW_EVIDENCE
SUPT20HL1	LOW_COVERAGE
SUPT20HL2	LOW_COVERAGE
SUPT3H	LOW_EVIDENCE
SUPT4H1	FUNCTIONAL_ONLY
SUPT4H1P	LOW_COVERAGE
SUPT5H	RNA_RESISTANCE_CONSENSUS
SUPT6H	RNA_RESISTANCE_CONSENSUS
SUPT7L	LOW_EVIDENCE
SUPV3L1	RNA_RESISTANCE_CONSENSUS
SURF1	LOW_EVIDENCE
SURF2	LOW_EVIDENCE
SURF4	LOW_EVIDENCE
SURF6	LOW_EVIDENCE
SUSD1	LOW_EVIDENCE
SUSD2	RNA_RESISTANCE_CONSENSUS
SUSD3	RNA_RESISTANCE_CONSENSUS
SUSD4	RNA_RESISTANCE_CONSENSUS
SUSD5	LOW_EVIDENCE
SUSD6	LOW_EVIDENCE
SUV39H1	RNA_RESISTANCE_CONSENSUS
SUV39H2	RNA_RESISTANCE_CONSENSUS
SUV420H1	LOW_EVIDENCE
SUV420H2	LOW_EVIDENCE
SUZ12	LOW_EVIDENCE
SUZ12P1	LOW_COVERAGE
SV2A	LOW_EVIDENCE
SV2B	LOW_COVERAGE
SV2C	LOW_COVERAGE
SVBP	LOW_EVIDENCE
SVEP1	LOW_EVIDENCE
SVIL	RNA_RESISTANCE_CONSENSUS
SVIL-AS1	LOW_COVERAGE
SVILP1	LOW_COVERAGE
SVIP	LOW_EVIDENCE
SVOP	LOW_COVERAGE
SVOPL	LOW_EVIDENCE
SWAP70	RNA_RESISTANCE_CONSENSUS
SWI5	LOW_EVIDENCE
SWSAP1	RNA_RESISTANCE_CONSENSUS
SWT1	LOW_EVIDENCE
SYAP1	LOW_EVIDENCE
SYBU	RNA_RESISTANCE_CONSENSUS
SYCE1	LOW_COVERAGE
SYCE1L	LOW_EVIDENCE
SYCE2	RNA_RESISTANCE_CONSENSUS
SYCE3	LOW_EVIDENCE
SYCN	LOW_COVERAGE
SYCP1	LOW_COVERAGE
SYCP2	LOW_EVIDENCE
SYCP2L	LOW_EVIDENCE
SYCP3	LOW_EVIDENCE
SYDE1	LOW_EVIDENCE
SYDE2	RNA_RESISTANCE_CONSENSUS
SYF2	RNA_RESISTANCE_CONSENSUS
SYF2P2	LOW_COVERAGE
SYK	LOW_EVIDENCE
SYMPK	LOW_EVIDENCE
SYN1	LOW_EVIDENCE
SYN2	LOW_COVERAGE
SYN3	LOW_COVERAGE
SYNC	LOW_EVIDENCE
SYNCRIP	LOW_EVIDENCE
SYNDIG1	LOW_COVERAGE
SYNDIG1L	LOW_COVERAGE
SYNE1	RNA_RESISTANCE_CONSENSUS
SYNE2	RNA_RESISTANCE_CONSENSUS
SYNE3	HUMAN_TUMOR_SUPPORTED
SYNE4	RNA_RESISTANCE_CONSENSUS
SYNGAP1	LOW_EVIDENCE
SYNGAP1-AS1	LOW_COVERAGE
SYNGR1	RNA_RESISTANCE_CONSENSUS
SYNGR2	LOW_EVIDENCE
SYNGR3	RNA_RESISTANCE_CONSENSUS
SYNGR4	HUMAN_TUMOR_SUPPORTED
SYNJ1	LOW_EVIDENCE
SYNJ2	LOW_EVIDENCE
SYNJ2BP	LOW_EVIDENCE
SYNJ2BP-COX16	LOW_EVIDENCE
SYNM	RNA_RESISTANCE_CONSENSUS
SYNPO	RNA_RESISTANCE_CONSENSUS
SYNPO2	RNA_RESISTANCE_CONSENSUS
SYNPO2L	LOW_EVIDENCE
SYNPR	RNA_RESISTANCE_CONSENSUS
SYNPR-AS1	LOW_COVERAGE
SYNRG	LOW_EVIDENCE
SYP	RNA_RESISTANCE_CONSENSUS
SYPL1	RNA_RESISTANCE_CONSENSUS
SYPL2	RNA_RESISTANCE_CONSENSUS
SYS1	LOW_EVIDENCE
SYS1-DBNDD2	LOW_COVERAGE
SYT1	RNA_RESISTANCE_CONSENSUS
SYT10	LOW_EVIDENCE
SYT11	LOW_COVERAGE
SYT12	LOW_EVIDENCE
SYT13	LOW_EVIDENCE
SYT14	LOW_COVERAGE
SYT15	LOW_EVIDENCE
SYT16	RNA_RESISTANCE_CONSENSUS
SYT17	LOW_EVIDENCE
SYT2	LOW_EVIDENCE
SYT3	RNA_RESISTANCE_CONSENSUS
SYT4	LOW_COVERAGE
SYT5	LOW_EVIDENCE
SYT6	LOW_COVERAGE
SYT7	LOW_EVIDENCE
SYT8	RNA_RESISTANCE_CONSENSUS
SYT9	LOW_EVIDENCE
SYTL1	LOW_EVIDENCE
SYTL2	RNA_RESISTANCE_CONSENSUS
SYTL3	LOW_EVIDENCE
SYTL4	RNA_RESISTANCE_CONSENSUS
SYTL5	RNA_RESISTANCE_CONSENSUS
SYVN1	LOW_EVIDENCE
SZRD1	LOW_EVIDENCE
SZT2	LOW_EVIDENCE
SZT2-AS1	LOW_COVERAGE
Sep.01	LOW_COVERAGE
Sep.02	LOW_COVERAGE
Sep.03	LOW_COVERAGE
Sep.04	LOW_COVERAGE
Sep.05	LOW_COVERAGE
Sep.06	LOW_COVERAGE
Sep.07	LOW_COVERAGE
Sep.08	LOW_COVERAGE
Sep.09	LOW_COVERAGE
Sep.10	LOW_COVERAGE
Sep.11	LOW_COVERAGE
Sep.12	LOW_COVERAGE
Sep.14	LOW_COVERAGE
Sep.15	LOW_COVERAGE
Six3os1_1	LOW_COVERAGE
T	LOW_COVERAGE
TAAR1	LOW_COVERAGE
TAAR2	LOW_COVERAGE
TAAR5	LOW_COVERAGE
TAAR6	LOW_COVERAGE
TAAR8	LOW_COVERAGE
TAAR9	LOW_COVERAGE
TAB1	LOW_EVIDENCE
TAB2	LOW_EVIDENCE
TAB3	LOW_EVIDENCE
TAB3-AS1	LOW_COVERAGE
TAB3-AS2	LOW_COVERAGE
TAC1	LOW_COVERAGE
TAC3	LOW_COVERAGE
TAC4	LOW_EVIDENCE
TACC1	LOW_EVIDENCE
TACC1P1	LOW_COVERAGE
TACC2	RNA_RESISTANCE_CONSENSUS
TACC3	LOW_EVIDENCE
TACO1	LOW_EVIDENCE
TACR1	LOW_EVIDENCE
TACR2	HUMAN_TUMOR_SUPPORTED
TACR3	LOW_COVERAGE
TACSTD2	LOW_EVIDENCE
TADA1	LOW_EVIDENCE
TADA2A	RNA_RESISTANCE_CONSENSUS
TADA2B	FUNCTIONAL_ONLY
TADA3	LOW_EVIDENCE
TAF1	LOW_EVIDENCE
TAF10	LOW_EVIDENCE
TAF11	LOW_EVIDENCE
TAF12	LOW_EVIDENCE
TAF13	LOW_EVIDENCE
TAF15	LOW_EVIDENCE
TAF1A	RNA_RESISTANCE_CONSENSUS
TAF1A-AS1	RNA_RESISTANCE_CONSENSUS
TAF1B	RNA_RESISTANCE_CONSENSUS
TAF1C	LOW_EVIDENCE
TAF1D	LOW_EVIDENCE
TAF1L	LOW_COVERAGE
TAF2	RNA_RESISTANCE_CONSENSUS
TAF3	RNA_RESISTANCE_CONSENSUS
TAF4	LOW_EVIDENCE
TAF4B	LOW_EVIDENCE
TAF5	LOW_EVIDENCE
TAF5L	LOW_EVIDENCE
TAF6	RNA_RESISTANCE_CONSENSUS
TAF6L	LOW_EVIDENCE
TAF7	LOW_EVIDENCE
TAF7L	LOW_EVIDENCE
TAF8	LOW_EVIDENCE
TAF9	RNA_RESISTANCE_CONSENSUS
TAF9B	RNA_RESISTANCE_CONSENSUS
TAF9BP1	LOW_COVERAGE
TAF9P3	LOW_COVERAGE
TAFA1	LOW_COVERAGE
TAFA2	LOW_COVERAGE
TAFA5	LOW_COVERAGE
TAGAP	LOW_EVIDENCE
TAGLN	LOW_EVIDENCE
TAGLN2	LOW_EVIDENCE
TAGLN2P1	LOW_COVERAGE
TAGLN3	LOW_COVERAGE
TAL1	LOW_COVERAGE
TAL2	LOW_COVERAGE
TALDO1	LOW_EVIDENCE
TAMM41	LOW_EVIDENCE
TANC1	RNA_RESISTANCE_CONSENSUS
TANC2	RNA_RESISTANCE_CONSENSUS
TANGO2	LOW_EVIDENCE
TANGO6	LOW_EVIDENCE
TANK	RNA_RESISTANCE_CONSENSUS
TAOK1	LOW_EVIDENCE
TAOK2	LOW_EVIDENCE
TAOK3	RNA_RESISTANCE_CONSENSUS
TAP1	RNA_RESISTANCE_CONSENSUS
TAP2	RNA_RESISTANCE_CONSENSUS
TAPBP	RNA_RESISTANCE_CONSENSUS
TAPBPL	RNA_RESISTANCE_CONSENSUS
TAPT1	LOW_EVIDENCE
TAPT1-AS1	LOW_EVIDENCE
TARBP1	LOW_EVIDENCE
TARBP2	LOW_EVIDENCE
TARDBP	LOW_EVIDENCE
TARID	LOW_COVERAGE
TARM1	LOW_COVERAGE
TARP	LOW_COVERAGE
TARS	RNA_RESISTANCE_CONSENSUS
TARS2	RNA_RESISTANCE_CONSENSUS
TARSL2	RNA_RESISTANCE_CONSENSUS
TAS1R1	LOW_COVERAGE
TAS1R2	LOW_COVERAGE
TAS1R3	LOW_COVERAGE
TAS2R1	LOW_COVERAGE
TAS2R10	LOW_COVERAGE
TAS2R12	LOW_COVERAGE
TAS2R13	LOW_COVERAGE
TAS2R14	LOW_EVIDENCE
TAS2R15P	LOW_COVERAGE
TAS2R16	LOW_COVERAGE
TAS2R18	LOW_COVERAGE
TAS2R19	LOW_COVERAGE
TAS2R20	LOW_COVERAGE
TAS2R3	LOW_COVERAGE
TAS2R30	LOW_EVIDENCE
TAS2R31	LOW_EVIDENCE
TAS2R38	LOW_COVERAGE
TAS2R39	LOW_COVERAGE
TAS2R4	HUMAN_TUMOR_SUPPORTED
TAS2R40	LOW_COVERAGE
TAS2R41	LOW_COVERAGE
TAS2R42	LOW_COVERAGE
TAS2R43	LOW_COVERAGE
TAS2R46	LOW_COVERAGE
TAS2R5	LOW_EVIDENCE
TAS2R50	LOW_COVERAGE
TAS2R60	LOW_COVERAGE
TAS2R63P	LOW_COVERAGE
TAS2R64P	LOW_COVERAGE
TAS2R6P	LOW_COVERAGE
TAS2R7	LOW_COVERAGE
TAS2R8	LOW_COVERAGE
TAS2R9	LOW_COVERAGE
TASOR	LOW_COVERAGE
TASOR2	LOW_COVERAGE
TASP1	LOW_EVIDENCE
TAT	LOW_COVERAGE
TAT-AS1	LOW_EVIDENCE
TATDN1	LOW_EVIDENCE
TATDN1P1	LOW_COVERAGE
TATDN2	LOW_EVIDENCE
TATDN2P2	LOW_COVERAGE
TATDN2P3	LOW_COVERAGE
TATDN3	LOW_EVIDENCE
TAX1BP1	LOW_EVIDENCE
TAX1BP3	LOW_EVIDENCE
TAZ	LOW_EVIDENCE
TBATA	RNA_RESISTANCE_CONSENSUS
TBC1D1	RNA_RESISTANCE_CONSENSUS
TBC1D10A	ACUTE_RESPONSE
TBC1D10B	LOW_EVIDENCE
TBC1D10C	LOW_EVIDENCE
TBC1D12	RNA_RESISTANCE_CONSENSUS
TBC1D13	LOW_EVIDENCE
TBC1D14	LOW_EVIDENCE
TBC1D15	LOW_EVIDENCE
TBC1D16	RNA_RESISTANCE_CONSENSUS
TBC1D17	LOW_EVIDENCE
TBC1D19	LOW_EVIDENCE
TBC1D2	RNA_RESISTANCE_CONSENSUS
TBC1D20	LOW_EVIDENCE
TBC1D21	LOW_COVERAGE
TBC1D22A	LOW_EVIDENCE
TBC1D22B	RNA_RESISTANCE_CONSENSUS
TBC1D23	LOW_EVIDENCE
TBC1D24	LOW_EVIDENCE
TBC1D25	LOW_EVIDENCE
TBC1D26	LOW_COVERAGE
TBC1D28	LOW_COVERAGE
TBC1D29	LOW_EVIDENCE
TBC1D2B	RNA_RESISTANCE_CONSENSUS
TBC1D3	LOW_COVERAGE
TBC1D30	RNA_RESISTANCE_CONSENSUS
TBC1D31	RNA_RESISTANCE_CONSENSUS
TBC1D32	RNA_RESISTANCE_CONSENSUS
TBC1D3B	LOW_EVIDENCE
TBC1D3C	LOW_COVERAGE
TBC1D3D	LOW_COVERAGE
TBC1D3F	LOW_COVERAGE
TBC1D3H	LOW_COVERAGE
TBC1D3I	LOW_COVERAGE
TBC1D3K	LOW_COVERAGE
TBC1D3L	LOW_EVIDENCE
TBC1D3P1-DHX40P1	LOW_COVERAGE
TBC1D4	RNA_RESISTANCE_CONSENSUS
TBC1D5	LOW_EVIDENCE
TBC1D7	LOW_EVIDENCE
TBC1D8	RNA_RESISTANCE_CONSENSUS
TBC1D8-AS1	LOW_COVERAGE
TBC1D8B	RNA_RESISTANCE_CONSENSUS
TBC1D9	RNA_RESISTANCE_CONSENSUS
TBC1D9B	RNA_RESISTANCE_CONSENSUS
TBCA	LOW_EVIDENCE
TBCAP1	LOW_COVERAGE
TBCAP2	LOW_COVERAGE
TBCAP3	LOW_COVERAGE
TBCB	RNA_RESISTANCE_CONSENSUS
TBCC	LOW_EVIDENCE
TBCCD1	LOW_EVIDENCE
TBCD	LOW_EVIDENCE
TBCE	RNA_RESISTANCE_CONSENSUS
TBCE.1	LOW_COVERAGE
TBCEL	LOW_EVIDENCE
TBCK	LOW_EVIDENCE
TBK1	LOW_EVIDENCE
TBKBP1	RNA_RESISTANCE_CONSENSUS
TBL1X	RNA_RESISTANCE_CONSENSUS
TBL1XR1	RNA_RESISTANCE_CONSENSUS
TBL1XR1-AS1	LOW_COVERAGE
TBL1Y	LOW_COVERAGE
TBL2	LOW_EVIDENCE
TBL3	LOW_EVIDENCE
TBP	RNA_RESISTANCE_CONSENSUS
TBPL1	LOW_EVIDENCE
TBPL2	LOW_COVERAGE
TBR1	LOW_COVERAGE
TBRG1	RNA_RESISTANCE_CONSENSUS
TBRG4	LOW_EVIDENCE
TBX1	LOW_EVIDENCE
TBX10	LOW_COVERAGE
TBX15	LOW_COVERAGE
TBX18	LOW_COVERAGE
TBX19	LOW_EVIDENCE
TBX2	RNA_RESISTANCE_CONSENSUS
TBX2-AS1	LOW_EVIDENCE
TBX20	LOW_COVERAGE
TBX21	LOW_COVERAGE
TBX22	LOW_COVERAGE
TBX3	RNA_RESISTANCE_CONSENSUS
TBX4	HUMAN_TUMOR_SUPPORTED
TBX5	LOW_COVERAGE
TBX6	RNA_RESISTANCE_CONSENSUS
TBXA2R	LOW_COVERAGE
TBXAS1	RNA_RESISTANCE_CONSENSUS
TC2N	LOW_EVIDENCE
TCAF1	LOW_EVIDENCE
TCAF1P1	LOW_COVERAGE
TCAF2	LOW_EVIDENCE
TCAF2P1	LOW_COVERAGE
TCAIM	LOW_EVIDENCE
TCAP	RNA_RESISTANCE_CONSENSUS
TCEA1	LOW_EVIDENCE
TCEA1P2	LOW_COVERAGE
TCEA1P3	LOW_COVERAGE
TCEA1P4	LOW_COVERAGE
TCEA2	LOW_EVIDENCE
TCEA3	RNA_RESISTANCE_CONSENSUS
TCEAL1	RNA_RESISTANCE_CONSENSUS
TCEAL2	LOW_COVERAGE
TCEAL3	RNA_RESISTANCE_CONSENSUS
TCEAL3-AS1	LOW_COVERAGE
TCEAL4	LOW_EVIDENCE
TCEAL5	LOW_COVERAGE
TCEAL6	LOW_COVERAGE
TCEAL7	LOW_COVERAGE
TCEAL8	ACUTE_RESPONSE
TCEAL9	LOW_COVERAGE
TCEANC	LOW_EVIDENCE
TCEANC2	LOW_EVIDENCE
TCEB1	LOW_EVIDENCE
TCEB1P19	LOW_COVERAGE
TCEB1P21	LOW_COVERAGE
TCEB1P31	LOW_COVERAGE
TCEB1P33	LOW_COVERAGE
TCEB2	LOW_EVIDENCE
TCEB3	LOW_EVIDENCE
TCEB3-AS1	LOW_COVERAGE
TCEB3B	LOW_COVERAGE
TCEB3C	LOW_COVERAGE
TCEB3CL2	LOW_COVERAGE
TCERG1	RNA_RESISTANCE_CONSENSUS
TCERG1L	LOW_EVIDENCE
TCERG1L-AS1	LOW_COVERAGE
TCF12	LOW_EVIDENCE
TCF15	LOW_COVERAGE
TCF19	RNA_RESISTANCE_CONSENSUS
TCF20	LOW_EVIDENCE
TCF21	LOW_COVERAGE
TCF23	LOW_COVERAGE
TCF24	RNA_RESISTANCE_CONSENSUS
TCF25	RNA_RESISTANCE_CONSENSUS
TCF3	LOW_EVIDENCE
TCF4	LOW_EVIDENCE
TCF7	RNA_RESISTANCE_CONSENSUS
TCF7L1	RNA_RESISTANCE_CONSENSUS
TCF7L1-IT1	LOW_COVERAGE
TCF7L2	RNA_RESISTANCE_CONSENSUS
TCFL5	LOW_EVIDENCE
TCHH	LOW_EVIDENCE
TCHHL1	LOW_COVERAGE
TCHP	LOW_EVIDENCE
TCIM	LOW_COVERAGE
TCIRG1	RNA_RESISTANCE_CONSENSUS
TCL1A	LOW_COVERAGE
TCL1B	LOW_COVERAGE
TCN1	RNA_RESISTANCE_CONSENSUS
TCN2	LOW_EVIDENCE
TCOF1	LOW_EVIDENCE
TCP1	RNA_RESISTANCE_CONSENSUS
TCP10	LOW_COVERAGE
TCP10L	LOW_EVIDENCE
TCP10L2	LOW_COVERAGE
TCP11	LOW_COVERAGE
TCP11L1	RNA_RESISTANCE_CONSENSUS
TCP11L2	RNA_RESISTANCE_CONSENSUS
TCP11X2	LOW_COVERAGE
TCTA	RNA_RESISTANCE_CONSENSUS
TCTE1	LOW_COVERAGE
TCTE3	HUMAN_TUMOR_SUPPORTED
TCTEX1D1	LOW_COVERAGE
TCTEX1D2	RNA_RESISTANCE_CONSENSUS
TCTEX1D4	LOW_COVERAGE
TCTN1	RNA_RESISTANCE_CONSENSUS
TCTN2	LOW_EVIDENCE
TCTN3	RNA_RESISTANCE_CONSENSUS
TDG	RNA_RESISTANCE_CONSENSUS
TDGF1	LOW_COVERAGE
TDGF1P6	LOW_COVERAGE
TDGP1	LOW_COVERAGE
TDH	LOW_COVERAGE
TDO2	LOW_EVIDENCE
TDP1	LOW_EVIDENCE
TDP2	RNA_RESISTANCE_CONSENSUS
TDRD1	RNA_RESISTANCE_CONSENSUS
TDRD10	LOW_COVERAGE
TDRD12	LOW_EVIDENCE
TDRD3	LOW_EVIDENCE
TDRD5	RNA_RESISTANCE_CONSENSUS
TDRD6	LOW_COVERAGE
TDRD7	RNA_RESISTANCE_CONSENSUS
TDRD9	LOW_COVERAGE
TDRKH	LOW_EVIDENCE
TDRKH-AS1	LOW_COVERAGE
TDRP	LOW_EVIDENCE
TEAD1	RNA_RESISTANCE_CONSENSUS
TEAD2	LOW_EVIDENCE
TEAD3	RNA_RESISTANCE_CONSENSUS
TEAD4	LOW_EVIDENCE
TEC	RNA_RESISTANCE_CONSENSUS
TECPR1	LOW_EVIDENCE
TECPR2	LOW_EVIDENCE
TECR	RNA_RESISTANCE_CONSENSUS
TECRL	LOW_COVERAGE
TECRP1	LOW_COVERAGE
TECTA	LOW_EVIDENCE
TECTB	LOW_COVERAGE
TEDC1	LOW_COVERAGE
TEDC2	LOW_COVERAGE
TEDDM1	LOW_COVERAGE
TEF	LOW_EVIDENCE
TEFM	LOW_EVIDENCE
TEK	LOW_COVERAGE
TEKT1	LOW_COVERAGE
TEKT2	LOW_COVERAGE
TEKT3	LOW_COVERAGE
TEKT4	LOW_COVERAGE
TEKT4P2	LOW_COVERAGE
TEKT5	RNA_RESISTANCE_CONSENSUS
TELO2	RNA_RESISTANCE_CONSENSUS
TEN1	LOW_EVIDENCE
TEN1-CDK3	LOW_COVERAGE
TENC1	LOW_COVERAGE
TENM1	HUMAN_TUMOR_SUPPORTED
TENM2	RNA_RESISTANCE_CONSENSUS
TENM3	RNA_RESISTANCE_CONSENSUS
TENM3-AS1	LOW_COVERAGE
TENM4	LOW_EVIDENCE
TENT2	LOW_COVERAGE
TENT4A	LOW_COVERAGE
TENT4B	LOW_COVERAGE
TENT5A	LOW_COVERAGE
TENT5B	LOW_COVERAGE
TENT5C	LOW_COVERAGE
TENT5D	LOW_COVERAGE
TEP1	RNA_RESISTANCE_CONSENSUS
TEPP	LOW_COVERAGE
TEPSIN	LOW_COVERAGE
TERB1	LOW_COVERAGE
TERC	LOW_COVERAGE
TERF1	LOW_EVIDENCE
TERF2	LOW_EVIDENCE
TERF2IP	RNA_RESISTANCE_CONSENSUS
TERT	LOW_EVIDENCE
TES	RNA_RESISTANCE_CONSENSUS
TESC	RNA_RESISTANCE_CONSENSUS
TESC-AS1	LOW_COVERAGE
TESK1	LOW_EVIDENCE
TESK2	RNA_RESISTANCE_CONSENSUS
TESMIN	LOW_COVERAGE
TESPA1	LOW_COVERAGE
TET1	RNA_RESISTANCE_CONSENSUS
TET2	RNA_RESISTANCE_CONSENSUS
TET2-AS1	LOW_COVERAGE
TET3	ACUTE_RESPONSE
TEX10	LOW_EVIDENCE
TEX101	LOW_COVERAGE
TEX11	LOW_COVERAGE
TEX12	LOW_COVERAGE
TEX13A	LOW_COVERAGE
TEX13B	LOW_COVERAGE
TEX14	RNA_RESISTANCE_CONSENSUS
TEX15	LOW_EVIDENCE
TEX19	RNA_RESISTANCE_CONSENSUS
TEX2	LOW_EVIDENCE
TEX21P	LOW_COVERAGE
TEX22	HUMAN_TUMOR_SUPPORTED
TEX26	LOW_COVERAGE
TEX26-AS1	LOW_COVERAGE
TEX261	LOW_EVIDENCE
TEX264	LOW_EVIDENCE
TEX28	LOW_COVERAGE
TEX29	LOW_EVIDENCE
TEX30	RNA_RESISTANCE_CONSENSUS
TEX33	LOW_COVERAGE
TEX35	LOW_EVIDENCE
TEX36	LOW_COVERAGE
TEX37	LOW_COVERAGE
TEX38	LOW_COVERAGE
TEX40	LOW_COVERAGE
TEX41	HUMAN_TUMOR_SUPPORTED
TEX43	LOW_COVERAGE
TEX45	LOW_COVERAGE
TEX46	LOW_COVERAGE
TEX48	LOW_COVERAGE
TEX49	LOW_COVERAGE
TEX9	LOW_EVIDENCE
TF	LOW_EVIDENCE
TFAM	LOW_EVIDENCE
TFAP2A	LOW_EVIDENCE
TFAP2A-AS1	LOW_EVIDENCE
TFAP2A-AS2	LOW_COVERAGE
TFAP2B	LOW_EVIDENCE
TFAP2C	MULTIMODAL_STRONG
TFAP2D	LOW_COVERAGE
TFAP2E	LOW_EVIDENCE
TFAP4	RNA_RESISTANCE_CONSENSUS
TFB1M	LOW_EVIDENCE
TFB2M	RNA_RESISTANCE_CONSENSUS
TFCP2	LOW_EVIDENCE
TFCP2L1	LOW_EVIDENCE
TFDP1	RNA_RESISTANCE_CONSENSUS
TFDP2	RNA_RESISTANCE_CONSENSUS
TFDP3	LOW_COVERAGE
TFE3	RNA_RESISTANCE_CONSENSUS
TFEB	RNA_RESISTANCE_CONSENSUS
TFEC	LOW_COVERAGE
TFF1	RNA_RESISTANCE_CONSENSUS
TFF2	CONTEXT_DEPENDENT
TFF3	RNA_RESISTANCE_CONSENSUS
TFG	LOW_EVIDENCE
TFIP11	RNA_RESISTANCE_CONSENSUS
TFP1	LOW_COVERAGE
TFPI	RNA_RESISTANCE_CONSENSUS
TFPI2	LOW_EVIDENCE
TFPT	LOW_EVIDENCE
TFR2	RNA_RESISTANCE_CONSENSUS
TFRC	LOW_EVIDENCE
TG	HUMAN_TUMOR_SUPPORTED
TGDS	LOW_EVIDENCE
TGFA	LOW_EVIDENCE
TGFB1	RNA_RESISTANCE_CONSENSUS
TGFB1I1	LOW_EVIDENCE
TGFB2	RNA_RESISTANCE_CONSENSUS
TGFB2-AS1	LOW_EVIDENCE
TGFB2-OT1	LOW_COVERAGE
TGFB3	RNA_RESISTANCE_CONSENSUS
TGFBI	RNA_RESISTANCE_CONSENSUS
TGFBR1	LOW_EVIDENCE
TGFBR2	RNA_RESISTANCE_CONSENSUS
TGFBR3	LOW_EVIDENCE
TGFBR3L	RNA_RESISTANCE_CONSENSUS
TGFBRAP1	LOW_EVIDENCE
TGIF1	ACUTE_RESPONSE
TGIF2	RNA_RESISTANCE_CONSENSUS
TGIF2-C20orf24	LOW_EVIDENCE
TGIF2LX	LOW_COVERAGE
TGIF2LY	LOW_COVERAGE
TGIF2P1	LOW_COVERAGE
TGM1	RNA_RESISTANCE_CONSENSUS
TGM2	HUMAN_TUMOR_SUPPORTED
TGM3	LOW_EVIDENCE
TGM4	LOW_EVIDENCE
TGM5	LOW_COVERAGE
TGM6	LOW_COVERAGE
TGM7	LOW_COVERAGE
TGOLN2	LOW_EVIDENCE
TGS1	LOW_EVIDENCE
TH	RNA_RESISTANCE_CONSENSUS
TH2LCRR	LOW_COVERAGE
THADA	ACUTE_RESPONSE
THAP1	LOW_EVIDENCE
THAP10	LOW_EVIDENCE
THAP11	LOW_EVIDENCE
THAP12	LOW_COVERAGE
THAP2	LOW_EVIDENCE
THAP3	LOW_EVIDENCE
THAP4	RNA_RESISTANCE_CONSENSUS
THAP5	RNA_RESISTANCE_CONSENSUS
THAP5P1	LOW_COVERAGE
THAP6	LOW_EVIDENCE
THAP7	LOW_EVIDENCE
THAP7-AS1	LOW_EVIDENCE
THAP8	RNA_RESISTANCE_CONSENSUS
THAP9	LOW_EVIDENCE
THAP9-AS1	LOW_EVIDENCE
THBD	RNA_RESISTANCE_CONSENSUS
THBS1	RNA_RESISTANCE_CONSENSUS
THBS2	LOW_EVIDENCE
THBS3	LOW_EVIDENCE
THBS4	LOW_EVIDENCE
THEG	RNA_RESISTANCE_CONSENSUS
THEG5	LOW_COVERAGE
THEGL	LOW_COVERAGE
THEM4	LOW_EVIDENCE
THEM5	LOW_COVERAGE
THEM6	RNA_RESISTANCE_CONSENSUS
THEMIS	LOW_COVERAGE
THEMIS2	RNA_RESISTANCE_CONSENSUS
THG1L	LOW_EVIDENCE
THNSL1	RNA_RESISTANCE_CONSENSUS
THNSL2	LOW_EVIDENCE
THOC1	LOW_EVIDENCE
THOC2	RNA_RESISTANCE_CONSENSUS
THOC3	LOW_EVIDENCE
THOC5	RNA_RESISTANCE_CONSENSUS
THOC6	RNA_RESISTANCE_CONSENSUS
THOC7	LOW_EVIDENCE
THOC7-AS1	LOW_COVERAGE
THOP1	LOW_EVIDENCE
THORLNC	LOW_COVERAGE
THPO	LOW_EVIDENCE
THRA	LOW_EVIDENCE
THRA1/BTR	LOW_COVERAGE
THRAP3	LOW_EVIDENCE
THRAP3P1	LOW_COVERAGE
THRB	RNA_RESISTANCE_CONSENSUS
THRB-AS1	RNA_RESISTANCE_CONSENSUS
THRB-IT1	LOW_COVERAGE
THRIL	LOW_EVIDENCE
THRSP	LOW_COVERAGE
THSD1	RNA_RESISTANCE_CONSENSUS
THSD4	RNA_RESISTANCE_CONSENSUS
THSD4-AS1	LOW_COVERAGE
THSD7A	LOW_EVIDENCE
THSD7B	LOW_COVERAGE
THSD8	LOW_COVERAGE
THTPA	LOW_EVIDENCE
THUMPD1	LOW_EVIDENCE
THUMPD2	RNA_RESISTANCE_CONSENSUS
THUMPD3	LOW_EVIDENCE
THUMPD3-AS1	LOW_EVIDENCE
THY1	LOW_COVERAGE
THYN1	RNA_RESISTANCE_CONSENSUS
TIA1	LOW_EVIDENCE
TIAF1	RNA_RESISTANCE_CONSENSUS
TIAL1	LOW_EVIDENCE
TIAM1	LOW_EVIDENCE
TIAM2	RNA_RESISTANCE_CONSENSUS
TICAM1	LOW_EVIDENCE
TICAM2	LOW_EVIDENCE
TICRR	RNA_RESISTANCE_CONSENSUS
TIE1	LOW_COVERAGE
TIFA	RNA_RESISTANCE_CONSENSUS
TIFAB	LOW_COVERAGE
TIGAR	LOW_EVIDENCE
TIGD1	LOW_EVIDENCE
TIGD2	RNA_RESISTANCE_CONSENSUS
TIGD3	RNA_RESISTANCE_CONSENSUS
TIGD4	LOW_EVIDENCE
TIGD5	LOW_EVIDENCE
TIGD6	LOW_EVIDENCE
TIGD7	RNA_RESISTANCE_CONSENSUS
TIGIT	LOW_COVERAGE
TIMD4	LOW_COVERAGE
TIMELESS	RNA_RESISTANCE_CONSENSUS
TIMM10	LOW_EVIDENCE
TIMM10B	ACUTE_RESPONSE
TIMM13	RNA_RESISTANCE_CONSENSUS
TIMM17A	LOW_EVIDENCE
TIMM17B	LOW_EVIDENCE
TIMM21	LOW_EVIDENCE
TIMM22	LOW_EVIDENCE
TIMM23	LOW_EVIDENCE
TIMM23B	LOW_EVIDENCE
TIMM23B-AGAP6	LOW_COVERAGE
TIMM29	LOW_COVERAGE
TIMM44	LOW_EVIDENCE
TIMM50	LOW_EVIDENCE
TIMM8A	LOW_EVIDENCE
TIMM8B	LOW_EVIDENCE
TIMM9	LOW_EVIDENCE
TIMM9P1	LOW_COVERAGE
TIMM9P2	LOW_COVERAGE
TIMMDC1	LOW_EVIDENCE
TIMP1	RNA_RESISTANCE_CONSENSUS
TIMP2	RNA_RESISTANCE_CONSENSUS
TIMP3	HUMAN_TUMOR_SUPPORTED
TIMP4	LOW_COVERAGE
TINAG	LOW_COVERAGE
TINAGL1	LOW_EVIDENCE
TINCR	RNA_RESISTANCE_CONSENSUS
TINF2	LOW_EVIDENCE
TIPARP	RNA_RESISTANCE_CONSENSUS
TIPARP-AS1	LOW_EVIDENCE
TIPIN	RNA_RESISTANCE_CONSENSUS
TIPRL	LOW_EVIDENCE
TIRAP	LOW_EVIDENCE
TJAP1	LOW_EVIDENCE
TJP1	LOW_EVIDENCE
TJP2	RNA_RESISTANCE_CONSENSUS
TJP3	LOW_EVIDENCE
TK1	RNA_RESISTANCE_CONSENSUS
TK2	RNA_RESISTANCE_CONSENSUS
TKFC	LOW_EVIDENCE
TKT	LOW_EVIDENCE
TKTL1	LOW_COVERAGE
TKTL2	LOW_COVERAGE
TLCD1	LOW_EVIDENCE
TLCD2	RNA_RESISTANCE_CONSENSUS
TLCD3A	LOW_COVERAGE
TLCD3B	LOW_COVERAGE
TLCD4	LOW_COVERAGE
TLCD5	LOW_COVERAGE
TLDC1	LOW_EVIDENCE
TLDC2	LOW_COVERAGE
TLE1	RNA_RESISTANCE_CONSENSUS
TLE1P1	LOW_COVERAGE
TLE2	RNA_RESISTANCE_CONSENSUS
TLE3	LOW_EVIDENCE
TLE4	LOW_EVIDENCE
TLE5	LOW_COVERAGE
TLE6	RNA_RESISTANCE_CONSENSUS
TLK1	RNA_RESISTANCE_CONSENSUS
TLK1P1	LOW_COVERAGE
TLK2	FUNCTIONAL_ONLY
TLK2P1	LOW_COVERAGE
TLL1	HUMAN_TUMOR_SUPPORTED
TLL2	RNA_RESISTANCE_CONSENSUS
TLN1	RNA_RESISTANCE_CONSENSUS
TLN2	RNA_RESISTANCE_CONSENSUS
TLNRD1	LOW_COVERAGE
TLR1	LOW_EVIDENCE
TLR10	LOW_COVERAGE
TLR2	HUMAN_TUMOR_SUPPORTED
TLR3	LOW_EVIDENCE
TLR4	LOW_EVIDENCE
TLR5	LOW_EVIDENCE
TLR6	LOW_EVIDENCE
TLR7	LOW_COVERAGE
TLR8	LOW_COVERAGE
TLR9	LOW_COVERAGE
TLX1	LOW_EVIDENCE
TLX1NB	LOW_COVERAGE
TLX2	LOW_COVERAGE
TLX3	LOW_COVERAGE
TM2D1	RNA_RESISTANCE_CONSENSUS
TM2D2	RNA_RESISTANCE_CONSENSUS
TM2D3	LOW_EVIDENCE
TM4SF1	RNA_RESISTANCE_CONSENSUS
TM4SF1-AS1	RNA_RESISTANCE_CONSENSUS
TM4SF18	HUMAN_TUMOR_SUPPORTED
TM4SF19	LOW_EVIDENCE
TM4SF19-AS1	LOW_EVIDENCE
TM4SF19-TCTEX1D2	LOW_COVERAGE
TM4SF20	LOW_COVERAGE
TM4SF4	LOW_EVIDENCE
TM4SF5	LOW_COVERAGE
TM6SF1	LOW_EVIDENCE
TM6SF2	LOW_COVERAGE
TM7SF2	RNA_RESISTANCE_CONSENSUS
TM7SF3	RNA_RESISTANCE_CONSENSUS
TM9SF1	LOW_EVIDENCE
TM9SF2	LOW_EVIDENCE
TM9SF3	LOW_EVIDENCE
TM9SF4	RNA_RESISTANCE_CONSENSUS
TMA16	RNA_RESISTANCE_CONSENSUS
TMA16P2	LOW_COVERAGE
TMA7	LOW_EVIDENCE
TMBIM1	RNA_RESISTANCE_CONSENSUS
TMBIM4	LOW_EVIDENCE
TMBIM6	LOW_EVIDENCE
TMC1	LOW_EVIDENCE
TMC2	LOW_COVERAGE
TMC3	LOW_COVERAGE
TMC3-AS1	ACUTE_RESPONSE
TMC4	LOW_EVIDENCE
TMC5	RNA_RESISTANCE_CONSENSUS
TMC6	LOW_EVIDENCE
TMC7	LOW_EVIDENCE
TMC8	LOW_EVIDENCE
TMCC1	LOW_EVIDENCE
TMCC1-AS1	LOW_EVIDENCE
TMCC2	RNA_RESISTANCE_CONSENSUS
TMCC3	RNA_RESISTANCE_CONSENSUS
TMCO1	LOW_EVIDENCE
TMCO1-AS1	LOW_COVERAGE
TMCO2	LOW_COVERAGE
TMCO3	RNA_RESISTANCE_CONSENSUS
TMCO4	LOW_EVIDENCE
TMCO5A	LOW_COVERAGE
TMCO6	LOW_EVIDENCE
TMED1	RNA_RESISTANCE_CONSENSUS
TMED10	ACUTE_RESPONSE
TMED10P1	LOW_COVERAGE
TMED10P2	LOW_COVERAGE
TMED2	LOW_EVIDENCE
TMED2-DT	LOW_COVERAGE
TMED3	LOW_EVIDENCE
TMED4	LOW_EVIDENCE
TMED5	LOW_EVIDENCE
TMED6	LOW_EVIDENCE
TMED7	LOW_EVIDENCE
TMED7-TICAM2	RNA_RESISTANCE_CONSENSUS
TMED8	RNA_RESISTANCE_CONSENSUS
TMED9	LOW_EVIDENCE
TMEFF1	RNA_RESISTANCE_CONSENSUS
TMEM1	LOW_COVERAGE
TMEM100	LOW_COVERAGE
TMEM101	LOW_EVIDENCE
TMEM102	LOW_EVIDENCE
TMEM104	RNA_RESISTANCE_CONSENSUS
TMEM105	LOW_EVIDENCE
TMEM106A	RNA_RESISTANCE_CONSENSUS
TMEM106B	LOW_EVIDENCE
TMEM106C	LOW_EVIDENCE
TMEM107	RNA_RESISTANCE_CONSENSUS
TMEM108	LOW_EVIDENCE
TMEM109	RNA_RESISTANCE_CONSENSUS
TMEM11	LOW_EVIDENCE
TMEM110	LOW_EVIDENCE
TMEM110-MUSTN1	LOW_EVIDENCE
TMEM114	LOW_COVERAGE
TMEM115	LOW_EVIDENCE
TMEM116	RNA_RESISTANCE_CONSENSUS
TMEM117	RNA_RESISTANCE_CONSENSUS
TMEM119	LOW_COVERAGE
TMEM120A	RNA_RESISTANCE_CONSENSUS
TMEM120B	LOW_EVIDENCE
TMEM121	LOW_EVIDENCE
TMEM121B	LOW_COVERAGE
TMEM123	RNA_RESISTANCE_CONSENSUS
TMEM125	RNA_RESISTANCE_CONSENSUS
TMEM126A	LOW_EVIDENCE
TMEM126B	LOW_EVIDENCE
TMEM127	RNA_RESISTANCE_CONSENSUS
TMEM128	LOW_EVIDENCE
TMEM129	RNA_RESISTANCE_CONSENSUS
TMEM130	LOW_COVERAGE
TMEM131	RNA_RESISTANCE_CONSENSUS
TMEM131L	LOW_COVERAGE
TMEM132A	RNA_RESISTANCE_CONSENSUS
TMEM132B	RNA_RESISTANCE_CONSENSUS
TMEM132C	LOW_COVERAGE
TMEM132D	LOW_COVERAGE
TMEM132D-AS1	LOW_COVERAGE
TMEM132E	LOW_COVERAGE
TMEM133	RNA_RESISTANCE_CONSENSUS
TMEM134	LOW_EVIDENCE
TMEM135	LOW_EVIDENCE
TMEM136	LOW_EVIDENCE
TMEM138	LOW_EVIDENCE
TMEM139	RNA_RESISTANCE_CONSENSUS
TMEM140	RNA_RESISTANCE_CONSENSUS
TMEM141	RNA_RESISTANCE_CONSENSUS
TMEM143	RNA_RESISTANCE_CONSENSUS
TMEM144	LOW_EVIDENCE
TMEM145	LOW_EVIDENCE
TMEM147	LOW_EVIDENCE
TMEM147-AS1	ACUTE_RESPONSE
TMEM14A	LOW_EVIDENCE
TMEM14B	LOW_EVIDENCE
TMEM14C	RNA_RESISTANCE_CONSENSUS
TMEM14E	LOW_COVERAGE
TMEM150A	RNA_RESISTANCE_CONSENSUS
TMEM150B	LOW_COVERAGE
TMEM150C	RNA_RESISTANCE_CONSENSUS
TMEM151A	LOW_EVIDENCE
TMEM151B	LOW_COVERAGE
TMEM154	LOW_EVIDENCE
TMEM155	LOW_COVERAGE
TMEM156	RNA_RESISTANCE_CONSENSUS
TMEM158	LOW_EVIDENCE
TMEM159	LOW_EVIDENCE
TMEM160	LOW_EVIDENCE
TMEM161A	LOW_EVIDENCE
TMEM161B	LOW_EVIDENCE
TMEM161B-AS1	RNA_RESISTANCE_CONSENSUS
TMEM161BP1	LOW_COVERAGE
TMEM163	HUMAN_TUMOR_SUPPORTED
TMEM164	RNA_RESISTANCE_CONSENSUS
TMEM165	RNA_RESISTANCE_CONSENSUS
TMEM167A	LOW_EVIDENCE
TMEM167B	LOW_EVIDENCE
TMEM168	RNA_RESISTANCE_CONSENSUS
TMEM169	RNA_RESISTANCE_CONSENSUS
TMEM17	LOW_EVIDENCE
TMEM170A	LOW_EVIDENCE
TMEM170B	RNA_RESISTANCE_CONSENSUS
TMEM171	LOW_EVIDENCE
TMEM173	RNA_RESISTANCE_CONSENSUS
TMEM174	LOW_COVERAGE
TMEM175	LOW_EVIDENCE
TMEM176A	LOW_COVERAGE
TMEM176B	LOW_COVERAGE
TMEM177	LOW_EVIDENCE
TMEM178A	LOW_EVIDENCE
TMEM178B	RNA_RESISTANCE_CONSENSUS
TMEM179	LOW_COVERAGE
TMEM179B	LOW_EVIDENCE
TMEM18	RNA_RESISTANCE_CONSENSUS
TMEM180	LOW_EVIDENCE
TMEM181	RNA_RESISTANCE_CONSENSUS
TMEM182	RNA_RESISTANCE_CONSENSUS
TMEM183A	LOW_EVIDENCE
TMEM183B	LOW_COVERAGE
TMEM184A	LOW_EVIDENCE
TMEM184B	LOW_EVIDENCE
TMEM184C	LOW_EVIDENCE
TMEM185A	LOW_EVIDENCE
TMEM185B	LOW_EVIDENCE
TMEM186	RNA_RESISTANCE_CONSENSUS
TMEM187	LOW_EVIDENCE
TMEM189	ACUTE_RESPONSE
TMEM189-UBE2V1	LOW_EVIDENCE
TMEM19	LOW_EVIDENCE
TMEM190	LOW_COVERAGE
TMEM191A	LOW_COVERAGE
TMEM191B	LOW_EVIDENCE
TMEM191C	LOW_EVIDENCE
TMEM192	LOW_EVIDENCE
TMEM194A	LOW_COVERAGE
TMEM194B	LOW_COVERAGE
TMEM196	LOW_COVERAGE
TMEM198	RNA_RESISTANCE_CONSENSUS
TMEM198B	LOW_COVERAGE
TMEM199	LOW_EVIDENCE
TMEM2	LOW_EVIDENCE
TMEM200A	LOW_COVERAGE
TMEM200B	LOW_EVIDENCE
TMEM200C	LOW_COVERAGE
TMEM201	RNA_RESISTANCE_CONSENSUS
TMEM202	LOW_COVERAGE
TMEM202-AS1	LOW_COVERAGE
TMEM203	LOW_EVIDENCE
TMEM204	LOW_EVIDENCE
TMEM205	RNA_RESISTANCE_CONSENSUS
TMEM206	LOW_EVIDENCE
TMEM207	LOW_COVERAGE
TMEM208	LOW_EVIDENCE
TMEM209	LOW_EVIDENCE
TMEM210	LOW_COVERAGE
TMEM211	LOW_COVERAGE
TMEM212	LOW_COVERAGE
TMEM213	LOW_EVIDENCE
TMEM214	LOW_EVIDENCE
TMEM215	LOW_COVERAGE
TMEM216	LOW_EVIDENCE
TMEM217	RNA_RESISTANCE_CONSENSUS
TMEM218	LOW_EVIDENCE
TMEM219	RNA_RESISTANCE_CONSENSUS
TMEM220	LOW_EVIDENCE
TMEM220-AS1	LOW_COVERAGE
TMEM221	RNA_RESISTANCE_CONSENSUS
TMEM222	LOW_EVIDENCE
TMEM223	RNA_RESISTANCE_CONSENSUS
TMEM225	LOW_COVERAGE
TMEM225B	LOW_COVERAGE
TMEM229A	LOW_COVERAGE
TMEM229B	RNA_RESISTANCE_CONSENSUS
TMEM230	LOW_EVIDENCE
TMEM231	RNA_RESISTANCE_CONSENSUS
TMEM232	HUMAN_TUMOR_SUPPORTED
TMEM233	LOW_COVERAGE
TMEM234	LOW_EVIDENCE
TMEM235	LOW_COVERAGE
TMEM236	LOW_COVERAGE
TMEM237	LOW_EVIDENCE
TMEM238	RNA_RESISTANCE_CONSENSUS
TMEM238L	LOW_COVERAGE
TMEM239	LOW_COVERAGE
TMEM240	LOW_EVIDENCE
TMEM241	RNA_RESISTANCE_CONSENSUS
TMEM242	RNA_RESISTANCE_CONSENSUS
TMEM243	RNA_RESISTANCE_CONSENSUS
TMEM244	LOW_COVERAGE
TMEM245	LOW_EVIDENCE
TMEM246	LOW_COVERAGE
TMEM247	LOW_COVERAGE
TMEM248	LOW_EVIDENCE
TMEM249	LOW_COVERAGE
TMEM25	RNA_RESISTANCE_CONSENSUS
TMEM250	LOW_COVERAGE
TMEM251	LOW_EVIDENCE
TMEM252	LOW_COVERAGE
TMEM253	RNA_RESISTANCE_CONSENSUS
TMEM254	RNA_RESISTANCE_CONSENSUS
TMEM254-AS1	RNA_RESISTANCE_CONSENSUS
TMEM255A	LOW_COVERAGE
TMEM255B	RNA_RESISTANCE_CONSENSUS
TMEM256	LOW_EVIDENCE
TMEM256-PLSCR3	LOW_COVERAGE
TMEM257	LOW_COVERAGE
TMEM258	LOW_EVIDENCE
TMEM259	LOW_EVIDENCE
TMEM26	LOW_EVIDENCE
TMEM260	RNA_RESISTANCE_CONSENSUS
TMEM261	LOW_EVIDENCE
TMEM262	LOW_COVERAGE
TMEM263	RNA_RESISTANCE_CONSENSUS
TMEM265	LOW_EVIDENCE
TMEM266	LOW_COVERAGE
TMEM267	LOW_COVERAGE
TMEM268	LOW_COVERAGE
TMEM269	LOW_COVERAGE
TMEM27	LOW_COVERAGE
TMEM270	LOW_COVERAGE
TMEM273	LOW_COVERAGE
TMEM30A	RNA_RESISTANCE_CONSENSUS
TMEM30B	RNA_RESISTANCE_CONSENSUS
TMEM31	RNA_RESISTANCE_CONSENSUS
TMEM33	RNA_RESISTANCE_CONSENSUS
TMEM35	LOW_COVERAGE
TMEM35B	LOW_COVERAGE
TMEM37	HUMAN_TUMOR_SUPPORTED
TMEM38A	RNA_RESISTANCE_CONSENSUS
TMEM38B	RNA_RESISTANCE_CONSENSUS
TMEM39A	LOW_EVIDENCE
TMEM39B	LOW_EVIDENCE
TMEM40	LOW_EVIDENCE
TMEM41A	LOW_EVIDENCE
TMEM41B	LOW_EVIDENCE
TMEM42	RNA_RESISTANCE_CONSENSUS
TMEM43	LOW_EVIDENCE
TMEM44	RNA_RESISTANCE_CONSENSUS
TMEM44-AS1	RNA_RESISTANCE_CONSENSUS
TMEM45A	LOW_EVIDENCE
TMEM45B	RNA_RESISTANCE_CONSENSUS
TMEM47	ACUTE_RESPONSE
TMEM5	LOW_EVIDENCE
TMEM5-AS1	LOW_COVERAGE
TMEM50A	LOW_EVIDENCE
TMEM50B	ACUTE_RESPONSE
TMEM51	LOW_EVIDENCE
TMEM51-AS1	LOW_EVIDENCE
TMEM52	RNA_RESISTANCE_CONSENSUS
TMEM52B	LOW_EVIDENCE
TMEM53	RNA_RESISTANCE_CONSENSUS
TMEM54	LOW_EVIDENCE
TMEM55A	LOW_EVIDENCE
TMEM55B	LOW_EVIDENCE
TMEM56	LOW_EVIDENCE
TMEM56-RWDD3	LOW_EVIDENCE
TMEM57	RNA_RESISTANCE_CONSENSUS
TMEM59	RNA_RESISTANCE_CONSENSUS
TMEM59L	LOW_EVIDENCE
TMEM60	LOW_EVIDENCE
TMEM61	LOW_EVIDENCE
TMEM62	RNA_RESISTANCE_CONSENSUS
TMEM63A	RNA_RESISTANCE_CONSENSUS
TMEM63B	LOW_EVIDENCE
TMEM63C	RNA_RESISTANCE_CONSENSUS
TMEM64	RNA_RESISTANCE_CONSENSUS
TMEM65	RNA_RESISTANCE_CONSENSUS
TMEM67	RNA_RESISTANCE_CONSENSUS
TMEM68	LOW_EVIDENCE
TMEM69	LOW_EVIDENCE
TMEM70	LOW_EVIDENCE
TMEM71	RNA_RESISTANCE_CONSENSUS
TMEM72	LOW_COVERAGE
TMEM72-AS1	LOW_COVERAGE
TMEM74	LOW_COVERAGE
TMEM74B	LOW_EVIDENCE
TMEM75	LOW_COVERAGE
TMEM79	LOW_EVIDENCE
TMEM80	LOW_EVIDENCE
TMEM81	RNA_RESISTANCE_CONSENSUS
TMEM82	LOW_COVERAGE
TMEM86A	RNA_RESISTANCE_CONSENSUS
TMEM86B	LOW_EVIDENCE
TMEM87A	RNA_RESISTANCE_CONSENSUS
TMEM87B	LOW_EVIDENCE
TMEM88	RNA_RESISTANCE_CONSENSUS
TMEM88B	LOW_COVERAGE
TMEM89	LOW_COVERAGE
TMEM8A	RNA_RESISTANCE_CONSENSUS
TMEM8B	RNA_RESISTANCE_CONSENSUS
TMEM8C	LOW_COVERAGE
TMEM9	RNA_RESISTANCE_CONSENSUS
TMEM91	LOW_EVIDENCE
TMEM92	RNA_RESISTANCE_CONSENSUS
TMEM92-AS1	RNA_RESISTANCE_CONSENSUS
TMEM94	LOW_COVERAGE
TMEM95	LOW_COVERAGE
TMEM97	ACUTE_RESPONSE
TMEM98	LOW_EVIDENCE
TMEM99	RNA_RESISTANCE_CONSENSUS
TMEM9B	LOW_EVIDENCE
TMEM9B-AS1	LOW_EVIDENCE
TMF1	LOW_EVIDENCE
TMIE	LOW_COVERAGE
TMIGD1	LOW_COVERAGE
TMIGD2	LOW_COVERAGE
TMIGD3	LOW_COVERAGE
TMLHE	LOW_EVIDENCE
TMLHE-AS1	LOW_COVERAGE
TMOD1	RNA_RESISTANCE_CONSENSUS
TMOD2	RNA_RESISTANCE_CONSENSUS
TMOD3	LOW_EVIDENCE
TMOD4	LOW_EVIDENCE
TMPO	LOW_EVIDENCE
TMPO-AS1	RNA_RESISTANCE_CONSENSUS
TMPOP2	LOW_COVERAGE
TMPPE	LOW_EVIDENCE
TMPRSS11A	LOW_EVIDENCE
TMPRSS11B	LOW_COVERAGE
TMPRSS11CP	LOW_COVERAGE
TMPRSS11D	LOW_EVIDENCE
TMPRSS11E	HUMAN_TUMOR_SUPPORTED
TMPRSS11F	LOW_COVERAGE
TMPRSS11GP	LOW_COVERAGE
TMPRSS12	LOW_COVERAGE
TMPRSS13	LOW_EVIDENCE
TMPRSS15	LOW_COVERAGE
TMPRSS2	RNA_RESISTANCE_CONSENSUS
TMPRSS3	RNA_RESISTANCE_CONSENSUS
TMPRSS4	RNA_RESISTANCE_CONSENSUS
TMPRSS5	LOW_EVIDENCE
TMPRSS6	LOW_COVERAGE
TMPRSS7	LOW_COVERAGE
TMPRSS9	LOW_EVIDENCE
TMSB10	RNA_RESISTANCE_CONSENSUS
TMSB15A	RNA_RESISTANCE_CONSENSUS
TMSB15B	RNA_RESISTANCE_CONSENSUS
TMSB15B-AS1	LOW_COVERAGE
TMSB15B.1	LOW_COVERAGE
TMSB4X	RNA_RESISTANCE_CONSENSUS
TMSB4XP2	LOW_COVERAGE
TMSB4XP4	LOW_COVERAGE
TMSB4XP6	LOW_COVERAGE
TMSB4XP8	LOW_COVERAGE
TMSB4Y	LOW_COVERAGE
TMTC1	RNA_RESISTANCE_CONSENSUS
TMTC2	LOW_EVIDENCE
TMTC3	RNA_RESISTANCE_CONSENSUS
TMTC4	LOW_EVIDENCE
TMUB1	LOW_EVIDENCE
TMUB2	LOW_EVIDENCE
TMX1	RNA_RESISTANCE_CONSENSUS
TMX2	LOW_EVIDENCE
TMX2-CTNND1	LOW_COVERAGE
TMX2P1	LOW_COVERAGE
TMX3	LOW_EVIDENCE
TMX4	LOW_EVIDENCE
TNC	RNA_RESISTANCE_CONSENSUS
TNF	LOW_COVERAGE
TNFAIP1	RNA_RESISTANCE_CONSENSUS
TNFAIP2	LOW_EVIDENCE
TNFAIP3	LOW_EVIDENCE
TNFAIP6	LOW_COVERAGE
TNFAIP8	RNA_RESISTANCE_CONSENSUS
TNFAIP8L1	RNA_RESISTANCE_CONSENSUS
TNFAIP8L2	LOW_COVERAGE
TNFAIP8L2-SCNM1	LOW_COVERAGE
TNFAIP8L3	LOW_EVIDENCE
TNFRSF10A	LOW_EVIDENCE
TNFRSF10A-AS1	LOW_COVERAGE
TNFRSF10B	LOW_EVIDENCE
TNFRSF10C	LOW_EVIDENCE
TNFRSF10D	LOW_EVIDENCE
TNFRSF11A	LOW_EVIDENCE
TNFRSF11B	RNA_RESISTANCE_CONSENSUS
TNFRSF12A	RNA_RESISTANCE_CONSENSUS
TNFRSF13B	LOW_COVERAGE
TNFRSF13C	LOW_EVIDENCE
TNFRSF14	LOW_EVIDENCE
TNFRSF14-AS1	LOW_COVERAGE
TNFRSF17	LOW_COVERAGE
TNFRSF18	RNA_RESISTANCE_CONSENSUS
TNFRSF19	LOW_EVIDENCE
TNFRSF1A	RNA_RESISTANCE_CONSENSUS
TNFRSF1B	LOW_COVERAGE
TNFRSF21	RNA_RESISTANCE_CONSENSUS
TNFRSF25	LOW_EVIDENCE
TNFRSF4	LOW_COVERAGE
TNFRSF6B	LOW_EVIDENCE
TNFRSF8	LOW_COVERAGE
TNFRSF9	LOW_COVERAGE
TNFSF10	LOW_EVIDENCE
TNFSF11	LOW_COVERAGE
TNFSF12	LOW_EVIDENCE
TNFSF12-TNFSF13	LOW_COVERAGE
TNFSF13	RNA_RESISTANCE_CONSENSUS
TNFSF13B	RNA_RESISTANCE_CONSENSUS
TNFSF14	LOW_COVERAGE
TNFSF15	RNA_RESISTANCE_CONSENSUS
TNFSF18	LOW_COVERAGE
TNFSF4	LOW_COVERAGE
TNFSF8	LOW_COVERAGE
TNFSF9	ACUTE_RESPONSE
TNIK	RNA_RESISTANCE_CONSENSUS
TNIP1	RNA_RESISTANCE_CONSENSUS
TNIP2	LOW_EVIDENCE
TNIP3	LOW_COVERAGE
TNK1	RNA_RESISTANCE_CONSENSUS
TNK2	RNA_RESISTANCE_CONSENSUS
TNK2-AS1	LOW_COVERAGE
TNKS	RNA_RESISTANCE_CONSENSUS
TNKS1BP1	LOW_EVIDENCE
TNKS2	LOW_EVIDENCE
TNKS2-AS1	LOW_EVIDENCE
TNMD	LOW_COVERAGE
TNN	LOW_COVERAGE
TNNC1	LOW_EVIDENCE
TNNC2	LOW_EVIDENCE
TNNI1	LOW_COVERAGE
TNNI2	RNA_RESISTANCE_CONSENSUS
TNNI3	LOW_EVIDENCE
TNNI3K	HUMAN_TUMOR_SUPPORTED
TNNT1	RNA_RESISTANCE_CONSENSUS
TNNT2	LOW_EVIDENCE
TNNT3	LOW_COVERAGE
TNP1	LOW_COVERAGE
TNP2	LOW_COVERAGE
TNPO1	LOW_EVIDENCE
TNPO1P1	LOW_COVERAGE
TNPO1P3	LOW_COVERAGE
TNPO2	RNA_RESISTANCE_CONSENSUS
TNPO3	LOW_EVIDENCE
TNR	LOW_COVERAGE
TNRC18	LOW_EVIDENCE
TNRC18P1	LOW_COVERAGE
TNRC6A	LOW_EVIDENCE
TNRC6B	LOW_EVIDENCE
TNRC6C	LOW_EVIDENCE
TNRC6C-AS1	RNA_RESISTANCE_CONSENSUS
TNS1	RNA_RESISTANCE_CONSENSUS
TNS2	RNA_RESISTANCE_CONSENSUS
TNS3	RNA_RESISTANCE_CONSENSUS
TNS4	RNA_RESISTANCE_CONSENSUS
TNXB	RNA_RESISTANCE_CONSENSUS
TOB1	RNA_RESISTANCE_CONSENSUS
TOB1-AS1	LOW_EVIDENCE
TOB2	LOW_EVIDENCE
TOB2P1	LOW_COVERAGE
TOE1	LOW_EVIDENCE
TOGARAM1	LOW_COVERAGE
TOGARAM2	LOW_COVERAGE
TOLLIP	RNA_RESISTANCE_CONSENSUS
TOLLIP-AS1	LOW_EVIDENCE
TOM1	LOW_EVIDENCE
TOM1L1	LOW_EVIDENCE
TOM1L2	RNA_RESISTANCE_CONSENSUS
TOMM20	LOW_EVIDENCE
TOMM20L	HUMAN_TUMOR_SUPPORTED
TOMM20P4	LOW_COVERAGE
TOMM22	LOW_EVIDENCE
TOMM34	RNA_RESISTANCE_CONSENSUS
TOMM40	RNA_RESISTANCE_CONSENSUS
TOMM40L	LOW_EVIDENCE
TOMM5	LOW_EVIDENCE
TOMM6	LOW_EVIDENCE
TOMM7	RNA_RESISTANCE_CONSENSUS
TOMM70	LOW_COVERAGE
TOMM70A	LOW_EVIDENCE
TONSL	RNA_RESISTANCE_CONSENSUS
TONSL-AS1	LOW_COVERAGE
TOP1	LOW_EVIDENCE
TOP1MT	LOW_EVIDENCE
TOP2A	RNA_RESISTANCE_CONSENSUS
TOP2B	RNA_RESISTANCE_CONSENSUS
TOP3A	LOW_EVIDENCE
TOP3B	RNA_RESISTANCE_CONSENSUS
TOPAZ1	LOW_COVERAGE
TOPBP1	LOW_EVIDENCE
TOPORS	LOW_EVIDENCE
TOPORS-AS1	LOW_COVERAGE
TOR1A	LOW_EVIDENCE
TOR1AIP1	LOW_EVIDENCE
TOR1AIP2	LOW_EVIDENCE
TOR1B	LOW_EVIDENCE
TOR2A	RNA_RESISTANCE_CONSENSUS
TOR3A	LOW_EVIDENCE
TOR4A	LOW_EVIDENCE
TOX	LOW_COVERAGE
TOX2	RNA_RESISTANCE_CONSENSUS
TOX3	RNA_RESISTANCE_CONSENSUS
TOX4	LOW_EVIDENCE
TP53	RNA_RESISTANCE_CONSENSUS
TP53AIP1	LOW_COVERAGE
TP53BP1	LOW_EVIDENCE
TP53BP2	RNA_RESISTANCE_CONSENSUS
TP53I11	LOW_EVIDENCE
TP53I13	LOW_EVIDENCE
TP53I3	RNA_RESISTANCE_CONSENSUS
TP53INP1	RNA_RESISTANCE_CONSENSUS
TP53INP2	RNA_RESISTANCE_CONSENSUS
TP53RK	LOW_EVIDENCE
TP53TG1	LOW_EVIDENCE
TP53TG1_1	LOW_COVERAGE
TP53TG1_2	LOW_COVERAGE
TP53TG3	LOW_COVERAGE
TP53TG3B	LOW_COVERAGE
TP53TG3C	LOW_COVERAGE
TP53TG3D	HUMAN_TUMOR_SUPPORTED
TP53TG5	LOW_EVIDENCE
TP63	RNA_RESISTANCE_CONSENSUS
TP73	RNA_RESISTANCE_CONSENSUS
TP73-AS1	LOW_COVERAGE
TPBG	RNA_RESISTANCE_CONSENSUS
TPBGL	LOW_COVERAGE
TPCN1	LOW_EVIDENCE
TPCN2	LOW_EVIDENCE
TPD52	RNA_RESISTANCE_CONSENSUS
TPD52L1	RNA_RESISTANCE_CONSENSUS
TPD52L2	LOW_EVIDENCE
TPD52L3	LOW_COVERAGE
TPGS1	RNA_RESISTANCE_CONSENSUS
TPGS2	LOW_EVIDENCE
TPH1	HUMAN_TUMOR_SUPPORTED
TPH2	LOW_COVERAGE
TPI1	LOW_EVIDENCE
TPI1P1	LOW_COVERAGE
TPI1P2	LOW_COVERAGE
TPI1P3	LOW_COVERAGE
TPK1	RNA_RESISTANCE_CONSENSUS
TPM1	RNA_RESISTANCE_CONSENSUS
TPM1-AS	LOW_COVERAGE
TPM2	RNA_RESISTANCE_CONSENSUS
TPM3	LOW_EVIDENCE
TPM3P1	LOW_COVERAGE
TPM3P6	LOW_COVERAGE
TPM3P7	LOW_COVERAGE
TPM3P8	LOW_COVERAGE
TPM3P9	LOW_COVERAGE
TPM4	RNA_RESISTANCE_CONSENSUS
TPMT	LOW_EVIDENCE
TPO	LOW_EVIDENCE
TPP1	LOW_EVIDENCE
TPP2	LOW_EVIDENCE
TPPP	LOW_EVIDENCE
TPPP2	LOW_COVERAGE
TPPP3	LOW_EVIDENCE
TPR	LOW_EVIDENCE
TPRA1	LOW_EVIDENCE
TPRG1	RNA_RESISTANCE_CONSENSUS
TPRG1-AS1	LOW_COVERAGE
TPRG1L	LOW_EVIDENCE
TPRKB	LOW_EVIDENCE
TPRKBP2	LOW_COVERAGE
TPRN	RNA_RESISTANCE_CONSENSUS
TPRX1	LOW_COVERAGE
TPSAB1	LOW_COVERAGE
TPSB2	LOW_COVERAGE
TPSD1	LOW_COVERAGE
TPSG1	LOW_EVIDENCE
TPSP2	LOW_COVERAGE
TPST1	LOW_EVIDENCE
TPST2	RNA_RESISTANCE_CONSENSUS
TPT1	RNA_RESISTANCE_CONSENSUS
TPT1-AS1	LOW_EVIDENCE
TPT1P10	LOW_COVERAGE
TPT1P4	LOW_COVERAGE
TPT1P5	LOW_COVERAGE
TPT1P9	LOW_COVERAGE
TPTE	RNA_RESISTANCE_CONSENSUS
TPTE2	LOW_COVERAGE
TPTE2P1	LOW_COVERAGE
TPTE2P2	LOW_COVERAGE
TPTE2P5	LOW_COVERAGE
TPTE2P6	LOW_COVERAGE
TPTEP1	LOW_COVERAGE
TPTEP2-CSNK1E	LOW_COVERAGE
TPX2	RNA_RESISTANCE_CONSENSUS
TRA2A	LOW_EVIDENCE
TRA2B	LOW_EVIDENCE
TRABD	LOW_EVIDENCE
TRABD2A	RNA_RESISTANCE_CONSENSUS
TRABD2B	LOW_EVIDENCE
TRAC	LOW_COVERAGE
TRADD	LOW_EVIDENCE
TRAF1	LOW_EVIDENCE
TRAF2	RNA_RESISTANCE_CONSENSUS
TRAF3	RNA_RESISTANCE_CONSENSUS
TRAF3IP1	RNA_RESISTANCE_CONSENSUS
TRAF3IP2	LOW_EVIDENCE
TRAF3IP2-AS1	LOW_EVIDENCE
TRAF3IP3	LOW_EVIDENCE
TRAF4	RNA_RESISTANCE_CONSENSUS
TRAF5	RNA_RESISTANCE_CONSENSUS
TRAF6	LOW_EVIDENCE
TRAF7	LOW_EVIDENCE
TRAFD1	LOW_EVIDENCE
TRAIP	RNA_RESISTANCE_CONSENSUS
TRAK1	RNA_RESISTANCE_CONSENSUS
TRAK2	LOW_EVIDENCE
TRAM1	RNA_RESISTANCE_CONSENSUS
TRAM1L1	LOW_EVIDENCE
TRAM2	LOW_EVIDENCE
TRAM2-AS1	RNA_RESISTANCE_CONSENSUS
TRANK1	RNA_RESISTANCE_CONSENSUS
TRAP1	LOW_EVIDENCE
TRAPPC1	RNA_RESISTANCE_CONSENSUS
TRAPPC10	LOW_EVIDENCE
TRAPPC11	RNA_RESISTANCE_CONSENSUS
TRAPPC12	RNA_RESISTANCE_CONSENSUS
TRAPPC12-AS1	LOW_EVIDENCE
TRAPPC13	LOW_EVIDENCE
TRAPPC2	LOW_EVIDENCE
TRAPPC2B	HUMAN_TUMOR_SUPPORTED
TRAPPC2L	LOW_EVIDENCE
TRAPPC2P1	LOW_COVERAGE
TRAPPC3	LOW_EVIDENCE
TRAPPC3L	LOW_COVERAGE
TRAPPC4	RNA_RESISTANCE_CONSENSUS
TRAPPC5	LOW_EVIDENCE
TRAPPC6A	LOW_EVIDENCE
TRAPPC6B	RNA_RESISTANCE_CONSENSUS
TRAPPC8	LOW_EVIDENCE
TRAPPC9	LOW_EVIDENCE
TRAT1	LOW_COVERAGE
TRAV30	LOW_COVERAGE
TRAV34	LOW_COVERAGE
TRAV37	LOW_COVERAGE
TRAV38-1	LOW_COVERAGE
TRAV38-2DV8	LOW_COVERAGE
TRAV39	LOW_COVERAGE
TRAV41	LOW_COVERAGE
TRBC1	LOW_COVERAGE
TRBC2	LOW_COVERAGE
TRBV30	LOW_COVERAGE
TRDMT1	LOW_EVIDENCE
TRDN	HUMAN_TUMOR_SUPPORTED
TREH	LOW_COVERAGE
TREM1	LOW_COVERAGE
TREM2	LOW_COVERAGE
TREML1	LOW_COVERAGE
TREML2	LOW_COVERAGE
TREML4	LOW_COVERAGE
TRERF1	ACUTE_RESPONSE
TREX1	RNA_RESISTANCE_CONSENSUS
TREX2	LOW_EVIDENCE
TRG-AS1	LOW_COVERAGE
TRGC1	RNA_RESISTANCE_CONSENSUS
TRGC2	LOW_COVERAGE
TRGJ1	LOW_COVERAGE
TRGJ2	LOW_COVERAGE
TRGJP	LOW_COVERAGE
TRGJP2	LOW_COVERAGE
TRGV6	LOW_COVERAGE
TRGV7	LOW_COVERAGE
TRGV9	LOW_COVERAGE
TRH	LOW_COVERAGE
TRHDE	LOW_COVERAGE
TRHR	LOW_COVERAGE
TRI-TAT2-2	LOW_COVERAGE
TRIAP1	LOW_EVIDENCE
TRIB1	RNA_RESISTANCE_CONSENSUS
TRIB2	RNA_RESISTANCE_CONSENSUS
TRIB3	RNA_RESISTANCE_CONSENSUS
TRIL	RNA_RESISTANCE_CONSENSUS
TRIM10	LOW_COVERAGE
TRIM11	LOW_EVIDENCE
TRIM13	RNA_RESISTANCE_CONSENSUS
TRIM14	RNA_RESISTANCE_CONSENSUS
TRIM15	LOW_COVERAGE
TRIM16	LOW_EVIDENCE
TRIM16L	LOW_EVIDENCE
TRIM17	LOW_EVIDENCE
TRIM2	RNA_RESISTANCE_CONSENSUS
TRIM21	RNA_RESISTANCE_CONSENSUS
TRIM22	RNA_RESISTANCE_CONSENSUS
TRIM23	LOW_EVIDENCE
TRIM24	LOW_EVIDENCE
TRIM25	LOW_EVIDENCE
TRIM26	LOW_EVIDENCE
TRIM27	RNA_RESISTANCE_CONSENSUS
TRIM28	LOW_EVIDENCE
TRIM29	RNA_RESISTANCE_CONSENSUS
TRIM3	LOW_EVIDENCE
TRIM31	RNA_RESISTANCE_CONSENSUS
TRIM31-AS1	RNA_RESISTANCE_CONSENSUS
TRIM32	LOW_EVIDENCE
TRIM33	LOW_EVIDENCE
TRIM34	RNA_RESISTANCE_CONSENSUS
TRIM35	LOW_EVIDENCE
TRIM36	LOW_EVIDENCE
TRIM36-IT1	LOW_COVERAGE
TRIM37	RNA_RESISTANCE_CONSENSUS
TRIM38	RNA_RESISTANCE_CONSENSUS
TRIM39	LOW_EVIDENCE
TRIM39-RPP21	LOW_COVERAGE
TRIM4	RNA_RESISTANCE_CONSENSUS
TRIM40	LOW_COVERAGE
TRIM41	LOW_EVIDENCE
TRIM42	LOW_COVERAGE
TRIM43	LOW_COVERAGE
TRIM43B	LOW_COVERAGE
TRIM44	RNA_RESISTANCE_CONSENSUS
TRIM45	RNA_RESISTANCE_CONSENSUS
TRIM46	RNA_RESISTANCE_CONSENSUS
TRIM47	RNA_RESISTANCE_CONSENSUS
TRIM48	LOW_COVERAGE
TRIM49	LOW_COVERAGE
TRIM49B	LOW_COVERAGE
TRIM49C	LOW_COVERAGE
TRIM49D1	LOW_COVERAGE
TRIM49D2	LOW_COVERAGE
TRIM5	RNA_RESISTANCE_CONSENSUS
TRIM50	LOW_COVERAGE
TRIM51	LOW_COVERAGE
TRIM52	LOW_EVIDENCE
TRIM52-AS1	LOW_EVIDENCE
TRIM54	LOW_COVERAGE
TRIM55	RNA_RESISTANCE_CONSENSUS
TRIM56	RNA_RESISTANCE_CONSENSUS
TRIM58	LOW_EVIDENCE
TRIM59	RNA_RESISTANCE_CONSENSUS
TRIM6	RNA_RESISTANCE_CONSENSUS
TRIM6-TRIM34	LOW_COVERAGE
TRIM60	LOW_COVERAGE
TRIM60P17	LOW_COVERAGE
TRIM60P18	LOW_COVERAGE
TRIM61	LOW_COVERAGE
TRIM62	RNA_RESISTANCE_CONSENSUS
TRIM63	LOW_COVERAGE
TRIM64	LOW_COVERAGE
TRIM64B	LOW_COVERAGE
TRIM64C	LOW_COVERAGE
TRIM65	LOW_EVIDENCE
TRIM66	LOW_EVIDENCE
TRIM67	LOW_COVERAGE
TRIM68	RNA_RESISTANCE_CONSENSUS
TRIM69	LOW_EVIDENCE
TRIM7	RNA_RESISTANCE_CONSENSUS
TRIM71	LOW_COVERAGE
TRIM72	LOW_EVIDENCE
TRIM73	LOW_EVIDENCE
TRIM74	LOW_COVERAGE
TRIM77	LOW_COVERAGE
TRIM8	RNA_RESISTANCE_CONSENSUS
TRIM9	LOW_EVIDENCE
TRIML1	LOW_COVERAGE
TRIML2	LOW_COVERAGE
TRIO	LOW_EVIDENCE
TRIOBP	LOW_EVIDENCE
TRIP10	RNA_RESISTANCE_CONSENSUS
TRIP11	LOW_EVIDENCE
TRIP12	LOW_EVIDENCE
TRIP13	LOW_EVIDENCE
TRIP4	LOW_EVIDENCE
TRIP6	RNA_RESISTANCE_CONSENSUS
TRIQK	LOW_EVIDENCE
TRIR	LOW_COVERAGE
TRIT1	LOW_EVIDENCE
TRMO	LOW_COVERAGE
TRMT1	LOW_EVIDENCE
TRMT10A	LOW_EVIDENCE
TRMT10B	LOW_EVIDENCE
TRMT10C	RNA_RESISTANCE_CONSENSUS
TRMT11	LOW_EVIDENCE
TRMT112	RNA_RESISTANCE_CONSENSUS
TRMT112P6	LOW_COVERAGE
TRMT12	LOW_EVIDENCE
TRMT13	LOW_EVIDENCE
TRMT1L	LOW_EVIDENCE
TRMT2A	RNA_RESISTANCE_CONSENSUS
TRMT2B	RNA_RESISTANCE_CONSENSUS
TRMT44	LOW_EVIDENCE
TRMT5	LOW_EVIDENCE
TRMT6	LOW_EVIDENCE
TRMT61A	LOW_EVIDENCE
TRMT61B	LOW_EVIDENCE
TRMT9B	LOW_COVERAGE
TRMU	LOW_EVIDENCE
TRNAU1AP	LOW_EVIDENCE
TRNP1	LOW_EVIDENCE
TRNT1	LOW_EVIDENCE
TRO	LOW_EVIDENCE
TROAP	LOW_EVIDENCE
TROVE2	LOW_EVIDENCE
TRPA1	LOW_COVERAGE
TRPC1	RNA_RESISTANCE_CONSENSUS
TRPC3	LOW_COVERAGE
TRPC4	LOW_COVERAGE
TRPC4AP	LOW_EVIDENCE
TRPC5	LOW_COVERAGE
TRPC5OS	LOW_COVERAGE
TRPC6	RNA_RESISTANCE_CONSENSUS
TRPC7	LOW_COVERAGE
TRPC7-AS1	LOW_COVERAGE
TRPM1	LOW_COVERAGE
TRPM2	LOW_EVIDENCE
TRPM2-AS	LOW_COVERAGE
TRPM3	LOW_EVIDENCE
TRPM4	LOW_EVIDENCE
TRPM5	LOW_COVERAGE
TRPM6	LOW_COVERAGE
TRPM7	LOW_EVIDENCE
TRPM8	LOW_EVIDENCE
TRPS1	RNA_RESISTANCE_CONSENSUS
TRPT1	LOW_EVIDENCE
TRPV1	LOW_EVIDENCE
TRPV2	LOW_COVERAGE
TRPV3	RNA_RESISTANCE_CONSENSUS
TRPV4	RNA_RESISTANCE_CONSENSUS
TRPV5	LOW_COVERAGE
TRPV6	LOW_EVIDENCE
TRRAP	LOW_EVIDENCE
TRUB1	LOW_EVIDENCE
TRUB2	RNA_RESISTANCE_CONSENSUS
TSACC	LOW_EVIDENCE
TSBP1-AS1	LOW_COVERAGE
TSC1	FUNCTIONAL_ONLY
TSC2	LOW_EVIDENCE
TSC22D1	RNA_RESISTANCE_CONSENSUS
TSC22D1-AS1	LOW_EVIDENCE
TSC22D2	RNA_RESISTANCE_CONSENSUS
TSC22D3	RNA_RESISTANCE_CONSENSUS
TSC22D4	RNA_RESISTANCE_CONSENSUS
TSEN15	RNA_RESISTANCE_CONSENSUS
TSEN15P2	LOW_COVERAGE
TSEN2	LOW_EVIDENCE
TSEN34	LOW_EVIDENCE
TSEN54	LOW_EVIDENCE
TSFM	LOW_EVIDENCE
TSG101	LOW_EVIDENCE
TSGA10	LOW_EVIDENCE
TSGA10IP	LOW_COVERAGE
TSGA13	LOW_COVERAGE
TSHB	LOW_COVERAGE
TSHR	RNA_RESISTANCE_CONSENSUS
TSHZ1	LOW_EVIDENCE
TSHZ2	LOW_EVIDENCE
TSHZ3	RNA_RESISTANCE_CONSENSUS
TSIX	LOW_COVERAGE
TSKS	LOW_COVERAGE
TSKU	RNA_RESISTANCE_CONSENSUS
TSLP	LOW_COVERAGE
TSN	LOW_EVIDENCE
TSNARE1	LOW_EVIDENCE
TSNAX	LOW_EVIDENCE
TSNAX-DISC1	LOW_COVERAGE
TSNAXIP1	LOW_EVIDENCE
TSPAN1	LOW_EVIDENCE
TSPAN10	LOW_EVIDENCE
TSPAN11	LOW_COVERAGE
TSPAN12	RNA_RESISTANCE_CONSENSUS
TSPAN13	RNA_RESISTANCE_CONSENSUS
TSPAN14	RNA_RESISTANCE_CONSENSUS
TSPAN15	RNA_RESISTANCE_CONSENSUS
TSPAN16	LOW_EVIDENCE
TSPAN17	LOW_EVIDENCE
TSPAN18	LOW_EVIDENCE
TSPAN19	LOW_COVERAGE
TSPAN2	LOW_COVERAGE
TSPAN3	RNA_RESISTANCE_CONSENSUS
TSPAN31	LOW_EVIDENCE
TSPAN32	LOW_COVERAGE
TSPAN33	RNA_RESISTANCE_CONSENSUS
TSPAN4	RNA_RESISTANCE_CONSENSUS
TSPAN5	RNA_RESISTANCE_CONSENSUS
TSPAN6	RNA_RESISTANCE_CONSENSUS
TSPAN7	LOW_EVIDENCE
TSPAN8	RNA_RESISTANCE_CONSENSUS
TSPAN9	RNA_RESISTANCE_CONSENSUS
TSPEAR	HUMAN_TUMOR_SUPPORTED
TSPEAR-AS1	LOW_COVERAGE
TSPEAR-AS2	LOW_COVERAGE
TSPO	LOW_EVIDENCE
TSPO2	LOW_COVERAGE
TSPOAP1	LOW_COVERAGE
TSPOAP1-AS1	LOW_COVERAGE
TSPY1	LOW_COVERAGE
TSPY10	LOW_COVERAGE
TSPY2	LOW_COVERAGE
TSPY26P	LOW_COVERAGE
TSPY3	LOW_COVERAGE
TSPY4	LOW_COVERAGE
TSPY8	LOW_COVERAGE
TSPYL1	LOW_EVIDENCE
TSPYL2	RNA_RESISTANCE_CONSENSUS
TSPYL4	LOW_EVIDENCE
TSPYL5	RNA_RESISTANCE_CONSENSUS
TSPYL6	LOW_COVERAGE
TSR1	LOW_EVIDENCE
TSR2	LOW_EVIDENCE
TSR3	FUNCTIONAL_ONLY
TSSC1	LOW_EVIDENCE
TSSC1-IT1	LOW_COVERAGE
TSSC4	LOW_EVIDENCE
TSSK1B	LOW_COVERAGE
TSSK2	LOW_COVERAGE
TSSK3	LOW_EVIDENCE
TSSK4	LOW_COVERAGE
TSSK5P	LOW_COVERAGE
TSSK6	LOW_EVIDENCE
TST	LOW_EVIDENCE
TSTA3	LOW_EVIDENCE
TSTD1	LOW_EVIDENCE
TSTD2	LOW_EVIDENCE
TSTD3	LOW_EVIDENCE
TTBK1	LOW_COVERAGE
TTBK2	RNA_RESISTANCE_CONSENSUS
TTC1	LOW_EVIDENCE
TTC12	LOW_EVIDENCE
TTC13	RNA_RESISTANCE_CONSENSUS
TTC14	RNA_RESISTANCE_CONSENSUS
TTC16	LOW_COVERAGE
TTC17	LOW_EVIDENCE
TTC19	LOW_EVIDENCE
TTC21A	LOW_EVIDENCE
TTC21B	RNA_RESISTANCE_CONSENSUS
TTC21B-AS1	LOW_COVERAGE
TTC22	LOW_EVIDENCE
TTC23	RNA_RESISTANCE_CONSENSUS
TTC23L	LOW_EVIDENCE
TTC24	LOW_COVERAGE
TTC25	RNA_RESISTANCE_CONSENSUS
TTC26	RNA_RESISTANCE_CONSENSUS
TTC27	LOW_EVIDENCE
TTC28	RNA_RESISTANCE_CONSENSUS
TTC28-AS1	RNA_RESISTANCE_CONSENSUS
TTC28-AS1_1	LOW_COVERAGE
TTC28-AS1_2	LOW_COVERAGE
TTC29	LOW_COVERAGE
TTC3	LOW_EVIDENCE
TTC3-AS1	LOW_COVERAGE
TTC30A	LOW_EVIDENCE
TTC30B	LOW_EVIDENCE
TTC31	LOW_EVIDENCE
TTC32	RNA_RESISTANCE_CONSENSUS
TTC33	RNA_RESISTANCE_CONSENSUS
TTC34	HUMAN_TUMOR_SUPPORTED
TTC36	LOW_EVIDENCE
TTC37	LOW_EVIDENCE
TTC38	LOW_EVIDENCE
TTC39A	RNA_RESISTANCE_CONSENSUS
TTC39A-AS1	RNA_RESISTANCE_CONSENSUS
TTC39B	RNA_RESISTANCE_CONSENSUS
TTC39C	RNA_RESISTANCE_CONSENSUS
TTC39C-AS1	LOW_COVERAGE
TTC3P1	LOW_COVERAGE
TTC4	LOW_EVIDENCE
TTC41P	LOW_COVERAGE
TTC5	LOW_EVIDENCE
TTC6	ACUTE_RESPONSE
TTC7A	LOW_EVIDENCE
TTC7B	LOW_EVIDENCE
TTC8	LOW_EVIDENCE
TTC9	RNA_RESISTANCE_CONSENSUS
TTC9B	LOW_EVIDENCE
TTC9C	LOW_EVIDENCE
TTF1	LOW_EVIDENCE
TTF2	RNA_RESISTANCE_CONSENSUS
TTI1	RNA_RESISTANCE_CONSENSUS
TTI2	LOW_EVIDENCE
TTK	RNA_RESISTANCE_CONSENSUS
TTL	RNA_RESISTANCE_CONSENSUS
TTLL1	RNA_RESISTANCE_CONSENSUS
TTLL10	RNA_RESISTANCE_CONSENSUS
TTLL11	RNA_RESISTANCE_CONSENSUS
TTLL12	LOW_EVIDENCE
TTLL13P	LOW_COVERAGE
TTLL2	LOW_COVERAGE
TTLL3	LOW_EVIDENCE
TTLL4	RNA_RESISTANCE_CONSENSUS
TTLL5	LOW_EVIDENCE
TTLL6	LOW_COVERAGE
TTLL7	RNA_RESISTANCE_CONSENSUS
TTLL7-IT1	LOW_COVERAGE
TTLL9	RNA_RESISTANCE_CONSENSUS
TTN	LOW_EVIDENCE
TTN-AS1	RNA_RESISTANCE_CONSENSUS
TTPA	HUMAN_TUMOR_SUPPORTED
TTPAL	LOW_EVIDENCE
TTR	LOW_COVERAGE
TTTY14	LOW_COVERAGE
TTYH1	LOW_EVIDENCE
TTYH2	LOW_EVIDENCE
TTYH3	RNA_RESISTANCE_CONSENSUS
TUB	HUMAN_TUMOR_SUPPORTED
TUBA1A	LOW_EVIDENCE
TUBA1B	LOW_EVIDENCE
TUBA1C	LOW_EVIDENCE
TUBA3C	LOW_COVERAGE
TUBA3D	RNA_RESISTANCE_CONSENSUS
TUBA3E	LOW_COVERAGE
TUBA3FP	LOW_COVERAGE
TUBA4A	RNA_RESISTANCE_CONSENSUS
TUBA4B	LOW_COVERAGE
TUBA8	LOW_EVIDENCE
TUBAL3	LOW_COVERAGE
TUBAP2	LOW_COVERAGE
TUBB	LOW_EVIDENCE
TUBB1	LOW_EVIDENCE
TUBB2A	LOW_EVIDENCE
TUBB2B	RNA_RESISTANCE_CONSENSUS
TUBB3	RNA_RESISTANCE_CONSENSUS
TUBB4A	RNA_RESISTANCE_CONSENSUS
TUBB4B	LOW_EVIDENCE
TUBB6	LOW_EVIDENCE
TUBB8	RNA_RESISTANCE_CONSENSUS
TUBB8P1	LOW_COVERAGE
TUBB8P7	LOW_COVERAGE
TUBBP1	LOW_COVERAGE
TUBBP10	LOW_COVERAGE
TUBBP5	LOW_COVERAGE
TUBD1	LOW_EVIDENCE
TUBE1	LOW_EVIDENCE
TUBG1	LOW_EVIDENCE
TUBG1P	LOW_COVERAGE
TUBG2	RNA_RESISTANCE_CONSENSUS
TUBGCP2	LOW_EVIDENCE
TUBGCP3	RNA_RESISTANCE_CONSENSUS
TUBGCP4	LOW_EVIDENCE
TUBGCP5	ACUTE_RESPONSE
TUBGCP6	LOW_EVIDENCE
TUFM	LOW_EVIDENCE
TUFT1	RNA_RESISTANCE_CONSENSUS
TUG1	RNA_RESISTANCE_CONSENSUS
TUG1_1	LOW_COVERAGE
TUG1_2	LOW_COVERAGE
TUG1_3	LOW_COVERAGE
TUG1_4	LOW_COVERAGE
TULP1	LOW_EVIDENCE
TULP2	LOW_COVERAGE
TULP3	RNA_RESISTANCE_CONSENSUS
TULP4	RNA_RESISTANCE_CONSENSUS
TUNAR	LOW_COVERAGE
TUSC1	LOW_EVIDENCE
TUSC2	LOW_EVIDENCE
TUSC3	RNA_RESISTANCE_CONSENSUS
TUSC5	LOW_COVERAGE
TUSC8	LOW_EVIDENCE
TUT1	RNA_RESISTANCE_CONSENSUS
TUT4	LOW_COVERAGE
TUT7	LOW_COVERAGE
TVP23A	LOW_COVERAGE
TVP23B	LOW_EVIDENCE
TVP23C	LOW_EVIDENCE
TVP23C-CDRT4	LOW_EVIDENCE
TVP23CP1	LOW_COVERAGE
TVP23CP2	LOW_COVERAGE
TWF1	LOW_EVIDENCE
TWF1P1	LOW_COVERAGE
TWF2	RNA_RESISTANCE_CONSENSUS
TWIST1	LOW_EVIDENCE
TWIST2	LOW_COVERAGE
TWISTNB	LOW_EVIDENCE
TWNK	LOW_COVERAGE
TWSG1	RNA_RESISTANCE_CONSENSUS
TXK	LOW_EVIDENCE
TXLNA	LOW_EVIDENCE
TXLNB	LOW_EVIDENCE
TXLNG	RNA_RESISTANCE_CONSENSUS
TXN	LOW_EVIDENCE
TXN2	LOW_EVIDENCE
TXNDC11	LOW_EVIDENCE
TXNDC12	LOW_EVIDENCE
TXNDC12-AS1	LOW_COVERAGE
TXNDC15	LOW_EVIDENCE
TXNDC16	LOW_EVIDENCE
TXNDC17	LOW_EVIDENCE
TXNDC2	LOW_COVERAGE
TXNDC5	RNA_RESISTANCE_CONSENSUS
TXNDC8	LOW_COVERAGE
TXNDC9	RNA_RESISTANCE_CONSENSUS
TXNIP	RNA_RESISTANCE_CONSENSUS
TXNL1	LOW_EVIDENCE
TXNL4A	LOW_EVIDENCE
TXNL4B	LOW_EVIDENCE
TXNP5	LOW_COVERAGE
TXNP6	LOW_COVERAGE
TXNRD1	RNA_RESISTANCE_CONSENSUS
TXNRD2	RNA_RESISTANCE_CONSENSUS
TXNRD3	LOW_EVIDENCE
TXNRD3NB	LOW_COVERAGE
TYK2	RNA_RESISTANCE_CONSENSUS
TYMP	LOW_EVIDENCE
TYMS	RNA_RESISTANCE_CONSENSUS
TYMSOS	LOW_EVIDENCE
TYR	LOW_COVERAGE
TYRO3	RNA_RESISTANCE_CONSENSUS
TYRO3P	LOW_COVERAGE
TYROBP	LOW_COVERAGE
TYRP1	RNA_RESISTANCE_CONSENSUS
TYSND1	LOW_EVIDENCE
TYW1	LOW_EVIDENCE
TYW1B	RNA_RESISTANCE_CONSENSUS
TYW3	LOW_EVIDENCE
TYW5	RNA_RESISTANCE_CONSENSUS
Telomerase-vert	LOW_COVERAGE
U2AF1	LOW_EVIDENCE
U2AF1L4	LOW_EVIDENCE
U2AF1L5	LOW_COVERAGE
U2AF2	LOW_EVIDENCE
U2SURP	LOW_EVIDENCE
U3	LOW_COVERAGE
U40455.1	LOW_COVERAGE
U47924.1	LOW_COVERAGE
U47924.2	LOW_COVERAGE
U47924.27	LOW_COVERAGE
U47924.29	LOW_COVERAGE
U47924.30	LOW_COVERAGE
U47924.31	LOW_COVERAGE
U47924.6	LOW_COVERAGE
U4atac	LOW_COVERAGE
U51244.2	LOW_COVERAGE
U52111.1	LOW_COVERAGE
U52111.14	LOW_COVERAGE
U62317.2	LOW_COVERAGE
U62317.3	LOW_COVERAGE
U62317.5	LOW_COVERAGE
U73166.1	LOW_COVERAGE
U73166.2	LOW_COVERAGE
U73169.1	LOW_COVERAGE
U8	LOW_COVERAGE
U91319.1	LOW_COVERAGE
U91328.1	LOW_EVIDENCE
U91328.19	LOW_COVERAGE
U91328.21	LOW_COVERAGE
UACA	RNA_RESISTANCE_CONSENSUS
UAP1	RNA_RESISTANCE_CONSENSUS
UAP1L1	RNA_RESISTANCE_CONSENSUS
UBA1	LOW_EVIDENCE
UBA2	LOW_EVIDENCE
UBA3	RNA_RESISTANCE_CONSENSUS
UBA5	RNA_RESISTANCE_CONSENSUS
UBA52	LOW_EVIDENCE
UBA52P6	LOW_COVERAGE
UBA52P8	LOW_COVERAGE
UBA6	LOW_EVIDENCE
UBA6-AS1	RNA_RESISTANCE_CONSENSUS
UBA7	LOW_EVIDENCE
UBAC1	LOW_EVIDENCE
UBAC2	LOW_EVIDENCE
UBAC2-AS1	LOW_EVIDENCE
UBALD1	LOW_EVIDENCE
UBALD2	RNA_RESISTANCE_CONSENSUS
UBAP1	RNA_RESISTANCE_CONSENSUS
UBAP1L	LOW_EVIDENCE
UBAP2	RNA_RESISTANCE_CONSENSUS
UBAP2L	ACUTE_RESPONSE
UBASH3A	LOW_COVERAGE
UBASH3B	RNA_RESISTANCE_CONSENSUS
UBB	LOW_EVIDENCE
UBBP4	LOW_COVERAGE
UBC	LOW_EVIDENCE
UBD	LOW_COVERAGE
UBE2A	LOW_EVIDENCE
UBE2B	LOW_EVIDENCE
UBE2C	RNA_RESISTANCE_CONSENSUS
UBE2CP1	LOW_COVERAGE
UBE2CP2	LOW_COVERAGE
UBE2D1	RNA_RESISTANCE_CONSENSUS
UBE2D2	LOW_EVIDENCE
UBE2D3	LOW_EVIDENCE
UBE2D3-AS1	LOW_COVERAGE
UBE2D3P1	LOW_COVERAGE
UBE2D3P2	LOW_COVERAGE
UBE2D3P3	LOW_COVERAGE
UBE2D4	LOW_EVIDENCE
UBE2E1	RNA_RESISTANCE_CONSENSUS
UBE2E1-AS1	LOW_COVERAGE
UBE2E2	RNA_RESISTANCE_CONSENSUS
UBE2E3	RNA_RESISTANCE_CONSENSUS
UBE2F	RNA_RESISTANCE_CONSENSUS
UBE2F-SCLY	LOW_COVERAGE
UBE2FP1	LOW_COVERAGE
UBE2FP3	LOW_COVERAGE
UBE2G1	LOW_EVIDENCE
UBE2G2	LOW_EVIDENCE
UBE2H	RNA_RESISTANCE_CONSENSUS
UBE2I	LOW_EVIDENCE
UBE2J1	RNA_RESISTANCE_CONSENSUS
UBE2J2	LOW_EVIDENCE
UBE2K	RNA_RESISTANCE_CONSENSUS
UBE2L3	RNA_RESISTANCE_CONSENSUS
UBE2L4	LOW_COVERAGE
UBE2L5	LOW_COVERAGE
UBE2L6	RNA_RESISTANCE_CONSENSUS
UBE2M	LOW_EVIDENCE
UBE2N	LOW_EVIDENCE
UBE2O	LOW_EVIDENCE
UBE2Q1	LOW_EVIDENCE
UBE2Q1-AS1	LOW_COVERAGE
UBE2Q2	LOW_EVIDENCE
UBE2Q2L	LOW_COVERAGE
UBE2Q2P1	LOW_COVERAGE
UBE2Q2P2	LOW_COVERAGE
UBE2Q2P6	LOW_COVERAGE
UBE2QL1	RNA_RESISTANCE_CONSENSUS
UBE2R2	RNA_RESISTANCE_CONSENSUS
UBE2R2-AS1	LOW_COVERAGE
UBE2S	RNA_RESISTANCE_CONSENSUS
UBE2SP1	LOW_COVERAGE
UBE2T	RNA_RESISTANCE_CONSENSUS
UBE2U	LOW_COVERAGE
UBE2V1	LOW_EVIDENCE
UBE2V1P1	LOW_COVERAGE
UBE2V1P2	LOW_COVERAGE
UBE2V2	LOW_EVIDENCE
UBE2V2P3	LOW_COVERAGE
UBE2V2P4	LOW_COVERAGE
UBE2W	LOW_EVIDENCE
UBE2Z	LOW_EVIDENCE
UBE3A	LOW_EVIDENCE
UBE3B	LOW_EVIDENCE
UBE3C	LOW_EVIDENCE
UBE3D	LOW_EVIDENCE
UBE4A	RNA_RESISTANCE_CONSENSUS
UBE4B	LOW_EVIDENCE
UBFD1	LOW_EVIDENCE
UBIAD1	LOW_EVIDENCE
UBL3	RNA_RESISTANCE_CONSENSUS
UBL4A	LOW_EVIDENCE
UBL4B	LOW_COVERAGE
UBL5	LOW_EVIDENCE
UBL7	LOW_EVIDENCE
UBL7-AS1	LOW_EVIDENCE
UBLCP1	RNA_RESISTANCE_CONSENSUS
UBN1	LOW_EVIDENCE
UBN2	LOW_EVIDENCE
UBOX5	LOW_EVIDENCE
UBOX5-AS1	LOW_COVERAGE
UBP1	LOW_EVIDENCE
UBQLN1	LOW_EVIDENCE
UBQLN2	LOW_EVIDENCE
UBQLN3	LOW_COVERAGE
UBQLN4	LOW_EVIDENCE
UBQLN4P1	LOW_COVERAGE
UBQLNL	LOW_EVIDENCE
UBR1	LOW_EVIDENCE
UBR2	LOW_EVIDENCE
UBR3	RNA_RESISTANCE_CONSENSUS
UBR4	RNA_RESISTANCE_CONSENSUS
UBR5	RNA_RESISTANCE_CONSENSUS
UBR5-AS1	LOW_EVIDENCE
UBR7	LOW_EVIDENCE
UBTD1	RNA_RESISTANCE_CONSENSUS
UBTD2	LOW_EVIDENCE
UBTF	ACUTE_RESPONSE
UBTFL1	LOW_COVERAGE
UBTFL7	LOW_COVERAGE
UBTFL9	LOW_COVERAGE
UBXN1	LOW_EVIDENCE
UBXN10	LOW_EVIDENCE
UBXN10-AS1	LOW_COVERAGE
UBXN11	LOW_EVIDENCE
UBXN2A	LOW_EVIDENCE
UBXN2B	LOW_EVIDENCE
UBXN4	RNA_RESISTANCE_CONSENSUS
UBXN6	RNA_RESISTANCE_CONSENSUS
UBXN7	LOW_EVIDENCE
UBXN7-AS1	LOW_COVERAGE
UBXN8	LOW_EVIDENCE
UCA1	RNA_RESISTANCE_CONSENSUS
UCHL1	RNA_RESISTANCE_CONSENSUS
UCHL3	RNA_RESISTANCE_CONSENSUS
UCHL5	LOW_EVIDENCE
UCK1	LOW_EVIDENCE
UCK2	LOW_EVIDENCE
UCKL1	LOW_EVIDENCE
UCKL1-AS1	LOW_EVIDENCE
UCMA	LOW_COVERAGE
UCN	LOW_EVIDENCE
UCN2	LOW_COVERAGE
UCN3	LOW_COVERAGE
UCP1	ACUTE_RESPONSE
UCP2	RNA_RESISTANCE_CONSENSUS
UCP3	LOW_EVIDENCE
UEVLD	LOW_EVIDENCE
UFC1	LOW_EVIDENCE
UFD1	LOW_COVERAGE
UFD1L	RNA_RESISTANCE_CONSENSUS
UFL1	LOW_EVIDENCE
UFL1-AS1	LOW_COVERAGE
UFM1	LOW_EVIDENCE
UFSP1	LOW_EVIDENCE
UFSP2	RNA_RESISTANCE_CONSENSUS
UGCG	RNA_RESISTANCE_CONSENSUS
UGDH	RNA_RESISTANCE_CONSENSUS
UGDH-AS1	HUMAN_TUMOR_SUPPORTED
UGGT1	RNA_RESISTANCE_CONSENSUS
UGGT2	LOW_EVIDENCE
UGP2	LOW_EVIDENCE
UGT1A1	LOW_COVERAGE
UGT1A10	LOW_COVERAGE
UGT1A3	LOW_COVERAGE
UGT1A4	LOW_COVERAGE
UGT1A5	LOW_COVERAGE
UGT1A6	RNA_RESISTANCE_CONSENSUS
UGT1A7	LOW_COVERAGE
UGT1A8	LOW_COVERAGE
UGT1A9	LOW_COVERAGE
UGT2A1	LOW_COVERAGE
UGT2A2	LOW_COVERAGE
UGT2A3	LOW_COVERAGE
UGT2B10	LOW_COVERAGE
UGT2B11	RNA_RESISTANCE_CONSENSUS
UGT2B15	RNA_RESISTANCE_CONSENSUS
UGT2B17	HUMAN_TUMOR_SUPPORTED
UGT2B28	LOW_COVERAGE
UGT2B4	LOW_COVERAGE
UGT2B7	LOW_COVERAGE
UGT3A1	LOW_COVERAGE
UGT3A2	LOW_EVIDENCE
UGT8	RNA_RESISTANCE_CONSENSUS
UHMK1	LOW_EVIDENCE
UHRF1	RNA_RESISTANCE_CONSENSUS
UHRF1BP1	LOW_EVIDENCE
UHRF1BP1L	LOW_EVIDENCE
UHRF2	LOW_EVIDENCE
UHRF2P1	LOW_COVERAGE
UIMC1	LOW_EVIDENCE
ULBP1	LOW_EVIDENCE
ULBP2	RNA_RESISTANCE_CONSENSUS
ULBP3	RNA_RESISTANCE_CONSENSUS
ULK1	LOW_EVIDENCE
ULK2	LOW_EVIDENCE
ULK3	LOW_EVIDENCE
ULK4	LOW_EVIDENCE
UMAD1	HUMAN_TUMOR_SUPPORTED
UMLILO	LOW_COVERAGE
UMOD	LOW_COVERAGE
UMODL1	RNA_RESISTANCE_CONSENSUS
UMPS	LOW_EVIDENCE
UNC119	LOW_EVIDENCE
UNC119B	RNA_RESISTANCE_CONSENSUS
UNC13A	RNA_RESISTANCE_CONSENSUS
UNC13B	RNA_RESISTANCE_CONSENSUS
UNC13C	LOW_COVERAGE
UNC13D	RNA_RESISTANCE_CONSENSUS
UNC45A	RNA_RESISTANCE_CONSENSUS
UNC45B	LOW_COVERAGE
UNC50	RNA_RESISTANCE_CONSENSUS
UNC5A	LOW_EVIDENCE
UNC5B	ACUTE_RESPONSE
UNC5B-AS1	RNA_RESISTANCE_CONSENSUS
UNC5C	HUMAN_TUMOR_SUPPORTED
UNC5CL	LOW_EVIDENCE
UNC5D	LOW_COVERAGE
UNC79	RNA_RESISTANCE_CONSENSUS
UNC80	LOW_COVERAGE
UNC93A	LOW_COVERAGE
UNC93B1	LOW_EVIDENCE
UNCX	LOW_COVERAGE
UNG	RNA_RESISTANCE_CONSENSUS
UNK	LOW_EVIDENCE
UNKL	RNA_RESISTANCE_CONSENSUS
UOX	LOW_COVERAGE
UPB1	LOW_COVERAGE
UPF1	LOW_EVIDENCE
UPF2	LOW_EVIDENCE
UPF3A	RNA_RESISTANCE_CONSENSUS
UPF3AP3	LOW_COVERAGE
UPF3B	LOW_EVIDENCE
UPK1A	LOW_EVIDENCE
UPK1A-AS1	LOW_COVERAGE
UPK1B	LOW_COVERAGE
UPK2	RNA_RESISTANCE_CONSENSUS
UPK3A	LOW_EVIDENCE
UPK3B	LOW_EVIDENCE
UPK3BL	LOW_EVIDENCE
UPK3BL1	LOW_COVERAGE
UPK3BL2	LOW_COVERAGE
UPP1	RNA_RESISTANCE_CONSENSUS
UPP2	LOW_EVIDENCE
UPRT	RNA_RESISTANCE_CONSENSUS
UQCC1	LOW_EVIDENCE
UQCC2	LOW_EVIDENCE
UQCC3	RNA_RESISTANCE_CONSENSUS
UQCR10	RNA_RESISTANCE_CONSENSUS
UQCR11	LOW_EVIDENCE
UQCRB	RNA_RESISTANCE_CONSENSUS
UQCRBP1	LOW_COVERAGE
UQCRC1	LOW_EVIDENCE
UQCRC2	LOW_EVIDENCE
UQCRFS1	LOW_EVIDENCE
UQCRFS1P1	LOW_COVERAGE
UQCRH	RNA_RESISTANCE_CONSENSUS
UQCRHL	RNA_RESISTANCE_CONSENSUS
UQCRQ	LOW_EVIDENCE
URAD	LOW_COVERAGE
URAHP	LOW_COVERAGE
URB1	LOW_EVIDENCE
URB1-AS1	LOW_EVIDENCE
URB2	LOW_EVIDENCE
URGCP	LOW_EVIDENCE
URGCP-MRPS24	LOW_COVERAGE
URI1	LOW_EVIDENCE
URM1	LOW_EVIDENCE
UROC1	LOW_COVERAGE
UROD	LOW_EVIDENCE
UROS	LOW_EVIDENCE
USB1	RNA_RESISTANCE_CONSENSUS
USE1	RNA_RESISTANCE_CONSENSUS
USF1	RNA_RESISTANCE_CONSENSUS
USF2	RNA_RESISTANCE_CONSENSUS
USF3	LOW_COVERAGE
USH1C	LOW_EVIDENCE
USH1G	LOW_EVIDENCE
USH2A	LOW_COVERAGE
USHBP1	LOW_EVIDENCE
USMG5	LOW_EVIDENCE
USMG5P1	LOW_COVERAGE
USO1	LOW_EVIDENCE
USP1	LOW_EVIDENCE
USP10	LOW_EVIDENCE
USP11	RNA_RESISTANCE_CONSENSUS
USP12	LOW_EVIDENCE
USP12-AS1	LOW_COVERAGE
USP13	LOW_EVIDENCE
USP14	LOW_EVIDENCE
USP15	LOW_EVIDENCE
USP16	LOW_EVIDENCE
USP17L1	LOW_COVERAGE
USP17L10	LOW_COVERAGE
USP17L11	LOW_COVERAGE
USP17L12	LOW_COVERAGE
USP17L13	LOW_COVERAGE
USP17L15	LOW_COVERAGE
USP17L17	LOW_COVERAGE
USP17L18	LOW_COVERAGE
USP17L19	LOW_COVERAGE
USP17L2	LOW_COVERAGE
USP17L20	LOW_COVERAGE
USP17L21	LOW_COVERAGE
USP17L22	LOW_COVERAGE
USP17L24	LOW_COVERAGE
USP17L25	LOW_COVERAGE
USP17L26	LOW_COVERAGE
USP17L27	LOW_COVERAGE
USP17L28	LOW_COVERAGE
USP17L29	LOW_COVERAGE
USP17L3	LOW_COVERAGE
USP17L30	LOW_COVERAGE
USP17L4	LOW_COVERAGE
USP17L5	LOW_COVERAGE
USP17L7	LOW_COVERAGE
USP17L8	LOW_COVERAGE
USP18	RNA_RESISTANCE_CONSENSUS
USP19	LOW_EVIDENCE
USP2	LOW_EVIDENCE
USP2-AS1	RNA_RESISTANCE_CONSENSUS
USP20	LOW_EVIDENCE
USP21	LOW_EVIDENCE
USP22	RNA_RESISTANCE_CONSENSUS
USP24	RNA_RESISTANCE_CONSENSUS
USP25	LOW_EVIDENCE
USP26	LOW_COVERAGE
USP27X	LOW_EVIDENCE
USP27X-AS1	LOW_EVIDENCE
USP28	LOW_EVIDENCE
USP29	LOW_COVERAGE
USP3	RNA_RESISTANCE_CONSENSUS
USP3-AS1	RNA_RESISTANCE_CONSENSUS
USP30	LOW_EVIDENCE
USP30-AS1	LOW_COVERAGE
USP31	RNA_RESISTANCE_CONSENSUS
USP32	LOW_EVIDENCE
USP32P1	LOW_COVERAGE
USP32P2	LOW_COVERAGE
USP32P3	LOW_COVERAGE
USP33	RNA_RESISTANCE_CONSENSUS
USP34	MULTIMODAL_STRONG
USP35	LOW_EVIDENCE
USP36	LOW_EVIDENCE
USP37	LOW_EVIDENCE
USP38	LOW_EVIDENCE
USP39	LOW_EVIDENCE
USP4	LOW_EVIDENCE
USP40	LOW_EVIDENCE
USP41	LOW_COVERAGE
USP42	LOW_EVIDENCE
USP43	LOW_EVIDENCE
USP44	LOW_EVIDENCE
USP45	LOW_EVIDENCE
USP46	RNA_RESISTANCE_CONSENSUS
USP46-AS1	RNA_RESISTANCE_CONSENSUS
USP47	RNA_RESISTANCE_CONSENSUS
USP48	LOW_EVIDENCE
USP49	LOW_EVIDENCE
USP5	LOW_EVIDENCE
USP50	LOW_EVIDENCE
USP51	LOW_EVIDENCE
USP53	LOW_EVIDENCE
USP54	RNA_RESISTANCE_CONSENSUS
USP6	LOW_EVIDENCE
USP6NL	LOW_EVIDENCE
USP7	LOW_EVIDENCE
USP8	LOW_EVIDENCE
USP8P1	LOW_COVERAGE
USP9X	LOW_EVIDENCE
USP9Y	LOW_COVERAGE
USPL1	LOW_EVIDENCE
UST	ACUTE_RESPONSE
UTAT33	LOW_COVERAGE
UTF1	LOW_COVERAGE
UTP11	LOW_COVERAGE
UTP11L	LOW_EVIDENCE
UTP14A	RNA_RESISTANCE_CONSENSUS
UTP14C	LOW_EVIDENCE
UTP15	LOW_EVIDENCE
UTP18	RNA_RESISTANCE_CONSENSUS
UTP20	ACUTE_RESPONSE
UTP23	LOW_EVIDENCE
UTP25	LOW_COVERAGE
UTP3	LOW_EVIDENCE
UTP4	LOW_COVERAGE
UTP6	RNA_RESISTANCE_CONSENSUS
UTRN	RNA_RESISTANCE_CONSENSUS
UTS2	LOW_COVERAGE
UTS2B	LOW_EVIDENCE
UTS2R	LOW_COVERAGE
UTY	LOW_COVERAGE
UVRAG	LOW_EVIDENCE
UVRAG-DT	LOW_COVERAGE
UVSSA	LOW_EVIDENCE
UXS1	RNA_RESISTANCE_CONSENSUS
UXT	LOW_EVIDENCE
UXT-AS1	LOW_EVIDENCE
VAC14	RNA_RESISTANCE_CONSENSUS
VAC14-AS1	LOW_COVERAGE
VAMP1	RNA_RESISTANCE_CONSENSUS
VAMP2	LOW_EVIDENCE
VAMP3	LOW_EVIDENCE
VAMP4	RNA_RESISTANCE_CONSENSUS
VAMP5	LOW_EVIDENCE
VAMP7	LOW_EVIDENCE
VAMP8	LOW_EVIDENCE
VANGL1	LOW_EVIDENCE
VANGL2	LOW_COVERAGE
VAPA	LOW_EVIDENCE
VAPB	LOW_EVIDENCE
VARS	LOW_EVIDENCE
VARS2	LOW_EVIDENCE
VASH1	RNA_RESISTANCE_CONSENSUS
VASH1-AS1	LOW_COVERAGE
VASH2	RNA_RESISTANCE_CONSENSUS
VASN	LOW_EVIDENCE
VASP	RNA_RESISTANCE_CONSENSUS
VAT1	LOW_EVIDENCE
VAT1L	LOW_EVIDENCE
VAV1	RNA_RESISTANCE_CONSENSUS
VAV2	RNA_RESISTANCE_CONSENSUS
VAV3	LOW_EVIDENCE
VAX1	LOW_COVERAGE
VAX2	LOW_EVIDENCE
VBP1	LOW_EVIDENCE
VCAM1	LOW_COVERAGE
VCAN	LOW_EVIDENCE
VCL	ACUTE_RESPONSE
VCP	LOW_EVIDENCE
VCPIP1	LOW_EVIDENCE
VCPKMT	RNA_RESISTANCE_CONSENSUS
VCX	LOW_COVERAGE
VCX2	LOW_COVERAGE
VCX3A	LOW_COVERAGE
VCX3B	LOW_COVERAGE
VCY	LOW_COVERAGE
VCY1B	LOW_COVERAGE
VDAC1	LOW_EVIDENCE
VDAC1P1	LOW_COVERAGE
VDAC1P10	LOW_COVERAGE
VDAC1P2	LOW_COVERAGE
VDAC1P4	LOW_COVERAGE
VDAC1P8	LOW_COVERAGE
VDAC2	LOW_EVIDENCE
VDAC3	LOW_EVIDENCE
VDAC3P1	LOW_COVERAGE
VDR	LOW_EVIDENCE
VEGFA	RNA_RESISTANCE_CONSENSUS
VEGFB	RNA_RESISTANCE_CONSENSUS
VEGFC	RNA_RESISTANCE_CONSENSUS
VEGFD	LOW_COVERAGE
VENTX	LOW_COVERAGE
VEPH1	RNA_RESISTANCE_CONSENSUS
VEZF1	MULTIMODAL_STRONG
VEZT	RNA_RESISTANCE_CONSENSUS
VGF	RNA_RESISTANCE_CONSENSUS
VGLL1	LOW_EVIDENCE
VGLL2	LOW_COVERAGE
VGLL3	LOW_EVIDENCE
VGLL4	LOW_EVIDENCE
VHL	LOW_EVIDENCE
VHLL	LOW_COVERAGE
VIL1	LOW_EVIDENCE
VILL	RNA_RESISTANCE_CONSENSUS
VIM	RNA_RESISTANCE_CONSENSUS
VIM-AS1	RNA_RESISTANCE_CONSENSUS
VIMP	LOW_EVIDENCE
VIP	LOW_COVERAGE
VIPAS39	LOW_EVIDENCE
VIPR1	RNA_RESISTANCE_CONSENSUS
VIPR1-AS1	LOW_COVERAGE
VIPR2	RNA_RESISTANCE_CONSENSUS
VIRMA	LOW_COVERAGE
VIT	LOW_COVERAGE
VKORC1	RNA_RESISTANCE_CONSENSUS
VKORC1L1	LOW_EVIDENCE
VLDLR	LOW_EVIDENCE
VLDLR-AS1	ACUTE_RESPONSE
VMA21	LOW_EVIDENCE
VMAC	LOW_EVIDENCE
VMO1	RNA_RESISTANCE_CONSENSUS
VMP1	LOW_EVIDENCE
VN1R1	LOW_EVIDENCE
VN1R108P	LOW_COVERAGE
VN1R2	LOW_COVERAGE
VN1R4	LOW_COVERAGE
VN1R42P	LOW_COVERAGE
VN1R48P	LOW_COVERAGE
VN1R5	LOW_COVERAGE
VN1R53P	LOW_COVERAGE
VN1R81P	LOW_COVERAGE
VN1R82P	LOW_COVERAGE
VN1R83P	LOW_COVERAGE
VNN1	LOW_COVERAGE
VNN2	LOW_COVERAGE
VNN3	LOW_COVERAGE
VOPP1	RNA_RESISTANCE_CONSENSUS
VPRBP	LOW_EVIDENCE
VPREB1	LOW_COVERAGE
VPREB3	LOW_EVIDENCE
VPS11	RNA_RESISTANCE_CONSENSUS
VPS13A	LOW_EVIDENCE
VPS13A-AS1	LOW_COVERAGE
VPS13B	LOW_EVIDENCE
VPS13B-DT	LOW_COVERAGE
VPS13C	RNA_RESISTANCE_CONSENSUS
VPS13D	LOW_EVIDENCE
VPS16	LOW_EVIDENCE
VPS18	LOW_EVIDENCE
VPS25	LOW_EVIDENCE
VPS26A	RNA_RESISTANCE_CONSENSUS
VPS26AP1	LOW_COVERAGE
VPS26B	LOW_EVIDENCE
VPS26BP1	LOW_COVERAGE
VPS26C	LOW_COVERAGE
VPS28	RNA_RESISTANCE_CONSENSUS
VPS29	RNA_RESISTANCE_CONSENSUS
VPS33A	LOW_EVIDENCE
VPS33B	RNA_RESISTANCE_CONSENSUS
VPS33B-DT	LOW_COVERAGE
VPS35	LOW_EVIDENCE
VPS35L	LOW_COVERAGE
VPS35P1	LOW_COVERAGE
VPS36	LOW_EVIDENCE
VPS37A	LOW_EVIDENCE
VPS37B	RNA_RESISTANCE_CONSENSUS
VPS37C	RNA_RESISTANCE_CONSENSUS
VPS37D	RNA_RESISTANCE_CONSENSUS
VPS39	LOW_EVIDENCE
VPS41	LOW_EVIDENCE
VPS45	LOW_EVIDENCE
VPS4A	LOW_EVIDENCE
VPS4B	LOW_EVIDENCE
VPS50	RNA_RESISTANCE_CONSENSUS
VPS51	LOW_EVIDENCE
VPS52	LOW_EVIDENCE
VPS53	LOW_EVIDENCE
VPS54	RNA_RESISTANCE_CONSENSUS
VPS72	LOW_EVIDENCE
VPS8	LOW_EVIDENCE
VPS9D1	LOW_EVIDENCE
VPS9D1-AS1	RNA_RESISTANCE_CONSENSUS
VRK1	LOW_EVIDENCE
VRK2	RNA_RESISTANCE_CONSENSUS
VRK3	LOW_EVIDENCE
VRTN	LOW_COVERAGE
VSIG1	LOW_COVERAGE
VSIG10	LOW_EVIDENCE
VSIG10L	RNA_RESISTANCE_CONSENSUS
VSIG10L2	LOW_COVERAGE
VSIG2	LOW_EVIDENCE
VSIG4	LOW_COVERAGE
VSIG8	LOW_EVIDENCE
VSIR	LOW_COVERAGE
VSNL1	LOW_EVIDENCE
VSTM1	LOW_COVERAGE
VSTM2A	LOW_EVIDENCE
VSTM2A-OT1	LOW_COVERAGE
VSTM2B	LOW_COVERAGE
VSTM2L	LOW_EVIDENCE
VSTM4	LOW_EVIDENCE
VSTM5	LOW_EVIDENCE
VSX1	LOW_COVERAGE
VSX2	LOW_COVERAGE
VTA1	LOW_EVIDENCE
VTCN1	LOW_EVIDENCE
VTI1A	RNA_RESISTANCE_CONSENSUS
VTI1B	LOW_EVIDENCE
VTN	RNA_RESISTANCE_CONSENSUS
VTRNA1-2	LOW_COVERAGE
VTRNA1-3	LOW_COVERAGE
VWA1	LOW_EVIDENCE
VWA2	RNA_RESISTANCE_CONSENSUS
VWA3A	LOW_EVIDENCE
VWA3B	LOW_EVIDENCE
VWA5A	RNA_RESISTANCE_CONSENSUS
VWA5B1	LOW_COVERAGE
VWA5B2	RNA_RESISTANCE_CONSENSUS
VWA7	LOW_EVIDENCE
VWA8	LOW_EVIDENCE
VWA8-AS1	LOW_COVERAGE
VWA9	LOW_EVIDENCE
VWC2	LOW_COVERAGE
VWC2L	LOW_COVERAGE
VWCE	LOW_EVIDENCE
VWDE	RNA_RESISTANCE_CONSENSUS
VWF	RNA_RESISTANCE_CONSENSUS
VWFP1	LOW_COVERAGE
VXN	LOW_COVERAGE
WAC	LOW_EVIDENCE
WAC-AS1	RNA_RESISTANCE_CONSENSUS
WAKMAR2	LOW_COVERAGE
WAPAL	LOW_EVIDENCE
WAPL	LOW_COVERAGE
WARS	RNA_RESISTANCE_CONSENSUS
WARS2	RNA_RESISTANCE_CONSENSUS
WARS2-AS1	LOW_COVERAGE
WARS2-IT1	LOW_COVERAGE
WARS2P1	LOW_COVERAGE
WAS	RNA_RESISTANCE_CONSENSUS
WASF1	LOW_EVIDENCE
WASF2	LOW_EVIDENCE
WASF3	RNA_RESISTANCE_CONSENSUS
WASF3-AS1	LOW_EVIDENCE
WASF5P	LOW_COVERAGE
WASH1	LOW_EVIDENCE
WASH2P	LOW_COVERAGE
WASH3P	LOW_COVERAGE
WASH4P	LOW_COVERAGE
WASH5P	LOW_COVERAGE
WASH6P	LOW_COVERAGE
WASHC1	LOW_COVERAGE
WASHC2A	LOW_COVERAGE
WASHC2C	LOW_COVERAGE
WASHC3	LOW_COVERAGE
WASHC4	LOW_COVERAGE
WASHC5	LOW_COVERAGE
WASIR1	LOW_COVERAGE
WASIR2	RNA_RESISTANCE_CONSENSUS
WASL	LOW_EVIDENCE
WBP1	LOW_EVIDENCE
WBP11	LOW_EVIDENCE
WBP11P1	LOW_COVERAGE
WBP1L	RNA_RESISTANCE_CONSENSUS
WBP1LP2	LOW_COVERAGE
WBP2	RNA_RESISTANCE_CONSENSUS
WBP2NL	HUMAN_TUMOR_SUPPORTED
WBP4	LOW_EVIDENCE
WBP5	LOW_COVERAGE
WBSCR16	LOW_EVIDENCE
WBSCR17	LOW_COVERAGE
WBSCR22	LOW_EVIDENCE
WBSCR27	RNA_RESISTANCE_CONSENSUS
WBSCR28	LOW_COVERAGE
WDCP	LOW_COVERAGE
WDFY1	RNA_RESISTANCE_CONSENSUS
WDFY2	LOW_EVIDENCE
WDFY3	LOW_EVIDENCE
WDFY3-AS1	LOW_COVERAGE
WDFY3-AS2	LOW_EVIDENCE
WDFY4	LOW_COVERAGE
WDHD1	LOW_EVIDENCE
WDPCP	LOW_EVIDENCE
WDR1	LOW_EVIDENCE
WDR11	LOW_EVIDENCE
WDR11-AS1	LOW_COVERAGE
WDR12	LOW_EVIDENCE
WDR13	LOW_EVIDENCE
WDR17	RNA_RESISTANCE_CONSENSUS
WDR18	LOW_EVIDENCE
WDR19	LOW_EVIDENCE
WDR20	RNA_RESISTANCE_CONSENSUS
WDR24	LOW_EVIDENCE
WDR25	RNA_RESISTANCE_CONSENSUS
WDR26	RNA_RESISTANCE_CONSENSUS
WDR27	RNA_RESISTANCE_CONSENSUS
WDR3	ACUTE_RESPONSE
WDR31	RNA_RESISTANCE_CONSENSUS
WDR33	LOW_EVIDENCE
WDR34	RNA_RESISTANCE_CONSENSUS
WDR35	ACUTE_RESPONSE
WDR36	LOW_EVIDENCE
WDR37	RNA_RESISTANCE_CONSENSUS
WDR38	LOW_COVERAGE
WDR4	LOW_EVIDENCE
WDR41	RNA_RESISTANCE_CONSENSUS
WDR43	LOW_EVIDENCE
WDR44	LOW_EVIDENCE
WDR45	ACUTE_RESPONSE
WDR45B	RNA_RESISTANCE_CONSENSUS
WDR46	LOW_EVIDENCE
WDR47	RNA_RESISTANCE_CONSENSUS
WDR48	RNA_RESISTANCE_CONSENSUS
WDR49	LOW_EVIDENCE
WDR5	RNA_RESISTANCE_CONSENSUS
WDR53	RNA_RESISTANCE_CONSENSUS
WDR54	LOW_EVIDENCE
WDR55	LOW_EVIDENCE
WDR59	LOW_EVIDENCE
WDR5B	LOW_EVIDENCE
WDR6	LOW_EVIDENCE
WDR60	LOW_EVIDENCE
WDR61	LOW_EVIDENCE
WDR62	RNA_RESISTANCE_CONSENSUS
WDR63	HUMAN_TUMOR_SUPPORTED
WDR64	LOW_EVIDENCE
WDR66	RNA_RESISTANCE_CONSENSUS
WDR7	LOW_EVIDENCE
WDR7-OT1	LOW_COVERAGE
WDR70	LOW_EVIDENCE
WDR72	LOW_EVIDENCE
WDR73	LOW_EVIDENCE
WDR74	RNA_RESISTANCE_CONSENSUS
WDR75	LOW_EVIDENCE
WDR76	LOW_EVIDENCE
WDR77	LOW_EVIDENCE
WDR78	LOW_EVIDENCE
WDR81	LOW_EVIDENCE
WDR82	LOW_EVIDENCE
WDR83	RNA_RESISTANCE_CONSENSUS
WDR83OS	LOW_EVIDENCE
WDR86	LOW_COVERAGE
WDR87	LOW_COVERAGE
WDR88	LOW_EVIDENCE
WDR89	RNA_RESISTANCE_CONSENSUS
WDR90	RNA_RESISTANCE_CONSENSUS
WDR91	RNA_RESISTANCE_CONSENSUS
WDR92	LOW_EVIDENCE
WDR93	LOW_EVIDENCE
WDR97	LOW_COVERAGE
WDSUB1	LOW_EVIDENCE
WDTC1	LOW_EVIDENCE
WDYHV1	LOW_EVIDENCE
WEE1	RNA_RESISTANCE_CONSENSUS
WEE2	LOW_COVERAGE
WEE2-AS1	RNA_RESISTANCE_CONSENSUS
WFDC1	LOW_COVERAGE
WFDC10A	LOW_COVERAGE
WFDC10B	LOW_COVERAGE
WFDC11	LOW_COVERAGE
WFDC12	LOW_EVIDENCE
WFDC13	LOW_COVERAGE
WFDC2	RNA_RESISTANCE_CONSENSUS
WFDC21P	LOW_COVERAGE
WFDC3	LOW_EVIDENCE
WFDC5	LOW_COVERAGE
WFDC6	LOW_COVERAGE
WFDC8	LOW_COVERAGE
WFDC9	LOW_COVERAGE
WFIKKN1	HUMAN_TUMOR_SUPPORTED
WFIKKN2	LOW_COVERAGE
WFS1	RNA_RESISTANCE_CONSENSUS
WHAMM	LOW_EVIDENCE
WHAMMP2	LOW_COVERAGE
WHAMMP3	LOW_COVERAGE
WHRN	LOW_COVERAGE
WHSC1	RNA_RESISTANCE_CONSENSUS
WHSC1L1	LOW_EVIDENCE
WI2-1896O14.1	LOW_COVERAGE
WI2-2373I1.2	LOW_COVERAGE
WI2-85898F10.1	LOW_COVERAGE
WI2-85898F10.2	LOW_COVERAGE
WI2-87327B8.2	LOW_COVERAGE
WI2-89031B12.1	LOW_COVERAGE
WI2-89927D4.1	LOW_COVERAGE
WIBG	LOW_EVIDENCE
WIF1	LOW_COVERAGE
WIPF1	HUMAN_TUMOR_SUPPORTED
WIPF2	LOW_EVIDENCE
WIPF3	LOW_EVIDENCE
WIPI1	RNA_RESISTANCE_CONSENSUS
WIPI2	LOW_EVIDENCE
WISP1	LOW_EVIDENCE
WISP2	RNA_RESISTANCE_CONSENSUS
WISP3	LOW_EVIDENCE
WIZ	LOW_EVIDENCE
WLS	RNA_RESISTANCE_CONSENSUS
WNK1	RNA_RESISTANCE_CONSENSUS
WNK2	RNA_RESISTANCE_CONSENSUS
WNK3	LOW_EVIDENCE
WNK4	HUMAN_TUMOR_SUPPORTED
WNT1	LOW_COVERAGE
WNT10A	LOW_COVERAGE
WNT10B	RNA_RESISTANCE_CONSENSUS
WNT11	LOW_EVIDENCE
WNT16	LOW_COVERAGE
WNT2	LOW_COVERAGE
WNT2B	HUMAN_TUMOR_SUPPORTED
WNT3	RNA_RESISTANCE_CONSENSUS
WNT3A	LOW_COVERAGE
WNT4	RNA_RESISTANCE_CONSENSUS
WNT5A	RNA_RESISTANCE_CONSENSUS
WNT5A-AS1	LOW_COVERAGE
WNT5B	LOW_EVIDENCE
WNT6	RNA_RESISTANCE_CONSENSUS
WNT7A	LOW_COVERAGE
WNT7B	LOW_EVIDENCE
WNT8A	LOW_COVERAGE
WNT8B	LOW_COVERAGE
WNT9A	RNA_RESISTANCE_CONSENSUS
WNT9B	LOW_COVERAGE
WRAP53	RNA_RESISTANCE_CONSENSUS
WRAP73	LOW_EVIDENCE
WRB	LOW_EVIDENCE
WRN	LOW_EVIDENCE
WRNIP1	LOW_EVIDENCE
WSB1	LOW_EVIDENCE
WSB2	RNA_RESISTANCE_CONSENSUS
WSCD1	HUMAN_TUMOR_SUPPORTED
WSCD2	LOW_COVERAGE
WT1	LOW_EVIDENCE
WT1-AS	LOW_COVERAGE
WT1-AS_7	LOW_COVERAGE
WTAP	RNA_RESISTANCE_CONSENSUS
WTAPP1	LOW_COVERAGE
WTH3DI	LOW_COVERAGE
WTIP	RNA_RESISTANCE_CONSENSUS
WWC1	LOW_EVIDENCE
WWC2	RNA_RESISTANCE_CONSENSUS
WWC2-AS1	LOW_COVERAGE
WWC2-AS2	LOW_COVERAGE
WWC3	RNA_RESISTANCE_CONSENSUS
WWC3-AS1	LOW_COVERAGE
WWOX	RNA_RESISTANCE_CONSENSUS
WWOX-AS1	LOW_COVERAGE
WWP1	LOW_EVIDENCE
WWP1P1	LOW_COVERAGE
WWP2	LOW_EVIDENCE
WWTR1	RNA_RESISTANCE_CONSENSUS
WWTR1-AS1	LOW_EVIDENCE
WWTR1-IT1	LOW_COVERAGE
XAB2	LOW_EVIDENCE
XAF1	HUMAN_TUMOR_SUPPORTED
XAGE1A	LOW_COVERAGE
XAGE1B	LOW_COVERAGE
XAGE1E	LOW_COVERAGE
XAGE2	LOW_COVERAGE
XAGE3	LOW_COVERAGE
XAGE5	LOW_COVERAGE
XBP1	RNA_RESISTANCE_CONSENSUS
XBP1P1	LOW_COVERAGE
XCL1	LOW_COVERAGE
XCL2	LOW_COVERAGE
XCR1	LOW_COVERAGE
XDH	LOW_EVIDENCE
XG	LOW_EVIDENCE
XIAP	RNA_RESISTANCE_CONSENSUS
XIAP-AS1	LOW_COVERAGE
XIRP1	LOW_COVERAGE
XIRP2	LOW_COVERAGE
XIST	RNA_RESISTANCE_CONSENSUS
XIST_intron	LOW_COVERAGE
XK	HUMAN_TUMOR_SUPPORTED
XKR3	LOW_COVERAGE
XKR4	LOW_COVERAGE
XKR5	LOW_COVERAGE
XKR6	RNA_RESISTANCE_CONSENSUS
XKR7	LOW_COVERAGE
XKR8	LOW_EVIDENCE
XKR9	LOW_EVIDENCE
XKRX	LOW_COVERAGE
XKRY	LOW_COVERAGE
XKRY2	LOW_COVERAGE
XPA	LOW_EVIDENCE
XPC	LOW_EVIDENCE
XPNPEP1	RNA_RESISTANCE_CONSENSUS
XPNPEP2	LOW_COVERAGE
XPNPEP3	LOW_EVIDENCE
XPO1	LOW_EVIDENCE
XPO4	LOW_EVIDENCE
XPO5	LOW_EVIDENCE
XPO6	LOW_EVIDENCE
XPO7	RNA_RESISTANCE_CONSENSUS
XPOT	LOW_EVIDENCE
XPOTP1	LOW_COVERAGE
XPR1	LOW_EVIDENCE
XRCC1	LOW_EVIDENCE
XRCC2	ACUTE_RESPONSE
XRCC3	RNA_RESISTANCE_CONSENSUS
XRCC4	LOW_EVIDENCE
XRCC5	RNA_RESISTANCE_CONSENSUS
XRCC6	LOW_EVIDENCE
XRCC6BP1	LOW_EVIDENCE
XRCC6P1	LOW_COVERAGE
XRCC6P2	LOW_COVERAGE
XRN1	LOW_EVIDENCE
XRN2	LOW_EVIDENCE
XRRA1	LOW_EVIDENCE
XX-C00717C00720L.1	LOW_COVERAGE
XX-C2158C6.1	LOW_COVERAGE
XX-C283C717.1	LOW_COVERAGE
XX-FW81066F1.2	LOW_COVERAGE
XX-FW83563B9.5	LOW_COVERAGE
XXYLT1	RNA_RESISTANCE_CONSENSUS
XXYLT1-AS2	LOW_COVERAGE
XXbac-B135H6.15	LOW_COVERAGE
XXbac-B135H6.18	LOW_COVERAGE
XXbac-B444P24.10	LOW_COVERAGE
XXbac-B444P24.13	LOW_COVERAGE
XXbac-B444P24.14	LOW_COVERAGE
XXbac-B461K10.4	LOW_COVERAGE
XXbac-B476C20.10	LOW_COVERAGE
XXbac-B476C20.11	LOW_COVERAGE
XXbac-B476C20.13	LOW_COVERAGE
XXbac-B476C20.9	LOW_COVERAGE
XXbac-B562F10.11	LOW_COVERAGE
XXbac-B562F10.12	LOW_COVERAGE
XXbac-BPG116M5.17	LOW_COVERAGE
XXbac-BPG154L12.5	LOW_COVERAGE
XXbac-BPG157A10.21	LOW_COVERAGE
XXbac-BPG181B23.7	LOW_COVERAGE
XXbac-BPG181M17.5	LOW_COVERAGE
XXbac-BPG181M17.6	LOW_COVERAGE
XXbac-BPG246D15.9	LOW_COVERAGE
XXbac-BPG248L24.10	LOW_COVERAGE
XXbac-BPG248L24.12	LOW_COVERAGE
XXbac-BPG248L24.13	LOW_COVERAGE
XXbac-BPG249D20.9	LOW_COVERAGE
XXbac-BPG252P9.10	LOW_COVERAGE
XXbac-BPG252P9.9	LOW_COVERAGE
XXbac-BPG283O16.9	LOW_COVERAGE
XXbac-BPG294E21.9	LOW_COVERAGE
XXbac-BPG299F13.14	LOW_COVERAGE
XXbac-BPG299F13.17	LOW_COVERAGE
XXbac-BPG300A18.13	LOW_COVERAGE
XXbac-BPG308K3.5	LOW_COVERAGE
XXbac-BPG308K3.6	LOW_COVERAGE
XXbac-BPG32J3.20	LOW_COVERAGE
XXbac-BPGBPG55C20.1	LOW_COVERAGE
XXbac-BPGBPG55C20.2	LOW_COVERAGE
XXbac-BPGBPG55C20.3	LOW_COVERAGE
XXcos-LUCA11.5	LOW_COVERAGE
XXyac-YR38GF2.1	LOW_COVERAGE
XXyac-YRM2039.3	LOW_COVERAGE
XXyac-YX155B6.7	LOW_COVERAGE
XYLB	RNA_RESISTANCE_CONSENSUS
XYLT1	RNA_RESISTANCE_CONSENSUS
XYLT2	LOW_EVIDENCE
Xist_exon1	LOW_COVERAGE
Xist_exon4	LOW_COVERAGE
YAE1	LOW_COVERAGE
YAE1D1	LOW_EVIDENCE
YAF2	LOW_EVIDENCE
YAP1	LOW_EVIDENCE
YARS	RNA_RESISTANCE_CONSENSUS
YARS2	LOW_EVIDENCE
YBEY	RNA_RESISTANCE_CONSENSUS
YBX1	LOW_EVIDENCE
YBX1P1	LOW_COVERAGE
YBX1P10	LOW_COVERAGE
YBX1P2	LOW_COVERAGE
YBX1P6	LOW_COVERAGE
YBX1P7	LOW_COVERAGE
YBX1P8	LOW_COVERAGE
YBX2	RNA_RESISTANCE_CONSENSUS
YBX3	LOW_EVIDENCE
YDJC	LOW_EVIDENCE
YEATS2	RNA_RESISTANCE_CONSENSUS
YEATS2-AS1	LOW_COVERAGE
YEATS4	LOW_EVIDENCE
YES1	RNA_RESISTANCE_CONSENSUS
YES1P1	LOW_COVERAGE
YIF1A	RNA_RESISTANCE_CONSENSUS
YIF1B	LOW_EVIDENCE
YIPF1	LOW_EVIDENCE
YIPF2	LOW_EVIDENCE
YIPF3	LOW_EVIDENCE
YIPF4	RNA_RESISTANCE_CONSENSUS
YIPF5	RNA_RESISTANCE_CONSENSUS
YIPF6	LOW_EVIDENCE
YIPF7	LOW_COVERAGE
YJEFN3	LOW_EVIDENCE
YJU2	LOW_COVERAGE
YKT6	LOW_EVIDENCE
YLPM1	LOW_EVIDENCE
YME1L1	RNA_RESISTANCE_CONSENSUS
YOD1	LOW_EVIDENCE
YPEL1	LOW_EVIDENCE
YPEL2	RNA_RESISTANCE_CONSENSUS
YPEL3	RNA_RESISTANCE_CONSENSUS
YPEL4	LOW_COVERAGE
YPEL5	RNA_RESISTANCE_CONSENSUS
YRDC	LOW_EVIDENCE
YTHDC1	LOW_EVIDENCE
YTHDC2	ACUTE_RESPONSE
YTHDF1	LOW_EVIDENCE
YTHDF2	RNA_RESISTANCE_CONSENSUS
YTHDF3	LOW_EVIDENCE
YTHDF3-AS1	LOW_EVIDENCE
YWHAB	LOW_EVIDENCE
YWHABP2	LOW_COVERAGE
YWHAE	RNA_RESISTANCE_CONSENSUS
YWHAEP5	LOW_COVERAGE
YWHAEP7	LOW_COVERAGE
YWHAG	LOW_EVIDENCE
YWHAH	LOW_EVIDENCE
YWHAQ	RNA_RESISTANCE_CONSENSUS
YWHAQP5	LOW_COVERAGE
YWHAZ	RNA_RESISTANCE_CONSENSUS
YWHAZP2	LOW_COVERAGE
YWHAZP3	LOW_COVERAGE
YWHAZP4	LOW_COVERAGE
YWHAZP5	LOW_COVERAGE
YY1	LOW_EVIDENCE
YY1AP1	LOW_EVIDENCE
YY2	LOW_EVIDENCE
Y_RNA	LOW_COVERAGE
Z68871.1	LOW_COVERAGE
Z69666.1	LOW_COVERAGE
Z69666.2	LOW_COVERAGE
Z69706.1	LOW_COVERAGE
Z69720.1	LOW_COVERAGE
Z69720.2	LOW_COVERAGE
Z69733.1	LOW_COVERAGE
Z73429.1	LOW_COVERAGE
Z82188.2	LOW_COVERAGE
Z82195.3	LOW_COVERAGE
Z82206.1	LOW_COVERAGE
Z82215.1	LOW_COVERAGE
Z82217.1	LOW_COVERAGE
Z82244.2	LOW_COVERAGE
Z83001.1	LOW_COVERAGE
Z83745.1	LOW_COVERAGE
Z83826.1	LOW_COVERAGE
Z83843.1	LOW_COVERAGE
Z83844.1	LOW_COVERAGE
Z83844.2	LOW_COVERAGE
Z83851.1	LOW_COVERAGE
Z83851.4	LOW_COVERAGE
Z84468.2	LOW_COVERAGE
Z84485.1	LOW_COVERAGE
Z84812.4	LOW_COVERAGE
Z92544.1	LOW_COVERAGE
Z92544.2	LOW_COVERAGE
Z93020.1	LOW_COVERAGE
Z93241.1	LOW_COVERAGE
Z93403.1	LOW_COVERAGE
Z93930.1	LOW_COVERAGE
Z93930.2	LOW_COVERAGE
Z93930.3	LOW_COVERAGE
Z93943.1	LOW_COVERAGE
Z94721.1	LOW_COVERAGE
Z94721.3	LOW_COVERAGE
Z95114.1	LOW_COVERAGE
Z95114.4	LOW_COVERAGE
Z95115.1	LOW_COVERAGE
Z95118.2	LOW_COVERAGE
Z95331.1	LOW_COVERAGE
Z96074.1	LOW_COVERAGE
Z97055.2	LOW_COVERAGE
Z97200.1	LOW_COVERAGE
Z97634.3	LOW_COVERAGE
Z97832.2	LOW_COVERAGE
Z97989.1	LOW_COVERAGE
Z98200.1	LOW_COVERAGE
Z98257.1	LOW_COVERAGE
Z98742.4	LOW_COVERAGE
Z98744.1	LOW_COVERAGE
Z98744.2	LOW_COVERAGE
Z98744.3	LOW_COVERAGE
Z98745.2	LOW_COVERAGE
Z98750.1	LOW_COVERAGE
Z98752.4	LOW_COVERAGE
Z98884.1	LOW_COVERAGE
Z98884.2	LOW_COVERAGE
Z98885.2	LOW_COVERAGE
Z98885.3	LOW_COVERAGE
Z99127.1	LOW_COVERAGE
Z99127.4	LOW_COVERAGE
Z99496.2	LOW_COVERAGE
Z99572.1	LOW_COVERAGE
Z99716.2	LOW_COVERAGE
Z99758.1	LOW_COVERAGE
ZACN	LOW_COVERAGE
ZADH2	LOW_EVIDENCE
ZAK	LOW_COVERAGE
ZAN	LOW_COVERAGE
ZAP70	LOW_COVERAGE
ZAR1	LOW_COVERAGE
ZAR1L	LOW_COVERAGE
ZASP	LOW_COVERAGE
ZBBX	LOW_COVERAGE
ZBED1	LOW_EVIDENCE
ZBED2	LOW_COVERAGE
ZBED3	LOW_EVIDENCE
ZBED3-AS1	LOW_EVIDENCE
ZBED4	LOW_EVIDENCE
ZBED5	ACUTE_RESPONSE
ZBED5-AS1	LOW_EVIDENCE
ZBED6	LOW_EVIDENCE
ZBED6CL	LOW_EVIDENCE
ZBED8	LOW_EVIDENCE
ZBED9	RNA_RESISTANCE_CONSENSUS
ZBP1	LOW_COVERAGE
ZBTB1	LOW_EVIDENCE
ZBTB10	LOW_EVIDENCE
ZBTB11	LOW_EVIDENCE
ZBTB11-AS1	LOW_EVIDENCE
ZBTB12	RNA_RESISTANCE_CONSENSUS
ZBTB14	LOW_EVIDENCE
ZBTB16	LOW_EVIDENCE
ZBTB17	LOW_EVIDENCE
ZBTB18	LOW_EVIDENCE
ZBTB2	LOW_EVIDENCE
ZBTB20	LOW_EVIDENCE
ZBTB20-AS1	LOW_COVERAGE
ZBTB20-AS2	LOW_COVERAGE
ZBTB20-AS3	LOW_COVERAGE
ZBTB20-AS4	LOW_COVERAGE
ZBTB21	LOW_EVIDENCE
ZBTB22	LOW_EVIDENCE
ZBTB24	LOW_EVIDENCE
ZBTB25	RNA_RESISTANCE_CONSENSUS
ZBTB26	RNA_RESISTANCE_CONSENSUS
ZBTB3	LOW_EVIDENCE
ZBTB32	HUMAN_TUMOR_SUPPORTED
ZBTB33	RNA_RESISTANCE_CONSENSUS
ZBTB34	LOW_EVIDENCE
ZBTB37	ACUTE_RESPONSE
ZBTB38	RNA_RESISTANCE_CONSENSUS
ZBTB39	LOW_EVIDENCE
ZBTB4	RNA_RESISTANCE_CONSENSUS
ZBTB40	RNA_RESISTANCE_CONSENSUS
ZBTB40-IT1	LOW_COVERAGE
ZBTB41	LOW_EVIDENCE
ZBTB42	LOW_EVIDENCE
ZBTB43	LOW_EVIDENCE
ZBTB44	LOW_EVIDENCE
ZBTB44-DT	LOW_COVERAGE
ZBTB45	LOW_EVIDENCE
ZBTB46	LOW_EVIDENCE
ZBTB46-AS1	LOW_COVERAGE
ZBTB47	RNA_RESISTANCE_CONSENSUS
ZBTB48	LOW_EVIDENCE
ZBTB49	RNA_RESISTANCE_CONSENSUS
ZBTB5	RNA_RESISTANCE_CONSENSUS
ZBTB6	LOW_EVIDENCE
ZBTB7A	RNA_RESISTANCE_CONSENSUS
ZBTB7B	LOW_EVIDENCE
ZBTB7C	RNA_RESISTANCE_CONSENSUS
ZBTB8A	LOW_EVIDENCE
ZBTB8B	LOW_COVERAGE
ZBTB8OS	RNA_RESISTANCE_CONSENSUS
ZBTB8OSP1	LOW_COVERAGE
ZBTB9	LOW_EVIDENCE
ZC2HC1A	RNA_RESISTANCE_CONSENSUS
ZC2HC1B	LOW_COVERAGE
ZC2HC1C	RNA_RESISTANCE_CONSENSUS
ZC3H10	LOW_EVIDENCE
ZC3H11A	RNA_RESISTANCE_CONSENSUS
ZC3H11B	RNA_RESISTANCE_CONSENSUS
ZC3H12A	RNA_RESISTANCE_CONSENSUS
ZC3H12B	LOW_EVIDENCE
ZC3H12C	RNA_RESISTANCE_CONSENSUS
ZC3H12D	LOW_COVERAGE
ZC3H13	LOW_EVIDENCE
ZC3H14	LOW_EVIDENCE
ZC3H15	RNA_RESISTANCE_CONSENSUS
ZC3H18	LOW_EVIDENCE
ZC3H3	LOW_EVIDENCE
ZC3H4	LOW_EVIDENCE
ZC3H6	LOW_EVIDENCE
ZC3H7A	LOW_EVIDENCE
ZC3H7B	LOW_EVIDENCE
ZC3H8	LOW_EVIDENCE
ZC3HAV1	RNA_RESISTANCE_CONSENSUS
ZC3HAV1L	RNA_RESISTANCE_CONSENSUS
ZC3HC1	RNA_RESISTANCE_CONSENSUS
ZC4H2	HUMAN_TUMOR_SUPPORTED
ZCCHC10	RNA_RESISTANCE_CONSENSUS
ZCCHC11	LOW_COVERAGE
ZCCHC12	LOW_COVERAGE
ZCCHC13	LOW_COVERAGE
ZCCHC14	LOW_EVIDENCE
ZCCHC16	LOW_COVERAGE
ZCCHC17	LOW_EVIDENCE
ZCCHC18	RNA_RESISTANCE_CONSENSUS
ZCCHC2	RNA_RESISTANCE_CONSENSUS
ZCCHC24	RNA_RESISTANCE_CONSENSUS
ZCCHC3	LOW_EVIDENCE
ZCCHC4	LOW_EVIDENCE
ZCCHC5	LOW_COVERAGE
ZCCHC6	LOW_EVIDENCE
ZCCHC7	RNA_RESISTANCE_CONSENSUS
ZCCHC8	LOW_EVIDENCE
ZCCHC9	LOW_EVIDENCE
ZCRB1	LOW_EVIDENCE
ZCWPW1	LOW_EVIDENCE
ZCWPW2	LOW_EVIDENCE
ZDBF2	LOW_EVIDENCE
ZDHHC1	RNA_RESISTANCE_CONSENSUS
ZDHHC11	LOW_EVIDENCE
ZDHHC11B	LOW_EVIDENCE
ZDHHC12	RNA_RESISTANCE_CONSENSUS
ZDHHC13	LOW_EVIDENCE
ZDHHC14	RNA_RESISTANCE_CONSENSUS
ZDHHC15	LOW_EVIDENCE
ZDHHC16	LOW_EVIDENCE
ZDHHC17	LOW_EVIDENCE
ZDHHC18	LOW_EVIDENCE
ZDHHC19	LOW_COVERAGE
ZDHHC2	LOW_EVIDENCE
ZDHHC20	LOW_EVIDENCE
ZDHHC20P4	LOW_COVERAGE
ZDHHC21	RNA_RESISTANCE_CONSENSUS
ZDHHC22	LOW_COVERAGE
ZDHHC23	LOW_EVIDENCE
ZDHHC24	LOW_EVIDENCE
ZDHHC3	LOW_EVIDENCE
ZDHHC4	RNA_RESISTANCE_CONSENSUS
ZDHHC5	LOW_EVIDENCE
ZDHHC6	LOW_EVIDENCE
ZDHHC7	RNA_RESISTANCE_CONSENSUS
ZDHHC8	RNA_RESISTANCE_CONSENSUS
ZDHHC8P1	LOW_COVERAGE
ZDHHC9	LOW_EVIDENCE
ZEB1	RNA_RESISTANCE_CONSENSUS
ZEB1-AS1	RNA_RESISTANCE_CONSENSUS
ZEB2	LOW_COVERAGE
ZEB2P1	LOW_COVERAGE
ZER1	LOW_EVIDENCE
ZFAND1	RNA_RESISTANCE_CONSENSUS
ZFAND2A	ACUTE_RESPONSE
ZFAND2B	LOW_EVIDENCE
ZFAND3	LOW_EVIDENCE
ZFAND4	RNA_RESISTANCE_CONSENSUS
ZFAND5	RNA_RESISTANCE_CONSENSUS
ZFAND6	LOW_EVIDENCE
ZFAS1	RNA_RESISTANCE_CONSENSUS
ZFAT	LOW_EVIDENCE
ZFAT-AS1	LOW_COVERAGE
ZFC3H1	LOW_EVIDENCE
ZFHX2	RNA_RESISTANCE_CONSENSUS
ZFHX2-AS1	LOW_COVERAGE
ZFHX3	LOW_EVIDENCE
ZFHX4	LOW_EVIDENCE
ZFP1	RNA_RESISTANCE_CONSENSUS
ZFP14	LOW_EVIDENCE
ZFP2	LOW_EVIDENCE
ZFP28	LOW_EVIDENCE
ZFP3	RNA_RESISTANCE_CONSENSUS
ZFP30	LOW_EVIDENCE
ZFP36	RNA_RESISTANCE_CONSENSUS
ZFP36L1	RNA_RESISTANCE_CONSENSUS
ZFP36L2	LOW_EVIDENCE
ZFP37	LOW_EVIDENCE
ZFP41	LOW_EVIDENCE
ZFP42	LOW_COVERAGE
ZFP57	LOW_COVERAGE
ZFP62	LOW_EVIDENCE
ZFP64	LOW_EVIDENCE
ZFP69	LOW_EVIDENCE
ZFP69B	RNA_RESISTANCE_CONSENSUS
ZFP82	LOW_EVIDENCE
ZFP90	RNA_RESISTANCE_CONSENSUS
ZFP91	LOW_EVIDENCE
ZFP91-CNTF	LOW_COVERAGE
ZFP92	LOW_EVIDENCE
ZFPL1	RNA_RESISTANCE_CONSENSUS
ZFPM1	LOW_EVIDENCE
ZFPM2	LOW_EVIDENCE
ZFPM2-AS1	LOW_COVERAGE
ZFR	LOW_EVIDENCE
ZFR2	LOW_EVIDENCE
ZFX	LOW_EVIDENCE
ZFX-AS1	LOW_EVIDENCE
ZFY	LOW_COVERAGE
ZFYVE1	LOW_EVIDENCE
ZFYVE16	LOW_EVIDENCE
ZFYVE19	LOW_EVIDENCE
ZFYVE20	LOW_COVERAGE
ZFYVE21	RNA_RESISTANCE_CONSENSUS
ZFYVE26	RNA_RESISTANCE_CONSENSUS
ZFYVE27	LOW_EVIDENCE
ZFYVE28	RNA_RESISTANCE_CONSENSUS
ZFYVE9	LOW_EVIDENCE
ZG16	RNA_RESISTANCE_CONSENSUS
ZG16B	RNA_RESISTANCE_CONSENSUS
ZGLP1	LOW_EVIDENCE
ZGPAT	LOW_EVIDENCE
ZGRF1	LOW_EVIDENCE
ZHX1	LOW_EVIDENCE
ZHX1-C8orf76	ACUTE_RESPONSE
ZHX2	RNA_RESISTANCE_CONSENSUS
ZHX3	RNA_RESISTANCE_CONSENSUS
ZIC1	RNA_RESISTANCE_CONSENSUS
ZIC2	RNA_RESISTANCE_CONSENSUS
ZIC3	LOW_EVIDENCE
ZIC4	RNA_RESISTANCE_CONSENSUS
ZIC5	RNA_RESISTANCE_CONSENSUS
ZIK1	LOW_COVERAGE
ZIM2	LOW_EVIDENCE
ZIM3	LOW_COVERAGE
ZKSCAN1	RNA_RESISTANCE_CONSENSUS
ZKSCAN2	LOW_EVIDENCE
ZKSCAN2-DT	LOW_COVERAGE
ZKSCAN3	LOW_EVIDENCE
ZKSCAN4	LOW_EVIDENCE
ZKSCAN5	LOW_EVIDENCE
ZKSCAN7	LOW_EVIDENCE
ZKSCAN7-AS1	LOW_COVERAGE
ZKSCAN8	LOW_EVIDENCE
ZMAT1	LOW_EVIDENCE
ZMAT2	LOW_EVIDENCE
ZMAT3	LOW_EVIDENCE
ZMAT4	HUMAN_TUMOR_SUPPORTED
ZMAT5	LOW_EVIDENCE
ZMIZ1	RNA_RESISTANCE_CONSENSUS
ZMIZ1-AS1	ACUTE_RESPONSE
ZMIZ2	LOW_EVIDENCE
ZMPSTE24	LOW_EVIDENCE
ZMYM1	LOW_EVIDENCE
ZMYM2	LOW_EVIDENCE
ZMYM3	LOW_EVIDENCE
ZMYM4	ACUTE_RESPONSE
ZMYM4-AS1	LOW_EVIDENCE
ZMYM5	LOW_EVIDENCE
ZMYM6	LOW_EVIDENCE
ZMYM6NB	RNA_RESISTANCE_CONSENSUS
ZMYND10	RNA_RESISTANCE_CONSENSUS
ZMYND11	RNA_RESISTANCE_CONSENSUS
ZMYND12	LOW_EVIDENCE
ZMYND15	LOW_EVIDENCE
ZMYND19	LOW_EVIDENCE
ZMYND19P1	LOW_COVERAGE
ZMYND8	RNA_RESISTANCE_CONSENSUS
ZNF10	LOW_EVIDENCE
ZNF100	LOW_EVIDENCE
ZNF101	LOW_EVIDENCE
ZNF101P2	LOW_COVERAGE
ZNF106	LOW_EVIDENCE
ZNF107	LOW_EVIDENCE
ZNF112	RNA_RESISTANCE_CONSENSUS
ZNF114	RNA_RESISTANCE_CONSENSUS
ZNF114-AS1	LOW_COVERAGE
ZNF117	RNA_RESISTANCE_CONSENSUS
ZNF12	LOW_EVIDENCE
ZNF121	LOW_EVIDENCE
ZNF124	RNA_RESISTANCE_CONSENSUS
ZNF131	LOW_EVIDENCE
ZNF132	LOW_EVIDENCE
ZNF133	RNA_RESISTANCE_CONSENSUS
ZNF134	RNA_RESISTANCE_CONSENSUS
ZNF135	LOW_EVIDENCE
ZNF136	LOW_EVIDENCE
ZNF137P	LOW_COVERAGE
ZNF138	RNA_RESISTANCE_CONSENSUS
ZNF14	RNA_RESISTANCE_CONSENSUS
ZNF140	LOW_EVIDENCE
ZNF141	LOW_EVIDENCE
ZNF142	LOW_EVIDENCE
ZNF143	LOW_EVIDENCE
ZNF146	LOW_EVIDENCE
ZNF148	LOW_EVIDENCE
ZNF154	LOW_EVIDENCE
ZNF155	RNA_RESISTANCE_CONSENSUS
ZNF157	LOW_COVERAGE
ZNF16	LOW_EVIDENCE
ZNF160	LOW_EVIDENCE
ZNF165	LOW_EVIDENCE
ZNF169	LOW_EVIDENCE
ZNF17	LOW_EVIDENCE
ZNF174	LOW_EVIDENCE
ZNF175	LOW_EVIDENCE
ZNF177	LOW_COVERAGE
ZNF18	LOW_EVIDENCE
ZNF180	LOW_EVIDENCE
ZNF181	LOW_EVIDENCE
ZNF182	LOW_EVIDENCE
ZNF184	LOW_EVIDENCE
ZNF185	RNA_RESISTANCE_CONSENSUS
ZNF189	LOW_EVIDENCE
ZNF19	ACUTE_RESPONSE
ZNF192P1	LOW_COVERAGE
ZNF195	RNA_RESISTANCE_CONSENSUS
ZNF197	RNA_RESISTANCE_CONSENSUS
ZNF2	RNA_RESISTANCE_CONSENSUS
ZNF20	LOW_EVIDENCE
ZNF200	RNA_RESISTANCE_CONSENSUS
ZNF202	LOW_EVIDENCE
ZNF204P	LOW_COVERAGE
ZNF205	LOW_EVIDENCE
ZNF205-AS1	LOW_COVERAGE
ZNF207	LOW_EVIDENCE
ZNF208	HUMAN_TUMOR_SUPPORTED
ZNF211	RNA_RESISTANCE_CONSENSUS
ZNF212	LOW_EVIDENCE
ZNF213	RNA_RESISTANCE_CONSENSUS
ZNF213-AS1	LOW_EVIDENCE
ZNF214	LOW_EVIDENCE
ZNF215	LOW_EVIDENCE
ZNF217	ACUTE_RESPONSE
ZNF219	RNA_RESISTANCE_CONSENSUS
ZNF22	RNA_RESISTANCE_CONSENSUS
ZNF221	LOW_EVIDENCE
ZNF222	RNA_RESISTANCE_CONSENSUS
ZNF223	RNA_RESISTANCE_CONSENSUS
ZNF224	LOW_EVIDENCE
ZNF225	RNA_RESISTANCE_CONSENSUS
ZNF226	RNA_RESISTANCE_CONSENSUS
ZNF227	LOW_EVIDENCE
ZNF229	RNA_RESISTANCE_CONSENSUS
ZNF23	LOW_EVIDENCE
ZNF230	LOW_EVIDENCE
ZNF232	RNA_RESISTANCE_CONSENSUS
ZNF233	LOW_EVIDENCE
ZNF234	RNA_RESISTANCE_CONSENSUS
ZNF235	LOW_EVIDENCE
ZNF236	LOW_EVIDENCE
ZNF236-DT	LOW_COVERAGE
ZNF239	RNA_RESISTANCE_CONSENSUS
ZNF24	LOW_EVIDENCE
ZNF248	LOW_EVIDENCE
ZNF25	RNA_RESISTANCE_CONSENSUS
ZNF250	LOW_EVIDENCE
ZNF251	RNA_RESISTANCE_CONSENSUS
ZNF252P	LOW_COVERAGE
ZNF252P-AS1	LOW_EVIDENCE
ZNF253	RNA_RESISTANCE_CONSENSUS
ZNF254	RNA_RESISTANCE_CONSENSUS
ZNF256	RNA_RESISTANCE_CONSENSUS
ZNF257	RNA_RESISTANCE_CONSENSUS
ZNF26	LOW_EVIDENCE
ZNF260	LOW_EVIDENCE
ZNF263	LOW_EVIDENCE
ZNF264	RNA_RESISTANCE_CONSENSUS
ZNF266	RNA_RESISTANCE_CONSENSUS
ZNF267	LOW_EVIDENCE
ZNF268	LOW_EVIDENCE
ZNF271	LOW_COVERAGE
ZNF271P	LOW_COVERAGE
ZNF273	LOW_EVIDENCE
ZNF274	LOW_EVIDENCE
ZNF275	RNA_RESISTANCE_CONSENSUS
ZNF276	RNA_RESISTANCE_CONSENSUS
ZNF277	RNA_RESISTANCE_CONSENSUS
ZNF28	LOW_EVIDENCE
ZNF280A	LOW_COVERAGE
ZNF280B	LOW_COVERAGE
ZNF280C	RNA_RESISTANCE_CONSENSUS
ZNF280D	LOW_EVIDENCE
ZNF281	RNA_RESISTANCE_CONSENSUS
ZNF282	LOW_EVIDENCE
ZNF283	LOW_EVIDENCE
ZNF284	RNA_RESISTANCE_CONSENSUS
ZNF285	RNA_RESISTANCE_CONSENSUS
ZNF285B	LOW_COVERAGE
ZNF286A	RNA_RESISTANCE_CONSENSUS
ZNF286B	LOW_EVIDENCE
ZNF287	LOW_EVIDENCE
ZNF292	LOW_EVIDENCE
ZNF295-AS1	LOW_COVERAGE
ZNF296	LOW_EVIDENCE
ZNF3	RNA_RESISTANCE_CONSENSUS
ZNF30	RNA_RESISTANCE_CONSENSUS
ZNF300	LOW_EVIDENCE
ZNF300P1	LOW_COVERAGE
ZNF302	ACUTE_RESPONSE
ZNF304	RNA_RESISTANCE_CONSENSUS
ZNF311	LOW_EVIDENCE
ZNF316	LOW_EVIDENCE
ZNF317	LOW_EVIDENCE
ZNF318	LOW_EVIDENCE
ZNF319	RNA_RESISTANCE_CONSENSUS
ZNF32	RNA_RESISTANCE_CONSENSUS
ZNF32-AS1	LOW_COVERAGE
ZNF32-AS2	LOW_COVERAGE
ZNF32-AS3	LOW_COVERAGE
ZNF320	LOW_EVIDENCE
ZNF321P	LOW_COVERAGE
ZNF322	LOW_EVIDENCE
ZNF322P1	LOW_COVERAGE
ZNF324	RNA_RESISTANCE_CONSENSUS
ZNF324B	LOW_EVIDENCE
ZNF326	RNA_RESISTANCE_CONSENSUS
ZNF329	LOW_EVIDENCE
ZNF330	LOW_EVIDENCE
ZNF331	LOW_EVIDENCE
ZNF333	LOW_EVIDENCE
ZNF334	HUMAN_TUMOR_SUPPORTED
ZNF335	LOW_EVIDENCE
ZNF337	RNA_RESISTANCE_CONSENSUS
ZNF337-AS1	RNA_RESISTANCE_CONSENSUS
ZNF33A	LOW_EVIDENCE
ZNF33B	RNA_RESISTANCE_CONSENSUS
ZNF33BP1	LOW_COVERAGE
ZNF34	RNA_RESISTANCE_CONSENSUS
ZNF341	LOW_EVIDENCE
ZNF341-AS1	LOW_COVERAGE
ZNF343	LOW_EVIDENCE
ZNF345	RNA_RESISTANCE_CONSENSUS
ZNF346	LOW_EVIDENCE
ZNF346-IT1	LOW_COVERAGE
ZNF347	LOW_EVIDENCE
ZNF35	LOW_EVIDENCE
ZNF350	LOW_EVIDENCE
ZNF350-AS1	LOW_EVIDENCE
ZNF354A	LOW_EVIDENCE
ZNF354B	LOW_EVIDENCE
ZNF354C	RNA_RESISTANCE_CONSENSUS
ZNF358	LOW_EVIDENCE
ZNF362	LOW_EVIDENCE
ZNF365	LOW_EVIDENCE
ZNF366	LOW_COVERAGE
ZNF367	RNA_RESISTANCE_CONSENSUS
ZNF37A	LOW_EVIDENCE
ZNF37BP	LOW_COVERAGE
ZNF382	LOW_EVIDENCE
ZNF383	LOW_EVIDENCE
ZNF384	RNA_RESISTANCE_CONSENSUS
ZNF385A	RNA_RESISTANCE_CONSENSUS
ZNF385B	HUMAN_TUMOR_SUPPORTED
ZNF385C	RNA_RESISTANCE_CONSENSUS
ZNF385D	LOW_EVIDENCE
ZNF391	LOW_EVIDENCE
ZNF394	RNA_RESISTANCE_CONSENSUS
ZNF395	RNA_RESISTANCE_CONSENSUS
ZNF396	LOW_EVIDENCE
ZNF397	LOW_EVIDENCE
ZNF398	RNA_RESISTANCE_CONSENSUS
ZNF404	RNA_RESISTANCE_CONSENSUS
ZNF407	LOW_EVIDENCE
ZNF408	LOW_EVIDENCE
ZNF41	RNA_RESISTANCE_CONSENSUS
ZNF410	RNA_RESISTANCE_CONSENSUS
ZNF414	LOW_EVIDENCE
ZNF415	RNA_RESISTANCE_CONSENSUS
ZNF416	RNA_RESISTANCE_CONSENSUS
ZNF417	LOW_EVIDENCE
ZNF418	LOW_EVIDENCE
ZNF419	RNA_RESISTANCE_CONSENSUS
ZNF420	LOW_EVIDENCE
ZNF423	RNA_RESISTANCE_CONSENSUS
ZNF425	RNA_RESISTANCE_CONSENSUS
ZNF426	LOW_EVIDENCE
ZNF426-DT	LOW_COVERAGE
ZNF428	RNA_RESISTANCE_CONSENSUS
ZNF429	LOW_EVIDENCE
ZNF43	RNA_RESISTANCE_CONSENSUS
ZNF430	LOW_EVIDENCE
ZNF431	RNA_RESISTANCE_CONSENSUS
ZNF432	LOW_EVIDENCE
ZNF433	LOW_EVIDENCE
ZNF433-AS1	LOW_COVERAGE
ZNF436	RNA_RESISTANCE_CONSENSUS
ZNF436-AS1	RNA_RESISTANCE_CONSENSUS
ZNF438	RNA_RESISTANCE_CONSENSUS
ZNF439	LOW_EVIDENCE
ZNF44	RNA_RESISTANCE_CONSENSUS
ZNF440	LOW_EVIDENCE
ZNF441	RNA_RESISTANCE_CONSENSUS
ZNF442	RNA_RESISTANCE_CONSENSUS
ZNF443	LOW_EVIDENCE
ZNF444	LOW_EVIDENCE
ZNF445	LOW_EVIDENCE
ZNF446	LOW_EVIDENCE
ZNF449	RNA_RESISTANCE_CONSENSUS
ZNF45	RNA_RESISTANCE_CONSENSUS
ZNF451	RNA_RESISTANCE_CONSENSUS
ZNF451-AS1	LOW_COVERAGE
ZNF454	LOW_EVIDENCE
ZNF460	LOW_EVIDENCE
ZNF460-AS1	LOW_COVERAGE
ZNF461	LOW_EVIDENCE
ZNF462	LOW_EVIDENCE
ZNF467	RNA_RESISTANCE_CONSENSUS
ZNF468	LOW_EVIDENCE
ZNF469	LOW_EVIDENCE
ZNF470	LOW_EVIDENCE
ZNF471	LOW_EVIDENCE
ZNF473	LOW_EVIDENCE
ZNF474	LOW_COVERAGE
ZNF479	LOW_COVERAGE
ZNF48	LOW_EVIDENCE
ZNF480	RNA_RESISTANCE_CONSENSUS
ZNF483	LOW_EVIDENCE
ZNF484	ACUTE_RESPONSE
ZNF485	RNA_RESISTANCE_CONSENSUS
ZNF486	RNA_RESISTANCE_CONSENSUS
ZNF487	RNA_RESISTANCE_CONSENSUS
ZNF488	HUMAN_TUMOR_SUPPORTED
ZNF490	LOW_EVIDENCE
ZNF491	LOW_EVIDENCE
ZNF492	ACUTE_RESPONSE
ZNF493	LOW_EVIDENCE
ZNF496	LOW_EVIDENCE
ZNF497	RNA_RESISTANCE_CONSENSUS
ZNF500	LOW_EVIDENCE
ZNF501	LOW_EVIDENCE
ZNF502	LOW_COVERAGE
ZNF503	LOW_EVIDENCE
ZNF503-AS1	LOW_COVERAGE
ZNF503-AS2	LOW_EVIDENCE
ZNF506	RNA_RESISTANCE_CONSENSUS
ZNF507	LOW_EVIDENCE
ZNF510	RNA_RESISTANCE_CONSENSUS
ZNF511	RNA_RESISTANCE_CONSENSUS
ZNF512	LOW_EVIDENCE
ZNF512B	RNA_RESISTANCE_CONSENSUS
ZNF513	LOW_EVIDENCE
ZNF514	RNA_RESISTANCE_CONSENSUS
ZNF516	LOW_EVIDENCE
ZNF517	RNA_RESISTANCE_CONSENSUS
ZNF518A	LOW_EVIDENCE
ZNF518B	LOW_EVIDENCE
ZNF519	LOW_EVIDENCE
ZNF521	LOW_COVERAGE
ZNF524	LOW_EVIDENCE
ZNF525	RNA_RESISTANCE_CONSENSUS
ZNF526	LOW_EVIDENCE
ZNF527	LOW_EVIDENCE
ZNF528	RNA_RESISTANCE_CONSENSUS
ZNF528-AS1	LOW_COVERAGE
ZNF529	LOW_EVIDENCE
ZNF529-AS1	RNA_RESISTANCE_CONSENSUS
ZNF530	LOW_EVIDENCE
ZNF532	RNA_RESISTANCE_CONSENSUS
ZNF534	LOW_COVERAGE
ZNF536	LOW_COVERAGE
ZNF540	LOW_EVIDENCE
ZNF541	HUMAN_TUMOR_SUPPORTED
ZNF542P	LOW_COVERAGE
ZNF543	RNA_RESISTANCE_CONSENSUS
ZNF544	LOW_EVIDENCE
ZNF546	HUMAN_TUMOR_SUPPORTED
ZNF547	RNA_RESISTANCE_CONSENSUS
ZNF548	RNA_RESISTANCE_CONSENSUS
ZNF549	RNA_RESISTANCE_CONSENSUS
ZNF550	RNA_RESISTANCE_CONSENSUS
ZNF551	LOW_EVIDENCE
ZNF552	RNA_RESISTANCE_CONSENSUS
ZNF554	LOW_EVIDENCE
ZNF555	LOW_EVIDENCE
ZNF556	LOW_EVIDENCE
ZNF557	LOW_EVIDENCE
ZNF558	RNA_RESISTANCE_CONSENSUS
ZNF559	RNA_RESISTANCE_CONSENSUS
ZNF559-ZNF177	LOW_COVERAGE
ZNF560	LOW_COVERAGE
ZNF561	LOW_EVIDENCE
ZNF561-AS1	LOW_EVIDENCE
ZNF562	RNA_RESISTANCE_CONSENSUS
ZNF563	LOW_EVIDENCE
ZNF564	LOW_EVIDENCE
ZNF565	LOW_EVIDENCE
ZNF566	RNA_RESISTANCE_CONSENSUS
ZNF567	LOW_EVIDENCE
ZNF568	RNA_RESISTANCE_CONSENSUS
ZNF569	RNA_RESISTANCE_CONSENSUS
ZNF57	ACUTE_RESPONSE
ZNF570	RNA_RESISTANCE_CONSENSUS
ZNF571	LOW_EVIDENCE
ZNF571-AS1	RNA_RESISTANCE_CONSENSUS
ZNF572	RNA_RESISTANCE_CONSENSUS
ZNF573	LOW_EVIDENCE
ZNF574	LOW_EVIDENCE
ZNF575	LOW_EVIDENCE
ZNF576	LOW_EVIDENCE
ZNF577	LOW_EVIDENCE
ZNF578	LOW_EVIDENCE
ZNF579	LOW_EVIDENCE
ZNF580	LOW_EVIDENCE
ZNF581	LOW_EVIDENCE
ZNF582	LOW_EVIDENCE
ZNF582-AS1	LOW_COVERAGE
ZNF583	LOW_EVIDENCE
ZNF584	RNA_RESISTANCE_CONSENSUS
ZNF585A	RNA_RESISTANCE_CONSENSUS
ZNF585B	RNA_RESISTANCE_CONSENSUS
ZNF586	LOW_EVIDENCE
ZNF587	LOW_EVIDENCE
ZNF587B	LOW_EVIDENCE
ZNF587P1	LOW_COVERAGE
ZNF589	LOW_EVIDENCE
ZNF592	RNA_RESISTANCE_CONSENSUS
ZNF593	LOW_EVIDENCE
ZNF594	RNA_RESISTANCE_CONSENSUS
ZNF595	LOW_EVIDENCE
ZNF596	LOW_EVIDENCE
ZNF597	RNA_RESISTANCE_CONSENSUS
ZNF598	LOW_EVIDENCE
ZNF599	LOW_EVIDENCE
ZNF600	LOW_EVIDENCE
ZNF605	RNA_RESISTANCE_CONSENSUS
ZNF606	LOW_EVIDENCE
ZNF607	LOW_EVIDENCE
ZNF608	LOW_EVIDENCE
ZNF609	LOW_EVIDENCE
ZNF610	LOW_EVIDENCE
ZNF611	LOW_EVIDENCE
ZNF613	LOW_EVIDENCE
ZNF614	LOW_EVIDENCE
ZNF615	RNA_RESISTANCE_CONSENSUS
ZNF616	LOW_EVIDENCE
ZNF618	RNA_RESISTANCE_CONSENSUS
ZNF619	RNA_RESISTANCE_CONSENSUS
ZNF620	LOW_EVIDENCE
ZNF621	LOW_EVIDENCE
ZNF622	LOW_EVIDENCE
ZNF623	LOW_EVIDENCE
ZNF624	LOW_EVIDENCE
ZNF625	RNA_RESISTANCE_CONSENSUS
ZNF625-ZNF20	LOW_EVIDENCE
ZNF626	LOW_EVIDENCE
ZNF627	RNA_RESISTANCE_CONSENSUS
ZNF628	LOW_EVIDENCE
ZNF629	LOW_EVIDENCE
ZNF630	RNA_RESISTANCE_CONSENSUS
ZNF630-AS1	LOW_COVERAGE
ZNF638	LOW_EVIDENCE
ZNF638-IT1	LOW_COVERAGE
ZNF639	LOW_EVIDENCE
ZNF641	RNA_RESISTANCE_CONSENSUS
ZNF644	LOW_EVIDENCE
ZNF645	LOW_COVERAGE
ZNF646	LOW_EVIDENCE
ZNF648	LOW_COVERAGE
ZNF649	LOW_EVIDENCE
ZNF649-AS1	LOW_COVERAGE
ZNF652	RNA_RESISTANCE_CONSENSUS
ZNF653	RNA_RESISTANCE_CONSENSUS
ZNF654	LOW_EVIDENCE
ZNF655	LOW_EVIDENCE
ZNF658	RNA_RESISTANCE_CONSENSUS
ZNF658B	LOW_COVERAGE
ZNF66	RNA_RESISTANCE_CONSENSUS
ZNF660	LOW_EVIDENCE
ZNF662	LOW_COVERAGE
ZNF664	LOW_EVIDENCE
ZNF664-FAM101A	LOW_COVERAGE
ZNF665	LOW_EVIDENCE
ZNF667	LOW_EVIDENCE
ZNF667-AS1	LOW_COVERAGE
ZNF668	LOW_EVIDENCE
ZNF669	RNA_RESISTANCE_CONSENSUS
ZNF670	RNA_RESISTANCE_CONSENSUS
ZNF670-ZNF695	LOW_COVERAGE
ZNF671	LOW_EVIDENCE
ZNF672	RNA_RESISTANCE_CONSENSUS
ZNF674	LOW_EVIDENCE
ZNF674-AS1	RNA_RESISTANCE_CONSENSUS
ZNF675	LOW_EVIDENCE
ZNF676	LOW_EVIDENCE
ZNF677	LOW_COVERAGE
ZNF678	RNA_RESISTANCE_CONSENSUS
ZNF679	LOW_COVERAGE
ZNF680	RNA_RESISTANCE_CONSENSUS
ZNF680P1	LOW_COVERAGE
ZNF681	ACUTE_RESPONSE
ZNF682	LOW_EVIDENCE
ZNF683	LOW_COVERAGE
ZNF684	LOW_EVIDENCE
ZNF687	RNA_RESISTANCE_CONSENSUS
ZNF687-AS1	LOW_COVERAGE
ZNF688	RNA_RESISTANCE_CONSENSUS
ZNF689	RNA_RESISTANCE_CONSENSUS
ZNF69	RNA_RESISTANCE_CONSENSUS
ZNF691	LOW_EVIDENCE
ZNF692	RNA_RESISTANCE_CONSENSUS
ZNF695	RNA_RESISTANCE_CONSENSUS
ZNF696	RNA_RESISTANCE_CONSENSUS
ZNF697	LOW_EVIDENCE
ZNF699	LOW_EVIDENCE
ZNF7	LOW_EVIDENCE
ZNF70	LOW_EVIDENCE
ZNF700	LOW_EVIDENCE
ZNF701	LOW_EVIDENCE
ZNF702P	LOW_COVERAGE
ZNF703	RNA_RESISTANCE_CONSENSUS
ZNF704	RNA_RESISTANCE_CONSENSUS
ZNF705A	LOW_COVERAGE
ZNF705B	LOW_COVERAGE
ZNF705D	LOW_COVERAGE
ZNF705E	LOW_COVERAGE
ZNF705G	LOW_COVERAGE
ZNF706	LOW_EVIDENCE
ZNF707	LOW_EVIDENCE
ZNF708	LOW_EVIDENCE
ZNF709	RNA_RESISTANCE_CONSENSUS
ZNF71	LOW_EVIDENCE
ZNF710	LOW_EVIDENCE
ZNF710-AS1	LOW_COVERAGE
ZNF711	RNA_RESISTANCE_CONSENSUS
ZNF713	LOW_EVIDENCE
ZNF714	LOW_EVIDENCE
ZNF716	HUMAN_TUMOR_SUPPORTED
ZNF717	LOW_EVIDENCE
ZNF718	RNA_RESISTANCE_CONSENSUS
ZNF720	LOW_EVIDENCE
ZNF721	LOW_EVIDENCE
ZNF724	LOW_COVERAGE
ZNF724P	LOW_COVERAGE
ZNF725P	LOW_COVERAGE
ZNF726	LOW_EVIDENCE
ZNF727	HUMAN_TUMOR_SUPPORTED
ZNF728	LOW_COVERAGE
ZNF729	LOW_COVERAGE
ZNF730	RNA_RESISTANCE_CONSENSUS
ZNF732	RNA_RESISTANCE_CONSENSUS
ZNF735	LOW_COVERAGE
ZNF736	LOW_EVIDENCE
ZNF737	LOW_EVIDENCE
ZNF738	LOW_EVIDENCE
ZNF74	RNA_RESISTANCE_CONSENSUS
ZNF740	RNA_RESISTANCE_CONSENSUS
ZNF746	LOW_EVIDENCE
ZNF747	RNA_RESISTANCE_CONSENSUS
ZNF749	RNA_RESISTANCE_CONSENSUS
ZNF750	LOW_EVIDENCE
ZNF75A	RNA_RESISTANCE_CONSENSUS
ZNF75BP	LOW_COVERAGE
ZNF75D	RNA_RESISTANCE_CONSENSUS
ZNF76	LOW_EVIDENCE
ZNF761	RNA_RESISTANCE_CONSENSUS
ZNF763	RNA_RESISTANCE_CONSENSUS
ZNF764	LOW_EVIDENCE
ZNF765	LOW_EVIDENCE
ZNF766	LOW_EVIDENCE
ZNF767P	LOW_COVERAGE
ZNF768	RNA_RESISTANCE_CONSENSUS
ZNF77	LOW_EVIDENCE
ZNF770	LOW_EVIDENCE
ZNF771	ACUTE_RESPONSE
ZNF772	RNA_RESISTANCE_CONSENSUS
ZNF773	RNA_RESISTANCE_CONSENSUS
ZNF774	LOW_EVIDENCE
ZNF775	LOW_EVIDENCE
ZNF776	LOW_EVIDENCE
ZNF777	LOW_EVIDENCE
ZNF778	LOW_EVIDENCE
ZNF780A	RNA_RESISTANCE_CONSENSUS
ZNF780B	LOW_EVIDENCE
ZNF781	LOW_EVIDENCE
ZNF782	LOW_EVIDENCE
ZNF783	LOW_EVIDENCE
ZNF784	LOW_EVIDENCE
ZNF785	LOW_EVIDENCE
ZNF786	RNA_RESISTANCE_CONSENSUS
ZNF787	LOW_EVIDENCE
ZNF788	LOW_COVERAGE
ZNF788P	LOW_COVERAGE
ZNF789	RNA_RESISTANCE_CONSENSUS
ZNF79	RNA_RESISTANCE_CONSENSUS
ZNF790	RNA_RESISTANCE_CONSENSUS
ZNF790-AS1	RNA_RESISTANCE_CONSENSUS
ZNF791	LOW_EVIDENCE
ZNF792	LOW_EVIDENCE
ZNF793	LOW_EVIDENCE
ZNF793-AS1	HUMAN_TUMOR_SUPPORTED
ZNF799	RNA_RESISTANCE_CONSENSUS
ZNF8	RNA_RESISTANCE_CONSENSUS
ZNF80	LOW_COVERAGE
ZNF800	LOW_EVIDENCE
ZNF804A	RNA_RESISTANCE_CONSENSUS
ZNF804B	LOW_COVERAGE
ZNF805	LOW_EVIDENCE
ZNF806	LOW_COVERAGE
ZNF808	LOW_EVIDENCE
ZNF81	RNA_RESISTANCE_CONSENSUS
ZNF812	LOW_COVERAGE
ZNF813	RNA_RESISTANCE_CONSENSUS
ZNF814	LOW_EVIDENCE
ZNF815P	LOW_COVERAGE
ZNF816	LOW_EVIDENCE
ZNF816-ZNF321P	LOW_EVIDENCE
ZNF818P	LOW_COVERAGE
ZNF821	RNA_RESISTANCE_CONSENSUS
ZNF823	RNA_RESISTANCE_CONSENSUS
ZNF826P	LOW_COVERAGE
ZNF827	RNA_RESISTANCE_CONSENSUS
ZNF829	RNA_RESISTANCE_CONSENSUS
ZNF83	LOW_EVIDENCE
ZNF830	LOW_EVIDENCE
ZNF831	LOW_COVERAGE
ZNF833P	LOW_COVERAGE
ZNF835	LOW_COVERAGE
ZNF836	LOW_EVIDENCE
ZNF837	LOW_EVIDENCE
ZNF839	RNA_RESISTANCE_CONSENSUS
ZNF84	LOW_EVIDENCE
ZNF841	LOW_EVIDENCE
ZNF843	LOW_EVIDENCE
ZNF844	LOW_EVIDENCE
ZNF845	LOW_EVIDENCE
ZNF846	LOW_EVIDENCE
ZNF849P	LOW_COVERAGE
ZNF85	LOW_EVIDENCE
ZNF850	RNA_RESISTANCE_CONSENSUS
ZNF852	LOW_EVIDENCE
ZNF853	LOW_EVIDENCE
ZNF859P	LOW_COVERAGE
ZNF860	LOW_EVIDENCE
ZNF862	LOW_EVIDENCE
ZNF865	LOW_EVIDENCE
ZNF875	LOW_COVERAGE
ZNF876P	LOW_COVERAGE
ZNF878	HUMAN_TUMOR_SUPPORTED
ZNF879	LOW_EVIDENCE
ZNF880	RNA_RESISTANCE_CONSENSUS
ZNF883	HUMAN_TUMOR_SUPPORTED
ZNF888	LOW_EVIDENCE
ZNF891	LOW_EVIDENCE
ZNF90	RNA_RESISTANCE_CONSENSUS
ZNF90P1	LOW_COVERAGE
ZNF91	RNA_RESISTANCE_CONSENSUS
ZNF92	RNA_RESISTANCE_CONSENSUS
ZNF92P3	LOW_COVERAGE
ZNF93	RNA_RESISTANCE_CONSENSUS
ZNF969P	LOW_COVERAGE
ZNF98	RNA_RESISTANCE_CONSENSUS
ZNF99	LOW_EVIDENCE
ZNFX1	LOW_EVIDENCE
ZNFX1-AS1_2	LOW_COVERAGE
ZNFX1-AS1_3	LOW_COVERAGE
ZNHIT1	RNA_RESISTANCE_CONSENSUS
ZNHIT2	LOW_EVIDENCE
ZNHIT3	LOW_EVIDENCE
ZNHIT6	RNA_RESISTANCE_CONSENSUS
ZNRD1	LOW_EVIDENCE
ZNRD1-AS1	LOW_COVERAGE
ZNRD1-AS1_1	LOW_COVERAGE
ZNRD1-AS1_2	LOW_COVERAGE
ZNRD2	LOW_COVERAGE
ZNRF1	RNA_RESISTANCE_CONSENSUS
ZNRF2	RNA_RESISTANCE_CONSENSUS
ZNRF2P1	LOW_COVERAGE
ZNRF2P2	LOW_COVERAGE
ZNRF3	LOW_EVIDENCE
ZNRF3-AS1	LOW_EVIDENCE
ZNRF3-IT1	LOW_COVERAGE
ZNRF4	LOW_COVERAGE
ZP1	LOW_COVERAGE
ZP2	LOW_COVERAGE
ZP3	RNA_RESISTANCE_CONSENSUS
ZP4	LOW_COVERAGE
ZPBP	LOW_COVERAGE
ZPBP2	LOW_COVERAGE
ZPLD1	LOW_EVIDENCE
ZPR1	LOW_EVIDENCE
ZRANB1	RNA_RESISTANCE_CONSENSUS
ZRANB2	LOW_EVIDENCE
ZRANB2-AS1	LOW_COVERAGE
ZRANB2-AS2	LOW_COVERAGE
ZRANB3	RNA_RESISTANCE_CONSENSUS
ZRSR1	LOW_COVERAGE
ZRSR2	RNA_RESISTANCE_CONSENSUS
ZSCAN1	LOW_EVIDENCE
ZSCAN10	LOW_COVERAGE
ZSCAN12	LOW_EVIDENCE
ZSCAN12P1	LOW_COVERAGE
ZSCAN16	RNA_RESISTANCE_CONSENSUS
ZSCAN16-AS1	RNA_RESISTANCE_CONSENSUS
ZSCAN18	RNA_RESISTANCE_CONSENSUS
ZSCAN2	RNA_RESISTANCE_CONSENSUS
ZSCAN20	RNA_RESISTANCE_CONSENSUS
ZSCAN21	RNA_RESISTANCE_CONSENSUS
ZSCAN22	LOW_EVIDENCE
ZSCAN23	LOW_COVERAGE
ZSCAN25	LOW_EVIDENCE
ZSCAN26	LOW_EVIDENCE
ZSCAN29	LOW_EVIDENCE
ZSCAN30	LOW_EVIDENCE
ZSCAN31	LOW_EVIDENCE
ZSCAN32	LOW_EVIDENCE
ZSCAN4	LOW_COVERAGE
ZSCAN5A	LOW_EVIDENCE
ZSCAN5B	LOW_COVERAGE
ZSCAN9	LOW_EVIDENCE
ZSWIM1	LOW_EVIDENCE
ZSWIM2	LOW_COVERAGE
ZSWIM3	LOW_EVIDENCE
ZSWIM4	RNA_RESISTANCE_CONSENSUS
ZSWIM5	RNA_RESISTANCE_CONSENSUS
ZSWIM6	RNA_RESISTANCE_CONSENSUS
ZSWIM7	LOW_EVIDENCE
ZSWIM8	LOW_EVIDENCE
ZSWIM8-AS1	LOW_EVIDENCE
ZSWIM9	LOW_COVERAGE
ZUFSP	RNA_RESISTANCE_CONSENSUS
ZUP1	LOW_COVERAGE
ZW10	LOW_EVIDENCE
ZWILCH	LOW_EVIDENCE
ZWINT	RNA_RESISTANCE_CONSENSUS
ZXDA	LOW_EVIDENCE
ZXDB	LOW_EVIDENCE
ZXDC	LOW_EVIDENCE
ZYG11A	RNA_RESISTANCE_CONSENSUS
ZYG11B	LOW_EVIDENCE
ZYX	RNA_RESISTANCE_CONSENSUS
ZZEF1	LOW_EVIDENCE
ZZZ3	LOW_EVIDENCE
bP-21201H5.1	LOW_COVERAGE
bP-21264C1.1	LOW_COVERAGE
bP-21264C1.2	LOW_COVERAGE
bP-2171C21.3	LOW_COVERAGE
bP-2171C21.6	LOW_COVERAGE
bP-2189O9.2	LOW_COVERAGE
bP-2189O9.3	LOW_COVERAGE
mascRNA-menRNA	LOW_COVERAGE
pk	LOW_COVERAGE
snoR1	LOW_COVERAGE
snoZ6	LOW_COVERAGE
