gene	subset	drug_id	drug_name	target	pathway	dataset	metric	n	spearman_rho	p_value	direction	fdr
USP34	all_breast_lines	1402	AZD7762	CHEK1, CHEK2	Cell cycle	GDSC1	AUC	44	-0.5932346723044397	2.1976424331135697e-05	higher_expression_more_sensitive	0.007779654213222037
USP34	all_breast_lines	1402	AZD7762	CHEK1, CHEK2	Cell cycle	GDSC1	LN_IC50	44	-0.5914023960535588	2.3640075653365026e-05	higher_expression_more_sensitive	0.00836858678129122
USP34	all_breast_lines	1463	AZD1332	NTRK1, NTRK2, NTRK3	RTK signaling	GDSC1	LN_IC50	44	-0.5310782241014799	0.00020810283301356036	higher_expression_more_sensitive	0.02481907334002529
USP34	all_breast_lines	1394	AZD6738	ATR	Genome integrity	GDSC1	LN_IC50	44	-0.5281183932346722	0.0002291548573319858	higher_expression_more_sensitive	0.02481907334002529
USP34	all_breast_lines	1433	JAK1_3715	JAK1	Other, kinases	GDSC1	LN_IC50	44	-0.5128964059196617	0.00037101855425707316	higher_expression_more_sensitive	0.02481907334002529
USP34	all_breast_lines	408	Sphingosine Kinase 1 Inhibitor II	Sphingosine Kinase	Other, kinases	GDSC1	LN_IC50	44	-0.5121916842847075	0.00037918196764714245	higher_expression_more_sensitive	0.02481907334002529
USP34	all_breast_lines	1362	BAY ACCi	ACACA	Metabolism	GDSC1	AUC	40	0.5343339587242026	0.0003830829350168916	higher_expression_more_resistant	0.06706414064090829
USP34	all_breast_lines	1422	FGFR_3831	FGFR1, FGFR2, FGFR3, FGFR4	RTK signaling	GDSC1	LN_IC50	44	-0.5088090204369273	0.00042066226000042866	higher_expression_more_sensitive	0.02481907334002529
USP34	all_breast_lines	1394	AZD6738	ATR	Genome integrity	GDSC1	AUC	44	-0.49880197322057784	0.0005683401749229516	higher_expression_more_sensitive	0.06706414064090829
USP34	all_breast_lines	1739	JAK_8517	JAK1, JAK2	Other, kinases	GDSC2	LN_IC50	37	-0.5251303935514461	0.0008464958714643526	higher_expression_more_sensitive	0.24125132336734048
USP34	all_breast_lines	478	LDN-193189	BMP	Other	GDSC1	LN_IC50	44	-0.4841437632135306	0.0008688942784586933	higher_expression_more_sensitive	0.04394122493919677
USP34	all_breast_lines	277	Linifanib	VEGFR1, VEGFR2, VEGFR3, CSF1R, FLT3, KIT	RTK signaling	GDSC1	AUC	44	0.4830162085976039	0.0008970398974213903	higher_expression_more_resistant	0.07938803092179304
USP34	all_breast_lines	427	Ara-G	Anti-metabolite	Other	GDSC1	LN_IC50	44	-0.47794221282593374	0.0010340292829147163	higher_expression_more_sensitive	0.0457557957689762
USP34	all_breast_lines	1021	Axitinib	PDGFR, KIT, VEGFR	RTK signaling	GDSC1	LN_IC50	43	-0.4630021141649049	0.001769368359774021	higher_expression_more_sensitive	0.06959515548444482
USP34	all_breast_lines	1463	AZD1332	NTRK1, NTRK2, NTRK3	RTK signaling	GDSC1	AUC	44	-0.45764622973925295	0.0017873062509346945	higher_expression_more_sensitive	0.12654128256617636
USP34	all_breast_lines	281	Alectinib	ALK	RTK signaling	GDSC1	AUC	44	0.4436927413671599	0.002555092649542361	higher_expression_more_resistant	0.1507504663229993
USP34	all_breast_lines	1613	VE-822	ATR	Genome integrity	GDSC2	AUC	40	-0.4547842401500939	0.003195467035032515	higher_expression_more_sensitive	0.3244497884568459
USP34	all_breast_lines	345	KIN001-270	CDK9	Other	GDSC1	AUC	45	0.4297760210803689	0.0032151152952095466	higher_expression_more_resistant	0.16259297350059707
USP34	all_breast_lines	312	Tivozanib	VEGFR1, VEGFR2, VEGFR3, PDGFR, KIT	RTK signaling	GDSC1	LN_IC50	44	-0.433121916842847	0.0033171008535323983	higher_expression_more_sensitive	0.1174253702150469
USP34	all_breast_lines	1451	PLK_6522	PLK1, PLK2, PLK3	Cell cycle	GDSC1	LN_IC50	42	-0.4371606838991978	0.003793380464631142	higher_expression_more_sensitive	0.11878243772052768
USP34	all_breast_lines	1248	Daporinad	NAMPT	Metabolism	GDSC2	LN_IC50	24	-0.5660869565217391	0.003932855685640969	higher_expression_more_sensitive	0.2798730647995826
USP34	all_breast_lines	1072	Avagacestat	Amyloid beta20, Amyloid beta40	Other	GDSC1	LN_IC50	43	-0.42917547568710357	0.004081556514979443	higher_expression_more_sensitive	0.11878243772052768
USP34	all_breast_lines	1739	JAK_8517	JAK1, JAK2	Other, kinases	GDSC2	AUC	37	-0.4599336178283546	0.004182339309233644	higher_expression_more_sensitive	0.3244497884568459
USP34	all_breast_lines	1128	FS106	CHEK1	Cell cycle	GDSC1	LN_IC50	42	-0.4311644113118872	0.004362066921940282	higher_expression_more_sensitive	0.11878243772052768
USP34	all_breast_lines	1430	IGFR_3801	IGFR1	IGF1R signaling	GDSC1	LN_IC50	44	-0.41818181818181815	0.004731483749014582	higher_expression_more_sensitive	0.11958060808599384
USP34	all_breast_lines	435	C-75	FAS	Apoptosis regulation	GDSC1	LN_IC50	44	-0.41522198731501053	0.005066974918898044	higher_expression_more_sensitive	0.11958060808599384
USP34	all_breast_lines	1051	Alisertib	AURKA	Mitosis	GDSC2	LN_IC50	43	-0.419057686499547	0.005158166515946378	higher_expression_more_sensitive	0.2798730647995826
USP34	all_breast_lines	1786	AZD4547	FGFR1, FGFR2, FGFR3	RTK signaling	GDSC2	LN_IC50	45	-0.4094861660079051	0.005218079638357005	higher_expression_more_sensitive	0.2798730647995826
USP34	all_breast_lines	1096	Tozasertib	AURKA, AURKB, AURKC, others	Mitosis	GDSC2	LN_IC50	43	-0.4143763213530655	0.005734734688921853	higher_expression_more_sensitive	0.2798730647995826
USP34	all_breast_lines	1422	FGFR_3831	FGFR1, FGFR2, FGFR3, FGFR4	RTK signaling	GDSC1	AUC	44	-0.40803382663847776	0.005969267972289899	higher_expression_more_sensitive	0.21318846871808145
USP34	all_breast_lines	206	Ruxolitinib	JAK1, JAK2	Other, kinases	GDSC1	LN_IC50	45	-0.403425559947299	0.0059965766936411705	higher_expression_more_sensitive	0.13076521577117076
USP34	all_breast_lines	1777	GSK2276186C	JAK1, JAK2, JAK3	Other, kinases	GDSC2	LN_IC50	37	-0.44310099573257467	0.006022058014650461	higher_expression_more_sensitive	0.2798730647995826
USP34	all_breast_lines	1061	SB590885	BRAF	ERK MAPK signaling	GDSC1	AUC	42	0.4165788833968074	0.006065072452789661	higher_expression_more_resistant	0.21318846871808145
USP34	all_breast_lines	266	Zibotentan	Endothelin-1 receptor (EDNRA)	Other	GDSC1	AUC	45	0.40237154150197624	0.006141797634296931	higher_expression_more_resistant	0.21318846871808145
USP34	all_breast_lines	406	LIMK1 inhibitor BMS4	LIMK1	Cytoskeleton	GDSC1	LN_IC50	44	-0.4057787174066243	0.006279685503135319	higher_expression_more_sensitive	0.13076521577117076
USP34	all_breast_lines	1179	MK-1775	WEE1, PLK1	Cell cycle	GDSC2	LN_IC50	45	-0.39736495388669296	0.006874075275779222	higher_expression_more_sensitive	0.2798730647995826
USP34	all_breast_lines	263	FR-180204	ERK1, ERK2	ERK MAPK signaling	GDSC1	AUC	45	0.3971014492753623	0.006914627217434286	higher_expression_more_resistant	0.21318846871808145
USP34	all_breast_lines	1030	KU-55933	ATM	Genome integrity	GDSC1	LN_IC50	42	-0.4104205493882182	0.006941339329863743	higher_expression_more_sensitive	0.1365130068206536
USP34	all_breast_lines	366	TWS119	GSK3	WNT signaling	GDSC1	LN_IC50	44	-0.39732205778717405	0.0075717785786998506	higher_expression_more_sensitive	0.13918545930461979
USP34	all_breast_lines	1248	Daporinad	NAMPT	Metabolism	GDSC2	AUC	24	-0.5304347826086956	0.007665625679948606	higher_expression_more_sensitive	0.3244497884568459
USP34	all_breast_lines	271	VNLG/124	HDAC,RAR	Chromatin histone acetylation	GDSC1	AUC	45	0.39183135704874833	0.007770319976774185	higher_expression_more_resistant	0.21318846871808145
USP34	all_breast_lines	1179	MK-1775	WEE1, PLK1	Cell cycle	GDSC2	AUC	45	-0.3914361001317523	0.007838033651150027	higher_expression_more_sensitive	0.3244497884568459
USP34	all_breast_lines	1049	PD173074	FGFR1, FGFR2, FGFR3	RTK signaling	GDSC1	LN_IC50	43	-0.4000302023557838	0.007863585271447445	higher_expression_more_sensitive	0.13918545930461979
USP34	all_breast_lines	2171	BMS-754807	IGF1R, IR	IGF1R signaling	GDSC2	LN_IC50	45	-0.39117259552042155	0.00788345877780766	higher_expression_more_sensitive	0.2808482189593979
USP34	all_breast_lines	1022	AZD7762	CHEK1, CHEK2	Cell cycle	GDSC2	AUC	46	-0.3863706444650016	0.007995816049316672	higher_expression_more_sensitive	0.3244497884568459
USP34	all_breast_lines	1430	IGFR_3801	IGFR1	IGF1R signaling	GDSC1	AUC	44	-0.3939393939393939	0.008149550067792133	higher_expression_more_sensitive	0.21318846871808145
USP34	all_breast_lines	1451	PLK_6522	PLK1, PLK2, PLK3	Cell cycle	GDSC1	AUC	42	-0.401345109796613	0.008431182378681188	higher_expression_more_sensitive	0.21318846871808145
USP34	all_breast_lines	1239	YK-4-279	RNA helicase A	Other	GDSC2	AUC	45	-0.3878787878787878	0.008470746499408164	higher_expression_more_sensitive	0.3244497884568459
USP34	all_breast_lines	1033	Vismodegib	SMO	Other	GDSC1	LN_IC50	43	-0.3965569314406524	0.008471233203295535	higher_expression_more_sensitive	0.14280078828412474
USP34	all_breast_lines	1096	Tozasertib	AURKA, AURKB, AURKC, others	Mitosis	GDSC2	AUC	43	-0.3944427665357898	0.008860552504607253	higher_expression_more_sensitive	0.3244497884568459
USP34	all_breast_lines	1050	ZM447439	AURKA, AURKB	Mitosis	GDSC1	LN_IC50	43	-0.39036544850498334	0.009654973392750666	higher_expression_more_sensitive	0.14360876502074088
USP34	all_breast_lines	1777	GSK2276186C	JAK1, JAK2, JAK3	Other, kinases	GDSC2	AUC	37	-0.41963015647226176	0.009724480974112625	higher_expression_more_sensitive	0.3244497884568459
USP34	all_breast_lines	2040	Foretinib	MET, KDR, TIE2, VEGFR3/FLT4, RON, PDGFR, FGFR1, EGFR	RTK signaling	GDSC2	LN_IC50	44	-0.38477801268498946	0.009908957427540305	higher_expression_more_sensitive	0.29701565840543664
USP34	all_breast_lines	1128	FS106	CHEK1	Cell cycle	GDSC1	AUC	42	-0.3927558544688437	0.010086666068647828	higher_expression_more_sensitive	0.23804531922008876
USP34	all_breast_lines	477	A-83-01	TGFB	Other	GDSC1	LN_IC50	44	-0.3837914023960535	0.010116562207930675	higher_expression_more_sensitive	0.14360876502074088
USP34	all_breast_lines	222	BX-912	PDK1 (PDPK1)	Metabolism	GDSC1	LN_IC50	45	-0.37865612648221336	0.010319974256694705	higher_expression_more_sensitive	0.14360876502074088
USP34	all_breast_lines	1051	Alisertib	AURKA	Mitosis	GDSC2	AUC	43	-0.38598610691633944	0.010575568401495377	higher_expression_more_sensitive	0.3244497884568459
USP34	all_breast_lines	150	Bicalutamide	AR	Hormone-related	GDSC1	LN_IC50	45	-0.3774703557312252	0.010581173646131124	higher_expression_more_sensitive	0.14360876502074088
USP34	all_breast_lines	1022	AZD7762	CHEK1, CHEK2	Cell cycle	GDSC2	LN_IC50	46	-0.3723095898859081	0.010835345139044836	higher_expression_more_sensitive	0.29701565840543664
USP34	all_breast_lines	1034	Staurosporine	Broad spectrum kinase inhibitor	RTK signaling	GDSC2	AUC	46	-0.36996608078939247	0.011384203103748979	higher_expression_more_sensitive	0.3244497884568459
USP34	all_breast_lines	1421	FGFR_0939	FGFR4	RTK signaling	GDSC1	LN_IC50	44	-0.3749119097956307	0.01215895404480974	higher_expression_more_sensitive	0.14360876502074088
USP34	all_breast_lines	1011	Navitoclax	BCL2, BCL-XL, BCL-W	Apoptosis regulation	GDSC1	LN_IC50	43	-0.37858652974932044	0.012301979714375093	higher_expression_more_sensitive	0.14360876502074088
USP34	all_breast_lines	1135	AZD4547	FGRF1, FGFR2, FGFR3	RTK signaling	GDSC1	LN_IC50	42	-0.3827080463495665	0.012369437090940445	higher_expression_more_sensitive	0.14360876502074088
USP34	all_breast_lines	1164	XMD8-92	ERK5	ERK MAPK signaling	GDSC1	LN_IC50	23	-0.5108695652173914	0.012734117365309428	higher_expression_more_sensitive	0.14360876502074088
USP34	all_breast_lines	2111	VE821	ATR	Genome integrity	GDSC2	LN_IC50	45	-0.367193675889328	0.013092251317537431	higher_expression_more_sensitive	0.29701565840543664
USP34	all_breast_lines	1709	CDK9_5038	CDK9	Cell cycle	GDSC2	AUC	37	-0.4039829302987197	0.013149169256979419	higher_expression_more_sensitive	0.3406830216581031
USP34	all_breast_lines	1709	CDK9_5038	CDK9	Cell cycle	GDSC2	LN_IC50	37	-0.4037458511142721	0.013208029859621655	higher_expression_more_sensitive	0.29701565840543664
USP34	all_breast_lines	1034	Staurosporine	Broad spectrum kinase inhibitor	RTK signaling	GDSC2	LN_IC50	46	-0.3615787850755473	0.013548082664107636	higher_expression_more_sensitive	0.29701565840543664
USP34	all_breast_lines	546	FTY-720	S1P	Other	GDSC1	LN_IC50	44	-0.36814658210007045	0.013942428994373169	higher_expression_more_sensitive	0.14360876502074088
USP34	all_breast_lines	1403	AZD6094	MET	RTK signaling	GDSC1	LN_IC50	44	-0.365891472868217	0.014584336796055076	higher_expression_more_sensitive	0.14360876502074088
USP34	all_breast_lines	1432	AZD1480	JAK1, JAK2	Other, kinases	GDSC1	LN_IC50	44	-0.3657505285412262	0.01462527609436652	higher_expression_more_sensitive	0.14360876502074088
USP34	all_breast_lines	1091	BMS-536924	IGF1R, IR	IGF1R signaling	GDSC1	LN_IC50	43	-0.3698278465720326	0.014650819991788858	higher_expression_more_sensitive	0.14360876502074088
USP34	all_breast_lines	1196	FY069		Unclassified	GDSC1	LN_IC50	43	-0.36801570522500754	0.015181575806714762	higher_expression_more_sensitive	0.14360876502074088
USP34	all_breast_lines	1529	Pevonedistat	NAE	Other	GDSC1	LN_IC50	34	-0.41268143621084796	0.015286127525719518	higher_expression_more_sensitive	0.14360876502074088
USP34	all_breast_lines	449	CD532	AURKA	Mitosis	GDSC1	LN_IC50	44	-0.3632135306553911	0.015379046339664968	higher_expression_more_sensitive	0.14360876502074088
USP34	all_breast_lines	415	CPI-613	Metabo, Mitochondria	Other	GDSC1	LN_IC50	44	-0.3630725863284002	0.015421871007928608	higher_expression_more_sensitive	0.14360876502074088
USP34	all_breast_lines	446	MIM1	MCL-1	Apoptosis regulation	GDSC1	LN_IC50	44	-0.36236786469344606	0.015637514413199417	higher_expression_more_sensitive	0.14360876502074088
USP34	all_breast_lines	474	ARRY-520	KIF11	Mitosis	GDSC1	LN_IC50	43	-0.365901540320145	0.01582130462092908	higher_expression_more_sensitive	0.14360876502074088
USP34	all_breast_lines	1175	Rucaparib	PARP1, PARP2	Genome integrity	GDSC1	LN_IC50	42	-0.367960457013208	0.016508411992029126	higher_expression_more_sensitive	0.14609944612945777
USP34	all_breast_lines	2048	Vinorelbine	Microtubule destabiliser	Mitosis	GDSC2	LN_IC50	45	-0.35546772068511195	0.016561861212652712	higher_expression_more_sensitive	0.31589939435070785
USP34	all_breast_lines	2171	BMS-754807	IGF1R, IR	IGF1R signaling	GDSC2	AUC	45	-0.35533596837944664	0.016604887019362084	higher_expression_more_sensitive	0.36933074068876953
USP34	all_breast_lines	1613	VE-822	ATR	Genome integrity	GDSC2	LN_IC50	40	-0.37654784240150097	0.01662628391319515	higher_expression_more_sensitive	0.31589939435070785
USP34	all_breast_lines	2040	Foretinib	MET, KDR, TIE2, VEGFR3/FLT4, RON, PDGFR, FGFR1, EGFR	RTK signaling	GDSC2	AUC	44	-0.35856236786469337	0.016846665364750893	higher_expression_more_sensitive	0.36933074068876953
USP34	all_breast_lines	431	Alisertib	AURKA	Mitosis	GDSC1	LN_IC50	43	-0.3618242222893386	0.017119648545294474	higher_expression_more_sensitive	0.14781355085449374
USP34	all_breast_lines	478	LDN-193189	BMP	Other	GDSC1	AUC	44	-0.35729386892177584	0.017266893132473454	higher_expression_more_sensitive	0.3179668501756192
USP34	all_breast_lines	371	Torin 2	mTOR	PI3K/MTOR signaling	GDSC1	AUC	40	-0.3729831144465291	0.017768987156006357	higher_expression_more_sensitive	0.3179668501756192
USP34	all_breast_lines	1738	IGF1R_3801	IGFR1	IGF1R signaling	GDSC2	AUC	37	-0.3862019914651494	0.018227285752020473	higher_expression_more_sensitive	0.37105545995184536
USP34	all_breast_lines	1712	Eg5_9814	KSP11	Other	GDSC2	LN_IC50	37	-0.3862019914651494	0.018227285752020473	higher_expression_more_sensitive	0.32467352745786465
USP34	all_breast_lines	409	eEF2K Inhibitor, A-484954	eEF2K	Other, kinases	GDSC1	LN_IC50	44	-0.35433403805496827	0.018281990597418713	higher_expression_more_sensitive	0.15091561804941203
USP34	all_breast_lines	1019	Bosutinib	SRC, ABL, TEC	Other, kinases	GDSC1	AUC	43	0.35835095137420725	0.018295551387729057	higher_expression_more_resistant	0.3179668501756192
USP34	all_breast_lines	380	BIBF-1120	VEGFR, PDGFR, FGFR	RTK signaling	GDSC1	LN_IC50	44	-0.3541930937279774	0.018331558124646093	higher_expression_more_sensitive	0.15091561804941203
USP34	all_breast_lines	409	eEF2K Inhibitor, A-484954	eEF2K	Other, kinases	GDSC1	AUC	44	0.3525017618040873	0.018935263992349974	higher_expression_more_resistant	0.3179668501756192
USP34	all_breast_lines	1183	CRT0160829	CDC7	DNA replication	GDSC1	LN_IC50	42	-0.3585608945790455	0.019714294216330894	higher_expression_more_sensitive	0.15861045801320764
USP34	all_breast_lines	1018	Veliparib	PARP1, PARP2	Genome integrity	GDSC1	AUC	43	0.3542736333434008	0.019762106466625164	higher_expression_more_resistant	0.3179668501756192
USP34	all_breast_lines	1529	Pevonedistat	NAE	Other	GDSC1	AUC	34	-0.39587471352177234	0.020472632336823827	higher_expression_more_sensitive	0.3179668501756192
USP34	all_breast_lines	1264	SGC0946	DOT1L	Chromatin histone methylation	GDSC1	LN_IC50	42	-0.3556437889960295	0.020809690239363805	higher_expression_more_sensitive	0.16370289654966194
USP34	all_breast_lines	1738	IGF1R_3801	IGFR1	IGF1R signaling	GDSC2	LN_IC50	37	-0.37861545756282594	0.02084643330411561	higher_expression_more_sensitive	0.34830617403013914
USP34	all_breast_lines	308	Foretinib	MET, KDR, TIE2, VEGFR3/FLT4, RON, PDGFR, FGFR1, EGFR	RTK signaling	GDSC1	LN_IC50	45	-0.34229249011857704	0.021359821011933084	higher_expression_more_sensitive	0.16437775300487634
USP34	all_breast_lines	1531	I-CBP112	EP300, CBP	Chromatin histone acetylation	GDSC1	AUC	40	0.3606003752345216	0.02226436769198582	higher_expression_more_resistant	0.3179668501756192
USP34	all_breast_lines	1464	TTK_3146	TTK	Mitosis	GDSC1	LN_IC50	44	-0.34376321353065536	0.022327796477299596	higher_expression_more_sensitive	0.1681710628290225
USP34	all_breast_lines	1239	YK-4-279	RNA helicase A	Other	GDSC2	LN_IC50	45	-0.33992094861660077	0.022336849790375063	higher_expression_more_sensitive	0.34830617403013914
USP34	all_breast_lines	1199	Tamoxifen	ESR1	Hormone-related	GDSC1	AUC	43	0.3456659619450317	0.0231845856485977	higher_expression_more_resistant	0.3179668501756192
USP34	all_breast_lines	1052	RO-3306	CDK1	Cell cycle	GDSC1	LN_IC50	43	-0.3443068559347629	0.02376779355800923	higher_expression_more_sensitive	0.17138187103919209
USP34	all_breast_lines	1037	BX795	TBK1, PDK1 (PDPK1), IKK, AURKB, AURKC	Other, kinases	GDSC1	LN_IC50	43	-0.3443068559347629	0.02376779355800923	higher_expression_more_sensitive	0.17138187103919209
USP34	all_breast_lines	1463	AZD1332	NTRK1, NTRK2, NTRK3	RTK signaling	GDSC2	LN_IC50	37	-0.3705547652916074	0.023965577639459643	higher_expression_more_sensitive	0.34830617403013914
USP34	all_breast_lines	412	Venotoclax	BCL-2 selective	Apoptosis regulation	GDSC1	LN_IC50	44	-0.33939393939393936	0.024206478960337865	higher_expression_more_sensitive	0.17138187103919209
USP34	all_breast_lines	1712	Eg5_9814	KSP11	Other	GDSC2	AUC	37	-0.36984352773826457	0.024258446315120696	higher_expression_more_sensitive	0.41330944947215065
USP34	all_breast_lines	1016	Temsirolimus	MTOR	PI3K/MTOR signaling	GDSC2	AUC	43	0.3423437028088191	0.024631794906916558	higher_expression_more_resistant	0.41330944947215065
USP34	all_breast_lines	1718	JAK1_8709	JAK1	Other, kinases	GDSC2	AUC	37	-0.3688952110004741	0.024653546108865127	higher_expression_more_sensitive	0.41330944947215065
USP34	all_breast_lines	1046	Wee1 Inhibitor	WEE1, CHEK1	Cell cycle	GDSC2	LN_IC50	45	-0.3345191040843214	0.02470288136859548	higher_expression_more_sensitive	0.34830617403013914
USP34	all_breast_lines	435	C-75	FAS	Apoptosis regulation	GDSC1	AUC	44	-0.33727977448907676	0.02516186888130562	higher_expression_more_sensitive	0.3179668501756192
USP34	all_breast_lines	407	kb NB 142-70	PKD	Other, kinases	GDSC1	LN_IC50	44	-0.33727977448907676	0.02516186888130562	higher_expression_more_sensitive	0.1728001746178724
USP34	all_breast_lines	1032	Afatinib	EGFR, ERBB2	EGFR signaling	GDSC1	AUC	43	0.34068257324071277	0.025383186029127192	higher_expression_more_resistant	0.3179668501756192
USP34	all_breast_lines	449	CD532	AURKA	Mitosis	GDSC1	AUC	44	-0.3365750528541226	0.025487238553649084	higher_expression_more_sensitive	0.3179668501756192
USP34	all_breast_lines	1377	Afatinib	EGFR, ERBB2	EGFR signaling	GDSC1	AUC	43	0.3402295379039565	0.025591392886888296	higher_expression_more_resistant	0.3179668501756192
USP34	all_breast_lines	1409	AZD4877	EG5	Mitosis	GDSC1	LN_IC50	44	-0.33629316420014094	0.02561836485806347	higher_expression_more_sensitive	0.1728001746178724
USP34	all_breast_lines	1718	JAK1_8709	JAK1	Other, kinases	GDSC2	LN_IC50	37	-0.36652441915599804	0.025664665454852357	higher_expression_more_sensitive	0.34830617403013914
USP34	all_breast_lines	1022	AZD7762	CHEK1, CHEK2	Cell cycle	GDSC1	LN_IC50	43	-0.33962549078828147	0.025871212584031744	higher_expression_more_sensitive	0.1728001746178724
USP34	all_breast_lines	2048	Vinorelbine	Microtubule destabiliser	Mitosis	GDSC2	AUC	45	-0.3308300395256917	0.02643619097211466	higher_expression_more_sensitive	0.41594263399658093
USP34	all_breast_lines	474	ARRY-520	KIF11	Mitosis	GDSC1	AUC	43	-0.3384173965569314	0.026438495816993656	higher_expression_more_sensitive	0.3179668501756192
USP34	all_breast_lines	1401	AZD5438	CDK2	Cell cycle	GDSC1	LN_IC50	44	-0.3330514446793516	0.027167155820162124	higher_expression_more_sensitive	0.17678971502187077
USP34	all_breast_lines	1253	N24798-49-A1	JMJ histone demethylase	Chromatin histone methylation	GDSC1	AUC	43	0.33624042006823246	0.02748685243315376	higher_expression_more_resistant	0.3179668501756192
USP34	all_breast_lines	432	Flavopiridol	CDK	Cell cycle	GDSC1	LN_IC50	44	-0.33206483439041573	0.027653698123321867	higher_expression_more_sensitive	0.17678971502187077
USP34	all_breast_lines	1594	OSI-027	MTORC1, MTORC2	PI3K/MTOR signaling	GDSC2	AUC	45	0.3270092226613966	0.028337062388675272	higher_expression_more_resistant	0.41594263399658093
USP34	all_breast_lines	562	AGI-6780	IDH2(R140Q)	Metabolism	GDSC1	LN_IC50	44	-0.33051444679351655	0.028432881046875073	higher_expression_more_sensitive	0.17678971502187077
USP34	all_breast_lines	262	VX-11e	ERK2	ERK MAPK signaling	GDSC1	AUC	45	0.32569169960474303	0.029018310604569848	higher_expression_more_resistant	0.3179668501756192
USP34	all_breast_lines	1050	ZM447439	AURKA, AURKB	Mitosis	GDSC1	AUC	43	-0.3323769254001812	0.02943233495945285	higher_expression_more_sensitive	0.3179668501756192
USP34	all_breast_lines	1180	Dinaciclib	CDK1, CDK2, CDK5, CDK9	Cell cycle	GDSC2	AUC	40	-0.3442776735459663	0.029604337346657815	higher_expression_more_sensitive	0.41594263399658093
USP34	all_breast_lines	1364	BAY-HDAC11_1	HDAC11	Chromatin histone acetylation	GDSC1	LN_IC50	40	-0.3440900562851783	0.029699087916426514	higher_expression_more_sensitive	0.17678971502187077
USP34	all_breast_lines	375	Voxtalisib	PI3K (class 1), DNAPK, MTOR	PI3K/MTOR signaling	GDSC1	LN_IC50	44	-0.32783650458069064	0.02982164087947644	higher_expression_more_sensitive	0.17678971502187077
USP34	all_breast_lines	447	ETP-45835	MNK1, MNK2	Other, kinases	GDSC1	LN_IC50	44	-0.3275546159267089	0.029971039757333683	higher_expression_more_sensitive	0.17678971502187077
USP34	all_breast_lines	1038	NU7441	DNAPK	Genome integrity	GDSC1	LN_IC50	43	-0.3304137722742374	0.030463764452921233	higher_expression_more_sensitive	0.17678971502187077
USP34	all_breast_lines	1029	Motesanib	VEGFR, RET, KIT, PDGFR	RTK signaling	GDSC1	LN_IC50	43	-0.3304137722742374	0.030463764452921233	higher_expression_more_sensitive	0.17678971502187077
USP34	all_breast_lines	1708	CDK9_5576	CDK9	Cell cycle	GDSC2	AUC	37	-0.35585585585585583	0.03064840461027438	higher_expression_more_sensitive	0.41594263399658093
USP34	all_breast_lines	1250	AZ960	JAK2, JAK3	Other, kinases	GDSC2	LN_IC50	40	-0.3422138836772984	0.030660430029486478	higher_expression_more_sensitive	0.3642114235018978
USP34	all_breast_lines	1218	JQ1	BRD2, BRD3, BRD4, BRDT	Chromatin other	GDSC1	AUC	42	0.3337654971234098	0.030761961658564006	higher_expression_more_resistant	0.3179668501756192
USP34	all_breast_lines	1068	Obatoclax Mesylate	BCL2, BCL-XL, BCL-W, MCL1	Apoptosis regulation	GDSC2	LN_IC50	40	-0.3416510318949344	0.03095378277623844	higher_expression_more_sensitive	0.3642114235018978
USP34	all_breast_lines	291	KIN001-266	CDC7	DNA replication	GDSC1	AUC	45	0.32200263504611326	0.030998477848753855	higher_expression_more_resistant	0.3179668501756192
USP34	all_breast_lines	294	MPS-1-IN-1	MPS1	Mitosis	GDSC1	AUC	45	0.3218708827404479	0.031071216604877088	higher_expression_more_resistant	0.3179668501756192
USP34	all_breast_lines	1180	Dinaciclib	CDK1, CDK2, CDK5, CDK9	Cell cycle	GDSC2	LN_IC50	40	-0.34127579737335845	0.031150632795379433	higher_expression_more_sensitive	0.3642114235018978
USP34	all_breast_lines	1048	Mirin	MRE11	Genome integrity	GDSC2	LN_IC50	40	-0.3397748592870544	0.03194837048262261	higher_expression_more_sensitive	0.3642114235018978
USP34	all_breast_lines	1460	PARP_9482	PARP1, PARP2, PARP5a	Genome integrity	GDSC1	LN_IC50	43	-0.327544548474781	0.03202485382886895	higher_expression_more_sensitive	0.18155350374969006
USP34	all_breast_lines	371	Torin 2	mTOR	PI3K/MTOR signaling	GDSC1	LN_IC50	40	-0.3388367729831145	0.032455436254496386	higher_expression_more_sensitive	0.18155350374969006
USP34	all_breast_lines	366	TWS119	GSK3	WNT signaling	GDSC1	AUC	44	-0.32205778717406625	0.033010476668205294	higher_expression_more_sensitive	0.3179668501756192
USP34	all_breast_lines	1046	Wee1 Inhibitor	WEE1, CHEK1	Cell cycle	GDSC2	AUC	45	-0.31831357048748354	0.033089213014103565	higher_expression_more_sensitive	0.4258964486283923
USP34	all_breast_lines	1371	PLX-4720	BRAF	ERK MAPK signaling	GDSC1	AUC	43	0.3255813953488372	0.03313054416606104	higher_expression_more_resistant	0.3179668501756192
USP34	all_breast_lines	155	Ponatinib	ABL, PDGFRA, VEGFR2, FGFR1, SRC, TIE2, FLT3	Other, kinases	GDSC1	LN_IC50	44	-0.3216349541930937	0.033254443437353995	higher_expression_more_sensitive	0.18155350374969006
USP34	all_breast_lines	1434	JAK3_7406	JAK3	Other, kinases	GDSC1	LN_IC50	44	-0.3214940098661028	0.03333609532127078	higher_expression_more_sensitive	0.18155350374969006
USP34	all_breast_lines	2046	MK-8776	CHEK1, CHEK2, CDK2	Cell cycle	GDSC2	LN_IC50	44	-0.320507399577167	0.03391229844054562	higher_expression_more_sensitive	0.36577872730629174
USP34	all_breast_lines	226	GSK1070916	AURKA, AURKC	Mitosis	GDSC1	LN_IC50	43	-0.32301419510721835	0.03462371881910271	higher_expression_more_sensitive	0.18160748979138053
USP34	all_breast_lines	1375	Temozolomide	DNA alkylating agent	DNA replication	GDSC1	AUC	42	0.3264727331658699	0.034846679718382956	higher_expression_more_resistant	0.3179668501756192
USP34	all_breast_lines	1426	AZD7969	GSK3B	WNT signaling	GDSC1	LN_IC50	43	-0.3224101479915433	0.034982978918981576	higher_expression_more_sensitive	0.18160748979138053
USP34	all_breast_lines	1250	AZ960	JAK2, JAK3	Other, kinases	GDSC2	AUC	40	-0.3339587242026267	0.03519994126209829	higher_expression_more_sensitive	0.4258964486283923
USP34	all_breast_lines	329	QL-XI-92	DDR1	Cytoskeleton	GDSC1	AUC	44	0.31825229034531355	0.035260187234737284	higher_expression_more_resistant	0.3179668501756192
USP34	all_breast_lines	257	NPK76-II-72-1	PLK3	Cell cycle	GDSC1	LN_IC50	45	-0.3146245059288537	0.035295004861707925	higher_expression_more_sensitive	0.18160748979138053
USP34	all_breast_lines	1364	BAY-HDAC11_1	HDAC11	Chromatin histone acetylation	GDSC1	AUC	40	-0.3335834896810507	0.035418699262388546	higher_expression_more_sensitive	0.3179668501756192
USP34	all_breast_lines	1230	IOX2	EGLN1	Other	GDSC1	LN_IC50	43	-0.3210510419812745	0.03580252434967333	higher_expression_more_sensitive	0.18160748979138053
USP34	all_breast_lines	1086	BI-2536	PLK1, PLK2, PLK3	Cell cycle	GDSC2	LN_IC50	40	-0.33283302063789877	0.03585955537333245	higher_expression_more_sensitive	0.36577872730629174
USP34	all_breast_lines	1786	AZD4547	FGFR1, FGFR2, FGFR3	RTK signaling	GDSC2	AUC	45	-0.3137022397891963	0.03586496409502251	higher_expression_more_sensitive	0.4258964486283923
USP34	all_breast_lines	1046	Wee1 Inhibitor	WEE1, CHEK1	Cell cycle	GDSC1	LN_IC50	36	-0.35083655083655085	0.035911085551967904	higher_expression_more_sensitive	0.18160748979138053
USP34	all_breast_lines	1049	PD173074	FGFR1, FGFR2, FGFR3	RTK signaling	GDSC2	LN_IC50	46	-0.31014492753623185	0.03593615566517954	higher_expression_more_sensitive	0.36577872730629174
USP34	all_breast_lines	255	CP724714	ERBB2	EGFR signaling	GDSC1	AUC	44	0.315292459478506	0.037095846530824095	higher_expression_more_resistant	0.3179668501756192
USP34	all_breast_lines	376	Brivanib, BMS-540215	VEGFR, PDGFR	RTK signaling	GDSC1	LN_IC50	43	-0.31863485351857446	0.03729839205080412	higher_expression_more_sensitive	0.1859666307885163
USP34	all_breast_lines	1409	AZD4877	EG5	Mitosis	GDSC1	AUC	44	-0.3143058491895701	0.03772488052931076	higher_expression_more_sensitive	0.3179668501756192
USP34	all_breast_lines	380	BIBF-1120	VEGFR, PDGFR, FGFR	RTK signaling	GDSC1	AUC	44	-0.3143058491895701	0.03772488052931076	higher_expression_more_sensitive	0.3179668501756192
USP34	all_breast_lines	1239	YK-4-279	RNA helicase A	Other	GDSC1	LN_IC50	38	-0.33756428493270596	0.03820485539557096	higher_expression_more_sensitive	0.18784053902822387
USP34	all_breast_lines	1708	CDK9_5576	CDK9	Cell cycle	GDSC2	LN_IC50	37	-0.34186818397344704	0.03835966024890322	higher_expression_more_sensitive	0.3769828679633593
USP34	all_breast_lines	1529	Pevonedistat	NAE	Other	GDSC2	AUC	45	-0.30750988142292485	0.039890908075796094	higher_expression_more_sensitive	0.4547563520640755
USP34	all_breast_lines	432	Flavopiridol	CDK	Cell cycle	GDSC1	AUC	44	-0.30965468639887245	0.04080919800294353	higher_expression_more_sensitive	0.33596409518702347
USP34	all_breast_lines	1998	BPD-00008900		Other	GDSC2	LN_IC50	41	-0.3203832752613241	0.04113238088682882	higher_expression_more_sensitive	0.39075761842487383
USP34	all_breast_lines	300	CX-5461	RNA Polymerase 1	Other	GDSC1	AUC	44	0.3069767441860465	0.0426764698842832	higher_expression_more_resistant	0.34335159861446024
USP34	all_breast_lines	1263	UNC0642	G9A, GLP	Chromatin histone methylation	GDSC1	LN_IC50	42	-0.31350781946357675	0.043203800208163584	higher_expression_more_sensitive	0.2095088393656152
USP34	all_breast_lines	288	WHI-P97	JAK3	Other, kinases	GDSC1	AUC	45	0.3015810276679841	0.04408491784228841	higher_expression_more_resistant	0.3468013536926688
USP34	all_breast_lines	236	IC-87114	PI3Kdelta	PI3K/MTOR signaling	GDSC1	LN_IC50	43	-0.30655391120507397	0.04556502315947287	higher_expression_more_sensitive	0.2169326160680705
USP34	all_breast_lines	309	Y-39983	ROCK	Cytoskeleton	GDSC1	LN_IC50	45	-0.29907773386034253	0.04596030001442171	higher_expression_more_sensitive	0.2169326160680705
USP34	all_breast_lines	1530	PFI-3	PB1, SMARCA4, SMARCA2	Chromatin other	GDSC1	AUC	40	0.3161350844277674	0.04688836318122436	higher_expression_more_resistant	0.35326235087108104
USP34	all_breast_lines	1086	BI-2536	PLK1, PLK2, PLK3	Cell cycle	GDSC2	AUC	40	-0.31538461538461543	0.04744202198860775	higher_expression_more_sensitive	0.48500972610372295
USP34	all_breast_lines	2111	VE821	ATR	Genome integrity	GDSC2	AUC	45	-0.29683794466403157	0.04769272971142279	higher_expression_more_sensitive	0.48500972610372295
USP34	all_breast_lines	1025	SB216763	GSK3A, GSK3B	WNT signaling	GDSC1	AUC	40	0.3150093808630395	0.04772082304447029	higher_expression_more_resistant	0.35326235087108104
USP34	all_breast_lines	173	FH535	PPARgamma, PPARdelta	Other	GDSC1	AUC	45	0.2965744400527009	0.04789997977912963	higher_expression_more_resistant	0.35326235087108104
USP34	all_breast_lines	2173	PFI-1	BRD4	Chromatin other	GDSC2	LN_IC50	44	-0.2996476391825229	0.04814519629705003	higher_expression_more_sensitive	0.42884205532355735
USP34	all_breast_lines	1635	Picolinici-acid	Inflammatory related	Other	GDSC2	LN_IC50	39	0.31720647773279353	0.04910847705083509	higher_expression_more_resistant	0.42884205532355735
USP34	all_breast_lines	1149	TW 37	BCL2, BCL-XL, MCL1	Apoptosis regulation	GDSC2	LN_IC50	19	-0.45614035087719296	0.0496553958795698	higher_expression_more_sensitive	0.42884205532355735
USP34	all_breast_lines	1022	AZD7762	CHEK1, CHEK2	Cell cycle	GDSC1	AUC	43	-0.3011174871639988	0.049741268023961185	higher_expression_more_sensitive	0.3539165374051179
USP34	all_breast_lines	1133	Serdemetan	MDM2	p53 pathway	GDSC2	AUC	45	0.29407114624505926	0.0499054860040544	higher_expression_more_resistant	0.48500972610372295
USP34	all_breast_lines	341	Selisistat	SIRT1	Chromatin histone acetylation	GDSC1	LN_IC50	45	-0.2938076416337285	0.05012048389725402	higher_expression_more_sensitive	0.23256776294999237
USP34	all_breast_lines	1049	PD173074	FGFR1, FGFR2, FGFR3	RTK signaling	GDSC2	AUC	46	-0.2904101140918902	0.05024466421781239	higher_expression_more_sensitive	0.48500972610372295
USP34	all_breast_lines	298	OSI-930	KIT, VEGFR2	RTK signaling	GDSC1	AUC	44	0.29654686398872443	0.050623498607636055	higher_expression_more_resistant	0.3539165374051179
USP34	all_breast_lines	222	BX-912	PDK1 (PDPK1)	Metabolism	GDSC1	AUC	45	-0.29275362318840575	0.050987975727855975	higher_expression_more_sensitive	0.3539165374051179
USP34	all_breast_lines	2113	VTP-B		Unclassified	GDSC2	AUC	41	0.3067944250871081	0.05105365537933926	higher_expression_more_resistant	0.48500972610372295
USP34	all_breast_lines	1377	Afatinib	EGFR, ERBB2	EGFR signaling	GDSC1	LN_IC50	43	0.29945635759589245	0.05107724031726279	higher_expression_more_resistant	0.23256776294999237
USP34	all_breast_lines	1378	Bleomycin (50 uM)	dsDNA break induction	DNA replication	GDSC1	LN_IC50	44	-0.2957011980267794	0.051316979086929566	higher_expression_more_sensitive	0.23256776294999237
USP34	all_breast_lines	1425	BPTES	GLS	Other	GDSC1	LN_IC50	44	-0.2949964763918252	0.051900715460591516	higher_expression_more_sensitive	0.23256776294999237
USP34	all_breast_lines	1013	Nilotinib	ABL	ABL signaling	GDSC1	AUC	43	0.29809725158562367	0.05219169330802008	higher_expression_more_resistant	0.3553049890584444
USP34	all_breast_lines	1586	BDILV000379a	BAZ2A, BAZ2B	Chromatin histone acetylation	GDSC2	AUC	37	0.3200568990042674	0.05346457352902705	higher_expression_more_resistant	0.49152914373460355
USP34	all_breast_lines	205	Avagacestat	Amyloid beta20, Amyloid beta40	Other	GDSC1	LN_IC50	44	-0.2930232558139535	0.053563698797109184	higher_expression_more_sensitive	0.23701936717720815
USP34	all_breast_lines	461	NSC319726	P53 Mut specific	p53 pathway	GDSC1	AUC	41	-0.30174216027874573	0.05520018535930207	higher_expression_more_sensitive	0.35732418826275947
USP34	all_breast_lines	282	Pelitinib	EGFR	EGFR signaling	GDSC1	AUC	44	0.29076814658210004	0.05551646992782987	higher_expression_more_resistant	0.35732418826275947
USP34	all_breast_lines	1401	AZD5438	CDK2	Cell cycle	GDSC1	AUC	44	-0.29076814658210004	0.05551646992782987	higher_expression_more_sensitive	0.35732418826275947
USP34	all_breast_lines	192	LFM-A13	BTK	Other, kinases	GDSC1	AUC	45	0.2851119894598155	0.05764599805385967	higher_expression_more_resistant	0.35756033265133613
USP34	all_breast_lines	1083	Crizotinib	MET, ALK, ROS1	RTK signaling	GDSC2	LN_IC50	45	-0.2845849802371541	0.05812971677758042	higher_expression_more_sensitive	0.44584971028958964
USP34	all_breast_lines	1635	Picolinici-acid	Inflammatory related	Other	GDSC2	AUC	39	0.3058704453441296	0.05826772732721235	higher_expression_more_resistant	0.518946946507985
USP34	all_breast_lines	1020	Lenalidomide	CRBN	Protein stability and degradation	GDSC1	AUC	43	0.2909996979764422	0.0583336651607856	higher_expression_more_resistant	0.35756033265133613
USP34	all_breast_lines	1529	Pevonedistat	NAE	Other	GDSC2	LN_IC50	45	-0.28392621870882734	0.05873893359364696	higher_expression_more_sensitive	0.44584971028958964
USP34	all_breast_lines	1021	Axitinib	PDGFR, KIT, VEGFR	RTK signaling	GDSC2	LN_IC50	46	-0.2806660499537465	0.05884438123981575	higher_expression_more_sensitive	0.44584971028958964
USP34	all_breast_lines	1917	AZD6738	ATR	Genome integrity	GDSC2	LN_IC50	45	-0.28366271409749666	0.058984047482825624	higher_expression_more_sensitive	0.44584971028958964
USP34	all_breast_lines	1432	AZD1480	JAK1, JAK2	Other, kinases	GDSC1	AUC	44	-0.2863988724453841	0.05946246064688606	higher_expression_more_sensitive	0.35756033265133613
USP34	all_breast_lines	407	kb NB 142-70	PKD	Other, kinases	GDSC1	AUC	44	-0.2862579281183932	0.05959338877522268	higher_expression_more_sensitive	0.35756033265133613
USP34	all_breast_lines	1024	Lestaurtinib	FLT3, JAK2, NTRK1, NTRK2, NTRK3	Other, kinases	GDSC1	LN_IC50	43	-0.28933856840833583	0.05985149304133325	higher_expression_more_sensitive	0.2615731918102712
USP34	all_breast_lines	2044	Pyridostatin	G-quadruplex stabiliser	DNA replication	GDSC2	LN_IC50	44	-0.2849894291754757	0.06078214077588647	higher_expression_more_sensitive	0.44584971028958964
USP34	all_breast_lines	2109	AZ6102	TNKS1, TNKS2	WNT signaling	GDSC2	LN_IC50	45	-0.28089591567852434	0.06160749737863076	higher_expression_more_sensitive	0.44584971028958964
USP34	all_breast_lines	185	Linsitinib	IGF1R	IGF1R signaling	GDSC1	AUC	45	0.28089591567852434	0.06160749737863076	higher_expression_more_resistant	0.36348423453392154
USP34	all_breast_lines	563	Kobe2602	RAS effector	RTK signaling	GDSC1	LN_IC50	43	-0.28662035638779826	0.06240307325825965	higher_expression_more_sensitive	0.26939863333443803
USP34	all_breast_lines	2156	5-azacytidine	DNA methyltransferases	Other	GDSC2	LN_IC50	40	-0.29699812382739216	0.06273605632060701	higher_expression_more_sensitive	0.44584971028958964
USP34	all_breast_lines	1849	Sabutoclax	BCL2,  BCL-XL,  BFL1, MCL1	Apoptosis regulation	GDSC2	AUC	40	-0.2960600375234522	0.06361049753198496	higher_expression_more_sensitive	0.5455570477142524
USP34	all_breast_lines	1164	XMD8-92	ERK5	ERK MAPK signaling	GDSC1	AUC	23	-0.3922924901185771	0.06410230238921223	higher_expression_more_sensitive	0.37200352534067427
USP34	all_breast_lines	1849	Sabutoclax	BCL2,  BCL-XL,  BFL1, MCL1	Apoptosis regulation	GDSC2	LN_IC50	40	-0.2954971857410882	0.06413978288376553	higher_expression_more_sensitive	0.44584971028958964
USP34	all_breast_lines	1825	Podophyllotoxin bromide		Unclassified	GDSC2	AUC	37	-0.3063063063063063	0.0652065500417775	higher_expression_more_sensitive	0.5455570477142524
USP34	all_breast_lines	173	FH535	PPARgamma, PPARdelta	Other	GDSC1	LN_IC50	45	0.2762845849802371	0.06618616853924782	higher_expression_more_resistant	0.27324108527716134
USP34	all_breast_lines	1365	BAY-HDAC11_2	HDAC11	Chromatin histone acetylation	GDSC1	LN_IC50	40	-0.2928705440900563	0.0666560855743014	higher_expression_more_sensitive	0.27324108527716134
USP34	all_breast_lines	410	MetAP2 Inhibitor, A832234	MetAP2	Other	GDSC1	LN_IC50	43	-0.28224101479915437	0.06669539827121507	higher_expression_more_sensitive	0.27324108527716134
USP34	all_breast_lines	332	XMD15-27	CAMK2	Other, kinases	GDSC1	LN_IC50	44	-0.27864693446088795	0.0670127240551806	higher_expression_more_sensitive	0.27324108527716134
USP34	all_breast_lines	1004	Vinblastine	Microtubule destabiliser	Mitosis	GDSC1	LN_IC50	43	-0.2817879794623981	0.0671524701104888	higher_expression_more_sensitive	0.27324108527716134
USP34	all_breast_lines	2046	MK-8776	CHEK1, CHEK2, CDK2	Cell cycle	GDSC2	AUC	44	-0.2783650458069063	0.06730097287341885	higher_expression_more_sensitive	0.5455570477142524
USP34	all_breast_lines	1459	PARP_0108	PARP1, PARP2, PARP6	Genome integrity	GDSC1	LN_IC50	44	-0.2776603241719521	0.0680258976683475	higher_expression_more_sensitive	0.2736496338022161
USP34	all_breast_lines	446	MIM1	MCL-1	Apoptosis regulation	GDSC1	AUC	44	-0.27737843551797037	0.06831759441006874	higher_expression_more_sensitive	0.3774592352030354
USP34	all_breast_lines	1029	Motesanib	VEGFR, RET, KIT, PDGFR	RTK signaling	GDSC2	LN_IC50	45	-0.2736495388669301	0.0689215151397186	higher_expression_more_sensitive	0.46768170987666197
USP34	all_breast_lines	1068	Obatoclax Mesylate	BCL2, BCL-XL, BCL-W, MCL1	Apoptosis regulation	GDSC2	AUC	40	-0.2902439024390244	0.06924977603544516	higher_expression_more_sensitive	0.5455570477142524
USP34	all_breast_lines	281	Alectinib	ALK	RTK signaling	GDSC1	LN_IC50	44	0.275968992248062	0.06979097214159295	higher_expression_more_resistant	0.27759555211375175
USP34	all_breast_lines	1460	PARP_9482	PARP1, PARP2, PARP5a	Genome integrity	GDSC1	AUC	43	-0.2786167321051042	0.07042186327085884	higher_expression_more_sensitive	0.3774592352030354
USP34	all_breast_lines	447	ETP-45835	MNK1, MNK2	Other, kinases	GDSC1	AUC	44	0.27520349571333436	0.07060166133361026	higher_expression_more_resistant	0.3774592352030354
USP34	all_breast_lines	1047	Nutlin-3a (-)	MDM2	p53 pathway	GDSC1	AUC	43	0.27816369676834796	0.07089900854851557	higher_expression_more_resistant	0.3774592352030354
USP34	all_breast_lines	254	Quizartinib	FLT3	RTK signaling	GDSC1	AUC	44	0.27441860465116275	0.0714405999906304	higher_expression_more_resistant	0.3774592352030354
USP34	all_breast_lines	1158	XMD11-85h	LRRK2, ERK5	Other, kinases	GDSC1	LN_IC50	23	-0.38241106719367585	0.07172412485756559	higher_expression_more_sensitive	0.2821148911064247
USP34	all_breast_lines	1037	BX795	TBK1, PDK1 (PDPK1), IKK, AURKB, AURKC	Other, kinases	GDSC1	AUC	43	-0.27710661431591666	0.0720222733303112	higher_expression_more_sensitive	0.3774592352030354
USP34	all_breast_lines	1917	AZD6738	ATR	Genome integrity	GDSC2	AUC	45	-0.2706192358366271	0.07217708623861428	higher_expression_more_sensitive	0.5455570477142524
USP34	all_breast_lines	205	Avagacestat	Amyloid beta20, Amyloid beta40	Other	GDSC1	AUC	44	0.2734319943622269	0.07250629376781471	higher_expression_more_resistant	0.3774592352030354
USP34	all_breast_lines	1021	Axitinib	PDGFR, KIT, VEGFR	RTK signaling	GDSC2	AUC	46	-0.2670983657107616	0.07274093969523365	higher_expression_more_sensitive	0.5455570477142524
USP34	all_breast_lines	223	ZSTK474	PI3K (class 1)	PI3K/MTOR signaling	GDSC1	AUC	45	0.26903820816864293	0.07392321361902733	higher_expression_more_resistant	0.3776435577564007
USP34	all_breast_lines	408	Sphingosine Kinase 1 Inhibitor II	Sphingosine Kinase	Other, kinases	GDSC1	AUC	44	0.2714587737843551	0.07467527978233912	higher_expression_more_resistant	0.3776435577564007
USP34	all_breast_lines	306	Fedratinib	JAK2	Other, kinases	GDSC1	LN_IC50	44	-0.2693446088794926	0.07705553394307157	higher_expression_more_sensitive	0.29975449467964105
USP34	all_breast_lines	2145	PBD-288		Unclassified	GDSC2	LN_IC50	40	-0.28180112570356475	0.0781286624507918	higher_expression_more_sensitive	0.5001579694289936
USP34	all_breast_lines	1436	MCT1_6447	MCT1	Cell cycle	GDSC1	LN_IC50	41	-0.27822299651567955	0.0781765705181324	higher_expression_more_sensitive	0.29999512965081715
USP34	all_breast_lines	1048	Mirin	MRE11	Genome integrity	GDSC2	AUC	40	-0.2812382739212008	0.0787508082783895	higher_expression_more_sensitive	0.5718508966026281
USP34	all_breast_lines	1368	BAY-MPS1	MPS1	Mitosis	GDSC1	LN_IC50	40	-0.2808630393996248	0.07916771670433108	higher_expression_more_sensitive	0.29999512965081715
USP34	all_breast_lines	289	KIN001-042	GSK3B	WNT signaling	GDSC1	LN_IC50	44	-0.2670894996476392	0.07965972369258986	higher_expression_more_sensitive	0.29999512965081715
USP34	all_breast_lines	2173	PFI-1	BRD4	Chromatin other	GDSC2	AUC	44	-0.2665257223396758	0.08032142222312907	higher_expression_more_sensitive	0.5718508966026281
USP34	all_breast_lines	1264	SGC0946	DOT1L	Chromatin histone methylation	GDSC1	AUC	42	0.27266834130135326	0.08063070813568769	higher_expression_more_resistant	0.3986337413591292
USP34	all_breast_lines	2149	CT7033-2	KDM4A, KDM4C, KDM4E, KDM3A, KDM6B	Chromatin histone methylation	GDSC2	LN_IC50	40	-0.27936210131332084	0.08085260195302242	higher_expression_more_sensitive	0.5001579694289936
USP34	all_breast_lines	1012	Vorinostat	HDAC inhibitor Class I, IIa, IIb, IV	Chromatin histone acetylation	GDSC2	LN_IC50	46	-0.25982115325316063	0.08119695237112738	higher_expression_more_sensitive	0.5001579694289936
USP34	all_breast_lines	1239	YK-4-279	RNA helicase A	Other	GDSC1	AUC	38	-0.2863551810920232	0.08134190681115726	higher_expression_more_sensitive	0.3986337413591292
USP34	all_breast_lines	346	THZ-2-102-1	CDK7	Cell cycle	GDSC1	LN_IC50	44	-0.26553911205073993	0.08148974014620736	higher_expression_more_sensitive	0.3029771386500126
USP34	all_breast_lines	1016	Temsirolimus	MTOR	PI3K/MTOR signaling	GDSC2	LN_IC50	43	0.26864995469646635	0.08152117928260062	higher_expression_more_resistant	0.5001579694289936
USP34	all_breast_lines	574	Wnt-C59	PORCN	WNT signaling	GDSC1	LN_IC50	44	-0.26497533474277657	0.08216329183729154	higher_expression_more_sensitive	0.3029771386500126
USP34	all_breast_lines	1149	TW 37	BCL2, BCL-XL, MCL1	Apoptosis regulation	GDSC2	AUC	19	-0.40877192982456134	0.08226626933581668	higher_expression_more_sensitive	0.5718508966026281
USP34	all_breast_lines	1512	Cyclophosphamide	Alkylating agent	DNA replication	GDSC2	LN_IC50	45	-0.2616600790513834	0.08251638857912044	higher_expression_more_sensitive	0.5001579694289936
USP34	all_breast_lines	1362	BAY ACCi	ACACA	Metabolism	GDSC1	LN_IC50	40	0.27636022514071296	0.08430609206298535	higher_expression_more_resistant	0.3076737792814105
USP34	all_breast_lines	1378	Bleomycin (50 uM)	dsDNA break induction	DNA replication	GDSC1	AUC	44	-0.2631430584918957	0.08438241573080968	higher_expression_more_sensitive	0.3986337413591292
USP34	all_breast_lines	1011	Navitoclax	BCL2, BCL-XL, BCL-W	Apoptosis regulation	GDSC2	LN_IC50	46	-0.2566142460684551	0.0851595353139271	higher_expression_more_sensitive	0.5001579694289936
USP34	all_breast_lines	1720	AZD5991	MCL1	Apoptosis regulation	GDSC2	AUC	37	-0.286628733997155	0.08544152717668926	higher_expression_more_sensitive	0.5797817915561058
USP34	all_breast_lines	2157	A-366	EHMT1, EHMT2	Chromatin histone methylation	GDSC2	LN_IC50	40	-0.27485928705440904	0.08607525675315474	higher_expression_more_sensitive	0.5001579694289936
USP34	all_breast_lines	1067	CCT007093	PPM1D	Cell cycle	GDSC1	AUC	43	0.2641196013289036	0.08699774076917718	higher_expression_more_resistant	0.3986337413591292
USP34	all_breast_lines	1464	TTK_3146	TTK	Mitosis	GDSC1	AUC	44	-0.2610288935870331	0.08700071381995986	higher_expression_more_sensitive	0.3986337413591292
USP34	all_breast_lines	308	Foretinib	MET, KDR, TIE2, VEGFR3/FLT4, RON, PDGFR, FGFR1, EGFR	RTK signaling	GDSC1	AUC	45	-0.25783926218708825	0.08726334904951065	higher_expression_more_sensitive	0.3986337413591292
USP34	all_breast_lines	211	TL-2-105	not defined	Other	GDSC1	AUC	44	0.2607470049330514	0.08735454256766158	higher_expression_more_resistant	0.3986337413591292
USP34	all_breast_lines	461	NSC319726	P53 Mut specific	p53 pathway	GDSC1	LN_IC50	41	-0.26968641114982583	0.08815925753020429	higher_expression_more_sensitive	0.31619506922883456
USP34	all_breast_lines	229	Enzastaurin	PKCB	Other, kinases	GDSC1	AUC	44	0.2600422832980972	0.0882440100573571	higher_expression_more_resistant	0.3986337413591292
USP34	all_breast_lines	1783	LMB_AB1	ADRA1A, ADRB1	Other	GDSC2	LN_IC50	37	-0.28378378378378377	0.08872996932662675	higher_expression_more_sensitive	0.5001579694289936
USP34	all_breast_lines	292	Masitinib	KIT, PDGFRA, PDGFRB	RTK signaling	GDSC1	AUC	44	0.2594785059901339	0.08896063719596387	higher_expression_more_resistant	0.3986337413591292
USP34	all_breast_lines	1461	TANK_1366	Tankyrase 1/2 (PARP5a, PARP5b)	Genome integrity	GDSC1	LN_IC50	44	-0.25933756166314303	0.08914049803309677	higher_expression_more_sensitive	0.31619506922883456
USP34	all_breast_lines	1419	FEN1_3940	FEN1	Genome integrity	GDSC1	LN_IC50	44	-0.2591966173361522	0.08932064102509452	higher_expression_more_sensitive	0.31619506922883456
USP34	all_breast_lines	282	Pelitinib	EGFR	EGFR signaling	GDSC1	LN_IC50	44	0.25835095137420716	0.09040743916210198	higher_expression_more_resistant	0.31687359864736736
USP34	all_breast_lines	286	KIN001-236	HDAC6, HDAC10	Chromatin histone acetylation	GDSC1	AUC	45	0.25507246376811593	0.09083151043372836	higher_expression_more_resistant	0.401929433669248
USP34	all_breast_lines	1007	Docetaxel	Microtubule stabiliser	Mitosis	GDSC2	LN_IC50	46	-0.25217391304347825	0.09089347481066248	higher_expression_more_sensitive	0.5001579694289936
USP34	all_breast_lines	1190	Gemcitabine	Pyrimidine antimetabolite	DNA replication	GDSC2	LN_IC50	45	-0.2538866930171278	0.09239493363563253	higher_expression_more_sensitive	0.5001579694289936
USP34	all_breast_lines	1012	Vorinostat	HDAC inhibitor Class I, IIa, IIb, IV	Chromatin histone acetylation	GDSC2	AUC	46	-0.25081714461917975	0.09270400189046742	higher_expression_more_sensitive	0.6144335009019352
USP34	all_breast_lines	1185	KU-60019	ATM	Genome integrity	GDSC1	LN_IC50	42	-0.26245847176079734	0.0931179947066334	higher_expression_more_sensitive	0.3231742169230218
USP34	all_breast_lines	1928	I-BRD9	BRD9	Chromatin other	GDSC2	LN_IC50	45	-0.252832674571805	0.09380206928564404	higher_expression_more_sensitive	0.5001579694289936
USP34	all_breast_lines	1413	EphB4_9721	EPHB4	RTK signaling	GDSC1	LN_IC50	44	-0.25496828752642703	0.0948574525001297	higher_expression_more_sensitive	0.3260149338353972
USP34	all_breast_lines	1259	Talazoparib	PARP1, PARP2	Genome integrity	GDSC1	LN_IC50	42	-0.26035167328417474	0.09587121746279341	higher_expression_more_sensitive	0.3262046011567916
USP34	all_breast_lines	1379	ZL109	DNA damage	Unclassified	GDSC1	LN_IC50	43	-0.25656901238296587	0.09675560203803141	higher_expression_more_sensitive	0.3262046011567916
USP34	all_breast_lines	1177	Niraparib	PARP1, PARP2	Genome integrity	GDSC2	LN_IC50	40	-0.26622889305816144	0.09681248022555386	higher_expression_more_sensitive	0.5001579694289936
USP34	all_breast_lines	1578	Leflunomide	Pyrimidine synthesis inhibitor	DNA replication	GDSC2	LN_IC50	40	-0.26622889305816144	0.09681248022555386	higher_expression_more_sensitive	0.5001579694289936
USP34	all_breast_lines	1586	BDILV000379a	BAZ2A, BAZ2B	Chromatin histone acetylation	GDSC2	LN_IC50	37	0.27596017069701273	0.09827665364218821	higher_expression_more_resistant	0.5001579694289936
USP34	all_breast_lines	1496	Cisplatin	DNA crosslinker	DNA replication	GDSC1	LN_IC50	44	-0.2522903453136011	0.0984988178561455	higher_expression_more_sensitive	0.32722128400077005
USP34	all_breast_lines	1039	SL0101	RSK, AURKB, PIM1, PIM3	Other, kinases	GDSC1	LN_IC50	42	-0.2580828133862734	0.09890586832791637	higher_expression_more_sensitive	0.32722128400077005
USP34	all_breast_lines	2149	CT7033-2	KDM4A, KDM4C, KDM4E, KDM3A, KDM6B	Chromatin histone methylation	GDSC2	AUC	40	-0.26435272045028146	0.09927713753617742	higher_expression_more_sensitive	0.6366731959897282
USP34	all_breast_lines	193	GW-2580	CSF1R	RTK signaling	GDSC1	LN_IC50	44	-0.2511627906976744	0.1000638199084829	higher_expression_more_sensitive	0.32754240177678745
USP34	all_breast_lines	1249	BMS-345541	IKK-1, IKK-2	Other	GDSC2	AUC	40	-0.2634146341463415	0.10052734673522024	higher_expression_more_sensitive	0.6366731959897282
USP34	all_breast_lines	1392	Bleomycin (10 uM)	dsDNA break induction	DNA replication	GDSC1	LN_IC50	44	-0.250599013389711	0.10085345139454754	higher_expression_more_sensitive	0.32754240177678745
USP34	all_breast_lines	415	CPI-613	Metabo, Mitochondria	Other	GDSC1	AUC	44	-0.24918957011980267	0.10284846064744663	higher_expression_more_sensitive	0.4468733742571563
USP34	all_breast_lines	1429	IAP_7638	IAP	Other	GDSC1	AUC	44	0.2479210711768851	0.10466970370100746	higher_expression_more_resistant	0.4468733742571563
USP34	all_breast_lines	412	Venotoclax	BCL-2 selective	Apoptosis regulation	GDSC1	AUC	44	0.247506959525027	0.10526957488091988	higher_expression_more_resistant	0.4468733742571563
USP34	all_breast_lines	1825	Podophyllotoxin bromide		Unclassified	GDSC2	LN_IC50	37	-0.27003319108582263	0.10601664047027694	higher_expression_more_sensitive	0.5217062779182708
USP34	all_breast_lines	2439	glutathione	anti-oxidant proteins	Other	GDSC2	LN_IC50	40	-0.2592870544090057	0.10617180392722704	higher_expression_more_sensitive	0.5217062779182708
USP34	all_breast_lines	1928	I-BRD9	BRD9	Chromatin other	GDSC2	AUC	45	-0.24400527009222658	0.10624636830889388	higher_expression_more_sensitive	0.6376563801478027
USP34	all_breast_lines	1038	NU7441	DNAPK	Genome integrity	GDSC2	AUC	45	-0.24334650856389983	0.10722335593586976	higher_expression_more_sensitive	0.6376563801478027
USP34	all_breast_lines	1043	JNK Inhibitor VIII	JNK	JNK and p38 signaling	GDSC1	LN_IC50	43	-0.24871639987919059	0.10777609775286386	higher_expression_more_sensitive	0.34684307822285276
USP34	all_breast_lines	1021	Axitinib	PDGFR, KIT, VEGFR	RTK signaling	GDSC1	AUC	43	-0.24856538810027182	0.10799702769496128	higher_expression_more_sensitive	0.4468733742571563
USP34	all_breast_lines	1129	PF-4708671	S6K1	PI3K/MTOR signaling	GDSC2	AUC	43	0.2482633645424343	0.10843992285133791	higher_expression_more_resistant	0.6376563801478027
USP34	all_breast_lines	1004	Vinblastine	Microtubule destabiliser	Mitosis	GDSC1	AUC	43	-0.2469042585321655	0.1104500925337109	higher_expression_more_sensitive	0.4468733742571563
USP34	all_breast_lines	154	CHIR-99021	GSK3A, GSK3B	WNT signaling	GDSC1	LN_IC50	44	-0.24397463002114164	0.1104937900086464	higher_expression_more_sensitive	0.35195357603008215
USP34	all_breast_lines	1463	AZD1332	NTRK1, NTRK2, NTRK3	RTK signaling	GDSC2	AUC	37	-0.2662399241346609	0.11120743749291741	higher_expression_more_sensitive	0.6376563801478027
USP34	all_breast_lines	1502	Bicalutamide	AR	Hormone-related	GDSC1	AUC	41	0.25243902439024396	0.11131261771731397	higher_expression_more_resistant	0.4468733742571563
USP34	all_breast_lines	1195	FY026		Unclassified	GDSC1	LN_IC50	43	-0.24630021141649047	0.11135254382872657	higher_expression_more_sensitive	0.35195357603008215
USP34	all_breast_lines	1585	BDF00022089a	BRPF1, BRPF2, BRPF3	Chromatin histone acetylation	GDSC2	AUC	37	0.2657657657657657	0.11186954037680749	higher_expression_more_resistant	0.6376563801478027
USP34	all_breast_lines	1183	CRT0160829	CDC7	DNA replication	GDSC1	AUC	42	-0.24868325095211086	0.11226907557161457	higher_expression_more_sensitive	0.4468733742571563
USP34	all_breast_lines	266	Zibotentan	Endothelin-1 receptor (EDNRA)	Other	GDSC1	LN_IC50	45	-0.2399209486166008	0.11241471068711653	higher_expression_more_sensitive	0.3521664387897279
USP34	all_breast_lines	546	FTY-720	S1P	Other	GDSC1	AUC	44	-0.24270613107822409	0.11241725206521237	higher_expression_more_sensitive	0.4468733742571563
USP34	all_breast_lines	290	KIN001-260	CDC7	DNA replication	GDSC1	AUC	45	0.23965744400527006	0.11282182510414393	higher_expression_more_resistant	0.4468733742571563
USP34	all_breast_lines	2039	AGK2	BAZ2A, BAZ2B	Chromatin histone acetylation	GDSC2	LN_IC50	44	-0.24242424242424243	0.1128481222320354	higher_expression_more_sensitive	0.5451138107818659
USP34	all_breast_lines	1135	AZD4547	FGRF1, FGFR2, FGFR3	RTK signaling	GDSC1	AUC	42	-0.24771088242443887	0.11372602384806074	higher_expression_more_sensitive	0.4468733742571563
USP34	all_breast_lines	1007	Docetaxel	Microtubule stabiliser	Mitosis	GDSC1	LN_IC50	43	-0.24433705829054664	0.11432422671026918	higher_expression_more_sensitive	0.3550068092582043
USP34	all_breast_lines	178	BAY-61-3606	SYK	Other, kinases	GDSC1	AUC	45	0.23833992094861658	0.11487422897570967	higher_expression_more_resistant	0.4468733742571563
USP34	all_breast_lines	1131	PRIMA-1MET	TP53 activation	p53 pathway	GDSC2	LN_IC50	40	-0.25309568480300193	0.11508647148741068	higher_expression_more_sensitive	0.5462847003794342
USP34	all_breast_lines	428	Pemetrexed	TYMS	DNA replication	GDSC1	LN_IC50	44	-0.24059196617336148	0.11567941242254887	higher_expression_more_sensitive	0.3560914086746287
USP34	all_breast_lines	573	LGK974	PORCN	WNT signaling	GDSC1	AUC	44	0.2396053558844256	0.11722607458741739	higher_expression_more_resistant	0.4499866588971943
USP34	all_breast_lines	1829	667880		Unclassified	GDSC2	LN_IC50	37	-0.26197249881460405	0.11727385652385096	higher_expression_more_sensitive	0.5462847003794342
USP34	all_breast_lines	1578	Leflunomide	Pyrimidine synthesis inhibitor	DNA replication	GDSC2	AUC	40	-0.251031894934334	0.11818020292109901	higher_expression_more_sensitive	0.660418781029671
USP34	all_breast_lines	257	NPK76-II-72-1	PLK3	Cell cycle	GDSC1	AUC	45	-0.236231884057971	0.11821683411705954	higher_expression_more_sensitive	0.4499866588971943
USP34	all_breast_lines	2002	N30652-18-1		Unclassified	GDSC2	LN_IC50	41	-0.24651567944250877	0.12024555779126532	higher_expression_more_sensitive	0.5462847003794342
USP34	all_breast_lines	1194	SB505124	TGFBR1, ACVR1B, ACVR1C	RTK signaling	GDSC1	LN_IC50	43	-0.24041075203865903	0.12044737399241952	higher_expression_more_sensitive	0.3655579315733688
USP34	all_breast_lines	1249	BMS-345541	IKK-1, IKK-2	Other	GDSC2	LN_IC50	40	-0.24934333958724203	0.12075767061019073	higher_expression_more_sensitive	0.5462847003794342
USP34	all_breast_lines	1393	Gemcitabine	Pyrimidine antimetabolite	DNA replication	GDSC1	LN_IC50	44	-0.23735024665257223	0.12081999433357105	higher_expression_more_sensitive	0.3655579315733688
USP34	all_breast_lines	1428	IAP_5620	IAP	Other	GDSC1	AUC	44	0.23594080338266385	0.12310801055129085	higher_expression_more_resistant	0.45376377935542733
USP34	all_breast_lines	1024	Lestaurtinib	FLT3, JAK2, NTRK1, NTRK2, NTRK3	Other, kinases	GDSC1	AUC	43	-0.2387496224705527	0.12311108550356967	higher_expression_more_sensitive	0.45376377935542733
USP34	all_breast_lines	1379	ZL109	DNA damage	Unclassified	GDSC1	AUC	43	-0.23859861069163396	0.12335541971794213	higher_expression_more_sensitive	0.45376377935542733
USP34	all_breast_lines	1195	FY026		Unclassified	GDSC1	AUC	43	-0.23799456357595888	0.12433640281773008	higher_expression_more_sensitive	0.45376377935542733
USP34	all_breast_lines	150	Bicalutamide	AR	Hormone-related	GDSC1	AUC	45	0.230566534914361	0.12756448885521812	higher_expression_more_resistant	0.4604384247593066
USP34	all_breast_lines	1161	ZG-10	JNK1	JNK and p38 signaling	GDSC1	LN_IC50	23	-0.3270750988142293	0.12766439967393886	higher_expression_more_sensitive	0.3829931990218166
USP34	all_breast_lines	2360	THR-101	Mutant RAS	PI3K/MTOR signaling	GDSC2	LN_IC50	41	-0.2418118466898955	0.12771532497820606	higher_expression_more_sensitive	0.5475727933360426
USP34	all_breast_lines	1088	Irinotecan	TOP1	DNA replication	GDSC2	LN_IC50	45	-0.23030303030303026	0.128012377905387	higher_expression_more_sensitive	0.5475727933360426
USP34	all_breast_lines	1997	WEHI-539	BCL-XL	Apoptosis regulation	GDSC2	LN_IC50	44	-0.23171247357293864	0.13016775419462134	higher_expression_more_sensitive	0.5475727933360426
USP34	all_breast_lines	1032	Afatinib	EGFR, ERBB2	EGFR signaling	GDSC2	LN_IC50	44	0.23157152924594787	0.1304081847338404	higher_expression_more_resistant	0.5475727933360426
USP34	all_breast_lines	1262	UNC1215	L3MBTL3	Chromatin other	GDSC1	AUC	42	0.23717689004132567	0.13044040795431397	higher_expression_more_resistant	0.4604384247593066
USP34	all_breast_lines	2045	AMG-319	PI3K (beta sparing)	PI3K/MTOR signaling	GDSC2	LN_IC50	44	-0.231430584918957	0.13064894718193296	higher_expression_more_sensitive	0.5475727933360426
USP34	all_breast_lines	442	IMD-0354	IKKb	Other, kinases	GDSC1	AUC	44	-0.23128964059196616	0.1308900417717406	higher_expression_more_sensitive	0.4604384247593066
USP34	all_breast_lines	1198	FY012		Unclassified	GDSC1	AUC	43	-0.23376623376623373	0.13136802514319199	higher_expression_more_sensitive	0.4604384247593066
USP34	all_breast_lines	1367	BAY-HDAC11_4	HDAC11	Chromatin histone acetylation	GDSC1	LN_IC50	40	-0.24165103189493436	0.13303616498848553	higher_expression_more_sensitive	0.39474629783345094
USP34	all_breast_lines	1426	AZD7969	GSK3B	WNT signaling	GDSC1	AUC	43	-0.2327091513138025	0.1331714209686816	higher_expression_more_sensitive	0.4621831668913067
USP34	all_breast_lines	1618	GSK2606414	PERK	Metabolism	GDSC2	AUC	40	0.24127579737335839	0.1336579870491877	higher_expression_more_resistant	0.6938562967297026
USP34	all_breast_lines	1494	SN-38	TOP1	DNA replication	GDSC1	LN_IC50	44	-0.22903453136011273	0.13479291548220193	higher_expression_more_sensitive	0.39474629783345094
USP34	all_breast_lines	1490	SN-38	TOP1	DNA replication	GDSC1	LN_IC50	43	-0.23165206886137116	0.1349932016466541	higher_expression_more_sensitive	0.39474629783345094
USP34	all_breast_lines	1024	Lestaurtinib	FLT3, JAK2, NTRK1, NTRK2, NTRK3	Other, kinases	GDSC2	AUC	45	-0.22595520421607376	0.13557385541842304	higher_expression_more_sensitive	0.6938562967297026
USP34	all_breast_lines	1198	FY012		Unclassified	GDSC1	LN_IC50	43	-0.23104802174569616	0.13604250942282772	higher_expression_more_sensitive	0.39474629783345094
USP34	all_breast_lines	1131	PRIMA-1MET	TP53 activation	p53 pathway	GDSC2	AUC	40	-0.23771106941838657	0.13967332929183268	higher_expression_more_sensitive	0.6938562967297026
USP34	all_breast_lines	1011	Navitoclax	BCL2, BCL-XL, BCL-W	Apoptosis regulation	GDSC2	AUC	46	-0.22109158186864014	0.13978531056867746	higher_expression_more_sensitive	0.6938562967297026
USP34	all_breast_lines	1007	Docetaxel	Microtubule stabiliser	Mitosis	GDSC2	AUC	46	-0.22072155411655872	0.14046630706812704	higher_expression_more_sensitive	0.6938562967297026
USP34	all_breast_lines	1714	ERK_6604	ERK1,ERK2	ERK MAPK signaling	GDSC2	LN_IC50	37	-0.24703651019440492	0.1404693845117829	higher_expression_more_sensitive	0.5749591931812432
USP34	all_breast_lines	1190	Gemcitabine	Pyrimidine antimetabolite	DNA replication	GDSC2	AUC	45	-0.22318840579710145	0.14055596501943704	higher_expression_more_sensitive	0.6938562967297026
USP34	all_breast_lines	2145	PBD-288		Unclassified	GDSC2	AUC	40	-0.23677298311444658	0.14128904135436962	higher_expression_more_sensitive	0.6938562967297026
USP34	all_breast_lines	1251	N22899-6-C1	Peptidyl arginine deaminase (PAD)	Unclassified	GDSC1	LN_IC50	43	-0.22757475083056478	0.14219397724743507	higher_expression_more_sensitive	0.4092412028096912
USP34	all_breast_lines	1004	Vinblastine	Microtubule destabiliser	Mitosis	GDSC2	LN_IC50	41	-0.23275261324041815	0.14307023848308217	higher_expression_more_sensitive	0.5749591931812432
USP34	all_breast_lines	1829	667880		Unclassified	GDSC2	AUC	37	-0.24513987671882406	0.14364042634053492	higher_expression_more_sensitive	0.6938562967297026
USP34	all_breast_lines	1149	TW 37	BCL2, BCL-XL, MCL1	Apoptosis regulation	GDSC1	LN_IC50	42	-0.22939794181994977	0.14391342882981753	higher_expression_more_sensitive	0.4108496274657694
USP34	all_breast_lines	1069	EHT-1864	RAC1, RAC2, RAC3	Cytoskeleton	GDSC1	AUC	43	0.22651766837813353	0.14410636336897611	higher_expression_more_resistant	0.4952781808991995
USP34	all_breast_lines	230	GSK429286A	ROCK1, ROCK2	Cytoskeleton	GDSC1	LN_IC50	45	-0.22015810276679837	0.14616698486733254	higher_expression_more_sensitive	0.4112757756603467
USP34	all_breast_lines	1919	Osimertinib	EGFR	EGFR signaling	GDSC2	LN_IC50	45	0.22015810276679837	0.14616698486733254	higher_expression_more_resistant	0.5749591931812432
USP34	all_breast_lines	1262	UNC1215	L3MBTL3	Chromatin other	GDSC1	LN_IC50	42	-0.22793938902844177	0.14654987592257712	higher_expression_more_sensitive	0.4112757756603467
USP34	all_breast_lines	1032	Afatinib	EGFR, ERBB2	EGFR signaling	GDSC2	AUC	44	0.2224101479915433	0.14675857767838313	higher_expression_more_resistant	0.6971032439723199
USP34	all_breast_lines	1720	AZD5991	MCL1	Apoptosis regulation	GDSC2	LN_IC50	37	-0.24324324324324323	0.14686365656011371	higher_expression_more_sensitive	0.5749591931812432
USP34	all_breast_lines	1836	150412		Unclassified	GDSC2	LN_IC50	37	-0.2430061640587956	0.14727024948151143	higher_expression_more_sensitive	0.5749591931812432
USP34	all_breast_lines	293	Amuvatinib	KIT, PDGFRA, FLT3	RTK signaling	GDSC1	AUC	44	0.2219873150105708	0.1475480890080905	higher_expression_more_resistant	0.5022309952775388
USP34	all_breast_lines	153	Midostaurin	PKC, PPK, FLT1, c-FGR, others	Other	GDSC1	LN_IC50	44	-0.2219873150105708	0.1475480890080905	higher_expression_more_sensitive	0.4112757756603467
USP34	all_breast_lines	331	QL-X-138	BTK	Other, kinases	GDSC1	AUC	43	0.22349743279975837	0.14967486244204414	higher_expression_more_resistant	0.5046181076617489
USP34	all_breast_lines	1050	ZM447439	AURKA, AURKB	Mitosis	GDSC2	LN_IC50	45	-0.21818181818181817	0.14991436444993098	higher_expression_more_sensitive	0.5773728901112207
USP34	all_breast_lines	1844	776928		Unclassified	GDSC2	AUC	37	0.2411095305832148	0.15055266092982172	higher_expression_more_resistant	0.7034017764753966
USP34	all_breast_lines	231	FMK	RSK	Other, kinases	GDSC1	AUC	45	0.2175230566534914	0.1511790632226017	higher_expression_more_resistant	0.5048810224603868
USP34	all_breast_lines	1142	HG-5-113-01	AURKA	Mitosis	GDSC1	LN_IC50	23	-0.30830039525691705	0.15236092668791043	higher_expression_more_sensitive	0.4213731878712523
USP34	all_breast_lines	1909	Venetoclax	BCL2	Apoptosis regulation	GDSC2	AUC	45	-0.21594202898550724	0.15424630178621385	higher_expression_more_sensitive	0.7061941840404097
USP34	all_breast_lines	1024	Lestaurtinib	FLT3, JAK2, NTRK1, NTRK2, NTRK3	Other, kinases	GDSC2	LN_IC50	45	-0.21554677206851117	0.15502018818456134	higher_expression_more_sensitive	0.5890767151013331
USP34	all_breast_lines	1177	Niraparib	PARP1, PARP2	Genome integrity	GDSC2	AUC	40	-0.22851782363977488	0.15610608278788002	higher_expression_more_sensitive	0.7061941840404097
USP34	all_breast_lines	326	GSK690693	AKT1, AKT2, AKT3	PI3K/MTOR signaling	GDSC1	AUC	44	0.21747709654686398	0.15616507229664506	higher_expression_more_resistant	0.5166582765702089
USP34	all_breast_lines	1008	Methotrexate	Antimetabolite	DNA replication	GDSC1	LN_IC50	43	-0.218816067653277	0.15861594424051695	higher_expression_more_sensitive	0.43527166093909303
USP34	all_breast_lines	151	QS11	ARFGAP1	Other	GDSC1	AUC	45	0.21212121212121213	0.16184667049210508	higher_expression_more_resistant	0.5240490448382739
USP34	all_breast_lines	374	GSK1059615	PI3K	PI3K/MTOR signaling	GDSC1	AUC	44	-0.21451726568005636	0.16201642564060306	higher_expression_more_sensitive	0.5240490448382739
USP34	all_breast_lines	442	IMD-0354	IKKb	Other, kinases	GDSC1	LN_IC50	44	-0.21437632135306553	0.1622989848337931	higher_expression_more_sensitive	0.4419526202397135
USP34	all_breast_lines	1254	GSK-J4	KDM6B	Chromatin histone methylation	GDSC1	LN_IC50	43	-0.2162488674116581	0.16368132454914353	higher_expression_more_sensitive	0.4423144190106627
USP34	all_breast_lines	1091	BMS-536924	IGF1R, IR	IGF1R signaling	GDSC1	AUC	43	-0.2162488674116581	0.16368132454914353	higher_expression_more_sensitive	0.5240490448382739
USP34	all_breast_lines	1149	TW 37	BCL2, BCL-XL, MCL1	Apoptosis regulation	GDSC1	AUC	42	-0.21837776517300056	0.16471899902295375	higher_expression_more_sensitive	0.5240490448382739
USP34	all_breast_lines	2498	alpha-lipoic acid	Metabolism	Metabolism	GDSC2	LN_IC50	40	-0.22382739212007505	0.16501291209424349	higher_expression_more_sensitive	0.6107620772319402
USP34	all_breast_lines	1627	GSK343	EZH2	Chromatin histone methylation	GDSC2	LN_IC50	40	0.22382739212007505	0.16501291209424349	higher_expression_more_resistant	0.6107620772319402
USP34	all_breast_lines	1080	Paclitaxel	Microtubule stabiliser	Mitosis	GDSC2	AUC	45	-0.21054018445322792	0.16507013319498415	higher_expression_more_sensitive	0.706569900658927
USP34	all_breast_lines	2109	AZ6102	TNKS1, TNKS2	WNT signaling	GDSC2	AUC	45	-0.21054018445322792	0.16507013319498415	higher_expression_more_sensitive	0.706569900658927
USP34	all_breast_lines	1512	Cyclophosphamide	Alkylating agent	DNA replication	GDSC2	AUC	45	-0.21040843214756258	0.16534084398448534	higher_expression_more_sensitive	0.706569900658927
USP34	all_breast_lines	1072	Avagacestat	Amyloid beta20, Amyloid beta40	Other	GDSC1	AUC	43	-0.21519178495922678	0.16580082774544258	higher_expression_more_sensitive	0.5240490448382739
USP34	all_breast_lines	2156	5-azacytidine	DNA methyltransferases	Other	GDSC2	AUC	40	-0.2232645403377111	0.16610590647069512	higher_expression_more_sensitive	0.706569900658927
USP34	all_breast_lines	1497	AZD4547	FGFR1, FGFR2, FGFR3	RTK signaling	GDSC1	LN_IC50	41	-0.2203832752613241	0.16617686597133205	higher_expression_more_sensitive	0.4456561405594814
USP34	all_breast_lines	1594	OSI-027	MTORC1, MTORC2	PI3K/MTOR signaling	GDSC2	LN_IC50	45	0.2077733860342556	0.17082292202245344	higher_expression_more_resistant	0.6241606766205029
USP34	all_breast_lines	1032	Afatinib	EGFR, ERBB2	EGFR signaling	GDSC1	LN_IC50	43	0.21202053760193293	0.17227849314147492	higher_expression_more_resistant	0.4539649565349111
USP34	all_breast_lines	574	Wnt-C59	PORCN	WNT signaling	GDSC1	AUC	44	0.20938017561186079	0.17254785332554462	higher_expression_more_resistant	0.540548142276485
USP34	all_breast_lines	1360	993-D2	MKNK1, MKNK2	Other, kinases	GDSC1	LN_IC50	40	-0.21988742964352723	0.17277377464776747	higher_expression_more_sensitive	0.4539649565349111
USP34	all_breast_lines	1810	Mitoxantrone	TOP2	DNA replication	GDSC2	LN_IC50	37	-0.22807017543859648	0.17457383115322925	higher_expression_more_sensitive	0.6295620611385421
USP34	all_breast_lines	1188	CCT245467	HSF1	Unclassified	GDSC1	LN_IC50	42	-0.21335386111336196	0.17489450113732224	higher_expression_more_sensitive	0.4539649565349111
USP34	all_breast_lines	223	ZSTK474	PI3K (class 1)	PI3K/MTOR signaling	GDSC1	LN_IC50	45	0.20553359683794462	0.17558495159406354	higher_expression_more_resistant	0.4539649565349111
USP34	all_breast_lines	1161	ZG-10	JNK1	JNK and p38 signaling	GDSC1	AUC	23	-0.29249011857707513	0.17562591876850703	higher_expression_more_sensitive	0.5453646951232587
USP34	all_breast_lines	255	CP724714	ERBB2	EGFR signaling	GDSC1	LN_IC50	44	0.20789288231148695	0.1756870029527763	higher_expression_more_resistant	0.4539649565349111
USP34	all_breast_lines	1401	AZD5438	CDK2	Cell cycle	GDSC2	AUC	37	-0.22712185870080606	0.17642171982219831	higher_expression_more_sensitive	0.7394145610195076
USP34	all_breast_lines	1080	Paclitaxel	Microtubule stabiliser	Mitosis	GDSC2	LN_IC50	45	-0.20500658761528326	0.17671917505643286	higher_expression_more_sensitive	0.6295620611385421
USP34	all_breast_lines	299	OSI-027	MTORC1, MTORC2	PI3K/MTOR signaling	GDSC1	AUC	44	0.2066243833685694	0.17839661835221327	higher_expression_more_resistant	0.5491513295363782
USP34	all_breast_lines	1184	AZ20	ATR	Genome integrity	GDSC1	LN_IC50	42	-0.21124706263673934	0.17929323409075404	higher_expression_more_sensitive	0.4599261222328038
USP34	all_breast_lines	2107	LJI308	RSK2, RSK1, RSK3	PI3K/MTOR signaling	GDSC2	LN_IC50	44	-0.20451021846370684	0.18297901247077666	higher_expression_more_sensitive	0.6438150438786586
USP34	all_breast_lines	312	Tivozanib	VEGFR1, VEGFR2, VEGFR3, PDGFR, KIT	RTK signaling	GDSC1	AUC	44	0.20408738548273433	0.18390548838484286	higher_expression_more_resistant	0.5595954312676077
USP34	all_breast_lines	1142	HG-5-113-01	AURKA	Mitosis	GDSC1	AUC	23	-0.2865612648221344	0.18495103236810762	higher_expression_more_sensitive	0.5595954312676077
USP34	all_breast_lines	374	GSK1059615	PI3K	PI3K/MTOR signaling	GDSC1	LN_IC50	44	-0.20310077519379843	0.18608027388287973	higher_expression_more_sensitive	0.4739022802484851
USP34	all_breast_lines	1919	Osimertinib	EGFR	EGFR signaling	GDSC2	AUC	45	0.19986824769433462	0.18805477947263247	higher_expression_more_resistant	0.7481243749600803
USP34	all_breast_lines	1083	Crizotinib	MET, ALK, ROS1	RTK signaling	GDSC2	AUC	45	-0.19947299077733857	0.18894769455820942	higher_expression_more_sensitive	0.7481243749600803
USP34	all_breast_lines	1073	5-Fluorouracil	Antimetabolite (DNA & RNA)	Other	GDSC2	LN_IC50	46	-0.1969164353993216	0.18962714207725534	higher_expression_more_sensitive	0.6541633571735068
USP34	all_breast_lines	176	IPA-3	PAK1	Cytoskeleton	GDSC1	AUC	44	0.20098661028893586	0.1908020796996405	higher_expression_more_resistant	0.5694878837185646
USP34	all_breast_lines	1449	AZD1208	PIM1, PIM2, PIM3	Other, kinases	GDSC1	LN_IC50	44	-0.2007047216349542	0.19143801740821806	higher_expression_more_sensitive	0.4840537646619864
USP34	all_breast_lines	154	CHIR-99021	GSK3A, GSK3B	WNT signaling	GDSC1	AUC	44	0.2007047216349542	0.19143801740821806	higher_expression_more_resistant	0.5694878837185646
USP34	all_breast_lines	165	DMOG	HIF-PH	Metabolism	GDSC1	LN_IC50	43	-0.20250679553005133	0.19280107575519798	higher_expression_more_sensitive	0.4840537646619864
USP34	all_breast_lines	2359	GSK2830371	WIP1	Other	GDSC2	LN_IC50	41	-0.20714285714285718	0.19377563171078654	higher_expression_more_sensitive	0.6541633571735068
USP34	all_breast_lines	1030	KU-55933	ATM	Genome integrity	GDSC1	AUC	42	-0.20444048294303543	0.19404405704203528	higher_expression_more_sensitive	0.5713302992663781
USP34	all_breast_lines	1033	Vismodegib	SMO	Other	GDSC2	AUC	45	0.19710144927536227	0.19436854490529656	higher_expression_more_resistant	0.7481243749600803
USP34	all_breast_lines	1814	Nelarabine		DNA replication	GDSC2	LN_IC50	37	-0.21811284969179703	0.19467537758585465	higher_expression_more_sensitive	0.6541633571735068
USP34	all_breast_lines	1459	PARP_0108	PARP1, PARP2, PARP6	Genome integrity	GDSC1	AUC	44	-0.19901338971106414	0.19528521528596543	higher_expression_more_sensitive	0.5713302992663781
USP34	all_breast_lines	1091	BMS-536924	IGF1R, IR	IGF1R signaling	GDSC2	LN_IC50	45	-0.19631093544137024	0.1961997181118961	higher_expression_more_sensitive	0.6541633571735068
USP34	all_breast_lines	1014	Refametinib	MEK1, MEK2	ERK MAPK signaling	GDSC1	LN_IC50	43	-0.20024161884627	0.1979321727739484	higher_expression_more_sensitive	0.49254996756912256
USP34	all_breast_lines	1088	Irinotecan	TOP1	DNA replication	GDSC2	AUC	45	-0.19552042160737812	0.19804304959523605	higher_expression_more_sensitive	0.7481243749600803
USP34	all_breast_lines	1932	NVP-ADW742	IGF1R	IGF1R signaling	GDSC2	LN_IC50	45	-0.19552042160737812	0.19804304959523605	higher_expression_more_sensitive	0.6541633571735068
USP34	all_breast_lines	416	CAY10566	Stearoyl-CoA desaturase	Other	GDSC1	LN_IC50	44	-0.19732205778717404	0.1991867269568463	higher_expression_more_sensitive	0.49254996756912256
USP34	all_breast_lines	152	CP466722	ATM	Genome integrity	GDSC1	AUC	45	0.19499341238471674	0.19927870536977915	higher_expression_more_resistant	0.571625408698758
USP34	all_breast_lines	1414	Fulvestrant	ESR1	Hormone-related	GDSC1	LN_IC50	43	-0.19918453639383873	0.200359308841677	higher_expression_more_sensitive	0.49254996756912256
USP34	all_breast_lines	1401	AZD5438	CDK2	Cell cycle	GDSC2	LN_IC50	37	-0.21526789947842578	0.20070545771362683	higher_expression_more_sensitive	0.6541633571735068
USP34	all_breast_lines	1004	Vinblastine	Microtubule destabiliser	Mitosis	GDSC2	AUC	41	-0.20331010452961676	0.2023357161467198	higher_expression_more_sensitive	0.7481243749600803
USP34	all_breast_lines	258	STF-62247	Autophagy inducer	Other	GDSC1	AUC	45	0.19341238471673253	0.20301824710491417	higher_expression_more_resistant	0.571625408698758
USP34	all_breast_lines	1626	OTX015	BRD2, BRD3, BRD4	Chromatin other	GDSC2	AUC	40	-0.2056285178236398	0.2030449709189861	higher_expression_more_sensitive	0.7481243749600803
USP34	all_breast_lines	1778	GSK2110183B	AKT1, AKT2, AKT3	PI3K/MTOR signaling	GDSC2	AUC	37	-0.21384542437174014	0.203768875860634	higher_expression_more_sensitive	0.7481243749600803
USP34	all_breast_lines	1494	SN-38	TOP1	DNA replication	GDSC2	LN_IC50	44	-0.1952078928823115	0.2041403860401434	higher_expression_more_sensitive	0.6541633571735068
USP34	all_breast_lines	1844	776928		Unclassified	GDSC2	LN_IC50	37	0.2136083451872925	0.20428259224014775	higher_expression_more_resistant	0.6541633571735068
USP34	all_breast_lines	306	Fedratinib	JAK2	Other, kinases	GDSC1	AUC	44	-0.19393939393939394	0.20715371043327993	higher_expression_more_sensitive	0.571625408698758
USP34	all_breast_lines	166	FTI-277	Farnesyl-transferase (FNTA)	Other	GDSC1	AUC	44	0.19379844961240306	0.20749043414708118	higher_expression_more_resistant	0.571625408698758
USP34	all_breast_lines	1799	Ibrutinib	BTK	Other, kinases	GDSC2	AUC	38	0.20910384068278803	0.20769583673769257	higher_expression_more_resistant	0.7481243749600803
USP34	all_breast_lines	346	THZ-2-102-1	CDK7	Cell cycle	GDSC1	AUC	44	-0.1935165609584214	0.2081650291348433	higher_expression_more_sensitive	0.571625408698758
USP34	all_breast_lines	2044	Pyridostatin	G-quadruplex stabiliser	DNA replication	GDSC2	AUC	44	-0.19337561663143057	0.20850290067649233	higher_expression_more_sensitive	0.7481243749600803
USP34	all_breast_lines	1036	PLX-4720	BRAF	ERK MAPK signaling	GDSC1	LN_IC50	42	-0.1976339032493315	0.2096316635870368	higher_expression_more_sensitive	0.5117904062745589
USP34	all_breast_lines	302	PI-103	PI3Kalpha, DAPK3, CLK4, PIM3, HIPK2	Other, kinases	GDSC1	AUC	44	0.1928118393234672	0.2098582169288251	higher_expression_more_resistant	0.571625408698758
USP34	all_breast_lines	193	GW-2580	CSF1R	RTK signaling	GDSC1	AUC	44	0.19252995066948556	0.21053817495162702	higher_expression_more_resistant	0.571625408698758
USP34	all_breast_lines	1617	AZD5582	XIAP, cIAP	Apoptosis regulation	GDSC2	AUC	39	0.2048582995951417	0.2109219543104063	higher_expression_more_resistant	0.7481243749600803
USP34	all_breast_lines	1932	NVP-ADW742	IGF1R	IGF1R signaling	GDSC2	AUC	45	-0.1901185770750988	0.21096665059133896	higher_expression_more_sensitive	0.7481243749600803
USP34	all_breast_lines	1810	Mitoxantrone	TOP2	DNA replication	GDSC2	AUC	37	-0.21052631578947367	0.21104300930566414	higher_expression_more_sensitive	0.7481243749600803
USP34	all_breast_lines	299	OSI-027	MTORC1, MTORC2	PI3K/MTOR signaling	GDSC1	LN_IC50	44	0.1919661733615222	0.21190269600926512	higher_expression_more_resistant	0.5137914684060264
USP34	all_breast_lines	1434	JAK3_7406	JAK3	Other, kinases	GDSC1	AUC	44	-0.19182522903453136	0.2122447864044608	higher_expression_more_sensitive	0.571625408698758
USP34	all_breast_lines	1714	ERK_6604	ERK1,ERK2	ERK MAPK signaling	GDSC2	AUC	37	-0.20981507823613088	0.21262482235707544	higher_expression_more_sensitive	0.7481243749600803
USP34	all_breast_lines	235	QL-XII-47	BTK, BMX	Other, kinases	GDSC1	AUC	45	0.18906455862977603	0.21355537386025136	higher_expression_more_resistant	0.571625408698758
USP34	all_breast_lines	1072	Avagacestat	Amyloid beta20, Amyloid beta40	Other	GDSC2	LN_IC50	45	-0.1889328063241107	0.21388051199355992	higher_expression_more_sensitive	0.6772882879796065
USP34	all_breast_lines	331	QL-X-138	BTK	Other, kinases	GDSC1	LN_IC50	43	0.19329507701600726	0.21426505567574514	higher_expression_more_resistant	0.5142952644596804
USP34	all_breast_lines	1241	CHIR-99021	GSK3A, GSK3B	WNT signaling	GDSC1	LN_IC50	42	-0.1953650433514302	0.21501609926562912	higher_expression_more_sensitive	0.5142952644596804
USP34	all_breast_lines	1494	SN-38	TOP1	DNA replication	GDSC1	AUC	44	-0.1901338971106413	0.2163798832773065	higher_expression_more_sensitive	0.571625408698758
USP34	all_breast_lines	285	SU11274	MET	RTK signaling	GDSC1	LN_IC50	44	-0.18985200845665962	0.21707446159506938	higher_expression_more_sensitive	0.5157339557359366
USP34	all_breast_lines	1011	Navitoclax	BCL2, BCL-XL, BCL-W	Apoptosis regulation	GDSC1	AUC	43	-0.1917849592268197	0.21793600212435185	higher_expression_more_sensitive	0.571625408698758
USP34	all_breast_lines	295	NVP-BHG712	EPHB4, RAF, SRC, ABL	Other, kinases	GDSC1	AUC	45	0.18682476943346504	0.21912961785384116	higher_expression_more_resistant	0.571625408698758
USP34	all_breast_lines	310	YM201636	PIKFYVE	PI3K/MTOR signaling	GDSC1	AUC	45	0.1859025032938076	0.2214539259682141	higher_expression_more_resistant	0.571625408698758
USP34	all_breast_lines	206	Ruxolitinib	JAK1, JAK2	Other, kinases	GDSC1	AUC	45	0.1852437417654809	0.22312454330761883	higher_expression_more_resistant	0.571625408698758
USP34	all_breast_lines	552	BAM7	Bax activator	Other	GDSC1	AUC	44	0.18731501057082453	0.22339526833706305	higher_expression_more_resistant	0.571625408698758
USP34	all_breast_lines	302	PI-103	PI3Kalpha, DAPK3, CLK4, PIM3, HIPK2	Other, kinases	GDSC1	LN_IC50	44	0.18717406624383365	0.22375010542788987	higher_expression_more_resistant	0.5280502488098201
USP34	all_breast_lines	562	AGI-6780	IDH2(R140Q)	Metabolism	GDSC1	AUC	44	0.18675123326286114	0.22481694662301824	higher_expression_more_resistant	0.571625408698758
USP34	all_breast_lines	431	Alisertib	AURKA	Mitosis	GDSC1	AUC	43	-0.18891573542736334	0.22503020602308144	higher_expression_more_sensitive	0.571625408698758
USP34	all_breast_lines	1403	AZD6094	MET	RTK signaling	GDSC1	AUC	44	0.1866102889358703	0.2251733373629918	higher_expression_more_resistant	0.571625408698758
USP34	all_breast_lines	261	TL-1-85	TAK1, MAP4K2	Other, kinases	GDSC1	AUC	45	0.18353096179183134	0.22750879096994056	higher_expression_more_resistant	0.571625408698758
USP34	all_breast_lines	158	PF-562271	FAK, FAK2	Cytoskeleton	GDSC1	AUC	42	0.19017907787051294	0.22768130685459007	higher_expression_more_resistant	0.571625408698758
USP34	all_breast_lines	1038	NU7441	DNAPK	Genome integrity	GDSC2	LN_IC50	45	-0.1831357048748353	0.2285288929580503	higher_expression_more_sensitive	0.7154326989481821
USP34	all_breast_lines	203	BMS-345541	IKK1, IKK2	Other, kinases	GDSC1	AUC	45	0.18247694334650852	0.23023603599020315	higher_expression_more_resistant	0.5739687094403656
USP34	all_breast_lines	1017	Olaparib	PARP1, PARP2	Genome integrity	GDSC1	LN_IC50	43	-0.186650558743582	0.2307419147634509	higher_expression_more_sensitive	0.540944621365971
USP34	all_breast_lines	1062	Selumetinib	MEK1, MEK2	ERK MAPK signaling	GDSC1	AUC	41	0.18989547038327528	0.23436923767041873	higher_expression_more_resistant	0.5801867841631345
USP34	all_breast_lines	253	XMD14-99	ALK, CDK7, LTK, others	Other, kinases	GDSC1	AUC	44	0.1821000704721635	0.23678363904601313	higher_expression_more_resistant	0.5820931126547823
USP34	all_breast_lines	2362	THR-103	Mutant RAS	PI3K/MTOR signaling	GDSC2	LN_IC50	41	-0.18867595818815336	0.23744338521096442	higher_expression_more_sensitive	0.7154326989481821
USP34	all_breast_lines	1913	AGI-5198	IDH1 (R132H)	Metabolism	GDSC2	AUC	45	0.1797101449275362	0.23750144497972628	higher_expression_more_resistant	0.8180340919881189
USP34	all_breast_lines	1023	GW441756	NTRK1	RTK signaling	GDSC2	AUC	42	-0.18596548091726767	0.23834131288145488	higher_expression_more_sensitive	0.8180340919881189
USP34	all_breast_lines	1819	Docetaxel	Microtubule stabiliser	Mitosis	GDSC2	LN_IC50	35	-0.20448179271708683	0.23867820002702303	higher_expression_more_sensitive	0.7154326989481821
USP34	all_breast_lines	476	SB505124	TGFBR1, ACVR1B, ACVR1C	RTK signaling	GDSC1	LN_IC50	44	-0.18083157152924595	0.24012120570198056	higher_expression_more_sensitive	0.5564371184250951
USP34	all_breast_lines	1808	Topotecan	TOP1	DNA replication	GDSC2	LN_IC50	37	-0.19796111901375057	0.24019946552763352	higher_expression_more_sensitive	0.7154326989481821
USP34	all_breast_lines	177	GSK650394	SGK2, SGK3	Other, kinases	GDSC1	LN_IC50	44	-0.18069062720225512	0.2404940088108462	higher_expression_more_sensitive	0.5564371184250951
USP34	all_breast_lines	1029	Motesanib	VEGFR, RET, KIT, PDGFR	RTK signaling	GDSC2	AUC	45	-0.17799736495388668	0.24207654765136472	higher_expression_more_sensitive	0.8180340919881189
USP34	all_breast_lines	1933	P22077	USP7, USP47	Protein stability and degradation	GDSC2	LN_IC50	45	-0.1774703557312253	0.24349622275896513	higher_expression_more_sensitive	0.7154326989481821
USP34	all_breast_lines	1819	Docetaxel	Microtubule stabiliser	Mitosis	GDSC2	AUC	35	-0.20224089635854342	0.24397508006663196	higher_expression_more_sensitive	0.8180340919881189
USP34	all_breast_lines	229	Enzastaurin	PKCB	Other, kinases	GDSC1	LN_IC50	44	0.17928118393234668	0.24424365775253296	higher_expression_more_resistant	0.5568152787848588
USP34	all_breast_lines	1778	GSK2110183B	AKT1, AKT2, AKT3	PI3K/MTOR signaling	GDSC2	LN_IC50	37	-0.1960644855381697	0.24482517922348612	higher_expression_more_sensitive	0.7154326989481821
USP34	all_breast_lines	1170	CCT-018159	HSP90	Protein stability and degradation	GDSC1	LN_IC50	42	-0.183372498176809	0.24506713785084103	higher_expression_more_sensitive	0.5568152787848588
USP34	all_breast_lines	300	CX-5461	RNA Polymerase 1	Other	GDSC1	LN_IC50	44	0.1788583509513742	0.2453762245492598	higher_expression_more_resistant	0.5568152787848588
USP34	all_breast_lines	1191	Bortezomib	Proteasome	Protein stability and degradation	GDSC2	LN_IC50	45	-0.17602108036890643	0.24742938339087894	higher_expression_more_sensitive	0.7154326989481821
USP34	all_breast_lines	1617	AZD5582	XIAP, cIAP	Apoptosis regulation	GDSC2	LN_IC50	39	0.18927125506072875	0.24849633020195275	higher_expression_more_resistant	0.7154326989481821
USP34	all_breast_lines	1268	XAV939	TNKS1, TNKS2	WNT signaling	GDSC2	LN_IC50	40	-0.18667917448405252	0.24874709251264762	higher_expression_more_sensitive	0.7154326989481821
USP34	all_breast_lines	1421	FGFR_0939	FGFR4	RTK signaling	GDSC1	AUC	44	-0.17716701902748413	0.24994196145494513	higher_expression_more_sensitive	0.6102031334831074
USP34	all_breast_lines	1855	KRAS (G12C) Inhibitor-12	KRAS (G12C)	ERK MAPK signaling	GDSC2	AUC	40	-0.18592870544090057	0.25068867212047463	higher_expression_more_sensitive	0.8207046905051288
USP34	all_breast_lines	245	UNC0638	G9a and GLP methyltransferases	Chromatin histone methylation	GDSC1	AUC	45	0.1743083003952569	0.25213269983166264	higher_expression_more_resistant	0.611335450276771
USP34	all_breast_lines	1627	GSK343	EZH2	Chromatin histone methylation	GDSC2	AUC	40	0.18499061913696063	0.25312989087515747	higher_expression_more_resistant	0.8207046905051288
USP34	all_breast_lines	1836	150412		Unclassified	GDSC2	AUC	37	-0.19179706021811282	0.2554504563773945	higher_expression_more_sensitive	0.8207046905051288
USP34	all_breast_lines	1862	MG-132	Proteasome, CAPN1	Protein stability and degradation	GDSC2	LN_IC50	46	-0.1711378353376503	0.2554615206799742	higher_expression_more_sensitive	0.7154326989481821
USP34	all_breast_lines	1909	Venetoclax	BCL2	Apoptosis regulation	GDSC2	LN_IC50	45	-0.1729907773386034	0.2557912880648955	higher_expression_more_sensitive	0.7154326989481821
USP34	all_breast_lines	1713	ERK_2440	ERK1,ERK2	ERK MAPK signaling	GDSC2	LN_IC50	37	-0.1915599810336652	0.25604959751829676	higher_expression_more_sensitive	0.7154326989481821
USP34	all_breast_lines	147	NSC-87877	SHP-1 (PTPN6), SHP-2 (PTPN11)	Other	GDSC1	AUC	44	0.1749119097956307	0.2561180626352527	higher_expression_more_resistant	0.6156245968638036
USP34	all_breast_lines	1007	Docetaxel	Microtubule stabiliser	Mitosis	GDSC1	AUC	43	-0.17653276955602537	0.25746089041194264	higher_expression_more_sensitive	0.6156245968638036
USP34	all_breast_lines	1490	SN-38	TOP1	DNA replication	GDSC1	AUC	43	-0.17592872244035035	0.25911882749352183	higher_expression_more_sensitive	0.6156245968638036
USP34	all_breast_lines	1933	P22077	USP7, USP47	Protein stability and degradation	GDSC2	AUC	45	-0.1716732542819499	0.2594852894546803	higher_expression_more_sensitive	0.8207046905051288
USP34	all_breast_lines	1862	MG-132	Proteasome, CAPN1	Protein stability and degradation	GDSC2	AUC	46	-0.16941103916127043	0.260360510431871	higher_expression_more_sensitive	0.8207046905051288
USP34	all_breast_lines	1042	Doramapimod	p38, JNK2	JNK and p38 signaling	GDSC1	LN_IC50	43	-0.17532467532467533	0.2607838705390762	higher_expression_more_sensitive	0.5856852220209918
USP34	all_breast_lines	1268	XAV939	TNKS1, TNKS2	WNT signaling	GDSC2	AUC	40	-0.18161350844277677	0.26204956784549727	higher_expression_more_sensitive	0.8207046905051288
USP34	all_breast_lines	1855	KRAS (G12C) Inhibitor-12	KRAS (G12C)	ERK MAPK signaling	GDSC2	LN_IC50	40	-0.18142589118198876	0.2625511399203058	higher_expression_more_sensitive	0.7264764551192928
USP34	all_breast_lines	1373	Dabrafenib	BRAF	ERK MAPK signaling	GDSC1	AUC	42	0.17672797990438377	0.26288243378066517	higher_expression_more_resistant	0.618064595300861
USP34	all_breast_lines	1266	ICL1100013	N-myristoyltransferase 1/2	Other	GDSC1	LN_IC50	43	-0.17426759287224403	0.2637148075467505	higher_expression_more_sensitive	0.5856852220209918
USP34	all_breast_lines	1243	Piperlongumine	Induces reactive oxygen species	Other	GDSC1	LN_IC50	43	-0.17411658109332528	0.2641352916999466	higher_expression_more_sensitive	0.5856852220209918
USP34	all_breast_lines	294	MPS-1-IN-1	MPS1	Mitosis	GDSC1	LN_IC50	45	0.16982872200263505	0.26471648452926183	higher_expression_more_resistant	0.5856852220209918
USP34	all_breast_lines	1368	BAY-MPS1	MPS1	Mitosis	GDSC1	AUC	40	-0.18048780487804877	0.2650685414773983	higher_expression_more_sensitive	0.618064595300861
USP34	all_breast_lines	1809	Teniposide		DNA replication	GDSC2	AUC	37	-0.1880037932669511	0.2651487677543505	higher_expression_more_sensitive	0.8213847696738031
USP34	all_breast_lines	1036	PLX-4720	BRAF	ERK MAPK signaling	GDSC1	AUC	42	0.17559354995543314	0.2660078498811391	higher_expression_more_resistant	0.618064595300861
USP34	all_breast_lines	1365	BAY-HDAC11_2	HDAC11	Chromatin histone acetylation	GDSC1	AUC	40	-0.17936210131332084	0.26811042684926645	higher_expression_more_sensitive	0.618064595300861
USP34	all_breast_lines	573	LGK974	PORCN	WNT signaling	GDSC1	LN_IC50	44	-0.17040169133192387	0.2687745312153353	higher_expression_more_sensitive	0.5907287101548732
USP34	all_breast_lines	179	5-Fluorouracil	Antimetabolite (DNA & RNA)	Other	GDSC1	AUC	45	0.16837944664031618	0.2688755584077192	higher_expression_more_resistant	0.618064595300861
USP34	all_breast_lines	1799	Ibrutinib	BTK	Other, kinases	GDSC2	LN_IC50	38	0.18393697341065762	0.26896397151855134	higher_expression_more_resistant	0.7302381616672111
USP34	all_breast_lines	1812	Bleomycin	dsDNA break induction	DNA replication	GDSC2	LN_IC50	37	-0.18634423897581792	0.26946705409159377	higher_expression_more_sensitive	0.7302381616672111
USP34	all_breast_lines	372	Pilaralisib	PI3K	PI3K/MTOR signaling	GDSC1	LN_IC50	44	-0.16969696969696968	0.27078884237425727	higher_expression_more_sensitive	0.5907287101548732
USP34	all_breast_lines	2043	BIBR-1532	TERT	Genome integrity	GDSC2	LN_IC50	44	-0.169415081042988	0.27159735135692764	higher_expression_more_sensitive	0.7302381616672111
USP34	all_breast_lines	1191	Bortezomib	Proteasome	Protein stability and degradation	GDSC2	AUC	45	-0.1673254281949934	0.2719273745635391	higher_expression_more_sensitive	0.8246875294580066
USP34	all_breast_lines	342	Tenovin-6	SIRT	Chromatin histone acetylation	GDSC1	LN_IC50	44	-0.16927413671599717	0.2720022026984303	higher_expression_more_sensitive	0.5907287101548732
USP34	all_breast_lines	1059	AZD8055	MTORC1, MTORC2	PI3K/MTOR signaling	GDSC2	AUC	44	0.16927413671599717	0.2720022026984303	higher_expression_more_resistant	0.8246875294580066
USP34	all_breast_lines	1497	AZD4547	FGFR1, FGFR2, FGFR3	RTK signaling	GDSC1	AUC	41	0.17560975609756102	0.27210022755901714	higher_expression_more_resistant	0.6202942273801175
USP34	all_breast_lines	1261	rTRAIL	TRAIL receptor agonist	Apoptosis regulation	GDSC1	AUC	43	0.17019027484143762	0.27522420331012737	higher_expression_more_resistant	0.6202942273801175
USP34	all_breast_lines	1910	ABT737	BCL2, BCL-XL,  BCL-W, BCL-B, BFL1	Apoptosis regulation	GDSC2	LN_IC50	45	-0.16587615283267454	0.276160833252643	higher_expression_more_sensitive	0.7355685745514323
USP34	all_breast_lines	1219	PFI-1	BRD4	Chromatin other	GDSC1	LN_IC50	43	-0.1689821806100876	0.27869682450439975	higher_expression_more_sensitive	0.5956124605694668
USP34	all_breast_lines	436	CAP-232, TT-232, TLN-232	Glycolysis	Metabolism	GDSC1	LN_IC50	44	-0.16673713883016208	0.2793576132210148	higher_expression_more_sensitive	0.5956124605694668
USP34	all_breast_lines	2010	HKMTI-1-005		Unclassified	GDSC2	LN_IC50	42	-0.17073170731707318	0.2796803149363844	higher_expression_more_sensitive	0.7374912401229968
USP34	all_breast_lines	1386	Doxorubicin	Anthracycline	DNA replication	GDSC1	AUC	44	-0.16659619450317123	0.27977003191032135	higher_expression_more_sensitive	0.6202942273801175
USP34	all_breast_lines	226	GSK1070916	AURKA, AURKC	Mitosis	GDSC1	AUC	43	-0.16852914527333132	0.2800064241480717	higher_expression_more_sensitive	0.6202942273801175
USP34	all_breast_lines	1133	Serdemetan	MDM2	p53 pathway	GDSC1	LN_IC50	42	-0.17040758447451587	0.2806078538164307	higher_expression_more_sensitive	0.5956124605694668
USP34	all_breast_lines	1060	PD0325901	MEK1, MEK2	ERK MAPK signaling	GDSC1	AUC	43	0.1679250981576563	0.2817588099558164	higher_expression_more_resistant	0.6202942273801175
USP34	all_breast_lines	1826	50869		Unclassified	GDSC2	LN_IC50	37	-0.18160265528686578	0.28205805324002337	higher_expression_more_sensitive	0.7374912401229968
USP34	all_breast_lines	202	GSK1904529A	IGF1R, IR	RTK signaling	GDSC1	LN_IC50	45	-0.1633728590250329	0.2835747673145847	higher_expression_more_sensitive	0.5956124605694668
USP34	all_breast_lines	165	DMOG	HIF-PH	Metabolism	GDSC1	AUC	43	-0.16701902748414377	0.2844007918154375	higher_expression_more_sensitive	0.6202942273801175
USP34	all_breast_lines	1458	PARP_9495	PARP1, PARP2, PARP7	Genome integrity	GDSC1	LN_IC50	43	-0.16686801570522497	0.28484268618334463	higher_expression_more_sensitive	0.5956124605694668
USP34	all_breast_lines	1386	Doxorubicin	Anthracycline	DNA replication	GDSC1	LN_IC50	44	-0.16476391825229036	0.28516775777461556	higher_expression_more_sensitive	0.5956124605694668
USP34	all_breast_lines	268	Sepantronium bromide	BIRC5	Apoptosis regulation	GDSC1	AUC	45	-0.16271409749670618	0.28554720906304537	higher_expression_more_sensitive	0.6202942273801175
USP34	all_breast_lines	1254	GSK-J4	KDM6B	Chromatin histone methylation	GDSC1	AUC	43	-0.16581093325279372	0.2879484624065341	higher_expression_more_sensitive	0.6202942273801175
USP34	all_breast_lines	1808	Topotecan	TOP1	DNA replication	GDSC2	AUC	37	-0.17923186344238975	0.28849431700058353	higher_expression_more_sensitive	0.8541594026525564
USP34	all_breast_lines	333	T0901317	LXR, FXR	Other	GDSC1	LN_IC50	44	-0.16363636363636364	0.28852294163311487	higher_expression_more_sensitive	0.5956124605694668
USP34	all_breast_lines	2110	GSK591	PMRT5	Chromatin histone methylation	GDSC2	LN_IC50	45	-0.16166007905138335	0.288721679290677	higher_expression_more_sensitive	0.748051623616754
USP34	all_breast_lines	1428	IAP_5620	IAP	Other	GDSC2	AUC	36	0.18172458172458172	0.2888122665311487	higher_expression_more_resistant	0.8541594026525564
USP34	all_breast_lines	1028	VX-702	p38	JNK and p38 signaling	GDSC1	LN_IC50	43	-0.16505587435819996	0.29018028630558823	higher_expression_more_sensitive	0.5956124605694668
USP34	all_breast_lines	283	Omipalisib	PI3K (class 1), MTORC1, MTORC2	PI3K/MTOR signaling	GDSC1	AUC	44	0.16307258632840027	0.290210110724015	higher_expression_more_resistant	0.6202942273801175
USP34	all_breast_lines	283	Omipalisib	PI3K (class 1), MTORC1, MTORC2	PI3K/MTOR signaling	GDSC1	LN_IC50	44	0.16307258632840027	0.290210110724015	higher_expression_more_resistant	0.5956124605694668
USP34	all_breast_lines	1043	JNK Inhibitor VIII	JNK	JNK and p38 signaling	GDSC1	AUC	43	0.16475385080036242	0.2910761459845134	higher_expression_more_resistant	0.6202942273801175
USP34	all_breast_lines	1018	Veliparib	PARP1, PARP2	Genome integrity	GDSC1	LN_IC50	43	-0.16475385080036242	0.2910761459845134	higher_expression_more_sensitive	0.5956124605694668
USP34	all_breast_lines	1184	AZ20	ATR	Genome integrity	GDSC1	AUC	42	-0.16635604894254924	0.29237152274366485	higher_expression_more_sensitive	0.6202942273801175
USP34	all_breast_lines	1375	Temozolomide	DNA alkylating agent	DNA replication	GDSC2	AUC	45	0.16034255599472988	0.292721906384185	higher_expression_more_resistant	0.8541594026525564
USP34	all_breast_lines	1413	EphB4_9721	EPHB4	RTK signaling	GDSC1	AUC	44	-0.16222692036645525	0.2927528384601271	higher_expression_more_sensitive	0.6202942273801175
USP34	all_breast_lines	1783	LMB_AB1	ADRA1A, ADRB1	Other	GDSC2	AUC	37	-0.1773352299668089	0.2937109524910545	higher_expression_more_sensitive	0.8541594026525564
USP34	all_breast_lines	2177	SGC0946	DOT1L	Chromatin histone methylation	GDSC2	LN_IC50	44	0.16180408738548271	0.29402959134191675	higher_expression_more_resistant	0.754373625086221
USP34	all_breast_lines	197	Bryostatin 1	PKC	Other	GDSC1	AUC	45	0.15928853754940708	0.29594780640454593	higher_expression_more_resistant	0.6202942273801175
USP34	all_breast_lines	1263	UNC0642	G9A, GLP	Chromatin histone methylation	GDSC1	AUC	42	0.16505955757231994	0.29620219916477103	higher_expression_more_resistant	0.6202942273801175
USP34	all_breast_lines	291	KIN001-266	CDC7	DNA replication	GDSC1	LN_IC50	45	0.15915678524374177	0.2963526515223033	higher_expression_more_resistant	0.6029243599936515
USP34	all_breast_lines	1028	VX-702	p38	JNK and p38 signaling	GDSC1	AUC	43	0.16294170945333736	0.29648887222775494	higher_expression_more_resistant	0.6202942273801175
USP34	all_breast_lines	332	XMD15-27	CAMK2	Other, kinases	GDSC1	AUC	44	0.16053558844256516	0.29788140862887	higher_expression_more_resistant	0.6202942273801175
USP34	all_breast_lines	1133	Serdemetan	MDM2	p53 pathway	GDSC2	LN_IC50	45	0.15836627140974965	0.29878922490783155	higher_expression_more_resistant	0.754373625086221
USP34	all_breast_lines	1922	Cediranib	VEGFR, FLT1, FLT2, FLT3, FLT4, KIT, PDGFRB	RTK signaling	GDSC2	LN_IC50	45	-0.1579710144927536	0.300012334852289	higher_expression_more_sensitive	0.754373625086221
USP34	all_breast_lines	202	GSK1904529A	IGF1R, IR	RTK signaling	GDSC1	AUC	45	0.1577075098814229	0.30082952788463113	higher_expression_more_resistant	0.6205437256629129
USP34	all_breast_lines	1251	N22899-6-C1	Peptidyl arginine deaminase (PAD)	Unclassified	GDSC1	AUC	43	0.16128057988523106	0.30150712094356225	higher_expression_more_resistant	0.6205437256629129
USP34	all_breast_lines	1020	Lenalidomide	CRBN	Protein stability and degradation	GDSC2	AUC	45	0.15704874835309615	0.3028787627981314	higher_expression_more_resistant	0.8719237110855298
USP34	all_breast_lines	1005	Cisplatin	DNA crosslinker	DNA replication	GDSC2	LN_IC50	46	-0.15485661424606847	0.3041383216803773	higher_expression_more_sensitive	0.754373625086221
USP34	all_breast_lines	1129	PF-4708671	S6K1	PI3K/MTOR signaling	GDSC1	LN_IC50	42	-0.16230451341058263	0.3044491588736179	higher_expression_more_sensitive	0.6156667321821351
USP34	all_breast_lines	2361	THR-102	Mutant RAS	PI3K/MTOR signaling	GDSC2	LN_IC50	41	-0.1637630662020906	0.3062630543483886	higher_expression_more_sensitive	0.754373625086221
USP34	all_breast_lines	253	XMD14-99	ALK, CDK7, LTK, others	Other, kinases	GDSC1	LN_IC50	44	-0.1577167019027484	0.30655678662661195	higher_expression_more_sensitive	0.6156667321821351
USP34	all_breast_lines	1129	PF-4708671	S6K1	PI3K/MTOR signaling	GDSC2	LN_IC50	43	0.159468438538206	0.30704330003509345	higher_expression_more_resistant	0.754373625086221
USP34	all_breast_lines	178	BAY-61-3606	SYK	Other, kinases	GDSC1	LN_IC50	45	0.15546772068511197	0.30783336609106754	higher_expression_more_resistant	0.6156667321821351
USP34	all_breast_lines	256	JW-7-24-1	LCK	Other, kinases	GDSC1	AUC	44	0.15701198026779423	0.3087505818190792	higher_expression_more_resistant	0.6317786471904858
USP34	all_breast_lines	1997	WEHI-539	BCL-XL	Apoptosis regulation	GDSC2	AUC	44	-0.15546159267089502	0.31361205009228754	higher_expression_more_sensitive	0.8937943427630195
USP34	all_breast_lines	277	Linifanib	VEGFR1, VEGFR2, VEGFR3, CSF1R, FLT3, KIT	RTK signaling	GDSC1	LN_IC50	44	-0.15546159267089502	0.31361205009228754	higher_expression_more_sensitive	0.6203478999384392
USP34	all_breast_lines	272	AR-42	HDAC1	Chromatin histone acetylation	GDSC1	LN_IC50	45	-0.15362318840579708	0.313678740364352	higher_expression_more_sensitive	0.6203478999384392
USP34	all_breast_lines	1185	KU-60019	ATM	Genome integrity	GDSC1	AUC	42	-0.15906328498500935	0.314337332224325	higher_expression_more_sensitive	0.6395138828012128
USP34	all_breast_lines	1003	Camptothecin	TOP1	DNA replication	GDSC2	LN_IC50	45	-0.15322793148880104	0.3149404250915582	higher_expression_more_sensitive	0.7671625739409751
USP34	all_breast_lines	1054	Palbociclib	CDK4, CDK6	Cell cycle	GDSC1	LN_IC50	42	-0.15776679361478002	0.31834882904235906	higher_expression_more_sensitive	0.6260860304499728
USP34	all_breast_lines	269	NSC-207895	MDM4	p53 pathway	GDSC1	AUC	45	0.15138339920948615	0.32087075238110396	higher_expression_more_resistant	0.6490756933880617
USP34	all_breast_lines	1259	Talazoparib	PARP1, PARP2	Genome integrity	GDSC1	AUC	42	-0.1559841179807147	0.3239170514233267	higher_expression_more_sensitive	0.6515149784310094
USP34	all_breast_lines	1003	Camptothecin	TOP1	DNA replication	GDSC2	AUC	45	-0.15019762845849802	0.32472001853318727	higher_expression_more_sensitive	0.9139874817810902
USP34	all_breast_lines	167	OSU-03012	PDK1 (PDPK1)	Metabolism	GDSC1	AUC	45	0.14980237154150194	0.32600952261112526	higher_expression_more_resistant	0.6520190452222505
USP34	all_breast_lines	1072	Avagacestat	Amyloid beta20, Amyloid beta40	Other	GDSC2	AUC	45	-0.14901185770750988	0.3285981486854453	higher_expression_more_sensitive	0.9139874817810902
USP34	all_breast_lines	1252	N23918-95-7	JMJ histone demethylase	Chromatin histone methylation	GDSC1	AUC	42	0.15436350376792807	0.3290316880711709	higher_expression_more_resistant	0.6543663908831151
USP34	all_breast_lines	2045	AMG-319	PI3K (beta sparing)	PI3K/MTOR signaling	GDSC2	AUC	44	-0.15024665257223396	0.3303182828893063	higher_expression_more_sensitive	0.9139874817810902
USP34	all_breast_lines	1370	BAY-MPS-combo 2 (paclitaxel 1 uM)	TTK and microtubules	Unclassified	GDSC1	LN_IC50	36	-0.1667953667953668	0.330907900063101	higher_expression_more_sensitive	0.6471900365875014
USP34	all_breast_lines	1360	993-D2	MKNK1, MKNK2	Other, kinases	GDSC1	AUC	40	0.1575984990619137	0.3314382269595729	higher_expression_more_resistant	0.6554700130932337
USP34	all_breast_lines	1816	Fulvestrant	ESR	Hormone-related	GDSC2	LN_IC50	37	-0.16334755808440019	0.3340389608176581	higher_expression_more_sensitive	0.7938416199659468
USP34	all_breast_lines	207	AS601245	JNK1, JNK2, JNK2	JNK and p38 signaling	GDSC1	LN_IC50	45	-0.14690382081686426	0.3355637931294899	higher_expression_more_sensitive	0.6516694804532516
USP34	all_breast_lines	1050	ZM447439	AURKA, AURKB	Mitosis	GDSC2	AUC	45	-0.14690382081686426	0.3355637931294899	higher_expression_more_sensitive	0.9195738561721598
USP34	all_breast_lines	1444	AZD8186	PI3Kbeta, PI3Kdelta	PI3K/MTOR signaling	GDSC1	AUC	44	0.14841437632135307	0.33631738591649324	higher_expression_more_resistant	0.6584892517236212
USP34	all_breast_lines	235	QL-XII-47	BTK, BMX	Other, kinases	GDSC1	LN_IC50	45	0.14650856389986824	0.3368799856580368	higher_expression_more_resistant	0.6516694804532516
USP34	all_breast_lines	1498	Selumetinib	MEK1, MEK2	ERK MAPK signaling	GDSC1	AUC	42	0.15177052102746943	0.3373191837239849	higher_expression_more_resistant	0.6584892517236212
USP34	all_breast_lines	1114	Cetuximab	EGFR	EGFR signaling	GDSC1	AUC	41	0.1531358885017422	0.3391337517300549	higher_expression_more_resistant	0.6584892517236212
USP34	all_breast_lines	1626	OTX015	BRD2, BRD3, BRD4	Chromatin other	GDSC2	LN_IC50	40	-0.15478424015009384	0.34025408521927086	higher_expression_more_sensitive	0.7938416199659468
USP34	all_breast_lines	204	Tipifarnib	Farnesyl-transferase (FNTA)	Other	GDSC1	AUC	45	0.14545454545454545	0.34040546063678717	higher_expression_more_resistant	0.6584892517236212
USP34	all_breast_lines	1916	AZD5363	AKT1, AKT2, AKT3, ROCK2	Other, kinases	GDSC2	LN_IC50	45	-0.1453227931488801	0.34084774248647093	higher_expression_more_sensitive	0.7938416199659468
USP34	all_breast_lines	1030	KU-55933	ATM	Genome integrity	GDSC2	LN_IC50	44	-0.14700493305144466	0.3409777443166365	higher_expression_more_sensitive	0.7938416199659468
USP34	all_breast_lines	1048	Mirin	MRE11	Genome integrity	GDSC1	LN_IC50	41	-0.15191637630662022	0.34303992045001525	higher_expression_more_sensitive	0.6551206826640201
USP34	all_breast_lines	133	Doxorubicin	Anthracycline	DNA replication	GDSC1	AUC	45	0.14466403162055336	0.3430644731351016	higher_expression_more_resistant	0.6600262146186193
USP34	all_breast_lines	1941	Sepantronium bromide	BIRC5	Apoptosis regulation	GDSC2	LN_IC50	45	-0.14440052700922265	0.3439536477345	higher_expression_more_sensitive	0.7938416199659468
USP34	all_breast_lines	157	JNK-9L	JNK2, JNK3	JNK and p38 signaling	GDSC1	LN_IC50	44	-0.14587737843551796	0.344734578215196	higher_expression_more_sensitive	0.6551206826640201
USP34	all_breast_lines	1847	BEN		Unclassified	GDSC2	LN_IC50	37	-0.1597913703176861	0.3448112570842995	higher_expression_more_sensitive	0.7938416199659468
USP34	all_breast_lines	1019	Bosutinib	SRC, ABL, TEC	Other, kinases	GDSC1	LN_IC50	43	0.14753850800362428	0.3450947051644661	higher_expression_more_resistant	0.6551206826640201
USP34	all_breast_lines	1393	Gemcitabine	Pyrimidine antimetabolite	DNA replication	GDSC1	AUC	44	-0.14559548978153627	0.3456777474142972	higher_expression_more_sensitive	0.6614590409981687
USP34	all_breast_lines	1809	Teniposide		DNA replication	GDSC2	LN_IC50	37	-0.15931721194879087	0.3462633961071136	higher_expression_more_sensitive	0.7938416199659468
USP34	all_breast_lines	147	NSC-87877	SHP-1 (PTPN6), SHP-2 (PTPN11)	Other	GDSC1	LN_IC50	44	-0.1453136011275546	0.3466224998449708	higher_expression_more_sensitive	0.6551206826640201
USP34	all_breast_lines	258	STF-62247	Autophagy inducer	Other	GDSC1	LN_IC50	45	-0.14321475625823452	0.34797247265146886	higher_expression_more_sensitive	0.6551206826640201
USP34	all_breast_lines	1549	Sapitinib	EGFR, ERBB2, ERBB3	EGFR signaling	GDSC2	AUC	45	0.14308300395256918	0.3484207792493745	higher_expression_more_resistant	0.9336397008402392
USP34	all_breast_lines	301	PHA-793887	CDK2, CDK7, CDK5	Cell cycle	GDSC1	AUC	44	0.14446793516560955	0.34946625099140816	higher_expression_more_resistant	0.6651131873707445
USP34	all_breast_lines	249	Cabozantinib	VEGFR, MET, RET, KIT, FLT1, FLT3, FLT4, TIE2,AXL	RTK signaling	GDSC1	LN_IC50	45	-0.1426877470355731	0.34976782210028196	higher_expression_more_sensitive	0.6551206826640201
USP34	all_breast_lines	1802	Zoledronate	 	Other	GDSC2	LN_IC50	37	-0.15813181602655282	0.34991000965245117	higher_expression_more_sensitive	0.7938416199659468
USP34	all_breast_lines	1043	JNK Inhibitor VIII	JNK	JNK and p38 signaling	GDSC2	AUC	42	0.14739486265294546	0.3515940112281651	higher_expression_more_resistant	0.9336397008402392
USP34	all_breast_lines	1815	Dacarbazine	CP11A	Other	GDSC2	LN_IC50	37	-0.15742057847321003	0.3521091205265264	higher_expression_more_sensitive	0.7938416199659468
USP34	all_breast_lines	1023	GW441756	NTRK1	RTK signaling	GDSC1	AUC	43	0.1454243430987617	0.3521275714691572	higher_expression_more_resistant	0.6665944401073886
USP34	all_breast_lines	284	JNJ38877605	MET	RTK signaling	GDSC1	LN_IC50	44	-0.14319943622269204	0.3537585514779685	higher_expression_more_sensitive	0.6591080380168465
USP34	all_breast_lines	1734	VSP34_8731	VSP34	Other	GDSC2	LN_IC50	37	-0.1567093409198672	0.35431657892365936	higher_expression_more_sensitive	0.7938416199659468
USP34	all_breast_lines	1941	Sepantronium bromide	BIRC5	Apoptosis regulation	GDSC2	AUC	45	-0.14084321475625822	0.3560960845085932	higher_expression_more_sensitive	0.9336397008402392
USP34	all_breast_lines	2177	SGC0946	DOT1L	Chromatin histone methylation	GDSC2	AUC	44	0.14249471458773785	0.35615697593092066	higher_expression_more_resistant	0.9336397008402392
USP34	all_breast_lines	1585	BDF00022089a	BRPF1, BRPF2, BRPF3	Chromatin histone acetylation	GDSC2	LN_IC50	37	0.1559981033665244	0.3565323766864603	higher_expression_more_resistant	0.7938416199659468
USP34	all_breast_lines	199	Pazopanib	CSF1R, KIT,  PDGFRA, PDGFRB	RTK signaling	GDSC1	LN_IC50	45	-0.14071146245059288	0.35655075130168185	higher_expression_more_sensitive	0.6608322825172533
USP34	all_breast_lines	1427	AZD5582	IAP	Other	GDSC1	AUC	44	0.1416490486257928	0.3590480912964331	higher_expression_more_resistant	0.6760799165900921
USP34	all_breast_lines	1060	PD0325901	MEK1, MEK2	ERK MAPK signaling	GDSC2	AUC	45	-0.13965744400527005	0.3602007772438139	higher_expression_more_sensitive	0.9336397008402392
USP34	all_breast_lines	264	ACY-1215	HDAC6	Chromatin histone acetylation	GDSC1	LN_IC50	44	-0.1412262156448203	0.36049896429909517	higher_expression_more_sensitive	0.6623593238718859
USP34	all_breast_lines	172	Embelin	XIAP	Apoptosis regulation	GDSC1	LN_IC50	45	-0.13939393939393938	0.3611168065177231	higher_expression_more_sensitive	0.6623593238718859
USP34	all_breast_lines	1780	GSK3337463A	NIK	Other, kinases	GDSC2	LN_IC50	37	-0.15410146989094353	0.36248187563581236	higher_expression_more_sensitive	0.8008320508233063
USP34	all_breast_lines	317	WYE-125132	mTOR	PI3K/MTOR signaling	GDSC1	LN_IC50	44	-0.13995771670190274	0.36487281592054804	higher_expression_more_sensitive	0.6657988496694537
USP34	all_breast_lines	156	AZD6482	PI3Kbeta	PI3K/MTOR signaling	GDSC1	AUC	44	0.1391120507399577	0.36780638584363734	higher_expression_more_resistant	0.6889071988817334
USP34	all_breast_lines	1449	AZD1208	PIM1, PIM2, PIM3	Other, kinases	GDSC2	AUC	37	0.1519677572309151	0.36924565971161505	higher_expression_more_resistant	0.9336397008402392
USP34	all_breast_lines	1073	5-Fluorouracil	Antimetabolite (DNA & RNA)	Other	GDSC2	AUC	46	-0.1354918285538082	0.36928674086541285	higher_expression_more_sensitive	0.9336397008402392
USP34	all_breast_lines	1378	Bleomycin (50 uM)	dsDNA break induction	DNA replication	GDSC2	LN_IC50	41	-0.1439024390243903	0.36939126349376206	higher_expression_more_sensitive	0.8087045490569746
USP34	all_breast_lines	330	XMD13-2	MRCKB	Cytoskeleton	GDSC1	AUC	44	0.13854827343199436	0.36976993973481653	higher_expression_more_resistant	0.6889397824532897
USP34	all_breast_lines	1716	IRAK4_4710	IRAK4	Other, kinases	GDSC2	AUC	37	0.1514935988620199	0.37075884903134804	higher_expression_more_resistant	0.9336397008402392
USP34	all_breast_lines	1507	Ruxolitinib	JAK1, JAK2	Other, kinases	GDSC2	LN_IC50	40	-0.14465290806754225	0.37316976112315764	higher_expression_more_sensitive	0.8087045490569746
USP34	all_breast_lines	1824	123138		Unclassified	GDSC2	LN_IC50	37	-0.15030820293978187	0.3745578964053356	higher_expression_more_sensitive	0.8087045490569746
USP34	all_breast_lines	1369	BAY-MPS-combo-1 (paclitaxel 5 uM)	TTK and microtubules	Mitosis	GDSC1	LN_IC50	36	-0.15212355212355214	0.3757793806078597	higher_expression_more_sensitive	0.6790375946097896
USP34	all_breast_lines	273	CUDC-101	HDAC1-10, EGFR, ERBB2	Other	GDSC1	LN_IC50	45	-0.13517786561264822	0.37596431791954454	higher_expression_more_sensitive	0.6790375946097896
USP34	all_breast_lines	1813	Fludarabine	Antimetabolite	DNA replication	GDSC2	LN_IC50	37	-0.14935988620199145	0.37761364108573936	higher_expression_more_sensitive	0.80917208804087
USP34	all_breast_lines	1734	VSP34_8731	VSP34	Other	GDSC2	AUC	37	-0.14912280701754385	0.378379866416551	higher_expression_more_sensitive	0.9336397008402392
USP34	all_breast_lines	376	Brivanib, BMS-540215	VEGFR, PDGFR	RTK signaling	GDSC1	AUC	43	-0.13772274237390514	0.3784782022605338	higher_expression_more_sensitive	0.6975383459485062
USP34	all_breast_lines	1873	Buparlisib	PI3Kalpha, PI3Kdelta, PI3Kbeta, PI3Kgamma	PI3K/MTOR signaling	GDSC2	AUC	45	-0.13425559947299076	0.3792599885932655	higher_expression_more_sensitive	0.9336397008402392
USP34	all_breast_lines	1049	PD173074	FGFR1, FGFR2, FGFR3	RTK signaling	GDSC1	AUC	43	-0.13666565992147386	0.3821839233956706	higher_expression_more_sensitive	0.6975383459485062
USP34	all_breast_lines	1203	QL-XII-61	BMX, BTK	Other, kinases	GDSC1	AUC	20	0.20601503759398496	0.3835325530925867	higher_expression_more_resistant	0.6975383459485062
USP34	all_breast_lines	1839	615590		Unclassified	GDSC2	LN_IC50	37	-0.14746325272641062	0.3837690341790023	higher_expression_more_sensitive	0.8108425301809026
USP34	all_breast_lines	1030	KU-55933	ATM	Genome integrity	GDSC2	AUC	44	-0.13446088794926003	0.3841926407943235	higher_expression_more_sensitive	0.9336397008402392
USP34	all_breast_lines	427	Ara-G	Anti-metabolite	Other	GDSC1	AUC	44	0.13431994362226918	0.38469581637921535	higher_expression_more_resistant	0.6975383459485062
USP34	all_breast_lines	1419	FEN1_3940	FEN1	Genome integrity	GDSC1	AUC	44	-0.13417899929527835	0.3851993801521166	higher_expression_more_sensitive	0.6975383459485062
USP34	all_breast_lines	317	WYE-125132	mTOR	PI3K/MTOR signaling	GDSC1	AUC	44	-0.13389711064129667	0.38620767176809945	higher_expression_more_sensitive	0.6975383459485062
USP34	all_breast_lines	1091	BMS-536924	IGF1R, IR	IGF1R signaling	GDSC2	AUC	45	-0.13227931488801054	0.3863796172242742	higher_expression_more_sensitive	0.9336397008402392
USP34	all_breast_lines	2002	N30652-18-1		Unclassified	GDSC2	AUC	41	-0.13867595818815334	0.3872101861303584	higher_expression_more_sensitive	0.9336397008402392
USP34	all_breast_lines	345	KIN001-270	CDK9	Other	GDSC1	LN_IC50	45	0.13188405797101446	0.3878129256198474	higher_expression_more_resistant	0.6968821099970862
USP34	all_breast_lines	1549	Sapitinib	EGFR, ERBB2, ERBB3	EGFR signaling	GDSC2	LN_IC50	45	0.13162055335968378	0.3887701985945286	higher_expression_more_resistant	0.8108425301809026
USP34	all_breast_lines	1847	BEN		Unclassified	GDSC2	AUC	37	-0.14556661925082975	0.38998277602977555	higher_expression_more_sensitive	0.9336397008402392
USP34	all_breast_lines	1576	IWP-2	PORCN	WNT signaling	GDSC2	AUC	40	-0.13958724202626643	0.39031309590675817	higher_expression_more_sensitive	0.9336397008402392
USP34	all_breast_lines	1838	Sinularin		Unclassified	GDSC2	LN_IC50	37	-0.14532954006638218	0.39076358456748245	higher_expression_more_sensitive	0.8108425301809026
USP34	all_breast_lines	1776	GSK2256098C	FAK1	Cytoskeleton	GDSC2	LN_IC50	37	-0.14485538169748693	0.39232792353930857	higher_expression_more_sensitive	0.8108425301809026
USP34	all_breast_lines	1713	ERK_2440	ERK1,ERK2	ERK MAPK signaling	GDSC2	AUC	37	-0.14461830251303934	0.3931114529853638	higher_expression_more_sensitive	0.9336397008402392
USP34	all_breast_lines	1730	PAK_5339	PAK1, PAK2	Cytoskeleton	GDSC2	LN_IC50	37	-0.1443812233285917	0.3938958884064099	higher_expression_more_sensitive	0.8108425301809026
USP34	all_breast_lines	271	VNLG/124	HDAC,RAR	Chromatin histone acetylation	GDSC1	LN_IC50	45	-0.12990777338603424	0.39502622289232736	higher_expression_more_sensitive	0.7062590045650702
USP34	all_breast_lines	228	AKT inhibitor VIII	AKT1, AKT2, AKT3	PI3K/MTOR signaling	GDSC1	AUC	44	0.13079633544749822	0.39740103611081157	higher_expression_more_resistant	0.7141115065138441
USP34	all_breast_lines	1558	Lapatinib	EGFR, ERBB2	EGFR signaling	GDSC2	LN_IC50	45	0.12911725955204215	0.3979333045419526	higher_expression_more_resistant	0.8108425301809026
USP34	all_breast_lines	2047	Ulixertinib	ERK1, ERK2	ERK MAPK signaling	GDSC2	LN_IC50	42	-0.13378170326553765	0.39830861131693457	higher_expression_more_sensitive	0.8108425301809026
USP34	all_breast_lines	1559	Luminespib	HSP90	Protein stability and degradation	GDSC2	AUC	45	-0.12898550724637678	0.3984190242292261	higher_expression_more_sensitive	0.9384249744242102
USP34	all_breast_lines	576	RU-SKI 43	Shh	Other	GDSC1	LN_IC50	44	-0.13009161381254405	0.3999710151819869	higher_expression_more_sensitive	0.7107927705993035
USP34	all_breast_lines	1009	Tretinoin	Retinoic acid	Other	GDSC1	LN_IC50	43	-0.13122923588039867	0.40157783649678164	higher_expression_more_sensitive	0.7107927705993035
USP34	all_breast_lines	1835	Elephantin		Unclassified	GDSC2	LN_IC50	37	-0.14153627311522046	0.4033795923440088	higher_expression_more_sensitive	0.8153417292059753
USP34	all_breast_lines	1580	GSK2801		Chromatin other	GDSC2	AUC	37	0.1410621147463253	0.4049728226540903	higher_expression_more_resistant	0.946043069314883
USP34	all_breast_lines	563	Kobe2602	RAS effector	RTK signaling	GDSC1	AUC	43	-0.12987012987012986	0.4065136440234412	higher_expression_more_sensitive	0.7245555337356842
USP34	all_breast_lines	1866	BDP-00009066	MRCKB_HUMAN	Cytoskeleton	GDSC2	LN_IC50	41	-0.1329268292682927	0.40738122642358815	higher_expression_more_sensitive	0.8155949653005249
USP34	all_breast_lines	292	Masitinib	KIT, PDGFRA, PDGFRB	RTK signaling	GDSC1	LN_IC50	44	0.12769556025369977	0.4087806764712748	higher_expression_more_resistant	0.719122597754401
USP34	all_breast_lines	2499	N-acetyl cysteine	Metabolism	Metabolism	GDSC2	LN_IC50	40	-0.13414634146341467	0.4092283510104388	higher_expression_more_sensitive	0.8155949653005249
USP34	all_breast_lines	356	AT7867	AKT	PI3K/MTOR signaling	GDSC1	LN_IC50	44	-0.12727272727272726	0.4103467930688955	higher_expression_more_sensitive	0.719122597754401
USP34	all_breast_lines	1014	Refametinib	MEK1, MEK2	ERK MAPK signaling	GDSC1	AUC	43	-0.12851102385986105	0.4114841325665846	higher_expression_more_sensitive	0.7245555337356842
USP34	all_breast_lines	1930	Telomerase Inhibitor IX	Telomerase	Genome integrity	GDSC2	AUC	45	-0.12516469038208167	0.41265415367427766	higher_expression_more_sensitive	0.9561498682696677
USP34	all_breast_lines	1046	Wee1 Inhibitor	WEE1, CHEK1	Cell cycle	GDSC1	AUC	36	-0.1407979407979408	0.4127490285676903	higher_expression_more_sensitive	0.7245555337356842
USP34	all_breast_lines	1553	Uprosertib	AKT1, AKT2, AKT3	PI3K/MTOR signaling	GDSC2	LN_IC50	44	-0.12642706131078224	0.41348931342914264	higher_expression_more_sensitive	0.8183642661618448
USP34	all_breast_lines	1010	Gefitinib	EGFR	EGFR signaling	GDSC1	AUC	43	0.12790697674418605	0.41370433554588437	higher_expression_more_resistant	0.7245555337356842
USP34	all_breast_lines	326	GSK690693	AKT1, AKT2, AKT3	PI3K/MTOR signaling	GDSC1	LN_IC50	44	0.12572233967582805	0.41611853747009986	higher_expression_more_resistant	0.7233071414850291
USP34	all_breast_lines	1005	Cisplatin	DNA crosslinker	DNA replication	GDSC2	AUC	46	-0.12278754239901327	0.4162468153361527	higher_expression_more_sensitive	0.9566963094419638
USP34	all_breast_lines	1143	HG-5-88-01	TAK1, M4K2	Other, kinases	GDSC1	LN_IC50	23	-0.17786561264822134	0.41682106458459306	higher_expression_more_sensitive	0.7233071414850291
USP34	all_breast_lines	1367	BAY-HDAC11_4	HDAC11	Chromatin histone acetylation	GDSC1	AUC	40	-0.13151969981238276	0.41854392042340394	higher_expression_more_sensitive	0.7245555337356842
USP34	all_breast_lines	333	T0901317	LXR, FXR	Other	GDSC1	AUC	44	0.12501761804087386	0.41875724609955306	higher_expression_more_resistant	0.7245555337356842
USP34	all_breast_lines	1071	CRT0105446	mTOR, LCK	PI3K/MTOR signaling	GDSC1	LN_IC50	43	-0.12639685895499847	0.4192846165088885	higher_expression_more_sensitive	0.724032947532422
USP34	all_breast_lines	1196	FY069		Unclassified	GDSC1	AUC	43	-0.12639685895499847	0.4192846165088885	higher_expression_more_sensitive	0.7245555337356842
USP34	all_breast_lines	135	Gemcitabine	Pyrimidine antimetabolite	DNA replication	GDSC1	AUC	44	0.12459478505990133	0.42034501518707273	higher_expression_more_resistant	0.7245555337356842
USP34	all_breast_lines	265	Tubastatin A	HDAC1, HDAC6, HDAC8	Chromatin histone acetylation	GDSC1	AUC	45	0.1227931488801054	0.4216340111569235	higher_expression_more_resistant	0.7245555337356842
USP34	all_breast_lines	1067	CCT007093	PPM1D	Cell cycle	GDSC1	LN_IC50	43	-0.12488674116581094	0.4249072718200218	higher_expression_more_sensitive	0.730180457399455
USP34	all_breast_lines	272	AR-42	HDAC1	Chromatin histone acetylation	GDSC1	AUC	45	-0.12173913043478259	0.4256602637782735	higher_expression_more_sensitive	0.7279407409541488
USP34	all_breast_lines	2039	AGK2	BAZ2A, BAZ2B	Chromatin histone acetylation	GDSC2	AUC	44	-0.12290345313601127	0.42673006791779705	higher_expression_more_sensitive	0.9726885182599289
USP34	all_breast_lines	194	Luminespib	HSP90	Protein stability and degradation	GDSC1	AUC	44	0.1226215644820296	0.4277995146686277	higher_expression_more_resistant	0.7280818663110298
USP34	all_breast_lines	1023	GW441756	NTRK1	RTK signaling	GDSC2	LN_IC50	42	-0.12551657078032574	0.4283422733968943	higher_expression_more_sensitive	0.8340913967473024
USP34	all_breast_lines	1621	PCI-34051	HDAC8, HDAC6, HDAC1	Chromatin histone acetylation	GDSC2	LN_IC50	40	-0.12851782363977488	0.4293355000722844	higher_expression_more_sensitive	0.8340913967473024
USP34	all_breast_lines	279	BIX02189	MEK5, ERK5	ERK MAPK signaling	GDSC1	LN_IC50	45	-0.1206851119894598	0.42970807430194513	higher_expression_more_sensitive	0.7334179855362573
USP34	all_breast_lines	1873	Buparlisib	PI3Kalpha, PI3Kdelta, PI3Kbeta, PI3Kgamma	PI3K/MTOR signaling	GDSC2	LN_IC50	45	-0.12055335968379446	0.4302155625328192	higher_expression_more_sensitive	0.8340913967473024
USP34	all_breast_lines	287	KIN001-244	PDK1	Other, kinases	GDSC1	AUC	45	0.12028985507246374	0.43123154523723134	higher_expression_more_resistant	0.7283841793070589
USP34	all_breast_lines	186	Bexarotene	Retinioic X receptor (RXR) agonist	Other	GDSC1	AUC	44	0.12149400986610288	0.4320923097584247	higher_expression_more_resistant	0.7283841793070589
USP34	all_breast_lines	1006	Cytarabine	Antimetabolite	Other	GDSC1	LN_IC50	43	-0.12277257626094837	0.4328497831758595	higher_expression_more_sensitive	0.7334179855362573
USP34	all_breast_lines	1114	Cetuximab	EGFR	EGFR signaling	GDSC1	LN_IC50	41	-0.12526132404181187	0.4351904360527706	higher_expression_more_sensitive	0.7334179855362573
USP34	all_breast_lines	1930	Telomerase Inhibitor IX	Telomerase	Genome integrity	GDSC2	LN_IC50	45	-0.11910408432147562	0.43582003923407636	higher_expression_more_sensitive	0.8392480485250796
USP34	all_breast_lines	1001	AICA Ribonucleotide	AMPK agonist	Metabolism	GDSC1	LN_IC50	43	-0.12141347025067956	0.4379990504456697	higher_expression_more_sensitive	0.7334179855362573
USP34	all_breast_lines	264	ACY-1215	HDAC6	Chromatin histone acetylation	GDSC1	AUC	44	-0.11994362226920367	0.4380339758100698	higher_expression_more_sensitive	0.7312003583869262
USP34	all_breast_lines	1392	Bleomycin (10 uM)	dsDNA break induction	DNA replication	GDSC1	AUC	44	-0.11966173361522198	0.4391191221944102	higher_expression_more_sensitive	0.7312003583869262
USP34	all_breast_lines	245	UNC0638	G9a and GLP methyltransferases	Chromatin histone methylation	GDSC1	LN_IC50	45	0.11805006587615281	0.43992139687229237	higher_expression_more_resistant	0.7334179855362573
USP34	all_breast_lines	1834	743380		Unclassified	GDSC2	AUC	37	-0.13063063063063063	0.4409241562428532	higher_expression_more_sensitive	0.9726885182599289
USP34	all_breast_lines	273	CUDC-101	HDAC1-10, EGFR, ERBB2	Other	GDSC1	AUC	45	-0.11778656126482213	0.440950063634594	higher_expression_more_sensitive	0.7312003583869262
USP34	all_breast_lines	344	THZ-2-49	CDK9	Cell cycle	GDSC1	LN_IC50	45	-0.11778656126482213	0.440950063634594	higher_expression_more_sensitive	0.7334179855362573
USP34	all_breast_lines	274	Belinostat	HDAC1	Chromatin histone acetylation	GDSC1	LN_IC50	44	-0.11909795630725864	0.4412938726531717	higher_expression_more_sensitive	0.7334179855362573
USP34	all_breast_lines	1143	HG-5-88-01	TAK1, M4K2	Other, kinases	GDSC1	AUC	23	0.16798418972332016	0.4435775116820952	higher_expression_more_resistant	0.7312003583869262
USP34	all_breast_lines	171	AKT inhibitor VIII	AKT1, AKT2, AKT3	PI3K/MTOR signaling	GDSC1	LN_IC50	44	-0.11839323467230442	0.4440206525591516	higher_expression_more_sensitive	0.7335150177135814
USP34	all_breast_lines	1020	Lenalidomide	CRBN	Protein stability and degradation	GDSC1	LN_IC50	43	-0.11945031712473572	0.4454964090633333	higher_expression_more_sensitive	0.7335150177135814
USP34	all_breast_lines	1268	XAV939	TNKS1, TNKS2	WNT signaling	GDSC1	AUC	43	0.11929930534581698	0.44607603029367365	higher_expression_more_resistant	0.7312003583869262
USP34	all_breast_lines	1558	Lapatinib	EGFR, ERBB2	EGFR signaling	GDSC2	AUC	45	0.11646903820816862	0.44611329462056526	higher_expression_more_resistant	0.9726885182599289
USP34	all_breast_lines	1615	CZC24832	PI3Kgamma	PI3K/MTOR signaling	GDSC2	LN_IC50	40	0.12363977485928707	0.44719844490057037	higher_expression_more_resistant	0.8418162637517148
USP34	all_breast_lines	1243	Piperlongumine	Induces reactive oxygen species	Other	GDSC1	AUC	43	-0.11899728178797944	0.44723651233145617	higher_expression_more_sensitive	0.7312003583869262
USP34	all_breast_lines	225	Genentech Cpd 10	AURKA, AURKB	Mitosis	GDSC1	LN_IC50	45	-0.11607378129117257	0.4476687138640994	higher_expression_more_sensitive	0.7336792810550518
USP34	all_breast_lines	1631	PRT062607	SYK	Other, kinases	GDSC2	AUC	40	-0.1230769230769231	0.4492853200454765	higher_expression_more_sensitive	0.9726885182599289
USP34	all_breast_lines	1827	Dihydrorotenone		Unclassified	GDSC2	LN_IC50	37	-0.12825983878615457	0.4493318182797988	higher_expression_more_sensitive	0.8418162637517148
USP34	all_breast_lines	1496	Cisplatin	DNA crosslinker	DNA replication	GDSC1	AUC	44	-0.11698379140239604	0.4495019226643859	higher_expression_more_sensitive	0.7312003583869262
USP34	all_breast_lines	279	BIX02189	MEK5, ERK5	ERK MAPK signaling	GDSC1	AUC	45	0.11515151515151513	0.4513095617289054	higher_expression_more_resistant	0.7312003583869262
USP34	all_breast_lines	1927	GSK2578215A	LRRK2	Other, kinases	GDSC2	LN_IC50	45	-0.11501976284584979	0.45183099869509047	higher_expression_more_sensitive	0.8418162637517148
USP34	all_breast_lines	1631	PRT062607	SYK	Other, kinases	GDSC2	LN_IC50	40	-0.12232645403377114	0.45207604887861946	higher_expression_more_sensitive	0.8418162637517148
USP34	all_breast_lines	303	PIK-93	PK3CG	PI3K/MTOR signaling	GDSC1	AUC	45	0.11488801054018445	0.45235276408682723	higher_expression_more_resistant	0.7312003583869262
USP34	all_breast_lines	1359	965-D2	MKNK1, MKNK2, PIM1, PIM3	Other, kinases	GDSC1	LN_IC50	40	-0.12213883677298315	0.45277519761878726	higher_expression_more_sensitive	0.7362200624148506
USP34	all_breast_lines	1373	Dabrafenib	BRAF	ERK MAPK signaling	GDSC1	LN_IC50	42	-0.11887205250790049	0.45337845651535996	higher_expression_more_sensitive	0.7362200624148506
USP34	all_breast_lines	2003	N29087-69-1		Unclassified	GDSC2	LN_IC50	41	-0.12038327526132409	0.45342106631995227	higher_expression_more_sensitive	0.8418162637517148
USP34	all_breast_lines	1618	GSK2606414	PERK	Metabolism	GDSC2	LN_IC50	40	0.12157598499061914	0.4548761565535582	higher_expression_more_resistant	0.8418162637517148
USP34	all_breast_lines	1827	Dihydrorotenone		Unclassified	GDSC2	AUC	37	-0.1266002844950213	0.45526852637082293	higher_expression_more_sensitive	0.9726885182599289
USP34	all_breast_lines	2158	CPI-637	EP300	Chromatin histone methylation	GDSC2	AUC	40	0.12120075046904316	0.4562797187091413	higher_expression_more_resistant	0.9726885182599289
USP34	all_breast_lines	175	PAC-1	Procaspase-3, Procaspase-7	Apoptosis regulation	GDSC1	AUC	45	0.11383399209486164	0.4565386888485213	higher_expression_more_resistant	0.7346122538744387
USP34	all_breast_lines	1813	Fludarabine	Antimetabolite	DNA replication	GDSC2	AUC	37	-0.12588904694167852	0.4578256964629017	higher_expression_more_sensitive	0.9726885182599289
USP34	all_breast_lines	186	Bexarotene	Retinioic X receptor (RXR) agonist	Other	GDSC1	LN_IC50	44	-0.11472868217054262	0.4583483579142334	higher_expression_more_sensitive	0.7387237274384795
USP34	all_breast_lines	1530	PFI-3	PB1, SMARCA4, SMARCA2	Chromatin other	GDSC1	LN_IC50	40	-0.1204502814258912	0.4590938419109195	higher_expression_more_sensitive	0.7387237274384795
USP34	all_breast_lines	1192	GSK269962A	ROCK1, ROCK2	Cytoskeleton	GDSC2	AUC	43	0.1147689519782543	0.4636557144443043	higher_expression_more_resistant	0.9726885182599289
USP34	all_breast_lines	256	JW-7-24-1	LCK	Other, kinases	GDSC1	LN_IC50	44	0.1131782945736434	0.4644844352849715	higher_expression_more_resistant	0.7412457554478877
USP34	all_breast_lines	224	AS605240	PI3Kgamma	PI3K/MTOR signaling	GDSC1	AUC	45	0.11172595520421606	0.4649731852968367	higher_expression_more_resistant	0.7447986769008154
USP34	all_breast_lines	2106	Uprosertib	AKT1, AKT2, AKT3	PI3K/MTOR signaling	GDSC2	LN_IC50	41	-0.11724738675958188	0.4653558576154423	higher_expression_more_sensitive	0.8508754450612118
USP34	all_breast_lines	184	BMS-754807	IGF1R, IR	RTK signaling	GDSC1	LN_IC50	45	-0.11093544137022396	0.46815753174019803	higher_expression_more_sensitive	0.7412457554478877
USP34	all_breast_lines	2038	UNC0638	G9A, GLP	Chromatin histone methylation	GDSC2	LN_IC50	39	-0.11963562753036439	0.46818958902565366	higher_expression_more_sensitive	0.8508754450612118
USP34	all_breast_lines	1166	QL-VIII-58	MTOR, ATR	Other	GDSC1	LN_IC50	23	-0.1590909090909091	0.46841362885863	higher_expression_more_sensitive	0.7412457554478877
USP34	all_breast_lines	1916	AZD5363	AKT1, AKT2, AKT3, ROCK2	Other, kinases	GDSC2	AUC	45	-0.11040843214756257	0.4702868837779265	higher_expression_more_sensitive	0.9726885182599289
USP34	all_breast_lines	152	CP466722	ATM	Genome integrity	GDSC1	LN_IC50	45	0.11040843214756257	0.4702868837779265	higher_expression_more_resistant	0.7412457554478877
USP34	all_breast_lines	2154	GSK-LSD1-2HCl 	LSD1	Chromatin histone methylation	GDSC2	LN_IC50	40	-0.11744840525328332	0.47044311909330155	higher_expression_more_sensitive	0.8508754450612118
USP34	all_breast_lines	2110	GSK591	PMRT5	Chromatin histone methylation	GDSC2	AUC	45	-0.11027667984189722	0.4708200267792422	higher_expression_more_sensitive	0.9726885182599289
USP34	all_breast_lines	341	Selisistat	SIRT1	Chromatin histone acetylation	GDSC1	AUC	45	0.11027667984189722	0.4708200267792422	higher_expression_more_resistant	0.7507670697290618
USP34	all_breast_lines	437	Trichostatin A	HDAC	Chromatin histone acetylation	GDSC1	LN_IC50	44	-0.11120507399577165	0.4723572688744522	higher_expression_more_sensitive	0.7412457554478877
USP34	all_breast_lines	2438	ascorbate (vitamin C)	anti-oxidant proteins	Other	GDSC2	LN_IC50	40	-0.11651031894934337	0.47402000864292154	higher_expression_more_sensitive	0.8508754450612118
USP34	all_breast_lines	179	5-Fluorouracil	Antimetabolite (DNA & RNA)	Other	GDSC1	LN_IC50	45	0.10895915678524373	0.47616911152736924	higher_expression_more_resistant	0.7412457554478877
USP34	all_breast_lines	157	JNK-9L	JNK2, JNK3	JNK and p38 signaling	GDSC1	AUC	44	-0.1102184637068358	0.47632008112874635	higher_expression_more_sensitive	0.7556725992031224
USP34	all_breast_lines	2112	VTP-A		Unclassified	GDSC2	AUC	41	0.11428571428571432	0.47677984638221005	higher_expression_more_resistant	0.9726885182599289
USP34	all_breast_lines	1736	Selumetinib	MEK1, MEK2	ERK MAPK signaling	GDSC2	LN_IC50	37	-0.1206733048838312	0.4768117765314376	higher_expression_more_sensitive	0.8508754450612118
USP34	all_breast_lines	1821	765771		Unclassified	GDSC2	LN_IC50	37	-0.12043622569938359	0.4776844603852417	higher_expression_more_sensitive	0.8508754450612118
USP34	all_breast_lines	1038	NU7441	DNAPK	Genome integrity	GDSC1	AUC	43	-0.11084264572636665	0.47918691320640705	higher_expression_more_sensitive	0.7556725992031224
USP34	all_breast_lines	197	Bryostatin 1	PKC	Other	GDSC1	LN_IC50	45	-0.10816864295125164	0.479393914859314	higher_expression_more_sensitive	0.7412457554478877
USP34	all_breast_lines	166	FTI-277	Farnesyl-transferase (FNTA)	Other	GDSC1	LN_IC50	44	-0.10923185341789991	0.48030038084944215	higher_expression_more_sensitive	0.7412457554478877
USP34	all_breast_lines	375	Voxtalisib	PI3K (class 1), DNAPK, MTOR	PI3K/MTOR signaling	GDSC1	AUC	44	-0.10923185341789991	0.48030038084944215	higher_expression_more_sensitive	0.7556725992031224
USP34	all_breast_lines	1031	Elesclomol	HSP90	Protein stability and degradation	GDSC1	LN_IC50	43	-0.11054062216852915	0.4803928360745949	higher_expression_more_sensitive	0.7412457554478877
USP34	all_breast_lines	1015	CI-1040	MEK1, MEK2	ERK MAPK signaling	GDSC1	LN_IC50	43	-0.11023859861069163	0.4816003495847858	higher_expression_more_sensitive	0.7412457554478877
USP34	all_breast_lines	1831	L-Oxonoreleagnine		Unclassified	GDSC2	LN_IC50	37	-0.11925082977714554	0.48206038346164987	higher_expression_more_sensitive	0.8533367036432933
USP34	all_breast_lines	1168	Erlotinib	EGFR	EGFR signaling	GDSC2	AUC	45	0.1067193675889328	0.485335785323559	higher_expression_more_resistant	0.9726885182599289
USP34	all_breast_lines	1085	Sorafenib	PDGFR, KIT, VEGFR, RAF	Other, kinases	GDSC2	AUC	45	0.10645586297760208	0.4864202417424062	higher_expression_more_resistant	0.9726885182599289
USP34	all_breast_lines	1237	EPZ004777	DOT1L	Chromatin histone methylation	GDSC2	LN_IC50	45	-0.10606060606060606	0.4880492926074618	higher_expression_more_sensitive	0.8586052369946088
USP34	all_breast_lines	1175	Rucaparib	PARP1, PARP2	Genome integrity	GDSC2	AUC	45	0.10606060606060606	0.4880492926074618	higher_expression_more_resistant	0.9726885182599289
USP34	all_breast_lines	1025	SB216763	GSK3A, GSK3B	WNT signaling	GDSC1	LN_IC50	40	-0.11257035647279551	0.4891983307745077	higher_expression_more_sensitive	0.7496805588492456
USP34	all_breast_lines	1192	GSK269962A	ROCK1, ROCK2	Cytoskeleton	GDSC1	AUC	42	0.10963455149501662	0.4894658335643312	higher_expression_more_resistant	0.7651573774453829
USP34	all_breast_lines	2038	UNC0638	G9A, GLP	Chromatin histone methylation	GDSC2	AUC	39	0.11275303643724698	0.4943432546583053	higher_expression_more_resistant	0.9726885182599289
USP34	all_breast_lines	1527	Pictilisib	PI3K (class 1)	PI3K/MTOR signaling	GDSC1	AUC	41	0.10975609756097562	0.49453329743132407	higher_expression_more_resistant	0.7651573774453829
USP34	all_breast_lines	1625	RVX-208	BRD4	Chromatin other	GDSC2	AUC	40	0.11088180112570359	0.4957793614016128	higher_expression_more_resistant	0.9726885182599289
USP34	all_breast_lines	1437	MCT4_1422	MCT4	Other	GDSC1	LN_IC50	44	-0.1051444679351656	0.4969746232012275	higher_expression_more_sensitive	0.7582002746391044
USP34	all_breast_lines	274	Belinostat	HDAC1	Chromatin histone acetylation	GDSC1	AUC	44	-0.10500352360817478	0.49755484921809573	higher_expression_more_sensitive	0.7651573774453829
USP34	all_breast_lines	164	JQ12	HDAC1, HDAC2	Chromatin histone acetylation	GDSC1	AUC	44	0.10500352360817478	0.49755484921809573	higher_expression_more_resistant	0.7651573774453829
USP34	all_breast_lines	1230	IOX2	EGLN1	Other	GDSC1	AUC	43	0.10601026880096646	0.4986712070730546	higher_expression_more_resistant	0.7651573774453829
USP34	all_breast_lines	289	KIN001-042	GSK3B	WNT signaling	GDSC1	AUC	44	0.10458069062720224	0.49929761070588546	higher_expression_more_resistant	0.7651573774453829
USP34	all_breast_lines	1407	Dyrk1b_0191	DYRK1B	Other, kinases	GDSC1	LN_IC50	44	-0.10443974630021141	0.4998792247815253	higher_expression_more_sensitive	0.7582002746391044
USP34	all_breast_lines	268	Sepantronium bromide	BIRC5	Apoptosis regulation	GDSC1	LN_IC50	45	-0.10289855072463767	0.5011832323885606	higher_expression_more_sensitive	0.7582002746391044
USP34	all_breast_lines	1852	LY2109761	TGFB1	Other	GDSC2	AUC	40	0.10919324577861166	0.5024054554437014	higher_expression_more_resistant	0.9726885182599289
USP34	all_breast_lines	2055	Mycophenolic acid		Unclassified	GDSC2	LN_IC50	41	-0.10714285714285716	0.5049279467645614	higher_expression_more_sensitive	0.8601906454538909
USP34	all_breast_lines	1266	ICL1100013	N-myristoyltransferase 1/2	Other	GDSC1	AUC	43	-0.10404711567502266	0.5067008952912265	higher_expression_more_sensitive	0.76914755880309
USP34	all_breast_lines	1186	FS112	KS6B1 (p70S6K)	PI3K/MTOR signaling	GDSC1	LN_IC50	42	-0.10509683169921402	0.5077221647056107	higher_expression_more_sensitive	0.7648240268331327
USP34	all_breast_lines	344	THZ-2-49	CDK9	Cell cycle	GDSC1	AUC	45	-0.10131752305665347	0.5078172575648103	higher_expression_more_sensitive	0.76914755880309
USP34	all_breast_lines	1166	QL-VIII-58	MTOR, ATR	Other	GDSC1	AUC	23	-0.14525691699604742	0.5084195727681443	higher_expression_more_sensitive	0.76914755880309
USP34	all_breast_lines	1017	Olaparib	PARP1, PARP2	Genome integrity	GDSC2	AUC	45	0.10052700922266139	0.5111508587760064	higher_expression_more_resistant	0.9726885182599289
USP34	all_breast_lines	1018	Veliparib	PARP1, PARP2	Genome integrity	GDSC2	AUC	45	0.10039525691699604	0.5117075288982542	higher_expression_more_resistant	0.9726885182599289
USP34	all_breast_lines	1510	Linsitinib	IGF1R	IGF1R signaling	GDSC2	LN_IC50	45	-0.10039525691699604	0.5117075288982542	higher_expression_more_sensitive	0.8601906454538909
USP34	all_breast_lines	1059	AZD8055	MTORC1, MTORC2	PI3K/MTOR signaling	GDSC2	LN_IC50	44	0.10147991543340382	0.5121727008495914	higher_expression_more_resistant	0.8601906454538909
USP34	all_breast_lines	304	SB52334	ALK5	RTK signaling	GDSC1	LN_IC50	45	-0.1002635046113307	0.5122645040709645	higher_expression_more_sensitive	0.7683967561064468
USP34	all_breast_lines	438	Panobinostat	HDAC	Chromatin histone acetylation	GDSC1	AUC	44	-0.1007751937984496	0.5151219482783223	higher_expression_more_sensitive	0.7759709348533024
USP34	all_breast_lines	301	PHA-793887	CDK2, CDK7, CDK5	Cell cycle	GDSC1	LN_IC50	44	0.10063424947145877	0.5157128160590901	higher_expression_more_resistant	0.7703052189237043
USP34	all_breast_lines	1779	GSK626616AC	DYRK1A	Other, kinases	GDSC2	LN_IC50	37	-0.11024182076813654	0.515987200717346	higher_expression_more_sensitive	0.8601906454538909
USP34	all_breast_lines	2172	JQ1	BRD2, BRD3, BRD4, BRDT	Chromatin other	GDSC2	LN_IC50	45	-0.09934123847167324	0.5161718513266246	higher_expression_more_sensitive	0.8601906454538909
USP34	all_breast_lines	1625	RVX-208	BRD4	Chromatin other	GDSC2	LN_IC50	40	0.1052532833020638	0.5180393110572984	higher_expression_more_resistant	0.8601906454538909
USP34	all_breast_lines	1199	Tamoxifen	ESR1	Hormone-related	GDSC2	LN_IC50	45	-0.09855072463768114	0.5195328302182869	higher_expression_more_sensitive	0.8601906454538909
USP34	all_breast_lines	1236	UNC0638	G9a and GLP methyltransferases	Chromatin histone methylation	GDSC1	LN_IC50	42	-0.10201766469491938	0.5203031991192811	higher_expression_more_sensitive	0.7723382762129516
USP34	all_breast_lines	2010	HKMTI-1-005		Unclassified	GDSC2	AUC	42	-0.10185560327364071	0.5209696130646031	higher_expression_more_sensitive	0.9726885182599289
USP34	all_breast_lines	1019	Bosutinib	SRC, ABL, TEC	Other, kinases	GDSC2	AUC	45	0.09815546772068512	0.5212173948510728	higher_expression_more_resistant	0.9726885182599289
USP34	all_breast_lines	1010	Gefitinib	EGFR	EGFR signaling	GDSC1	LN_IC50	43	-0.09996979764421625	0.5235845457988385	higher_expression_more_sensitive	0.7723382762129516
USP34	all_breast_lines	1834	743380		Unclassified	GDSC2	LN_IC50	37	-0.1081081081081081	0.5241922728938355	higher_expression_more_sensitive	0.8601906454538909
USP34	all_breast_lines	1188	CCT245467	HSF1	Unclassified	GDSC1	AUC	42	-0.10104529616724739	0.5243080123644729	higher_expression_more_sensitive	0.7864620185467094
USP34	all_breast_lines	1441	AZD2014	mTORC1, mTORC2	PI3K/MTOR signaling	GDSC1	LN_IC50	43	-0.09966777408637874	0.5248461436282754	higher_expression_more_sensitive	0.7723382762129516
USP34	all_breast_lines	1268	XAV939	TNKS1, TNKS2	WNT signaling	GDSC1	LN_IC50	43	-0.09936575052854121	0.5261092382937202	higher_expression_more_sensitive	0.7723382762129516
USP34	all_breast_lines	1854	MN-64	TNKS1, TNKS2	WNT signaling	GDSC2	LN_IC50	40	0.10318949343339588	0.5263237269481004	higher_expression_more_resistant	0.8601906454538909
USP34	all_breast_lines	1785	LMB_AB3	PPP1R15B	Other	GDSC2	LN_IC50	37	-0.10715979137031767	0.5278593824913373	higher_expression_more_sensitive	0.8601906454538909
USP34	all_breast_lines	238	Idelalisib	PI3Kdelta	PI3K/MTOR signaling	GDSC1	LN_IC50	45	-0.09657444005270091	0.5279826633998144	higher_expression_more_sensitive	0.7723382762129516
USP34	all_breast_lines	1010	Gefitinib	EGFR	EGFR signaling	GDSC2	AUC	45	-0.09657444005270091	0.5279826633998144	higher_expression_more_sensitive	0.9726885182599289
USP34	all_breast_lines	1806	Oxaliplatin	DNA alkylating agent	DNA replication	GDSC2	AUC	37	-0.10692271218587007	0.5287781097799458	higher_expression_more_sensitive	0.9726885182599289
USP34	all_breast_lines	1854	MN-64	TNKS1, TNKS2	WNT signaling	GDSC2	AUC	40	0.10243902439024392	0.5293522631769862	higher_expression_more_resistant	0.9726885182599289
USP34	all_breast_lines	133	Doxorubicin	Anthracycline	DNA replication	GDSC1	LN_IC50	45	0.09604743083003953	0.5302473049973401	higher_expression_more_resistant	0.7724590369097053
USP34	all_breast_lines	1042	Doramapimod	p38, JNK2	JNK and p38 signaling	GDSC1	AUC	43	0.09830866807610994	0.5305418158112442	higher_expression_more_resistant	0.7909867198320817
USP34	all_breast_lines	1583	GSK-LSD1	KDM1	Chromatin histone methylation	GDSC2	LN_IC50	37	-0.10644855381697485	0.5306178965060012	higher_expression_more_sensitive	0.8601906454538909
USP34	all_breast_lines	1060	PD0325901	MEK1, MEK2	ERK MAPK signaling	GDSC2	LN_IC50	45	-0.09591567852437417	0.5308142080162168	higher_expression_more_sensitive	0.8601906454538909
USP34	all_breast_lines	1437	MCT4_1422	MCT4	Other	GDSC1	AUC	44	0.09682875264270611	0.5317933314125295	higher_expression_more_resistant	0.7909867198320817
USP34	all_breast_lines	1441	AZD2014	mTORC1, mTORC2	PI3K/MTOR signaling	GDSC2	LN_IC50	37	-0.10597439544807966	0.5324607853583441	higher_expression_more_sensitive	0.8601906454538909
USP34	all_breast_lines	1378	Bleomycin (50 uM)	dsDNA break induction	DNA replication	GDSC2	AUC	41	-0.10017421602787457	0.5331779438802556	higher_expression_more_sensitive	0.9726885182599289
USP34	all_breast_lines	1199	Tamoxifen	ESR1	Hormone-related	GDSC2	AUC	45	-0.09525691699604742	0.5336531658433166	higher_expression_more_sensitive	0.9726885182599289
USP34	all_breast_lines	1553	Uprosertib	AKT1, AKT2, AKT3	PI3K/MTOR signaling	GDSC2	AUC	44	-0.09570119802677941	0.5366044926436973	higher_expression_more_sensitive	0.9726885182599289
USP34	all_breast_lines	153	Midostaurin	PKC, PPK, FLT1, c-FGR, others	Other	GDSC1	AUC	44	-0.09541930937279773	0.5378105711305602	higher_expression_more_sensitive	0.7929018928155438
USP34	all_breast_lines	2157	A-366	EHMT1, EHMT2	Chromatin histone methylation	GDSC2	AUC	40	-0.10018761726078801	0.5384886063706014	higher_expression_more_sensitive	0.9726885182599289
USP34	all_breast_lines	1852	LY2109761	TGFB1	Other	GDSC2	LN_IC50	40	0.10000000000000002	0.53925338025447	higher_expression_more_resistant	0.8601906454538909
USP34	all_breast_lines	363	PF-00299804	EGFR, ERBB2, ERBB4	RTK signaling	GDSC1	AUC	44	0.0948555320648344	0.5402266563591329	higher_expression_more_resistant	0.7929018928155438
USP34	all_breast_lines	1441	AZD2014	mTORC1, mTORC2	PI3K/MTOR signaling	GDSC2	AUC	37	-0.10384068278805118	0.5407919330016758	higher_expression_more_sensitive	0.9726885182599289
USP34	all_breast_lines	2011	ICL-SIRT078	SIR2	Other	GDSC2	LN_IC50	42	-0.09699376063528078	0.5411565912359176	higher_expression_more_sensitive	0.8601906454538909
USP34	all_breast_lines	1526	Refametinib	MEK1, MEK2	ERK MAPK signaling	GDSC1	AUC	40	0.09943714821763605	0.5415508309741534	higher_expression_more_resistant	0.7929018928155438
USP34	all_breast_lines	1830	Gallibiscoquinazole		Unclassified	GDSC2	LN_IC50	37	-0.10360360360360359	0.5417214466616327	higher_expression_more_sensitive	0.8601906454538909
USP34	all_breast_lines	1067	CCT007093	PPM1D	Cell cycle	GDSC2	LN_IC50	43	-0.09559045605557233	0.5420230355240373	higher_expression_more_sensitive	0.8601906454538909
USP34	all_breast_lines	476	SB505124	TGFBR1, ACVR1B, ACVR1C	RTK signaling	GDSC1	AUC	44	-0.09372797744890768	0.5450744687753099	higher_expression_more_sensitive	0.7929018928155438
USP34	all_breast_lines	362	CI-1033	EGFR, ERBB2, ERBB4	RTK signaling	GDSC1	AUC	44	0.09372797744890768	0.5450744687753099	higher_expression_more_resistant	0.7929018928155438
USP34	all_breast_lines	1912	Afuresertib	AKT1, AKT2, AKT3	PI3K/MTOR signaling	GDSC2	LN_IC50	45	-0.09249011857707509	0.5456569981860686	higher_expression_more_sensitive	0.8601906454538909
USP34	all_breast_lines	1017	Olaparib	PARP1, PARP2	Genome integrity	GDSC1	AUC	43	0.09453337360314104	0.5465199487203183	higher_expression_more_resistant	0.7929018928155438
USP34	all_breast_lines	176	IPA-3	PAK1	Cytoskeleton	GDSC1	LN_IC50	44	0.09330514446793516	0.5468977489503165	higher_expression_more_resistant	0.788569213481972
USP34	all_breast_lines	1630	Entospletinib	SYK	Other, kinases	GDSC2	AUC	40	-0.09774859287054409	0.5484711929168652	higher_expression_more_sensitive	0.9726885182599289
USP34	all_breast_lines	1031	Elesclomol	HSP90	Protein stability and degradation	GDSC1	AUC	43	-0.09347629115070977	0.5510345803160949	higher_expression_more_sensitive	0.7961887405383575
USP34	all_breast_lines	1495	Olaparib	PARP1, PARP2	Genome integrity	GDSC1	LN_IC50	42	-0.0945628393161008	0.5513890255677267	higher_expression_more_sensitive	0.788569213481972
USP34	all_breast_lines	1931	MIRA-1	TP53	p53 pathway	GDSC2	LN_IC50	45	-0.0911725955204216	0.5514181490579948	higher_expression_more_sensitive	0.8601906454538909
USP34	all_breast_lines	1199	Tamoxifen	ESR1	Hormone-related	GDSC1	LN_IC50	43	-0.093325279371791	0.551680966355483	higher_expression_more_sensitive	0.788569213481972
USP34	all_breast_lines	260	NG-25	TAK1, M4K2	Other, kinases	GDSC1	LN_IC50	45	-0.0909090909090909	0.5525738300715914	higher_expression_more_sensitive	0.788569213481972
USP34	all_breast_lines	1630	Entospletinib	SYK	Other, kinases	GDSC2	LN_IC50	40	-0.09643527204502816	0.5538825107318628	higher_expression_more_sensitive	0.8601906454538909
USP34	all_breast_lines	406	LIMK1 inhibitor BMS4	LIMK1	Cytoskeleton	GDSC1	AUC	44	-0.09147286821705425	0.5548320840565613	higher_expression_more_sensitive	0.7984169014472466
USP34	all_breast_lines	1053	MK-2206	AKT1, AKT2	PI3K/MTOR signaling	GDSC2	LN_IC50	46	-0.08923835954363243	0.5553475546190525	higher_expression_more_sensitive	0.8601906454538909
USP34	all_breast_lines	439	LCL161	XIAP, cIAP1, cIAP2	Apoptosis regulation	GDSC1	LN_IC50	44	-0.09133192389006342	0.5554446562189382	higher_expression_more_sensitive	0.788569213481972
USP34	all_breast_lines	1828	720427		Unclassified	GDSC2	LN_IC50	37	-0.10004741583688952	0.5557549250495796	higher_expression_more_sensitive	0.8601906454538909
USP34	all_breast_lines	293	Amuvatinib	KIT, PDGFRA, FLT3	RTK signaling	GDSC1	LN_IC50	44	0.0909090909090909	0.5572842802948847	higher_expression_more_resistant	0.788569213481972
USP34	all_breast_lines	1026	Tanespimycin	HSP90	Protein stability and degradation	GDSC1	LN_IC50	43	-0.0919661733615222	0.5575145258961889	higher_expression_more_sensitive	0.788569213481972
USP34	all_breast_lines	1200	Fulvestrant	ESR	Hormone-related	GDSC2	LN_IC50	45	-0.0895915678524374	0.5583693663472625	higher_expression_more_sensitive	0.8601906454538909
USP34	all_breast_lines	1936	Savolitinib	MET	RTK signaling	GDSC2	AUC	45	0.08945981554677206	0.5589504836016497	higher_expression_more_resistant	0.9726885182599289
USP34	all_breast_lines	1925	GDC0810	ESR1, ESR2	Hormone-related	GDSC2	AUC	45	0.08945981554677206	0.5589504836016497	higher_expression_more_resistant	0.9726885182599289
USP34	all_breast_lines	1445	AZD8835	PI3Kalpha, PI3Kdelta	PI3K/MTOR signaling	GDSC1	LN_IC50	44	-0.09048625792811839	0.5591267587117936	higher_expression_more_sensitive	0.788569213481972
USP34	all_breast_lines	2106	Uprosertib	AKT1, AKT2, AKT3	PI3K/MTOR signaling	GDSC2	AUC	41	-0.093205574912892	0.5621746049194528	higher_expression_more_sensitive	0.9726885182599289
USP34	all_breast_lines	2159	UNC0379	SETD8	Chromatin histone methylation	GDSC2	AUC	40	0.09418386491557224	0.5632169997181969	higher_expression_more_resistant	0.9726885182599289
USP34	all_breast_lines	1736	Selumetinib	MEK1, MEK2	ERK MAPK signaling	GDSC2	AUC	37	-0.09815078236130867	0.5633081638815775	higher_expression_more_sensitive	0.9726885182599289
USP34	all_breast_lines	1507	Ruxolitinib	JAK1, JAK2	Other, kinases	GDSC2	AUC	40	-0.09399624765478425	0.5639981480710229	higher_expression_more_sensitive	0.9726885182599289
USP34	all_breast_lines	1047	Nutlin-3a (-)	MDM2	p53 pathway	GDSC2	LN_IC50	46	-0.08689485044711685	0.5658201277669996	higher_expression_more_sensitive	0.8669824538365316
USP34	all_breast_lines	1059	AZD8055	MTORC1, MTORC2	PI3K/MTOR signaling	GDSC1	LN_IC50	43	-0.09000302023557838	0.5659914577546632	higher_expression_more_sensitive	0.7904651812973011
USP34	all_breast_lines	1812	Bleomycin	dsDNA break induction	DNA replication	GDSC2	AUC	37	-0.09743954480796585	0.5661527790638062	higher_expression_more_sensitive	0.9726885182599289
USP34	all_breast_lines	180	Thapsigargin	SERCA	Other	GDSC1	LN_IC50	42	0.09067336520541286	0.5679486775431458	higher_expression_more_resistant	0.7904651812973011
USP34	all_breast_lines	1804	Acetalax		Unclassified	GDSC2	AUC	37	0.09696538643907064	0.5680528443485168	higher_expression_more_resistant	0.9726885182599289
USP34	all_breast_lines	437	Trichostatin A	HDAC	Chromatin histone acetylation	GDSC1	AUC	44	-0.08809020436927413	0.5696209429181069	higher_expression_more_sensitive	0.8140170089393006
USP34	all_breast_lines	276	CAY10603	HDAC1, HDAC6	Chromatin histone acetylation	GDSC1	LN_IC50	45	-0.08669301712779973	0.5712189111507623	higher_expression_more_sensitive	0.7904651812973011
USP34	all_breast_lines	192	LFM-A13	BTK	Other, kinases	GDSC1	LN_IC50	45	-0.08642951251646903	0.5723937476022586	higher_expression_more_sensitive	0.7904651812973011
USP34	all_breast_lines	438	Panobinostat	HDAC	Chromatin histone acetylation	GDSC1	LN_IC50	44	-0.0872445384073291	0.5733462707809716	higher_expression_more_sensitive	0.7904651812973011
USP34	all_breast_lines	163	JQ1	BRD2, BRD3, BRD4, BRDT	Chromatin other	GDSC1	AUC	44	0.0872445384073291	0.5733462707809716	higher_expression_more_resistant	0.8140170089393006
USP34	all_breast_lines	1428	IAP_5620	IAP	Other	GDSC2	LN_IC50	36	0.09703989703989704	0.5734194294943802	higher_expression_more_resistant	0.868312574843959
USP34	all_breast_lines	1730	PAK_5339	PAK1, PAK2	Cytoskeleton	GDSC2	AUC	37	-0.09554291133238502	0.5737704744988622	higher_expression_more_sensitive	0.9726885182599289
USP34	all_breast_lines	1033	Vismodegib	SMO	Other	GDSC1	AUC	43	-0.08819087888855331	0.5738687898118825	higher_expression_more_sensitive	0.8140170089393006
USP34	all_breast_lines	1060	PD0325901	MEK1, MEK2	ERK MAPK signaling	GDSC1	LN_IC50	43	-0.08819087888855331	0.5738687898118825	higher_expression_more_sensitive	0.7904651812973011
USP34	all_breast_lines	1026	Tanespimycin	HSP90	Protein stability and degradation	GDSC2	LN_IC50	45	-0.08603425559947299	0.5741580748880782	higher_expression_more_sensitive	0.868312574843959
USP34	all_breast_lines	1816	Fulvestrant	ESR	Hormone-related	GDSC2	AUC	37	-0.0953058321479374	0.5747259420658918	higher_expression_more_sensitive	0.9726885182599289
USP34	all_breast_lines	1067	CCT007093	PPM1D	Cell cycle	GDSC2	AUC	43	-0.08758683177287828	0.5765056335815293	higher_expression_more_sensitive	0.9726885182599289
USP34	all_breast_lines	1833	741909		Unclassified	GDSC2	AUC	37	-0.0948316737790422	0.5766390336132414	higher_expression_more_sensitive	0.9726885182599289
USP34	all_breast_lines	1838	Sinularin		Unclassified	GDSC2	AUC	37	-0.0948316737790422	0.5766390336132414	higher_expression_more_sensitive	0.9726885182599289
USP34	all_breast_lines	1511	Epirubicin	Anthracycline	DNA replication	GDSC2	LN_IC50	45	-0.08524374176548088	0.5776941612496712	higher_expression_more_sensitive	0.868312574843959
USP34	all_breast_lines	2047	Ulixertinib	ERK1, ERK2	ERK MAPK signaling	GDSC2	AUC	42	-0.08840450530751154	0.5777129451086731	higher_expression_more_sensitive	0.9726885182599289
USP34	all_breast_lines	1598	LGK974	PORCN	WNT signaling	GDSC2	AUC	45	0.08511198945981555	0.5782844688505551	higher_expression_more_resistant	0.9726885182599289
USP34	all_breast_lines	1559	Luminespib	HSP90	Protein stability and degradation	GDSC2	LN_IC50	45	-0.08498023715415019	0.5788750498959726	higher_expression_more_sensitive	0.868312574843959
USP34	all_breast_lines	184	BMS-754807	IGF1R, IR	RTK signaling	GDSC1	AUC	45	-0.08498023715415019	0.5788750498959726	higher_expression_more_sensitive	0.8140170089393006
USP34	all_breast_lines	1427	AZD5582	IAP	Other	GDSC1	LN_IC50	44	0.08597603946441155	0.578955041677382	higher_expression_more_resistant	0.7943801734643149
USP34	all_breast_lines	249	Cabozantinib	VEGFR, MET, RET, KIT, FLT1, FLT3, FLT4, TIE2,AXL	RTK signaling	GDSC1	AUC	45	0.08471673254281949	0.5800570311075636	higher_expression_more_resistant	0.8140170089393006
USP34	all_breast_lines	285	SU11274	MET	RTK signaling	GDSC1	AUC	44	-0.08555320648343903	0.580830134712358	higher_expression_more_sensitive	0.8140170089393006
USP34	all_breast_lines	1939	UMI-77	MCL1	Apoptosis regulation	GDSC2	AUC	41	-0.08850174216027877	0.5821518382988146	higher_expression_more_sensitive	0.9726885182599289
USP34	all_breast_lines	1375	Temozolomide	DNA alkylating agent	DNA replication	GDSC1	LN_IC50	42	-0.08710801393728224	0.5833264224064575	higher_expression_more_sensitive	0.7972878514744631
USP34	all_breast_lines	1008	Methotrexate	Antimetabolite	DNA replication	GDSC1	AUC	43	0.08562367864693446	0.5851131400056043	higher_expression_more_resistant	0.8140170089393006
USP34	all_breast_lines	262	VX-11e	ERK2	ERK MAPK signaling	GDSC1	LN_IC50	45	0.08339920948616601	0.5859832402837392	higher_expression_more_resistant	0.7978387194632448
USP34	all_breast_lines	1370	BAY-MPS-combo 2 (paclitaxel 1 uM)	TTK and microtubules	Unclassified	GDSC1	AUC	36	-0.09369369369369371	0.586771473819976	higher_expression_more_sensitive	0.8140170089393006
USP34	all_breast_lines	1070	CRT0105950	JNK1, JNK2, JNK3	JNK and p38 signaling	GDSC1	LN_IC50	43	-0.08411356085774689	0.5917731572731085	higher_expression_more_sensitive	0.7979253729239029
USP34	all_breast_lines	140	Vinorelbine	Microtubule destabiliser	Mitosis	GDSC1	LN_IC50	44	-0.08301620859760393	0.5921377896136851	higher_expression_more_sensitive	0.7979253729239029
USP34	all_breast_lines	1926	GNE-317	PI3Kalpha	PI3K/MTOR signaling	GDSC2	AUC	44	0.08301620859760393	0.5921377896136851	higher_expression_more_resistant	0.9726885182599289
USP34	all_breast_lines	1197	ZL049		Unclassified	GDSC1	AUC	43	0.08396254907882815	0.5924409983478852	higher_expression_more_resistant	0.8140170089393006
USP34	all_breast_lines	1999	N25720-51-A1		Unclassified	GDSC2	LN_IC50	41	-0.0858885017421603	0.5933861249990158	higher_expression_more_sensitive	0.8750972797937571
USP34	all_breast_lines	305	TPCA-1	IKK2	Other, kinases	GDSC1	AUC	45	0.08168642951251645	0.5937275500919826	higher_expression_more_resistant	0.8140170089393006
USP34	all_breast_lines	1218	JQ1	BRD2, BRD3, BRD4, BRDT	Chromatin other	GDSC1	LN_IC50	42	-0.08419090835426628	0.5960452886785997	higher_expression_more_sensitive	0.7979253729239029
USP34	all_breast_lines	194	Luminespib	HSP90	Protein stability and degradation	GDSC1	LN_IC50	44	0.08202959830866807	0.5965613451598171	higher_expression_more_resistant	0.7979253729239029
USP34	all_breast_lines	265	Tubastatin A	HDAC1, HDAC6, HDAC8	Chromatin histone acetylation	GDSC1	LN_IC50	45	-0.08089591567852437	0.5973170164543341	higher_expression_more_sensitive	0.7979253729239029
USP34	all_breast_lines	1187	CCT245232	HSF1	Unclassified	GDSC1	AUC	42	0.08386678551170894	0.5974659667100227	higher_expression_more_resistant	0.8140170089393006
USP34	all_breast_lines	180	Thapsigargin	SERCA	Other	GDSC1	AUC	42	0.08386678551170894	0.5974659667100227	higher_expression_more_resistant	0.8140170089393006
USP34	all_breast_lines	436	CAP-232, TT-232, TLN-232	Glycolysis	Metabolism	GDSC1	AUC	44	0.08174770965468638	0.5978278761811255	higher_expression_more_resistant	0.8140170089393006
USP34	all_breast_lines	1581	Bromosporine	CECR2, BRD2, BRD4, BRD9	Chromatin other	GDSC2	LN_IC50	37	-0.08961593172119488	0.597869940157893	higher_expression_more_sensitive	0.8750972797937571
USP34	all_breast_lines	2096	VX-11e	ERK2	ERK MAPK signaling	GDSC2	LN_IC50	45	0.08076416337285901	0.5979161849389064	higher_expression_more_resistant	0.8750972797937571
USP34	all_breast_lines	1062	Selumetinib	MEK1, MEK2	ERK MAPK signaling	GDSC2	AUC	45	0.08063241106719368	0.5985156166000334	higher_expression_more_resistant	0.9726885182599289
USP34	all_breast_lines	221	TAK-715	p38alpha, p38beta	JNK and p38 signaling	GDSC1	AUC	45	0.08063241106719368	0.5985156166000334	higher_expression_more_resistant	0.8140170089393006
USP34	all_breast_lines	1806	Oxaliplatin	DNA alkylating agent	DNA replication	GDSC2	LN_IC50	37	-0.08937885253674727	0.5988429959024537	higher_expression_more_sensitive	0.8750972797937571
USP34	all_breast_lines	1242	(5Z)-7-Oxozeaenol	TAK1	Other, kinases	GDSC1	LN_IC50	42	-0.08273235556275829	0.6024499562882119	higher_expression_more_sensitive	0.7991169414934575
USP34	all_breast_lines	1926	GNE-317	PI3Kalpha	PI3K/MTOR signaling	GDSC2	LN_IC50	44	0.08047921071176886	0.6035417728701281	higher_expression_more_resistant	0.8750972797937571
USP34	all_breast_lines	1012	Vorinostat	HDAC inhibitor Class I, IIa, IIb, IV	Chromatin histone acetylation	GDSC1	LN_IC50	43	-0.0813953488372093	0.6038448325940853	higher_expression_more_sensitive	0.7991169414934575
USP34	all_breast_lines	372	Pilaralisib	PI3K	PI3K/MTOR signaling	GDSC1	AUC	44	-0.08019732205778717	0.6048147333742726	higher_expression_more_sensitive	0.8140170089393006
USP34	all_breast_lines	207	AS601245	JNK1, JNK2, JNK2	JNK and p38 signaling	GDSC1	AUC	45	-0.07905138339920947	0.6057292074627346	higher_expression_more_sensitive	0.8140170089393006
USP34	all_breast_lines	1561	Taselisib	PI3K (beta sparing)	PI3K/MTOR signaling	GDSC2	LN_IC50	45	0.07891963109354413	0.6063320311525948	higher_expression_more_resistant	0.8750972797937571
USP34	all_breast_lines	382	Apitolisib	mTOR, PI3K	PI3K/MTOR signaling	GDSC1	AUC	43	-0.08079130172153427	0.6065418222532731	higher_expression_more_sensitive	0.8140170089393006
USP34	all_breast_lines	1621	PCI-34051	HDAC8, HDAC6, HDAC1	Chromatin histone acetylation	GDSC2	AUC	40	-0.08386491557223266	0.6069045757736069	higher_expression_more_sensitive	0.9726885182599289
USP34	all_breast_lines	167	OSU-03012	PDK1 (PDPK1)	Metabolism	GDSC1	LN_IC50	45	0.07878787878787878	0.606935113499285	higher_expression_more_resistant	0.7991169414934575
USP34	all_breast_lines	1005	Cisplatin	DNA crosslinker	DNA replication	GDSC1	LN_IC50	43	-0.08048927816369676	0.60789225832632	higher_expression_more_sensitive	0.7991169414934575
USP34	all_breast_lines	2154	GSK-LSD1-2HCl 	LSD1	Chromatin histone methylation	GDSC2	AUC	40	0.08330206378986868	0.6093287508940665	higher_expression_more_resistant	0.9726885182599289
USP34	all_breast_lines	1259	Talazoparib	PARP1, PARP2	Genome integrity	GDSC2	LN_IC50	45	-0.07799736495388668	0.6105590210541307	higher_expression_more_sensitive	0.8750972797937571
USP34	all_breast_lines	1804	Acetalax		Unclassified	GDSC2	LN_IC50	37	0.08653390232337599	0.6105727907545389	higher_expression_more_resistant	0.8750972797937571
USP34	all_breast_lines	298	OSI-930	KIT, VEGFR2	RTK signaling	GDSC1	LN_IC50	44	0.07878787878787878	0.6111968603632615	higher_expression_more_resistant	0.7991169414934575
USP34	all_breast_lines	1136	Capivasertib	AKT	PI3K/MTOR signaling	GDSC1	LN_IC50	42	-0.08062555708613565	0.6117533648156129	higher_expression_more_sensitive	0.7991169414934575
USP34	all_breast_lines	1054	Palbociclib	CDK4, CDK6	Cell cycle	GDSC2	LN_IC50	46	-0.07628738822078322	0.6143300354582942	higher_expression_more_sensitive	0.8750972797937571
USP34	all_breast_lines	1845	Schweinfurthin A		Unclassified	GDSC2	LN_IC50	37	-0.08534850640113797	0.6154887979355824	higher_expression_more_sensitive	0.8750972797937571
USP34	all_breast_lines	135	Gemcitabine	Pyrimidine antimetabolite	DNA replication	GDSC1	LN_IC50	44	0.07751937984496124	0.6169652297525299	higher_expression_more_resistant	0.8005602424796388
USP34	all_breast_lines	1047	Nutlin-3a (-)	MDM2	p53 pathway	GDSC1	LN_IC50	43	0.07837511325883419	0.6173812039461621	higher_expression_more_resistant	0.8005602424796388
USP34	all_breast_lines	1582	SGC-CBP30	EP300, CBP	Chromatin histone acetylation	GDSC2	AUC	37	0.08487434803224277	0.6174598478874285	higher_expression_more_resistant	0.9726885182599289
USP34	all_breast_lines	1066	AZD6482	PIK3CB	PI3K/MTOR signaling	GDSC1	AUC	40	0.08123827392120077	0.6182525129262063	higher_expression_more_resistant	0.8140170089393006
USP34	all_breast_lines	284	JNJ38877605	MET	RTK signaling	GDSC1	AUC	44	0.07709654686398872	0.6188931162864274	higher_expression_more_resistant	0.8140170089393006
USP34	all_breast_lines	1732	TAF1_5496	TAF1	Other	GDSC2	LN_IC50	37	-0.08440018966334754	0.6194335362448391	higher_expression_more_sensitive	0.8750972797937571
USP34	all_breast_lines	1057	Dactolisib	PI3K (class 1), MTORC1, MTORC2	PI3K/MTOR signaling	GDSC1	AUC	43	0.07762005436424041	0.6207851811158196	higher_expression_more_resistant	0.8140170089393006
USP34	all_breast_lines	1593	Entinostat	HDAC1, HDAC3	Chromatin histone acetylation	GDSC2	LN_IC50	44	-0.0766737138830162	0.620823533394019	higher_expression_more_sensitive	0.8750972797937571
USP34	all_breast_lines	1373	Dabrafenib	BRAF	ERK MAPK signaling	GDSC2	AUC	45	0.07575757575757575	0.6208766396443884	higher_expression_more_resistant	0.9726885182599289
USP34	all_breast_lines	276	CAY10603	HDAC1, HDAC6	Chromatin histone acetylation	GDSC1	AUC	45	-0.07575757575757575	0.6208766396443884	higher_expression_more_sensitive	0.8140170089393006
USP34	all_breast_lines	1006	Cytarabine	Antimetabolite	Other	GDSC1	AUC	43	-0.07746904258532165	0.6214669188382065	higher_expression_more_sensitive	0.8140170089393006
USP34	all_breast_lines	1071	CRT0105446	mTOR, LCK	PI3K/MTOR signaling	GDSC1	AUC	43	0.07746904258532165	0.6214669188382065	higher_expression_more_resistant	0.8140170089393006
USP34	all_breast_lines	2043	BIBR-1532	TERT	Genome integrity	GDSC2	AUC	44	-0.07653276955602537	0.6214675662563945	higher_expression_more_sensitive	0.9726885182599289
USP34	all_breast_lines	1382	AZD3514	AR	Hormone-related	GDSC1	AUC	43	0.07716701902748414	0.622831332788256	higher_expression_more_resistant	0.8140170089393006
USP34	all_breast_lines	288	WHI-P97	JAK3	Other, kinases	GDSC1	LN_IC50	45	0.07523056653491436	0.6233149045548515	higher_expression_more_resistant	0.8053046577095527
USP34	all_breast_lines	1079	Dasatinib	ABL, SRC, Ephrins, PDGFR, KIT	Other, kinases	GDSC2	LN_IC50	45	-0.07523056653491436	0.6233149045548515	higher_expression_more_sensitive	0.8750972797937571
USP34	all_breast_lines	1922	Cediranib	VEGFR, FLT1, FLT2, FLT3, FLT4, KIT, PDGFRB	RTK signaling	GDSC2	AUC	45	-0.07509881422924901	0.623925094960505	higher_expression_more_sensitive	0.9726885182599289
USP34	all_breast_lines	1158	XMD11-85h	LRRK2, ERK5	Other, kinases	GDSC1	AUC	23	-0.10770750988142294	0.6247226057643106	higher_expression_more_sensitive	0.8140170089393006
USP34	all_breast_lines	1039	SL0101	RSK, AURKB, PIM1, PIM3	Other, kinases	GDSC1	AUC	42	-0.07754639008184103	0.6254593966991236	higher_expression_more_sensitive	0.8140170089393006
USP34	all_breast_lines	156	AZD6482	PI3Kbeta	PI3K/MTOR signaling	GDSC1	LN_IC50	44	0.07526427061310781	0.6272763950758179	higher_expression_more_resistant	0.8074757958430528
USP34	all_breast_lines	1939	UMI-77	MCL1	Apoptosis regulation	GDSC2	LN_IC50	41	-0.07770034843205577	0.6291880557436494	higher_expression_more_sensitive	0.8790127249359808
USP34	all_breast_lines	2498	alpha-lipoic acid	Metabolism	Metabolism	GDSC2	AUC	40	-0.07842401500938087	0.6305087118707403	higher_expression_more_sensitive	0.9726885182599289
USP34	all_breast_lines	1006	Cytarabine	Antimetabolite	Other	GDSC2	AUC	41	0.07665505226480837	0.6338217571863698	higher_expression_more_resistant	0.9726885182599289
USP34	all_breast_lines	2096	VX-11e	ERK2	ERK MAPK signaling	GDSC2	AUC	45	0.07285902503293806	0.6343361483937591	higher_expression_more_resistant	0.9726885182599289
USP34	all_breast_lines	1446	PI3Ka_4409	PI3Kalpha, PI3Kdelta	PI3K/MTOR signaling	GDSC1	LN_IC50	44	-0.0730091613812544	0.6376582032843108	higher_expression_more_sensitive	0.8178659563863986
USP34	all_breast_lines	2439	glutathione	anti-oxidant proteins	Other	GDSC2	AUC	40	-0.07654784240150095	0.638734336064506	higher_expression_more_sensitive	0.9726885182599289
USP34	all_breast_lines	159	HG6-64-1	BRAF	ERK MAPK signaling	GDSC1	LN_IC50	44	-0.07244538407329104	0.6402644975384277	higher_expression_more_sensitive	0.8181554948285206
USP34	all_breast_lines	1168	Erlotinib	EGFR	EGFR signaling	GDSC2	LN_IC50	45	0.07154150197628459	0.6404932299931879	higher_expression_more_resistant	0.8876471996994106
USP34	all_breast_lines	1441	AZD2014	mTORC1, mTORC2	PI3K/MTOR signaling	GDSC1	AUC	43	-0.0732407127755965	0.6406809001122885	higher_expression_more_sensitive	0.83077303531044
USP34	all_breast_lines	1036	PLX-4720	BRAF	ERK MAPK signaling	GDSC2	AUC	45	0.07088274044795784	0.6435807790824356	higher_expression_more_resistant	0.9726885182599289
USP34	all_breast_lines	151	QS11	ARFGAP1	Other	GDSC1	LN_IC50	45	0.07061923583662713	0.6448174662631561	higher_expression_more_resistant	0.8181554948285206
USP34	all_breast_lines	275	I-BET-762	BRD2, BRD3, BRD4	Chromatin other	GDSC1	LN_IC50	45	-0.07061923583662713	0.6448174662631561	higher_expression_more_sensitive	0.8181554948285206
USP34	all_breast_lines	1033	Vismodegib	SMO	Other	GDSC2	LN_IC50	45	0.07048748353096179	0.6454361657643631	higher_expression_more_resistant	0.8876471996994106
USP34	all_breast_lines	1615	CZC24832	PI3Kgamma	PI3K/MTOR signaling	GDSC2	AUC	40	0.07467166979362101	0.6470028501821438	higher_expression_more_resistant	0.9726885182599289
USP34	all_breast_lines	2000	N27922-53-1		Unclassified	GDSC2	AUC	41	0.07369337979094079	0.6470252331024302	higher_expression_more_resistant	0.9726885182599289
USP34	all_breast_lines	204	Tipifarnib	Farnesyl-transferase (FNTA)	Other	GDSC1	LN_IC50	45	0.07009222661396575	0.647293683635686	higher_expression_more_resistant	0.8183641571679744
USP34	all_breast_lines	416	CAY10566	Stearoyl-CoA desaturase	Other	GDSC1	AUC	44	0.07047216349541931	0.64942008769911	higher_expression_more_resistant	0.8390317921368063
USP34	all_breast_lines	1833	741909		Unclassified	GDSC2	LN_IC50	37	-0.07705073494547177	0.6503544130468819	higher_expression_more_sensitive	0.8876471996994106
USP34	all_breast_lines	1057	Dactolisib	PI3K (class 1), MTORC1, MTORC2	PI3K/MTOR signaling	GDSC2	LN_IC50	45	-0.069433465085639	0.6503942565270813	higher_expression_more_sensitive	0.8876471996994106
USP34	all_breast_lines	1824	123138		Unclassified	GDSC2	AUC	37	-0.07681365576102417	0.6513618739662094	higher_expression_more_sensitive	0.9726885182599289
USP34	all_breast_lines	1061	SB590885	BRAF	ERK MAPK signaling	GDSC1	LN_IC50	42	0.0712259946519731	0.6539822372158073	higher_expression_more_resistant	0.8225428776789212
USP34	all_breast_lines	1840	630600		Unclassified	GDSC2	LN_IC50	37	-0.07610241820768135	0.6543879059074592	higher_expression_more_sensitive	0.8876471996994106
USP34	all_breast_lines	1197	ZL049		Unclassified	GDSC1	LN_IC50	43	-0.07006946541830263	0.6552460212018525	higher_expression_more_sensitive	0.8225428776789212
USP34	all_breast_lines	1369	BAY-MPS-combo-1 (paclitaxel 5 uM)	TTK and microtubules	Mitosis	GDSC1	AUC	36	-0.07670527670527671	0.6565760379803945	higher_expression_more_sensitive	0.8422247804751456
USP34	all_breast_lines	342	Tenovin-6	SIRT	Chromatin histone acetylation	GDSC1	AUC	44	-0.06892177589852008	0.6566498288450288	higher_expression_more_sensitive	0.8422247804751456
USP34	all_breast_lines	1622	Wnt-C59	PORCN	WNT signaling	GDSC2	AUC	40	-0.07242026266416511	0.6569804871412208	higher_expression_more_sensitive	0.9726885182599289
USP34	all_breast_lines	1832	729189		Unclassified	GDSC2	LN_IC50	37	-0.07539118065433853	0.6574193792759447	higher_expression_more_sensitive	0.8876471996994106
USP34	all_breast_lines	182	Obatoclax Mesylate	BCL2, BCL-XL, BCL-W, MCL1	Apoptosis regulation	GDSC1	LN_IC50	45	-0.0673254281949934	0.6603551675417729	higher_expression_more_sensitive	0.8260273120487195
USP34	all_breast_lines	1089	Oxaliplatin	DNA alkylating agent	DNA replication	GDSC2	LN_IC50	45	-0.0670619235836627	0.6616044181912978	higher_expression_more_sensitive	0.8876471996994106
USP34	all_breast_lines	1416	AZD8931	EGFR, ERBB2, ERBB3	RTK signaling	GDSC1	LN_IC50	44	-0.06737138830162086	0.6639106855264783	higher_expression_more_sensitive	0.8262908256819032
USP34	all_breast_lines	356	AT7867	AKT	PI3K/MTOR signaling	GDSC1	AUC	44	-0.06737138830162086	0.6639106855264783	higher_expression_more_sensitive	0.8484634753659687
USP34	all_breast_lines	1706	AZD5153	BRD4	Chromatin other	GDSC2	LN_IC50	37	-0.07373162636320531	0.6645137430315113	higher_expression_more_sensitive	0.8876471996994106
USP34	all_breast_lines	363	PF-00299804	EGFR, ERBB2, ERBB4	RTK signaling	GDSC1	LN_IC50	44	0.06708949964763918	0.6652341393201763	higher_expression_more_resistant	0.8262908256819032
USP34	all_breast_lines	1001	AICA Ribonucleotide	AMPK agonist	Metabolism	GDSC1	AUC	43	-0.06765327695560254	0.6664290171040077	higher_expression_more_sensitive	0.8486182448015063
USP34	all_breast_lines	1053	MK-2206	AKT1, AKT2	PI3K/MTOR signaling	GDSC2	AUC	46	-0.06481652790625964	0.6686806976434214	higher_expression_more_sensitive	0.9726885182599289
USP34	all_breast_lines	1622	Wnt-C59	PORCN	WNT signaling	GDSC2	LN_IC50	40	-0.06979362101313322	0.6686955871868258	higher_expression_more_sensitive	0.8876471996994106
USP34	all_breast_lines	1910	ABT737	BCL2, BCL-XL,  BCL-W, BCL-B, BFL1	Apoptosis regulation	GDSC2	AUC	45	-0.06534914361001318	0.6697465849386416	higher_expression_more_sensitive	0.9726885182599289
USP34	all_breast_lines	1584	BDOCA000347a	BRPF1, BRPF2, BRPF3	Chromatin histone acetylation	GDSC2	LN_IC50	37	0.07207207207207207	0.6716369683113379	higher_expression_more_resistant	0.8876471996994106
USP34	all_breast_lines	1253	N24798-49-A1	JMJ histone demethylase	Chromatin histone methylation	GDSC1	LN_IC50	43	-0.0664451827242525	0.6720475917676585	higher_expression_more_sensitive	0.8282901275628042
USP34	all_breast_lines	286	KIN001-236	HDAC6, HDAC10	Chromatin histone acetylation	GDSC1	LN_IC50	45	-0.06482213438735178	0.6722594719936228	higher_expression_more_sensitive	0.8282901275628042
USP34	all_breast_lines	1042	Doramapimod	p38, JNK2	JNK and p38 signaling	GDSC2	LN_IC50	44	-0.06553911205073995	0.6725310243694022	higher_expression_more_sensitive	0.8876471996994106
USP34	all_breast_lines	236	IC-87114	PI3Kdelta	PI3K/MTOR signaling	GDSC1	AUC	43	-0.06614315916641499	0.6734550108365888	higher_expression_more_sensitive	0.8519527784216507
USP34	all_breast_lines	1461	TANK_1366	Tankyrase 1/2 (PARP5a, PARP5b)	Genome integrity	GDSC1	AUC	44	0.06525722339675827	0.6738609546837916	higher_expression_more_resistant	0.8519527784216507
USP34	all_breast_lines	1014	Refametinib	MEK1, MEK2	ERK MAPK signaling	GDSC2	LN_IC50	45	-0.06429512516469038	0.6747758960251958	higher_expression_more_sensitive	0.8876471996994106
USP34	all_breast_lines	1826	50869		Unclassified	GDSC2	AUC	37	-0.07112375533428164	0.675720132295087	higher_expression_more_sensitive	0.9726885182599289
USP34	all_breast_lines	1632	Ribociclib	CDK4, CDK6	Cell cycle	GDSC2	LN_IC50	44	-0.06483439041578576	0.6758576924027092	higher_expression_more_sensitive	0.8876471996994106
USP34	all_breast_lines	1252	N23918-95-7	JMJ histone demethylase	Chromatin histone methylation	GDSC1	LN_IC50	42	-0.06636415201361316	0.6762613462244356	higher_expression_more_sensitive	0.8282901275628042
USP34	all_breast_lines	1026	Tanespimycin	HSP90	Protein stability and degradation	GDSC1	AUC	43	-0.0653881002718212	0.6769783694872895	higher_expression_more_sensitive	0.8528481950124573
USP34	all_breast_lines	2003	N29087-69-1		Unclassified	GDSC2	AUC	41	0.06689895470383277	0.6777164937145224	higher_expression_more_resistant	0.9726885182599289
USP34	all_breast_lines	1732	TAF1_5496	TAF1	Other	GDSC2	AUC	37	-0.07064959696538642	0.6777651499498442	higher_expression_more_sensitive	0.9726885182599289
USP34	all_breast_lines	1236	UNC0638	G9a and GLP methyltransferases	Chromatin histone methylation	GDSC1	AUC	42	0.06555384490721985	0.6800018288590817	higher_expression_more_resistant	0.8536193170784216
USP34	all_breast_lines	2057	Remodelin		Unclassified	GDSC2	AUC	22	-0.09316770186335405	0.6800565574585159	higher_expression_more_sensitive	0.9726885182599289
USP34	all_breast_lines	1453	RAF_9304	ARAF, BRAF, CRAF	ERK MAPK signaling	GDSC1	LN_IC50	44	-0.06384778012684988	0.6805252817904337	higher_expression_more_sensitive	0.8282901275628042
USP34	all_breast_lines	1259	Talazoparib	PARP1, PARP2	Genome integrity	GDSC2	AUC	45	-0.06271409749670619	0.6823461486536406	higher_expression_more_sensitive	0.9726885182599289
USP34	all_breast_lines	1584	BDOCA000347a	BRPF1, BRPF2, BRPF3	Chromatin histone acetylation	GDSC2	AUC	37	0.0694642010431484	0.6828876115631746	higher_expression_more_resistant	0.9726885182599289
USP34	all_breast_lines	1815	Dacarbazine	CP11A	Other	GDSC2	AUC	37	-0.0692271218587008	0.6839137910892186	higher_expression_more_sensitive	0.9726885182599289
USP34	all_breast_lines	1062	Selumetinib	MEK1, MEK2	ERK MAPK signaling	GDSC1	LN_IC50	41	0.06550522648083625	0.6840782293912748	higher_expression_more_resistant	0.8282901275628042
USP34	all_breast_lines	382	Apitolisib	mTOR, PI3K	PI3K/MTOR signaling	GDSC1	LN_IC50	43	-0.0637269707037149	0.6847536711562551	higher_expression_more_sensitive	0.8282901275628042
USP34	all_breast_lines	2113	VTP-B		Unclassified	GDSC2	LN_IC50	41	0.064808362369338	0.6872672287628557	higher_expression_more_resistant	0.8984915605385957
USP34	all_breast_lines	1526	Refametinib	MEK1, MEK2	ERK MAPK signaling	GDSC1	LN_IC50	40	-0.06547842401500939	0.6881098996859055	higher_expression_more_sensitive	0.8282901275628042
USP34	all_breast_lines	1561	Taselisib	PI3K (beta sparing)	PI3K/MTOR signaling	GDSC2	AUC	45	0.0613965744400527	0.6886783702134439	higher_expression_more_resistant	0.9726885182599289
USP34	all_breast_lines	1436	MCT1_6447	MCT1	Cell cycle	GDSC1	AUC	41	0.0642857142857143	0.6896624957448991	higher_expression_more_resistant	0.862687362168531
USP34	all_breast_lines	254	Quizartinib	FLT3	RTK signaling	GDSC1	LN_IC50	44	-0.06187455954897816	0.6898957778115601	higher_expression_more_sensitive	0.8282901275628042
USP34	all_breast_lines	1025	SB216763	GSK3A, GSK3B	WNT signaling	GDSC2	AUC	44	0.06187455954897816	0.6898957778115601	higher_expression_more_resistant	0.9726885182599289
USP34	all_breast_lines	228	AKT inhibitor VIII	AKT1, AKT2, AKT3	PI3K/MTOR signaling	GDSC1	LN_IC50	44	0.06187455954897816	0.6898957778115601	higher_expression_more_resistant	0.8282901275628042
USP34	all_breast_lines	1839	615590		Unclassified	GDSC2	AUC	37	0.06780464675201517	0.6900825420207154	higher_expression_more_resistant	0.9726885182599289
USP34	all_breast_lines	1013	Nilotinib	ABL	ABL signaling	GDSC1	LN_IC50	43	-0.06236786469344609	0.6911393370893962	higher_expression_more_sensitive	0.8282901275628042
USP34	all_breast_lines	1020	Lenalidomide	CRBN	Protein stability and degradation	GDSC2	LN_IC50	45	-0.060737812911725954	0.6918524235158525	higher_expression_more_sensitive	0.9003558936165205
USP34	all_breast_lines	211	TL-2-105	not defined	Other	GDSC1	LN_IC50	44	0.0613107822410148	0.6925815755892374	higher_expression_more_resistant	0.8282901275628042
USP34	all_breast_lines	1047	Nutlin-3a (-)	MDM2	p53 pathway	GDSC2	AUC	46	-0.05938945420906568	0.6950138708204086	higher_expression_more_sensitive	0.9726885182599289
USP34	all_breast_lines	196	Phenformin	Biguanide agent	Other	GDSC1	LN_IC50	44	-0.06004228329809725	0.6986382137033407	higher_expression_more_sensitive	0.8302323188272231
USP34	all_breast_lines	1576	IWP-2	PORCN	WNT signaling	GDSC2	LN_IC50	40	-0.06303939962476549	0.6991721046975601	higher_expression_more_sensitive	0.9017777516119697
USP34	all_breast_lines	1006	Cytarabine	Antimetabolite	Other	GDSC2	LN_IC50	41	-0.062195121951219526	0.699273274057001	higher_expression_more_sensitive	0.9017777516119697
USP34	all_breast_lines	263	FR-180204	ERK1, ERK2	ERK MAPK signaling	GDSC1	LN_IC50	45	0.05915678524374176	0.699491399391029	higher_expression_more_resistant	0.8302323188272231
USP34	all_breast_lines	1425	BPTES	GLS	Other	GDSC1	AUC	44	-0.05933756166314306	0.7020110483785093	higher_expression_more_sensitive	0.8750419405844798
USP34	all_breast_lines	303	PIK-93	PK3CG	PI3K/MTOR signaling	GDSC1	LN_IC50	45	0.05823451910408431	0.7039611135052095	higher_expression_more_resistant	0.8302323188272231
USP34	all_breast_lines	1927	GSK2578215A	LRRK2	Other, kinases	GDSC2	AUC	45	-0.05797101449275362	0.7052399965598244	higher_expression_more_sensitive	0.9726885182599289
USP34	all_breast_lines	1016	Temsirolimus	MTOR	PI3K/MTOR signaling	GDSC1	AUC	43	0.05919661733615222	0.706121086971382	higher_expression_more_resistant	0.8770767185539271
USP34	all_breast_lines	1093	GSK1904529A	IGF1R, IR	IGF1R signaling	GDSC2	AUC	45	-0.057707509881422925	0.7065196835331767	higher_expression_more_sensitive	0.9726885182599289
USP34	all_breast_lines	1998	BPD-00008900		Other	GDSC2	AUC	41	-0.060452961672473875	0.7073178556539556	higher_expression_more_sensitive	0.9726885182599289
USP34	all_breast_lines	287	KIN001-244	PDK1	Other, kinases	GDSC1	LN_IC50	45	0.05731225296442687	0.7084407143899553	higher_expression_more_resistant	0.8302323188272231
USP34	all_breast_lines	1079	Dasatinib	ABL, SRC, Ephrins, PDGFR, KIT	Other, kinases	GDSC2	AUC	45	-0.05731225296442687	0.7084407143899553	higher_expression_more_sensitive	0.9726885182599289
USP34	all_breast_lines	1853	OF-1	BRPF1B, BRPF2	Chromatin histone acetylation	GDSC2	LN_IC50	40	0.06097560975609758	0.7085806641632805	higher_expression_more_resistant	0.9096643661555628
USP34	all_breast_lines	1009	Tretinoin	Retinoic acid	Other	GDSC1	AUC	43	0.058592570220477196	0.7089874367792773	higher_expression_more_resistant	0.8775578762932313
USP34	all_breast_lines	1203	QL-XII-61	BMX, BTK	Other, kinases	GDSC1	LN_IC50	20	-0.08872180451127819	0.7099206278927328	higher_expression_more_sensitive	0.8302323188272231
USP34	all_breast_lines	1363	BAY AKT1	AKT1, AKT2, AKT3	Apoptosis regulation	GDSC1	LN_IC50	40	-0.06060037523452158	0.7102959553636724	higher_expression_more_sensitive	0.8302323188272231
USP34	all_breast_lines	1866	BDP-00009066	MRCKB_HUMAN	Cytoskeleton	GDSC2	AUC	41	-0.05975609756097563	0.7105445595275781	higher_expression_more_sensitive	0.9726885182599289
USP34	all_breast_lines	1053	MK-2206	AKT1, AKT2	PI3K/MTOR signaling	GDSC1	AUC	42	0.05874726521351593	0.711713733937304	higher_expression_more_resistant	0.8778629331491484
USP34	all_breast_lines	1779	GSK626616AC	DYRK1A	Other, kinases	GDSC2	AUC	37	0.06258890469416785	0.7128675975950707	higher_expression_more_resistant	0.9726885182599289
USP34	all_breast_lines	290	KIN001-260	CDC7	DNA replication	GDSC1	LN_IC50	45	-0.05638998682476943	0.7129300657757223	higher_expression_more_sensitive	0.8302323188272231
USP34	all_breast_lines	2172	JQ1	BRD2, BRD3, BRD4, BRDT	Chromatin other	GDSC2	AUC	45	-0.05638998682476943	0.7129300657757223	higher_expression_more_sensitive	0.9726885182599289
USP34	all_breast_lines	1502	Bicalutamide	AR	Hormone-related	GDSC1	LN_IC50	41	-0.05923344947735192	0.7129678670154684	higher_expression_more_sensitive	0.8302323188272231
USP34	all_breast_lines	140	Vinorelbine	Microtubule destabiliser	Mitosis	GDSC1	AUC	44	-0.056659619450317125	0.7148789982422438	higher_expression_more_sensitive	0.8787054353394246
USP34	all_breast_lines	182	Obatoclax Mesylate	BCL2, BCL-XL, BCL-W, MCL1	Apoptosis regulation	GDSC1	AUC	45	-0.05546772068511198	0.7174290304590109	higher_expression_more_sensitive	0.8787885009774735
USP34	all_breast_lines	1580	GSK2801		Chromatin other	GDSC2	LN_IC50	37	0.06116642958748221	0.7191254653312217	higher_expression_more_resistant	0.9152709114821309
USP34	all_breast_lines	1940	WIKI4	TNKS1, TNKS2	WNT signaling	GDSC2	AUC	45	0.055072463768115934	0.7193600668296034	higher_expression_more_resistant	0.9726885182599289
USP34	all_breast_lines	1084	Rapamycin	MTORC1	PI3K/MTOR signaling	GDSC2	AUC	45	0.054940711462450595	0.7200041304767908	higher_expression_more_resistant	0.9726885182599289
USP34	all_breast_lines	1913	AGI-5198	IDH1 (R132H)	Metabolism	GDSC2	LN_IC50	45	0.054808959156785235	0.7206483858771955	higher_expression_more_resistant	0.9152709114821309
USP34	all_breast_lines	1583	GSK-LSD1	KDM1	Chromatin histone methylation	GDSC2	AUC	37	0.06069227121858701	0.7212154532157095	higher_expression_more_resistant	0.9726885182599289
USP34	all_breast_lines	1382	AZD3514	AR	Hormone-related	GDSC1	LN_IC50	43	-0.05587435819993959	0.721934656360843	higher_expression_more_sensitive	0.8351825636969998
USP34	all_breast_lines	200	Dacinostat	HDAC1	Chromatin histone acetylation	GDSC1	LN_IC50	45	0.05454545454545454	0.7219374703143558	higher_expression_more_resistant	0.8351825636969998
USP34	all_breast_lines	1010	Gefitinib	EGFR	EGFR signaling	GDSC2	LN_IC50	45	-0.0544137022397892	0.7225822985385244	higher_expression_more_sensitive	0.9152709114821309
USP34	all_breast_lines	1593	Entinostat	HDAC1, HDAC3	Chromatin histone acetylation	GDSC2	AUC	44	-0.053981677237491185	0.7278255358035143	higher_expression_more_sensitive	0.9726885182599289
USP34	all_breast_lines	310	YM201636	PIKFYVE	PI3K/MTOR signaling	GDSC1	LN_IC50	45	0.0530961791831357	0.729040970507456	higher_expression_more_resistant	0.8377371849103808
USP34	all_breast_lines	224	AS605240	PI3Kgamma	PI3K/MTOR signaling	GDSC1	LN_IC50	45	0.0530961791831357	0.729040970507456	higher_expression_more_resistant	0.8377371849103808
USP34	all_breast_lines	1414	Fulvestrant	ESR1	Hormone-related	GDSC1	AUC	43	-0.054364240410752045	0.7291611086838775	higher_expression_more_sensitive	0.889555979853291
USP34	all_breast_lines	155	Ponatinib	ABL, PDGFRA, VEGFR2, FGFR1, SRC, TIE2, FLT3	Other, kinases	GDSC1	AUC	44	-0.05327695560253699	0.7312451698794002	higher_expression_more_sensitive	0.889555979853291
USP34	all_breast_lines	1429	IAP_7638	IAP	Other	GDSC1	LN_IC50	44	-0.05327695560253699	0.7312451698794002	higher_expression_more_sensitive	0.8377371849103808
USP34	all_breast_lines	1912	Afuresertib	AKT1, AKT2, AKT3	PI3K/MTOR signaling	GDSC2	AUC	45	-0.05217391304347826	0.7335731345089319	higher_expression_more_sensitive	0.9726885182599289
USP34	all_breast_lines	1052	RO-3306	CDK1	Cell cycle	GDSC2	LN_IC50	44	-0.0525722339675828	0.7346699581114002	higher_expression_more_sensitive	0.9264643277068543
USP34	all_breast_lines	1453	RAF_9304	ARAF, BRAF, CRAF	ERK MAPK signaling	GDSC1	AUC	44	0.05229034531360112	0.7360413029261083	higher_expression_more_resistant	0.8918479683215934
USP34	all_breast_lines	1048	Mirin	MRE11	Genome integrity	GDSC1	AUC	41	-0.05383275261324043	0.7381679511814319	higher_expression_more_sensitive	0.8918479683215934
USP34	all_breast_lines	1052	RO-3306	CDK1	Cell cycle	GDSC2	AUC	44	-0.05144467935165609	0.7401601877088568	higher_expression_more_sensitive	0.9726885182599289
USP34	all_breast_lines	170	Shikonin	not defined	Other	GDSC1	AUC	44	0.051021846370683584	0.7422223341111723	higher_expression_more_resistant	0.8936382028538326
USP34	all_breast_lines	1069	EHT-1864	RAC1, RAC2, RAC3	Cytoskeleton	GDSC2	AUC	44	-0.051021846370683584	0.7422223341111723	higher_expression_more_sensitive	0.9726885182599289
USP34	all_breast_lines	1785	LMB_AB3	PPP1R15B	Other	GDSC2	AUC	37	-0.05571360834518729	0.7432780022668964	higher_expression_more_sensitive	0.9726885182599289
USP34	all_breast_lines	1012	Vorinostat	HDAC inhibitor Class I, IIa, IIb, IV	Chromatin histone acetylation	GDSC1	AUC	43	-0.05104198127453942	0.7451403057789096	higher_expression_more_sensitive	0.8936382028538326
USP34	all_breast_lines	1821	765771		Unclassified	GDSC2	AUC	37	-0.055002370791844474	0.7464467908534498	higher_expression_more_sensitive	0.9726885182599289
USP34	all_breast_lines	1057	Dactolisib	PI3K (class 1), MTORC1, MTORC2	PI3K/MTOR signaling	GDSC2	AUC	45	-0.04953886693017127	0.746571140358939	higher_expression_more_sensitive	0.9726885182599289
USP34	all_breast_lines	225	Genentech Cpd 10	AURKA, AURKB	Mitosis	GDSC1	AUC	45	-0.04940711462450593	0.7472229040811706	higher_expression_more_sensitive	0.8936382028538326
USP34	all_breast_lines	208	Ispinesib Mesylate	KSP	Mitosis	GDSC1	LN_IC50	45	-0.048748353096179184	0.7504843302387744	higher_expression_more_sensitive	0.8570046867887939
USP34	all_breast_lines	410	MetAP2 Inhibitor, A832234	MetAP2	Other	GDSC1	AUC	43	0.04968287526427061	0.7517082442851724	higher_expression_more_resistant	0.8959754830873772
USP34	all_breast_lines	1133	Serdemetan	MDM2	p53 pathway	GDSC1	AUC	42	-0.04967182562191071	0.7547454277770703	higher_expression_more_sensitive	0.8965767833324929
USP34	all_breast_lines	1026	Tanespimycin	HSP90	Protein stability and degradation	GDSC2	AUC	45	-0.047694334650856374	0.7557115491478336	higher_expression_more_sensitive	0.9726885182599289
USP34	all_breast_lines	1996	MIM1	MCL1	Apoptosis regulation	GDSC2	LN_IC50	41	-0.04982578397212544	0.7570427855942289	higher_expression_more_sensitive	0.9496806300821423
USP34	all_breast_lines	175	PAC-1	Procaspase-3, Procaspase-7	Apoptosis regulation	GDSC1	LN_IC50	45	-0.04703557312252964	0.7589840639968652	higher_expression_more_sensitive	0.8574854875760676
USP34	all_breast_lines	1175	Rucaparib	PARP1, PARP2	Genome integrity	GDSC1	AUC	42	-0.048699457094238716	0.7594023568957908	higher_expression_more_sensitive	0.8990917536491971
USP34	all_breast_lines	2148	POMHEX		Unclassified	GDSC2	LN_IC50	40	-0.049906191369606015	0.7597445040657139	higher_expression_more_sensitive	0.9496806300821423
USP34	all_breast_lines	362	CI-1033	EGFR, ERBB2, ERBB4	RTK signaling	GDSC1	LN_IC50	44	0.04693446088794925	0.762246442518516	higher_expression_more_resistant	0.8574854875760676
USP34	all_breast_lines	1853	OF-1	BRPF1B, BRPF2	Chromatin histone acetylation	GDSC2	AUC	40	0.04915572232645404	0.7632528754808228	higher_expression_more_resistant	0.9726885182599289
USP34	all_breast_lines	329	QL-XI-92	DDR1	Cytoskeleton	GDSC1	LN_IC50	44	0.04665257223396758	0.7636332546837691	higher_expression_more_resistant	0.8574854875760676
USP34	all_breast_lines	1531	I-CBP112	EP300, CBP	Chromatin histone acetylation	GDSC1	LN_IC50	40	-0.048968105065666054	0.7641307011471961	higher_expression_more_sensitive	0.8574854875760676
USP34	all_breast_lines	1372	Trametinib	MEK1, MEK2	ERK MAPK signaling	GDSC1	AUC	42	0.047565027145288076	0.7648460560517769	higher_expression_more_resistant	0.9004423750078913
USP34	all_breast_lines	1915	AZD3759	EGFR	EGFR signaling	GDSC2	LN_IC50	45	-0.045849802371541494	0.7648850613270156	higher_expression_more_sensitive	0.9519311898611329
USP34	all_breast_lines	305	TPCA-1	IKK2	Other, kinases	GDSC1	LN_IC50	45	-0.04571805006587615	0.7655415479997553	higher_expression_more_sensitive	0.8574854875760676
USP34	all_breast_lines	1194	SB505124	TGFBR1, ACVR1B, ACVR1C	RTK signaling	GDSC1	AUC	43	0.046813651464814254	0.7656303810095346	higher_expression_more_resistant	0.9004423750078913
USP34	all_breast_lines	1918	AZD8186	PI3Kalpha, PI3Kbeta	PI3K/MTOR signaling	GDSC2	AUC	45	0.0455862977602108	0.7661981971592996	higher_expression_more_resistant	0.9726885182599289
USP34	all_breast_lines	1248	Daporinad	NAMPT	Metabolism	GDSC1	LN_IC50	39	-0.048987854251012146	0.7671129851219376	higher_expression_more_sensitive	0.8574854875760676
USP34	all_breast_lines	1784	LMB_AB2	GADD34	Unclassified	GDSC2	AUC	37	0.05026078710289236	0.7676746379063495	higher_expression_more_resistant	0.9726885182599289
USP34	all_breast_lines	219	AT-7519	CDK1, CDK2, CDK4, CDK6, CDK9	Cell cycle	GDSC1	LN_IC50	45	-0.04519104084321475	0.7681691152554335	higher_expression_more_sensitive	0.8574854875760676
USP34	all_breast_lines	1066	AZD6482	PIK3CB	PI3K/MTOR signaling	GDSC1	LN_IC50	40	0.0476547842401501	0.7702835735852811	higher_expression_more_resistant	0.8574854875760676
USP34	all_breast_lines	2055	Mycophenolic acid		Unclassified	GDSC2	AUC	41	-0.04668989547038328	0.7719127759434079	higher_expression_more_sensitive	0.9726885182599289
USP34	all_breast_lines	172	Embelin	XIAP	Apoptosis regulation	GDSC1	AUC	45	-0.04400527009222661	0.7740905041419014	higher_expression_more_sensitive	0.9072547068122458
USP34	all_breast_lines	1780	GSK3337463A	NIK	Other, kinases	GDSC2	AUC	37	-0.04860123281175912	0.7751448284526834	higher_expression_more_sensitive	0.9726885182599289
USP34	all_breast_lines	1835	Elephantin		Unclassified	GDSC2	AUC	37	-0.04860123281175912	0.7751448284526834	higher_expression_more_sensitive	0.9726885182599289
USP34	all_breast_lines	1136	Capivasertib	AKT	PI3K/MTOR signaling	GDSC1	AUC	42	-0.0451341058261081	0.7765485202376003	higher_expression_more_sensitive	0.9072547068122458
USP34	all_breast_lines	1999	N25720-51-A1		Unclassified	GDSC2	AUC	41	0.0456445993031359	0.7768876763839239	higher_expression_more_resistant	0.9726885182599289
USP34	all_breast_lines	1706	AZD5153	BRD4	Chromatin other	GDSC2	AUC	37	-0.0476529160739687	0.7794225094504947	higher_expression_more_sensitive	0.9726885182599289
USP34	all_breast_lines	2158	CPI-637	EP300	Chromatin histone methylation	GDSC2	LN_IC50	40	0.04559099437148219	0.7799803409627332	higher_expression_more_resistant	0.9614384577853092
USP34	all_breast_lines	1624	I-BET-762	BRD2, BRD3, BRD4	Chromatin other	GDSC2	AUC	40	-0.04559099437148219	0.7799803409627332	higher_expression_more_sensitive	0.9726885182599289
USP34	all_breast_lines	1782	GSK2830371A	PPM1D	Other	GDSC2	AUC	37	0.04717875770507349	0.7815637567772762	higher_expression_more_resistant	0.9726885182599289
USP34	all_breast_lines	1733	ULK1_4989	ULK1	Other, kinases	GDSC2	AUC	37	-0.04717875770507349	0.7815637567772762	higher_expression_more_sensitive	0.9726885182599289
USP34	all_breast_lines	170	Shikonin	not defined	Other	GDSC1	LN_IC50	44	0.04298801973220578	0.7817268778692881	higher_expression_more_resistant	0.8674962845320626
USP34	all_breast_lines	1375	Temozolomide	DNA alkylating agent	DNA replication	GDSC2	LN_IC50	45	0.04242424242424242	0.7820053998315754	higher_expression_more_resistant	0.9614384577853092
USP34	all_breast_lines	1069	EHT-1864	RAC1, RAC2, RAC3	Cytoskeleton	GDSC2	LN_IC50	44	-0.04242424242424242	0.7845209096016936	higher_expression_more_sensitive	0.9614384577853092
USP34	all_breast_lines	1129	PF-4708671	S6K1	PI3K/MTOR signaling	GDSC1	AUC	42	0.04335143019204278	0.7851616027132915	higher_expression_more_resistant	0.9143000242121881
USP34	all_breast_lines	1232	I-BET-151	BRD2, BRD3, BRD4	Chromatin other	GDSC1	LN_IC50	42	-0.043027307349485455	0.7867303728697606	higher_expression_more_sensitive	0.8691738769915338
USP34	all_breast_lines	1187	CCT245232	HSF1	Unclassified	GDSC1	LN_IC50	42	0.0423790616643708	0.7898704067335913	higher_expression_more_resistant	0.8691738769915338
USP34	all_breast_lines	269	NSC-207895	MDM4	p53 pathway	GDSC1	LN_IC50	45	0.04071146245059288	0.7906044869809996	higher_expression_more_resistant	0.8691738769915338
USP34	all_breast_lines	381	AST-1306	EGFR, ERBB4	RTK signaling	GDSC1	AUC	44	0.04115574348132487	0.790817226173981	higher_expression_more_resistant	0.9161781212956011
USP34	all_breast_lines	2159	UNC0379	SETD8	Chromatin histone methylation	GDSC2	LN_IC50	40	-0.0427767354596623	0.7932560661588646	higher_expression_more_sensitive	0.9614384577853092
USP34	all_breast_lines	1232	I-BET-151	BRD2, BRD3, BRD4	Chromatin other	GDSC1	AUC	42	0.04156875455797747	0.793800063941119	higher_expression_more_resistant	0.9161781212956011
USP34	all_breast_lines	1023	GW441756	NTRK1	RTK signaling	GDSC1	LN_IC50	43	-0.04077318030806403	0.7951746657550437	higher_expression_more_sensitive	0.8714917389389644
USP34	all_breast_lines	1054	Palbociclib	CDK4, CDK6	Cell cycle	GDSC1	AUC	42	-0.04124463171542015	0.7953733436846405	higher_expression_more_sensitive	0.9161781212956011
USP34	all_breast_lines	1093	GSK1904529A	IGF1R, IR	IGF1R signaling	GDSC2	LN_IC50	45	-0.03965744400527008	0.7959085518750368	higher_expression_more_sensitive	0.9614384577853092
USP34	all_breast_lines	2438	ascorbate (vitamin C)	anti-oxidant proteins	Other	GDSC2	AUC	40	0.042213883677298315	0.795918257065692	higher_expression_more_resistant	0.9743956330352131
USP34	all_breast_lines	477	A-83-01	TGFB	Other	GDSC1	AUC	44	-0.03988724453840732	0.7971267270029523	higher_expression_more_sensitive	0.9161781212956011
USP34	all_breast_lines	2360	THR-101	Mutant RAS	PI3K/MTOR signaling	GDSC2	AUC	41	-0.04128919860627179	0.7977091063078884	higher_expression_more_sensitive	0.9743956330352131
USP34	all_breast_lines	1175	Rucaparib	PARP1, PARP2	Genome integrity	GDSC2	LN_IC50	45	0.039130434782608685	0.7985640155915197	higher_expression_more_resistant	0.9614384577853092
USP34	all_breast_lines	1802	Zoledronate	 	Other	GDSC2	AUC	37	-0.0433854907539118	0.7987495379809788	higher_expression_more_sensitive	0.9743956330352131
USP34	all_breast_lines	1820	123829		Unclassified	GDSC2	AUC	37	0.0433854907539118	0.7987495379809788	higher_expression_more_resistant	0.9743956330352131
USP34	all_breast_lines	1996	MIM1	MCL1	Apoptosis regulation	GDSC2	AUC	41	0.0407665505226481	0.8002173067941822	higher_expression_more_resistant	0.9743956330352131
USP34	all_breast_lines	1733	ULK1_4989	ULK1	Other, kinases	GDSC2	LN_IC50	37	-0.04267425320056899	0.8019825432227519	higher_expression_more_sensitive	0.9614384577853092
USP34	all_breast_lines	1042	Doramapimod	p38, JNK2	JNK and p38 signaling	GDSC2	AUC	44	0.03861874559548978	0.8034490307483336	higher_expression_more_resistant	0.9743956330352131
USP34	all_breast_lines	164	JQ12	HDAC1, HDAC2	Chromatin histone acetylation	GDSC1	LN_IC50	44	0.03819591261451726	0.8055592441784091	higher_expression_more_resistant	0.8801480630838173
USP34	all_breast_lines	136	Mitomycin-C	DNA crosslinker	DNA replication	GDSC1	AUC	45	0.037022397891963106	0.8092080809334002	higher_expression_more_resistant	0.924260803636663
USP34	all_breast_lines	1924	Ipatasertib	AKT1, AKT, AKT3	PI3K/MTOR signaling	GDSC2	LN_IC50	45	-0.03689064558629776	0.8098744883467253	higher_expression_more_sensitive	0.9614384577853092
USP34	all_breast_lines	1013	Nilotinib	ABL	ABL signaling	GDSC2	LN_IC50	45	0.03649538866930171	0.8118745067525439	higher_expression_more_resistant	0.9614384577853092
USP34	all_breast_lines	1242	(5Z)-7-Oxozeaenol	TAK1	Other, kinases	GDSC1	AUC	42	-0.03784134186856819	0.811939994688138	higher_expression_more_sensitive	0.924260803636663
USP34	all_breast_lines	1261	rTRAIL	TRAIL receptor agonist	Apoptosis regulation	GDSC1	LN_IC50	43	-0.037148897614013895	0.813040875078691	higher_expression_more_sensitive	0.8855891377780204
USP34	all_breast_lines	1085	Sorafenib	PDGFR, KIT, VEGFR, RAF	Other, kinases	GDSC2	LN_IC50	45	0.03623188405797101	0.8132085113259707	higher_expression_more_resistant	0.9614384577853092
USP34	all_breast_lines	1936	Savolitinib	MET	RTK signaling	GDSC2	LN_IC50	45	0.03610013175230566	0.813875709951568	higher_expression_more_resistant	0.9614384577853092
USP34	all_breast_lines	1186	FS112	KS6B1 (p70S6K)	PI3K/MTOR signaling	GDSC1	AUC	42	-0.037355157604732195	0.8143134649852831	higher_expression_more_sensitive	0.924260803636663
USP34	all_breast_lines	260	NG-25	TAK1, M4K2	Other, kinases	GDSC1	AUC	45	0.035836627140974964	0.8152104976246072	higher_expression_more_resistant	0.924260803636663
USP34	all_breast_lines	1192	GSK269962A	ROCK1, ROCK2	Cytoskeleton	GDSC2	LN_IC50	43	0.03654485049833887	0.8160279693425471	higher_expression_more_resistant	0.9614384577853092
USP34	all_breast_lines	1831	L-Oxonoreleagnine		Unclassified	GDSC2	AUC	37	-0.03959222380275011	0.816029081271621	higher_expression_more_sensitive	0.9831207225997199
USP34	all_breast_lines	200	Dacinostat	HDAC1	Chromatin histone acetylation	GDSC1	AUC	45	0.03544137022397892	0.8172136484132076	higher_expression_more_resistant	0.924260803636663
USP34	all_breast_lines	1632	Ribociclib	CDK4, CDK6	Cell cycle	GDSC2	AUC	44	0.03579985905567301	0.8175424956355566	higher_expression_more_resistant	0.9831207225997199
USP34	all_breast_lines	1560	Alpelisib	PI3Kalpha	PI3K/MTOR signaling	GDSC2	LN_IC50	45	-0.03478260869565217	0.8205547876440521	higher_expression_more_sensitive	0.9614384577853092
USP34	all_breast_lines	1449	AZD1208	PIM1, PIM2, PIM3	Other, kinases	GDSC1	AUC	44	-0.03509513742071881	0.8210749472768195	higher_expression_more_sensitive	0.9256704819617646
USP34	all_breast_lines	1840	630600		Unclassified	GDSC2	AUC	37	-0.03816974869606449	0.8225314991389706	higher_expression_more_sensitive	0.9837825439131477
USP34	all_breast_lines	231	FMK	RSK	Other, kinases	GDSC1	LN_IC50	45	-0.03412384716732543	0.8238990709887255	higher_expression_more_sensitive	0.8919321560529478
USP34	all_breast_lines	1444	AZD8186	PI3Kbeta, PI3Kdelta	PI3K/MTOR signaling	GDSC1	LN_IC50	44	-0.03453136011275546	0.8239034322861976	higher_expression_more_sensitive	0.8919321560529478
USP34	all_breast_lines	2169	AZD6482	PI3Kbeta	PI3K/MTOR signaling	GDSC2	AUC	42	0.03508629770683089	0.8254110271638017	higher_expression_more_resistant	0.9837825439131477
USP34	all_breast_lines	2112	VTP-A		Unclassified	GDSC2	LN_IC50	41	-0.03519163763066203	0.8270899066117289	higher_expression_more_sensitive	0.9614384577853092
USP34	all_breast_lines	1620	PFI3	Polybromo 1, SMARCA4, SMARCA2	Chromatin other	GDSC2	LN_IC50	40	-0.03564727954971858	0.8271382163318586	higher_expression_more_sensitive	0.9614384577853092
USP34	all_breast_lines	1241	CHIR-99021	GSK3A, GSK3B	WNT signaling	GDSC1	AUC	42	0.03460011344299489	0.8277935266463324	higher_expression_more_resistant	0.9302822489930213
USP34	all_breast_lines	134	Etoposide	TOP2	DNA replication	GDSC1	LN_IC50	44	-0.03340380549682875	0.8295669861368514	higher_expression_more_sensitive	0.8953253447940409
USP34	all_breast_lines	1061	SB590885	BRAF	ERK MAPK signaling	GDSC2	AUC	44	-0.03312191684284707	0.8309842211097919	higher_expression_more_sensitive	0.9837825439131477
USP34	all_breast_lines	1052	RO-3306	CDK1	Cell cycle	GDSC1	AUC	43	-0.03352461491996376	0.8310012714693481	higher_expression_more_sensitive	0.9309318041143964
USP34	all_breast_lines	2037	GSK343	EZH2	Chromatin histone methylation	GDSC2	LN_IC50	42	-0.03362774491532291	0.8325630809685938	higher_expression_more_sensitive	0.9614384577853092
USP34	all_breast_lines	1634	AGI-6780	IDH2 R140Q mutant	Metabolism	GDSC2	LN_IC50	39	-0.03461538461538462	0.834290331665916	higher_expression_more_sensitive	0.9614384577853092
USP34	all_breast_lines	2057	Remodelin		Unclassified	GDSC2	LN_IC50	22	-0.04686617730095992	0.8359288882240985	higher_expression_more_sensitive	0.9614384577853092
USP34	all_breast_lines	177	GSK650394	SGK2, SGK3	Other, kinases	GDSC1	AUC	44	-0.032135306553911204	0.835948688651254	higher_expression_more_sensitive	0.9335199866957221
USP34	all_breast_lines	1054	Palbociclib	CDK4, CDK6	Cell cycle	GDSC2	AUC	46	0.03126734505087882	0.8365724803132439	higher_expression_more_resistant	0.9837825439131477
USP34	all_breast_lines	1008	Methotrexate	Antimetabolite	DNA replication	GDSC2	LN_IC50	40	-0.03358348968105066	0.8370070379715292	higher_expression_more_sensitive	0.9614384577853092
USP34	all_breast_lines	1013	Nilotinib	ABL	ABL signaling	GDSC2	AUC	45	0.031225296442687744	0.8386498266100362	higher_expression_more_resistant	0.9837825439131477
USP34	all_breast_lines	1620	PFI3	Polybromo 1, SMARCA4, SMARCA2	Chromatin other	GDSC2	AUC	40	-0.033208255159474676	0.8388040637575259	higher_expression_more_sensitive	0.9837825439131477
USP34	all_breast_lines	1019	Bosutinib	SRC, ABL, TEC	Other, kinases	GDSC2	LN_IC50	45	0.030961791831357045	0.8399935999597965	higher_expression_more_resistant	0.9614384577853092
USP34	all_breast_lines	136	Mitomycin-C	DNA crosslinker	DNA replication	GDSC1	LN_IC50	45	0.03017127799736495	0.8440276052574867	higher_expression_more_resistant	0.9058900477755247
USP34	all_breast_lines	252	WZ3105	SRC, ROCK2, NTRK2, FLT3, IRAK1, others	Other	GDSC1	LN_IC50	44	-0.030443974630021138	0.8444737733500653	higher_expression_more_sensitive	0.9058900477755247
USP34	all_breast_lines	275	I-BET-762	BRD2, BRD3, BRD4	Chromatin other	GDSC1	AUC	45	0.029907773386034252	0.8453731564666687	higher_expression_more_resistant	0.9375913554367407
USP34	all_breast_lines	1563	EPZ5676	DOT1L	Chromatin histone methylation	GDSC2	AUC	45	0.029776021080368906	0.8460460955124575	higher_expression_more_resistant	0.9882095787747966
USP34	all_breast_lines	309	Y-39983	ROCK	Cytoskeleton	GDSC1	AUC	45	0.029512516469038203	0.8473922981729431	higher_expression_more_resistant	0.9375913554367407
USP34	all_breast_lines	1058	Pictilisib	PI3K (class 1)	PI3K/MTOR signaling	GDSC1	AUC	43	0.030202355783751137	0.8475402083043984	higher_expression_more_resistant	0.9375913554367407
USP34	all_breast_lines	1058	Pictilisib	PI3K (class 1)	PI3K/MTOR signaling	GDSC1	LN_IC50	43	-0.030202355783751137	0.8475402083043984	higher_expression_more_sensitive	0.9064327303315922
USP34	all_breast_lines	1008	Methotrexate	Antimetabolite	DNA replication	GDSC2	AUC	40	-0.0300187617260788	0.8541104852167358	higher_expression_more_sensitive	0.9920596400988122
USP34	all_breast_lines	1832	729189		Unclassified	GDSC2	AUC	37	0.03082029397818871	0.85630411040108	higher_expression_more_resistant	0.9920596400988122
USP34	all_breast_lines	185	Linsitinib	IGF1R	IGF1R signaling	GDSC1	LN_IC50	45	-0.027667984189723313	0.8568275397279524	higher_expression_more_sensitive	0.9122135811199598
USP34	all_breast_lines	328	SNX-2112	HSP90	Protein stability and degradation	GDSC1	AUC	44	0.027906976744186046	0.8572940916394428	higher_expression_more_resistant	0.9454271290977032
USP34	all_breast_lines	1057	Dactolisib	PI3K (class 1), MTORC1, MTORC2	PI3K/MTOR signaling	GDSC1	LN_IC50	43	-0.028088190878888548	0.8580992161382672	higher_expression_more_sensitive	0.9122135811199598
USP34	all_breast_lines	2000	N27922-53-1		Unclassified	GDSC2	LN_IC50	41	-0.028397212543554012	0.8601029518853349	higher_expression_more_sensitive	0.9731641396557323
USP34	all_breast_lines	1563	EPZ5676	DOT1L	Chromatin histone methylation	GDSC2	LN_IC50	45	-0.026745718050065877	0.8615526572863555	higher_expression_more_sensitive	0.9731641396557323
USP34	all_breast_lines	201	Epothilone B	Microtubule stabiliser	Mitosis	GDSC1	LN_IC50	45	-0.026482213438735174	0.8629035766750839	higher_expression_more_sensitive	0.9145744495298793
USP34	all_breast_lines	1372	Trametinib	MEK1, MEK2	ERK MAPK signaling	GDSC2	AUC	45	0.02608695652173913	0.8649306798981722	higher_expression_more_resistant	0.9973505223954486
USP34	all_breast_lines	1582	SGC-CBP30	EP300, CBP	Chromatin histone acetylation	GDSC2	LN_IC50	37	-0.02892366050260787	0.8650631506380837	higher_expression_more_sensitive	0.9731641396557323
USP34	all_breast_lines	1449	AZD1208	PIM1, PIM2, PIM3	Other, kinases	GDSC2	LN_IC50	37	-0.02868658131816026	0.8661591683228432	higher_expression_more_sensitive	0.9731641396557323
USP34	all_breast_lines	252	WZ3105	SRC, ROCK2, NTRK2, FLT3, IRAK1, others	Other	GDSC1	AUC	44	0.026074700493305143	0.8665760246429776	higher_expression_more_resistant	0.9526953811292362
USP34	all_breast_lines	1634	AGI-6780	IDH2 R140Q mutant	Metabolism	GDSC2	AUC	39	0.027530364372469637	0.8678699282598992	higher_expression_more_resistant	0.9973505223954486
USP34	all_breast_lines	1062	Selumetinib	MEK1, MEK2	ERK MAPK signaling	GDSC2	LN_IC50	45	0.025296442687747032	0.8689874468719122	higher_expression_more_resistant	0.9731641396557323
USP34	all_breast_lines	1814	Nelarabine		DNA replication	GDSC2	AUC	37	-0.027501185395922237	0.8716429102441978	higher_expression_more_sensitive	0.9975124145525495
USP34	all_breast_lines	1372	Trametinib	MEK1, MEK2	ERK MAPK signaling	GDSC1	LN_IC50	42	-0.025686735272668345	0.8717218291221416	higher_expression_more_sensitive	0.9211627686842929
USP34	all_breast_lines	576	RU-SKI 43	Shh	Other	GDSC1	AUC	44	-0.024665257223396755	0.8737281268396586	higher_expression_more_sensitive	0.9555908100838416
USP34	all_breast_lines	428	Pemetrexed	TYMS	DNA replication	GDSC1	AUC	44	0.024242424242424242	0.8758757246937474	higher_expression_more_resistant	0.9555908100838416
USP34	all_breast_lines	1614	WZ4003	NUAK1, NUAK2	Other, kinases	GDSC2	LN_IC50	40	0.025328330206378986	0.8767144613738742	higher_expression_more_resistant	0.9731641396557323
USP34	all_breast_lines	1581	Bromosporine	CECR2, BRD2, BRD4, BRD9	Chromatin other	GDSC2	AUC	37	-0.02631578947368421	0.8771325591632867	higher_expression_more_sensitive	0.9975124145525495
USP34	all_breast_lines	190	Bleomycin	dsDNA break induction	DNA replication	GDSC1	AUC	44	0.023960535588442564	0.8773079471108716	higher_expression_more_resistant	0.9555908100838416
USP34	all_breast_lines	1527	Pictilisib	PI3K (class 1)	PI3K/MTOR signaling	GDSC1	LN_IC50	41	0.02473867595818816	0.877980758036615	higher_expression_more_resistant	0.9250154415028622
USP34	all_breast_lines	1018	Veliparib	PARP1, PARP2	Genome integrity	GDSC2	LN_IC50	45	0.023451910408432145	0.8784660092193656	higher_expression_more_resistant	0.9731641396557323
USP34	all_breast_lines	1817	Romidepsin	HDAC1, HDAC2, HDAC3, HDAC8	Chromatin histone acetylation	GDSC2	AUC	37	0.025367472735893785	0.8815283640231055	higher_expression_more_resistant	0.9975124145525495
USP34	all_breast_lines	1716	IRAK4_4710	IRAK4	Other, kinases	GDSC2	LN_IC50	37	-0.024656235182550973	0.8848275171390215	higher_expression_more_sensitive	0.9731641396557323
USP34	all_breast_lines	1557	LCL161	XIAP, IAP1, IAP2	Apoptosis regulation	GDSC2	LN_IC50	40	0.02363977485928706	0.8848765411509101	higher_expression_more_resistant	0.9731641396557323
USP34	all_breast_lines	1407	Dyrk1b_0191	DYRK1B	Other, kinases	GDSC1	AUC	44	-0.022410147991543335	0.8851919722753356	higher_expression_more_sensitive	0.9612207306302725
USP34	all_breast_lines	201	Epothilone B	Microtubule stabiliser	Mitosis	GDSC1	AUC	45	0.02121212121212121	0.8899982001042855	higher_expression_more_resistant	0.9625174031628523
USP34	all_breast_lines	1931	MIRA-1	TP53	p53 pathway	GDSC2	AUC	45	-0.02121212121212121	0.8899982001042855	higher_expression_more_sensitive	0.9975124145525495
USP34	all_breast_lines	1510	Linsitinib	IGF1R	IGF1R signaling	GDSC2	AUC	45	0.02121212121212121	0.8899982001042855	higher_expression_more_resistant	0.9975124145525495
USP34	all_breast_lines	1170	CCT-018159	HSP90	Protein stability and degradation	GDSC1	AUC	42	-0.021635199740701726	0.8918240345689705	higher_expression_more_sensitive	0.9625174031628523
USP34	all_breast_lines	1017	Olaparib	PARP1, PARP2	Genome integrity	GDSC2	LN_IC50	45	-0.020685111989459812	0.89271501253062	higher_expression_more_sensitive	0.9731641396557323
USP34	all_breast_lines	1803	Acetalax		Unclassified	GDSC2	LN_IC50	37	-0.02252252252252252	0.894736225531513	higher_expression_more_sensitive	0.9731641396557323
USP34	all_breast_lines	1084	Rapamycin	MTORC1	PI3K/MTOR signaling	GDSC2	LN_IC50	45	0.020289855072463767	0.8947534209068547	higher_expression_more_resistant	0.9731641396557323
USP34	all_breast_lines	1784	LMB_AB2	GADD34	Unclassified	GDSC2	LN_IC50	37	-0.022285443338074917	0.8958381912149471	higher_expression_more_sensitive	0.9731641396557323
USP34	all_breast_lines	1924	Ipatasertib	AKT1, AKT, AKT3	PI3K/MTOR signaling	GDSC2	AUC	45	-0.020026350461133068	0.8961127331906525	higher_expression_more_sensitive	0.9975124145525495
USP34	all_breast_lines	1817	Romidepsin	HDAC1, HDAC2, HDAC3, HDAC8	Chromatin histone acetylation	GDSC2	LN_IC50	37	0.021811284969179705	0.8980426972963425	higher_expression_more_resistant	0.9731641396557323
USP34	all_breast_lines	163	JQ1	BRD2, BRD3, BRD4, BRDT	Chromatin other	GDSC1	LN_IC50	44	0.019732205778717406	0.89883524676181	higher_expression_more_resistant	0.9441770841355511
USP34	all_breast_lines	1629	ML323	USP1, UAF1	Protein stability and degradation	GDSC2	AUC	40	0.020450281425891184	0.900325178547969	higher_expression_more_resistant	0.9975124145525495
USP34	all_breast_lines	1564	SCH772984	ERK1, ERK2	ERK MAPK signaling	GDSC2	LN_IC50	45	0.018972332015810275	0.9015528866761697	higher_expression_more_resistant	0.9732673208435924
USP34	all_breast_lines	2359	GSK2830371	WIP1	Other	GDSC2	AUC	41	0.019686411149825788	0.9027659839531355	higher_expression_more_resistant	0.9975124145525495
USP34	all_breast_lines	1845	Schweinfurthin A		Unclassified	GDSC2	AUC	37	0.020625889046941674	0.9035572209396203	higher_expression_more_resistant	0.9975124145525495
USP34	all_breast_lines	1498	Selumetinib	MEK1, MEK2	ERK MAPK signaling	GDSC1	LN_IC50	42	0.018718094157685765	0.9063398853599068	higher_expression_more_resistant	0.9492435485722102
USP34	all_breast_lines	439	LCL161	XIAP, cIAP1, cIAP2	Apoptosis regulation	GDSC1	AUC	44	0.01804087385482734	0.9074671754936772	higher_expression_more_resistant	0.9764236477956283
USP34	all_breast_lines	1016	Temsirolimus	MTOR	PI3K/MTOR signaling	GDSC1	LN_IC50	43	-0.017819389912413167	0.9097013538926036	higher_expression_more_sensitive	0.9499536261887366
USP34	all_breast_lines	1014	Refametinib	MEK1, MEK2	ERK MAPK signaling	GDSC2	AUC	45	-0.017259552042160738	0.9104025476250176	higher_expression_more_sensitive	0.9975124145525495
USP34	all_breast_lines	199	Pazopanib	CSF1R, KIT,  PDGFRA, PDGFRB	RTK signaling	GDSC1	AUC	45	0.01699604743083004	0.9117650131626562	higher_expression_more_resistant	0.9780751959381222
USP34	all_breast_lines	1237	EPZ004777	DOT1L	Chromatin histone methylation	GDSC2	AUC	45	-0.01699604743083004	0.9117650131626562	higher_expression_more_sensitive	0.9975124145525495
USP34	all_breast_lines	2107	LJI308	RSK2, RSK1, RSK3	PI3K/MTOR signaling	GDSC2	AUC	44	-0.01663201664234236	0.9146655504802026	higher_expression_more_sensitive	0.9975124145525495
USP34	all_breast_lines	1043	JNK Inhibitor VIII	JNK	JNK and p38 signaling	GDSC2	LN_IC50	42	0.016935418523620453	0.9152258268404748	higher_expression_more_resistant	0.98429947414919
USP34	all_breast_lines	1248	Daporinad	NAMPT	Metabolism	GDSC1	AUC	39	-0.017206477732793525	0.9171963949088318	higher_expression_more_sensitive	0.978112798766792
USP34	all_breast_lines	1059	AZD8055	MTORC1, MTORC2	PI3K/MTOR signaling	GDSC1	AUC	43	-0.01630927212322561	0.9173261276569914	higher_expression_more_sensitive	0.978112798766792
USP34	all_breast_lines	2362	THR-103	Mutant RAS	PI3K/MTOR signaling	GDSC2	AUC	41	-0.01672473867595819	0.917339238498545	higher_expression_more_sensitive	0.9975124145525495
USP34	all_breast_lines	1428	IAP_5620	IAP	Other	GDSC1	LN_IC50	44	0.015785764622973927	0.9189926485863336	higher_expression_more_resistant	0.955047930759099
USP34	all_breast_lines	328	SNX-2112	HSP90	Protein stability and degradation	GDSC1	LN_IC50	44	0.015362931642001408	0.92115557370131	higher_expression_more_resistant	0.955047930759099
USP34	all_breast_lines	1803	Acetalax		Unclassified	GDSC2	AUC	37	-0.016595542911332382	0.922338396005006	higher_expression_more_sensitive	0.9975124145525495
USP34	all_breast_lines	203	BMS-345541	IKK1, IKK2	Other, kinases	GDSC1	LN_IC50	45	0.014888010540184453	0.9226734246316719	higher_expression_more_resistant	0.955047930759099
USP34	all_breast_lines	1557	LCL161	XIAP, IAP1, IAP2	Apoptosis regulation	GDSC2	AUC	40	0.01575984990619137	0.9231081692137382	higher_expression_more_resistant	0.9975124145525495
USP34	all_breast_lines	1036	PLX-4720	BRAF	ERK MAPK signaling	GDSC2	LN_IC50	45	-0.014492753623188404	0.9247203752457348	higher_expression_more_sensitive	0.9863597780752328
USP34	all_breast_lines	1511	Epirubicin	Anthracycline	DNA replication	GDSC2	AUC	45	0.013833992094861657	0.9281330218653863	higher_expression_more_resistant	0.9975124145525495
USP34	all_breast_lines	1828	720427		Unclassified	GDSC2	AUC	37	-0.014698909435751539	0.9311915701765938	higher_expression_more_sensitive	0.9975124145525495
USP34	all_breast_lines	261	TL-1-85	TAK1, MAP4K2	Other, kinases	GDSC1	LN_IC50	45	0.013175230566534914	0.9315469440854607	higher_expression_more_resistant	0.9601501393319863
USP34	all_breast_lines	1458	PARP_9495	PARP1, PARP2, PARP7	Genome integrity	GDSC1	AUC	43	-0.013289036544850497	0.9325969900308827	higher_expression_more_sensitive	0.9821463389343782
USP34	all_breast_lines	1192	GSK269962A	ROCK1, ROCK2	Cytoskeleton	GDSC1	LN_IC50	42	-0.013370067255489832	0.9330272540401223	higher_expression_more_sensitive	0.9601501393319863
USP34	all_breast_lines	1061	SB590885	BRAF	ERK MAPK signaling	GDSC2	LN_IC50	44	0.012825933756166311	0.9341443936195116	higher_expression_more_resistant	0.9863597780752328
USP34	all_breast_lines	238	Idelalisib	PI3Kdelta	PI3K/MTOR signaling	GDSC1	AUC	45	-0.012648221343873516	0.9342789597600547	higher_expression_more_sensitive	0.9821463389343782
USP34	all_breast_lines	1918	AZD8186	PI3Kalpha, PI3Kbeta	PI3K/MTOR signaling	GDSC2	LN_IC50	45	0.012384716732542817	0.9356452496054529	higher_expression_more_resistant	0.9863597780752328
USP34	all_breast_lines	1029	Motesanib	VEGFR, RET, KIT, PDGFR	RTK signaling	GDSC1	AUC	43	-0.012533977650256718	0.936418655133933	higher_expression_more_sensitive	0.9821463389343782
USP34	all_breast_lines	1598	LGK974	PORCN	WNT signaling	GDSC2	LN_IC50	45	-0.01212121212121212	0.9370117223015324	higher_expression_more_sensitive	0.9863597780752328
USP34	all_breast_lines	1416	AZD8931	EGFR, ERBB2, ERBB3	RTK signaling	GDSC1	AUC	44	0.012262156448202959	0.937033212863176	higher_expression_more_resistant	0.9821463389343782
USP34	all_breast_lines	171	AKT inhibitor VIII	AKT1, AKT2, AKT3	PI3K/MTOR signaling	GDSC1	AUC	44	0.012121212121212121	0.9377555439542933	higher_expression_more_resistant	0.9821463389343782
USP34	all_breast_lines	1433	JAK1_3715	JAK1	Other, kinases	GDSC1	AUC	44	-0.012121212121212121	0.9377555439542933	higher_expression_more_sensitive	0.9821463389343782
USP34	all_breast_lines	1614	WZ4003	NUAK1, NUAK2	Other, kinases	GDSC2	AUC	40	0.012570356472795498	0.9386363800135077	higher_expression_more_resistant	0.9975124145525495
USP34	all_breast_lines	1908	Ulixertinib	ERK1, ERK2	ERK MAPK signaling	GDSC2	AUC	45	-0.011725955204216073	0.9390617657292496	higher_expression_more_sensitive	0.9975124145525495
USP34	all_breast_lines	1372	Trametinib	MEK1, MEK2	ERK MAPK signaling	GDSC2	LN_IC50	45	-0.011594202898550723	0.9397452007726826	higher_expression_more_sensitive	0.9863597780752328
USP34	all_breast_lines	1776	GSK2256098C	FAK1	Cytoskeleton	GDSC2	AUC	37	0.012802275960170697	0.9400528946112949	higher_expression_more_resistant	0.9975124145525495
USP34	all_breast_lines	1925	GDC0810	ESR1, ESR2	Hormone-related	GDSC2	LN_IC50	45	0.011330698287220024	0.9411121988076285	higher_expression_more_resistant	0.9863597780752328
USP34	all_breast_lines	1025	SB216763	GSK3A, GSK3B	WNT signaling	GDSC2	LN_IC50	44	-0.011416490486257928	0.9413679285489941	higher_expression_more_sensitive	0.9863597780752328
USP34	all_breast_lines	1495	Olaparib	PARP1, PARP2	Genome integrity	GDSC1	AUC	42	0.011101207357588527	0.9443727820269773	higher_expression_more_resistant	0.9858767617866642
USP34	all_breast_lines	1564	SCH772984	ERK1, ERK2	ERK MAPK signaling	GDSC2	AUC	45	0.010540184453227932	0.9452141816400309	higher_expression_more_resistant	0.9975124145525495
USP34	all_breast_lines	552	BAM7	Bax activator	Other	GDSC1	LN_IC50	44	0.010429880197322057	0.9464272045937142	higher_expression_more_resistant	0.9711166099309416
USP34	all_breast_lines	1219	PFI-1	BRD4	Chromatin other	GDSC1	AUC	43	0.010419812745394141	0.947126554134681	higher_expression_more_resistant	0.9858767617866642
USP34	all_breast_lines	1915	AZD3759	EGFR	EGFR signaling	GDSC2	AUC	45	-0.009749670619235835	0.9493175661787532	higher_expression_more_sensitive	0.9975124145525495
USP34	all_breast_lines	1843	LMP744	TOP1	DNA replication	GDSC2	LN_IC50	37	-0.010668563300142247	0.9500303243433516	higher_expression_more_sensitive	0.989175132779224
USP34	all_breast_lines	190	Bleomycin	dsDNA break induction	DNA replication	GDSC1	LN_IC50	44	-0.009584214235377026	0.9507653923294945	higher_expression_more_sensitive	0.9727484071810435
USP34	all_breast_lines	2170	AT13148	AKT1	PI3K/MTOR signaling	GDSC2	LN_IC50	45	-0.008959156785243741	0.9534222477014543	higher_expression_more_sensitive	0.989175132779224
USP34	all_breast_lines	158	PF-562271	FAK, FAK2	Cytoskeleton	GDSC1	LN_IC50	42	0.009156470302244552	0.9541062520313189	higher_expression_more_resistant	0.9733533522163887
USP34	all_breast_lines	1811	Dactinomycin	RNA polymerase	Other	GDSC2	LN_IC50	37	-0.009720246562351825	0.9544672333834617	higher_expression_more_sensitive	0.989175132779224
USP34	all_breast_lines	1015	CI-1040	MEK1, MEK2	ERK MAPK signaling	GDSC1	AUC	43	-0.008154636061612805	0.9586094679669233	higher_expression_more_sensitive	0.9858767617866642
USP34	all_breast_lines	1446	PI3Ka_4409	PI3Kalpha, PI3Kdelta	PI3K/MTOR signaling	GDSC1	AUC	44	0.008033826638477801	0.9587223010126867	higher_expression_more_resistant	0.9858767617866642
USP34	all_breast_lines	134	Etoposide	TOP2	DNA replication	GDSC1	AUC	44	0.0076109936575052845	0.9608930873706557	higher_expression_more_resistant	0.9858767617866642
USP34	all_breast_lines	221	TAK-715	p38alpha, p38beta	JNK and p38 signaling	GDSC1	LN_IC50	45	-0.007378129117259551	0.9616350823434419	higher_expression_more_sensitive	0.9782149975562597
USP34	all_breast_lines	1911	Dactinomycin	RNA polymerase	Other	GDSC2	AUC	45	0.007378129117259551	0.9616350823434419	higher_expression_more_resistant	0.9975124145525495
USP34	all_breast_lines	2011	ICL-SIRT078	SIR2	Other	GDSC2	AUC	42	-0.007535856089457906	0.9622225695299277	higher_expression_more_sensitive	0.9975124145525495
USP34	all_breast_lines	1811	Dactinomycin	RNA polymerase	Other	GDSC2	AUC	37	0.008060692271218587	0.9622349935967296	higher_expression_more_resistant	0.9975124145525495
USP34	all_breast_lines	2170	AT13148	AKT1	PI3K/MTOR signaling	GDSC2	AUC	45	-0.007246376811594202	0.9623196741711647	higher_expression_more_sensitive	0.9975124145525495
USP34	all_breast_lines	1070	CRT0105950	JNK1, JNK2, JNK3	JNK and p38 signaling	GDSC1	AUC	43	0.006795530051344006	0.9655033353898425	higher_expression_more_resistant	0.9858767617866642
USP34	all_breast_lines	2037	GSK343	EZH2	Chromatin histone methylation	GDSC2	AUC	42	0.006563487561785917	0.967094220290152	higher_expression_more_resistant	0.9975124145525495
USP34	all_breast_lines	219	AT-7519	CDK1, CDK2, CDK4, CDK6, CDK9	Cell cycle	GDSC1	AUC	45	0.006324110671936758	0.9671125401139754	higher_expression_more_resistant	0.9858767617866642
USP34	all_breast_lines	304	SB52334	ALK5	RTK signaling	GDSC1	AUC	45	0.006192358366271408	0.967797332718254	higher_expression_more_resistant	0.9858767617866642
USP34	all_breast_lines	1363	BAY AKT1	AKT1, AKT2, AKT3	Apoptosis regulation	GDSC1	AUC	40	0.006566604127579738	0.967922281430329	higher_expression_more_resistant	0.9858767617866642
USP34	all_breast_lines	230	GSK429286A	ROCK1, ROCK2	Cytoskeleton	GDSC1	AUC	45	-0.00592885375494071	0.9691669861631614	higher_expression_more_sensitive	0.9858767617866642
USP34	all_breast_lines	1629	ML323	USP1, UAF1	Protein stability and degradation	GDSC2	LN_IC50	40	0.006191369606003753	0.9697544253255671	higher_expression_more_resistant	0.9917063737548324
USP34	all_breast_lines	1200	Fulvestrant	ESR	Hormone-related	GDSC2	AUC	45	0.0057971014492753615	0.9698518460303617	higher_expression_more_resistant	0.9975124145525495
USP34	all_breast_lines	1782	GSK2830371A	PPM1D	Other	GDSC2	LN_IC50	37	0.005926979611190137	0.97222705521768	higher_expression_more_resistant	0.9917063737548324
USP34	all_breast_lines	2169	AZD6482	PI3Kbeta	PI3K/MTOR signaling	GDSC2	LN_IC50	42	0.0054290576128352645	0.9727792940656563	higher_expression_more_resistant	0.9917063737548324
USP34	all_breast_lines	1373	Dabrafenib	BRAF	ERK MAPK signaling	GDSC2	LN_IC50	45	-0.005006587615283267	0.9739614385900843	higher_expression_more_sensitive	0.9917063737548324
USP34	all_breast_lines	1820	123829		Unclassified	GDSC2	LN_IC50	37	-0.005452821242294926	0.9744481326008436	higher_expression_more_sensitive	0.9917063737548324
USP34	all_breast_lines	1830	Gallibiscoquinazole		Unclassified	GDSC2	AUC	37	0.0049786628733997145	0.9766693995033461	higher_expression_more_resistant	0.9975124145525495
USP34	all_breast_lines	2499	N-acetyl cysteine	Metabolism	Metabolism	GDSC2	AUC	40	-0.004690431519699813	0.9770844405806418	higher_expression_more_sensitive	0.9975124145525495
USP34	all_breast_lines	1560	Alpelisib	PI3Kalpha	PI3K/MTOR signaling	GDSC2	AUC	45	0.004347826086956521	0.9773866129807622	higher_expression_more_resistant	0.9975124145525495
USP34	all_breast_lines	208	Ispinesib Mesylate	KSP	Mitosis	GDSC1	AUC	45	-0.003952569169960474	0.9794419145949332	higher_expression_more_sensitive	0.989653686305912
USP34	all_breast_lines	1908	Ulixertinib	ERK1, ERK2	ERK MAPK signaling	GDSC2	LN_IC50	45	-0.0036890645586297754	0.9808121896251871	higher_expression_more_sensitive	0.9917063737548324
USP34	all_breast_lines	1053	MK-2206	AKT1, AKT2	PI3K/MTOR signaling	GDSC1	LN_IC50	42	-0.003808443400048619	0.9809030675586873	higher_expression_more_sensitive	0.9911494311249389
USP34	all_breast_lines	381	AST-1306	EGFR, ERBB4	RTK signaling	GDSC1	LN_IC50	44	0.0036645525017618033	0.9811651600898992	higher_expression_more_resistant	0.9911494311249389
USP34	all_breast_lines	1005	Cisplatin	DNA crosslinker	DNA replication	GDSC1	AUC	43	0.003624282694050136	0.9815978273325375	higher_expression_more_resistant	0.989653686305912
USP34	all_breast_lines	1359	965-D2	MKNK1, MKNK2, PIM1, PIM3	Other, kinases	GDSC1	AUC	40	-0.003564727954971858	0.9825832038277891	higher_expression_more_sensitive	0.989653686305912
USP34	all_breast_lines	1911	Dactinomycin	RNA polymerase	Other	GDSC2	LN_IC50	45	0.0032938076416337285	0.9828677033548813	higher_expression_more_resistant	0.9917063737548324
USP34	all_breast_lines	330	XMD13-2	MRCKB	Cytoskeleton	GDSC1	LN_IC50	44	-0.0031007751937984496	0.9840624225414719	higher_expression_more_sensitive	0.9911494311249389
USP34	all_breast_lines	1445	AZD8835	PI3Kalpha, PI3Kdelta	PI3K/MTOR signaling	GDSC1	AUC	44	0.0031007751937984496	0.9840624225414719	higher_expression_more_resistant	0.989653686305912
USP34	all_breast_lines	1058	Pictilisib	PI3K (class 1)	PI3K/MTOR signaling	GDSC2	AUC	46	0.002898550724637681	0.9847470307811143	higher_expression_more_resistant	0.9975124145525495
USP34	all_breast_lines	1058	Pictilisib	PI3K (class 1)	PI3K/MTOR signaling	GDSC2	LN_IC50	46	-0.002898550724637681	0.9847470307811143	higher_expression_more_sensitive	0.9917063737548324
USP34	all_breast_lines	196	Phenformin	Biguanide agent	Other	GDSC1	AUC	44	-0.0023960535588442564	0.9876842812001208	higher_expression_more_sensitive	0.9904822536681098
USP34	all_breast_lines	1069	EHT-1864	RAC1, RAC2, RAC3	Cytoskeleton	GDSC1	LN_IC50	43	0.0024161884627000906	0.9877313029805675	higher_expression_more_resistant	0.9911494311249389
USP34	all_breast_lines	295	NVP-BHG712	EPHB4, RAF, SRC, ABL	Other, kinases	GDSC1	LN_IC50	45	-0.0022397891963109352	0.9883495739748684	higher_expression_more_sensitive	0.9911494311249389
USP34	all_breast_lines	2148	POMHEX		Unclassified	GDSC2	AUC	40	0.002063789868667918	0.9899160805837952	higher_expression_more_resistant	0.9975124145525495
USP34	all_breast_lines	1089	Oxaliplatin	DNA alkylating agent	DNA replication	GDSC2	AUC	45	0.0018445322793148877	0.990405425669546	higher_expression_more_resistant	0.9975124145525495
USP34	all_breast_lines	2361	THR-102	Mutant RAS	PI3K/MTOR signaling	GDSC2	AUC	41	-0.0019163763066202095	0.9905123274328824	higher_expression_more_sensitive	0.9975124145525495
USP34	all_breast_lines	1371	PLX-4720	BRAF	ERK MAPK signaling	GDSC1	LN_IC50	43	0.0016611295681063121	0.9915651020134305	higher_expression_more_resistant	0.9915651020134305
USP34	all_breast_lines	1624	I-BET-762	BRD2, BRD3, BRD4	Chromatin other	GDSC2	LN_IC50	40	0.0005628517823639776	0.9972497751052545	higher_expression_more_resistant	0.9972586345182464
USP34	all_breast_lines	1940	WIKI4	TNKS1, TNKS2	WNT signaling	GDSC2	LN_IC50	45	-0.0005270092226613965	0.9972586345182464	higher_expression_more_sensitive	0.9972586345182464
USP34	all_breast_lines	1843	LMP744	TOP1	DNA replication	GDSC2	AUC	37	0.000474158368895211	0.997777737871715	higher_expression_more_resistant	1.0
USP34	all_breast_lines	159	HG6-64-1	BRAF	ERK MAPK signaling	GDSC1	AUC	44	-0.0001409443269908386	0.9992755183211193	higher_expression_more_sensitive	0.9992755183211193
USP34	all_breast_lines	1494	SN-38	TOP1	DNA replication	GDSC2	AUC	44	0.0	1.0	higher_expression_more_resistant	1.0
