gene	subset	drug_id	drug_name	target	pathway	dataset	metric	n	spearman_rho	p_value	direction	fdr
VEZF1	all_breast_lines	1080	Paclitaxel	Microtubule stabiliser	Mitosis	GDSC2	LN_IC50	45	0.500395256916996	0.00046445982650691105	higher_expression_more_resistant	0.13237105055446965
VEZF1	all_breast_lines	164	JQ12	HDAC1, HDAC2	Chromatin histone acetylation	GDSC1	AUC	44	-0.5033121916842846	0.0004968297142741992	higher_expression_more_sensitive	0.17587771885306652
VEZF1	all_breast_lines	164	JQ12	HDAC1, HDAC2	Chromatin histone acetylation	GDSC1	LN_IC50	44	-0.501198026779422	0.0005292771121022162	higher_expression_more_sensitive	0.18736409768418452
VEZF1	all_breast_lines	2360	THR-101	Mutant RAS	PI3K/MTOR signaling	GDSC2	AUC	41	-0.5060975609756098	0.0007357965492652537	higher_expression_more_sensitive	0.19978408627070715
VEZF1	all_breast_lines	1080	Paclitaxel	Microtubule stabiliser	Mitosis	GDSC2	AUC	45	0.4619235836627141	0.0014019935878646116	higher_expression_more_resistant	0.19978408627070715
VEZF1	all_breast_lines	1059	AZD8055	MTORC1, MTORC2	PI3K/MTOR signaling	GDSC2	LN_IC50	44	0.45553206483439046	0.0018885721197728956	higher_expression_more_resistant	0.1873517762613026
VEZF1	all_breast_lines	2169	AZD6482	PI3Kbeta	PI3K/MTOR signaling	GDSC2	LN_IC50	42	0.46390081841017744	0.0019721239606452904	higher_expression_more_resistant	0.1873517762613026
VEZF1	all_breast_lines	1578	Leflunomide	Pyrimidine synthesis inhibitor	DNA replication	GDSC2	LN_IC50	40	0.45553470919324585	0.0031392909695288672	higher_expression_more_resistant	0.22367448157893177
VEZF1	all_breast_lines	1059	AZD8055	MTORC1, MTORC2	PI3K/MTOR signaling	GDSC2	AUC	44	0.41775898520084565	0.0047781921015211185	higher_expression_more_resistant	0.4539282496445063
VEZF1	all_breast_lines	200	Dacinostat	HDAC1	Chromatin histone acetylation	GDSC1	LN_IC50	45	-0.41277997364953883	0.004833124421012155	higher_expression_more_sensitive	0.6974884923264675
VEZF1	all_breast_lines	200	Dacinostat	HDAC1	Chromatin histone acetylation	GDSC1	AUC	45	-0.4118577075098814	0.004938330006356881	higher_expression_more_sensitive	0.7549699577280801
VEZF1	all_breast_lines	1778	GSK2110183B	AKT1, AKT2, AKT3	PI3K/MTOR signaling	GDSC2	LN_IC50	37	0.44476055002370785	0.005814079360143543	higher_expression_more_resistant	0.24814011235152328
VEZF1	all_breast_lines	2170	AT13148	AKT1	PI3K/MTOR signaling	GDSC2	LN_IC50	45	0.40065876152832663	0.006384298115478189	higher_expression_more_resistant	0.24814011235152328
VEZF1	all_breast_lines	1195	FY026		Unclassified	GDSC1	AUC	43	0.4047115675022651	0.007104281731412461	higher_expression_more_resistant	0.7549699577280801
VEZF1	all_breast_lines	1912	Afuresertib	AKT1, AKT2, AKT3	PI3K/MTOR signaling	GDSC2	LN_IC50	45	0.3945981554677206	0.007310321561961076	higher_expression_more_resistant	0.24814011235152328
VEZF1	all_breast_lines	1195	FY026		Unclassified	GDSC1	LN_IC50	43	0.39791603745092113	0.008228809163531128	higher_expression_more_resistant	0.6974884923264675
VEZF1	all_breast_lines	2169	AZD6482	PI3Kbeta	PI3K/MTOR signaling	GDSC2	AUC	42	0.399886557005105	0.00869460317784527	higher_expression_more_resistant	0.5998817674733289
VEZF1	all_breast_lines	1586	BDILV000379a	BAZ2A, BAZ2B	Chromatin histone acetylation	GDSC2	LN_IC50	37	0.4234234234234234	0.009019662476373655	higher_expression_more_resistant	0.24814011235152328
VEZF1	all_breast_lines	1783	LMB_AB1	ADRA1A, ADRB1	Other	GDSC2	LN_IC50	37	0.4231863442389758	0.009062398644429042	higher_expression_more_resistant	0.24814011235152328
VEZF1	all_breast_lines	2096	VX-11e	ERK2	ERK MAPK signaling	GDSC2	LN_IC50	45	0.38142292490118573	0.00973194025787949	higher_expression_more_resistant	0.24814011235152328
VEZF1	all_breast_lines	1625	RVX-208	BRD4	Chromatin other	GDSC2	LN_IC50	40	0.403189493433396	0.009889501946761218	higher_expression_more_resistant	0.24814011235152328
VEZF1	all_breast_lines	1778	GSK2110183B	AKT1, AKT2, AKT3	PI3K/MTOR signaling	GDSC2	AUC	37	0.41559981033665244	0.010524241534619805	higher_expression_more_resistant	0.5998817674733289
VEZF1	all_breast_lines	1030	KU-55933	ATM	Genome integrity	GDSC2	LN_IC50	44	0.37406624383368564	0.01237064663822845	higher_expression_more_resistant	0.24814011235152328
VEZF1	all_breast_lines	1054	Palbociclib	CDK4, CDK6	Cell cycle	GDSC1	AUC	42	-0.38060124787294386	0.012900173415349141	higher_expression_more_sensitive	0.7549699577280801
VEZF1	all_breast_lines	1010	Gefitinib	EGFR	EGFR signaling	GDSC2	LN_IC50	45	0.3646903820816864	0.01377568076537111	higher_expression_more_resistant	0.24814011235152328
VEZF1	all_breast_lines	1066	AZD6482	PIK3CB	PI3K/MTOR signaling	GDSC1	LN_IC50	40	0.3838649155722327	0.01447376881554425	higher_expression_more_resistant	0.6974884923264675
VEZF1	all_breast_lines	1373	Dabrafenib	BRAF	ERK MAPK signaling	GDSC2	LN_IC50	45	0.36166007905138337	0.0146434270113567	higher_expression_more_resistant	0.24814011235152328
VEZF1	all_breast_lines	1916	AZD5363	AKT1, AKT2, AKT3, ROCK2	Other, kinases	GDSC2	LN_IC50	45	0.36113306982872195	0.014798985892547419	higher_expression_more_resistant	0.24814011235152328
VEZF1	all_breast_lines	1912	Afuresertib	AKT1, AKT2, AKT3	PI3K/MTOR signaling	GDSC2	AUC	45	0.3607378129117259	0.014916574688562185	higher_expression_more_resistant	0.7085372977067038
VEZF1	all_breast_lines	1582	SGC-CBP30	EP300, CBP	Chromatin histone acetylation	GDSC2	LN_IC50	37	0.39355144618302507	0.015958467086930512	higher_expression_more_resistant	0.24814011235152328
VEZF1	all_breast_lines	1811	Dactinomycin	RNA polymerase	Other	GDSC2	LN_IC50	37	0.39023233760075865	0.016951820387833934	higher_expression_more_resistant	0.24814011235152328
VEZF1	all_breast_lines	1785	LMB_AB3	PPP1R15B	Other	GDSC2	LN_IC50	37	0.39023233760075865	0.016951820387833934	higher_expression_more_resistant	0.24814011235152328
VEZF1	all_breast_lines	1036	PLX-4720	BRAF	ERK MAPK signaling	GDSC2	LN_IC50	45	0.3524374176548089	0.01757568468108775	higher_expression_more_resistant	0.24814011235152328
VEZF1	all_breast_lines	1066	AZD6482	PIK3CB	PI3K/MTOR signaling	GDSC1	AUC	40	0.3711069418386492	0.01839647204974855	higher_expression_more_resistant	0.7549699577280801
VEZF1	all_breast_lines	1050	ZM447439	AURKA, AURKB	Mitosis	GDSC2	LN_IC50	45	0.3474308300395257	0.019365545931621497	higher_expression_more_resistant	0.24814011235152328
VEZF1	all_breast_lines	1576	IWP-2	PORCN	WNT signaling	GDSC2	LN_IC50	40	0.3682926829268293	0.019372531382918206	higher_expression_more_resistant	0.24814011235152328
VEZF1	all_breast_lines	1143	HG-5-88-01	TAK1, M4K2	Other, kinases	GDSC1	LN_IC50	23	0.48320158102766797	0.019506866607219956	higher_expression_more_resistant	0.6974884923264675
VEZF1	all_breast_lines	329	QL-XI-92	DDR1	Cytoskeleton	GDSC1	LN_IC50	44	0.34954193093727975	0.02003206321203076	higher_expression_more_resistant	0.6974884923264675
VEZF1	all_breast_lines	329	QL-XI-92	DDR1	Cytoskeleton	GDSC1	AUC	44	0.3484143763213531	0.020463712971787135	higher_expression_more_resistant	0.7549699577280801
VEZF1	all_breast_lines	1018	Veliparib	PARP1, PARP2	Genome integrity	GDSC2	LN_IC50	45	0.34281949934123845	0.021147649101478306	higher_expression_more_resistant	0.24814011235152328
VEZF1	all_breast_lines	1918	AZD8186	PI3Kalpha, PI3Kbeta	PI3K/MTOR signaling	GDSC2	LN_IC50	45	0.3421607378129117	0.02141314244040083	higher_expression_more_resistant	0.24814011235152328
VEZF1	all_breast_lines	1166	QL-VIII-58	MTOR, ATR	Other	GDSC1	LN_IC50	23	0.475296442687747	0.021901740423313585	higher_expression_more_resistant	0.6974884923264675
VEZF1	all_breast_lines	410	MetAP2 Inhibitor, A832234	MetAP2	Other	GDSC1	AUC	43	-0.34853518574448805	0.021992579708186643	higher_expression_more_sensitive	0.7549699577280801
VEZF1	all_breast_lines	1585	BDF00022089a	BRPF1, BRPF2, BRPF3	Chromatin histone acetylation	GDSC2	LN_IC50	37	0.3748221906116643	0.022269286012495157	higher_expression_more_resistant	0.24814011235152328
VEZF1	all_breast_lines	1614	WZ4003	NUAK1, NUAK2	Other, kinases	GDSC2	LN_IC50	40	0.3604127579737337	0.02233916897650922	higher_expression_more_resistant	0.24814011235152328
VEZF1	all_breast_lines	1709	CDK9_5038	CDK9	Cell cycle	GDSC2	LN_IC50	37	0.3738738738738738	0.022637343582945984	higher_expression_more_resistant	0.24814011235152328
VEZF1	all_breast_lines	1496	Cisplatin	DNA crosslinker	DNA replication	GDSC1	LN_IC50	44	0.3422128259337561	0.022979930282347037	higher_expression_more_resistant	0.6974884923264675
VEZF1	all_breast_lines	1166	QL-VIII-58	MTOR, ATR	Other	GDSC1	AUC	23	0.47134387351778656	0.023184970046031768	higher_expression_more_resistant	0.7549699577280801
VEZF1	all_breast_lines	1198	FY012		Unclassified	GDSC1	AUC	43	0.3450619148293567	0.02344229513598216	higher_expression_more_resistant	0.7549699577280801
VEZF1	all_breast_lines	175	PAC-1	Procaspase-3, Procaspase-7	Apoptosis regulation	GDSC1	AUC	45	-0.3355731225296442	0.024225460696423187	higher_expression_more_sensitive	0.7549699577280801
VEZF1	all_breast_lines	1916	AZD5363	AKT1, AKT2, AKT3, ROCK2	Other, kinases	GDSC2	AUC	45	0.33372859025032936	0.025066083209039233	higher_expression_more_resistant	0.7750695107134152
VEZF1	all_breast_lines	1058	Pictilisib	PI3K (class 1)	PI3K/MTOR signaling	GDSC2	LN_IC50	46	0.32889300030835644	0.025630525109348313	higher_expression_more_resistant	0.26543641178313
VEZF1	all_breast_lines	1444	AZD8186	PI3Kbeta, PI3Kdelta	PI3K/MTOR signaling	GDSC1	LN_IC50	44	0.3361522198731501	0.025684138578978503	higher_expression_more_resistant	0.6974884923264675
VEZF1	all_breast_lines	1409	AZD4877	EG5	Mitosis	GDSC1	AUC	44	0.33446088794926	0.026484461309437934	higher_expression_more_resistant	0.7549699577280801
VEZF1	all_breast_lines	155	Ponatinib	ABL, PDGFRA, VEGFR2, FGFR1, SRC, TIE2, FLT3	Other, kinases	GDSC1	AUC	44	-0.33403805496828753	0.02668775338822456	higher_expression_more_sensitive	0.7549699577280801
VEZF1	all_breast_lines	175	PAC-1	Procaspase-3, Procaspase-7	Apoptosis regulation	GDSC1	LN_IC50	45	-0.3300395256916996	0.02682050278513328	higher_expression_more_sensitive	0.6974884923264675
VEZF1	all_breast_lines	1014	Refametinib	MEK1, MEK2	ERK MAPK signaling	GDSC2	LN_IC50	45	0.3299077733860342	0.026885004857997226	higher_expression_more_resistant	0.26543641178313
VEZF1	all_breast_lines	1053	MK-2206	AKT1, AKT2	PI3K/MTOR signaling	GDSC2	LN_IC50	46	0.3260561208757324	0.027009319093721996	higher_expression_more_resistant	0.26543641178313
VEZF1	all_breast_lines	1379	ZL109	DNA damage	Unclassified	GDSC1	LN_IC50	43	0.33388704318936874	0.028658754129598264	higher_expression_more_resistant	0.6974884923264675
VEZF1	all_breast_lines	1252	N23918-95-7	JMJ histone demethylase	Chromatin histone methylation	GDSC1	LN_IC50	42	0.3378170326553764	0.028669094867031862	higher_expression_more_resistant	0.6974884923264675
VEZF1	all_breast_lines	1017	Olaparib	PARP1, PARP2	Genome integrity	GDSC1	AUC	43	-0.3335850196315313	0.02881210679142081	higher_expression_more_sensitive	0.7549699577280801
VEZF1	all_breast_lines	1441	AZD2014	mTORC1, mTORC2	PI3K/MTOR signaling	GDSC2	LN_IC50	37	0.3582266477003319	0.02947732604052445	higher_expression_more_resistant	0.26633897761417336
VEZF1	all_breast_lines	1708	CDK9_5576	CDK9	Cell cycle	GDSC2	LN_IC50	37	0.35775248933143666	0.029708549516263158	higher_expression_more_resistant	0.26633897761417336
VEZF1	all_breast_lines	1196	FY069		Unclassified	GDSC1	LN_IC50	43	0.3317728782845062	0.029746570957970137	higher_expression_more_resistant	0.6974884923264675
VEZF1	all_breast_lines	1016	Temsirolimus	MTOR	PI3K/MTOR signaling	GDSC2	LN_IC50	43	0.33147085472666865	0.02990472731106508	higher_expression_more_resistant	0.26633897761417336
VEZF1	all_breast_lines	1578	Leflunomide	Pyrimidine synthesis inhibitor	DNA replication	GDSC2	AUC	40	0.3435272045028143	0.029984842225849597	higher_expression_more_resistant	0.7750695107134152
VEZF1	all_breast_lines	272	AR-42	HDAC1	Chromatin histone acetylation	GDSC1	LN_IC50	45	-0.3238471673254282	0.02999485055928273	higher_expression_more_sensitive	0.6974884923264675
VEZF1	all_breast_lines	208	Ispinesib Mesylate	KSP	Mitosis	GDSC1	LN_IC50	45	0.32226613965744394	0.030853423198804256	higher_expression_more_resistant	0.6974884923264675
VEZF1	all_breast_lines	1709	CDK9_5038	CDK9	Cell cycle	GDSC2	AUC	37	0.3549075391180654	0.031127407425492297	higher_expression_more_resistant	0.7750695107134152
VEZF1	all_breast_lines	1198	FY012		Unclassified	GDSC1	LN_IC50	43	0.32845061914829354	0.03152490360797593	higher_expression_more_resistant	0.6974884923264675
VEZF1	all_breast_lines	1379	ZL109	DNA damage	Unclassified	GDSC1	AUC	43	0.3266384778012685	0.032531328264465226	higher_expression_more_resistant	0.7549699577280801
VEZF1	all_breast_lines	1047	Nutlin-3a (-)	MDM2	p53 pathway	GDSC1	AUC	43	-0.3264874660223498	0.03261637934215742	higher_expression_more_sensitive	0.7549699577280801
VEZF1	all_breast_lines	1854	MN-64	TNKS1, TNKS2	WNT signaling	GDSC2	LN_IC50	40	0.33808630393996253	0.03286583600475991	higher_expression_more_resistant	0.2838413109501992
VEZF1	all_breast_lines	1053	MK-2206	AKT1, AKT2	PI3K/MTOR signaling	GDSC2	AUC	46	0.3110083256244218	0.035396236165189485	higher_expression_more_resistant	0.7750695107134152
VEZF1	all_breast_lines	1708	CDK9_5576	CDK9	Cell cycle	GDSC2	AUC	37	0.3468468468468468	0.0354520301035906	higher_expression_more_resistant	0.7750695107134152
VEZF1	all_breast_lines	208	Ispinesib Mesylate	KSP	Mitosis	GDSC1	AUC	45	0.313965744400527	0.03570135152230814	higher_expression_more_resistant	0.7549699577280801
VEZF1	all_breast_lines	1780	GSK3337463A	NIK	Other, kinases	GDSC2	LN_IC50	37	0.3456614509246088	0.03612746409147353	higher_expression_more_resistant	0.2998752916147639
VEZF1	all_breast_lines	2170	AT13148	AKT1	PI3K/MTOR signaling	GDSC2	AUC	45	0.31317523056653485	0.036194039491201965	higher_expression_more_resistant	0.7750695107134152
VEZF1	all_breast_lines	1782	GSK2830371A	PPM1D	Other	GDSC2	LN_IC50	37	0.3440018966334755	0.037090657236324515	higher_expression_more_resistant	0.2998752916147639
VEZF1	all_breast_lines	1058	Pictilisib	PI3K (class 1)	PI3K/MTOR signaling	GDSC2	AUC	46	0.30607462226333637	0.03857357734447729	higher_expression_more_resistant	0.7750695107134152
VEZF1	all_breast_lines	1931	MIRA-1	TP53	p53 pathway	GDSC2	LN_IC50	45	0.3090909090909091	0.038829437728576464	higher_expression_more_resistant	0.2998752916147639
VEZF1	all_breast_lines	1196	FY069		Unclassified	GDSC1	AUC	43	0.3160676532769556	0.03894347726348993	higher_expression_more_resistant	0.7549699577280801
VEZF1	all_breast_lines	1936	Savolitinib	MET	RTK signaling	GDSC2	AUC	45	-0.30869565217391304	0.0390926106351352	higher_expression_more_sensitive	0.7750695107134152
VEZF1	all_breast_lines	1084	Rapamycin	MTORC1	PI3K/MTOR signaling	GDSC2	LN_IC50	45	0.30724637681159417	0.04007010682877391	higher_expression_more_resistant	0.2998752916147639
VEZF1	all_breast_lines	1444	AZD8186	PI3Kbeta, PI3Kdelta	PI3K/MTOR signaling	GDSC1	AUC	44	0.3102184637068358	0.04042471797659116	higher_expression_more_resistant	0.7549699577280801
VEZF1	all_breast_lines	272	AR-42	HDAC1	Chromatin histone acetylation	GDSC1	AUC	45	-0.3065876152832674	0.04052098643173311	higher_expression_more_sensitive	0.7549699577280801
VEZF1	all_breast_lines	1048	Mirin	MRE11	Genome integrity	GDSC2	LN_IC50	40	0.32476547842401504	0.04088850304786479	higher_expression_more_resistant	0.2998752916147639
VEZF1	all_breast_lines	1449	AZD1208	PIM1, PIM2, PIM3	Other, kinases	GDSC1	LN_IC50	44	0.30923185341789994	0.0410995134563978	higher_expression_more_resistant	0.7816681519694516
VEZF1	all_breast_lines	1057	Dactolisib	PI3K (class 1), MTORC1, MTORC2	PI3K/MTOR signaling	GDSC2	LN_IC50	45	0.3048748353096179	0.04171271554445294	higher_expression_more_resistant	0.2998752916147639
VEZF1	all_breast_lines	1918	AZD8186	PI3Kalpha, PI3Kbeta	PI3K/MTOR signaling	GDSC2	AUC	45	0.30447957839262185	0.041991754607951834	higher_expression_more_resistant	0.7750695107134152
VEZF1	all_breast_lines	1060	PD0325901	MEK1, MEK2	ERK MAPK signaling	GDSC2	LN_IC50	45	0.30368906455862976	0.04255440364617204	higher_expression_more_resistant	0.2998752916147639
VEZF1	all_breast_lines	1161	ZG-10	JNK1	JNK and p38 signaling	GDSC1	LN_IC50	23	0.4258893280632411	0.04273887476643942	higher_expression_more_resistant	0.7816681519694516
VEZF1	all_breast_lines	2113	VTP-B		Unclassified	GDSC2	AUC	41	-0.3168989547038328	0.043512674285665416	higher_expression_more_sensitive	0.7750695107134152
VEZF1	all_breast_lines	1799	Ibrutinib	BTK	Other, kinases	GDSC2	LN_IC50	38	0.32924827661669764	0.043539892991965305	higher_expression_more_resistant	0.2998752916147639
VEZF1	all_breast_lines	1714	ERK_6604	ERK1,ERK2	ERK MAPK signaling	GDSC2	LN_IC50	37	0.3321479374110953	0.04459465807515595	higher_expression_more_resistant	0.2998752916147639
VEZF1	all_breast_lines	1784	LMB_AB2	GADD34	Unclassified	GDSC2	LN_IC50	37	0.33119962067330483	0.045244342243631046	higher_expression_more_resistant	0.2998752916147639
VEZF1	all_breast_lines	273	CUDC-101	HDAC1-10, EGFR, ERBB2	Other	GDSC1	LN_IC50	45	-0.2994729907773386	0.04565995149110533	higher_expression_more_sensitive	0.7816681519694516
VEZF1	all_breast_lines	1495	Olaparib	PARP1, PARP2	Genome integrity	GDSC1	LN_IC50	42	0.3091321610890528	0.04636708407994068	higher_expression_more_resistant	0.7816681519694516
VEZF1	all_breast_lines	1615	CZC24832	PI3Kgamma	PI3K/MTOR signaling	GDSC2	LN_IC50	40	0.31482176360225145	0.04786071837295966	higher_expression_more_resistant	0.3073320512966549
VEZF1	all_breast_lines	1924	Ipatasertib	AKT1, AKT, AKT3	PI3K/MTOR signaling	GDSC2	AUC	45	0.2960474308300395	0.04831666981419786	higher_expression_more_resistant	0.7751246802386017
VEZF1	all_breast_lines	1372	Trametinib	MEK1, MEK2	ERK MAPK signaling	GDSC1	LN_IC50	42	0.3065391783485941	0.048328434663610656	higher_expression_more_resistant	0.7816681519694516
VEZF1	all_breast_lines	1928	I-BRD9	BRD9	Chromatin other	GDSC2	LN_IC50	45	0.2957839262187088	0.04852611336262972	higher_expression_more_resistant	0.3073320512966549
VEZF1	all_breast_lines	1375	Temozolomide	DNA alkylating agent	DNA replication	GDSC1	LN_IC50	42	0.3062150555060368	0.04857824673256479	higher_expression_more_resistant	0.7816681519694516
VEZF1	all_breast_lines	1441	AZD2014	mTORC1, mTORC2	PI3K/MTOR signaling	GDSC2	AUC	37	0.3259838786154575	0.04895524296243801	higher_expression_more_resistant	0.7751246802386017
VEZF1	all_breast_lines	1496	Cisplatin	DNA crosslinker	DNA replication	GDSC1	AUC	44	0.2983791402396053	0.049146902746003966	higher_expression_more_resistant	0.8699001786042702
VEZF1	all_breast_lines	1052	RO-3306	CDK1	Cell cycle	GDSC2	LN_IC50	44	0.29696969696969694	0.05027960647600153	higher_expression_more_resistant	0.30897100853475973
VEZF1	all_breast_lines	1261	rTRAIL	TRAIL receptor agonist	Apoptosis regulation	GDSC1	LN_IC50	43	0.29945635759589245	0.05107724031726279	higher_expression_more_resistant	0.7861453509700447
VEZF1	all_breast_lines	1192	GSK269962A	ROCK1, ROCK2	Cytoskeleton	GDSC2	LN_IC50	43	0.29870129870129875	0.05169398786395162	higher_expression_more_resistant	0.30897100853475973
VEZF1	all_breast_lines	268	Sepantronium bromide	BIRC5	Apoptosis regulation	GDSC1	AUC	45	0.2913043478260869	0.052200536454072764	higher_expression_more_resistant	0.8799519002257981
VEZF1	all_breast_lines	1007	Docetaxel	Microtubule stabiliser	Mitosis	GDSC2	LN_IC50	46	0.2879432624113475	0.05231915575767136	higher_expression_more_resistant	0.30897100853475973
VEZF1	all_breast_lines	1557	LCL161	XIAP, IAP1, IAP2	Apoptosis regulation	GDSC2	LN_IC50	40	0.3080675422138837	0.05312133129194115	higher_expression_more_resistant	0.30897100853475973
VEZF1	all_breast_lines	1022	AZD7762	CHEK1, CHEK2	Cell cycle	GDSC1	LN_IC50	43	0.29401993355481726	0.05565295100891666	higher_expression_more_resistant	0.8095337049555937
VEZF1	all_breast_lines	1553	Uprosertib	AKT1, AKT2, AKT3	PI3K/MTOR signaling	GDSC2	LN_IC50	44	0.2904862579281184	0.0557645343707435	higher_expression_more_resistant	0.31258432606812114
VEZF1	all_breast_lines	273	CUDC-101	HDAC1-10, EGFR, ERBB2	Other	GDSC1	AUC	45	-0.2853754940711462	0.057405351898502155	higher_expression_more_sensitive	0.9227749145359531
VEZF1	all_breast_lines	1581	Bromosporine	CECR2, BRD2, BRD4, BRD9	Chromatin other	GDSC2	LN_IC50	37	0.31484115694642006	0.05770168830435366	higher_expression_more_resistant	0.31258432606812114
VEZF1	all_breast_lines	1062	Selumetinib	MEK1, MEK2	ERK MAPK signaling	GDSC2	LN_IC50	45	0.2849802371541502	0.057766624089882555	higher_expression_more_resistant	0.31258432606812114
VEZF1	all_breast_lines	1924	Ipatasertib	AKT1, AKT, AKT3	PI3K/MTOR signaling	GDSC2	LN_IC50	45	0.2845849802371541	0.05812971677758042	higher_expression_more_resistant	0.31258432606812114
VEZF1	all_breast_lines	1461	TANK_1366	Tankyrase 1/2 (PARP5a, PARP5b)	Genome integrity	GDSC1	LN_IC50	44	0.2872445384073291	0.05868171428679155	higher_expression_more_resistant	0.8095337049555937
VEZF1	all_breast_lines	1242	(5Z)-7-Oxozeaenol	TAK1	Other, kinases	GDSC1	LN_IC50	42	0.2932501418037436	0.059457277765100104	higher_expression_more_resistant	0.8095337049555937
VEZF1	all_breast_lines	1553	Uprosertib	AKT1, AKT2, AKT3	PI3K/MTOR signaling	GDSC2	AUC	44	0.2863988724453841	0.05946246064688606	higher_expression_more_resistant	0.8748910234836543
VEZF1	all_breast_lines	1022	AZD7762	CHEK1, CHEK2	Cell cycle	GDSC1	AUC	43	0.2887345212926608	0.06041118555509064	higher_expression_more_resistant	0.9227749145359531
VEZF1	all_breast_lines	1779	GSK626616AC	DYRK1A	Other, kinases	GDSC2	LN_IC50	37	0.31033665244191555	0.061572018123819856	higher_expression_more_resistant	0.3165733434070761
VEZF1	all_breast_lines	1033	Vismodegib	SMO	Other	GDSC2	LN_IC50	45	0.2805006587615283	0.06198976432370429	higher_expression_more_resistant	0.3165733434070761
VEZF1	all_breast_lines	1580	GSK2801		Chromatin other	GDSC2	LN_IC50	37	0.30749170222854433	0.06412043966541968	higher_expression_more_resistant	0.3165733434070761
VEZF1	all_breast_lines	1786	AZD4547	FGFR1, FGFR2, FGFR3	RTK signaling	GDSC2	AUC	45	-0.27799736495388666	0.06445495129998066	higher_expression_more_sensitive	0.8748910234836543
VEZF1	all_breast_lines	1776	GSK2256098C	FAK1	Cytoskeleton	GDSC2	LN_IC50	37	0.30559506875296344	0.06586514753826186	higher_expression_more_resistant	0.3165733434070761
VEZF1	all_breast_lines	1005	Cisplatin	DNA crosslinker	DNA replication	GDSC2	LN_IC50	46	0.27351218008017264	0.06587936955094506	higher_expression_more_resistant	0.3165733434070761
VEZF1	all_breast_lines	410	MetAP2 Inhibitor, A832234	MetAP2	Other	GDSC1	LN_IC50	43	-0.28163696768347934	0.06730537776267452	higher_expression_more_sensitive	0.8462722804136206
VEZF1	all_breast_lines	1014	Refametinib	MEK1, MEK2	ERK MAPK signaling	GDSC2	AUC	45	0.2749670619235836	0.06754285415218579	higher_expression_more_resistant	0.8748910234836543
VEZF1	all_breast_lines	1495	Olaparib	PARP1, PARP2	Genome integrity	GDSC1	AUC	42	0.28466088647597443	0.06767775431512622	higher_expression_more_resistant	0.9227749145359531
VEZF1	all_breast_lines	1133	Serdemetan	MDM2	p53 pathway	GDSC2	LN_IC50	45	0.27470355731225293	0.06781682094109502	higher_expression_more_resistant	0.3165733434070761
VEZF1	all_breast_lines	1249	BMS-345541	IKK-1, IKK-2	Other	GDSC2	LN_IC50	40	0.2915572232645404	0.06794316234278665	higher_expression_more_resistant	0.3165733434070761
VEZF1	all_breast_lines	1050	ZM447439	AURKA, AURKB	Mitosis	GDSC2	AUC	45	0.27444005270092225	0.06809166858954406	higher_expression_more_resistant	0.8748910234836543
VEZF1	all_breast_lines	1038	NU7441	DNAPK	Genome integrity	GDSC2	LN_IC50	45	0.2740447957839262	0.06850559570923957	higher_expression_more_resistant	0.3165733434070761
VEZF1	all_breast_lines	1170	CCT-018159	HSP90	Protein stability and degradation	GDSC1	LN_IC50	42	0.2830402722631878	0.06932509822712468	higher_expression_more_resistant	0.8462722804136206
VEZF1	all_breast_lines	1806	Oxaliplatin	DNA alkylating agent	DNA replication	GDSC2	LN_IC50	37	0.3018018018018018	0.06946666612405658	higher_expression_more_resistant	0.3165733434070761
VEZF1	all_breast_lines	1069	EHT-1864	RAC1, RAC2, RAC3	Cytoskeleton	GDSC2	LN_IC50	44	0.2754052149400986	0.07038731448172596	higher_expression_more_resistant	0.3165733434070761
VEZF1	all_breast_lines	1057	Dactolisib	PI3K (class 1), MTORC1, MTORC2	PI3K/MTOR signaling	GDSC2	AUC	45	0.27206851119894593	0.07060524049166333	higher_expression_more_resistant	0.8748910234836543
VEZF1	all_breast_lines	1409	AZD4877	EG5	Mitosis	GDSC1	LN_IC50	44	0.27512332628611696	0.07068699249772262	higher_expression_more_resistant	0.8462722804136206
VEZF1	all_breast_lines	1401	AZD5438	CDK2	Cell cycle	GDSC2	LN_IC50	37	0.30014224751066854	0.07109015430895745	higher_expression_more_resistant	0.3165733434070761
VEZF1	all_breast_lines	1429	IAP_7638	IAP	Other	GDSC1	LN_IC50	44	0.2737138830162086	0.07220053823336578	higher_expression_more_resistant	0.8462722804136206
VEZF1	all_breast_lines	1043	JNK Inhibitor VIII	JNK	JNK and p38 signaling	GDSC2	LN_IC50	42	0.2794749209950571	0.07306071984775508	higher_expression_more_resistant	0.32034315625554155
VEZF1	all_breast_lines	1594	OSI-027	MTORC1, MTORC2	PI3K/MTOR signaling	GDSC2	LN_IC50	45	0.26837944664031615	0.07466052422955395	higher_expression_more_resistant	0.32239771826398295
VEZF1	all_breast_lines	1067	CCT007093	PPM1D	Cell cycle	GDSC2	LN_IC50	43	0.2736333434007852	0.07581206663130899	higher_expression_more_resistant	0.3224841640287024
VEZF1	all_breast_lines	1008	Methotrexate	Antimetabolite	DNA replication	GDSC1	LN_IC50	43	0.2722742373905165	0.0773369828113171	higher_expression_more_resistant	0.8462722804136206
VEZF1	all_breast_lines	1502	Bicalutamide	AR	Hormone-related	GDSC1	LN_IC50	41	0.2775261324041813	0.07895676625387513	higher_expression_more_resistant	0.8462722804136206
VEZF1	all_breast_lines	1372	Trametinib	MEK1, MEK2	ERK MAPK signaling	GDSC1	AUC	42	0.2738027712503039	0.07932819631946701	higher_expression_more_resistant	0.9227749145359531
VEZF1	all_breast_lines	1583	GSK-LSD1	KDM1	Chromatin histone methylation	GDSC2	LN_IC50	37	0.2889995258416311	0.08277380681712143	higher_expression_more_resistant	0.3469196315129354
VEZF1	all_breast_lines	1008	Methotrexate	Antimetabolite	DNA replication	GDSC1	AUC	43	0.26744186046511625	0.08295453500941169	higher_expression_more_resistant	0.9227749145359531
VEZF1	all_breast_lines	2438	ascorbate (vitamin C)	anti-oxidant proteins	Other	GDSC2	AUC	40	-0.27636022514071296	0.08430609206298535	higher_expression_more_sensitive	0.9181124278199655
VEZF1	all_breast_lines	1143	HG-5-88-01	TAK1, M4K2	Other, kinases	GDSC1	AUC	23	0.3675889328063241	0.08442064140763433	higher_expression_more_resistant	0.9227749145359531
VEZF1	all_breast_lines	1054	Palbociclib	CDK4, CDK6	Cell cycle	GDSC1	LN_IC50	42	-0.26796856008427195	0.08620560967214043	higher_expression_more_sensitive	0.8462722804136206
VEZF1	all_breast_lines	1142	HG-5-113-01	AURKA	Mitosis	GDSC1	LN_IC50	23	0.3656126482213439	0.08623309028498707	higher_expression_more_resistant	0.8462722804136206
VEZF1	all_breast_lines	2499	N-acetyl cysteine	Metabolism	Metabolism	GDSC2	AUC	40	-0.2735459662288931	0.08764676965266072	higher_expression_more_sensitive	0.9181124278199655
VEZF1	all_breast_lines	1799	Ibrutinib	BTK	Other, kinases	GDSC2	AUC	38	0.2791333843965423	0.08967148327847035	higher_expression_more_resistant	0.9181124278199655
VEZF1	all_breast_lines	1158	XMD11-85h	LRRK2, ERK5	Other, kinases	GDSC1	LN_IC50	23	0.3616600790513834	0.08994509168798821	higher_expression_more_resistant	0.8462722804136206
VEZF1	all_breast_lines	1401	AZD5438	CDK2	Cell cycle	GDSC2	AUC	37	0.28236130867709813	0.0904103408208409	higher_expression_more_resistant	0.9181124278199655
VEZF1	all_breast_lines	438	Panobinostat	HDAC	Chromatin histone acetylation	GDSC1	LN_IC50	44	-0.2577871740662438	0.09113764810653098	higher_expression_more_sensitive	0.8462722804136206
VEZF1	all_breast_lines	1161	ZG-10	JNK1	JNK and p38 signaling	GDSC1	AUC	23	0.358695652173913	0.09280630150475401	higher_expression_more_resistant	0.9227749145359531
VEZF1	all_breast_lines	1091	BMS-536924	IGF1R, IR	IGF1R signaling	GDSC1	AUC	43	-0.2592872244035035	0.09315013357214567	higher_expression_more_sensitive	0.9227749145359531
VEZF1	all_breast_lines	2177	SGC0946	DOT1L	Chromatin histone methylation	GDSC2	LN_IC50	44	0.2558139534883721	0.09372941146609985	higher_expression_more_resistant	0.37210651678998447
VEZF1	all_breast_lines	1632	Ribociclib	CDK4, CDK6	Cell cycle	GDSC2	LN_IC50	44	0.25525017618040874	0.09448028012314268	higher_expression_more_resistant	0.37210651678998447
VEZF1	all_breast_lines	2107	LJI308	RSK2, RSK1, RSK3	PI3K/MTOR signaling	GDSC2	LN_IC50	44	0.25482734319943623	0.09504647412400055	higher_expression_more_resistant	0.37210651678998447
VEZF1	all_breast_lines	1129	PF-4708671	S6K1	PI3K/MTOR signaling	GDSC2	LN_IC50	43	0.2574750830564784	0.09554203377306077	higher_expression_more_resistant	0.37210651678998447
VEZF1	all_breast_lines	2000	N27922-53-1		Unclassified	GDSC2	LN_IC50	41	0.26376306620209067	0.0956471575996671	higher_expression_more_resistant	0.37210651678998447
VEZF1	all_breast_lines	1820	123829		Unclassified	GDSC2	LN_IC50	37	0.276434329065908	0.09767662276640149	higher_expression_more_resistant	0.37210651678998447
VEZF1	all_breast_lines	1734	VSP34_8731	VSP34	Other	GDSC2	LN_IC50	37	0.27524893314367	0.09918197307255357	higher_expression_more_resistant	0.37210651678998447
VEZF1	all_breast_lines	2010	HKMTI-1-005		Unclassified	GDSC2	LN_IC50	42	0.2572725062798801	0.10000736216742048	higher_expression_more_resistant	0.37210651678998447
VEZF1	all_breast_lines	172	Embelin	XIAP	Apoptosis regulation	GDSC1	LN_IC50	45	-0.24795783926218704	0.10052676205601573	higher_expression_more_sensitive	0.8462722804136206
VEZF1	all_breast_lines	2002	N30652-18-1		Unclassified	GDSC2	LN_IC50	41	0.25993031358885027	0.10074691721796959	higher_expression_more_resistant	0.37210651678998447
VEZF1	all_breast_lines	170	Shikonin	not defined	Other	GDSC1	LN_IC50	44	-0.250599013389711	0.10085345139454754	higher_expression_more_sensitive	0.8462722804136206
VEZF1	all_breast_lines	1164	XMD8-92	ERK5	ERK MAPK signaling	GDSC1	LN_IC50	23	0.34980237154150196	0.10179594567782946	higher_expression_more_resistant	0.8462722804136206
VEZF1	all_breast_lines	1922	Cediranib	VEGFR, FLT1, FLT2, FLT3, FLT4, KIT, PDGFRB	RTK signaling	GDSC2	LN_IC50	45	0.2470355731225296	0.10183967827936417	higher_expression_more_resistant	0.37210651678998447
VEZF1	all_breast_lines	170	Shikonin	not defined	Other	GDSC1	AUC	44	-0.24876673713883013	0.10345282268243876	higher_expression_more_sensitive	0.9227749145359531
VEZF1	all_breast_lines	1713	ERK_2440	ERK1,ERK2	ERK MAPK signaling	GDSC2	LN_IC50	37	0.27027027027027023	0.10569842524031972	higher_expression_more_resistant	0.3813171037150775
VEZF1	all_breast_lines	1507	Ruxolitinib	JAK1, JAK2	Other, kinases	GDSC2	AUC	40	-0.2590994371482177	0.10643398392418997	higher_expression_more_sensitive	0.9181124278199655
VEZF1	all_breast_lines	1620	PFI3	Polybromo 1, SMARCA4, SMARCA2	Chromatin other	GDSC2	LN_IC50	40	0.2583489681050657	0.10748763205255979	higher_expression_more_resistant	0.3828487067645111
VEZF1	all_breast_lines	258	STF-62247	Autophagy inducer	Other	GDSC1	AUC	45	0.2424242424242424	0.10860265168931112	higher_expression_more_resistant	0.9227749145359531
VEZF1	all_breast_lines	1458	PARP_9495	PARP1, PARP2, PARP7	Genome integrity	GDSC1	LN_IC50	43	0.24781032920567805	0.10910685827793619	higher_expression_more_resistant	0.8462722804136206
VEZF1	all_breast_lines	1048	Mirin	MRE11	Genome integrity	GDSC2	AUC	40	0.25647279549718577	0.11015642920006175	higher_expression_more_resistant	0.9181124278199655
VEZF1	all_breast_lines	172	Embelin	XIAP	Apoptosis regulation	GDSC1	AUC	45	-0.2413702239789196	0.11019552303876297	higher_expression_more_sensitive	0.9227749145359531
VEZF1	all_breast_lines	268	Sepantronium bromide	BIRC5	Apoptosis regulation	GDSC1	LN_IC50	45	0.24123847167325427	0.11039587710684234	higher_expression_more_resistant	0.8462722804136206
VEZF1	all_breast_lines	1844	776928		Unclassified	GDSC2	LN_IC50	37	0.26481744902797527	0.11320266104552348	higher_expression_more_resistant	0.3828487067645111
VEZF1	all_breast_lines	1010	Gefitinib	EGFR	EGFR signaling	GDSC2	AUC	45	0.23899868247694334	0.11384451425291227	higher_expression_more_resistant	0.9181124278199655
VEZF1	all_breast_lines	1051	Alisertib	AURKA	Mitosis	GDSC2	LN_IC50	43	0.24463908184838418	0.11386317431916398	higher_expression_more_resistant	0.3828487067645111
VEZF1	all_breast_lines	1007	Docetaxel	Microtubule stabiliser	Mitosis	GDSC1	LN_IC50	43	0.24463908184838418	0.11386317431916398	higher_expression_more_resistant	0.8462722804136206
VEZF1	all_breast_lines	1268	XAV939	TNKS1, TNKS2	WNT signaling	GDSC2	LN_IC50	40	0.2538461538461539	0.11397677000677112	higher_expression_more_resistant	0.3828487067645111
VEZF1	all_breast_lines	289	KIN001-042	GSK3B	WNT signaling	GDSC1	LN_IC50	44	0.24143763213530656	0.11436604929164743	higher_expression_more_resistant	0.8462722804136206
VEZF1	all_breast_lines	133	Doxorubicin	Anthracycline	DNA replication	GDSC1	AUC	45	-0.2386034255599473	0.11446149832982998	higher_expression_more_sensitive	0.9227749145359531
VEZF1	all_breast_lines	1230	IOX2	EGLN1	Other	GDSC1	AUC	43	-0.2435819993959529	0.11548304615704533	higher_expression_more_sensitive	0.9227749145359531
VEZF1	all_breast_lines	1939	UMI-77	MCL1	Apoptosis regulation	GDSC2	LN_IC50	41	0.24930313588850178	0.11597692830711016	higher_expression_more_resistant	0.3828487067645111
VEZF1	all_breast_lines	193	GW-2580	CSF1R	RTK signaling	GDSC1	AUC	44	0.240169133192389	0.11634036360080098	higher_expression_more_resistant	0.9227749145359531
VEZF1	all_breast_lines	2039	AGK2	BAZ2A, BAZ2B	Chromatin histone acetylation	GDSC2	LN_IC50	44	0.2397463002114165	0.11700417009188757	higher_expression_more_resistant	0.3828487067645111
VEZF1	all_breast_lines	2111	VE821	ATR	Genome integrity	GDSC2	AUC	45	-0.23662714097496704	0.11758455567089199	higher_expression_more_sensitive	0.9181124278199655
VEZF1	all_breast_lines	1714	ERK_6604	ERK1,ERK2	ERK MAPK signaling	GDSC2	AUC	37	0.26126126126126126	0.11830861772234968	higher_expression_more_resistant	0.9181124278199655
VEZF1	all_breast_lines	1241	CHIR-99021	GSK3A, GSK3B	WNT signaling	GDSC1	LN_IC50	42	0.24446965399886558	0.11868605053626101	higher_expression_more_resistant	0.8462722804136206
VEZF1	all_breast_lines	2106	Uprosertib	AKT1, AKT2, AKT3	PI3K/MTOR signaling	GDSC2	LN_IC50	41	0.24738675958188155	0.11889910804861421	higher_expression_more_resistant	0.3828487067645111
VEZF1	all_breast_lines	1242	(5Z)-7-Oxozeaenol	TAK1	Other, kinases	GDSC1	AUC	42	0.24365934689247226	0.11995116957221501	higher_expression_more_resistant	0.9227749145359531
VEZF1	all_breast_lines	1720	AZD5991	MCL1	Apoptosis regulation	GDSC2	LN_IC50	37	0.2598387861545756	0.12039866108979672	higher_expression_more_resistant	0.3828487067645111
VEZF1	all_breast_lines	1736	Selumetinib	MEK1, MEK2	ERK MAPK signaling	GDSC2	LN_IC50	37	0.25936462778568037	0.12110144808208102	higher_expression_more_resistant	0.3828487067645111
VEZF1	all_breast_lines	294	MPS-1-IN-1	MPS1	Mitosis	GDSC1	AUC	45	0.2343873517786561	0.12120152241862824	higher_expression_more_resistant	0.9227749145359531
VEZF1	all_breast_lines	1720	AZD5991	MCL1	Apoptosis regulation	GDSC2	AUC	37	0.25912754860123277	0.12145399033619644	higher_expression_more_resistant	0.9181124278199655
VEZF1	all_breast_lines	438	Panobinostat	HDAC	Chromatin histone acetylation	GDSC1	AUC	44	-0.2369274136715997	0.12150300557413177	higher_expression_more_sensitive	0.9227749145359531
VEZF1	all_breast_lines	1237	EPZ004777	DOT1L	Chromatin histone methylation	GDSC2	LN_IC50	45	0.23372859025032935	0.12228114805141045	higher_expression_more_resistant	0.3828487067645111
VEZF1	all_breast_lines	1007	Docetaxel	Microtubule stabiliser	Mitosis	GDSC1	AUC	43	0.23920265780730898	0.12238026605352664	higher_expression_more_resistant	0.9227749145359531
VEZF1	all_breast_lines	1777	GSK2276186C	JAK1, JAK2, JAK3	Other, kinases	GDSC2	LN_IC50	37	0.2584163110478899	0.12251622250358161	higher_expression_more_resistant	0.3828487067645111
VEZF1	all_breast_lines	1712	Eg5_9814	KSP11	Other	GDSC2	LN_IC50	37	0.25770507349454713	0.12358538086941877	higher_expression_more_resistant	0.3828487067645111
VEZF1	all_breast_lines	1598	LGK974	PORCN	WNT signaling	GDSC2	LN_IC50	45	0.23293807641633724	0.12358624920117552	higher_expression_more_resistant	0.3828487067645111
VEZF1	all_breast_lines	1449	AZD1208	PIM1, PIM2, PIM3	Other, kinases	GDSC2	AUC	37	-0.25651967757230915	0.12538276591219938	higher_expression_more_sensitive	0.9181124278199655
VEZF1	all_breast_lines	1142	HG-5-113-01	AURKA	Mitosis	GDSC1	AUC	23	0.32806324110671936	0.126449901879758	higher_expression_more_resistant	0.9227749145359531
VEZF1	all_breast_lines	1060	PD0325901	MEK1, MEK2	ERK MAPK signaling	GDSC2	AUC	45	0.23109354413702238	0.1266722394615615	higher_expression_more_resistant	0.9181124278199655
VEZF1	all_breast_lines	574	Wnt-C59	PORCN	WNT signaling	GDSC1	AUC	44	-0.2335529794606889	0.12705847677746568	higher_expression_more_sensitive	0.9227749145359531
VEZF1	all_breast_lines	219	AT-7519	CDK1, CDK2, CDK4, CDK6, CDK9	Cell cycle	GDSC1	LN_IC50	45	0.23069828722002633	0.1273409857186824	higher_expression_more_resistant	0.8462722804136206
VEZF1	all_breast_lines	2156	5-azacytidine	DNA methyltransferases	Other	GDSC2	LN_IC50	40	0.24409005628517827	0.12904660981911084	higher_expression_more_resistant	0.3954654171875977
VEZF1	all_breast_lines	1441	AZD2014	mTORC1, mTORC2	PI3K/MTOR signaling	GDSC1	LN_IC50	43	0.2349743279975838	0.12932939304815297	higher_expression_more_resistant	0.8462722804136206
VEZF1	all_breast_lines	309	Y-39983	ROCK	Cytoskeleton	GDSC1	LN_IC50	45	0.2284584980237154	0.13118068467072885	higher_expression_more_resistant	0.8462722804136206
VEZF1	all_breast_lines	1416	AZD8931	EGFR, ERBB2, ERBB3	RTK signaling	GDSC1	AUC	44	0.23086680761099365	0.13161532071603965	higher_expression_more_resistant	0.9227749145359531
VEZF1	all_breast_lines	1375	Temozolomide	DNA alkylating agent	DNA replication	GDSC2	AUC	45	-0.2281949934123847	0.13163804515409053	higher_expression_more_sensitive	0.9181124278199655
VEZF1	all_breast_lines	476	SB505124	TGFBR1, ACVR1B, ACVR1C	RTK signaling	GDSC1	AUC	44	-0.23058491895701197	0.13210050497806183	higher_expression_more_sensitive	0.9227749145359531
VEZF1	all_breast_lines	1416	AZD8931	EGFR, ERBB2, ERBB3	RTK signaling	GDSC1	LN_IC50	44	0.23016208597603943	0.13283078344838314	higher_expression_more_resistant	0.8462722804136206
VEZF1	all_breast_lines	1175	Rucaparib	PARP1, PARP2	Genome integrity	GDSC2	LN_IC50	45	0.22740447957839258	0.13301727912455544	higher_expression_more_resistant	0.4032970696861521
VEZF1	all_breast_lines	1261	rTRAIL	TRAIL receptor agonist	Apoptosis regulation	GDSC1	AUC	43	0.23255813953488372	0.1334305475702623	higher_expression_more_resistant	0.9227749145359531
VEZF1	all_breast_lines	1136	Capivasertib	AKT	PI3K/MTOR signaling	GDSC1	LN_IC50	42	0.2352321529859817	0.1337168372395677	higher_expression_more_resistant	0.8462722804136206
VEZF1	all_breast_lines	1187	CCT245232	HSF1	Unclassified	GDSC1	LN_IC50	42	0.2352321529859817	0.1337168372395677	higher_expression_more_resistant	0.8462722804136206
VEZF1	all_breast_lines	1243	Piperlongumine	Induces reactive oxygen species	Other	GDSC1	LN_IC50	43	0.23225611597704623	0.1339499274688665	higher_expression_more_resistant	0.8462722804136206
VEZF1	all_breast_lines	1427	AZD5582	IAP	Other	GDSC1	LN_IC50	44	0.22931642001409444	0.13430037068815698	higher_expression_more_resistant	0.8462722804136206
VEZF1	all_breast_lines	302	PI-103	PI3Kalpha, DAPK3, CLK4, PIM3, HIPK2	Other, kinases	GDSC1	AUC	44	0.22875264270613108	0.1352868045171895	higher_expression_more_resistant	0.9227749145359531
VEZF1	all_breast_lines	1088	Irinotecan	TOP1	DNA replication	GDSC2	LN_IC50	45	0.2258234519104084	0.1358080739899745	higher_expression_more_resistant	0.4069735591097495
VEZF1	all_breast_lines	207	AS601245	JNK1, JNK2, JNK2	JNK and p38 signaling	GDSC1	AUC	45	-0.22503293807641633	0.13721971864011118	higher_expression_more_sensitive	0.9227749145359531
VEZF1	all_breast_lines	2038	UNC0638	G9A, GLP	Chromatin histone methylation	GDSC2	LN_IC50	39	0.24210526315789477	0.13755767859590798	higher_expression_more_resistant	0.4069735591097495
VEZF1	all_breast_lines	1802	Zoledronate	 	Other	GDSC2	LN_IC50	37	0.24822190611664294	0.13851380783735334	higher_expression_more_resistant	0.4069735591097495
VEZF1	all_breast_lines	2106	Uprosertib	AKT1, AKT2, AKT3	PI3K/MTOR signaling	GDSC2	AUC	41	0.23501742160278752	0.139109794485031	higher_expression_more_resistant	0.9181124278199655
VEZF1	all_breast_lines	1913	AGI-5198	IDH1 (R132H)	Metabolism	GDSC2	LN_IC50	45	0.2229249011857707	0.14103744065718324	higher_expression_more_resistant	0.41015990395201246
VEZF1	all_breast_lines	1526	Refametinib	MEK1, MEK2	ERK MAPK signaling	GDSC1	LN_IC50	40	0.23677298311444658	0.14128904135436962	higher_expression_more_resistant	0.8462722804136206
VEZF1	all_breast_lines	476	SB505124	TGFBR1, ACVR1B, ACVR1C	RTK signaling	GDSC1	LN_IC50	44	-0.22522903453136012	0.14157457642577875	higher_expression_more_sensitive	0.8462722804136206
VEZF1	all_breast_lines	1059	AZD8055	MTORC1, MTORC2	PI3K/MTOR signaling	GDSC1	AUC	43	-0.22772576260948355	0.1419223183501598	higher_expression_more_sensitive	0.9227749145359531
VEZF1	all_breast_lines	1194	SB505124	TGFBR1, ACVR1B, ACVR1C	RTK signaling	GDSC1	AUC	43	-0.22727272727272727	0.14273844808422032	higher_expression_more_sensitive	0.9227749145359531
VEZF1	all_breast_lines	133	Doxorubicin	Anthracycline	DNA replication	GDSC1	LN_IC50	45	-0.22187088274044792	0.1429755759695455	higher_expression_more_sensitive	0.8462722804136206
VEZF1	all_breast_lines	289	KIN001-042	GSK3B	WNT signaling	GDSC1	AUC	44	0.22438336856941507	0.1431153279279331	higher_expression_more_resistant	0.9227749145359531
VEZF1	all_breast_lines	1922	Cediranib	VEGFR, FLT1, FLT2, FLT3, FLT4, KIT, PDGFRB	RTK signaling	GDSC2	AUC	45	0.2214756258234519	0.1437074360717087	higher_expression_more_resistant	0.9181124278199655
VEZF1	all_breast_lines	478	LDN-193189	BMP	Other	GDSC1	AUC	44	-0.22381959126145173	0.14414936147950977	higher_expression_more_sensitive	0.9227749145359531
VEZF1	all_breast_lines	1631	PRT062607	SYK	Other, kinases	GDSC2	LN_IC50	40	0.23433395872420262	0.14555435597273358	higher_expression_more_resistant	0.4131502162971489
VEZF1	all_breast_lines	1564	SCH772984	ERK1, ERK2	ERK MAPK signaling	GDSC2	LN_IC50	45	0.22015810276679837	0.14616698486733254	higher_expression_more_resistant	0.4131502162971489
VEZF1	all_breast_lines	1024	Lestaurtinib	FLT3, JAK2, NTRK1, NTRK2, NTRK3	Other, kinases	GDSC2	LN_IC50	45	0.22002635046113303	0.14641463805618257	higher_expression_more_resistant	0.4131502162971489
VEZF1	all_breast_lines	2498	alpha-lipoic acid	Metabolism	Metabolism	GDSC2	LN_IC50	40	0.23245778611632273	0.14889919865778437	higher_expression_more_resistant	0.4160418786026328
VEZF1	all_breast_lines	288	WHI-P97	JAK3	Other, kinases	GDSC1	LN_IC50	45	0.21870882740447956	0.14890822330482914	higher_expression_more_resistant	0.8462722804136206
VEZF1	all_breast_lines	2096	VX-11e	ERK2	ERK MAPK signaling	GDSC2	AUC	45	0.21857707509881422	0.1491592911510601	higher_expression_more_resistant	0.9181124278199655
VEZF1	all_breast_lines	1072	Avagacestat	Amyloid beta20, Amyloid beta40	Other	GDSC1	LN_IC50	43	0.22364844457867714	0.14939273831291092	higher_expression_more_resistant	0.8462722804136206
VEZF1	all_breast_lines	1114	Cetuximab	EGFR	EGFR signaling	GDSC1	LN_IC50	41	0.22891986062717776	0.1499609290486044	higher_expression_more_resistant	0.8462722804136206
VEZF1	all_breast_lines	1712	Eg5_9814	KSP11	Other	GDSC2	AUC	37	0.2413466097676624	0.15013946808165263	higher_expression_more_resistant	0.9181124278199655
VEZF1	all_breast_lines	1007	Docetaxel	Microtubule stabiliser	Mitosis	GDSC2	AUC	46	0.21480111008325625	0.15169971905955118	higher_expression_more_resistant	0.9181124278199655
VEZF1	all_breast_lines	1526	Refametinib	MEK1, MEK2	ERK MAPK signaling	GDSC1	AUC	40	0.22964352720450282	0.15402155539298484	higher_expression_more_resistant	0.9227749145359531
VEZF1	all_breast_lines	1512	Cyclophosphamide	Alkylating agent	DNA replication	GDSC2	AUC	45	-0.21594202898550724	0.15424630178621385	higher_expression_more_sensitive	0.9181124278199655
VEZF1	all_breast_lines	1175	Rucaparib	PARP1, PARP2	Genome integrity	GDSC1	LN_IC50	42	0.2237257920751965	0.15436572076116142	higher_expression_more_resistant	0.8462722804136206
VEZF1	all_breast_lines	1614	WZ4003	NUAK1, NUAK2	Other, kinases	GDSC2	AUC	40	0.22870544090056288	0.15575724256767648	higher_expression_more_resistant	0.9181124278199655
VEZF1	all_breast_lines	257	NPK76-II-72-1	PLK3	Cell cycle	GDSC1	LN_IC50	45	0.21515151515151515	0.15579691471684523	higher_expression_more_resistant	0.8462722804136206
VEZF1	all_breast_lines	376	Brivanib, BMS-540215	VEGFR, PDGFR	RTK signaling	GDSC1	LN_IC50	43	0.21987315010570824	0.15656375549873014	higher_expression_more_resistant	0.8462722804136206
VEZF1	all_breast_lines	1084	Rapamycin	MTORC1	PI3K/MTOR signaling	GDSC2	AUC	45	0.21409749670619233	0.15788210607247244	higher_expression_more_resistant	0.9181124278199655
VEZF1	all_breast_lines	1009	Tretinoin	Retinoic acid	Other	GDSC1	AUC	43	-0.2186650558743582	0.15891070694380807	higher_expression_more_sensitive	0.9227749145359531
VEZF1	all_breast_lines	226	GSK1070916	AURKA, AURKC	Mitosis	GDSC1	LN_IC50	43	0.21836303231652066	0.1595014293840803	higher_expression_more_resistant	0.8462722804136206
VEZF1	all_breast_lines	1814	Nelarabine		DNA replication	GDSC2	LN_IC50	37	0.23518255097202462	0.16115360341040388	higher_expression_more_resistant	0.4339973200455974
VEZF1	all_breast_lines	1025	SB216763	GSK3A, GSK3B	WNT signaling	GDSC2	LN_IC50	44	0.214799154334038	0.1614523810102313	higher_expression_more_resistant	0.4339973200455974
VEZF1	all_breast_lines	1734	VSP34_8731	VSP34	Other	GDSC2	AUC	37	0.234945471787577	0.16158857021275883	higher_expression_more_resistant	0.9181124278199655
VEZF1	all_breast_lines	1908	Ulixertinib	ERK1, ERK2	ERK MAPK signaling	GDSC2	LN_IC50	45	0.21198945981554673	0.16211352847619195	higher_expression_more_resistant	0.4339973200455974
VEZF1	all_breast_lines	219	AT-7519	CDK1, CDK2, CDK4, CDK6, CDK9	Cell cycle	GDSC1	AUC	45	0.21198945981554673	0.16211352847619195	higher_expression_more_resistant	0.9227749145359531
VEZF1	all_breast_lines	1432	AZD1480	JAK1, JAK2	Other, kinases	GDSC1	LN_IC50	44	0.2138125440451022	0.16343280535662436	higher_expression_more_resistant	0.8462722804136206
VEZF1	all_breast_lines	362	CI-1033	EGFR, ERBB2, ERBB4	RTK signaling	GDSC1	AUC	44	0.2138125440451022	0.16343280535662436	higher_expression_more_resistant	0.9227749145359531
VEZF1	all_breast_lines	2037	GSK343	EZH2	Chromatin histone methylation	GDSC2	LN_IC50	42	0.21902601085811524	0.163437946913576	higher_expression_more_resistant	0.4339973200455974
VEZF1	all_breast_lines	1170	CCT-018159	HSP90	Protein stability and degradation	GDSC1	AUC	42	0.21886394943683657	0.16375753056152367	higher_expression_more_resistant	0.9227749145359531
VEZF1	all_breast_lines	1136	Capivasertib	AKT	PI3K/MTOR signaling	GDSC1	AUC	42	0.21870188801555793	0.16407756694806044	higher_expression_more_resistant	0.9227749145359531
VEZF1	all_breast_lines	1461	TANK_1366	Tankyrase 1/2 (PARP5a, PARP5b)	Genome integrity	GDSC1	AUC	44	0.21310782241014797	0.1648581590347565	higher_expression_more_resistant	0.9227749145359531
VEZF1	all_breast_lines	1845	Schweinfurthin A		Unclassified	GDSC2	LN_IC50	37	0.2330488383119962	0.16509885659415263	higher_expression_more_resistant	0.4339973200455974
VEZF1	all_breast_lines	1372	Trametinib	MEK1, MEK2	ERK MAPK signaling	GDSC2	LN_IC50	45	0.21014492753623185	0.16588323212363065	higher_expression_more_resistant	0.4339973200455974
VEZF1	all_breast_lines	1733	ULK1_4989	ULK1	Other, kinases	GDSC2	LN_IC50	37	0.23257467994310096	0.16598493994726357	higher_expression_more_resistant	0.4339973200455974
VEZF1	all_breast_lines	302	PI-103	PI3Kalpha, DAPK3, CLK4, PIM3, HIPK2	Other, kinases	GDSC1	LN_IC50	44	0.21240310077519378	0.16629251082766688	higher_expression_more_resistant	0.8462722804136206
VEZF1	all_breast_lines	222	BX-912	PDK1 (PDPK1)	Metabolism	GDSC1	LN_IC50	45	0.20882740447957837	0.16861454607373744	higher_expression_more_resistant	0.8462722804136206
VEZF1	all_breast_lines	1561	Taselisib	PI3K (beta sparing)	PI3K/MTOR signaling	GDSC2	LN_IC50	45	0.20882740447957837	0.16861454607373744	higher_expression_more_resistant	0.4368649602819561
VEZF1	all_breast_lines	1016	Temsirolimus	MTOR	PI3K/MTOR signaling	GDSC2	AUC	43	0.21292660827544546	0.17040942002136625	higher_expression_more_resistant	0.9181124278199655
VEZF1	all_breast_lines	258	STF-62247	Autophagy inducer	Other	GDSC1	LN_IC50	45	0.20711462450592882	0.17221372498196832	higher_expression_more_resistant	0.8462722804136206
VEZF1	all_breast_lines	1829	667880		Unclassified	GDSC2	AUC	37	-0.22925557136083452	0.1722834567488214	higher_expression_more_sensitive	0.9181124278199655
VEZF1	all_breast_lines	1441	AZD2014	mTORC1, mTORC2	PI3K/MTOR signaling	GDSC1	AUC	43	0.21171851404409545	0.1729047863375487	higher_expression_more_resistant	0.9227749145359531
VEZF1	all_breast_lines	167	OSU-03012	PDK1 (PDPK1)	Metabolism	GDSC1	AUC	45	-0.2067193675889328	0.1730521187893111	higher_expression_more_sensitive	0.9227749145359531
VEZF1	all_breast_lines	1733	ULK1_4989	ULK1	Other, kinases	GDSC2	AUC	37	0.2287814129919393	0.17319701275387292	higher_expression_more_resistant	0.9181124278199655
VEZF1	all_breast_lines	1030	KU-55933	ATM	Genome integrity	GDSC2	AUC	44	0.20873854827343197	0.17389710584141116	higher_expression_more_resistant	0.9181124278199655
VEZF1	all_breast_lines	416	CAY10566	Stearoyl-CoA desaturase	Other	GDSC1	AUC	44	0.20859760394644114	0.17419450671014675	higher_expression_more_resistant	0.9227749145359531
VEZF1	all_breast_lines	1852	LY2109761	TGFB1	Other	GDSC2	LN_IC50	40	0.21913696060037527	0.1742812454007338	higher_expression_more_resistant	0.44608153171218995
VEZF1	all_breast_lines	257	NPK76-II-72-1	PLK3	Cell cycle	GDSC1	AUC	45	0.2059288537549407	0.17473772795656556	higher_expression_more_resistant	0.9227749145359531
VEZF1	all_breast_lines	1005	Cisplatin	DNA crosslinker	DNA replication	GDSC1	LN_IC50	43	0.21081244337058289	0.1747934965263556	higher_expression_more_resistant	0.8462722804136206
VEZF1	all_breast_lines	1020	Lenalidomide	CRBN	Protein stability and degradation	GDSC2	LN_IC50	45	0.20566534914361	0.17530221597110623	higher_expression_more_resistant	0.44608153171218995
VEZF1	all_breast_lines	264	ACY-1215	HDAC6	Chromatin histone acetylation	GDSC1	LN_IC50	44	-0.20803382663847778	0.17538777085317547	higher_expression_more_sensitive	0.8462722804136206
VEZF1	all_breast_lines	1252	N23918-95-7	JMJ histone demethylase	Chromatin histone methylation	GDSC1	AUC	42	0.21302973827080465	0.17556613753399222	higher_expression_more_resistant	0.9227749145359531
VEZF1	all_breast_lines	1594	OSI-027	MTORC1, MTORC2	PI3K/MTOR signaling	GDSC2	AUC	45	0.20553359683794462	0.17558495159406354	higher_expression_more_resistant	0.9181124278199655
VEZF1	all_breast_lines	1131	PRIMA-1MET	TP53 activation	p53 pathway	GDSC2	LN_IC50	40	0.21726078799249532	0.17809111577251013	higher_expression_more_resistant	0.44916785836429546
VEZF1	all_breast_lines	1013	Nilotinib	ABL	ABL signaling	GDSC1	LN_IC50	43	0.20884929024463905	0.1789364719564104	higher_expression_more_resistant	0.8462722804136206
VEZF1	all_breast_lines	1038	NU7441	DNAPK	Genome integrity	GDSC2	AUC	45	0.20368906455862978	0.1795777530212144	higher_expression_more_resistant	0.9181124278199655
VEZF1	all_breast_lines	1451	PLK_6522	PLK1, PLK2, PLK3	Cell cycle	GDSC1	LN_IC50	42	0.21108500121546067	0.1796348452779131	higher_expression_more_resistant	0.8462722804136206
VEZF1	all_breast_lines	1432	AZD1480	JAK1, JAK2	Other, kinases	GDSC1	AUC	44	0.20577871740662437	0.18021959733096235	higher_expression_more_resistant	0.9227749145359531
VEZF1	all_breast_lines	1249	BMS-345541	IKK-1, IKK-2	Other	GDSC2	AUC	40	0.21594746716697938	0.18079318689450438	higher_expression_more_resistant	0.9181124278199655
VEZF1	all_breast_lines	1428	IAP_5620	IAP	Other	GDSC1	LN_IC50	44	0.20521494009866098	0.18144230254330623	higher_expression_more_resistant	0.8462722804136206
VEZF1	all_breast_lines	332	XMD15-27	CAMK2	Other, kinases	GDSC1	LN_IC50	44	0.20493305144467933	0.18205587503839038	higher_expression_more_resistant	0.8462722804136206
VEZF1	all_breast_lines	1048	Mirin	MRE11	Genome integrity	GDSC1	AUC	41	-0.212020905923345	0.18325480286920032	higher_expression_more_sensitive	0.9227749145359531
VEZF1	all_breast_lines	1718	JAK1_8709	JAK1	Other, kinases	GDSC2	LN_IC50	37	0.22356567093409196	0.1834754243452507	higher_expression_more_resistant	0.45260993698611424
VEZF1	all_breast_lines	1563	EPZ5676	DOT1L	Chromatin histone methylation	GDSC2	LN_IC50	45	0.2017127799736495	0.1839275463944136	higher_expression_more_resistant	0.45260993698611424
VEZF1	all_breast_lines	2046	MK-8776	CHEK1, CHEK2, CDK2	Cell cycle	GDSC2	AUC	44	-0.20394644115574348	0.1842150563582389	higher_expression_more_sensitive	0.9181124278199655
VEZF1	all_breast_lines	1909	Venetoclax	BCL2	Apoptosis regulation	GDSC2	LN_IC50	45	0.20158102766798416	0.18422018487855876	higher_expression_more_resistant	0.45260993698611424
VEZF1	all_breast_lines	167	OSU-03012	PDK1 (PDPK1)	Metabolism	GDSC1	LN_IC50	45	-0.20144927536231882	0.18451315570508764	higher_expression_more_sensitive	0.8462722804136206
VEZF1	all_breast_lines	1060	PD0325901	MEK1, MEK2	ERK MAPK signaling	GDSC1	LN_IC50	43	0.20613107822410148	0.18478830753712955	higher_expression_more_resistant	0.8462722804136206
VEZF1	all_breast_lines	264	ACY-1215	HDAC6	Chromatin histone acetylation	GDSC1	AUC	44	-0.2032417195207893	0.1857684737428074	higher_expression_more_sensitive	0.9227749145359531
VEZF1	all_breast_lines	1425	BPTES	GLS	Other	GDSC1	LN_IC50	44	0.20281888653981675	0.18670499214385924	higher_expression_more_resistant	0.8462722804136206
VEZF1	all_breast_lines	1830	Gallibiscoquinazole		Unclassified	GDSC2	AUC	37	-0.22190611664295873	0.1868346250649692	higher_expression_more_sensitive	0.9181124278199655
VEZF1	all_breast_lines	346	THZ-2-102-1	CDK7	Cell cycle	GDSC1	AUC	44	0.20253699788583507	0.18733120213692292	higher_expression_more_resistant	0.9227749145359531
VEZF1	all_breast_lines	309	Y-39983	ROCK	Cytoskeleton	GDSC1	AUC	45	0.19881422924901182	0.19044257946354987	higher_expression_more_resistant	0.9227749145359531
VEZF1	all_breast_lines	2173	PFI-1	BRD4	Chromatin other	GDSC2	AUC	44	-0.20098661028893586	0.1908020796996405	higher_expression_more_sensitive	0.9181124278199655
VEZF1	all_breast_lines	156	AZD6482	PI3Kbeta	PI3K/MTOR signaling	GDSC1	LN_IC50	44	0.200845665961945	0.1911198609652136	higher_expression_more_resistant	0.8462722804136206
VEZF1	all_breast_lines	2359	GSK2830371	WIP1	Other	GDSC2	AUC	41	-0.20783972125435546	0.1922471298692495	higher_expression_more_sensitive	0.9181124278199655
VEZF1	all_breast_lines	356	AT7867	AKT	PI3K/MTOR signaling	GDSC1	LN_IC50	44	0.20028188865398164	0.19239473937005286	higher_expression_more_resistant	0.8462722804136206
VEZF1	all_breast_lines	1135	AZD4547	FGRF1, FGFR2, FGFR3	RTK signaling	GDSC1	LN_IC50	42	0.20508872862815009	0.1926034154968213	higher_expression_more_resistant	0.8462722804136206
VEZF1	all_breast_lines	231	FMK	RSK	Other, kinases	GDSC1	AUC	45	-0.19776021080368905	0.19285183475757972	higher_expression_more_sensitive	0.9227749145359531
VEZF1	all_breast_lines	326	GSK690693	AKT1, AKT2, AKT3	PI3K/MTOR signaling	GDSC1	AUC	44	0.19985905567300913	0.1933548435559031	higher_expression_more_resistant	0.9227749145359531
VEZF1	all_breast_lines	156	AZD6482	PI3Kbeta	PI3K/MTOR signaling	GDSC1	AUC	44	0.1992952783650458	0.19464025092823764	higher_expression_more_resistant	0.9227749145359531
VEZF1	all_breast_lines	1373	Dabrafenib	BRAF	ERK MAPK signaling	GDSC1	AUC	42	-0.20395429867919945	0.1951295193929645	higher_expression_more_sensitive	0.9227749145359531
VEZF1	all_breast_lines	1812	Bleomycin	dsDNA break induction	DNA replication	GDSC2	LN_IC50	37	0.2171645329540066	0.1966711080702794	higher_expression_more_resistant	0.4790706478635011
VEZF1	all_breast_lines	2156	5-azacytidine	DNA methyltransferases	Other	GDSC2	AUC	40	0.2078799249530957	0.19803414231987146	higher_expression_more_resistant	0.9181124278199655
VEZF1	all_breast_lines	304	SB52334	ALK5	RTK signaling	GDSC1	LN_IC50	45	-0.19525691699604739	0.1986602000013443	higher_expression_more_sensitive	0.8462722804136206
VEZF1	all_breast_lines	1243	Piperlongumine	Induces reactive oxygen species	Other	GDSC1	AUC	43	0.19963757173059496	0.19931655887721625	higher_expression_more_resistant	0.9227749145359531
VEZF1	all_breast_lines	1375	Temozolomide	DNA alkylating agent	DNA replication	GDSC1	AUC	42	0.2013613159387408	0.20099100681857623	higher_expression_more_resistant	0.9227749145359531
VEZF1	all_breast_lines	1803	Acetalax		Unclassified	GDSC2	LN_IC50	37	0.21408250355618777	0.20325605934888227	higher_expression_more_resistant	0.4909150585968767
VEZF1	all_breast_lines	1187	CCT245232	HSF1	Unclassified	GDSC1	AUC	42	0.19974070172595418	0.20471657692729323	higher_expression_more_resistant	0.9227749145359531
VEZF1	all_breast_lines	182	Obatoclax Mesylate	BCL2, BCL-XL, BCL-W, MCL1	Apoptosis regulation	GDSC1	AUC	45	-0.1923583662714097	0.20553849799144033	higher_expression_more_sensitive	0.9227749145359531
VEZF1	all_breast_lines	182	Obatoclax Mesylate	BCL2, BCL-XL, BCL-W, MCL1	Apoptosis regulation	GDSC1	LN_IC50	45	-0.1923583662714097	0.20553849799144033	higher_expression_more_sensitive	0.8462722804136206
VEZF1	all_breast_lines	1177	Niraparib	PARP1, PARP2	Genome integrity	GDSC2	LN_IC50	40	0.2043151969981239	0.20600854443798083	higher_expression_more_resistant	0.4933818081077692
VEZF1	all_breast_lines	362	CI-1033	EGFR, ERBB2, ERBB4	RTK signaling	GDSC1	LN_IC50	44	0.19436222692036645	0.20614583279601828	higher_expression_more_resistant	0.8462722804136206
VEZF1	all_breast_lines	1371	PLX-4720	BRAF	ERK MAPK signaling	GDSC1	LN_IC50	43	0.1958622772576261	0.20812341006473775	higher_expression_more_resistant	0.8462722804136206
VEZF1	all_breast_lines	203	BMS-345541	IKK1, IKK2	Other, kinases	GDSC1	LN_IC50	45	0.1907773386034255	0.20935986004753834	higher_expression_more_resistant	0.8462722804136206
VEZF1	all_breast_lines	1451	PLK_6522	PLK1, PLK2, PLK3	Cell cycle	GDSC1	AUC	42	0.19747184182805283	0.210013121825399	higher_expression_more_resistant	0.9227749145359531
VEZF1	all_breast_lines	1810	Mitoxantrone	TOP2	DNA replication	GDSC2	LN_IC50	37	0.21076339497392127	0.21051755165606525	higher_expression_more_resistant	0.499979185183155
VEZF1	all_breast_lines	1427	AZD5582	IAP	Other	GDSC1	AUC	44	0.19238900634249473	0.21087872939510174	higher_expression_more_resistant	0.9227749145359531
VEZF1	all_breast_lines	199	Pazopanib	CSF1R, KIT,  PDGFRA, PDGFRB	RTK signaling	GDSC1	AUC	45	-0.1901185770750988	0.21096665059133896	higher_expression_more_sensitive	0.9227749145359531
VEZF1	all_breast_lines	1803	Acetalax		Unclassified	GDSC2	AUC	37	0.21005215742057845	0.21209664421216481	higher_expression_more_resistant	0.9181124278199655
VEZF1	all_breast_lines	1437	MCT4_1422	MCT4	Other	GDSC1	LN_IC50	44	0.19182522903453136	0.2122447864044608	higher_expression_more_resistant	0.8462722804136206
VEZF1	all_breast_lines	416	CAY10566	Stearoyl-CoA desaturase	Other	GDSC1	LN_IC50	44	0.19154334038054968	0.2129301202480498	higher_expression_more_resistant	0.8462722804136206
VEZF1	all_breast_lines	1200	Fulvestrant	ESR	Hormone-related	GDSC2	AUC	45	-0.18906455862977603	0.21355537386025136	higher_expression_more_sensitive	0.9181124278199655
VEZF1	all_breast_lines	2003	N29087-69-1		Unclassified	GDSC2	LN_IC50	41	0.19843205574912898	0.21360866468186568	higher_expression_more_resistant	0.503127846564725
VEZF1	all_breast_lines	1059	AZD8055	MTORC1, MTORC2	PI3K/MTOR signaling	GDSC1	LN_IC50	43	-0.19329507701600726	0.21426505567574514	higher_expression_more_sensitive	0.8462722804136206
VEZF1	all_breast_lines	1839	615590		Unclassified	GDSC2	AUC	37	-0.20886676149834044	0.21474661644627063	higher_expression_more_sensitive	0.9181124278199655
VEZF1	all_breast_lines	346	THZ-2-102-1	CDK7	Cell cycle	GDSC1	LN_IC50	44	0.19041578576462298	0.215686848174053	higher_expression_more_resistant	0.8462722804136206
VEZF1	all_breast_lines	1927	GSK2578215A	LRRK2	Other, kinases	GDSC2	LN_IC50	45	0.18801054018445318	0.2161661251646721	higher_expression_more_resistant	0.5049782432125537
VEZF1	all_breast_lines	1263	UNC0642	G9A, GLP	Chromatin histone methylation	GDSC1	AUC	42	-0.1940685519812009	0.2181355973438845	higher_expression_more_sensitive	0.9227749145359531
VEZF1	all_breast_lines	1998	BPD-00008900		Other	GDSC2	AUC	41	-0.19651567944250875	0.21815422381009408	higher_expression_more_sensitive	0.9181124278199655
VEZF1	all_breast_lines	1043	JNK Inhibitor VIII	JNK	JNK and p38 signaling	GDSC1	LN_IC50	43	0.19163394744790094	0.21830547595503125	higher_expression_more_resistant	0.8462722804136206
VEZF1	all_breast_lines	1089	Oxaliplatin	DNA alkylating agent	DNA replication	GDSC2	LN_IC50	45	0.1869565217391304	0.218798958434324	higher_expression_more_resistant	0.5069731963722142
VEZF1	all_breast_lines	344	THZ-2-49	CDK9	Cell cycle	GDSC1	AUC	45	0.1869565217391304	0.218798958434324	higher_expression_more_resistant	0.9227749145359531
VEZF1	all_breast_lines	1017	Olaparib	PARP1, PARP2	Genome integrity	GDSC2	AUC	45	-0.1862977602108037	0.22045571603265263	higher_expression_more_sensitive	0.9181124278199655
VEZF1	all_breast_lines	199	Pazopanib	CSF1R, KIT,  PDGFRA, PDGFRB	RTK signaling	GDSC1	LN_IC50	45	-0.1862977602108037	0.22045571603265263	higher_expression_more_sensitive	0.8462722804136206
VEZF1	all_breast_lines	1449	AZD1208	PIM1, PIM2, PIM3	Other, kinases	GDSC1	AUC	44	0.1884425651867512	0.2205705350350268	higher_expression_more_resistant	0.9227749145359531
VEZF1	all_breast_lines	1052	RO-3306	CDK1	Cell cycle	GDSC1	AUC	43	-0.19057686499546966	0.22090392866403008	higher_expression_more_sensitive	0.9227749145359531
VEZF1	all_breast_lines	1392	Bleomycin (10 uM)	dsDNA break induction	DNA replication	GDSC1	LN_IC50	44	0.1880197322057787	0.22162690267205445	higher_expression_more_resistant	0.8462722804136206
VEZF1	all_breast_lines	356	AT7867	AKT	PI3K/MTOR signaling	GDSC1	AUC	44	0.1880197322057787	0.22162690267205445	higher_expression_more_resistant	0.9227749145359531
VEZF1	all_breast_lines	437	Trichostatin A	HDAC	Chromatin histone acetylation	GDSC1	LN_IC50	44	-0.18787878787878787	0.22197980020825842	higher_expression_more_sensitive	0.8462722804136206
VEZF1	all_breast_lines	1070	CRT0105950	JNK1, JNK2, JNK3	JNK and p38 signaling	GDSC1	LN_IC50	43	0.19012382965871336	0.22202406019366724	higher_expression_more_resistant	0.8462722804136206
VEZF1	all_breast_lines	1840	630600		Unclassified	GDSC2	LN_IC50	37	0.20507349454717871	0.22337957018757357	higher_expression_more_resistant	0.5134127218020844
VEZF1	all_breast_lines	2057	Remodelin		Unclassified	GDSC2	AUC	22	-0.2704686617730096	0.223448629688682	higher_expression_more_sensitive	0.9181124278199655
VEZF1	all_breast_lines	376	Brivanib, BMS-540215	VEGFR, PDGFR	RTK signaling	GDSC1	AUC	43	0.18861371186952583	0.22578609553998452	higher_expression_more_resistant	0.9227749145359531
VEZF1	all_breast_lines	153	Midostaurin	PKC, PPK, FLT1, c-FGR, others	Other	GDSC1	AUC	44	-0.18632840028188866	0.22588728501120442	higher_expression_more_sensitive	0.9227749145359531
VEZF1	all_breast_lines	203	BMS-345541	IKK1, IKK2	Other, kinases	GDSC1	AUC	45	0.1831357048748353	0.2285288929580503	higher_expression_more_resistant	0.9227749145359531
VEZF1	all_breast_lines	1191	Bortezomib	Proteasome	Protein stability and degradation	GDSC2	LN_IC50	45	0.1828722002635046	0.22921070377207392	higher_expression_more_resistant	0.51904346216635
VEZF1	all_breast_lines	2359	GSK2830371	WIP1	Other	GDSC2	LN_IC50	41	0.1914634146341464	0.2304567290856417	higher_expression_more_resistant	0.51904346216635
VEZF1	all_breast_lines	1164	XMD8-92	ERK5	ERK MAPK signaling	GDSC1	AUC	23	0.2598814229249012	0.23109028352368027	higher_expression_more_resistant	0.9227749145359531
VEZF1	all_breast_lines	222	BX-912	PDK1 (PDPK1)	Metabolism	GDSC1	AUC	45	0.18194993412384713	0.23160803246072798	higher_expression_more_resistant	0.9227749145359531
VEZF1	all_breast_lines	294	MPS-1-IN-1	MPS1	Mitosis	GDSC1	LN_IC50	45	0.18142292490118575	0.23298561891890573	higher_expression_more_resistant	0.8462722804136206
VEZF1	all_breast_lines	1019	Bosutinib	SRC, ABL, TEC	Other, kinases	GDSC2	LN_IC50	45	0.18142292490118575	0.23298561891890573	higher_expression_more_resistant	0.51904346216635
VEZF1	all_breast_lines	2157	A-366	EHMT1, EHMT2	Chromatin histone methylation	GDSC2	LN_IC50	40	0.19287054409005633	0.23311425669225544	higher_expression_more_resistant	0.51904346216635
VEZF1	all_breast_lines	1925	GDC0810	ESR1, ESR2	Hormone-related	GDSC2	AUC	45	-0.18129117259552038	0.23333088960129847	higher_expression_more_sensitive	0.9181124278199655
VEZF1	all_breast_lines	1854	MN-64	TNKS1, TNKS2	WNT signaling	GDSC2	AUC	40	0.19268292682926833	0.2335779157234883	higher_expression_more_resistant	0.9181124278199655
VEZF1	all_breast_lines	1530	PFI-3	PB1, SMARCA4, SMARCA2	Chromatin other	GDSC1	AUC	40	0.19193245778611634	0.23543882480280634	higher_expression_more_resistant	0.9227749145359531
VEZF1	all_breast_lines	1049	PD173074	FGFR1, FGFR2, FGFR3	RTK signaling	GDSC2	LN_IC50	46	0.17804502004316988	0.2364865299572202	higher_expression_more_resistant	0.5222108589541745
VEZF1	all_breast_lines	176	IPA-3	PAK1	Cytoskeleton	GDSC1	AUC	44	-0.1818181818181818	0.23752257487236098	higher_expression_more_sensitive	0.9227749145359531
VEZF1	all_breast_lines	1024	Lestaurtinib	FLT3, JAK2, NTRK1, NTRK2, NTRK3	Other, kinases	GDSC1	AUC	43	0.1839323467230444	0.23772591008966917	higher_expression_more_resistant	0.9227749145359531
VEZF1	all_breast_lines	1005	Cisplatin	DNA crosslinker	DNA replication	GDSC2	AUC	46	0.17755164970706136	0.23780906494335244	higher_expression_more_resistant	0.9181124278199655
VEZF1	all_breast_lines	1091	BMS-536924	IGF1R, IR	IGF1R signaling	GDSC1	LN_IC50	43	-0.18378133494412563	0.2381180787035018	higher_expression_more_sensitive	0.8462722804136206
VEZF1	all_breast_lines	1083	Crizotinib	MET, ALK, ROS1	RTK signaling	GDSC2	LN_IC50	45	0.17944664031620552	0.2382014444352375	higher_expression_more_resistant	0.5222108589541745
VEZF1	all_breast_lines	1024	Lestaurtinib	FLT3, JAK2, NTRK1, NTRK2, NTRK3	Other, kinases	GDSC1	LN_IC50	43	0.1836303231652069	0.23851068687402827	higher_expression_more_resistant	0.8462722804136206
VEZF1	all_breast_lines	345	KIN001-270	CDK9	Other	GDSC1	LN_IC50	45	0.17812911725955202	0.24172250836950154	higher_expression_more_resistant	0.8462722804136206
VEZF1	all_breast_lines	197	Bryostatin 1	PKC	Other	GDSC1	LN_IC50	45	-0.17799736495388668	0.24207654765136472	higher_expression_more_sensitive	0.8462722804136206
VEZF1	all_breast_lines	1360	993-D2	MKNK1, MKNK2	Other, kinases	GDSC1	AUC	40	0.18893058161350848	0.24298303214319114	higher_expression_more_resistant	0.9227749145359531
VEZF1	all_breast_lines	344	THZ-2-49	CDK9	Cell cycle	GDSC1	LN_IC50	45	0.1772068511198946	0.24420817209319623	higher_expression_more_resistant	0.8462722804136206
VEZF1	all_breast_lines	1627	GSK343	EZH2	Chromatin histone methylation	GDSC2	AUC	40	-0.18836772983114447	0.24441552315128992	higher_expression_more_sensitive	0.9181124278199655
VEZF1	all_breast_lines	1180	Dinaciclib	CDK1, CDK2, CDK5, CDK9	Cell cycle	GDSC2	LN_IC50	40	0.18780487804878052	0.24585369410270247	higher_expression_more_resistant	0.534872540605116
VEZF1	all_breast_lines	1020	Lenalidomide	CRBN	Protein stability and degradation	GDSC1	LN_IC50	43	0.18076109936575052	0.24605389425814006	higher_expression_more_resistant	0.8462722804136206
VEZF1	all_breast_lines	1401	AZD5438	CDK2	Cell cycle	GDSC1	LN_IC50	44	0.17773079633544747	0.24841373890642252	higher_expression_more_resistant	0.8462722804136206
VEZF1	all_breast_lines	1004	Vinblastine	Microtubule destabiliser	Mitosis	GDSC1	LN_IC50	43	0.17970401691331922	0.24887311565494732	higher_expression_more_resistant	0.8462722804136206
VEZF1	all_breast_lines	298	OSI-930	KIT, VEGFR2	RTK signaling	GDSC1	LN_IC50	44	0.17744890768146582	0.2491770608984767	higher_expression_more_resistant	0.8462722804136206
VEZF1	all_breast_lines	1828	720427		Unclassified	GDSC2	AUC	37	-0.19369369369369369	0.2506908842056828	higher_expression_more_sensitive	0.9181124278199655
VEZF1	all_breast_lines	1459	PARP_0108	PARP1, PARP2, PARP6	Genome integrity	GDSC1	LN_IC50	44	0.17688513037350248	0.25070844116174695	higher_expression_more_resistant	0.8462722804136206
VEZF1	all_breast_lines	2112	VTP-A		Unclassified	GDSC2	AUC	41	-0.18327526132404182	0.251385781098174	higher_expression_more_sensitive	0.9181124278199655
VEZF1	all_breast_lines	274	Belinostat	HDAC1	Chromatin histone acetylation	GDSC1	LN_IC50	44	-0.1766032417195208	0.25147650059577675	higher_expression_more_sensitive	0.8462722804136206
VEZF1	all_breast_lines	2003	N29087-69-1		Unclassified	GDSC2	AUC	41	-0.1831010452961673	0.25184448231648404	higher_expression_more_sensitive	0.9181124278199655
VEZF1	all_breast_lines	437	Trichostatin A	HDAC	Chromatin histone acetylation	GDSC1	AUC	44	-0.17646229739252992	0.25186112288830836	higher_expression_more_sensitive	0.9227749145359531
VEZF1	all_breast_lines	1254	GSK-J4	KDM6B	Chromatin histone methylation	GDSC1	LN_IC50	43	0.1784959226819692	0.25212161448117376	higher_expression_more_resistant	0.8462722804136206
VEZF1	all_breast_lines	1844	776928		Unclassified	GDSC2	AUC	37	0.19274537695590327	0.25306321613412275	higher_expression_more_resistant	0.9181124278199655
VEZF1	all_breast_lines	1453	RAF_9304	ARAF, BRAF, CRAF	ERK MAPK signaling	GDSC1	LN_IC50	44	0.17589852008456658	0.2534035641916491	higher_expression_more_resistant	0.8462722804136206
VEZF1	all_breast_lines	1437	MCT4_1422	MCT4	Other	GDSC1	AUC	44	0.1751937984496124	0.2553405132311763	higher_expression_more_resistant	0.9227749145359531
VEZF1	all_breast_lines	301	PHA-793887	CDK2, CDK7, CDK5	Cell cycle	GDSC1	AUC	44	0.17505285412262153	0.2557290900261948	higher_expression_more_resistant	0.9227749145359531
VEZF1	all_breast_lines	345	KIN001-270	CDK9	Other	GDSC1	AUC	45	0.1729907773386034	0.2557912880648955	higher_expression_more_resistant	0.9227749145359531
VEZF1	all_breast_lines	1061	SB590885	BRAF	ERK MAPK signaling	GDSC2	AUC	44	-0.1749119097956307	0.2561180626352527	higher_expression_more_sensitive	0.9181124278199655
VEZF1	all_breast_lines	1928	I-BRD9	BRD9	Chromatin other	GDSC2	AUC	45	0.17285902503293807	0.25615909370986323	higher_expression_more_resistant	0.9181124278199655
VEZF1	all_breast_lines	1057	Dactolisib	PI3K (class 1), MTORC1, MTORC2	PI3K/MTOR signaling	GDSC1	AUC	43	-0.17683479311386288	0.2566345852000308	higher_expression_more_sensitive	0.9227749145359531
VEZF1	all_breast_lines	1635	Picolinici-acid	Inflammatory related	Other	GDSC2	LN_IC50	39	0.18603238866396762	0.2568341005061706	higher_expression_more_resistant	0.5545281715474139
VEZF1	all_breast_lines	1033	Vismodegib	SMO	Other	GDSC1	AUC	43	-0.17638175777710663	0.2578747087426403	higher_expression_more_sensitive	0.9227749145359531
VEZF1	all_breast_lines	326	GSK690693	AKT1, AKT2, AKT3	PI3K/MTOR signaling	GDSC1	LN_IC50	44	0.17406624383368566	0.25846021391998625	higher_expression_more_resistant	0.8497445511628678
VEZF1	all_breast_lines	193	GW-2580	CSF1R	RTK signaling	GDSC1	LN_IC50	44	0.173784355179704	0.25924410035477324	higher_expression_more_resistant	0.8497445511628678
VEZF1	all_breast_lines	1038	NU7441	DNAPK	Genome integrity	GDSC1	AUC	43	-0.17577771066143158	0.25953442189801657	higher_expression_more_sensitive	0.9227749145359531
VEZF1	all_breast_lines	1939	UMI-77	MCL1	Apoptosis regulation	GDSC2	AUC	41	0.1801393728222997	0.2597282506846	higher_expression_more_resistant	0.9181124278199655
VEZF1	all_breast_lines	552	BAM7	Bax activator	Other	GDSC1	LN_IC50	44	0.17279774489076816	0.2620001915050162	higher_expression_more_resistant	0.8508997045208783
VEZF1	all_breast_lines	1029	Motesanib	VEGFR, RET, KIT, PDGFR	RTK signaling	GDSC2	LN_IC50	45	0.17035573122529643	0.26321475647402703	higher_expression_more_resistant	0.5626317151794679
VEZF1	all_breast_lines	1042	Doramapimod	p38, JNK2	JNK and p38 signaling	GDSC2	AUC	44	-0.1719520789288231	0.26437802844435215	higher_expression_more_sensitive	0.9181124278199655
VEZF1	all_breast_lines	1804	Acetalax		Unclassified	GDSC2	LN_IC50	37	0.18824087245139873	0.26453561345280246	higher_expression_more_resistant	0.5626317151794679
VEZF1	all_breast_lines	1072	Avagacestat	Amyloid beta20, Amyloid beta40	Other	GDSC1	AUC	43	0.17381455753548775	0.26497759477398675	higher_expression_more_resistant	0.9227749145359531
VEZF1	all_breast_lines	552	BAM7	Bax activator	Other	GDSC1	AUC	44	0.17096546863988724	0.2671702395982613	higher_expression_more_resistant	0.9227749145359531
VEZF1	all_breast_lines	298	OSI-930	KIT, VEGFR2	RTK signaling	GDSC1	AUC	44	0.17026074700493304	0.2691765980419165	higher_expression_more_resistant	0.9227749145359531
VEZF1	all_breast_lines	1180	Dinaciclib	CDK1, CDK2, CDK5, CDK9	Cell cycle	GDSC2	AUC	40	0.17879924953095686	0.26963996767664633	higher_expression_more_resistant	0.9181124278199655
VEZF1	all_breast_lines	2172	JQ1	BRD2, BRD3, BRD4, BRDT	Chromatin other	GDSC2	AUC	45	-0.1678524374176548	0.27039861914847263	higher_expression_more_sensitive	0.9181124278199655
VEZF1	all_breast_lines	1862	MG-132	Proteasome, CAPN1	Protein stability and degradation	GDSC2	LN_IC50	46	0.16571076164045637	0.2710684836718303	higher_expression_more_resistant	0.5689868782386174
VEZF1	all_breast_lines	288	WHI-P97	JAK3	Other, kinases	GDSC1	AUC	45	0.1673254281949934	0.2719273745635391	higher_expression_more_resistant	0.9227749145359531
VEZF1	all_breast_lines	1093	GSK1904529A	IGF1R, IR	IGF1R signaling	GDSC2	LN_IC50	45	0.16719367588932801	0.272310453479447	higher_expression_more_resistant	0.5689868782386174
VEZF1	all_breast_lines	1716	IRAK4_4710	IRAK4	Other, kinases	GDSC2	AUC	37	-0.18515884305357985	0.27257964134626184	higher_expression_more_sensitive	0.9181124278199655
VEZF1	all_breast_lines	1373	Dabrafenib	BRAF	ERK MAPK signaling	GDSC2	AUC	45	0.1670619235836627	0.27269388848962456	higher_expression_more_resistant	0.9181124278199655
VEZF1	all_breast_lines	478	LDN-193189	BMP	Other	GDSC1	LN_IC50	44	-0.16885130373502466	0.2732191446063754	higher_expression_more_sensitive	0.8728654908163894
VEZF1	all_breast_lines	1617	AZD5582	XIAP, cIAP	Apoptosis regulation	GDSC2	LN_IC50	39	0.1797570850202429	0.27351299059189677	higher_expression_more_resistant	0.5689868782386174
VEZF1	all_breast_lines	576	RU-SKI 43	Shh	Other	GDSC1	LN_IC50	44	0.16856941508104298	0.27403242950484347	higher_expression_more_resistant	0.8728654908163894
VEZF1	all_breast_lines	207	AS601245	JNK1, JNK2, JNK2	JNK and p38 signaling	GDSC1	LN_IC50	45	-0.16587615283267454	0.276160833252643	higher_expression_more_sensitive	0.8728654908163894
VEZF1	all_breast_lines	1502	Bicalutamide	AR	Hormone-related	GDSC1	AUC	41	0.1738675958188154	0.2769601921569785	higher_expression_more_resistant	0.9227749145359531
VEZF1	all_breast_lines	1815	Dacarbazine	CP11A	Other	GDSC2	AUC	37	-0.18349928876244664	0.2769766336204678	higher_expression_more_sensitive	0.9181124278199655
VEZF1	all_breast_lines	1804	Acetalax		Unclassified	GDSC2	AUC	37	0.18349928876244664	0.2769766336204678	higher_expression_more_resistant	0.9181124278199655
VEZF1	all_breast_lines	2149	CT7033-2	KDM4A, KDM4C, KDM4E, KDM3A, KDM6B	Chromatin histone methylation	GDSC2	LN_IC50	40	0.175797373358349	0.27789442954927873	higher_expression_more_resistant	0.5721355306864777
VEZF1	all_breast_lines	2043	BIBR-1532	TERT	Genome integrity	GDSC2	AUC	44	-0.1671599718111346	0.27812274850210095	higher_expression_more_sensitive	0.9181124278199655
VEZF1	all_breast_lines	1062	Selumetinib	MEK1, MEK2	ERK MAPK signaling	GDSC2	AUC	45	0.16455862977602106	0.28004685375211663	higher_expression_more_resistant	0.9181124278199655
VEZF1	all_breast_lines	1003	Camptothecin	TOP1	DNA replication	GDSC2	LN_IC50	45	0.16455862977602106	0.28004685375211663	higher_expression_more_resistant	0.5721355306864777
VEZF1	all_breast_lines	1819	Docetaxel	Microtubule stabiliser	Mitosis	GDSC2	LN_IC50	35	0.18739495798319328	0.28104903261791886	higher_expression_more_resistant	0.5721355306864777
VEZF1	all_breast_lines	1067	CCT007093	PPM1D	Cell cycle	GDSC1	AUC	43	0.1679250981576563	0.2817588099558164	higher_expression_more_resistant	0.9227749145359531
VEZF1	all_breast_lines	274	Belinostat	HDAC1	Chromatin histone acetylation	GDSC1	AUC	44	-0.16575052854122618	0.28225291575804284	higher_expression_more_sensitive	0.9227749145359531
VEZF1	all_breast_lines	1057	Dactolisib	PI3K (class 1), MTORC1, MTORC2	PI3K/MTOR signaling	GDSC1	LN_IC50	43	-0.16686801570522497	0.28484268618334463	higher_expression_more_sensitive	0.8923390345920708
VEZF1	all_breast_lines	1096	Tozasertib	AURKA, AURKB, AURKC, others	Mitosis	GDSC2	LN_IC50	43	0.1665659921473875	0.2857278157683062	higher_expression_more_resistant	0.5750282403177465
VEZF1	all_breast_lines	1401	AZD5438	CDK2	Cell cycle	GDSC1	AUC	44	0.16420014094432697	0.28684215767691007	higher_expression_more_resistant	0.9227749145359531
VEZF1	all_breast_lines	1199	Tamoxifen	ESR1	Hormone-related	GDSC2	LN_IC50	45	0.1621870882740448	0.28713158786469206	higher_expression_more_resistant	0.5750282403177465
VEZF1	all_breast_lines	226	GSK1070916	AURKA, AURKC	Mitosis	GDSC1	AUC	43	0.16565992147387495	0.28839393293132526	higher_expression_more_resistant	0.9227749145359531
VEZF1	all_breast_lines	1926	GNE-317	PI3Kalpha	PI3K/MTOR signaling	GDSC2	LN_IC50	44	0.16363636363636364	0.28852294163311487	higher_expression_more_resistant	0.5750282403177465
VEZF1	all_breast_lines	1069	EHT-1864	RAC1, RAC2, RAC3	Cytoskeleton	GDSC2	AUC	44	0.16363636363636364	0.28852294163311487	higher_expression_more_resistant	0.9181124278199655
VEZF1	all_breast_lines	1370	BAY-MPS-combo 2 (paclitaxel 1 uM)	TTK and microtubules	Unclassified	GDSC1	LN_IC50	36	0.1812097812097812	0.2902036593643636	higher_expression_more_resistant	0.9011587317103923
VEZF1	all_breast_lines	1005	Cisplatin	DNA crosslinker	DNA replication	GDSC1	AUC	43	0.16430081546360617	0.2924232895629857	higher_expression_more_resistant	0.9227749145359531
VEZF1	all_breast_lines	1114	Cetuximab	EGFR	EGFR signaling	GDSC1	AUC	41	0.16777003484320563	0.2944152041853303	higher_expression_more_resistant	0.9227749145359531
VEZF1	all_breast_lines	1034	Staurosporine	Broad spectrum kinase inhibitor	RTK signaling	GDSC2	AUC	46	0.15744680851063828	0.29602133987436613	higher_expression_more_resistant	0.9181124278199655
VEZF1	all_breast_lines	176	IPA-3	PAK1	Cytoskeleton	GDSC1	LN_IC50	44	-0.16081747709654684	0.2970226544654983	higher_expression_more_sensitive	0.9103640530221129
VEZF1	all_breast_lines	1025	SB216763	GSK3A, GSK3B	WNT signaling	GDSC1	AUC	40	-0.16904315196998126	0.297064712234205	higher_expression_more_sensitive	0.9227749145359531
VEZF1	all_breast_lines	301	PHA-793887	CDK2, CDK7, CDK5	Cell cycle	GDSC1	LN_IC50	44	0.16039464411557433	0.29831138460611606	higher_expression_more_resistant	0.9103640530221129
VEZF1	all_breast_lines	1023	GW441756	NTRK1	RTK signaling	GDSC1	AUC	43	0.1621866505587436	0.29876318467119034	higher_expression_more_resistant	0.9227749145359531
VEZF1	all_breast_lines	1070	CRT0105950	JNK1, JNK2, JNK3	JNK and p38 signaling	GDSC1	AUC	43	0.1621866505587436	0.29876318467119034	higher_expression_more_resistant	0.9227749145359531
VEZF1	all_breast_lines	1819	Docetaxel	Microtubule stabiliser	Mitosis	GDSC2	AUC	35	0.18067226890756302	0.29897627701097196	higher_expression_more_resistant	0.9181124278199655
VEZF1	all_breast_lines	1004	Vinblastine	Microtubule destabiliser	Mitosis	GDSC1	AUC	43	0.16128057988523106	0.30150712094356225	higher_expression_more_resistant	0.9227749145359531
VEZF1	all_breast_lines	2145	PBD-288		Unclassified	GDSC2	LN_IC50	40	0.16735459662288932	0.3019867329714758	higher_expression_more_resistant	0.5949088805450184
VEZF1	all_breast_lines	159	HG6-64-1	BRAF	ERK MAPK signaling	GDSC1	AUC	44	-0.1584214235377026	0.30437297074521985	higher_expression_more_sensitive	0.9227749145359531
VEZF1	all_breast_lines	2362	THR-103	Mutant RAS	PI3K/MTOR signaling	GDSC2	LN_IC50	41	0.1637630662020906	0.3062630543483886	higher_expression_more_resistant	0.5949088805450184
VEZF1	all_breast_lines	2361	THR-102	Mutant RAS	PI3K/MTOR signaling	GDSC2	AUC	41	-0.16324041811846693	0.3078304965737832	higher_expression_more_sensitive	0.9181124278199655
VEZF1	all_breast_lines	1034	Staurosporine	Broad spectrum kinase inhibitor	RTK signaling	GDSC2	LN_IC50	46	0.15312981806968853	0.30962815513652436	higher_expression_more_resistant	0.5949088805450184
VEZF1	all_breast_lines	1581	Bromosporine	CECR2, BRD2, BRD4, BRD9	Chromatin other	GDSC2	AUC	37	0.17164532954006637	0.30972157580440696	higher_expression_more_resistant	0.9181124278199655
VEZF1	all_breast_lines	1559	Luminespib	HSP90	Protein stability and degradation	GDSC2	LN_IC50	45	0.15454545454545454	0.3107473044993491	higher_expression_more_resistant	0.5949088805450184
VEZF1	all_breast_lines	2057	Remodelin		Unclassified	GDSC2	LN_IC50	22	-0.22642574816487862	0.310928205188468	higher_expression_more_sensitive	0.5949088805450184
VEZF1	all_breast_lines	1006	Cytarabine	Antimetabolite	Other	GDSC2	LN_IC50	41	0.16202090592334498	0.3115076616038295	higher_expression_more_resistant	0.5949088805450184
VEZF1	all_breast_lines	1017	Olaparib	PARP1, PARP2	Genome integrity	GDSC1	LN_IC50	43	-0.15795832074901844	0.3117059728426687	higher_expression_more_sensitive	0.9213166996227466
VEZF1	all_breast_lines	265	Tubastatin A	HDAC1, HDAC6, HDAC8	Chromatin histone acetylation	GDSC1	LN_IC50	45	-0.15415019762845847	0.31200149189622856	higher_expression_more_sensitive	0.9213166996227466
VEZF1	all_breast_lines	1426	AZD7969	GSK3B	WNT signaling	GDSC1	LN_IC50	43	0.15780730897009967	0.3121746989414539	higher_expression_more_resistant	0.9213166996227466
VEZF1	all_breast_lines	1613	VE-822	ATR	Genome integrity	GDSC2	LN_IC50	40	0.16360225140712947	0.31310993712895707	higher_expression_more_resistant	0.5949088805450184
VEZF1	all_breast_lines	332	XMD15-27	CAMK2	Other, kinases	GDSC1	AUC	44	0.15560253699788584	0.3131681034605387	higher_expression_more_resistant	0.9227749145359531
VEZF1	all_breast_lines	415	CPI-613	Metabo, Mitochondria	Other	GDSC1	LN_IC50	44	0.15560253699788584	0.3131681034605387	higher_expression_more_resistant	0.9213166996227466
VEZF1	all_breast_lines	1129	PF-4708671	S6K1	PI3K/MTOR signaling	GDSC2	AUC	43	0.15720326185442465	0.31405407281879116	higher_expression_more_resistant	0.9181124278199655
VEZF1	all_breast_lines	1060	PD0325901	MEK1, MEK2	ERK MAPK signaling	GDSC1	AUC	43	0.15614617940199335	0.3173601805445494	higher_expression_more_resistant	0.9227749145359531
VEZF1	all_breast_lines	2109	AZ6102	TNKS1, TNKS2	WNT signaling	GDSC2	LN_IC50	45	0.1523056653491436	0.31789684764906845	higher_expression_more_resistant	0.6000039839734074
VEZF1	all_breast_lines	435	C-75	FAS	Apoptosis regulation	GDSC1	LN_IC50	44	0.1540521494009866	0.31807345301455925	higher_expression_more_resistant	0.9213166996227466
VEZF1	all_breast_lines	1254	GSK-J4	KDM6B	Chromatin histone methylation	GDSC1	AUC	43	0.1556931440652371	0.3187837844318152	higher_expression_more_resistant	0.9227749145359531
VEZF1	all_breast_lines	435	C-75	FAS	Apoptosis regulation	GDSC1	AUC	44	0.15377026074700492	0.3189705184823844	higher_expression_more_resistant	0.9227749145359531
VEZF1	all_breast_lines	229	Enzastaurin	PKCB	Other, kinases	GDSC1	AUC	44	0.15348837209302324	0.3198691784043105	higher_expression_more_resistant	0.9227749145359531
VEZF1	all_breast_lines	1199	Tamoxifen	ESR1	Hormone-related	GDSC2	AUC	45	0.15164690382081686	0.3200192818883283	higher_expression_more_resistant	0.9181124278199655
VEZF1	all_breast_lines	474	ARRY-520	KIF11	Mitosis	GDSC1	AUC	43	0.15524010872848082	0.32021140737957904	higher_expression_more_resistant	0.9227749145359531
VEZF1	all_breast_lines	380	BIBF-1120	VEGFR, PDGFR, FGFR	RTK signaling	GDSC1	AUC	44	-0.15264270613107822	0.32257472245952357	higher_expression_more_sensitive	0.9227749145359531
VEZF1	all_breast_lines	1067	CCT007093	PPM1D	Cell cycle	GDSC2	AUC	43	0.1543340380549683	0.3230787064754886	higher_expression_more_resistant	0.9181124278199655
VEZF1	all_breast_lines	1915	AZD3759	EGFR	EGFR signaling	GDSC2	AUC	45	-0.15059288537549406	0.32343372159498174	higher_expression_more_sensitive	0.9181124278199655
VEZF1	all_breast_lines	1014	Refametinib	MEK1, MEK2	ERK MAPK signaling	GDSC1	LN_IC50	43	0.15372999093929327	0.3249991640219009	higher_expression_more_resistant	0.9213166996227466
VEZF1	all_breast_lines	252	WZ3105	SRC, ROCK2, NTRK2, FLT3, IRAK1, others	Other	GDSC1	LN_IC50	44	0.15165609584214232	0.32574931526161177	higher_expression_more_resistant	0.9213166996227466
VEZF1	all_breast_lines	1020	Lenalidomide	CRBN	Protein stability and degradation	GDSC2	AUC	45	-0.14980237154150194	0.32600952261112526	higher_expression_more_sensitive	0.9181124278199655
VEZF1	all_breast_lines	1827	Dihydrorotenone		Unclassified	GDSC2	AUC	37	-0.16548127074442864	0.3276763786465261	higher_expression_more_sensitive	0.9181124278199655
VEZF1	all_breast_lines	1168	Erlotinib	EGFR	EGFR signaling	GDSC2	LN_IC50	45	0.14901185770750988	0.3285981486854453	higher_expression_more_resistant	0.6123843619552923
VEZF1	all_breast_lines	1713	ERK_2440	ERK1,ERK2	ERK MAPK signaling	GDSC2	AUC	37	0.1647700331910858	0.3297888269149394	higher_expression_more_resistant	0.9181124278199655
VEZF1	all_breast_lines	1199	Tamoxifen	ESR1	Hormone-related	GDSC1	AUC	43	-0.1522198731501057	0.32983152377883385	higher_expression_more_sensitive	0.9227749145359531
VEZF1	all_breast_lines	1561	Taselisib	PI3K (beta sparing)	PI3K/MTOR signaling	GDSC2	AUC	45	0.1482213438735178	0.3311995923862129	higher_expression_more_resistant	0.9181124278199655
VEZF1	all_breast_lines	1862	MG-132	Proteasome, CAPN1	Protein stability and degradation	GDSC2	AUC	46	0.1463459759481961	0.3318028094565625	higher_expression_more_resistant	0.9181124278199655
VEZF1	all_breast_lines	1630	Entospletinib	SYK	Other, kinases	GDSC2	LN_IC50	40	0.15741088180112572	0.33202150053121665	higher_expression_more_resistant	0.6123843619552923
VEZF1	all_breast_lines	1624	I-BET-762	BRD2, BRD3, BRD4	Chromatin other	GDSC2	LN_IC50	40	0.15722326454033772	0.3326054103350669	higher_expression_more_resistant	0.6123843619552923
VEZF1	all_breast_lines	415	CPI-613	Metabo, Mitochondria	Other	GDSC1	AUC	44	0.14954193093727977	0.3326176823830368	higher_expression_more_resistant	0.9227749145359531
VEZF1	all_breast_lines	2055	Mycophenolic acid		Unclassified	GDSC2	LN_IC50	41	0.1550522648083624	0.33305114422129933	higher_expression_more_resistant	0.6123843619552923
VEZF1	all_breast_lines	1413	EphB4_9721	EPHB4	RTK signaling	GDSC1	LN_IC50	44	0.14911909795630726	0.3340020917737424	higher_expression_more_resistant	0.9213166996227466
VEZF1	all_breast_lines	1429	IAP_7638	IAP	Other	GDSC1	AUC	44	0.14911909795630726	0.3340020917737424	higher_expression_more_resistant	0.9227749145359531
VEZF1	all_breast_lines	1372	Trametinib	MEK1, MEK2	ERK MAPK signaling	GDSC2	AUC	45	0.14703557312252963	0.3351257730314364	higher_expression_more_resistant	0.9181124278199655
VEZF1	all_breast_lines	1706	AZD5153	BRD4	Chromatin other	GDSC2	LN_IC50	37	0.16263632053105734	0.3361766360582714	higher_expression_more_resistant	0.6131298010762065
VEZF1	all_breast_lines	1029	Motesanib	VEGFR, RET, KIT, PDGFR	RTK signaling	GDSC2	AUC	45	-0.14664031620553358	0.3364408994878842	higher_expression_more_sensitive	0.9181124278199655
VEZF1	all_breast_lines	1369	BAY-MPS-combo-1 (paclitaxel 5 uM)	TTK and microtubules	Mitosis	GDSC1	LN_IC50	36	0.16473616473616473	0.3369972944755691	higher_expression_more_resistant	0.9213166996227466
VEZF1	all_breast_lines	1360	993-D2	MKNK1, MKNK2	Other, kinases	GDSC1	LN_IC50	40	0.15572232645403378	0.3372995802754207	higher_expression_more_resistant	0.9213166996227466
VEZF1	all_breast_lines	1511	Epirubicin	Anthracycline	DNA replication	GDSC2	LN_IC50	45	0.1462450592885375	0.3377592237507524	higher_expression_more_resistant	0.6131298010762065
VEZF1	all_breast_lines	285	SU11274	MET	RTK signaling	GDSC1	LN_IC50	44	0.1478505990133897	0.3381767680689729	higher_expression_more_resistant	0.9213166996227466
VEZF1	all_breast_lines	229	Enzastaurin	PKCB	Other, kinases	GDSC1	LN_IC50	44	0.14770965468639885	0.3386426057650647	higher_expression_more_resistant	0.9213166996227466
VEZF1	all_breast_lines	1564	SCH772984	ERK1, ERK2	ERK MAPK signaling	GDSC2	AUC	45	0.1458498023715415	0.3390807445662031	higher_expression_more_resistant	0.9181124278199655
VEZF1	all_breast_lines	1363	BAY AKT1	AKT1, AKT2, AKT3	Apoptosis regulation	GDSC1	AUC	40	0.15459662288930584	0.3408468905655702	higher_expression_more_resistant	0.9227749145359531
VEZF1	all_breast_lines	1386	Doxorubicin	Anthracycline	DNA replication	GDSC1	LN_IC50	44	0.14700493305144466	0.3409777443166365	higher_expression_more_resistant	0.9213166996227466
VEZF1	all_breast_lines	1250	AZ960	JAK2, JAK3	Other, kinases	GDSC2	LN_IC50	40	0.15440900562851784	0.3414403304027978	higher_expression_more_resistant	0.615889203574667
VEZF1	all_breast_lines	225	Genentech Cpd 10	AURKA, AURKB	Mitosis	GDSC1	AUC	45	0.1450592885375494	0.3417333706213768	higher_expression_more_resistant	0.9227749145359531
VEZF1	all_breast_lines	1052	RO-3306	CDK1	Cell cycle	GDSC2	AUC	44	0.14658210007047215	0.3423835853544732	higher_expression_more_resistant	0.9181124278199655
VEZF1	all_breast_lines	1043	JNK Inhibitor VIII	JNK	JNK and p38 signaling	GDSC1	AUC	43	0.14829356689821804	0.3426040195642578	higher_expression_more_resistant	0.9227749145359531
VEZF1	all_breast_lines	194	Luminespib	HSP90	Protein stability and degradation	GDSC1	AUC	44	-0.1464411557434813	0.34285299164978944	higher_expression_more_sensitive	0.9227749145359531
VEZF1	all_breast_lines	1133	Serdemetan	MDM2	p53 pathway	GDSC2	AUC	45	0.14466403162055336	0.3430644731351016	higher_expression_more_resistant	0.9181124278199655
VEZF1	all_breast_lines	1820	123829		Unclassified	GDSC2	AUC	37	0.16026552868658128	0.34336283918932514	higher_expression_more_resistant	0.9181124278199655
VEZF1	all_breast_lines	197	Bryostatin 1	PKC	Other	GDSC1	AUC	45	-0.144532279314888	0.34350888317826	higher_expression_more_sensitive	0.9227749145359531
VEZF1	all_breast_lines	1498	Selumetinib	MEK1, MEK2	ERK MAPK signaling	GDSC1	LN_IC50	42	0.14982578397212545	0.34361871297655283	higher_expression_more_resistant	0.9213166996227466
VEZF1	all_breast_lines	1463	AZD1332	NTRK1, NTRK2, NTRK3	RTK signaling	GDSC2	AUC	37	-0.1597913703176861	0.3448112570842995	higher_expression_more_sensitive	0.9181124278199655
VEZF1	all_breast_lines	231	FMK	RSK	Other, kinases	GDSC1	LN_IC50	45	-0.1434782608695652	0.34707692134489704	higher_expression_more_sensitive	0.9213166996227466
VEZF1	all_breast_lines	1047	Nutlin-3a (-)	MDM2	p53 pathway	GDSC2	AUC	46	-0.1417823003391921	0.3472637116968296	higher_expression_more_sensitive	0.9181124278199655
VEZF1	all_breast_lines	1191	Bortezomib	Proteasome	Protein stability and degradation	GDSC2	AUC	45	0.14321475625823452	0.34797247265146886	higher_expression_more_resistant	0.9181124278199655
VEZF1	all_breast_lines	2044	Pyridostatin	G-quadruplex stabiliser	DNA replication	GDSC2	AUC	44	-0.14474982381959126	0.3485167521978868	higher_expression_more_sensitive	0.9181124278199655
VEZF1	all_breast_lines	194	Luminespib	HSP90	Protein stability and degradation	GDSC1	LN_IC50	44	-0.14460887949260043	0.3489913039363368	higher_expression_more_sensitive	0.9213166996227466
VEZF1	all_breast_lines	256	JW-7-24-1	LCK	Other, kinases	GDSC1	AUC	44	0.14404510218463706	0.3508934633237107	higher_expression_more_resistant	0.9227749145359531
VEZF1	all_breast_lines	1218	JQ1	BRD2, BRD3, BRD4, BRDT	Chromatin other	GDSC1	AUC	42	-0.14755692407422413	0.3510588431812672	higher_expression_more_sensitive	0.9227749145359531
VEZF1	all_breast_lines	186	Bexarotene	Retinioic X receptor (RXR) agonist	Other	GDSC1	AUC	44	-0.14376321353065538	0.35184691343993907	higher_expression_more_sensitive	0.9227749145359531
VEZF1	all_breast_lines	1061	SB590885	BRAF	ERK MAPK signaling	GDSC2	LN_IC50	44	0.14376321353065538	0.35184691343993907	higher_expression_more_resistant	0.6255404717026319
VEZF1	all_breast_lines	136	Mitomycin-C	DNA crosslinker	DNA replication	GDSC1	LN_IC50	45	0.141897233201581	0.352471456002655	higher_expression_more_resistant	0.9213166996227466
VEZF1	all_breast_lines	1386	Doxorubicin	Anthracycline	DNA replication	GDSC1	AUC	44	0.14334038054968287	0.35328004993656914	higher_expression_more_resistant	0.9227749145359531
VEZF1	all_breast_lines	1375	Temozolomide	DNA alkylating agent	DNA replication	GDSC2	LN_IC50	45	0.14163372859025034	0.35337549454078504	higher_expression_more_resistant	0.6255404717026319
VEZF1	all_breast_lines	1558	Lapatinib	EGFR, ERBB2	EGFR signaling	GDSC2	LN_IC50	45	0.14163372859025034	0.35337549454078504	higher_expression_more_resistant	0.6255404717026319
VEZF1	all_breast_lines	576	RU-SKI 43	Shh	Other	GDSC1	AUC	44	0.14305849189570122	0.3542374475761024	higher_expression_more_resistant	0.9227749145359531
VEZF1	all_breast_lines	1367	BAY-HDAC11_4	HDAC11	Chromatin histone acetylation	GDSC1	AUC	40	-0.150281425891182	0.354656251854799	higher_expression_more_sensitive	0.9227749145359531
VEZF1	all_breast_lines	256	JW-7-24-1	LCK	Other, kinases	GDSC1	LN_IC50	44	0.14291754756871033	0.35471673815123045	higher_expression_more_resistant	0.9213166996227466
VEZF1	all_breast_lines	276	CAY10603	HDAC1, HDAC6	Chromatin histone acetylation	GDSC1	LN_IC50	45	-0.1411067193675889	0.35518780933250094	higher_expression_more_sensitive	0.9213166996227466
VEZF1	all_breast_lines	330	XMD13-2	MRCKB	Cytoskeleton	GDSC1	AUC	44	0.14221282593375617	0.35711910534301006	higher_expression_more_resistant	0.9227749145359531
VEZF1	all_breast_lines	1617	AZD5582	XIAP, cIAP	Apoptosis regulation	GDSC2	AUC	39	0.151417004048583	0.35749221596920416	higher_expression_more_resistant	0.9181124278199655
VEZF1	all_breast_lines	1019	Bosutinib	SRC, ABL, TEC	Other, kinases	GDSC1	LN_IC50	43	0.14361220175173664	0.35822474169755536	higher_expression_more_resistant	0.9213166996227466
VEZF1	all_breast_lines	1449	AZD1208	PIM1, PIM2, PIM3	Other, kinases	GDSC2	LN_IC50	37	0.15504978662873398	0.3594997313810546	higher_expression_more_resistant	0.6311770092322595
VEZF1	all_breast_lines	1827	Dihydrorotenone		Unclassified	GDSC2	LN_IC50	37	-0.15457562825983878	0.36098895615739757	higher_expression_more_sensitive	0.6311770092322595
VEZF1	all_breast_lines	134	Etoposide	TOP2	DNA replication	GDSC1	AUC	44	-0.14094432699083861	0.36146818000452224	higher_expression_more_sensitive	0.9272444617507309
VEZF1	all_breast_lines	1779	GSK626616AC	DYRK1A	Other, kinases	GDSC2	AUC	37	-0.15433854907539118	0.3617349542301462	higher_expression_more_sensitive	0.9181124278199655
VEZF1	all_breast_lines	1067	CCT007093	PPM1D	Cell cycle	GDSC1	LN_IC50	43	0.14255511929930534	0.36181076735439627	higher_expression_more_resistant	0.9213166996227466
VEZF1	all_breast_lines	1926	GNE-317	PI3Kalpha	PI3K/MTOR signaling	GDSC2	AUC	44	0.14023960535588442	0.36389809864631395	higher_expression_more_resistant	0.9181124278199655
VEZF1	all_breast_lines	1428	IAP_5620	IAP	Other	GDSC2	LN_IC50	36	0.15572715572715573	0.3644396195705676	higher_expression_more_resistant	0.6333249486439742
VEZF1	all_breast_lines	1024	Lestaurtinib	FLT3, JAK2, NTRK1, NTRK2, NTRK3	Other, kinases	GDSC2	AUC	45	0.13833992094861658	0.36479499675911103	higher_expression_more_resistant	0.9181124278199655
VEZF1	all_breast_lines	225	Genentech Cpd 10	AURKA, AURKB	Mitosis	GDSC1	LN_IC50	45	0.13820816864295124	0.3652563524869593	higher_expression_more_resistant	0.9213166996227466
VEZF1	all_breast_lines	1011	Navitoclax	BCL2, BCL-XL, BCL-W	Apoptosis regulation	GDSC1	LN_IC50	43	0.14149803684687404	0.3654183698681669	higher_expression_more_resistant	0.9213166996227466
VEZF1	all_breast_lines	136	Mitomycin-C	DNA crosslinker	DNA replication	GDSC1	AUC	45	0.13794466403162056	0.3661801177005606	higher_expression_more_resistant	0.9325738249352407
VEZF1	all_breast_lines	1576	IWP-2	PORCN	WNT signaling	GDSC2	AUC	40	0.14671669793621014	0.36631584417845264	higher_expression_more_resistant	0.9181124278199655
VEZF1	all_breast_lines	1363	BAY AKT1	AKT1, AKT2, AKT3	Apoptosis regulation	GDSC1	LN_IC50	40	0.14634146341463417	0.3675563711082522	higher_expression_more_resistant	0.9213166996227466
VEZF1	all_breast_lines	1718	JAK1_8709	JAK1	Other, kinases	GDSC2	AUC	37	0.15244191559981032	0.3677361491455579	higher_expression_more_resistant	0.9181124278199655
VEZF1	all_breast_lines	380	BIBF-1120	VEGFR, PDGFR, FGFR	RTK signaling	GDSC1	LN_IC50	44	-0.1391120507399577	0.36780638584363734	higher_expression_more_sensitive	0.9213166996227466
VEZF1	all_breast_lines	1997	WEHI-539	BCL-XL	Apoptosis regulation	GDSC2	LN_IC50	44	0.13868921775898518	0.36927846366407535	higher_expression_more_resistant	0.6378446190561301
VEZF1	all_breast_lines	1268	XAV939	TNKS1, TNKS2	WNT signaling	GDSC1	LN_IC50	43	0.140289942615524	0.36956771566788144	higher_expression_more_resistant	0.9213166996227466
VEZF1	all_breast_lines	1192	GSK269962A	ROCK1, ROCK2	Cytoskeleton	GDSC2	AUC	43	0.13968589549984897	0.37165291933609873	higher_expression_more_resistant	0.9181124278199655
VEZF1	all_breast_lines	1370	BAY-MPS-combo 2 (paclitaxel 1 uM)	TTK and microtubules	Unclassified	GDSC1	AUC	36	0.15341055341055343	0.3717058066217836	higher_expression_more_resistant	0.9333352591753549
VEZF1	all_breast_lines	206	Ruxolitinib	JAK1, JAK2	Other, kinases	GDSC1	AUC	45	-0.13636363636363635	0.37175217950204814	higher_expression_more_sensitive	0.9333352591753549
VEZF1	all_breast_lines	185	Linsitinib	IGF1R	IGF1R signaling	GDSC1	LN_IC50	45	-0.1357048748353096	0.3740887596143386	higher_expression_more_sensitive	0.9260658804438872
VEZF1	all_breast_lines	1510	Linsitinib	IGF1R	IGF1R signaling	GDSC2	LN_IC50	45	0.13557312252964424	0.37455712494593707	higher_expression_more_resistant	0.6430649434312775
VEZF1	all_breast_lines	2145	PBD-288		Unclassified	GDSC2	AUC	40	0.14371482176360226	0.37631020349679783	higher_expression_more_resistant	0.9181124278199655
VEZF1	all_breast_lines	1131	PRIMA-1MET	TP53 activation	p53 pathway	GDSC2	AUC	40	0.14371482176360226	0.37631020349679783	higher_expression_more_resistant	0.9181124278199655
VEZF1	all_breast_lines	1813	Fludarabine	Antimetabolite	DNA replication	GDSC2	AUC	37	-0.14935988620199145	0.37761364108573936	higher_expression_more_sensitive	0.9181124278199655
VEZF1	all_breast_lines	1021	Axitinib	PDGFR, KIT, VEGFR	RTK signaling	GDSC2	LN_IC50	46	0.13277829170521122	0.37903993305525785	higher_expression_more_resistant	0.6468645564116675
VEZF1	all_breast_lines	276	CAY10603	HDAC1, HDAC6	Chromatin histone acetylation	GDSC1	AUC	45	-0.13399209486166005	0.3802047477506065	higher_expression_more_sensitive	0.9478343711529204
VEZF1	all_breast_lines	1264	SGC0946	DOT1L	Chromatin histone methylation	GDSC1	LN_IC50	42	0.13750911595494694	0.38517393205672507	higher_expression_more_resistant	0.9324829944574758
VEZF1	all_breast_lines	1459	PARP_0108	PARP1, PARP2, PARP6	Genome integrity	GDSC1	AUC	44	0.13417899929527835	0.3851993801521166	higher_expression_more_resistant	0.9483225731471857
VEZF1	all_breast_lines	1253	N24798-49-A1	JMJ histone demethylase	Chromatin histone methylation	GDSC1	LN_IC50	43	0.13575958924796133	0.3853772404253507	higher_expression_more_resistant	0.9324829944574758
VEZF1	all_breast_lines	474	ARRY-520	KIF11	Mitosis	GDSC1	LN_IC50	43	0.1356085774690426	0.3859109818458084	higher_expression_more_resistant	0.9324829944574758
VEZF1	all_breast_lines	1032	Afatinib	EGFR, ERBB2	EGFR signaling	GDSC1	AUC	43	0.13545756569012385	0.3864451577075055	higher_expression_more_resistant	0.9483225731471857
VEZF1	all_breast_lines	1843	LMP744	TOP1	DNA replication	GDSC2	LN_IC50	37	0.14651493598862017	0.38686862621543916	higher_expression_more_resistant	0.6562949909011915
VEZF1	all_breast_lines	186	Bexarotene	Retinioic X receptor (RXR) agonist	Other	GDSC1	LN_IC50	44	-0.133615221987315	0.3872175146475959	higher_expression_more_sensitive	0.9324829944574758
VEZF1	all_breast_lines	1158	XMD11-85h	LRRK2, ERK5	Other, kinases	GDSC1	AUC	23	0.18873517786561267	0.3884372121648077	higher_expression_more_resistant	0.9483225731471857
VEZF1	all_breast_lines	1835	Elephantin		Unclassified	GDSC2	LN_IC50	37	0.14556661925082975	0.38998277602977555	higher_expression_more_resistant	0.6576632613519884
VEZF1	all_breast_lines	1061	SB590885	BRAF	ERK MAPK signaling	GDSC1	AUC	42	0.1354023174783243	0.392566298715026	higher_expression_more_resistant	0.9494685107663029
VEZF1	all_breast_lines	158	PF-562271	FAK, FAK2	Cytoskeleton	GDSC1	LN_IC50	42	0.1354023174783243	0.392566298715026	higher_expression_more_resistant	0.9325539697586993
VEZF1	all_breast_lines	1933	P22077	USP7, USP47	Protein stability and degradation	GDSC2	LN_IC50	45	0.1300395256916996	0.39454291645855816	higher_expression_more_resistant	0.6614395952393476
VEZF1	all_breast_lines	1382	AZD3514	AR	Hormone-related	GDSC1	LN_IC50	43	0.13273935366958622	0.3961344387004235	higher_expression_more_resistant	0.9325539697586993
VEZF1	all_breast_lines	1149	TW 37	BCL2, BCL-XL, MCL1	Apoptosis regulation	GDSC1	LN_IC50	42	0.13410582610809496	0.39715627246540497	higher_expression_more_resistant	0.9325539697586993
VEZF1	all_breast_lines	1559	Luminespib	HSP90	Protein stability and degradation	GDSC2	AUC	45	0.1292490118577075	0.3974479292516491	higher_expression_more_resistant	0.9181124278199655
VEZF1	all_breast_lines	1458	PARP_9495	PARP1, PARP2, PARP7	Genome integrity	GDSC1	AUC	43	0.1318332829960737	0.39939531056607297	higher_expression_more_resistant	0.9494685107663029
VEZF1	all_breast_lines	1241	CHIR-99021	GSK3A, GSK3B	WNT signaling	GDSC1	AUC	42	0.133133457580423	0.40061909235378607	higher_expression_more_resistant	0.9494685107663029
VEZF1	all_breast_lines	1806	Oxaliplatin	DNA alkylating agent	DNA replication	GDSC2	AUC	37	0.14201043148411568	0.40178995854277577	higher_expression_more_resistant	0.9181124278199655
VEZF1	all_breast_lines	1058	Pictilisib	PI3K (class 1)	PI3K/MTOR signaling	GDSC1	LN_IC50	43	-0.1310782241014799	0.40212454283069543	higher_expression_more_sensitive	0.9325539697586993
VEZF1	all_breast_lines	1058	Pictilisib	PI3K (class 1)	PI3K/MTOR signaling	GDSC1	AUC	43	-0.1310782241014799	0.40212454283069543	higher_expression_more_sensitive	0.9494685107663029
VEZF1	all_breast_lines	185	Linsitinib	IGF1R	IGF1R signaling	GDSC1	AUC	45	-0.127931488801054	0.40231716557894187	higher_expression_more_sensitive	0.9494685107663029
VEZF1	all_breast_lines	1061	SB590885	BRAF	ERK MAPK signaling	GDSC1	LN_IC50	42	0.132647273316587	0.4023570246209392	higher_expression_more_resistant	0.9325539697586993
VEZF1	all_breast_lines	1834	743380		Unclassified	GDSC2	LN_IC50	37	0.1417733522996681	0.402584325604431	higher_expression_more_resistant	0.6709738760073851
VEZF1	all_breast_lines	1048	Mirin	MRE11	Genome integrity	GDSC1	LN_IC50	41	-0.13414634146341464	0.40305298692960734	higher_expression_more_sensitive	0.9325539697586993
VEZF1	all_breast_lines	2011	ICL-SIRT078	SIR2	Other	GDSC2	LN_IC50	42	0.131674904788915	0.40584590576774976	higher_expression_more_resistant	0.672477227580283
VEZF1	all_breast_lines	1392	Bleomycin (10 uM)	dsDNA break induction	DNA replication	GDSC1	AUC	44	0.12797744890768145	0.40773850666044165	higher_expression_more_resistant	0.9556760838578224
VEZF1	all_breast_lines	1177	Niraparib	PARP1, PARP2	Genome integrity	GDSC2	AUC	40	-0.13433395872420265	0.40856751757116805	higher_expression_more_sensitive	0.9181124278199655
VEZF1	all_breast_lines	1453	RAF_9304	ARAF, BRAF, CRAF	ERK MAPK signaling	GDSC1	AUC	44	0.12727272727272726	0.4103467930688955	higher_expression_more_resistant	0.9556760838578224
VEZF1	all_breast_lines	1829	667880		Unclassified	GDSC2	LN_IC50	37	-0.139402560455192	0.41057738652805525	higher_expression_more_sensitive	0.6746274008576539
VEZF1	all_breast_lines	1811	Dactinomycin	RNA polymerase	Other	GDSC2	AUC	37	0.1391654812707444	0.4113816191755484	higher_expression_more_resistant	0.9181124278199655
VEZF1	all_breast_lines	262	VX-11e	ERK2	ERK MAPK signaling	GDSC1	LN_IC50	45	-0.12542819499341237	0.4116631883850749	higher_expression_more_sensitive	0.9358098456742255
VEZF1	all_breast_lines	1626	OTX015	BRD2, BRD3, BRD4	Chromatin other	GDSC2	LN_IC50	40	0.13339587242026268	0.4118777815762519	higher_expression_more_resistant	0.6746274008576539
VEZF1	all_breast_lines	1018	Veliparib	PARP1, PARP2	Genome integrity	GDSC2	AUC	45	-0.125296442687747	0.4121585006760456	higher_expression_more_sensitive	0.9181124278199655
VEZF1	all_breast_lines	1635	Picolinici-acid	Inflammatory related	Other	GDSC2	AUC	39	-0.1348178137651822	0.41319171657064385	higher_expression_more_sensitive	0.9181124278199655
VEZF1	all_breast_lines	1135	AZD4547	FGRF1, FGFR2, FGFR3	RTK signaling	GDSC1	AUC	42	0.12956810631229237	0.4134644920971443	higher_expression_more_resistant	0.9566433346561378
VEZF1	all_breast_lines	1436	MCT1_6447	MCT1	Cell cycle	GDSC1	LN_IC50	41	0.13118466898954706	0.4136103865522326	higher_expression_more_resistant	0.9358098456742255
VEZF1	all_breast_lines	159	HG6-64-1	BRAF	ERK MAPK signaling	GDSC1	LN_IC50	44	-0.12614517265680056	0.4145398635730833	higher_expression_more_sensitive	0.9358098456742255
VEZF1	all_breast_lines	1941	Sepantronium bromide	BIRC5	Apoptosis regulation	GDSC2	AUC	45	0.12345191040843213	0.419128584500641	higher_expression_more_resistant	0.9181124278199655
VEZF1	all_breast_lines	201	Epothilone B	Microtubule stabiliser	Mitosis	GDSC1	LN_IC50	45	0.12332015810276678	0.4196289928957166	higher_expression_more_resistant	0.9358098456742255
VEZF1	all_breast_lines	1369	BAY-MPS-combo-1 (paclitaxel 5 uM)	TTK and microtubules	Mitosis	GDSC1	AUC	36	0.13873873873873876	0.41968483203428003	higher_expression_more_resistant	0.9582230608622956
VEZF1	all_breast_lines	432	Flavopiridol	CDK	Cell cycle	GDSC1	AUC	44	0.12431289640591965	0.4214054183777001	higher_expression_more_resistant	0.9582230608622956
VEZF1	all_breast_lines	1017	Olaparib	PARP1, PARP2	Genome integrity	GDSC2	LN_IC50	45	0.1227931488801054	0.4216340111569235	higher_expression_more_resistant	0.6829499901134398
VEZF1	all_breast_lines	1629	ML323	USP1, UAF1	Protein stability and degradation	GDSC2	AUC	40	-0.13039399624765483	0.42257268103142365	higher_expression_more_sensitive	0.9181124278199655
VEZF1	all_breast_lines	1847	BEN		Unclassified	GDSC2	LN_IC50	37	0.13560929350403034	0.42355198056622834	higher_expression_more_resistant	0.6829499901134398
VEZF1	all_breast_lines	1549	Sapitinib	EGFR, ERBB2, ERBB3	EGFR signaling	GDSC2	LN_IC50	45	0.12213438735177864	0.4241478885967679	higher_expression_more_resistant	0.6829499901134398
VEZF1	all_breast_lines	1192	GSK269962A	ROCK1, ROCK2	Cytoskeleton	GDSC1	AUC	42	-0.12632687788671906	0.4253429904838552	higher_expression_more_sensitive	0.9582230608622956
VEZF1	all_breast_lines	1625	RVX-208	BRD4	Chromatin other	GDSC2	AUC	40	0.12945590994371484	0.4259465730563529	higher_expression_more_resistant	0.9181124278199655
VEZF1	all_breast_lines	2148	POMHEX		Unclassified	GDSC2	AUC	40	-0.12926829268292683	0.4266231571280429	higher_expression_more_sensitive	0.9181124278199655
VEZF1	all_breast_lines	1251	N22899-6-C1	Peptidyl arginine deaminase (PAD)	Unclassified	GDSC1	AUC	43	-0.12428269405013591	0.42716815278810966	higher_expression_more_sensitive	0.9582230608622956
VEZF1	all_breast_lines	269	NSC-207895	MDM4	p53 pathway	GDSC1	AUC	45	0.1212121212121212	0.42768147914192856	higher_expression_more_resistant	0.9582230608622956
VEZF1	all_breast_lines	1239	YK-4-279	RNA helicase A	Other	GDSC1	LN_IC50	38	0.13207134259765838	0.42928401247116715	higher_expression_more_resistant	0.9358098456742255
VEZF1	all_breast_lines	252	WZ3105	SRC, ROCK2, NTRK2, FLT3, IRAK1, others	Other	GDSC1	AUC	44	0.1219168428470754	0.4304797007896849	higher_expression_more_resistant	0.9584265036449587
VEZF1	all_breast_lines	2047	Ulixertinib	ERK1, ERK2	ERK MAPK signaling	GDSC2	LN_IC50	42	0.12470626367393242	0.43135335681028225	higher_expression_more_resistant	0.6874073252986717
VEZF1	all_breast_lines	1919	Osimertinib	EGFR	EGFR signaling	GDSC2	LN_IC50	45	0.1201581027667984	0.43174003939811306	higher_expression_more_resistant	0.6874073252986717
VEZF1	all_breast_lines	223	ZSTK474	PI3K (class 1)	PI3K/MTOR signaling	GDSC1	LN_IC50	45	0.11976284584980236	0.4332675312276443	higher_expression_more_resistant	0.9358098456742255
VEZF1	all_breast_lines	1511	Epirubicin	Anthracycline	DNA replication	GDSC2	AUC	45	0.11976284584980236	0.4332675312276443	higher_expression_more_resistant	0.9181124278199655
VEZF1	all_breast_lines	477	A-83-01	TGFB	Other	GDSC1	LN_IC50	44	0.12093023255813952	0.4342476914976186	higher_expression_more_resistant	0.9358098456742255
VEZF1	all_breast_lines	1378	Bleomycin (50 uM)	dsDNA break induction	DNA replication	GDSC1	LN_IC50	44	0.12093023255813952	0.4342476914976186	higher_expression_more_resistant	0.9358098456742255
VEZF1	all_breast_lines	2110	GSK591	PMRT5	Chromatin histone methylation	GDSC2	LN_IC50	45	0.1193675889328063	0.4347980337471012	higher_expression_more_resistant	0.6884302200995769
VEZF1	all_breast_lines	249	Cabozantinib	VEGFR, MET, RET, KIT, FLT1, FLT3, FLT4, TIE2,AXL	RTK signaling	GDSC1	LN_IC50	45	0.1193675889328063	0.4347980337471012	higher_expression_more_resistant	0.9358098456742255
VEZF1	all_breast_lines	1558	Lapatinib	EGFR, ERBB2	EGFR signaling	GDSC2	AUC	45	0.11897233201581027	0.4363315426363583	higher_expression_more_resistant	0.9181124278199655
VEZF1	all_breast_lines	1421	FGFR_0939	FGFR4	RTK signaling	GDSC1	LN_IC50	44	0.12022551092318534	0.43695031741016516	higher_expression_more_resistant	0.9358098456742255
VEZF1	all_breast_lines	1634	AGI-6780	IDH2 R140Q mutant	Metabolism	GDSC2	LN_IC50	39	0.12793522267206478	0.4376555044024163	higher_expression_more_resistant	0.6885561916743329
VEZF1	all_breast_lines	563	Kobe2602	RAS effector	RTK signaling	GDSC1	AUC	43	-0.12141347025067956	0.4379990504456697	higher_expression_more_sensitive	0.9690728991110442
VEZF1	all_breast_lines	1810	Mitoxantrone	TOP2	DNA replication	GDSC2	AUC	37	0.13134186818397342	0.4384187826342724	higher_expression_more_resistant	0.9181124278199655
VEZF1	all_breast_lines	134	Etoposide	TOP2	DNA replication	GDSC1	LN_IC50	44	-0.11966173361522198	0.4391191221944102	higher_expression_more_sensitive	0.9358098456742255
VEZF1	all_breast_lines	1785	LMB_AB3	PPP1R15B	Other	GDSC2	AUC	37	0.13110478899952582	0.4392530362867095	higher_expression_more_resistant	0.9181124278199655
VEZF1	all_breast_lines	1816	Fulvestrant	ESR	Hormone-related	GDSC2	AUC	37	-0.13110478899952582	0.4392530362867095	higher_expression_more_sensitive	0.9181124278199655
VEZF1	all_breast_lines	1378	Bleomycin (50 uM)	dsDNA break induction	DNA replication	GDSC2	LN_IC50	41	0.12404181184668991	0.43970956801659156	higher_expression_more_resistant	0.6885561916743329
VEZF1	all_breast_lines	1706	AZD5153	BRD4	Chromatin other	GDSC2	AUC	37	0.13086770981507823	0.44008816106395143	higher_expression_more_resistant	0.9181124278199655
VEZF1	all_breast_lines	304	SB52334	ALK5	RTK signaling	GDSC1	AUC	45	-0.11765480895915678	0.4414648952051991	higher_expression_more_sensitive	0.9706743658549098
VEZF1	all_breast_lines	1821	765771		Unclassified	GDSC2	AUC	37	-0.130393551446183	0.4417610210964201	higher_expression_more_sensitive	0.9181124278199655
VEZF1	all_breast_lines	1051	Alisertib	AURKA	Mitosis	GDSC2	AUC	43	0.12020537601932951	0.44260451050001626	higher_expression_more_resistant	0.9181124278199655
VEZF1	all_breast_lines	1377	Afatinib	EGFR, ERBB2	EGFR signaling	GDSC1	LN_IC50	43	0.12020537601932951	0.44260451050001626	higher_expression_more_resistant	0.9358098456742255
VEZF1	all_breast_lines	1129	PF-4708671	S6K1	PI3K/MTOR signaling	GDSC1	LN_IC50	42	0.12130297382708048	0.4441280196310877	higher_expression_more_resistant	0.9358098456742255
VEZF1	all_breast_lines	1262	UNC1215	L3MBTL3	Chromatin other	GDSC1	LN_IC50	42	0.12130297382708048	0.4441280196310877	higher_expression_more_resistant	0.9358098456742255
VEZF1	all_breast_lines	1023	GW441756	NTRK1	RTK signaling	GDSC1	LN_IC50	43	0.11975234068257323	0.44433840739592323	higher_expression_more_resistant	0.9358098456742255
VEZF1	all_breast_lines	262	VX-11e	ERK2	ERK MAPK signaling	GDSC1	AUC	45	-0.11646903820816862	0.44611329462056526	higher_expression_more_sensitive	0.973210337768791
VEZF1	all_breast_lines	330	XMD13-2	MRCKB	Cytoskeleton	GDSC1	LN_IC50	44	0.11768851303735024	0.44675667773713024	higher_expression_more_resistant	0.9358098456742255
VEZF1	all_breast_lines	1824	123138		Unclassified	GDSC2	LN_IC50	37	0.12873399715504977	0.4476433640864287	higher_expression_more_resistant	0.6890375738145207
VEZF1	all_breast_lines	1079	Dasatinib	ABL, SRC, Ephrins, PDGFR, KIT	Other, kinases	GDSC2	LN_IC50	45	0.11607378129117257	0.4476687138640994	higher_expression_more_resistant	0.6890375738145207
VEZF1	all_breast_lines	1012	Vorinostat	HDAC inhibitor Class I, IIa, IIb, IV	Chromatin histone acetylation	GDSC2	AUC	46	-0.1146469318532223	0.44804350062516624	higher_expression_more_sensitive	0.9181124278199655
VEZF1	all_breast_lines	249	Cabozantinib	VEGFR, MET, RET, KIT, FLT1, FLT3, FLT4, TIE2,AXL	RTK signaling	GDSC1	AUC	45	0.11581027667984188	0.4487073095340665	higher_expression_more_resistant	0.973210337768791
VEZF1	all_breast_lines	1915	AZD3759	EGFR	EGFR signaling	GDSC2	LN_IC50	45	0.11581027667984188	0.4487073095340665	higher_expression_more_resistant	0.6890375738145207
VEZF1	all_breast_lines	1908	Ulixertinib	ERK1, ERK2	ERK MAPK signaling	GDSC2	AUC	45	0.11554677206851119	0.44974722317299953	higher_expression_more_resistant	0.9181124278199655
VEZF1	all_breast_lines	1072	Avagacestat	Amyloid beta20, Amyloid beta40	Other	GDSC2	LN_IC50	45	0.11541501976284585	0.4502676737894902	higher_expression_more_resistant	0.6890375738145207
VEZF1	all_breast_lines	1497	AZD4547	FGFR1, FGFR2, FGFR3	RTK signaling	GDSC1	LN_IC50	41	0.12073170731707318	0.4521053073421161	higher_expression_more_resistant	0.9397634342393429
VEZF1	all_breast_lines	253	XMD14-99	ALK, CDK7, LTK, others	Other, kinases	GDSC1	AUC	44	0.11627906976744186	0.45225636137809455	higher_expression_more_resistant	0.973210337768791
VEZF1	all_breast_lines	1812	Bleomycin	dsDNA break induction	DNA replication	GDSC2	AUC	37	-0.12731152204836413	0.4527190668031438	higher_expression_more_sensitive	0.9181124278199655
VEZF1	all_breast_lines	1026	Tanespimycin	HSP90	Protein stability and degradation	GDSC2	LN_IC50	45	0.11475625823451908	0.452874857724336	higher_expression_more_resistant	0.6890375738145207
VEZF1	all_breast_lines	1036	PLX-4720	BRAF	ERK MAPK signaling	GDSC2	AUC	45	0.11475625823451908	0.452874857724336	higher_expression_more_resistant	0.9181124278199655
VEZF1	all_breast_lines	2047	Ulixertinib	ERK1, ERK2	ERK MAPK signaling	GDSC2	AUC	42	-0.1185479296653432	0.4546196986401707	higher_expression_more_sensitive	0.9181124278199655
VEZF1	all_breast_lines	2045	AMG-319	PI3K (beta sparing)	PI3K/MTOR signaling	GDSC2	LN_IC50	44	0.11543340380549683	0.4555737864267253	higher_expression_more_resistant	0.6890375738145207
VEZF1	all_breast_lines	1049	PD173074	FGFR1, FGFR2, FGFR3	RTK signaling	GDSC1	AUC	43	-0.11673210510419813	0.45599262019341086	higher_expression_more_sensitive	0.973210337768791
VEZF1	all_breast_lines	153	Midostaurin	PKC, PPK, FLT1, c-FGR, others	Other	GDSC1	LN_IC50	44	-0.11529245947850598	0.4561279707841015	higher_expression_more_sensitive	0.9397634342393429
VEZF1	all_breast_lines	2045	AMG-319	PI3K (beta sparing)	PI3K/MTOR signaling	GDSC2	AUC	44	-0.11529245947850598	0.4561279707841015	higher_expression_more_sensitive	0.9181124278199655
VEZF1	all_breast_lines	1054	Palbociclib	CDK4, CDK6	Cell cycle	GDSC2	LN_IC50	46	0.11242676534073388	0.45694070684541893	higher_expression_more_resistant	0.6890375738145207
VEZF1	all_breast_lines	221	TAK-715	p38alpha, p38beta	JNK and p38 signaling	GDSC1	LN_IC50	45	0.1129117259552042	0.46021853243641747	higher_expression_more_resistant	0.9397634342393429
VEZF1	all_breast_lines	1149	TW 37	BCL2, BCL-XL, MCL1	Apoptosis regulation	GDSC1	AUC	42	0.11692731545255651	0.46085345311691905	higher_expression_more_resistant	0.973210337768791
VEZF1	all_breast_lines	223	ZSTK474	PI3K (class 1)	PI3K/MTOR signaling	GDSC1	AUC	45	0.1123847167325428	0.4623284649022524	higher_expression_more_resistant	0.973210337768791
VEZF1	all_breast_lines	1030	KU-55933	ATM	Genome integrity	GDSC1	LN_IC50	42	0.11627906976744186	0.4633597620864463	higher_expression_more_resistant	0.9397634342393429
VEZF1	all_breast_lines	1593	Entinostat	HDAC1, HDAC3	Chromatin histone acetylation	GDSC2	LN_IC50	44	0.11346018322762508	0.46336551945157983	higher_expression_more_resistant	0.6950482791773698
VEZF1	all_breast_lines	1422	FGFR_3831	FGFR1, FGFR2, FGFR3, FGFR4	RTK signaling	GDSC1	LN_IC50	44	0.1131782945736434	0.4644844352849715	higher_expression_more_resistant	0.9397634342393429
VEZF1	all_breast_lines	1407	Dyrk1b_0191	DYRK1B	Other, kinases	GDSC1	AUC	44	-0.1127554615926709	0.4661655222700361	higher_expression_more_sensitive	0.973210337768791
VEZF1	all_breast_lines	432	Flavopiridol	CDK	Cell cycle	GDSC1	LN_IC50	44	0.11190979563072587	0.469537441098279	higher_expression_more_resistant	0.9397634342393429
VEZF1	all_breast_lines	1407	Dyrk1b_0191	DYRK1B	Other, kinases	GDSC1	LN_IC50	44	-0.11176885130373501	0.470100688082061	higher_expression_more_sensitive	0.9397634342393429
VEZF1	all_breast_lines	1425	BPTES	GLS	Other	GDSC1	AUC	44	0.11148696264975334	0.4712282603794105	higher_expression_more_resistant	0.973210337768791
VEZF1	all_breast_lines	147	NSC-87877	SHP-1 (PTPN6), SHP-2 (PTPN11)	Other	GDSC1	AUC	44	-0.11120507399577165	0.4723572688744522	higher_expression_more_sensitive	0.973210337768791
VEZF1	all_breast_lines	1777	GSK2276186C	JAK1, JAK2, JAK3	Other, kinases	GDSC2	AUC	37	0.12185870080606921	0.4724609101077144	higher_expression_more_resistant	0.9181124278199655
VEZF1	all_breast_lines	1419	FEN1_3940	FEN1	Genome integrity	GDSC1	AUC	44	0.11092318534178998	0.47348771166697323	higher_expression_more_resistant	0.973210337768791
VEZF1	all_breast_lines	279	BIX02189	MEK5, ERK5	ERK MAPK signaling	GDSC1	LN_IC50	45	-0.10961791831357047	0.47349056175643733	higher_expression_more_sensitive	0.9397634342393429
VEZF1	all_breast_lines	1866	BDP-00009066	MRCKB_HUMAN	Cytoskeleton	GDSC2	LN_IC50	41	0.11498257839721256	0.4740786496250476	higher_expression_more_resistant	0.7073948436813537
VEZF1	all_breast_lines	1736	Selumetinib	MEK1, MEK2	ERK MAPK signaling	GDSC2	AUC	37	0.12114746325272638	0.47506891674089113	higher_expression_more_resistant	0.9181124278199655
VEZF1	all_breast_lines	2010	HKMTI-1-005		Unclassified	GDSC2	AUC	42	0.11319990276314726	0.4753638978186834	higher_expression_more_resistant	0.9181124278199655
VEZF1	all_breast_lines	1852	LY2109761	TGFB1	Other	GDSC2	AUC	40	-0.11613508442776736	0.47545477079650356	higher_expression_more_sensitive	0.9181124278199655
VEZF1	all_breast_lines	1419	FEN1_3940	FEN1	Genome integrity	GDSC1	LN_IC50	44	0.1102184637068358	0.47632008112874635	higher_expression_more_resistant	0.9397634342393429
VEZF1	all_breast_lines	1248	Daporinad	NAMPT	Metabolism	GDSC1	AUC	39	0.11700404858299596	0.478101790365886	higher_expression_more_resistant	0.973210337768791
VEZF1	all_breast_lines	1377	Afatinib	EGFR, ERBB2	EGFR signaling	GDSC1	AUC	43	0.11084264572636665	0.47918691320640705	higher_expression_more_resistant	0.973210337768791
VEZF1	all_breast_lines	1018	Veliparib	PARP1, PARP2	Genome integrity	GDSC1	AUC	43	-0.11084264572636665	0.47918691320640705	higher_expression_more_sensitive	0.973210337768791
VEZF1	all_breast_lines	381	AST-1306	EGFR, ERBB4	RTK signaling	GDSC1	LN_IC50	44	-0.10923185341789991	0.48030038084944215	higher_expression_more_sensitive	0.9397634342393429
VEZF1	all_breast_lines	1843	LMP744	TOP1	DNA replication	GDSC2	AUC	37	0.11972498814604077	0.48030751707017977	higher_expression_more_resistant	0.9181124278199655
VEZF1	all_breast_lines	2154	GSK-LSD1-2HCl 	LSD1	Chromatin histone methylation	GDSC2	AUC	40	-0.11482176360225141	0.48049439441570746	higher_expression_more_sensitive	0.9181124278199655
VEZF1	all_breast_lines	158	PF-562271	FAK, FAK2	Cytoskeleton	GDSC1	AUC	42	0.11174134997163926	0.48110680539417633	higher_expression_more_resistant	0.973210337768791
VEZF1	all_breast_lines	317	WYE-125132	mTOR	PI3K/MTOR signaling	GDSC1	LN_IC50	44	-0.10880902043692742	0.4820115560803326	higher_expression_more_sensitive	0.9397634342393429
VEZF1	all_breast_lines	1716	IRAK4_4710	IRAK4	Other, kinases	GDSC2	LN_IC50	37	0.11901375059269793	0.4829380625174963	higher_expression_more_resistant	0.7150837609414884
VEZF1	all_breast_lines	1072	Avagacestat	Amyloid beta20, Amyloid beta40	Other	GDSC2	AUC	45	-0.10724637681159419	0.4831706662142147	higher_expression_more_sensitive	0.9181124278199655
VEZF1	all_breast_lines	1732	TAF1_5496	TAF1	Other	GDSC2	AUC	37	-0.11877667140825035	0.4838165709288662	higher_expression_more_sensitive	0.9181124278199655
VEZF1	all_breast_lines	2360	THR-101	Mutant RAS	PI3K/MTOR signaling	GDSC2	LN_IC50	41	-0.1123693379790941	0.48424970477792023	higher_expression_more_sensitive	0.7150837609414884
VEZF1	all_breast_lines	265	Tubastatin A	HDAC1, HDAC6, HDAC8	Chromatin histone acetylation	GDSC1	AUC	45	-0.1069828722002635	0.4842525929093907	higher_expression_more_sensitive	0.9740080561927518
VEZF1	all_breast_lines	166	FTI-277	Farnesyl-transferase (FNTA)	Other	GDSC1	LN_IC50	44	0.1076814658210007	0.48659026621972085	higher_expression_more_resistant	0.9397634342393429
VEZF1	all_breast_lines	1003	Camptothecin	TOP1	DNA replication	GDSC2	AUC	45	0.10606060606060606	0.4880492926074618	higher_expression_more_resistant	0.9181124278199655
VEZF1	all_breast_lines	1194	SB505124	TGFBR1, ACVR1B, ACVR1C	RTK signaling	GDSC1	LN_IC50	43	-0.1085774690425853	0.48827000028361084	higher_expression_more_sensitive	0.9397634342393429
VEZF1	all_breast_lines	1809	Teniposide		DNA replication	GDSC2	LN_IC50	37	0.11735419630156471	0.48910498618199894	higher_expression_more_resistant	0.7185305209374726
VEZF1	all_breast_lines	1009	Tretinoin	Retinoic acid	Other	GDSC1	LN_IC50	43	-0.10767139836907279	0.4919280988663484	higher_expression_more_sensitive	0.9397634342393429
VEZF1	all_breast_lines	1026	Tanespimycin	HSP90	Protein stability and degradation	GDSC1	AUC	43	-0.10752038659015405	0.49253915544239313	higher_expression_more_sensitive	0.9850783108847863
VEZF1	all_breast_lines	1814	Nelarabine		DNA replication	GDSC2	AUC	37	-0.11640587956377428	0.4926470657320496	higher_expression_more_sensitive	0.9181124278199655
VEZF1	all_breast_lines	269	NSC-207895	MDM4	p53 pathway	GDSC1	LN_IC50	45	0.1048748353096179	0.49295342723009306	higher_expression_more_resistant	0.9397634342393429
VEZF1	all_breast_lines	1832	729189		Unclassified	GDSC2	LN_IC50	37	0.1161688003793267	0.4935346356247967	higher_expression_more_resistant	0.7213198520670105
VEZF1	all_breast_lines	2158	CPI-637	EP300	Chromatin histone methylation	GDSC2	AUC	40	-0.11106941838649158	0.49504590318899844	higher_expression_more_sensitive	0.9181124278199655
VEZF1	all_breast_lines	1393	Gemcitabine	Pyrimidine antimetabolite	DNA replication	GDSC1	LN_IC50	44	0.10556730091613813	0.4952360323457924	higher_expression_more_resistant	0.9397634342393429
VEZF1	all_breast_lines	1426	AZD7969	GSK3B	WNT signaling	GDSC1	AUC	43	0.10661431591664151	0.49621370742099585	higher_expression_more_resistant	0.986851979927149
VEZF1	all_breast_lines	1931	MIRA-1	TP53	p53 pathway	GDSC2	AUC	45	0.10355731225296441	0.49843218745590606	higher_expression_more_resistant	0.9181124278199655
VEZF1	all_breast_lines	1832	729189		Unclassified	GDSC2	AUC	37	-0.11403508771929824	0.5015594622375372	higher_expression_more_sensitive	0.9181124278199655
VEZF1	all_breast_lines	283	Omipalisib	PI3K (class 1), MTORC1, MTORC2	PI3K/MTOR signaling	GDSC1	LN_IC50	44	0.10359408033826638	0.5033761728034472	higher_expression_more_resistant	0.9397634342393429
VEZF1	all_breast_lines	1507	Ruxolitinib	JAK1, JAK2	Other, kinases	GDSC2	LN_IC50	40	0.10881801125703565	0.5038840003394047	higher_expression_more_resistant	0.7252213078873829
VEZF1	all_breast_lines	407	kb NB 142-70	PKD	Other, kinases	GDSC1	AUC	44	0.10345313601127552	0.5039602055149497	higher_expression_more_resistant	0.9923318870521431
VEZF1	all_breast_lines	1248	Daporinad	NAMPT	Metabolism	GDSC1	LN_IC50	39	0.11012145748987855	0.5045373587245968	higher_expression_more_resistant	0.9397634342393429
VEZF1	all_breast_lines	563	Kobe2602	RAS effector	RTK signaling	GDSC1	LN_IC50	43	-0.10404711567502266	0.5067008952912265	higher_expression_more_sensitive	0.9397634342393429
VEZF1	all_breast_lines	1821	765771		Unclassified	GDSC2	LN_IC50	37	0.1126126126126126	0.5069458082731615	higher_expression_more_resistant	0.7252213078873829
VEZF1	all_breast_lines	1838	Sinularin		Unclassified	GDSC2	LN_IC50	37	0.1126126126126126	0.5069458082731615	higher_expression_more_resistant	0.7252213078873829
VEZF1	all_breast_lines	184	BMS-754807	IGF1R, IR	RTK signaling	GDSC1	AUC	45	-0.10144927536231883	0.5072627295155828	higher_expression_more_sensitive	0.9923318870521431
VEZF1	all_breast_lines	1433	JAK1_3715	JAK1	Other, kinases	GDSC1	LN_IC50	44	0.10246652572233966	0.5080580627395239	higher_expression_more_resistant	0.9397634342393429
VEZF1	all_breast_lines	1853	OF-1	BRPF1B, BRPF2	Chromatin histone acetylation	GDSC2	LN_IC50	40	0.10769230769230771	0.5083328234627601	higher_expression_more_resistant	0.7252213078873829
VEZF1	all_breast_lines	1033	Vismodegib	SMO	Other	GDSC2	AUC	45	0.10118577075098813	0.5083720923406098	higher_expression_more_resistant	0.9181124278199655
VEZF1	all_breast_lines	1940	WIKI4	TNKS1, TNKS2	WNT signaling	GDSC2	LN_IC50	45	0.10105401844532279	0.508927233605181	higher_expression_more_resistant	0.7252213078873829
VEZF1	all_breast_lines	461	NSC319726	P53 Mut specific	p53 pathway	GDSC1	LN_IC50	41	-0.10557491289198609	0.5112174014072588	higher_expression_more_sensitive	0.9397634342393429
VEZF1	all_breast_lines	1073	5-Fluorouracil	Antimetabolite (DNA & RNA)	Other	GDSC2	LN_IC50	46	0.09910576626580328	0.5122837785104881	higher_expression_more_resistant	0.7263725217686026
VEZF1	all_breast_lines	2055	Mycophenolic acid		Unclassified	GDSC2	AUC	41	0.10522648083623697	0.5126203770822348	higher_expression_more_resistant	0.9181124278199655
VEZF1	all_breast_lines	1367	BAY-HDAC11_4	HDAC11	Chromatin histone acetylation	GDSC1	LN_IC50	40	-0.10656660412757975	0.5128013336213798	higher_expression_more_sensitive	0.9397634342393429
VEZF1	all_breast_lines	300	CX-5461	RNA Polymerase 1	Other	GDSC1	LN_IC50	44	0.10119802677942212	0.513351380373559	higher_expression_more_resistant	0.9397634342393429
VEZF1	all_breast_lines	1911	Dactinomycin	RNA polymerase	Other	GDSC2	AUC	45	0.09986824769433464	0.5139372574727806	higher_expression_more_resistant	0.9181124278199655
VEZF1	all_breast_lines	293	Amuvatinib	KIT, PDGFRA, FLT3	RTK signaling	GDSC1	AUC	44	0.10105708245243128	0.5139412301469205	higher_expression_more_resistant	0.9923318870521431
VEZF1	all_breast_lines	1069	EHT-1864	RAC1, RAC2, RAC3	Cytoskeleton	GDSC1	LN_IC50	43	0.10223497432799758	0.5141705586952262	higher_expression_more_resistant	0.9397634342393429
VEZF1	all_breast_lines	1266	ICL1100013	N-myristoyltransferase 1/2	Other	GDSC1	LN_IC50	43	0.10178193899124131	0.5160465507638881	higher_expression_more_resistant	0.9397634342393429
VEZF1	all_breast_lines	427	Ara-G	Anti-metabolite	Other	GDSC1	AUC	44	-0.10049330514446793	0.516304022597253	higher_expression_more_sensitive	0.9923318870521431
VEZF1	all_breast_lines	1583	GSK-LSD1	KDM1	Chromatin histone methylation	GDSC2	AUC	37	-0.11000474158368895	0.516895718056363	higher_expression_more_sensitive	0.9181124278199655
VEZF1	all_breast_lines	1911	Dactinomycin	RNA polymerase	Other	GDSC2	LN_IC50	45	0.09907773386034253	0.5172909678459399	higher_expression_more_resistant	0.7269676490516657
VEZF1	all_breast_lines	1825	Podophyllotoxin bromide		Unclassified	GDSC2	LN_IC50	37	0.10976766239924134	0.5178050272192566	higher_expression_more_resistant	0.7269676490516657
VEZF1	all_breast_lines	1615	CZC24832	PI3Kgamma	PI3K/MTOR signaling	GDSC2	AUC	40	0.1050656660412758	0.5187897553905243	higher_expression_more_resistant	0.9181124278199655
VEZF1	all_breast_lines	1054	Palbociclib	CDK4, CDK6	Cell cycle	GDSC2	AUC	46	-0.0975023126734505	0.5191654038889453	higher_expression_more_sensitive	0.9181124278199655
VEZF1	all_breast_lines	1042	Doramapimod	p38, JNK2	JNK and p38 signaling	GDSC1	LN_IC50	43	0.10072485653881001	0.5204371185213793	higher_expression_more_resistant	0.9397634342393429
VEZF1	all_breast_lines	1184	AZ20	ATR	Genome integrity	GDSC1	AUC	42	-0.10169354185236204	0.5216364495413404	higher_expression_more_sensitive	0.9923318870521431
VEZF1	all_breast_lines	2149	CT7033-2	KDM4A, KDM4C, KDM4E, KDM3A, KDM6B	Chromatin histone methylation	GDSC2	AUC	40	0.10375234521575986	0.5240579151791432	higher_expression_more_resistant	0.9181124278199655
VEZF1	all_breast_lines	1039	SL0101	RSK, AURKB, PIM1, PIM3	Other, kinases	GDSC1	LN_IC50	42	0.10072117332469005	0.525646318017333	higher_expression_more_resistant	0.9397634342393429
VEZF1	all_breast_lines	1849	Sabutoclax	BCL2,  BCL-XL,  BFL1, MCL1	Apoptosis regulation	GDSC2	AUC	40	-0.10262664165103191	0.5285943323380526	higher_expression_more_sensitive	0.9181124278199655
VEZF1	all_breast_lines	1394	AZD6738	ATR	Genome integrity	GDSC1	LN_IC50	44	0.0964059196617336	0.5335950452845164	higher_expression_more_resistant	0.9397634342393429
VEZF1	all_breast_lines	285	SU11274	MET	RTK signaling	GDSC1	AUC	44	0.0959830866807611	0.5353997269305589	higher_expression_more_resistant	0.9923318870521431
VEZF1	all_breast_lines	1263	UNC0642	G9A, GLP	Chromatin histone methylation	GDSC1	LN_IC50	42	-0.09829025200551009	0.5357368686634724	higher_expression_more_sensitive	0.9397634342393429
VEZF1	all_breast_lines	253	XMD14-99	ALK, CDK7, LTK, others	Other, kinases	GDSC1	LN_IC50	44	0.09584214235377025	0.5360019455337093	higher_expression_more_resistant	0.9397634342393429
VEZF1	all_breast_lines	2154	GSK-LSD1-2HCl 	LSD1	Chromatin histone methylation	GDSC2	LN_IC50	40	0.10056285178236399	0.5369606269920224	higher_expression_more_resistant	0.7396087568618233
VEZF1	all_breast_lines	1783	LMB_AB1	ADRA1A, ADRB1	Other	GDSC2	AUC	37	0.10455192034139402	0.5380079750057549	higher_expression_more_resistant	0.9181124278199655
VEZF1	all_breast_lines	1239	YK-4-279	RNA helicase A	Other	GDSC2	LN_IC50	45	0.09393939393939392	0.5393531902122758	higher_expression_more_resistant	0.7396087568618233
VEZF1	all_breast_lines	1621	PCI-34051	HDAC8, HDAC6, HDAC1	Chromatin histone acetylation	GDSC2	AUC	40	-0.09962476547842404	0.5407844932008767	higher_expression_more_sensitive	0.9181124278199655
VEZF1	all_breast_lines	1378	Bleomycin (50 uM)	dsDNA break induction	DNA replication	GDSC1	AUC	44	0.09471458773784354	0.5408314942089562	higher_expression_more_resistant	0.9923318870521431
VEZF1	all_breast_lines	171	AKT inhibitor VIII	AKT1, AKT2, AKT3	PI3K/MTOR signaling	GDSC1	LN_IC50	44	-0.0945736434108527	0.5414366580410492	higher_expression_more_sensitive	0.9397634342393429
VEZF1	all_breast_lines	1037	BX795	TBK1, PDK1 (PDPK1), IKK, AURKB, AURKC	Other, kinases	GDSC1	AUC	43	-0.09528843249773483	0.5433060521881814	higher_expression_more_sensitive	0.9923318870521431
VEZF1	all_breast_lines	1618	GSK2606414	PERK	Metabolism	GDSC2	LN_IC50	40	0.09887429643527205	0.5438529617232969	higher_expression_more_resistant	0.7396087568618233
VEZF1	all_breast_lines	2040	Foretinib	MET, KDR, TIE2, VEGFR3/FLT4, RON, PDGFR, FGFR1, EGFR	RTK signaling	GDSC2	LN_IC50	44	0.09400986610288935	0.5438605668109062	higher_expression_more_resistant	0.7396087568618233
VEZF1	all_breast_lines	281	Alectinib	ALK	RTK signaling	GDSC1	AUC	44	0.09400986610288935	0.5438605668109062	higher_expression_more_resistant	0.9923318870521431
VEZF1	all_breast_lines	282	Pelitinib	EGFR	EGFR signaling	GDSC1	AUC	44	0.09400986610288935	0.5438605668109062	higher_expression_more_resistant	0.9923318870521431
VEZF1	all_breast_lines	1831	L-Oxonoreleagnine		Unclassified	GDSC2	LN_IC50	37	0.10289236605026078	0.5445145544518342	higher_expression_more_resistant	0.7396087568618233
VEZF1	all_breast_lines	1460	PARP_9482	PARP1, PARP2, PARP5a	Genome integrity	GDSC1	LN_IC50	43	0.09498640893989731	0.5445905229217126	higher_expression_more_resistant	0.9397634342393429
VEZF1	all_breast_lines	2043	BIBR-1532	TERT	Genome integrity	GDSC2	LN_IC50	44	0.09372797744890768	0.5450744687753099	higher_expression_more_resistant	0.7396087568618233
VEZF1	all_breast_lines	341	Selisistat	SIRT1	Chromatin histone acetylation	GDSC1	AUC	45	-0.09262187088274045	0.54508247132314	higher_expression_more_sensitive	0.9923318870521431
VEZF1	all_breast_lines	1840	630600		Unclassified	GDSC2	AUC	37	0.10265528686581317	0.5454471087771352	higher_expression_more_resistant	0.9181124278199655
VEZF1	all_breast_lines	1413	EphB4_9721	EPHB4	RTK signaling	GDSC1	AUC	44	0.09344608879492598	0.5462896656926799	higher_expression_more_resistant	0.9923318870521431
VEZF1	all_breast_lines	1028	VX-702	p38	JNK and p38 signaling	GDSC1	AUC	43	-0.09453337360314104	0.5465199487203183	higher_expression_more_sensitive	0.9923318870521431
VEZF1	all_breast_lines	1047	Nutlin-3a (-)	MDM2	p53 pathway	GDSC1	LN_IC50	43	-0.09423135004530353	0.5478080412419994	higher_expression_more_sensitive	0.9397634342393429
VEZF1	all_breast_lines	1786	AZD4547	FGFR1, FGFR2, FGFR3	RTK signaling	GDSC2	LN_IC50	45	-0.09169960474308299	0.5491102312121187	higher_expression_more_sensitive	0.7396087568618233
VEZF1	all_breast_lines	1836	150412		Unclassified	GDSC2	LN_IC50	37	0.10170697012802274	0.5491848868399131	higher_expression_more_resistant	0.7396087568618233
VEZF1	all_breast_lines	1557	LCL161	XIAP, IAP1, IAP2	Apoptosis regulation	GDSC2	AUC	40	0.0975609756097561	0.5492427013343473	higher_expression_more_resistant	0.9181124278199655
VEZF1	all_breast_lines	407	kb NB 142-70	PKD	Other, kinases	GDSC1	LN_IC50	44	0.0927413671599718	0.5493333063940488	higher_expression_more_resistant	0.9397634342393429
VEZF1	all_breast_lines	1186	FS112	KS6B1 (p70S6K)	PI3K/MTOR signaling	GDSC1	LN_IC50	42	0.0950490235799368	0.5493352415545288	higher_expression_more_resistant	0.9397634342393429
VEZF1	all_breast_lines	374	GSK1059615	PI3K	PI3K/MTOR signaling	GDSC1	AUC	44	0.09260042283298096	0.5499430002274374	higher_expression_more_resistant	0.9923318870521431
VEZF1	all_breast_lines	1845	Schweinfurthin A		Unclassified	GDSC2	AUC	37	0.10146989094357514	0.550121215652927	higher_expression_more_resistant	0.9181124278199655
VEZF1	all_breast_lines	205	Avagacestat	Amyloid beta20, Amyloid beta40	Other	GDSC1	LN_IC50	44	0.09245947850599014	0.5505530151951689	higher_expression_more_resistant	0.9397634342393429
VEZF1	all_breast_lines	2499	N-acetyl cysteine	Metabolism	Metabolism	GDSC2	LN_IC50	40	-0.09718574108818012	0.5507872578247728	higher_expression_more_sensitive	0.7396087568618233
VEZF1	all_breast_lines	2362	THR-103	Mutant RAS	PI3K/MTOR signaling	GDSC2	AUC	41	-0.09564459930313592	0.551942972350072	higher_expression_more_sensitive	0.9181124278199655
VEZF1	all_breast_lines	300	CX-5461	RNA Polymerase 1	Other	GDSC1	AUC	44	0.09203664552501761	0.5523849836164172	higher_expression_more_resistant	0.9923318870521431
VEZF1	all_breast_lines	1023	GW441756	NTRK1	RTK signaling	GDSC2	LN_IC50	42	0.09423871647354347	0.5527602288125205	higher_expression_more_resistant	0.7396087568618233
VEZF1	all_breast_lines	140	Vinorelbine	Microtubule destabiliser	Mitosis	GDSC1	LN_IC50	44	0.09189570119802677	0.5529962798302369	higher_expression_more_resistant	0.9397634342393429
VEZF1	all_breast_lines	1046	Wee1 Inhibitor	WEE1, CHEK1	Cell cycle	GDSC1	LN_IC50	36	0.10218790218790218	0.553151059791584	higher_expression_more_resistant	0.9397634342393429
VEZF1	all_breast_lines	1430	IGFR_3801	IGFR1	IGF1R signaling	GDSC1	LN_IC50	44	0.09175475687103594	0.5536078955294775	higher_expression_more_resistant	0.9397634342393429
VEZF1	all_breast_lines	1088	Irinotecan	TOP1	DNA replication	GDSC2	AUC	45	0.09051383399209485	0.5543094979190527	higher_expression_more_resistant	0.9181124278199655
VEZF1	all_breast_lines	439	LCL161	XIAP, cIAP1, cIAP2	Apoptosis regulation	GDSC1	LN_IC50	44	-0.09147286821705425	0.5548320840565613	higher_expression_more_sensitive	0.9397634342393429
VEZF1	all_breast_lines	2002	N30652-18-1		Unclassified	GDSC2	AUC	41	-0.09477351916376309	0.5555870196765139	higher_expression_more_sensitive	0.9181124278199655
VEZF1	all_breast_lines	201	Epothilone B	Microtubule stabiliser	Mitosis	GDSC1	AUC	45	0.09011857707509881	0.5560477346157874	higher_expression_more_resistant	0.9923318870521431
VEZF1	all_breast_lines	1185	KU-60019	ATM	Genome integrity	GDSC1	AUC	42	-0.09310428652459284	0.5575720687941657	higher_expression_more_sensitive	0.9923318870521431
VEZF1	all_breast_lines	1382	AZD3514	AR	Hormone-related	GDSC1	AUC	43	0.09181516158260344	0.5581644791760341	higher_expression_more_resistant	0.9923318870521431
VEZF1	all_breast_lines	224	AS605240	PI3Kgamma	PI3K/MTOR signaling	GDSC1	LN_IC50	45	-0.08893280632411066	0.5612777813387648	higher_expression_more_sensitive	0.946153974256775
VEZF1	all_breast_lines	1631	PRT062607	SYK	Other, kinases	GDSC2	AUC	40	0.09455909943714824	0.561656207321889	higher_expression_more_resistant	0.9181124278199655
VEZF1	all_breast_lines	2361	THR-102	Mutant RAS	PI3K/MTOR signaling	GDSC2	LN_IC50	41	0.09268292682926832	0.5643784942618569	higher_expression_more_resistant	0.751625564787987
VEZF1	all_breast_lines	1128	FS106	CHEK1	Cell cycle	GDSC1	AUC	42	-0.09148367231180618	0.5644799481889088	higher_expression_more_sensitive	0.9923318870521431
VEZF1	all_breast_lines	1782	GSK2830371A	PPM1D	Other	GDSC2	AUC	37	0.09767662399241346	0.5652038417227406	higher_expression_more_resistant	0.9181124278199655
VEZF1	all_breast_lines	1403	AZD6094	MET	RTK signaling	GDSC1	LN_IC50	44	0.08893587033121915	0.5659067857793795	higher_expression_more_resistant	0.9494360292222764
VEZF1	all_breast_lines	381	AST-1306	EGFR, ERBB4	RTK signaling	GDSC1	AUC	44	-0.08851303735024665	0.5677624633041167	higher_expression_more_sensitive	0.9923318870521431
VEZF1	all_breast_lines	1613	VE-822	ATR	Genome integrity	GDSC2	AUC	40	0.0928705440900563	0.5686955244386902	higher_expression_more_resistant	0.9181124278199655
VEZF1	all_breast_lines	1006	Cytarabine	Antimetabolite	Other	GDSC2	AUC	41	-0.0912891986062718	0.5702749859581929	higher_expression_more_sensitive	0.9181124278199655
VEZF1	all_breast_lines	295	NVP-BHG712	EPHB4, RAF, SRC, ABL	Other, kinases	GDSC1	AUC	45	-0.08656126482213437	0.5718061910041267	higher_expression_more_sensitive	0.9923318870521431
VEZF1	all_breast_lines	261	TL-1-85	TAK1, MAP4K2	Other, kinases	GDSC1	AUC	45	0.08656126482213437	0.5718061910041267	higher_expression_more_resistant	0.9923318870521431
VEZF1	all_breast_lines	1032	Afatinib	EGFR, ERBB2	EGFR signaling	GDSC1	LN_IC50	43	0.08849290244639081	0.5725524345388862	higher_expression_more_resistant	0.9560545369187061
VEZF1	all_breast_lines	1593	Entinostat	HDAC1, HDAC3	Chromatin histone acetylation	GDSC2	AUC	44	0.0872445384073291	0.5733462707809716	higher_expression_more_resistant	0.9181124278199655
VEZF1	all_breast_lines	439	LCL161	XIAP, cIAP1, cIAP2	Apoptosis regulation	GDSC1	AUC	44	0.08696264975334742	0.5745905160436743	higher_expression_more_resistant	0.9923318870521431
VEZF1	all_breast_lines	1838	Sinularin		Unclassified	GDSC2	AUC	37	-0.0953058321479374	0.5747259420658918	higher_expression_more_sensitive	0.9181124278199655
VEZF1	all_breast_lines	1563	EPZ5676	DOT1L	Chromatin histone methylation	GDSC2	AUC	45	-0.08590250329380762	0.574746735485535	higher_expression_more_sensitive	0.9181124278199655
VEZF1	all_breast_lines	293	Amuvatinib	KIT, PDGFRA, FLT3	RTK signaling	GDSC1	LN_IC50	44	0.08668076109936575	0.5758359912569143	higher_expression_more_resistant	0.9570231967368436
VEZF1	all_breast_lines	2148	POMHEX		Unclassified	GDSC2	LN_IC50	40	-0.09099437148217637	0.5765641131533151	higher_expression_more_sensitive	0.7563097694752298
VEZF1	all_breast_lines	1831	L-Oxonoreleagnine		Unclassified	GDSC2	AUC	37	-0.0948316737790422	0.5766390336132414	higher_expression_more_sensitive	0.9181124278199655
VEZF1	all_breast_lines	1584	BDOCA000347a	BRPF1, BRPF2, BRPF3	Chromatin histone acetylation	GDSC2	AUC	37	-0.0948316737790422	0.5766390336132414	higher_expression_more_sensitive	0.9181124278199655
VEZF1	all_breast_lines	1463	AZD1332	NTRK1, NTRK2, NTRK3	RTK signaling	GDSC1	AUC	44	-0.0861169837914024	0.5783306201747714	higher_expression_more_sensitive	0.9923318870521431
VEZF1	all_breast_lines	1627	GSK343	EZH2	Chromatin histone methylation	GDSC2	LN_IC50	40	0.09024390243902439	0.5797252853134924	higher_expression_more_resistant	0.7563097694752298
VEZF1	all_breast_lines	1032	Afatinib	EGFR, ERBB2	EGFR signaling	GDSC2	LN_IC50	44	0.08555320648343903	0.580830134712358	higher_expression_more_resistant	0.7563097694752298
VEZF1	all_breast_lines	1239	YK-4-279	RNA helicase A	Other	GDSC1	AUC	38	0.09246088193456614	0.5808713968534736	higher_expression_more_resistant	0.9923318870521431
VEZF1	all_breast_lines	1014	Refametinib	MEK1, MEK2	ERK MAPK signaling	GDSC1	AUC	43	0.08652974932044699	0.5811333005900884	higher_expression_more_resistant	0.9923318870521431
VEZF1	all_breast_lines	266	Zibotentan	Endothelin-1 receptor (EDNRA)	Other	GDSC1	LN_IC50	45	-0.08432147562582346	0.581832046165331	higher_expression_more_sensitive	0.9624698333762952
VEZF1	all_breast_lines	1996	MIM1	MCL1	Apoptosis regulation	GDSC2	AUC	41	-0.08850174216027877	0.5821518382988146	higher_expression_more_sensitive	0.9217404106397897
VEZF1	all_breast_lines	1815	Dacarbazine	CP11A	Other	GDSC2	LN_IC50	37	0.09340919867235657	0.5823954667898726	higher_expression_more_resistant	0.7563097694752298
VEZF1	all_breast_lines	1012	Vorinostat	HDAC inhibitor Class I, IIa, IIb, IV	Chromatin histone acetylation	GDSC2	LN_IC50	46	-0.08294788775824853	0.583662139011262	higher_expression_more_sensitive	0.7563097694752298
VEZF1	all_breast_lines	180	Thapsigargin	SERCA	Other	GDSC1	AUC	42	-0.08678389109472491	0.5847336030854124	higher_expression_more_sensitive	0.9923318870521431
VEZF1	all_breast_lines	1826	50869		Unclassified	GDSC2	LN_IC50	37	0.09246088193456614	0.5862472837128213	higher_expression_more_resistant	0.7563097694752298
VEZF1	all_breast_lines	2173	PFI-1	BRD4	Chromatin other	GDSC2	LN_IC50	44	-0.08428470754052149	0.5864717861544764	higher_expression_more_sensitive	0.7563097694752298
VEZF1	all_breast_lines	1008	Methotrexate	Antimetabolite	DNA replication	GDSC2	AUC	40	-0.08836772983114449	0.5876621511285747	higher_expression_more_sensitive	0.9253243816112916
VEZF1	all_breast_lines	1203	QL-XII-61	BMX, BTK	Other, kinases	GDSC1	LN_IC50	20	0.12781954887218044	0.5912462398946647	higher_expression_more_resistant	0.9676690019401885
VEZF1	all_breast_lines	442	IMD-0354	IKKb	Other, kinases	GDSC1	LN_IC50	44	0.08301620859760393	0.5921377896136851	higher_expression_more_resistant	0.9676690019401885
VEZF1	all_breast_lines	408	Sphingosine Kinase 1 Inhibitor II	Sphingosine Kinase	Other, kinases	GDSC1	AUC	44	-0.08287526427061309	0.5927688371230235	higher_expression_more_sensitive	0.9923318870521431
VEZF1	all_breast_lines	1739	JAK_8517	JAK1, JAK2	Other, kinases	GDSC2	AUC	37	-0.09080132764343289	0.5930150012402374	higher_expression_more_sensitive	0.9286223920520201
VEZF1	all_breast_lines	1259	Talazoparib	PARP1, PARP2	Genome integrity	GDSC2	LN_IC50	45	0.08168642951251645	0.5937275500919826	higher_expression_more_resistant	0.7610919801611739
VEZF1	all_breast_lines	1930	Telomerase Inhibitor IX	Telomerase	Genome integrity	GDSC2	LN_IC50	45	0.08129117259552042	0.5955210932489184	higher_expression_more_resistant	0.7610919801611739
VEZF1	all_breast_lines	1359	965-D2	MKNK1, MKNK2, PIM1, PIM3	Other, kinases	GDSC1	AUC	40	-0.08592870544090057	0.5980515569799153	higher_expression_more_sensitive	0.9923318870521431
VEZF1	all_breast_lines	163	JQ1	BRD2, BRD3, BRD4, BRDT	Chromatin other	GDSC1	AUC	44	-0.08146582100070471	0.5990955830267192	higher_expression_more_sensitive	0.9923318870521431
VEZF1	all_breast_lines	1013	Nilotinib	ABL	ABL signaling	GDSC2	LN_IC50	45	0.07984189723320158	0.602117715340117	higher_expression_more_resistant	0.7660872717497025
VEZF1	all_breast_lines	1825	Podophyllotoxin bromide		Unclassified	GDSC2	AUC	37	0.08843053579895685	0.6027420666455453	higher_expression_more_resistant	0.9344910008078811
VEZF1	all_breast_lines	1091	BMS-536924	IGF1R, IR	IGF1R signaling	GDSC2	AUC	45	-0.07957839262187089	0.6033205057847373	higher_expression_more_sensitive	0.9344910008078811
VEZF1	all_breast_lines	238	Idelalisib	PI3Kdelta	PI3K/MTOR signaling	GDSC1	LN_IC50	45	0.07918313570487483	0.6051266427557279	higher_expression_more_resistant	0.9676690019401885
VEZF1	all_breast_lines	1062	Selumetinib	MEK1, MEK2	ERK MAPK signaling	GDSC1	LN_IC50	41	0.08310104529616727	0.6054733411875973	higher_expression_more_resistant	0.9676690019401885
VEZF1	all_breast_lines	2439	glutathione	anti-oxidant proteins	Other	GDSC2	LN_IC50	40	0.08386491557223266	0.6069045757736069	higher_expression_more_resistant	0.7676547831499276
VEZF1	all_breast_lines	573	LGK974	PORCN	WNT signaling	GDSC1	AUC	44	-0.07963354474982381	0.6073641285357598	higher_expression_more_sensitive	0.9923318870521431
VEZF1	all_breast_lines	1445	AZD8835	PI3Kalpha, PI3Kdelta	PI3K/MTOR signaling	GDSC1	LN_IC50	44	0.07935165609584215	0.6086405570297823	higher_expression_more_resistant	0.9676690019401885
VEZF1	all_breast_lines	317	WYE-125132	mTOR	PI3K/MTOR signaling	GDSC1	AUC	44	-0.0792107117688513	0.6092792026521049	higher_expression_more_sensitive	0.9923318870521431
VEZF1	all_breast_lines	1490	SN-38	TOP1	DNA replication	GDSC1	LN_IC50	43	0.07988523104802174	0.6105969946366652	higher_expression_more_resistant	0.9676690019401885
VEZF1	all_breast_lines	178	BAY-61-3606	SYK	Other, kinases	GDSC1	AUC	45	-0.07773386034255599	0.6117690446351075	higher_expression_more_sensitive	0.9923318870521431
VEZF1	all_breast_lines	287	KIN001-244	PDK1	Other, kinases	GDSC1	AUC	45	0.07760210803689063	0.6123744401418846	higher_expression_more_resistant	0.9923318870521431
VEZF1	all_breast_lines	1849	Sabutoclax	BCL2,  BCL-XL,  BFL1, MCL1	Apoptosis regulation	GDSC2	LN_IC50	40	-0.08255159474671671	0.6125673956813706	higher_expression_more_sensitive	0.7676547831499276
VEZF1	all_breast_lines	1001	AICA Ribonucleotide	AMPK agonist	Metabolism	GDSC1	AUC	43	0.07943219571126549	0.6126289135064317	higher_expression_more_resistant	0.9923318870521431
VEZF1	all_breast_lines	1999	N25720-51-A1		Unclassified	GDSC2	LN_IC50	41	0.08135888501742163	0.613081222139563	higher_expression_more_resistant	0.7676547831499276
VEZF1	all_breast_lines	442	IMD-0354	IKKb	Other, kinases	GDSC1	AUC	44	0.07822410147991543	0.613757738069598	higher_expression_more_resistant	0.9923318870521431
VEZF1	all_breast_lines	1029	Motesanib	VEGFR, RET, KIT, PDGFR	RTK signaling	GDSC1	AUC	43	-0.07852612503775294	0.6167013540992641	higher_expression_more_sensitive	0.9923318870521431
VEZF1	all_breast_lines	1824	123138		Unclassified	GDSC2	AUC	37	-0.08368895211000474	0.6223989907303246	higher_expression_more_sensitive	0.958830877611581
VEZF1	all_breast_lines	1917	AZD6738	ATR	Genome integrity	GDSC2	LN_IC50	45	0.0753623188405797	0.6227049634811591	higher_expression_more_resistant	0.7676547831499276
VEZF1	all_breast_lines	1394	AZD6738	ATR	Genome integrity	GDSC1	AUC	44	0.07625088090204368	0.6227564703259348	higher_expression_more_resistant	0.9923318870521431
VEZF1	all_breast_lines	1010	Gefitinib	EGFR	EGFR signaling	GDSC1	LN_IC50	43	0.07716701902748414	0.622831332788256	higher_expression_more_resistant	0.9676690019401885
VEZF1	all_breast_lines	1622	Wnt-C59	PORCN	WNT signaling	GDSC2	LN_IC50	40	0.08011257035647282	0.6231430099782144	higher_expression_more_resistant	0.7676547831499276
VEZF1	all_breast_lines	1175	Rucaparib	PARP1, PARP2	Genome integrity	GDSC1	AUC	42	0.07787051292439837	0.624010670159904	higher_expression_more_resistant	0.9923318870521431
VEZF1	all_breast_lines	135	Gemcitabine	Pyrimidine antimetabolite	DNA replication	GDSC1	AUC	44	-0.07596899224806201	0.6240464895195516	higher_expression_more_sensitive	0.9923318870521431
VEZF1	all_breast_lines	2171	BMS-754807	IGF1R, IR	IGF1R signaling	GDSC2	LN_IC50	45	0.07496706192358364	0.6245355343581545	higher_expression_more_resistant	0.7676547831499276
VEZF1	all_breast_lines	1236	UNC0638	G9a and GLP methyltransferases	Chromatin histone methylation	GDSC1	AUC	42	-0.0772222672392837	0.6269095159758573	higher_expression_more_sensitive	0.9923318870521431
VEZF1	all_breast_lines	2172	JQ1	BRD2, BRD3, BRD4, BRDT	Chromatin other	GDSC2	LN_IC50	45	-0.07444005270092226	0.6269797750528777	higher_expression_more_sensitive	0.7676547831499276
VEZF1	all_breast_lines	1512	Cyclophosphamide	Alkylating agent	DNA replication	GDSC2	LN_IC50	45	0.07444005270092226	0.6269797750528777	higher_expression_more_resistant	0.7676547831499276
VEZF1	all_breast_lines	1422	FGFR_3831	FGFR1, FGFR2, FGFR3, FGFR4	RTK signaling	GDSC1	AUC	44	0.07526427061310781	0.6272763950758179	higher_expression_more_resistant	0.9923318870521431
VEZF1	all_breast_lines	2048	Vinorelbine	Microtubule destabiliser	Mitosis	GDSC2	LN_IC50	45	0.0743083003952569	0.6275914542945022	higher_expression_more_resistant	0.7676547831499276
VEZF1	all_breast_lines	291	KIN001-266	CDC7	DNA replication	GDSC1	LN_IC50	45	0.07417654808959155	0.6282033804784207	higher_expression_more_resistant	0.9676690019401885
VEZF1	all_breast_lines	190	Bleomycin	dsDNA break induction	DNA replication	GDSC1	AUC	44	-0.07385482734319943	0.6337568523958301	higher_expression_more_sensitive	0.9923318870521431
VEZF1	all_breast_lines	1133	Serdemetan	MDM2	p53 pathway	GDSC1	LN_IC50	42	0.07543959160521838	0.6349098626279686	higher_expression_more_resistant	0.9676690019401885
VEZF1	all_breast_lines	341	Selisistat	SIRT1	Chromatin histone acetylation	GDSC1	LN_IC50	45	0.07220026350461133	0.6374116717792481	higher_expression_more_resistant	0.9676690019401885
VEZF1	all_breast_lines	254	Quizartinib	FLT3	RTK signaling	GDSC1	LN_IC50	44	-0.07258632840028188	0.6396125213147249	higher_expression_more_sensitive	0.9676690019401885
VEZF1	all_breast_lines	211	TL-2-105	not defined	Other	GDSC1	AUC	44	-0.07244538407329104	0.6402644975384277	higher_expression_more_sensitive	0.9923318870521431
VEZF1	all_breast_lines	177	GSK650394	SGK2, SGK3	Other, kinases	GDSC1	LN_IC50	44	0.07244538407329104	0.6402644975384277	higher_expression_more_resistant	0.9676690019401885
VEZF1	all_breast_lines	1259	Talazoparib	PARP1, PARP2	Genome integrity	GDSC1	AUC	42	-0.07414310023498906	0.6407542339401812	higher_expression_more_sensitive	0.9923318870521431
VEZF1	all_breast_lines	573	LGK974	PORCN	WNT signaling	GDSC1	LN_IC50	44	0.07216349541930936	0.64156925280992	higher_expression_more_resistant	0.9676690019401885
VEZF1	all_breast_lines	1026	Tanespimycin	HSP90	Protein stability and degradation	GDSC1	LN_IC50	43	-0.07263666565992147	0.6434451690731735	higher_expression_more_sensitive	0.9676690019401885
VEZF1	all_breast_lines	1430	IGFR_3801	IGFR1	IGF1R signaling	GDSC1	AUC	44	0.07174066243833685	0.6435283865174657	higher_expression_more_resistant	0.9923318870521431
VEZF1	all_breast_lines	1626	OTX015	BRD2, BRD3, BRD4	Chromatin other	GDSC2	AUC	40	0.07542213883677298	0.6436903516798078	higher_expression_more_resistant	0.969557574364595
VEZF1	all_breast_lines	1802	Zoledronate	 	Other	GDSC2	AUC	37	-0.07847321005215742	0.6443225268112429	higher_expression_more_sensitive	0.969557574364595
VEZF1	all_breast_lines	1622	Wnt-C59	PORCN	WNT signaling	GDSC2	AUC	40	-0.075234521575985	0.6445178426695835	higher_expression_more_sensitive	0.969557574364595
VEZF1	all_breast_lines	1428	IAP_5620	IAP	Other	GDSC2	AUC	36	0.07953667953667955	0.6447197878273412	higher_expression_more_resistant	0.969557574364595
VEZF1	all_breast_lines	1069	EHT-1864	RAC1, RAC2, RAC3	Cytoskeleton	GDSC1	AUC	43	0.0721836303231652	0.6455214958197649	higher_expression_more_resistant	0.9923318870521431
VEZF1	all_breast_lines	155	Ponatinib	ABL, PDGFRA, VEGFR2, FGFR1, SRC, TIE2, FLT3	Other, kinases	GDSC1	LN_IC50	44	-0.0711768851303735	0.6461442820339697	higher_expression_more_sensitive	0.9676690019401885
VEZF1	all_breast_lines	1808	Topotecan	TOP1	DNA replication	GDSC2	LN_IC50	37	0.0779990516832622	0.6463306921969358	higher_expression_more_resistant	0.7871976379321655
VEZF1	all_breast_lines	204	Tipifarnib	Farnesyl-transferase (FNTA)	Other	GDSC1	AUC	45	-0.07009222661396575	0.647293683635686	higher_expression_more_sensitive	0.9923318870521431
VEZF1	all_breast_lines	1549	Sapitinib	EGFR, ERBB2, ERBB3	EGFR signaling	GDSC2	AUC	45	0.06982872200263503	0.6485332081175164	higher_expression_more_resistant	0.969557574364595
VEZF1	all_breast_lines	1175	Rucaparib	PARP1, PARP2	Genome integrity	GDSC2	AUC	45	-0.06956521739130433	0.6497736726443426	higher_expression_more_sensitive	0.969557574364595
VEZF1	all_breast_lines	366	TWS119	GSK3	WNT signaling	GDSC1	LN_IC50	44	0.0697674418604651	0.6527024398544943	higher_expression_more_resistant	0.9676690019401885
VEZF1	all_breast_lines	2159	UNC0379	SETD8	Chromatin histone methylation	GDSC2	LN_IC50	40	0.07335834896810507	0.6528158761588035	higher_expression_more_resistant	0.7917128710862086
VEZF1	all_breast_lines	260	NG-25	TAK1, M4K2	Other, kinases	GDSC1	LN_IC50	45	0.0689064558629776	0.6528789277861602	higher_expression_more_resistant	0.9676690019401885
VEZF1	all_breast_lines	1013	Nilotinib	ABL	ABL signaling	GDSC1	AUC	43	0.07037148897614015	0.6538533040145021	higher_expression_more_resistant	0.9923318870521431
VEZF1	all_breast_lines	1253	N24798-49-A1	JMJ histone demethylase	Chromatin histone methylation	GDSC1	AUC	43	-0.07014761963696113	0.6548855187080723	higher_expression_more_sensitive	0.9923318870521431
VEZF1	all_breast_lines	1218	JQ1	BRD2, BRD3, BRD4, BRDT	Chromatin other	GDSC1	LN_IC50	42	-0.0707398103881371	0.6561972457709776	higher_expression_more_sensitive	0.9676690019401885
VEZF1	all_breast_lines	1184	AZ20	ATR	Genome integrity	GDSC1	LN_IC50	42	-0.07057774896685845	0.6569362297218607	higher_expression_more_sensitive	0.9676690019401885
VEZF1	all_breast_lines	1001	AICA Ribonucleotide	AMPK agonist	Metabolism	GDSC1	LN_IC50	43	0.06961643008154636	0.6573372624948682	higher_expression_more_resistant	0.9676690019401885
VEZF1	all_breast_lines	1016	Temsirolimus	MTOR	PI3K/MTOR signaling	GDSC1	AUC	43	-0.06946541830262762	0.6580349183563875	higher_expression_more_sensitive	0.9923318870521431
VEZF1	all_breast_lines	409	eEF2K Inhibitor, A-484954	eEF2K	Other, kinases	GDSC1	AUC	44	0.06849894291754757	0.6586270007784663	higher_expression_more_resistant	0.9923318870521431
VEZF1	all_breast_lines	1421	FGFR_0939	FGFR4	RTK signaling	GDSC1	AUC	44	0.06849894291754757	0.6586270007784663	higher_expression_more_resistant	0.9923318870521431
VEZF1	all_breast_lines	436	CAP-232, TT-232, TLN-232	Glycolysis	Metabolism	GDSC1	AUC	44	0.06793516560958422	0.6612668101044621	higher_expression_more_resistant	0.9923318870521431
VEZF1	all_breast_lines	140	Vinorelbine	Microtubule destabiliser	Mitosis	GDSC1	AUC	44	0.06779422128259337	0.6619273988496762	higher_expression_more_resistant	0.9923318870521431
VEZF1	all_breast_lines	1621	PCI-34051	HDAC8, HDAC6, HDAC1	Chromatin histone acetylation	GDSC2	LN_IC50	40	0.07073170731707318	0.6645025477305696	higher_expression_more_resistant	0.8024712970475099
VEZF1	all_breast_lines	236	IC-87114	PI3Kdelta	PI3K/MTOR signaling	GDSC1	LN_IC50	43	0.0678042887345213	0.6657279528282255	higher_expression_more_resistant	0.9676690019401885
VEZF1	all_breast_lines	206	Ruxolitinib	JAK1, JAK2	Other, kinases	GDSC1	LN_IC50	45	-0.06613965744400527	0.6659839385890748	higher_expression_more_sensitive	0.9676690019401885
VEZF1	all_breast_lines	1239	YK-4-279	RNA helicase A	Other	GDSC2	AUC	45	0.06587615283267456	0.6672372588291084	higher_expression_more_resistant	0.9858461143054278
VEZF1	all_breast_lines	1268	XAV939	TNKS1, TNKS2	WNT signaling	GDSC1	AUC	43	0.06720024161884627	0.6685338918902769	higher_expression_more_resistant	0.9923318870521431
VEZF1	all_breast_lines	238	Idelalisib	PI3Kdelta	PI3K/MTOR signaling	GDSC1	AUC	45	0.06548089591567852	0.6691189186387526	higher_expression_more_resistant	0.9923318870521431
VEZF1	all_breast_lines	1560	Alpelisib	PI3Kalpha	PI3K/MTOR signaling	GDSC2	AUC	45	-0.06548089591567852	0.6691189186387526	higher_expression_more_sensitive	0.9858461143054278
VEZF1	all_breast_lines	363	PF-00299804	EGFR, ERBB2, ERBB4	RTK signaling	GDSC1	LN_IC50	44	-0.06624383368569414	0.6692105230475629	higher_expression_more_sensitive	0.9676690019401885
VEZF1	all_breast_lines	166	FTI-277	Farnesyl-transferase (FNTA)	Other	GDSC1	AUC	44	0.06610288935870332	0.6698741273171392	higher_expression_more_resistant	0.9923318870521431
VEZF1	all_breast_lines	279	BIX02189	MEK5, ERK5	ERK MAPK signaling	GDSC1	AUC	45	-0.06521739130434781	0.6703744737981587	higher_expression_more_sensitive	0.9923318870521431
VEZF1	all_breast_lines	202	GSK1904529A	IGF1R, IR	RTK signaling	GDSC1	AUC	45	0.06455862977602107	0.6735172433896706	higher_expression_more_resistant	0.9923318870521431
VEZF1	all_breast_lines	1582	SGC-CBP30	EP300, CBP	Chromatin histone acetylation	GDSC2	AUC	37	0.07159791370317686	0.6736774008102357	higher_expression_more_resistant	0.9858461143054278
VEZF1	all_breast_lines	211	TL-2-105	not defined	Other	GDSC1	LN_IC50	44	-0.06511627906976744	0.6745262887352927	higher_expression_more_sensitive	0.9676690019401885
VEZF1	all_breast_lines	447	ETP-45835	MNK1, MNK2	Other, kinases	GDSC1	LN_IC50	44	0.06511627906976744	0.6745262887352927	higher_expression_more_resistant	0.9676690019401885
VEZF1	all_breast_lines	1032	Afatinib	EGFR, ERBB2	EGFR signaling	GDSC2	AUC	44	0.06511627906976744	0.6745262887352927	higher_expression_more_resistant	0.9858461143054278
VEZF1	all_breast_lines	1192	GSK269962A	ROCK1, ROCK2	Cytoskeleton	GDSC1	LN_IC50	42	-0.06652621343489182	0.6755141675145677	higher_expression_more_sensitive	0.9676690019401885
VEZF1	all_breast_lines	150	Bicalutamide	AR	Hormone-related	GDSC1	LN_IC50	45	0.06389986824769434	0.6766655207092752	higher_expression_more_resistant	0.9676690019401885
VEZF1	all_breast_lines	1446	PI3Ka_4409	PI3Kalpha, PI3Kdelta	PI3K/MTOR signaling	GDSC1	LN_IC50	44	0.06455250176180408	0.6771900738509062	higher_expression_more_resistant	0.9676690019401885
VEZF1	all_breast_lines	260	NG-25	TAK1, M4K2	Other, kinases	GDSC1	AUC	45	0.06376811594202898	0.6772958329550911	higher_expression_more_resistant	0.9923318870521431
VEZF1	all_breast_lines	283	Omipalisib	PI3K (class 1), MTORC1, MTORC2	PI3K/MTOR signaling	GDSC1	AUC	44	0.06427061310782241	0.6785234295063718	higher_expression_more_resistant	0.9923318870521431
VEZF1	all_breast_lines	171	AKT inhibitor VIII	AKT1, AKT2, AKT3	PI3K/MTOR signaling	GDSC1	AUC	44	-0.06398872445384073	0.6798577557871767	higher_expression_more_sensitive	0.9923318870521431
VEZF1	all_breast_lines	1941	Sepantronium bromide	BIRC5	Apoptosis regulation	GDSC2	LN_IC50	45	0.06271409749670619	0.6823461486536406	higher_expression_more_resistant	0.8205428369885551
VEZF1	all_breast_lines	2048	Vinorelbine	Microtubule destabiliser	Mitosis	GDSC2	AUC	45	0.06245059288537549	0.6836108852167636	higher_expression_more_resistant	0.987703734750536
VEZF1	all_breast_lines	255	CP724714	ERBB2	EGFR signaling	GDSC1	AUC	44	0.06286116983791402	0.6852046952321548	higher_expression_more_resistant	0.9923318870521431
VEZF1	all_breast_lines	1834	743380		Unclassified	GDSC2	AUC	37	0.06875296348980559	0.6859678243529183	higher_expression_more_resistant	0.987703734750536
VEZF1	all_breast_lines	277	Linifanib	VEGFR1, VEGFR2, VEGFR3, CSF1R, FLT3, KIT	RTK signaling	GDSC1	LN_IC50	44	0.06243833685694151	0.6872137393977716	higher_expression_more_resistant	0.9676690019401885
VEZF1	all_breast_lines	1494	SN-38	TOP1	DNA replication	GDSC1	LN_IC50	44	0.062156448202959826	0.6885542868569829	higher_expression_more_resistant	0.9676690019401885
VEZF1	all_breast_lines	2177	SGC0946	DOT1L	Chromatin histone methylation	GDSC2	AUC	44	0.06201550387596899	0.6892249146254318	higher_expression_more_resistant	0.987703734750536
VEZF1	all_breast_lines	1738	IGF1R_3801	IGFR1	IGF1R signaling	GDSC2	LN_IC50	37	0.06756756756756756	0.6911125975374239	higher_expression_more_resistant	0.827592816378848
VEZF1	all_breast_lines	1362	BAY ACCi	ACACA	Metabolism	GDSC1	LN_IC50	40	0.06472795497185742	0.6915069657754842	higher_expression_more_resistant	0.9676690019401885
VEZF1	all_breast_lines	1494	SN-38	TOP1	DNA replication	GDSC2	AUC	44	-0.061451726568005634	0.6919097753054791	higher_expression_more_sensitive	0.987703734750536
VEZF1	all_breast_lines	1919	Osimertinib	EGFR	EGFR signaling	GDSC2	AUC	45	0.0600790513833992	0.695031707371155	higher_expression_more_resistant	0.987703734750536
VEZF1	all_breast_lines	477	A-83-01	TGFB	Other	GDSC1	AUC	44	-0.06060606060606061	0.6959440647426005	higher_expression_more_sensitive	0.9923318870521431
VEZF1	all_breast_lines	374	GSK1059615	PI3K	PI3K/MTOR signaling	GDSC1	LN_IC50	44	0.06060606060606061	0.6959440647426005	higher_expression_more_resistant	0.9676690019401885
VEZF1	all_breast_lines	1266	ICL1100013	N-myristoyltransferase 1/2	Other	GDSC1	AUC	43	0.06131078224101479	0.6961206621704197	higher_expression_more_resistant	0.9923318870521431
VEZF1	all_breast_lines	1730	PAK_5339	PAK1, PAK2	Cytoskeleton	GDSC2	LN_IC50	37	0.06614509246088193	0.697304363066639	higher_expression_more_resistant	0.8315135710208875
VEZF1	all_breast_lines	409	eEF2K Inhibitor, A-484954	eEF2K	Other, kinases	GDSC1	LN_IC50	44	0.0599013389711064	0.6993123245423887	higher_expression_more_resistant	0.9676690019401885
VEZF1	all_breast_lines	230	GSK429286A	ROCK1, ROCK2	Cytoskeleton	GDSC1	LN_IC50	45	0.05915678524374176	0.699491399391029	higher_expression_more_resistant	0.9676690019401885
VEZF1	all_breast_lines	1028	VX-702	p38	JNK and p38 signaling	GDSC1	LN_IC50	43	0.06055572334642102	0.699686510048504	higher_expression_more_resistant	0.9676690019401885
VEZF1	all_breast_lines	1364	BAY-HDAC11_1	HDAC11	Chromatin histone acetylation	GDSC1	LN_IC50	40	0.0628517823639775	0.7000256231980619	higher_expression_more_resistant	0.9676690019401885
VEZF1	all_breast_lines	1910	ABT737	BCL2, BCL-XL,  BCL-W, BCL-B, BFL1	Apoptosis regulation	GDSC2	AUC	45	-0.059025032938076406	0.7001293195270827	higher_expression_more_sensitive	0.987703734750536
VEZF1	all_breast_lines	151	QS11	ARFGAP1	Other	GDSC1	LN_IC50	45	0.059025032938076406	0.7001293195270827	higher_expression_more_resistant	0.9676690019401885
VEZF1	all_breast_lines	1021	Axitinib	PDGFR, KIT, VEGFR	RTK signaling	GDSC1	LN_IC50	43	0.060404711567502274	0.700400448354671	higher_expression_more_resistant	0.9676690019401885
VEZF1	all_breast_lines	1402	AZD7762	CHEK1, CHEK2	Cell cycle	GDSC1	LN_IC50	44	0.059619450317124734	0.7006612312939038	higher_expression_more_resistant	0.9676690019401885
VEZF1	all_breast_lines	1050	ZM447439	AURKA, AURKB	Mitosis	GDSC1	AUC	43	-0.06025369978858351	0.7011146416207845	higher_expression_more_sensitive	0.9923318870521431
VEZF1	all_breast_lines	1006	Cytarabine	Antimetabolite	Other	GDSC1	AUC	43	-0.060102688009664756	0.7018290892955006	higher_expression_more_sensitive	0.9923318870521431
VEZF1	all_breast_lines	184	BMS-754807	IGF1R, IR	RTK signaling	GDSC1	LN_IC50	45	-0.05862977602108036	0.7020443032046284	higher_expression_more_sensitive	0.9676690019401885
VEZF1	all_breast_lines	1996	MIM1	MCL1	Apoptosis regulation	GDSC2	LN_IC50	41	0.06149825783972127	0.7024872731797794	higher_expression_more_resistant	0.8342036369009881
VEZF1	all_breast_lines	1378	Bleomycin (50 uM)	dsDNA break induction	DNA replication	GDSC2	AUC	41	0.06097560975609757	0.704901135114495	higher_expression_more_resistant	0.987703734750536
VEZF1	all_breast_lines	1393	Gemcitabine	Pyrimidine antimetabolite	DNA replication	GDSC1	AUC	44	0.057505285412262144	0.7108067908140555	higher_expression_more_resistant	0.9923318870521431
VEZF1	all_breast_lines	431	Alisertib	AURKA	Mitosis	GDSC1	LN_IC50	43	-0.05768649954696466	0.7132943993799697	higher_expression_more_sensitive	0.9676690019401885
VEZF1	all_breast_lines	1368	BAY-MPS1	MPS1	Mitosis	GDSC1	LN_IC50	40	0.05984990619136961	0.7137307598796416	higher_expression_more_resistant	0.9676690019401885
VEZF1	all_breast_lines	1236	UNC0638	G9a and GLP methyltransferases	Chromatin histone methylation	GDSC1	LN_IC50	42	-0.05809901952840127	0.7147601017203563	higher_expression_more_sensitive	0.9676690019401885
VEZF1	all_breast_lines	1046	Wee1 Inhibitor	WEE1, CHEK1	Cell cycle	GDSC1	AUC	36	-0.06306306306306307	0.7148212057699707	higher_expression_more_sensitive	0.9923318870521431
VEZF1	all_breast_lines	152	CP466722	ATM	Genome integrity	GDSC1	AUC	45	-0.05599472990777339	0.7148570243916373	higher_expression_more_sensitive	0.9923318870521431
VEZF1	all_breast_lines	1085	Sorafenib	PDGFR, KIT, VEGFR, RAF	Other, kinases	GDSC2	AUC	45	-0.05599472990777339	0.7148570243916373	higher_expression_more_sensitive	0.987703734750536
VEZF1	all_breast_lines	1428	IAP_5620	IAP	Other	GDSC1	AUC	44	0.056236786469344616	0.7169180474264337	higher_expression_more_resistant	0.9923318870521431
VEZF1	all_breast_lines	308	Foretinib	MET, KDR, TIE2, VEGFR3/FLT4, RON, PDGFR, FGFR1, EGFR	RTK signaling	GDSC1	LN_IC50	45	0.055072463768115934	0.7193600668296034	higher_expression_more_resistant	0.9676690019401885
VEZF1	all_breast_lines	1219	PFI-1	BRD4	Chromatin other	GDSC1	LN_IC50	43	0.05632739353669586	0.7197713387282526	higher_expression_more_resistant	0.9676690019401885
VEZF1	all_breast_lines	1013	Nilotinib	ABL	ABL signaling	GDSC2	AUC	45	-0.054940711462450595	0.7200041304767908	higher_expression_more_sensitive	0.987703734750536
VEZF1	all_breast_lines	1998	BPD-00008900		Other	GDSC2	LN_IC50	41	0.05714285714285716	0.7226887522124453	higher_expression_more_resistant	0.8546319268902363
VEZF1	all_breast_lines	427	Ara-G	Anti-metabolite	Other	GDSC1	LN_IC50	44	0.05426356589147286	0.726459138934358	higher_expression_more_resistant	0.9676690019401885
VEZF1	all_breast_lines	1250	AZ960	JAK2, JAK3	Other, kinases	GDSC2	AUC	40	0.056848030018761736	0.7275251450594077	higher_expression_more_resistant	0.987703734750536
VEZF1	all_breast_lines	163	JQ1	BRD2, BRD3, BRD4, BRDT	Chromatin other	GDSC1	LN_IC50	44	-0.05384073291050035	0.7285090473704103	higher_expression_more_sensitive	0.9676690019401885
VEZF1	all_breast_lines	180	Thapsigargin	SERCA	Other	GDSC1	LN_IC50	42	-0.055181913945385304	0.7285223094910293	higher_expression_more_sensitive	0.9676690019401885
VEZF1	all_breast_lines	1776	GSK2256098C	FAK1	Cytoskeleton	GDSC2	AUC	37	-0.059032716927453766	0.7285460155865393	higher_expression_more_sensitive	0.987703734750536
VEZF1	all_breast_lines	287	KIN001-244	PDK1	Other, kinases	GDSC1	LN_IC50	45	0.05296442687747035	0.7296878676813692	higher_expression_more_resistant	0.9676690019401885
VEZF1	all_breast_lines	261	TL-1-85	TAK1, MAP4K2	Other, kinases	GDSC1	LN_IC50	45	0.052832674571805	0.7303349504834601	higher_expression_more_resistant	0.9676690019401885
VEZF1	all_breast_lines	290	KIN001-260	CDC7	DNA replication	GDSC1	AUC	45	-0.05217391304347826	0.7335731345089319	higher_expression_more_sensitive	0.9923318870521431
VEZF1	all_breast_lines	196	Phenformin	Biguanide agent	Other	GDSC1	AUC	44	0.0525722339675828	0.7346699581114002	higher_expression_more_resistant	0.9923318870521431
VEZF1	all_breast_lines	366	TWS119	GSK3	WNT signaling	GDSC1	AUC	44	0.0525722339675828	0.7346699581114002	higher_expression_more_resistant	0.9923318870521431
VEZF1	all_breast_lines	152	CP466722	ATM	Genome integrity	GDSC1	LN_IC50	45	-0.05098814229249011	0.7394133696931723	higher_expression_more_sensitive	0.9676690019401885
VEZF1	all_breast_lines	1129	PF-4708671	S6K1	PI3K/MTOR signaling	GDSC1	AUC	42	0.05258893120492667	0.740826611159955	higher_expression_more_resistant	0.9923318870521431
VEZF1	all_breast_lines	1268	XAV939	TNKS1, TNKS2	WNT signaling	GDSC2	AUC	40	0.05365853658536587	0.7422750291151023	higher_expression_more_resistant	0.987703734750536
VEZF1	all_breast_lines	204	Tipifarnib	Farnesyl-transferase (FNTA)	Other	GDSC1	LN_IC50	45	-0.05006587615283267	0.7439658378540164	higher_expression_more_sensitive	0.9676690019401885
VEZF1	all_breast_lines	1364	BAY-HDAC11_1	HDAC11	Chromatin histone acetylation	GDSC1	AUC	40	0.053283302063789874	0.744016414633512	higher_expression_more_resistant	0.9923318870521431
VEZF1	all_breast_lines	1186	FS112	KS6B1 (p70S6K)	PI3K/MTOR signaling	GDSC1	AUC	42	0.05161656267725468	0.74545740311371	higher_expression_more_resistant	0.9923318870521431
VEZF1	all_breast_lines	299	OSI-027	MTORC1, MTORC2	PI3K/MTOR signaling	GDSC1	LN_IC50	44	-0.050317124735729385	0.7456632047328918	higher_expression_more_sensitive	0.9676690019401885
VEZF1	all_breast_lines	1365	BAY-HDAC11_2	HDAC11	Chromatin histone acetylation	GDSC1	AUC	40	-0.052908067542213895	0.7457590575787083	higher_expression_more_sensitive	0.9923318870521431
VEZF1	all_breast_lines	2011	ICL-SIRT078	SIR2	Other	GDSC2	AUC	42	-0.05145450125597602	0.7462300676311837	higher_expression_more_sensitive	0.987703734750536
VEZF1	all_breast_lines	282	Pelitinib	EGFR	EGFR signaling	GDSC1	LN_IC50	44	0.050035236081747717	0.7470409274260489	higher_expression_more_resistant	0.9676690019401885
VEZF1	all_breast_lines	299	OSI-027	MTORC1, MTORC2	PI3K/MTOR signaling	GDSC1	AUC	44	-0.049753347427766034	0.7484194295664155	higher_expression_more_sensitive	0.9923318870521431
VEZF1	all_breast_lines	574	Wnt-C59	PORCN	WNT signaling	GDSC1	LN_IC50	44	0.049753347427766034	0.7484194295664155	higher_expression_more_resistant	0.9676690019401885
VEZF1	all_breast_lines	1490	SN-38	TOP1	DNA replication	GDSC1	AUC	43	0.050286922379945635	0.7487869914310189	higher_expression_more_resistant	0.9923318870521431
VEZF1	all_breast_lines	1036	PLX-4720	BRAF	ERK MAPK signaling	GDSC1	LN_IC50	42	0.05064419414958269	0.750097059106902	higher_expression_more_resistant	0.9676690019401885
VEZF1	all_breast_lines	1011	Navitoclax	BCL2, BCL-XL, BCL-W	Apoptosis regulation	GDSC1	AUC	43	0.04953186348535186	0.7524390948481762	higher_expression_more_resistant	0.9923318870521431
VEZF1	all_breast_lines	190	Bleomycin	dsDNA break induction	DNA replication	GDSC1	LN_IC50	44	-0.048484848484848485	0.7546322280942588	higher_expression_more_sensitive	0.9676690019401885
VEZF1	all_breast_lines	147	NSC-87877	SHP-1 (PTPN6), SHP-2 (PTPN11)	Other	GDSC1	LN_IC50	44	0.048343904157857644	0.755323492582367	higher_expression_more_resistant	0.9676690019401885
VEZF1	all_breast_lines	333	T0901317	LXR, FXR	Other	GDSC1	AUC	44	0.0482029598308668	0.7560149459431147	higher_expression_more_resistant	0.9923318870521431
VEZF1	all_breast_lines	221	TAK-715	p38alpha, p38beta	JNK and p38 signaling	GDSC1	AUC	45	0.047562582345191035	0.756365716019105	higher_expression_more_resistant	0.9923318870521431
VEZF1	all_breast_lines	1817	Romidepsin	HDAC1, HDAC2, HDAC3, HDAC8	Chromatin histone acetylation	GDSC2	LN_IC50	37	0.05263157894736842	0.7570388015601812	higher_expression_more_resistant	0.8915539605150895
VEZF1	all_breast_lines	224	AS605240	PI3Kgamma	PI3K/MTOR signaling	GDSC1	AUC	45	-0.04664031620553359	0.7609495775624221	higher_expression_more_sensitive	0.9923318870521431
VEZF1	all_breast_lines	196	Phenformin	Biguanide agent	Other	GDSC1	LN_IC50	44	0.047075405214940094	0.7615533119364231	higher_expression_more_resistant	0.9676690019401885
VEZF1	all_breast_lines	1183	CRT0160829	CDC7	DNA replication	GDSC1	AUC	42	-0.04821327283040273	0.7617339838186901	higher_expression_more_sensitive	0.9923318870521431
VEZF1	all_breast_lines	1813	Fludarabine	Antimetabolite	DNA replication	GDSC2	LN_IC50	37	0.05144618302513039	0.7623513544627298	higher_expression_more_resistant	0.8931528484572708
VEZF1	all_breast_lines	286	KIN001-236	HDAC6, HDAC10	Chromatin histone acetylation	GDSC1	AUC	45	-0.046245059288537546	0.7629165805265092	higher_expression_more_sensitive	0.9923318870521431
VEZF1	all_breast_lines	290	KIN001-260	CDC7	DNA replication	GDSC1	LN_IC50	45	0.046245059288537546	0.7629165805265092	higher_expression_more_resistant	0.9676690019401885
VEZF1	all_breast_lines	1434	JAK3_7406	JAK3	Other, kinases	GDSC1	LN_IC50	44	0.04679351656095841	0.7629397569362807	higher_expression_more_resistant	0.9676690019401885
VEZF1	all_breast_lines	1011	Navitoclax	BCL2, BCL-XL, BCL-W	Apoptosis regulation	GDSC2	LN_IC50	46	0.04532839962997225	0.7648444911042855	higher_expression_more_resistant	0.8931528484572708
VEZF1	all_breast_lines	1913	AGI-5198	IDH1 (R132H)	Metabolism	GDSC2	AUC	45	0.0455862977602108	0.7661981971592996	higher_expression_more_resistant	0.987703734750536
VEZF1	all_breast_lines	1012	Vorinostat	HDAC inhibitor Class I, IIa, IIb, IV	Chromatin histone acetylation	GDSC1	AUC	43	-0.0466626396858955	0.7663651910947508	higher_expression_more_sensitive	0.9923318870521431
VEZF1	all_breast_lines	1025	SB216763	GSK3A, GSK3B	WNT signaling	GDSC2	AUC	44	-0.045947850599013386	0.7671034756305772	higher_expression_more_sensitive	0.987703734750536
VEZF1	all_breast_lines	1042	Doramapimod	p38, JNK2	JNK and p38 signaling	GDSC2	LN_IC50	44	0.04580690627202255	0.767798062708882	higher_expression_more_resistant	0.8931528484572708
VEZF1	all_breast_lines	295	NVP-BHG712	EPHB4, RAF, SRC, ABL	Other, kinases	GDSC1	LN_IC50	45	-0.045059288537549404	0.7688264100572659	higher_expression_more_sensitive	0.9676690019401885
VEZF1	all_breast_lines	1620	PFI3	Polybromo 1, SMARCA4, SMARCA2	Chromatin other	GDSC2	AUC	40	-0.04784240150093809	0.7694037319155724	higher_expression_more_sensitive	0.987703734750536
VEZF1	all_breast_lines	1053	MK-2206	AKT1, AKT2	PI3K/MTOR signaling	GDSC1	LN_IC50	42	0.046592658617616085	0.7695210065427618	higher_expression_more_resistant	0.9676690019401885
VEZF1	all_breast_lines	1071	CRT0105446	mTOR, LCK	PI3K/MTOR signaling	GDSC1	AUC	43	-0.04575656901238297	0.770778281058961	higher_expression_more_sensitive	0.9923318870521431
VEZF1	all_breast_lines	1021	Axitinib	PDGFR, KIT, VEGFR	RTK signaling	GDSC2	AUC	46	-0.04397163120567376	0.7716915348491414	higher_expression_more_sensitive	0.987703734750536
VEZF1	all_breast_lines	1624	I-BET-762	BRD2, BRD3, BRD4	Chromatin other	GDSC2	AUC	40	0.04727954971857412	0.7720441075505659	higher_expression_more_resistant	0.987703734750536
VEZF1	all_breast_lines	1086	BI-2536	PLK1, PLK2, PLK3	Cell cycle	GDSC2	LN_IC50	40	0.04727954971857412	0.7720441075505659	higher_expression_more_resistant	0.8944413441134604
VEZF1	all_breast_lines	1042	Doramapimod	p38, JNK2	JNK and p38 signaling	GDSC1	AUC	43	0.045454545454545456	0.7722509077767286	higher_expression_more_resistant	0.9923318870521431
VEZF1	all_breast_lines	150	Bicalutamide	AR	Hormone-related	GDSC1	AUC	45	-0.043741765480895915	0.7754081050297184	higher_expression_more_sensitive	0.9923318870521431
VEZF1	all_breast_lines	1264	SGC0946	DOT1L	Chromatin histone methylation	GDSC1	AUC	42	0.04529616724738676	0.7757668047325172	higher_expression_more_resistant	0.9923318870521431
VEZF1	all_breast_lines	1460	PARP_9482	PARP1, PARP2, PARP5a	Genome integrity	GDSC1	AUC	43	0.04469948655995167	0.7759359215006756	higher_expression_more_resistant	0.9923318870521431
VEZF1	all_breast_lines	271	VNLG/124	HDAC,RAR	Chromatin histone acetylation	GDSC1	AUC	45	-0.04361001317523057	0.7760671396922016	higher_expression_more_sensitive	0.9923318870521431
VEZF1	all_breast_lines	228	AKT inhibitor VIII	AKT1, AKT2, AKT3	PI3K/MTOR signaling	GDSC1	LN_IC50	44	0.04411557434813248	0.7761469843372649	higher_expression_more_resistant	0.9676690019401885
VEZF1	all_breast_lines	1089	Oxaliplatin	DNA alkylating agent	DNA replication	GDSC2	AUC	45	-0.04334650856389986	0.7773856752797845	higher_expression_more_sensitive	0.987703734750536
VEZF1	all_breast_lines	1997	WEHI-539	BCL-XL	Apoptosis regulation	GDSC2	AUC	44	0.04383368569415081	0.7775409261636049	higher_expression_more_resistant	0.987703734750536
VEZF1	all_breast_lines	1634	AGI-6780	IDH2 R140Q mutant	Metabolism	GDSC2	AUC	39	-0.046558704453441305	0.7783640114981094	higher_expression_more_sensitive	0.987703734750536
VEZF1	all_breast_lines	1085	Sorafenib	PDGFR, KIT, VEGFR, RAF	Other, kinases	GDSC2	LN_IC50	45	0.04308300395256916	0.7787048296478745	higher_expression_more_resistant	0.8979166109645651
VEZF1	all_breast_lines	449	CD532	AURKA	Mitosis	GDSC1	AUC	44	0.043551797040169135	0.7789355584410292	higher_expression_more_resistant	0.9923318870521431
VEZF1	all_breast_lines	1359	965-D2	MKNK1, MKNK2, PIM1, PIM3	Other, kinases	GDSC1	LN_IC50	40	-0.04577861163227018	0.7790974334530201	higher_expression_more_sensitive	0.9676690019401885
VEZF1	all_breast_lines	205	Avagacestat	Amyloid beta20, Amyloid beta40	Other	GDSC1	AUC	44	-0.043410852713178294	0.7796331322121243	higher_expression_more_sensitive	0.9923318870521431
VEZF1	all_breast_lines	1030	KU-55933	ATM	Genome integrity	GDSC1	AUC	42	0.044485860140993434	0.7796775525312402	higher_expression_more_resistant	0.9923318870521431
VEZF1	all_breast_lines	342	Tenovin-6	SIRT	Chromatin histone acetylation	GDSC1	AUC	44	-0.04326990838618745	0.7803308770510992	higher_expression_more_sensitive	0.9923318870521431
VEZF1	all_breast_lines	281	Alectinib	ALK	RTK signaling	GDSC1	LN_IC50	44	0.04312896405919661	0.7810287924421984	higher_expression_more_resistant	0.9676690019401885
VEZF1	all_breast_lines	1091	BMS-536924	IGF1R, IR	IGF1R signaling	GDSC2	LN_IC50	45	0.04255599472990777	0.7813449807691655	higher_expression_more_resistant	0.8979166109645651
VEZF1	all_breast_lines	1436	MCT1_6447	MCT1	Cell cycle	GDSC1	AUC	41	0.04442508710801395	0.7827028467559484	higher_expression_more_resistant	0.9923318870521431
VEZF1	all_breast_lines	2107	LJI308	RSK2, RSK1, RSK3	PI3K/MTOR signaling	GDSC2	AUC	44	-0.04256668666091011	0.7838147139920614	higher_expression_more_sensitive	0.987703734750536
VEZF1	all_breast_lines	2109	AZ6102	TNKS1, TNKS2	WNT signaling	GDSC2	AUC	45	0.041765480895915676	0.7853097609494571	higher_expression_more_resistant	0.987703734750536
VEZF1	all_breast_lines	428	Pemetrexed	TYMS	DNA replication	GDSC1	LN_IC50	44	-0.042142353770260745	0.7859189322367379	higher_expression_more_sensitive	0.9676690019401885
VEZF1	all_breast_lines	202	GSK1904529A	IGF1R, IR	RTK signaling	GDSC1	LN_IC50	45	0.04150197628458498	0.7866325545847984	higher_expression_more_resistant	0.9676690019401885
VEZF1	all_breast_lines	1446	PI3Ka_4409	PI3Kalpha, PI3Kdelta	PI3K/MTOR signaling	GDSC1	AUC	44	0.04171952078928823	0.7880172129847313	higher_expression_more_resistant	0.9923318870521431
VEZF1	all_breast_lines	1930	Telomerase Inhibitor IX	Telomerase	Genome integrity	GDSC2	AUC	45	0.041106719367588924	0.7886178581816188	higher_expression_more_resistant	0.987703734750536
VEZF1	all_breast_lines	2439	glutathione	anti-oxidant proteins	Other	GDSC2	AUC	40	-0.04352720450281427	0.7897100776811188	higher_expression_more_sensitive	0.987703734750536
VEZF1	all_breast_lines	1083	Crizotinib	MET, ALK, ROS1	RTK signaling	GDSC2	AUC	45	0.04071146245059288	0.7906044869809996	higher_expression_more_resistant	0.987703734750536
VEZF1	all_breast_lines	1910	ABT737	BCL2, BCL-XL,  BCL-W, BCL-B, BFL1	Apoptosis regulation	GDSC2	LN_IC50	45	0.04057971014492753	0.7912669890118895	higher_expression_more_resistant	0.9035553691397008
VEZF1	all_breast_lines	1932	NVP-ADW742	IGF1R	IGF1R signaling	GDSC2	LN_IC50	45	0.04031620553359684	0.7925924290699129	higher_expression_more_resistant	0.9035553691397008
VEZF1	all_breast_lines	1498	Selumetinib	MEK1, MEK2	ERK MAPK signaling	GDSC1	AUC	42	0.04173081597925614	0.7930137262089483	higher_expression_more_resistant	0.9923318870521431
VEZF1	all_breast_lines	1809	Teniposide		DNA replication	GDSC2	AUC	37	0.044570886676149835	0.7933685469462208	higher_expression_more_resistant	0.987703734750536
VEZF1	all_breast_lines	1373	Dabrafenib	BRAF	ERK MAPK signaling	GDSC1	LN_IC50	42	-0.04140669313669882	0.7945866033455274	higher_expression_more_sensitive	0.9676690019401885
VEZF1	all_breast_lines	375	Voxtalisib	PI3K (class 1), DNAPK, MTOR	PI3K/MTOR signaling	GDSC1	LN_IC50	44	-0.040310077519379844	0.7950221186339661	higher_expression_more_sensitive	0.9676690019401885
VEZF1	all_breast_lines	1026	Tanespimycin	HSP90	Protein stability and degradation	GDSC2	AUC	45	0.03978919631093544	0.7952450407821333	higher_expression_more_resistant	0.987703734750536
VEZF1	all_breast_lines	1086	BI-2536	PLK1, PLK2, PLK3	Cell cycle	GDSC2	AUC	40	-0.042213883677298315	0.795918257065692	higher_expression_more_sensitive	0.987703734750536
VEZF1	all_breast_lines	263	FR-180204	ERK1, ERK2	ERK MAPK signaling	GDSC1	LN_IC50	45	0.03926218708827404	0.7978999376494387	higher_expression_more_resistant	0.9676690019401885
VEZF1	all_breast_lines	1046	Wee1 Inhibitor	WEE1, CHEK1	Cell cycle	GDSC2	AUC	45	-0.03899868247694334	0.7992282341342272	higher_expression_more_sensitive	0.987703734750536
VEZF1	all_breast_lines	546	FTY-720	S1P	Other	GDSC1	LN_IC50	44	0.03946441155743481	0.7992327579371964	higher_expression_more_resistant	0.9676690019401885
VEZF1	all_breast_lines	562	AGI-6780	IDH2(R140Q)	Metabolism	GDSC1	LN_IC50	44	-0.03918252290345313	0.8006375618721462	higher_expression_more_sensitive	0.9676690019401885
VEZF1	all_breast_lines	1237	EPZ004777	DOT1L	Chromatin histone methylation	GDSC2	AUC	45	-0.03820816864295125	0.8032164730512329	higher_expression_more_sensitive	0.987703734750536
VEZF1	all_breast_lines	1464	TTK_3146	TTK	Mitosis	GDSC1	LN_IC50	44	0.03861874559548978	0.8034490307483336	higher_expression_more_resistant	0.9676690019401885
VEZF1	all_breast_lines	1259	Talazoparib	PARP1, PARP2	Genome integrity	GDSC1	LN_IC50	42	0.03946195608135483	0.804040537614637	higher_expression_more_resistant	0.9676690019401885
VEZF1	all_breast_lines	372	Pilaralisib	PI3K	PI3K/MTOR signaling	GDSC1	LN_IC50	44	0.03819591261451726	0.8055592441784091	higher_expression_more_resistant	0.9676690019401885
VEZF1	all_breast_lines	1368	BAY-MPS1	MPS1	Mitosis	GDSC1	AUC	40	0.040150093808630404	0.8056989312424007	higher_expression_more_resistant	0.9923318870521431
VEZF1	all_breast_lines	1259	Talazoparib	PARP1, PARP2	Genome integrity	GDSC2	AUC	45	-0.03768115942028985	0.8058780545074443	higher_expression_more_sensitive	0.987703734750536
VEZF1	all_breast_lines	165	DMOG	HIF-PH	Metabolism	GDSC1	AUC	43	-0.038508003624282694	0.8063295413851395	higher_expression_more_sensitive	0.9923318870521431
VEZF1	all_breast_lines	228	AKT inhibitor VIII	AKT1, AKT2, AKT3	PI3K/MTOR signaling	GDSC1	AUC	44	0.037773079633544746	0.8076708232806559	higher_expression_more_resistant	0.9923318870521431
VEZF1	all_breast_lines	263	FR-180204	ERK1, ERK2	ERK MAPK signaling	GDSC1	AUC	45	-0.03715415019762845	0.808541806963941	higher_expression_more_sensitive	0.9923318870521431
VEZF1	all_breast_lines	154	CHIR-99021	GSK3A, GSK3B	WNT signaling	GDSC1	AUC	44	-0.03749119097956307	0.8090792943320456	higher_expression_more_sensitive	0.9923318870521431
VEZF1	all_breast_lines	1019	Bosutinib	SRC, ABL, TEC	Other, kinases	GDSC2	AUC	45	-0.037022397891963106	0.8092080809334002	higher_expression_more_sensitive	0.987703734750536
VEZF1	all_breast_lines	178	BAY-61-3606	SYK	Other, kinases	GDSC1	LN_IC50	45	-0.037022397891963106	0.8092080809334002	higher_expression_more_sensitive	0.9676690019401885
VEZF1	all_breast_lines	1004	Vinblastine	Microtubule destabiliser	Mitosis	GDSC2	LN_IC50	41	0.038850174216027884	0.8094308115215136	higher_expression_more_resistant	0.9188831287615541
VEZF1	all_breast_lines	1047	Nutlin-3a (-)	MDM2	p53 pathway	GDSC2	LN_IC50	46	0.03595436324390996	0.812486134904953	higher_expression_more_resistant	0.9188831287615541
VEZF1	all_breast_lines	235	QL-XII-47	BTK, BMX	Other, kinases	GDSC1	AUC	45	-0.03636363636363636	0.8125414434426551	higher_expression_more_sensitive	0.9923318870521431
VEZF1	all_breast_lines	179	5-Fluorouracil	Antimetabolite (DNA & RNA)	Other	GDSC1	LN_IC50	45	0.03623188405797101	0.8132085113259707	higher_expression_more_resistant	0.9676690019401885
VEZF1	all_breast_lines	363	PF-00299804	EGFR, ERBB2, ERBB4	RTK signaling	GDSC1	AUC	44	-0.03664552501761804	0.8133082687273396	higher_expression_more_sensitive	0.9923318870521431
VEZF1	all_breast_lines	1586	BDILV000379a	BAZ2A, BAZ2B	Chromatin histone acetylation	GDSC2	AUC	37	0.04006638217164532	0.8138642754850297	higher_expression_more_resistant	0.987703734750536
VEZF1	all_breast_lines	308	Foretinib	MET, KDR, TIE2, VEGFR3/FLT4, RON, PDGFR, FGFR1, EGFR	RTK signaling	GDSC1	AUC	45	0.035836627140974964	0.8152104976246072	higher_expression_more_resistant	0.9923318870521431
VEZF1	all_breast_lines	1365	BAY-HDAC11_2	HDAC11	Chromatin histone acetylation	GDSC1	LN_IC50	40	-0.037898686679174495	0.8164020864937637	higher_expression_more_sensitive	0.9676690019401885
VEZF1	all_breast_lines	305	TPCA-1	IKK2	Other, kinases	GDSC1	LN_IC50	45	0.03544137022397892	0.8172136484132076	higher_expression_more_resistant	0.9676690019401885
VEZF1	all_breast_lines	277	Linifanib	VEGFR1, VEGFR2, VEGFR3, CSF1R, FLT3, KIT	RTK signaling	GDSC1	AUC	44	0.03579985905567301	0.8175424956355566	higher_expression_more_resistant	0.9923318870521431
VEZF1	all_breast_lines	382	Apitolisib	mTOR, PI3K	PI3K/MTOR signaling	GDSC1	LN_IC50	43	-0.0360918151615826	0.8182699828789403	higher_expression_more_sensitive	0.9676690019401885
VEZF1	all_breast_lines	1052	RO-3306	CDK1	Cell cycle	GDSC1	LN_IC50	43	-0.03578979160374509	0.8197654551911698	higher_expression_more_sensitive	0.9676690019401885
VEZF1	all_breast_lines	1022	AZD7762	CHEK1, CHEK2	Cell cycle	GDSC2	LN_IC50	46	0.034227567067530065	0.8213413814364542	higher_expression_more_resistant	0.9233073059181102
VEZF1	all_breast_lines	1494	SN-38	TOP1	DNA replication	GDSC1	AUC	44	0.03495419309372797	0.8217818598291466	higher_expression_more_resistant	0.9923318870521431
VEZF1	all_breast_lines	1179	MK-1775	WEE1, PLK1	Cell cycle	GDSC2	AUC	45	-0.034519104084321475	0.8218921268662829	higher_expression_more_sensitive	0.987703734750536
VEZF1	all_breast_lines	1039	SL0101	RSK, AURKB, PIM1, PIM3	Other, kinases	GDSC1	AUC	42	-0.035734543391945546	0.822236769274584	higher_expression_more_sensitive	0.9923318870521431
VEZF1	all_breast_lines	2112	VTP-A		Unclassified	GDSC2	LN_IC50	41	0.036062717770034856	0.8228773884322806	higher_expression_more_resistant	0.9233073059181102
VEZF1	all_breast_lines	1463	AZD1332	NTRK1, NTRK2, NTRK3	RTK signaling	GDSC1	LN_IC50	44	-0.03439041578576462	0.8246108995826261	higher_expression_more_sensitive	0.9676690019401885
VEZF1	all_breast_lines	562	AGI-6780	IDH2(R140Q)	Metabolism	GDSC1	AUC	44	-0.03439041578576462	0.8246108995826261	higher_expression_more_sensitive	0.9923318870521431
VEZF1	all_breast_lines	1835	Elephantin		Unclassified	GDSC2	AUC	37	0.03745851114272166	0.825787113362773	higher_expression_more_resistant	0.987703734750536
VEZF1	all_breast_lines	266	Zibotentan	Endothelin-1 receptor (EDNRA)	Other	GDSC1	AUC	45	0.03359683794466403	0.8265767232534259	higher_expression_more_resistant	0.9923318870521431
VEZF1	all_breast_lines	275	I-BET-762	BRD2, BRD3, BRD4	Chromatin other	GDSC1	AUC	45	-0.03359683794466403	0.8265767232534259	higher_expression_more_sensitive	0.9923318870521431
VEZF1	all_breast_lines	406	LIMK1 inhibitor BMS4	LIMK1	Cytoskeleton	GDSC1	LN_IC50	44	0.03396758280479211	0.8267341233805364	higher_expression_more_resistant	0.9676690019401885
VEZF1	all_breast_lines	2110	GSK591	PMRT5	Chromatin histone methylation	GDSC2	AUC	45	-0.03346508563899868	0.8272464416344083	higher_expression_more_sensitive	0.987703734750536
VEZF1	all_breast_lines	1497	AZD4547	FGFR1, FGFR2, FGFR3	RTK signaling	GDSC1	AUC	41	0.035017421602787466	0.8279329882642826	higher_expression_more_resistant	0.9923318870521431
VEZF1	all_breast_lines	428	Pemetrexed	TYMS	DNA replication	GDSC1	AUC	44	-0.03326286116983791	0.8302755371067565	higher_expression_more_sensitive	0.9923318870521431
VEZF1	all_breast_lines	1203	QL-XII-61	BMX, BTK	Other, kinases	GDSC1	AUC	20	-0.051127819548872175	0.8304946161837171	higher_expression_more_sensitive	0.9923318870521431
VEZF1	all_breast_lines	1168	Erlotinib	EGFR	EGFR signaling	GDSC2	AUC	45	-0.03267457180500659	0.8312672814255949	higher_expression_more_sensitive	0.987703734750536
VEZF1	all_breast_lines	1016	Temsirolimus	MTOR	PI3K/MTOR signaling	GDSC1	LN_IC50	43	-0.033373603141045004	0.831751536019184	higher_expression_more_sensitive	0.9676690019401885
VEZF1	all_breast_lines	1029	Motesanib	VEGFR, RET, KIT, PDGFR	RTK signaling	GDSC1	LN_IC50	43	0.03307157958320749	0.8332525074140709	higher_expression_more_resistant	0.9676690019401885
VEZF1	all_breast_lines	1833	741909		Unclassified	GDSC2	AUC	37	-0.03556187766714082	0.8344826287975089	higher_expression_more_sensitive	0.987703734750536
VEZF1	all_breast_lines	2171	BMS-754807	IGF1R, IR	IGF1R signaling	GDSC2	AUC	45	-0.03201581027667984	0.834621243394216	higher_expression_more_sensitive	0.987703734750536
VEZF1	all_breast_lines	1847	BEN		Unclassified	GDSC2	AUC	37	0.034850640113798	0.8377485021386983	higher_expression_more_resistant	0.987703734750536
VEZF1	all_breast_lines	1015	CI-1040	MEK1, MEK2	ERK MAPK signaling	GDSC1	LN_IC50	43	0.032165508909694954	0.8377589137839075	higher_expression_more_resistant	0.9676690019401885
VEZF1	all_breast_lines	1197	ZL049		Unclassified	GDSC1	LN_IC50	43	0.0320144971307762	0.8385104840455931	higher_expression_more_resistant	0.9676690019401885
VEZF1	all_breast_lines	1008	Methotrexate	Antimetabolite	DNA replication	GDSC2	LN_IC50	40	-0.033208255159474676	0.8388040637575259	higher_expression_more_sensitive	0.9342594635024256
VEZF1	all_breast_lines	1855	KRAS (G12C) Inhibitor-12	KRAS (G12C)	ERK MAPK signaling	GDSC2	LN_IC50	40	0.033020637898686686	0.8397028799000185	higher_expression_more_resistant	0.9342594635024256
VEZF1	all_breast_lines	1738	IGF1R_3801	IGFR1	IGF1R signaling	GDSC2	AUC	37	-0.03413940256045519	0.8410170512196294	higher_expression_more_sensitive	0.987703734750536
VEZF1	all_breast_lines	1598	LGK974	PORCN	WNT signaling	GDSC2	AUC	45	0.03069828722002635	0.8413378233104077	higher_expression_more_resistant	0.987703734750536
VEZF1	all_breast_lines	1071	CRT0105446	mTOR, LCK	PI3K/MTOR signaling	GDSC1	LN_IC50	43	-0.031108426457263662	0.8430228622488442	higher_expression_more_sensitive	0.9676690019401885
VEZF1	all_breast_lines	235	QL-XII-47	BTK, BMX	Other, kinases	GDSC1	LN_IC50	45	-0.0300395256916996	0.8447003262275188	higher_expression_more_sensitive	0.9676690019401885
VEZF1	all_breast_lines	1248	Daporinad	NAMPT	Metabolism	GDSC2	LN_IC50	24	0.041739130434782605	0.8464521133997218	higher_expression_more_resistant	0.9342594635024256
VEZF1	all_breast_lines	1128	FS106	CHEK1	Cell cycle	GDSC1	LN_IC50	42	-0.030386516489749615	0.8485035443212628	higher_expression_more_sensitive	0.9676690019401885
VEZF1	all_breast_lines	151	QS11	ARFGAP1	Other	GDSC1	AUC	45	0.029117259552042155	0.8494124066389619	higher_expression_more_resistant	0.9923318870521431
VEZF1	all_breast_lines	1445	AZD8835	PI3Kalpha, PI3Kdelta	PI3K/MTOR signaling	GDSC1	AUC	44	0.029457364341085267	0.8494549244250833	higher_expression_more_resistant	0.9923318870521431
VEZF1	all_breast_lines	1584	BDOCA000347a	BRPF1, BRPF2, BRPF3	Chromatin histone acetylation	GDSC2	LN_IC50	37	0.03224276908487435	0.8497458630124392	higher_expression_more_resistant	0.9342594635024256
VEZF1	all_breast_lines	275	I-BET-762	BRD2, BRD3, BRD4	Chromatin other	GDSC1	LN_IC50	45	-0.028853754940711462	0.8507596765249336	higher_expression_more_sensitive	0.9676690019401885
VEZF1	all_breast_lines	179	5-Fluorouracil	Antimetabolite (DNA & RNA)	Other	GDSC1	AUC	45	0.028853754940711462	0.8507596765249336	higher_expression_more_resistant	0.9923318870521431
VEZF1	all_breast_lines	2113	VTP-B		Unclassified	GDSC2	LN_IC50	41	-0.03031358885017422	0.8507652382626437	higher_expression_more_sensitive	0.9342594635024256
VEZF1	all_breast_lines	2040	Foretinib	MET, KDR, TIE2, VEGFR3/FLT4, RON, PDGFR, FGFR1, EGFR	RTK signaling	GDSC2	AUC	44	0.028893587033121913	0.8523039121807283	higher_expression_more_resistant	0.987703734750536
VEZF1	all_breast_lines	1068	Obatoclax Mesylate	BCL2, BCL-XL, BCL-W, MCL1	Apoptosis regulation	GDSC2	LN_IC50	40	0.030393996247654785	0.852306878984669	higher_expression_more_resistant	0.9342594635024256
VEZF1	all_breast_lines	412	Venotoclax	BCL-2 selective	Apoptosis regulation	GDSC1	LN_IC50	44	-0.028752642706131072	0.853016450882666	higher_expression_more_sensitive	0.9676690019401885
VEZF1	all_breast_lines	431	Alisertib	AURKA	Mitosis	GDSC1	AUC	43	-0.028994261552401087	0.8535708225758365	higher_expression_more_sensitive	0.9923318870521431
VEZF1	all_breast_lines	1012	Vorinostat	HDAC inhibitor Class I, IIa, IIb, IV	Chromatin histone acetylation	GDSC1	LN_IC50	43	-0.028994261552401087	0.8535708225758365	higher_expression_more_sensitive	0.9676690019401885
VEZF1	all_breast_lines	449	CD532	AURKA	Mitosis	GDSC1	LN_IC50	44	0.028329809725158563	0.8551547584406606	higher_expression_more_resistant	0.9676690019401885
VEZF1	all_breast_lines	1038	NU7441	DNAPK	Genome integrity	GDSC1	LN_IC50	43	-0.028541226215644824	0.8558344480005783	higher_expression_more_sensitive	0.9676690019401885
VEZF1	all_breast_lines	1033	Vismodegib	SMO	Other	GDSC1	LN_IC50	43	0.028390214436726065	0.8565892446138423	higher_expression_more_resistant	0.9676690019401885
VEZF1	all_breast_lines	305	TPCA-1	IKK2	Other, kinases	GDSC1	AUC	45	0.027667984189723313	0.8568275397279524	higher_expression_more_resistant	0.9923318870521431
VEZF1	all_breast_lines	1494	SN-38	TOP1	DNA replication	GDSC2	LN_IC50	44	-0.027906976744186046	0.8572940916394428	higher_expression_more_sensitive	0.9361257322499663
VEZF1	all_breast_lines	1618	GSK2606414	PERK	Metabolism	GDSC2	AUC	40	-0.029080675422138838	0.8586226846741924	higher_expression_more_sensitive	0.987703734750536
VEZF1	all_breast_lines	1402	AZD7762	CHEK1, CHEK2	Cell cycle	GDSC1	AUC	44	0.027625088090204367	0.8587208762393483	higher_expression_more_resistant	0.9923318870521431
VEZF1	all_breast_lines	1853	OF-1	BRPF1B, BRPF2	Chromatin histone acetylation	GDSC2	AUC	40	-0.02889305816135085	0.8595256614899782	higher_expression_more_sensitive	0.987703734750536
VEZF1	all_breast_lines	2038	UNC0638	G9A, GLP	Chromatin histone methylation	GDSC2	AUC	39	-0.028947368421052635	0.8611337483947967	higher_expression_more_sensitive	0.987703734750536
VEZF1	all_breast_lines	1190	Gemcitabine	Pyrimidine antimetabolite	DNA replication	GDSC2	LN_IC50	45	0.026350461133069828	0.8635791816655105	higher_expression_more_resistant	0.9393895678422538
VEZF1	all_breast_lines	1917	AZD6738	ATR	Genome integrity	GDSC2	AUC	45	0.026218708827404475	0.8642548828959589	higher_expression_more_resistant	0.987703734750536
VEZF1	all_breast_lines	1808	Topotecan	TOP1	DNA replication	GDSC2	AUC	37	0.02892366050260787	0.8650631506380837	higher_expression_more_resistant	0.987703734750536
VEZF1	all_breast_lines	1510	Linsitinib	IGF1R	IGF1R signaling	GDSC2	AUC	45	-0.02595520421607378	0.8656065722037003	higher_expression_more_sensitive	0.987703734750536
VEZF1	all_breast_lines	230	GSK429286A	ROCK1, ROCK2	Cytoskeleton	GDSC1	AUC	45	-0.025823451910408433	0.8662825593439007	higher_expression_more_sensitive	0.9923318870521431
VEZF1	all_breast_lines	1530	PFI-3	PB1, SMARCA4, SMARCA2	Chromatin other	GDSC1	LN_IC50	40	0.026829268292682933	0.8694698023851296	higher_expression_more_resistant	0.9676690019401885
VEZF1	all_breast_lines	1031	Elesclomol	HSP90	Protein stability and degradation	GDSC1	AUC	43	-0.025218967079432195	0.8724681462874863	higher_expression_more_sensitive	0.9923318870521431
VEZF1	all_breast_lines	286	KIN001-236	HDAC6, HDAC10	Chromatin histone acetylation	GDSC1	LN_IC50	45	0.024505928853754938	0.8730475434161346	higher_expression_more_resistant	0.9676690019401885
VEZF1	all_breast_lines	312	Tivozanib	VEGFR1, VEGFR2, VEGFR3, PDGFR, KIT	RTK signaling	GDSC1	AUC	44	-0.024524312896405918	0.8744438939462742	higher_expression_more_sensitive	0.9923318870521431
VEZF1	all_breast_lines	255	CP724714	ERBB2	EGFR signaling	GDSC1	LN_IC50	44	-0.024524312896405918	0.8744438939462742	higher_expression_more_sensitive	0.9676690019401885
VEZF1	all_breast_lines	408	Sphingosine Kinase 1 Inhibitor II	Sphingosine Kinase	Other, kinases	GDSC1	LN_IC50	44	0.024524312896405918	0.8744438939462742	higher_expression_more_resistant	0.9676690019401885
VEZF1	all_breast_lines	1188	CCT245467	HSF1	Unclassified	GDSC1	AUC	42	-0.025038489587553687	0.8749331648047315	higher_expression_more_sensitive	0.9923318870521431
VEZF1	all_breast_lines	284	JNJ38877605	MET	RTK signaling	GDSC1	LN_IC50	44	0.024383368569415077	0.8751597600830489	higher_expression_more_resistant	0.9676690019401885
VEZF1	all_breast_lines	1062	Selumetinib	MEK1, MEK2	ERK MAPK signaling	GDSC1	AUC	41	-0.02526132404181185	0.8754229095575513	higher_expression_more_sensitive	0.9923318870521431
VEZF1	all_breast_lines	1190	Gemcitabine	Pyrimidine antimetabolite	DNA replication	GDSC2	AUC	45	-0.023978919631093543	0.8757560740585237	higher_expression_more_sensitive	0.987703734750536
VEZF1	all_breast_lines	1732	TAF1_5496	TAF1	Other	GDSC2	LN_IC50	37	0.02655286865813181	0.876034168761634	higher_expression_more_resistant	0.9462231162520669
VEZF1	all_breast_lines	2037	GSK343	EZH2	Chromatin histone methylation	GDSC2	AUC	42	-0.02455230532371769	0.8773429703560601	higher_expression_more_sensitive	0.987703734750536
VEZF1	all_breast_lines	2498	alpha-lipoic acid	Metabolism	Metabolism	GDSC2	AUC	40	0.025140712945590997	0.8776207536161891	higher_expression_more_resistant	0.987703734750536
VEZF1	all_breast_lines	446	MIM1	MCL-1	Apoptosis regulation	GDSC1	LN_IC50	44	0.023819591261451726	0.878024203803725	higher_expression_more_resistant	0.9676690019401885
VEZF1	all_breast_lines	1836	150412		Unclassified	GDSC2	AUC	37	-0.0260787102892366	0.8782311758865593	higher_expression_more_sensitive	0.987703734750536
VEZF1	all_breast_lines	1414	Fulvestrant	ESR1	Hormone-related	GDSC1	AUC	43	-0.023859861069163397	0.8792889398493235	higher_expression_more_sensitive	0.9923318870521431
VEZF1	all_breast_lines	1463	AZD1332	NTRK1, NTRK2, NTRK3	RTK signaling	GDSC2	LN_IC50	37	0.025841631104789	0.8793300169357345	higher_expression_more_resistant	0.9462231162520669
VEZF1	all_breast_lines	1179	MK-1775	WEE1, PLK1	Cell cycle	GDSC2	LN_IC50	45	0.023188405797101446	0.8798214940589394	higher_expression_more_resistant	0.9462231162520669
VEZF1	all_breast_lines	292	Masitinib	KIT, PDGFRA, PDGFRB	RTK signaling	GDSC1	AUC	44	-0.023396758280479206	0.8801735491334441	higher_expression_more_sensitive	0.9923318870521431
VEZF1	all_breast_lines	1199	Tamoxifen	ESR1	Hormone-related	GDSC1	LN_IC50	43	-0.023557837511325883	0.8808058615770847	higher_expression_more_sensitive	0.9676690019401885
VEZF1	all_breast_lines	1866	BDP-00009066	MRCKB_HUMAN	Cytoskeleton	GDSC2	AUC	41	0.023867595818815333	0.8822465478934659	higher_expression_more_resistant	0.987703734750536
VEZF1	all_breast_lines	157	JNK-9L	JNK2, JNK3	JNK and p38 signaling	GDSC1	LN_IC50	44	0.022832980972515855	0.883040664338117	higher_expression_more_resistant	0.9676690019401885
VEZF1	all_breast_lines	1531	I-CBP112	EP300, CBP	Chromatin histone acetylation	GDSC1	LN_IC50	40	0.02401500938086304	0.8830617017698318	higher_expression_more_resistant	0.9676690019401885
VEZF1	all_breast_lines	1031	Elesclomol	HSP90	Protein stability and degradation	GDSC1	LN_IC50	43	-0.023104802174569616	0.8830820322961185	higher_expression_more_sensitive	0.9676690019401885
VEZF1	all_breast_lines	1529	Pevonedistat	NAE	Other	GDSC2	AUC	45	-0.02239789196310935	0.8838899722582754	higher_expression_more_sensitive	0.987703734750536
VEZF1	all_breast_lines	1006	Cytarabine	Antimetabolite	Other	GDSC1	LN_IC50	43	-0.02265176683781335	0.885359132889193	higher_expression_more_sensitive	0.9676690019401885
VEZF1	all_breast_lines	1133	Serdemetan	MDM2	p53 pathway	GDSC1	AUC	42	0.022769629689652376	0.8861881224942195	higher_expression_more_resistant	0.9923318870521431
VEZF1	all_breast_lines	1053	MK-2206	AKT1, AKT2	PI3K/MTOR signaling	GDSC1	AUC	42	0.02244550684709505	0.8877978304152855	higher_expression_more_resistant	0.9923318870521431
VEZF1	all_breast_lines	303	PIK-93	PK3CG	PI3K/MTOR signaling	GDSC1	LN_IC50	45	0.02160737812911726	0.887961406477328	higher_expression_more_resistant	0.9676690019401885
VEZF1	all_breast_lines	342	Tenovin-6	SIRT	Chromatin histone acetylation	GDSC1	LN_IC50	44	0.021846370683579985	0.8880616495404063	higher_expression_more_resistant	0.9676690019401885
VEZF1	all_breast_lines	1251	N22899-6-C1	Peptidyl arginine deaminase (PAD)	Unclassified	GDSC1	LN_IC50	43	-0.02204771972213833	0.8883966825722069	higher_expression_more_sensitive	0.9676690019401885
VEZF1	all_breast_lines	173	FH535	PPARgamma, PPARdelta	Other	GDSC1	AUC	45	0.021475625823451906	0.8886402590513424	higher_expression_more_resistant	0.9923318870521431
VEZF1	all_breast_lines	1529	Pevonedistat	NAE	Other	GDSC1	AUC	34	-0.024293353705118412	0.8915249387096689	higher_expression_more_sensitive	0.9923318870521431
VEZF1	all_breast_lines	1015	CI-1040	MEK1, MEK2	ERK MAPK signaling	GDSC1	AUC	43	-0.021292660827544548	0.8921958349800813	higher_expression_more_sensitive	0.9923318870521431
VEZF1	all_breast_lines	303	PIK-93	PK3CG	PI3K/MTOR signaling	GDSC1	AUC	45	0.020685111989459812	0.89271501253062	higher_expression_more_resistant	0.9923318870521431
VEZF1	all_breast_lines	173	FH535	PPARgamma, PPARdelta	Other	GDSC1	LN_IC50	45	0.020685111989459812	0.89271501253062	higher_expression_more_resistant	0.9691555185788673
VEZF1	all_breast_lines	1068	Obatoclax Mesylate	BCL2, BCL-XL, BCL-W, MCL1	Apoptosis regulation	GDSC2	AUC	40	-0.021763602251407135	0.8939592566534621	higher_expression_more_sensitive	0.987703734750536
VEZF1	all_breast_lines	2159	UNC0379	SETD8	Chromatin histone methylation	GDSC2	AUC	40	0.021575984990619138	0.8948682821138532	higher_expression_more_resistant	0.987703734750536
VEZF1	all_breast_lines	1230	IOX2	EGLN1	Other	GDSC1	LN_IC50	43	0.020688613711869523	0.8952368773313265	higher_expression_more_resistant	0.9691555185788673
VEZF1	all_breast_lines	1004	Vinblastine	Microtubule destabiliser	Mitosis	GDSC2	AUC	41	-0.02090592334494774	0.8967740978528617	higher_expression_more_sensitive	0.987703734750536
VEZF1	all_breast_lines	1873	Buparlisib	PI3Kalpha, PI3Kdelta, PI3Kbeta, PI3Kgamma	PI3K/MTOR signaling	GDSC2	LN_IC50	45	0.01989459815546772	0.8967924999139509	higher_expression_more_resistant	0.9596387473881688
VEZF1	all_breast_lines	1826	50869		Unclassified	GDSC2	AUC	37	-0.021811284969179705	0.8980426972963425	higher_expression_more_sensitive	0.987703734750536
VEZF1	all_breast_lines	333	T0901317	LXR, FXR	Other	GDSC1	LN_IC50	44	-0.019873150105708243	0.8981164259456869	higher_expression_more_sensitive	0.9693085816608937
VEZF1	all_breast_lines	177	GSK650394	SGK2, SGK3	Other, kinases	GDSC1	AUC	44	0.019873150105708243	0.8981164259456869	higher_expression_more_resistant	0.9923318870521431
VEZF1	all_breast_lines	461	NSC319726	P53 Mut specific	p53 pathway	GDSC1	AUC	41	-0.02055749128919861	0.8984855027734607	higher_expression_more_sensitive	0.9923318870521431
VEZF1	all_breast_lines	2039	AGK2	BAZ2A, BAZ2B	Chromatin histone acetylation	GDSC2	AUC	44	0.019591261451726565	0.8995541475792513	higher_expression_more_resistant	0.987703734750536
VEZF1	all_breast_lines	1023	GW441756	NTRK1	RTK signaling	GDSC2	AUC	42	-0.02001458552791508	0.8998843969556842	higher_expression_more_sensitive	0.987703734750536
VEZF1	all_breast_lines	447	ETP-45835	MNK1, MNK2	Other, kinases	GDSC1	AUC	44	-0.019310053220346637	0.9009887154483819	higher_expression_more_sensitive	0.9923318870521431
VEZF1	all_breast_lines	2438	ascorbate (vitamin C)	anti-oxidant proteins	Other	GDSC2	LN_IC50	40	0.020262664165103195	0.9012351079658159	higher_expression_more_resistant	0.9596387473881688
VEZF1	all_breast_lines	2044	Pyridostatin	G-quadruplex stabiliser	DNA replication	GDSC2	LN_IC50	44	0.01902748414376321	0.9024305395981244	higher_expression_more_resistant	0.9596387473881688
VEZF1	all_breast_lines	1433	JAK1_3715	JAK1	Other, kinases	GDSC1	AUC	44	-0.01902748414376321	0.9024305395981244	higher_expression_more_sensitive	0.9923318870521431
VEZF1	all_breast_lines	135	Gemcitabine	Pyrimidine antimetabolite	DNA replication	GDSC1	LN_IC50	44	-0.018745595489781535	0.9038692009672049	higher_expression_more_sensitive	0.9697085947948614
VEZF1	all_breast_lines	371	Torin 2	mTOR	PI3K/MTOR signaling	GDSC1	LN_IC50	40	-0.019699812382739212	0.9039656392155487	higher_expression_more_sensitive	0.9697085947948614
VEZF1	all_breast_lines	1839	615590		Unclassified	GDSC2	LN_IC50	37	-0.02015173067804647	0.905764291394447	higher_expression_more_sensitive	0.9596387473881688
VEZF1	all_breast_lines	331	QL-X-138	BTK	Other, kinases	GDSC1	AUC	43	-0.017970401691331923	0.9089393054742724	higher_expression_more_sensitive	0.9923318870521431
VEZF1	all_breast_lines	1232	I-BET-151	BRD2, BRD3, BRD4	Chromatin other	GDSC1	AUC	42	-0.017907787051292444	0.9103776169929517	higher_expression_more_sensitive	0.9923318870521431
VEZF1	all_breast_lines	1632	Ribociclib	CDK4, CDK6	Cell cycle	GDSC2	AUC	44	0.017336152219873148	0.9110669808352404	higher_expression_more_resistant	0.987703734750536
VEZF1	all_breast_lines	1560	Alpelisib	PI3Kalpha	PI3K/MTOR signaling	GDSC2	LN_IC50	45	0.017127799736495388	0.9110837488701798	higher_expression_more_resistant	0.961699512696301
VEZF1	all_breast_lines	1999	N25720-51-A1		Unclassified	GDSC2	AUC	41	0.017944250871080144	0.9113349811075082	higher_expression_more_resistant	0.987703734750536
VEZF1	all_breast_lines	1093	GSK1904529A	IGF1R, IR	IGF1R signaling	GDSC2	AUC	45	0.01686429512516469	0.9124463400229539	higher_expression_more_resistant	0.987703734750536
VEZF1	all_breast_lines	412	Venotoclax	BCL-2 selective	Apoptosis regulation	GDSC1	AUC	44	-0.016491067348763187	0.9153860936748325	higher_expression_more_sensitive	0.9923318870521431
VEZF1	all_breast_lines	165	DMOG	HIF-PH	Metabolism	GDSC1	LN_IC50	43	-0.016611295681063124	0.9158005650659398	higher_expression_more_sensitive	0.9735624144090133
VEZF1	all_breast_lines	331	QL-X-138	BTK	Other, kinases	GDSC1	LN_IC50	43	-0.016158260344306855	0.9180890192292127	higher_expression_more_sensitive	0.9735624144090133
VEZF1	all_breast_lines	1018	Veliparib	PARP1, PARP2	Genome integrity	GDSC1	LN_IC50	43	0.0160072485653881	0.918851983423215	higher_expression_more_resistant	0.9735624144090133
VEZF1	all_breast_lines	271	VNLG/124	HDAC,RAR	Chromatin histone acetylation	GDSC1	LN_IC50	45	-0.015546772068511197	0.9192629442784015	higher_expression_more_sensitive	0.9735624144090133
VEZF1	all_breast_lines	1200	Fulvestrant	ESR	Hormone-related	GDSC2	LN_IC50	45	-0.0152832674571805	0.920626967931274	higher_expression_more_sensitive	0.9649869396291433
VEZF1	all_breast_lines	192	LFM-A13	BTK	Other, kinases	GDSC1	LN_IC50	45	-0.01515151515151515	0.9213090644831058	higher_expression_more_sensitive	0.9735624144090133
VEZF1	all_breast_lines	1784	LMB_AB2	GADD34	Unclassified	GDSC2	AUC	37	-0.016595542911332382	0.922338396005006	higher_expression_more_sensitive	0.987703734750536
VEZF1	all_breast_lines	1371	PLX-4720	BRAF	ERK MAPK signaling	GDSC1	AUC	43	0.015101177891875569	0.923431255986497	higher_expression_more_resistant	0.9923318870521431
VEZF1	all_breast_lines	1036	PLX-4720	BRAF	ERK MAPK signaling	GDSC1	AUC	42	-0.015152742889555143	0.9241219712629279	higher_expression_more_sensitive	0.9923318870521431
VEZF1	all_breast_lines	1149	TW 37	BCL2, BCL-XL, MCL1	Apoptosis regulation	GDSC2	LN_IC50	19	-0.02280701754385965	0.9261610601906637	higher_expression_more_sensitive	0.9649869396291433
VEZF1	all_breast_lines	1073	5-Fluorouracil	Antimetabolite (DNA & RNA)	Other	GDSC2	AUC	46	-0.013999383287079862	0.9264280230223386	higher_expression_more_sensitive	0.987703734750536
VEZF1	all_breast_lines	1096	Tozasertib	AURKA, AURKB, AURKC, others	Mitosis	GDSC2	AUC	43	0.014346118997281788	0.9272491902060739	higher_expression_more_resistant	0.987703734750536
VEZF1	all_breast_lines	1434	JAK3_7406	JAK3	Other, kinases	GDSC1	AUC	44	0.014094432699083862	0.9276476609680679	higher_expression_more_resistant	0.9923318870521431
VEZF1	all_breast_lines	1531	I-CBP112	EP300, CBP	Chromatin histone acetylation	GDSC1	AUC	40	-0.01482176360225141	0.9276726275583965	higher_expression_more_sensitive	0.9923318870521431
VEZF1	all_breast_lines	1833	741909		Unclassified	GDSC2	LN_IC50	37	-0.015410146989094355	0.9278706186599648	higher_expression_more_sensitive	0.9649869396291433
VEZF1	all_breast_lines	2046	MK-8776	CHEK1, CHEK2, CDK2	Cell cycle	GDSC2	LN_IC50	44	0.013953488372093023	0.928369298339315	higher_expression_more_resistant	0.9649869396291433
VEZF1	all_breast_lines	1022	AZD7762	CHEK1, CHEK2	Cell cycle	GDSC2	AUC	46	0.013506012950971322	0.9290141316035927	higher_expression_more_resistant	0.987703734750536
VEZF1	all_breast_lines	1011	Navitoclax	BCL2, BCL-XL, BCL-W	Apoptosis regulation	GDSC2	AUC	46	0.013506012950971322	0.9290141316035927	higher_expression_more_resistant	0.987703734750536
VEZF1	all_breast_lines	154	CHIR-99021	GSK3A, GSK3B	WNT signaling	GDSC1	LN_IC50	44	-0.013812544045102184	0.9290909924926071	higher_expression_more_sensitive	0.9788637242332824
VEZF1	all_breast_lines	1940	WIKI4	TNKS1, TNKS2	WNT signaling	GDSC2	AUC	45	-0.01357048748353096	0.929498441057939	higher_expression_more_sensitive	0.987703734750536
VEZF1	all_breast_lines	372	Pilaralisib	PI3K	PI3K/MTOR signaling	GDSC1	AUC	44	0.013389711064129667	0.9312564099503626	higher_expression_more_resistant	0.9923318870521431
VEZF1	all_breast_lines	1010	Gefitinib	EGFR	EGFR signaling	GDSC1	AUC	43	-0.013440048323769256	0.9318328337675401	higher_expression_more_sensitive	0.9923318870521431
VEZF1	all_breast_lines	371	Torin 2	mTOR	PI3K/MTOR signaling	GDSC1	AUC	40	0.013696060037523454	0.9331529821824159	higher_expression_more_resistant	0.9923318870521431
VEZF1	all_breast_lines	1925	GDC0810	ESR1, ESR2	Hormone-related	GDSC2	LN_IC50	45	0.012648221343873516	0.9342789597600547	higher_expression_more_resistant	0.9649869396291433
VEZF1	all_breast_lines	1830	Gallibiscoquinazole		Unclassified	GDSC2	LN_IC50	37	0.013987671882408723	0.9345136678513809	higher_expression_more_resistant	0.9649869396291433
VEZF1	all_breast_lines	1529	Pevonedistat	NAE	Other	GDSC1	LN_IC50	34	0.014514896867838044	0.9350649313227428	higher_expression_more_resistant	0.981006918468844
VEZF1	all_breast_lines	1043	JNK Inhibitor VIII	JNK	JNK and p38 signaling	GDSC2	AUC	42	0.012883882991653838	0.9354574132059793	higher_expression_more_resistant	0.987703734750536
VEZF1	all_breast_lines	546	FTY-720	S1P	Other	GDSC1	AUC	44	0.012544045102184638	0.9355887010759494	higher_expression_more_resistant	0.9923318870521431
VEZF1	all_breast_lines	1188	CCT245467	HSF1	Unclassified	GDSC1	LN_IC50	42	0.012397698727817843	0.9378881509865928	higher_expression_more_resistant	0.981006918468844
VEZF1	all_breast_lines	1527	Pictilisib	PI3K (class 1)	PI3K/MTOR signaling	GDSC1	LN_IC50	41	0.012195121951219514	0.9396778642382769	higher_expression_more_resistant	0.981006918468844
VEZF1	all_breast_lines	1019	Bosutinib	SRC, ABL, TEC	Other, kinases	GDSC1	AUC	43	0.011778918755662941	0.9402417312619291	higher_expression_more_resistant	0.9923318870521431
VEZF1	all_breast_lines	1079	Dasatinib	ABL, SRC, Ephrins, PDGFR, KIT	Other, kinases	GDSC2	AUC	45	-0.011462450592885374	0.9404286786268015	higher_expression_more_sensitive	0.987703734750536
VEZF1	all_breast_lines	306	Fedratinib	JAK2	Other, kinases	GDSC1	AUC	44	-0.011416490486257928	0.9413679285489941	higher_expression_more_sensitive	0.9923318870521431
VEZF1	all_breast_lines	406	LIMK1 inhibitor BMS4	LIMK1	Cytoskeleton	GDSC1	AUC	44	-0.011416490486257928	0.9413679285489941	higher_expression_more_sensitive	0.9923318870521431
VEZF1	all_breast_lines	291	KIN001-266	CDC7	DNA replication	GDSC1	AUC	45	0.011198945981554674	0.9417957608311004	higher_expression_more_resistant	0.9923318870521431
VEZF1	all_breast_lines	2158	CPI-637	EP300	Chromatin histone methylation	GDSC2	LN_IC50	40	0.01181988742964353	0.9422935464276516	higher_expression_more_resistant	0.9695078004761036
VEZF1	all_breast_lines	1527	Pictilisib	PI3K (class 1)	PI3K/MTOR signaling	GDSC1	AUC	41	0.01132404181184669	0.943979515456004	higher_expression_more_resistant	0.9923318870521431
VEZF1	all_breast_lines	1780	GSK3337463A	NIK	Other, kinases	GDSC2	AUC	37	-0.011853959222380275	0.9444862864289546	higher_expression_more_sensitive	0.987703734750536
VEZF1	all_breast_lines	436	CAP-232, TT-232, TLN-232	Glycolysis	Metabolism	GDSC1	LN_IC50	44	0.010711768851303736	0.9449814760108012	higher_expression_more_resistant	0.981006918468844
VEZF1	all_breast_lines	310	YM201636	PIKFYVE	PI3K/MTOR signaling	GDSC1	LN_IC50	45	-0.010276679841897231	0.9465818259105658	higher_expression_more_sensitive	0.981006918468844
VEZF1	all_breast_lines	245	UNC0638	G9a and GLP methyltransferases	Chromatin histone methylation	GDSC1	AUC	45	-0.010276679841897231	0.9465818259105658	higher_expression_more_sensitive	0.9923318870521431
VEZF1	all_breast_lines	1739	JAK_8517	JAK1, JAK2	Other, kinases	GDSC2	LN_IC50	37	0.011379800853485063	0.9467036074630822	higher_expression_more_resistant	0.9705414680826562
VEZF1	all_breast_lines	312	Tivozanib	VEGFR1, VEGFR2, VEGFR3, PDGFR, KIT	RTK signaling	GDSC1	LN_IC50	44	0.01014799154334038	0.9478731032265204	higher_expression_more_resistant	0.981006918468844
VEZF1	all_breast_lines	1248	Daporinad	NAMPT	Metabolism	GDSC2	AUC	24	0.013913043478260868	0.9485530177017848	higher_expression_more_resistant	0.987703734750536
VEZF1	all_breast_lines	284	JNJ38877605	MET	RTK signaling	GDSC1	AUC	44	-0.009866102889358703	0.9493191673315146	higher_expression_more_sensitive	0.9923318870521431
VEZF1	all_breast_lines	1414	Fulvestrant	ESR1	Hormone-related	GDSC1	LN_IC50	43	0.009664753850800362	0.9509531310569523	higher_expression_more_resistant	0.981006918468844
VEZF1	all_breast_lines	1183	CRT0160829	CDC7	DNA replication	GDSC1	LN_IC50	42	0.009318531723523217	0.9532948586250914	higher_expression_more_resistant	0.981006918468844
VEZF1	all_breast_lines	1219	PFI-1	BRD4	Chromatin other	GDSC1	AUC	43	0.009060706735125339	0.954015180963769	higher_expression_more_resistant	0.9923318870521431
VEZF1	all_breast_lines	1630	Entospletinib	SYK	Other, kinases	GDSC2	AUC	40	0.009380863039399626	0.9541870226225151	higher_expression_more_resistant	0.987703734750536
VEZF1	all_breast_lines	1580	GSK2801		Chromatin other	GDSC2	AUC	37	-0.009720246562351825	0.9544672333834617	higher_expression_more_sensitive	0.987703734750536
VEZF1	all_breast_lines	2000	N27922-53-1		Unclassified	GDSC2	AUC	41	-0.009059233449477353	0.9551708580650319	higher_expression_more_sensitive	0.987703734750536
VEZF1	all_breast_lines	1585	BDF00022089a	BRPF1, BRPF2, BRPF3	Chromatin histone acetylation	GDSC2	AUC	37	0.009483167377904219	0.9555766767098365	higher_expression_more_resistant	0.987703734750536
VEZF1	all_breast_lines	1197	ZL049		Unclassified	GDSC1	AUC	43	0.008456659619450317	0.9570778845899277	higher_expression_more_resistant	0.9923318870521431
VEZF1	all_breast_lines	1464	TTK_3146	TTK	Mitosis	GDSC1	AUC	44	0.0076109936575052845	0.9608930873706557	higher_expression_more_resistant	0.9923318870521431
VEZF1	all_breast_lines	192	LFM-A13	BTK	Other, kinases	GDSC1	AUC	45	0.0075098814229249	0.9609505178014135	higher_expression_more_resistant	0.9923318870521431
VEZF1	all_breast_lines	1262	UNC1215	L3MBTL3	Chromatin other	GDSC1	AUC	42	-0.0076979175107365705	0.9614107548915571	higher_expression_more_sensitive	0.9923318870521431
VEZF1	all_breast_lines	1828	720427		Unclassified	GDSC2	LN_IC50	37	0.008060692271218587	0.9622349935967296	higher_expression_more_resistant	0.9801847498492754
VEZF1	all_breast_lines	2111	VE821	ATR	Genome integrity	GDSC2	LN_IC50	45	-0.007114624505928853	0.9630042927983439	higher_expression_more_sensitive	0.9801847498492754
VEZF1	all_breast_lines	1185	KU-60019	ATM	Genome integrity	GDSC1	LN_IC50	42	0.007211733246900576	0.9638463110318856	higher_expression_more_resistant	0.986850134786632
VEZF1	all_breast_lines	310	YM201636	PIKFYVE	PI3K/MTOR signaling	GDSC1	AUC	45	0.0067193675889328066	0.9650583046134359	higher_expression_more_resistant	0.9923318870521431
VEZF1	all_breast_lines	1049	PD173074	FGFR1, FGFR2, FGFR3	RTK signaling	GDSC2	AUC	46	-0.0064754856614246065	0.965932213760566	higher_expression_more_sensitive	0.987703734750536
VEZF1	all_breast_lines	1046	Wee1 Inhibitor	WEE1, CHEK1	Cell cycle	GDSC2	LN_IC50	45	0.006455862977602108	0.9664277709040223	higher_expression_more_resistant	0.9801847498492754
VEZF1	all_breast_lines	292	Masitinib	KIT, PDGFRA, PDGFRB	RTK signaling	GDSC1	LN_IC50	44	-0.006483439041578575	0.9666831752180073	higher_expression_more_sensitive	0.986850134786632
VEZF1	all_breast_lines	1025	SB216763	GSK3A, GSK3B	WNT signaling	GDSC1	LN_IC50	40	-0.006191369606003753	0.9697544253255671	higher_expression_more_sensitive	0.986850134786632
VEZF1	all_breast_lines	375	Voxtalisib	PI3K (class 1), DNAPK, MTOR	PI3K/MTOR signaling	GDSC1	AUC	44	-0.0057787174066243835	0.9703028587368265	higher_expression_more_sensitive	0.9923318870521431
VEZF1	all_breast_lines	1933	P22077	USP7, USP47	Protein stability and degradation	GDSC2	AUC	45	0.005665349143610012	0.9705367273450319	higher_expression_more_resistant	0.987703734750536
VEZF1	all_breast_lines	1936	Savolitinib	MET	RTK signaling	GDSC2	LN_IC50	45	-0.005401844532279315	0.9719065523694396	higher_expression_more_sensitive	0.9822459837776252
VEZF1	all_breast_lines	2157	A-366	EHMT1, EHMT2	Chromatin histone methylation	GDSC2	AUC	40	-0.005628517823639775	0.9725029256039224	higher_expression_more_sensitive	0.987703734750536
VEZF1	all_breast_lines	1873	Buparlisib	PI3Kalpha, PI3Kdelta, PI3Kbeta, PI3Kgamma	PI3K/MTOR signaling	GDSC2	AUC	45	-0.004874835309617917	0.974646438364791	higher_expression_more_sensitive	0.987703734750536
VEZF1	all_breast_lines	306	Fedratinib	JAK2	Other, kinases	GDSC1	LN_IC50	44	-0.004510218463706835	0.9768197268323389	higher_expression_more_sensitive	0.986850134786632
VEZF1	all_breast_lines	1149	TW 37	BCL2, BCL-XL, MCL1	Apoptosis regulation	GDSC2	AUC	19	0.007017543859649123	0.9772535735987998	higher_expression_more_resistant	0.987703734750536
VEZF1	all_breast_lines	1730	PAK_5339	PAK1, PAK2	Cytoskeleton	GDSC2	AUC	37	-0.0047415836889521095	0.9777800988786582	higher_expression_more_sensitive	0.987703734750536
VEZF1	all_breast_lines	1855	KRAS (G12C) Inhibitor-12	KRAS (G12C)	ERK MAPK signaling	GDSC2	AUC	40	-0.004315196998123829	0.9789172579153019	higher_expression_more_sensitive	0.987703734750536
VEZF1	all_breast_lines	1037	BX795	TBK1, PDK1 (PDPK1), IKK, AURKB, AURKC	Other, kinases	GDSC1	LN_IC50	43	0.0040773180308064025	0.9792980252251168	higher_expression_more_resistant	0.986850134786632
VEZF1	all_breast_lines	446	MIM1	MCL-1	Apoptosis regulation	GDSC1	AUC	44	-0.003946441155743482	0.9797166163464309	higher_expression_more_sensitive	0.9923318870521431
VEZF1	all_breast_lines	1362	BAY ACCi	ACACA	Metabolism	GDSC1	AUC	40	0.003939962476547843	0.9807501820928678	higher_expression_more_resistant	0.9923318870521431
VEZF1	all_breast_lines	1020	Lenalidomide	CRBN	Protein stability and degradation	GDSC1	AUC	43	0.003775294472968892	0.9808312093575431	higher_expression_more_resistant	0.9923318870521431
VEZF1	all_breast_lines	1232	I-BET-151	BRD2, BRD3, BRD4	Chromatin other	GDSC1	LN_IC50	42	-0.003808443400048619	0.9809030675586873	higher_expression_more_sensitive	0.986850134786632
VEZF1	all_breast_lines	1816	Fulvestrant	ESR	Hormone-related	GDSC2	LN_IC50	37	0.003793266951161688	0.9822232878353324	higher_expression_more_resistant	0.9891647951698578
VEZF1	all_breast_lines	1909	Venetoclax	BCL2	Apoptosis regulation	GDSC2	AUC	45	0.0032938076416337285	0.9828677033548813	higher_expression_more_resistant	0.987703734750536
VEZF1	all_breast_lines	245	UNC0638	G9a and GLP methyltransferases	Chromatin histone methylation	GDSC1	LN_IC50	45	0.0032938076416337285	0.9828677033548813	higher_expression_more_resistant	0.986850134786632
VEZF1	all_breast_lines	1932	NVP-ADW742	IGF1R	IGF1R signaling	GDSC2	AUC	45	0.0032938076416337285	0.9828677033548813	higher_expression_more_resistant	0.987703734750536
VEZF1	all_breast_lines	1050	ZM447439	AURKA, AURKB	Mitosis	GDSC1	LN_IC50	43	0.0033222591362126242	0.9831311116927073	higher_expression_more_resistant	0.986850134786632
VEZF1	all_breast_lines	328	SNX-2112	HSP90	Protein stability and degradation	GDSC1	LN_IC50	44	-0.0031007751937984496	0.9840624225414719	higher_expression_more_sensitive	0.986850134786632
VEZF1	all_breast_lines	1927	GSK2578215A	LRRK2	Other, kinases	GDSC2	AUC	45	0.00303030303030303	0.9842381076110603	higher_expression_more_resistant	0.987703734750536
VEZF1	all_breast_lines	157	JNK-9L	JNK2, JNK3	JNK and p38 signaling	GDSC1	AUC	44	-0.0029598308668076106	0.9847867712494278	higher_expression_more_sensitive	0.9923318870521431
VEZF1	all_breast_lines	382	Apitolisib	mTOR, PI3K	PI3K/MTOR signaling	GDSC1	AUC	43	-0.0028692237994563576	0.9854311490350554	higher_expression_more_sensitive	0.9923318870521431
VEZF1	all_breast_lines	254	Quizartinib	FLT3	RTK signaling	GDSC1	AUC	44	-0.002818886539816772	0.9855111320446915	higher_expression_more_sensitive	0.9923318870521431
VEZF1	all_breast_lines	328	SNX-2112	HSP90	Protein stability and degradation	GDSC1	AUC	44	-0.002677942212825934	0.9862355043518549	higher_expression_more_sensitive	0.9923318870521431
VEZF1	all_breast_lines	1529	Pevonedistat	NAE	Other	GDSC2	LN_IC50	45	-0.001976284584980237	0.9897201342928991	higher_expression_more_sensitive	0.9899160805837952
VEZF1	all_breast_lines	1403	AZD6094	MET	RTK signaling	GDSC1	AUC	44	0.001973220577871741	0.9898575184251404	higher_expression_more_resistant	0.9923318870521431
VEZF1	all_breast_lines	1629	ML323	USP1, UAF1	Protein stability and degradation	GDSC2	LN_IC50	40	0.002063789868667918	0.9899160805837952	higher_expression_more_resistant	0.9899160805837952
VEZF1	all_breast_lines	1817	Romidepsin	HDAC1, HDAC2, HDAC3, HDAC8	Chromatin histone acetylation	GDSC2	AUC	37	0.0021337126600284493	0.9900000584566937	higher_expression_more_resistant	0.9900000584566937
VEZF1	all_breast_lines	1049	PD173074	FGFR1, FGFR2, FGFR3	RTK signaling	GDSC1	LN_IC50	43	0.001963153125943824	0.9900315551225679	higher_expression_more_resistant	0.9900315551225679
VEZF1	all_breast_lines	1021	Axitinib	PDGFR, KIT, VEGFR	RTK signaling	GDSC1	AUC	43	-0.001812141347025068	0.9907983244762787	higher_expression_more_sensitive	0.9923318870521431
VEZF1	all_breast_lines	236	IC-87114	PI3Kdelta	PI3K/MTOR signaling	GDSC1	AUC	43	0.0015101177891875567	0.9923318870521431	higher_expression_more_resistant	0.9923318870521431
