candidate	collection	pathway	candidate_is_member	candidate_is_leading_edge_datasets	interactor_genes_in_pathway	resistance_consensus_class	gse118713_NES	gse118713_FDR	gse240112_NES	gse240112_FDR	gse111151_NES	gse111151_FDR	gse245601_NES	gse245601_FDR
USP34	reactome	REACTOME_ABC_FAMILY_PROTEINS_MEDIATED_TRANSPORT	False		RPS27A;UBA52;UBB;UBC	MIXED	-0.7938160415402602	1.0	-1.4816008178372015	0.2337953962792146	1.0452191893047331	0.6036948927969165	1.0397407531540828	0.6791499404917999
USP34	reactome	REACTOME_ABC_TRANSPORTER_DISORDERS	False		RPS27A;UBA52;UBB;UBC	LOW_EVIDENCE	-0.937632497017322	0.9312400326733828	-1.547302535626054	0.2024997059189828	-0.9880826169043648	0.6670548298856384	1.173202835016069	0.4679769503890106
USP34	reactome	REACTOME_ACTIVATED_NOTCH1_TRANSMITS_SIGNAL_TO_THE_NUCLEUS	False		RPS27A;UBA52;UBB;UBC	MIXED	-0.905360145862238	0.9331007743200748	1.0723045692371007	0.8128205128205128	1.3983063221249652	0.2267187934503459	1.417124814380914	0.2402168197454878
USP34	reactome	REACTOME_ACTIVATION_OF_THE_MRNA_UPON_BINDING_OF_THE_CAP_BINDING_COMPLEX_AND_EIFS_AND_SUBSEQUENT_BINDING_TO_43S	False		RPS27A	MIXED	0.9799260315659036	0.860576923076923	1.202317894962991	0.6214698246171779	-2.025722919177321	0.0007831520357551	1.3919105480431042	0.2399290237488845
USP34	reactome	REACTOME_ANTIGEN_PROCESSING_CROSS_PRESENTATION	False		RPS27A;UBA52;UBB;UBC	MIXED	1.5036326642921305	0.1556589029943354	-1.2801095970439182	0.4323955669224212	1.5419484131572738	0.0452275141076345	1.1114287768928623	0.5483630952380952
USP34	reactome	REACTOME_ANTIVIRAL_MECHANISM_BY_IFN_STIMULATED_GENES	False		RPS27A;UBA52;UBB;UBC	LOW_EVIDENCE	-1.0425521606053707	0.7458333333333333	-1.4655598247854236	0.1796609139974173	-0.7860716862514141	0.9910209985020154	-1.1889479118424238	0.3447456956263606
USP34	reactome	REACTOME_APC_CDC20_MEDIATED_DEGRADATION_OF_NEK2A	False		RPS27A;UBA52;UBB;UBC	LOW_EVIDENCE	-1.241168307658002	0.5693550745832114	-0.9469300774171272	0.9924685276409414	-1.4879429267532192	0.1170059571449893	0.7508949418719324	0.950693948520508
USP34	reactome	REACTOME_APC_C_CDC20_MEDIATED_DEGRADATION_OF_CYCLIN_B	False		RPS27A;UBA52;UBB;UBC	LOW_EVIDENCE	-1.1437787655195093	0.6793559516963773	-0.9837398821237412	0.9432297504572004	-1.4685755349706038	0.1619159038351378	0.8613888310902267	0.8579965850882185
USP34	reactome	REACTOME_APC_C_CDH1_MEDIATED_DEGRADATION_OF_CDC20_AND_OTHER_APC_C_CDH1_TARGETED_PROTEINS_IN_LATE_MITOSIS_EARLY_G1	False		RPS27A;UBA52;UBB;UBC	SINGLE_DATASET	-0.8895830455693093	0.9862028600006596	-1.173962454855298	0.6214698246171779	-1.573956895818001	0.0382201344016065	0.5759212364230947	1.0
USP34	reactome	REACTOME_APC_C_MEDIATED_DEGRADATION_OF_CELL_CYCLE_PROTEINS	False		RPS27A;UBA52;UBB;UBC	SINGLE_DATASET	-1.0498154243462778	0.7458333333333333	-1.277414538202852	0.432095327431553	-1.6326981724254956	0.0132936861566309	-0.5165836797014183	1.0
USP34	reactome	REACTOME_ASPARAGINE_N_LINKED_GLYCOSYLATION	False		RPS27A;UBA52;UBB;UBC	SINGLE_DATASET	0.6903370692879299	1.0	1.0336638339353217	0.8286739807666261	1.5918720680836855	0.0010872550423	2.46178322718064	3.3896010402596703e-19
USP34	reactome	REACTOME_ASSEMBLY_OF_THE_HIV_VIRION	False		RPS27A;UBA52;UBB;UBC	LOW_EVIDENCE	0.8833734568419283	0.9450456006578456	1.2090494645996182	0.6713088797994459	0.7471489683497562	0.9231802911534154	1.5658918700647548	0.1806998877392124
USP34	reactome	REACTOME_AUF1_HNRNP_D0_BINDS_AND_DESTABILIZES_MRNA	False		RPS27A;UBA52;UBB;UBC	MIXED	0.6929455948041958	1.0	-1.1539833303769906	0.6713088797994459	-1.5650194323203015	0.0559776655181509	0.7169932271199253	0.983440726807012
USP34	reactome	REACTOME_AUTOPHAGY	False		RPS27A;UBA52;UBB;UBC	MIXED	1.4646880223103245	0.1273377265607205	1.1115041347769603	0.674429302512794	-1.0502732450911036	0.5799648506151143	1.6707347096757046	0.0035462026723579
USP34	reactome	REACTOME_BUDDING_AND_MATURATION_OF_HIV_VIRION	False		RPS27A;UBA52;UBB;UBC	MIXED	0.7526758744267253	1.0	1.3528390744448404	0.4562431986520167	-1.362640661359083	0.2296430049621809	1.4923646325319395	0.1512272865753922
USP34	reactome	REACTOME_CALNEXIN_CALRETICULIN_CYCLE	False		RPS27A;UBA52;UBB;UBC	MIXED	-0.6857493646980187	1.0	0.7823630211103364	1.0	2.198058074368191	9.773304452822268e-05	2.2758156180467064	6.055519763760335e-06
USP34	reactome	REACTOME_CELLULAR_RESPONSE_TO_CHEMICAL_STRESS	False		RPS27A;UBA52;UBB;UBC	MIXED	1.3053764853261651	0.257769157837351	-0.66076395618275	1.0	-1.1230062677695587	0.3519278096800656	1.5723838373963483	0.0091868556630584
USP34	reactome	REACTOME_CELLULAR_RESPONSE_TO_HEAT_STRESS	False		UBB	LOW_EVIDENCE	-1.1221141704315485	0.6266890425624259	-0.7409329630284985	1.0	-1.4517336621856978	0.0637998074637455	0.9791927492861586	0.7754629629629629
USP34	reactome	REACTOME_CELLULAR_RESPONSE_TO_HYPOXIA	False		RPS27A;UBA52;UBB;UBC	MIXED	1.549087632705707	0.1349894120174713	0.7484196985959474	1.0	-0.9140135023079136	0.7919110836677987	-0.9362686832967464	0.8355140987915322
USP34	reactome	REACTOME_CELLULAR_RESPONSE_TO_STARVATION	False		RPS27A;UBA52	MIXED	1.1131811457700498	0.6277471242869167	1.437325320777456	0.1709087271905473	-1.5357125227729722	0.0084658391757826	2.072213495365811	1.4340701420997314e-06
USP34	reactome	REACTOME_CELLULAR_SENESCENCE	False		RPS27A;UBA52;UBB;UBC	MIXED	1.4371911870619691	0.149114252285855	1.3947055239478168	0.2953007910988042	-0.7351461514060161	0.9961166036392002	1.2415143345937203	0.2893686021049123
USP34	reactome	REACTOME_CELL_CYCLE_CHECKPOINTS	False		RPS27A;UBA52;UBB;UBC	STRONG_CONSENSUS	-1.5208690994025194	0.0282348579641783	-1.1553780018612652	0.5092096808738488	-1.7101285024908142	9.773304452822268e-05	-1.4674216356123708	0.0199909574069229
USP34	reactome	REACTOME_CELL_CYCLE_MITOTIC	False		RPS27A;UBA52;UBB;UBC	STRONG_CONSENSUS	-1.6477488575325732	0.0002725745265973	-0.8098656376131769	1.0	-1.450008126938653	0.0016775931648299	-0.9665018438092808	0.8426541427138763
USP34	reactome	REACTOME_CHROMATIN_MODIFYING_ENZYMES	False		ASH1L	MIXED	-0.5547786646349839	1.0	0.7741524429831284	1.0	-1.5712517960080663	0.0039628291183503	-0.8936092946418018	0.9376515184907656
USP34	reactome	REACTOME_CIRCADIAN_CLOCK	False		RPS27A;UBA52;UBB;UBC	LOW_EVIDENCE	1.0944069060512185	0.688764291996482	1.1311123006684332	0.696868235930736	0.9078553165260708	0.7866343258614922	1.3922232108351753	0.2353035477263722
USP34	reactome	REACTOME_CLATHRIN_MEDIATED_ENDOCYTOSIS	False		RPS27A;UBA52;UBB;UBC	MIXED	1.368872638853588	0.2337187416214493	1.2698678157489478	0.4113544201135442	-1.2923453676647634	0.1336233611421115	-0.9596374088468416	0.8236575519841572
USP34	reactome	REACTOME_CLEC7A_DECTIN_1_SIGNALING	False		RPS27A;UBA52;UBB;UBC	MIXED	0.992187393696919	0.860576923076923	-0.910211601935142	1.0	-1.4075077785999774	0.0952993627291823	-0.8569307365499204	0.9376515184907656
USP34	reactome	REACTOME_CYCLIN_D_ASSOCIATED_EVENTS_IN_G1	False		RPS27A;UBA52;UBB;UBC	MIXED	-1.0347363960253335	0.8002703264711998	1.1625015467176532	0.696868235930736	0.7784461972640514	0.9311907159133064	1.593592703205237	0.0871682795470315
USP34	reactome	REACTOME_DDX58_IFIH1_MEDIATED_INDUCTION_OF_INTERFERON_ALPHA_BETA	False		RPS27A;UBA52;UBB;UBC	LOW_EVIDENCE	-0.7241051400112187	1.0	-1.418250430785026	0.2953007910988042	-0.9203044108423564	0.7744740532959328	1.217440919849234	0.4195779866518999
USP34	reactome	REACTOME_DEACTIVATION_OF_THE_BETA_CATENIN_TRANSACTIVATING_COMPLEX	False		RPS27A;UBA52;UBB;UBC	DIRECTIONAL_CONSENSUS	1.561779183500361	0.2415306889415127	1.575870551744689	0.2589347409435216	1.200130603157646	0.4494314011818381	-1.0575316375568948	0.6537811010002831
USP34	reactome	REACTOME_DECTIN_1_MEDIATED_NONCANONICAL_NF_KB_SIGNALING	False		RPS27A;UBA52;UBB;UBC	MIXED	0.6662702833928015	1.0	-1.3840025574178074	0.3198646101742741	-1.5672142874655866	0.0617864923513995	-0.9006000368152558	0.8552037607795523
USP34	reactome	REACTOME_DEFECTIVE_CFTR_CAUSES_CYSTIC_FIBROSIS	False		RPS27A;UBA52;UBB;UBC	MIXED	0.6693674564064158	1.0	-0.998454894434205	0.921258902109966	-1.0551938119083786	0.5858907931446792	1.4051853166245722	0.2049133832291592
USP34	reactome	REACTOME_DEGRADATION_OF_AXIN	False		RPS27A;UBA52;UBB;UBC	MIXED	0.9321909073143504	0.9331007743200748	-0.6918685156577095	1.0	-1.4272263793417703	0.1263849044067068	0.6076139510922237	1.0
USP34	reactome	REACTOME_DEGRADATION_OF_GLI1_BY_THE_PROTEASOME	False		RPS27A;UBA52;UBB;UBC	MIXED	0.7232293063767677	1.0	-0.9509651076125504	0.9939608412477569	-1.5965469118258269	0.0424120182390808	-0.6529842266633072	1.0
USP34	reactome	REACTOME_DEUBIQUITINATION	True		RPS27A;UBA52;UBB;UBC;USP9X	MIXED	0.7259194390652451	1.0	-0.5981368018307835	1.0	-1.4450759830170836	0.012696534758448	-0.9435623891398796	0.8437037037037037
USP34	reactome	REACTOME_DISEASES_OF_METABOLISM	False		RPS27A;UBA52;UBB;UBC	MIXED	-1.068564514227623	0.6497658079625293	1.0213192555026231	0.8479423868312757	1.7432845109959898	0.0001725835896111	-0.9118576997959482	0.9116966887273752
USP34	reactome	REACTOME_DISEASES_OF_SIGNAL_TRANSDUCTION_BY_GROWTH_FACTOR_RECEPTORS_AND_SECOND_MESSENGERS	False		RPS27A;UBA52;UBB;UBC	LOW_EVIDENCE	1.1020156107828258	0.6005494644620566	1.2149306314018824	0.3811816457370259	1.0171827871159052	0.6400750596471674	-1.046790230364102	0.5874643224112341
USP34	reactome	REACTOME_DNA_DAMAGE_BYPASS	False		RPS27A;UBA52;UBB;UBC	LOW_EVIDENCE	-1.440465182155555	0.2887375206312385	-0.8641624131306975	1.0	-0.9581933199665634	0.7186149158897973	0.9475236650912602	0.8167154457892021
USP34	reactome	REACTOME_DNA_DAMAGE_RECOGNITION_IN_GG_NER	False		RPS27A;UBA52;UBB;UBC	LOW_EVIDENCE	-0.7110750715449208	1.0	-0.7485574990329081	1.0	-1.380050483363746	0.1580970073516003	0.8027647505386972	0.9376515184907656
USP34	reactome	REACTOME_DNA_DOUBLE_STRAND_BREAK_REPAIR	False		RPS27A;UBA52;UBB;UBC	DIRECTIONAL_CONSENSUS	-1.3318014514348218	0.2337187416214493	-0.6958844606352399	1.0	-1.3426193810329206	0.1233596445088251	-1.5421684862365344	0.0391601037712115
USP34	reactome	REACTOME_DNA_REPAIR	False		RPS27A;UBA52;UBB;UBC	DIRECTIONAL_CONSENSUS	-1.3646513424618218	0.1464285423073043	-0.6608467092578209	1.0	-1.2096801513129247	0.1140379741376844	-1.3576913905892702	0.0905118504229255
USP34	reactome	REACTOME_DNA_REPLICATION	False		RPS27A;UBA52;UBB;UBC	DIRECTIONAL_CONSENSUS	-1.4134880381279944	0.133998898189007	-1.098224838364808	0.7150299682187572	-1.4050874434479976	0.0624455734712392	-1.3169344047008515	0.2749765478424014
USP34	reactome	REACTOME_DNA_REPLICATION_PRE_INITIATION	False		RPS27A;UBA52;UBB;UBC	SINGLE_DATASET	-1.302758214887251	0.3311704843752583	-1.186076823572567	0.5417333514173336	-1.6056647962511204	0.0145456050468181	-1.3538699820194455	0.2045194822036731
USP34	reactome	REACTOME_DOWNSTREAM_SIGNALING_EVENTS_OF_B_CELL_RECEPTOR_BCR	False		RPS27A;UBA52;UBB;UBC	MIXED	0.7292724137134694	1.0	-0.8320195352353863	1.0	-1.7755208187521403	0.0049556000010664	-0.6403882041721567	1.0
USP34	reactome	REACTOME_DUAL_INCISION_IN_GG_NER	False		RPS27A;UBA52;UBB;UBC	LOW_EVIDENCE	-1.440963843027304	0.2415306889415127	-0.5380493191031778	1.0	-0.7442011239766742	0.9729077253218884	-0.974705892346649	0.7722262861217489
USP34	reactome	REACTOME_E3_UBIQUITIN_LIGASES_UBIQUITINATE_TARGET_PROTEINS	False		RPS27A;UBA52;UBB;UBC	LOW_EVIDENCE	1.0748593141575138	0.7422437936753951	1.3920812176628778	0.3984208830164357	0.6917914845190445	0.981103552532124	0.8182930060623735	0.9331903624388496
USP34	reactome	REACTOME_EGFR_DOWNREGULATION	False		RPS27A;UBA52;UBB;UBC	MIXED	1.6950436292128463	0.0991998051360459	1.584928851614113	0.2657558633543901	-1.3505962500502575	0.2389082616407447	-0.7541202208407601	0.9570390455531452
USP34	reactome	REACTOME_ENDOSOMAL_SORTING_COMPLEX_REQUIRED_FOR_TRANSPORT_ESCRT	False		RPS27A;UBA52;UBB;UBC	MIXED	0.9118084207574042	0.9331007743200748	1.1473557239351837	0.696868235930736	-1.4537246316294243	0.129293319126936	1.408212996057823	0.270494917830341
USP34	reactome	REACTOME_ER_QUALITY_CONTROL_COMPARTMENT_ERQC	False		RPS27A;UBA52;UBB;UBC	MIXED	-0.8002852499487081	1.0	0.8319418434611991	1.0	1.994561394124459	0.0019655698925556	2.22033778564755	4.938667956426068e-05
USP34	reactome	REACTOME_EUKARYOTIC_TRANSLATION_ELONGATION	False		RPS27A;UBA52	MIXED	0.689814394643991	1.0	1.8611362067937791	0.0161175019744858	-2.048279313905136	2.7352640516235305e-05	1.7292924475847078	0.0109048012715036
USP34	reactome	REACTOME_EUKARYOTIC_TRANSLATION_INITIATION	False		RPS27A;UBA52	MIXED	1.1337585848711411	0.6133632573201292	1.5494562334771829	0.1951262905730995	-2.0972076297570217	1.0978815245693888e-05	1.5768537042964683	0.0247061333053341
USP34	reactome	REACTOME_FANCONI_ANEMIA_PATHWAY	False		RPS27A;UBA52;UBB;UBC	LOW_EVIDENCE	-1.5734489429504324	0.133998898189007	-0.5266034098895166	1.0	-0.684806051202611	0.9910209985020154	-1.4293044004629674	0.2570575975748389
USP34	reactome	REACTOME_FCERI_MEDIATED_NF_KB_ACTIVATION	False		RPS27A;UBA52;UBB;UBC	MIXED	1.1422888611775734	0.6310223266745006	-0.5419352588297502	1.0	-1.475439223022731	0.0781493149400099	-0.8852842795980347	0.8847007481296758
USP34	reactome	REACTOME_FC_EPSILON_RECEPTOR_FCERI_SIGNALING	False		RPS27A;UBA52;UBB;UBC	MIXED	0.8406983973002877	1.0	-0.670695024111917	1.0	-1.3275237944357168	0.130836271148888	-0.8564769429429828	0.9378042843232718
USP34	reactome	REACTOME_FORMATION_OF_TC_NER_PRE_INCISION_COMPLEX	False		RPS27A;UBA52;UBB;UBC	MIXED	0.4427573436295488	1.0	-0.9220148065893536	1.0	-1.4858325433520478	0.0863107661582007	-0.7415171848950649	0.98159868729489
USP34	reactome	REACTOME_G2_M_CHECKPOINTS	False		RPS27A;UBA52;UBB;UBC	DIRECTIONAL_CONSENSUS	-1.3784223038221273	0.192954463000131	-1.2299863840225935	0.4348970757654146	-1.8703373346133176	0.0003163536389932	-1.610121088858435	0.0199909574069229
USP34	reactome	REACTOME_GAP_FILLING_DNA_REPAIR_SYNTHESIS_AND_LIGATION_IN_GG_NER	False		RPS27A;UBA52;UBB;UBC	LOW_EVIDENCE	-1.681085205469235	0.1200749363850477	-0.609360327692986	1.0	-0.9968341986665384	0.6700075734381797	1.0867530585059026	0.6547847700824766
USP34	reactome	REACTOME_HDR_THROUGH_HOMOLOGOUS_RECOMBINATION_HRR	False		RPS27A;UBA52;UBB;UBC	SINGLE_DATASET	-2.035974130057085	0.0035410659886539	-1.1021955356062012	0.7371703398340468	-1.1293146330582502	0.4337349397590361	-1.7240366644813867	0.0257847701914771
USP34	reactome	REACTOME_HEDGEHOG_LIGAND_BIOGENESIS	False		RPS27A;UBA52;UBB;UBC	LOW_EVIDENCE	-1.062502844380427	0.725342410243942	-0.8362286624675974	1.0	-0.8178797835411242	0.9351609425535192	1.5831469123241106	0.0652765989392982
USP34	reactome	REACTOME_HIV_INFECTION	False		RPS27A;UBA52;UBB;UBC	MIXED	0.6930160253885416	1.0	-0.495384534897121	1.0	-1.5725449682222674	0.0022605264978112	-0.8402058296225116	0.98629500180782
USP34	reactome	REACTOME_HIV_LIFE_CYCLE	False		RPS27A;UBA52;UBB;UBC	MIXED	0.6263256276342225	1.0	0.5968741756068854	1.0	-1.5804402659746912	0.0104129971907465	-0.8783097198418585	0.9331903624388496
USP34	reactome	REACTOME_HOMOLOGY_DIRECTED_REPAIR	False		RPS27A;UBA52;UBB;UBC	DIRECTIONAL_CONSENSUS	-1.755010861344067	0.0246941955196677	-1.0471669112045583	0.8231994261119081	-1.4082000410488518	0.1076830447057169	-1.6316258351852269	0.0237129522243029
USP34	reactome	REACTOME_HOST_INTERACTIONS_OF_HIV_FACTORS	False		RPS27A;UBA52;UBB;UBC	MIXED	0.7523703215299637	1.0	-0.7446539055048087	1.0	-1.6290783969553018	0.0092880310927745	-0.9076262653905623	0.9022835209160108
USP34	reactome	REACTOME_HSF1_ACTIVATION	False		UBB	MIXED	-0.8454196386913366	0.9854312458080332	0.6285786227031148	1.0	-1.636111252700278	0.0643529973497314	1.0217639368224134	0.7085448392554992
USP34	reactome	REACTOME_INFLUENZA_INFECTION	False		RPS27A;UBA52	MIXED	0.7856167060974127	1.0	1.0743434642980332	0.716487974500145	-1.844933419484871	0.0002177354381814	0.8740970148696778	0.9331903624388496
USP34	reactome	REACTOME_INTERFERON_ALPHA_BETA_SIGNALING	False		RPS27A;UBA52;UBB;UBC	MIXED	-1.6890851282377553	0.0717968220941571	-2.433181332461026	2.018814871637276e-08	1.6229439540951371	0.025020135148023	0.846811987521426	0.9210523175472972
USP34	reactome	REACTOME_INTERFERON_SIGNALING	False		RPS27A;UBA52;UBB;UBC	MIXED	-1.2389044816759112	0.3258099745176556	-1.8869912587620437	2.2523672528283047e-05	1.2433784410218114	0.1820142311973286	-0.961904190985836	0.8355140987915322
USP34	reactome	REACTOME_IRON_UPTAKE_AND_TRANSPORT	False		RPS27A;UBA52;UBB;UBC	LOW_EVIDENCE	1.0939121365135351	0.6858538823483473	1.0334301172870144	0.8714564242542406	1.1763494195816986	0.4131332250324158	1.4580351094431176	0.1547299153636667
USP34	reactome	REACTOME_KEAP1_NFE2L2_PATHWAY	False		RPS27A;UBA52;UBB;UBC	MIXED	1.3003050182884588	0.3689098953037839	-0.673880228991028	1.0	-1.2857397940686748	0.1660606135607595	1.5272792829510764	0.0357986788466776
USP34	reactome	REACTOME_LATE_ENDOSOMAL_MICROAUTOPHAGY	False		RPS27A;UBA52;UBB;UBC	MIXED	0.659966735227451	1.0	1.0164068635823806	0.8724085829498739	-1.6041735215601878	0.0586118863905235	1.1356381224516845	0.578650391524643
USP34	reactome	REACTOME_LATE_SARS_COV_2_INFECTION_EVENTS	False		RPS27A;UBA52;UBB;UBC	MIXED	1.0396813612096258	0.7723985957150876	-1.0991305216093057	0.7211335348217477	1.9203041111340893	0.0007831520357551	1.5829887405111749	0.067560539132635
USP34	reactome	REACTOME_MAPK6_MAPK4_SIGNALING	False		RPS27A;UBA52;UBB;UBC	MIXED	1.1258636995844389	0.6508525718255131	1.1565585009332455	0.6448576024221782	-1.5889705075901386	0.0192005314321868	0.8297267385582925	0.9376515184907656
USP34	reactome	REACTOME_MAPK_FAMILY_SIGNALING_CASCADES	False		RPS27A;UBA52;UBB;UBC	MIXED	1.042843720172656	0.7458333333333333	1.171798923608992	0.432095327431553	-1.2350049613592564	0.1170059571449893	-1.112005362340417	0.4485923313083806
USP34	reactome	REACTOME_METABOLISM_OF_AMINO_ACIDS_AND_DERIVATIVES	False		RPS27A;UBA52	SINGLE_DATASET	-0.970954847423392	0.9331007743200748	-0.8158827959128504	1.0	-1.4414739674436108	0.0084658391757826	1.196304401168336	0.2570575975748389
USP34	reactome	REACTOME_METABOLISM_OF_CARBOHYDRATES	False		RPS27A;UBA52;UBB;UBC	SINGLE_DATASET	1.0910367706767885	0.6497658079625293	1.1455179110666154	0.5364456852209496	1.6916042318567948	0.0002590156854377	1.1409011413668686	0.4139036596809509
USP34	reactome	REACTOME_MITOPHAGY	False		RPS27A;UBA52;UBB;UBC	MIXED	1.3978288029251835	0.4105269193280201	1.2544281931223495	0.5906613271038434	-1.03219209833723	0.6383928571428571	1.4221762957087658	0.2125486743484296
USP34	reactome	REACTOME_MITOTIC_G1_PHASE_AND_G1_S_TRANSITION	False		RPS27A;UBA52;UBB;UBC	LOW_EVIDENCE	-1.294307765885505	0.3193375404300481	-0.6906212861596178	1.0	-1.1805876755221592	0.2782519280205656	0.8156144300604642	0.9795283063449058
USP34	reactome	REACTOME_MITOTIC_G2_G2_M_PHASES	False		RPS27A;UBA52;UBB;UBC	SINGLE_DATASET	-1.2175141281055923	0.4147358665430955	-1.0169657656155378	0.8637063815010373	-1.5570985240741138	0.0072245587148078	-0.6911058797586112	1.0
USP34	reactome	REACTOME_MITOTIC_METAPHASE_AND_ANAPHASE	False		RPS27A;UBA52;UBB;UBC	DIRECTIONAL_CONSENSUS	-1.2546873105660248	0.2415306889415127	-1.0995971511980336	0.674429302512794	-1.511242958306957	0.005968936014452	-1.2673117444419946	0.2248332455329265
USP34	reactome	REACTOME_M_PHASE	False		RPS27A;UBA52;UBB;UBC	STRONG_CONSENSUS	-1.482857543180451	0.0322974358686322	-0.918744583946274	1.0	-1.560910810328504	0.0010772243199799	-0.9573460901419444	0.8409968786013354
USP34	reactome	REACTOME_NEGATIVE_REGULATION_OF_NOTCH4_SIGNALING	False		RPS27A;UBA52;UBB;UBC	MIXED	0.6742221137218142	1.0	-1.083537186745107	0.7689063296615014	-1.5068983096427155	0.0942569686266088	-0.6242315450806961	1.0
USP34	reactome	REACTOME_NEGATIVE_REGULATORS_OF_DDX58_IFIH1_SIGNALING	False		RPS27A;UBA52;UBB;UBC	LOW_EVIDENCE	-0.6764741909168268	1.0	-1.6770441384406551	0.1651306690415579	-0.9287313280399144	0.7696023092642078	1.5783007345905136	0.0830416666829223
USP34	reactome	REACTOME_NERVOUS_SYSTEM_DEVELOPMENT	False		RPS27A;UBA52;UBB;UBC	DIRECTIONAL_CONSENSUS	1.243489038994971	0.2337187416214493	1.260747815842875	0.2361091648096387				
USP34	reactome	REACTOME_NONSENSE_MEDIATED_DECAY_NMD	False		RPS27A;SMG1;UBA52	MIXED	0.7507399866880962	1.0	1.4859479035127654	0.1709087271905473	-1.8302068080025895	0.0009479728473962	1.3305705711733855	0.1837711118147605
USP34	reactome	REACTOME_NOTCH2_ACTIVATION_AND_TRANSMISSION_OF_SIGNAL_TO_THE_NUCLEUS	False		RPS27A;UBA52;UBB;UBC	MIXED	-0.9567159800681456	0.8784125905168827	1.0474405936579507	0.8556102104111473	1.576942524531413	0.0913694795615083	1.2448245403655032	0.4620979371747445
USP34	reactome	REACTOME_NOTCH3_ACTIVATION_AND_TRANSMISSION_OF_SIGNAL_TO_THE_NUCLEUS	False		RPS27A;UBA52;UBB;UBC	MIXED	-0.8442266744489358	0.9854312458080332	1.1875969590674436	0.6713088797994459	1.5304815565208294	0.1313340697028387	1.3625575208031548	0.3091419899926175
USP34	reactome	REACTOME_NRIF_SIGNALS_CELL_DEATH_FROM_THE_NUCLEUS	False		RPS27A;UBA52;UBB;UBC	LOW_EVIDENCE	0.7165208948147529	1.0			1.2871529285101628	0.3874085028030992	1.537519564487545	0.201764698092654
USP34	reactome	REACTOME_NUCLEAR_EVENTS_MEDIATED_BY_NFE2L2	False		RPS27A;UBA52;UBB;UBC	MIXED	1.1761156511176425	0.5939717946354502	-0.7634337573794446	1.0	-1.3476490926429248	0.129293319126936	1.5094969316765974	0.0676494776722101
USP34	reactome	REACTOME_NUCLEOTIDE_EXCISION_REPAIR	False		RPS27A;UBA52;UBB;UBC	LOW_EVIDENCE	-1.0036446785601094	0.8305907626208378	-0.500565655145998	1.0	-1.2988437348215216	0.1466741884199189	-1.0108177357121235	0.7131248855520967
USP34	reactome	REACTOME_N_GLYCAN_TRIMMING_IN_THE_ER_AND_CALNEXIN_CALRETICULIN_CYCLE	False		RPS27A;UBA52;UBB;UBC	MIXED	-0.6166299770851641	1.0	0.6581836246710775	1.0	2.091780148370019	0.0003214818522352	2.371335647245948	9.345415242781668e-07
USP34	reactome	REACTOME_ONCOGENE_INDUCED_SENESCENCE	False		RPS27A;UBA52;UBB;UBC	LOW_EVIDENCE	0.7688195129876964	1.0	1.1793723998223482	0.6779551481071862	0.7290449150651068	0.9592927819749336	1.5277238081159716	0.1255461462656231
USP34	reactome	REACTOME_ORC1_REMOVAL_FROM_CHROMATIN	False		RPS27A;UBA52;UBB;UBC	SINGLE_DATASET	-0.6829659892981101	1.0	-1.1450479590041605	0.6639225282017253	-1.6111070750121392	0.0324370265795742	-0.9944401553738926	0.7571781561859521
USP34	reactome	REACTOME_OXIDATIVE_STRESS_INDUCED_SENESCENCE	False		RPS27A;UBA52;UBB;UBC	MIXED	0.9740091111774326	0.8784125905168827	1.399241258093452	0.3928203742015531	-0.890184472294715	0.8239916186485071	1.2922567078303806	0.2933149280220864
USP34	reactome	REACTOME_PINK1_PRKN_MEDIATED_MITOPHAGY	False		RPS27A;UBA52;UBB;UBC	MIXED	1.391719495375458	0.4311175337186898	1.145082641074012	0.7039980928601451	-0.6978728894844856	0.9882291846979402	1.6067667202173983	0.0878340752749776
USP34	reactome	REACTOME_PLASMA_LIPOPROTEIN_ASSEMBLY_REMODELING_AND_CLEARANCE	False		RPS27A;UBA52;UBB;UBC	MIXED	1.26028595891649	0.5309508223549627	-1.0423062981482651	0.8498538324420677	1.6950542650420075	0.0145151727525107	1.3368286661166984	0.270494917830341
USP34	reactome	REACTOME_PLASMA_LIPOPROTEIN_CLEARANCE	False		RPS27A;UBA52;UBB;UBC	MIXED	0.8029325784423688	1.0	-1.001303468666997	0.9269005847953216	1.2436669801173863	0.3695126606438478	1.6907266438539292	0.0400898740991686
USP34	reactome	REACTOME_POST_TRANSLATIONAL_PROTEIN_MODIFICATION	True		RPS27A;UBA52;UBB;UBC;USP9X	not_in_resistance_consensus_table								
USP34	reactome	REACTOME_PROCESSING_OF_DNA_DOUBLE_STRAND_BREAK_ENDS	False		RPS27A;UBA52;UBB;UBC	DIRECTIONAL_CONSENSUS	-1.495780678697915	0.1669632841325064	-1.037035183169527	0.8556102104111473	-1.800320240238274	0.009544151070283	-1.4384519806119849	0.1494140961631002
USP34	reactome	REACTOME_PROTEIN_UBIQUITINATION	False		RPS27A;UBA52;UBB;UBC;USP9X	MIXED	1.15324140524162	0.6277471242869167	1.3864519645054276	0.3984208830164357	-1.0728566530517138	0.5577249153581468	0.848220934180733	0.9210523175472972
USP34	reactome	REACTOME_PTEN_REGULATION	False		RPS27A;UBA52;UBB;UBC	MIXED	0.9479307462617412	0.926664085552212	0.7172339846562541	1.0	-1.3409000799970348	0.1140379741376844	1.049041034292301	0.6511778590271672
USP34	reactome	REACTOME_PYRUVATE_METABOLISM	False		MKLN1;RPS27A;UBA52;UBB;UBC	MIXED	0.9431127890023746	0.9006289308176101	0.8581949683678814	1.0	-1.1604003873984408	0.4739820098655576	1.4872684625577397	0.1380148223066092
USP34	reactome	REACTOME_RECOGNITION_OF_DNA_DAMAGE_BY_PCNA_CONTAINING_REPLICATION_COMPLEX	False		RPS27A;UBA52;UBB;UBC	MIXED	-1.5230786373276004	0.2977522103501431	0.4398617653445885	1.0	-0.9307920479056956	0.7311086596800883	1.1282949971605496	0.5934980954911862
USP34	reactome	REACTOME_REGULATION_OF_EXPRESSION_OF_SLITS_AND_ROBOS	False		RPS27A;UBA52;UBB;UBC	MIXED	0.9058752613262302	0.9854312458080332	1.2526268382739698	0.4310087719298245	-1.6189101207461134	0.0038450491853288	0.908609215199986	0.8602978941961992
USP34	reactome	REACTOME_REGULATION_OF_FZD_BY_UBIQUITINATION	False		RPS27A;UBA52;UBB;UBC	SINGLE_DATASET			0.7407274035987059	1.0	1.9334316290122064	0.005739468549277	0.9779974104909666	0.7722262861217489
USP34	reactome	REACTOME_REGULATION_OF_HSF1_MEDIATED_HEAT_SHOCK_RESPONSE	False		UBB	SINGLE_DATASET	-0.8486341093572387	1.0	-0.6957115505117524	1.0	-1.5752884190163168	0.0221292011208327	-0.9280397278284148	0.8437037037037037
USP34	reactome	REACTOME_REGULATION_OF_MRNA_STABILITY_BY_PROTEINS_THAT_BIND_AU_RICH_ELEMENTS	False		RPS27A;UBA52;UBB;UBC	MIXED	0.6274027116217071	1.0	-0.7908063141673186	1.0	-1.3547285691167554	0.1170059571449893	-0.8756844049591058	0.9225651736675176
USP34	reactome	REACTOME_REGULATION_OF_PLK1_ACTIVITY_AT_G2_M_TRANSITION	False		RPS27A;UBA52;UBB;UBC	DIRECTIONAL_CONSENSUS	-1.4015004652057677	0.2136327035486423	-1.039495640190015	0.8358116068713894	-1.751518769980242	0.0030176734317652	0.7854479279545508	0.9787044821773352
USP34	reactome	REACTOME_REGULATION_OF_PTEN_STABILITY_AND_ACTIVITY	False		RPS27A;UBA52;UBB;UBC	MIXED	0.6521875396828443	1.0	-1.0682152108325418	0.771304085404957	-1.6968873402598532	0.0151520727713505	0.7032075494565765	0.994029744029744
USP34	reactome	REACTOME_REGULATION_OF_PYRUVATE_METABOLISM	False		MKLN1;RPS27A;UBA52;UBB;UBC	MIXED	0.9059875287688728	0.9331007743200748	0.6371840192831087	1.0	-1.324459982223226	0.2507953340402969	1.660650325705581	0.0659804837031658
USP34	reactome	REACTOME_REGULATION_OF_RUNX2_EXPRESSION_AND_ACTIVITY	False		RPS27A;UBA52;UBB;UBC	MIXED	0.7957880839790126	1.0	0.8694654803240385	1.0	-1.5319600952716466	0.0559776655181509	-0.9623384768020956	0.8101781433664716
USP34	reactome	REACTOME_REGULATION_OF_RUNX3_EXPRESSION_AND_ACTIVITY	False		RPS27A;UBA52;UBB;UBC	MIXED	0.935740046619039	0.9325450756546164	-0.723343414516398	1.0	-1.5677766896822825	0.0586118863905235	0.6259924338862094	1.0
USP34	reactome	REACTOME_REGULATION_OF_TP53_ACTIVITY	False		RPS27A;UBA52;UBB;UBC	LOW_EVIDENCE	-1.1219896340015934	0.5750383582662063	-0.6139045436808297	1.0	-1.2810873151740596	0.130836271148888	-1.0354132869532406	0.6674402565983207
USP34	reactome	REACTOME_REGULATION_OF_TP53_ACTIVITY_THROUGH_PHOSPHORYLATION	False		RPS27A;UBA52;UBB;UBC	SINGLE_DATASET	-1.267590812090244	0.4272517321016166	-0.7190407338902767	1.0	-1.582742560673175	0.0220167359662325	-0.9883030269501866	0.7522194423845925
USP34	reactome	REACTOME_RESPONSE_OF_EIF2AK4_GCN2_TO_AMINO_ACID_DEFICIENCY	False		RPS27A;UBA52	MIXED	1.0675717451428088	0.7339150546677881	1.5093061862506996	0.2372114013849001	-2.129842687011384	1.0978815245693888e-05	1.9944650681655516	8.76416211935411e-05
USP34	reactome	REACTOME_RHO_GTPASE_CYCLE	False		USP9X	DIRECTIONAL_CONSENSUS	1.5887852309664503	0.0047971938275674	1.3136890046835492	0.1709087271905473	1.1781563180457768	0.2307017821031344	-1.4338926017700888	0.0090938425483837
USP34	reactome	REACTOME_RRNA_PROCESSING	False		RPS27A;UBA52	MIXED	0.8882925076456091	1.0	0.5958893345624451	1.0	-1.772807906463975	0.0001077915059857	-1.092879260240332	0.4854281992836209
USP34	reactome	REACTOME_SARS_COV_1_HOST_INTERACTIONS	False		RPS27A;UBA52;UBB;UBC	MIXED	0.8103678254309981	1.0	-1.023684904361297	0.8637063815010373	-1.3546341185840478	0.1171800172430579	0.6431505638998424	1.0
USP34	reactome	REACTOME_SARS_COV_1_INFECTION	False		RPS27A;UBA52;UBB;UBC	MIXED	0.8626959176417176	1.0	-1.309664570785342	0.3928203742015531	-0.8536560780312771	0.9364009050381952	0.9356807737349444	0.8437037037037037
USP34	reactome	REACTOME_SARS_COV_1_MODULATES_HOST_TRANSLATION_MACHINERY	False		RPS27A	MIXED	0.6552684607661015	1.0	1.5711965994178256	0.2657558633543901	-1.9885373525168932	0.0027143410996577	1.659491475496618	0.0743143139784441
USP34	reactome	REACTOME_SARS_COV_2_INFECTION	False		RPS27A;UBA52;UBB;UBC	MIXED	0.6810733020494412	1.0	-0.9716800029998812	0.9939608412477569	1.3623146605288272	0.0529470334029061	1.0405756676022784	0.6474793837410152
USP34	reactome	REACTOME_SARS_COV_2_MODULATES_HOST_TRANSLATION_MACHINERY	False		RPS27A	MIXED	0.826251258401418	1.0	1.3939357830747403	0.358914063240163	-1.959787672518151	0.0024540161692436	0.7826177328707431	0.95602795573675
USP34	reactome	REACTOME_SARS_COV_INFECTIONS	False		RPS27A;UBA52;UBB;UBC	MIXED	0.9738859203674184	0.8784125905168827	-0.9051782342236642	1.0	1.2351162842898225	0.1371317757872379	0.8754648516120184	0.9710695628611578
USP34	reactome	REACTOME_SCF_BETA_TRCP_MEDIATED_DEGRADATION_OF_EMI1	False		RPS27A;UBA52;UBB;UBC	MIXED	0.5975172544109407	1.0	-1.2159197704764826	0.5852781601749129	-1.5894561991499223	0.0466584876950798	0.6110875547968788	1.0
USP34	reactome	REACTOME_SELENOAMINO_ACID_METABOLISM	False		RPS27A;UBA52	MIXED	0.7620549485735457	1.0	1.4759925450501288	0.2374562034678672	-2.057892470115032	4.00175386811131e-05	1.7277018824081067	0.0053006193374418
USP34	reactome	REACTOME_SENESCENCE_ASSOCIATED_SECRETORY_PHENOTYPE_SASP	False		RPS27A;UBA52;UBB;UBC	MIXED	1.3712023841305945	0.3963459638684183	0.9106055091942492	1.0	-1.0352279906496276	0.6406544573121464	1.4463529026348965	0.1806998877392124
USP34	reactome	REACTOME_SEPARATION_OF_SISTER_CHROMATIDS	False		RPS27A;UBA52;UBB;UBC	DIRECTIONAL_CONSENSUS	-1.3793780936037328	0.1669632841325064	-1.2953008588100825	0.3344427700608734	-1.629660422829657	0.001341765069183	-1.3045309314943296	0.2066297178888606
USP34	reactome	REACTOME_SIGNALING_BY_EGFR	False		RPS27A;UBA52;UBB;UBC	MIXED	1.3623090474431852	0.4176698308320518	1.575493128208119	0.2372114013849001	-1.170275839974638	0.4170965074615112	-0.8927113407709748	0.8579965850882185
USP34	reactome	REACTOME_SIGNALING_BY_EGFR_IN_CANCER	False		RPS27A;UBA52;UBB;UBC	MIXED	1.4661049110843725	0.3689098953037839	1.490766657838486	0.3219506526951591	-1.4967852005650466	0.1466741884199189	-1.1394203571108714	0.5437195679346305
USP34	reactome	REACTOME_SIGNALING_BY_ERBB2	False		RPS27A;UBA52;UBB;UBC	MIXED	1.4346325019566182	0.3264590347923681	1.2841987914609538	0.4683226826083969	-0.981379941293244	0.6996681415929203	-1.1920779112410191	0.4485923313083806
USP34	reactome	REACTOME_SIGNALING_BY_ERBB4	False		RPS27A;UBA52;UBB;UBC	MIXED	-1.1858852259013064	0.5904349879170023	0.9193956223872882	1.0	-1.375898838309059	0.1617859256091847	-1.299196142818784	0.3061979514261672
USP34	reactome	REACTOME_SIGNALING_BY_FGFR2	False		RPS27A;UBA52;UBB;UBC	MIXED	0.5448620561996335	1.0	0.6469928669690332	1.0	-1.5239597942525231	0.0808205412253912	-0.8705160097143018	0.9077259182633668
USP34	reactome	REACTOME_SIGNALING_BY_INTERLEUKINS	False		RPS27A;UBA52;UBB;UBC	LOW_EVIDENCE	1.3073203059487024	0.1835691130243811	0.9552974371820562	1.0	0.9089848943561976	0.8683219894292559	0.9772742838283364	0.8101781433664716
USP34	reactome	REACTOME_SIGNALING_BY_MET	False		RPS27A;UBA52;UBB;UBC	DIRECTIONAL_CONSENSUS	1.6997565098900134	0.0547804130853715	1.1049120827327563	0.7456153806821086	1.7553320465884363	0.0042943033283387	-1.218208829647115	0.358315282468013
USP34	reactome	REACTOME_SIGNALING_BY_PTK6	False		RPS27A;UBA52;UBB;UBC	LOW_EVIDENCE	1.1979600343100305	0.6133632573201292	1.4879667994502468	0.3219506526951591	1.3161480536310508	0.2586775950272292	-1.4080985144298113	0.2314755278297441
USP34	reactome	REACTOME_SIGNALING_BY_RECEPTOR_TYROSINE_KINASES	False		RPS27A;UBA52;UBB;UBC	STRONG_CONSENSUS	1.4722212718566596	0.0276693648475752	1.3367451380821842	0.1709087271905473	1.5317864329042288	0.0007831520357551	-1.2468082900053652	0.1223908229852442
USP34	reactome	REACTOME_SIGNALING_BY_ROBO_RECEPTORS	False		RPS27A;UBA52;UBB;UBC	MIXED	0.7345603014358509	1.0	1.053588948175166	0.771304085404957	-1.4194789952395637	0.0219757968931014	0.6589344388889444	1.0
USP34	reactome	REACTOME_SIGNALING_BY_TGFB_FAMILY_MEMBERS	False		RPS27A;UBA52;UBB;UBC;USP9X	DIRECTIONAL_CONSENSUS	1.6101864997372917	0.0550100166925479	1.5583388201092894	0.096110168642714	1.290315646906646	0.1466741884199189	-1.1359396732033915	0.4480917665996908
USP34	reactome	REACTOME_SIGNALING_BY_TGF_BETA_RECEPTOR_COMPLEX	False		RPS27A;UBA52;UBB;UBC;USP9X	DIRECTIONAL_CONSENSUS	1.6829390511353346	0.0459250050737269	1.3238208789578276	0.3885071883630054	1.2553959194316124	0.2697639565380292	-1.1470185559284565	0.4774678111587982
USP34	reactome	REACTOME_SIGNALING_BY_THE_B_CELL_RECEPTOR_BCR	False		RPS27A;UBA52;UBB;UBC	MIXED	0.7089222141200734	1.0	-0.8781552589192525	1.0	-1.5728245489596464	0.0251697089728238	-0.7898444347871804	0.983440726807012
USP34	reactome	REACTOME_SIGNALING_BY_WNT	True		RPS27A;UBA52;UBB;UBC	LOW_EVIDENCE	1.0606427291053573	0.7166797729103533	1.3571501998799351	0.2372114013849001	1.0667099957134258	0.5577249153581468	-0.9034791458631304	0.9327260674212478
USP34	reactome	REACTOME_SMAD2_SMAD3_SMAD4_HETEROTRIMER_REGULATES_TRANSCRIPTION	False		RPS27A;UBA52;UBB;UBC	LOW_EVIDENCE	1.597212678985919	0.1739329732574405	1.260236920782462	0.576718540080609	1.013064300725803	0.6485605740346201	0.9731416961609084	0.7781649245063879
USP34	reactome	REACTOME_SRP_DEPENDENT_COTRANSLATIONAL_PROTEIN_TARGETING_TO_MEMBRANE	False		RPS27A;UBA52	MIXED	1.0455506248720898	0.7464074929432898	1.76222695478379	0.0229312968252692	-1.4554868663406797	0.0510230960128983	2.304670175282729	1.6099137526344842e-08
USP34	reactome	REACTOME_STABILIZATION_OF_P53	False		RPS27A;UBA52;UBB;UBC	LOW_EVIDENCE	-0.6616579632281419	1.0	-1.172388102455989	0.6423316937082445	-1.5498407540292871	0.0715498877365355	0.8595118899359832	0.914570120542652
USP34	reactome	REACTOME_SWITCHING_OF_ORIGINS_TO_A_POST_REPLICATIVE_STATE	False		RPS27A;UBA52;UBB;UBC	LOW_EVIDENCE	-0.7852898320148161	1.0	-1.072293679106863	0.7689063296615014	-1.3717988035921014	0.1263849044067068	-0.9271526873958816	0.8426541427138763
USP34	reactome	REACTOME_SYNTHESIS_OF_ACTIVE_UBIQUITIN_ROLES_OF_E1_AND_E2_ENZYMES	False		RPS27A;UBA52;UBB;UBC;USP9X	MIXED	1.215918327191259	0.6133632573201292	1.1630560436009485	0.6861913028568979	-1.501251305143838	0.129293319126936	1.1828233136323352	0.5350527916964924
USP34	reactome	REACTOME_SYNTHESIS_OF_DNA	False		RPS27A;UBA52;UBB;UBC	DIRECTIONAL_CONSENSUS	-1.382563544915222	0.1755565235983778	-1.0629133023765198	0.7689063296615014	-1.423652408369278	0.0444806241696085	-1.210029703057684	0.3325482715664902
USP34	reactome	REACTOME_S_PHASE	False		RPS27A;UBA52;UBB;UBC	DIRECTIONAL_CONSENSUS	-1.456544523001007	0.0947089814651584	-1.0092583883364916	0.882338056680162	-1.3328535843098297	0.0856383955089094	-1.0266149125684207	0.7002429241285802
USP34	reactome	REACTOME_TCF_DEPENDENT_SIGNALING_IN_RESPONSE_TO_WNT	True	gse118713	RPS27A;UBA52;UBB;UBC	DIRECTIONAL_CONSENSUS	1.3236865681546277	0.3016514998314796	1.2514554320671474	0.4113544201135442	1.3325280997319875	0.1373115802984571	-0.9690141408701524	0.8051071031008102
USP34	reactome	REACTOME_TERMINATION_OF_TRANSLESION_DNA_SYNTHESIS	False		RPS27A;UBA52;UBB;UBC	LOW_EVIDENCE	-1.6871097139249915	0.1022596717830855	-0.9197894538498426	1.0	-0.8885532153886343	0.7919110836677987	0.951517378893092	0.8100749795589368
USP34	reactome	REACTOME_TGF_BETA_RECEPTOR_SIGNALING_ACTIVATES_SMADS	False		RPS27A;UBA52;UBB;UBC	LOW_EVIDENCE	1.5649500838482004	0.2084384236520891	1.2211751896142966	0.6214698246171779	1.3454158864498325	0.2264951487609321	-1.1229637411275617	0.5643835247183137
USP34	reactome	REACTOME_THE_ROLE_OF_GTSE1_IN_G2_M_PROGRESSION_AFTER_G2_CHECKPOINT	False		RPS27A;UBA52;UBB;UBC	DIRECTIONAL_CONSENSUS	-0.7092948101975861	1.0	-1.3578490803190253	0.358914063240163	-1.390134445159405	0.1427696048675391	-0.7559195176071691	0.983440726807012
USP34	reactome	REACTOME_TRANSCRIPTIONAL_ACTIVITY_OF_SMAD2_SMAD3_SMAD4_HETEROTRIMER	False		RPS27A;UBA52;UBB;UBC;USP9X	LOW_EVIDENCE	1.431198434822481	0.3243459932276709	1.2543914150207374	0.5143748699812773	0.9402187256356336	0.73312195499188	0.938903656313092	0.8355140987915322
USP34	reactome	REACTOME_TRANSCRIPTIONAL_REGULATION_BY_RUNX1	False		RPS27A;UBA52;UBB;UBC	MIXED	0.6858339835752688	1.0	-0.8150811839601151	1.0	-1.404200963464778	0.0361243962941604	-1.211371632624113	0.3078868623539469
USP34	reactome	REACTOME_TRANSCRIPTIONAL_REGULATION_BY_RUNX2	False		RPS27A;UBA52;UBB;UBC	MIXED	1.3772319723989912	0.2210063456391515	1.404422876736666	0.2953007910988042	-0.9960678949735476	0.6718130216026934	-1.0554512261951583	0.6373563730293044
USP34	reactome	REACTOME_TRANSLATION	False		RPS27A;UBA52	MIXED	0.7094988495752212	1.0	1.1013190142408895	0.6448576024221782	-1.7046663233952362	9.773304452822268e-05	0.9674521943409752	0.8101781433664716
USP34	reactome	REACTOME_TRANSLATION_OF_SARS_COV_1_STRUCTURAL_PROTEINS	False		RPS27A;UBA52;UBB;UBC	MIXED	-0.8891051869936885	0.945298840321142	-1.6754771917901443	0.1651306690415579	1.346013067623419	0.2825611264389687	1.5322286435509085	0.1255461462656231
USP34	reactome	REACTOME_TRANSLATION_OF_SARS_COV_2_STRUCTURAL_PROTEINS	False		RPS27A;UBA52;UBB;UBC	MIXED	0.8305777711433759	1.0	-1.1903930833783032	0.622294142614601	1.9079862398246012	0.0010772243199799	1.8235076136922583	0.0084278667804354
USP34	reactome	REACTOME_TRANSLESION_SYNTHESIS_BY_Y_FAMILY_DNA_POLYMERASES_BYPASSES_LESIONS_ON_DNA_TEMPLATE	False		RPS27A;UBA52;UBB;UBC	LOW_EVIDENCE	-1.483981976622758	0.231604118799917	-0.920039968451704	1.0	-0.9330116467333334	0.7710012506948305	0.8206455503475252	0.9297053976007604
USP34	reactome	REACTOME_UB_SPECIFIC_PROCESSING_PROTEASES	True		RPS27A;UBA52;UBB;UBC;USP9X	MIXED	0.6477767478640368	1.0	-0.7506100519262346	1.0	-1.411229292636582	0.0448149841287999	-0.8464212634126504	0.95602795573675
USP34	reactome	REACTOME_UCH_PROTEINASES	False		RPS27A;UBA52;UBB;UBC	MIXED	0.960316078537632	0.9037560052974782	-0.6200280195631296	1.0	-1.4460417142820066	0.0781493149400099	0.6017593425833327	1.0
USP34	go_bp	GOBP_ADIPOSE_TISSUE_DEVELOPMENT	False		UBB	DIRECTIONAL_CONSENSUS	1.538804664805864	0.1132057717147073	1.1710355602531	0.4492942299650468	1.5087799768860295	0.0622377682702361	1.1577004980415404	0.5053531479705976
USP34	go_bp	GOBP_AXON_DEVELOPMENT	False		USP9X	STRONG_CONSENSUS	1.2976560316156764	0.1491024245159621	1.5038740985629828	0.0027862229814974	1.8493687677226187	2.1234010469319443e-08	-1.3785135615526207	0.0114538518701158
USP34	go_bp	GOBP_AXON_EXTENSION	False		USP9X	LOW_EVIDENCE	1.0442273696950246	0.6066718661372661	1.1325798985902404	0.4726647016197453	1.3549499437026151	0.1392107892107892	-1.2269648959295103	0.4091376641004433
USP34	go_bp	GOBP_CANONICAL_WNT_SIGNALING_PATHWAY	True	gse118713,gse111151		STRONG_CONSENSUS	1.487494095911676	0.0401140594536645	1.8419887951623968	8.078794160847515e-05	1.7613741310353404	4.210505096943617e-05	-0.9517985260160304	0.8153715258082813
USP34	go_bp	GOBP_CELL_GROWTH	False		USP9X	DIRECTIONAL_CONSENSUS	1.1378123934712323	0.3996242538104905	1.205715921493861	0.2011592728547711	1.4519096038727728	0.0052124041430548	0.9478211302284464	0.8481352879647034
USP34	go_bp	GOBP_CELL_MATRIX_ADHESION	False		MKLN1	STRONG_CONSENSUS	1.8033697549198724	0.003713889196295	1.7181705981710114	0.0012360750079377	1.5479396853429792	0.0086857491794159	-1.6132979093056168	0.0052259006410152
USP34	go_bp	GOBP_CELL_MORPHOGENESIS_INVOLVED_IN_NEURON_DIFFERENTIATION	False		USP9X	STRONG_CONSENSUS	1.2775173752300597	0.1444729641473326	1.473193700025813	0.0021453827787519	1.7240612622419824	1.7002170341671874e-06	-1.2128744211313411	0.1664243413352361
USP34	go_bp	GOBP_CELL_PROJECTION_ASSEMBLY	False		USP9X	LOW_EVIDENCE	1.2633978564415371	0.1444729641473326						
USP34	go_bp	GOBP_CELL_PROJECTION_MORPHOGENESIS	False		UBB;USP9X	LOW_EVIDENCE	1.2740045246853275	0.1203630632819814						
USP34	go_bp	GOBP_CELL_SUBSTRATE_ADHESION	False		MKLN1	STRONG_CONSENSUS	1.660851843385168	0.0090216888005581	1.5608719063836314	0.0059635049955454	1.6116349402841477	0.0008510807114609	-1.490859307051453	0.0091061138731344
USP34	go_bp	GOBP_CELL_SURFACE_RECEPTOR_PROTEIN_SERINE_THREONINE_KINASE_SIGNALING_PATHWAY	False		USP9X	STRONG_CONSENSUS	1.5261542790385143	0.023490339739894	1.649998116820631	0.0006198061360971	1.705822970452202	9.749360033124298e-05	-1.0093538387279215	0.6949307726663688
USP34	go_bp	GOBP_CENTRAL_NERVOUS_SYSTEM_NEURON_DEVELOPMENT	False		UBB	MIXED	-0.8965712584450607	0.7867825542244146	0.9220451129416136	0.8287496026865301	1.5183927012428815	0.0488268535946677	-1.0661711566312229	0.6428895075435961
USP34	go_bp	GOBP_CENTRAL_NERVOUS_SYSTEM_NEURON_DIFFERENTIATION	False		UBB	MIXED	-1.044640969005858	0.5791333385105226	1.3887974528054712	0.120605325539395	1.7016699351905458	0.003452125796189	-0.9269876908128126	0.8314670933942733
USP34	go_bp	GOBP_CHROMOSOME_SEGREGATION	False		USP9X	DIRECTIONAL_CONSENSUS	-1.4860741594453963	0.0103239896728531	-0.9691204130815464	0.7919827080100768	-1.268151334061932	0.0654959420294618	-0.9630721370589628	0.8002383901341111
USP34	go_bp	GOBP_CILIUM_MOVEMENT	False		ASH1L	SINGLE_DATASET	-0.9651448216487796	0.7125885732524737	-1.194458483038657	0.3229582577132486	-1.6132603773988727	0.0078117186479133	-1.2308367509247762	0.3704282868525896
USP34	go_bp	GOBP_CILIUM_ORGANIZATION	False		USP9X	SINGLE_DATASET	-1.050802496267944	0.536550790973405	-0.9210458512083468	0.917876353990126	-1.3008241887634924	0.0293375456465388	-1.0565239931332917	0.6070661756341713
USP34	go_bp	GOBP_CILIUM_OR_FLAGELLUM_DEPENDENT_CELL_MOTILITY	False		ASH1L	DIRECTIONAL_CONSENSUS	-0.8496716634525635	0.8597131681877446	-1.3419120526992956	0.1277884249874075	-1.5082074592691084	0.0266745759799477	-1.035112492739357	0.6736686390532545
USP34	go_bp	GOBP_CONNECTIVE_TISSUE_DEVELOPMENT	False		UBB	STRONG_CONSENSUS	1.9513761829359155	0.000322115267713	1.7718936000855168	0.0001327916917432	2.0729924704935985	1.910100698097384e-08	-1.32438011548601	0.1305692563115737
USP34	go_bp	GOBP_CYTOPLASMIC_TRANSLATION	False		RPS27A;UBA52	MIXED	1.0244282873498218	0.6167227833894501	1.124406177156992	0.4406789698092079	-1.978157796904899	7.51410559836391e-06	1.028615726727828	0.6738186796499376
USP34	go_bp	GOBP_DEVELOPMENTAL_CELL_GROWTH	False		USP9X	DIRECTIONAL_CONSENSUS	1.1299907998069387	0.4545299727520436	1.2780045697059954	0.1877592571465436	1.3468193830833275	0.074540608577635	-1.118912482346753	0.5107971097541798
USP34	go_bp	GOBP_DEVELOPMENTAL_GROWTH	False		USP9X	MIXED	-1.157225780317783	0.2927673933312614	1.3225071240514557	0.0368240400410104				
USP34	go_bp	GOBP_DEVELOPMENTAL_GROWTH_INVOLVED_IN_MORPHOGENESIS	False		USP9X	DIRECTIONAL_CONSENSUS	1.21233956870994	0.3370498614958448	1.3964919491770544	0.0639832872665012	1.575978576629111	0.0060713955313971	-1.3311266816649203	0.091308780569997
USP34	go_bp	GOBP_DEVELOPMENT_OF_PRIMARY_SEXUAL_CHARACTERISTICS	False		UBB	MIXED	-1.0886708880435023	0.5081538653056143	1.3028537722693467	0.1523416644869265	0.9596339570407896	0.6946658814180923	-1.1479204806062724	0.4483695652173913
USP34	go_bp	GOBP_DIENCEPHALON_DEVELOPMENT	False		UBB	STRONG_CONSENSUS	1.180545286705709	0.494978547215879	1.881355320675104	0.0057119511835083	1.858423962831322	0.0030840450185854	-1.1369188371394017	0.540901041351335
USP34	go_bp	GOBP_ENDOCYTOSIS	False		MKLN1	SINGLE_DATASET	1.5196893752324427	0.0050181571287099						
USP34	go_bp	GOBP_ESTABLISHMENT_OF_PROTEIN_LOCALIZATION_TO_ORGANELLE	False		USP9X	LOW_EVIDENCE	0.9545936491904122	0.7645542631779144	0.8348925953976599	1.0	0.8276010066361129	0.978905120665314	1.2560329274897162	0.1226411893817923
USP34	go_bp	GOBP_FEMALE_SEX_DIFFERENTIATION	False		UBB	MIXED	1.166804233370232	0.4704026632847178	1.385804926029981	0.1421470066091875	-0.9492049742859194	0.7014761958696719	-1.0607021232495246	0.6366064538891192
USP34	go_bp	GOBP_FOREBRAIN_DEVELOPMENT	False		UBB	STRONG_CONSENSUS	1.0204500585172442	0.625871186440678	1.4885046485166444	0.0112265067645429	1.635308030614525	0.0003235664102534	-1.3497257044503008	0.057586327832397
USP34	go_bp	GOBP_FOREBRAIN_GENERATION_OF_NEURONS	False		UBB	LOW_EVIDENCE	1.0392631429463888	0.6300029183690486	1.1738641074912537	0.4759803134863318	1.5672091936867087	0.0595619077633302	-1.0462321592213033	0.6552832629332417
USP34	go_bp	GOBP_GLAND_DEVELOPMENT	False		ASH1L	DIRECTIONAL_CONSENSUS	1.072696782362233	0.5218918242143483	1.251700959835385	0.1695524806261138	1.597360280479534	0.0002176361403372	-1.4847759386718065	0.0046604919621438
USP34	go_bp	GOBP_GLYCEROLIPID_BIOSYNTHETIC_PROCESS	False		SMG1	SINGLE_DATASET	1.0783885357714456	0.525850739412808	0.8838342674957093	0.960192334482474	1.4151012453086813	0.0312133456236664	1.2210429349014578	0.2927301602244489
USP34	go_bp	GOBP_GLYCEROLIPID_METABOLIC_PROCESS	False		SMG1	MIXED	0.9546250797995512	0.7585104801546008	-0.8742753713162358	0.9922184762970258	1.308825843306514	0.070005789326842	1.180854220971317	0.3470824949698188
USP34	go_bp	GOBP_GLYCEROPHOSPHOLIPID_BIOSYNTHETIC_PROCESS	False		SMG1	LOW_EVIDENCE	1.0425486261124146	0.5936088835253815	0.9011786191497894	0.917876353990126	1.278597870868591	0.141642843529636	1.0038389257387803	0.7177595849882467
USP34	go_bp	GOBP_HYPOTHALAMUS_DEVELOPMENT	False		UBB	LOW_EVIDENCE					1.5464658088068188	0.0959430068029593	0.7462295000906157	0.9275782433201072
USP34	go_bp	GOBP_INFLAMMATORY_RESPONSE	False		ASH1L	MIXED	1.3530604366258798	0.0523806254328662	-1.1529625406264783	0.2838989641955465				
USP34	go_bp	GOBP_INTRACELLULAR_PROTEIN_TRANSMEMBRANE_TRANSPORT	False		USP9X	LOW_EVIDENCE	1.2104710449469949	0.4788354898336414	1.2709479401532642	0.378357830306447	1.0417630029655311	0.5760652939919527	1.4576298407728128	0.2323767395403118
USP34	go_bp	GOBP_INTRINSIC_APOPTOTIC_SIGNALING_PATHWAY	False		UBB	MIXED	-0.9818353756221	0.696846362160867	-0.9636724531746708	0.8090314647333796	1.2849358477043726	0.0738894911944061	1.5328425240471124	0.0051840168645651
USP34	go_bp	GOBP_LIMBIC_SYSTEM_DEVELOPMENT	False		UBB	DIRECTIONAL_CONSENSUS	1.3072773220069105	0.3028978659736986	1.3447630346565222	0.2154245072088206	1.5003455844641422	0.0569043022323873	-1.5962977025381213	0.0393216552447251
USP34	go_bp	GOBP_MALE_MEIOSIS_I	False		UBB	LOW_EVIDENCE	-1.2219996122504786	0.493271977150111	-1.64462094235018	0.0808200574794492	-0.7475297137163363	0.9022936088354386	-0.9378333367310848	0.762302305640244
USP34	go_bp	GOBP_MALE_MEIOTIC_NUCLEAR_DIVISION	False		UBB	LOW_EVIDENCE	-1.4952754436277027	0.2568807339449541	-1.5685474156604222	0.0867359281659277	-1.243388938349596	0.3056172382597252	0.8990545803560925	0.8314670933942733
USP34	go_bp	GOBP_MALE_SEX_DIFFERENTIATION	False		UBB	MIXED	-1.3799500041198218	0.1521391267928214	1.1218170583956273	0.4706065919302672	1.1881407969911093	0.288672087036654	-1.297811940265622	0.2135081891525233
USP34	go_bp	GOBP_MAPK_CASCADE	False		ASH1L	SINGLE_DATASET	1.5526016810215049	0.0036027631559747						
USP34	go_bp	GOBP_MEIOSIS_I_CELL_CYCLE_PROCESS	False		UBB	MIXED	-1.6708995004945228	0.0325424857266659	-1.5950600085392477	0.0199629917629102	0.9170541202053258	0.7660115919038746	-1.0428070337738398	0.6707780979827089
USP34	go_bp	GOBP_MEIOTIC_CELL_CYCLE	False		UBB	DIRECTIONAL_CONSENSUS	-1.4733446467876652	0.0422534072972912	-1.235524960903866	0.2503616227077077	-1.236207457815232	0.1188509457254969	-1.260507055993647	0.2130016649992455
USP34	go_bp	GOBP_METHYLATION	False		ASH1L	LOW_EVIDENCE	-0.9281041876949436	0.7866382745167565	-0.6290565567979954	1.0	-1.0809104005244945	0.407749433803262	-1.4909677365511411	0.032971824034503
USP34	go_bp	GOBP_MICROTUBULE_BASED_MOVEMENT	False		ASH1L;UBB	SINGLE_DATASET	-0.9702797720585647	0.7296474172124445	-1.0895398189713468	0.4425981728607643	-1.3856187480981068	0.0127924003294817	-1.099700954981326	0.4810634215484607
USP34	go_bp	GOBP_MICROTUBULE_BASED_TRANSPORT	False		UBB	LOW_EVIDENCE	-0.7414408947285511	1.0	-0.9062962974399074	0.9136017737144944	-1.3093192618164773	0.0758603347623627	-0.9667407846826576	0.7758839085313006
USP34	go_bp	GOBP_MRNA_EXPORT_FROM_NUCLEUS	False		SMG1	LOW_EVIDENCE	-0.5858762568873308	1.0	-0.6107257585034375	1.0	-1.525758404166541	0.0506332877626672	-0.6641418250555059	0.9908828250401284
USP34	go_bp	GOBP_MULTI_MULTICELLULAR_ORGANISM_PROCESS	False		ASH1L	SINGLE_DATASET	1.3930075693196688	0.2376777368996718	1.1925885505658822	0.31614748118496	1.5426641523875586	0.0125697192834273	-1.505419579230444	0.0416266300244705
USP34	go_bp	GOBP_NEGATIVE_REGULATION_OF_DEFENSE_RESPONSE	False		ASH1L	MIXED	1.168902734418632	0.4038310234218967	-1.2184417197624648	0.2793517416881486	1.294147430654747	0.0959430068029593	1.085546818251519	0.5467620538043073
USP34	go_bp	GOBP_NEGATIVE_REGULATION_OF_INFLAMMATORY_RESPONSE	False		ASH1L	LOW_EVIDENCE	1.3361128699904496	0.2736363636363636	1.4376468544799978	0.0970893143423979	1.2354274731407018	0.2516424372873375	1.0438189866593766	0.6691045018690069
USP34	go_bp	GOBP_NEGATIVE_REGULATION_OF_INTRACELLULAR_SIGNAL_TRANSDUCTION	False		ASH1L	DIRECTIONAL_CONSENSUS	1.350029173292188	0.0579551136078286	1.211374874441717	0.1240326455303392	1.3456150909161084	0.0246403133076806		
USP34	go_bp	GOBP_NEGATIVE_REGULATION_OF_MAPK_CASCADE	False		ASH1L	STRONG_CONSENSUS	1.661269369894512	0.0238355324708309	1.4658747675269457	0.0422318561226589	1.5179331132400835	0.0278361118739644	0.875935909765541	0.9022727272727272
USP34	go_bp	GOBP_NEGATIVE_REGULATION_OF_PROTEIN_CATABOLIC_PROCESS	False		USP9X	LOW_EVIDENCE	1.2957079885872822	0.3104665944724327	1.3779682250963965	0.1439733442407306	1.2318898885939218	0.2548656505384002	1.2877782715932988	0.2952847805788982
USP34	go_bp	GOBP_NEGATIVE_REGULATION_OF_RESPONSE_TO_EXTERNAL_STIMULUS	False		ASH1L	DIRECTIONAL_CONSENSUS	1.342288822770325	0.1128861110861757	1.1810078839332014	0.2916974018523071	1.6714808761582314	0.0002140547561187	-0.8660141033368765	0.9611906740309888
USP34	go_bp	GOBP_NEURON_APOPTOTIC_PROCESS	False		UBB	DIRECTIONAL_CONSENSUS	1.3004161736642776	0.2047581903276131	1.125993512461796	0.4145066321578777	1.4409665762071404	0.0156018947829288	1.0190016606038088	0.6884353741496598
USP34	go_bp	GOBP_NEURON_MIGRATION	False		USP9X	MIXED	-1.1787671191889482	0.4086367816752648	1.1281342550892932	0.4381134491021895	1.5059990746477454	0.024661214226864	-0.9444348581902277	0.7990139529171291
USP34	go_bp	GOBP_NEURON_PROJECTION_EXTENSION	False		USP9X	LOW_EVIDENCE	1.046158566345933	0.5791460701927831	1.192656187699588	0.3357182648377445	1.4264130073792742	0.0624565068299329	-1.2163171223273224	0.3543146691110941
USP34	go_bp	GOBP_NUCLEAR_TRANSCRIBED_MRNA_CATABOLIC_PROCESS	False		SMG1	MIXED	0.8414419662430335	0.8877902385089244	0.8268887700369195	0.9832380627078288	-1.4634296626761043	0.0418188581143543	-0.8958142871746098	0.8729269342846818
USP34	go_bp	GOBP_ORGANELLE_FISSION	False		UBB	SINGLE_DATASET	-1.4537960195017914	0.0135979372211433	-0.7491327400845303	1.0	-1.0962706782571454	0.2991691317824229	-1.1535006730052828	0.3470824949698188
USP34	go_bp	GOBP_PHOSPHOLIPID_BIOSYNTHETIC_PROCESS	False		SMG1	LOW_EVIDENCE	1.084220108507176	0.5049110251229896	0.9904307413607866	0.7194983310974155	1.300819811322388	0.1149813439063134	1.5268358490748426	0.0092513623609099
USP34	go_bp	GOBP_PHOSPHOLIPID_METABOLIC_PROCESS	False		SMG1	SINGLE_DATASET	0.9882833520466114	0.6986708573650444	0.9810247057574016	0.730940831168433	1.3769400826028786	0.0290171175463582	1.535263947415726	0.0024231477690096
USP34	go_bp	GOBP_PLACENTA_DEVELOPMENT	False		ASH1L	STRONG_CONSENSUS	1.270684336717986	0.3341863143079804	1.6774478202894345	0.0042409939182954	1.6362927539028185	0.005147329472844	0.90179592966005	0.868207600680658
USP34	go_bp	GOBP_POSITIVE_REGULATION_OF_CANONICAL_WNT_SIGNALING_PATHWAY	True	gse111151		LOW_EVIDENCE	1.2358282118396633	0.4038310234218967	1.1844156162700137	0.3845773863001349	1.3511913994255864	0.1362212340220343	0.8939347472114079	0.8799511316872428
USP34	go_bp	GOBP_POSITIVE_REGULATION_OF_INTRINSIC_APOPTOTIC_SIGNALING_PATHWAY	False		UBB	LOW_EVIDENCE	1.2682116834265358	0.3674265406951547	0.7741847741453637	0.9734909327932584	1.2216752863521214	0.3344810531482075	1.4355918024239107	0.135912614113541
USP34	go_bp	GOBP_POSITIVE_REGULATION_OF_PROGRAMMED_CELL_DEATH	False		UBB	STRONG_CONSENSUS	1.4234167699490303	0.0375829536069169	1.2866938436104092	0.1024923997731882	1.5946597194906922	0.0002485383912036	1.0778560361774874	0.5172766305459006
USP34	go_bp	GOBP_POSITIVE_REGULATION_OF_PROTEIN_MODIFICATION_PROCESS	False		UBB	SINGLE_DATASET	1.4787640278624778	0.0107048514130327						
USP34	go_bp	GOBP_POSITIVE_REGULATION_OF_SIGNALING	True		UBB;USP9X	not_in_resistance_consensus_table								
USP34	go_bp	GOBP_POSITIVE_REGULATION_OF_SIGNAL_TRANSDUCTION_BY_P53_CLASS_MEDIATOR	False		UBB	LOW_EVIDENCE	1.2776322494258046	0.3999463996050497	1.572265902231815	0.1178373204117244	1.44738120228221	0.1664533212543109	0.9829029054508646	0.7367501456027955
USP34	go_bp	GOBP_POSITIVE_REGULATION_OF_TOR_SIGNALING	False		USP9X	LOW_EVIDENCE	1.3328817671276307	0.2927673933312614	1.2428274207144978	0.3089022402669418	0.6552512859676074	0.9954071633176113	1.470195356787845	0.2093313528398473
USP34	go_bp	GOBP_POSITIVE_REGULATION_OF_WNT_SIGNALING_PATHWAY	True			DIRECTIONAL_CONSENSUS	1.2074686507384895	0.3916434763458727	1.41989629769105	0.088401953170669	1.5243758578658175	0.0246555947661876	-0.9103020616055192	0.8558661912998459
USP34	go_bp	GOBP_POST_EMBRYONIC_DEVELOPMENT	False		ASH1L	MIXED	-1.6491193589046769	0.0382488259212921	-1.471568519787815	0.1268542990737569	1.055715608050967	0.530757244066452	0.9327595904337846	0.7954689362742743
USP34	go_bp	GOBP_POST_TRANSLATIONAL_PROTEIN_MODIFICATION	True		RPS27A;TRIP12;UBA52;UBB;UBC;USP9X	not_in_resistance_consensus_table								
USP34	go_bp	GOBP_PROTEASOMAL_PROTEIN_CATABOLIC_PROCESS	False		TRIP12;UBB;USP9X	LOW_EVIDENCE	0.7564101334991682	1.0	0.8282619262352248	1.0	1.044843949161149	0.5005499836793461	1.7084231999777373	1.901138130111529e-06
USP34	go_bp	GOBP_PROTEASOME_MEDIATED_UBIQUITIN_DEPENDENT_PROTEIN_CATABOLIC_PROCESS	False		TRIP12;USP9X	MIXED	0.7177370731218499	1.0	0.7973184622693071	1.0	-0.9672963274848586	0.7599190833787455	1.3120184714030196	0.0786559200032206
USP34	go_bp	GOBP_PROTEIN_AUTOPHOSPHORYLATION	False		SMG1	LOW_EVIDENCE	1.211736553196102	0.3406233655541135	1.1667707107954055	0.3470035469934607	1.3274742053833135	0.1056235116239906	0.6869286836639049	0.9993442725328254
USP34	go_bp	GOBP_PROTEIN_DEUBIQUITINATION	True	gse118713,gse240112	USP9X	MIXED	1.4275296502897976	0.1687070263655234	1.3945946330802064	0.1426363348521067	-0.8107670640194834	0.9236484989476016	0.934720703846064	0.7994785098532042
USP34	go_bp	GOBP_PROTEIN_K48_LINKED_DEUBIQUITINATION	True			MIXED	1.3108516975772309	0.3944240196078431	1.0552586681882885	0.6322133685225599	-0.6373576573523125	0.9758548307271474	0.6577171548736453	0.9742002147291264
USP34	go_bp	GOBP_PROTEIN_MODIFICATION_BY_SMALL_PROTEIN_REMOVAL	True		USP9X	MIXED	1.3478458694143516	0.2573017266608136	1.1845541705308913	0.3659956710663345	-1.1313020538581355	0.3712238265224572	0.8129606145000481	0.9462819942582184
USP34	go_bp	GOBP_PROTEIN_TRANSMEMBRANE_TRANSPORT	False		USP9X	MIXED	1.136581392346178	0.5058031912193526	0.7634452129902921	1.0	-1.0745614390186116	0.4951271509060453	1.4595884648728628	0.1538440479145939
USP34	go_bp	GOBP_PROTEOLYSIS	True		RPS27A;TRIP12;UBA52;UBB;UBC;USP9X	not_in_resistance_consensus_table								
USP34	go_bp	GOBP_RECEPTOR_INTERNALIZATION	False		MKLN1	MIXED	1.3897982029275973	0.2246436629794728	1.0641316319576242	0.5906702946805067	-1.042751799726103	0.5116792436464568	-1.193901778742467	0.4347463202443024
USP34	go_bp	GOBP_RECEPTOR_MEDIATED_ENDOCYTOSIS	False		MKLN1	DIRECTIONAL_CONSENSUS	1.3646379400430722	0.1647747819199851	0.964798398035712	0.7936255286428296	1.3028872317547675	0.0910046283982825	-0.9867710061421175	0.7318161831751434
USP34	go_bp	GOBP_REGULATION_OF_APOPTOTIC_SIGNALING_PATHWAY	False		UBB	LOW_EVIDENCE	1.008610765249322	0.650501560036233	0.9184642471899715	0.9156474849730056	1.2416797959580803	0.1493614156375292	1.2595074379833862	0.1654581657025725
USP34	go_bp	GOBP_REGULATION_OF_CANONICAL_WNT_SIGNALING_PATHWAY	True	gse118713,gse111151		STRONG_CONSENSUS	1.380643741852112	0.1052266077101776	1.749588484223262	0.0005623987742252	1.4228092638309089	0.0350476205488719	0.9014755364905432	0.8897814880285796
USP34	go_bp	GOBP_REGULATION_OF_CELL_MORPHOGENESIS	False		MKLN1	DIRECTIONAL_CONSENSUS	1.4457335218539638	0.0638350283599049	1.285874387970966	0.1773663816672101	1.4889527522570187	0.0159822716809186	-1.334119400395742	0.1226411893817923
USP34	go_bp	GOBP_REGULATION_OF_CELL_SHAPE	False		MKLN1	STRONG_CONSENSUS	1.8304025694638624	0.0060504236690097	1.5219912646176526	0.0448691053081527	1.6178850094496944	0.012667596698997	-1.4643603528146307	0.0715202772152115
USP34	go_bp	GOBP_REGULATION_OF_CHROMOSOME_ORGANIZATION	False		SMG1	STRONG_CONSENSUS	-1.460332678462959	0.0478463682110837	-0.8383181921326024	1.0	-1.4105953340982564	0.017643489682569	-1.107041432627923	0.5107971097541798
USP34	go_bp	GOBP_REGULATION_OF_DNA_METABOLIC_PROCESS	False		SMG1	MIXED	-0.8986789169685823	0.9363028105280896	0.6705293660197454	1.0	-1.262572015598703	0.0467129294863801	-1.2256522183581509	0.1523201513979019
USP34	go_bp	GOBP_REGULATION_OF_EMBRYONIC_DEVELOPMENT	False		TRIP12	LOW_EVIDENCE	1.0419975069935672	0.6117037874123986	1.2616680038048909	0.2729201458709655	1.4368296907180984	0.0767988793576821	-1.1056889962850438	0.5470684433676559
USP34	go_bp	GOBP_REGULATION_OF_ENDOCYTOSIS	False		MKLN1	MIXED	1.413524955175345	0.0758601111902072	-1.0765696913980012	0.4763133844959639	1.2682213954278316	0.1445904898444788	-1.0449678001029028	0.6330268460609845
USP34	go_bp	GOBP_REGULATION_OF_INFLAMMATORY_RESPONSE	False		ASH1L	MIXED	1.3717863710813605	0.1086550957633502	-1.1409637839642537	0.378357830306447	1.29486225831882	0.078329700748015	0.9602454660751638	0.7944706488736428
USP34	go_bp	GOBP_REGULATION_OF_INTRINSIC_APOPTOTIC_SIGNALING_PATHWAY	False		UBB	MIXED	-1.0751133752506143	0.528423786890682	-1.0059139442500398	0.6867662620603797	1.2225347047452766	0.2242150437071508	1.4945977884467807	0.0421278051054322
USP34	go_bp	GOBP_REGULATION_OF_MEMBRANE_POTENTIAL	False		UBB	DIRECTIONAL_CONSENSUS	1.289837460992935	0.1951636615857746	1.107023185807315	0.4402890420306388	1.3878625495308057	0.0230169947832722	-1.0814319575837967	0.536164314516129
USP34	go_bp	GOBP_REGULATION_OF_NEURON_APOPTOTIC_PROCESS	False		UBB	LOW_EVIDENCE	1.172864652165324	0.3689094733263931	0.9367834997244856	0.8441576466095846	1.3547381809839676	0.0643719586513951	1.0705864887362544	0.5753993055555556
USP34	go_bp	GOBP_REGULATION_OF_POST_TRANSLATIONAL_PROTEIN_MODIFICATION	False		UBB	LOW_EVIDENCE	1.2083300725802155	0.315828324567994	1.233283482532057	0.23259523544419	0.9282738248090694	0.779306712810578	1.4268224431144307	0.0607890846654955
USP34	go_bp	GOBP_REGULATION_OF_PROTEASOMAL_PROTEIN_CATABOLIC_PROCESS	False		UBB;USP9X	MIXED	0.7176086639563491	1.0	0.9199194068076398	0.8949435673870196	-0.8700581951608934	0.9080503985470688	1.4187781690169703	0.0745244437502977
USP34	go_bp	GOBP_REGULATION_OF_PROTEIN_CATABOLIC_PROCESS	False		UBB;USP9X	LOW_EVIDENCE	1.1631366693126448	0.3574596857201674	1.3257778257622468	0.0685814929694229	1.0640476568206867	0.4535389357910777	1.29045878252787	0.1203136253618362
USP34	go_bp	GOBP_REGULATION_OF_PROTEIN_UBIQUITINATION	False		UBB	MIXED	1.0198814146075168	0.6407483515700733	1.0738100118275458	0.5129870662530805	-0.9904502034241736	0.62970720545298	1.3077166336571675	0.1801290474017453
USP34	go_bp	GOBP_REGULATION_OF_PROTEOLYSIS	False		UBB;USP9X	DIRECTIONAL_CONSENSUS	1.4330376671279277	0.0218049702406199	1.122385332989501	0.3282825953532264	1.2385639630224154	0.0855657760838735		
USP34	go_bp	GOBP_REGULATION_OF_PROTEOLYSIS_INVOLVED_IN_PROTEIN_CATABOLIC_PROCESS	False		UBB;USP9X	MIXED	0.8121025060053885	0.9696876779534802	0.9173622703404306	0.90676978323453	-0.8711788248694833	0.9134566603381816	1.3299065107998105	0.1654933297963561
USP34	go_bp	GOBP_REGULATION_OF_RECEPTOR_MEDIATED_ENDOCYTOSIS	False		MKLN1	MIXED	1.4105820341729185	0.1681053269672276	-0.8425562927023277	0.9440397123436975	1.1777340736183333	0.3357631061012703	-0.8662921670935788	0.8894881500863389
USP34	go_bp	GOBP_REGULATION_OF_VESICLE_MEDIATED_TRANSPORT	False		MKLN1	STRONG_CONSENSUS	1.5056093509102926	0.0169136714900165	1.0726046585239135	0.4864885687799325	1.383024143193329	0.0152581635171218	-1.0002691950419729	0.7224918309703146
USP34	go_bp	GOBP_REGULATION_OF_WNT_SIGNALING_PATHWAY	True	gse118713,gse111151		STRONG_CONSENSUS	1.327097338294682	0.1603791317519387	1.7636481227660283	0.0001327916917432	1.4917758655784288	0.0111997568531551	-0.9501878159962218	0.8313612604894276
USP34	go_bp	GOBP_REPRODUCTIVE_SYSTEM_DEVELOPMENT	False		ASH1L;UBB	MIXED	-1.1721636220038814	0.3638655165411476	1.3436601887096271	0.1053875184659385	1.22056236690748	0.2177840292030868	-1.3204414871726209	0.1253006002513167
USP34	go_bp	GOBP_RESPONSE_TO_BMP	False		USP9X	STRONG_CONSENSUS	1.4782432761186084	0.0857718273011583	1.7031365876379154	0.0059635049955454	1.687653027658316	0.0040534118267417	-1.0638436141132714	0.6270322785312079
USP34	go_bp	GOBP_RESPONSE_TO_GROWTH_FACTOR	False		USP9X	SINGLE_DATASET	1.5827436008949942	0.0022960162907253						
USP34	go_bp	GOBP_RESPONSE_TO_TRANSFORMING_GROWTH_FACTOR_BETA	False		USP9X	STRONG_CONSENSUS	1.7919377490456023	0.0020730808839481	1.5877590725743298	0.0039376089428796	1.7349990303742433	0.0001444352542921	-1.025193623112497	0.6779018625676111
USP34	go_bp	GOBP_RHYTHMIC_PROCESS	False		USP9X	MIXED	-1.0900694353080065	0.4791022097693731	1.0905641221380955	0.4695554319566427	-1.0771000268719022	0.4004688681027966	-1.3380346008378126	0.108486159635302
USP34	go_bp	GOBP_RNA_EXPORT_FROM_NUCLEUS	False		SMG1	MIXED	0.5304319117068413	1.0	-0.4571676507348269	1.0	-1.4360166114941535	0.0632680039795031	-0.70641250481787	0.9883821265427974
USP34	go_bp	GOBP_RNA_LOCALIZATION	False		SMG1	MIXED	0.7540742986385972	1.0	0.7512649097059412	1.0	-1.374113305903517	0.0356938244186668	-1.331507303687992	0.1330337330938347
USP34	go_bp	GOBP_SEX_DIFFERENTIATION	False		UBB	MIXED	-1.16366264435566	0.3850190738394684	1.276284397877086	0.1414289417450491	0.9531871242780652	0.7227804205752901	-1.2683872442076425	0.2093975137766016
USP34	go_bp	GOBP_SKELETAL_SYSTEM_DEVELOPMENT	False		ASH1L	STRONG_CONSENSUS	1.80104892827474	0.0003556971045393	1.6137534458187353	0.0003481733584573	1.8895671629272628	1.9629027907194837e-08	-1.185925056604336	0.2264747620737779
USP34	go_bp	GOBP_SKIN_DEVELOPMENT	False		ASH1L	DIRECTIONAL_CONSENSUS	1.335628682839573	0.141692180100549	1.2707985095959875	0.1439733442407306	1.371571323635516	0.0596062122779576	-1.58973515333263	0.0036120348691854
USP34	go_bp	GOBP_SPERM_MOTILITY	False		ASH1L	SINGLE_DATASET	-0.8441356582282268	0.86892885939665	-1.220145207197751	0.3501823672112236	-1.5740458770472274	0.0183526746994806	-1.1008242555072818	0.5704220390333262
USP34	go_bp	GOBP_TOR_SIGNALING	False		USP9X	LOW_EVIDENCE	1.1441986469195766	0.4257948757814596	1.052502840726895	0.5750710961737332	0.7708179073637647	0.9758548307271474	1.4442594319251194	0.0793492626696891
USP34	go_bp	GOBP_TRANSFORMING_GROWTH_FACTOR_BETA_RECEPTOR_SIGNALING_PATHWAY	False		USP9X	STRONG_CONSENSUS	1.7026944788017062	0.0089331717758046	1.4747544924386202	0.0493169747489459	1.6857962196559189	0.0009006827493459	0.9934362991294672	0.7192608386638236
USP34	go_bp	GOBP_WNT_SIGNALING_PATHWAY	True	gse118713,gse111151		STRONG_CONSENSUS	1.37591407331501	0.0748148836804059	1.746762587576816	2.3749886687128217e-05	1.7733591866175549	2.2179939521325398e-06	-1.01525483810121	0.6940183232129541
VEZF1	hallmark	HALLMARK_HEME_METABOLISM	True	gse240112		STRONG_CONSENSUS	1.2681667590709091	0.1277777777777778	1.6305954220582812	0.0022032391836467	1.4673377502021034	0.0106279104071557	1.9041077946411116	1.3361613405488134e-05
VEZF1	go_bp	GOBP_ANATOMICAL_STRUCTURE_FORMATION_INVOLVED_IN_MORPHOGENESIS	True			not_in_resistance_consensus_table								
VEZF1	go_bp	GOBP_BLOOD_VESSEL_MORPHOGENESIS	True	gse240112		STRONG_CONSENSUS	1.5811351196046093	0.003713889196295	1.67732927193419	3.38126514620497e-05				
VEZF1	go_bp	GOBP_CELLULAR_DEFENSE_RESPONSE	True			MIXED	1.4402928763553704	0.2752759737355303	-1.2030547335229074	0.472375568391299	0.8155508573959804	0.8392050587172538	-1.0076031913762111	0.6989299649285284
VEZF1	go_bp	GOBP_CIRCULATORY_SYSTEM_DEVELOPMENT	True			not_in_resistance_consensus_table								
VEZF1	go_bp	GOBP_DEFENSE_RESPONSE	True			not_in_resistance_consensus_table								
VEZF1	go_bp	GOBP_ENDOTHELIAL_CELL_DEVELOPMENT	True			MIXED	0.9514892309980724	0.7156760769357283	-1.0884257111823004	0.5563539574927031	1.297221432103609	0.2427665681360579	-1.25102147267722	0.4102473793964417
VEZF1	go_bp	GOBP_ENDOTHELIUM_DEVELOPMENT	True			SINGLE_DATASET	1.1193916709508265	0.511934263727664	1.1051906081179963	0.4919563398016039	1.673703811521842	0.0062514073230235	-1.0776495598853344	0.5987183030470531
VEZF1	go_bp	GOBP_EPITHELIAL_CELL_DEVELOPMENT	True			SINGLE_DATASET	1.233050134567869	0.3089840255591054	1.2495807045326492	0.227905029308901	1.5130361311753786	0.0122841279720381	-1.5331739129451076	0.0224717301159287
VEZF1	go_bp	GOBP_EPITHELIAL_CELL_DIFFERENTIATION	True	gse240112		DIRECTIONAL_CONSENSUS	1.3428395858723654	0.0504086063601814	1.600263391539185	0.0001327916917432				
VEZF1	go_bp	GOBP_EPITHELIUM_DEVELOPMENT	True			not_in_resistance_consensus_table								
VEZF1	go_bp	GOBP_POSITIVE_REGULATION_OF_CELL_DIFFERENTIATION	True			not_in_resistance_consensus_table								
VEZF1	go_bp	GOBP_POSITIVE_REGULATION_OF_DEVELOPMENTAL_PROCESS	True			not_in_resistance_consensus_table								
VEZF1	go_bp	GOBP_POSITIVE_REGULATION_OF_ENDOTHELIAL_CELL_DIFFERENTIATION	True			not_in_resistance_consensus_table								
VEZF1	go_bp	GOBP_POSITIVE_REGULATION_OF_EPITHELIAL_CELL_DIFFERENTIATION	True			MIXED	1.4606969043191924	0.233732283312496	1.0556128528084527	0.6116988770911312	-1.031050912720205	0.5426698549998993	-1.0661543917972325	0.642676342560304
VEZF1	go_bp	GOBP_POSITIVE_REGULATION_OF_RNA_METABOLIC_PROCESS	True			not_in_resistance_consensus_table								
VEZF1	go_bp	GOBP_POSITIVE_REGULATION_OF_TRANSCRIPTION_BY_RNA_POLYMERASE_II	True			not_in_resistance_consensus_table								
VEZF1	go_bp	GOBP_REGULATION_OF_CELL_DIFFERENTIATION	True			not_in_resistance_consensus_table								
VEZF1	go_bp	GOBP_REGULATION_OF_ENDOTHELIAL_CELL_DIFFERENTIATION	True	gse240112		DIRECTIONAL_CONSENSUS	1.258865051652193	0.4273026786993267	1.57854951432975	0.1154313250394076	1.687295259980054	0.0291406303437967	-1.1017463122861455	0.5716975802655118
VEZF1	go_bp	GOBP_REGULATION_OF_EPITHELIAL_CELL_DIFFERENTIATION	True	gse240112		DIRECTIONAL_CONSENSUS	1.4408765629341094	0.1052266077101776	1.6346812155948705	0.0107030404801373	1.1133480780329406	0.4163691607706407	-1.340999621635814	0.1868443834371132
VEZF1	go_bp	GOBP_REGULATION_OF_MULTICELLULAR_ORGANISMAL_DEVELOPMENT	True			not_in_resistance_consensus_table								
VEZF1	go_bp	GOBP_TUBE_DEVELOPMENT	True			not_in_resistance_consensus_table								
VEZF1	go_bp	GOBP_TUBE_MORPHOGENESIS	True			not_in_resistance_consensus_table								
VEZF1	go_bp	GOBP_VASCULATURE_DEVELOPMENT	True			SINGLE_DATASET	1.5650588973250878	0.0030994318218088						
CITED2	hallmark	HALLMARK_ALLOGRAFT_REJECTION	False		HIF1A	MIXED	1.342438128802658	0.1053420195439739	-1.2523879396785913	0.1583710407239819	1.6279160130678574	0.0019715374374113	-1.19207070624498	0.1635220125786163
CITED2	hallmark	HALLMARK_APOPTOSIS	False		CREBBP	DIRECTIONAL_CONSENSUS	1.486887535333331	0.024284162437178	1.37784962420357	0.0702608600357681	1.0560027606922648	0.4217791411042945	0.9655139161043348	0.6016042780748664
CITED2	hallmark	HALLMARK_E2F_TARGETS	False		TP53	STRONG_CONSENSUS	-2.156077441969795	2.0536625741332033e-09	-1.4148071212260809	0.0246659429710491	-1.7992564691348998	1.5323818830438525e-05	-1.57537210276035	0.0030596050869608
CITED2	hallmark	HALLMARK_ESTROGEN_RESPONSE_EARLY	False		TFAP2C	STRONG_CONSENSUS	-2.881806898734365	6.656153027393346e-27	-2.43147440064335	8.452697212421241e-16	-1.8446613569843024	2.43293794273065e-05	-2.070303953078644	1.0573417266834834e-08
CITED2	hallmark	HALLMARK_ESTROGEN_RESPONSE_LATE	False		TFAP2C	STRONG_CONSENSUS	-2.6700182522451352	4.778122405006868e-19	-2.0873776713734533	5.819649955024572e-09	-1.6233711906993151	0.000519635737069	-1.6038661471078015	0.0010637243595374
CITED2	hallmark	HALLMARK_G2M_CHECKPOINT	False		HIF1A	STRONG_CONSENSUS	-1.9252830299616253	2.003764262913621e-06	-0.9677934708371052	0.7133790302107135	-1.4728575376849924	0.0027462607786466	-1.2557824920016445	0.1119405826761165
CITED2	hallmark	HALLMARK_GLYCOLYSIS	True	gse111151,gse245601		DIRECTIONAL_CONSENSUS	1.3218542815825869	0.0915750915750915	1.1724847686227806	0.1928254384050061	1.4525835154472633	0.0104146743187527	1.443593059956482	0.0153316548308294
CITED2	hallmark	HALLMARK_HEME_METABOLISM	False		FOXO3	STRONG_CONSENSUS	1.2681667590709091	0.1277777777777778	1.6305954220582812	0.0022032391836467	1.4673377502021034	0.0106279104071557	1.9041077946411116	1.3361613405488134e-05
CITED2	hallmark	HALLMARK_HYPOXIA	True	gse111151,gse245601	FOXO3	SINGLE_DATASET	1.2440249218281394	0.153360421699978	1.1569480643223709	0.2142004354238359	1.6989583385989184	0.0004739692504287	1.7361630915505288	0.0001150500989363
CITED2	hallmark	HALLMARK_INFLAMMATORY_RESPONSE	False		HIF1A	STRONG_CONSENSUS	1.8649064512731608	0.0002854784550987	1.3317864054906794	0.069269861642767	1.6096659225520882	0.0027462607786466	-1.0666639118156207	0.3998703123311358
CITED2	hallmark	HALLMARK_INTERFERON_GAMMA_RESPONSE	False		HIF1A	MIXED	-1.3976459346361438	0.0339054313096055	-2.50623630105524	3.4701581166699915e-16	1.7064055212866915	0.0003458189447789	0.8290655970964408	0.9310009718172984
CITED2	hallmark	HALLMARK_KRAS_SIGNALING_DN	False		TFAP2B	MIXED	-1.20172094736421	0.2049400252525252	-1.2352749358941597	0.1583710407239819	1.2149301095591831	0.1800411522633745	-1.4349998239427015	0.0243080744737726
CITED2	hallmark	HALLMARK_P53_PATHWAY	False		FOXO3;TP53	STRONG_CONSENSUS	1.3735082397578076	0.0339054313096055	1.1255619204988074	0.2882703777335983	1.560369233505743	0.0027462607786466	1.5716469830604358	0.0032813996355039
CITED2	hallmark	HALLMARK_UV_RESPONSE_DN	True	gse240112		STRONG_CONSENSUS	1.6285191560279797	0.0044732507684607	1.3529988421308998	0.0667199859768998	1.752283694744422	0.0003458189447789	-1.1552410932156294	0.2360834990059642
CITED2	hallmark	HALLMARK_UV_RESPONSE_UP	False		LHX2	MIXED	1.0095602202119114	0.5525878442545109	-0.9305023657047362	0.7634261506553109	1.4853020952544382	0.0092935114949224	1.468646827130771	0.0211674603884332
CITED2	hallmark	HALLMARK_WNT_BETA_CATENIN_SIGNALING	False		TP53	STRONG_CONSENSUS	1.305973566006977	0.1681537405628002	1.5677930367060298	0.0402371504186646	1.766547051848122	0.0027462607786466	0.877812375816334	0.7099570929358164
CITED2	reactome	REACTOME_ACTIVATION_OF_GENE_EXPRESSION_BY_SREBF_SREBP	False		CREBBP	MIXED	-1.05957357653437	0.7580979641907879	0.7470077147720553	1.0	1.0201341200630076	0.6436952877630844	2.5440633087052937	5.137127559222995e-10
CITED2	reactome	REACTOME_ACTIVATION_OF_THE_TFAP2_AP_2_FAMILY_OF_TRANSCRIPTION_FACTORS	True		CREBBP;EP300;TFAP2A;TFAP2B;TFAP2C	not_in_resistance_consensus_table								
CITED2	reactome	REACTOME_ANTIVIRAL_MECHANISM_BY_IFN_STIMULATED_GENES	False		TP53	LOW_EVIDENCE	-1.0425521606053707	0.7458333333333333	-1.4655598247854236	0.1796609139974173	-0.7860716862514141	0.9910209985020154	-1.1889479118424238	0.3447456956263606
CITED2	reactome	REACTOME_AUTOPHAGY	False		EPAS1	MIXED	1.4646880223103245	0.1273377265607205	1.1115041347769603	0.674429302512794	-1.0502732450911036	0.5799648506151143	1.6707347096757046	0.0035462026723579
CITED2	reactome	REACTOME_CD209_DC_SIGN_SIGNALING	False		CREBBP;EP300	LOW_EVIDENCE	1.4218681431219995	0.4147358665430955	1.4743403159237534	0.3219506526951591	0.7463467688703896	0.9234790630926144	0.4632577986048691	1.0
CITED2	reactome	REACTOME_CELLULAR_RESPONSES_TO_STIMULI	True		CREBBP;EP300;EPAS1;HIF1A;TP53	not_in_resistance_consensus_table								
CITED2	reactome	REACTOME_CELLULAR_RESPONSE_TO_CHEMICAL_STRESS	False		CREBBP;EP300	MIXED	1.3053764853261651	0.257769157837351	-0.66076395618275	1.0	-1.1230062677695587	0.3519278096800656	1.5723838373963483	0.0091868556630584
CITED2	reactome	REACTOME_CELLULAR_RESPONSE_TO_HEAT_STRESS	False		CREBBP;EP300	LOW_EVIDENCE	-1.1221141704315485	0.6266890425624259	-0.7409329630284985	1.0	-1.4517336621856978	0.0637998074637455	0.9791927492861586	0.7754629629629629
CITED2	reactome	REACTOME_CELLULAR_RESPONSE_TO_HYPOXIA	True		CREBBP;EP300;EPAS1;HIF1A	MIXED	1.549087632705707	0.1349894120174713	0.7484196985959474	1.0	-0.9140135023079136	0.7919110836677987	-0.9362686832967464	0.8355140987915322
CITED2	reactome	REACTOME_CELLULAR_SENESCENCE	False		TP53	MIXED	1.4371911870619691	0.149114252285855	1.3947055239478168	0.2953007910988042	-0.7351461514060161	0.9961166036392002	1.2415143345937203	0.2893686021049123
CITED2	reactome	REACTOME_CELL_CYCLE_CHECKPOINTS	False		TP53	STRONG_CONSENSUS	-1.5208690994025194	0.0282348579641783	-1.1553780018612652	0.5092096808738488	-1.7101285024908142	9.773304452822268e-05	-1.4674216356123708	0.0199909574069229
CITED2	reactome	REACTOME_CELL_CYCLE_MITOTIC	False		EP300;TP53	STRONG_CONSENSUS	-1.6477488575325732	0.0002725745265973	-0.8098656376131769	1.0	-1.450008126938653	0.0016775931648299	-0.9665018438092808	0.8426541427138763
CITED2	reactome	REACTOME_CHROMATIN_MODIFYING_ENZYMES	False		CREBBP;EP300	MIXED	-0.5547786646349839	1.0	0.7741524429831284	1.0	-1.5712517960080663	0.0039628291183503	-0.8936092946418018	0.9376515184907656
CITED2	reactome	REACTOME_CIRCADIAN_CLOCK	False		CREBBP;EP300;HIF1A	LOW_EVIDENCE	1.0944069060512185	0.688764291996482	1.1311123006684332	0.696868235930736	0.9078553165260708	0.7866343258614922	1.3922232108351753	0.2353035477263722
CITED2	reactome	REACTOME_DDX58_IFIH1_MEDIATED_INDUCTION_OF_INTERFERON_ALPHA_BETA	False		CREBBP;EP300	LOW_EVIDENCE	-0.7241051400112187	1.0	-1.418250430785026	0.2953007910988042	-0.9203044108423564	0.7744740532959328	1.217440919849234	0.4195779866518999
CITED2	reactome	REACTOME_DEUBIQUITINATION	False		EP300;HIF1A;TP53	MIXED	0.7259194390652451	1.0	-0.5981368018307835	1.0	-1.4450759830170836	0.012696534758448	-0.9435623891398796	0.8437037037037037
CITED2	reactome	REACTOME_DISEASES_OF_SIGNAL_TRANSDUCTION_BY_GROWTH_FACTOR_RECEPTORS_AND_SECOND_MESSENGERS	False		CREBBP;EP300;FOXO1;FOXO3;TP53	LOW_EVIDENCE	1.1020156107828258	0.6005494644620566	1.2149306314018824	0.3811816457370259	1.0171827871159052	0.6400750596471674	-1.046790230364102	0.5874643224112341
CITED2	reactome	REACTOME_DNA_DOUBLE_STRAND_BREAK_REPAIR	False		TP53	DIRECTIONAL_CONSENSUS	-1.3318014514348218	0.2337187416214493	-0.6958844606352399	1.0	-1.3426193810329206	0.1233596445088251	-1.5421684862365344	0.0391601037712115
CITED2	reactome	REACTOME_DNA_REPAIR	False		TP53	DIRECTIONAL_CONSENSUS	-1.3646513424618218	0.1464285423073043	-0.6608467092578209	1.0	-1.2096801513129247	0.1140379741376844	-1.3576913905892702	0.0905118504229255
CITED2	reactome	REACTOME_EPIGENETIC_REGULATION_OF_GENE_EXPRESSION	False		EP300	MIXED	-0.6208957729185485	1.0	0.7934316091186928	1.0	-1.3530169806896768	0.0514717559718783	-0.9634598529384678	0.8088996205588133
CITED2	reactome	REACTOME_ESR_MEDIATED_SIGNALING	False		CREBBP;EP300;FOXO3	STRONG_CONSENSUS	-1.7959181363807204	0.0047971938275674	-1.0955459316191007	0.696868235930736	-1.6214986853673143	0.0027740867592108	-1.800414105712448	0.0008724378009806
CITED2	reactome	REACTOME_ESTROGEN_DEPENDENT_GENE_EXPRESSION	False		CREBBP;EP300	STRONG_CONSENSUS	-2.1755651018111584	0.0002725745265973	-1.2812818428740005	0.4208204864679684	-1.788833474201591	0.0025616351004581	-1.8312075715775435	0.0035462026723579
CITED2	reactome	REACTOME_ESTROGEN_DEPENDENT_NUCLEAR_EVENTS_DOWNSTREAM_OF_ESR_MEMBRANE_SIGNALING	False		FOXO3	MIXED	0.9354139898348448	0.9037560052974782	1.2862242829678656	0.5644813402889245	-1.5217640770054377	0.1170059571449893	-1.2031169158828776	0.4856698564593302
CITED2	reactome	REACTOME_EXTRA_NUCLEAR_ESTROGEN_SIGNALING	False		FOXO3	LOW_EVIDENCE	-1.1575292239088537	0.6133632573201292	-0.869856706837604	1.0	-1.3531281247979376	0.1617859256091847	-1.454093480024808	0.1837711118147605
CITED2	reactome	REACTOME_FORMATION_OF_THE_BETA_CATENIN_TCF_TRANSACTIVATING_COMPLEX	False		CREBBP;EP300	DIRECTIONAL_CONSENSUS	1.2919930737285374	0.5650833272153293	1.5842820431422662	0.2953007910988042	1.5824790177991426	0.0643529973497314	-1.5262389985199332	0.1512272865753922
CITED2	reactome	REACTOME_FOXO_MEDIATED_TRANSCRIPTION	True	gse240112,gse245601	CREBBP;EP300;FOXO1;FOXO3	LOW_EVIDENCE	0.966926691280797	0.8784125905168827	1.4126907433348943	0.3811816457370259	0.7451060823716948	0.9655276584317938	1.698971704979924	0.0255517509085222
CITED2	reactome	REACTOME_FOXO_MEDIATED_TRANSCRIPTION_OF_CELL_CYCLE_GENES	False		FOXO1;FOXO3	LOW_EVIDENCE	0.9760717467672742	0.8706874701812978	1.2836454334118153	0.6448576024221782	0.8555973015370655	0.799749687108886	1.5819253502680932	0.1837711118147605
CITED2	reactome	REACTOME_FOXO_MEDIATED_TRANSCRIPTION_OF_CELL_DEATH_GENES	True	gse245601	CREBBP;EP300;FOXO1;FOXO3	LOW_EVIDENCE	1.2569778060521946	0.5939717946354502	1.4274075937481172	0.4562431986520167	1.183600624202383	0.4972875226039783	1.949618378291014	0.0082352407147051
CITED2	reactome	REACTOME_G2_M_CHECKPOINTS	False		TP53	DIRECTIONAL_CONSENSUS	-1.3784223038221273	0.192954463000131	-1.2299863840225935	0.4348970757654146	-1.8703373346133176	0.0003163536389932	-1.610121088858435	0.0199909574069229
CITED2	reactome	REACTOME_G2_M_DNA_DAMAGE_CHECKPOINT	False		TP53	DIRECTIONAL_CONSENSUS	-1.645420522347792	0.0877715580118722	-0.9909708259741532	0.9283991518685396	-1.888882307438977	0.0033604291295454	-1.6666468698373604	0.0345298290906927
CITED2	reactome	REACTOME_HATS_ACETYLATE_HISTONES	False		CREBBP;EP300	MIXED	0.5226939758340013	1.0	0.7641215372059698	1.0	-1.4211078947696694	0.1046105244620155	0.7956572685762772	0.9622419168732969
CITED2	reactome	REACTOME_HEME_SIGNALING	False		CREBBP;EP300	LOW_EVIDENCE	0.9605286620501996	0.864329498667512	1.0150648714117534	0.8951096964874388	0.8659120536491794	0.8215025140490978	1.5207009489090857	0.1113142140075315
CITED2	reactome	REACTOME_HEMOSTASIS	False		TP53	STRONG_CONSENSUS	1.43531910689531	0.0494674822909958	1.3873772086377176	0.1187703323013463	1.4811445278273982	0.0016787562896896		
CITED2	reactome	REACTOME_INTERFERON_SIGNALING	False		TP53	MIXED	-1.2389044816759112	0.3258099745176556	-1.8869912587620437	2.2523672528283047e-05	1.2433784410218114	0.1820142311973286	-0.961904190985836	0.8355140987915322
CITED2	reactome	REACTOME_INTERLEUKIN_4_AND_INTERLEUKIN_13_SIGNALING	False		FOXO1;FOXO3;HIF1A;TP53	DIRECTIONAL_CONSENSUS	1.438378535019251	0.257769157837351	1.1818765187847844	0.6448576024221782	1.4486119506276576	0.0916604660451816	0.9167833607679984	0.8437037037037037
CITED2	reactome	REACTOME_KEAP1_NFE2L2_PATHWAY	False		CREBBP;EP300	MIXED	1.3003050182884588	0.3689098953037839	-0.673880228991028	1.0	-1.2857397940686748	0.1660606135607595	1.5272792829510764	0.0357986788466776
CITED2	reactome	REACTOME_KIDNEY_DEVELOPMENT	False		WT1	MIXED	-1.0941520187450295	0.7225168183616938	1.1426565998717009	0.7150299682187572	1.528998251365295	0.0989870914225245	-1.2991271506165416	0.310760667903525
CITED2	reactome	REACTOME_MAPK6_MAPK4_SIGNALING	False		FOXO1;FOXO3	MIXED	1.1258636995844389	0.6508525718255131	1.1565585009332455	0.6448576024221782	-1.5889705075901386	0.0192005314321868	0.8297267385582925	0.9376515184907656
CITED2	reactome	REACTOME_MAPK_FAMILY_SIGNALING_CASCADES	False		FOXO1;FOXO3	MIXED	1.042843720172656	0.7458333333333333	1.171798923608992	0.432095327431553	-1.2350049613592564	0.1170059571449893	-1.112005362340417	0.4485923313083806
CITED2	reactome	REACTOME_MATERNAL_TO_ZYGOTIC_TRANSITION_MZT	False		CREBBP;EP300;TP53	MIXED	1.1330440650788876	0.6737428485395965	1.5855075806747343	0.2372114013849001	-1.0397705624227669	0.6371265500654595	-1.1267988880799276	0.5350527916964924
CITED2	reactome	REACTOME_METABOLISM_OF_STEROIDS	False		CREBBP	LOW_EVIDENCE	1.2326990107617903	0.4572158365261813	1.2107219585952478	0.4795300933376247	1.0460804707855391	0.5961959266116816	2.217703932141736	1.5300127310223043e-08
CITED2	reactome	REACTOME_MITOTIC_G2_G2_M_PHASES	False		EP300;TP53	SINGLE_DATASET	-1.2175141281055923	0.4147358665430955	-1.0169657656155378	0.8637063815010373	-1.5570985240741138	0.0072245587148078	-0.6911058797586112	1.0
CITED2	reactome	REACTOME_NERVOUS_SYSTEM_DEVELOPMENT	False		LHX2	DIRECTIONAL_CONSENSUS	1.243489038994971	0.2337187416214493	1.260747815842875	0.2361091648096387				
CITED2	reactome	REACTOME_NFE2L2_REGULATING_ANTI_OXIDANT_DETOXIFICATION_ENZYMES	False		CREBBP;EP300	MIXED	1.7316932606622613	0.0911935810069464	1.2860690202295688	0.622294142614601	-1.3783294709953304	0.2373195977675608	1.6642191801199626	0.1049912522985342
CITED2	reactome	REACTOME_NGF_STIMULATED_TRANSCRIPTION	False		EP300	SINGLE_DATASET	1.147831963815617	0.6632068530586503	1.3582554444253157	0.4348970757654146	1.6844491442326504	0.0308266920400866	0.9758082389969344	0.7722262861217489
CITED2	reactome	REACTOME_NUCLEAR_EVENTS_KINASE_AND_TRANSCRIPTION_FACTOR_ACTIVATION	False		EP300	DIRECTIONAL_CONSENSUS	1.3289043306893686	0.4339043309631545	1.6884588560581846	0.1527541616047721	1.6433451203640068	0.0233822101298128	0.9410999938981712	0.8299296953465014
CITED2	reactome	REACTOME_NUCLEAR_EVENTS_MEDIATED_BY_NFE2L2	False		CREBBP;EP300	MIXED	1.1761156511176425	0.5939717946354502	-0.7634337573794446	1.0	-1.3476490926429248	0.129293319126936	1.5094969316765974	0.0676494776722101
CITED2	reactome	REACTOME_ONCOGENE_INDUCED_SENESCENCE	False		TP53	LOW_EVIDENCE	0.7688195129876964	1.0	1.1793723998223482	0.6779551481071862	0.7290449150651068	0.9592927819749336	1.5277238081159716	0.1255461462656231
CITED2	reactome	REACTOME_ORGANELLE_BIOGENESIS_AND_MAINTENANCE	False		CREBBP	SINGLE_DATASET	-1.1230537295062466	0.526883830455259	-0.8954463878140794	1.0	-1.3400123179458372	0.0469409297757721	-0.856213601819361	0.98159868729489
CITED2	reactome	REACTOME_OXIDATIVE_STRESS_INDUCED_SENESCENCE	False		TP53	MIXED	0.9740091111774326	0.8784125905168827	1.399241258093452	0.3928203742015531	-0.890184472294715	0.8239916186485071	1.2922567078303806	0.2933149280220864
CITED2	reactome	REACTOME_PTEN_REGULATION	False		TP53	MIXED	0.9479307462617412	0.926664085552212	0.7172339846562541	1.0	-1.3409000799970348	0.1140379741376844	1.049041034292301	0.6511778590271672
CITED2	reactome	REACTOME_REGULATION_OF_CHOLESTEROL_BIOSYNTHESIS_BY_SREBP_SREBF	False		CREBBP	MIXED	-0.8380086623525934	1.0	0.899234732358313	1.0	1.005672107669388	0.664870460819707	2.578946398305781	6.85867050883458e-11
CITED2	reactome	REACTOME_REGULATION_OF_EXPRESSION_OF_SLITS_AND_ROBOS	False		LHX2	MIXED	0.9058752613262302	0.9854312458080332	1.2526268382739698	0.4310087719298245	-1.6189101207461134	0.0038450491853288	0.908609215199986	0.8602978941961992
CITED2	reactome	REACTOME_REGULATION_OF_GENE_EXPRESSION_BY_HYPOXIA_INDUCIBLE_FACTOR	True		CREBBP;EP300;EPAS1;HIF1A	not_in_resistance_consensus_table								
CITED2	reactome	REACTOME_REGULATION_OF_LIPID_METABOLISM_BY_PPARALPHA	False		CREBBP;EP300	DIRECTIONAL_CONSENSUS	1.3700894632249525	0.2558983771187256	1.3325851854018815	0.3984073038559848	0.8220512222944273	0.9293245600126844	1.5088796838154903	0.066875812870246
CITED2	reactome	REACTOME_REGULATION_OF_MITF_M_DEPENDENT_GENES_INVOLVED_IN_PIGMENTATION	False		TFAP2A	MIXED	1.1224558484338212	0.6950465461480236	1.0226298297461665	0.8951096964874388	-1.0930547832353814	0.5574324324324325	-1.5168134138641385	0.1906339594034013
CITED2	reactome	REACTOME_REGULATION_OF_RUNX3_EXPRESSION_AND_ACTIVITY	False		EP300	MIXED	0.935740046619039	0.9325450756546164	-0.723343414516398	1.0	-1.5677766896822825	0.0586118863905235	0.6259924338862094	1.0
CITED2	reactome	REACTOME_REGULATION_OF_TP53_ACTIVITY	False		EP300;TP53	LOW_EVIDENCE	-1.1219896340015934	0.5750383582662063	-0.6139045436808297	1.0	-1.2810873151740596	0.130836271148888	-1.0354132869532406	0.6674402565983207
CITED2	reactome	REACTOME_REGULATION_OF_TP53_ACTIVITY_THROUGH_PHOSPHORYLATION	False		TP53	SINGLE_DATASET	-1.267590812090244	0.4272517321016166	-0.7190407338902767	1.0	-1.582742560673175	0.0220167359662325	-0.9883030269501866	0.7522194423845925
CITED2	reactome	REACTOME_REPRODUCTION	False		TFAP2C	MIXED	-1.5070470412320045	0.1669632841325064	-1.3147978099949225	0.4081545064377683	0.8918792584360095	0.8178290356508179	-0.9380575496363625	0.8426541427138763
CITED2	reactome	REACTOME_RNA_POLYMERASE_II_TRANSCRIPTION	True		CREBBP;EP300;FOXO1;FOXO3;PCGF2;TFAP2A;TFAP2B;TFAP2C;TP53	not_in_resistance_consensus_table								
CITED2	reactome	REACTOME_RUNX1_INTERACTS_WITH_CO_FACTORS_WHOSE_PRECISE_EFFECT_ON_RUNX1_TARGETS_IS_NOT_KNOWN	False		EP300	MIXED	1.4263705777776348	0.386857476635514	1.4984145378949971	0.3219506526951591	-1.1934957281952987	0.4055812608444187	-0.9070387682751816	0.8437037037037037
CITED2	reactome	REACTOME_RUNX1_REGULATES_GENES_INVOLVED_IN_MEGAKARYOCYTE_DIFFERENTIATION_AND_PLATELET_FUNCTION	False		EP300	MIXED	-0.6882848326716363	1.0	0.8633549739864679	1.0	-1.4470240140715414	0.1056543184952027	-1.170494893640042	0.5502737680438029
CITED2	reactome	REACTOME_SARS_COV_1_HOST_INTERACTIONS	False		EP300	MIXED	0.8103678254309981	1.0	-1.023684904361297	0.8637063815010373	-1.3546341185840478	0.1171800172430579	0.6431505638998424	1.0
CITED2	reactome	REACTOME_SARS_COV_1_INFECTION	False		EP300	MIXED	0.8626959176417176	1.0	-1.309664570785342	0.3928203742015531	-0.8536560780312771	0.9364009050381952	0.9356807737349444	0.8437037037037037
CITED2	reactome	REACTOME_SARS_COV_2_INFECTION	False		CREBBP	MIXED	0.6810733020494412	1.0	-0.9716800029998812	0.9939608412477569	1.3623146605288272	0.0529470334029061	1.0405756676022784	0.6474793837410152
CITED2	reactome	REACTOME_SARS_COV_INFECTIONS	False		CREBBP;EP300	MIXED	0.9738859203674184	0.8784125905168827	-0.9051782342236642	1.0	1.2351162842898225	0.1371317757872379	0.8754648516120184	0.9710695628611578
CITED2	reactome	REACTOME_SENSORY_PERCEPTION	False		LHX2	DIRECTIONAL_CONSENSUS	1.561253275724558	0.0717968220941571	1.032770396776401	0.8479423868312757	1.5635183854564247	0.0038450491853288	-1.1690619070471304	0.3810827891299768
CITED2	reactome	REACTOME_SIGNALING_BY_ALK	False		EP300;HIF1A	MIXED	-0.7019795592036986	1.0	0.835698052894957	1.0	0.8459273337138906	0.8178290356508179	-1.4749621141909417	0.1896661195404697
CITED2	reactome	REACTOME_SIGNALING_BY_INTERLEUKINS	False		FOXO1;FOXO3;HIF1A;TP53	LOW_EVIDENCE	1.3073203059487024	0.1835691130243811	0.9552974371820562	1.0	0.9089848943561976	0.8683219894292559	0.9772742838283364	0.8101781433664716
CITED2	reactome	REACTOME_SIGNALING_BY_NTRKS	False		EP300	DIRECTIONAL_CONSENSUS	1.3984404611985115	0.2136327035486423	1.4300672991310868	0.2897076719622855	1.318012022828131	0.1466741884199189	0.8254416931678125	0.9558710973138128
CITED2	reactome	REACTOME_SIGNALING_BY_NUCLEAR_RECEPTORS	False		CREBBP;EP300;FOXO3	DIRECTIONAL_CONSENSUS	-1.4128169528668315	0.0947089814651584	-1.152169496894646	0.5189699080089393	-1.4993156843647546	0.0073405611827053	-1.451537493535733	0.0344485832965485
CITED2	reactome	REACTOME_SIGNALING_BY_PTK6	False		EPAS1;HIF1A	LOW_EVIDENCE	1.1979600343100305	0.6133632573201292	1.4879667994502468	0.3219506526951591	1.3161480536310508	0.2586775950272292	-1.4080985144298113	0.2314755278297441
CITED2	reactome	REACTOME_SIGNALING_BY_RECEPTOR_TYROSINE_KINASES	False		EP300;HIF1A	STRONG_CONSENSUS	1.4722212718566596	0.0276693648475752	1.3367451380821842	0.1709087271905473	1.5317864329042288	0.0007831520357551	-1.2468082900053652	0.1223908229852442
CITED2	reactome	REACTOME_SIGNALING_BY_ROBO_RECEPTORS	False		LHX2	MIXED	0.7345603014358509	1.0	1.053588948175166	0.771304085404957	-1.4194789952395637	0.0219757968931014	0.6589344388889444	1.0
CITED2	reactome	REACTOME_SIGNALING_BY_TGFBR3	False		EP300	LOW_EVIDENCE	1.209654624303982	0.6133632573201292	1.4681436196693574	0.3219506526951591	0.92971410684778	0.759181283288252	-1.0953077752583564	0.5946092145410903
CITED2	reactome	REACTOME_SIGNALING_BY_TGFB_FAMILY_MEMBERS	False		EP300	DIRECTIONAL_CONSENSUS	1.6101864997372917	0.0550100166925479	1.5583388201092894	0.096110168642714	1.290315646906646	0.1466741884199189	-1.1359396732033915	0.4480917665996908
CITED2	reactome	REACTOME_SIGNALING_BY_TGF_BETA_RECEPTOR_COMPLEX	False		EP300	DIRECTIONAL_CONSENSUS	1.6829390511353346	0.0459250050737269	1.3238208789578276	0.3885071883630054	1.2553959194316124	0.2697639565380292	-1.1470185559284565	0.4774678111587982
CITED2	reactome	REACTOME_SIGNALING_BY_WNT	False		CREBBP;EP300	LOW_EVIDENCE	1.0606427291053573	0.7166797729103533	1.3571501998799351	0.2372114013849001	1.0667099957134258	0.5577249153581468	-0.9034791458631304	0.9327260674212478
CITED2	reactome	REACTOME_SMAD2_SMAD3_SMAD4_HETEROTRIMER_REGULATES_TRANSCRIPTION	False		EP300	LOW_EVIDENCE	1.597212678985919	0.1739329732574405	1.260236920782462	0.576718540080609	1.013064300725803	0.6485605740346201	0.9731416961609084	0.7781649245063879
CITED2	reactome	REACTOME_STABILIZATION_OF_P53	False		TP53	LOW_EVIDENCE	-0.6616579632281419	1.0	-1.172388102455989	0.6423316937082445	-1.5498407540292871	0.0715498877365355	0.8595118899359832	0.914570120542652
CITED2	reactome	REACTOME_SUMOYLATION	False		CREBBP;EP300;PCGF2;TFAP2A;TFAP2B;TFAP2C;TP53	MIXED	-0.8172660103337229	1.0	1.0221849478949414	0.8728022361984626	-1.2388488611067632	0.1615684419375509	-1.2450291471271857	0.2570575975748389
CITED2	reactome	REACTOME_SUMOYLATION_OF_CHROMATIN_ORGANIZATION_PROTEINS	False		PCGF2	MIXED	1.1927676248195829	0.5809515074118236	1.3492429031889126	0.3984208830164357	-1.3536388955752232	0.1527791057357289	-1.34342488556059	0.2491735537190082
CITED2	reactome	REACTOME_SUMOYLATION_OF_DNA_DAMAGE_RESPONSE_AND_REPAIR_PROTEINS	False		PCGF2	MIXED	0.6759337968151407	1.0	0.6671624065018795	1.0	-1.5565097398109955	0.0559776655181509	-1.0224409854955994	0.7020874833997344
CITED2	reactome	REACTOME_SUMOYLATION_OF_RNA_BINDING_PROTEINS	False		PCGF2	MIXED	0.6853123345406849	1.0	1.0018500841394664	0.9102804172571616	-1.368958953840623	0.1660606135607595	-1.080758388511832	0.6399694342956754
CITED2	reactome	REACTOME_SUMOYLATION_OF_TRANSCRIPTION_COFACTORS	False		CREBBP;EP300;PCGF2	MIXED	0.713574855919491	1.0	1.507193240054555	0.2953007910988042	-0.7001555465657234	0.9882291846979402	0.7692449662461623	0.9549105986006738
CITED2	reactome	REACTOME_TCF_DEPENDENT_SIGNALING_IN_RESPONSE_TO_WNT	False		CREBBP;EP300	DIRECTIONAL_CONSENSUS	1.3236865681546277	0.3016514998314796	1.2514554320671474	0.4113544201135442	1.3325280997319875	0.1373115802984571	-0.9690141408701524	0.8051071031008102
CITED2	reactome	REACTOME_THE_ROLE_OF_GTSE1_IN_G2_M_PROGRESSION_AFTER_G2_CHECKPOINT	False		TP53	DIRECTIONAL_CONSENSUS	-0.7092948101975861	1.0	-1.3578490803190253	0.358914063240163	-1.390134445159405	0.1427696048675391	-0.7559195176071691	0.983440726807012
CITED2	reactome	REACTOME_TP53_REGULATES_TRANSCRIPTION_OF_GENES_INVOLVED_IN_G2_CELL_CYCLE_ARREST	False		EP300;TP53	MIXED	-1.559477964718771	0.2136327035486423	-0.7416149174657106	1.0	0.6154185196746101	0.9882291846979402	0.7361369570391343	0.9463853830051012
CITED2	reactome	REACTOME_TRANSCRIPTIONAL_ACTIVITY_OF_SMAD2_SMAD3_SMAD4_HETEROTRIMER	False		EP300	LOW_EVIDENCE	1.431198434822481	0.3243459932276709	1.2543914150207374	0.5143748699812773	0.9402187256356336	0.73312195499188	0.938903656313092	0.8355140987915322
CITED2	reactome	REACTOME_TRANSCRIPTIONAL_REGULATION_BY_E2F6	False		PCGF2	MIXED	-1.4827969828701324	0.2410135445621002	0.9193600705752734	1.0	-1.6605607831347349	0.0324370265795742	0.7487193143421701	0.95602795573675
CITED2	reactome	REACTOME_TRANSCRIPTIONAL_REGULATION_BY_RUNX1	False		CREBBP;EP300	MIXED	0.6858339835752688	1.0	-0.8150811839601151	1.0	-1.404200963464778	0.0361243962941604	-1.211371632624113	0.3078868623539469
CITED2	reactome	REACTOME_TRANSCRIPTIONAL_REGULATION_BY_THE_AP_2_TFAP2_FAMILY_OF_TRANSCRIPTION_FACTORS	True	gse240112	CREBBP;EP300;TFAP2A;TFAP2B;TFAP2C	LOW_EVIDENCE	0.9599593363824194	0.8721864659466928	1.4949871935548444	0.2960576823341833	0.927787203060853	0.7477896926620273	-1.16503545081385	0.5502737680438029
CITED2	reactome	REACTOME_TRANSCRIPTIONAL_REGULATION_OF_PLURIPOTENT_STEM_CELLS	False		EPAS1	DIRECTIONAL_CONSENSUS	1.4791437825885572	0.3440606293591081	1.5929022091795524	0.2372114013849001	1.6114955030785678	0.0715498877365355	0.8863675064678277	0.8437037037037037
CITED2	reactome	REACTOME_UB_SPECIFIC_PROCESSING_PROTEASES	False		HIF1A;TP53	MIXED	0.6477767478640368	1.0	-0.7506100519262346	1.0	-1.411229292636582	0.0448149841287999	-0.8464212634126504	0.95602795573675
CITED2	go_bp	GOBP_ACTIVIN_RECEPTOR_SIGNALING_PATHWAY	True			LOW_EVIDENCE	1.0636955522079945	0.6126732600366571	0.9240830603585608	0.7961159695622826	1.341272424459419	0.2046884607501537	-0.8205387303332373	0.906998329970202
CITED2	go_bp	GOBP_ADAPTIVE_IMMUNE_RESPONSE	False		EP300	SINGLE_DATASET	1.2081230258432034	0.3037420866548234	0.950980028392746	0.820468953802287	1.9324350515872133	9.20344022456892e-08	-0.8899433979684362	0.9328880724048206
CITED2	go_bp	GOBP_ADAPTIVE_IMMUNE_RESPONSE_BASED_ON_SOMATIC_RECOMBINATION_OF_IMMUNE_RECEPTORS_BUILT_FROM_IMMUNOGLOBULIN_SUPERFAMILY_DOMAINS	False		EP300	MIXED	-1.0429997660456027	0.577928582160565	-1.00189013729008	0.6840153580575449	1.6512748120120389	0.0009704722422928	-1.026768029089451	0.6691045018690069
CITED2	go_bp	GOBP_ADAPTIVE_THERMOGENESIS	False		EPAS1	MIXED	1.2319627190185696	0.3799220585945784	-1.0162085896239788	0.6594141138307789	1.3915044003744408	0.0814319420086841	1.2799531277433505	0.289630616025938
CITED2	go_bp	GOBP_ADRENAL_GLAND_DEVELOPMENT	True		WT1	MIXED	-1.0154612682886783	0.6553155259160812	1.1506107525828373	0.5312416037257067	1.208422236347878	0.4028566395186535	-1.1175415511587783	0.6084339698675368
CITED2	go_bp	GOBP_ALPHA_BETA_T_CELL_ACTIVATION	False		EP300	MIXED	-1.3026883680707066	0.2865635258162061	-1.169042720448927	0.380954824784564	1.6138570606881653	0.0068378775557789	-0.96367653586132	0.7744528178092381
CITED2	go_bp	GOBP_ALPHA_BETA_T_CELL_DIFFERENTIATION	False		EP300	MIXED	-1.0873515275404666	0.525850739412808	-1.0343093383720443	0.6314404935557901	1.6324298942389888	0.013950051230327	-1.147910916585267	0.5032654250961114
CITED2	go_bp	GOBP_AMEBOIDAL_TYPE_CELL_MIGRATION	False		HIF1A	STRONG_CONSENSUS	1.327522570587885	0.1143534459492606	1.4207702886813298	0.013851017197816	1.6130643579392343	0.0002645180003538	-1.338858058087521	0.0421278051054322
CITED2	go_bp	GOBP_AMIDE_METABOLIC_PROCESS	False		TP53	MIXED	1.089561341442236	0.4928542375709622	-0.9643582364855852	0.789163106593501	1.487829723208582	0.0025770441770374	1.5064287941688248	0.0049008261704405
CITED2	go_bp	GOBP_AMIDE_TRANSPORT	False		FOXO1;HIF1A;TFAP2B	MIXED	0.9835040164827176	0.7059813198466433	-1.0835929645236917	0.4730777096114519	1.6127595431519843	0.0011591931611905	-1.2437248489510415	0.2328637926181243
CITED2	go_bp	GOBP_ANATOMICAL_STRUCTURE_FORMATION_INVOLVED_IN_MORPHOGENESIS	True		EP300;EPAS1;HIF1A;LHX2;TFAP2A;TFAP2B;TP53;WT1	not_in_resistance_consensus_table								
CITED2	go_bp	GOBP_ANIMAL_ORGAN_FORMATION	True	gse240112,gse111151	WT1	DIRECTIONAL_CONSENSUS	1.0744158625880789	0.5791333385105226	1.8275191258539811	0.0120914715957442	1.4453441038475026	0.0994315946616723	-1.200157424964396	0.4534749700511852
CITED2	go_bp	GOBP_ANIMAL_ORGAN_MORPHOGENESIS	True		EP300;FOXO3;HIF1A;PCGF2;TFAP2A;TFAP2B;TP53;WT1	not_in_resistance_consensus_table								
CITED2	go_bp	GOBP_ANTERIOR_POSTERIOR_AXIS_SPECIFICATION	False		WT1	MIXED	-1.4485897075707808	0.2615421227986673	1.5360714762141718	0.1050521810362318	1.1752410520105496	0.3822741678157102	-1.0750325877673208	0.6156145717463849
CITED2	go_bp	GOBP_ANTERIOR_POSTERIOR_PATTERN_SPECIFICATION	False		EP300;PCGF2;TP53;WT1	DIRECTIONAL_CONSENSUS	1.198396334262359	0.3787170737447259	1.335606243843344	0.1510009566479822	1.4788845733938	0.0294426654006539	-1.2476933133304051	0.28125
CITED2	go_bp	GOBP_AORTA_DEVELOPMENT	False		TFAP2B	STRONG_CONSENSUS	1.710466449195371	0.0481005972542557	1.855325244930356	0.0057640863654717	1.7115885614151418	0.0133378301500491	-1.1375184167307937	0.5342900991857132
CITED2	go_bp	GOBP_AORTA_MORPHOGENESIS	False		TFAP2B	SINGLE_DATASET	1.4175356683419775	0.2805161656267725	1.370634760041315	0.2855767301905717	1.7157182695856923	0.0190677339689327	-1.075683691357595	0.6357061702499562
CITED2	go_bp	GOBP_APOPTOTIC_MITOCHONDRIAL_CHANGES	False		TP53	MIXED	0.8437104326384542	0.8657027675059701	-0.8540265686149341	0.9513727372417264	0.8020336467505133	0.9206119828967332	1.4989487412699851	0.1248681820118178
CITED2	go_bp	GOBP_APOPTOTIC_PROCESS	True		EP300;FOXO1;FOXO3;HIF1A;PCGF2;TFAP2A;TFAP2B;TP53;WT1	not_in_resistance_consensus_table								
CITED2	go_bp	GOBP_APPENDAGE_DEVELOPMENT	False		CREBBP;TFAP2A;TFAP2B	DIRECTIONAL_CONSENSUS	1.1885644441709649	0.4079403904162042	1.4103892486112235	0.0681777316701073	1.8032700772204684	0.0003313797245341	-1.6336811269940563	0.0085799885867696
CITED2	go_bp	GOBP_APPENDAGE_MORPHOGENESIS	False		CREBBP;TFAP2A;TFAP2B	DIRECTIONAL_CONSENSUS	1.3088872551610142	0.3092870544090056	1.4136815205777673	0.0989813112372754	1.8003353772752575	0.000695082825056	-1.770950512221997	0.0023369562218334
CITED2	go_bp	GOBP_ARTERY_DEVELOPMENT	True	gse240112,gse111151	TFAP2B	STRONG_CONSENSUS	1.5213077914034132	0.0967897499136834	1.911499388761405	0.0013391003312215	1.8079874714316757	0.002093907967864	-0.8802628565963907	0.8698487219613981
CITED2	go_bp	GOBP_ARTERY_MORPHOGENESIS	True	gse240112,gse111151	TFAP2B	DIRECTIONAL_CONSENSUS	1.3386536285080537	0.3204889112903226	1.486542776886427	0.1240326455303392	1.8407755480408303	0.0035471603402859	-0.938850428581865	0.7837024128148615
CITED2	go_bp	GOBP_ASSOCIATIVE_LEARNING	False		HIF1A	DIRECTIONAL_CONSENSUS	1.4262985538887454	0.2523364485981308	1.400274047659332	0.1439733442407306	1.4757204413114875	0.0920424742871908	1.0941646378101204	0.5925589149049026
CITED2	go_bp	GOBP_AUTOPHAGY_OF_MITOCHONDRION	False		HIF1A;TP53	LOW_EVIDENCE	1.1278773943499243	0.4951135453103228	1.3320981458936074	0.1439733442407306	0.9487727306621582	0.7279512315230949	2.037567049358434	0.0001293922336481
CITED2	go_bp	GOBP_AXIS_SPECIFICATION	True	gse240112	WT1	MIXED	-1.3691829695470537	0.2523364485981308	1.5830293534969937	0.0606407990945781	1.2196967362536082	0.3186230838404751	-0.9853882051779136	0.7506232815293674
CITED2	go_bp	GOBP_AXON_DEVELOPMENT	False		LHX2	STRONG_CONSENSUS	1.2976560316156764	0.1491024245159621	1.5038740985629828	0.0027862229814974	1.8493687677226187	2.1234010469319443e-08	-1.3785135615526207	0.0114538518701158
CITED2	go_bp	GOBP_AXON_EXTENSION	False		LHX2	LOW_EVIDENCE	1.0442273696950246	0.6066718661372661	1.1325798985902404	0.4726647016197453	1.3549499437026151	0.1392107892107892	-1.2269648959295103	0.4091376641004433
CITED2	go_bp	GOBP_BEHAVIOR	False		EP300;HIF1A;TP53	DIRECTIONAL_CONSENSUS	1.3273383562562553	0.0841037991638179	1.267795145310309	0.0985868726523047	1.5060887362369726	0.0014012043236053	1.058178630338927	0.5582391433670435
CITED2	go_bp	GOBP_BIOLOGICAL_PROCESS_INVOLVED_IN_INTERACTION_WITH_SYMBIONT	False		EP300	SINGLE_DATASET	1.639095702474167	0.0480716633655129	1.0095144646083274	0.6793407667776251	1.1415762571288115	0.3929616325013378	-1.0327886155043258	0.6722885820822633
CITED2	go_bp	GOBP_BIOLOGICAL_PROCESS_INVOLVED_IN_SYMBIOTIC_INTERACTION	False		EP300	STRONG_CONSENSUS	1.485757772583145	0.0392066125263642	1.0031245358375644	0.6750715838290883	1.589573487116661	0.0025400206602629	0.9807090489187728	0.7511923688394276
CITED2	go_bp	GOBP_BIOMINERAL_TISSUE_DEVELOPMENT	False		HIF1A;TFAP2A	STRONG_CONSENSUS	1.8063587504403276	0.0081980217999674	1.6378781692670974	0.0136671074530511	1.785761325161349	0.0011591931611905	-1.1266354920426092	0.4978526844896155
CITED2	go_bp	GOBP_BLASTOCYST_DEVELOPMENT	True			LOW_EVIDENCE	0.9469154089516468	0.7228978604241927	0.9640281786398576	0.774952536600642	0.8010533972613775	0.920796386269734	-0.97908282333027	0.762302305640244
CITED2	go_bp	GOBP_BLASTOCYST_FORMATION	True			LOW_EVIDENCE	1.2860837714122588	0.3799220585945784	1.1198011291598888	0.5353066592889264	0.9009006666887848	0.7675853715644249	0.7119466553023657	0.9650742626918064
CITED2	go_bp	GOBP_BLOOD_VESSEL_ENDOTHELIAL_CELL_MIGRATION	False		HIF1A	DIRECTIONAL_CONSENSUS	1.3866924821860602	0.2251043827630577	1.2570320733837823	0.2575969709375572	1.6074860522246583	0.0156371141074543	-1.1176646691902972	0.5288720484822919
CITED2	go_bp	GOBP_BLOOD_VESSEL_MORPHOGENESIS	True	gse240112	EPAS1;HIF1A;TFAP2B;WT1	STRONG_CONSENSUS	1.5811351196046093	0.003713889196295	1.67732927193419	3.38126514620497e-05				
CITED2	go_bp	GOBP_BLOOD_VESSEL_REMODELING	False		EPAS1	STRONG_CONSENSUS	1.893520725339524	0.0150603459283306	1.662411828020511	0.0714533629074518	1.604239577783833	0.0494204236310474	-0.8207709279572927	0.906998329970202
CITED2	go_bp	GOBP_BODY_FLUID_SECRETION	False		HIF1A	MIXED	-1.1957094236862784	0.4425132119788608	-1.270776400582037	0.2801485503224309	1.198698644574378	0.3423163332474743	-1.5441531607498384	0.0803248425406931
CITED2	go_bp	GOBP_BODY_MORPHOGENESIS	False		EP300	STRONG_CONSENSUS	1.412049417295299	0.2615421227986673	1.903279870591264	0.0047340958830624	1.6713151202865957	0.0183526746994806	-1.129669554942209	0.5559342537866213
CITED2	go_bp	GOBP_BONE_DEVELOPMENT	True	gse240112	TFAP2A;TP53	STRONG_CONSENSUS	1.7088345659071804	0.0090216888005581	1.4441226214796836	0.072639952401421	1.7414946198571146	0.0007501267481922	1.0212261828022389	0.6816375775608693
CITED2	go_bp	GOBP_BONE_MINERALIZATION	False		HIF1A;TFAP2A	STRONG_CONSENSUS	1.769515532257039	0.0198373249206559	1.590340185277329	0.0422318561226589	1.7816975600962113	0.0028694851234001	-1.1959433721038395	0.4313604636270491
CITED2	go_bp	GOBP_BONE_MORPHOGENESIS	True	gse240112,gse111151	TFAP2A	STRONG_CONSENSUS	1.6277437808763429	0.0592578840637061	1.6626633173155507	0.0367248194374659	1.873738884908228	0.0009815369190395	1.0923392615231144	0.5903980584538158
CITED2	go_bp	GOBP_BRANCHING_MORPHOGENESIS_OF_AN_EPITHELIAL_TUBE	False		WT1	STRONG_CONSENSUS	1.594788455652307	0.029077668162765	1.972977646743012	0.0001456365559384	1.6318474871162405	0.0081920199589671	-1.3270281428380302	0.1985814676250314
CITED2	go_bp	GOBP_CAMERA_TYPE_EYE_MORPHOGENESIS	True	gse111151	HIF1A;TFAP2A;TFAP2B	DIRECTIONAL_CONSENSUS	1.4387637576187762	0.1622064852026679	1.2634024093281195	0.2896563086829996	1.3373966826109258	0.1499425005211941	-0.7633613077598681	0.9861105767381017
CITED2	go_bp	GOBP_CANONICAL_NF_KAPPAB_SIGNAL_TRANSDUCTION	False		CREBBP;EP300	LOW_EVIDENCE	1.2263308452535804	0.2769289939258905	1.16814132002529	0.3291150062638057	1.3243829874248056	0.0767947516497946	-1.1708779426906095	0.3368519517407602
CITED2	go_bp	GOBP_CANONICAL_WNT_SIGNALING_PATHWAY	False		FOXO1;FOXO3	STRONG_CONSENSUS	1.487494095911676	0.0401140594536645	1.8419887951623968	8.078794160847515e-05	1.7613741310353404	4.210505096943617e-05	-0.9517985260160304	0.8153715258082813
CITED2	go_bp	GOBP_CARBOHYDRATE_BIOSYNTHETIC_PROCESS	False		EP300;FOXO1	LOW_EVIDENCE	0.9019644244538906	0.8145105010204753	0.9325232464588594	0.8518546379626337	1.3007950214857702	0.1043713420527533	1.2345203182081863	0.3016229104707209
CITED2	go_bp	GOBP_CARBOHYDRATE_CATABOLIC_PROCESS	False		EP300;HIF1A;TP53	MIXED	-0.9751043261739536	0.6860558288610614	0.9348093671124011	0.8459883254452195	1.3257341961397968	0.1362554295707113	1.6104384287949574	0.0110000138296767
CITED2	go_bp	GOBP_CARBOHYDRATE_DERIVATIVE_CATABOLIC_PROCESS	False		EP300;HIF1A	MIXED	-0.9747889416131396	0.7058729554963864	1.1000283518586915	0.4425981728607643	1.7336568833076689	0.0002253406360473	1.3807524412463024	0.0758814219094571
CITED2	go_bp	GOBP_CARBOHYDRATE_METABOLIC_PROCESS	False		EP300;FOXO1;HIF1A;TFAP2B;TP53	SINGLE_DATASET	0.935502507628971	0.8210380989568807	0.9197348551875713	0.9322321280233236	1.4657099732061374	0.0015955367991618	1.5306259608288184	0.0013726253298847
CITED2	go_bp	GOBP_CARDIAC_CHAMBER_DEVELOPMENT	True	gse240112,gse111151	HIF1A;TP53	STRONG_CONSENSUS	1.221719380550356	0.388918032240874	1.7427879061075484	0.0029932599347255	1.6640867090784504	0.0049710126791447	-1.363505783646843	0.1664149951173349
CITED2	go_bp	GOBP_CARDIAC_CHAMBER_MORPHOGENESIS	True	gse240112,gse111151	HIF1A;TP53	STRONG_CONSENSUS	1.2039273230664602	0.4148708252508894	1.7134508846687335	0.0115302166382371	1.608034952480879	0.0221109836315531	-1.4581316473405912	0.1060749251021486
CITED2	go_bp	GOBP_CARDIAC_MUSCLE_CELL_DIFFERENTIATION	False		WT1	DIRECTIONAL_CONSENSUS	1.1362322482382392	0.5105163082906884	1.892970634595266	0.0016256336557182	1.435348267043595	0.076648209441056	-1.3605489417857706	0.2083477855485482
CITED2	go_bp	GOBP_CARDIAC_MUSCLE_CELL_PROLIFERATION	True			MIXED	-1.7322636750703932	0.0323938809799586	1.094180927425582	0.5669298092446061	1.2454813390827926	0.3178522870473422	-1.058274709285007	0.644750254841998
CITED2	go_bp	GOBP_CARDIAC_NEURAL_CREST_CELL_DIFFERENTIATION_INVOLVED_IN_HEART_DEVELOPMENT	True			LOW_EVIDENCE					1.3300228443141318	0.2947263598289487	-0.8109322809133707	0.8891488656278121
CITED2	go_bp	GOBP_CARDIAC_SEPTUM_DEVELOPMENT	True	gse240112	TP53	STRONG_CONSENSUS	1.3490797083524335	0.25239518040986	1.768517288499825	0.0057119511835083	1.93791898642168	0.0003571434318004	-1.0627468527131962	0.6527594394024959
CITED2	go_bp	GOBP_CARDIAC_SEPTUM_MORPHOGENESIS	True	gse240112,gse111151	TP53	STRONG_CONSENSUS	1.444208755877705	0.2272539288668321	1.7545603751282448	0.0158846442325322	1.7773592832042815	0.0042754113357173	-1.166887786864691	0.4876256983240223
CITED2	go_bp	GOBP_CARDIAC_VENTRICLE_DEVELOPMENT	True	gse240112,gse111151	HIF1A	MIXED	-1.2469685687644774	0.3638655165411476	1.6501028999168812	0.0120914715957442	1.7357033417365697	0.0040268636155809	-1.1834672949681435	0.4571683950808237
CITED2	go_bp	GOBP_CARDIAC_VENTRICLE_MORPHOGENESIS	False		HIF1A	MIXED	-1.403291210965024	0.2854174782495779	1.2003495856129738	0.4106434501171344	1.388825428650799	0.175683555275392	-1.648540366468797	0.0458185566158907
CITED2	go_bp	GOBP_CARDIOCYTE_DIFFERENTIATION	True	gse240112,gse111151	WT1	STRONG_CONSENSUS	1.2271337151328316	0.3881639620901438	1.8733191333187	0.0008831576299064	1.6151953249364386	0.0145687333585591	-1.2742753971759804	0.3451393691744446
CITED2	go_bp	GOBP_CARTILAGE_DEVELOPMENT	False		HIF1A	STRONG_CONSENSUS	1.9313882300908267	0.0015501144117401	1.8295878454202636	0.0005623987742252	1.9275640800196885	1.5081478739063054e-05	-1.389531193134034	0.0978636970029279
CITED2	go_bp	GOBP_CD4_POSITIVE_ALPHA_BETA_T_CELL_ACTIVATION	False		EP300	MIXED	-1.002222864035183	0.6616812889923024	-1.04549930623148	0.630453229866371	1.6539432592372862	0.0174604340756112	-1.1067350956883435	0.5716975802655118
CITED2	go_bp	GOBP_CD4_POSITIVE_ALPHA_BETA_T_CELL_DIFFERENTIATION	False		EP300	MIXED	0.9970815670945748	0.6746022529322959	-1.036971253859992	0.6485394235394235	1.682572212519653	0.0147779765347457	-1.1957241115957549	0.4444897328142349
CITED2	go_bp	GOBP_CELLULAR_COMPONENT_DISASSEMBLY	False		HIF1A;TP53	STRONG_CONSENSUS	1.4975654509603065	0.0081980217999674	1.340825018191001	0.0372560113244573	1.236791674410243	0.0939098422970178	1.4128458567631654	0.0107548705925761
CITED2	go_bp	GOBP_CELLULAR_RESPONSE_TO_ABIOTIC_STIMULUS	False		CREBBP;EP300;TP53	MIXED	1.0166100446495332	0.6537900947816542	-0.9100175775753906	0.9248378036355056	1.59470664477822	0.0018136767158505	-1.2915490922151154	0.1295445939079155
CITED2	go_bp	GOBP_CELLULAR_RESPONSE_TO_ALCOHOL	False		FOXO3	SINGLE_DATASET	1.1906984635857074	0.4517156592902491	0.911486050092089	0.8459883254452195	1.5761045938656622	0.0385634444871874	-1.4040638508377985	0.1402074978077774
CITED2	go_bp	GOBP_CELLULAR_RESPONSE_TO_AMYLOID_BETA	False		FOXO3	MIXED	1.5326074835786136	0.2185551254428016	-0.8989547422772015	0.8287496026865301	1.8844965363224395	0.0042914506545123	0.78024742241135	0.9249936721320696
CITED2	go_bp	GOBP_CELLULAR_RESPONSE_TO_BIOTIC_STIMULUS	False		TP53	DIRECTIONAL_CONSENSUS	1.52005472221878	0.0505452934398426	1.3287502409461591	0.1525547525641354	1.2813682116690306	0.1515327603959588	-1.0409693954322374	0.661875367430923
CITED2	go_bp	GOBP_CELLULAR_RESPONSE_TO_CAMP	False		WT1	LOW_EVIDENCE	1.1439490955047718	0.5272255916431302	0.8610272502605919	0.8925342328946491	1.4840391331391043	0.0938666236823703	-1.1449874781444649	0.5575988602943769
CITED2	go_bp	GOBP_CELLULAR_RESPONSE_TO_CARBOHYDRATE_STIMULUS	False		FOXO3;HIF1A	MIXED	-1.352784729275856	0.1604321915512103	-0.9285631774943504	0.8397858740248991	1.0003267057261196	0.6173396119885659	1.0100699005456777	0.7064079296384196
CITED2	go_bp	GOBP_CELLULAR_RESPONSE_TO_CHEMICAL_STRESS	False		FOXO1;FOXO3;HIF1A;PCGF2;TP53	DIRECTIONAL_CONSENSUS	1.4127914347404815	0.070032600375918	1.0768193955241077	0.502735367281416	1.4598719675544922	0.0106793280061814	1.2889702348642107	0.1583924404161556
CITED2	go_bp	GOBP_CELLULAR_RESPONSE_TO_GLUCOCORTICOID_STIMULUS	False		FOXO3	DIRECTIONAL_CONSENSUS	1.4355180736174298	0.2355702068843177	1.6274382067744224	0.0641851317564566	0.877607734774421	0.791600730371272	1.0611167687580452	0.6646091622053161
CITED2	go_bp	GOBP_CELLULAR_RESPONSE_TO_GLUCOSE_STARVATION	False		FOXO3;TP53	MIXED	-0.8111255478868468	0.8909293493148149	0.7082481264745689	1.0	-0.8606033914418023	0.8305606474254149	1.966602460234557	0.0066084401025514
CITED2	go_bp	GOBP_CELLULAR_RESPONSE_TO_HORMONE_STIMULUS	False		EP300;FOXO1;FOXO3;WT1	DIRECTIONAL_CONSENSUS	1.265737978404646	0.1272265034831237	1.3331044355124684	0.0339651657305495	1.18156710418264	0.1828367120799459	1.2113925454916648	0.2196848729524205
CITED2	go_bp	GOBP_CELLULAR_RESPONSE_TO_HYDROGEN_PEROXIDE	False		PCGF2	MIXED	1.2030483790873303	0.4325954150396776	0.9969412724988108	0.7042094840591696	-1.5178468244527592	0.0573492843632613	-1.0035820498404622	0.7084896321767219
CITED2	go_bp	GOBP_CELLULAR_RESPONSE_TO_INORGANIC_SUBSTANCE	False		FOXO1;TFAP2A	DIRECTIONAL_CONSENSUS	1.1341745595038228	0.4375360369017874	1.334518300654574	0.1294534628895	1.359014033635504	0.06975272251352	1.0502190046805415	0.6499628574965953
CITED2	go_bp	GOBP_CELLULAR_RESPONSE_TO_INSULIN_STIMULUS	False		FOXO1	LOW_EVIDENCE	1.1724474077335427	0.3751935961985755	1.1085502635210795	0.4549092482252768	1.3186552008347117	0.1220089445642613	1.5928840916119638	0.0098779305135555
CITED2	go_bp	GOBP_CELLULAR_RESPONSE_TO_INTERLEUKIN_1	False		HIF1A	STRONG_CONSENSUS	1.7596727300605273	0.0327113351210277	1.3668543905361323	0.1773663816672101	1.7790125468393208	0.0078089990041868	-1.703039291989055	0.0215035988012966
CITED2	go_bp	GOBP_CELLULAR_RESPONSE_TO_KETONE	False		FOXO3	DIRECTIONAL_CONSENSUS	1.2916870806810534	0.315828324567994	1.4313875854923943	0.108615968656826	1.664924265368967	0.0133378301500491	-1.0986533574587265	0.5668294116803603
CITED2	go_bp	GOBP_CELLULAR_RESPONSE_TO_LIPID	False		EP300;FOXO3	STRONG_CONSENSUS	1.4047274880158849	0.0340185375206115	1.3827572283386795	0.0185168624498679	1.409771585152747	0.0100406674986791	-1.203454431856432	0.183293264055969
CITED2	go_bp	GOBP_CELLULAR_RESPONSE_TO_NITROGEN_COMPOUND	False		EP300;FOXO1;FOXO3;TP53;WT1	DIRECTIONAL_CONSENSUS	1.385843901506158	0.040253219685199	1.2645504588749843	0.0788545413675871				
CITED2	go_bp	GOBP_CELLULAR_RESPONSE_TO_NUTRIENT_LEVELS	False		CREBBP;EP300;FOXO1;FOXO3;TP53	LOW_EVIDENCE	1.1250979939654344	0.4390888808084073	1.1707056420110364	0.3392767209623575	0.951806358427619	0.7386335707816211	1.6559866267459495	0.0031090884270021
CITED2	go_bp	GOBP_CELLULAR_RESPONSE_TO_ORGANIC_CYCLIC_COMPOUND	False		EP300;FOXO3;WT1	LOW_EVIDENCE	1.0025184186337028	0.6591741475032459	1.1232734956366854	0.3524566774763161	1.2726677642200204	0.0914151395323438	-1.1669108287378591	0.3163906180524677
CITED2	go_bp	GOBP_CELLULAR_RESPONSE_TO_OXIDATIVE_STRESS	False		FOXO1;FOXO3;HIF1A;PCGF2;TP53	LOW_EVIDENCE	1.4465253134054634	0.0738292689028199	1.2093929605492426	0.2708877000695894	1.2531274383343989	0.1620925650166208	1.4054354497617374	0.0562614218970475
CITED2	go_bp	GOBP_CELLULAR_RESPONSE_TO_OXYGEN_LEVELS	True	gse111151	EPAS1;FOXO1;FOXO3;HIF1A;TP53	SINGLE_DATASET	1.3025761335751145	0.2994686407193787	1.2020130031550773	0.308104738874236	1.5364666552766149	0.0176964162950729	1.1313697314995297	0.4834421974785328
CITED2	go_bp	GOBP_CELLULAR_RESPONSE_TO_PEPTIDE_HORMONE_STIMULUS	False		FOXO1	DIRECTIONAL_CONSENSUS	1.295474481621708	0.1651902989833622	1.273536031543089	0.152946974264169	1.3452659515380223	0.0533809579624393	1.4278666118452057	0.0421278051054322
CITED2	go_bp	GOBP_CELLULAR_RESPONSE_TO_REACTIVE_NITROGEN_SPECIES	False		FOXO1	not_in_resistance_consensus_table							-1.6133211508188925	0.1311640472388729
CITED2	go_bp	GOBP_CELLULAR_RESPONSE_TO_STARVATION	False		FOXO1;FOXO3;TP53	LOW_EVIDENCE	1.113456163044908	0.471620054044268	1.1755184959973877	0.3267091430825095	0.8158917408967445	0.935920888676794	1.8053011508581331	0.0011582178762915
CITED2	go_bp	GOBP_CELLULAR_RESPONSE_TO_STEROID_HORMONE_STIMULUS	False		EP300;FOXO3	MIXED	1.1605734809182144	0.3916434763458727	1.3254579552316124	0.1210356037824664	-1.0364540097010095	0.5107195860691001	-1.0373185573170725	0.6691045018690069
CITED2	go_bp	GOBP_CELLULAR_RESPONSE_TO_STRESS	True		CREBBP;EP300;EPAS1;FOXO1;FOXO3;HIF1A;PCGF2;TP53	not_in_resistance_consensus_table								
CITED2	go_bp	GOBP_CELLULAR_RESPONSE_TO_TYPE_II_INTERFERON	False		TP53	MIXED	0.9759828571697764	0.6895666169061392	-1.2705187861503633	0.2879250167579686	1.424937880884026	0.0815221970906192	-1.7528727586540929	0.0119430547963245
CITED2	go_bp	GOBP_CELLULAR_RESPONSE_TO_XENOBIOTIC_STIMULUS	False		TP53	MIXED	1.0579764693155012	0.5782822775008997	-0.969947124814665	0.7721265591821684	1.1082362813335604	0.4174665677831226	-1.6427643219954693	0.0087463707988886
CITED2	go_bp	GOBP_CELLULAR_SENESCENCE	True		TP53	LOW_EVIDENCE	1.1060700248161337	0.5394855967078189	0.9802914661479452	0.7323265015668338	1.1509056510700109	0.3823774306650379	0.9400005708139326	0.8099222177039083
CITED2	go_bp	GOBP_CELL_ACTIVATION_INVOLVED_IN_IMMUNE_RESPONSE	False		EP300;TP53	SINGLE_DATASET	1.0152608305229307	0.641373398906971	0.9566701202356196	0.8059766980488922	1.6444553457469078	0.0017741552989382	-1.100492035693773	0.5050303417438519
CITED2	go_bp	GOBP_CELL_ADHESION	True		EP300;FOXO3	not_in_resistance_consensus_table								
CITED2	go_bp	GOBP_CELL_CELL_ADHESION	True		EP300;FOXO3	not_in_resistance_consensus_table								
CITED2	go_bp	GOBP_CELL_CYCLE	True		TP53	not_in_resistance_consensus_table								
CITED2	go_bp	GOBP_CELL_CYCLE_CHECKPOINT_SIGNALING	False		TP53	SINGLE_DATASET	-1.6681027915507092	0.0094940554600158	-1.0356786909048703	0.6116988770911312	-1.0180088185240068	0.5542414263063865	-1.311054936353884	0.1432355508079096
CITED2	go_bp	GOBP_CELL_CYCLE_G2_M_PHASE_TRANSITION	False		TP53	MIXED	-1.3221262771999172	0.2304382901259775	0.7542449797868662	1.0	-1.271609357203439	0.1759586014220883	-1.015384526528632	0.6933129527114489
CITED2	go_bp	GOBP_CELL_CYCLE_PHASE_TRANSITION	False		TP53	MIXED	-1.3719432140326773	0.0193543143394603	0.7821864453790532	1.0	-1.086356163049779	0.2996451994409203	-0.8692767405362378	0.9722292340925128
CITED2	go_bp	GOBP_CELL_DIFFERENTIATION_INVOLVED_IN_KIDNEY_DEVELOPMENT	False		WT1	LOW_EVIDENCE	1.2422728428447647	0.4317466137520489	1.30888579678375	0.3199043612699098	1.3783459883090416	0.1830736479636155	-1.7477150244901951	0.0314130145810689
CITED2	go_bp	GOBP_CELL_FATE_COMMITMENT	False		EP300;EPAS1;TP53;WT1	STRONG_CONSENSUS	1.547917592480948	0.0395583674162855	1.811029226047776	0.000611002627441	1.78912961558544	0.0001033392330034	-1.248705032737896	0.2759405975150076
CITED2	go_bp	GOBP_CELL_GROWTH	False		LHX2;TP53;WT1	DIRECTIONAL_CONSENSUS	1.1378123934712323	0.3996242538104905	1.205715921493861	0.2011592728547711	1.4519096038727728	0.0052124041430548	0.9478211302284464	0.8481352879647034
CITED2	go_bp	GOBP_CELL_MORPHOGENESIS_INVOLVED_IN_NEURON_DIFFERENTIATION	False		LHX2	STRONG_CONSENSUS	1.2775173752300597	0.1444729641473326	1.473193700025813	0.0021453827787519	1.7240612622419824	1.7002170341671874e-06	-1.2128744211313411	0.1664243413352361
CITED2	go_bp	GOBP_CELL_MOTILITY	True		FOXO3;HIF1A	not_in_resistance_consensus_table								
CITED2	go_bp	GOBP_CELL_PROJECTION_MORPHOGENESIS	False		LHX2	LOW_EVIDENCE	1.2740045246853275	0.1203630632819814						
CITED2	go_bp	GOBP_CELL_PROLIFERATION_INVOLVED_IN_KIDNEY_DEVELOPMENT	False		WT1	DIRECTIONAL_CONSENSUS			1.5142848624219467	0.1439733442407306	1.6785608934370315	0.0371455795463682	-0.9788741044762308	0.7420602605863192
CITED2	go_bp	GOBP_CELL_SURFACE_RECEPTOR_PROTEIN_SERINE_THREONINE_KINASE_SIGNALING_PATHWAY	True	gse240112,gse111151	CREBBP;EP300;TFAP2B;TP53	STRONG_CONSENSUS	1.5261542790385143	0.023490339739894	1.649998116820631	0.0006198061360971	1.705822970452202	9.749360033124298e-05	-1.0093538387279215	0.6949307726663688
CITED2	go_bp	GOBP_CELL_SURFACE_RECEPTOR_PROTEIN_TYROSINE_KINASE_SIGNALING_PATHWAY	False		FOXO1;HIF1A	STRONG_CONSENSUS	1.4715470721953483	0.0135979372211433	1.520553165650187	0.0015755606645223				
CITED2	go_bp	GOBP_CELL_SURFACE_RECEPTOR_SIGNALING_PATHWAY_VIA_STAT	False		EP300	MIXED	1.145997427886167	0.4702138025221828	-1.2036667205499207	0.3349159908291414	1.5565355385702826	0.0229962402089329	-0.90713703056978	0.8585319760579561
CITED2	go_bp	GOBP_CENTRAL_NERVOUS_SYSTEM_DEVELOPMENT	True		FOXO3;HIF1A;LHX2;TFAP2A;TP53	not_in_resistance_consensus_table								
CITED2	go_bp	GOBP_CHEMOKINE_PRODUCTION	False		HIF1A	DIRECTIONAL_CONSENSUS	1.599863227537191	0.0851336008381367	1.2284625056832428	0.360912676056338	1.5294775890074022	0.0488751554718538	0.9390640349948132	0.7944706488736428
CITED2	go_bp	GOBP_CHONDROCYTE_DIFFERENTIATION	False		HIF1A	STRONG_CONSENSUS	1.7794798432559906	0.0162822983791165	1.8275426926588856	0.0038355897153245	1.629919262668366	0.0150300924780713	-1.062902642727462	0.6304824561403509
CITED2	go_bp	GOBP_CIRCULATORY_SYSTEM_DEVELOPMENT	True		EP300;EPAS1;FOXO1;HIF1A;TFAP2B;TP53;WT1	not_in_resistance_consensus_table								
CITED2	go_bp	GOBP_CIRCULATORY_SYSTEM_PROCESS	False		EPAS1	STRONG_CONSENSUS	1.255694511382785	0.2144743625095333	1.3739124824066613	0.0301470099058035	1.7040666913605549	5.226708393381464e-06	-1.131143782214191	0.3769343878945698
CITED2	go_bp	GOBP_COGNITION	False		EP300;HIF1A	DIRECTIONAL_CONSENSUS	1.2913302715673916	0.2376777368996718	1.3468121405447695	0.0808200574794492	1.512613408872378	0.0051406581501065	1.2087160770600338	0.3194444444444444
CITED2	go_bp	GOBP_COLLAGEN_METABOLIC_PROCESS	False		HIF1A	SINGLE_DATASET	1.4609358494194489	0.2355702068843177	1.1508721043790568	0.4494475373138297	1.908539487017502	0.0009363037525457	-0.9588356118646536	0.7696944610317935
CITED2	go_bp	GOBP_COLUMNAR_CUBOIDAL_EPITHELIAL_CELL_DEVELOPMENT	False		HIF1A	LOW_EVIDENCE	1.3003029987702337	0.371912013536379	1.5972631041202496	0.0792323258126239	1.0953816612072442	0.4911324676154609	-1.23387137874174	0.4230040430857155
CITED2	go_bp	GOBP_COLUMNAR_CUBOIDAL_EPITHELIAL_CELL_DIFFERENTIATION	False		HIF1A	DIRECTIONAL_CONSENSUS	1.3806855466885786	0.2376777368996718	1.860452429346536	0.0021453827787519	1.3406001589677832	0.1426084763557317	-1.31401370445201	0.2813254543143982
CITED2	go_bp	GOBP_CONNECTIVE_TISSUE_DEVELOPMENT	False		HIF1A;WT1	STRONG_CONSENSUS	1.9513761829359155	0.000322115267713	1.7718936000855168	0.0001327916917432	2.0729924704935985	1.910100698097384e-08	-1.32438011548601	0.1305692563115737
CITED2	go_bp	GOBP_CRANIAL_NERVE_DEVELOPMENT	True	gse111151	TFAP2A	MIXED	-1.089907397086028	0.536550790973405	1.2422516920973516	0.378357830306447	1.784739974655079	0.0117410051455111	-1.2327424348090767	0.4432630922094753
CITED2	go_bp	GOBP_CRANIAL_NERVE_MORPHOGENESIS	True	gse111151	TFAP2A	MIXED			-1.254846867212002	0.4228052926959157	1.54378518086154	0.1012599933909565	-1.1817771240888335	0.5346301414165172
CITED2	go_bp	GOBP_CRANIAL_SKELETAL_SYSTEM_DEVELOPMENT	False		TFAP2A	SINGLE_DATASET	1.3643716842212734	0.3062915085388994	1.1094132606687233	0.5392163751421758	1.6010678019803282	0.0314683178935358	0.9511507779975517	0.7848205976631165
CITED2	go_bp	GOBP_CYTOKINE_MEDIATED_SIGNALING_PATHWAY	False		FOXO3;HIF1A;TP53	MIXED	1.152801342196252	0.3759859279243532	-1.3451742115180183	0.0604437749855077	1.3998911900258093	0.0195443568967368	-1.1884728579425543	0.2766756302803769
CITED2	go_bp	GOBP_CYTOKINE_PRODUCTION	False		HIF1A	LOW_EVIDENCE	1.2910156459747857	0.1052266077101776						
CITED2	go_bp	GOBP_CYTOKINE_PRODUCTION_INVOLVED_IN_INFLAMMATORY_RESPONSE	False		HIF1A	LOW_EVIDENCE	1.156467921093861	0.511934263727664	0.9281464443390935	0.7973802378675856	1.450178067642495	0.1112087827013525	-0.8276937443434639	0.908235162203904
CITED2	go_bp	GOBP_DECIDUALIZATION	True			LOW_EVIDENCE	0.8424462984378945	0.82761496676676	1.23290020815908	0.4370799974610114	1.3670544681116792	0.2591148072909161	0.9746240311747784	0.7533016376122557
CITED2	go_bp	GOBP_DETERMINATION_OF_LEFT_RIGHT_ASYMMETRY_IN_LATERAL_MESODERM	True			not_in_resistance_consensus_table								
CITED2	go_bp	GOBP_DEVELOPMENTAL_CELL_GROWTH	False		LHX2	DIRECTIONAL_CONSENSUS	1.1299907998069387	0.4545299727520436	1.2780045697059954	0.1877592571465436	1.3468193830833275	0.074540608577635	-1.118912482346753	0.5107971097541798
CITED2	go_bp	GOBP_DEVELOPMENTAL_GROWTH	True	gse240112	EP300;FOXO3;LHX2;TP53;WT1	MIXED	-1.157225780317783	0.2927673933312614	1.3225071240514557	0.0368240400410104				
CITED2	go_bp	GOBP_DEVELOPMENTAL_GROWTH_INVOLVED_IN_MORPHOGENESIS	False		LHX2	DIRECTIONAL_CONSENSUS	1.21233956870994	0.3370498614958448	1.3964919491770544	0.0639832872665012	1.575978576629111	0.0060713955313971	-1.3311266816649203	0.091308780569997
CITED2	go_bp	GOBP_DEVELOPMENTAL_PROCESS_INVOLVED_IN_REPRODUCTION	True		FOXO3;TFAP2C;WT1	not_in_resistance_consensus_table								
CITED2	go_bp	GOBP_DEVELOPMENT_OF_PRIMARY_SEXUAL_CHARACTERISTICS	True	gse240112	FOXO3;TFAP2C;WT1	MIXED	-1.0886708880435023	0.5081538653056143	1.3028537722693467	0.1523416644869265	0.9596339570407896	0.6946658814180923	-1.1479204806062724	0.4483695652173913
CITED2	go_bp	GOBP_DIGESTIVE_SYSTEM_DEVELOPMENT	False		HIF1A	STRONG_CONSENSUS	1.2046750082213007	0.4118299259808694	1.8538256125288817	0.0021453827787519	1.6150071540639637	0.0142469979994563	-0.8778551236717387	0.8888587007438775
CITED2	go_bp	GOBP_DIGESTIVE_TRACT_MORPHOGENESIS	False		HIF1A	MIXED	-1.045863165600764	0.6117037874123986	1.5806149479606153	0.1304751860212579	1.0750994962900895	0.5201414468837483	1.0081306905856864	0.7289911435234487
CITED2	go_bp	GOBP_DNA_DAMAGE_RESPONSE_SIGNAL_TRANSDUCTION_BY_P53_CLASS_MEDIATOR_RESULTING_IN_CELL_CYCLE_ARREST	False		TP53	LOW_EVIDENCE	-1.6636398543103847	0.0932438340887305	-1.0625100277168693	0.6261160223424375	-0.9900808265367416	0.6313435430594408	0.8160891809955071	0.8760382346096711
CITED2	go_bp	GOBP_DNA_DAMAGE_RESPONSE_SIGNAL_TRANSDUCTION_RESULTING_IN_TRANSCRIPTION	False		TP53	LOW_EVIDENCE					0.8468159465950619	0.8050292870952842	1.4711627617832714	0.2523937691303233
CITED2	go_bp	GOBP_DNA_INTEGRITY_CHECKPOINT_SIGNALING	False		TP53	LOW_EVIDENCE	-1.4297634879607015	0.0758601111902072	-0.8041551108227035	1.0	-0.8869375024339854	0.86125515043147	-1.163863844144727	0.4571683950808237
CITED2	go_bp	GOBP_DNA_RECOMBINATION	False		CREBBP	LOW_EVIDENCE	-1.2731314424917566	0.1761461203760682	-0.9801199052627494	0.7479513442834425	-0.899060334966184	0.8916646927616906	-1.6781713863845835	0.0002535684045486
CITED2	go_bp	GOBP_DNA_REPLICATION	False		TP53	DIRECTIONAL_CONSENSUS	-1.5182613941343437	0.0184998787577268	-0.6512812411079294	1.0	-1.2641958154004815	0.0806238843960559	-1.640577170905901	0.0006978534096765
CITED2	go_bp	GOBP_DNA_TEMPLATED_TRANSCRIPTION_INITIATION	False		EP300;FOXO1;TP53	MIXED	-0.6890918501021971	1.0	0.6344818585500326	1.0	-1.295308112032549	0.0933918616648725	-0.8045982303754108	0.9768158695439172
CITED2	go_bp	GOBP_DOPAMINERGIC_NEURON_DIFFERENTIATION	False		HIF1A	DIRECTIONAL_CONSENSUS	1.1994857820750762	0.4895834479117397	1.6318402109181036	0.1051278671688425	1.7436479114369376	0.0263131084669947	-0.8867120291572123	0.8291689542739974
CITED2	go_bp	GOBP_DORSAL_VENTRAL_PATTERN_FORMATION	False		LHX2	MIXED	-0.967465516125834	0.7066503277871224	1.605783713955354	0.0608870826211273	1.6607636390893474	0.0140079874398992	0.7708109235581501	0.965038923113521
CITED2	go_bp	GOBP_DOUBLE_STRAND_BREAK_REPAIR	False		CREBBP;TP53	LOW_EVIDENCE	-1.3268136035402076	0.1289746132792142	-0.8946049582918215	0.9624868400273728	-1.028256005977012	0.5300759782576053	-1.5961100525968566	0.0008074341861889
CITED2	go_bp	GOBP_EAR_DEVELOPMENT	False		TFAP2A	STRONG_CONSENSUS	1.2711177034966883	0.3028978659736986	1.7063499016634724	0.002493860269393	1.6296227062248014	0.004138782444221	-0.870663061360049	0.9210827593786636
CITED2	go_bp	GOBP_EAR_MORPHOGENESIS	False		TFAP2A	STRONG_CONSENSUS	1.2777747931535248	0.347958322139924	1.599239600726157	0.0306577181284336	1.775061307990855	0.0033804925820673	-0.9758044274646328	0.7494454695971993
CITED2	go_bp	GOBP_EMBRYONIC_APPENDAGE_MORPHOGENESIS	False		CREBBP;TFAP2A	SINGLE_DATASET	1.0070853621974951	0.636957338959543	1.2478741477568394	0.2787874040419865	1.682281326631131	0.0090815561528642	-1.523332029866658	0.0589624058105205
CITED2	go_bp	GOBP_EMBRYONIC_CAMERA_TYPE_EYE_DEVELOPMENT	True	gse240112	TFAP2A	LOW_EVIDENCE	1.221357905099911	0.4494095650082877	1.5308122973479334	0.1415642039508404	1.0468361224888123	0.5747877186155306	-0.8284913865144783	0.8936354962066114
CITED2	go_bp	GOBP_EMBRYONIC_CAMERA_TYPE_EYE_MORPHOGENESIS	True	gse240112	TFAP2A	LOW_EVIDENCE	1.1351278351229903	0.540054024395391	1.628859508985247	0.0915996541127977	0.978835117376092	0.6434593015421268	0.8150631107796213	0.8851110001292911
CITED2	go_bp	GOBP_EMBRYONIC_CRANIAL_SKELETON_MORPHOGENESIS	False		TFAP2A	LOW_EVIDENCE	1.47922463453389	0.19555186949167	1.1000286395253456	0.5748631243313544	1.3408196518747586	0.2126982996346911	-0.8942432900024684	0.837953687741695
CITED2	go_bp	GOBP_EMBRYONIC_EYE_MORPHOGENESIS	True		TFAP2A	MIXED	-1.1206636171592392	0.5440476959170056	1.091616418242369	0.5870164227084855	1.2154935589101794	0.37938261276463	0.7840318412966559	0.921924436673756
CITED2	go_bp	GOBP_EMBRYONIC_HEART_TUBE_DEVELOPMENT	True	gse240112,gse111151	HIF1A	MIXED	-1.2301379992363692	0.4007187210321138	1.4165302405171074	0.1672879434277473	1.5726218074590403	0.0301994001689245	-1.0572638895529365	0.6533877895320217
CITED2	go_bp	GOBP_EMBRYONIC_HEART_TUBE_LEFT_RIGHT_PATTERN_FORMATION	True			not_in_resistance_consensus_table								
CITED2	go_bp	GOBP_EMBRYONIC_HEART_TUBE_MORPHOGENESIS	True	gse111151	HIF1A	MIXED	-1.3743475154238565	0.2523364485981308	1.2684956768276685	0.3199043612699098	1.5219316193598236	0.060874744961972	-0.8612594926579349	0.8813944079834578
CITED2	go_bp	GOBP_EMBRYONIC_MORPHOGENESIS	True	gse240112	CREBBP;HIF1A;LHX2;PCGF2;TFAP2A;TP53	STRONG_CONSENSUS	1.3752880786760728	0.0525624842126412	1.6747040935722697	3.2268793877341595e-05	1.926000735139268	9.844029407970658e-11		
CITED2	go_bp	GOBP_EMBRYONIC_ORGAN_DEVELOPMENT	True	gse240112,gse111151	EPAS1;HIF1A;PCGF2;TFAP2A;TP53	STRONG_CONSENSUS	1.3034774416682098	0.1266683656216356	1.5750477802663458	0.0012360750079377	1.7628750576156935	2.2179939521325398e-06	-1.0393727565230142	0.6366064538891192
CITED2	go_bp	GOBP_EMBRYONIC_ORGAN_MORPHOGENESIS	True	gse240112,gse111151	HIF1A;PCGF2;TFAP2A	STRONG_CONSENSUS	1.209287302898793	0.3203835826620637	1.5053525524648192	0.0177999814248873	1.829676645202624	2.771325703871937e-05	-0.9187873123503916	0.8692177742345729
CITED2	go_bp	GOBP_EMBRYONIC_PATTERN_SPECIFICATION	False		WT1	MIXED	-1.221834578709216	0.4279595015576324	1.2908002655095194	0.273714601659544	1.5752074096199056	0.0386922297758057	-1.4194558989147124	0.2862291611109764
CITED2	go_bp	GOBP_EMBRYONIC_PLACENTA_DEVELOPMENT	True	gse240112	EPAS1;HIF1A	STRONG_CONSENSUS	1.1526626300651928	0.471620054044268	1.8673768225389928	0.0029932599347255	1.6478077142266103	0.0174530737543163	-0.842015770181965	0.9139787781621804
CITED2	go_bp	GOBP_EMBRYONIC_PROCESS_INVOLVED_IN_FEMALE_PREGNANCY	True			not_in_resistance_consensus_table								
CITED2	go_bp	GOBP_EMBRYONIC_SKELETAL_SYSTEM_DEVELOPMENT	False		PCGF2;TFAP2A	STRONG_CONSENSUS	1.3940458430073348	0.2171800609040951	1.5577015054646064	0.0486718812464133	1.7103209695638415	0.005185889212064	-1.2845533019201272	0.2950804376054552
CITED2	go_bp	GOBP_EMBRYONIC_SKELETAL_SYSTEM_MORPHOGENESIS	False		PCGF2;TFAP2A	DIRECTIONAL_CONSENSUS	1.538049032326511	0.1239951261364303	1.5300425078398636	0.0708236966549338	1.672199878017626	0.0136106619467324	-1.0602460581875484	0.628101290642918
CITED2	go_bp	GOBP_EMBRYO_DEVELOPMENT	True		CREBBP;EP300;EPAS1;HIF1A;LHX2;PCGF2;TFAP2A;TP53;WT1	not_in_resistance_consensus_table								
CITED2	go_bp	GOBP_EMBRYO_DEVELOPMENT_ENDING_IN_BIRTH_OR_EGG_HATCHING	True		EP300;EPAS1;HIF1A;LHX2;PCGF2;TFAP2A;TP53	not_in_resistance_consensus_table								
CITED2	go_bp	GOBP_ENDOCARDIAL_CUSHION_DEVELOPMENT	True	gse240112,gse111151		DIRECTIONAL_CONSENSUS	1.5733338370442502	0.1613834809683544	1.7833301714375207	0.018739097063293	1.4633695345445454	0.1252694114225992	-1.2618260247333617	0.4057177615571776
CITED2	go_bp	GOBP_ENDOCRINE_SYSTEM_DEVELOPMENT	True	gse240112,gse111151	WT1	DIRECTIONAL_CONSENSUS	1.326703131916647	0.2769289939258905	1.9399424949579047	0.0008742394025144	1.3594307043428246	0.1362554295707113	-1.1856476399834863	0.452838697280008
CITED2	go_bp	GOBP_ENDOTHELIAL_CELL_APOPTOTIC_PROCESS	False		FOXO3	MIXED	1.179676543812665	0.493271977150111	-0.8935599638213354	0.8459883254452195	1.514746147535759	0.0842542269838062	-1.3711179630688388	0.3089864769842269
CITED2	go_bp	GOBP_ENDOTHELIAL_CELL_MIGRATION	False		HIF1A	DIRECTIONAL_CONSENSUS	1.3701676296084249	0.2213176064441887	1.3995866644316677	0.0820619193576169	1.5064204851604666	0.0136106619467324	-1.1833132426279207	0.4057177615571776
CITED2	go_bp	GOBP_ENDOTHELIAL_CELL_PROLIFERATION	False		HIF1A	DIRECTIONAL_CONSENSUS	1.2334602266879835	0.37357168382244	1.336329102990225	0.1877592571465436	1.353799563441514	0.0787607756618297	0.9851201999879136	0.7437081462947973
CITED2	go_bp	GOBP_ENERGY_DERIVATION_BY_OXIDATION_OF_ORGANIC_COMPOUNDS	False		HIF1A;TP53	MIXED	1.2516111654630024	0.2343165395055388	1.4079970675145534	0.0385652866006473	-0.8114138417646167	0.9943821770210284	1.1594746756395071	0.4126086180974951
CITED2	go_bp	GOBP_ENZYME_LINKED_RECEPTOR_PROTEIN_SIGNALING_PATHWAY	True		CREBBP;EP300;FOXO1;HIF1A;TFAP2B;TP53	not_in_resistance_consensus_table								
CITED2	go_bp	GOBP_EPIDERMIS_DEVELOPMENT	False		LHX2	DIRECTIONAL_CONSENSUS	1.1572039370785885	0.3713669211195929	1.314732678641623	0.1160317030908879	1.4680228802580482	0.0081920199589671	-1.4694800344672854	0.0218745641918738
CITED2	go_bp	GOBP_EPITHELIAL_CELL_DEVELOPMENT	False		EPAS1;HIF1A	SINGLE_DATASET	1.233050134567869	0.3089840255591054	1.2495807045326492	0.227905029308901	1.5130361311753786	0.0122841279720381	-1.5331739129451076	0.0224717301159287
CITED2	go_bp	GOBP_EPITHELIAL_CELL_DIFFERENTIATION	False		EPAS1;HIF1A;WT1	DIRECTIONAL_CONSENSUS	1.3428395858723654	0.0504086063601814	1.600263391539185	0.0001327916917432				
CITED2	go_bp	GOBP_EPITHELIAL_CELL_DIFFERENTIATION_INVOLVED_IN_KIDNEY_DEVELOPMENT	False		WT1	LOW_EVIDENCE	1.2563264767202915	0.4325954150396776	1.1861916824145726	0.475789532001609	1.1997432525392362	0.3651160893713895	-1.6856005839714845	0.0465048050714008
CITED2	go_bp	GOBP_EPITHELIAL_CELL_PROLIFERATION	False		HIF1A	STRONG_CONSENSUS	1.4545930565110192	0.0344472008360725	1.550428058355725	0.0034087189820445	1.398087566031803	0.018549913458299	-1.1496670681609404	0.3638651200845449
CITED2	go_bp	GOBP_EPITHELIAL_TO_MESENCHYMAL_TRANSITION	False		HIF1A	STRONG_CONSENSUS	1.721610324314091	0.0130946104568915	1.8117320857342452	0.000858336508294	1.7210391596940935	0.0033804925820673	-1.6917983407382156	0.0046976778151952
CITED2	go_bp	GOBP_EPITHELIAL_TUBE_FORMATION	True	gse240112,gse111151	HIF1A;LHX2	STRONG_CONSENSUS	1.2178716158311542	0.388918032240874	1.5986921012772477	0.0161735577051653	1.879436662292753	0.0002424912440314	-1.3440836483219083	0.2438435791978969
CITED2	go_bp	GOBP_EPITHELIAL_TUBE_MORPHOGENESIS	True	gse240112	HIF1A;LHX2;WT1	STRONG_CONSENSUS	1.280585876266385	0.2146530957703075	1.7641695231412151	0.0001349467315237	1.8404725348798496	2.574964590208196e-06	-1.469754686333756	0.0129857933101058
CITED2	go_bp	GOBP_EPITHELIUM_DEVELOPMENT	True		EP300;EPAS1;HIF1A;LHX2;TFAP2A;TFAP2B;TP53;WT1	not_in_resistance_consensus_table								
CITED2	go_bp	GOBP_ERYTHROCYTE_DEVELOPMENT	True			MIXED	0.9539521875217816	0.7109724530666739	1.0017293138684364	0.690851672971808	-1.4200072456073518	0.1420463936309058	0.6917502317410523	0.9742002147291264
CITED2	go_bp	GOBP_ERYTHROCYTE_HOMEOSTASIS	True		EPAS1;FOXO3;HIF1A	LOW_EVIDENCE	0.8301552952583678	0.911548072398666	0.8057315090955399	0.9974871567121184	1.0737529966806625	0.4672410590538243	1.2501281947579257	0.2905742574257425
CITED2	go_bp	GOBP_ER_NUCLEUS_SIGNALING_PATHWAY	False		TP53	LOW_EVIDENCE	0.8286589765594764	0.86892885939665	0.944413247146538	0.7742692084456329	1.5168580377735903	0.0815422997924064	2.155648817694773	0.0002830617620656
CITED2	go_bp	GOBP_ESTABLISHMENT_OF_PROTEIN_LOCALIZATION_TO_ORGANELLE	False		EP300;TP53	LOW_EVIDENCE	0.9545936491904122	0.7645542631779144	0.8348925953976599	1.0	0.8276010066361129	0.978905120665314	1.2560329274897162	0.1226411893817923
CITED2	go_bp	GOBP_EXTERNAL_ENCAPSULATING_STRUCTURE_ORGANIZATION	False		WT1	STRONG_CONSENSUS	1.602532026912373	0.0193543143394603	1.2759985915724157	0.1599121605491995	1.9949061315001568	8.17084120336993e-08	-1.2855295812918088	0.1543290518682228
CITED2	go_bp	GOBP_EYE_MORPHOGENESIS	True		HIF1A;TFAP2A;TFAP2B	MIXED	1.052239840923278	0.5830857385398981	-1.1638542498137698	0.3757878492527615	1.325339460931922	0.1471060123093548	-0.7767055443552007	0.9883821265427974
CITED2	go_bp	GOBP_FACE_DEVELOPMENT	False		EP300	SINGLE_DATASET	1.3370469245974843	0.321913341439151	1.933439727268367	0.0039376089428796	1.286429078203985	0.2779086551045897	-1.3774703195661344	0.3163906180524677
CITED2	go_bp	GOBP_FACE_MORPHOGENESIS	False		EP300	STRONG_CONSENSUS	1.4259855509127597	0.2749447525330442	2.1050901372216986	0.0014584963328808	1.8515350227208864	0.0111032766101644	-1.060790480018191	0.638012267478651
CITED2	go_bp	GOBP_FAT_CELL_DIFFERENTIATION	False		EP300;FOXO1;TFAP2B	STRONG_CONSENSUS	1.581801181195544	0.0249128641009702	1.6219079014512587	0.0039376089428796	1.8408417589522132	1.4340833541846556e-05	1.3180337062155856	0.1737233559225479
CITED2	go_bp	GOBP_FEMALE_SEX_DIFFERENTIATION	False		FOXO3;WT1	MIXED	1.166804233370232	0.4704026632847178	1.385804926029981	0.1421470066091875	-0.9492049742859194	0.7014761958696719	-1.0607021232495246	0.6366064538891192
CITED2	go_bp	GOBP_FOAM_CELL_DIFFERENTIATION	False		EP300	LOW_EVIDENCE	1.7079054219267489	0.073086426264479	1.1324511762575151	0.5598322269517922	0.9851007108858032	0.6575096607519534	-1.0779724396125865	0.63441911783144
CITED2	go_bp	GOBP_FOREBRAIN_DEVELOPMENT	False		HIF1A;LHX2	STRONG_CONSENSUS	1.0204500585172442	0.625871186440678	1.4885046485166444	0.0112265067645429	1.635308030614525	0.0003235664102534	-1.3497257044503008	0.057586327832397
CITED2	go_bp	GOBP_FOREBRAIN_REGIONALIZATION	False		LHX2	LOW_EVIDENCE					1.6150303653294416	0.1132572130927845	0.6416499662522499	0.9680734447793916
CITED2	go_bp	GOBP_FORELIMB_MORPHOGENESIS	False		TFAP2A;TFAP2B	LOW_EVIDENCE	1.017723586340615	0.6613297819867812	1.281905602093909	0.3773812482396408	1.2657403546662185	0.3026410703897615	-1.5122427781317642	0.1323638876779954
CITED2	go_bp	GOBP_GASTRULATION	False		TP53	STRONG_CONSENSUS	1.7384607638994318	0.0070055893364722	1.842907182836227	0.0005628198588068	2.055733866009988	1.262095087566184e-06	-1.0673562925166626	0.5998184626222668
CITED2	go_bp	GOBP_GENERATION_OF_PRECURSOR_METABOLITES_AND_ENERGY	False		EP300;HIF1A;TP53	LOW_EVIDENCE	1.1400388733542075	0.3759859279243532	1.2042081538018146	0.2023567532067402	0.9525537161318934	0.7476027741754819	1.2934320869765488	0.0727005223888729
CITED2	go_bp	GOBP_GENITALIA_DEVELOPMENT	False		WT1	LOW_EVIDENCE	1.0218982945552164	0.6376913580246913	1.365116263822409	0.3035394456289978	1.3123117540863196	0.2329892929487798	-1.7186789007274133	0.0555540950610134
CITED2	go_bp	GOBP_GLANDULAR_EPITHELIAL_CELL_DEVELOPMENT	False		HIF1A	LOW_EVIDENCE	1.0692761591986146	0.6064038850961081	1.4363993437457194	0.2497231705685912	1.042754319248615	0.5666854777218232	-1.504507990232949	0.1543290518682228
CITED2	go_bp	GOBP_GLANDULAR_EPITHELIAL_CELL_DIFFERENTIATION	False		HIF1A	LOW_EVIDENCE	1.0779086980427404	0.5650722677999227	1.606689495975549	0.0606407990945781	1.1810126824630656	0.3630872841464154	-1.6853050011629245	0.020967289899871
CITED2	go_bp	GOBP_GLAND_DEVELOPMENT	True	gse240112	HIF1A;WT1	DIRECTIONAL_CONSENSUS	1.072696782362233	0.5218918242143483	1.251700959835385	0.1695524806261138	1.597360280479534	0.0002176361403372	-1.4847759386718065	0.0046604919621438
CITED2	go_bp	GOBP_GLIOGENESIS	False		TP53	STRONG_CONSENSUS	1.7116986745938014	0.0040508091519752	1.5360086007332494	0.0075396093719391	2.0421103741212563	3.5785186890886293e-09	-1.067462112954178	0.544910428529864
CITED2	go_bp	GOBP_GLOMERULUS_DEVELOPMENT	False		WT1	MIXED	-1.2034340615065906	0.4611943630113543	1.607320593411348	0.0606407990945781	1.4992551912853098	0.0700282588536874	-1.5833702166400174	0.050693007935038
CITED2	go_bp	GOBP_GLYCOPROTEIN_METABOLIC_PROCESS	False		HIF1A	DIRECTIONAL_CONSENSUS	1.24210753966188	0.2358969059051738	1.2757196156094617	0.1309763594081844	2.1008271765917863	9.551728776844947e-11	1.5020742813157977	0.0060071169666139
CITED2	go_bp	GOBP_GRANULOCYTE_DIFFERENTIATION	True	gse240112		SINGLE_DATASET	1.080961066348916	0.5891512251866206	1.8030301839017928	0.0295603244055179	1.0905726812141867	0.502609904641006	-1.0981693656905434	0.5939295183384887
CITED2	go_bp	GOBP_GROWTH	True		EP300;FOXO3;HIF1A;LHX2;TP53;WT1	not_in_resistance_consensus_table								
CITED2	go_bp	GOBP_G_PROTEIN_COUPLED_RECEPTOR_SIGNALING_PATHWAY	False		HIF1A	LOW_EVIDENCE	-1.244970990106285	0.1203630632819814	-1.190196341967693	0.2265474852675827				
CITED2	go_bp	GOBP_HEAD_MORPHOGENESIS	False		EP300	STRONG_CONSENSUS	1.427355855016915	0.2698569684402943	2.1131635130231787	0.0011236429260934	1.7423969801932562	0.0166533485352566	-0.960750707779546	0.7570154733805403
CITED2	go_bp	GOBP_HEART_DEVELOPMENT	True	gse240112	EP300;HIF1A;TP53;WT1	STRONG_CONSENSUS	1.109762757610149	0.430948845574703	1.5503948623351087	0.0008831576299064	1.709536429324506	1.9502954342571003e-06	-1.3214157898299734	0.0490548505725815
CITED2	go_bp	GOBP_HEART_GROWTH	True		WT1	MIXED	-1.7514570989520395	0.0319095411656176	1.275973916966489	0.2706263958773279	1.2865967880757514	0.2205514121256915	-1.2175919259636463	0.422979797979798
CITED2	go_bp	GOBP_HEART_MORPHOGENESIS	True	gse240112,gse111151	HIF1A;TP53	MIXED	-1.19345413171204	0.3502689873417721	1.5372940526789096	0.0185168624498679	1.7276808539857609	0.0002230728270609	-1.3407548622757517	0.1226411893817923
CITED2	go_bp	GOBP_HEART_PROCESS	False		EPAS1	SINGLE_DATASET	1.158183047261527	0.4179088586030664	1.2018755700203434	0.301257387343019	1.5945990117407889	0.0057446042445893	-1.181849792230231	0.4057177615571776
CITED2	go_bp	GOBP_HEMATOPOIETIC_OR_LYMPHOID_ORGAN_DEVELOPMENT	True		TP53	MIXED	-1.2926884270567602	0.3114175133043058	-0.9844930300369852	0.7074461241026182	0.8414120459988531	0.86125515043147	-0.7627015707024755	0.9722292340925128
CITED2	go_bp	GOBP_HEMATOPOIETIC_PROGENITOR_CELL_DIFFERENTIATION	True		TP53	MIXED	-1.3495550645241532	0.1667771149915392	-1.0115179182642997	0.671791662637338	0.90517146794032	0.7831337843815049	-1.2314183653522977	0.3665161648598401
CITED2	go_bp	GOBP_HEMOPOIESIS	True		EP300;EPAS1;FOXO3;HIF1A;TP53	not_in_resistance_consensus_table								
CITED2	go_bp	GOBP_HEPATICOBILIARY_SYSTEM_DEVELOPMENT	True	gse240112		LOW_EVIDENCE	1.057222135695519	0.5750636544104955	1.3227883467200336	0.1814404078521051	1.210786933992961	0.2494744932448074	-1.10063972238382	0.5537045187091588
CITED2	go_bp	GOBP_HINDBRAIN_DEVELOPMENT	False		TP53	MIXED	-1.1118206406669755	0.4933592319895862	1.25443006788978	0.2497231705685912	1.825836812915208	0.0004083694247163	-1.0726589097010435	0.6116381788719879
CITED2	go_bp	GOBP_HINDLIMB_MORPHOGENESIS	False		TFAP2B	MIXED	-0.940739911728197	0.7190563589030787	-0.961490769118197	0.7463165380150187	1.3350545828757063	0.2187616780567713	-1.8650901944165512	0.013361800238582
CITED2	go_bp	GOBP_HOMEOSTASIS_OF_NUMBER_OF_CELLS	True		EPAS1;FOXO3;HIF1A	LOW_EVIDENCE	0.958257622978393	0.7468119758386582	0.9302135772183378	0.8714363469865489	1.0799721322375022	0.4339656917447383	1.0562595801057584	0.6204923244618039
CITED2	go_bp	GOBP_HOMEOSTATIC_PROCESS	True		CREBBP;EPAS1;FOXO1;FOXO3;HIF1A	not_in_resistance_consensus_table								
CITED2	go_bp	GOBP_HORMONE_BIOSYNTHETIC_PROCESS	False		HIF1A	DIRECTIONAL_CONSENSUS	1.5070277279137425	0.1982834142554104	1.9126823961260024	0.0047023501845355	1.3508445043871855	0.1748790672203714	-1.2932703248302224	0.3534462954109414
CITED2	go_bp	GOBP_HORMONE_METABOLIC_PROCESS	False		HIF1A	DIRECTIONAL_CONSENSUS	1.5467523672085135	0.0503789506651832	1.3481432510970706	0.1669046059784676	1.6824332223944738	0.0009626460707627	-1.0215467207476532	0.686653745246992
CITED2	go_bp	GOBP_HORMONE_TRANSPORT	False		FOXO1;HIF1A;TFAP2B	DIRECTIONAL_CONSENSUS	1.20684276907134	0.3104665944724327	1.2863928592972744	0.1346836865110407	1.5657847687281137	0.0041427513324214	-1.2180438457734468	0.3139266394612461
CITED2	go_bp	GOBP_IMMUNE_EFFECTOR_PROCESS	False		EP300;TP53	MIXED	1.0132899016113983	0.6379719763385924	-1.065954248465598	0.5185606277893142	1.5019100244341004	0.0018879417305556	-1.1079283104505626	0.422979797979798
CITED2	go_bp	GOBP_IMMUNE_RESPONSE_REGULATING_SIGNALING_PATHWAY	False		CREBBP;EP300	MIXED	-1.077266139152636	0.4998196502783658	-1.2157721952019045	0.1845455235043935	1.1317223151439426	0.3053954831279636	-1.095607199838785	0.4707672929568594
CITED2	go_bp	GOBP_IMMUNE_SYSTEM_DEVELOPMENT	True		TP53	MIXED	-0.958420324755914	0.7235890172150795	-0.9118326215499468	0.8713579508422976	0.939243331181379	0.7296520833333334	-1.147660431358995	0.452838697280008
CITED2	go_bp	GOBP_INFLAMMATORY_RESPONSE	False		HIF1A	MIXED	1.3530604366258798	0.0523806254328662	-1.1529625406264783	0.2838989641955465				
CITED2	go_bp	GOBP_INFLAMMATORY_RESPONSE_TO_WOUNDING	False		HIF1A	DIRECTIONAL_CONSENSUS	1.6628660917563571	0.0911493468124721	1.4800353721308686	0.2367660755355344	1.5698766503715094	0.0938666236823703	1.1443429241530665	0.5941042209294938
CITED2	go_bp	GOBP_INNER_EAR_MORPHOGENESIS	False		TFAP2A	DIRECTIONAL_CONSENSUS	1.2840917392990658	0.3638655165411476	1.4580995138183128	0.136815860049705	1.9019751065831456	0.0007776297130282	-0.9469590188651886	0.7950510574331329
CITED2	go_bp	GOBP_INORGANIC_ION_HOMEOSTASIS	False		EPAS1;HIF1A	SINGLE_DATASET	1.1868163503061022	0.321913341439151	1.1346029515355178	0.3524566774763161	1.778871363029417	1.9502954342571003e-06	1.2499422712607249	0.1226411893817923
CITED2	go_bp	GOBP_INSULIN_SECRETION	False		FOXO1;HIF1A;TFAP2B	MIXED	-1.2003584750176737	0.4015473349359578	1.0059598215987444	0.6763569539199881	1.3636200382881007	0.078437540890991	-1.1379356708366797	0.4608811014228967
CITED2	go_bp	GOBP_INTERFERON_MEDIATED_SIGNALING_PATHWAY	False		TP53	MIXED	1.1390570261738115	0.494978547215879	-1.895857379031656	0.0013063971145934	0.9371459617463797	0.7113963963963963	-1.0648079736866631	0.6196663830664912
CITED2	go_bp	GOBP_INTRACELLULAR_IRON_ION_HOMEOSTASIS	False		HIF1A	SINGLE_DATASET	1.1433219566698	0.493271977150111	0.9919833421505992	0.7136359098094683	1.6467029330065013	0.019139919053768	1.1064308617160548	0.5540343255946446
CITED2	go_bp	GOBP_INTRACELLULAR_RECEPTOR_SIGNALING_PATHWAY	True		EP300	MIXED	0.9700900937443588	0.7235890172150795	1.0307850871524329	0.6159255405864835	-1.0592733620631591	0.4174665677831226	-1.0337189585127702	0.654965310137724
CITED2	go_bp	GOBP_INTRINSIC_APOPTOTIC_SIGNALING_PATHWAY	False		EP300;HIF1A;TP53	MIXED	-0.9818353756221	0.696846362160867	-0.9636724531746708	0.8090314647333796	1.2849358477043726	0.0738894911944061	1.5328425240471124	0.0051840168645651
CITED2	go_bp	GOBP_INTRINSIC_APOPTOTIC_SIGNALING_PATHWAY_IN_RESPONSE_TO_DNA_DAMAGE	False		EP300;TP53	MIXED	-1.4935630230191617	0.1043377152534273	-1.0514422940531194	0.6098012744197313	0.8827475486475295	0.8095122095175751	1.220429141743279	0.3810240963855422
CITED2	go_bp	GOBP_INTRINSIC_APOPTOTIC_SIGNALING_PATHWAY_IN_RESPONSE_TO_ENDOPLASMIC_RETICULUM_STRESS	False		TP53	LOW_EVIDENCE	0.8557455533924679	0.8431514574559452	0.9665288658040372	0.754372453395824	1.3335788582994097	0.2191903641179003	2.29554276375582	1.3136910579049768e-05
CITED2	go_bp	GOBP_IN_UTERO_EMBRYONIC_DEVELOPMENT	True	gse240112	EPAS1;HIF1A;PCGF2;TP53	STRONG_CONSENSUS	1.2767799964463142	0.1788770100928053	1.4065493572033712	0.018739097063293	1.487628231270709	0.004914995083247	-0.9656962671092412	0.7920275487843055
CITED2	go_bp	GOBP_KIDNEY_EPITHELIUM_DEVELOPMENT	False		TFAP2B;WT1	STRONG_CONSENSUS	1.4274209695293674	0.1234687325110816	1.7688027632625116	0.002493860269393	1.6398277316997474	0.0075112315503906	-1.4450858031254343	0.0976093539161744
CITED2	go_bp	GOBP_KIDNEY_MESENCHYME_DEVELOPMENT	False		WT1	LOW_EVIDENCE					1.5354941135477915	0.1355848923093246	-0.7522698330874988	0.9097389857136196
CITED2	go_bp	GOBP_KIDNEY_MORPHOGENESIS	False		WT1	DIRECTIONAL_CONSENSUS	1.4631059923457888	0.1636078816576682	1.8331445299576412	0.0061902203485746	1.4574609409997623	0.0736300666801974	-1.2157327776345828	0.3988289607026236
CITED2	go_bp	GOBP_LATERAL_MESODERM_DEVELOPMENT	True			LOW_EVIDENCE					1.3725193950790102	0.2540157325365219	-0.853627971884535	0.8616134740238618
CITED2	go_bp	GOBP_LEARNING	False		HIF1A	DIRECTIONAL_CONSENSUS	1.5536821476335752	0.0676986795051323	1.2866190413654028	0.227905029308901	1.664081752605232	0.0054151047294942	1.0076794881898128	0.7177595849882467
CITED2	go_bp	GOBP_LEFT_RIGHT_AXIS_SPECIFICATION	True			not_in_resistance_consensus_table								
CITED2	go_bp	GOBP_LENS_DEVELOPMENT_IN_CAMERA_TYPE_EYE	True	gse240112,gse111151		STRONG_CONSENSUS	1.820770383777985	0.0212163622555664	1.8658241926509973	0.0030571863300352	1.3711451622529331	0.1423336695478978	-0.9027616389516264	0.845226844522564
CITED2	go_bp	GOBP_LENS_MORPHOGENESIS_IN_CAMERA_TYPE_EYE	True	gse240112		DIRECTIONAL_CONSENSUS	1.6537030038052962	0.091683951765277	1.6059776363691245	0.0905137185546678	1.1869117177142887	0.4174665677831226	1.064259746920083	0.6738186796499376
CITED2	go_bp	GOBP_LEUKOCYTE_CELL_CELL_ADHESION	False		EP300;FOXO3	SINGLE_DATASET	1.0950832317599035	0.480544996618549	1.0748328695955094	0.5052032760837772	1.5425364668684394	0.0027221601655881	-0.9652067300105706	0.7920275487843055
CITED2	go_bp	GOBP_LEUKOCYTE_DIFFERENTIATION	True		EP300;FOXO3;TP53	DIRECTIONAL_CONSENSUS	1.3034468361787828	0.1114093201530115	1.159268756927614	0.2500986077045486	1.4439574922144058	0.0056418187578113		
CITED2	go_bp	GOBP_LEUKOCYTE_PROLIFERATION	False		TP53	SINGLE_DATASET	1.076235489574846	0.540054024395391	1.0004576340301277	0.6867662620603797	1.5567396599972656	0.0057446042445893	-1.0719202496961142	0.5675675675675675
CITED2	go_bp	GOBP_LOCOMOTION	True		EP300;FOXO3;HIF1A	not_in_resistance_consensus_table								
CITED2	go_bp	GOBP_LYMPHOCYTE_ACTIVATION_INVOLVED_IN_IMMUNE_RESPONSE	False		EP300;TP53	SINGLE_DATASET	1.0556175225338027	0.5575585138418724	0.9715739675241828	0.7505010242457683	1.7962239845282413	0.0004821851137719	-1.1281686683809764	0.4876256983240223
CITED2	go_bp	GOBP_LYMPHOCYTE_APOPTOTIC_PROCESS	False		HIF1A;TP53	LOW_EVIDENCE	1.1155133435180176	0.5254551713586292	0.8101219748737658	0.960192334482474	1.452256400606803	0.0864827034187241	-1.4100553625833647	0.1772077658635489
CITED2	go_bp	GOBP_LYMPHOCYTE_DIFFERENTIATION	False		EP300;FOXO3;TP53	LOW_EVIDENCE	1.006467065779717	0.6543556307514546	1.014228953647519	0.6637352569464814	1.298620340003267	0.0743962174913297	-1.0257113782438594	0.670161817653422
CITED2	go_bp	GOBP_MACROAUTOPHAGY	False		HIF1A;TP53	LOW_EVIDENCE	1.073567239865192	0.5188463208161492	1.178266240615703	0.2716233498349835	0.8426080057574551	0.9557980979697174	2.0373159940651835	6.935544941116396e-10
CITED2	go_bp	GOBP_MAINTENANCE_OF_CELL_NUMBER	False		FOXO1;FOXO3	LOW_EVIDENCE	1.213214780903355	0.3450039702324894	1.3805960263330896	0.0838871683075083	0.9823578084771696	0.6575096607519534	-0.8123414572600706	0.9768158695439172
CITED2	go_bp	GOBP_MALE_GENITALIA_DEVELOPMENT	False		WT1	SINGLE_DATASET					1.6261798292634368	0.0455049136974717	-1.163327784435837	0.5666790903031128
CITED2	go_bp	GOBP_MALE_SEX_DIFFERENTIATION	True		TFAP2C;WT1	MIXED	-1.3799500041198218	0.1521391267928214	1.1218170583956273	0.4706065919302672	1.1881407969911093	0.288672087036654	-1.297811940265622	0.2135081891525233
CITED2	go_bp	GOBP_MAMMARY_GLAND_ALVEOLUS_DEVELOPMENT	False		HIF1A	MIXED	0.8721495146152187	0.8029916094154748	1.012609779548573	0.6727946497054951	-0.8636921774849909	0.7668286500810843	-1.648978844527046	0.0903396899371848
CITED2	go_bp	GOBP_MAMMARY_GLAND_DEVELOPMENT	False		HIF1A	MIXED	1.018618055203642	0.6260083887468031	-1.0489101806448575	0.6059638808867736	1.5050130218602251	0.033796702481233	-1.7280412535093388	0.0061902450447544
CITED2	go_bp	GOBP_MAMMARY_GLAND_EPITHELIUM_DEVELOPMENT	False		HIF1A	MIXED	-1.0701254061544987	0.5791333385105226	1.070391444805203	0.6036437010176628	1.0917044074414088	0.4839581592697657	-1.6261672767327238	0.0522927168258717
CITED2	go_bp	GOBP_MAPK_CASCADE	False		FOXO1	SINGLE_DATASET	1.5526016810215049	0.0036027631559747						
CITED2	go_bp	GOBP_MATERNAL_PLACENTA_DEVELOPMENT	True			MIXED	-1.0630413139983248	0.6040927223042372	1.367354179521582	0.3005788324475754	1.2300081696165306	0.356042766381136	0.972580700729757	0.7407256420709335
CITED2	go_bp	GOBP_MATERNAL_PROCESS_INVOLVED_IN_FEMALE_PREGNANCY	True			MIXED	-1.205572733148494	0.4495849096258932	1.185709392604858	0.4425981728607643	1.2568515116516068	0.2956353088654899	-1.1694849200756363	0.5107971097541798
CITED2	go_bp	GOBP_MEGAKARYOCYTE_DIFFERENTIATION	False		EP300	LOW_EVIDENCE	1.2543528417120489	0.404664292808451	1.5965302089492108	0.0696031363843107	1.0922140288563458	0.5072984269002164	-0.7906451952717232	0.932242345456404
CITED2	go_bp	GOBP_MESENCHYMAL_CELL_DIFFERENTIATION	True	gse240112	HIF1A	STRONG_CONSENSUS	1.5077441650603494	0.0505452934398426	1.8563588183256143	8.078794160847515e-05	1.6672632673776702	0.001274465775397	-1.573939617557627	0.0081695037728052
CITED2	go_bp	GOBP_MESENCHYMAL_CELL_MIGRATION	False		HIF1A	MIXED	-1.234482620492256	0.4277963419205398	1.558375507035323	0.109245771818426	1.4726967099339654	0.0947266778881127	-1.2413990476729542	0.422979797979798
CITED2	go_bp	GOBP_MESENCHYME_DEVELOPMENT	True	gse240112	HIF1A;WT1	STRONG_CONSENSUS	1.445046541602899	0.0562394028286018	1.8786263231333984	2.642379529964136e-05	1.789137815094454	2.9073005737427475e-05	-1.5731925807689269	0.0030128619888588
CITED2	go_bp	GOBP_MESODERM_DEVELOPMENT	True	gse240112,gse111151	LHX2	STRONG_CONSENSUS	1.307670067766376	0.3116285965806422	1.6963253604846094	0.0064631281153015	1.9771294910178312	0.0001033392330034	-1.163800557537143	0.4707672929568594
CITED2	go_bp	GOBP_MESONEPHRIC_TUBULE_MORPHOGENESIS	False		WT1	DIRECTIONAL_CONSENSUS	1.2208660844924883	0.4316701892580113	1.7398832698680138	0.0309985545039513	1.5406534238128056	0.0612630701436773	-1.175238128675726	0.4835948407685659
CITED2	go_bp	GOBP_MESONEPHROS_DEVELOPMENT	False		WT1	STRONG_CONSENSUS	1.2879658833930094	0.3372183098591549	1.7913151718097091	0.0105854499172437	1.6089097402250851	0.01830986426546	-1.1196980635885518	0.544910428529864
CITED2	go_bp	GOBP_METANEPHRIC_EPITHELIUM_DEVELOPMENT	False		WT1	DIRECTIONAL_CONSENSUS			1.5584209205157216	0.162846148784186	1.5638696233678755	0.0972245627006231	-0.7965809949826204	0.8901851851851851
CITED2	go_bp	GOBP_METANEPHRIC_NEPHRON_DEVELOPMENT	False		TFAP2B;WT1	DIRECTIONAL_CONSENSUS	1.4581544642048432	0.2599412270642202	1.7114061982125437	0.0635959538230703	1.422383868199666	0.1481011396994014	-1.3709015260905837	0.3534462954109414
CITED2	go_bp	GOBP_METANEPHRIC_NEPHRON_MORPHOGENESIS	False		WT1	LOW_EVIDENCE			1.6979132489980944	0.0606407990945781	1.2131749799062284	0.3972190219932214	-0.9112856428896936	0.7893716993195015
CITED2	go_bp	GOBP_METANEPHROS_DEVELOPMENT	False		TFAP2B;WT1	STRONG_CONSENSUS	1.4066110400113798	0.2615421227986673	1.8214147132034333	0.0108216066131807	1.6459214472134909	0.0157025966787714	-1.40219007391441	0.1876854980527766
CITED2	go_bp	GOBP_METANEPHROS_MORPHOGENESIS	False		WT1	DIRECTIONAL_CONSENSUS	1.6543124449476356	0.0967897499136834	1.7830029621390755	0.0326524824345633	1.1435831840632138	0.4518217011248131	-0.798047355169207	0.9022727272727272
CITED2	go_bp	GOBP_METENCEPHALON_DEVELOPMENT	False		TP53	MIXED	-1.070814551899241	0.5749053407732165	0.8611468218643783	0.9245528093223484	1.6292071252907037	0.0150300924780713	-0.8519650770197926	0.9134422900938
CITED2	go_bp	GOBP_MICROTUBULE_BASED_MOVEMENT	False		HIF1A	SINGLE_DATASET	-0.9702797720585647	0.7296474172124445	-1.0895398189713468	0.4425981728607643	-1.3856187480981068	0.0127924003294817	-1.099700954981326	0.4810634215484607
CITED2	go_bp	GOBP_MICROTUBULE_BASED_TRANSPORT	False		HIF1A	LOW_EVIDENCE	-0.7414408947285511	1.0	-0.9062962974399074	0.9136017737144944	-1.3093192618164773	0.0758603347623627	-0.9667407846826576	0.7758839085313006
CITED2	go_bp	GOBP_MIRNA_METABOLIC_PROCESS	False		FOXO3;HIF1A;TP53;WT1	DIRECTIONAL_CONSENSUS	1.303465869403139	0.3104665944724327	1.5449021244023595	0.0558730849925397	1.4860810968605365	0.0554843050510135	-1.325734024724827	0.2759405975150076
CITED2	go_bp	GOBP_MIRNA_PROCESSING	False		TP53	MIXED	0.7609099168931902	0.9355052603925892	0.9196779010853104	0.8088636363636365	-1.238548723156256	0.3098367490090459	-1.4595654639292066	0.1574344384337931
CITED2	go_bp	GOBP_MITOCHONDRIAL_GENE_EXPRESSION	False		FOXO3	SINGLE_DATASET	-0.8547113888812097	0.9285192757009346	-0.6500389321148121	1.0	-1.788888851707198	0.0004083694247163	-1.6988936050905696	0.0017282216977988
CITED2	go_bp	GOBP_MITOCHONDRIAL_RNA_METABOLIC_PROCESS	False		FOXO3	LOW_EVIDENCE	-0.8479644165426548	0.8472229876662075	-1.056717304236651	0.6141613788289825	-1.1327423652091655	0.4360819902988577	-1.6566842051867323	0.0480208530200768
CITED2	go_bp	GOBP_MITOCHONDRIAL_TRANSPORT	False		TP53	MIXED	-0.6931085591064693	1.0	-0.7788757276748669	1.0	0.8171218983791865	0.9479078553938526	1.434899689408382	0.0708508294089763
CITED2	go_bp	GOBP_MITOCHONDRION_ORGANIZATION	False		EP300;EPAS1;HIF1A;TP53	MIXED	0.8951286260803462	0.9099581801097408	1.0157263366761469	0.6431831804965332	-0.8545371625877468	0.9963463193068812	1.466711016187437	0.0025955680573102
CITED2	go_bp	GOBP_MITOPHAGY	False		HIF1A;TP53	LOW_EVIDENCE	1.2075851142222291	0.4395441848654139	1.0433222558481423	0.6354185466577398	0.9942062984030088	0.62970720545298	1.582448191371627	0.1226411893817923
CITED2	go_bp	GOBP_MITOTIC_CELL_CYCLE_CHECKPOINT_SIGNALING	False		TP53	SINGLE_DATASET	-1.7117032056749375	0.0062546828078526	-1.1092875496572845	0.4763133844959639	-1.1576913354454612	0.3006332166472189	-1.1352967471316635	0.4936769822224805
CITED2	go_bp	GOBP_MITOTIC_CELL_CYCLE_PHASE_TRANSITION	False		TP53	MIXED	-1.3278332862696196	0.0685156993198381	0.9029658177465898	0.9599784213897972	-1.194506358298537	0.1362554295707113	0.97529613823198	0.7844029737520861
CITED2	go_bp	GOBP_MITOTIC_DNA_INTEGRITY_CHECKPOINT_SIGNALING	False		TP53	LOW_EVIDENCE	-1.3975505450118797	0.1636770131072851	-0.7865763291251415	0.99676113313079	-1.048496235119965	0.5307797208527477	0.9424663862193812	0.7944706488736428
CITED2	go_bp	GOBP_MITOTIC_G1_S_TRANSITION_CHECKPOINT_SIGNALING	False		TP53	LOW_EVIDENCE	-1.5528151753299442	0.1026727531352796	-0.9222954405905088	0.796396200790062	-0.8631093511177594	0.7938057954502928	-0.9553477306080728	0.7663121387283237
CITED2	go_bp	GOBP_MODULATION_BY_HOST_OF_SYMBIONT_PROCESS	False		EP300	LOW_EVIDENCE	1.4738131209876189	0.1455435048416071	0.8131050720807006	0.9572499262929764	0.8952637466799611	0.7938057954502928	0.983173207746703	0.7494454695971993
CITED2	go_bp	GOBP_MOLTING_CYCLE	False		LHX2	MIXED	1.030511815000752	0.6279447960618847	-1.1405333839563006	0.4492942299650468	1.57152326453382	0.0224421092685153	-1.514949035196886	0.0773190730203856
CITED2	go_bp	GOBP_MOLTING_CYCLE_PROCESS	False		LHX2	MIXED	1.1443386861646243	0.4791022097693731	-1.016858827094092	0.6615327280495226	1.6109996121440129	0.0195356474237014	-1.5832302633566624	0.0469691712843815
CITED2	go_bp	GOBP_MONOATOMIC_ION_HOMEOSTASIS	False		EPAS1;HIF1A	SINGLE_DATASET	1.1352988239787625	0.3799220585945784	1.0721188203799326	0.4816546870770803	1.781097973581217	9.20344022456892e-08	1.2554853558641932	0.1334178518174429
CITED2	go_bp	GOBP_MONOCARBOXYLIC_ACID_METABOLIC_PROCESS	False		EP300;HIF1A;TP53	LOW_EVIDENCE	-1.2834736514775602	0.0793163476717759	-1.133080611947909	0.3322977939616171			1.4122527606012285	0.0087463707988886
CITED2	go_bp	GOBP_MONONUCLEAR_CELL_DIFFERENTIATION	False		EP300;FOXO3;TP53	DIRECTIONAL_CONSENSUS	1.253590443903374	0.2349176600609144	1.0974717241940146	0.4455385680801193	1.4263328500700678	0.0072106968744378	-1.000273974595511	0.7224918309703146
CITED2	go_bp	GOBP_MONOSACCHARIDE_BIOSYNTHETIC_PROCESS	False		EP300;FOXO1	MIXED	-0.8886040585494906	0.8164516659810778	-0.9760607124839302	0.7191867438464747	1.0383889848818573	0.5511172631995254	1.514038216441724	0.1322793804825472
CITED2	go_bp	GOBP_MONOSACCHARIDE_METABOLIC_PROCESS	False		EP300;FOXO1;TFAP2B;TP53	MIXED	-0.9360520847386922	0.7889999824896251	-0.9136980672190635	0.9010376566715914	1.4250622245526987	0.0266460023033076	1.2331330140584995	0.2905742574257425
CITED2	go_bp	GOBP_MORPHOGENESIS_OF_AN_EPITHELIAL_FOLD	False		HIF1A	LOW_EVIDENCE	1.0267311925585765	0.6607181735412874	1.666310516175283	0.0787384556152067	0.9874051144451808	0.6313323397913563	-1.268402744900609	0.4775785324027465
CITED2	go_bp	GOBP_MORPHOGENESIS_OF_AN_EPITHELIUM	True	gse240112	HIF1A;LHX2;TFAP2A;WT1	STRONG_CONSENSUS	1.3650484202222282	0.0884742756478902	1.7286956381373368	2.3749886687128217e-05	1.961059846345815	6.926528867967721e-10	-1.6701944797849129	5.315186728721217e-05
CITED2	go_bp	GOBP_MORPHOGENESIS_OF_A_BRANCHING_STRUCTURE	False		WT1	STRONG_CONSENSUS	1.56070570053741	0.0488343994594894	1.9213798706074652	8.576669619617835e-05	1.6844295267349498	0.0022342434532479	-1.369586231723413	0.1285245598045431
CITED2	go_bp	GOBP_MORPHOGENESIS_OF_EMBRYONIC_EPITHELIUM	True	gse240112,gse111151	HIF1A;LHX2;TFAP2A	STRONG_CONSENSUS	1.1603295547348087	0.4325954150396776	1.6487080404243326	0.0062569092381766	1.8408617893196184	0.0002140547561187	-1.3556382977898542	0.1598552909904546
CITED2	go_bp	GOBP_MULTICELLULAR_ORGANISMAL_LEVEL_CHEMICAL_HOMEOSTASIS	False		EPAS1	MIXED	1.4663054932314985	0.2231979658318237	-1.0415168736049354	0.6408929529355344	1.7244911202361637	0.009236143331575	-1.1643935243435892	0.4937010054890638
CITED2	go_bp	GOBP_MULTICELLULAR_ORGANISMAL_LEVEL_HOMEOSTASIS	True		EPAS1;FOXO1;FOXO3;HIF1A	not_in_resistance_consensus_table								
CITED2	go_bp	GOBP_MULTICELLULAR_ORGANISMAL_LEVEL_IRON_ION_HOMEOSTASIS	False		EPAS1	SINGLE_DATASET	1.3983249698768303	0.2959360914476461	1.0554407408363151	0.6202886684851997	1.736424544891906	0.0229962402089329	0.854301691117467	0.8598896207940182
CITED2	go_bp	GOBP_MULTICELLULAR_ORGANISMAL_REPRODUCTIVE_PROCESS	True		FOXO3;WT1	LOW_EVIDENCE	0.9162501142834756	0.8713594124700239						
CITED2	go_bp	GOBP_MULTI_MULTICELLULAR_ORGANISM_PROCESS	True			SINGLE_DATASET	1.3930075693196688	0.2376777368996718	1.1925885505658822	0.31614748118496	1.5426641523875586	0.0125697192834273	-1.505419579230444	0.0416266300244705
CITED2	go_bp	GOBP_MUSCLE_ADAPTATION	False		FOXO1;FOXO3	DIRECTIONAL_CONSENSUS	1.1430564918472303	0.5111627906976745	1.5907833957641744	0.0486718812464133	1.5146289436225029	0.0566240053083544	0.9722226298087986	0.762302305640244
CITED2	go_bp	GOBP_MUSCLE_CELL_CELLULAR_HOMEOSTASIS	False		HIF1A	LOW_EVIDENCE	1.543839524641761	0.1551028418238763	1.08422779701181	0.5794164294642201	1.1210054429382568	0.4739887752927272	-0.9263301793342958	0.7863585368669392
CITED2	go_bp	GOBP_MUSCLE_CELL_DIFFERENTIATION	False		WT1	STRONG_CONSENSUS	1.3064606531142355	0.1492344123829666	1.6354151124423222	0.0012360750079377	1.6297309961445705	0.0003571434318004	-1.32622153376663	0.0745244437502977
CITED2	go_bp	GOBP_MUSCLE_CELL_PROLIFERATION	True	gse240112		LOW_EVIDENCE	1.1846599742081667	0.3944484996108384	1.3663606213615516	0.1079763145148023	1.0813124870762425	0.4639805299067194	-1.3572401641061826	0.1271770849381495
CITED2	go_bp	GOBP_MUSCLE_HYPERTROPHY	False		FOXO1	LOW_EVIDENCE	1.050548696011986	0.6022510116906475	1.550956625059151	0.0793882466088671	1.1642115237913813	0.3817698351031685	-1.107221545246428	0.5540343255946446
CITED2	go_bp	GOBP_MUSCLE_ORGAN_DEVELOPMENT	True	gse240112	EP300;WT1	MIXED	-1.278262185553651	0.1681053269672276	1.2629212648553845	0.1736788792269491	1.4344188487013356	0.0154637666953765	-0.8478036650437804	0.9722292340925128
CITED2	go_bp	GOBP_MUSCLE_STRUCTURE_DEVELOPMENT	True	gse240112	EP300;EPAS1;WT1	DIRECTIONAL_CONSENSUS	1.3008384524252925	0.0725230336507477	1.5442268326100226	0.0005100170268451				
CITED2	go_bp	GOBP_MUSCLE_SYSTEM_PROCESS	False		FOXO1;FOXO3	DIRECTIONAL_CONSENSUS	1.2408783753668926	0.2533468802295003	1.2747938596760582	0.1584033296057498	1.505061458561176	0.0052347894798422	-1.2934097582607789	0.087994966312931
CITED2	go_bp	GOBP_MUSCLE_TISSUE_DEVELOPMENT	True	gse240112,gse111151	EP300;TFAP2B;WT1	STRONG_CONSENSUS	1.1650451334873668	0.3638655165411476	1.5839271950144114	0.0021453827787519	1.6152954537513342	0.000588108944514	-1.1954712650598218	0.306118466246175
CITED2	go_bp	GOBP_MYELOID_CELL_DEVELOPMENT	True		EP300	MIXED	1.1218578305146678	0.5154040404040404	1.173992533507808	0.4132427946020796	-1.1817244011799124	0.3365970172548823	-1.075131746060097	0.6052591075778259
CITED2	go_bp	GOBP_MYELOID_CELL_DIFFERENTIATION	True	gse240112,gse111151	EP300;EPAS1;FOXO3;HIF1A	STRONG_CONSENSUS	1.505890139941892	0.0139595130279148	1.357967795240683	0.0385652866006473	1.4668675960542372	0.0089747192884916	-0.9928098090751868	0.7224918309703146
CITED2	go_bp	GOBP_MYELOID_CELL_HOMEOSTASIS	True		EPAS1;FOXO3;HIF1A	MIXED	0.8537750697193013	0.8877902385089244	-0.948957576635	0.8149823691932638	1.105334695871614	0.4238448061902328	1.245955080804786	0.2862291611109764
CITED2	go_bp	GOBP_MYELOID_LEUKOCYTE_DIFFERENTIATION	True	gse240112,gse111151		STRONG_CONSENSUS	1.6167812638559254	0.0180621576155433	1.3271749206315189	0.1274887780913277	1.5000888020458978	0.0161458866788717	-1.1098181038930803	0.5070281124497992
CITED2	go_bp	GOBP_MYOBLAST_DIFFERENTIATION	False		EPAS1	DIRECTIONAL_CONSENSUS	1.4280231329739703	0.1926296634207167	1.4589909555382905	0.1053875184659385	1.3676345665528526	0.1294931286109832	-1.0376274543722273	0.6672937131630647
CITED2	go_bp	GOBP_NEGATIVE_REGULATION_OF_AUTOPHAGY	False		EP300;TP53	MIXED	-0.9313029200274304	0.772901821578533	0.9425187431824256	0.7966154483395862	1.042929754829357	0.5499457139902802	1.8791457184015503	0.0031277059726474
CITED2	go_bp	GOBP_NEGATIVE_REGULATION_OF_CANONICAL_WNT_SIGNALING_PATHWAY	False		FOXO1;FOXO3	DIRECTIONAL_CONSENSUS	1.2893456281676892	0.3148696399579792	1.7473013809416071	0.0046324773914887	1.3824521410041273	0.1036276198017098	-0.9878301673502932	0.7310346035304006
CITED2	go_bp	GOBP_NEGATIVE_REGULATION_OF_CARBOHYDRATE_METABOLIC_PROCESS	False		EP300;TP53	MIXED	-0.9271980700760564	0.7419130496808017	0.8131651542584816	0.9504272783493564	-0.6936611134828253	0.9728890767352306	1.4890995714329838	0.2556556292832878
CITED2	go_bp	GOBP_NEGATIVE_REGULATION_OF_CARDIAC_MUSCLE_CELL_PROLIFERATION	True			not_in_resistance_consensus_table								
CITED2	go_bp	GOBP_NEGATIVE_REGULATION_OF_CARDIAC_MUSCLE_TISSUE_GROWTH	True			LOW_EVIDENCE			0.7402053154921788	0.9603134395753258	1.079965911971878	0.529218820718807	1.1400859915968655	0.6195513762366539
CITED2	go_bp	GOBP_NEGATIVE_REGULATION_OF_CATALYTIC_ACTIVITY	False		TP53	STRONG_CONSENSUS	1.5079558389347676	0.0135979372211433	1.1379775127034368	0.3872396898882672	1.5227583967925853	0.0028895999778645	-1.0850939254250176	0.5145297600216929
CITED2	go_bp	GOBP_NEGATIVE_REGULATION_OF_CELLULAR_CATABOLIC_PROCESS	False		EP300;TP53	LOW_EVIDENCE	0.8135289849715048	0.9012643870436028	1.007039416413585	0.6757501196446034	0.9940401249672124	0.6313323397913563	1.662259293537846	0.0211501032926935
CITED2	go_bp	GOBP_NEGATIVE_REGULATION_OF_CELL_CYCLE	False		TP53	MIXED	-1.5142372556847552	0.0135979372211433	0.8276536441375006	1.0	0.7833290983827871	0.9974116926240352	-0.910514367054133	0.9022727272727272
CITED2	go_bp	GOBP_NEGATIVE_REGULATION_OF_CELL_CYCLE_G1_S_PHASE_TRANSITION	False		TP53	MIXED	-1.4999402886091855	0.091683951765277	1.039102289467584	0.6540937363378913	-0.9582952516839588	0.7014761958696719	1.2121693727108844	0.4305434597635564
CITED2	go_bp	GOBP_NEGATIVE_REGULATION_OF_CELL_CYCLE_PROCESS	False		TP53	SINGLE_DATASET	-1.594823035410509	0.0108802887807441	-0.7553325846020673	1.0	-0.9442464872062352	0.8000008654692898	-0.9928383259832912	0.7376389922184465
CITED2	go_bp	GOBP_NEGATIVE_REGULATION_OF_CELL_DEVELOPMENT	False		LHX2;TP53	STRONG_CONSENSUS	1.2013120110403193	0.3342510925069232	1.5499914179227028	0.0150409683452108	1.8466352015459229	1.2447161421081926e-05	-0.8786784163844314	0.9097389857136196
CITED2	go_bp	GOBP_NEGATIVE_REGULATION_OF_CELL_DIFFERENTIATION	False		FOXO1;FOXO3;LHX2;TP53	STRONG_CONSENSUS	1.421523310986115	0.0274139913477852	1.703288090992777	2.3749886687128217e-05				
CITED2	go_bp	GOBP_NEGATIVE_REGULATION_OF_CELL_GROWTH	False		TP53;WT1	SINGLE_DATASET	0.9539192562588292	0.7221422419750987	1.0508109495070748	0.5796799360036946	1.507875669645502	0.0260845870113448	1.432194883344712	0.0745244437502977
CITED2	go_bp	GOBP_NEGATIVE_REGULATION_OF_CELL_POPULATION_PROLIFERATION	True		TFAP2A;TFAP2B;TP53;WT1	LOW_EVIDENCE	1.3703365076232334	0.0594226355613743						
CITED2	go_bp	GOBP_NEGATIVE_REGULATION_OF_CHROMOSOME_ORGANIZATION	False		TP53	DIRECTIONAL_CONSENSUS	-1.5770229048035436	0.0613590451763894	-0.9650918088914662	0.7610741125435326	-1.5357778650171452	0.0467129294863801	-1.13770921414928	0.5030790923004616
CITED2	go_bp	GOBP_NEGATIVE_REGULATION_OF_DEVELOPMENTAL_GROWTH	True	gse111151		MIXED	-1.0227654820576324	0.6376913580246913	1.013257499460973	0.6853733794926404	1.454463897078369	0.0935145499789481	1.2588618735231425	0.3668837838817658
CITED2	go_bp	GOBP_NEGATIVE_REGULATION_OF_DEVELOPMENTAL_PROCESS	True		FOXO1;FOXO3;HIF1A;LHX2;TP53;WT1	not_in_resistance_consensus_table								
CITED2	go_bp	GOBP_NEGATIVE_REGULATION_OF_DNA_REPLICATION	False		TP53	LOW_EVIDENCE	-0.9320265060899348	0.7287718923210823	-0.4786439906354457	1.0	-1.576474926232016	0.0845905211773293	-0.8530660179428085	0.8598896207940182
CITED2	go_bp	GOBP_NEGATIVE_REGULATION_OF_ESTABLISHMENT_OF_PROTEIN_LOCALIZATION	False		FOXO1	LOW_EVIDENCE	0.9451122110490608	0.7235890172150795	0.9979865675801805	0.6855968685703889	1.3845088918528194	0.1069391860297915	1.3639568689428223	0.2088422920739645
CITED2	go_bp	GOBP_NEGATIVE_REGULATION_OF_FAT_CELL_DIFFERENTIATION	False		FOXO1	STRONG_CONSENSUS	1.661054475906258	0.0636279378350673	1.752395358840302	0.0221408534391471	1.8248818050046127	0.0054707271907948	1.5452697678860592	0.153958168061348
CITED2	go_bp	GOBP_NEGATIVE_REGULATION_OF_GENE_EXPRESSION	True		HIF1A;LHX2;TFAP2C;TP53;WT1	not_in_resistance_consensus_table								
CITED2	go_bp	GOBP_NEGATIVE_REGULATION_OF_GLIAL_CELL_PROLIFERATION	False		TP53	MIXED	-0.8849976005442474	0.7535417786633789	-0.7831385145868419	0.918306756660446	1.5999960259674704	0.0864100083676696	-0.9819660354974508	0.7310346035304006
CITED2	go_bp	GOBP_NEGATIVE_REGULATION_OF_GLIOGENESIS	False		TP53	DIRECTIONAL_CONSENSUS	1.3834555724870694	0.2927673933312614	1.4831937480153166	0.1884959466780024	1.85055730067463	0.0055153649449636	1.0402814508084706	0.675966256316841
CITED2	go_bp	GOBP_NEGATIVE_REGULATION_OF_GROWTH	True	gse111151,gse245601	HIF1A;TP53;WT1	SINGLE_DATASET	1.0068109375676508	0.6543556307514546	1.0936380505743544	0.475789532001609	1.532232601562577	0.0108969296845852	1.5892685663744388	0.0114538518701158
CITED2	go_bp	GOBP_NEGATIVE_REGULATION_OF_HORMONE_SECRETION	False		FOXO1	LOW_EVIDENCE	1.0226997518242171	0.6421898629099473	1.098191620968512	0.5618106118905266	1.5335909766822982	0.0560629323308225	-1.3967971538032915	0.2759405975150076
CITED2	go_bp	GOBP_NEGATIVE_REGULATION_OF_INTRACELLULAR_SIGNAL_TRANSDUCTION	False		FOXO1;HIF1A	DIRECTIONAL_CONSENSUS	1.350029173292188	0.0579551136078286	1.211374874441717	0.1240326455303392	1.3456150909161084	0.0246403133076806		
CITED2	go_bp	GOBP_NEGATIVE_REGULATION_OF_INTRINSIC_APOPTOTIC_SIGNALING_PATHWAY	False		HIF1A	MIXED	-1.442654353429634	0.133351432556462	-1.2048429803862657	0.3529106037991975	0.937173329989917	0.7384831603581603	1.2457078710640297	0.326407156014593
CITED2	go_bp	GOBP_NEGATIVE_REGULATION_OF_LEUKOCYTE_APOPTOTIC_PROCESS	False		HIF1A	MIXED	-1.6558878941504125	0.0501673990246914	-1.5866418725858298	0.0827005311459214	0.7658494726240749	0.9022936088354386	-0.946704619531813	0.7802353108228336
CITED2	go_bp	GOBP_NEGATIVE_REGULATION_OF_LOCOMOTION	True		FOXO3	MIXED	-1.274560039145586	0.1515151507465356	-1.251016060727108	0.1800125319932754	1.678653660554798	0.000307809513835	-1.191967492741628	0.3163906180524677
CITED2	go_bp	GOBP_NEGATIVE_REGULATION_OF_MACROAUTOPHAGY	False		TP53	LOW_EVIDENCE	0.6616211385039819	0.9724969671019766	0.7875201812922679	0.9563856408089424	0.9041109707701698	0.7593852613196723	1.610493360188565	0.0838449378512874
CITED2	go_bp	GOBP_NEGATIVE_REGULATION_OF_MAPK_CASCADE	False		FOXO1	STRONG_CONSENSUS	1.661269369894512	0.0238355324708309	1.4658747675269457	0.0422318561226589	1.5179331132400835	0.0278361118739644	0.875935909765541	0.9022727272727272
CITED2	go_bp	GOBP_NEGATIVE_REGULATION_OF_MIRNA_METABOLIC_PROCESS	False		HIF1A	LOW_EVIDENCE	1.365549391019259	0.3320581758590669	1.520494806365723	0.1447779955389044	0.8285757723743906	0.8374292414994309	-1.38762986439732	0.3379326004781813
CITED2	go_bp	GOBP_NEGATIVE_REGULATION_OF_MITOTIC_CELL_CYCLE	False		TP53	MIXED	-1.546660409738983	0.0193543143394603	0.8036948409450612	1.0	-0.9512490245244268	0.7358093680161274	0.8801040996071924	0.9134422900938
CITED2	go_bp	GOBP_NEGATIVE_REGULATION_OF_MITOTIC_CELL_CYCLE_PHASE_TRANSITION	False		TP53	SINGLE_DATASET	-1.5864221394960671	0.0186017722455461	-0.7421299867845839	1.0	-1.088405038108935	0.4163647049372328	-0.8674896663242386	0.9249936721320696
CITED2	go_bp	GOBP_NEGATIVE_REGULATION_OF_MOLECULAR_FUNCTION	False		TP53	SINGLE_DATASET	1.4456835796067289	0.0165546433433278						
CITED2	go_bp	GOBP_NEGATIVE_REGULATION_OF_MULTICELLULAR_ORGANISMAL_PROCESS	True		FOXO1;HIF1A;LHX2;TP53;WT1	not_in_resistance_consensus_table								
CITED2	go_bp	GOBP_NEGATIVE_REGULATION_OF_MUSCLE_HYPERTROPHY	False		FOXO1	DIRECTIONAL_CONSENSUS	1.6339528299946282	0.0800329977197999	0.9743952012179012	0.717969034358196	1.750684131457185	0.0260613971072534	-0.7379256705811337	0.9441401880082148
CITED2	go_bp	GOBP_NEGATIVE_REGULATION_OF_NERVOUS_SYSTEM_DEVELOPMENT	False		LHX2;TP53	DIRECTIONAL_CONSENSUS	1.2538517829191784	0.347958322139924	1.440184548636077	0.1119510609669996	1.9001008491055704	0.0001250189836975	0.948682397924773	0.7956290882127062
CITED2	go_bp	GOBP_NEGATIVE_REGULATION_OF_NEURAL_PRECURSOR_CELL_PROLIFERATION	False		TP53	LOW_EVIDENCE	0.9348854956696772	0.7381542608426681	1.5341927303439389	0.1654117242078399	1.2384941350034524	0.3698479360519577	-0.9430268277506728	0.7696944610317935
CITED2	go_bp	GOBP_NEGATIVE_REGULATION_OF_NEURON_DIFFERENTIATION	False		FOXO3	STRONG_CONSENSUS	1.2679735864403106	0.3715574534445264	1.696151456510245	0.0368240400410104	1.6346064642588127	0.0260613971072534	0.8828142586271635	0.8654195973805482
CITED2	go_bp	GOBP_NEGATIVE_REGULATION_OF_NUCLEOBASE_CONTAINING_COMPOUND_METABOLIC_PROCESS	True		CREBBP;EP300;FOXO1;FOXO3;HIF1A;PCGF2;TFAP2A;TFAP2B;TFAP2C;TP53;WT1	not_in_resistance_consensus_table								
CITED2	go_bp	GOBP_NEGATIVE_REGULATION_OF_NUCLEOTIDE_METABOLIC_PROCESS	False		TP53	LOW_EVIDENCE	-0.9225842482631362	0.7326494278565995	-0.8709833965055138	0.847225104364392	-1.1811355200548657	0.4169342198838646	1.448531002023404	0.2588799041575311
CITED2	go_bp	GOBP_NEGATIVE_REGULATION_OF_ORGAN_GROWTH	True			MIXED	-1.28950510123133	0.4118299259808694	-0.9950829591225266	0.6962764692826042	0.8776686557851943	0.7760384035880725	0.9889092404827624	0.73920423482733
CITED2	go_bp	GOBP_NEGATIVE_REGULATION_OF_OSSIFICATION	False		HIF1A	SINGLE_DATASET	1.2198583011720625	0.4754355271970616	1.2536770095340464	0.4128626613922949	1.6504883130886607	0.0328269061016515	-0.7546175349262398	0.9420289855072465
CITED2	go_bp	GOBP_NEGATIVE_REGULATION_OF_PHOSPHORUS_METABOLIC_PROCESS	False		TP53	STRONG_CONSENSUS	1.5489605973821574	0.0153004283705495	1.560639529771677	0.0039376089428796	1.546140572224812	0.0024376638029665	0.9751165968629804	0.7778739746706181
CITED2	go_bp	GOBP_NEGATIVE_REGULATION_OF_PROGRAMMED_CELL_DEATH	True		FOXO1;HIF1A;PCGF2;TFAP2A;TFAP2B;TP53;WT1	not_in_resistance_consensus_table								
CITED2	go_bp	GOBP_NEGATIVE_REGULATION_OF_PROTEIN_CONTAINING_COMPLEX_ASSEMBLY	False		EP300	DIRECTIONAL_CONSENSUS	1.4771251366555704	0.0701799991333472	1.4327944989363222	0.1025811028632907	0.8576808007614715	0.868281914033548	-0.8220395431301115	0.9465028497777926
CITED2	go_bp	GOBP_NEGATIVE_REGULATION_OF_PROTEIN_LOCALIZATION	False		FOXO1	DIRECTIONAL_CONSENSUS	1.2122161496862105	0.3255797323526406	1.3370151794513023	0.1277884249874075	1.4789015923401432	0.024661214226864	1.3004066791661466	0.1964861870204971
CITED2	go_bp	GOBP_NEGATIVE_REGULATION_OF_PROTEIN_SECRETION	False		FOXO1	MIXED	0.8324345971995969	0.8644993349800493	-1.022449276381777	0.6782650125524546	1.661961538772686	0.0221109836315531	0.8700432905071674	0.8764423149532569
CITED2	go_bp	GOBP_NEGATIVE_REGULATION_OF_RNA_BIOSYNTHETIC_PROCESS	True		CREBBP;EP300;FOXO1;FOXO3;HIF1A;PCGF2;TFAP2A;TFAP2B;TFAP2C;TP53;WT1	not_in_resistance_consensus_table								
CITED2	go_bp	GOBP_NEGATIVE_REGULATION_OF_SECRETION	False		FOXO1	SINGLE_DATASET	1.0002155359503502	0.6515779494923886	1.022811112489707	0.6753505514856815	1.8666188055500368	0.0006032557947242	-1.0605045118255425	0.6227191577620835
CITED2	go_bp	GOBP_NEGATIVE_REGULATION_OF_TOR_SIGNALING	False		HIF1A	LOW_EVIDENCE	1.133924194009266	0.5217064160139852	1.1096146219068193	0.525575933166437	0.7341242981299618	0.9651389988922672	1.3886828349115812	0.2268328269039795
CITED2	go_bp	GOBP_NEGATIVE_REGULATION_OF_TRANSCRIPTION_BY_RNA_POLYMERASE_II	True		CREBBP;EP300;FOXO1;FOXO3;PCGF2;TFAP2A;TFAP2B;TFAP2C;TP53;WT1	not_in_resistance_consensus_table								
CITED2	go_bp	GOBP_NEGATIVE_REGULATION_OF_TRANSFORMING_GROWTH_FACTOR_BETA_RECEPTOR_SIGNALING_PATHWAY	False		TP53	SINGLE_DATASET	1.3552893963680548	0.266119109947644	1.2194270126416715	0.3479043045789744	1.520278666192835	0.0449722160626049	1.4969665109457784	0.1402074978077774
CITED2	go_bp	GOBP_NEGATIVE_REGULATION_OF_TRANSMEMBRANE_RECEPTOR_PROTEIN_SERINE_THREONINE_KINASE_SIGNALING_PATHWAY	False		TP53	DIRECTIONAL_CONSENSUS	1.4351212127895103	0.1203630632819814	1.3496868897206875	0.1695524806261138	1.6742607552063034	0.003912506185003	1.3005592200224796	0.298637606329914
CITED2	go_bp	GOBP_NEGATIVE_REGULATION_OF_TRANSPORT	False		FOXO1	DIRECTIONAL_CONSENSUS	1.405395722077183	0.0677795382098981	1.2269592901046251	0.1782652982696414	1.4955844113773051	0.0034599170380406	1.2322724969877394	0.183293264055969
CITED2	go_bp	GOBP_NEGATIVE_REGULATION_OF_T_CELL_APOPTOTIC_PROCESS	False		HIF1A	LOW_EVIDENCE			-1.4903399294382496	0.1654117242078399	-0.8399923622677163	0.8168622782403037	-1.1160995527551074	0.6307090243741827
CITED2	go_bp	GOBP_NEGATIVE_REGULATION_OF_WNT_SIGNALING_PATHWAY	False		FOXO1;FOXO3	DIRECTIONAL_CONSENSUS	1.2866153711485957	0.3253747985117136	1.7115260805497885	0.0045401039953667	1.4189467119391883	0.0571516423815335	-0.9008613137712274	0.8731703428322548
CITED2	go_bp	GOBP_NEPHRON_DEVELOPMENT	False		TFAP2B;WT1	STRONG_CONSENSUS	1.329192542095354	0.2769289939258905	1.7826258157871837	0.002931123492851	1.6704527006197991	0.0052124041430548	-1.5301270087081038	0.0314130145810689
CITED2	go_bp	GOBP_NEPHRON_EPITHELIUM_DEVELOPMENT	False		TFAP2B;WT1	STRONG_CONSENSUS	1.416505538637349	0.2205386574767755	1.7742199296181855	0.0070410007899717	1.60629355188562	0.0183974705917545	-1.5101641425058012	0.0751178794697666
CITED2	go_bp	GOBP_NEPHRON_MORPHOGENESIS	False		WT1	STRONG_CONSENSUS	1.3327559105730022	0.3204889112903226	1.681031382148515	0.0373600323928681	1.5671672605725675	0.0464730003515293	-1.2652920660586289	0.3547333086839295
CITED2	go_bp	GOBP_NERVE_DEVELOPMENT	True	gse111151	TFAP2A	MIXED	-1.3570363263227638	0.2752759737355303	1.097260286528401	0.5334601637265076	1.908086219210507	0.0011660804847446	-1.597037809888799	0.0781760278562032
CITED2	go_bp	GOBP_NEURAL_CREST_CELL_DIFFERENTIATION	True	gse240112	HIF1A	STRONG_CONSENSUS	1.1425428086845195	0.5111627906976745	1.8313195226240468	0.004848844380601	1.6122172298975597	0.0192851365784515	-1.1414586844048673	0.4928436679790026
CITED2	go_bp	GOBP_NEURAL_PRECURSOR_CELL_PROLIFERATION	False		FOXO1;FOXO3;HIF1A;LHX2;TP53	STRONG_CONSENSUS	1.1575116215402037	0.4649007194244605	1.6892635600580916	0.0077655846805547	1.7016439427507024	0.0023716864784284	-0.8974535581431022	0.868207600680658
CITED2	go_bp	GOBP_NEURAL_RETINA_DEVELOPMENT	False		TFAP2A;TFAP2B	LOW_EVIDENCE	1.5298807456600712	0.1679143740016632	0.9783472809803004	0.7101272557974548	1.0242852767553705	0.5746178042445244	-1.3088519716636118	0.3451393691744446
CITED2	go_bp	GOBP_NEURAL_TUBE_DEVELOPMENT	True	gse240112	HIF1A;LHX2	STRONG_CONSENSUS	1.0710655414170651	0.5472733162446128	1.6302558012565265	0.0088682862107135	2.041487742971256	3.3332717778001966e-06	-1.0430754524133217	0.6426849332502661
CITED2	go_bp	GOBP_NEURAL_TUBE_FORMATION	True	gse240112	HIF1A;LHX2	STRONG_CONSENSUS	1.2003053819521143	0.3995308835027365	1.727400741174173	0.0110091514644024	1.7642763188682056	0.0037912903099574	-1.215874601642809	0.4092128801431127
CITED2	go_bp	GOBP_NEUROBLAST_PROLIFERATION	False		HIF1A;TP53	DIRECTIONAL_CONSENSUS	1.075292469935227	0.5830857385398981	1.4558684984622932	0.1814404078521051	1.6711553322311616	0.0235422996995605	-0.8998105535779355	0.837953687741695
CITED2	go_bp	GOBP_NEURON_APOPTOTIC_PROCESS	False		FOXO3;HIF1A;TFAP2A;TFAP2B;TP53	DIRECTIONAL_CONSENSUS	1.3004161736642776	0.2047581903276131	1.125993512461796	0.4145066321578777	1.4409665762071404	0.0156018947829288	1.0190016606038088	0.6884353741496598
CITED2	go_bp	GOBP_NEURON_INTRINSIC_APOPTOTIC_SIGNALING_PATHWAY_IN_RESPONSE_TO_OXIDATIVE_STRESS	False		HIF1A	DIRECTIONAL_CONSENSUS	1.7034878780417952	0.0693122048336251	1.516516361200098	0.1969531083763936	1.2333643506261769	0.3796446705693648	0.946675918832185	0.7848205976631165
CITED2	go_bp	GOBP_NEURON_PROJECTION_EXTENSION	False		LHX2	LOW_EVIDENCE	1.046158566345933	0.5791460701927831	1.192656187699588	0.3357182648377445	1.4264130073792742	0.0624565068299329	-1.2163171223273224	0.3543146691110941
CITED2	go_bp	GOBP_NEURON_PROJECTION_GUIDANCE	False		LHX2	STRONG_CONSENSUS	1.1613529107731269	0.3999463996050497	1.6692409918140176	0.0034087189820445	1.9068477759027296	5.658873459674045e-06	-1.6379680161773655	0.0063229238062133
CITED2	go_bp	GOBP_NODAL_SIGNALING_PATHWAY	True			not_in_resistance_consensus_table								
CITED2	go_bp	GOBP_NUCLEOSIDE_DIPHOSPHATE_CATABOLIC_PROCESS	False		EP300;HIF1A	MIXED	-1.196338866497548	0.3987575590984056	0.8480553909305724	0.9449314222248508	1.215608285917888	0.2904940587867417	1.3629601814348105	0.2328637926181243
CITED2	go_bp	GOBP_ODONTOGENESIS	False		TFAP2A	STRONG_CONSENSUS	1.9673004479197669	0.003713889196295	1.566410737057326	0.0448691053081527	2.029865596575981	5.621939888175565e-05	-1.9337398477630687	0.0003683420576528
CITED2	go_bp	GOBP_OLFACTORY_LOBE_DEVELOPMENT	False		LHX2	MIXED	-1.0177722817307608	0.6335685848715166	1.5839649929199815	0.1041543462434836	1.2165851313108953	0.3441083341630987	-1.2720705928372271	0.4463151655423523
CITED2	go_bp	GOBP_ORGANELLE_DISASSEMBLY	False		HIF1A;TP53	LOW_EVIDENCE	1.1612210483380982	0.3881639620901438	1.296086228633319	0.1525547525641354	0.763863273553302	0.9807822371785356	1.7637830873657496	0.0012070549644142
CITED2	go_bp	GOBP_ORGANIC_HYDROXY_COMPOUND_METABOLIC_PROCESS	False		EPAS1;HIF1A;TP53	DIRECTIONAL_CONSENSUS	1.3896186409227755	0.0748255536452763	1.0974434020174355	0.4287771598279702	1.4158704941433562	0.0108237172345647	1.6322490925019562	7.876905189492671e-05
CITED2	go_bp	GOBP_ORGANOPHOSPHATE_CATABOLIC_PROCESS	False		EP300;HIF1A	MIXED	-1.0596177410129906	0.5403191918512792	1.083231475063644	0.4894009981388622	1.366289552978521	0.0510670728283712	1.1325669966474046	0.4313604636270491
CITED2	go_bp	GOBP_ORGAN_GROWTH	True		WT1	MIXED	-1.6651854288047412	0.0193543143394603	1.1138795215585269	0.4882620793386904	1.472320668921654	0.0356938244186668	-1.2190169500768373	0.3605924151036933
CITED2	go_bp	GOBP_OSSIFICATION	False		HIF1A;TFAP2A	STRONG_CONSENSUS	1.8480273721954317	0.0003552798587162	1.7463673596468356	7.211959727774296e-05	1.954695798491414	6.932164313533344e-09	-1.2795025026238078	0.1108749695174157
CITED2	go_bp	GOBP_OUTFLOW_TRACT_MORPHOGENESIS	True	gse240112,gse111151	HIF1A	STRONG_CONSENSUS	1.294541555787084	0.3523223468756987	1.9057640529907	0.0036741216067876	1.6666856681269278	0.0156945657708158	-1.037001871934231	0.6738186796499376
CITED2	go_bp	GOBP_OVULATION_CYCLE	False		FOXO3	MIXED	-1.3129829500988943	0.3292790954171624	1.0859618587450328	0.5740734102803069	-1.4620543767360754	0.080804462864093	-1.5841783996582923	0.0570136636760785
CITED2	go_bp	GOBP_OVULATION_CYCLE_PROCESS	False		FOXO3	LOW_EVIDENCE	-1.2976982500133245	0.3668443603029094	-0.9443695038514832	0.7684074814321317	-1.4829254706835229	0.0976652873641866	-1.3255546392145106	0.3851611420692825
CITED2	go_bp	GOBP_PATTERN_SPECIFICATION_PROCESS	True	gse240112	EP300;HIF1A;LHX2;PCGF2;TP53;WT1	STRONG_CONSENSUS	1.2404679142153296	0.2305594405594405	1.606453852171945	0.0012360750079377	1.8615928108446185	3.105624346059675e-07	-1.4442477185362006	0.0061902450447544
CITED2	go_bp	GOBP_PEPTIDE_TRANSPORT	False		FOXO1;HIF1A;TFAP2B	SINGLE_DATASET	1.011296177839431	0.655747197385206	1.051610763906092	0.5692911657083116	1.4544546131210765	0.0224421092685153	-1.2961512460098177	0.1503781436406744
CITED2	go_bp	GOBP_PEPTIDYL_LYSINE_ACETYLATION	False		CREBBP;EP300	LOW_EVIDENCE	0.8669701434139074	0.8022455506117909	1.7167508702843517	0.0574313972021536	0.8358881794748991	0.8289030963224644	1.253024465578878	0.5030790923004616
CITED2	go_bp	GOBP_PEPTIDYL_LYSINE_MODIFICATION	False		CREBBP;EP300	LOW_EVIDENCE	1.04510739706123	0.5800929998743246	1.3173218497201096	0.2000749262500675	0.9640367319226432	0.6798794162263145	0.7735343103975473	0.9883821265427974
CITED2	go_bp	GOBP_PEPTIDYL_TYROSINE_MODIFICATION	False		TP53	LOW_EVIDENCE	1.19989990389292	0.3458906921371685	1.2170975262947312	0.2879250167579686	1.3006497158435864	0.1242855087110963	-0.8889427065033219	0.9037515783877186
CITED2	go_bp	GOBP_PERIPHERAL_NERVOUS_SYSTEM_DEVELOPMENT	True	gse240112,gse111151		DIRECTIONAL_CONSENSUS	1.0467544103650752	0.5926171138296565	1.3447449683274737	0.2009226864934597	1.4244340837849776	0.0960363642026886	-0.9148526602127972	0.8277810826888756
CITED2	go_bp	GOBP_PEROXISOME_PROLIFERATOR_ACTIVATED_RECEPTOR_SIGNALING_PATHWAY	True			MIXED	1.3404041581398738	0.3638655165411476	0.8682090761291147	0.8528250515601585	-1.2157547037299563	0.3750428937647605	-0.7068355822004979	0.9508754226777354
CITED2	go_bp	GOBP_PHENOL_CONTAINING_COMPOUND_METABOLIC_PROCESS	False		EPAS1	LOW_EVIDENCE	1.1621005536238929	0.4791022097693731	1.048630897414456	0.6360563472803995	1.491092927234891	0.063478528678891	-1.0438128405734737	0.670161817653422
CITED2	go_bp	GOBP_PLACENTA_DEVELOPMENT	True	gse240112	EPAS1;HIF1A	STRONG_CONSENSUS	1.270684336717986	0.3341863143079804	1.6774478202894345	0.0042409939182954	1.6362927539028185	0.005147329472844	0.90179592966005	0.868207600680658
CITED2	go_bp	GOBP_PLATELET_MORPHOGENESIS	False		EP300	MIXED	-0.9262408477328148	0.7308269016478466	1.1754447955332468	0.502735367281416	1.0326182289660302	0.5826812481903023	-1.7237381369761549	0.0589624058105205
CITED2	go_bp	GOBP_POSITIVE_REGULATION_OF_ADAPTIVE_IMMUNE_RESPONSE	False		EP300	MIXED	-1.0474210961705803	0.600843207553121	-1.0924894277522432	0.5456345452528981	1.7515517890122354	0.0032862617277118	1.0292467499219122	0.6762613872289552
CITED2	go_bp	GOBP_POSITIVE_REGULATION_OF_AUTOPHAGY	False		FOXO1;FOXO3;HIF1A	LOW_EVIDENCE	1.1182465164366648	0.482757835276968	1.242785450849004	0.2530653239533013	1.3047913294443905	0.1394430484301086	1.998436252472083	3.704561877675133e-05
CITED2	go_bp	GOBP_POSITIVE_REGULATION_OF_BIOMINERAL_TISSUE_DEVELOPMENT	False		TFAP2A	DIRECTIONAL_CONSENSUS	1.7392406472566508	0.0504086063601814	1.6898321458773005	0.0523578896235197	1.603875806511293	0.0350332453834573	0.9005257787454838	0.8394927183283816
CITED2	go_bp	GOBP_POSITIVE_REGULATION_OF_BLOOD_VESSEL_ENDOTHELIAL_CELL_MIGRATION	False		HIF1A	DIRECTIONAL_CONSENSUS	1.434715487945747	0.2308002972440309	1.0638126962079313	0.6138837997973026	1.4491509737444308	0.1069391860297915	-1.0258311240012528	0.6868212663029561
CITED2	go_bp	GOBP_POSITIVE_REGULATION_OF_BONE_MINERALIZATION	False		TFAP2A	DIRECTIONAL_CONSENSUS	1.6171718638844328	0.0968537460568255	1.6550280740591268	0.0678478485871648	1.6980239185717334	0.0207304665724602	-0.7536523128152874	0.948561868562735
CITED2	go_bp	GOBP_POSITIVE_REGULATION_OF_CATABOLIC_PROCESS	False		FOXO1;FOXO3;HIF1A	LOW_EVIDENCE	0.9482042486506388	0.7781879536441031	1.2566336730851115	0.1240326455303392	1.0668345957740937	0.4426505365423052	1.579026602480727	0.0001918192988422
CITED2	go_bp	GOBP_POSITIVE_REGULATION_OF_CELLULAR_CATABOLIC_PROCESS	False		FOXO1;FOXO3;HIF1A	LOW_EVIDENCE	0.9691033760320076	0.7234875226721208	1.0866757095854591	0.5084958105440153	1.2530044859485865	0.1787876014185096	1.8013361727357171	0.0001876744504345
CITED2	go_bp	GOBP_POSITIVE_REGULATION_OF_CELLULAR_COMPONENT_BIOGENESIS	False		TP53	STRONG_CONSENSUS	1.4932860225224784	0.0126293153089695	1.3302494814731656	0.0368240400410104	1.0606989841356769	0.4628621147593534	-1.2014730862304177	0.2031648246442852
CITED2	go_bp	GOBP_POSITIVE_REGULATION_OF_CELLULAR_RESPONSE_TO_TRANSFORMING_GROWTH_FACTOR_BETA_STIMULUS	True	gse111151	CREBBP;EP300	LOW_EVIDENCE	1.3932648128714489	0.3267915551590841	1.093191047112285	0.6036437010176628	1.4216693033951682	0.1481011396994014	1.1739329403867431	0.5208470902635892
CITED2	go_bp	GOBP_POSITIVE_REGULATION_OF_CELL_ACTIVATION	False		EP300;FOXO3	MIXED	-1.0901312503210576	0.4791022097693731	-1.0988983640646086	0.4492942299650468	1.439344281345076	0.0167661089008382	-1.2774749606778573	0.1257900476089519
CITED2	go_bp	GOBP_POSITIVE_REGULATION_OF_CELL_ADHESION	True	gse240112	EP300;FOXO3	DIRECTIONAL_CONSENSUS	1.283265297778351	0.1502697575557244	1.3493098728467832	0.0645431870483485	1.7480529500906543	8.536481528582298e-06	-1.4205741204845324	0.0087463707988886
CITED2	go_bp	GOBP_POSITIVE_REGULATION_OF_CELL_CELL_ADHESION	True		EP300;FOXO3	SINGLE_DATASET	1.0918339148168092	0.5049378588531115	1.1660813690611282	0.3454264323461393	1.5416986023303327	0.0045789378361861	-1.2144051185102709	0.2759405975150076
CITED2	go_bp	GOBP_POSITIVE_REGULATION_OF_CELL_CYCLE	True			MIXED	-1.1731199587388226	0.3344739520263829	1.0881502014036488	0.4912123310798321	0.814345912361696	0.9700870081682126	-1.036856939935187	0.6409336850116243
CITED2	go_bp	GOBP_POSITIVE_REGULATION_OF_CELL_DEVELOPMENT	False		EP300;FOXO3;HIF1A	MIXED	-1.2212219720156496	0.1900026475464729	1.1209896748711594	0.3993735839944318	1.4465922693695776	0.0106627066638463	-1.2072999293267797	0.2083477855485482
CITED2	go_bp	GOBP_POSITIVE_REGULATION_OF_CELL_PROJECTION_ORGANIZATION	False		EP300	DIRECTIONAL_CONSENSUS	1.3844765274451991	0.0840943851382487	1.2805038105887383	0.1204901925904425	1.3148141690885464	0.0665439443245099	-1.0296864748048022	0.6557435567930321
CITED2	go_bp	GOBP_POSITIVE_REGULATION_OF_CHEMOKINE_PRODUCTION	False		HIF1A	LOW_EVIDENCE	1.6952641216443345	0.0773337966895856	1.0371939261350998	0.6613122720459544	1.265518380017538	0.2999481098533623	0.9381014210265242	0.812468441212449
CITED2	go_bp	GOBP_POSITIVE_REGULATION_OF_CYTOKINE_PRODUCTION	False		HIF1A	MIXED	1.1302517461193229	0.4148708252508894	-1.243215714051756	0.1773663816672101	1.521272247982647	0.0030341811895179	-1.022533085245127	0.6854954062826648
CITED2	go_bp	GOBP_POSITIVE_REGULATION_OF_DEVELOPMENTAL_GROWTH	False		WT1	MIXED	-1.5349712759657388	0.0579551136078286	1.08312004221623	0.5519379670731022	1.1393906191969922	0.3708452209033379	-1.1149072593523583	0.5324450927255445
CITED2	go_bp	GOBP_POSITIVE_REGULATION_OF_DEVELOPMENTAL_PROCESS	True		EP300;FOXO3;HIF1A;TFAP2A;WT1	not_in_resistance_consensus_table								
CITED2	go_bp	GOBP_POSITIVE_REGULATION_OF_DNA_BINDING_TRANSCRIPTION_FACTOR_ACTIVITY	False		EP300	STRONG_CONSENSUS	1.66988788455292	0.010841447159255	1.5538429439181085	0.0157617346185014	1.134526501076953	0.3705689814628654	-1.057832115958261	0.6191600397614314
CITED2	go_bp	GOBP_POSITIVE_REGULATION_OF_DNA_METABOLIC_PROCESS	False		CREBBP	MIXED	-0.7987464568430495	1.0	0.8402865498849501	1.0	-1.277678245130181	0.0656845323788256	-1.1805298235985464	0.3379326004781813
CITED2	go_bp	GOBP_POSITIVE_REGULATION_OF_ENDOTHELIAL_CELL_MIGRATION	False		HIF1A	DIRECTIONAL_CONSENSUS	1.2203436655511082	0.4148708252508894	1.3615351199141803	0.1963489877639929	1.701256731781476	0.0064186490786533	-1.1861260363177744	0.4468617236734271
CITED2	go_bp	GOBP_POSITIVE_REGULATION_OF_ENDOTHELIAL_CELL_PROLIFERATION	False		HIF1A	SINGLE_DATASET	1.3196450958548414	0.3296670332966703	1.644820421845474	0.0314124432782258	1.3895367391835578	0.1604446352900493	1.0081395339284602	0.7126306287060996
CITED2	go_bp	GOBP_POSITIVE_REGULATION_OF_EPITHELIAL_CELL_MIGRATION	False		HIF1A	STRONG_CONSENSUS	1.6025512934236288	0.0327113351210277	1.4544161617912623	0.072639952401421	1.7944265116955702	0.0003739044902449	-1.319523063705907	0.1868443834371132
CITED2	go_bp	GOBP_POSITIVE_REGULATION_OF_EPITHELIAL_CELL_PROLIFERATION	False		HIF1A	DIRECTIONAL_CONSENSUS	1.2603123966772996	0.3370498614958448	1.8079150425628576	0.0012360750079377	1.3601402220735426	0.0957958339596146	-1.2490325815708077	0.2809230583642226
CITED2	go_bp	GOBP_POSITIVE_REGULATION_OF_ESTABLISHMENT_OF_PROTEIN_LOCALIZATION	False		EP300;HIF1A	SINGLE_DATASET	1.1986956337686767	0.3188294345183275	1.079859250646805	0.5093546708300807	1.6095782788870103	0.0007363743700549	-1.021556264943195	0.6806690196700508
CITED2	go_bp	GOBP_POSITIVE_REGULATION_OF_GENE_EXPRESSION	True		EP300;HIF1A;TFAP2A;TP53;WT1	not_in_resistance_consensus_table								
CITED2	go_bp	GOBP_POSITIVE_REGULATION_OF_GLUCONEOGENESIS	False		FOXO1	LOW_EVIDENCE			1.1568647023582843	0.5280536897313214	0.570230338622204	0.9841863344922448	1.56157280668191	0.2199408036956725
CITED2	go_bp	GOBP_POSITIVE_REGULATION_OF_GONAD_DEVELOPMENT	True		WT1	not_in_resistance_consensus_table								
CITED2	go_bp	GOBP_POSITIVE_REGULATION_OF_GROWTH	False		WT1	MIXED	-1.263660758493551	0.2613662456946038	1.138383789090598	0.4080404256965722	1.314070564998744	0.0877718217311804	-1.0350616400056398	0.6703372212872757
CITED2	go_bp	GOBP_POSITIVE_REGULATION_OF_HORMONE_SECRETION	False		HIF1A	SINGLE_DATASET	1.027144903176174	0.6289323303281884	1.2050391521141577	0.3369313868664325	1.593507305632499	0.0239914557717934	-0.9918907307954482	0.7208013878784487
CITED2	go_bp	GOBP_POSITIVE_REGULATION_OF_IMMUNE_EFFECTOR_PROCESS	False		EP300	MIXED	0.8622363736610223	0.8665584415584415	-0.9365088508111118	0.8358951726660772	1.552886599313458	0.0117565087342048	0.951871397621466	0.8078632566552229
CITED2	go_bp	GOBP_POSITIVE_REGULATION_OF_INSULIN_SECRETION	False		HIF1A	MIXED	-1.4024598938160084	0.174866714946933	-1.2248486046654927	0.3558332812597638	1.412849295687006	0.1175530120969587	0.9744506310536734	0.748069668229736
CITED2	go_bp	GOBP_POSITIVE_REGULATION_OF_INTRACELLULAR_PROTEIN_TRANSPORT	False		EP300	SINGLE_DATASET	0.7480707102911339	0.967638446591461	0.8709499182890754	0.917876353990126	1.6858770815546495	0.0100134158841106	-0.8917725668251113	0.8750599889020532
CITED2	go_bp	GOBP_POSITIVE_REGULATION_OF_INTRACELLULAR_TRANSPORT	False		EP300	LOW_EVIDENCE	0.9695723627338144	0.7000270730839084	0.9981604785656772	0.715914241336287	1.4501422293766133	0.0641708239329187	-0.9353522839033388	0.8054561503624972
CITED2	go_bp	GOBP_POSITIVE_REGULATION_OF_INTRINSIC_APOPTOTIC_SIGNALING_PATHWAY	False		TP53	LOW_EVIDENCE	1.2682116834265358	0.3674265406951547	0.7741847741453637	0.9734909327932584	1.2216752863521214	0.3344810531482075	1.4355918024239107	0.135912614113541
CITED2	go_bp	GOBP_POSITIVE_REGULATION_OF_LEUKOCYTE_CELL_CELL_ADHESION	False		EP300;FOXO3	MIXED	-1.043989953434539	0.577928582160565	-0.9274881896283524	0.8655199624250369	1.395975030478842	0.0359976684118975	-1.1154773089044112	0.472424874066354
CITED2	go_bp	GOBP_POSITIVE_REGULATION_OF_LOCOMOTION	False		HIF1A	STRONG_CONSENSUS	1.557089185740486	0.0045873433013324	1.518920465811814	0.0020851200286351	1.7354315072211752	1.7002170341671874e-06		
CITED2	go_bp	GOBP_POSITIVE_REGULATION_OF_MACROAUTOPHAGY	False		HIF1A	MIXED	-0.7199983445401423	0.988271199834684	1.1099637251516288	0.5171737329800581	0.9103903437794588	0.770904020842416	2.086883347129993	6.978209185284935e-05
CITED2	go_bp	GOBP_POSITIVE_REGULATION_OF_MIRNA_METABOLIC_PROCESS	False		FOXO3;HIF1A;TP53;WT1	STRONG_CONSENSUS	1.38538544867244	0.2690306085442808	1.6742035229700305	0.0390406743702467	1.828815996607167	0.0054151047294942	-1.1627193779017884	0.4937010054890638
CITED2	go_bp	GOBP_POSITIVE_REGULATION_OF_MIRNA_TRANSCRIPTION	False		FOXO3;HIF1A;TP53;WT1	DIRECTIONAL_CONSENSUS	1.3983640453276571	0.2523364485981308	1.5507720848862487	0.088401953170669	1.754817034126462	0.0114582408479029	-1.196783627780187	0.4713486643112018
CITED2	go_bp	GOBP_POSITIVE_REGULATION_OF_MULTICELLULAR_ORGANISMAL_PROCESS	True		EP300;EPAS1;FOXO3;HIF1A;TFAP2A;WT1	not_in_resistance_consensus_table								
CITED2	go_bp	GOBP_POSITIVE_REGULATION_OF_MUSCLE_CELL_APOPTOTIC_PROCESS	False		FOXO1;TP53	DIRECTIONAL_CONSENSUS	1.615232996959558	0.1395983370963631	1.5658694320351865	0.1439733442407306	0.7362965092423633	0.9100408163265306	1.390547443767571	0.3142502258355916
CITED2	go_bp	GOBP_POSITIVE_REGULATION_OF_NERVOUS_SYSTEM_DEVELOPMENT	False		HIF1A	STRONG_CONSENSUS	1.2393354055157542	0.2752759737355303	1.487257026710244	0.016055922991572	1.7675703855362954	7.753751820922142e-05	-1.3391629677587054	0.1166207969418806
CITED2	go_bp	GOBP_POSITIVE_REGULATION_OF_NEURAL_PRECURSOR_CELL_PROLIFERATION	False		HIF1A;LHX2	MIXED	-1.0241220349089786	0.6113725200973523	1.6353914969046417	0.0667907995772802	1.9630017210426345	0.0011591931611905	-1.1868717106208906	0.5050303417438519
CITED2	go_bp	GOBP_POSITIVE_REGULATION_OF_NEUROBLAST_PROLIFERATION	False		HIF1A	DIRECTIONAL_CONSENSUS	1.2576897058169405	0.4495849096258932	1.6639484105990563	0.0808200574794492	1.7934015363764908	0.017643489682569	-1.0315050079928876	0.6836053965414429
CITED2	go_bp	GOBP_POSITIVE_REGULATION_OF_NEUROGENESIS	False		HIF1A	DIRECTIONAL_CONSENSUS	1.2021884399784657	0.347682119205298	1.424300520912175	0.0523484961571679	1.6478704747765442	0.002201047693051	-1.189685036404723	0.3810240963855422
CITED2	go_bp	GOBP_POSITIVE_REGULATION_OF_NEURON_PROJECTION_DEVELOPMENT	False		EP300	SINGLE_DATASET	1.0784392863900962	0.5389495574793248	1.218502003742556	0.2896563086829996	1.7127941769624009	0.001621637480558	0.8668032478194112	0.9097389857136196
CITED2	go_bp	GOBP_POSITIVE_REGULATION_OF_NUCLEOCYTOPLASMIC_TRANSPORT	False		EP300	MIXED	-1.0425438587806142	0.6113725200973523	-0.8222694232222619	0.9495682567889132	1.4206429668385472	0.1440305833230264	-1.4359149967938032	0.1928905374640142
CITED2	go_bp	GOBP_POSITIVE_REGULATION_OF_ORGAN_GROWTH	False		WT1	MIXED	-1.5346122557930626	0.1405721335686045	1.148926619862824	0.5229501627240492	1.2607467184197	0.2869465571046299	-0.7881454563925181	0.927792829149509
CITED2	go_bp	GOBP_POSITIVE_REGULATION_OF_OSSIFICATION	False		TFAP2A	STRONG_CONSENSUS	1.6240158948598726	0.0927115058293104	1.801590433480449	0.0158846442325322	1.7109102698590033	0.0245837873454082	-1.0071158818099797	0.7091067209413194
CITED2	go_bp	GOBP_POSITIVE_REGULATION_OF_OXIDOREDUCTASE_ACTIVITY	False		HIF1A	LOW_EVIDENCE	-0.6197017406037182	0.9912467381712996	-0.8765927885197456	0.850036851922674	-0.818140516713533	0.8512028484893178	-1.5629422315820345	0.1979042345884617
CITED2	go_bp	GOBP_POSITIVE_REGULATION_OF_PEPTIDE_SECRETION	False		HIF1A	MIXED	-1.3576799850161652	0.2512206718724283	-1.082918671408	0.5520379608995137	1.6516659514857	0.0162819644555854	0.9274501529689302	0.8314670933942733
CITED2	go_bp	GOBP_POSITIVE_REGULATION_OF_PEROXISOME_PROLIFERATOR_ACTIVATED_RECEPTOR_SIGNALING_PATHWAY	True			not_in_resistance_consensus_table								
CITED2	go_bp	GOBP_POSITIVE_REGULATION_OF_PHOSPHORUS_METABOLIC_PROCESS	False		TP53	STRONG_CONSENSUS	1.5447081253474315	0.0050123091430474	1.4486311948801942	0.0046324773914887				
CITED2	go_bp	GOBP_POSITIVE_REGULATION_OF_PHOSPHORYLATION	False		TP53	STRONG_CONSENSUS	1.45433034965065	0.0231368687653537	1.373756757832577	0.0279759572770155	1.3190281509078223	0.0356267308181961	-1.0722961685294097	0.5145297600216929
CITED2	go_bp	GOBP_POSITIVE_REGULATION_OF_PROGRAMMED_CELL_DEATH	False		FOXO1;FOXO3;TFAP2A;TFAP2B;TP53	STRONG_CONSENSUS	1.4234167699490303	0.0375829536069169	1.2866938436104092	0.1024923997731882	1.5946597194906922	0.0002485383912036	1.0778560361774874	0.5172766305459006
CITED2	go_bp	GOBP_POSITIVE_REGULATION_OF_PROTEIN_CATABOLIC_PROCESS	False		FOXO1	LOW_EVIDENCE	0.9950952248086438	0.6720342437831227	1.2818964590258553	0.1701547286162003	1.0956397788373071	0.4289252846669786	1.3491658113483094	0.1248681820118178
CITED2	go_bp	GOBP_POSITIVE_REGULATION_OF_PROTEIN_IMPORT_INTO_NUCLEUS	False		EP300	MIXED	-1.190193884030296	0.4495849096258932	1.0143582946723049	0.6756748120300752	1.908290327107106	0.0039192673344202	-1.5624209265426037	0.1048377972432621
CITED2	go_bp	GOBP_POSITIVE_REGULATION_OF_PROTEIN_LOCALIZATION	False		CREBBP;EP300;HIF1A	DIRECTIONAL_CONSENSUS	1.258780902480776	0.1491024245159621	1.1743738141194144	0.2297879526090595	1.6770395006206216	1.2447161421081926e-05	-1.1807419309109692	0.2932734237864453
CITED2	go_bp	GOBP_POSITIVE_REGULATION_OF_PROTEIN_LOCALIZATION_TO_NUCLEUS	False		CREBBP;EP300	LOW_EVIDENCE	0.8891012812292407	0.7988967387572407	1.0093653644382088	0.6793407667776251	1.3452902754895522	0.1371190467404848	-1.8502313664039176	0.002552867110473
CITED2	go_bp	GOBP_POSITIVE_REGULATION_OF_PROTEIN_MODIFICATION_PROCESS	False		TP53	SINGLE_DATASET	1.4787640278624778	0.0107048514130327						
CITED2	go_bp	GOBP_POSITIVE_REGULATION_OF_PROTEIN_SECRETION	False		HIF1A	SINGLE_DATASET	1.2958621407378803	0.3062915085388994	1.0424649933577828	0.6365792868871687	1.486118396069693	0.0405331877092155	-1.0350689716510002	0.6546077731058331
CITED2	go_bp	GOBP_POSITIVE_REGULATION_OF_PROTEIN_TRANSPORT	False		EP300;HIF1A	SINGLE_DATASET	1.1298867136863358	0.4399397099673486	1.047256815091545	0.5598322269517922	1.634004332256876	0.0032345573643584	-0.9767338376241536	0.7506232815293674
CITED2	go_bp	GOBP_POSITIVE_REGULATION_OF_REACTIVE_OXYGEN_SPECIES_METABOLIC_PROCESS	False		FOXO3;TP53	LOW_EVIDENCE	1.4834787473072573	0.1918432737936113	1.2935662408908752	0.2867444155739521	0.9614254801695238	0.6817963700002823	-0.9631730389468752	0.774274320689975
CITED2	go_bp	GOBP_POSITIVE_REGULATION_OF_REGULATORY_T_CELL_DIFFERENTIATION	False		FOXO3	LOW_EVIDENCE					1.6591178155041053	0.084499381153432	0.9968374495363056	0.7407256420709335
CITED2	go_bp	GOBP_POSITIVE_REGULATION_OF_REPRODUCTIVE_PROCESS	True	gse240112	WT1	LOW_EVIDENCE	1.2130893533863911	0.4207549526457554	1.5080198718794866	0.0804097877650035	1.1476704443558252	0.4057224514699507	-1.2766902612633504	0.3585041278186224
CITED2	go_bp	GOBP_POSITIVE_REGULATION_OF_RESPONSE_TO_EXTERNAL_STIMULUS	False		CREBBP;EP300	MIXED	1.3592520051857055	0.0677795382098981	-1.1911627795951392	0.2372503045766958	1.3825036345260078	0.0132668211076371		
CITED2	go_bp	GOBP_POSITIVE_REGULATION_OF_RNA_METABOLIC_PROCESS	True		CREBBP;EP300;EPAS1;FOXO1;FOXO3;HIF1A;LHX2;TFAP2A;TFAP2B;TFAP2C;TP53;WT1	not_in_resistance_consensus_table								
CITED2	go_bp	GOBP_POSITIVE_REGULATION_OF_SECRETION	False		HIF1A	DIRECTIONAL_CONSENSUS	1.331924770098206	0.1152839838330393	1.2458345349174809	0.2348763136287767	1.452453342768092	0.0117410051455111	-1.0331194548541554	0.655640243902439
CITED2	go_bp	GOBP_POSITIVE_REGULATION_OF_SIGNALING	True		CREBBP;EP300;HIF1A;TP53	not_in_resistance_consensus_table								
CITED2	go_bp	GOBP_POSITIVE_REGULATION_OF_SMALL_MOLECULE_METABOLIC_PROCESS	False		FOXO1	DIRECTIONAL_CONSENSUS	1.3658152731838515	0.2358969059051738	1.3475404211992472	0.1654117242078399	1.358962323336723	0.1362554295707113	1.3524947544620445	0.1868443834371132
CITED2	go_bp	GOBP_POSITIVE_REGULATION_OF_TORC1_SIGNALING	False		EP300	MIXED	1.1742721961895102	0.4622755338307178	1.2840796172880593	0.2855767301905717	-0.804926925788688	0.8864730591925175	1.6353530578686395	0.0746903004651917
CITED2	go_bp	GOBP_POSITIVE_REGULATION_OF_TOR_SIGNALING	False		EP300	LOW_EVIDENCE	1.3328817671276307	0.2927673933312614	1.2428274207144978	0.3089022402669418	0.6552512859676074	0.9954071633176113	1.470195356787845	0.2093313528398473
CITED2	go_bp	GOBP_POSITIVE_REGULATION_OF_TRANSCRIPTION_BY_RNA_POLYMERASE_II	True		CREBBP;EP300;EPAS1;FOXO1;FOXO3;HIF1A;LHX2;TFAP2A;TFAP2B;TFAP2C;TP53;WT1	not_in_resistance_consensus_table								
CITED2	go_bp	GOBP_POSITIVE_REGULATION_OF_TRANSMEMBRANE_RECEPTOR_PROTEIN_SERINE_THREONINE_KINASE_SIGNALING_PATHWAY	True	gse240112	CREBBP;EP300	LOW_EVIDENCE	1.2126547439796675	0.4118299259808694	1.3822666451896837	0.1806746733560657	1.139839173540087	0.3904017481929736	1.001599212544718	0.7200305271809322
CITED2	go_bp	GOBP_POSITIVE_REGULATION_OF_VASCULATURE_DEVELOPMENT	False		HIF1A	DIRECTIONAL_CONSENSUS	1.421425922082581	0.1235512875299173	1.4898505367060166	0.0639832872665012	1.4530693594198196	0.04065676798901	-1.2308813663054363	0.346660279832457
CITED2	go_bp	GOBP_PRODUCTION_OF_MOLECULAR_MEDIATOR_INVOLVED_IN_INFLAMMATORY_RESPONSE	False		HIF1A	DIRECTIONAL_CONSENSUS	1.6490479969140346	0.0748148836804059	1.2564368365078706	0.3277672841267376	1.6139961711798514	0.0246692050053295	-0.8236500101672568	0.9203867483710326
CITED2	go_bp	GOBP_PROTEIN_ACETYLATION	False		CREBBP;EP300;FOXO1	MIXED	1.050835596584624	0.5904799048699598	1.48623254906269	0.1240326455303392	-0.7288696077491126	0.9576044108246324	0.7794802436731887	0.9328880724048206
CITED2	go_bp	GOBP_PROTEIN_DEACETYLATION	False		EP300	LOW_EVIDENCE	1.3781595778478914	0.2911937822134462	1.396257817874644	0.2009226864934597	0.8974010129490866	0.777569394435534	1.1381874587618537	0.5567623590879405
CITED2	go_bp	GOBP_PROTEIN_DESTABILIZATION	False		CREBBP;EP300	LOW_EVIDENCE	1.4977649081164093	0.1651902989833622	1.3071229176588124	0.274526032263579	1.1762129332941944	0.4063131541640274	-0.8716152612890601	0.868207600680658
CITED2	go_bp	GOBP_PROTEIN_DNA_COMPLEX_ASSEMBLY	False		TP53	MIXED	-1.0388082855932554	0.5810637855655668	0.6731834045216188	1.0	-1.2848474508181935	0.0970803245570331	-0.9924098577266082	0.7289911435234487
CITED2	go_bp	GOBP_PROTEIN_LOCALIZATION_TO_EXTRACELLULAR_REGION	False		FOXO1;HIF1A;TFAP2B	SINGLE_DATASET	1.215321018643919	0.2971299018914869	1.1008364080596995	0.471206523779041	1.619787435802856	0.0007363743700549	-1.04848950345981	0.6195513762366539
CITED2	go_bp	GOBP_PROTEIN_LOCALIZATION_TO_NUCLEUS	False		CREBBP;EP300;TP53	LOW_EVIDENCE	1.0622159782298428	0.5362038645981725	1.0052862126307325	0.6829247858165995	1.0862420517642457	0.4037431655684845	-1.467884833006189	0.0185036152574024
CITED2	go_bp	GOBP_PROTEIN_MATURATION	False		CREBBP;EP300	SINGLE_DATASET	1.2011134221979596	0.2509614922359501	0.9072550092595396	0.9572690660577874	1.6099324999563276	0.0001033392330034	1.3617107189974744	0.0486709900981264
CITED2	go_bp	GOBP_PROTEIN_TETRAMERIZATION	False		TP53	MIXED	-1.3893702073277474	0.2355702068843177	-1.3239780018861491	0.2260405869560799	0.9710853967222868	0.6606372399868033	-0.7702412327449244	0.964083287114432
CITED2	go_bp	GOBP_PULMONARY_ARTERY_MORPHOGENESIS	True			not_in_resistance_consensus_table								
CITED2	go_bp	GOBP_PYRIDINE_CONTAINING_COMPOUND_CATABOLIC_PROCESS	False		EP300;HIF1A	MIXED	-1.4133216291431838	0.15969628412186	-0.7439256584446711	1.0	1.136513353266867	0.411373987854251	1.416983541982901	0.1664243413352361
CITED2	go_bp	GOBP_PYRIDINE_CONTAINING_COMPOUND_METABOLIC_PROCESS	False		EP300;HIF1A;TP53	MIXED	-1.043929105048415	0.5813257692218685	-1.0485550503541636	0.6017394004051878	0.9355424139028512	0.7277360957246288	1.5480108689073062	0.030245701673488
CITED2	go_bp	GOBP_RAS_PROTEIN_SIGNAL_TRANSDUCTION	False		TP53	LOW_EVIDENCE	1.467893351258376	0.1268732842408775	0.9268254882950404	0.8444834500358278	0.8685022636492947	0.8480728334350124	-0.8064362090914519	0.9508754226777354
CITED2	go_bp	GOBP_REACTIVE_OXYGEN_SPECIES_BIOSYNTHETIC_PROCESS	False		FOXO3	MIXED	-0.9028226294885976	0.7727683122178536	-0.7236543598648219	0.9792286341102748	1.7976681291689314	0.0064186490786533	1.4463394241452192	0.2264747620737779
CITED2	go_bp	GOBP_RECOMBINATIONAL_REPAIR	False		CREBBP	SINGLE_DATASET	-1.6004466546860867	0.014355809284039	-0.9602751475068586	0.77784813314991	-0.9127666314712524	0.8219936841863102	-1.7506283330754469	0.0005144941509707
CITED2	go_bp	GOBP_REGULATION_OF_ADAPTIVE_IMMUNE_RESPONSE	False		EP300	MIXED	0.884598485452468	0.8283603777700418	-1.017411641717711	0.6588824270621305	1.847046490036081	0.0001033392330034	0.88844927263691	0.8887503895294484
CITED2	go_bp	GOBP_REGULATION_OF_AEROBIC_RESPIRATION	False		HIF1A	MIXED	-0.9983417372973656	0.6625	0.8647566081870288	0.861987834667737	1.2371796272899238	0.3570860742021997	1.5113555524207072	0.1993783654175286
CITED2	go_bp	GOBP_REGULATION_OF_ALPHA_BETA_T_CELL_ACTIVATION	False		EP300	MIXED	-1.141856935994244	0.4836302064511616	-1.007958721391985	0.6992267483777937	1.5380970813311512	0.0364604668430589	-1.0019733236308448	0.7102302102819112
CITED2	go_bp	GOBP_REGULATION_OF_ALPHA_BETA_T_CELL_DIFFERENTIATION	False		EP300	MIXED	1.000631155564935	0.6617818874786782	-0.8774484441817925	0.8748842384524451	1.4371928087579582	0.1044633178503318	-1.332928118622662	0.3338194444444444
CITED2	go_bp	GOBP_REGULATION_OF_AMIDE_METABOLIC_PROCESS	False		TP53	LOW_EVIDENCE	1.421825627220055	0.2562205925988725	1.0582745513305134	0.6138837997973026	1.4423280202414437	0.0806238843960559	0.8840187360816254	0.8731703428322548
CITED2	go_bp	GOBP_REGULATION_OF_ANATOMICAL_STRUCTURE_MORPHOGENESIS	True		HIF1A;WT1	not_in_resistance_consensus_table								
CITED2	go_bp	GOBP_REGULATION_OF_ANIMAL_ORGAN_FORMATION	True	gse240112	WT1	MIXED	-1.1552056154849826	0.5293339951933237	1.7907757900986432	0.0368444807980197	1.3443227930754778	0.2429828682692447	-1.222190580927454	0.5032654250961114
CITED2	go_bp	GOBP_REGULATION_OF_ANIMAL_ORGAN_MORPHOGENESIS	True	gse240112,gse111151	WT1	STRONG_CONSENSUS	1.4304933820965282	0.2020507944483857	2.055854230069385	0.0004944707683073	1.7871790917659511	0.0052347894798422	-0.977981101595666	0.7646502399409377
CITED2	go_bp	GOBP_REGULATION_OF_APOPTOTIC_SIGNALING_PATHWAY	False		HIF1A;PCGF2;TP53	LOW_EVIDENCE	1.008610765249322	0.650501560036233	0.9184642471899715	0.9156474849730056	1.2416797959580803	0.1493614156375292	1.2595074379833862	0.1654581657025725
CITED2	go_bp	GOBP_REGULATION_OF_AUTOPHAGY	False		EP300;FOXO1;FOXO3;HIF1A;TP53	SINGLE_DATASET	1.0727152389331638	0.5217064160139852	1.155320410589018	0.3279219513578068	1.3410329428839018	0.039754623988961	2.022300045401657	2.9351712047468556e-09
CITED2	go_bp	GOBP_REGULATION_OF_AUTOPHAGY_OF_MITOCHONDRION	False		HIF1A;TP53	LOW_EVIDENCE	0.6884005971528536	0.979423600893052	0.927492605150262	0.7973802378675856	1.1385430380089598	0.4363739197538261	1.5781061458192842	0.1050630416474297
CITED2	go_bp	GOBP_REGULATION_OF_BIOMINERAL_TISSUE_DEVELOPMENT	False		HIF1A;TFAP2A	STRONG_CONSENSUS	1.8705698242528563	0.0116403136885011	1.662570574496529	0.0298065060469178	1.569582577862339	0.0304282601160117	-0.8903469534974703	0.8760382346096711
CITED2	go_bp	GOBP_REGULATION_OF_BLOOD_CIRCULATION	False		EPAS1	STRONG_CONSENSUS	1.5594783425159615	0.034287695813608	1.451665244921176	0.0527377717639424	1.7616775053369982	0.0003571434318004	-1.2988196096191438	0.184525926529924
CITED2	go_bp	GOBP_REGULATION_OF_BMP_SIGNALING_PATHWAY	False		TFAP2B	LOW_EVIDENCE	1.176849784064176	0.4734595300261097	1.325820623207702	0.231384361997226	1.3715579358547176	0.124572959215042	-0.7796227443674385	0.9592692594933072
CITED2	go_bp	GOBP_REGULATION_OF_BODY_FLUID_LEVELS	False		HIF1A	MIXED	1.2677333779146986	0.2351878612716763	-1.1179885401515492	0.4046180635505411	1.603073207045944	0.001075622664575	-1.4912919981062505	0.0092513623609099
CITED2	go_bp	GOBP_REGULATION_OF_BONE_MINERALIZATION	False		HIF1A;TFAP2A	STRONG_CONSENSUS	1.8887687433205864	0.0135979372211433	1.5250245588860716	0.0696031363843107	1.7893603264193183	0.004215678432592	-1.0096923426802151	0.7118745777177199
CITED2	go_bp	GOBP_REGULATION_OF_CANONICAL_WNT_SIGNALING_PATHWAY	False		FOXO1;FOXO3	STRONG_CONSENSUS	1.380643741852112	0.1052266077101776	1.749588484223262	0.0005623987742252	1.4228092638309089	0.0350476205488719	0.9014755364905432	0.8897814880285796
CITED2	go_bp	GOBP_REGULATION_OF_CARBOHYDRATE_CATABOLIC_PROCESS	False		EP300;HIF1A;TP53	MIXED	-1.2300741194885023	0.4179088586030664	0.7388207883692839	1.0	0.7837660809313314	0.8963947719807799	1.4126052116264427	0.2408101635012394
CITED2	go_bp	GOBP_REGULATION_OF_CARDIAC_MUSCLE_CELL_PROLIFERATION	True			MIXED	-1.737309675853787	0.0387786113123806	1.1200324191846238	0.5458405633235193	0.9710750422378236	0.6665799329785137	-0.9350539092408324	0.785656192236599
CITED2	go_bp	GOBP_REGULATION_OF_CD4_POSITIVE_ALPHA_BETA_T_CELL_ACTIVATION	False		EP300	MIXED	-0.9654405296185448	0.692609749528683	-0.9761296078029926	0.7356488150219942	1.482822946007292	0.076648209441056	-0.9916163518332324	0.7350230414746544
CITED2	go_bp	GOBP_REGULATION_OF_CD4_POSITIVE_ALPHA_BETA_T_CELL_DIFFERENTIATION	False		EP300	MIXED	-0.9806237890065472	0.6755645310394385	-1.0222227231676868	0.6727946497054951	1.4801265411244091	0.110844453708548	-1.2948323831799824	0.3810240963855422
CITED2	go_bp	GOBP_REGULATION_OF_CELLULAR_CATABOLIC_PROCESS	False		EP300;FOXO1;FOXO3;HIF1A;TP53	SINGLE_DATASET	1.1271428393945628	0.3884744439285865	1.1142650014973683	0.3833152546023833	1.306933470362028	0.0488751554718538	1.8933767271627455	3.3989460533955344e-08
CITED2	go_bp	GOBP_REGULATION_OF_CELLULAR_RESPONSE_TO_GROWTH_FACTOR_STIMULUS	True	gse240112,gse111151	CREBBP;EP300;HIF1A;TFAP2B;TP53	STRONG_CONSENSUS	1.56470260842078	0.0168145332613851	1.672193670320543	0.0012312028326474	1.5880497010477224	0.0016630380361877	0.9900430436997694	0.7350230414746544
CITED2	go_bp	GOBP_REGULATION_OF_CELLULAR_RESPONSE_TO_HEAT	False		CREBBP;EP300	MIXED	0.8992338984685985	0.7724569981664193	-0.8155444625896352	0.8958211356311524	-1.5383101581592198	0.1394430484301086	-0.7836074144292555	0.9097389857136196
CITED2	go_bp	GOBP_REGULATION_OF_CELLULAR_RESPONSE_TO_STRESS	False		CREBBP;EP300;FOXO1;TP53	MIXED	-0.7886564841436129	1.0	0.858516265628741	1.0	0.8534726368991795	0.9641692201245428	1.4213648473198757	0.0119430547963245
CITED2	go_bp	GOBP_REGULATION_OF_CELLULAR_RESPONSE_TO_TRANSFORMING_GROWTH_FACTOR_BETA_STIMULUS	True	gse240112,gse111151,gse245601	CREBBP;EP300;TP53	STRONG_CONSENSUS	1.6756806497946983	0.0218049702406199	1.4982251054128184	0.0456188676711633	1.5581648924497122	0.0155544182636924	1.343885338158524	0.2246930937391346
CITED2	go_bp	GOBP_REGULATION_OF_CELL_ACTIVATION	False		EP300;FOXO3	DIRECTIONAL_CONSENSUS	1.2284366493487533	0.2350065878998639	1.1124097884452158	0.3736084756734747	1.5605872289875151	0.0002652538625419		
CITED2	go_bp	GOBP_REGULATION_OF_CELL_ADHESION	True		EP300;FOXO3	SINGLE_DATASET	1.5503160664309126	0.0036027631559747						
CITED2	go_bp	GOBP_REGULATION_OF_CELL_CELL_ADHESION	True	gse240112	EP300;FOXO3	DIRECTIONAL_CONSENSUS	1.2246872145286998	0.2690306085442808	1.3255120575821897	0.0961216425009916	1.6637793916534125	0.0001029177535467	-1.0964521086267236	0.460944237286077
CITED2	go_bp	GOBP_REGULATION_OF_CELL_CYCLE	True		TP53	not_in_resistance_consensus_table								
CITED2	go_bp	GOBP_REGULATION_OF_CELL_CYCLE_G2_M_PHASE_TRANSITION	False		TP53	MIXED	-1.0956959780662734	0.5217064160139852	0.6393706963616257	1.0	-1.4089858551945054	0.0613376454215924	-1.028773545096667	0.6759531121685622
CITED2	go_bp	GOBP_REGULATION_OF_CELL_CYCLE_PHASE_TRANSITION	False		TP53	SINGLE_DATASET	-1.402244838998271	0.0302609468724124	-0.677720895467967	1.0	-1.1014660070021065	0.2628191526982106	-0.9830575590866236	0.7627030132121781
CITED2	go_bp	GOBP_REGULATION_OF_CELL_GROWTH	False		TP53;WT1	MIXED	-1.0551007861495028	0.5574133361478563	1.020319568648239	0.6223261440865353	1.4035704019803052	0.0237624986205222	1.109752691351955	0.4707672929568594
CITED2	go_bp	GOBP_REGULATION_OF_CELL_POPULATION_PROLIFERATION	True		FOXO1;FOXO3;HIF1A;LHX2;TFAP2A;TFAP2B;TFAP2C;TP53;WT1	not_in_resistance_consensus_table								
CITED2	go_bp	GOBP_REGULATION_OF_CELL_PROJECTION_ORGANIZATION	False		EP300	LOW_EVIDENCE	1.3623535502713289	0.0523806254328662						
CITED2	go_bp	GOBP_REGULATION_OF_CHROMOSOME_ORGANIZATION	False		TP53	STRONG_CONSENSUS	-1.460332678462959	0.0478463682110837	-0.8383181921326024	1.0	-1.4105953340982564	0.017643489682569	-1.107041432627923	0.5107971097541798
CITED2	go_bp	GOBP_REGULATION_OF_DEVELOPMENTAL_GROWTH	True		WT1	MIXED	-1.4834437930698985	0.0344472008360725	-1.0457035173921725	0.5422925984390073	1.3097238856021094	0.0716492044065236	-0.9245242723436652	0.8692177742345729
CITED2	go_bp	GOBP_REGULATION_OF_DNA_BINDING_TRANSCRIPTION_FACTOR_ACTIVITY	False		EP300	STRONG_CONSENSUS	1.5236915432281293	0.029077668162765	1.401417534136901	0.0422318561226589	1.1700775250100248	0.2790400375091231	-0.974470309321753	0.7758839085313006
CITED2	go_bp	GOBP_REGULATION_OF_DNA_BIOSYNTHETIC_PROCESS	False		TP53	LOW_EVIDENCE	-1.329672494052125	0.1723913882522653	-1.0173908155984122	0.6765807291666667	-1.0621930745605976	0.502609904641006	-1.0081388691764317	0.7139042787530872
CITED2	go_bp	GOBP_REGULATION_OF_DNA_METABOLIC_PROCESS	False		CREBBP;TP53	MIXED	-0.8986789169685823	0.9363028105280896	0.6705293660197454	1.0	-1.262572015598703	0.0467129294863801	-1.2256522183581509	0.1523201513979019
CITED2	go_bp	GOBP_REGULATION_OF_DNA_RECOMBINATION	False		CREBBP	MIXED	-1.0274303060006362	0.6094471034824228	-0.7408112109265711	1.0	0.7876678429647088	0.9350218450290616	-1.370160969594257	0.1826295494998084
CITED2	go_bp	GOBP_REGULATION_OF_DNA_REPAIR	False		CREBBP	MIXED	0.7952122078380605	0.9869800279502738	0.7773683216433932	1.0	-1.269911422483677	0.096140040627958	-1.0607795196281224	0.6101872053631445
CITED2	go_bp	GOBP_REGULATION_OF_DNA_REPLICATION	False		TP53	MIXED	-1.1709352616896904	0.4265568397446955	0.7018865684414216	1.0	-1.5340371395009236	0.0095000960951205	-1.2941740616966382	0.3019453395393244
CITED2	go_bp	GOBP_REGULATION_OF_ENDOTHELIAL_CELL_MIGRATION	False		HIF1A	DIRECTIONAL_CONSENSUS	1.2273197848634037	0.3850190738394684	1.3438712281119094	0.1748444810168401	1.5230025992922518	0.0230767740886985	-1.10058761175702	0.5208470902635892
CITED2	go_bp	GOBP_REGULATION_OF_EPITHELIAL_CELL_MIGRATION	False		HIF1A	DIRECTIONAL_CONSENSUS	1.5094824596159238	0.061969253123486	1.374304543847198	0.0761220361592592	1.6755820986236514	0.0008875321788358	-1.2498147354649984	0.2235277830219586
CITED2	go_bp	GOBP_REGULATION_OF_EPITHELIAL_CELL_PROLIFERATION	False		HIF1A	STRONG_CONSENSUS	1.4265941235248336	0.0630951409253169	1.6363481686333594	0.0016598959599495	1.394904503100034	0.0194004714377296	-1.0927866792106025	0.4936769822224805
CITED2	go_bp	GOBP_REGULATION_OF_ESTABLISHMENT_OF_PROTEIN_LOCALIZATION	False		EP300;FOXO1;HIF1A;TFAP2B	SINGLE_DATASET	1.143470092004361	0.37357168382244	1.141386168075498	0.2888775253447618	1.5611357372863215	0.0003942441051472	1.1426002348000188	0.3662937031784805
CITED2	go_bp	GOBP_REGULATION_OF_FAT_CELL_DIFFERENTIATION	False		FOXO1	STRONG_CONSENSUS	1.8200941834399875	0.0060504236690097	1.6583388683128135	0.0185094606681397	1.8027491850863004	0.0011994229403667	1.4395952674178285	0.0953967424515861
CITED2	go_bp	GOBP_REGULATION_OF_GENERATION_OF_PRECURSOR_METABOLITES_AND_ENERGY	False		EP300;HIF1A;TP53	MIXED	-1.0421572047911514	0.5940134099616858	0.7870731223034452	1.0	1.214515152284729	0.2533124424504418	1.4754337892793934	0.0956381584177934
CITED2	go_bp	GOBP_REGULATION_OF_GLIOGENESIS	False		TP53	STRONG_CONSENSUS	1.6490681443650763	0.0558980441003616	1.6130316551813155	0.0385652866006473	1.9899311491811904	0.0001546070060513	1.1174331476724306	0.5348662205253528
CITED2	go_bp	GOBP_REGULATION_OF_GONAD_DEVELOPMENT	True		WT1	not_in_resistance_consensus_table								
CITED2	go_bp	GOBP_REGULATION_OF_GROWTH	True		HIF1A;TP53;WT1	MIXED	-1.165700711216315	0.2390986790986791	1.114979158840141	0.3440239317456844	1.4622695919404605	0.0030840450185854	1.137816157025909	0.346660279832457
CITED2	go_bp	GOBP_REGULATION_OF_HEART_CONTRACTION	False		EPAS1	SINGLE_DATASET	1.2395376203127977	0.3680324871533323	1.212714954062222	0.3000566636668255	1.6791175892999688	0.0031933650629782	-1.12559082453772	0.5050303417438519
CITED2	go_bp	GOBP_REGULATION_OF_HEART_GROWTH	True		WT1	MIXED	-1.3389199944114565	0.3496947698399604	1.278619253918655	0.3127147700682871	1.186355784449199	0.3777870921138291	-0.7922459473392677	0.9303043298418996
CITED2	go_bp	GOBP_REGULATION_OF_HEART_RATE	False		EPAS1	DIRECTIONAL_CONSENSUS	0.9856224581073048	0.6805594935052391	1.3830569376802988	0.2176116956783002	1.4199226689703337	0.1426084763557317	-1.0487185379917454	0.6691045018690069
CITED2	go_bp	GOBP_REGULATION_OF_HEMOPOIESIS	False		EP300;FOXO3;HIF1A	SINGLE_DATASET	1.1805393597646274	0.3382568410253121	1.1493893105650257	0.3547376429898034	1.3646989557069458	0.0314638633013737	-1.0097780636772642	0.6952018600718665
CITED2	go_bp	GOBP_REGULATION_OF_HORMONE_BIOSYNTHETIC_PROCESS	False		HIF1A	STRONG_CONSENSUS	1.2917686607686307	0.3999463996050497	1.7983554551730505	0.0406040331437318	2.005119902422044	0.0017890822318726	-1.4264787925648137	0.3075274045261669
CITED2	go_bp	GOBP_REGULATION_OF_HORMONE_LEVELS	False		FOXO1;HIF1A;TFAP2B	STRONG_CONSENSUS	1.4440652867671415	0.038642291478706	1.402044385053981	0.0235410702537645	1.7268242297642782	7.502938758856283e-06	-1.098405389096369	0.4534749700511852
CITED2	go_bp	GOBP_REGULATION_OF_HORMONE_METABOLIC_PROCESS	False		HIF1A	DIRECTIONAL_CONSENSUS	1.224807641174025	0.4375360369017874	1.4668734003635835	0.1669046059784676	2.108175386796549	0.0001634178752658	-1.4914127678968774	0.1598552909904546
CITED2	go_bp	GOBP_REGULATION_OF_HORMONE_SECRETION	False		FOXO1;HIF1A;TFAP2B	DIRECTIONAL_CONSENSUS	1.3383649273923883	0.2344099360608794	1.3296950554347104	0.1240326455303392	1.5152042554200726	0.0166000279415139	-1.1904608073910832	0.364724844577481
CITED2	go_bp	GOBP_REGULATION_OF_IMMUNE_EFFECTOR_PROCESS	False		EP300	MIXED	-1.002443237169138	0.6496524371502793	-1.1966623487000874	0.3058085581715071	1.6358590854587656	0.0008831733675021	-1.0306949337169309	0.6672937131630647
CITED2	go_bp	GOBP_REGULATION_OF_INNATE_IMMUNE_RESPONSE	False		CREBBP;EP300	MIXED	1.118959937020826	0.4449487274852558	-1.232703294836884	0.151887087069705	1.2312041824818136	0.1699419850520044	-1.0873887456172964	0.5122846886660035
CITED2	go_bp	GOBP_REGULATION_OF_INSULIN_SECRETION	False		FOXO1;HIF1A;TFAP2B	MIXED	-1.186294614958793	0.4007187210321138	0.9545362020510832	0.7832043097143022	1.326933165996822	0.1385841302026716	-1.1834549340053986	0.4169138487904554
CITED2	go_bp	GOBP_REGULATION_OF_INTRACELLULAR_PROTEIN_TRANSPORT	False		EP300	MIXED	0.7879264083381562	0.9543624948659272	-0.8731414592459383	0.93505093730015	1.5175124240467437	0.0275962958132487	1.213610951895514	0.3600612870275791
CITED2	go_bp	GOBP_REGULATION_OF_INTRACELLULAR_STEROID_HORMONE_RECEPTOR_SIGNALING_PATHWAY	False		EP300	LOW_EVIDENCE	0.6447792757651171	1.0	1.371348117689048	0.2086567678946074	0.662189205065964	0.9867036143808596	0.906869775665601	0.8494149432822774
CITED2	go_bp	GOBP_REGULATION_OF_INTRACELLULAR_TRANSPORT	False		EP300	LOW_EVIDENCE	0.8878319695737241	0.8825471953220132	0.9557056141986552	0.8033412902587445	1.2918759924916416	0.1337189465827913	1.364889770904157	0.0781108220333084
CITED2	go_bp	GOBP_REGULATION_OF_INTRINSIC_APOPTOTIC_SIGNALING_PATHWAY	False		HIF1A;TP53	MIXED	-1.0751133752506143	0.528423786890682	-1.0059139442500398	0.6867662620603797	1.2225347047452766	0.2242150437071508	1.4945977884467807	0.0421278051054322
CITED2	go_bp	GOBP_REGULATION_OF_KIDNEY_DEVELOPMENT	False		WT1	LOW_EVIDENCE	1.0764286289107896	0.602661905096357	1.6096049589442398	0.1023823962287296	1.297736318152484	0.2766400952904526	0.8457142317318846	0.8764423149532569
CITED2	go_bp	GOBP_REGULATION_OF_LEUKOCYTE_DIFFERENTIATION	False		EP300;FOXO3	MIXED	1.0188194881699346	0.6376913580246913	-0.9609366668989918	0.7894176320245583	1.3122487934626397	0.0603021567097012	-1.054272152806483	0.6020350480497456
CITED2	go_bp	GOBP_REGULATION_OF_LOCOMOTION	True		FOXO3;HIF1A	not_in_resistance_consensus_table								
CITED2	go_bp	GOBP_REGULATION_OF_LYMPHOCYTE_ACTIVATION	False		EP300;FOXO3	MIXED	-1.1264988611883875	0.3850190738394684	0.9800529250600571	0.7384479272831092	1.4561992437480382	0.007730435131652	-1.111490564534794	0.4235319183474696
CITED2	go_bp	GOBP_REGULATION_OF_MACROAUTOPHAGY	False		HIF1A;TP53	LOW_EVIDENCE	0.951493952898212	0.7546388313080541	1.1180322131916518	0.4247651832807044	0.9096970347444228	0.7955721966205838	2.0053980076489712	1.901138130111529e-06
CITED2	go_bp	GOBP_REGULATION_OF_MALE_GONAD_DEVELOPMENT	True		WT1	not_in_resistance_consensus_table								
CITED2	go_bp	GOBP_REGULATION_OF_MIRNA_METABOLIC_PROCESS	False		FOXO3;HIF1A;TP53;WT1	DIRECTIONAL_CONSENSUS	1.283208556660966	0.3370498614958448	1.5955555410806477	0.0578263657997697	1.6112995470169993	0.0198527306354389	-1.3744048111884133	0.1664243413352361
CITED2	go_bp	GOBP_REGULATION_OF_MIRNA_TRANSCRIPTION	False		FOXO3;HIF1A;TP53;WT1	DIRECTIONAL_CONSENSUS	1.3338178172947424	0.2904516794825004	1.551947620866389	0.0638244321822617	1.6095594946846357	0.0327976604460966	-1.393460725845137	0.2288277703754548
CITED2	go_bp	GOBP_REGULATION_OF_MITOCHONDRION_ORGANIZATION	False		EP300;HIF1A;TP53	LOW_EVIDENCE	0.9847294041437212	0.6848879793192589	0.9706015861578502	0.75364001460387	0.8988555988259382	0.80927208928299	1.5029465815024088	0.0548441522231897
CITED2	go_bp	GOBP_REGULATION_OF_MITOPHAGY	False		HIF1A;TP53	LOW_EVIDENCE	1.019357379034469	0.6670455548688973	0.9912860909284174	0.7060119739076044	1.0004839314471394	0.6317431478405315	1.5261712988381906	0.1802636254037638
CITED2	go_bp	GOBP_REGULATION_OF_MITOTIC_CELL_CYCLE	False		TP53	MIXED	-1.398276674791392	0.0236832742089003	0.8595609854801997	1.0	-1.1601719087001947	0.1690354155043675	0.9069782393435992	0.9223437235184452
CITED2	go_bp	GOBP_REGULATION_OF_MITOTIC_CELL_CYCLE_PHASE_TRANSITION	False		TP53	MIXED	-1.3302825752984468	0.073086426264479	0.7423717823971372	1.0	-1.2135597695607412	0.1262595916617629	-0.8728442453626971	0.9556601580660158
CITED2	go_bp	GOBP_REGULATION_OF_MULTICELLULAR_ORGANISMAL_DEVELOPMENT	True		EP300;FOXO3;HIF1A;LHX2;TFAP2A;TP53;WT1	not_in_resistance_consensus_table								
CITED2	go_bp	GOBP_REGULATION_OF_MUSCLE_ADAPTATION	False		FOXO1;FOXO3	DIRECTIONAL_CONSENSUS	1.3907790918971037	0.2772846662439996	1.51848349808761	0.0714533629074518	1.5709367086241703	0.0350476205488719	-0.8310802490097763	0.906998329970202
CITED2	go_bp	GOBP_REGULATION_OF_MUSCLE_HYPERTROPHY	False		FOXO1	DIRECTIONAL_CONSENSUS	1.5016545644014323	0.2355702068843177	1.532574427426334	0.1051278671688425	1.389224885872661	0.1728294003991846	-0.8783048624714835	0.868207600680658
CITED2	go_bp	GOBP_REGULATION_OF_MUSCLE_SYSTEM_PROCESS	False		FOXO1;FOXO3	DIRECTIONAL_CONSENSUS	1.4223995553487638	0.1086550957633502	1.2246737543415325	0.2357231167760737	1.645909932453437	0.0040534118267417	-1.2219962379134042	0.300274460351606
CITED2	go_bp	GOBP_REGULATION_OF_MYELOID_CELL_DIFFERENTIATION	False		FOXO3;HIF1A	DIRECTIONAL_CONSENSUS	1.3141931576151409	0.2752759737355303	1.4322179028371602	0.0760982990644499	1.4640155801508627	0.0337368574044464	-0.901870600365561	0.882434679888711
CITED2	go_bp	GOBP_REGULATION_OF_NERVOUS_SYSTEM_DEVELOPMENT	False		HIF1A;LHX2;TP53	STRONG_CONSENSUS	1.50053971581861	0.0242609151377633	1.5666674245418917	0.0015079603527589	1.893010370904032	7.478496937107626e-08	-1.2026823375461606	0.2235029538155182
CITED2	go_bp	GOBP_REGULATION_OF_NEURAL_PRECURSOR_CELL_PROLIFERATION	False		FOXO1;FOXO3;HIF1A;LHX2;TP53	STRONG_CONSENSUS	1.1680128626289008	0.4793963968223945	1.82868330792658	0.004848844380601	1.839504838197085	0.0031883150953616	-1.14116866290986	0.5037036540485464
CITED2	go_bp	GOBP_REGULATION_OF_NEUROBLAST_PROLIFERATION	False		HIF1A;TP53	STRONG_CONSENSUS	1.1410893414670356	0.5354111364417101	1.6927022641872995	0.0487590510958023	1.6869633812738418	0.0290171175463582	-1.0063934820965033	0.707007405632199
CITED2	go_bp	GOBP_REGULATION_OF_NEUROGENESIS	False		HIF1A;LHX2;TP53	STRONG_CONSENSUS	1.390876614670331	0.0766837646439877	1.4781168658343768	0.0170091319371577	1.7918319740074349	6.412542509514913e-06	-1.0961786624353094	0.4876256983240223
CITED2	go_bp	GOBP_REGULATION_OF_NEURON_APOPTOTIC_PROCESS	False		FOXO3;HIF1A;TFAP2A;TFAP2B;TP53	LOW_EVIDENCE	1.172864652165324	0.3689094733263931	0.9367834997244856	0.8441576466095846	1.3547381809839676	0.0643719586513951	1.0705864887362544	0.5753993055555556
CITED2	go_bp	GOBP_REGULATION_OF_NEURON_DIFFERENTIATION	False		FOXO3	MIXED	-1.413781693842208	0.1714132264928947	1.6857689744767366	0.0059635049955454	1.528831904131687	0.0229962402089329	-0.8893044369541043	0.8891488656278121
CITED2	go_bp	GOBP_REGULATION_OF_NEURON_PROJECTION_DEVELOPMENT	False		EP300	DIRECTIONAL_CONSENSUS	1.3043342754972254	0.1351515823111204	1.2965427834178949	0.0518652637035439	1.6944407176007883	2.757255841114991e-05	0.8860943173601996	0.9328880724048206
CITED2	go_bp	GOBP_REGULATION_OF_NITRIC_OXIDE_SYNTHASE_ACTIVITY	False		HIF1A	LOW_EVIDENCE	-1.3702366510667705	0.3631990599640142	-1.5864670595193535	0.1350715052084963	-0.8060886948019281	0.8508089859392677	-1.2225457468510597	0.4978526844896155
CITED2	go_bp	GOBP_REGULATION_OF_NUCLEOTIDE_CATABOLIC_PROCESS	False		EP300;HIF1A	MIXED	-1.2260055918987334	0.4317466137520489	-0.7435688389052204	0.9950460696021014	0.7785440517949079	0.8914301798319919	1.550982836520788	0.1742973262352764
CITED2	go_bp	GOBP_REGULATION_OF_ORGAN_GROWTH	True		WT1	MIXED	-1.3518682353705544	0.2615421227986673	1.1976594183196412	0.3621240063593005	1.2489071823313689	0.2724486466168519	-0.8097352176079754	0.9441517889735656
CITED2	go_bp	GOBP_REGULATION_OF_OSSIFICATION	False		HIF1A;TFAP2A	STRONG_CONSENSUS	1.8170983163648968	0.0139595130279148	1.6414551581286825	0.0314155023508818	1.7209178427004983	0.0065713532826852	-1.2709953336998636	0.3381260510752987
CITED2	go_bp	GOBP_REGULATION_OF_PEPTIDE_TRANSPORT	False		FOXO1;HIF1A;TFAP2B	MIXED	-1.107766166974062	0.4986351417272982	1.070800787071709	0.5482493783147377	1.4283880827180129	0.0510670728283712	-1.1882803412774987	0.3982853075703308
CITED2	go_bp	GOBP_REGULATION_OF_PEPTIDYL_TYROSINE_PHOSPHORYLATION	False		TP53	LOW_EVIDENCE	1.3483502872383288	0.2613662456946038	1.3263879405917118	0.1911382351124857	1.2497710054982634	0.2023469193280514	0.9844607148938732	0.744637798462161
CITED2	go_bp	GOBP_REGULATION_OF_PEROXISOME_PROLIFERATOR_ACTIVATED_RECEPTOR_SIGNALING_PATHWAY	True			not_in_resistance_consensus_table								
CITED2	go_bp	GOBP_REGULATION_OF_POST_TRANSLATIONAL_PROTEIN_MODIFICATION	False		EPAS1;HIF1A	LOW_EVIDENCE	1.2083300725802155	0.315828324567994	1.233283482532057	0.23259523544419	0.9282738248090694	0.779306712810578	1.4268224431144307	0.0607890846654955
CITED2	go_bp	GOBP_REGULATION_OF_PROGRAMMED_CELL_DEATH	True		FOXO1;FOXO3;HIF1A;PCGF2;TFAP2A;TFAP2B;TP53;WT1	not_in_resistance_consensus_table								
CITED2	go_bp	GOBP_REGULATION_OF_PROTEIN_CATABOLIC_PROCESS	False		FOXO1	LOW_EVIDENCE	1.1631366693126448	0.3574596857201674	1.3257778257622468	0.0685814929694229	1.0640476568206867	0.4535389357910777	1.29045878252787	0.1203136253618362
CITED2	go_bp	GOBP_REGULATION_OF_PROTEIN_CONTAINING_COMPLEX_ASSEMBLY	False		EP300;TP53	DIRECTIONAL_CONSENSUS	1.4041185522100454	0.0492587948174277	1.3446720603598248	0.0630779484296362	0.8810759357645014	0.8914301798319919	-0.9379042547701352	0.8585319760579561
CITED2	go_bp	GOBP_REGULATION_OF_PROTEIN_DEACETYLATION	False		EP300	LOW_EVIDENCE	1.3494835361792252	0.3510492814576477	1.4735984947351826	0.1743157802768728	1.0064790630622338	0.6171921639986578	1.1279632521900382	0.6041002002120949
CITED2	go_bp	GOBP_REGULATION_OF_PROTEIN_IMPORT_INTO_NUCLEUS	False		EP300	MIXED	-1.0264310961836285	0.6295357284137088	1.004178018499563	0.6811641642608512	1.6362816969716902	0.0314683178935358	-1.1970240700552466	0.4803052861951425
CITED2	go_bp	GOBP_REGULATION_OF_PROTEIN_LOCALIZATION_TO_NUCLEUS	False		CREBBP;EP300	LOW_EVIDENCE	1.1830125353462615	0.4113404846426917	1.250497194247482	0.23259523544419	1.1606933493025728	0.3314485263909011	-1.6151768051957154	0.0165088242127735
CITED2	go_bp	GOBP_REGULATION_OF_PROTEIN_SECRETION	False		FOXO1;HIF1A;TFAP2B	SINGLE_DATASET	1.2930337176379334	0.2560464187450075	1.191806711807309	0.3089022402669418	1.6490536990893694	0.0022472195482063	-1.1522182987792502	0.4430176565008025
CITED2	go_bp	GOBP_REGULATION_OF_PROTEIN_TRANSPORT	False		EP300;FOXO1;HIF1A;TFAP2B	SINGLE_DATASET	1.1215003168068185	0.4310184352342143	1.1038036711566912	0.4331028173860498	1.6622854163430467	5.048366984999346e-05	1.083500633043203	0.5008858010580628
CITED2	go_bp	GOBP_REGULATION_OF_PROTEOLYSIS	False		TP53	DIRECTIONAL_CONSENSUS	1.4330376671279277	0.0218049702406199	1.122385332989501	0.3282825953532264	1.2385639630224154	0.0855657760838735		
CITED2	go_bp	GOBP_REGULATION_OF_REACTIVE_OXYGEN_SPECIES_BIOSYNTHETIC_PROCESS	False		FOXO3	MIXED	-1.0338667672548598	0.6212950479175017	-1.049564660763599	0.6444264353674781	1.670370008679597	0.025992679852001	1.4457650891995697	0.1964861870204971
CITED2	go_bp	GOBP_REGULATION_OF_RELEASE_OF_CYTOCHROME_C_FROM_MITOCHONDRIA	False		TP53	LOW_EVIDENCE	1.1483601417963378	0.5039438518685817	0.8790715286537425	0.8501232855601787	0.7198441221668593	0.9452360037578812	1.4218192677015	0.2502948463254341
CITED2	go_bp	GOBP_REGULATION_OF_REPRODUCTIVE_PROCESS	True	gse240112	WT1	LOW_EVIDENCE	1.0835077614686444	0.5450471301127756	1.3656396839613858	0.1426363348521067	0.9130696728790846	0.772196150174992	-1.01154626316168	0.682969377816484
CITED2	go_bp	GOBP_REGULATION_OF_RESPONSE_TO_BIOTIC_STIMULUS	False		CREBBP;EP300	MIXED	1.1508770905551793	0.372818014295287	-1.2063072919612494	0.1419120198928597	1.2929316571297342	0.0744490152262152	-0.9737228454233956	0.7848572587548389
CITED2	go_bp	GOBP_REGULATION_OF_RESPONSE_TO_CYTOKINE_STIMULUS	False		HIF1A	MIXED	0.8688335826603242	0.8622348050888632	-1.295135027225604	0.1974398136254909	1.2580586615852634	0.1846472734500333	-1.0262483045966149	0.6599587823004087
CITED2	go_bp	GOBP_REGULATION_OF_SECRETION	False		FOXO1;HIF1A;TFAP2B	STRONG_CONSENSUS	1.4750734026259698	0.029077668162765	1.389827410272806	0.0195255398702796	1.5502285829765212	0.0003041868272071	-1.011702103853311	0.69648336312454
CITED2	go_bp	GOBP_REGULATION_OF_SMALL_MOLECULE_METABOLIC_PROCESS	False		EP300;FOXO1;HIF1A;TP53	DIRECTIONAL_CONSENSUS	1.3273782971611634	0.1636078816576682	1.0517758351169948	0.5657361103950782	1.2799287764587126	0.1509453538498315	1.3029835938780023	0.1543290518682228
CITED2	go_bp	GOBP_REGULATION_OF_SMOOTHENED_SIGNALING_PATHWAY	False		CREBBP	LOW_EVIDENCE	0.8387310712777258	0.8608148893360161	0.8529738932400943	0.9248378036355056	1.414713621008736	0.1069909443972805	-1.065398319802881	0.6330268460609845
CITED2	go_bp	GOBP_REGULATION_OF_STEM_CELL_PROLIFERATION	False		TP53	DIRECTIONAL_CONSENSUS	1.4416288629091574	0.1688776732059214	1.3325818250997188	0.2457970145858847	1.4325144778314365	0.0966154997174323	-1.098106596445024	0.5567623590879405
CITED2	go_bp	GOBP_REGULATION_OF_SYSTEM_PROCESS	False		EPAS1;FOXO1;FOXO3	STRONG_CONSENSUS	1.6395434428618052	0.0050181571287099	1.397395681730596	0.0235410702537645	1.8182435462730249	2.548841493353578e-07	-1.3509735141894292	0.0464657047667325
CITED2	go_bp	GOBP_REGULATION_OF_TISSUE_REMODELING	False		TP53	MIXED	1.5394898133884345	0.1344528393535219	1.7712474137587138	0.013851017197816	-1.084486967605892	0.4686027143900504	0.9978760172060128	0.7127555111509418
CITED2	go_bp	GOBP_REGULATION_OF_TRANSLATION	False		FOXO3	MIXED	0.965988980371376	0.7272092120584811	0.9559525643663652	0.8209404398657234	-1.241791993383256	0.0767238297358112	-1.0314288777580918	0.6546077731058331
CITED2	go_bp	GOBP_REGULATION_OF_TRANSMEMBRANE_RECEPTOR_PROTEIN_SERINE_THREONINE_KINASE_SIGNALING_PATHWAY	True	gse240112	CREBBP;EP300;TFAP2B;TP53	STRONG_CONSENSUS	1.540485304111341	0.027113133974981	1.5413171743200262	0.0117471534301959	1.6115180088532206	0.0017882254921157	1.133647768111823	0.452838697280008
CITED2	go_bp	GOBP_REGULATION_OF_T_CELL_ACTIVATION	False		EP300;FOXO3	LOW_EVIDENCE	1.0072173684534993	0.6653434244079631	0.9831504932272256	0.7444204445644438	1.3687950150119543	0.0506332877626672	-1.0412034148760283	0.6515597482854232
CITED2	go_bp	GOBP_REGULATION_OF_T_HELPER_17_CELL_DIFFERENTIATION	False		EP300	MIXED	0.5930016652609285	0.9905597722960152	-1.0423990310277087	0.6444264353674781	1.513773948882723	0.1149813439063134	-0.7880608560644604	0.8871090377367264
CITED2	go_bp	GOBP_REGULATION_OF_T_HELPER_17_TYPE_IMMUNE_RESPONSE	False		EP300	MIXED	-0.7988415535067381	0.859884630726274	-1.1404671555353687	0.5367951627136348	1.6043225511781405	0.0460007801939781	0.6426970600678722	0.9817928283431164
CITED2	go_bp	GOBP_REGULATION_OF_T_HELPER_CELL_DIFFERENTIATION	False		EP300	MIXED	-0.8343970697900871	0.8422942397822443	-1.0635338525125362	0.6241681685173343	1.559237913111253	0.0671799685463545	-1.0043496137134582	0.706673448451253
CITED2	go_bp	GOBP_REGULATION_OF_VASCULAR_ENDOTHELIAL_GROWTH_FACTOR_RECEPTOR_SIGNALING_PATHWAY	False		HIF1A	LOW_EVIDENCE	1.3161019390819115	0.3638655165411476	1.5278671629511804	0.1968233750460865	1.276981782382948	0.2980356594800897	0.7560889807280095	0.932289540271703
CITED2	go_bp	GOBP_REGULATION_OF_VASCULATURE_DEVELOPMENT	False		HIF1A	STRONG_CONSENSUS	1.38410196563735	0.1160752930342862	1.583947341467116	0.004848844380601	1.6066259215319283	0.0022816827295595	-1.2551383688502835	0.2088422920739645
CITED2	go_bp	GOBP_REGULATION_OF_WNT_SIGNALING_PATHWAY	False		FOXO1;FOXO3	STRONG_CONSENSUS	1.327097338294682	0.1603791317519387	1.7636481227660283	0.0001327916917432	1.4917758655784288	0.0111997568531551	-0.9501878159962218	0.8313612604894276
CITED2	go_bp	GOBP_RELEASE_OF_CYTOCHROME_C_FROM_MITOCHONDRIA	False		TP53	LOW_EVIDENCE	-0.9908181322578244	0.663037801429935	-1.052899159836837	0.6370525059665871	-0.8331268933323913	0.8637884597937359	1.4031543084487257	0.2759405975150076
CITED2	go_bp	GOBP_RENAL_SYSTEM_DEVELOPMENT	False		TFAP2A;TFAP2B;WT1	STRONG_CONSENSUS	1.3416486689821023	0.1316966948233827	1.7509449837393751	0.0002065753351603	1.564163926208954	0.0025805073039652	-1.47434961554487	0.0169155774689
CITED2	go_bp	GOBP_RENAL_SYSTEM_VASCULATURE_DEVELOPMENT	False		WT1	SINGLE_DATASET	1.0937248522695042	0.577928582160565	1.335253210291844	0.3483324769385108	1.7487767595244867	0.0243367231447618	-1.548866423199445	0.1376399216008522
CITED2	go_bp	GOBP_RENAL_TUBULE_DEVELOPMENT	False		TFAP2B;WT1	DIRECTIONAL_CONSENSUS	1.3879542858148426	0.2613662456946038	1.8096521373896743	0.0063907025614283	1.491849771026032	0.0520563655689819	-1.342568946642975	0.1737233559225479
CITED2	go_bp	GOBP_REPRODUCTIVE_PROCESS	True		FOXO3;TFAP2C;WT1	not_in_resistance_consensus_table								
CITED2	go_bp	GOBP_REPRODUCTIVE_SYSTEM_DEVELOPMENT	True	gse240112	FOXO3;TFAP2C;WT1	MIXED	-1.1721636220038814	0.3638655165411476	1.3436601887096271	0.1053875184659385	1.22056236690748	0.2177840292030868	-1.3204414871726209	0.1253006002513167
CITED2	go_bp	GOBP_RESPIRATORY_SYSTEM_DEVELOPMENT	False		EP300;EPAS1;WT1	STRONG_CONSENSUS	1.5862326294452749	0.0238355324708309	1.6903396878629469	0.0021196658189713	1.804676406729169	0.0001855507716399	-1.2507070522282433	0.299259768009768
CITED2	go_bp	GOBP_RESPONSE_TO_ABIOTIC_STIMULUS	True		CREBBP;EP300;EPAS1;FOXO1;FOXO3;HIF1A;TP53	not_in_resistance_consensus_table								
CITED2	go_bp	GOBP_RESPONSE_TO_ACTIVITY	False		HIF1A	LOW_EVIDENCE	1.1166904837870153	0.5293339951933237	1.5142143036690252	0.1294534628895	1.1765209101638576	0.3929616325013378	0.9650851881184626	0.7696944610317935
CITED2	go_bp	GOBP_RESPONSE_TO_ALCOHOL	False		FOXO3	MIXED	1.1351507813605626	0.4325954150396776	-0.8554055205324304	0.9734909327932584	1.552021335525004	0.0090372717765175	-1.3163863449523852	0.131965285522583
CITED2	go_bp	GOBP_RESPONSE_TO_AMYLOID_BETA	False		FOXO3	MIXED	1.545065610874633	0.1613684404727119	-1.083268581369642	0.6017394004051878	1.780480136492857	0.0117565087342048	-0.7639678428368216	0.9488982653539616
CITED2	go_bp	GOBP_RESPONSE_TO_BMP	False		TFAP2B	STRONG_CONSENSUS	1.4782432761186084	0.0857718273011583	1.7031365876379154	0.0059635049955454	1.687653027658316	0.0040534118267417	-1.0638436141132714	0.6270322785312079
CITED2	go_bp	GOBP_RESPONSE_TO_CAMP	False		WT1	LOW_EVIDENCE	1.3537258738373696	0.2896472960479253	1.101329311826848	0.5458405633235193	1.3733926791310809	0.1478534198066287	-1.300850742312768	0.3275306269068923
CITED2	go_bp	GOBP_RESPONSE_TO_CHEMOKINE	False		HIF1A	DIRECTIONAL_CONSENSUS	1.4812664145866208	0.1681053269672276	1.5380393362909166	0.1440381732057577	1.2629585913733632	0.2904940587867417	-1.0091721769004471	0.7177595849882467
CITED2	go_bp	GOBP_RESPONSE_TO_COLD	False		FOXO1	MIXED	1.208937629934212	0.468971303910052	-0.8170234358170897	0.9172843456158126	1.4086138963711188	0.148052396488603	1.5457083522585158	0.1668081916454741
CITED2	go_bp	GOBP_RESPONSE_TO_CORTICOSTEROID	False		FOXO3	LOW_EVIDENCE	1.1592301924858013	0.4566561055419934	1.300074745071066	0.2264192698228123	1.2420278149852766	0.2322600112073796	-1.1055703931216627	0.5470684433676559
CITED2	go_bp	GOBP_RESPONSE_TO_ENDOGENOUS_STIMULUS	True		CREBBP;EP300;FOXO1;FOXO3;HIF1A;TFAP2B;TP53;WT1	not_in_resistance_consensus_table								
CITED2	go_bp	GOBP_RESPONSE_TO_ENDOPLASMIC_RETICULUM_STRESS	False		TP53	SINGLE_DATASET	0.92094908010537	0.8228777415852334	0.9257342709196305	0.8731746924428821	1.5035174715851811	0.0078089990041868	2.369980465399732	1.3360373829825504e-14
CITED2	go_bp	GOBP_RESPONSE_TO_ESTROGEN	True		EP300	MIXED	-1.4463050344413624	0.2523364485981308	-1.2188882766320013	0.3741543965286073	1.0857377462122637	0.5046369395917241	-1.1966698102637932	0.4713486643112018
CITED2	go_bp	GOBP_RESPONSE_TO_FATTY_ACID	False		FOXO1;FOXO3	DIRECTIONAL_CONSENSUS	1.6181312641601575	0.105311824120482	1.2042042905244248	0.4234347432444981	1.38887295679028	0.1527843546461676	1.2424137919398934	0.4179628725956651
CITED2	go_bp	GOBP_RESPONSE_TO_FLUID_SHEAR_STRESS	True			LOW_EVIDENCE	0.6606662412446039	0.9757365405372508	1.1269666624243817	0.5621889103803998	1.156123769240563	0.4407020872865275	0.8634126506833321	0.8692177742345729
CITED2	go_bp	GOBP_RESPONSE_TO_GONADOTROPIN	False		WT1	LOW_EVIDENCE	1.3399224282240836	0.3645168855534709	1.5723083488228922	0.1303948935514742	1.1623147670392384	0.4455468781888189	-1.254118290448203	0.460944237286077
CITED2	go_bp	GOBP_RESPONSE_TO_GROWTH_FACTOR	True		CREBBP;EP300;FOXO3;HIF1A;TFAP2B;TP53	SINGLE_DATASET	1.5827436008949942	0.0022960162907253						
CITED2	go_bp	GOBP_RESPONSE_TO_HORMONE	True		EP300;FOXO1;FOXO3;WT1	not_in_resistance_consensus_table								
CITED2	go_bp	GOBP_RESPONSE_TO_HYDROGEN_PEROXIDE	False		PCGF2	MIXED	1.149283347715775	0.4791022097693731	1.179078703683834	0.378357830306447	-1.3294015702373625	0.1457868276719904	-0.9529496374730644	0.7837024128148615
CITED2	go_bp	GOBP_RESPONSE_TO_INORGANIC_SUBSTANCE	False		FOXO1;HIF1A;PCGF2;TFAP2A;TP53	LOW_EVIDENCE	1.1038574489601372	0.4494095650082877	1.169386698644331	0.2777130852340936	1.291108542417715	0.075112005142107	-0.9910535234016312	0.7441394426978579
CITED2	go_bp	GOBP_RESPONSE_TO_INSULIN	False		FOXO1	SINGLE_DATASET	1.2678782114523452	0.25239518040986	1.184961888060934	0.3068032918783476	1.3678038651033568	0.0445647318082635	1.5185644328461367	0.0106094120281716
CITED2	go_bp	GOBP_RESPONSE_TO_INTERLEUKIN_1	False		HIF1A	STRONG_CONSENSUS	1.776790015168376	0.0135979372211433	1.5000604509188524	0.0640357047351979	1.7781390937913844	0.0035018090986111	-1.571136228776999	0.0540260799784185
CITED2	go_bp	GOBP_RESPONSE_TO_KETONE	False		FOXO3	DIRECTIONAL_CONSENSUS	1.3338698208499942	0.2393249251429089	1.2613688304071684	0.1819217930563091	1.5392782265703628	0.0088911215648576	-1.3385216853675417	0.1246612382784623
CITED2	go_bp	GOBP_RESPONSE_TO_MECHANICAL_STIMULUS	True	gse240112		DIRECTIONAL_CONSENSUS	1.338368542913304	0.2736363636363636	1.3382143845624228	0.1170287927233102	1.4874753464953128	0.0239749271571526	-1.293766866166162	0.22083886698861
CITED2	go_bp	GOBP_RESPONSE_TO_METAL_ION	False		HIF1A;TFAP2A	MIXED	-1.0956424013148127	0.4557495243742293	1.0977406409095398	0.4593056585728995	1.491320685918401	0.0082209501318073	-0.999246538296112	0.7224918309703146
CITED2	go_bp	GOBP_RESPONSE_TO_MUSCLE_ACTIVITY	False		HIF1A	SINGLE_DATASET			1.4636375890693996	0.2570991383839445	1.6793875549423234	0.0379041029273313	-1.1528292198630303	0.5716975802655118
CITED2	go_bp	GOBP_RESPONSE_TO_NUTRIENT_LEVELS	False		CREBBP;EP300;FOXO1;FOXO3;TP53	LOW_EVIDENCE	1.0636841988353745	0.5358896781039644	1.082671197149566	0.4726647016197453	1.128533908829401	0.3036271911515822	1.5396376110775865	0.0012612274057568
CITED2	go_bp	GOBP_RESPONSE_TO_ORGANOPHOSPHORUS	False		WT1	SINGLE_DATASET	1.3167806550060244	0.2988227126782563	1.1685414751987853	0.4039372245914803	1.6154843843488234	0.0156018947829288	-1.3738860143561764	0.1737233559225479
CITED2	go_bp	GOBP_RESPONSE_TO_OSMOTIC_STRESS	False		TP53	MIXED	0.9398739225161034	0.7287718923210823	-1.1866990992335635	0.3910853605851371	1.5929749913680735	0.028017454622329	-1.1012115747447075	0.5567623590879405
CITED2	go_bp	GOBP_RESPONSE_TO_OXIDATIVE_STRESS	False		EPAS1;FOXO1;FOXO3;HIF1A;PCGF2;TP53	DIRECTIONAL_CONSENSUS	1.3946040679962646	0.057759198969452	1.2725786810254345	0.0915996541127977	1.2860219175209342	0.0579624833103101	1.4533061781841907	0.0173204436059445
CITED2	go_bp	GOBP_RESPONSE_TO_OXYGEN_LEVELS	True	gse240112,gse111151	CREBBP;EP300;EPAS1;FOXO1;FOXO3;HIF1A;TP53	STRONG_CONSENSUS	1.4851338187880412	0.0290395112523701	1.329412172014206	0.0851533864619188	1.7144005075067412	9.785747783162188e-05	1.0338758816413258	0.6521518987341772
CITED2	go_bp	GOBP_RESPONSE_TO_PEPTIDE_HORMONE	False		FOXO1	DIRECTIONAL_CONSENSUS	1.3796334110808302	0.0664631445172083	1.2701409962999852	0.1119510609669996	1.4261294002609055	0.0117410051455111	1.1920151574544482	0.2891134868838721
CITED2	go_bp	GOBP_RESPONSE_TO_PURINE_CONTAINING_COMPOUND	False		WT1	SINGLE_DATASET	1.1153433043249752	0.5227237429625314	1.042612486221454	0.6354185466577398	1.5182896789604652	0.0305133991965205	-1.3101114828758544	0.2759405975150076
CITED2	go_bp	GOBP_RESPONSE_TO_STARVATION	False		FOXO1;FOXO3;TP53	LOW_EVIDENCE	1.0536648178053687	0.5635274999211133	1.252649784715602	0.2406350035322013	0.7931312079487245	0.9689915266527562	1.8171802577280325	0.0001293922336481
CITED2	go_bp	GOBP_RESPONSE_TO_STEROID_HORMONE	False		EP300;FOXO3	LOW_EVIDENCE	1.147849256211329	0.3881639620901438	1.2092829448101985	0.2510871098910965	1.0599375614963835	0.4686027143900504	-1.259472304922702	0.1664243413352361
CITED2	go_bp	GOBP_RESPONSE_TO_TEMPERATURE_STIMULUS	False		CREBBP;EP300;FOXO1	MIXED	0.9149612114191936	0.7740904483175828	-1.2431403135567864	0.2744581540709473	1.1456112419726847	0.3712238265224572	1.3340430199096702	0.1654581657025725
CITED2	go_bp	GOBP_RESPONSE_TO_TRANSFORMING_GROWTH_FACTOR_BETA	True	gse240112,gse111151	CREBBP;EP300;TP53	STRONG_CONSENSUS	1.7919377490456023	0.0020730808839481	1.5877590725743298	0.0039376089428796	1.7349990303742433	0.0001444352542921	-1.025193623112497	0.6779018625676111
CITED2	go_bp	GOBP_RESPONSE_TO_TUMOR_NECROSIS_FACTOR	False		FOXO3;TP53	DIRECTIONAL_CONSENSUS	1.43473461473358	0.0878982665198485	1.2609827760935013	0.227905029308901	1.6764221999019635	0.00131854022582	-1.1689463468593255	0.4136128928513998
CITED2	go_bp	GOBP_RESPONSE_TO_TYPE_II_INTERFERON	False		TP53	MIXED	0.9325128489179864	0.7386474728712484	-1.6533322882856667	0.018739097063293	1.3845516766373076	0.1132572130927845	-1.6464242256154178	0.0165088242127735
CITED2	go_bp	GOBP_RESPONSE_TO_VIRUS	False		HIF1A	MIXED	0.884864666583307	0.906267179769104	-1.6806355619332378	0.0003989577021385	1.185178201008616	0.2522464901655245	-0.9319109795502896	0.8651215805471124
CITED2	go_bp	GOBP_RESPONSE_TO_WOUNDING	False		HIF1A	STRONG_CONSENSUS	1.563519764278179	0.0048405444173977	1.3638035692566406	0.0306577181284336	1.7931710954869349	1.2269984920040325e-07	-1.3129762953792286	0.0561282416206695
CITED2	go_bp	GOBP_RESPONSE_TO_XENOBIOTIC_STIMULUS	False		FOXO3;TFAP2B;TP53	LOW_EVIDENCE	1.2302854619667822	0.2579790957985685	1.1425394929253252	0.372147980843633	1.3086488098074809	0.0646456554742998	-1.4191751513624664	0.0187441073140009
CITED2	go_bp	GOBP_RETINA_DEVELOPMENT_IN_CAMERA_TYPE_EYE	False		HIF1A;LHX2;TFAP2A;TFAP2B	MIXED	1.2643638639270125	0.3395528692738832	-0.9550684349380288	0.7629964814663284	1.331872415399368	0.1430330600053965	-1.0110922973855576	0.6997521200260926
CITED2	go_bp	GOBP_RHYTHMIC_PROCESS	False		CREBBP;EP300;FOXO3;TP53	MIXED	-1.0900694353080065	0.4791022097693731	1.0905641221380955	0.4695554319566427	-1.0771000268719022	0.4004688681027966	-1.3380346008378126	0.108486159635302
CITED2	go_bp	GOBP_RNA_POLYMERASE_II_PREINITIATION_COMPLEX_ASSEMBLY	False		TP53	SINGLE_DATASET	-0.6751354123387121	1.0	-0.9782104695988556	0.7468395536916821	-1.6391037800595345	0.0250271535000854	0.7963949732061538	0.9320539813804825
CITED2	go_bp	GOBP_RNA_SPLICING	False		WT1	MIXED	0.6846795535539941	1.0	0.6923914673652828	1.0	-1.6633415270253613	1.1201421371463345e-05	-0.8249063515826895	0.9972133757961784
CITED2	go_bp	GOBP_ROOF_OF_MOUTH_DEVELOPMENT	False		TFAP2A	STRONG_CONSENSUS	1.5310465672460527	0.1072036053453659	1.923224772270572	0.0024304791253081	1.788863342579717	0.0058223338465178	-1.2203653896941762	0.4117838541666667
CITED2	go_bp	GOBP_RRNA_METABOLIC_PROCESS	False		TP53	MIXED	0.8201131107143366	0.9722553740760878	-0.5614248488362122	1.0	-1.6586013000361464	0.000500909893431	-1.5751544482629465	0.0038381751373359
CITED2	go_bp	GOBP_RRNA_TRANSCRIPTION	False		TP53	MIXED	1.1578540974039764	0.5111627906976745	0.595160035208239	1.0	-0.8720844135220436	0.80927208928299	-1.468109708932942	0.2759405975150076
CITED2	go_bp	GOBP_SEGMENTATION	False		EP300;TP53;WT1	MIXED	-1.2598365781311032	0.3621257766898889	-0.9915460642630446	0.7228040688411507	1.7697860197292212	0.0069390101180019	-1.363699363839488	0.2502948463254341
CITED2	go_bp	GOBP_SENSORY_ORGAN_DEVELOPMENT	True	gse240112	HIF1A;LHX2;TFAP2A;TFAP2B;WT1	STRONG_CONSENSUS	1.424397353701323	0.0518016660994044	1.6173454071672222	0.0002123271307951	1.562244624715911	0.0004090864816444	-0.9394545443877036	0.8658458840287964
CITED2	go_bp	GOBP_SENSORY_ORGAN_MORPHOGENESIS	True	gse240112	HIF1A;TFAP2A;TFAP2B	DIRECTIONAL_CONSENSUS	1.17726293835178	0.37357168382244	1.2668001609730066	0.2011592728547711	1.5605015481943385	0.0040268636155809	-0.8844238617512167	0.912696228582368
CITED2	go_bp	GOBP_SENSORY_PERCEPTION	False		EPAS1;TFAP2A	MIXED	1.3503737673628264	0.1156229376696463	-1.0423130912578389	0.5740322580645161	1.2868011311570693	0.0554535529209125	-0.9210556934462972	0.8800284067140508
CITED2	go_bp	GOBP_SENSORY_PERCEPTION_OF_LIGHT_STIMULUS	False		EPAS1	SINGLE_DATASET	1.6027886510236184	0.0493143727538063	1.265171158022235	0.2273848932393809	1.0540525433883277	0.50890167077513	0.976753251478343	0.7583520639965213
CITED2	go_bp	GOBP_SENSORY_PERCEPTION_OF_MECHANICAL_STIMULUS	False		TFAP2A	SINGLE_DATASET	1.0842405658010643	0.5462597635145565	1.088342053964431	0.5151850972947318	1.5806608558278077	0.0120337662179674	1.120689741812279	0.5208470902635892
CITED2	go_bp	GOBP_SENSORY_SYSTEM_DEVELOPMENT	True	gse240112	HIF1A;LHX2;TFAP2A;TFAP2B;WT1	STRONG_CONSENSUS	1.320102860304427	0.187357295476669	1.4745417933923974	0.0170091319371577	1.4682658330307912	0.0078117186479133	-1.020933694907069	0.6748285303000368
CITED2	go_bp	GOBP_SEX_DETERMINATION	True		WT1	not_in_resistance_consensus_table							-0.7014453646226617	0.9527901968925928
CITED2	go_bp	GOBP_SEX_DIFFERENTIATION	True	gse240112	FOXO3;TFAP2C;WT1	MIXED	-1.16366264435566	0.3850190738394684	1.276284397877086	0.1414289417450491	0.9531871242780652	0.7227804205752901	-1.2683872442076425	0.2093975137766016
CITED2	go_bp	GOBP_SIGNAL_RELEASE	False		FOXO1;HIF1A;TFAP2B	DIRECTIONAL_CONSENSUS	1.3328893823887915	0.1026727531352796	1.270802688885447	0.0924133485830652	1.5082938116642306	0.0010686169306388	-1.1159990108343545	0.4432630922094753
CITED2	go_bp	GOBP_SKELETAL_MUSCLE_CELL_DIFFERENTIATION	True	gse245601		MIXED	-1.2948068745154508	0.3407376660341556	1.0941555517425094	0.5481329155454615	1.4286089331330794	0.1374994712153139	1.5806944581773743	0.0632469420334593
CITED2	go_bp	GOBP_SKELETAL_MUSCLE_ORGAN_DEVELOPMENT	True		EP300;WT1	MIXED	-1.5326680759209772	0.0601387866831568	1.0380313312549116	0.6360563472803995	1.5178020023780907	0.0235783903899342	1.009723276525204	0.7099621822072794
CITED2	go_bp	GOBP_SKELETAL_SYSTEM_DEVELOPMENT	True	gse240112	HIF1A;PCGF2;TFAP2A;TP53	STRONG_CONSENSUS	1.80104892827474	0.0003556971045393	1.6137534458187353	0.0003481733584573	1.8895671629272628	1.9629027907194837e-08	-1.185925056604336	0.2264747620737779
CITED2	go_bp	GOBP_SKELETAL_SYSTEM_MORPHOGENESIS	True	gse240112	PCGF2;TFAP2A	STRONG_CONSENSUS	1.770724187181167	0.0040508091519752	1.6177858453558398	0.0068467320913943	1.8050284844056923	0.0002547607262626	-0.9282276252925632	0.8453753026634382
CITED2	go_bp	GOBP_SKIN_DEVELOPMENT	False		LHX2;TFAP2B	DIRECTIONAL_CONSENSUS	1.335628682839573	0.141692180100549	1.2707985095959875	0.1439733442407306	1.371571323635516	0.0596062122779576	-1.58973515333263	0.0036120348691854
CITED2	go_bp	GOBP_SKIN_EPIDERMIS_DEVELOPMENT	False		LHX2	SINGLE_DATASET	1.0350977790225622	0.621690688008685	1.0349477107676828	0.6482158551252004	1.5240459448415449	0.0301994001689245	-1.420233779795809	0.119864417071787
CITED2	go_bp	GOBP_SMALL_GTPASE_MEDIATED_SIGNAL_TRANSDUCTION	False		TP53	SINGLE_DATASET	1.6704515458852407	0.0012223202194845	1.2003078444473478	0.2416406135085463	1.038825196736925	0.5202686147738126	-0.9205098918500126	0.9065934065934066
CITED2	go_bp	GOBP_SMALL_MOLECULE_BIOSYNTHETIC_PROCESS	False		EP300;FOXO1	MIXED	-1.2410223977793473	0.1206945656675316	-0.996233371781174	0.6923911819215055	1.1868076755146026	0.1805474500748202	1.6731517992549172	1.3318057104663534e-05
CITED2	go_bp	GOBP_SMALL_MOLECULE_CATABOLIC_PROCESS	False		TP53	MIXED	-1.3589569867493223	0.0768688153433379	-0.907558971217072	0.935613622331716	1.0178993984809	0.556467980837676	1.2137459608584604	0.2851507466892082
CITED2	go_bp	GOBP_SMOOTH_MUSCLE_TISSUE_DEVELOPMENT	False		TFAP2B	LOW_EVIDENCE	0.8717434534170223	0.79898383848815	1.4468057850038654	0.2530653239533013	1.5765849553645197	0.0958905022927135	-0.7947085760234752	0.8887510937106079
CITED2	go_bp	GOBP_SOMITE_DEVELOPMENT	False		EP300;TP53	MIXED	-1.1243149205500529	0.5272255916431302	1.2708654488616726	0.3268842184883029	1.9023287618540807	0.0010837387772411	-1.24175604743683	0.3986763315474314
CITED2	go_bp	GOBP_SOMITOGENESIS	False		EP300;TP53	MIXED	-1.1201008498291467	0.5217064160139852	1.0760819645627275	0.5979502688172043	1.6935294503400375	0.0136106619467324	-1.2554720400962205	0.4126086180974951
CITED2	go_bp	GOBP_SPECIFICATION_OF_SYMMETRY	True	gse111151	HIF1A	MIXED	-1.2408235626686337	0.3668443603029094	1.1547119494683606	0.4105398073184799	1.3547627880628896	0.1478534198066287	-1.0368229212963775	0.6703372212872757
CITED2	go_bp	GOBP_SPLEEN_DEVELOPMENT	True			MIXED	-0.9497359384930985	0.7228978604241927	0.9811435388001434	0.6948504819821195	-1.0006796673404146	0.5977825075483839	-0.7762217247209068	0.924784494705915
CITED2	go_bp	GOBP_STEM_CELL_DEVELOPMENT	True	gse240112	HIF1A	MIXED	-1.2900864251567026	0.3342510925069232	1.7118536034070715	0.0190549894386607	1.4247556295799424	0.0960363642026886	-1.1579337606207991	0.4745557174389084
CITED2	go_bp	GOBP_STEM_CELL_DIFFERENTIATION	True	gse240112	HIF1A;TP53	DIRECTIONAL_CONSENSUS	1.1860199125146924	0.3503646029778903	1.706931888939842	0.0021196658189713	1.3207939287500778	0.0815221970906192	-1.3889534229825626	0.0897028428320392
CITED2	go_bp	GOBP_STEM_CELL_PROLIFERATION	False		TP53	DIRECTIONAL_CONSENSUS	1.4833780761761997	0.1234687325110816	1.4668596714086428	0.102976805069836	1.281171670755641	0.1973304571217508	-1.3958035316999486	0.131965285522583
CITED2	go_bp	GOBP_STRIATED_MUSCLE_CELL_DIFFERENTIATION	False		WT1	MIXED	-1.207719204875476	0.3203835826620637	1.5350592047754124	0.0116226921487081	1.5403965933514296	0.0063758472119895	-1.378311676447043	0.0523561750087597
CITED2	go_bp	GOBP_STRIATED_MUSCLE_CELL_PROLIFERATION	True			MIXED	-1.9698968966848407	0.0087294819818158	1.0843798794152415	0.5738705641480946	0.9560301234199686	0.6875215949946304	-1.10370997591333	0.571242707117853
CITED2	go_bp	GOBP_STRIATED_MUSCLE_TISSUE_DEVELOPMENT	True	gse240112,gse111151	WT1	STRONG_CONSENSUS	1.3184934714004022	0.2409832007073386	1.7481108124544849	0.0011391462191759	1.6590395799688955	0.0015041967278529	-1.4044108835479152	0.0421278051054322
CITED2	go_bp	GOBP_SURFACTANT_HOMEOSTASIS	False		EPAS1	MIXED			-1.0846408694377565	0.6228992687589674	1.4990657331374186	0.1020905949670884	-1.0934869505121716	0.6470327476533535
CITED2	go_bp	GOBP_SYMPATHETIC_NERVOUS_SYSTEM_DEVELOPMENT	False		TFAP2B	LOW_EVIDENCE					0.9007416543444108	0.7386335707816211	-1.7188271399846236	0.0733082577295781
CITED2	go_bp	GOBP_TELENCEPHALON_DEVELOPMENT	False		HIF1A;LHX2	DIRECTIONAL_CONSENSUS	0.9906709855349272	0.6918976863293929	1.2468359624908654	0.1706802501360301	1.3084489847760985	0.0891730749771633	-1.3040174703109488	0.1685008618999378
CITED2	go_bp	GOBP_TEMPERATURE_HOMEOSTASIS	False		EPAS1;FOXO1	LOW_EVIDENCE	1.1609297253330193	0.4386845831094208	1.1219967857887565	0.4562390423225563	1.3189678148818065	0.1409313825899016	1.197098453829641	0.4015191729919937
CITED2	go_bp	GOBP_THYMUS_DEVELOPMENT	True			LOW_EVIDENCE	-1.361956806203546	0.3135222518067707	-0.8404203039884123	0.9156474849730056	-1.0737392646740962	0.4969410020177693	0.8309059881094464	0.9022727272727272
CITED2	go_bp	GOBP_TISSUE_MIGRATION	False		HIF1A	STRONG_CONSENSUS	1.4418879225406298	0.0484037445962134	1.2835236755034392	0.1415642039508404	1.5516675774529722	0.0051406581501065	-1.3589095863195442	0.0749091867832649
CITED2	go_bp	GOBP_TISSUE_MORPHOGENESIS	True	gse240112	HIF1A;LHX2;TFAP2A;WT1	STRONG_CONSENSUS	1.4342669119943987	0.0231325387212928	1.8184580993960728	5.294670084607087e-07	1.9611144278212196	3.384943548210637e-11		
CITED2	go_bp	GOBP_TISSUE_REMODELING	False		EPAS1;HIF1A;TP53	STRONG_CONSENSUS	1.8606539056436295	0.0049945572188913	1.7668648285340731	0.0028310415523293	1.5316912705490455	0.0205265614225481	0.8960943013351187	0.8727076008253518
CITED2	go_bp	GOBP_TORC1_SIGNALING	False		EP300	MIXED	1.0680005955708285	0.5749053407732165	1.2391097296827216	0.2920005469711472	-0.7573653728408422	0.9763380790257228	1.6130049054576303	0.0531472957404757
CITED2	go_bp	GOBP_TOR_SIGNALING	False		EP300;HIF1A	LOW_EVIDENCE	1.1441986469195766	0.4257948757814596	1.052502840726895	0.5750710961737332	0.7708179073637647	0.9758548307271474	1.4442594319251194	0.0793492626696891
CITED2	go_bp	GOBP_TRANSCRIPTION_BY_RNA_POLYMERASE_I	False		CREBBP	LOW_EVIDENCE	1.101494062091462	0.5548723186925435	0.3518410087898554	1.0	0.7202312144268398	0.9601687520057232	-1.45125918350067	0.118769195797609
CITED2	go_bp	GOBP_TRANSCRIPTION_INITIATION_AT_RNA_POLYMERASE_II_PROMOTER	False		EP300;FOXO1;TP53	LOW_EVIDENCE	-0.8792441762668185	0.8650142898967776	-0.6977107666540316	1.0	-1.3622220983295834	0.0693678622681301	-0.6334105890661822	1.0
CITED2	go_bp	GOBP_TRANSCRIPTION_PREINITIATION_COMPLEX_ASSEMBLY	False		TP53	LOW_EVIDENCE	-0.5983783179776322	1.0	-0.8514583544589429	0.9280549444947672	-1.4249955647874073	0.1056235116239906	-0.8127195725324903	0.9231158673905832
CITED2	go_bp	GOBP_TRANSFORMING_GROWTH_FACTOR_BETA_PRODUCTION	False		HIF1A	DIRECTIONAL_CONSENSUS	1.6352625581529043	0.0901937474855113	1.0987618845651517	0.5508435226745085	1.486562440185986	0.0919018678407999	-1.613408160512065	0.0708020139002199
CITED2	go_bp	GOBP_TRANSFORMING_GROWTH_FACTOR_BETA_RECEPTOR_SIGNALING_PATHWAY	True	gse240112,gse111151	CREBBP;EP300;TP53	STRONG_CONSENSUS	1.7026944788017062	0.0089331717758046	1.4747544924386202	0.0493169747489459	1.6857962196559189	0.0009006827493459	0.9934362991294672	0.7192608386638236
CITED2	go_bp	GOBP_TROPHECTODERMAL_CELL_DIFFERENTIATION	True	gse240112		LOW_EVIDENCE			1.5294275392090289	0.1376767362421266	1.1084197433023355	0.4966224425329251	0.6051124989362496	0.9827446751145862
CITED2	go_bp	GOBP_TUBE_DEVELOPMENT	True		EP300;EPAS1;HIF1A;LHX2;TFAP2B;WT1	not_in_resistance_consensus_table								
CITED2	go_bp	GOBP_TUBE_FORMATION	True	gse240112,gse111151	HIF1A;LHX2	STRONG_CONSENSUS	1.1586412937420687	0.4449487274852558	1.540246828915841	0.0190133287979317	1.8788997876879945	0.0001324414977334	-1.354271878912943	0.1654933297963561
CITED2	go_bp	GOBP_TUBE_MORPHOGENESIS	True		EPAS1;HIF1A;LHX2;TFAP2B;WT1	not_in_resistance_consensus_table								
CITED2	go_bp	GOBP_TUMOR_NECROSIS_FACTOR_MEDIATED_SIGNALING_PATHWAY	False		FOXO3;TP53	LOW_EVIDENCE	1.0183231913823994	0.650501560036233	0.892551645373727	0.8845649576263397	1.3406982938659118	0.1394430484301086	-0.9665283376104872	0.7499642857142857
CITED2	go_bp	GOBP_T_CELL_ACTIVATION	False		EP300;FOXO3;TP53	SINGLE_DATASET	1.0478225220307396	0.5772443283999628	1.0549911599123216	0.5392163751421758	1.5771570623855644	0.000363163204316	-1.0393467660574924	0.6156284526753301
CITED2	go_bp	GOBP_T_CELL_ACTIVATION_INVOLVED_IN_IMMUNE_RESPONSE	False		EP300;TP53	MIXED	0.9952032505815416	0.6680180693016767	-0.9044215561322276	0.8708695481951296	1.8282277435338208	0.0016339898522913	-1.0709924014751426	0.6345244351024698
CITED2	go_bp	GOBP_T_CELL_DIFFERENTIATION	False		EP300;FOXO3;TP53	LOW_EVIDENCE	0.9367821102587292	0.7803372830704854	0.9438576770651474	0.8440245091916903	1.2766112400110212	0.1493614156375292	-1.1496825945778302	0.4038817005545286
CITED2	go_bp	GOBP_T_CELL_DIFFERENTIATION_INVOLVED_IN_IMMUNE_RESPONSE	False		EP300	MIXED	0.9650667055468244	0.6932599499104203	-0.914811346889252	0.8358951726660772	1.6876895597293362	0.0111997568531551	-1.0425512920349085	0.6737040971636314
CITED2	go_bp	GOBP_T_CELL_DIFFERENTIATION_IN_THYMUS	False		TP53	MIXED	-1.3704610662390655	0.1714132264928947	1.0181076480103803	0.671791662637338	1.1190925162434788	0.4495540722606571	-1.337641759992962	0.2813254543143982
CITED2	go_bp	GOBP_T_CELL_PROLIFERATION	False		TP53	SINGLE_DATASET	1.08080235178105	0.5362038645981725	0.945429527169969	0.8165961391578583	1.5706053227054535	0.0156018947829288	0.9095810843057456	0.861984282907662
CITED2	go_bp	GOBP_T_HELPER_17_CELL_DIFFERENTIATION	False		EP300	MIXED	-0.6898453516451727	0.9516524751046328	-0.8679172830346226	0.8714728167025624	1.580442846921414	0.0743962174913297	1.2010924172908934	0.494026497574905
CITED2	go_bp	GOBP_T_HELPER_17_TYPE_IMMUNE_RESPONSE	False		EP300	MIXED	-0.8928410680445494	0.787224600542659	-1.1077751088555676	0.5655894100216953	1.677251301550901	0.0214804250123036	1.22975642425606	0.4497995862425653
CITED2	go_bp	GOBP_UTERUS_DEVELOPMENT	True			MIXED	-1.3381913813081625	0.3784448228719449	1.0655653262819025	0.6156955256742942	1.2732553545834542	0.3399195023783388	-1.4658829961346769	0.2950804376054552
CITED2	go_bp	GOBP_VASCULAR_ENDOTHELIAL_GROWTH_FACTOR_RECEPTOR_SIGNALING_PATHWAY	False		HIF1A	LOW_EVIDENCE	0.9733988743945808	0.7034124111208286	1.534520597121266	0.1223653921992356	1.0478669717251972	0.5697142975531936	0.8893682437280971	0.8651215805471124
CITED2	go_bp	GOBP_VASCULATURE_DEVELOPMENT	True		EPAS1;FOXO1;HIF1A;TFAP2B;WT1	SINGLE_DATASET	1.5650588973250878	0.0030994318218088						
CITED2	go_bp	GOBP_VASCULOGENESIS	True	gse111151	WT1	SINGLE_DATASET	1.1105005427084178	0.5358896781039644	1.27622854653269	0.2894089512076571	1.861850712685383	0.0014889116035621	-1.4631313018322416	0.1643444352814698
CITED2	go_bp	GOBP_VENTRICULAR_SEPTUM_DEVELOPMENT	True	gse240112		DIRECTIONAL_CONSENSUS	1.1914851262586663	0.4449487274852558	1.5614104152931347	0.0621422478349462	1.8004213144291097	0.003276992925802	-0.887634115580354	0.8651215805471124
CITED2	go_bp	GOBP_VENTRICULAR_SEPTUM_MORPHOGENESIS	True	gse240112,gse111151		STRONG_CONSENSUS	1.334438071461656	0.3283680199047138	1.6694653239085573	0.0473014654186282	1.6564902947656124	0.0305762606595012	-0.9505956272449566	0.7758839085313006
CITED2	go_bp	GOBP_VIRAL_GENE_EXPRESSION	False		EP300	MIXED	1.191848265148676	0.4207549526457554	-0.90588271807543	0.8569951415742434	1.3801494548237148	0.1337782937905071	1.1777160947588017	0.4179628725956651
CITED2	go_bp	GOBP_VIRAL_PROCESS	False		EP300;TP53	MIXED	1.0791218253773718	0.5136877888139374	-1.314953481450586	0.0476548471374886	1.482356647685205	0.0049490309378146	1.1821653457151842	0.2985837922895358
CITED2	go_bp	GOBP_WNT_SIGNALING_PATHWAY	False		FOXO1;FOXO3	STRONG_CONSENSUS	1.37591407331501	0.0748148836804059	1.746762587576816	2.3749886687128217e-05	1.7733591866175549	2.2179939521325398e-06	-1.01525483810121	0.6940183232129541
CITED2	go_bp	GOBP_WOUND_HEALING	False		HIF1A	STRONG_CONSENSUS	1.6699988290043686	0.0040508091519752	1.4048540999689836	0.0280125862341205	1.7423366877001674	1.6581495551681683e-05	-1.411819276940304	0.0159498072940805
