collection	pathway	resistance_consensus_class	resistance_median_NES	resistance_datasets_FDR05	gse245601_NES	gse245601_fdr	crispr_NES	crispr_fdr	candidates_connected	convergence_category
go_bp	GOBP_RESPONSE_TO_INSULIN	SINGLE_DATASET	1.2678782114523452	1	1.5185644328461367	0.0106094120281716	0.969032003717364	0.7980233503780831		ACUTE_RESPONSE
reactome	REACTOME_HDR_THROUGH_HOMOLOGOUS_RECOMBINATION_HRR	SINGLE_DATASET	-1.1293146330582502	1	-1.7240366644813867	0.0257847701914771	-1.0654834558414628	0.5608887622845748		ACUTE_RESPONSE
go_bp	GOBP_SULFUR_COMPOUND_BIOSYNTHETIC_PROCESS	SINGLE_DATASET	1.2672525084191173	1	1.5718755008228469	0.0314130145810689	0.9322242604874444	0.8444161021150033		ACUTE_RESPONSE
go_bp	GOBP_REGULATION_OF_CELLULAR_CATABOLIC_PROCESS	SINGLE_DATASET	1.1271428393945628	1	1.8933767271627455	3.3989460533955344e-08	1.079246891646508	0.6322897444522337		ACUTE_RESPONSE
go_bp	GOBP_EPITHELIAL_CELL_DEVELOPMENT	SINGLE_DATASET	1.2495807045326492	1	-1.5331739129451076	0.0224717301159287	1.1444999051068614	0.5784691746467164	VEZF1	ACUTE_RESPONSE
hallmark	HALLMARK_MTORC1_SIGNALING	SINGLE_DATASET	1.057168960502049	1	2.4968828566808186	1.1289786557097172e-16	-1.3235058913443	0.052434461564466		ACUTE_RESPONSE
go_bp	GOBP_CARDIAC_MUSCLE_TISSUE_MORPHOGENESIS	SINGLE_DATASET	1.2521073837296433	1	-1.7513972292994875	0.0314130145810689	1.0526975724461158	0.7041496240674322		ACUTE_RESPONSE
go_bp	GOBP_GLYCOSYLATION	SINGLE_DATASET	1.01004917124273	1	1.586856556514859	0.0087463707988886	1.2173057810624917	0.4516200498476876		ACUTE_RESPONSE
go_bp	GOBP_PROTEIN_MATURATION	SINGLE_DATASET	1.2011134221979596	1	1.3617107189974744	0.0486709900981264				ACUTE_RESPONSE
go_bp	GOBP_POSITIVE_REGULATION_OF_TELOMERASE_RNA_LOCALIZATION_TO_CAJAL_BODY	SINGLE_DATASET	-0.9974449657469704	1	-1.797752626781682	0.0289914592884026	-0.7399233239068701	0.9156258765379688		ACUTE_RESPONSE
go_bp	GOBP_RESPONSE_TO_ENDOPLASMIC_RETICULUM_STRESS	SINGLE_DATASET	0.9257342709196305	1	2.369980465399732	1.3360373829825504e-14	0.9331626868999552	0.8450714487021419		ACUTE_RESPONSE
go_bp	GOBP_PROTEIN_EXIT_FROM_ENDOPLASMIC_RETICULUM	SINGLE_DATASET	1.3612548189175435	1	2.495874989310946	1.959013947714237e-07	1.1628228172184376	0.626617297750454		ACUTE_RESPONSE
go_bp	GOBP_NEGATIVE_REGULATION_OF_GROWTH	SINGLE_DATASET	1.0936380505743544	1	1.5892685663744388	0.0114538518701158	1.1855135299913215	0.505021066630423	CITED2	ACUTE_RESPONSE
go_bp	GOBP_PROTEIN_N_LINKED_GLYCOSYLATION	SINGLE_DATASET	1.0761686706830482	1	2.2107075561985385	2.272757340152372e-05	-1.204018848300614	0.5825097574574853		ACUTE_RESPONSE
go_bp	GOBP_STEROID_METABOLIC_PROCESS	SINGLE_DATASET	1.197283079288676	1	1.7678839280605692	0.0002372415645003	1.1670338369193602	0.5019048221112415		ACUTE_RESPONSE
go_bp	GOBP_STEROL_METABOLIC_PROCESS	SINGLE_DATASET	1.3408097915304449	1	2.3150356661365272	3.4737106421917874e-08	1.0193045320084744	0.7460371920675221		ACUTE_RESPONSE
go_bp	GOBP_ENDOPLASMIC_RETICULUM_TO_CYTOSOL_TRANSPORT	SINGLE_DATASET	1.4611347087377375	1	2.334653026628296	3.999917204975871e-06	-0.967801599230684	0.7897336561743341		ACUTE_RESPONSE
go_bp	GOBP_REGULATION_OF_PROTEIN_EXIT_FROM_ENDOPLASMIC_RETICULUM	SINGLE_DATASET	1.344891166395408	1	2.061485810991248	0.0012194837447685	1.0836325033303502	0.6958762886597937		ACUTE_RESPONSE
reactome	REACTOME_ACTIVATION_OF_THE_PRE_REPLICATIVE_COMPLEX	SINGLE_DATASET	-1.3385072353029397	1	-1.6913136919862986	0.0386768225100734	-1.2751463414630255	0.3600178779827676		ACUTE_RESPONSE
go_bp	GOBP_REGULATION_OF_AUTOPHAGY	SINGLE_DATASET	1.155320410589018	1	2.022300045401657	2.9351712047468556e-09	0.9976232515141872	0.7817913964468777		ACUTE_RESPONSE
hallmark	HALLMARK_CHOLESTEROL_HOMEOSTASIS	SINGLE_DATASET	1.2937816300439298	1	2.857729195847876	1.8458151564213733e-18	0.8367136183349456	0.8156606851549755		ACUTE_RESPONSE
go_bp	GOBP_SARCOMERE_ORGANIZATION	SINGLE_DATASET	1.129440894937687	1	-1.7632539503258342	0.0335109352723617	0.6871018286637764	0.9760692792663708		ACUTE_RESPONSE
go_bp	GOBP_PHOSPHOLIPID_METABOLIC_PROCESS	SINGLE_DATASET	0.9882833520466114	1	1.535263947415726	0.0024231477690096	1.1521496305465737	0.4889128728414442		ACUTE_RESPONSE
go_bp	GOBP_SULFUR_COMPOUND_METABOLIC_PROCESS	SINGLE_DATASET	1.042871861756672	1	1.4921157672094156	0.0221141004124109	-1.084905636904331	0.6108791783023267		ACUTE_RESPONSE
go_bp	GOBP_ENDOCRINE_PROCESS	SINGLE_DATASET	1.431759562340952	1	-1.6888892614306488	0.0290932050735509	-1.174051504211919	0.5727355338885206		ACUTE_RESPONSE
go_bp	GOBP_MULTI_MULTICELLULAR_ORGANISM_PROCESS	SINGLE_DATASET	1.3930075693196688	1	-1.505419579230444	0.0416266300244705	0.9190700824721072	0.86592253918988	CITED2	ACUTE_RESPONSE
go_bp	GOBP_CARBOHYDRATE_METABOLIC_PROCESS	SINGLE_DATASET	0.935502507628971	1	1.5306259608288184	0.0013726253298847				ACUTE_RESPONSE
go_bp	GOBP_GLAND_MORPHOGENESIS	SINGLE_DATASET	1.1698949213622234	1	-1.9956546837825853	0.0001354297728422	0.965227778472446	0.8164606763476799		ACUTE_RESPONSE
go_bp	GOBP_DNA_TEMPLATED_DNA_REPLICATION	SINGLE_DATASET	-1.0596000928474207	1	-1.7317866336739711	0.0020454491856397	-1.4186042465826951	0.1664509876045139		ACUTE_RESPONSE
go_bp	GOBP_RECOMBINATIONAL_REPAIR	SINGLE_DATASET	-0.9602751475068586	1	-1.7506283330754469	0.0005144941509707	-1.451174166532363	0.1252960751672345		ACUTE_RESPONSE
hallmark	HALLMARK_HYPOXIA	SINGLE_DATASET	1.2440249218281394	1	1.7361630915505288	0.0001150500989363	1.0510750564163325	0.5087505087505088	CITED2	ACUTE_RESPONSE
reactome	REACTOME_ASPARAGINE_N_LINKED_GLYCOSYLATION	SINGLE_DATASET	1.0336638339353217	1	2.46178322718064	3.3896010402596703e-19	0.9594494225093924	0.7400259258937039		ACUTE_RESPONSE
go_bp	GOBP_LYSOSOMAL_TRANSPORT	SINGLE_DATASET	0.9372840540415835	1	1.6094345702954689	0.0203025434700723	-0.9411551513745	0.8385660637747318		ACUTE_RESPONSE
reactome	REACTOME_RESOLUTION_OF_D_LOOP_STRUCTURES	SINGLE_DATASET	-1.3282083628388757	1	-1.9723383006778432	0.0035462026723579	0.9544093202092004	0.7036569819349623		ACUTE_RESPONSE
go_bp	GOBP_ESTABLISHMENT_OF_PROTEIN_LOCALIZATION_TO_MEMBRANE	LOW_EVIDENCE	1.2288555147312732	0	1.5479554802518645	0.0085799885867696	-1.039179886657588	0.6966130605006319		ACUTE_RESPONSE
go_bp	GOBP_ENDOPLASMIC_RETICULUM_TO_GOLGI_VESICLE_MEDIATED_TRANSPORT	LOW_EVIDENCE	0.9596214367291848	0	2.612009834358009	1.3216028462743363e-14	0.9180068376263096	0.8495453986227292		ACUTE_RESPONSE
go_bp	GOBP_ALCOHOL_BIOSYNTHETIC_PROCESS	LOW_EVIDENCE	1.256070962319655	0	2.1393854581952434	1.901138130111529e-06	1.3757518563529874	0.198880333173969		ACUTE_RESPONSE
go_bp	GOBP_CELLULAR_RESPONSE_TO_STARVATION	LOW_EVIDENCE	1.113456163044908	0	1.8053011508581331	0.0011582178762915	1.1828015307674151	0.5142469512570297		ACUTE_RESPONSE
reactome	REACTOME_FOXO_MEDIATED_TRANSCRIPTION_OF_CELL_DEATH_GENES	LOW_EVIDENCE	1.2569778060521946	0	1.949618378291014	0.0082352407147051	0.9782738268081188	0.6818900580760163	CITED2	ACUTE_RESPONSE
go_bp	GOBP_CELLULAR_RESPONSE_TO_ZINC_ION	LOW_EVIDENCE	1.0396385072022165	0	2.0747634526938787	0.0020454491856397	1.2831820977789177	0.5183266398625134		ACUTE_RESPONSE
go_bp	GOBP_RESPONSE_TO_STEROL_DEPLETION	LOW_EVIDENCE	1.0286353209090824	0	1.9020229874212249	0.0098779305135555	1.1915053144144077	0.6357399033213784		ACUTE_RESPONSE
go_bp	GOBP_NEUTRAL_AMINO_ACID_TRANSPORT	LOW_EVIDENCE	-1.1259264235200137	0	2.106154636968533	0.0005235701903942	0.8996293163807032	0.8450714487021419		ACUTE_RESPONSE
go_bp	GOBP_SRP_DEPENDENT_COTRANSLATIONAL_PROTEIN_TARGETING_TO_MEMBRANE	LOW_EVIDENCE	0.975603115328182	0	2.074012170819536	0.0020547675397137	1.1254538165011183	0.6823714033125146		ACUTE_RESPONSE
reactome	REACTOME_METABOLISM_OF_STEROIDS	LOW_EVIDENCE	1.2107219585952478	0	2.217703932141736	1.5300127310223043e-08	1.104077744078814	0.4729007494503626		ACUTE_RESPONSE
go_bp	GOBP_NEGATIVE_REGULATION_OF_CELLULAR_CATABOLIC_PROCESS	LOW_EVIDENCE	0.9940401249672124	0	1.662259293537846	0.0211501032926935	1.087648376484829	0.6824644549763034		ACUTE_RESPONSE
go_bp	GOBP_CELLULAR_RESPONSE_TO_INSULIN_STIMULUS	LOW_EVIDENCE	1.1724474077335427	0	1.5928840916119638	0.0098779305135555	0.8702658095913675	0.9068551126287248		ACUTE_RESPONSE
go_bp	GOBP_PROTEIN_LOCALIZATION_TO_PHAGOPHORE_ASSEMBLY_SITE	LOW_EVIDENCE	1.3357454288954456	0	1.8526071518558127	0.0165088242127735	-0.6720692257552894	0.9509765625		ACUTE_RESPONSE
go_bp	GOBP_MACROAUTOPHAGY	LOW_EVIDENCE	1.073567239865192	0	2.0373159940651835	6.935544941116396e-10	-1.124208816603407	0.5139259175222645		ACUTE_RESPONSE
go_bp	GOBP_EPITHELIAL_CELL_DIFFERENTIATION_INVOLVED_IN_KIDNEY_DEVELOPMENT	LOW_EVIDENCE	1.1997432525392362	0	-1.6856005839714845	0.0465048050714008	0.906387883920968	0.83612046418863		ACUTE_RESPONSE
go_bp	GOBP_DETOXIFICATION_OF_INORGANIC_COMPOUND	not_tested_in_resistance		0	2.2038951193367105	0.0001918192988422	0.9130093124700188	0.839861498448908		ACUTE_RESPONSE
go_bp	GOBP_CELLULAR_RESPONSE_TO_COPPER_ION	LOW_EVIDENCE	0.8129732949543396	0	2.128756739985168	0.0004085484026395	0.5579164189051581	0.9898538779128548		ACUTE_RESPONSE
go_bp	GOBP_AMINO_SUGAR_METABOLIC_PROCESS	LOW_EVIDENCE	1.2688937106560767	0	2.1656396398019844	0.0003751622337789	-0.8761055734264389	0.8749111558700398		ACUTE_RESPONSE
go_bp	GOBP_RENAL_FILTRATION	LOW_EVIDENCE	-0.9449792771828968	0	-1.8982318083483265	0.010441008662645	0.9602981722609206	0.791938175959247		ACUTE_RESPONSE
go_bp	GOBP_INTERLEUKIN_17_PRODUCTION	LOW_EVIDENCE	0.9189448087658284	0	1.8333417077719687	0.0294158330912205	0.8624577242707308	0.8628895359845393		ACUTE_RESPONSE
go_bp	GOBP_REGULATION_OF_PROTEIN_LOCALIZATION_TO_NUCLEUS	LOW_EVIDENCE	1.1830125353462615	0	-1.6151768051957154	0.0165088242127735	-1.006765421520917	0.7748770307974182		ACUTE_RESPONSE
go_bp	GOBP_REGULATION_OF_ENDOPLASMIC_RETICULUM_UNFOLDED_PROTEIN_RESPONSE	LOW_EVIDENCE	1.3309553392479347	0	1.9007609253526196	0.0143032399672956	-0.9512951028669784	0.7923424518762693		ACUTE_RESPONSE
go_bp	GOBP_TELOMERASE_RNA_LOCALIZATION	LOW_EVIDENCE	-0.9555116072260332	0	-1.89213546131987	0.0091061138731344	-0.7761415620059593	0.9003066921367892		ACUTE_RESPONSE
go_bp	GOBP_DOUBLE_STRAND_BREAK_REPAIR	LOW_EVIDENCE	-1.028256005977012	0	-1.5961100525968566	0.0008074341861889	-1.3371992197541638	0.1485639621478776		ACUTE_RESPONSE
reactome	REACTOME_FOXO_MEDIATED_TRANSCRIPTION	LOW_EVIDENCE	0.966926691280797	0	1.698971704979924	0.0255517509085222	1.017572253591583	0.6298062516145699	CITED2	ACUTE_RESPONSE
go_bp	GOBP_MACROMOLECULE_METHYLATION	LOW_EVIDENCE	-0.7306486648985073	0	-1.5314879991188033	0.0421278051054322	-1.2205500192866388	0.4629797865091983		ACUTE_RESPONSE
go_bp	GOBP_NEGATIVE_REGULATION_OF_INTRACELLULAR_TRANSPORT	LOW_EVIDENCE	0.8362317968123398	0	1.8862112160214024	0.0119465544174139	1.6691533185238816	0.0853259699129452		ACUTE_RESPONSE
go_bp	GOBP_MATURATION_OF_5_8S_RRNA_FROM_TRICISTRONIC_RRNA_TRANSCRIPT_SSU_RRNA_5_8S_RRNA_LSU_RRNA	LOW_EVIDENCE	-0.9732543249073514	0	-1.828915209562356	0.0421278051054322	-1.472066470774719	0.4124878048780488		ACUTE_RESPONSE
go_bp	GOBP_PROTEIN_LOCALIZATION_TO_ENDOPLASMIC_RETICULUM	LOW_EVIDENCE	1.28355805484605	0	2.492345844051993	2.2698421414357272e-08	1.2388678461468026	0.5453819806841401		ACUTE_RESPONSE
go_bp	GOBP_NUCLEOTIDE_SUGAR_BIOSYNTHETIC_PROCESS	LOW_EVIDENCE	1.2586050946006675	0	2.1320885830733274	0.000510854730948	-1.093368715886168	0.6952239617658852		ACUTE_RESPONSE
reactome	REACTOME_TRANS_GOLGI_NETWORK_VESICLE_BUDDING	LOW_EVIDENCE	0.8317960801928564	0	1.7378345014360257	0.0090938425483837	-1.189444275306524	0.4042006928977976		ACUTE_RESPONSE
go_bp	GOBP_GLUCOSAMINE_CONTAINING_COMPOUND_METABOLIC_PROCESS	LOW_EVIDENCE	1.19815051269505	0	2.125971811618345	0.0004085484026395	0.5510903382057818	0.9834468425658732		ACUTE_RESPONSE
go_bp	GOBP_NUCLEOTIDE_SUGAR_METABOLIC_PROCESS	LOW_EVIDENCE	1.036329451444039	0	2.132244904352336	0.0009703619202778	-1.286004405952867	0.5124534769833495		ACUTE_RESPONSE
go_bp	GOBP_ISOPRENOID_BIOSYNTHETIC_PROCESS	LOW_EVIDENCE	1.1046104691704657	0	2.0753718285462446	0.0015790028071538	0.6659287559599183	0.9634881247784476		ACUTE_RESPONSE
go_bp	GOBP_DNA_RECOMBINATION	LOW_EVIDENCE	-0.9801199052627494	0	-1.6781713863845835	0.0002535684045486	-1.390951788186653	0.0683928587623366		ACUTE_RESPONSE
go_bp	GOBP_ORGANELLE_DISASSEMBLY	LOW_EVIDENCE	1.1612210483380982	0	1.7637830873657496	0.0012070549644142	1.050299833267142	0.7056714752819637		ACUTE_RESPONSE
go_bp	GOBP_ER_NUCLEUS_SIGNALING_PATHWAY	LOW_EVIDENCE	0.944413247146538	0	2.155648817694773	0.0002830617620656	1.0889307122530845	0.6947615964009406		ACUTE_RESPONSE
go_bp	GOBP_POSITIVE_REGULATION_OF_CATABOLIC_PROCESS	LOW_EVIDENCE	1.0668345957740937	0	1.579026602480727	0.0001918192988422				ACUTE_RESPONSE
go_bp	GOBP_GOLGI_VESICLE_TRANSPORT	LOW_EVIDENCE	0.982075452405974	0	2.139590682483984	5.638171695109607e-10	1.0255448405228875	0.7300021407164264		ACUTE_RESPONSE
go_bp	GOBP_GLANDULAR_EPITHELIAL_CELL_DIFFERENTIATION	LOW_EVIDENCE	1.1810126824630656	0	-1.6853050011629245	0.020967289899871	-1.1176828726153167	0.6823714033125146		ACUTE_RESPONSE
go_bp	GOBP_PROTEIN_LOCALIZATION_TO_CELL_CELL_JUNCTION	LOW_EVIDENCE	0.9347795514574412	0	-1.923860660779847	0.0091061138731344	1.1773493359973282	0.6320964739407902		ACUTE_RESPONSE
go_bp	GOBP_POSITIVE_REGULATION_OF_PROTEIN_LOCALIZATION_TO_NUCLEUS	LOW_EVIDENCE	1.0093653644382088	0	-1.8502313664039176	0.002552867110473	-1.1001326651807093	0.645654748975174		ACUTE_RESPONSE
go_bp	GOBP_CELLULAR_RESPONSE_TO_NUTRIENT_LEVELS	LOW_EVIDENCE	1.1250979939654344	0	1.6559866267459495	0.0031090884270021	0.984155228067038	0.7878260869565218		ACUTE_RESPONSE
go_bp	GOBP_INTRINSIC_APOPTOTIC_SIGNALING_PATHWAY_IN_RESPONSE_TO_ENDOPLASMIC_RETICULUM_STRESS	LOW_EVIDENCE	0.9665288658040372	0	2.29554276375582	1.3136910579049768e-05	0.8698366932758624	0.8726588264891552		ACUTE_RESPONSE
go_bp	GOBP_RESPONSE_TO_TOXIC_SUBSTANCE	LOW_EVIDENCE	1.1803488239559408	0	1.5791552639819504	0.0063229238062133	0.9927703683631456	0.7774116125502095		ACUTE_RESPONSE
go_bp	GOBP_COPII_COATED_VESICLE_CARGO_LOADING	LOW_EVIDENCE	0.9936784907404344	0	2.1710156700858976	0.0003852827673755	1.7096974600290469	0.1267858399799611		ACUTE_RESPONSE
hallmark	HALLMARK_MITOTIC_SPINDLE	LOW_EVIDENCE	1.0055753468710773	0	-1.51059094417094	0.0056868353962313	1.241754789385323	0.1849512811259473		ACUTE_RESPONSE
go_bp	GOBP_VACUOLAR_TRANSPORT	LOW_EVIDENCE	0.9534515949802704	0	1.7678419780087182	0.0014040916953045	0.894103252228773	0.8816584240942431		ACUTE_RESPONSE
reactome	REACTOME_TRANSPORT_TO_THE_GOLGI_AND_SUBSEQUENT_MODIFICATION	LOW_EVIDENCE	1.0797195492393683	0	2.1244883328523194	3.761471377233436e-08	1.05857874577626	0.5638098457378158		ACUTE_RESPONSE
go_bp	GOBP_MAMMARY_GLAND_DUCT_MORPHOGENESIS	LOW_EVIDENCE	1.1548662362985402	0	-1.7239876090355557	0.0421278051054322	0.790845388106421	0.9008738156617228		ACUTE_RESPONSE
go_bp	GOBP_XENOBIOTIC_METABOLIC_PROCESS	LOW_EVIDENCE	-1.1050291237191336	0	-1.671098673339255	0.0171759212118801	0.7551198530878872	0.9690546615553824		ACUTE_RESPONSE
go_bp	GOBP_MONOCARBOXYLIC_ACID_METABOLIC_PROCESS	LOW_EVIDENCE	-1.2082771317127348	0	1.4122527606012285	0.0087463707988886				ACUTE_RESPONSE
go_bp	GOBP_PHOSPHOLIPID_BIOSYNTHETIC_PROCESS	LOW_EVIDENCE	1.084220108507176	0	1.5268358490748426	0.0092513623609099	1.0248615927699312	0.7342638451148132		ACUTE_RESPONSE
go_bp	GOBP_REGULATION_OF_AUTOPHAGOSOME_MATURATION	LOW_EVIDENCE	-0.7128057668656095	0	1.817334819663453	0.024146454494094	1.7697908307864942	0.1024907623528303		ACUTE_RESPONSE
go_bp	GOBP_POSITIVE_REGULATION_OF_PROTEASOMAL_PROTEIN_CATABOLIC_PROCESS	LOW_EVIDENCE	0.8961910471044559	0	1.6413680081645206	0.0227387985360535	-1.1990497768712038	0.5139622117254793		ACUTE_RESPONSE
go_bp	GOBP_REGULATION_OF_MACROAUTOPHAGY	LOW_EVIDENCE	0.951493952898212	0	2.0053980076489712	1.901138130111529e-06	1.085782492611386	0.6633646308898268		ACUTE_RESPONSE
go_bp	GOBP_REGULATION_OF_AUTOPHAGOSOME_ASSEMBLY	LOW_EVIDENCE	1.080737557407304	0	2.202697378174557	0.0001293922336481	-0.901308192686912	0.8483287279022539		ACUTE_RESPONSE
go_bp	GOBP_N_ACETYLGLUCOSAMINE_METABOLIC_PROCESS	not_tested_in_resistance		0	1.918932104881792	0.0113092127265273	0.7180286256920857	0.9331436768297168		ACUTE_RESPONSE
go_bp	GOBP_VESICLE_LOCALIZATION	LOW_EVIDENCE	0.909292007760535	0	1.452425358372908	0.0308172097626015	1.1646782992689644	0.5216764941870354		ACUTE_RESPONSE
go_bp	GOBP_REGULATION_OF_ESTABLISHMENT_OF_PROTEIN_LOCALIZATION_TO_MITOCHONDRION	LOW_EVIDENCE	0.912887236921018	0	1.7463460072737025	0.0490548505725815	1.216020416084324	0.5886412185058135		ACUTE_RESPONSE
go_bp	GOBP_DETOXIFICATION	LOW_EVIDENCE	1.1008909529063091	0	1.80668569437304	0.0031090884270021	0.9238217120973016	0.8450714487021419		ACUTE_RESPONSE
go_bp	GOBP_BRANCHING_INVOLVED_IN_MAMMARY_GLAND_DUCT_MORPHOGENESIS	LOW_EVIDENCE	1.1743230450901951	0	-1.852127064142287	0.016832171021306	0.8820216657420531	0.8514771173527654		ACUTE_RESPONSE
hallmark	HALLMARK_XENOBIOTIC_METABOLISM	LOW_EVIDENCE	1.1071009156694886	0	1.4502022117924167	0.0153316548308294	-1.0390052486729215	0.5087505087505088		ACUTE_RESPONSE
reactome	REACTOME_PEROXISOMAL_LIPID_METABOLISM	LOW_EVIDENCE	-1.1827808275258973	0	-1.922185046592432	0.0125019740930501	1.570614514731614	0.1361623159647955		ACUTE_RESPONSE
reactome	REACTOME_CHOLESTEROL_BIOSYNTHESIS	LOW_EVIDENCE	1.2473396088632496	0	2.6597789281649966	1.165057972268552e-13	-1.5744477674792103	0.1405348309619405		ACUTE_RESPONSE
go_bp	GOBP_PROTEASOMAL_PROTEIN_CATABOLIC_PROCESS	LOW_EVIDENCE	0.8282619262352248	0	1.7084231999777373	1.901138130111529e-06				ACUTE_RESPONSE
go_bp	GOBP_STEROL_BIOSYNTHETIC_PROCESS	LOW_EVIDENCE	1.207818452248534	0	2.4917176026369	2.2698421414357272e-08	1.2592772262807037	0.5206724576411137		ACUTE_RESPONSE
go_bp	GOBP_POSITIVE_REGULATION_OF_CELLULAR_CATABOLIC_PROCESS	LOW_EVIDENCE	1.0866757095854591	0	1.8013361727357171	0.0001876744504345	-0.9907830668513344	0.7878260869565218		ACUTE_RESPONSE
go_bp	GOBP_REGULATION_OF_VACUOLE_ORGANIZATION	LOW_EVIDENCE	1.1220813805453451	0	2.2431279231777816	2.272757340152372e-05	-0.8870278225005915	0.8555577414912454		ACUTE_RESPONSE
hallmark	HALLMARK_REACTIVE_OXYGEN_SPECIES_PATHWAY	LOW_EVIDENCE	1.0813318320475434	0	1.6025864100063127	0.022811953309834	-1.1460270609335916	0.4920172708103223		ACUTE_RESPONSE
reactome	REACTOME_AMINO_ACIDS_REGULATE_MTORC1	LOW_EVIDENCE	1.1195180099320725	0	1.800495294514498	0.0163234453216391	-0.9327536689881784	0.7465348643228565		ACUTE_RESPONSE
go_bp	GOBP_STRIATED_MUSCLE_CELL_DEVELOPMENT	LOW_EVIDENCE	1.2383008466790717	0	-1.879434863958748	0.0029662782422432	-0.8053342843949797	0.9268226751154236		ACUTE_RESPONSE
go_bp	GOBP_FEMALE_GENITALIA_DEVELOPMENT	LOW_EVIDENCE	-0.7487161654026933	0	-1.8733010868662283	0.0111487674042298	0.7544175505815293	0.9181484095290554		ACUTE_RESPONSE
go_bp	GOBP_ENDOPLASMIC_RETICULUM_UNFOLDED_PROTEIN_RESPONSE	LOW_EVIDENCE	0.9299507700707632	0	2.0960590367743968	0.0001918192988422	0.8938662772861004	0.8540363398812786		ACUTE_RESPONSE
go_bp	GOBP_RESPONSE_TO_MAGNESIUM_ION	not_tested_in_resistance		0	-2.0039215408266187	0.0020163315157844	-0.6674766904709798	0.9604901669409148		ACUTE_RESPONSE
go_bp	GOBP_RESPONSE_TO_XENOBIOTIC_STIMULUS	LOW_EVIDENCE	1.2302854619667822	0	-1.4191751513624664	0.0187441073140009	-1.1838532505559527	0.3893290750078915		ACUTE_RESPONSE
go_bp	GOBP_VACUOLE_ORGANIZATION	LOW_EVIDENCE	1.1010409140287454	0	2.009161016545116	6.040073787910112e-07	0.90960945893097	0.8798672957124076		ACUTE_RESPONSE
go_bp	GOBP_NUCLEOPHAGY	LOW_EVIDENCE	1.2359388378205405	0	2.141095162205071	0.0004714950555855	0.9788328701538592	0.7937268049715749		ACUTE_RESPONSE
go_bp	GOBP_AUTOPHAGOSOME_ORGANIZATION	LOW_EVIDENCE	1.1345416561924824	0	2.226511569543999	2.85646674779095e-07	0.8820265820982531	0.8851631501656982		ACUTE_RESPONSE
go_bp	GOBP_COTRANSLATIONAL_PROTEIN_TARGETING_TO_MEMBRANE	LOW_EVIDENCE	1.20527535921824	0	2.1820130714348744	0.0002372415645003	0.8423564335700595	0.873319685625528		ACUTE_RESPONSE
go_bp	GOBP_GOLGI_ORGANIZATION	LOW_EVIDENCE	1.045182207213948	0	2.159877358926213	6.786026785020333e-07	-0.9938209045809688	0.7840262777579214		ACUTE_RESPONSE
reactome	REACTOME_CYTOCHROME_P450_ARRANGED_BY_SUBSTRATE_TYPE	LOW_EVIDENCE	0.9164450251505872	0	-2.0521462889634443	0.0007467998629421	0.6818496112643929	0.9804609701125973		ACUTE_RESPONSE
go_bp	GOBP_RESPONSE_TO_COPPER_ION	LOW_EVIDENCE	0.7134952038056543	0	2.0198076158709477	0.0031090884270021	0.781180589237453	0.9107724978625996		ACUTE_RESPONSE
go_bp	GOBP_RESPONSE_TO_CADMIUM_ION	LOW_EVIDENCE	0.8554682534941793	0	1.951442666455241	0.0044592515110012	0.9526876980628012	0.7937268049715749		ACUTE_RESPONSE
reactome	REACTOME_RHOF_GTPASE_CYCLE	LOW_EVIDENCE	0.9602985175407742	0	-1.831125594102602	0.0109048012715036	1.3489727663741105	0.3000126494212889		ACUTE_RESPONSE
go_bp	GOBP_PROTEIN_LOCALIZATION_TO_NUCLEUS	LOW_EVIDENCE	1.0622159782298428	0	-1.467884833006189	0.0185036152574024	-1.195092463890166	0.3322644273460279		ACUTE_RESPONSE
go_bp	GOBP_CELLULAR_RESPONSE_TO_CADMIUM_ION	LOW_EVIDENCE	0.9823803005919448	0	2.005381625378881	0.0043767255882253	0.9372243861872652	0.8139418812584314		ACUTE_RESPONSE
go_bp	GOBP_AUTOPHAGY_OF_MITOCHONDRION	LOW_EVIDENCE	1.1278773943499243	0	2.037567049358434	0.0001293922336481	1.0965863600846737	0.6723397826144918		ACUTE_RESPONSE
go_bp	GOBP_TRNA_METABOLIC_PROCESS	LOW_EVIDENCE	-0.919909936219396	0	-1.596848059530268	0.0125361181459132	-1.090506711309602	0.6102524106636416		ACUTE_RESPONSE
go_bp	GOBP_ESTABLISHMENT_OF_PROTEIN_LOCALIZATION_TO_ENDOPLASMIC_RETICULUM	LOW_EVIDENCE	1.2540311049437902	0	2.502755263411311	6.871465474851043e-08	1.0539578664318785	0.715419350813433		ACUTE_RESPONSE
go_bp	GOBP_METHYLATION	LOW_EVIDENCE	-0.9281041876949436	0	-1.4909677365511411	0.032971824034503	-1.218930287758174	0.4219067509595846		ACUTE_RESPONSE
go_bp	GOBP_PROTEIN_TARGETING	LOW_EVIDENCE	1.0734526839077445	0	1.6039524952086133	0.0012612274057568	1.1692421361941563	0.4982061158252844		ACUTE_RESPONSE
go_bp	GOBP_RESPONSE_TO_NUTRIENT_LEVELS	LOW_EVIDENCE	1.082671197149566	0	1.5396376110775865	0.0012612274057568	0.9203665060097522	0.8897131977083262		ACUTE_RESPONSE
go_bp	GOBP_INTRACELLULAR_ZINC_ION_HOMEOSTASIS	LOW_EVIDENCE	0.9639983221893156	0	2.172251341374631	0.0002751990985428	0.7010709536907693	0.952324033373		ACUTE_RESPONSE
go_bp	GOBP_REGULATION_OF_ERAD_PATHWAY	LOW_EVIDENCE	-0.6994703778055757	0	1.9090692186249685	0.0173204436059445	-1.306376270459615	0.5115299665499584		ACUTE_RESPONSE
go_bp	GOBP_RESPONSE_TO_STARVATION	LOW_EVIDENCE	1.0536648178053687	0	1.8171802577280325	0.0001293922336481	1.0721675072960244	0.6869332612957847		ACUTE_RESPONSE
reactome	REACTOME_INTRA_GOLGI_AND_RETROGRADE_GOLGI_TO_ER_TRAFFIC	LOW_EVIDENCE	0.8669650591215877	0	1.6219071076914395	0.0046867645458064	0.9646453335303636	0.7193502322614874		ACUTE_RESPONSE
go_bp	GOBP_POSITIVE_REGULATION_OF_AUTOPHAGY	LOW_EVIDENCE	1.242785450849004	0	1.998436252472083	3.704561877675133e-05	-0.9872113267123558	0.7784396838125788		ACUTE_RESPONSE
go_bp	GOBP_RETROGRADE_TRANSPORT_ENDOSOME_TO_GOLGI	LOW_EVIDENCE	1.138960092278408	0	1.5985392785762291	0.0469691712843815	1.0452718714204456	0.7306710268959474		ACUTE_RESPONSE
go_bp	GOBP_PIECEMEAL_MICROAUTOPHAGY_OF_THE_NUCLEUS	LOW_EVIDENCE	1.0865632625478363	0	1.8986158836059075	0.0211531814016176	0.9303609237569728	0.8182524838912121		ACUTE_RESPONSE
go_bp	GOBP_POSITIVE_REGULATION_OF_PROTEOLYSIS_INVOLVED_IN_PROTEIN_CATABOLIC_PROCESS	LOW_EVIDENCE	0.9754722248509642	0	1.554817394582512	0.0378131348744974	-1.0001463600498106	0.762091550077527		ACUTE_RESPONSE
go_bp	GOBP_CELL_DIFFERENTIATION_INVOLVED_IN_KIDNEY_DEVELOPMENT	LOW_EVIDENCE	1.30888579678375	0	-1.7477150244901951	0.0314130145810689	0.9084637943074456	0.8407540497105825		ACUTE_RESPONSE
go_bp	GOBP_FOCAL_ADHESION_ASSEMBLY	LOW_EVIDENCE	1.1096678991895976	0	-1.6116672842232131	0.0490548505725815	1.3040238184256812	0.4587378640776699		ACUTE_RESPONSE
go_bp	GOBP_DNA_CONFORMATION_CHANGE	LOW_EVIDENCE	-1.163482509121551	0	-1.70736201090889	0.0113092127265273	-1.6206488178362854	0.0804163635281917		ACUTE_RESPONSE
reactome	REACTOME_CELL_EXTRACELLULAR_MATRIX_INTERACTIONS	LOW_EVIDENCE	1.314676616601979	0	-1.972671960534143	0.0024887779778635	1.461094778158804	0.2570008590011044		ACUTE_RESPONSE
go_bp	GOBP_RNA_POLYMERASE_II_PREINITIATION_COMPLEX_ASSEMBLY	SINGLE_DATASET	-0.9782104695988556	1	0.7963949732061538	0.9320539813804825	-1.861445605629716	0.0203679844569586		FUNCTIONAL_ONLY
reactome	REACTOME_DNA_STRAND_ELONGATION	SINGLE_DATASET	-1.2697816380483598	1	-1.620211347454641	0.1004171929648068	-1.9771705743570736	0.0126979343082108		FUNCTIONAL_ONLY
go_bp	GOBP_EXPORT_ACROSS_PLASMA_MEMBRANE	SINGLE_DATASET	0.965504399801964	1	-0.9185435026545128	0.8223185265438786	1.7636199353109	0.0427643255392714		FUNCTIONAL_ONLY
go_bp	GOBP_REGULATION_OF_AXONOGENESIS	SINGLE_DATASET	1.230671749565877	1	-0.8672960917371282	0.8986352024951922	1.72767811540226	0.0224891648259926		FUNCTIONAL_ONLY
go_bp	GOBP_MITOCHONDRIAL_GENE_EXPRESSION	SINGLE_DATASET	-0.8547113888812097	1	-1.6988936050905696	0.0017282216977988	-2.038352305298916	3.501961170159293e-05		FUNCTIONAL_ONLY
reactome	REACTOME_ORC1_REMOVAL_FROM_CHROMATIN	SINGLE_DATASET	-1.1450479590041605	1	-0.9944401553738926	0.7571781561859521	-1.649151843582008	0.0353205075984599		FUNCTIONAL_ONLY
reactome	REACTOME_MITOTIC_G2_G2_M_PHASES	SINGLE_DATASET	-1.2175141281055923	1	-0.6911058797586112	1.0	-1.5416130560239611	0.0131372012597199		FUNCTIONAL_ONLY
go_bp	GOBP_MITOCHONDRIAL_TRANSLATION	SINGLE_DATASET	-1.0306965768206646	1	-1.7500002829759125	0.0031277059726474	-1.924925105923508	0.0021021964745618		FUNCTIONAL_ONLY
go_bp	GOBP_NEGATIVE_REGULATION_OF_CELL_MATRIX_ADHESION	SINGLE_DATASET	1.2937910101461692	1	-1.4027005362044034	0.3337599548228672	1.8482435337273189	0.0335487193998788		FUNCTIONAL_ONLY
reactome	REACTOME_METABOLISM_OF_AMINO_ACIDS_AND_DERIVATIVES	SINGLE_DATASET	-0.970954847423392	1	1.196304401168336	0.2570575975748389	-1.61706711296433	0.0007069357373096		FUNCTIONAL_ONLY
reactome	REACTOME_ADIPOGENESIS	LOW_EVIDENCE	1.1993433482578717	0	1.0936839604482675	0.578650391524643	-1.6236033984623874	0.0119593357807049		FUNCTIONAL_ONLY
reactome	REACTOME_KERATAN_SULFATE_BIOSYNTHESIS	LOW_EVIDENCE	1.0026728510501337	0	1.078512420307277	0.669757334299167	1.7688870980771103	0.0367640974287154		FUNCTIONAL_ONLY
go_bp	GOBP_TRANSCRIPTION_PREINITIATION_COMPLEX_ASSEMBLY	LOW_EVIDENCE	-0.8514583544589429	0	-0.8127195725324903	0.9231158673905832	-1.9171232182804812	0.0154708861542364		FUNCTIONAL_ONLY
go_bp	GOBP_NEGATIVE_REGULATION_OF_PHOSPHATIDYLINOSITOL_3_KINASE_PROTEIN_KINASE_B_SIGNAL_TRANSDUCTION	LOW_EVIDENCE	0.8956153710839707	0	1.4865779086537907	0.1737233559225479	1.8690221510830336	0.0284611560649301		FUNCTIONAL_ONLY
reactome	REACTOME_FORMATION_OF_PARAXIAL_MESODERM	LOW_EVIDENCE	-0.8345280834908667	0	-0.9557103199900338	0.8167154457892021	-1.7830011243643915	0.0219678813118731		FUNCTIONAL_ONLY
reactome	REACTOME_PD_1_SIGNALING	not_tested_in_resistance		0	-1.2395129750490532	0.4457388277565686	1.851708656548934	0.0250009731530584		FUNCTIONAL_ONLY
go_bp	GOBP_KERATINOCYTE_MIGRATION	LOW_EVIDENCE	1.2301505684623144	0	-1.338050358620147	0.4213310422808498	2.085038377732902	0.0073358444954622		FUNCTIONAL_ONLY
go_bp	GOBP_ERYTHROCYTE_HOMEOSTASIS	LOW_EVIDENCE	0.8301552952583678	0	1.2501281947579257	0.2905742574257425	-1.80922817783246	0.0041494469029341	CITED2	FUNCTIONAL_ONLY
reactome	REACTOME_B_WICH_COMPLEX_POSITIVELY_REGULATES_RRNA_EXPRESSION	LOW_EVIDENCE	0.769987679242205	0	-0.910360925988382	0.8437037037037037	-1.9267286528084555	0.020818856001979		FUNCTIONAL_ONLY
reactome	REACTOME_STABILIZATION_OF_P53	LOW_EVIDENCE	-1.172388102455989	0	0.8595118899359832	0.914570120542652	-1.7061652178181477	0.0410876044368707		FUNCTIONAL_ONLY
go_bp	GOBP_AMINO_ACID_ACTIVATION	LOW_EVIDENCE	-1.0431319575413276	0	-1.836535270132144	0.0187441073140009	-1.9741735817515684	0.0266205576126276		FUNCTIONAL_ONLY
reactome	REACTOME_TRNA_AMINOACYLATION	LOW_EVIDENCE	-1.1651667686538416	0	-1.891051799344228	0.0199909574069229	-2.15305848360751	0.004501445725584		FUNCTIONAL_ONLY
reactome	REACTOME_SOMITOGENESIS	LOW_EVIDENCE	-1.0366898469042825	0	-1.0568984186103108	0.6373563730293044	-1.6651543342247248	0.0366671212076206		FUNCTIONAL_ONLY
go_bp	GOBP_MRNA_EXPORT_FROM_NUCLEUS	LOW_EVIDENCE	-0.6107257585034375	0	-0.6641418250555059	0.9908828250401284	-1.8821065795889536	0.0149474770240737		FUNCTIONAL_ONLY
reactome	REACTOME_TP53_REGULATES_TRANSCRIPTION_OF_DNA_REPAIR_GENES	LOW_EVIDENCE	-0.8651952161612486	0	-1.1415128527448375	0.4854281992836209	-1.8160020811717783	0.016688627612282		FUNCTIONAL_ONLY
go_bp	GOBP_GENERATION_OF_PRECURSOR_METABOLITES_AND_ENERGY	LOW_EVIDENCE	1.1400388733542075	0	1.2934320869765488	0.0727005223888729	-1.5570170615323302	0.0028640070237834		FUNCTIONAL_ONLY
go_bp	GOBP_TROPHECTODERMAL_CELL_DIFFERENTIATION	LOW_EVIDENCE	1.3189236412556822	0	0.6051124989362496	0.9827446751145862	-2.1473350456455687	0.0106984496965458	CITED2	FUNCTIONAL_ONLY
reactome	REACTOME_COMPLEX_IV_ASSEMBLY	LOW_EVIDENCE	1.0070364033732813	0	0.690548577240166	0.9898213671433488	-1.7620540970413885	0.037667334040758		FUNCTIONAL_ONLY
reactome	REACTOME_MITOCHONDRIAL_TRNA_AMINOACYLATION	LOW_EVIDENCE	-0.8709189702578085	0	-1.7732656679052063	0.0255517509085222	-1.8439164684299647	0.0464371741578643		FUNCTIONAL_ONLY
reactome	REACTOME_TRANSCRIPTIONAL_REGULATION_OF_WHITE_ADIPOCYTE_DIFFERENTIATION	LOW_EVIDENCE	1.107600533931662	0	1.2498432389789111	0.3062360064122096	-1.647944036819859	0.0169315567224417		FUNCTIONAL_ONLY
reactome	REACTOME_NEGATIVE_EPIGENETIC_REGULATION_OF_RRNA_EXPRESSION	LOW_EVIDENCE	-0.5841952497821382	0	-1.3079384091374038	0.2995899315098372	-1.7397721482792092	0.04269439984711		FUNCTIONAL_ONLY
reactome	REACTOME_DEPOLYMERIZATION_OF_THE_NUCLEAR_LAMINA	not_tested_in_resistance		0	1.336344107307182	0.4036507508317597	-1.959673389132532	0.0353205075984599		FUNCTIONAL_ONLY
go_bp	GOBP_NEGATIVE_REGULATION_OF_AXONOGENESIS	LOW_EVIDENCE	1.0076991592427902	0	0.8780454032984089	0.861984282907662	1.7259970527249109	0.0404632213413631		FUNCTIONAL_ONLY
reactome	REACTOME_RUNX1_REGULATES_TRANSCRIPTION_OF_GENES_INVOLVED_IN_DIFFERENTIATION_OF_HSCS	LOW_EVIDENCE	-1.179039900605025	0	-1.1174216058029682	0.5127995301864813	-1.5867792252984303	0.0494405869511324		FUNCTIONAL_ONLY
go_bp	GOBP_RIBOSE_PHOSPHATE_METABOLIC_PROCESS	LOW_EVIDENCE	1.057854181080936	0	0.986715507692512	0.7659382219241374	-1.4046500016865409	0.0429468607233249		FUNCTIONAL_ONLY
go_bp	GOBP_ELECTRON_TRANSPORT_CHAIN	LOW_EVIDENCE	1.228146022989637	0	0.6951401239825703	0.9993442725328254	-1.8519473937301	0.004242128520124		FUNCTIONAL_ONLY
go_bp	GOBP_TRANSCRIPTION_INITIATION_AT_RNA_POLYMERASE_II_PROMOTER	LOW_EVIDENCE	-0.8792441762668185	0	-0.6334105890661822	1.0	-1.788592257931748	0.0055100071299496		FUNCTIONAL_ONLY
reactome	REACTOME_MITOTIC_G1_PHASE_AND_G1_S_TRANSITION	LOW_EVIDENCE	-1.1805876755221592	0	0.8156144300604642	0.9795283063449058	-1.7162598661645627	0.0035494136925943		FUNCTIONAL_ONLY
go_bp	GOBP_MITOCHONDRIAL_RNA_METABOLIC_PROCESS	LOW_EVIDENCE	-1.056717304236651	0	-1.6566842051867323	0.0480208530200768	-1.7883283142266406	0.041736134228265		FUNCTIONAL_ONLY
reactome	REACTOME_CYCLIN_A_CDK2_ASSOCIATED_EVENTS_AT_S_PHASE_ENTRY	LOW_EVIDENCE	-0.9875479389233196	0	1.0672388247181488	0.6373563730293044	-1.7501388341742212	0.0119593357807049		FUNCTIONAL_ONLY
reactome	REACTOME_RHO_GTPASE_EFFECTORS	LOW_EVIDENCE	-0.8914952356864962	0	-1.4490967164322386	0.024490182383289	-1.4227867612149512	0.0456754146176621		FUNCTIONAL_ONLY
go_bp	GOBP_TELOMERE_MAINTENANCE	LOW_EVIDENCE	-0.9865255758443984	0	-1.2487789352452503	0.299807435935417	-1.6153205170241616	0.0319980413741647		FUNCTIONAL_ONLY
go_bp	GOBP_TELOMERE_ORGANIZATION	LOW_EVIDENCE	-1.0015725695036046	0	-1.1667524000224223	0.4347463202443024	-1.643480626621194	0.0202126408071095		FUNCTIONAL_ONLY
reactome	REACTOME_OTHER_SEMAPHORIN_INTERACTIONS	LOW_EVIDENCE	1.4008770818111969	0	-1.3633380559257748	0.3413232316635098	1.8903737491384487	0.0193228523307312		FUNCTIONAL_ONLY
go_bp	GOBP_BLASTOCYST_DEVELOPMENT	LOW_EVIDENCE	0.9469154089516468	0	-0.97908282333027	0.762302305640244	-1.6820264489405468	0.0162276350555142	CITED2	FUNCTIONAL_ONLY
reactome	REACTOME_DUAL_INCISION_IN_TC_NER	LOW_EVIDENCE	-1.1071314540665982	0	-0.8856599153362797	0.8711862882495335	-1.6937703839961755	0.0348052531352013		FUNCTIONAL_ONLY
go_bp	GOBP_RIBOSE_PHOSPHATE_BIOSYNTHETIC_PROCESS	LOW_EVIDENCE	0.868865257889476	0	-1.0207060296771355	0.680176913553354	-1.5630946864780602	0.0343696378443762		FUNCTIONAL_ONLY
reactome	REACTOME_SIGNALING_BY_ERYTHROPOIETIN	LOW_EVIDENCE	-0.9749872804746986	0	0.9669681925869285	0.7785785064408611	-1.8374759573824029	0.031697176312694		FUNCTIONAL_ONLY
reactome	REACTOME_EUKARYOTIC_TRANSLATION_ELONGATION	MIXED	0.689814394643991	2	1.7292924475847078	0.0109048012715036	-2.303340296881457	5.300358579723161e-07		MIXED
go_bp	GOBP_RIBOSOMAL_SMALL_SUBUNIT_BIOGENESIS	MIXED	-0.3078909841303897	1	-1.6804577612652232	0.0098987146633471	-2.270228629101717	1.0342314272933342e-05		MIXED
reactome	REACTOME_SELENOAMINO_ACID_METABOLISM	MIXED	0.7620549485735457	1	1.7277018824081067	0.0053006193374418	-2.373345497419603	1.0233340947385269e-07		MIXED
reactome	REACTOME_DEUBIQUITINATION	MIXED	-0.5981368018307835	1	-0.9435623891398796	0.8437037037037037	-1.5758501773443931	0.0053968001860411	USP34	MIXED
go_bp	GOBP_ACTIN_FILAMENT_ORGANIZATION	MIXED	1.3125800533744547	1	-1.4048047617971604	0.0119430547963245	1.1796587144080173	0.4381952601395703		MIXED
reactome	REACTOME_SIGNALING_BY_ROBO_RECEPTORS	MIXED	0.7345603014358509	1	0.6589344388889444	1.0	-1.872096759090719	2.2905967272589484e-05		MIXED
reactome	REACTOME_ER_QUALITY_CONTROL_COMPARTMENT_ERQC	MIXED	0.8319418434611991	1	2.22033778564755	4.938667956426068e-05	1.0762478937313165	0.5851195316311596		MIXED
go_bp	GOBP_L_AMINO_ACID_TRANSPORT	MIXED	1.0597750521534173	1	1.9948011650139137	0.0008074341861889	1.224231045610307	0.5183266398625134		MIXED
reactome	REACTOME_CHROMATIN_MODIFYING_ENZYMES	MIXED	-0.5547786646349839	1	-0.8936092946418018	0.9376515184907656	-1.6801422772460113	0.0020798662521831		MIXED
reactome	REACTOME_SARS_COV_2_MODULATES_HOST_TRANSLATION_MACHINERY	MIXED	0.826251258401418	1	0.7826177328707431	0.95602795573675	-1.861316885037116	0.0126979343082108		MIXED
go_bp	GOBP_REGULATION_OF_DNA_METABOLIC_PROCESS	MIXED	-0.8986789169685823	1	-1.2256522183581509	0.1523201513979019	-1.4051111413274917	0.0281533319135674		MIXED
go_bp	GOBP_TRANSLATIONAL_INITIATION	MIXED	0.823114836713645	1	1.0779998055383575	0.5987183030470531	-1.8738841729572413	0.0024153865072527		MIXED
reactome	REACTOME_MATURATION_OF_SPIKE_PROTEIN	MIXED	-0.846771405606795	1	2.069529819866186	0.0012836318837427	1.537273494855547	0.1898890367515774		MIXED
go_bp	GOBP_CENTRAL_NERVOUS_SYSTEM_NEURON_DEVELOPMENT	MIXED	0.9220451129416136	1	-1.0661711566312229	0.6428895075435961	1.890425457443881	0.0106984496965458		MIXED
go_bp	GOBP_MAINTENANCE_OF_LOCATION	MIXED	1.0293198621860846	1	1.4858645013445997	0.0104677440148626	1.2404608679757416	0.3966934566916218		MIXED
go_bp	GOBP_AMIDE_METABOLIC_PROCESS	MIXED	1.089561341442236	1	1.5064287941688248	0.0049008261704405	0.8690324725533427	0.9380168330344956		MIXED
reactome	REACTOME_RESPONSE_OF_EIF2AK4_GCN2_TO_AMINO_ACID_DEFICIENCY	MIXED	1.0675717451428088	1	1.9944650681655516	8.76416211935411e-05	-2.2120680469526217	2.9067509848930484e-06		MIXED
hallmark	HALLMARK_UV_RESPONSE_UP	MIXED	1.0095602202119114	1	1.468646827130771	0.0211674603884332	-1.066799545808368	0.5087505087505088		MIXED
go_bp	GOBP_REGULATION_OF_ENDOPLASMIC_RETICULUM_STRESS_INDUCED_INTRINSIC_APOPTOTIC_SIGNALING_PATHWAY	MIXED	0.8564006746134321	1	1.96939949434856	0.0082167067705946	-0.9209009078228731	0.827077921477633		MIXED
go_bp	GOBP_ERAD_PATHWAY	MIXED	0.882973739660582	1	2.316940290833708	8.00557707946275e-08	0.7951675005020654	0.9342328778797262		MIXED
hallmark	HALLMARK_MYC_TARGETS_V1	MIXED	0.3337479471163359	1	-1.8285898360027608	1.3611198755970868e-05	-1.836639508445857	0.0001299152464554		MIXED
reactome	REACTOME_RRNA_PROCESSING	MIXED	0.5958893345624451	1	-1.092879260240332	0.4854281992836209	-2.443122206844185	2.809089717889688e-12		MIXED
reactome	REACTOME_SARS_COV_1_MODULATES_HOST_TRANSLATION_MACHINERY	MIXED	0.6552684607661015	1	1.659491475496618	0.0743143139784441	-2.0447306754120187	0.0052368044743983		MIXED
reactome	REACTOME_PROCESSING_OF_CAPPED_INTRON_CONTAINING_PRE_MRNA	MIXED	0.455260853742057	1	-0.9978587150951136	0.7353830999788926	-1.9992257994270408	1.0040090380426337e-07		MIXED
reactome	REACTOME_DISEASES_ASSOCIATED_WITH_N_GLYCOSYLATION_OF_PROTEINS	MIXED	-0.5595109886332187	1	1.7199117394404555	0.0437456190155792	1.0927495846756037	0.5757535563882349		MIXED
reactome	REACTOME_UB_SPECIFIC_PROCESSING_PROTEASES	MIXED	-0.7506100519262346	1	-0.8464212634126504	0.95602795573675	-1.588912515968271	0.0126979343082108	USP34	MIXED
go_bp	GOBP_NUCLEAR_TRANSCRIBED_MRNA_CATABOLIC_PROCESS_DEADENYLATION_DEPENDENT_DECAY	MIXED	0.9453667271722852	1	-0.9001251750558503	0.8564021555824612	-1.9002216015075264	0.016013933341328		MIXED
reactome	REACTOME_TRANSLATION_OF_SARS_COV_2_STRUCTURAL_PROTEINS	MIXED	0.8305777711433759	1	1.8235076136922583	0.0084278667804354	1.1906871341483858	0.4365853658536585		MIXED
reactome	REACTOME_HIV_INFECTION	MIXED	-0.495384534897121	1	-0.8402058296225116	0.98629500180782	-1.7149040440794487	0.0005191073973542		MIXED
go_bp	GOBP_RNA_SPLICING_VIA_TRANSESTERIFICATION_REACTIONS	MIXED	0.5289862460735442	1	-1.023726153098578	0.6745926687947232	-1.791050008043042	4.7399886549378456e-05		MIXED
go_bp	GOBP_ORGANIC_ACID_TRANSMEMBRANE_TRANSPORT	MIXED	-1.0388525288078576	1	1.5595309019076704	0.0368065227911672	1.256274265900054	0.4381952601395703		MIXED
reactome	REACTOME_TRANSPORT_OF_MATURE_TRANSCRIPT_TO_CYTOPLASM	MIXED	-0.4142348732557585	1	-1.024201876070342	0.7000773993808049	-1.727017024194442	0.0106545888407463		MIXED
reactome	REACTOME_MRNA_SPLICING	MIXED	0.503706712571099	1	-0.938698802268945	0.8560585834700027	-1.93805166258637	4.573785852344804e-06		MIXED
go_bp	GOBP_HOMOPHILIC_CELL_ADHESION_VIA_PLASMA_MEMBRANE_ADHESION_MOLECULES	MIXED	1.2361817577451994	1	-1.6124859219833994	0.0145913387552557	0.7767311854287351	0.9739133863198346		MIXED
reactome	REACTOME_REGULATION_OF_EXPRESSION_OF_SLITS_AND_ROBOS	MIXED	0.9058752613262302	1	0.908609215199986	0.8602978941961992	-2.1392208107745074	2.558276689155892e-07		MIXED
go_bp	GOBP_RRNA_METABOLIC_PROCESS	MIXED	-0.5614248488362122	1	-1.5751544482629465	0.0038381751373359	-2.000530313406159	4.39291884222949e-06		MIXED
reactome	REACTOME_SLC_MEDIATED_TRANSMEMBRANE_TRANSPORT	MIXED	1.2187596067680269	1	1.646867736885549	0.0039547359947486	0.8816332594739709	0.8819668745744773		MIXED
go_bp	GOBP_CELL_CELL_JUNCTION_ORGANIZATION	MIXED	1.138812595332268	1	-1.51577647969	0.024911427795459	0.9582340219050328	0.8281876475048238		MIXED
go_bp	GOBP_CYTOPLASMIC_TRANSLATION	MIXED	1.0244282873498218	1	1.028615726727828	0.6738186796499376	-2.471669086983605	2.1326902644211638e-10		MIXED
reactome	REACTOME_SRP_DEPENDENT_COTRANSLATIONAL_PROTEIN_TARGETING_TO_MEMBRANE	MIXED	1.0455506248720898	1	2.304670175282729	1.6099137526344842e-08	-2.018381586363929	7.891715208014678e-05		MIXED
reactome	REACTOME_HOST_INTERACTIONS_OF_HIV_FACTORS	MIXED	-0.7446539055048087	1	-0.9076262653905623	0.9022835209160108	-1.6386125950817143	0.0145937228392679		MIXED
reactome	REACTOME_TRANSLATION	MIXED	0.7094988495752212	1	0.9674521943409752	0.8101781433664716	-2.3481723772141714	1.285245381646437e-12		MIXED
reactome	REACTOME_MRNA_SPLICING_MINOR_PATHWAY	MIXED	0.7194621666308453	1	-1.4742597848567274	0.1606998176051458	-1.866583102892808	0.0119593357807049		MIXED
reactome	REACTOME_N_GLYCAN_TRIMMING_IN_THE_ER_AND_CALNEXIN_CALRETICULIN_CYCLE	MIXED	0.6581836246710775	1	2.371335647245948	9.345415242781668e-07	-0.9665111468009042	0.6856792204894255		MIXED
reactome	REACTOME_INFLUENZA_INFECTION	MIXED	0.7856167060974127	1	0.8740970148696778	0.9331903624388496	-2.2649886215311392	3.5184342996835206e-08		MIXED
go_bp	GOBP_MRNA_PROCESSING	MIXED	0.5273841617465673	1	-1.064313658603962	0.5468517083060044	-1.6622032132190174	0.0001400373019948		MIXED
reactome	REACTOME_NONSENSE_MEDIATED_DECAY_NMD	MIXED	0.7507399866880962	1	1.3305705711733855	0.1837711118147605	-2.253447066303966	2.752369890501588e-07		MIXED
reactome	REACTOME_ANTIGEN_PRESENTATION_FOLDING_ASSEMBLY_AND_PEPTIDE_LOADING_OF_CLASS_I_MHC	MIXED	1.2767900816949205	1	1.89258812765444	0.0135641283021711	0.8398557672552536	0.8237734724292102		MIXED
go_bp	GOBP_PROTEIN_N_LINKED_GLYCOSYLATION_VIA_ASPARAGINE	MIXED	1.0476088311303098	1	1.9433585703290277	0.0135502501438549	-1.0309765346367656	0.7342638451148132		MIXED
go_bp	GOBP_RRNA_PROCESSING	MIXED	-0.5174535403844078	1	-1.5475400860377837	0.0103004853204387	-2.2350160245712654	1.0839630586461116e-08		MIXED
go_bp	GOBP_MOLTING_CYCLE_PROCESS	MIXED	1.1443386861646243	1	-1.5832302633566624	0.0469691712843815	1.025959753298784	0.7422542204568024		MIXED
go_bp	GOBP_PROTEIN_RNA_COMPLEX_ORGANIZATION	MIXED	0.4892425404966823	1	-0.9645395577073717	0.7778739746706181	-2.000166355256872	1.0342314272933342e-05		MIXED
go_bp	GOBP_SPLICEOSOMAL_COMPLEX_ASSEMBLY	MIXED	0.5663497133338778	1	0.845579791151854	0.9097389857136196	-1.85763357255723	0.0190506161890701		MIXED
go_bp	GOBP_RNA_LOCALIZATION	MIXED	0.7512649097059412	1	-1.331507303687992	0.1330337330938347	-1.5445163154542505	0.0304478397020398		MIXED
go_bp	GOBP_RIBOSOME_BIOGENESIS	MIXED	-0.5962995359777886	1	-1.5091994613043551	0.0060463695849234	-2.208153868422015	5.444908619477898e-11		MIXED
reactome	REACTOME_MITOCHONDRIAL_TRANSLATION	MIXED	-0.4596764378594858	1	-1.7625546875561784	0.0088262757779131	-1.8204059200702676	0.0022854083414146		MIXED
reactome	REACTOME_CELLULAR_RESPONSE_TO_STARVATION	MIXED	1.1131811457700498	1	2.072213495365811	1.4340701420997314e-06	-1.9435639421411552	6.162272234018363e-05		MIXED
go_bp	GOBP_ENERGY_DERIVATION_BY_OXIDATION_OF_ORGANIC_COMPOUNDS	MIXED	1.2516111654630024	1	1.1594746756395071	0.4126086180974951	-1.6527066791824088	0.0014032641717421		MIXED
go_bp	GOBP_REGULATION_OF_BODY_FLUID_LEVELS	MIXED	1.2677333779146986	1	-1.4912919981062505	0.0092513623609099	0.9129634583819132	0.8897131977083262		MIXED
go_bp	GOBP_NUCLEAR_TRANSCRIBED_MRNA_CATABOLIC_PROCESS	MIXED	0.8268887700369195	1	-0.8958142871746098	0.8729269342846818	-1.6797274404836189	0.0224891648259926		MIXED
go_bp	GOBP_POTASSIUM_ION_TRANSPORT	MIXED	1.3024905095231618	1	-1.0422659692433769	0.6286103079468185	1.57331737436725	0.0284611560649301		MIXED
reactome	REACTOME_RNA_POLYMERASE_II_PRE_TRANSCRIPTION_EVENTS	MIXED	-0.5526376001135482	1	-0.9560424575241728	0.815052358857051	-1.7079287677024146	0.0245309445243638		MIXED
go_bp	GOBP_RNA_SPLICING	MIXED	0.6846795535539941	1	-0.8249063515826895	0.9972133757961784	-1.8018217479844645	5.165057467765484e-06		MIXED
hallmark	HALLMARK_OXIDATIVE_PHOSPHORYLATION	MIXED	0.921544993459164	1	-1.0019350346160951	0.5504084478979877	-1.6032700014803327	0.0056021270759206		MIXED
reactome	REACTOME_ACTIVATION_OF_THE_MRNA_UPON_BINDING_OF_THE_CAP_BINDING_COMPLEX_AND_EIFS_AND_SUBSEQUENT_BINDING_TO_43S	MIXED	0.9799260315659036	1	1.3919105480431042	0.2399290237488845	-2.04787558277128	0.0020798662521831		MIXED
go_bp	GOBP_RIBONUCLEOPROTEIN_COMPLEX_BIOGENESIS	MIXED	-0.4690823476881522	1	-1.3554106460166486	0.0203025434700723	-2.262878211584676	3.734612348539603e-15		MIXED
reactome	REACTOME_CALNEXIN_CALRETICULIN_CYCLE	MIXED	0.7823630211103364	1	2.2758156180467064	6.055519763760335e-06	0.9152081670497468	0.7353629873792181		MIXED
reactome	REACTOME_EUKARYOTIC_TRANSLATION_INITIATION	MIXED	1.1337585848711411	1	1.5768537042964683	0.0247061333053341	-2.395215450857013	8.055992070725377e-09		MIXED
reactome	REACTOME_HIV_LIFE_CYCLE	MIXED	0.5968741756068854	1	-0.8783097198418585	0.9331903624388496	-1.5413331500764988	0.0162618948599842		MIXED
go_bp	GOBP_MAMMARY_GLAND_DEVELOPMENT	MIXED	1.018618055203642	1	-1.7280412535093388	0.0061902450447544	0.8883425717011358	0.882049225159526		MIXED
go_bp	GOBP_CENTRAL_NERVOUS_SYSTEM_NEURON_DIFFERENTIATION	MIXED	1.3887974528054712	1	-0.9269876908128126	0.8314670933942733	1.5529040641074527	0.03998573672025		MIXED
go_bp	GOBP_RESPONSE_TO_TYPE_II_INTERFERON	MIXED	0.9325128489179864	1	-1.6464242256154178	0.0165088242127735	0.8191695972612595	0.9230061113393592		MIXED
go_bp	GOBP_CYTOCHROME_COMPLEX_ASSEMBLY	MIXED	0.6155731414783215	0	-1.098834784691855	0.5939295183384887	-2.0422137859786624	0.0179601535483772		MIXED
reactome	REACTOME_SCF_SKP2_MEDIATED_DEGRADATION_OF_P27_P21	MIXED	-1.054579078639643	0	0.9232590649266982	0.8409968786013354	-1.6625232910447003	0.0353205075984599		MIXED
reactome	REACTOME_NUCLEAR_ENVELOPE_BREAKDOWN	MIXED	-0.9642089679169696	0	-1.0714166285498723	0.6024081746716402	-1.6714283235290237	0.0485760933149317		MIXED
go_bp	GOBP_REGULATION_OF_CHROMATIN_ORGANIZATION	MIXED	0.8396433647153725	0	-0.6446310852117858	0.9883821265427974	-1.9968389185270576	0.0256246967785562		MIXED
reactome	REACTOME_TRANSCRIPTIONAL_REGULATION_BY_TP53	MIXED	0.7635738112670211	0	0.891887335858664	0.950693948520508	-1.3646098300852705	0.0359619569772027		MIXED
reactome	REACTOME_SUMOYLATION_OF_DNA_METHYLATION_PROTEINS	MIXED	1.0670799927102224	0	0.5594261275806566	0.9971446931302892	-1.9442000960713737	0.0393155685928424		MIXED
go_bp	GOBP_SENSORY_PERCEPTION_OF_CHEMICAL_STIMULUS	MIXED	-0.9809314434991088	0	-1.7535378199205174	0.0102170415885118	1.315582627071541	0.1240538968260407		MIXED
reactome	REACTOME_BIOSYNTHESIS_OF_THE_N_GLYCAN_PRECURSOR_DOLICHOL_LIPID_LINKED_OLIGOSACCHARIDE_LLO_AND_TRANSFER_TO_A_NASCENT_PROTEIN	MIXED	-0.7748573070164353	0	1.9178184337883797	0.0012084754584662	0.8969860046543712	0.781797508518133		MIXED
go_bp	GOBP_PROSTATE_GLAND_DEVELOPMENT	MIXED	1.1740324941098947	0	-1.78488024055461	0.0203025434700723	0.8481580156592955	0.8798672957124076		MIXED
go_bp	GOBP_REGULATION_OF_CELLULAR_RESPONSE_TO_STRESS	MIXED	0.8534726368991795	0	1.4213648473198757	0.0119430547963245	-1.2832172848757064	0.093952476228476		MIXED
go_bp	GOBP_RESPONSE_TO_ZINC_ION	MIXED	-1.4405669067858815	0	2.2057738519404024	0.0001797938180006	-0.9316036090643078	0.8303597614625086		MIXED
go_bp	GOBP_ENDOSOMAL_TRANSPORT	MIXED	1.0639026028204266	0	1.5372949078558205	0.0077086414310709	-0.9942241466414768	0.762091550077527		MIXED
go_bp	GOBP_MITOCHONDRION_ORGANIZATION	MIXED	0.8951286260803462	0	1.466711016187437	0.0025955680573102	-1.2817067369779491	0.1196738135721488		MIXED
go_bp	GOBP_RIBOSOME_ASSEMBLY	MIXED	0.708727133589017	0	-0.8184532640115477	0.920524982200444	-1.9536833060066408	0.016013933341328		MIXED
go_bp	GOBP_RESPONSE_TO_TOPOLOGICALLY_INCORRECT_PROTEIN	MIXED	-0.7613672329179741	0	2.021048316207779	8.647728602248838e-06	1.1430046927879878	0.5714688940092165		MIXED
reactome	REACTOME_REGULATION_OF_RUNX2_EXPRESSION_AND_ACTIVITY	MIXED	0.7957880839790126	0	-0.9623384768020956	0.8101781433664716	-1.596469805315186	0.0464371741578643		MIXED
reactome	REACTOME_FORMATION_OF_THE_EARLY_ELONGATION_COMPLEX	MIXED	0.5117704701711041	0	-1.2281880637688594	0.4485923313083806	-1.914071336955509	0.0172120366551425		MIXED
go_bp	GOBP_COPII_COATED_VESICLE_BUDDING	MIXED	0.7732754322285751	0	2.162498255576842	0.0001918192988422	1.3493065895315155	0.4794329804605964		MIXED
go_bp	GOBP_PROSTATE_GLAND_MORPHOGENESIS	MIXED	1.367754437733898	0	-1.9244584174279984	0.0085799885867696	-1.2935907507846092	0.5066648280933995		MIXED
reactome	REACTOME_FCGR3A_MEDIATED_IL10_SYNTHESIS	MIXED	0.9274048378229004	0	-1.8213186052409904	0.0214769816804916	-1.381009756271395	0.2959470932570714		MIXED
go_bp	GOBP_AUTOPHAGY_OF_PEROXISOME	MIXED	1.1478391126982792	0	2.135918104264982	0.0001931449319679	0.9957956657814248	0.7774116125502095		MIXED
reactome	REACTOME_DEGRADATION_OF_AXIN	MIXED	-0.6918685156577095	0	0.6076139510922237	1.0	-1.6533107990125098	0.0393155685928424		MIXED
go_bp	GOBP_PROTON_MOTIVE_FORCE_DRIVEN_ATP_SYNTHESIS	MIXED	-0.501924634213051	0	-1.2718706299692248	0.3654265114767516	-2.170216705845637	0.0022408420602551		MIXED
reactome	REACTOME_CITRIC_ACID_CYCLE_TCA_CYCLE	MIXED	0.4929121155041014	0	0.6639922944569037	0.9865200038779732	-1.7966570440465777	0.0410876044368707		MIXED
go_bp	GOBP_VESICLE_TARGETING_TO_FROM_OR_WITHIN_GOLGI	MIXED	-0.6404855901410605	0	1.8846240982172	0.0159498072940805	0.7048793219834992	0.9534595146469804		MIXED
go_bp	GOBP_DNA_TEMPLATED_TRANSCRIPTION_INITIATION	MIXED	-0.6890918501021971	0	-0.8045982303754108	0.9768158695439172	-1.8265545628548303	0.0008959190120399		MIXED
reactome	REACTOME_RHOBTB_GTPASE_CYCLE	MIXED	1.126773189095395	0	-1.9633158118176297	0.0043749135961863	-1.1159154499215531	0.4981086134179746		MIXED
go_bp	GOBP_MISMATCH_REPAIR	MIXED	-0.7480210004271935	0	-1.815051754482588	0.039877794066349	-1.5210189613675709	0.315650719910931		MIXED
go_bp	GOBP_VESICLE_ORGANIZATION	MIXED	1.136198420585773	0	1.83461786149037	2.1868046964284217e-06	1.0751362022693725	0.6468109292041533		MIXED
reactome	REACTOME_RHOBTB2_GTPASE_CYCLE	MIXED	1.3395175157208643	0	-1.8894291270633297	0.0125806968695009	-1.6674963438731818	0.0906666164277533		MIXED
hallmark	HALLMARK_UNFOLDED_PROTEIN_RESPONSE	MIXED	0.8592693702847959	0	2.471025563856073	1.4328715194697558e-11	-1.359762491515009	0.08406294594711		MIXED
reactome	REACTOME_RNA_POLYMERASE_I_TRANSCRIPTION	MIXED	-0.6064126527182251	0	-1.6928032923240697	0.048731097785588	-1.9342466507532916	0.0092678608515857		MIXED
go_bp	GOBP_VESICLE_CARGO_LOADING	MIXED	0.6843711929727401	0	2.231082664365436	0.0001056086385304	1.6400338011550386	0.1527509255997925		MIXED
go_bp	GOBP_REGULATION_OF_DNA_TEMPLATED_TRANSCRIPTION_INITIATION	MIXED	-0.5904722151014375	0	0.8482489437414501	0.9097389857136196	-1.861174819801852	0.0105011141776648		MIXED
go_bp	GOBP_FORMATION_OF_CYTOPLASMIC_TRANSLATION_INITIATION_COMPLEX	MIXED	0.8343816295588451	0	0.5645732193832658	0.9883821265427974	-2.0350948538092664	0.0281533319135674		MIXED
reactome	REACTOME_COPII_MEDIATED_VESICLE_TRANSPORT	MIXED	0.6726156927091143	0	2.2118679634212097	7.126306681303017e-06	1.0592719730612097	0.5963176889468677		MIXED
reactome	REACTOME_RHO_GTPASES_ACTIVATE_PKNS	MIXED	-0.915784558398599	0	-1.7446159033206687	0.0391601037712115	-1.0273328666912829	0.6074660633484164		MIXED
reactome	REACTOME_SYNTHESIS_OF_SUBSTRATES_IN_N_GLYCAN_BIOSYTHESIS	MIXED	-0.8451947676194461	0	2.0404756102587043	0.0006742541936356	0.957027447565925	0.7095740637881136		MIXED
go_bp	GOBP_ATP_BIOSYNTHETIC_PROCESS	MIXED	0.7339689358377623	0	-0.8498211254486018	0.9124033313503866	-2.00372068831815	0.0055100071299496		MIXED
go_bp	GOBP_NEGATIVE_CHEMOTAXIS	MIXED	1.3046030237648816	0	-1.9211872374459045	0.006141241933155	1.0332236217111277	0.7376371901073597		MIXED
reactome	REACTOME_TRANSPORT_OF_INORGANIC_CATIONS_ANIONS_AND_AMINO_ACIDS_OLIGOPEPTIDES	MIXED	1.0717041880376668	0	1.6979892372075942	0.0109048012715036	0.908743525460977	0.793474311459923		MIXED
go_bp	GOBP_CARDIAC_VENTRICLE_MORPHOGENESIS	MIXED	1.2003495856129738	0	-1.648540366468797	0.0458185566158907	0.7907996973688215	0.9317667961887688		MIXED
reactome	REACTOME_TRANSCRIPTIONAL_REGULATION_BY_RUNX3	MIXED	1.0835581969923032	0	-0.9517136480754284	0.8167154457892021	-1.8278464486093324	0.0023072217932586		MIXED
go_bp	GOBP_REGULATION_OF_DNA_DAMAGE_CHECKPOINT	MIXED	-1.0486425405048383	0	-1.5301194249562873	0.1742973262352764	-2.099131231474381	0.0168154463303594		MIXED
reactome	REACTOME_INTRA_GOLGI_TRAFFIC	MIXED	-0.6361759999331805	0	1.701555416155728	0.032598779993555	1.519708586440203	0.1323232248826807		MIXED
go_bp	GOBP_ENDOPLASMIC_RETICULUM_ORGANIZATION	MIXED	-0.7143175755756695	0	1.6430024867011102	0.0363853526255166	-0.74031852540136	0.9755947348892008		MIXED
go_bp	GOBP_CELLULAR_RESPONSE_TO_TYPE_II_INTERFERON	MIXED	0.9759828571697764	0	-1.7528727586540929	0.0119430547963245	0.8859430639297277	0.871182484631316		MIXED
reactome	REACTOME_SARS_COV_1_INFECTION	MIXED	-0.8536560780312771	0	0.9356807737349444	0.8437037037037037	-1.7670525361386802	0.0017705820990669		MIXED
go_bp	GOBP_ORGANIC_ACID_BIOSYNTHETIC_PROCESS	MIXED	-1.147786942678916	0	1.417872924609177	0.0454761347927974	1.150053626476686	0.5216764941870354		MIXED
go_bp	GOBP_NEGATIVE_REGULATION_OF_DOUBLE_STRAND_BREAK_REPAIR_VIA_HOMOLOGOUS_RECOMBINATION	MIXED	-1.1102478382605012	0	-1.0286104513149057	0.680176913553354	1.858471147666766	0.045684731612677		MIXED
go_bp	GOBP_NADH_DEHYDROGENASE_COMPLEX_ASSEMBLY	MIXED	-0.4094899270146197	0	-0.9924391838204056	0.7383681480238438	-1.854114272694262	0.0335487193998788		MIXED
go_bp	GOBP_SMALL_MOLECULE_BIOSYNTHETIC_PROCESS	MIXED	-0.996233371781174	0	1.6731517992549172	1.3318057104663534e-05				MIXED
reactome	REACTOME_ER_TO_GOLGI_ANTEROGRADE_TRANSPORT	MIXED	0.9362261416341736	0	2.15883145380834	6.480654681512733e-08	-0.843011139610265	0.9092982810920122		MIXED
go_bp	GOBP_NEGATIVE_REGULATION_OF_APOPTOTIC_SIGNALING_PATHWAY	MIXED	-0.9243707741582696	0	1.1248918460294963	0.4571683950808237	-1.507968667085907	0.03998573672025		MIXED
go_bp	GOBP_CELLULAR_RESPONSE_TO_TOPOLOGICALLY_INCORRECT_PROTEIN	MIXED	-0.9242102413828585	0	2.0858658304773727	3.704561877675133e-05	1.0545173081896793	0.7149379338385116		MIXED
go_bp	GOBP_MITOCHONDRIAL_RESPIRATORY_CHAIN_COMPLEX_ASSEMBLY	MIXED	-0.5504225597623725	0	-1.0267282569528062	0.682969377816484	-2.158193107270651	0.0001123198497556		MIXED
reactome	REACTOME_MITOTIC_PROPHASE	MIXED	-1.0729346968424116	0	1.0141690620369337	0.7097457627118644	-1.6268013805773325	0.0244181267213579		MIXED
go_bp	GOBP_INTRINSIC_APOPTOTIC_SIGNALING_PATHWAY	MIXED	-0.9636724531746708	0	1.5328425240471124	0.0051840168645651	-1.0430779544790263	0.6889640519967029		MIXED
go_bp	GOBP_DNA_TEMPLATED_TRANSCRIPTION_ELONGATION	MIXED	0.7810337778327324	0	0.7393674735452729	0.9953911870503596	-2.088616395554248	5.081106764823953e-05		MIXED
go_bp	GOBP_MITOCHONDRIAL_ELECTRON_TRANSPORT_NADH_TO_UBIQUINONE	MIXED	0.4984715557495082	0	-0.8269017103080322	0.906998329970202	-1.9212634150537944	0.0315685123600596		MIXED
reactome	REACTOME_PHASE_I_FUNCTIONALIZATION_OF_COMPOUNDS	MIXED	-0.8311113285113404	0	-1.6439137691843362	0.0391601037712115	-0.7067022055321209	0.990311777625521		MIXED
go_bp	GOBP_BRAIN_MORPHOGENESIS	MIXED	1.0469667722857317	0	-1.3633841048538835	0.3500862424055195	1.869104661425714	0.0473700405435263		MIXED
reactome	REACTOME_HIV_TRANSCRIPTION_ELONGATION	MIXED	-0.5106601317170202	0	-1.1774329600441085	0.4602824642126789	-1.8363321220267368	0.0348052531352013		MIXED
reactome	REACTOME_INSERTION_OF_TAIL_ANCHORED_PROTEINS_INTO_THE_ENDOPLASMIC_RETICULUM_MEMBRANE	MIXED	0.9914929663012216	0	1.885657253676413	0.0237129522243029	1.5082905466355334	0.226483633098419		MIXED
reactome	REACTOME_RNA_POLYMERASE_II_TRANSCRIPTION_TERMINATION	MIXED	0.4328624524132949	0	-1.0392247203700862	0.6569547555680068	-1.6918993784254956	0.042441651629078		MIXED
go_bp	GOBP_NEGATIVE_REGULATION_OF_ENDOPLASMIC_RETICULUM_STRESS_INDUCED_INTRINSIC_APOPTOTIC_SIGNALING_PATHWAY	MIXED	-1.0744092039580793	0	1.8003088886077574	0.0302554371071423	-0.8115045820884698	0.8859474108131692		MIXED
reactome	REACTOME_PLASMA_LIPOPROTEIN_CLEARANCE	MIXED	0.8029325784423688	0	1.6907266438539292	0.0400898740991686	0.8454699320210551	0.8204675586673391		MIXED
reactome	REACTOME_KEAP1_NFE2L2_PATHWAY	MIXED	-0.673880228991028	0	1.5272792829510764	0.0357986788466776	-1.3945656950433472	0.0893780215924504		MIXED
reactome	REACTOME_RRNA_MODIFICATION_IN_THE_NUCLEUS_AND_CYTOSOL	MIXED	-0.8368343108072993	0	-1.661611254568593	0.0360139841504041	-2.2255986301824726	8.068050581625399e-05		MIXED
reactome	REACTOME_GOLGI_TO_ER_RETROGRADE_TRANSPORT	MIXED	-0.7888090225536322	0	1.4944190627770388	0.0387825482974682	-1.239143297965414	0.2700980803084919		MIXED
hallmark	HALLMARK_DNA_REPAIR	MIXED	-1.0287174527877332	0	0.9960839791863731	0.5311547256097561	-1.6481385061846598	0.0036183105737944		MIXED
go_bp	GOBP_ENDOSOME_ORGANIZATION	MIXED	0.6841187897150413	0	1.6535288974266502	0.0203025434700723	-1.090088774891769	0.6618823660576757		MIXED
reactome	REACTOME_SARS_COV_1_HOST_INTERACTIONS	MIXED	-1.023684904361297	0	0.6431505638998424	1.0	-1.7480821948722989	0.0060236885580344		MIXED
reactome	REACTOME_CELLULAR_RESPONSE_TO_CHEMICAL_STRESS	MIXED	-0.66076395618275	0	1.5723838373963483	0.0091868556630584	-1.3280856409729125	0.0787934122891197		MIXED
reactome	REACTOME_INTRACELLULAR_SIGNALING_BY_SECOND_MESSENGERS	MIXED	-0.86384363853694	0	0.8396107454306811	0.9865200038779732	-1.353699889794754	0.0353205075984599		MIXED
go_bp	GOBP_PROTEIN_DNA_COMPLEX_ASSEMBLY	MIXED	-1.0388082855932554	0	-0.9924098577266082	0.7289911435234487	-1.574359626395106	0.0447198286171107		MIXED
reactome	REACTOME_COMPLEX_I_BIOGENESIS	MIXED	-0.4550760666313298	0	-0.9365115892503848	0.8355140987915322	-1.8338927703272236	0.0119593357807049		MIXED
reactome	REACTOME_RAB_REGULATION_OF_TRAFFICKING	MIXED	1.0141195075748224	0	1.6208737121618295	0.0145701976129423	1.623169541871472	0.031488716426952		MIXED
go_bp	GOBP_OXIDATIVE_PHOSPHORYLATION	MIXED	0.6999279764647194	0	0.8257395873561472	0.948561868562735	-1.850775444966914	0.003631944069937		MIXED
hallmark	HALLMARK_FATTY_ACID_METABOLISM	MIXED	-0.9351470880763078	0	1.5814698956652258	0.0056868353962313	-1.2736212384073506	0.1487179487179487		MIXED
go_bp	GOBP_MATURATION_OF_SSU_RRNA_FROM_TRICISTRONIC_RRNA_TRANSCRIPT_SSU_RRNA_5_8S_RRNA_LSU_RRNA	MIXED	-0.7132337375219933	0	-1.7733281192400674	0.0302554371071423	-1.903570782443421	0.0589991080230009		MIXED
go_bp	GOBP_INTERMEDIATE_FILAMENT_ORGANIZATION	MIXED	-1.1037006515866132	0	-1.7319823664877927	0.0405608279355985	-1.1184695074103987	0.671601158692069		MIXED
go_bp	GOBP_MRNA_TRANSPORT	MIXED	0.6748089245056872	0	-0.8032871996653876	0.9646425381281636	-1.6214823103824665	0.0486164041341963		MIXED
go_bp	GOBP_REGULATION_OF_RNA_SPLICING	MIXED	-0.6451609786709073	0	-0.9560622592314976	0.7893716993195015	-1.6680760767297658	0.0106984496965458		MIXED
go_bp	GOBP_L_ALPHA_AMINO_ACID_TRANSMEMBRANE_TRANSPORT	MIXED	0.9755581586675536	0	1.8756138069835748	0.0098987146633471	0.7753283919913019	0.9342328778797262		MIXED
reactome	REACTOME_TRANSCRIPTIONAL_REGULATION_BY_RUNX2	MIXED	1.3772319723989912	0	-1.0554512261951583	0.6373563730293044	-1.6050313599228097	0.0241496008822475		MIXED
go_bp	GOBP_AMINO_ACID_TRANSMEMBRANE_TRANSPORT	MIXED	0.9099585936864284	0	1.787471252279056	0.0109555734526408	0.9957184776842573	0.7748770307974182		MIXED
hallmark	HALLMARK_KRAS_SIGNALING_DN	MIXED	-1.20172094736421	0	-1.4349998239427015	0.0243080744737726	1.4394174494167258	0.0343251733024253		MIXED
reactome	REACTOME_RHOB_GTPASE_CYCLE	MIXED	0.9176407060749606	0	-1.705228651628114	0.0206064192756491	1.1736021290756788	0.4608443134535367		MIXED
reactome	REACTOME_COMPLEX_III_ASSEMBLY	MIXED	0.4556435738988612	0	-0.9634171470179336	0.7781649245063879	-1.8704478731618932	0.0372769897462497		MIXED
go_bp	GOBP_RETROGRADE_VESICLE_MEDIATED_TRANSPORT_GOLGI_TO_ENDOPLASMIC_RETICULUM	MIXED	0.5653394744078646	0	1.7409401142113885	0.0433730123745517	0.7841383644051885	0.9145439050405754		MIXED
go_bp	GOBP_CYTOPLASMIC_TRANSLATIONAL_INITIATION	MIXED	0.6513929476221482	0	-0.8875237515977455	0.8404599659284497	-2.035557674442083	0.0149474770240737		MIXED
go_bp	GOBP_NUCLEOSIDE_TRIPHOSPHATE_METABOLIC_PROCESS	MIXED	0.8082989709976628	0	0.9866696836242403	0.7499642857142857	-1.5212640759275742	0.0388180167682422		MIXED
reactome	REACTOME_RESPIRATORY_ELECTRON_TRANSPORT	MIXED	0.9404497000948574	0	-0.8840154005246059	0.9262555222667952	-2.124826909482773	1.7586205181565017e-06		MIXED
go_bp	GOBP_CYTOSOLIC_TRANSPORT	MIXED	0.9440740869790034	0	1.5966189891484768	0.0262466161550449	1.11530952887142	0.6347770700636943		MIXED
go_bp	GOBP_REGULATION_OF_DNA_TEMPLATED_TRANSCRIPTION_ELONGATION	MIXED	0.9405811431161856	0	-0.7581190430519386	0.9768158695439172	-2.077053499224956	0.00029939109814		MIXED
reactome	REACTOME_TBC_RABGAPS	MIXED	0.8641409250287475	0	2.0258322193042377	0.0008724378009806	1.4490152779092382	0.2230783662092624		MIXED
go_bp	GOBP_PROTEIN_FOLDING	MIXED	0.5825575982474469	0	1.741384884434272	0.0008575264791529	-1.1735697312379634	0.4490010788496151		MIXED
reactome	REACTOME_EPHB_MEDIATED_FORWARD_SIGNALING	MIXED	1.7181492700605656	0	-1.668053881001684	0.0475436031832734	0.7779219206168851	0.8937101947840639		MIXED
go_bp	GOBP_NUCLEOSIDE_PHOSPHATE_BIOSYNTHETIC_PROCESS	MIXED	-0.9021933615833594	0	-0.9813221857027712	0.7542166309095089	-1.4766342545269069	0.0465804153699511		MIXED
go_bp	GOBP_REGULATION_OF_MRNA_METABOLIC_PROCESS	MIXED	0.8723400052123204	0	-1.163354655060285	0.3966368361624098	-1.592607654726327	0.0055100071299496		MIXED
reactome	REACTOME_ONCOGENIC_MAPK_SIGNALING	MIXED	0.8770260240971952	0	-1.0137447095461714	0.7114915391530262	1.7466116690654063	0.0126979343082108		MIXED
go_bp	GOBP_RNA_EXPORT_FROM_NUCLEUS	MIXED	-0.4571676507348269	0	-0.70641250481787	0.9883821265427974	-1.7956627395440028	0.0162297179073066		MIXED
go_bp	GOBP_MATURATION_OF_SSU_RRNA	MIXED	-0.371778678964451	0	-1.7321964628573614	0.0269778394373071	-1.969526316876219	0.0154708861542364		MIXED
reactome	REACTOME_DEGRADATION_OF_BETA_CATENIN_BY_THE_DESTRUCTION_COMPLEX	MIXED	0.8578420505435939	0	-0.7932622628297523	0.9664516041030118	-1.6115972839304709	0.0353205075984599		MIXED
reactome	REACTOME_STRIATED_MUSCLE_CONTRACTION	MIXED	0.054942420494991	0	-1.778575773787992	0.0334565711145613	0.8216172242022657	0.8599506523680143		MIXED
reactome	REACTOME_CROSS_PRESENTATION_OF_SOLUBLE_EXOGENOUS_ANTIGENS_ENDOSOMES	MIXED	-1.0717824520571575	0	-0.8991878028186979	0.8481838543188236	-1.723254148292157	0.0366671212076206		MIXED
go_bp	GOBP_RETICULOPHAGY	MIXED	0.9658005204004813	0	1.938883122393563	0.0073925576151957	-1.491478548088812	0.4296860657242518		MIXED
reactome	REACTOME_HATS_ACETYLATE_HISTONES	MIXED	0.5226939758340013	0	0.7956572685762772	0.9622419168732969	-2.120589949878579	0.0001475068066176		MIXED
go_bp	GOBP_CELLULAR_COMPONENT_ASSEMBLY_INVOLVED_IN_MORPHOGENESIS	MIXED	1.2751465996117848	0	-1.610381586478855	0.0215569823135001	0.8367835294049011	0.9161207273462036		MIXED
go_bp	GOBP_RIBOSOMAL_LARGE_SUBUNIT_BIOGENESIS	MIXED	0.6229694718478633	0	-1.4023156872802147	0.2759405975150076	-1.9958657489542164	0.0055100071299496		MIXED
reactome	REACTOME_COPI_MEDIATED_ANTEROGRADE_TRANSPORT	MIXED	0.731387210998211	0	1.9566210211108737	0.0001895333171754	-1.1992241457169646	0.3602977479017128		MIXED
reactome	REACTOME_SIGNALING_BY_NOTCH4	MIXED	0.940112957671787	0	-0.6846362603723319	1.0	-1.5845699476986206	0.0423431203677961		MIXED
go_bp	GOBP_REGULATION_OF_INTRINSIC_APOPTOTIC_SIGNALING_PATHWAY	MIXED	-1.0059139442500398	0	1.4945977884467807	0.0421278051054322	-1.5103684397218806	0.0778593714450997		MIXED
go_bp	GOBP_NEGATIVE_REGULATION_OF_INTRACELLULAR_PROTEIN_TRANSPORT	MIXED	0.5496376200433088	0	1.7636950676624603	0.0385524242480323	1.7786800629473585	0.0599507530892844		MIXED
go_bp	GOBP_VESICLE_BUDDING_FROM_MEMBRANE	MIXED	1.2557773864726425	0	1.98708110473414	0.0004523798265495	1.2900239169199097	0.4675622300578079		MIXED
go_bp	GOBP_AMINO_ACID_TRANSPORT	MIXED	1.045950280062855	0	1.6556051211515646	0.0138338102102704	1.218323014298996	0.4682636357900969		MIXED
reactome	REACTOME_REGULATION_OF_CHOLESTEROL_BIOSYNTHESIS_BY_SREBP_SREBF	MIXED	0.899234732358313	0	2.578946398305781	6.85867050883458e-11	1.2413073147059803	0.3978233474624814		MIXED
reactome	REACTOME_ATF4_ACTIVATES_GENES_IN_RESPONSE_TO_ENDOPLASMIC_RETICULUM_STRESS	MIXED	1.0846449913271523	0	1.7832113597606118	0.032598779993555	-1.1785720938675688	0.4608443134535367		MIXED
reactome	REACTOME_REGULATION_OF_RUNX3_EXPRESSION_AND_ACTIVITY	MIXED	-0.723343414516398	0	0.6259924338862094	1.0	-1.886731136877004	0.0060236885580344		MIXED
go_bp	GOBP_ATP_SYNTHESIS_COUPLED_ELECTRON_TRANSPORT	MIXED	0.9080322876595848	0	0.5151885972367755	1.0	-2.015005892280418	0.0022408420602551		MIXED
reactome	REACTOME_RHO_GTPASES_ACTIVATE_ROCKS	MIXED	0.9076781109856128	0	-1.745860056723367	0.0391601037712115	0.800342284890487	0.8599506523680143		MIXED
go_bp	GOBP_INTRACELLULAR_STEROL_TRANSPORT	MIXED	0.94709390681468	0	1.8311526582297049	0.0215035988012966	0.7883026789302574	0.904234267372461		MIXED
reactome	REACTOME_RNA_POLYMERASE_I_PROMOTER_ESCAPE	MIXED	0.4137070625662065	0	-1.6067632942497505	0.0911026478445108	-1.8325271810309889	0.0359619569772027		MIXED
go_bp	GOBP_FACULTATIVE_HETEROCHROMATIN_FORMATION	MIXED	-0.631873033221189	0	-0.9544066283267796	0.7635104960973996	-1.8623305485995287	0.0463521983541636		MIXED
go_bp	GOBP_NEGATIVE_REGULATION_OF_FIBROBLAST_GROWTH_FACTOR_RECEPTOR_SIGNALING_PATHWAY	MIXED	1.2724437257626176	0	-1.727856066356439	0.0451652224798437	-1.317923744610837	0.5139259175222645		MIXED
go_bp	GOBP_NEGATIVE_REGULATION_OF_RESPONSE_TO_ENDOPLASMIC_RETICULUM_STRESS	MIXED	-0.7360960104899265	0	2.0123288110724915	0.0031277059726474	-0.9791847877432072	0.784488693931914		MIXED
reactome	REACTOME_RESOLUTION_OF_AP_SITES_VIA_THE_MULTIPLE_NUCLEOTIDE_PATCH_REPLACEMENT_PATHWAY	MIXED	-0.882787576072615	0	0.8839313585173718	0.8519538677976408	-1.8599506850715248	0.0348052531352013		MIXED
go_bp	GOBP_PYRIDINE_CONTAINING_COMPOUND_METABOLIC_PROCESS	MIXED	-1.043929105048415	0	1.5480108689073062	0.030245701673488	-1.0050191815151988	0.7469732720011202		MIXED
reactome	REACTOME_RAB_GERANYLGERANYLATION	MIXED	1.2262099597889975	0	1.5632876682645185	0.048731097785588	0.6691735277717533	0.9789130540553692		MIXED
go_bp	GOBP_SMOOTH_MUSCLE_CONTRACTION	MIXED	1.042474423602051	0	-1.702504707577316	0.0218564427745573	0.705295281273919	0.9818341577714136		MIXED
reactome	REACTOME_AEROBIC_RESPIRATION_AND_RESPIRATORY_ELECTRON_TRANSPORT	MIXED	0.9700540955461918	0	0.9473522411339887	0.8426541427138763	-1.8673227682082576	2.2905967272589484e-05		MIXED
go_bp	GOBP_AMINO_ACID_IMPORT_ACROSS_PLASMA_MEMBRANE	MIXED	-0.923882940884198	0	1.8571413659302636	0.0136807567821488	1.3488327041542194	0.4538876024225152		MIXED
go_bp	GOBP_POSITIVE_REGULATION_OF_MACROAUTOPHAGY	MIXED	0.9103903437794588	0	2.086883347129993	6.978209185284935e-05	0.9868056412003872	0.7748770307974182		MIXED
reactome	REACTOME_SARS_COV_INFECTIONS	MIXED	0.9738859203674184	0	0.8754648516120184	0.9710695628611578	-1.479060081690599	0.0026999167886008		MIXED
hallmark	HALLMARK_PROTEIN_SECRETION	MIXED	0.8385371995115544	0	1.896714590028284	0.0001150500989363	0.8321019243326488	0.8650160571842951		MIXED
reactome	REACTOME_SIGNALING_BY_ERBB2_ECD_MUTANTS	MIXED	0.181224690896513	0	-0.9725375444363746	0.7781649245063879	-1.9260249072514417	0.0424031863673136		MIXED
go_bp	GOBP_CELLULAR_RESPONSE_TO_XENOBIOTIC_STIMULUS	MIXED	1.0579764693155012	0	-1.6427643219954693	0.0087463707988886	-1.1860421887406014	0.4608795536593369		MIXED
reactome	REACTOME_RNA_POLYMERASE_I_TRANSCRIPTION_TERMINATION	MIXED	0.437847692692228	0	-1.6111203545923285	0.0906787578177476	-1.918897319557352	0.0291207264063447		MIXED
go_bp	GOBP_HINDLIMB_MORPHOGENESIS	MIXED	-0.940739911728197	0	-1.8650901944165512	0.013361800238582	-0.8552856879538532	0.882049225159526		MIXED
go_bp	GOBP_AEROBIC_RESPIRATION	MIXED	0.6548467519540403	0	0.9430526462286885	0.8133759504994781	-1.807610146910247	0.0060728664118049		MIXED
go_bp	GOBP_MAMMARY_GLAND_MORPHOGENESIS	MIXED	1.223014037849813	0	-1.793238962428105	0.0233818304036717	1.0447945032547472	0.7218792929755472		MIXED
go_bp	GOBP_AUTOPHAGOSOME_MATURATION	MIXED	0.8730809234462215	0	1.9040857348942928	0.0031090884270021	-0.9600564342081368	0.7975719217491368		MIXED
reactome	REACTOME_FORMATION_OF_RNA_POL_II_ELONGATION_COMPLEX	MIXED	0.5530358912028915	0	-1.1129122276125176	0.5491065847413286	-2.041384667048848	0.0020714880533317		MIXED
go_bp	GOBP_CARBOHYDRATE_CATABOLIC_PROCESS	MIXED	0.9348093671124011	0	1.6104384287949574	0.0110000138296767	-1.0099536867725665	0.748807195611711		MIXED
go_bp	GOBP_ACETYL_COA_METABOLIC_PROCESS	MIXED	0.9898835497733536	0	1.960642774428346	0.0080544474229774	0.7136904861276839	0.9506481008495332		MIXED
reactome	REACTOME_AMINO_ACID_TRANSPORT_ACROSS_THE_PLASMA_MEMBRANE	MIXED	-1.1837968257964873	0	2.0916378842075	0.0005250992039397	1.0083668413185594	0.6453461648951451		MIXED
reactome	REACTOME_AUTOPHAGY	MIXED	1.1115041347769603	0	1.6707347096757046	0.0035462026723579	1.2019154563871834	0.3608432710757049		MIXED
go_bp	GOBP_NUCLEOSIDE_TRIPHOSPHATE_BIOSYNTHETIC_PROCESS	MIXED	-0.5499346318474444	0	-1.1310410792116252	0.5157251019219569	-1.9431477267689827	0.0055100071299496		MIXED
reactome	REACTOME_CARGO_CONCENTRATION_IN_THE_ER	MIXED	0.9607236727585516	0	2.0629971007855863	0.0009510722275313	0.8279862194465717	0.8249030685720616		MIXED
reactome	REACTOME_PTEN_REGULATION	MIXED	0.7172339846562541	0	1.049041034292301	0.6511778590271672	-1.477113261349085	0.04269439984711		MIXED
reactome	REACTOME_RESPONSE_OF_EIF2AK1_HRI_TO_HEME_DEFICIENCY	MIXED	0.6927241952569846	0	2.1859922015493405	0.0001032042782087	0.6138183380815281	0.96489776417557		MIXED
go_bp	GOBP_CELLULAR_RESPIRATION	MIXED	0.9549936339699372	0	0.9302247145641704	0.8394927183283816	-1.7574319376976446	0.0017947834620763		MIXED
reactome	REACTOME_COPI_DEPENDENT_GOLGI_TO_ER_RETROGRADE_TRAFFIC	MIXED	-0.7304867355019244	0	1.758997338538644	0.0073861492532421	-1.061176138555983	0.5757535563882349		MIXED
reactome	REACTOME_RNA_POLYMERASE_II_TRANSCRIBES_SNRNA_GENES	MIXED	0.743569812461846	0	-1.1461941836096268	0.4744635193133047	-1.5980833149358094	0.0464371741578643		MIXED
go_bp	GOBP_POSITIVE_REGULATION_OF_TRANSCRIPTION_ELONGATION_BY_RNA_POLYMERASE_II	MIXED	0.940514685462572	0	0.8649946049962693	0.8750599889020532	-2.2204481045500963	0.0008959190120399		MIXED
reactome	REACTOME_ACTIVATION_OF_GENE_EXPRESSION_BY_SREBF_SREBP	MIXED	0.7470077147720553	0	2.5440633087052937	5.137127559222995e-10	0.789866045684108	0.8834236669308276		MIXED
go_bp	GOBP_REGULATION_OF_MRNA_PROCESSING	MIXED	0.7211011103784838	0	-1.3248222744516882	0.2236163439502557	-1.5759091298216985	0.0429468607233249		MIXED
reactome	REACTOME_POSITIVE_EPIGENETIC_REGULATION_OF_RRNA_EXPRESSION	MIXED	0.6530311764336957	0	-1.333280461628247	0.2749765478424014	-1.9213023765593304	0.0144761259321185		MIXED
go_bp	GOBP_UROGENITAL_SYSTEM_DEVELOPMENT	MIXED	1.1321058439544671	0	-1.6321153158045394	0.0405608279355985	1.1768075929755906	0.6008843036109064		MIXED
go_bp	GOBP_REGULATION_OF_RESPONSE_TO_ENDOPLASMIC_RETICULUM_STRESS	MIXED	0.8858319330245912	0	2.190679588021752	1.0191043264359083e-05	-1.079341915203071	0.6947615964009406		MIXED
go_bp	GOBP_ATP_METABOLIC_PROCESS	MIXED	0.9193947926289904	0	1.0012294119313525	0.7244452022218832	-1.620225320301122	0.0212521343982768		MIXED
reactome	REACTOME_REGULATION_OF_MRNA_STABILITY_BY_PROTEINS_THAT_BIND_AU_RICH_ELEMENTS	MIXED	-0.7908063141673186	0	-0.8756844049591058	0.9225651736675176	-1.7371103236548933	0.0103981845662692		MIXED
reactome	REACTOME_RESOLUTION_OF_ABASIC_SITES_AP_SITES	MIXED	-0.8173466519303726	0	0.8875515697904001	0.8560585834700027	-1.7301958513775495	0.0469911028540917		MIXED
go_bp	GOBP_CELLULAR_RESPONSE_TO_GLUCOSE_STARVATION	MIXED	-0.8111255478868468	0	1.966602460234557	0.0066084401025514	0.8394273460735886	0.883830085071614		MIXED
reactome	REACTOME_AUF1_HNRNP_D0_BINDS_AND_DESTABILIZES_MRNA	MIXED	-1.1539833303769906	0	0.7169932271199253	0.983440726807012	-1.6881897724866604	0.0348052531352013		MIXED
reactome	REACTOME_PROGRAMMED_CELL_DEATH	MIXED	-0.6486396407117451	0	-0.9926758601501016	0.7423516587541774	-1.451373700512593	0.0163261061987334		MIXED
go_bp	GOBP_NEGATIVE_REGULATION_OF_AUTOPHAGY	MIXED	0.9425187431824256	0	1.8791457184015503	0.0031277059726474	1.0191217069824352	0.7460701846418485		MIXED
reactome	REACTOME_RNA_POLYMERASE_I_TRANSCRIPTION_INITIATION	MIXED	0.6499040378428701	0	-1.6396072359419689	0.0621728166013703	-1.840635243949136	0.0219678813118731		MIXED
go_bp	GOBP_MATURATION_OF_5_8S_RRNA	MIXED	-0.7494202482835641	0	-1.9664637035830448	0.0031090884270021	-1.7341254602751457	0.1063111443508837		MIXED
go_bp	GOBP_POSITIVE_REGULATION_OF_DNA_TEMPLATED_TRANSCRIPTION_ELONGATION	MIXED	0.9171450850156506	0	0.8281357954338562	0.920039733955256	-2.313913798473594	6.959198987169356e-05		MIXED
hallmark	HALLMARK_MYC_TARGETS_V2	MIXED	-0.873163896595655	0	-1.275668113782289	0.1643982260284447	-1.9038970234017023	0.0020292645338828		MIXED
go_bp	GOBP_CELL_CELL_JUNCTION_ASSEMBLY	MIXED	-1.110750769842134	0	-1.5358155258192343	0.0474497088311505	-0.998047661158478	0.7547241505297771		MIXED
go_bp	GOBP_ESTABLISHMENT_OF_RNA_LOCALIZATION	MIXED	0.6923281768258553	0	-0.9782587006297314	0.7564553934235679	-1.6997891892242365	0.0138866152405191		MIXED
reactome	REACTOME_PERK_REGULATES_GENE_EXPRESSION	MIXED	0.9144292773101472	0	1.9434493927145888	0.0058935105797243	-1.2381265012464864	0.3887782805429864		MIXED
reactome	REACTOME_SUMOYLATION_OF_RNA_BINDING_PROTEINS	MIXED	0.6853123345406849	0	-1.080758388511832	0.6399694342956754	-1.851658578869124	0.015751776183798		MIXED
go_bp	GOBP_NEGATIVE_REGULATION_OF_PHOSPHORYLATION	STRONG_CONSENSUS	1.666402001768482	3	0.8981151987875604	0.8977554051823733	1.5729984533509034	0.0207066971443263		MULTIMODAL_PATHWAY
go_bp	GOBP_REGULATION_OF_NERVOUS_SYSTEM_DEVELOPMENT	STRONG_CONSENSUS	1.5666674245418917	3	-1.2026823375461606	0.2235029538155182	1.4310725395559178	0.0429468607233249		MULTIMODAL_PATHWAY
go_bp	GOBP_NEGATIVE_REGULATION_OF_KINASE_ACTIVITY	STRONG_CONSENSUS	1.5670828833193169	3	-1.1442534243944718	0.4713486643112018	1.6657989450867134	0.0335487193998788		MULTIMODAL_PATHWAY
hallmark	HALLMARK_E2F_TARGETS	STRONG_CONSENSUS	-1.7992564691348998	3	-1.57537210276035	0.0030596050869608	-1.7050659424085963	0.0005670527232843		MULTIMODAL_PATHWAY
go_bp	GOBP_NEGATIVE_REGULATION_OF_PHOSPHORUS_METABOLIC_PROCESS	STRONG_CONSENSUS	1.5489605973821574	3	0.9751165968629804	0.7778739746706181	1.629628846387793	0.0039042111635047		MULTIMODAL_PATHWAY
go_bp	GOBP_WOUND_HEALING	STRONG_CONSENSUS	1.6699988290043686	3	-1.411819276940304	0.0159498072940805	1.4093462932257093	0.0480795251794929		MULTIMODAL_PATHWAY
go_bp	GOBP_NEGATIVE_REGULATION_OF_PROTEIN_MODIFICATION_PROCESS	STRONG_CONSENSUS	1.6267132657619996	3	1.148926326138877	0.3665161648598401	1.4943783477641908	0.021788535461012		MULTIMODAL_PATHWAY
hallmark	HALLMARK_APICAL_JUNCTION	STRONG_CONSENSUS	1.417467292680484	2	-1.6463986699399602	0.0012620588307228	1.554292558877852	0.0073873147712611		MULTIMODAL_PATHWAY
reactome	REACTOME_ESTROGEN_DEPENDENT_GENE_EXPRESSION	STRONG_CONSENSUS	-1.788833474201591	2	-1.8312075715775435	0.0035462026723579	-1.7553921013569596	0.0113544227810172		MULTIMODAL_PATHWAY
reactome	REACTOME_CELL_CYCLE_CHECKPOINTS	STRONG_CONSENSUS	-1.5208690994025194	2	-1.4674216356123708	0.0199909574069229	-1.5688723902579516	0.0039160536743485		MULTIMODAL_PATHWAY
hallmark	HALLMARK_UV_RESPONSE_DN	STRONG_CONSENSUS	1.6285191560279797	2	-1.1552410932156294	0.2360834990059642	1.606223216868596	0.0087600614096152	CITED2	MULTIMODAL_PATHWAY
go_bp	GOBP_FOREBRAIN_DEVELOPMENT	STRONG_CONSENSUS	1.4885046485166444	2	-1.3497257044503008	0.057586327832397	1.4405058451726278	0.0486164041341963		MULTIMODAL_PATHWAY
go_bp	GOBP_METAPHASE_CHROMOSOME_ALIGNMENT	STRONG_CONSENSUS	-1.4882594134701677	2	-0.9341642391253284	0.7893716993195015	-1.7420769079192011	0.020527514858277		MULTIMODAL_PATHWAY
reactome	REACTOME_CELL_CYCLE_MITOTIC	STRONG_CONSENSUS	-1.450008126938653	2	-0.9665018438092808	0.8426541427138763	-1.7724371700258523	2.558276689155892e-07		MULTIMODAL_PATHWAY
hallmark	HALLMARK_COAGULATION	STRONG_CONSENSUS	1.678600647451574	2	-1.2787050503965292	0.1426225257152736	1.486887068931039	0.0293577840670811		MULTIMODAL_PATHWAY
go_bp	GOBP_PHOSPHATIDYLINOSITOL_3_KINASE_PROTEIN_KINASE_B_SIGNAL_TRANSDUCTION	STRONG_CONSENSUS	1.5675568430458362	2	1.1245500602651826	0.4680743248263584	1.5880194320257208	0.0179277074927256		MULTIMODAL_PATHWAY
reactome	REACTOME_ESR_MEDIATED_SIGNALING	STRONG_CONSENSUS	-1.6214986853673143	2	-1.800414105712448	0.0008724378009806	-1.5585953851001653	0.0162399500822761		MULTIMODAL_PATHWAY
reactome	REACTOME_M_PHASE	STRONG_CONSENSUS	-1.482857543180451	2	-0.9573460901419444	0.8409968786013354	-1.6449479307628088	0.0001776339259795		MULTIMODAL_PATHWAY
hallmark	HALLMARK_G2M_CHECKPOINT	STRONG_CONSENSUS	-1.4728575376849924	2	-1.2557824920016445	0.1119405826761165	-1.4760763723285533	0.017625070173951		MULTIMODAL_PATHWAY
go_bp	GOBP_ACTION_POTENTIAL	DIRECTIONAL_CONSENSUS	1.5840939338201443	1	-1.1785159738279811	0.4235319183474696	1.569055496302592	0.041736134228265		MULTIMODAL_PATHWAY
reactome	REACTOME_SIGNALING_BY_MET	DIRECTIONAL_CONSENSUS	1.6997565098900134	1	-1.218208829647115	0.358315282468013	-1.5802000907089064	0.0353205075984599		MULTIMODAL_PATHWAY
reactome	REACTOME_MITOTIC_METAPHASE_AND_ANAPHASE	DIRECTIONAL_CONSENSUS	-1.2546873105660248	1	-1.2673117444419946	0.2248332455329265	-1.577148184848696	0.0068939213761421		MULTIMODAL_PATHWAY
go_bp	GOBP_LUNG_MORPHOGENESIS	DIRECTIONAL_CONSENSUS	1.4762598582291686	1	-1.0048262037873412	0.7099621822072794	-2.0617605260107976	0.0034576066153018		MULTIMODAL_PATHWAY
reactome	REACTOME_SEPARATION_OF_SISTER_CHROMATIDS	DIRECTIONAL_CONSENSUS	-1.3793780936037328	1	-1.3045309314943296	0.2066297178888606	-1.5262804198300686	0.0163261061987334		MULTIMODAL_PATHWAY
go_bp	GOBP_MORPHOGENESIS_OF_AN_EPITHELIAL_SHEET	DIRECTIONAL_CONSENSUS	1.5945355661350389	1	-1.3479857426718391	0.3426417736906083	1.9754821699516707	0.0070225963524358		MULTIMODAL_PATHWAY
go_bp	GOBP_REGULATION_OF_SMALL_GTPASE_MEDIATED_SIGNAL_TRANSDUCTION	DIRECTIONAL_CONSENSUS	1.257404881291626	1	-1.054126179335109	0.6038851351351351	1.5130556901993055	0.0335487193998788		MULTIMODAL_PATHWAY
reactome	REACTOME_SYNTHESIS_OF_DNA	DIRECTIONAL_CONSENSUS	-1.382563544915222	1	-1.210029703057684	0.3325482715664902	-1.7154752029800788	0.0052368044743983		MULTIMODAL_PATHWAY
go_bp	GOBP_REGULATION_OF_PROTEIN_CONTAINING_COMPLEX_DISASSEMBLY	DIRECTIONAL_CONSENSUS	1.460617184759856	0	1.0637421701397367	0.6357061702499562	1.694797820959592	0.0335487193998788		MULTIMODAL_PATHWAY
reactome	REACTOME_DNA_REPLICATION	DIRECTIONAL_CONSENSUS	-1.4050874434479976	0	-1.3169344047008515	0.2749765478424014	-1.7371797919211032	0.0026999167886008		MULTIMODAL_PATHWAY
reactome	REACTOME_S_PHASE	DIRECTIONAL_CONSENSUS	-1.3328535843098297	0	-1.0266149125684207	0.7002429241285802	-1.6860118777762425	0.0035494136925943		MULTIMODAL_PATHWAY
reactome	REACTOME_SIGNALING_BY_NTRKS	DIRECTIONAL_CONSENSUS	1.3984404611985115	0	0.8254416931678125	0.9558710973138128	-1.571825256103118	0.020228689518289		MULTIMODAL_PATHWAY
hallmark	HALLMARK_INTERFERON_GAMMA_RESPONSE	MIXED	-1.3976459346361438	3	0.8290655970964408	0.9310009718172984	-0.967810301326685	0.6880403458213256		NONE
go_bp	GOBP_STRIATED_MUSCLE_CELL_DIFFERENTIATION	MIXED	1.5350592047754124	2	-1.378311676447043	0.0523561750087597	0.8272695944891899	0.9654339530729884		NONE
go_bp	GOBP_RESPONSE_TO_RETINOIC_ACID	MIXED	1.557893681875433	2	-1.298395514514248	0.3029940119760478	0.8041401767365414	0.9331436768297168		NONE
go_bp	GOBP_REGULATION_OF_PROTEIN_DEPOLYMERIZATION	MIXED	1.6400960972934095	2	-0.8533769777609983	0.9023162122790268	1.407865837664486	0.3188847965655225		NONE
hallmark	HALLMARK_HEDGEHOG_SIGNALING	MIXED	1.6173876460352157	2	-1.1175368329587052	0.3746320578003747	1.3515446311931074	0.2196836555360281		NONE
go_bp	GOBP_PROTEIN_DEPOLYMERIZATION	MIXED	1.5367966575604548	2	-1.0698491709287885	0.6270322785312079	1.16104416448645	0.5714688940092165		NONE
go_bp	GOBP_PURINERGIC_NUCLEOTIDE_RECEPTOR_SIGNALING_PATHWAY	MIXED	-1.7681593050489752	2	-1.2310192710582333	0.5097339712507355	0.986033372812646	0.7774116125502095		NONE
go_bp	GOBP_REGULATION_OF_NEURON_DIFFERENTIATION	MIXED	1.528831904131687	2	-0.8893044369541043	0.8891488656278121	0.9427195181736692	0.8395076525908169		NONE
go_bp	GOBP_NEGATIVE_REGULATION_OF_INNATE_IMMUNE_RESPONSE	MIXED	1.2007391375466494	2	-0.893408791053426	0.8568002167399758	-0.9346666093455692	0.8346567229655626		NONE
hallmark	HALLMARK_INTERFERON_ALPHA_RESPONSE	MIXED	-1.416361288469055	2	-1.131609798838744	0.2882352941176471	-1.1164951239550571	0.4928488596830305		NONE
go_bp	GOBP_MEIOSIS_I_CELL_CYCLE_PROCESS	MIXED	-1.5950600085392477	2	-1.0428070337738398	0.6707780979827089	0.9804704349591464	0.7900167237488688		NONE
go_bp	GOBP_HEART_MORPHOGENESIS	MIXED	1.5372940526789096	2	-1.3407548622757517	0.1226411893817923	0.8182395068125037	0.9587122254674302	CITED2	NONE
go_bp	GOBP_ORGANIC_ACID_TRANSPORT	MIXED	1.1787214060126354	2	1.2612638511502652	0.1889191309405913	1.4058819546407684	0.0882204703115956		NONE
go_bp	GOBP_DEFENSE_RESPONSE_TO_BACTERIUM	MIXED	1.657884836346276	2	1.163512440948073	0.3958594110283945	1.05580507602719	0.6958762886597937		NONE
go_bp	GOBP_REGULATION_OF_DNA_TEMPLATED_DNA_REPLICATION	MIXED	-1.713076619242796	2	-1.490723866852429	0.1737233559225479	-1.1508032913121438	0.6330174820277458		NONE
go_bp	GOBP_NEGATIVE_REGULATION_OF_RESPONSE_TO_BIOTIC_STIMULUS	MIXED	1.072822258611046	2	0.8750639710739746	0.8970557296654189	0.8772411292560142	0.8863184684307337		NONE
go_bp	GOBP_CARDIAC_VENTRICLE_DEVELOPMENT	MIXED	1.6501028999168812	2	-1.1834672949681435	0.4571683950808237	-1.0264445792039	0.7229771359932071	CITED2	NONE
go_bp	GOBP_VIRAL_PROCESS	MIXED	1.0791218253773718	2	1.1821653457151842	0.2985837922895358	-1.1611971979044458	0.3322644273460279		NONE
go_bp	GOBP_RESPONSE_TO_BACTERIUM	MIXED	1.4947805542748511	2	-1.1507193248864092	0.3322685064740139				NONE
go_bp	GOBP_ORGANIC_ANION_TRANSPORT	MIXED	-1.1790585166901653	2	1.2284060783104944	0.2281046086927688	1.2462343993063556	0.2992124650690151		NONE
reactome	REACTOME_INTERFERON_ALPHA_BETA_SIGNALING	MIXED	-1.6890851282377553	2	0.846811987521426	0.9210523175472972	1.0733547911508203	0.5750981034661893		NONE
go_bp	GOBP_ORGAN_GROWTH	MIXED	1.1138795215585269	2	-1.2190169500768373	0.3605924151036933	1.301871227814295	0.3357442240850541	CITED2	NONE
go_bp	GOBP_ACTIN_FILAMENT_DEPOLYMERIZATION	MIXED	1.6731697955574794	2	-1.5010934943891434	0.1376399216008522	1.3479496409719731	0.4674986201052607		NONE
go_bp	GOBP_CELLULAR_RESPONSE_TO_ABIOTIC_STIMULUS	MIXED	1.0166100446495332	1	-1.2915490922151154	0.1295445939079155	1.0415944871018918	0.6952239617658852		NONE
go_bp	GOBP_INTRACELLULAR_IRON_ION_HOMEOSTASIS	SINGLE_DATASET	1.1433219566698	1	1.1064308617160548	0.5540343255946446	-1.3881524443160598	0.2477111466282282		NONE
go_bp	GOBP_POSITIVE_REGULATION_OF_LEUKOCYTE_MEDIATED_IMMUNITY	MIXED	0.8978799053797734	1	1.066727008667687	0.6156284526753301	-1.18358047666487	0.5032192246656086		NONE
go_bp	GOBP_U2_TYPE_PRESPLICEOSOME_ASSEMBLY	MIXED	0.5578551078473255	1	0.7669993057135829	0.9192041522491348	-1.525034950174628	0.2271544533305654		NONE
go_bp	GOBP_MAINTENANCE_OF_BLOOD_BRAIN_BARRIER	MIXED	1.498090710481971	1	-1.3199223398923727	0.3810240963855422	1.3018636618759305	0.5188187738603188		NONE
go_bp	GOBP_SKIN_EPIDERMIS_DEVELOPMENT	SINGLE_DATASET	1.0350977790225622	1	-1.420233779795809	0.119864417071787	1.0675166757394143	0.688253881595075		NONE
go_bp	GOBP_PROTEIN_LOCALIZATION_TO_POSTSYNAPSE	SINGLE_DATASET	0.8782069546888414	1	-0.6599822602469773	0.993707810689638	1.1663054097065535	0.6401298920062138		NONE
go_bp	GOBP_EMBRYONIC_PATTERN_SPECIFICATION	MIXED	1.2908002655095194	1	-1.4194558989147124	0.2862291611109764	0.9538918742946608	0.8055043899785245		NONE
go_bp	GOBP_REGULATION_OF_EXOCYTOSIS	SINGLE_DATASET	1.2649093206690216	1	-0.7426860652025191	0.9981903277098448	0.8570442560286643	0.9161207273462036		NONE
go_bp	GOBP_CENTRAL_NERVOUS_SYSTEM_NEURON_AXONOGENESIS	MIXED	1.0393286997803095	1	-1.0496714426220797	0.6707780979827089	1.6714638434918316	0.1397787563861372		NONE
go_bp	GOBP_REGULATION_OF_ANIMAL_ORGAN_FORMATION	MIXED	1.3443227930754778	1	-1.222190580927454	0.5032654250961114	-0.8420024399176707	0.8889471290259698	CITED2	NONE
go_bp	GOBP_REGULATION_OF_NUCLEASE_ACTIVITY	MIXED	-0.9463437777663342	1	-0.5585823099886656	0.9953911870503596	-1.048453371532817	0.7093671194989017		NONE
go_bp	GOBP_REGULATION_OF_TISSUE_REMODELING	MIXED	1.5394898133884345	1	0.9978760172060128	0.7127555111509418	1.2927316760218894	0.4889128728414442		NONE
go_bp	GOBP_O_GLYCAN_PROCESSING	SINGLE_DATASET	1.2118266069275792	1	-1.282985752485709	0.4091376641004433	0.8853136157731994	0.8497207862536198		NONE
go_bp	GOBP_REGULATION_OF_LYMPHOCYTE_MEDIATED_IMMUNITY	MIXED	0.8610417579750921	1	0.820663599847686	0.9650742626918064	-0.9009278444987008	0.8936331576087261		NONE
go_bp	GOBP_REGULATION_OF_GROWTH	MIXED	1.114979158840141	1	1.137816157025909	0.346660279832457			CITED2	NONE
reactome	REACTOME_DNA_REPLICATION_PRE_INITIATION	SINGLE_DATASET	-1.302758214887251	1	-1.3538699820194455	0.2045194822036731	-1.4768056009728765	0.063259149420048		NONE
go_bp	GOBP_POSITIVE_REGULATION_OF_PROTEIN_IMPORT_INTO_NUCLEUS	MIXED	1.0143582946723049	1	-1.5624209265426037	0.1048377972432621	-0.99257945841541	0.7702182780438127		NONE
go_bp	GOBP_PROTEIN_INSERTION_INTO_ER_MEMBRANE	MIXED	0.8628362881777523	1	1.2485419855391298	0.4483695652173913	-1.1719884273442709	0.6068763409911561		NONE
go_bp	GOBP_SPLICEOSOMAL_SNRNP_ASSEMBLY	MIXED	0.4801246190722014	1	-1.4496228630118235	0.2810856630263927	-1.5520314826013892	0.1733636571797486		NONE
go_bp	GOBP_OPTIC_NERVE_DEVELOPMENT	SINGLE_DATASET	1.8302549343744567	1	-1.0926725628458054	0.6366064538891192	0.8943415176926909	0.8495453986227292		NONE
go_bp	GOBP_CARDIAC_MUSCLE_CONTRACTION	MIXED	1.1336424111260963	1	0.9468189845734324	0.7956191165821869	1.0270007159904957	0.7376371901073597		NONE
go_bp	GOBP_DEPHOSPHORYLATION	SINGLE_DATASET	1.192318315274663	1	-0.8624194301573258	0.948561868562735	1.278639087692462	0.3338246131171702		NONE
go_bp	GOBP_FATTY_ACYL_COA_METABOLIC_PROCESS	MIXED	1.054881920798142	1	-1.1732660631241625	0.5015244431510854	1.437273484489109	0.4322046531967123		NONE
go_bp	GOBP_CELLULAR_RESPONSE_TO_EXTERNAL_STIMULUS	SINGLE_DATASET	1.2626310829622358	1	-1.6341158727279774	0.0524966079631969	0.7687738997332549	0.9488729694279084		NONE
hallmark	HALLMARK_MYOGENESIS	MIXED	1.126225004950621	1	1.1400529969914408	0.2828282828282829	-0.8486144762543564	0.8908045977011494		NONE
go_bp	GOBP_EXTRACELLULAR_TRANSPORT	SINGLE_DATASET	-0.8156286249891991	1	-1.356550207669353	0.3509177493180452	0.912437335430414	0.8297012448370648		NONE
go_bp	GOBP_SYNAPTIC_SIGNALING	SINGLE_DATASET	1.41792827190597	1						NONE
go_bp	GOBP_RESPONSE_TO_FUNGUS	SINGLE_DATASET	1.2334396446599971	1	-1.1321663701990443	0.5559342537866213	1.4701856836662353	0.2674542135251559		NONE
go_bp	GOBP_MAINTENANCE_OF_LOCATION_IN_CELL	SINGLE_DATASET	1.1032082713922875	1	1.3561653829278832	0.1246612382784623	1.1725130750150463	0.5139622117254793		NONE
go_bp	GOBP_DENDRITIC_SPINE_DEVELOPMENT	SINGLE_DATASET	1.2109550539848162	1	0.9665376688233444	0.7744528178092381	1.2520835447981888	0.4889128728414442		NONE
go_bp	GOBP_FACE_DEVELOPMENT	SINGLE_DATASET	1.3370469245974843	1	-1.3774703195661344	0.3163906180524677	0.9253451615510104	0.8285268859230611		NONE
go_bp	GOBP_CARDIAC_MUSCLE_CELL_PROLIFERATION	MIXED	1.094180927425582	1	-1.058274709285007	0.644750254841998	-0.9197348831459328	0.8346567229655626	CITED2	NONE
go_bp	GOBP_MULTICELLULAR_ORGANISMAL_LEVEL_IRON_ION_HOMEOSTASIS	SINGLE_DATASET	1.3983249698768303	1	0.854301691117467	0.8598896207940182	1.095659887584281	0.690626764539808		NONE
go_bp	GOBP_REGULATION_OF_MUSCLE_CONTRACTION	SINGLE_DATASET	1.2913176108215811	1	-1.2830337422350262	0.3378168637959289	-0.771900028651842	0.9818341577714136		NONE
go_bp	GOBP_MONOATOMIC_ION_HOMEOSTASIS	SINGLE_DATASET	1.1352988239787625	1	1.2554853558641932	0.1334178518174429				NONE
go_bp	GOBP_EMBRYO_IMPLANTATION	MIXED	1.3557322019685922	1	-0.9290356566453106	0.8013400941687795	-1.0419501013397097	0.7306382697767423		NONE
reactome	REACTOME_SIALIC_ACID_METABOLISM	MIXED	-0.943480450266621	1	1.639714488593058	0.0979208782051749	1.4048158586388573	0.2809526404708703		NONE
hallmark	HALLMARK_ALLOGRAFT_REJECTION	MIXED	1.342438128802658	1	-1.19207070624498	0.1635220125786163	1.0681071337521888	0.5087505087505088		NONE
reactome	REACTOME_HCMV_LATE_EVENTS	MIXED	0.6684123200086725	1	-0.8041784986060087	0.9570390455531452	-1.3764093725265951	0.2806620209059233		NONE
go_bp	GOBP_POSITIVE_REGULATION_OF_HORMONE_SECRETION	SINGLE_DATASET	1.2050391521141577	1	-0.9918907307954482	0.7208013878784487	0.7776817740684395	0.9651808242220354		NONE
go_bp	GOBP_GLYCEROLIPID_BIOSYNTHETIC_PROCESS	SINGLE_DATASET	1.0783885357714456	1	1.2210429349014578	0.2927301602244489	0.8979686967400897	0.892675369743039		NONE
go_bp	GOBP_POSITIVE_REGULATION_OF_T_CELL_CYTOKINE_PRODUCTION	MIXED	-0.8547856193490064	1	1.0951785554190785	0.6565455047280756	1.0729493214936432	0.7093671194989017		NONE
go_bp	GOBP_GLYCOPROTEIN_CATABOLIC_PROCESS	SINGLE_DATASET	1.204729021314373	1	1.2663233351877083	0.4347463202443024	0.809432229923684	0.8940926990918828		NONE
go_bp	GOBP_STRIATED_MUSCLE_CELL_PROLIFERATION	MIXED	0.9560301234199686	1	-1.10370997591333	0.571242707117853	-1.039784023484878	0.7376371901073597	CITED2	NONE
go_bp	GOBP_REGULATION_OF_SYNAPTIC_PLASTICITY	SINGLE_DATASET	1.1717559297149998	1	1.0704774128234251	0.6116381788719879	1.2631923891183012	0.3761539036979777		NONE
go_bp	GOBP_NEUROMUSCULAR_JUNCTION_DEVELOPMENT	SINGLE_DATASET	1.3844040697002709	1	-1.3610974986052269	0.3163906180524677	-1.0897890069906042	0.6966130605006319		NONE
go_bp	GOBP_MONOSACCHARIDE_METABOLIC_PROCESS	MIXED	-0.9136980672190635	1	1.2331330140584995	0.2905742574257425	-1.219620259785249	0.4009319601042403		NONE
reactome	REACTOME_DEFECTIVE_B4GALT7_CAUSES_EDS_PROGEROID_TYPE	SINGLE_DATASET	1.523525389552146	1	-1.0244133188365834	0.7258878393709929	0.6064011902330488	0.9665330125634856		NONE
go_bp	GOBP_NEGATIVE_REGULATION_OF_SMALL_GTPASE_MEDIATED_SIGNAL_TRANSDUCTION	SINGLE_DATASET	1.163899827780904	1	-1.1939147955202871	0.4713486643112018	1.5867115971684072	0.1326200113476359		NONE
go_bp	GOBP_HINDBRAIN_DEVELOPMENT	MIXED	1.25443006788978	1	-1.0726589097010435	0.6116381788719879	0.841690132978638	0.9280280863550616		NONE
go_bp	GOBP_MAPK_CASCADE	SINGLE_DATASET	1.5526016810215049	1						NONE
go_bp	GOBP_DORSAL_VENTRAL_PATTERN_FORMATION	MIXED	1.605783713955354	1	0.7708109235581501	0.965038923113521	0.7320412359055926	0.9690858009095502		NONE
go_bp	GOBP_STEM_CELL_DEVELOPMENT	MIXED	1.4247556295799424	1	-1.1579337606207991	0.4745557174389084	0.831897516957522	0.9068493599322064	CITED2	NONE
go_bp	GOBP_GRANULOCYTE_CHEMOTAXIS	MIXED	1.233499853803255	1	-1.0672179632822227	0.6307090243741827	0.9157486024479288	0.8497207862536198		NONE
go_bp	GOBP_METENCEPHALON_DEVELOPMENT	MIXED	0.8611468218643783	1	-0.8519650770197926	0.9134422900938	-0.967424912299441	0.8008609710253592		NONE
reactome	REACTOME_INTERFERON_SIGNALING	MIXED	-1.2389044816759112	1	-0.961904190985836	0.8355140987915322	-1.1001430137390042	0.4250244283760015		NONE
go_bp	GOBP_EPIBOLY	SINGLE_DATASET	1.308160227942394	1	-1.4147740442378074	0.3055838876390238	1.7864329680839823	0.0776307620343396		NONE
reactome	REACTOME_REGULATION_OF_PTEN_STABILITY_AND_ACTIVITY	MIXED	-1.0682152108325418	1	0.7032075494565765	0.994029744029744	1.0394150941469162	0.6047625508819539		NONE
go_bp	GOBP_CELLULAR_ALDEHYDE_METABOLIC_PROCESS	SINGLE_DATASET	1.2880517294418372	1	1.2482069067349577	0.3988289607026236	1.3114196969939813	0.4556815829780187		NONE
go_bp	GOBP_NEGATIVE_REGULATION_OF_SMOOTH_MUSCLE_CELL_DIFFERENTIATION	MIXED	0.9696065228521128	1	-0.8858362813258491	0.8314670933942733	0.7236952025361764	0.9342328778797262		NONE
go_bp	GOBP_REGULATION_OF_PRESYNAPSE_ORGANIZATION	SINGLE_DATASET	1.2616192957970418	1	-1.004961768735343	0.7151150263007795	-0.7615244845998521	0.935012775061226		NONE
go_bp	GOBP_CELL_CELL_ADHESION_MEDIATED_BY_CADHERIN	SINGLE_DATASET	1.2044356806349144	1	-1.3997804914551046	0.3182778848089254	0.8594769447732729	0.871182484631316		NONE
go_bp	GOBP_MICROTUBULE_CYTOSKELETON_ORGANIZATION_INVOLVED_IN_MITOSIS	SINGLE_DATASET	-0.807093057787904	1	-0.8975878557416023	0.8884421599063566	-1.3597393331695182	0.2021943280888954		NONE
go_bp	GOBP_AMYLOID_PRECURSOR_PROTEIN_CATABOLIC_PROCESS	SINGLE_DATASET	1.2479728808873165	1	-0.8831122958410241	0.8610433732657797	-0.9986749939081584	0.7754820609144297		NONE
go_bp	GOBP_HEART_GROWTH	MIXED	1.275973916966489	1	-1.2175919259636463	0.422979797979798	1.047308082010904	0.7093671194989017	CITED2	NONE
reactome	REACTOME_INTERFERON_GAMMA_SIGNALING	MIXED	-1.3935993137803042	1	0.968703603670869	0.799823145794186	0.8590628575941707	0.8552842772159743		NONE
go_bp	GOBP_CARTILAGE_DEVELOPMENT_INVOLVED_IN_ENDOCHONDRAL_BONE_MORPHOGENESIS	SINGLE_DATASET	1.4437167894730187	1	-1.0184192380177133	0.6870297424390923	1.0259131120174017	0.7409304644934896		NONE
go_bp	GOBP_NEGATIVE_REGULATION_OF_CELL_PROJECTION_ORGANIZATION	SINGLE_DATASET	1.2086295111065684	1	0.8222211371362413	0.9532615384615384	1.049797542930295	0.702954220379083		NONE
go_bp	GOBP_MEMBRANE_DEPOLARIZATION_DURING_CARDIAC_MUSCLE_CELL_ACTION_POTENTIAL	SINGLE_DATASET	1.7544060895852978	1	-1.1715430713441497	0.5485242231973434	1.012278515623935	0.7773536104651886		NONE
go_bp	GOBP_POSITIVE_REGULATION_OF_PROTEIN_LOCALIZATION_TO_MEMBRANE	SINGLE_DATASET	1.303700545839892	1	-1.024685909212117	0.682969377816484	1.300928495670904	0.4381952601395703		NONE
go_bp	GOBP_NEUTRAL_LIPID_METABOLIC_PROCESS	MIXED	0.8671234062875646	1	1.449191018955956	0.1437949563612429	-1.0594833190398996	0.6980336169799721		NONE
go_bp	GOBP_T_CELL_ACTIVATION	SINGLE_DATASET	1.0549911599123216	1	-1.0393467660574924	0.6156284526753301				NONE
go_bp	GOBP_PLATELET_AGGREGATION	SINGLE_DATASET	1.2240607551524882	1	-1.2668641933480582	0.3992582948672427	1.2879478357003835	0.4795060276389297		NONE
go_bp	GOBP_POSITIVE_REGULATION_OF_ESTABLISHMENT_OF_PROTEIN_LOCALIZATION	SINGLE_DATASET	1.1986956337686767	1	-1.021556264943195	0.6806690196700508	1.0443329746368408	0.7016314609393438		NONE
reactome	REACTOME_DEGRADATION_OF_GLI1_BY_THE_PROTEASOME	MIXED	-0.9509651076125504	1	-0.6529842266633072	1.0	-1.4803913955789851	0.093438454226462		NONE
reactome	REACTOME_BRANCHED_CHAIN_AMINO_ACID_CATABOLISM	SINGLE_DATASET	-1.4333042137127416	1	-0.9439149966826228	0.8050088628181935	-1.3642653750426863	0.2852790816021194		NONE
go_bp	GOBP_REGULATION_OF_IMMUNE_EFFECTOR_PROCESS	MIXED	-1.002443237169138	1	-1.0306949337169309	0.6672937131630647	-0.8923528524752179	0.9480566483084186		NONE
go_bp	GOBP_MONOATOMIC_CATION_TRANSMEMBRANE_TRANSPORT	SINGLE_DATASET	1.5285978258052246	1						NONE
go_bp	GOBP_SODIUM_ION_HOMEOSTASIS	SINGLE_DATASET	1.360373200523136	1	-1.3382459315201718	0.3810240963855422	0.7646082668889802	0.9317667961887688		NONE
go_bp	GOBP_LIPID_LOCALIZATION	MIXED	1.2566701803470597	1	1.2312785815104006	0.1664243413352361	1.0487396765356722	0.6853838140539826		NONE
go_bp	GOBP_MULTIVESICULAR_BODY_SORTING_PATHWAY	MIXED	1.271916360396693	1	1.4533310497384335	0.219174376512336	-1.095092088599671	0.6958762886597937		NONE
reactome	REACTOME_DISEASES_OF_DNA_REPAIR	SINGLE_DATASET	-1.3367494197894154	1	-1.6163162942365874	0.0756459221487579	0.8694096677800871	0.8130371969352018		NONE
go_bp	GOBP_REGULATION_OF_LAMELLIPODIUM_ASSEMBLY	MIXED	1.359257178821991	1	-1.3554050400805064	0.3585041278186224	-1.5763745483089404	0.2021943280888954		NONE
reactome	REACTOME_HS_GAG_BIOSYNTHESIS	SINGLE_DATASET	1.4140250331409998	1	-1.1106140456726237	0.6037675291329252	0.7746513788337932	0.8899893274859126		NONE
reactome	REACTOME_DISEASES_ASSOCIATED_WITH_GLYCOSAMINOGLYCAN_METABOLISM	MIXED	0.8012338716906735	1	-1.172960312889359	0.5125871508118478	0.800708375693407	0.8765084981360964		NONE
go_bp	GOBP_MONONUCLEAR_CELL_MIGRATION	MIXED	-1.2136913565965746	1	-1.107433516614626	0.523403070569477	-1.019416941361638	0.7380678550891316		NONE
reactome	REACTOME_GLYCEROPHOSPHOLIPID_BIOSYNTHESIS	SINGLE_DATASET	0.9362186775461496	1	0.8625091722893803	0.936342983554222	0.8727866171305237	0.8464037570766855		NONE
go_bp	GOBP_PROTEIN_O_LINKED_GLYCOSYLATION	SINGLE_DATASET	1.1451531475465109	1	-1.2385458361228237	0.3621624365482234	1.066300712140268	0.7013331056698404		NONE
go_bp	GOBP_PYRIDINE_NUCLEOTIDE_BIOSYNTHETIC_PROCESS	MIXED	0.664049704756476	1	0.8103334080023649	0.8888491163875963	1.07018594075234	0.6966130605006319		NONE
go_bp	GOBP_NEGATIVE_REGULATION_OF_SECRETION	SINGLE_DATASET	1.022811112489707	1	-1.0605045118255425	0.6227191577620835	0.9037984007647976	0.871182484631316		NONE
go_bp	GOBP_REPRODUCTIVE_BEHAVIOR	SINGLE_DATASET	1.111120042607422	1	-1.37402403516976	0.3500862424055195	1.472476806415117	0.3322644273460279		NONE
go_bp	GOBP_MICROTUBULE_BASED_MOVEMENT	SINGLE_DATASET	-1.0895398189713468	1	-1.099700954981326	0.4810634215484607	1.1855513427622553	0.4381952601395703		NONE
go_bp	GOBP_NEGATIVE_REGULATION_OF_MITOTIC_CELL_CYCLE_PHASE_TRANSITION	SINGLE_DATASET	-1.088405038108935	1	-0.8674896663242386	0.9249936721320696	1.160175734238955	0.5714418611574185		NONE
go_bp	GOBP_CELLULAR_LIPID_CATABOLIC_PROCESS	MIXED	-0.9839258210400784	1	1.158925279830858	0.4102473793964417	1.2239516184745172	0.4490010788496151		NONE
reactome	REACTOME_CELL_CELL_COMMUNICATION	SINGLE_DATASET	1.2743144737938772	1	-1.360276230853008	0.1983739848227875	1.15335992245415	0.4176581647192932		NONE
go_bp	GOBP_CELL_CYCLE_PHASE_TRANSITION	MIXED	-1.086356163049779	1	-0.8692767405362378	0.9722292340925128				NONE
go_bp	GOBP_POSITIVE_REGULATION_OF_NF_KAPPAB_TRANSCRIPTION_FACTOR_ACTIVITY	SINGLE_DATASET	1.2900637246613398	1	-1.0529106118754312	0.6366064538891192	0.7638080498603623	0.9673177318370316		NONE
go_bp	GOBP_VIRAL_GENOME_REPLICATION	MIXED	0.7863011537965329	1	0.9069087874619206	0.8651215805471124	-0.9470992378820838	0.8319661637846143		NONE
go_bp	GOBP_BRANCHING_INVOLVED_IN_BLOOD_VESSEL_MORPHOGENESIS	SINGLE_DATASET	1.4237537493083865	1	-0.7476201811374599	0.9351698007297222	0.8074852426253879	0.8902810905031208		NONE
go_bp	GOBP_MALE_GENITALIA_DEVELOPMENT	SINGLE_DATASET	1.6261798292634368	1	-1.163327784435837	0.5666790903031128	-0.6678471570227515	0.9651808242220354		NONE
go_bp	GOBP_ENDOTHELIUM_DEVELOPMENT	SINGLE_DATASET	1.1193916709508265	1	-1.0776495598853344	0.5987183030470531	1.1041998358223657	0.6322897444522337	VEZF1	NONE
go_bp	GOBP_NEGATIVE_REGULATION_OF_TRANSFORMING_GROWTH_FACTOR_BETA_RECEPTOR_SIGNALING_PATHWAY	SINGLE_DATASET	1.3552893963680548	1	1.4969665109457784	0.1402074978077774	0.7475278676756045	0.9634881247784476		NONE
go_bp	GOBP_CELLULAR_RESPONSE_TO_DSRNA	MIXED	-1.0266630092430349	1	-1.047058181085972	0.6783439069812491	0.8790670788378467	0.8493750000000001		NONE
reactome	REACTOME_DISEASES_OF_GLYCOSYLATION	MIXED	1.2610516103359228	1	0.9284436912911064	0.8437037037037037	0.7377097717611215	0.9813905940871016		NONE
reactome	REACTOME_PROCESSIVE_SYNTHESIS_ON_THE_LAGGING_STRAND	SINGLE_DATASET	-0.9745952097380955	1	-1.0271737395432272	0.7085448392554992	-1.4161057199950693	0.2886647522315428		NONE
go_bp	GOBP_TYPE_II_INTERFERON_PRODUCTION	MIXED	-1.0058455840190828	1	0.97571228370947	0.765712251333699	1.0565985028850255	0.7013331056698404		NONE
go_bp	GOBP_PROTEIN_PALMITOYLATION	MIXED	-0.5639684237008926	1	0.9919527410715842	0.7397228232267119	1.204627980197616	0.5908695652173914		NONE
reactome	REACTOME_APC_C_MEDIATED_DEGRADATION_OF_CELL_CYCLE_PROTEINS	SINGLE_DATASET	-1.277414538202852	1	-0.5165836797014183	1.0	-1.500895529434549	0.0941362296157684		NONE
reactome	REACTOME_TRANSCRIPTIONAL_REGULATION_BY_E2F6	MIXED	-1.4827969828701324	1	0.7487193143421701	0.95602795573675	-1.5727065470403585	0.1330906630668668		NONE
reactome	REACTOME_GENE_AND_PROTEIN_EXPRESSION_BY_JAK_STAT_SIGNALING_AFTER_INTERLEUKIN_12_STIMULATION	MIXED	-0.9268119200276084	1	-1.0198971289284378	0.7023257114105215	-0.9279068110836136	0.7234463134568897		NONE
go_bp	GOBP_REGULATION_OF_LIPID_BIOSYNTHETIC_PROCESS	MIXED	1.2954556171598484	1	1.4817725572592082	0.0786876557131227	1.1469659969306638	0.5825097574574853		NONE
go_bp	GOBP_POSITIVE_REGULATION_OF_PROTEIN_LOCALIZATION_TO_CELL_PERIPHERY	SINGLE_DATASET	1.1351466023059922	1	0.9536053443245766	0.7778739746706181	1.3613324623952645	0.4296860657242518		NONE
reactome	REACTOME_LATE_SARS_COV_2_INFECTION_EVENTS	MIXED	1.0396813612096258	1	1.5829887405111749	0.067560539132635	1.0561466984580472	0.5883923985618901		NONE
reactome	REACTOME_SCF_BETA_TRCP_MEDIATED_DEGRADATION_OF_EMI1	MIXED	-1.2159197704764826	1	0.6110875547968788	1.0	-1.5262362698716336	0.0851360210191478		NONE
go_bp	GOBP_REGULATION_OF_HYDROLASE_ACTIVITY	SINGLE_DATASET	1.3655536743769483	1						NONE
go_bp	GOBP_POSITIVE_REGULATION_OF_PROTEIN_MODIFICATION_PROCESS	SINGLE_DATASET	1.4787640278624778	1						NONE
reactome	REACTOME_METABOLISM_OF_CARBOHYDRATES	SINGLE_DATASET	1.1455179110666154	1	1.1409011413668686	0.4139036596809509	0.9901813960537912	0.6884415395787944		NONE
go_bp	GOBP_DEVELOPMENTAL_GROWTH	MIXED	0.0826406718668363	1					CITED2	NONE
go_bp	GOBP_REGULATION_OF_BLOOD_PRESSURE	MIXED	1.308563913633905	1	-1.2928951614262207	0.2797434763379036	-1.105761466502811	0.6018219776048587		NONE
go_bp	GOBP_SKELETAL_MUSCLE_ORGAN_DEVELOPMENT	MIXED	1.0380313312549116	1	1.009723276525204	0.7099621822072794	1.3299803753599493	0.3098367728597221	CITED2	NONE
go_bp	GOBP_REGULATION_OF_T_CELL_PROLIFERATION	SINGLE_DATASET	1.2126020278216398	1	1.0617090100952755	0.644750254841998	0.898934328634483	0.8798672957124076		NONE
hallmark	HALLMARK_IL6_JAK_STAT3_SIGNALING	SINGLE_DATASET	1.392638099330692	1	-1.2021279286536708	0.2112580073599564	1.062865898279833	0.5087505087505088		NONE
reactome	REACTOME_RAC1_GTPASE_CYCLE	SINGLE_DATASET	1.2654179261536538	1	-1.2154473796544103	0.2933149280220864	1.092724789358254	0.4981086134179746		NONE
go_bp	GOBP_POSITIVE_REGULATION_OF_IMMUNE_EFFECTOR_PROCESS	MIXED	0.8622363736610223	1	0.951871397621466	0.8078632566552229	-1.0649850191880808	0.6598631098631099		NONE
go_bp	GOBP_GRANULOCYTE_MIGRATION	MIXED	1.1816578425032849	1	-1.271547823210393	0.3504272786797173	0.8793119795583528	0.8902810905031208		NONE
go_bp	GOBP_MEMBRANE_LIPID_BIOSYNTHETIC_PROCESS	MIXED	-0.9448020953445918	1	0.9874265474515188	0.7437081462947973	0.7675397651558595	0.9713083947077644		NONE
go_bp	GOBP_POSITIVE_REGULATION_OF_INTERFERON_BETA_PRODUCTION	MIXED	-1.26094977167703	1	0.778133809803472	0.9263239422983832	0.6713111469157428	0.963509086255439		NONE
go_bp	GOBP_REGENERATION	MIXED	1.067969880309637	1	-1.1194150508807417	0.5157251019219569	1.0561671556913417	0.6947615964009406		NONE
go_bp	GOBP_PROTEIN_DEPHOSPHORYLATION	SINGLE_DATASET	1.2310195660600944	1	0.7681871576373317	0.9953911870503596	1.2091074786564635	0.4682636357900969		NONE
go_bp	GOBP_MULTIVESICULAR_BODY_ORGANIZATION	MIXED	0.840733432169246	1	1.3097406619444607	0.3851611420692825	-1.216967991176445	0.5759394155293771		NONE
go_bp	GOBP_REGULATION_OF_CALCIUM_ION_TRANSPORT	SINGLE_DATASET	1.2498297814441064	1	0.8940709915238245	0.8966770001510052	1.1392468482412148	0.5692564716795345		NONE
go_bp	GOBP_REGULATION_OF_REACTIVE_OXYGEN_SPECIES_BIOSYNTHETIC_PROCESS	MIXED	-1.0338667672548598	1	1.4457650891995697	0.1964861870204971	-1.0732444415000175	0.6936504695794201		NONE
go_bp	GOBP_BROWN_FAT_CELL_DIFFERENTIATION	SINGLE_DATASET	1.029170072696001	1	1.2661861207057457	0.3918355640535373	-0.75445397276846	0.9371177863614636		NONE
go_bp	GOBP_REGULATION_OF_CHOLESTEROL_METABOLIC_PROCESS	MIXED	1.1294927589733703	1	1.4891817303284265	0.2502948463254341	0.9323178992588934	0.827077921477633		NONE
go_bp	GOBP_NUCLEOBASE_METABOLIC_PROCESS	MIXED	0.855590103958942	1	-1.031591460168484	0.6744307788000719	-1.3277242852862297	0.4889128728414442		NONE
go_bp	GOBP_REGULATION_OF_CELL_JUNCTION_ASSEMBLY	SINGLE_DATASET	1.3342762156343295	1	-1.4974450250272058	0.0511567178453322	1.039581545425442	0.7126095966339976		NONE
go_bp	GOBP_CARBOHYDRATE_DERIVATIVE_TRANSPORT	MIXED	-0.8677532403603282	1	1.4327293196592414	0.1482457056896904	0.9301168674937554	0.8395076525908169		NONE
reactome	REACTOME_GLYCOSPHINGOLIPID_METABOLISM	MIXED	0.994385754269294	1	0.918464018697132	0.8437037037037037	0.7447753477045214	0.931152709359606		NONE
reactome	REACTOME_GENERATION_OF_SECOND_MESSENGER_MOLECULES	SINGLE_DATASET	1.48615084910542	1	-0.876535821866634	0.8555529522024369	0.8936339012727812	0.7620514757459667		NONE
go_bp	GOBP_PRESYNAPSE_ORGANIZATION	SINGLE_DATASET	1.321961285687637	1	-1.1720191591388562	0.518706201251338	1.1373212662490957	0.6374136982189313		NONE
go_bp	GOBP_AMIDE_TRANSPORT	MIXED	0.9835040164827176	1	-1.2437248489510415	0.2328637926181243	0.8641957821699869	0.9331436768297168		NONE
go_bp	GOBP_LIPOSACCHARIDE_METABOLIC_PROCESS	MIXED	-0.911045824316331	1	0.8764973294882781	0.8904714483405912	0.8738099671684151	0.8863184684307337		NONE
go_bp	GOBP_PYROPTOSIS	MIXED	1.1847231091766373	1	-1.5662154682127245	0.1304478325210802	1.0950070815072932	0.690626764539808		NONE
go_bp	GOBP_ALPHA_BETA_T_CELL_DIFFERENTIATION	MIXED	-1.0343093383720443	1	-1.147910916585267	0.5032654250961114	1.2758801801660125	0.4321144674085851		NONE
go_bp	GOBP_POSITIVE_REGULATION_OF_MUSCLE_CONTRACTION	MIXED	1.1315795427721018	1	-1.3065093863030413	0.3928867221322892	-0.841625353470483	0.8863184684307337		NONE
go_bp	GOBP_VIRAL_PROTEIN_PROCESSING	MIXED	-0.899844939643226	1	1.6928737621264247	0.0846135370552618	1.0109407621626338	0.7544836464577384		NONE
go_bp	GOBP_MEMBRANE_LIPID_CATABOLIC_PROCESS	MIXED	1.1018507107244062	1	1.1364236793891906	0.5591047894567663	-0.4980826428440344	1.0		NONE
go_bp	GOBP_REGULATION_OF_TRANSLATIONAL_INITIATION	MIXED	1.0598111605663556	1	1.0449152976020766	0.6703372212872757	-1.593022994912329	0.0891264416059833		NONE
go_bp	GOBP_PROTEIN_TRANSPORT_TO_VACUOLE_INVOLVED_IN_UBIQUITIN_DEPENDENT_PROTEIN_CATABOLIC_PROCESS_VIA_THE_MULTIVESICULAR_BODY_SORTING_PATHWAY	MIXED	-0.7691035762105055	1	1.4067198312223346	0.3600612870275791	-0.6355893925063746	0.9653999386670564		NONE
go_bp	GOBP_NEURON_MATURATION	MIXED	1.158822264603033	1	-1.0290288608655744	0.6759531121685622	0.9750419487646896	0.7878260869565218		NONE
go_bp	GOBP_MEMBRANE_LIPID_METABOLIC_PROCESS	MIXED	-1.167609571028157	1	1.1488067446037336	0.4432630922094753	0.7923657067335058	0.9654768830713426		NONE
go_bp	GOBP_POSITIVE_REGULATION_OF_ENDOTHELIAL_CELL_PROLIFERATION	SINGLE_DATASET	1.3895367391835578	1	1.0081395339284602	0.7126306287060996	-0.9902304878514993	0.7843175379145603		NONE
go_bp	GOBP_BRANCHING_INVOLVED_IN_SALIVARY_GLAND_MORPHOGENESIS	SINGLE_DATASET	1.5134458827147137	1	-1.0807797121825866	0.6663700233257444	1.206489118061685	0.6008843036109064		NONE
go_bp	GOBP_NEGATIVE_REGULATION_OF_IMMUNE_SYSTEM_PROCESS	MIXED	1.1011208994223836	1	-1.1539956537630915	0.3451393691744446	1.0805709309523126	0.6265826510058335		NONE
go_bp	GOBP_CELLULAR_RESPONSE_TO_OSMOTIC_STRESS	MIXED	0.9157967909509488	1	-1.2049304943777943	0.4580203230972117	-0.983218683203268	0.7817781733994945		NONE
reactome	REACTOME_MAPK6_MAPK4_SIGNALING	MIXED	1.1258636995844389	1	0.8297267385582925	0.9376515184907656	-1.347449858033429	0.1330906630668668		NONE
reactome	REACTOME_TRANSCRIPTIONAL_REGULATION_BY_RUNX1	MIXED	-0.8150811839601151	1	-1.211371632624113	0.3078868623539469	-1.1526665910477778	0.4034801068600324		NONE
go_bp	GOBP_REGULATION_OF_LIPID_METABOLIC_PROCESS	MIXED	1.3050486899580531	1	1.3419308637081713	0.1181982438411763	1.0519639707258868	0.6966130605006319		NONE
go_bp	GOBP_REGULATION_OF_BRANCHING_INVOLVED_IN_URETERIC_BUD_MORPHOGENESIS	SINGLE_DATASET	1.4966671615321772	1	0.9569926136738228	0.7758839085313006	-0.6717594478907006	0.964821742211814		NONE
reactome	REACTOME_DOWNSTREAM_SIGNALING_EVENTS_OF_B_CELL_RECEPTOR_BCR	MIXED	-0.8320195352353863	1	-0.6403882041721567	1.0	-1.3868807603271849	0.1352884510602224		NONE
go_bp	GOBP_NEGATIVE_REGULATION_OF_CYTOKINE_PRODUCTION	MIXED	1.1265936427028644	1	-1.2056147630635872	0.3379326004781813	1.1948155063391623	0.4538876024225152		NONE
go_bp	GOBP_GLYCOSAMINOGLYCAN_CATABOLIC_PROCESS	SINGLE_DATASET	0.8064986144326051	1	0.807794377608239	0.8871722846441947	0.8833695515819697	0.8509774365711206		NONE
go_bp	GOBP_CRANIAL_NERVE_DEVELOPMENT	MIXED	1.2422516920973516	1	-1.2327424348090767	0.4432630922094753	0.8767397398845986	0.863233782508906	CITED2	NONE
reactome	REACTOME_REGULATION_OF_HSF1_MEDIATED_HEAT_SHOCK_RESPONSE	SINGLE_DATASET	-0.8486341093572387	1	-0.9280397278284148	0.8437037037037037	-1.3041357313532778	0.2806620209059233		NONE
go_bp	GOBP_REGULATION_OF_DNA_REPLICATION	MIXED	-1.1709352616896904	1	-1.2941740616966382	0.3019453395393244	-1.1730655783009851	0.5171661264768926		NONE
go_bp	GOBP_APOPTOTIC_PROCESS_INVOLVED_IN_MORPHOGENESIS	SINGLE_DATASET	1.289583766256852	1	-1.141786915476109	0.5646993176084909	-0.8248356425305486	0.8902810905031208		NONE
go_bp	GOBP_NEGATIVE_REGULATION_OF_CELL_CYCLE_PROCESS	SINGLE_DATASET	-0.9442464872062352	1	-0.9928383259832912	0.7376389922184465	0.947602059508662	0.8287645964930773		NONE
go_bp	GOBP_LATE_ENDOSOME_TO_VACUOLE_TRANSPORT_VIA_MULTIVESICULAR_BODY_SORTING_PATHWAY	MIXED	1.061529954158999	1	1.4339112576037891	0.2766756302803769	-1.0296332860815949	0.729470888841455		NONE
go_bp	GOBP_POSITIVE_REGULATION_OF_MESENCHYMAL_CELL_PROLIFERATION	SINGLE_DATASET	1.3815736275566832	1	-1.2097246403633164	0.5122846886660035	-1.1504842608076604	0.6468109292041533		NONE
go_bp	GOBP_NEGATIVE_REGULATION_OF_CELL_CYCLE	MIXED	0.7833290983827871	1	-0.910514367054133	0.9022727272727272	1.0427807641581828	0.7093671194989017		NONE
go_bp	GOBP_POSITIVE_REGULATION_OF_CELL_CELL_ADHESION	SINGLE_DATASET	1.1660813690611282	1	-1.2144051185102709	0.2759405975150076	1.3406783081202402	0.1586472302221303	CITED2	NONE
go_bp	GOBP_POSITIVE_REGULATION_OF_STEM_CELL_POPULATION_MAINTENANCE	MIXED	0.568483697332149	1	1.0161052049761894	0.7070509204120436	1.1386584905690074	0.6598631098631099		NONE
go_bp	GOBP_NEGATIVE_REGULATION_OF_HEMOPOIESIS	SINGLE_DATASET	1.3657297953099978	1	-0.9683981006570126	0.7627030132121781	1.103321625419554	0.654737170590699		NONE
go_bp	GOBP_REGULATION_OF_SYNAPTIC_TRANSMISSION_GABAERGIC	MIXED	0.9152777377602778	1	0.8272503354707059	0.8799511316872428	1.7389350394156384	0.0733592855364421		NONE
go_bp	GOBP_NERVE_DEVELOPMENT	MIXED	1.097260286528401	1	-1.597037809888799	0.0781760278562032	1.0856704141459104	0.6952239617658852	CITED2	NONE
go_bp	GOBP_PROTEIN_LOCALIZATION_TO_EXTRACELLULAR_REGION	SINGLE_DATASET	1.215321018643919	1	-1.04848950345981	0.6195513762366539	0.8753289003124499	0.9208074425919136		NONE
reactome	REACTOME_PLASMA_LIPOPROTEIN_ASSEMBLY_REMODELING_AND_CLEARANCE	MIXED	1.26028595891649	1	1.3368286661166984	0.270494917830341	1.2196723564554717	0.3956678643157357		NONE
go_bp	GOBP_COLLAGEN_METABOLIC_PROCESS	SINGLE_DATASET	1.4609358494194489	1	-0.9588356118646536	0.7696944610317935	1.2032191784252986	0.5503061064937878		NONE
go_bp	GOBP_CELLULAR_RESPONSE_TO_OXYGEN_LEVELS	SINGLE_DATASET	1.3025761335751145	1	1.1313697314995297	0.4834421974785328	1.0556019526528742	0.6952239617658852	CITED2	NONE
go_bp	GOBP_CARBOHYDRATE_DERIVATIVE_CATABOLIC_PROCESS	MIXED	1.1000283518586915	1	1.3807524412463024	0.0758814219094571	0.7548043976894605	0.9900933139447496		NONE
go_bp	GOBP_ADAPTIVE_IMMUNE_RESPONSE	SINGLE_DATASET	1.2081230258432034	1	-0.8899433979684362	0.9328880724048206	1.2789249328411938	0.2157767031926876		NONE
go_bp	GOBP_NEURON_PROJECTION_REGENERATION	MIXED	-1.1228152189670049	1	-0.8376572475420115	0.8936354962066114	0.821847395984088	0.9018944817105844		NONE
reactome	REACTOME_ORGANELLE_BIOGENESIS_AND_MAINTENANCE	SINGLE_DATASET	-1.1230537295062466	1	-0.856213601819361	0.98159868729489	-0.8810768254843833	0.9096491413809896		NONE
go_bp	GOBP_AXONEME_ASSEMBLY	SINGLE_DATASET	-1.381453650256187	1	-1.393968294186095	0.2759405975150076	1.2272855465823285	0.5537344708875916		NONE
go_bp	GOBP_ANTIGEN_PROCESSING_AND_PRESENTATION_OF_PEPTIDE_OR_POLYSACCHARIDE_ANTIGEN_VIA_MHC_CLASS_II	MIXED	-0.931638659972749	1	0.9683778299276888	0.7501874862990782	0.8539322104444704	0.8681782949037913		NONE
go_bp	GOBP_POSITIVE_REGULATION_OF_LEUKOCYTE_CELL_CELL_ADHESION	MIXED	-0.9274881896283524	1	-1.1154773089044112	0.472424874066354	1.2633273983430962	0.3396212725821664		NONE
go_bp	GOBP_POSITIVE_REGULATION_OF_TYPE_II_INTERFERON_PRODUCTION	SINGLE_DATASET	0.9632855849241972	1	1.0688466738879905	0.6426849332502661	1.1114335723170323	0.654737170590699		NONE
go_bp	GOBP_NEUTROPHIL_CHEMOTAXIS	SINGLE_DATASET	1.1163464631167774	1	-1.1472521564561906	0.489457415100196	0.9373790838583724	0.8306433178624315		NONE
go_bp	GOBP_VASCULAR_ASSOCIATED_SMOOTH_MUSCLE_CELL_DIFFERENTIATION	SINGLE_DATASET	-1.0611434065214955	1	0.8317556774889306	0.8891488656278121	0.7119149917180904	0.948147409862208		NONE
go_bp	GOBP_ANTIVIRAL_INNATE_IMMUNE_RESPONSE	MIXED	-0.527127126626112	1	-0.9681527597518628	0.7472869686980368	-1.2290580467377537	0.5549617985421972		NONE
go_bp	GOBP_CD4_POSITIVE_ALPHA_BETA_T_CELL_ACTIVATION	MIXED	-1.002222864035183	1	-1.1067350956883435	0.5716975802655118	0.8484749728087128	0.9068493599322064		NONE
go_bp	GOBP_REGULATION_OF_CARDIOCYTE_DIFFERENTIATION	SINGLE_DATASET	1.3466545381227253	1	-1.0912638545180418	0.6315126037310413	-1.3980353786942836	0.4244039542547005		NONE
go_bp	GOBP_NEURON_RECOGNITION	MIXED	1.0884871813823405	1	-1.4761055473745812	0.186946734828156	0.6908864958157596	0.9668647966823052		NONE
go_bp	GOBP_MESODERMAL_CELL_DIFFERENTIATION	SINGLE_DATASET	1.3860976456509613	1	-1.141257995144854	0.5649518101796493	0.7568025318857051	0.9289988970295284		NONE
go_bp	GOBP_T_CELL_MEDIATED_IMMUNITY	MIXED	-1.0956318084376278	1	1.0418429173935555	0.6595084409136047	-0.9233757023298824	0.8497207862536198		NONE
go_bp	GOBP_REGULATION_OF_PROTEIN_KINASE_C_SIGNALING	SINGLE_DATASET	1.9144538120288743	1	-0.7818634452612356	0.9097389857136196	0.8625637970120678	0.8509774365711206		NONE
go_bp	GOBP_ORGANIC_CATION_TRANSPORT	MIXED	-1.1704768873916358	1	1.3610147876151613	0.2990527371061054	0.7392634743391294	0.9690546615553824		NONE
go_bp	GOBP_POSITIVE_REGULATION_OF_MUSCLE_CELL_DIFFERENTIATION	MIXED	1.164969100055566	1	0.8837629715664054	0.8651215805471124	-0.9064980695349674	0.8420690980951281		NONE
go_bp	GOBP_POSITIVE_REGULATION_OF_LAMELLIPODIUM_ORGANIZATION	MIXED	1.2510055959877249	1	-1.4128174280460122	0.3242758267110997	-1.716983699237776	0.1170997441175233		NONE
go_bp	GOBP_POSITIVE_REGULATION_OF_GLIAL_CELL_DIFFERENTIATION	SINGLE_DATASET	1.3352823711367443	1	-1.1349007123886825	0.5485242231973434	0.7867545370357968	0.9118689994236232		NONE
go_bp	GOBP_SOMITE_DEVELOPMENT	MIXED	1.2708654488616726	1	-1.24175604743683	0.3986763315474314	-1.0894494338150695	0.6633646308898268		NONE
go_bp	GOBP_SODIUM_ION_IMPORT_ACROSS_PLASMA_MEMBRANE	MIXED	0.4762857287786179	1	-1.014265022516508	0.7135516474006305	0.956702346311836	0.8035119665126268		NONE
go_bp	GOBP_ENDOSOME_TRANSPORT_VIA_MULTIVESICULAR_BODY_SORTING_PATHWAY	MIXED	0.9586423070102924	1	1.5352812630107424	0.1406467709880428	-1.16804370324272	0.6110027832216202		NONE
go_bp	GOBP_NEGATIVE_REGULATION_OF_PROTEIN_SECRETION	MIXED	0.8324345971995969	1	0.8700432905071674	0.8764423149532569	0.7396769658999796	0.9550542057233804		NONE
go_bp	GOBP_SPINDLE_ORGANIZATION	SINGLE_DATASET	-1.127678507301201	1	-1.0979537729924282	0.531256622165713	-1.101775661949753	0.6008843036109064		NONE
go_bp	GOBP_PROTEIN_LOCALIZATION_TO_CELL_JUNCTION	SINGLE_DATASET	1.193897666144878	1	-1.324764490835333	0.270661979609778	1.5207430550775332	0.1221413195893787		NONE
go_bp	GOBP_POSITIVE_REGULATION_OF_POTASSIUM_ION_TRANSMEMBRANE_TRANSPORT	MIXED	0.4053400244482403	1	-1.111862564357919	0.6130655460350379	1.3181312443443332	0.5124534769833495		NONE
reactome	REACTOME_HIV_TRANSCRIPTION_INITIATION	SINGLE_DATASET	-0.7525176695965499	1	-1.1745804556449078	0.4811453367558979	-1.095592348600657	0.5167132767692089		NONE
go_bp	GOBP_NEGATIVE_REGULATION_OF_MOLECULAR_FUNCTION	SINGLE_DATASET	1.4456835796067289	1						NONE
go_bp	GOBP_NEURON_MIGRATION	MIXED	1.1281342550892932	1	-0.9444348581902277	0.7990139529171291	1.167995041392388	0.5421311859069826		NONE
go_bp	GOBP_MATING_BEHAVIOR	SINGLE_DATASET	1.2374499492815332	1	-1.3708392371041629	0.3647098515519568	-0.8126908007345602	0.9109562034100908		NONE
go_bp	GOBP_CENTRIOLE_ASSEMBLY	SINGLE_DATASET	-1.346095818238972	1	1.0504495590631748	0.6728979980934223	-0.831409946654868	0.8902810905031208		NONE
go_bp	GOBP_ANTIGEN_PROCESSING_AND_PRESENTATION_OF_EXOGENOUS_PEPTIDE_ANTIGEN	MIXED	1.1086741157769735	1	0.997507132216945	0.7289911435234487	0.8201745829058881	0.8889471290259698		NONE
go_bp	GOBP_T_CELL_CYTOKINE_PRODUCTION	MIXED	-0.9239419363785512	1	0.8943340604811996	0.8355978828900391	0.8321969717298106	0.882049225159526		NONE
go_bp	GOBP_OLIGOPEPTIDE_TRANSPORT	MIXED	0.4906951396977053	1	0.741520614840568	0.9211122259849216	0.7222099818853379	0.9331436768297168		NONE
go_bp	GOBP_STRIATED_MUSCLE_CONTRACTION	MIXED	1.2338232181317523	1	0.9008457101969792	0.8696488079979492	0.8882825657258995	0.8897131977083262		NONE
go_bp	GOBP_ORGANELLE_FISSION	SINGLE_DATASET	-1.0962706782571454	1	-1.1535006730052828	0.3470824949698188	-1.0254692526256373	0.7154149200323425		NONE
reactome	REACTOME_DISEASES_OF_IMMUNE_SYSTEM	MIXED	1.414150023523543	1	-1.6844747160321096	0.0773133726669471	0.6613641452334547	0.9690579927548238		NONE
go_bp	GOBP_REGULATION_OF_STRIATED_MUSCLE_CONTRACTION	SINGLE_DATASET	1.268702952444953	1	0.885694033113779	0.8698487219613981	0.7377646969992193	0.9668627111048598		NONE
go_bp	GOBP_GLIAL_CELL_ACTIVATION	SINGLE_DATASET	1.370838531748752	1	-0.93435102960057	0.7837024128148615	-1.136126904504044	0.6633646308898268		NONE
go_bp	GOBP_POSITIVE_REGULATION_OF_TYPE_I_INTERFERON_PRODUCTION	MIXED	-0.79621568883217	1	-0.9047610016056228	0.8473274695534507	-1.3494419066262198	0.3735226752175904		NONE
go_bp	GOBP_PHOTORECEPTOR_CELL_DEVELOPMENT	MIXED	-0.910944811368528	1	0.8534169903082532	0.8727022897281519	0.8520105630428869	0.877126714068055		NONE
go_bp	GOBP_POSITIVE_REGULATION_OF_MONOATOMIC_ION_TRANSPORT	MIXED	-1.143045295632693	1	-1.2623550832317822	0.297113419818522	1.3007870651344855	0.3805537831001912		NONE
go_bp	GOBP_NEGATIVE_REGULATION_OF_VIRAL_GENOME_REPLICATION	MIXED	0.9820549538860692	1	0.8312512403939867	0.8979653284671534	-0.9836693757902688	0.7843175379145603		NONE
go_bp	GOBP_POSITIVE_REGULATION_OF_NEURAL_PRECURSOR_CELL_PROLIFERATION	MIXED	1.6353914969046417	1	-1.1868717106208906	0.5050303417438519	-0.8702932588389528	0.877352687408009		NONE
go_bp	GOBP_POSITIVE_REGULATION_OF_SUBSTRATE_ADHESION_DEPENDENT_CELL_SPREADING	SINGLE_DATASET	1.146839722095377	1	-1.4665697580010628	0.2766756302803769	1.0657767469748372	0.7097295262154317		NONE
go_bp	GOBP_SYMBIONT_ENTRY_INTO_HOST	MIXED	1.4531248220151112	1	0.917498098095129	0.8534743202416919	-1.1660482252658897	0.5124534769833495		NONE
go_bp	GOBP_HEART_FIELD_SPECIFICATION	SINGLE_DATASET	1.8203740959118824	1			0.9884747424056785	0.7779516005703776		NONE
go_bp	GOBP_POSITIVE_REGULATION_OF_PROTEIN_TRANSPORT	SINGLE_DATASET	1.1298867136863358	1	-0.9767338376241536	0.7506232815293674	0.9159582916752634	0.8784617602213731		NONE
go_bp	GOBP_REGULATION_OF_CARDIAC_CONDUCTION	SINGLE_DATASET	1.35568441681403	1	-0.8682027742540025	0.849821196960006	-0.8419240730504117	0.8859474108131692		NONE
reactome	REACTOME_RND3_GTPASE_CYCLE	MIXED	-0.7364578965133463	1	-1.1668260124475522	0.4679769503890106	1.160637843436282	0.4929038057377256		NONE
go_bp	GOBP_ORGANIC_ACID_CATABOLIC_PROCESS	MIXED	-0.9337577657478944	1	1.2540033383039575	0.2759405975150076	1.1825943422282252	0.501565888835562		NONE
go_bp	GOBP_NEURAL_TUBE_PATTERNING	MIXED	1.3509922846478106	1	-0.9397712180545384	0.7834106207928198	-1.0619126552709497	0.6966130605006319		NONE
go_bp	GOBP_POSITIVE_REGULATION_OF_MUSCLE_HYPERTROPHY	MIXED	1.1699025352018948	1	-0.751815522813635	0.9302917694525884	-0.7536860639119015	0.9331436768297168		NONE
go_bp	GOBP_JNK_CASCADE	MIXED	1.4225942015520636	1	-0.9898013935752696	0.7314477372004746	0.94131983197291	0.8395076525908169		NONE
go_bp	GOBP_CELL_RECOGNITION	SINGLE_DATASET	1.0869985381506342	1	-1.2946047585167422	0.2927072528524694	1.051958263630863	0.6958762886597937		NONE
go_bp	GOBP_POSITIVE_REGULATION_OF_PROTEIN_SECRETION	SINGLE_DATASET	1.2958621407378803	1	-1.0350689716510002	0.6546077731058331	0.9475039480757512	0.8346567229655626		NONE
go_bp	GOBP_RESPONSE_TO_TUMOR_CELL	MIXED	-0.8347157234531665	1	-0.9999959485971374	0.7056790247895248	-1.0953656305959318	0.6823714033125146		NONE
go_bp	GOBP_ANTIGEN_PROCESSING_AND_PRESENTATION_OF_PEPTIDE_ANTIGEN	MIXED	-1.0938651005012017	1	1.3134121680771078	0.3272626841529952	-1.0961488609154268	0.6952239617658852		NONE
go_bp	GOBP_GLIAL_CELL_MIGRATION	MIXED	1.3231073594175966	1	-0.9063512899848198	0.8394927183283816	1.283373432569279	0.5019048221112415		NONE
go_bp	GOBP_CELLULAR_RESPONSE_TO_ALCOHOL	SINGLE_DATASET	1.1906984635857074	1	-1.4040638508377985	0.1402074978077774	0.9304391528643784	0.8324529444138691		NONE
go_bp	GOBP_CALCIUM_ION_HOMEOSTASIS	SINGLE_DATASET	1.117611763131905	1	-0.9844929303187966	0.7501874862990782	0.9990599809638336	0.7724893086243763		NONE
go_bp	GOBP_POSITIVE_REGULATION_OF_CYTOKINE_PRODUCTION	MIXED	1.1302517461193229	1	-1.022533085245127	0.6854954062826648	0.9011481667375996	0.9109562034100908		NONE
go_bp	GOBP_NEGATIVE_REGULATION_OF_PROTEIN_CONTAINING_COMPLEX_DISASSEMBLY	MIXED	1.4486581400589087	1	1.100831436229423	0.5666790903031128	1.338934596742938	0.4381952601395703		NONE
reactome	REACTOME_O_LINKED_GLYCOSYLATION	SINGLE_DATASET	1.3278306167857403	1	-1.426751793513962	0.1512228192057582	0.8309417070584053	0.8937101947840639		NONE
go_bp	GOBP_REGULATION_OF_CELL_ADHESION	SINGLE_DATASET	1.5503160664309126	1					CITED2	NONE
go_bp	GOBP_N_GLYCAN_PROCESSING	MIXED	0.4309580190430111	1	-1.0918629189410318	0.644750254841998	0.9851273715680264	0.7807332146052016		NONE
go_bp	GOBP_RESPONSE_TO_ATP	MIXED	-1.1987189854614322	1	-1.0475870194720174	0.6738186796499376	0.65963073217933	0.9668647966823052		NONE
go_bp	GOBP_REGULATION_OF_NEURON_PROJECTION_REGENERATION	MIXED	-0.7909504563724652	1	0.8374686578731644	0.8806300442593075	-0.9197030736607792	0.8281876475048238		NONE
go_bp	GOBP_SALIVARY_GLAND_DEVELOPMENT	SINGLE_DATASET	1.4165134468402565	1	-1.3392833676270592	0.3588497567172555	-0.9729839991238168	0.7885880077369439		NONE
go_bp	GOBP_RESPONSE_TO_INTERFERON_ALPHA	MIXED	-0.4677589693533013	1	-1.5973019820991208	0.1431754957226331	-1.276212006647507	0.5463438602760531		NONE
go_bp	GOBP_MEMBRANE_DEPOLARIZATION_DURING_ACTION_POTENTIAL	SINGLE_DATASET	1.449748283638471	1	-1.252550931447015	0.4820621699602591	1.1900087787059352	0.6095123859191656		NONE
go_bp	GOBP_REGULATION_OF_SUBSTRATE_ADHESION_DEPENDENT_CELL_SPREADING	SINGLE_DATASET	1.132904474472993	1	-1.495738249269003	0.131965285522583	1.1798522219083931	0.5902373915530557		NONE
go_bp	GOBP_POST_EMBRYONIC_DEVELOPMENT	MIXED	-1.471568519787815	1	0.9327595904337846	0.7954689362742743	1.1639972106272702	0.5919239037275371		NONE
go_bp	GOBP_RESPONSE_TO_TYPE_I_INTERFERON	MIXED	0.7909557206263055	1	-0.9470842190586496	0.7893716993195015	1.015720104601519	0.7460371920675221		NONE
go_bp	GOBP_SPHINGOLIPID_METABOLIC_PROCESS	MIXED	-1.1999345633788416	1	1.332012783766408	0.2123486761872359	0.6750324186175738	0.996392498271204		NONE
go_bp	GOBP_HOMOTYPIC_CELL_CELL_ADHESION	SINGLE_DATASET	1.2576884647687792	1	-1.5104260519276067	0.0789137805870629	1.299415412623261	0.4322046531967123		NONE
go_bp	GOBP_NEGATIVE_REGULATION_OF_RNA_SPLICING	MIXED	-0.8596336389174138	1	-1.0077709810330149	0.6953916754114832	1.1534057211330746	0.6484401519178671		NONE
reactome	REACTOME_A_TETRASACCHARIDE_LINKER_SEQUENCE_IS_REQUIRED_FOR_GAG_SYNTHESIS	SINGLE_DATASET	1.0496881191040095	1	-0.7068195736712606	0.9778801245459264	-0.6738674294825856	0.9581026208933184		NONE
reactome	REACTOME_SENSORY_PERCEPTION_OF_TASTE	MIXED	0.337061509430492	1	-1.7726214472787172	0.050190634869987	0.9344981250756864	0.7168366911752162		NONE
go_bp	GOBP_T_CELL_DIFFERENTIATION_INVOLVED_IN_IMMUNE_RESPONSE	MIXED	0.9650667055468244	1	-1.0425512920349085	0.6737040971636314	1.2517457955515274	0.4884815214194686		NONE
go_bp	GOBP_OUTFLOW_TRACT_SEPTUM_MORPHOGENESIS	SINGLE_DATASET	1.3173394193462138	1	-1.5482248060362798	0.1772077658635489	0.6701508255194223	0.961348009394188		NONE
go_bp	GOBP_SENSORY_PERCEPTION_OF_MECHANICAL_STIMULUS	SINGLE_DATASET	1.088342053964431	1	1.120689741812279	0.5208470902635892	0.9671036336897714	0.8164606763476799		NONE
go_bp	GOBP_CILIUM_ORGANIZATION	SINGLE_DATASET	-1.050802496267944	1	-1.0565239931332917	0.6070661756341713	1.298596513803404	0.2094564663022259		NONE
go_bp	GOBP_REGULATION_OF_LEUKOCYTE_MEDIATED_IMMUNITY	MIXED	0.9274877374903636	1	0.8735687067236155	0.924784494705915	-0.913731697593387	0.8897131977083262		NONE
reactome	REACTOME_CLASS_B_2_SECRETIN_FAMILY_RECEPTORS	SINGLE_DATASET	1.3427817008446947	1	-1.0558760634204976	0.6443192746256354	0.9202820524770624	0.7648394795596273		NONE
reactome	REACTOME_CHONDROITIN_SULFATE_DERMATAN_SULFATE_METABOLISM	SINGLE_DATASET	1.32502809679559	1	1.5338304429223737	0.0979208782051749	1.191718102971904	0.4260313608362889		NONE
reactome	REACTOME_LAGGING_STRAND_SYNTHESIS	SINGLE_DATASET	-0.9458553452683752	1	-0.9825774891271026	0.7649135598748968	-1.7124059200198165	0.0973352210070581		NONE
go_bp	GOBP_POSTSYNAPSE_ASSEMBLY	SINGLE_DATASET	1.2614017258302883	1	-1.0888312873167714	0.6196112650106073	1.085916252826476	0.6952239617658852		NONE
go_bp	GOBP_CELL_ACTIVATION_INVOLVED_IN_IMMUNE_RESPONSE	SINGLE_DATASET	1.0152608305229307	1	-1.100492035693773	0.5050303417438519	1.066694425714846	0.6879502046825161		NONE
go_bp	GOBP_REGULATION_OF_HEMOPOIESIS	SINGLE_DATASET	1.1805393597646274	1	-1.0097780636772642	0.6952018600718665	1.0956849535277664	0.5941587231212592		NONE
reactome	REACTOME_CARDIAC_CONDUCTION	SINGLE_DATASET	1.333331566722311	1	-0.8977518837543064	0.8702758579631865	1.3558663636143853	0.1848214119769385		NONE
go_bp	GOBP_RESPONSE_TO_ALCOHOL	MIXED	1.1351507813605626	1	-1.3163863449523852	0.131965285522583	1.1860307592008827	0.4889128728414442		NONE
go_bp	GOBP_GRANULOCYTE_DIFFERENTIATION	SINGLE_DATASET	1.0905726812141867	1	-1.0981693656905434	0.5939295183384887	-1.1911776124162936	0.5902515120037353	CITED2	NONE
go_bp	GOBP_REGULATION_OF_LYMPHOCYTE_ACTIVATION	MIXED	0.9800529250600571	1	-1.111490564534794	0.4235319183474696	1.2201760441290324	0.3439749856827293		NONE
go_bp	GOBP_POSITIVE_REGULATION_OF_NEURON_PROJECTION_DEVELOPMENT	SINGLE_DATASET	1.218502003742556	1	0.8668032478194112	0.9097389857136196	0.8857042877553299	0.8902810905031208		NONE
go_bp	GOBP_LEUKOCYTE_CELL_CELL_ADHESION	SINGLE_DATASET	1.0950832317599035	1	-0.9652067300105706	0.7920275487843055	1.1833713234346204	0.4490010788496151		NONE
go_bp	GOBP_POSITIVE_REGULATION_OF_INFLAMMATORY_RESPONSE	MIXED	1.312863615958025	1	0.9799018956763031	0.7557988262616723	0.6960908487224353	0.9918417668842732		NONE
reactome	REACTOME_PLASMA_LIPOPROTEIN_REMODELING	MIXED	0.2426298752981349	1	0.6272142475462338	0.983440726807012	1.276960388937689	0.3893561484918793		NONE
go_bp	GOBP_MULTICELLULAR_ORGANISMAL_LEVEL_CHEMICAL_HOMEOSTASIS	MIXED	1.4663054932314985	1	-1.1643935243435892	0.4937010054890638	1.016858781462992	0.7439340737379914		NONE
reactome	REACTOME_HCMV_INFECTION	MIXED	0.6657304771292225	1	-0.9155654355676788	0.8490051442142276	-1.3035107979893017	0.2230783662092624		NONE
go_bp	GOBP_REGULATION_OF_ALCOHOL_BIOSYNTHETIC_PROCESS	SINGLE_DATASET	1.4714130800995469	1	-1.304937864031375	0.3928305253173133	1.4755895629750837	0.2677519277142037		NONE
go_bp	GOBP_MYELOID_DENDRITIC_CELL_ACTIVATION	SINGLE_DATASET	1.5021981027226017	1	-1.320408620686354	0.4091376641004433	0.8829833735066344	0.8514771173527654		NONE
go_bp	GOBP_NEGATIVE_REGULATION_OF_CELL_GROWTH	SINGLE_DATASET	1.0508109495070748	1	1.432194883344712	0.0745244437502977	1.2270453822339	0.4572575760974406		NONE
go_bp	GOBP_RESPONSE_TO_EPIDERMAL_GROWTH_FACTOR	SINGLE_DATASET	1.0737431325492732	1	-0.791551847303829	0.9315673289183224	-1.070170308138665	0.7133234187735106		NONE
go_bp	GOBP_POSITIVE_REGULATION_OF_RESPONSE_TO_WOUNDING	MIXED	1.215817020420324	1	-1.1252419634661508	0.5441708229426434	1.0174518648775064	0.7233697698004905		NONE
go_bp	GOBP_NEGATIVE_REGULATION_OF_PEPTIDYL_SERINE_PHOSPHORYLATION	SINGLE_DATASET	1.0536543013898574	1	1.0294186792561513	0.7056790247895248	1.6007273612089696	0.236329888936956		NONE
reactome	REACTOME_BASIGIN_INTERACTIONS	MIXED	-1.113320265113805	1	1.2509839007793628	0.447604504676465	0.7762425066581795	0.8834236669308276		NONE
go_bp	GOBP_POSITIVE_REGULATION_OF_LEUKOCYTE_PROLIFERATION	MIXED	-1.0198415106398735	1	-0.955236081053814	0.7778739746706181	0.9180347085459128	0.8514771173527654		NONE
reactome	REACTOME_MOLECULES_ASSOCIATED_WITH_ELASTIC_FIBRES	SINGLE_DATASET	1.4129717061099	1	-1.3174517352405706	0.3435275666546025	1.267037167590809	0.3691235458413455		NONE
go_bp	GOBP_ANTIGEN_PROCESSING_AND_PRESENTATION_OF_PEPTIDE_ANTIGEN_VIA_MHC_CLASS_IB	SINGLE_DATASET	1.6738142327087937	1	1.3447307397598247	0.4057177615571776	-1.2391491331968816	0.5795704159526407		NONE
go_bp	GOBP_FIBRINOLYSIS	SINGLE_DATASET	1.7840672156567798	1	-1.3301899953537306	0.422979797979798	0.7818539093231204	0.9068493599322064		NONE
go_bp	GOBP_POSITIVE_REGULATION_OF_PRODUCTION_OF_MOLECULAR_MEDIATOR_OF_IMMUNE_RESPONSE	SINGLE_DATASET	1.179872624999156	1	0.8596646197386468	0.920524982200444	0.8168071001627222	0.9335647629986532		NONE
go_bp	GOBP_KETONE_BIOSYNTHETIC_PROCESS	SINGLE_DATASET	1.2203313345536704	1	-1.1862110137755846	0.503858186980755	0.8174777407436786	0.8902810905031208		NONE
go_bp	GOBP_CD4_POSITIVE_ALPHA_BETA_T_CELL_DIFFERENTIATION	MIXED	0.9970815670945748	1	-1.1957241115957549	0.4444897328142349	1.0675400992206017	0.7063409563409564		NONE
go_bp	GOBP_POSITIVE_REGULATION_OF_COAGULATION	MIXED	1.6314468864049596	1	-1.1130711610425907	0.6130655460350379	-1.3386910624578678	0.4889128728414442		NONE
go_bp	GOBP_REGULATION_OF_VIRAL_PROCESS	MIXED	0.9941089951428854	1	1.0786332632833022	0.6098574644159764	-1.0577453542561217	0.690626764539808		NONE
go_bp	GOBP_ADAPTIVE_IMMUNE_RESPONSE_BASED_ON_SOMATIC_RECOMBINATION_OF_IMMUNE_RECEPTORS_BUILT_FROM_IMMUNOGLOBULIN_SUPERFAMILY_DOMAINS	MIXED	-1.00189013729008	1	-1.026768029089451	0.6691045018690069	1.009630817547911	0.7460371920675221		NONE
go_bp	GOBP_AMYLOID_BETA_METABOLIC_PROCESS	SINGLE_DATASET	1.3034551777698684	1	-1.0215955272284394	0.6852384868421053	-0.9691803412696008	0.7878260869565218		NONE
reactome	REACTOME_TRANSCRIPTION_OF_THE_HIV_GENOME	MIXED	-0.531103362794152	1	-0.9831433806134016	0.7667582198869517	-1.5673182783437425	0.0712959771713757		NONE
go_bp	GOBP_LEUKOCYTE_PROLIFERATION	SINGLE_DATASET	1.076235489574846	1	-1.0719202496961142	0.5675675675675675	1.2174081012750315	0.4052561293417521		NONE
go_bp	GOBP_REGULATION_OF_MACROPHAGE_DIFFERENTIATION	SINGLE_DATASET	1.0239335249366028	1	1.056669720196162	0.6737040971636314	0.9390589218994376	0.8260882543697066		NONE
reactome	REACTOME_ANTIGEN_PROCESSING_CROSS_PRESENTATION	MIXED	1.5036326642921305	1	1.1114287768928623	0.5483630952380952	-1.15360026774221	0.4211656046025643		NONE
go_bp	GOBP_REGULATION_OF_CELL_GROWTH	MIXED	1.020319568648239	1	1.109752691351955	0.4707672929568594	0.93686315286884	0.8604058741292944		NONE
reactome	REACTOME_O_LINKED_GLYCOSYLATION_OF_MUCINS	SINGLE_DATASET	1.3182086280969216	1	-1.3709045251828331	0.2814572158067183	1.081603826610236	0.5668716724802644		NONE
reactome	REACTOME_RMTS_METHYLATE_HISTONE_ARGININES	SINGLE_DATASET	-0.8742461197755029	1	-1.2404987663517073	0.4466225557969582	0.9987985650894832	0.6639722584698661		NONE
reactome	REACTOME_SIGNALING_BY_WNT_IN_CANCER	SINGLE_DATASET	0.9850966965676472	1	-1.1438556440978291	0.5523533098956204	-0.9944815923116824	0.6677683202553532		NONE
go_bp	GOBP_CILIUM_MOVEMENT	SINGLE_DATASET	-1.194458483038657	1	-1.2308367509247762	0.3704282868525896	1.3215485464866226	0.2395248614708634		NONE
go_bp	GOBP_PLATELET_ACTIVATION	SINGLE_DATASET	1.3053808885311533	1	-1.20496769546675	0.4061958695392343	1.0499704370006515	0.7093671194989017		NONE
go_bp	GOBP_ATTACHMENT_OF_MITOTIC_SPINDLE_MICROTUBULES_TO_KINETOCHORE	SINGLE_DATASET	-1.3047589512466025	1	0.7233235854545823	0.941220238095238	-1.5215078897985297	0.2295954507937574		NONE
go_bp	GOBP_POSITIVE_REGULATION_OF_RESPONSE_TO_EXTERNAL_STIMULUS	MIXED	1.3592520051857055	1						NONE
go_bp	GOBP_REGULATION_OF_LIPID_TRANSPORT	MIXED	1.070588545695327	1	0.9859703150150052	0.7491756107113753	-1.017840786043691	0.7379355664309061		NONE
go_bp	GOBP_REGULATION_OF_T_HELPER_17_TYPE_IMMUNE_RESPONSE	MIXED	-0.7988415535067381	1	0.6426970600678722	0.9817928283431164	1.056554028016527	0.7102822477922941		NONE
go_bp	GOBP_NEGATIVE_REGULATION_OF_TRANSLATIONAL_INITIATION	MIXED	1.0863550697104074	1	1.6601242877884277	0.0846980783887142	1.1300486531865013	0.6808981966112805		NONE
go_bp	GOBP_RESPONSE_TO_MUSCLE_ACTIVITY	SINGLE_DATASET	1.5715125720058616	1	-1.1528292198630303	0.5716975802655118	0.5571207450918406	0.9900933139447496		NONE
go_bp	GOBP_RESPONSE_TO_ESTRADIOL	SINGLE_DATASET	1.1273008773280069	1	-1.1364367283240098	0.5107971097541798	1.2100740847565408	0.5139259175222645		NONE
go_bp	GOBP_NEUROMUSCULAR_PROCESS	MIXED	0.8824172186938092	1	1.016818120132875	0.7139042787530872	1.0288022768034324	0.7254885476609823		NONE
reactome	REACTOME_GPCR_LIGAND_BINDING	MIXED	1.3024549217907233	1	-1.2717921936876022	0.2066297178888606	1.1095282266026352	0.4176581647192932		NONE
go_bp	GOBP_IMMUNE_EFFECTOR_PROCESS	MIXED	1.0132899016113983	1	-1.1079283104505626	0.422979797979798				NONE
go_bp	GOBP_PEPTIDYL_L_CYSTEINE_S_PALMITOYLATION	MIXED	-0.7483878771463153	1	0.7676681080314812	0.9191321463974448	0.8159182854611723	0.8889471290259698		NONE
go_bp	GOBP_POSITIVE_REGULATION_OF_ADAPTIVE_IMMUNE_RESPONSE	MIXED	-1.0474210961705803	1	1.0292467499219122	0.6762613872289552	-1.053677189175911	0.6936504695794201		NONE
go_bp	GOBP_INORGANIC_ION_HOMEOSTASIS	SINGLE_DATASET	1.1868163503061022	1	1.2499422712607249	0.1226411893817923				NONE
go_bp	GOBP_ZINC_ION_TRANSPORT	MIXED	0.9808352729264536	1	1.6169150534259429	0.1304478325210802	0.7818354558815956	0.9156258765379688		NONE
go_bp	GOBP_REGULATION_OF_LEUKOCYTE_PROLIFERATION	MIXED	1.0682145116426751	1	0.9487633136355268	0.8314670933942733	1.124263999737591	0.5962748656426187		NONE
go_bp	GOBP_LATE_ENDOSOME_TO_VACUOLE_TRANSPORT	MIXED	0.912762660860624	1	1.5578114164763115	0.1574344384337931	-1.2883462198204263	0.5032192246656086		NONE
go_bp	GOBP_FATTY_ACID_DERIVATIVE_METABOLIC_PROCESS	MIXED	-0.9982147614420468	1	-1.192160108345778	0.452838697280008	1.2081069820692891	0.5727355338885206		NONE
go_bp	GOBP_BIOLOGICAL_PROCESS_INVOLVED_IN_INTERACTION_WITH_HOST	MIXED	1.2623028105388274	1	0.9828813855254164	0.7437081462947973	-1.3041753073652047	0.2684215417191016		NONE
go_bp	GOBP_VASCULAR_PROCESS_IN_CIRCULATORY_SYSTEM	SINGLE_DATASET	1.2143569107665713	1	1.1205333014206973	0.4707672929568594	1.122392865766762	0.6008843036109064		NONE
go_bp	GOBP_NEGATIVE_REGULATION_OF_VIRAL_PROCESS	MIXED	0.8630221092653774	1	0.9174745450737636	0.845226844522564	-0.9267004632351818	0.8444161021150033		NONE
go_bp	GOBP_REGULATION_OF_HEART_CONTRACTION	SINGLE_DATASET	1.2395376203127977	1	-1.12559082453772	0.5050303417438519	-0.9002512606221169	0.9042730622159718		NONE
go_bp	GOBP_POSITIVE_REGULATION_OF_OLIGODENDROCYTE_DIFFERENTIATION	SINGLE_DATASET	1.2490296099279463	1	-1.2587218677935184	0.4713486643112018	0.9056625745276976	0.8400202292650034		NONE
go_bp	GOBP_SPERM_MOTILITY	SINGLE_DATASET	-1.220145207197751	1	-1.1008242555072818	0.5704220390333262	1.1618567734941014	0.5714688940092165		NONE
go_bp	GOBP_RESPONSE_TO_ORGANOPHOSPHORUS	SINGLE_DATASET	1.3167806550060244	1	-1.3738860143561764	0.1737233559225479	-0.8552307398408077	0.9228785490601804		NONE
go_bp	GOBP_AMYLOID_PRECURSOR_PROTEIN_METABOLIC_PROCESS	SINGLE_DATASET	1.3845940166495665	1	1.012838850182522	0.7092969173923155	0.7882845645714452	0.9331436768297168		NONE
go_bp	GOBP_NEUTROPHIL_MIGRATION	SINGLE_DATASET	1.0302886540993546	1	-1.1972762752100494	0.4432630922094753	0.9799930507927498	0.7900167237488688		NONE
reactome	REACTOME_METAL_ION_SLC_TRANSPORTERS	SINGLE_DATASET	1.3453991839177362	1	1.7164339346914552	0.0681807663284357	1.1358283320068314	0.5386271027060913		NONE
go_bp	GOBP_NEGATIVE_REGULATION_OF_MITOTIC_CELL_CYCLE	MIXED	-0.9512490245244268	1	0.8801040996071924	0.9134422900938	1.1605319684864082	0.5363190624252571		NONE
go_bp	GOBP_POSITIVE_REGULATION_OF_PROTEIN_LOCALIZATION_TO_PLASMA_MEMBRANE	SINGLE_DATASET	1.0157303609089936	1	0.883847342267362	0.8696488079979492	1.433723070154766	0.3543491864831039		NONE
go_bp	GOBP_DENDRITIC_SPINE_MORPHOGENESIS	SINGLE_DATASET	1.240471064195363	1	0.974498063064801	0.7696944610317935	1.3319099582633531	0.4703585922773615		NONE
go_bp	GOBP_RESPONSE_TO_AMYLOID_BETA	MIXED	1.545065610874633	1	-0.7639678428368216	0.9488982653539616	1.5035127756089317	0.1485639621478776		NONE
go_bp	GOBP_POSITIVE_REGULATION_OF_CELL_ACTIVATION	MIXED	-1.0901312503210576	1	-1.2774749606778573	0.1257900476089519	1.3007808705856014	0.1875492394172877		NONE
go_bp	GOBP_T_HELPER_17_TYPE_IMMUNE_RESPONSE	MIXED	-0.8928410680445494	1	1.22975642425606	0.4497995862425653	1.060807605328384	0.7126095966339976		NONE
go_bp	GOBP_ANTIGEN_PROCESSING_AND_PRESENTATION	MIXED	0.8647257028473182	1	1.3325552348791236	0.2766756302803769	0.9090312526515308	0.8497207862536198		NONE
go_bp	GOBP_VACUOLAR_ACIDIFICATION	MIXED	-0.7121125439714504	1	1.362211774784603	0.3379326004781813	0.7299465721672475	0.9371177863614636		NONE
go_bp	GOBP_VASCULATURE_DEVELOPMENT	SINGLE_DATASET	1.5650588973250878	1					CITED2,VEZF1	NONE
go_bp	GOBP_REGULATION_OF_EXTRACELLULAR_MATRIX_ASSEMBLY	SINGLE_DATASET	1.4794619996087106	1	0.6086329788637496	0.981948739201122	-0.9445315601958684	0.8172387872713606		NONE
reactome	REACTOME_TNFS_BIND_THEIR_PHYSIOLOGICAL_RECEPTORS	SINGLE_DATASET	1.7934744600966472	1	0.9611006675158912	0.7895373567681885	1.5782556516992678	0.1330906630668668		NONE
reactome	REACTOME_COLLAGEN_DEGRADATION	SINGLE_DATASET	1.2180042776817224	1	-1.0118536640125042	0.7117864693446089	0.9497529667478554	0.7170100074523582		NONE
go_bp	GOBP_ALPHA_BETA_T_CELL_ACTIVATION	MIXED	-1.169042720448927	1	-0.96367653586132	0.7744528178092381	1.0595111271642197	0.6952239617658852		NONE
go_bp	GOBP_POSITIVE_REGULATION_OF_CELL_CYCLE_G2_M_PHASE_TRANSITION	SINGLE_DATASET	-1.1455302722307623	1	-0.9631422602910136	0.762302305640244	0.877744137448932	0.8497207862536198		NONE
reactome	REACTOME_NICOTINAMIDE_SALVAGING	SINGLE_DATASET	-1.911139186359651	1	-1.1182689298691375	0.6373563730293044	-0.7602717928917284	0.8964312768285497		NONE
go_bp	GOBP_REGULATION_OF_DEVELOPMENTAL_GROWTH	MIXED	-1.0457035173921725	1	-0.9245242723436652	0.8692177742345729	1.4143961864014265	0.0767854490803397	CITED2	NONE
go_bp	GOBP_PROTEIN_O_LINKED_MANNOSYLATION	SINGLE_DATASET	1.258650537690669	1	-0.756566240487142	0.907657803577408	0.475757885959046	0.9945962831704762		NONE
go_bp	GOBP_HETEROPHILIC_CELL_CELL_ADHESION_VIA_PLASMA_MEMBRANE_CELL_ADHESION_MOLECULES	SINGLE_DATASET	1.4627637369563975	1	-1.1729139041480698	0.5100806451612904	0.8945010822909141	0.8416973552058923		NONE
go_bp	GOBP_REGULATION_OF_RECEPTOR_LOCALIZATION_TO_SYNAPSE	SINGLE_DATASET	1.3291853451359257	1	0.601206583798736	0.9768158695439172	0.8257756497386401	0.882049225159526		NONE
go_bp	GOBP_RESPONSE_TO_AXON_INJURY	MIXED	-1.211797482309892	1	-0.8218753201385227	0.924784494705915	0.9555787979962568	0.8139418812584314		NONE
go_bp	GOBP_BASEMENT_MEMBRANE_ORGANIZATION	MIXED	1.0840589411579993	1	-1.1959146338636684	0.4775785324027465	0.8602509589214077	0.8685713988791923		NONE
go_bp	GOBP_INORGANIC_ION_IMPORT_ACROSS_PLASMA_MEMBRANE	MIXED	-0.8660946056050743	1	-0.9528911366709976	0.802815401652611	1.229841968277624	0.5019048221112415		NONE
go_bp	GOBP_REGULATION_OF_CELL_KILLING	MIXED	-1.0290237951620944	1	-0.8601375265713631	0.8972916815934657	-0.8325664334297415	0.939204677157648		NONE
go_bp	GOBP_REGULATION_OF_STEROID_BIOSYNTHETIC_PROCESS	SINGLE_DATASET	1.430971097637053	1	1.2494781978451472	0.4057177615571776	1.3125373507161244	0.4675622300578079		NONE
go_bp	GOBP_MOLTING_CYCLE	MIXED	1.030511815000752	1	-1.514949035196886	0.0773190730203856	0.8786478096382992	0.8863184684307337		NONE
reactome	REACTOME_APC_C_CDH1_MEDIATED_DEGRADATION_OF_CDC20_AND_OTHER_APC_C_CDH1_TARGETED_PROTEINS_IN_LATE_MITOSIS_EARLY_G1	SINGLE_DATASET	-1.173962454855298	1	0.5759212364230947	1.0	-1.555527235826594	0.0660794731877502		NONE
go_bp	GOBP_ACTIN_POLYMERIZATION_OR_DEPOLYMERIZATION	MIXED	1.3495532741784635	1	-1.0779008812266038	0.5612752146583952	1.219078997023627	0.4572575760974406		NONE
go_bp	GOBP_REGULATION_OF_MITOTIC_SISTER_CHROMATID_SEGREGATION	SINGLE_DATASET	-1.3689142147995323	1	-0.7857313387533146	0.9313391323316884	-1.2139095405422204	0.5795704159526407		NONE
go_bp	GOBP_REGULATION_OF_ADENYLATE_CYCLASE_ACTIVATING_G_PROTEIN_COUPLED_RECEPTOR_SIGNALING_PATHWAY	MIXED	0.2816794187873701	1	-0.9820396314845417	0.7314477372004746	-0.8535855953554594	0.8532056065669511		NONE
go_bp	GOBP_REACTIVE_OXYGEN_SPECIES_BIOSYNTHETIC_PROCESS	MIXED	-0.7236543598648219	1	1.4463394241452192	0.2264747620737779	-1.044866817898826	0.729470888841455		NONE
reactome	REACTOME_SIGNALING_BY_THE_B_CELL_RECEPTOR_BCR	MIXED	-0.8781552589192525	1	-0.7898444347871804	0.983440726807012	-1.299817101996373	0.2459116007503104		NONE
go_bp	GOBP_PEPTIDYL_CYSTEINE_MODIFICATION	MIXED	-0.9564252348367406	1	0.5710150229150259	0.9981903277098448	0.8230981690716266	0.8863184684307337		NONE
go_bp	GOBP_PYRIDINE_CONTAINING_COMPOUND_BIOSYNTHETIC_PROCESS	MIXED	0.7128565099491972	1	1.3688566472363537	0.322577598541766	1.178172810084063	0.6095123859191656		NONE
go_bp	GOBP_GLYCOSPHINGOLIPID_METABOLIC_PROCESS	MIXED	-1.1006606953493163	1	1.05152715421036	0.6703372212872757	0.7122262699641047	0.96621014818141		NONE
reactome	REACTOME_INTERACTIONS_OF_VPR_WITH_HOST_CELLULAR_PROTEINS	MIXED	-0.3797178003109215	1	-1.036036198453384	0.6852539233416954	-1.5452731663443056	0.1085835937345234		NONE
go_bp	GOBP_NEGATIVE_REGULATION_OF_ACTIN_FILAMENT_DEPOLYMERIZATION	MIXED	1.561096074681655	1	-1.029225886773076	0.6744159160895018	1.234559791312786	0.5825097574574853		NONE
go_bp	GOBP_POSITIVE_REGULATION_OF_LAMELLIPODIUM_ASSEMBLY	MIXED	1.3359137738316034	1	-1.3257705866260794	0.4071086396826067	-1.6553126431079364	0.1926334202857927		NONE
go_bp	GOBP_AXONAL_FASCICULATION	SINGLE_DATASET	1.2644146262472729	1	-0.6908815387517596	0.9522490358869	1.027988248714914	0.762091550077527		NONE
reactome	REACTOME_REGULATION_OF_TP53_ACTIVITY_THROUGH_PHOSPHORYLATION	SINGLE_DATASET	-1.267590812090244	1	-0.9883030269501866	0.7522194423845925	1.0880243869302206	0.5438376561524902		NONE
go_bp	GOBP_CELL_SURFACE_RECEPTOR_SIGNALING_PATHWAY_VIA_STAT	MIXED	1.145997427886167	1	-0.90713703056978	0.8585319760579561	1.0138043200213784	0.7590750549856915		NONE
go_bp	GOBP_NEGATIVE_REGULATION_OF_TYPE_I_INTERFERON_MEDIATED_SIGNALING_PATHWAY	MIXED	-0.9166746193912768	1	-1.0200058728688923	0.7084896321767219	0.9359613390682584	0.8183225806451614		NONE
go_bp	GOBP_POSITIVE_REGULATION_OF_T_CELL_MEDIATED_IMMUNITY	MIXED	-1.1721160426450383	1	1.2533709519903609	0.409886232718894	-1.0425923415664995	0.7306710268959474		NONE
go_bp	GOBP_T_CELL_ACTIVATION_INVOLVED_IN_IMMUNE_RESPONSE	MIXED	0.9952032505815416	1	-1.0709924014751426	0.6345244351024698	1.302859369964336	0.4009319601042403		NONE
go_bp	GOBP_REGULATION_OF_ESTABLISHMENT_OF_PROTEIN_LOCALIZATION	SINGLE_DATASET	1.143470092004361	1	1.1426002348000188	0.3662937031784805				NONE
go_bp	GOBP_BIOLOGICAL_PROCESS_INVOLVED_IN_INTERACTION_WITH_SYMBIONT	SINGLE_DATASET	1.1415762571288115	1	-1.0327886155043258	0.6722885820822633	-1.1958070745085505	0.5019048221112415		NONE
go_bp	GOBP_PINOCYTOSIS	MIXED	-1.0528752703390103	1	-1.2001956429709129	0.5364836666066175	0.6688179018451064	0.9549592985248307		NONE
go_bp	GOBP_MUSCLE_CONTRACTION	MIXED	1.2380768257116084	1	-1.3610529229145387	0.0695790801808679	0.8279107941894407	0.9651808242220354		NONE
go_bp	GOBP_POSITIVE_REGULATION_OF_WOUND_HEALING	MIXED	1.2487258926503393	1	-1.163923272211505	0.5157251019219569	1.1890479615791327	0.5825097574574853		NONE
go_bp	GOBP_REGULATION_OF_PROTEIN_LOCALIZATION_TO_SYNAPSE	SINGLE_DATASET	1.436395631706382	1	-0.7102370045459363	0.948561868562735	1.6058623588200365	0.1719130685049198		NONE
go_bp	GOBP_RESPONSE_TO_GROWTH_FACTOR	SINGLE_DATASET	1.5827436008949942	1					CITED2	NONE
go_bp	GOBP_PHAGOCYTOSIS	MIXED	1.1862873647582612	1	-1.0334752395192737	0.6722885820822633	1.1758193398649144	0.5139622117254793		NONE
go_bp	GOBP_REGULATION_OF_VIRAL_GENOME_REPLICATION	MIXED	-0.9042436223033008	1	0.7684645126126723	0.9650742626918064	-0.9605082999237397	0.799404164903958		NONE
go_bp	GOBP_DORSAL_VENTRAL_NEURAL_TUBE_PATTERNING	SINGLE_DATASET	1.9278795847650727	1			-1.100487156327658	0.6853838140539826		NONE
go_bp	GOBP_RESPONSE_TO_OSMOTIC_STRESS	MIXED	0.9398739225161034	1	-1.1012115747447075	0.5567623590879405	-1.12853744762582	0.6136991745091309		NONE
go_bp	GOBP_ASTROCYTE_DEVELOPMENT	SINGLE_DATASET	1.2466726901087968	1	-1.1283456429438146	0.5535822386894906	1.5929301252142736	0.1664509876045139		NONE
go_bp	GOBP_AORTA_MORPHOGENESIS	SINGLE_DATASET	1.4175356683419775	1	-1.075683691357595	0.6357061702499562	1.2192573696441915	0.5825097574574853		NONE
reactome	REACTOME_CELL_JUNCTION_ORGANIZATION	SINGLE_DATASET	1.2577335610832283	1	-1.4461066696912404	0.1148324475797653	1.18550505156211	0.3893561484918793		NONE
reactome	REACTOME_REGULATION_OF_FZD_BY_UBIQUITINATION	SINGLE_DATASET	1.3370795163054563	1	0.9779974104909666	0.7722262861217489	1.0129433407799238	0.6524577162988607		NONE
go_bp	GOBP_REGULATION_OF_CATION_CHANNEL_ACTIVITY	SINGLE_DATASET	1.297626477181895	1	-0.9334944391664508	0.8058967432852556	1.326099358151654	0.4046522774808273		NONE
go_bp	GOBP_UBIQUITIN_DEPENDENT_PROTEIN_CATABOLIC_PROCESS_VIA_THE_MULTIVESICULAR_BODY_SORTING_PATHWAY	MIXED	0.8157651593172325	1	1.5308488728603442	0.1431754957226331	-0.927323723503346	0.8368397653407466		NONE
go_bp	GOBP_POTASSIUM_ION_IMPORT_ACROSS_PLASMA_MEMBRANE	MIXED	1.2040617417675743	1	-0.9997663025912272	0.7151150263007795	1.112771403358955	0.6806695482292778		NONE
go_bp	GOBP_T_CELL_PROLIFERATION	SINGLE_DATASET	1.08080235178105	1	0.9095810843057456	0.861984282907662	0.9364089342423964	0.8444161021150033		NONE
go_bp	GOBP_IMPORT_ACROSS_PLASMA_MEMBRANE	MIXED	-1.0337001300047202	1	1.328339368826857	0.1772077658635489	1.1772617653697266	0.533561779206974		NONE
go_bp	GOBP_MUSCLE_ORGAN_MORPHOGENESIS	SINGLE_DATASET	1.3536804072988544	1	-1.2229777042571466	0.4117838541666667	0.9326596008969216	0.8283776691704661		NONE
go_bp	GOBP_REGULATION_OF_ALPHA_BETA_T_CELL_ACTIVATION	MIXED	-1.007958721391985	1	-1.0019733236308448	0.7102302102819112	0.994939839147844	0.7878260869565218		NONE
go_bp	GOBP_ENDOCYTOSIS	SINGLE_DATASET	1.5196893752324427	1						NONE
go_bp	GOBP_CRANIAL_SKELETAL_SYSTEM_DEVELOPMENT	SINGLE_DATASET	1.3643716842212734	1	0.9511507779975517	0.7848205976631165	-1.0475502818918463	0.7269056508788858		NONE
go_bp	GOBP_REGULATION_OF_CELL_CYCLE_PHASE_TRANSITION	SINGLE_DATASET	-1.1014660070021065	1	-0.9830575590866236	0.7627030132121781	1.180440942966416	0.4490010788496151		NONE
go_bp	GOBP_PEPTIDE_TRANSPORT	SINGLE_DATASET	1.051610763906092	1	-1.2961512460098177	0.1503781436406744	0.7512521129386431	0.9900933139447496		NONE
go_bp	GOBP_URONIC_ACID_METABOLIC_PROCESS	SINGLE_DATASET	-1.7880064895205516	1			0.8148536310338127	0.8902810905031208		NONE
go_bp	GOBP_POSITIVE_REGULATION_OF_CALCIUM_ION_TRANSMEMBRANE_TRANSPORTER_ACTIVITY	MIXED	1.473996390616657	1	-1.5837567252547609	0.1543290518682228	-1.3633805380517332	0.4558872861455887		NONE
go_bp	GOBP_SPINAL_CORD_DEVELOPMENT	MIXED	1.476393385813472	1	1.1662638328190862	0.4766267907757388	1.5687381630217463	0.0841107530629878		NONE
go_bp	GOBP_LYSOSOMAL_LUMEN_ACIDIFICATION	MIXED	-0.981580462333652	1	1.0506610968248729	0.6821390980787476	-0.9242015657277284	0.827077921477633		NONE
go_bp	GOBP_NEUROTRANSMITTER_RECEPTOR_LOCALIZATION_TO_POSTSYNAPTIC_SPECIALIZATION_MEMBRANE	SINGLE_DATASET	1.3289744308094456	1	-0.9975871785407268	0.7208013878784487	1.1230409031739257	0.661244776119403		NONE
reactome	REACTOME_HEPARAN_SULFATE_HEPARIN_HS_GAG_METABOLISM	SINGLE_DATASET	1.276671721609976	1	-0.765096662071175	0.9694676755608655	-0.9294047768294142	0.7400259258937039		NONE
go_bp	GOBP_REGULATION_OF_MORPHOGENESIS_OF_A_BRANCHING_STRUCTURE	SINGLE_DATASET	1.2869353929379832	1	-0.8550876390084402	0.8820983638430248	-0.9595462477412304	0.798255680959046		NONE
go_bp	GOBP_REGULATION_OF_STEROID_METABOLIC_PROCESS	SINGLE_DATASET	1.3694252431316611	1	1.4531910364328764	0.1596317010383577	1.1245772552849025	0.6537920107547533		NONE
go_bp	GOBP_REGULATION_OF_MESENCHYMAL_CELL_PROLIFERATION	SINGLE_DATASET	1.3157342086480273	1	-1.2333194727971235	0.4571683950808237	-0.8673787121327217	0.8719081039456413		NONE
go_bp	GOBP_EYE_PHOTORECEPTOR_CELL_DEVELOPMENT	MIXED	-0.5900514232836724	1	-0.838827502423319	0.8692177742345729	1.0457233714942036	0.729470888841455		NONE
reactome	REACTOME_ION_HOMEOSTASIS	SINGLE_DATASET	1.0987431045566065	1	-1.032358292230884	0.7051095950065321	0.7648672547440379	0.9178792237615766		NONE
go_bp	GOBP_VIRAL_LIFE_CYCLE	MIXED	1.188875322687253	1	1.0870580818995343	0.5537045187091588	-1.1682457751780304	0.4731190594481292		NONE
go_bp	GOBP_REGULATION_OF_MITOTIC_CELL_CYCLE	MIXED	-1.1601719087001947	1	0.9069782393435992	0.9223437235184452	1.0795362368895456	0.6291115949888871		NONE
go_bp	GOBP_GLYCOLIPID_CATABOLIC_PROCESS	SINGLE_DATASET	0.8191353224974817	1	1.4398707187765185	0.3163906180524677	-0.6094252289934277	0.9858258668055232		NONE
go_bp	GOBP_REACTIVE_NITROGEN_SPECIES_METABOLIC_PROCESS	MIXED	-1.522630799323589	1	-1.223881897865336	0.4191474160514408	1.1418802768742788	0.6299249096134235		NONE
go_bp	GOBP_RENAL_SYSTEM_VASCULATURE_DEVELOPMENT	SINGLE_DATASET	1.335253210291844	1	-1.548866423199445	0.1376399216008522	1.2354433030983103	0.579117862233854		NONE
go_bp	GOBP_NEGATIVE_REGULATION_OF_MYELOID_LEUKOCYTE_DIFFERENTIATION	SINGLE_DATASET	1.3032206781402502	1	-1.0829645500074367	0.6116381788719879	1.190630506890222	0.5972758359069887		NONE
go_bp	GOBP_ENTEROENDOCRINE_CELL_DIFFERENTIATION	SINGLE_DATASET	1.0643228913114422	1	-1.379807952871985	0.3445454444801205	1.0071130766486136	0.7446103335915317		NONE
go_bp	GOBP_TRIGLYCERIDE_METABOLIC_PROCESS	MIXED	-1.138930323952097	1	1.5874742089595903	0.083193779000157	-1.1144582380290504	0.6553406889143637		NONE
go_bp	GOBP_RRNA_METHYLATION	SINGLE_DATASET	-0.8122528811397424	1	-1.0421892439027436	0.6821390980787476	-0.7032183816321242	0.9452269170579028		NONE
go_bp	GOBP_SMALL_GTPASE_MEDIATED_SIGNAL_TRANSDUCTION	SINGLE_DATASET	1.2003078444473478	1	-0.9205098918500126	0.9065934065934066	1.3597674615131223	0.1032892917947452		NONE
reactome	REACTOME_HS_GAG_DEGRADATION	SINGLE_DATASET	1.387622884636876	1	-0.9182099320477832	0.8355140987915322	-1.0775522161684292	0.5639588202230572		NONE
reactome	REACTOME_PRE_NOTCH_PROCESSING_IN_GOLGI	SINGLE_DATASET	1.136007479070754	1	1.0284688509587223	0.7085448392554992	1.3168324647025498	0.3691235458413455		NONE
go_bp	GOBP_RESPONSE_TO_METAL_ION	MIXED	1.0977406409095398	1	-0.999246538296112	0.7224918309703146	1.0459376542773668	0.6947615964009406		NONE
reactome	REACTOME_NGF_STIMULATED_TRANSCRIPTION	SINGLE_DATASET	1.3582554444253157	1	0.9758082389969344	0.7722262861217489	-1.2620153979332671	0.3742456640532193		NONE
reactome	REACTOME_SPHINGOLIPID_DE_NOVO_BIOSYNTHESIS	SINGLE_DATASET	1.014450587381397	1	1.5117036615427886	0.1642729690168024	-1.5199564579527405	0.1330906630668668		NONE
go_bp	GOBP_ADENYLATE_CYCLASE_INHIBITING_G_PROTEIN_COUPLED_RECEPTOR_SIGNALING_PATHWAY	SINGLE_DATASET	1.2329319689942635	1	-1.5184920264270003	0.1226411893817923	1.082953261765731	0.6844700332988285		NONE
go_bp	GOBP_CELL_CYCLE_CHECKPOINT_SIGNALING	SINGLE_DATASET	-1.0356786909048703	1	-1.311054936353884	0.1432355508079096	-1.341007211399354	0.2082391013495563		NONE
go_bp	GOBP_AMINOGLYCAN_CATABOLIC_PROCESS	SINGLE_DATASET	1.0053593729879204	1	1.0725213597035634	0.654965310137724	0.8812756002617577	0.8497207862536198		NONE
go_bp	GOBP_POSITIVE_REGULATION_OF_INTRACELLULAR_PROTEIN_TRANSPORT	SINGLE_DATASET	0.8709499182890754	1	-0.8917725668251113	0.8750599889020532	1.053940569368207	0.7127031609087142		NONE
go_bp	GOBP_CERAMIDE_METABOLIC_PROCESS	MIXED	-1.0333686494384684	1	1.1428970748472966	0.5103227337446606	-0.857219244679258	0.9042730622159718		NONE
go_bp	GOBP_CELL_FATE_DETERMINATION	MIXED	1.5938905915738737	1	-0.8693099932533308	0.8564021555824612	-0.8848090637274503	0.8626027875972605		NONE
go_bp	GOBP_INTERFERON_BETA_PRODUCTION	MIXED	-0.78667699962699	1	-0.6846473304735549	0.9768158695439172	-0.6176820594272333	0.9898538779128548		NONE
go_bp	GOBP_REGULATION_OF_IMMUNOGLOBULIN_PRODUCTION	MIXED	0.6933502784927363	1	-0.8351808980790608	0.9065442607481964	1.1829675927573489	0.5825097574574853		NONE
go_bp	GOBP_CELLULAR_RESPONSE_TO_AMYLOID_BETA	MIXED	1.5326074835786136	1	0.78024742241135	0.9249936721320696	1.2724754120375628	0.5424758694483098		NONE
go_bp	GOBP_BRANCHED_CHAIN_AMINO_ACID_METABOLIC_PROCESS	SINGLE_DATASET	-1.482968256738218	1	-1.0365145488856358	0.6737040971636314	-1.2851371035191552	0.5115299665499584		NONE
reactome	REACTOME_SPHINGOLIPID_METABOLISM	MIXED	-0.917021366602287	1	1.2860402321370503	0.2749765478424014	-0.9492635874773504	0.7465348643228565		NONE
go_bp	GOBP_SOMITOGENESIS	MIXED	1.0760819645627275	1	-1.2554720400962205	0.4126086180974951	1.0074034829710707	0.7386857944490137		NONE
go_bp	GOBP_NEGATIVE_REGULATION_OF_OSSIFICATION	SINGLE_DATASET	1.2536770095340464	1	-0.7546175349262398	0.9420289855072465	1.056690758599298	0.7126095966339976		NONE
go_bp	GOBP_LEUKOCYTE_MIGRATION	MIXED	1.4041546426406977	1	-1.304282626591552	0.1304478325210802	0.8845123033048753	0.9168350662614664		NONE
go_bp	GOBP_IMMUNE_RESPONSE_TO_TUMOR_CELL	SINGLE_DATASET	1.242780774513613	1	0.7433974990806054	0.9303043298418996	-1.4259025061758763	0.4082942950294316		NONE
reactome	REACTOME_COLLAGEN_BIOSYNTHESIS_AND_MODIFYING_ENZYMES	SINGLE_DATASET	1.10095262998267	1	-1.088130962356968	0.6024081746716402	0.9728148387403684	0.7036569819349623		NONE
go_bp	GOBP_CARDIAC_MUSCLE_CELL_MEMBRANE_REPOLARIZATION	SINGLE_DATASET	1.3297425495945934	1	-1.6059568630867054	0.1598552909904546	0.9200893437347056	0.8285268859230611		NONE
go_bp	GOBP_MONOATOMIC_ION_TRANSMEMBRANE_TRANSPORT	SINGLE_DATASET	1.5003782973931865	1						NONE
go_bp	GOBP_CELLULAR_GLUCURONIDATION	SINGLE_DATASET	-1.7696559290187397	1			1.1063729098632933	0.688253881595075		NONE
go_bp	GOBP_TERTIARY_ALCOHOL_METABOLIC_PROCESS	SINGLE_DATASET	1.5527381084193383	1	-1.1600855920024131	0.5725243472531772	1.233251799860471	0.579117862233854		NONE
go_bp	GOBP_NEGATIVE_REGULATION_OF_LOCOMOTION	MIXED	-1.251016060727108	1	-1.191967492741628	0.3163906180524677	1.3657462312101198	0.1412794906721443	CITED2	NONE
go_bp	GOBP_REGULATION_OF_PROTEIN_SECRETION	SINGLE_DATASET	1.2930337176379334	1	-1.1522182987792502	0.4430176565008025	0.8997895515453328	0.8895656579858849		NONE
go_bp	GOBP_ANTIGEN_PROCESSING_AND_PRESENTATION_OF_PEPTIDE_ANTIGEN_VIA_MHC_CLASS_I	MIXED	-1.1383990687008634	1	1.3348249646013637	0.3470824949698188	-1.4099060350360262	0.403020484375858		NONE
reactome	REACTOME_ACTIVATION_OF_MATRIX_METALLOPROTEINASES	SINGLE_DATASET	1.3191985317439276	1	1.0085536781664657	0.7336951254966566	1.1849007608772248	0.4658223455933379		NONE
go_bp	GOBP_VASCULOGENESIS	SINGLE_DATASET	1.27622854653269	1	-1.4631313018322416	0.1643444352814698	1.3826629969857405	0.2951435241967284	CITED2	NONE
go_bp	GOBP_LYMPHOCYTE_MEDIATED_IMMUNITY	MIXED	0.9103395583902932	1	-1.051481288472541	0.6300037586919752	0.9020589231630818	0.8889471290259698		NONE
go_bp	GOBP_LYMPHOCYTE_ACTIVATION_INVOLVED_IN_IMMUNE_RESPONSE	SINGLE_DATASET	1.0556175225338027	1	-1.1281686683809764	0.4876256983240223	1.2569713708839252	0.3893290750078915		NONE
go_bp	GOBP_SYNAPTIC_MEMBRANE_ADHESION	MIXED	0.5047033543100271	1	-1.7438432896475973	0.0533853074484693	0.748038008832354	0.9342328778797262		NONE
go_bp	GOBP_CELL_JUNCTION_ORGANIZATION	SINGLE_DATASET	1.4982244626920207	1						NONE
go_bp	GOBP_REGULATION_OF_PROTEIN_IMPORT_INTO_NUCLEUS	MIXED	1.004178018499563	1	-1.1970240700552466	0.4803052861951425	1.212624326066416	0.5784691746467164		NONE
go_bp	GOBP_RRNA_MODIFICATION	SINGLE_DATASET	-0.9636812567079288	1	-1.3177336459169708	0.3829828914718558	-1.071394795474636	0.688253881595075		NONE
go_bp	GOBP_POSITIVE_REGULATION_OF_PEPTIDE_SECRETION	MIXED	-1.082918671408	1	0.9274501529689302	0.8314670933942733	0.980198085886316	0.799404164903958		NONE
go_bp	GOBP_EMBRYONIC_APPENDAGE_MORPHOGENESIS	SINGLE_DATASET	1.2478741477568394	1	-1.523332029866658	0.0589624058105205	0.8148427595257244	0.9324510450487014		NONE
go_bp	GOBP_REGULATION_OF_HETEROTYPIC_CELL_CELL_ADHESION	SINGLE_DATASET	1.4865170711696778	1	-1.3021444391278412	0.437447168216399	-0.974764006885541	0.7799735991276233		NONE
go_bp	GOBP_KERATAN_SULFATE_METABOLIC_PROCESS	SINGLE_DATASET	1.73419187264929	1	1.4123427420290078	0.3313686967910937	1.70303628110819	0.1352590659742558		NONE
go_bp	GOBP_CALCIUM_ION_TRANSPORT	MIXED	1.2405330199626148	1	0.9238185824527788	0.8806300442593075	1.2158345647299886	0.3787625418060201		NONE
go_bp	GOBP_T_CELL_CHEMOTAXIS	SINGLE_DATASET	1.7161992642848505	1	-0.9917573392363994	0.7191168222173937	-1.050117088514698	0.7093671194989017		NONE
reactome	REACTOME_DISEASES_OF_METABOLISM	MIXED	1.0213192555026231	1	-0.9118576997959482	0.9116966887273752	-0.86295395815402	0.9380361927462366		NONE
reactome	REACTOME_GLYCOSPHINGOLIPID_CATABOLISM	SINGLE_DATASET	1.0054566036920372	1	1.0333928483696446	0.6865692034430934	0.7853786923584184	0.8886750239710218		NONE
go_bp	GOBP_BRANCHED_CHAIN_AMINO_ACID_CATABOLIC_PROCESS	SINGLE_DATASET	-1.401960836590574	1	-1.0120761487572072	0.7070509204120436	-1.2180825091589678	0.5967799246436665		NONE
go_bp	GOBP_REGULATION_OF_PROTEIN_TRANSPORT	SINGLE_DATASET	1.1215003168068185	1	1.083500633043203	0.5008858010580628	1.1704043203262902	0.4538876024225152		NONE
reactome	REACTOME_TELOMERE_C_STRAND_LAGGING_STRAND_SYNTHESIS	SINGLE_DATASET	-1.1728121574225423	1	1.077019433360176	0.6373563730293044	-1.168350400019607	0.4608443134535367		NONE
go_bp	GOBP_SMOOTH_MUSCLE_CELL_DIFFERENTIATION	SINGLE_DATASET	1.185092029520949	1	-0.8444566613395463	0.8936354962066114	-1.1447998404381072	0.6410377358490567		NONE
go_bp	GOBP_VASCULAR_TRANSPORT	MIXED	-1.143283445026102	1	1.549917856735065	0.0846629733947584	1.1940618106703655	0.5727355338885206		NONE
go_bp	GOBP_REGULATION_OF_INTRACELLULAR_PROTEIN_TRANSPORT	MIXED	0.7879264083381562	1	1.213610951895514	0.3600612870275791	1.4481768120900915	0.2174588568233843		NONE
go_bp	GOBP_MEMBRANE_FISSION	MIXED	0.7763979398234446	1	-0.7652878376263818	0.9488982653539616	-0.9725296178188002	0.7940643133462283		NONE
go_bp	GOBP_ANTIGEN_PROCESSING_AND_PRESENTATION_OF_EXOGENOUS_ANTIGEN	MIXED	1.0478344388500755	1	0.9033941355959711	0.8305460581735296	0.8744058705276628	0.8565060618329882		NONE
go_bp	GOBP_REGULATION_OF_TRIGLYCERIDE_BIOSYNTHETIC_PROCESS	MIXED	-1.309506561072204	1	1.387472952807862	0.3357150148004491	-1.3715106343431192	0.4682636357900969		NONE
go_bp	GOBP_PEPTIDE_ANTIGEN_ASSEMBLY_WITH_MHC_PROTEIN_COMPLEX	SINGLE_DATASET	2.063815081587624	1	1.0768542722597525	0.671628935038968	0.8928906475116458	0.8444161021150033		NONE
go_bp	GOBP_HEART_PROCESS	SINGLE_DATASET	1.2018755700203434	1	-1.181849792230231	0.4057177615571776	-0.9758845337306216	0.8129032258064516		NONE
go_bp	GOBP_RNA_MODIFICATION	SINGLE_DATASET	-0.8970090616025373	1	-1.4655015013164596	0.0738089565669956	-0.9543890514437652	0.829915835213371		NONE
reactome	REACTOME_N_GLYCAN_ANTENNAE_ELONGATION_IN_THE_MEDIAL_TRANS_GOLGI	SINGLE_DATASET	1.0934406313479048	1	0.91819315691123	0.8380011302439998	1.7308085931857728	0.0714185862469591		NONE
go_bp	GOBP_SENSORY_PERCEPTION_OF_LIGHT_STIMULUS	SINGLE_DATASET	1.265171158022235	1	0.976753251478343	0.7583520639965213	1.0555749455465178	0.6966130605006319		NONE
go_bp	GOBP_RESPONSE_TO_VIRUS	MIXED	0.884864666583307	1	-0.9319109795502896	0.8651215805471124	0.891618693539302	0.9107724978625996		NONE
reactome	REACTOME_GENE_SILENCING_BY_RNA	SINGLE_DATASET	-0.8766943948261415	1	-1.3168503656608352	0.262756941940137	-1.1845680330801898	0.4250244283760015		NONE
go_bp	GOBP_POSITIVE_REGULATION_OF_CELL_DEVELOPMENT	MIXED	1.1209896748711594	1	-1.2072999293267797	0.2083477855485482	1.3558631933593186	0.1019255306711777		NONE
go_bp	GOBP_DEFENSE_RESPONSE_TO_VIRUS	MIXED	-0.8627654907914879	1	0.8461763729967954	0.9579530423280423	0.8997652674858333	0.8902810905031208		NONE
go_bp	GOBP_MITOTIC_CELL_CYCLE_CHECKPOINT_SIGNALING	SINGLE_DATASET	-1.1576913354454612	1	-1.1352967471316635	0.4936769822224805	-0.9971036517843144	0.768727615928396		NONE
go_bp	GOBP_ANTIGEN_PROCESSING_AND_PRESENTATION_VIA_MHC_CLASS_IB	MIXED	-0.8707694378511008	1	1.337182630609742	0.4117838541666667	-1.2521329900024425	0.5671303493985762		NONE
go_bp	GOBP_ANTIGEN_PROCESSING_AND_PRESENTATION_OF_ENDOGENOUS_PEPTIDE_ANTIGEN	MIXED	-1.062745001047532	1	1.2291446294233548	0.4822015012901712	-1.3034797984407245	0.5115299665499584		NONE
go_bp	GOBP_NEUROEPITHELIAL_CELL_DIFFERENTIATION	SINGLE_DATASET	1.3989047856704184	1	0.7359153161853389	0.9522490358869	1.250347833018919	0.5462195042893878		NONE
go_bp	GOBP_EMBRYONIC_HEART_TUBE_DEVELOPMENT	MIXED	1.4165302405171074	1	-1.0572638895529365	0.6533877895320217	0.9328960360121382	0.8346567229655626	CITED2	NONE
go_bp	GOBP_REGULATION_OF_MYELINATION	SINGLE_DATASET	1.48570336916529	1	-0.749974739188481	0.9532615384615384	1.0319236791129416	0.7318260701171598		NONE
go_bp	GOBP_WOUND_HEALING_SPREADING_OF_EPIDERMAL_CELLS	SINGLE_DATASET	1.3280062141064617	1	-1.2715983786415064	0.4572411577284532	1.8253035777595668	0.0751037818547715		NONE
go_bp	GOBP_REGULATION_OF_ADAPTIVE_IMMUNE_RESPONSE	MIXED	0.884598485452468	1	0.88844927263691	0.8887503895294484	0.951696429813268	0.8281876475048238		NONE
go_bp	GOBP_SEGMENTATION	MIXED	-0.9915460642630446	1	-1.363699363839488	0.2502948463254341	1.3370939591377242	0.3893290750078915		NONE
go_bp	GOBP_SIGNALING_RECEPTOR_LIGAND_PRECURSOR_PROCESSING	SINGLE_DATASET	1.1908716360769662	1	1.5094169626650336	0.1740341074874623	0.9738980998612456	0.7774116125502095		NONE
go_bp	GOBP_CELL_ADHESION_MEDIATED_BY_INTEGRIN	SINGLE_DATASET	1.3712706022284422	1	-1.5542699382551	0.0566597964950582	-1.5236725441975787	0.1401119803083264		NONE
go_bp	GOBP_REGULATION_OF_INTEGRIN_MEDIATED_SIGNALING_PATHWAY	SINGLE_DATASET	1.5911162428424754	1	-0.9376465238711296	0.7803120201033087	0.7794821673583427	0.9018944817105844		NONE
reactome	REACTOME_NICOTINATE_METABOLISM	MIXED	-0.7605144923421915	1	1.0096479096179316	0.7436230284935419	0.8998790601401722	0.7375408763897973		NONE
go_bp	GOBP_CYTOKINE_MEDIATED_SIGNALING_PATHWAY	MIXED	1.152801342196252	1	-1.1884728579425543	0.2766756302803769	1.013025147589959	0.7409304644934896		NONE
reactome	REACTOME_ANTIMICROBIAL_PEPTIDES	SINGLE_DATASET	1.802733949875687	1	-1.416833401510163	0.2502490039840637	1.2235958907466329	0.3627481670648323		NONE
go_bp	GOBP_ANTIGEN_PROCESSING_AND_PRESENTATION_OF_EXOGENOUS_PEPTIDE_ANTIGEN_VIA_MHC_CLASS_II	MIXED	-0.993959790926571	1	0.9962187254313518	0.7420488603202146	0.8848360733809693	0.8503650544466872		NONE
go_bp	GOBP_TYPE_I_INTERFERON_PRODUCTION	MIXED	0.8275252795804078	1	0.7203458595393394	0.9972133757961784	-1.3360010604314798	0.2697848728321108		NONE
go_bp	GOBP_REGULATION_OF_T_CELL_MEDIATED_IMMUNITY	MIXED	-1.040822759638217	1	1.1537163404369215	0.5008858010580628	-0.9823051733744138	0.7810854940892169		NONE
go_bp	GOBP_MUSCLE_ORGAN_DEVELOPMENT	MIXED	1.2629212648553845	1	-0.8478036650437804	0.9722292340925128	1.1574344499373492	0.4996323529411764	CITED2	NONE
go_bp	GOBP_TRIGLYCERIDE_BIOSYNTHETIC_PROCESS	MIXED	-1.1787460676712396	1	1.550887046777709	0.1598552909904546	-1.5661982637404934	0.1571891207480922		NONE
go_bp	GOBP_ADENYLATE_CYCLASE_ACTIVATING_G_PROTEIN_COUPLED_RECEPTOR_SIGNALING_PATHWAY	SINGLE_DATASET	1.2697277176458832	1	-0.9120178071437652	0.835693700091662	1.094154615587457	0.654737170590699		NONE
go_bp	GOBP_REGULATION_OF_JUN_KINASE_ACTIVITY	MIXED	1.46849852995826	1	0.7781677898738321	0.924956369982548	0.8479510383934595	0.8734022259173493		NONE
go_bp	GOBP_ANTIMICROBIAL_HUMORAL_IMMUNE_RESPONSE_MEDIATED_BY_ANTIMICROBIAL_PEPTIDE	MIXED	1.24439607267271	1	0.8003902987297358	0.9420289855072465	0.6072102709606504	0.9963591250692684		NONE
go_bp	GOBP_RESPONSE_TO_PURINE_CONTAINING_COMPOUND	SINGLE_DATASET	1.1153433043249752	1	-1.3101114828758544	0.2759405975150076	-0.904789788847864	0.8798672957124076		NONE
reactome	REACTOME_ATTACHMENT_AND_ENTRY	SINGLE_DATASET	1.1754524969225268	1	-1.0439711127188511	0.7085448392554992	1.0059127341149905	0.6725010884506822		NONE
go_bp	GOBP_ANTIGEN_PROCESSING_AND_PRESENTATION_OF_ENDOGENOUS_ANTIGEN	MIXED	-1.013805888543335	1	1.2823482082511404	0.4166172944489363	-1.4502293586535722	0.4012444230600996		NONE
go_bp	GOBP_REGULATION_OF_CARDIAC_MUSCLE_CELL_PROLIFERATION	MIXED	0.9710750422378236	1	-0.9350539092408324	0.785656192236599	-1.0361254323077196	0.7110774526678141	CITED2	NONE
go_bp	GOBP_INTERFERON_MEDIATED_SIGNALING_PATHWAY	MIXED	0.9371459617463797	1	-1.0648079736866631	0.6196663830664912	0.959793625945192	0.8150588125900786		NONE
go_bp	GOBP_RESPONSE_TO_MINERALOCORTICOID	MIXED	-0.8865488471905772	0	-1.3824827337497212	0.349654170523501	0.8890132563514221	0.8420690980951281		NONE
go_bp	GOBP_MIDBODY_ABSCISSION	MIXED	0.6647671712132733	0	0.9161953430405329	0.7997937768121969	-1.471862823067044	0.4381952601395703		NONE
reactome	REACTOME_TP53_REGULATES_TRANSCRIPTION_OF_ADDITIONAL_CELL_CYCLE_GENES_WHOSE_EXACT_ROLE_IN_THE_P53_PATHWAY_REMAIN_UNCERTAIN	MIXED	0.9385459737872308	0	-0.9142224858546458	0.8409968786013354	-1.4400135387633028	0.2809526404708703		NONE
go_bp	GOBP_PROTEIN_TARGETING_TO_VACUOLE	LOW_EVIDENCE	0.9848226175682911	0	0.8907621321069203	0.8446936632890719	1.2914400338882797	0.5124534769833495		NONE
go_bp	GOBP_BILE_ACID_METABOLIC_PROCESS	MIXED	0.9754326314930984	0	-0.8640255541209898	0.868207600680658	0.9728548054548448	0.7859964455520886		NONE
go_bp	GOBP_EMBRYONIC_DIGESTIVE_TRACT_MORPHOGENESIS	not_tested_in_resistance		0			-0.5371079657254995	0.9896867297537164		NONE
go_bp	GOBP_REGULATION_OF_MEMBRANE_LIPID_DISTRIBUTION	MIXED	1.100988569476123	0	0.679079468286693	0.9861105767381017	-0.6909474540714416	0.9718592814682409		NONE
go_bp	GOBP_HYPOTHALAMUS_DEVELOPMENT	LOW_EVIDENCE	1.5464658088068188	0	0.7462295000906157	0.9275782433201072	0.6868276702898929	0.9550628486534511		NONE
go_bp	GOBP_INFLAMMATORY_RESPONSE	MIXED	0.1000489479997007	0						NONE
reactome	REACTOME_POTENTIAL_THERAPEUTICS_FOR_SARS	MIXED	1.0597081915096649	0	-1.0355445066637767	0.6922587823875378	-1.3994763194123103	0.140752980249123		NONE
go_bp	GOBP_QUATERNARY_AMMONIUM_GROUP_TRANSPORT	not_tested_in_resistance		0	-1.3858716280526155	0.3650676585647405	0.901166170812534	0.8346567229655626		NONE
go_bp	GOBP_REGULATION_OF_CARDIAC_MUSCLE_CELL_ACTION_POTENTIAL	LOW_EVIDENCE	0.9966613404026988	0	-0.6729382900017331	0.9669841940222688	-0.9142701588759676	0.8346567229655626		NONE
go_bp	GOBP_PHOSPHOLIPASE_C_ACTIVATING_G_PROTEIN_COUPLED_RECEPTOR_SIGNALING_PATHWAY	MIXED	1.010139121679182	0	-1.3297123375207058	0.3338194444444444	0.8757337275565894	0.886826205825767		NONE
go_bp	GOBP_CALCINEURIN_MEDIATED_SIGNALING	MIXED	0.9401448193408712	0	-0.8607172579548629	0.8696548879417022	0.8360420508546136	0.8863184684307337		NONE
go_bp	GOBP_NEGATIVE_REGULATION_OF_ORGAN_GROWTH	MIXED	-0.9950829591225266	0	0.9889092404827624	0.73920423482733	1.6609687022852273	0.1527509255997925	CITED2	NONE
go_bp	GOBP_CELL_PROLIFERATION_INVOLVED_IN_HEART_MORPHOGENESIS	LOW_EVIDENCE	1.3312281430208337	0	-1.2221660821012614	0.5039185080402582	-1.0544148828110025	0.7133234187735106		NONE
go_bp	GOBP_NEGATIVE_REGULATION_OF_RECEPTOR_SIGNALING_PATHWAY_VIA_JAK_STAT	LOW_EVIDENCE	-1.1262181375682636	0	-0.9489191018134584	0.7548255129829988	1.0900095303220323	0.7084604821483064		NONE
go_bp	GOBP_GAMETE_GENERATION	LOW_EVIDENCE	0.8657804294145488	0						NONE
go_bp	GOBP_NEGATIVE_REGULATION_OF_RESPONSE_TO_CYTOKINE_STIMULUS	MIXED	-0.9961107581484636	0	-0.8339024616526165	0.911221186681844	0.8370289121687489	0.9003066921367892		NONE
go_bp	GOBP_CELL_MIGRATION_IN_HINDBRAIN	not_tested_in_resistance		0			0.8968490293859078	0.8348584390786404		NONE
go_bp	GOBP_REGULATION_OF_T_CELL_MEDIATED_CYTOTOXICITY	MIXED	-0.990222268154518	0	1.1542816726320444	0.5434103685196752	-0.8345217337615495	0.8902810905031208		NONE
go_bp	GOBP_NEGATIVE_REGULATION_OF_SIGNALING_RECEPTOR_ACTIVITY	LOW_EVIDENCE	0.98231024418901	0	0.969343080631486	0.7570154733805403	0.9571062788648856	0.7983380822674382		NONE
go_bp	GOBP_POSITIVE_REGULATION_OF_AXON_EXTENSION	MIXED	-1.0006919598579953	0	-1.0686366937566276	0.6363026659321181	1.052170953221774	0.722488038277512		NONE
go_bp	GOBP_CHROMOSOME_CONDENSATION	LOW_EVIDENCE	-0.9227481846665516	0	1.047540434828113	0.682969377816484	-0.862204107594501	0.8681782949037913		NONE
reactome	REACTOME_INTERLEUKIN_1_FAMILY_SIGNALING	MIXED	-0.8437699103965505	0	0.9218985213240972	0.8519538677976408	-1.248434076365154	0.2538176265270506		NONE
go_bp	GOBP_MONOCARBOXYLIC_ACID_TRANSPORT	MIXED	1.3402832123363055	0	-1.1720823082027076	0.4421315137765617	1.335204081087678	0.2157767031926876		NONE
go_bp	GOBP_MITOTIC_CYTOKINETIC_PROCESS	MIXED	-0.6820528659295529	0	0.8280812995216049	0.8887510937106079	-1.3393320960326314	0.4826139404142741		NONE
go_bp	GOBP_POSITIVE_REGULATION_OF_CD4_POSITIVE_ALPHA_BETA_T_CELL_ACTIVATION	MIXED	0.882029476979419	0	1.069181640527893	0.6599587823004087	1.0906318385079463	0.6830499009187534		NONE
go_bp	GOBP_LYMPHOCYTE_DIFFERENTIATION	LOW_EVIDENCE	1.014228953647519	0	-1.0257113782438594	0.670161817653422	1.187900711383435	0.4311691274054413		NONE
reactome	REACTOME_ANTIGEN_PROCESSING_UBIQUITINATION_PROTEASOME_DEGRADATION	MIXED	-0.74707404814926	0	0.9418323538162536	0.8560585834700027	1.06202163849612	0.5197822141560798		NONE
go_bp	GOBP_RAS_PROTEIN_SIGNAL_TRANSDUCTION	LOW_EVIDENCE	0.9268254882950404	0	-0.8064362090914519	0.9508754226777354	1.3123523956479692	0.4042088333357813		NONE
reactome	REACTOME_NEGATIVE_REGULATION_OF_FGFR4_SIGNALING	MIXED	-0.79919729728694	0	1.0133362234008485	0.7263490520175012	-0.7873813064605407	0.8834236669308276		NONE
go_bp	GOBP_NEGATIVE_REGULATION_OF_PROTEIN_LOCALIZATION_TO_NUCLEUS	LOW_EVIDENCE	1.384512250279449	0	0.9035623956932984	0.8314670933942733	1.2160237057366086	0.5825097574574853		NONE
go_bp	GOBP_OOCYTE_MATURATION	MIXED	1.02812945218323	0	1.0461173072518355	0.6821390980787476	1.1418099344789727	0.6514902072097645		NONE
reactome	REACTOME_CELLULAR_SENESCENCE	MIXED	1.3947055239478168	0	1.2415143345937203	0.2893686021049123	-1.2003154839667185	0.3195590341516551		NONE
go_bp	GOBP_POSITIVE_REGULATION_OF_RESPONSE_TO_ENDOPLASMIC_RETICULUM_STRESS	LOW_EVIDENCE	1.0639608534829876	0	1.695365675320397	0.0607890846654955	-1.2607681759109255	0.5115299665499584		NONE
go_bp	GOBP_LIPID_EXPORT_FROM_CELL	MIXED	1.304592672630264	0	-1.3931184297949823	0.3001435034969357	-1.2895355755509137	0.5032192246656086		NONE
go_bp	GOBP_REGULATION_OF_MEIOTIC_NUCLEAR_DIVISION	LOW_EVIDENCE	1.1675179730822811	0	0.9685105235448568	0.7696944610317935	0.8366288208285309	0.880315205030159		NONE
go_bp	GOBP_NEGATIVE_REGULATION_OF_VASCULAR_ASSOCIATED_SMOOTH_MUSCLE_CELL_PROLIFERATION	LOW_EVIDENCE	0.9425781744666484	0	-1.1983113833103167	0.5428981937602627	1.6362300453758194	0.1485639621478776		NONE
go_bp	GOBP_REGULATION_OF_FIBRINOLYSIS	not_tested_in_resistance		0			-1.1260194100630985	0.6897964310708582		NONE
go_bp	GOBP_MONOCYTE_CHEMOTACTIC_PROTEIN_1_PRODUCTION	not_tested_in_resistance		0	-0.7252583756521157	0.922447436295626	-0.5843379874896345	0.984464463220676		NONE
reactome	REACTOME_RHO_GTPASES_ACTIVATE_FORMINS	LOW_EVIDENCE	-1.1395707658498735	0	-1.432800823140184	0.106049877888364	-1.428390256291832	0.0700099955960539		NONE
reactome	REACTOME_GPER1_SIGNALING	MIXED	1.287456491500398	0	-1.1091809989955337	0.5799881936245572	0.8284321367848352	0.8648147617956939		NONE
reactome	REACTOME_INTERLEUKIN_RECEPTOR_SHC_SIGNALING	LOW_EVIDENCE	-0.7500949425684493	0	1.0483406496824872	0.7020874833997344	-0.6924179454441598	0.9437117204899778		NONE
go_bp	GOBP_POSITIVE_REGULATION_OF_MRNA_CATABOLIC_PROCESS	MIXED	0.675301219267902	0	-0.7774816418868054	0.9650742626918064	-1.5424104945812194	0.126948743922147		NONE
go_bp	GOBP_REGULATION_OF_DENDRITIC_SPINE_DEVELOPMENT	LOW_EVIDENCE	1.3701674063220797	0	0.9043817046797394	0.8491732617297908	0.8885047517198299	0.8497207862536198		NONE
go_bp	GOBP_NEGATIVE_REGULATION_OF_TELOMERE_MAINTENANCE	MIXED	0.5064818285921467	0	-1.1009827457001038	0.6031509909876946	-0.9137551347815358	0.8328031255683106		NONE
go_bp	GOBP_RETINOIC_ACID_METABOLIC_PROCESS	LOW_EVIDENCE	-1.0191275867610283	0	-0.7841174634117439	0.9097389857136196	0.9736380698574604	0.7807485581617551		NONE
reactome	REACTOME_PHOSPHORYLATION_OF_THE_APC_C	LOW_EVIDENCE	-1.3247889029130882	0	-0.8460240512137872	0.8711862882495335	0.8908594812755389	0.7497141484108308		NONE
go_bp	GOBP_REGULATION_OF_INTRACELLULAR_ESTROGEN_RECEPTOR_SIGNALING_PATHWAY	MIXED	0.779475157786483	0	-0.8380879752560756	0.8884421599063566	-1.9084542802306037	0.0552609015272354		NONE
go_bp	GOBP_PERIPHERAL_NERVOUS_SYSTEM_AXON_ENSHEATHMENT	MIXED	1.138342915239834	0	0.7653157779370753	0.9192041522491348	1.71295587248793	0.0834543685143702		NONE
go_bp	GOBP_RAB_PROTEIN_SIGNAL_TRANSDUCTION	MIXED	0.5256772599185323	0	1.565192248843425	0.1359077280596995	1.3325970672793632	0.4884815214194686		NONE
go_bp	GOBP_REGULATION_OF_EMBRYONIC_DEVELOPMENT	LOW_EVIDENCE	1.2616680038048909	0	-1.1056889962850438	0.5470684433676559	-1.145399834260234	0.5919239037275371		NONE
go_bp	GOBP_MALE_MEIOSIS_I	LOW_EVIDENCE	-1.2219996122504786	0	-0.9378333367310848	0.762302305640244	1.189811080393822	0.6095123859191656		NONE
go_bp	GOBP_CRANIOFACIAL_SUTURE_MORPHOGENESIS	not_tested_in_resistance		0			1.1196414212686434	0.688253881595075		NONE
reactome	REACTOME_CGMP_EFFECTS	LOW_EVIDENCE	-0.8849229171088345	0			0.5007830449224695	0.9938354274484996		NONE
go_bp	GOBP_AMINE_TRANSPORT	MIXED	-1.2292824213045703	0	-0.9334997947544342	0.802815401652611	1.1657259437035024	0.589563805173232		NONE
go_bp	GOBP_POSITIVE_REGULATION_BY_HOST_OF_VIRAL_TRANSCRIPTION	LOW_EVIDENCE	1.1953205357073071	0	-0.9062287085964604	0.8054561503624972	-0.6312915829238701	0.9681975642170854		NONE
go_bp	GOBP_MEMBRANE_DEPOLARIZATION	MIXED	1.058589312146293	0	-0.8912226370846732	0.8641461006910167	1.2516624188358407	0.4794329804605964		NONE
go_bp	GOBP_POSITIVE_REGULATION_OF_NUCLEAR_DIVISION	MIXED	1.073402318899739	0	-1.2884564187975478	0.3753898491807348	0.7051926617561286	0.9713083947077644		NONE
go_bp	GOBP_GLYCOLYTIC_PROCESS_THROUGH_GLUCOSE_6_PHOSPHATE	MIXED	-0.720637783906565	0	-0.7991362717953179	0.8792902941215786	-1.3306853622182846	0.4889128728414442		NONE
go_bp	GOBP_POSITIVE_REGULATION_OF_BMP_SIGNALING_PATHWAY	MIXED	0.8278558662003588	0	1.024652677234875	0.6949307726663688	1.0904609481258072	0.6947615964009406		NONE
go_bp	GOBP_RESPONSE_TO_LIGHT_STIMULUS	MIXED	0.9414586502616642	0	0.9016226133194088	0.8901851851851851	1.183835038313284	0.4682636357900969		NONE
go_bp	GOBP_CYCLIC_NUCLEOTIDE_BIOSYNTHETIC_PROCESS	LOW_EVIDENCE	1.343486501520407	0	-0.6822360908125132	0.9565369745053132	-0.7603109973208947	0.9091077702801268		NONE
go_bp	GOBP_ERYTHROCYTE_MATURATION	MIXED	-0.290022419425024	0	-0.6527945802919042	0.9722292340925128	-0.9310656129246252	0.8189910142172315		NONE
go_bp	GOBP_REGULATION_OF_ORGAN_GROWTH	MIXED	1.1976594183196412	0	-0.8097352176079754	0.9441517889735656	1.4676045659035888	0.1875492394172877	CITED2	NONE
reactome	REACTOME_DEADENYLATION_DEPENDENT_MRNA_DECAY	MIXED	0.7415560062431982	0	-0.6583025949079705	1.0	-1.5848617209193503	0.0684715803948842		NONE
go_bp	GOBP_ESTABLISHMENT_OF_EPITHELIAL_CELL_APICAL_BASAL_POLARITY	LOW_EVIDENCE	0.7680829130501146	0	-1.0972000638530963	0.6450612069362741	-0.882457737763804	0.8368397653407466		NONE
go_bp	GOBP_DEOXYRIBONUCLEOSIDE_MONOPHOSPHATE_METABOLIC_PROCESS	MIXED	1.075301342934627	0	0.7956681604403721	0.8897814880285796	-0.6479896265902211	0.9695242085030096		NONE
go_bp	GOBP_MEMBRANE_FUSION	MIXED	-0.6616948108453784	0	1.4443363711459092	0.0897028428320392	-0.8906592927603086	0.9008738156617228		NONE
go_bp	GOBP_NEGATIVE_REGULATION_OF_STEM_CELL_POPULATION_MAINTENANCE	MIXED	0.844455633861041	0	1.38011182809057	0.3163906180524677	0.8684257111571762	0.8646645340786707		NONE
go_bp	GOBP_REGULATION_OF_EPITHELIAL_CELL_APOPTOTIC_PROCESS	MIXED	-0.9077714528822723	0	0.9860427879160272	0.7438363644000168	1.1451531126045569	0.6156750226517668		NONE
reactome	REACTOME_GLUCURONIDATION	LOW_EVIDENCE	-1.5036057581157831	0			1.2211632880901115	0.4427856352948024		NONE
go_bp	GOBP_REGULATION_OF_BROWN_FAT_CELL_DIFFERENTIATION	LOW_EVIDENCE	1.052360428028496	0	-0.8170840678988901	0.8695660522273425	-1.0691528028440374	0.7013331056698404		NONE
go_bp	GOBP_PIGMENT_METABOLIC_PROCESS	MIXED	-0.7825356401103883	0	0.9479963195062318	0.7837024128148615	-1.0334805404727008	0.7376371901073597		NONE
hallmark	HALLMARK_NOTCH_SIGNALING	LOW_EVIDENCE	1.2867240110378106	0	-1.029894444652866	0.5218446601941747	0.7413791052510169	0.8650160571842951		NONE
reactome	REACTOME_SUMOYLATION_OF_TRANSCRIPTION_FACTORS	MIXED	0.6882303543967863	0	-0.9591969389977004	0.7897947576354318	1.3571058270954828	0.3195590341516551		NONE
go_bp	GOBP_MITOCHONDRIAL_DEPOLARIZATION	LOW_EVIDENCE	-1.1619780665225934	0	-0.8101594999910623	0.8772653237944044	-1.0577003842520427	0.7093671194989017		NONE
go_bp	GOBP_CALCIUM_INDEPENDENT_CELL_CELL_ADHESION_VIA_PLASMA_MEMBRANE_CELL_ADHESION_MOLECULES	LOW_EVIDENCE	0.7180634264813974	0	0.9827914132862082	0.7523790642347343	1.5674155614416043	0.1829754793536366		NONE
go_bp	GOBP_MODULATION_OF_EXCITATORY_POSTSYNAPTIC_POTENTIAL	LOW_EVIDENCE	1.0416874048670004	0	-1.45705064459329	0.2985837922895358	1.2163193299430126	0.5825097574574853		NONE
go_bp	GOBP_POSITIVE_REGULATION_OF_T_HELPER_17_TYPE_IMMUNE_RESPONSE	LOW_EVIDENCE	1.3791715874466	0			0.8899722013543514	0.8450714487021419		NONE
go_bp	GOBP_INNERVATION	MIXED	1.0151276466304315	0	-1.1515820163642598	0.5716975802655118	1.3718290871461511	0.4538876024225152		NONE
go_bp	GOBP_MRNA_SPLICE_SITE_RECOGNITION	MIXED	-1.0246553565562448	0	1.246658789955396	0.4600605841098416	-1.507091568965918	0.2271544533305654		NONE
go_bp	GOBP_CELLULAR_RESPONSE_TO_HYDROGEN_PEROXIDE	MIXED	0.9969412724988108	0	-1.0035820498404622	0.7084896321767219	-1.2662704658022763	0.5094001881822563		NONE
reactome	REACTOME_KERATAN_SULFATE_DEGRADATION	not_tested_in_resistance		0			1.2688895796493094	0.4034801068600324		NONE
go_bp	GOBP_DNA_METHYLATION_DEPENDENT_HETEROCHROMATIN_FORMATION	LOW_EVIDENCE	0.8108129648237168	0	-1.3461501162040947	0.3558586105675146	-1.9169704039742208	0.0561035405960202		NONE
go_bp	GOBP_REGULATION_OF_VASCULOGENESIS	not_tested_in_resistance		0			0.8908057508045769	0.8420690980951281		NONE
go_bp	GOBP_MITOTIC_CYTOKINESIS	MIXED	-1.0622803323285237	0	-0.9751691433819798	0.7575045394253925	-1.274684150903606	0.4348147777833325		NONE
reactome	REACTOME_PLATELET_CALCIUM_HOMEOSTASIS	MIXED	-1.3570579870140689	0	-0.8593951873265314	0.8560585834700027	-0.9257442759189428	0.7326531382625905		NONE
go_bp	GOBP_GAMMA_DELTA_T_CELL_ACTIVATION	MIXED	-0.054126369241335	0	1.089615660673964	0.654965310137724	0.6361983941209716	0.9740437443312726		NONE
go_bp	GOBP_PROTEIN_PEPTIDYL_PROLYL_ISOMERIZATION	MIXED	-0.4908042347069299	0	0.8079987463442712	0.8793546700081811	-0.8882307887626903	0.8410578721531521		NONE
go_bp	GOBP_CALCIUM_ION_REGULATED_EXOCYTOSIS_OF_NEUROTRANSMITTER	LOW_EVIDENCE	0.928620992428922	0	0.925903278162427	0.7893716993195015	-0.8390001357594952	0.883253819215348		NONE
go_bp	GOBP_POSITIVE_REGULATION_OF_MONOCYTE_CHEMOTAXIS	not_tested_in_resistance		0	1.3158477242749054	0.429460580912863	-1.2266505667284984	0.5784691746467164		NONE
go_bp	GOBP_AMINE_METABOLIC_PROCESS	MIXED	-1.0647304843731524	0	-0.9622164292775036	0.7696944610317935	0.8645953621811785	0.8897131977083262		NONE
go_bp	GOBP_NEGATIVE_REGULATION_OF_GTPASE_ACTIVITY	LOW_EVIDENCE	0.8751836334775046	0	0.9360844409935818	0.785656192236599	0.9616120310919593	0.8027904556290832		NONE
go_bp	GOBP_NEGATIVE_REGULATION_OF_T_CELL_DIFFERENTIATION	MIXED	0.9643653086300528	0	-1.0358380802683809	0.6703372212872757	0.7769580042621413	0.923783788320004		NONE
go_bp	GOBP_REGULATION_OF_KERATINOCYTE_PROLIFERATION	MIXED	0.9511641538885972	0	-0.840671049486693	0.8926665098521722	0.6401770324934964	0.9775172124989222		NONE
go_bp	GOBP_DORSAL_SPINAL_CORD_DEVELOPMENT	not_tested_in_resistance		0			1.6400653425760532	0.1828835080679578		NONE
go_bp	GOBP_NEGATIVE_REGULATION_OF_CYTOPLASMIC_PATTERN_RECOGNITION_RECEPTOR_SIGNALING_PATHWAY	LOW_EVIDENCE	0.7814426911229281	0	-1.3141798849938129	0.3500862424055195	-0.9780122986130636	0.7919611815215798		NONE
go_bp	GOBP_TORC1_SIGNALING	MIXED	1.0680005955708285	0	1.6130049054576303	0.0531472957404757	1.0417408066953002	0.7294649001441517		NONE
go_bp	GOBP_RNA_3_END_PROCESSING	LOW_EVIDENCE	-0.7499609906972187	0	-1.339559894277052	0.2813254543143982	-1.4963772900208894	0.1574953288413028		NONE
go_bp	GOBP_REGULATION_OF_CD4_POSITIVE_ALPHA_BETA_T_CELL_ACTIVATION	MIXED	-0.9654405296185448	0	-0.9916163518332324	0.7350230414746544	-0.8560514480206048	0.8902810905031208		NONE
reactome	REACTOME_G_ALPHA_Q_SIGNALLING_EVENTS	MIXED	1.0030388929442051	0	-1.0298959724393415	0.6911546791291462	0.8799873336578885	0.8819668745744773		NONE
reactome	REACTOME_G_ALPHA_Z_SIGNALLING_EVENTS	MIXED	-1.0544030939752322	0	0.9855214500411088	0.7504	0.612273926087145	0.990311777625521		NONE
reactome	REACTOME_SYNTHESIS_SECRETION_AND_DEACYLATION_OF_GHRELIN	not_tested_in_resistance		0			-0.7973430316899983	0.8617961092362447		NONE
go_bp	GOBP_ARGININE_METABOLIC_PROCESS	LOW_EVIDENCE	0.8330087720178003	0			-0.8707035305486751	0.844598141665627		NONE
reactome	REACTOME_DEFECTS_OF_CONTACT_ACTIVATION_SYSTEM_CAS_AND_KALLIKREIN_KININ_SYSTEM_KKS	not_tested_in_resistance		0			0.8841133421603589	0.7707733569547994		NONE
reactome	REACTOME_FOXO_MEDIATED_TRANSCRIPTION_OF_CELL_CYCLE_GENES	LOW_EVIDENCE	0.9760717467672742	0	1.5819253502680932	0.1837711118147605	1.1187904830939783	0.5480316001233463		NONE
go_bp	GOBP_EXPLORATION_BEHAVIOR	LOW_EVIDENCE	0.8812789280754896	0	-1.0993392586194402	0.6307090243741827	1.094308374159439	0.682570309356544		NONE
go_bp	GOBP_NEGATIVE_REGULATION_OF_SMAD_PROTEIN_SIGNAL_TRANSDUCTION	LOW_EVIDENCE	1.4520962648956677	0	1.28873782079342	0.4461770507019376	0.4299911132702114	0.9973725572703308		NONE
go_bp	GOBP_PYRIMIDINE_NUCLEOSIDE_MONOPHOSPHATE_BIOSYNTHETIC_PROCESS	LOW_EVIDENCE	0.4454860696402816	0			-0.9265130904905602	0.8164606763476799		NONE
go_bp	GOBP_NUCLEOBASE_CONTAINING_SMALL_MOLECULE_CATABOLIC_PROCESS	LOW_EVIDENCE	0.9775460219352204	0	1.1066692883335116	0.6199743706161661	0.8902478346025328	0.841717065136269		NONE
go_bp	GOBP_INNATE_IMMUNE_RESPONSE_IN_MUCOSA	not_tested_in_resistance		0			0.6784487436159935	0.9534595146469804		NONE
go_bp	GOBP_REGULATION_OF_STEROID_HORMONE_BIOSYNTHETIC_PROCESS	not_tested_in_resistance		0			1.2966216396794947	0.5206724576411137		NONE
reactome	REACTOME_ROLE_OF_LAT2_NTAL_LAB_ON_CALCIUM_MOBILIZATION	LOW_EVIDENCE	-1.0273603883968916	0	-0.7720543426887212	0.9376515184907656	-1.4663824819909348	0.2418918918918919		NONE
go_bp	GOBP_GLOMERULAR_MESANGIUM_DEVELOPMENT	not_tested_in_resistance		0	-1.3658184545945031	0.3907871115152362	1.1826403613165153	0.645654748975174		NONE
go_bp	GOBP_REGULATION_OF_POSTSYNAPTIC_DENSITY_ORGANIZATION	not_tested_in_resistance		0			-0.9521292316077122	0.7804438797958885		NONE
go_bp	GOBP_NEGATIVE_REGULATION_OF_UBIQUITIN_PROTEIN_TRANSFERASE_ACTIVITY	LOW_EVIDENCE	-0.5691531152897363	0	0.7201219605488307	0.9303043298418996	-0.7063795307432502	0.9331436768297168		NONE
reactome	REACTOME_APOPTOTIC_CLEAVAGE_OF_CELLULAR_PROTEINS	MIXED	0.9948052783272188	0	-1.4667340212650108	0.2045194822036731	-0.968456246889838	0.6856792204894255		NONE
go_bp	GOBP_ATRIAL_SEPTUM_DEVELOPMENT	LOW_EVIDENCE	1.5573100177403671	0	-1.3475863378632773	0.3935844940039487	-1.0384183423519004	0.7161927877947296		NONE
go_bp	GOBP_RESPONSE_TO_CAMP	LOW_EVIDENCE	1.3537258738373696	0	-1.300850742312768	0.3275306269068923	-1.017042110154982	0.7453729257641921		NONE
go_bp	GOBP_REGULATION_OF_MAST_CELL_DEGRANULATION	MIXED	-0.84024156485726	0	0.993821801375335	0.7289911435234487	0.7496360234665986	0.9331436768297168		NONE
go_bp	GOBP_NEGATIVE_REGULATION_OF_PEPTIDYL_TYROSINE_PHOSPHORYLATION	MIXED	1.1539168982339754	0	-0.9456358791157664	0.7696944610317935	1.463332588682919	0.353825758029184		NONE
go_bp	GOBP_NEGATIVE_REGULATION_OF_TUMOR_NECROSIS_FACTOR_SUPERFAMILY_CYTOKINE_PRODUCTION	MIXED	-0.8842843574570691	0	-0.9321621118855083	0.8020066119852695	1.2485929120551391	0.5142469512570297		NONE
go_bp	GOBP_MEDIUM_CHAIN_FATTY_ACID_METABOLIC_PROCESS	not_tested_in_resistance		0			1.0321462340236265	0.7443419893026914		NONE
go_bp	GOBP_NEGATIVE_REGULATION_OF_INTERLEUKIN_2_PRODUCTION	MIXED	-0.0254641273608465	0	-1.2330287661665829	0.4876256983240223	1.242046534544957	0.5784691746467164		NONE
go_bp	GOBP_SENSORY_PERCEPTION_OF_TEMPERATURE_STIMULUS	MIXED	-0.3723248292264497	0	-1.1191026669807285	0.6116381788719879	1.1268551540696397	0.6740434577231932		NONE
go_bp	GOBP_MITOCHONDRIAL_TRANSCRIPTION	MIXED	0.7268352974949257	0	0.6857859567178773	0.9575918352308316	-1.607434801854447	0.2430626375090253		NONE
go_bp	GOBP_L_GLUTAMATE_IMPORT_ACROSS_PLASMA_MEMBRANE	not_tested_in_resistance		0			1.401568252444847	0.4538876024225152		NONE
go_bp	GOBP_RESPONSE_TO_DEXAMETHASONE	MIXED	1.0902478635370558	0	1.1241588665725804	0.5862068965517241	0.8070859366106684	0.8951721310896098		NONE
go_bp	GOBP_SECRETORY_GRANULE_LOCALIZATION	MIXED	0.8205749582656746	0	1.3028198430480546	0.4394869598324766	0.9410067595489991	0.8250381752242795		NONE
reactome	REACTOME_ACTIVATION_OF_SMO	not_tested_in_resistance		0	-1.388104542123067	0.343330626136056	0.833323705026889	0.8241851447958318		NONE
go_bp	GOBP_PURINE_NUCLEOTIDE_TRANSPORT	MIXED	0.6877228982258068	0	1.3330736342300369	0.3509177493180452	0.8119618859275021	0.8902810905031208		NONE
reactome	REACTOME_REPRODUCTION	MIXED	-1.3147978099949225	0	-0.9380575496363625	0.8426541427138763	0.7522785513089465	0.9630854640002164		NONE
go_bp	GOBP_RESPONSE_TO_FLUID_SHEAR_STRESS	LOW_EVIDENCE	1.1269666624243817	0	0.8634126506833321	0.8692177742345729	1.1526316139782729	0.6494623655913978	CITED2	NONE
go_bp	GOBP_RHYTHMIC_PROCESS	MIXED	-1.0771000268719022	0	-1.3380346008378126	0.108486159635302	0.9566712884604432	0.8283776691704661		NONE
go_bp	GOBP_STABILIZATION_OF_MEMBRANE_POTENTIAL	not_tested_in_resistance		0			1.1708526728122093	0.6525011446886447		NONE
reactome	REACTOME_P75NTR_SIGNALS_VIA_NF_KB	LOW_EVIDENCE	1.13080637719385	0	1.204104889160447	0.5250783699059561	1.2672010639296047	0.4034801068600324		NONE
go_bp	GOBP_PROTEIN_STABILIZATION	MIXED	1.0105600632769924	0	1.1306099238692089	0.4614698294238384	1.1261151020945344	0.5926739918851166		NONE
go_bp	GOBP_NEGATIVE_REGULATION_OF_REACTIVE_OXYGEN_SPECIES_BIOSYNTHETIC_PROCESS	not_tested_in_resistance		0			0.8845068562796582	0.8444161021150033		NONE
go_bp	GOBP_REGULATION_OF_RESPONSE_TO_OXIDATIVE_STRESS	LOW_EVIDENCE	1.0822707754613765	0	1.5019457335603448	0.1783769732818184	0.7982399249524232	0.9042730622159718		NONE
go_bp	GOBP_REGULATION_OF_SKELETAL_MUSCLE_TISSUE_DEVELOPMENT	LOW_EVIDENCE	1.3001417943333844	0	0.6201011495328865	0.9768158695439172	0.8027124292184431	0.8951721310896098		NONE
go_bp	GOBP_REGULATION_OF_TRANSCRIPTION_REGULATORY_REGION_DNA_BINDING	MIXED	1.078398163163636	0	-1.168208718628112	0.5363280757097793	-1.0027854367682012	0.7594572740697264		NONE
go_bp	GOBP_REGULATION_OF_BONE_REMODELING	MIXED	1.137290708926437	0	1.013860053046975	0.706673448451253	1.4154374382484909	0.4274720051446226		NONE
go_bp	GOBP_REGULATION_OF_REGULATORY_NCRNA_PROCESSING	LOW_EVIDENCE	-0.6345557790551083	0	-0.741668257069888	0.9192041522491348	1.263713811047808	0.5768950879320801		NONE
go_bp	GOBP_MITOTIC_RECOMBINATION	MIXED	-0.8988218829307822	0	-1.7070429328466026	0.0733082577295781	-1.307492580804985	0.5115299665499584		NONE
go_bp	GOBP_AXIS_SPECIFICATION	MIXED	1.2196967362536082	0	-0.9853882051779136	0.7506232815293674	0.914238550556718	0.8465471637121263	CITED2	NONE
reactome	REACTOME_SIGNALING_BY_CSF3_G_CSF	LOW_EVIDENCE	-0.9464391826474062	0	0.9725082643324074	0.7722262861217489	1.0260167963766562	0.6093145598019496		NONE
go_bp	GOBP_REGULATORY_NCRNA_MEDIATED_GENE_SILENCING	MIXED	0.7346644007443094	0	-0.8898524145897653	0.8764423149532569	-1.204564369245451	0.4889128728414442		NONE
go_bp	GOBP_NEGATIVE_REGULATION_OF_BLOOD_CIRCULATION	LOW_EVIDENCE	1.2613549786973437	0	0.6410920175452366	0.9659993302007726	-1.0188066615781357	0.7376371901073597		NONE
go_bp	GOBP_REGULATION_OF_OSTEOCLAST_DIFFERENTIATION	MIXED	0.9177966778010828	0	-1.013298323713678	0.7145247327913706	1.3954160973610052	0.3885659046659496		NONE
go_bp	GOBP_ACTIVATION_OF_CYSTEINE_TYPE_ENDOPEPTIDASE_ACTIVITY_INVOLVED_IN_APOPTOTIC_PROCESS	LOW_EVIDENCE	1.2014959879595226	0	-0.8695138784005993	0.8764423149532569	1.1865986758836564	0.5825097574574853		NONE
go_bp	GOBP_CELL_KILLING	MIXED	-1.0021389885080294	0	-1.0430415769274906	0.654965310137724	0.8741981179975267	0.9068551126287248		NONE
reactome	REACTOME_MAP3K8_TPL2_DEPENDENT_MAPK1_3_ACTIVATION	MIXED	-0.6368991166472123	0	1.353106726614676	0.370093044951268	1.1804414604189648	0.4730577578728641		NONE
go_bp	GOBP_DENDRITE_DEVELOPMENT	LOW_EVIDENCE	1.2259883144554835	0	-0.9750760467359824	0.762302305640244	1.1089899453484189	0.6136991745091309		NONE
go_bp	GOBP_REGULATION_OF_CD8_POSITIVE_ALPHA_BETA_T_CELL_ACTIVATION	not_tested_in_resistance		0	-1.2236421705991032	0.5107971097541798	0.8191082643566657	0.8798672957124076		NONE
go_bp	GOBP_POSITIVE_REGULATION_OF_HORMONE_METABOLIC_PROCESS	not_tested_in_resistance		0			1.0165821907854968	0.762091550077527		NONE
go_bp	GOBP_REGULATION_OF_PROTEIN_CATABOLIC_PROCESS	LOW_EVIDENCE	1.1631366693126448	0	1.29045878252787	0.1203136253618362	-1.2935144630161526	0.1391022749610636		NONE
go_bp	GOBP_EMBRYONIC_HINDLIMB_MORPHOGENESIS	MIXED	-0.9160086841099824	0	-1.6257665841102298	0.1203136253618362	-0.9683859121095206	0.7846758417428623		NONE
go_bp	GOBP_CHAPERONE_MEDIATED_PROTEIN_FOLDING	MIXED	-0.671832624980149	0	1.3352078628435622	0.297113419818522	-0.7841983754632028	0.935012775061226		NONE
go_bp	GOBP_NEGATIVE_REGULATION_OF_FATTY_ACID_METABOLIC_PROCESS	MIXED	-0.7803835092316601	0	1.1985400328007	0.5189756980505029	-1.0790773487078376	0.6947615964009406		NONE
go_bp	GOBP_MITOCHONDRIAL_RNA_PROCESSING	LOW_EVIDENCE	-0.9245811857798356	0	-1.7200164896792385	0.0621661690027429	-1.2401705479251486	0.5714688940092165		NONE
go_bp	GOBP_CHEMOKINE_C_X_C_MOTIF_LIGAND_2_PRODUCTION	LOW_EVIDENCE	1.2163324909556594	0	0.729721665396089	0.9320539813804825	-1.0873938284397426	0.699001660921901		NONE
go_bp	GOBP_NON_PROTEINOGENIC_AMINO_ACID_METABOLIC_PROCESS	MIXED	-1.26180374575077	0	-1.1534259184839184	0.5107971097541798	-0.8861709395779116	0.8587288205843665		NONE
go_bp	GOBP_RETINAL_ROD_CELL_DIFFERENTIATION	not_tested_in_resistance		0			-0.9033658412843164	0.8164606763476799		NONE
go_bp	GOBP_SOMATIC_DIVERSIFICATION_OF_IMMUNE_RECEPTORS	MIXED	-0.7609871224978051	0	-1.307173883835208	0.3365647001036948	-1.2694955670036636	0.486764455057138		NONE
go_bp	GOBP_PYRIMIDINE_RIBONUCLEOTIDE_BIOSYNTHETIC_PROCESS	MIXED	-0.8351103603836596	0	-0.8788207905299156	0.8305460581735296	-1.2042882086599558	0.5825097574574853		NONE
go_bp	GOBP_PHOSPHATIDYLSERINE_METABOLIC_PROCESS	LOW_EVIDENCE	1.2645378812200614	0	0.7119896396231071	0.9522490358869	0.6786416548435769	0.9587122254674302		NONE
go_bp	GOBP_REGULATION_OF_TYPE_I_INTERFERON_MEDIATED_SIGNALING_PATHWAY	MIXED	-0.7256303937456091	0	-1.1803776991616834	0.5030790923004616	-1.094175987482187	0.688253881595075		NONE
go_bp	GOBP_LYMPHOCYTE_MIGRATION	MIXED	-1.283521812572136	0	-1.190948061539303	0.4461770507019376	-1.0914348455628144	0.6633646308898268		NONE
reactome	REACTOME_RUNX1_REGULATES_GENES_INVOLVED_IN_MEGAKARYOCYTE_DIFFERENTIATION_AND_PLATELET_FUNCTION	MIXED	-0.6882848326716363	0	-1.170494893640042	0.5502737680438029	-0.9330912718499982	0.7170100074523582		NONE
go_bp	GOBP_REGULATION_OF_FATTY_ACID_TRANSPORT	LOW_EVIDENCE	-1.1628629092020952	0	-1.2661505752183366	0.4463151655423523	-0.8048484741161257	0.9103737918502668		NONE
go_bp	GOBP_REGULATION_OF_GLIAL_CELL_PROLIFERATION	LOW_EVIDENCE	1.1783101144886583	0	-0.8961899157973008	0.8202319326512286	1.185509022620019	0.6269784938604586		NONE
go_bp	GOBP_POSITIVE_REGULATION_OF_MITOCHONDRIAL_FISSION	MIXED	0.6713981907077489	0	1.1271893072316437	0.6330268460609845	0.9947013604926924	0.7817781733994945		NONE
go_bp	GOBP_FATTY_ACID_BIOSYNTHETIC_PROCESS	MIXED	-1.258095021091833	0	1.4775322044560313	0.0913156443107613	-0.9569144226066164	0.8266649861079904		NONE
go_bp	GOBP_REGULATION_OF_RELEASE_OF_CYTOCHROME_C_FROM_MITOCHONDRIA	LOW_EVIDENCE	0.8790715286537425	0	1.4218192677015	0.2502948463254341	0.7799888270556949	0.9091645394503204		NONE
reactome	REACTOME_SIGNAL_AMPLIFICATION	MIXED	0.9901889438988272	0	-0.7365454122839591	0.9570390455531452	0.9637488506024474	0.6983094928478544		NONE
go_bp	GOBP_NECROPTOTIC_PROCESS	MIXED	0.5892563302976088	0	-0.8559664540159199	0.8696548879417022	0.7823289021785721	0.9078347643614436		NONE
reactome	REACTOME_TRIGLYCERIDE_CATABOLISM	LOW_EVIDENCE	-0.8958455337333359	0	-1.2508639583194	0.4439740980159706	0.9334714188227498	0.7211650413666073		NONE
go_bp	GOBP_GLUTAMATE_SECRETION	LOW_EVIDENCE	-1.142978876104645	0	0.8628361590186816	0.8507478723178472	1.6084132429519131	0.1485639621478776		NONE
reactome	REACTOME_SLC_TRANSPORTER_DISORDERS	MIXED	-0.8561790391742807	0	1.0956304675708497	0.6024081746716402	-0.7329394750749477	0.9789130540553692		NONE
go_bp	GOBP_POSITIVE_REGULATION_OF_LYMPHOCYTE_MIGRATION	MIXED	0.923352114468677	0	-0.9857449680590455	0.7208918166458718	-1.213574555036868	0.5588592883962096		NONE
go_bp	GOBP_PROTEIN_TETRAMERIZATION	MIXED	-1.3239780018861491	0	-0.7702412327449244	0.964083287114432	0.8148144371278367	0.9118569809124052		NONE
reactome	REACTOME_SIGNALING_BY_TYPE_1_INSULIN_LIKE_GROWTH_FACTOR_1_RECEPTOR_IGF1R	MIXED	-1.297166676468867	0	0.9399157275618568	0.8101781433664716	-1.1008071654580556	0.5167132767692089		NONE
go_bp	GOBP_LIPOPROTEIN_LOCALIZATION	LOW_EVIDENCE	1.3667593216914644	0	1.7089092949815017	0.0963494907367521	1.245754146365722	0.5714688940092165		NONE
go_bp	GOBP_REGULATION_OF_CARDIAC_MUSCLE_CELL_MEMBRANE_REPOLARIZATION	MIXED	0.2476343693033921	0	-1.5432113378279266	0.1685323979429052	-0.6852268856516213	0.9683609618660723		NONE
go_bp	GOBP_POSITIVE_REGULATION_OF_PHOSPHATASE_ACTIVITY	LOW_EVIDENCE	1.1623177851109907	0	-0.5213893776088399	0.9972133757961784	1.2333051212138988	0.5714688940092165		NONE
reactome	REACTOME_M_DECAY_DEGRADATION_OF_MATERNAL_MRNAS_BY_MATERNALLY_STORED_FACTORS	MIXED	1.3462983667663653	0	-0.9376355220391448	0.8101781433664716	-1.4356600245174165	0.2402932672449401		NONE
go_bp	GOBP_CYTOSKELETON_DEPENDENT_INTRACELLULAR_TRANSPORT	MIXED	0.8430285612562466	0	0.9490838111271892	0.802815401652611	0.9139182489012168	0.8684697021567956		NONE
go_bp	GOBP_POSITIVE_REGULATION_OF_MUSCLE_TISSUE_DEVELOPMENT	LOW_EVIDENCE	1.209896613516694	0			-0.7191488424647076	0.9410755573061066		NONE
go_bp	GOBP_MUSCLE_CELL_APOPTOTIC_PROCESS	MIXED	1.0705171076291409	0	0.8820319779245349	0.8851110001292911	-1.185746504496514	0.5727355338885206		NONE
reactome	REACTOME_CONSTITUTIVE_SIGNALING_BY_LIGAND_RESPONSIVE_EGFR_CANCER_VARIANTS	MIXED	1.1256332841490588	0	0.8865999711239192	0.8450228702707178	-1.3870594379560277	0.2571064519865632		NONE
go_bp	GOBP_ANATOMICAL_STRUCTURE_REGRESSION	not_tested_in_resistance		0			0.570707043746962	0.9762351848747082		NONE
go_bp	GOBP_LEUKOTRIENE_METABOLIC_PROCESS	MIXED	0.3145647051436672	0	-1.1655011001113182	0.5579281411359724	0.7729070047982947	0.9277099332745814		NONE
go_bp	GOBP_POSITIVE_REGULATION_OF_APOPTOTIC_SIGNALING_PATHWAY	LOW_EVIDENCE	1.1513273673200912	0	1.13705919032361	0.4846947368421052	1.2970246641429657	0.4074962518740629		NONE
go_bp	GOBP_SINGLE_STRANDED_VIRAL_RNA_REPLICATION_VIA_DOUBLE_STRANDED_DNA_INTERMEDIATE	LOW_EVIDENCE	1.301389865945331	0	1.354963445424963	0.4027777777777778	-0.9460631116983708	0.7901783723049278		NONE
go_bp	GOBP_CELL_MIGRATION_INVOLVED_IN_HEART_DEVELOPMENT	LOW_EVIDENCE	1.532978826095777	0	-1.1232497870934106	0.6294146341463415	1.0013989860075063	0.7799735991276233		NONE
go_bp	GOBP_REGULATION_OF_PEPTIDE_TRANSPORT	MIXED	1.070800787071709	0	-1.1882803412774987	0.3982853075703308	0.8340165588407323	0.9380241186369438		NONE
go_bp	GOBP_RESPONSE_TO_TEMPERATURE_STIMULUS	MIXED	0.9149612114191936	0	1.3340430199096702	0.1654581657025725	0.9465561156017392	0.8346221901308428		NONE
reactome	REACTOME_SARS_COV_2_INFECTION	MIXED	0.6810733020494412	0	1.0405756676022784	0.6474793837410152	-1.209130733731187	0.1898890367515774		NONE
go_bp	GOBP_REGULATION_OF_VASCULAR_ENDOTHELIAL_GROWTH_FACTOR_RECEPTOR_SIGNALING_PATHWAY	LOW_EVIDENCE	1.3161019390819115	0	0.7560889807280095	0.932289540271703	1.0103556669109204	0.7544836464577384		NONE
go_bp	GOBP_CEREBELLAR_CORTEX_MORPHOGENESIS	MIXED	1.3288911806190982	0	1.0237734411298038	0.706673448451253	-0.7409338461684063	0.9433820522817394		NONE
go_bp	GOBP_MICROAUTOPHAGY	LOW_EVIDENCE	1.1363623406609362	0	1.6151882036318912	0.1060749251021486	0.7329019143739427	0.9335647629986532		NONE
go_bp	GOBP_REGULATION_OF_SEQUESTERING_OF_TRIGLYCERIDE	not_tested_in_resistance		0			1.2495114675612329	0.5791863536394154		NONE
go_bp	GOBP_HISTONE_MRNA_METABOLIC_PROCESS	MIXED	0.6726475756908208	0	-0.7981137294344994	0.8936354962066114	-1.246658886490776	0.5714688940092165		NONE
go_bp	GOBP_POSITIVE_REGULATION_OF_MACROPHAGE_MIGRATION	MIXED	-0.1193340908538239	0	0.9586629736761269	0.7575045394253925	0.815567235737261	0.8902810905031208		NONE
go_bp	GOBP_EPIDERMAL_CELL_DIFFERENTIATION	MIXED	-1.0395238400165	0	-1.3055623378443697	0.170255039624679	0.9860862759955672	0.7817781733994945		NONE
go_bp	GOBP_REGULATION_OF_PEPTIDYL_TYROSINE_PHOSPHORYLATION	LOW_EVIDENCE	1.3263879405917118	0	0.9844607148938732	0.744637798462161	1.0387740007519255	0.7126095966339976		NONE
go_bp	GOBP_CARDIAC_MUSCLE_CELL_CONTRACTION	MIXED	-1.1172644916283156	0	-0.9524140502498606	0.785656192236599	1.2752119997152718	0.4995536417581264		NONE
go_bp	GOBP_HEMATOPOIETIC_STEM_CELL_PROLIFERATION	MIXED	1.2605400384797811	0	-1.5526150482233698	0.1596317010383577	1.3492448885524309	0.4889128728414442		NONE
go_bp	GOBP_REGULATION_OF_AUTOPHAGY_OF_MITOCHONDRION	LOW_EVIDENCE	0.927492605150262	0	1.5781061458192842	0.1050630416474297	1.4002791883039014	0.4443475654614315		NONE
go_bp	GOBP_REGULATION_OF_OXIDOREDUCTASE_ACTIVITY	LOW_EVIDENCE	-1.18472858291002	0	-1.4414780794736557	0.2813254543143982	0.5822153625932831	0.995942633890655		NONE
reactome	REACTOME_ABERRANT_REGULATION_OF_MITOTIC_G1_S_TRANSITION_IN_CANCER_DUE_TO_RB1_DEFECTS	MIXED	1.1123070677836508	0	1.4142834466032432	0.2971592998853335	-1.2462035293921538	0.4260313608362889		NONE
go_bp	GOBP_ESTABLISHMENT_OF_SPINDLE_ORIENTATION	MIXED	-1.013028923124483	0	-0.5760661144905729	0.9973978323943844	0.8772173326521705	0.8509774365711206		NONE
go_bp	GOBP_ENDODERMAL_CELL_FATE_COMMITMENT	not_tested_in_resistance		0			1.0037529042325355	0.7732992115414917		NONE
go_bp	GOBP_CARDIAC_EPITHELIAL_TO_MESENCHYMAL_TRANSITION	LOW_EVIDENCE	1.3527394271863185	0	-1.005358186903054	0.7099621822072794	1.0703072715923774	0.7037131998069498		NONE
go_bp	GOBP_NEGATIVE_REGULATION_OF_PEPTIDE_SECRETION	LOW_EVIDENCE	0.9499508994505476	0	-1.180320406105143	0.4936769822224805	-1.0018030658234234	0.768727615928396		NONE
go_bp	GOBP_POSITIVE_REGULATION_OF_NATURAL_KILLER_CELL_ACTIVATION	LOW_EVIDENCE	-1.0435054932479044	0	1.2335175898201596	0.5157251019219569	0.9142054658476676	0.8395076525908169		NONE
go_bp	GOBP_PROTEIN_LOCALIZATION_TO_MICROTUBULE	MIXED	0.8243466615759824	0	0.7545020771305274	0.920050813067214	1.4960562629991714	0.3594844570928196		NONE
go_bp	GOBP_HORMONE_MEDIATED_SIGNALING_PATHWAY	MIXED	-0.9077168829833382	0	-1.171727679129803	0.4444897328142349	-1.1086720589598502	0.598978167047474		NONE
go_bp	GOBP_BUNDLE_OF_HIS_CELL_TO_PURKINJE_MYOCYTE_COMMUNICATION	not_tested_in_resistance		0			0.574068838614693	0.9762351848747082		NONE
reactome	REACTOME_GROWTH_HORMONE_RECEPTOR_SIGNALING	MIXED	-0.9893197600966054	0	-1.3953272877106626	0.2884615384615384	-1.6213671591499383	0.130171962497266		NONE
go_bp	GOBP_HYDROGEN_PEROXIDE_METABOLIC_PROCESS	LOW_EVIDENCE	-1.088220814483614	0	1.2007130735925609	0.4936769822224805	0.8737666466573146	0.8719151568115798		NONE
go_bp	GOBP_SPLEEN_DEVELOPMENT	MIXED	-0.9497359384930985	0	-0.7762217247209068	0.924784494705915	-1.0557098984396058	0.6966130605006319	CITED2	NONE
reactome	REACTOME_RHOG_GTPASE_CYCLE	LOW_EVIDENCE	1.0190977157652783	0	-1.0792342210241148	0.6079934193346217	0.8553093273478518	0.8511753804135778		NONE
go_bp	GOBP_AGGREPHAGY	LOW_EVIDENCE	-1.4922528666905288	0	1.1509696272449803	0.6116381788719879	0.9022905276242608	0.8346567229655626		NONE
go_bp	GOBP_STORE_OPERATED_CALCIUM_ENTRY	LOW_EVIDENCE	1.2893905525973637	0	-0.8135064605842375	0.8696548879417022	1.2972337895310562	0.5206724576411137		NONE
go_bp	GOBP_GLYCEROPHOSPHOLIPID_CATABOLIC_PROCESS	MIXED	-0.8306807427581533	0	1.0676292472589792	0.6595084409136047	1.2939606116695708	0.5171661264768926		NONE
go_bp	GOBP_NEGATIVE_REGULATION_OF_PROTEASOMAL_PROTEIN_CATABOLIC_PROCESS	MIXED	-0.8412893297874536	0	1.0944924248429488	0.6198665297741273	-1.7166766228027803	0.072717807936894		NONE
go_bp	GOBP_REGULATION_OF_POSTSYNAPTIC_MEMBRANE_POTENTIAL	MIXED	0.9805123576856652	0	-1.1787121952840038	0.4643166702044859	1.2999657020490711	0.3976327543176101		NONE
reactome	REACTOME_DAP12_SIGNALING	MIXED	0.5083650555097846	0	-0.9203658357064264	0.8355140987915322	-1.300020033453951	0.3403441233773855		NONE
go_bp	GOBP_REGULATION_OF_PROTEIN_DEACETYLATION	LOW_EVIDENCE	1.3494835361792252	0	1.1279632521900382	0.6041002002120949	0.8519109985354826	0.871182484631316		NONE
go_bp	GOBP_POSITIVE_REGULATION_OF_RELEASE_OF_SEQUESTERED_CALCIUM_ION_INTO_CYTOSOL	MIXED	1.13041661925826	0	-0.9594355372924236	0.7627030132121781	0.8041153635570599	0.892675369743039		NONE
reactome	REACTOME_TCR_SIGNALING	MIXED	1.0065184550410935	0	-0.7261981919466698	1.0	1.3261676679824088	0.2230783662092624		NONE
go_bp	GOBP_REGULATION_OF_T_CELL_APOPTOTIC_PROCESS	LOW_EVIDENCE	-1.065092201444317	0	-1.3454950531738703	0.3585041278186224	1.0950427279620063	0.695808		NONE
go_bp	GOBP_INTERLEUKIN_6_MEDIATED_SIGNALING_PATHWAY	MIXED	-0.958338349326714	0	0.7055791909226138	0.9390713334420526	-0.8210396691276953	0.8798672957124076		NONE
go_bp	GOBP_CELLULAR_COMPONENT_DISASSEMBLY_INVOLVED_IN_EXECUTION_PHASE_OF_APOPTOSIS	LOW_EVIDENCE	1.1003237626036684	0	1.297811373984226	0.3918355640535373	1.1223501585299136	0.6643976282101627		NONE
go_bp	GOBP_COENZYME_A_METABOLIC_PROCESS	LOW_EVIDENCE	0.8422114713326047	0	0.9208134470101792	0.7903123401383743	-1.062967941778835	0.710967141303857		NONE
go_bp	GOBP_VACUOLAR_LOCALIZATION	LOW_EVIDENCE	-0.799617280200892	0	1.533803044644711	0.1088206907869314	0.7982447956789249	0.9283601199752884		NONE
go_bp	GOBP_REGULATION_OF_NEUTROPHIL_CHEMOTAXIS	MIXED	1.3292565099975715	0	0.9885820106386788	0.7397228232267119	1.0440916057227227	0.7178287146226415		NONE
go_bp	GOBP_POSITIVE_REGULATION_OF_GLUCONEOGENESIS	LOW_EVIDENCE	0.8635475204902441	0	1.56157280668191	0.2199408036956725	-1.226944217222167	0.5825097574574853		NONE
go_bp	GOBP_GLUTAMINE_METABOLIC_PROCESS	MIXED	0.64290855677006	0	1.2122112259078142	0.5013761972916437	0.6596264808318184	0.9661654022769708		NONE
go_bp	GOBP_MESENCHYMAL_TO_EPITHELIAL_TRANSITION	LOW_EVIDENCE	-0.8228274617717747	0	-0.8932078968666998	0.8273020579002441	-1.070677198158096	0.7093671194989017		NONE
go_bp	GOBP_AXON_ENSHEATHMENT_IN_CENTRAL_NERVOUS_SYSTEM	MIXED	0.3043534449322246	0	-1.2500214671895162	0.4820621699602591	1.3819190115764357	0.4572575760974406		NONE
go_bp	GOBP_REGULATION_OF_AMYLOID_BETA_CLEARANCE	not_tested_in_resistance		0			0.6805778352831596	0.9550628486534511		NONE
reactome	REACTOME_FCERI_MEDIATED_NF_KB_ACTIVATION	MIXED	-0.5419352588297502	0	-0.8852842795980347	0.8847007481296758	-1.3951318160400348	0.1175714169339858		NONE
go_bp	GOBP_POSITIVE_REGULATION_OF_PROTEIN_DEPHOSPHORYLATION	LOW_EVIDENCE	0.9701323354601288	0	0.93970808929289	0.7893716993195015	0.9327411367998704	0.8183225806451614		NONE
go_bp	GOBP_PEPTIDE_CROSS_LINKING	LOW_EVIDENCE	0.6388850029834324	0	-1.1632439447188996	0.5772023949815454	1.4745821992721142	0.3588908450704225		NONE
reactome	REACTOME_REGULATION_OF_SIGNALING_BY_CBL	MIXED	0.718077018908022	0	1.1685579676963014	0.5474956128012431	-1.0734937644960216	0.5765805595907283		NONE
reactome	REACTOME_THROMBOXANE_SIGNALLING_THROUGH_TP_RECEPTOR	LOW_EVIDENCE	-1.0177685457296608	0	0.7969753907157598	0.9193503665030652	1.336467280339022	0.3350554058101228		NONE
go_bp	GOBP_CHAPERONE_COFACTOR_DEPENDENT_PROTEIN_REFOLDING	MIXED	-0.4225240676798628	0	1.6357004940437807	0.0913156443107613	0.7294193019593052	0.94024931590149		NONE
go_bp	GOBP_TRANSLATIONAL_TERMINATION	LOW_EVIDENCE	-0.8467843401037826	0	-1.0736623525248286	0.6646091622053161				NONE
reactome	REACTOME_MAPK_FAMILY_SIGNALING_CASCADES	MIXED	1.042843720172656	0	-1.112005362340417	0.4485923313083806	1.0474239158059069	0.5485460087321856		NONE
go_bp	GOBP_RETINOIC_ACID_RECEPTOR_SIGNALING_PATHWAY	MIXED	0.6923225498774763	0	-1.021524257933038	0.6904332129963899	1.029354618649191	0.7376371901073597		NONE
reactome	REACTOME_NPAS4_REGULATES_EXPRESSION_OF_TARGET_GENES	LOW_EVIDENCE	1.0578513197966797	0	-0.8693354359096362	0.8437037037037037	-1.1956909325191922	0.4608443134535367		NONE
go_bp	GOBP_SPERM_CAPACITATION	LOW_EVIDENCE	0.7028880000316977	0	-1.0725695593131208	0.6646091622053161	0.9488534052622832	0.8063042676271142		NONE
go_bp	GOBP_RESPONSE_TO_HYDROPEROXIDE	LOW_EVIDENCE	0.9488110625305612	0	1.324067730123607	0.4133333333333333	-1.159590497937376	0.6322897444522337		NONE
reactome	REACTOME_NOTCH3_ACTIVATION_AND_TRANSMISSION_OF_SIGNAL_TO_THE_NUCLEUS	MIXED	1.1875969590674436	0	1.3625575208031548	0.3091419899926175	-1.2117357186558135	0.4260313608362889		NONE
go_bp	GOBP_NEGATIVE_REGULATION_OF_T_HELPER_CELL_DIFFERENTIATION	LOW_EVIDENCE	1.184483570693178	0			1.3201087048384226	0.505021066630423		NONE
go_bp	GOBP_IMP_METABOLIC_PROCESS	LOW_EVIDENCE	-0.8283645934756264	0			-0.9804997946572136	0.7774116125502095		NONE
go_bp	GOBP_REGULATION_OF_RECEPTOR_CLUSTERING	not_tested_in_resistance		0	-0.7525726684298252	0.9097389857136196	-0.738624303459748	0.9293792862954784		NONE
reactome	REACTOME_TRANSPORT_OF_MATURE_MRNAS_DERIVED_FROM_INTRONLESS_TRANSCRIPTS	MIXED	0.5136069749669845	0	-1.1898506605383468	0.447604504676465	-1.2908712187338778	0.3400455927051671		NONE
go_bp	GOBP_RESPONSE_TO_PROTOZOAN	MIXED	-0.0380474461540356	0	-1.571166336626503	0.1654933297963561	1.2160555900116357	0.5825097574574853		NONE
go_bp	GOBP_NEGATIVE_REGULATION_OF_IMMUNE_RESPONSE	MIXED	1.1556414560662394	0	0.8249548657637875	0.9549803587298756	1.006548240762471	0.7683634020618557		NONE
go_bp	GOBP_REGULATION_OF_APOPTOTIC_SIGNALING_PATHWAY	LOW_EVIDENCE	1.008610765249322	0	1.2595074379833862	0.1654581657025725	-1.1954018719100237	0.2624132433184825		NONE
go_bp	GOBP_VENTRICULAR_CARDIAC_MUSCLE_TISSUE_MORPHOGENESIS	MIXED	1.0328295261462757	0	-1.6248017158871946	0.0949842222918598	0.9984778425888842	0.762091550077527		NONE
go_bp	GOBP_POSTSYNAPTIC_SPECIALIZATION_ASSEMBLY	LOW_EVIDENCE	1.060725427138201	0	-0.8772141551782183	0.8334045019215519	1.4327874319056606	0.4074962518740629		NONE
go_bp	GOBP_PARAXIAL_MESODERM_DEVELOPMENT	LOW_EVIDENCE	1.114502515593872	0	-1.180646258491588	0.5535822386894906	1.20588433326618	0.6024978373702422		NONE
go_bp	GOBP_POSITIVE_REGULATION_OF_NON_CANONICAL_NF_KAPPAB_SIGNAL_TRANSDUCTION	MIXED	-0.9404920061794868	0	0.9323544917156704	0.8189690783326117	-0.7521204990831436	0.9506481008495332		NONE
reactome	REACTOME_RHOH_GTPASE_CYCLE	LOW_EVIDENCE	1.0452852160033217	0	-1.2721522383949797	0.358315282468013	1.269490049338569	0.3893561484918793		NONE
reactome	REACTOME_ANTI_INFLAMMATORY_RESPONSE_FAVOURING_LEISHMANIA_PARASITE_INFECTION	MIXED	1.0666637164514614	0	-1.554048563003804	0.072532368664999	-0.8615113726785015	0.8617961092362447		NONE
go_bp	GOBP_REGULATION_OF_HUMORAL_IMMUNE_RESPONSE	MIXED	0.7549463655092349	0	1.0466373527838846	0.6691045018690069	1.167764533681185	0.6265826510058335		NONE
go_bp	GOBP_REGULATION_OF_MICROTUBULE_POLYMERIZATION_OR_DEPOLYMERIZATION	MIXED	-0.990944401520576	0	1.1838456476101729	0.4566717440974867	0.9609107117225912	0.8139777323216082		NONE
go_bp	GOBP_POSITIVE_REGULATION_OF_MAP_KINASE_ACTIVITY	LOW_EVIDENCE	1.389524674314687	0	-1.023929305539734	0.6910395284811072	1.61388927089663	0.0991840906489651		NONE
go_bp	GOBP_TRACHEA_DEVELOPMENT	LOW_EVIDENCE	1.3207708413482957	0	-1.140099694432626	0.6070661756341713	-1.5386954466872644	0.3102176028620414		NONE
go_bp	GOBP_POSITIVE_REGULATION_OF_CELLULAR_RESPONSE_TO_TRANSFORMING_GROWTH_FACTOR_BETA_STIMULUS	LOW_EVIDENCE	1.3932648128714489	0	1.1739329403867431	0.5208470902635892	-1.3198853164335218	0.4892408327503536	CITED2	NONE
reactome	REACTOME_DUAL_INCISION_IN_GG_NER	LOW_EVIDENCE	-0.7442011239766742	0	-0.974705892346649	0.7722262861217489	-1.5020995790841047	0.1520499421200725		NONE
reactome	REACTOME_IMMUNOREGULATORY_INTERACTIONS_BETWEEN_A_LYMPHOID_AND_A_NON_LYMPHOID_CELL	MIXED	-0.9610988965792896	0	0.8586366406742302	0.9193503665030652	-0.8154305157734233	0.9234786661911304		NONE
reactome	REACTOME_TP53_REGULATES_METABOLIC_GENES	MIXED	1.0089159341566682	0	1.0223964705126194	0.7085448392554992	1.541787924868954	0.0684715803948842		NONE
go_bp	GOBP_PROTEIN_K63_LINKED_DEUBIQUITINATION	MIXED	1.0280990969554575	0	1.0069915733083872	0.7056790247895248	0.8543097776134785	0.871182484631316		NONE
go_bp	GOBP_REGULATION_OF_FERTILIZATION	not_tested_in_resistance		0			0.654520294549077	0.9543411914545936		NONE
go_bp	GOBP_PROTEIN_HOMOTETRAMERIZATION	LOW_EVIDENCE	-1.2391791628436737	0	-0.7284475898742825	0.9650742626918064	0.9922094858471048	0.7568898623279099		NONE
go_bp	GOBP_B_CELL_DIFFERENTIATION	MIXED	0.9268191644650408	0	1.1515195669329696	0.4447284405761848	1.2199792376140357	0.475615517874954		NONE
go_bp	GOBP_OLFACTORY_LOBE_DEVELOPMENT	MIXED	1.2165851313108953	0	-1.2720705928372271	0.4463151655423523	0.8523342043890105	0.871182484631316		NONE
reactome	REACTOME_IRON_UPTAKE_AND_TRANSPORT	LOW_EVIDENCE	1.0939121365135351	0	1.4580351094431176	0.1547299153636667	0.8663734578005692	0.816901251676601		NONE
go_bp	GOBP_REGULATION_OF_LYMPHOCYTE_MIGRATION	MIXED	1.025238507047625	0	-1.023751214688594	0.6869658493046463	-1.0689198616204318	0.7102822477922941		NONE
reactome	REACTOME_SUMOYLATION_OF_UBIQUITINYLATION_PROTEINS	MIXED	0.4027332503815351	0	-1.073998186533634	0.6373563730293044	1.140979129941087	0.4991897493876013		NONE
reactome	REACTOME_PHOSPHOLIPID_METABOLISM	LOW_EVIDENCE	1.0101326780823137	0	1.0404510174393518	0.6674402565983207	1.146155830746041	0.3984191076804543		NONE
go_bp	GOBP_CD4_POSITIVE_OR_CD8_POSITIVE_ALPHA_BETA_T_CELL_LINEAGE_COMMITMENT	MIXED	-1.1580281477606358	0	0.8397105662049018	0.8698487219613981	1.0733586725136224	0.7016314609393438		NONE
go_bp	GOBP_NEGATIVE_REGULATION_OF_NF_KAPPAB_TRANSCRIPTION_FACTOR_ACTIVITY	MIXED	0.9846873058952892	0	-0.7971030698074868	0.9387656340097787	-0.941247895954255	0.8139418812584314		NONE
go_bp	GOBP_CELLULAR_RESPONSE_TO_UV	MIXED	1.085878063233663	0	0.6400805659698507	0.9981903277098448	-1.2059531451166132	0.5139259175222645		NONE
reactome	REACTOME_DEGRADATION_OF_DVL	MIXED	-0.9152844064877648	0	0.7898952360735416	0.9514136525725928	-1.5279843802926227	0.1015719639602401		NONE
go_bp	GOBP_PROTEIN_CONTAINING_COMPLEX_LOCALIZATION	LOW_EVIDENCE	0.9110306918286322	0	-1.1773650342956892	0.4117838541666667	0.8503588731665234	0.9266061143110323		NONE
go_bp	GOBP_NEGATIVE_REGULATION_OF_GLUCOSE_TRANSMEMBRANE_TRANSPORT	LOW_EVIDENCE	1.0883601300759618	0	1.4631821411476875	0.2952755905511811	-1.2610404214855049	0.5653363251311012		NONE
reactome	REACTOME_SEMA4D_INDUCED_CELL_MIGRATION_AND_GROWTH_CONE_COLLAPSE	LOW_EVIDENCE	1.363750880877289	0	-1.509867286153394	0.1900902387702113	-0.6484662110010423	0.9659911618979602		NONE
reactome	REACTOME_SUMOYLATION_OF_DNA_REPLICATION_PROTEINS	MIXED	-0.9535001731143556	0	-1.1586986043103715	0.4967580612333905	-1.204701481424601	0.4105631838328736		NONE
go_bp	GOBP_FIBROBLAST_ACTIVATION	not_tested_in_resistance		0			-1.8836917620701332	0.0774666013474289		NONE
go_bp	GOBP_PROTEIN_TRANSMEMBRANE_TRANSPORT	MIXED	0.7634452129902921	0	1.4595884648728628	0.1538440479145939	-1.0265744032514417	0.7585852957864551		NONE
go_bp	GOBP_ACTIVATED_T_CELL_PROLIFERATION	LOW_EVIDENCE	0.7715427387562445	0	0.9141174261697042	0.819515478834116	0.948609493149886	0.8023327243522935		NONE
reactome	REACTOME_PCP_CE_PATHWAY	LOW_EVIDENCE	0.9643306520245576	0	-0.731108391709435	1.0	-1.5497246278556076	0.0638983682375265		NONE
go_bp	GOBP_NEGATIVE_REGULATION_OF_CELLULAR_SENESCENCE	LOW_EVIDENCE	1.145381597998143	0	0.6708736963032899	0.9651214749106316	1.4582859186375916	0.4012444230600996		NONE
go_bp	GOBP_NUCLEOTIDE_BINDING_DOMAIN_LEUCINE_RICH_REPEAT_CONTAINING_RECEPTOR_SIGNALING_PATHWAY	LOW_EVIDENCE	-0.767910646646182	0	1.4354218908714356	0.2766756302803769	0.9478893020617938	0.8035119665126268		NONE
reactome	REACTOME_SHC_MEDIATED_CASCADE_FGFR1	not_tested_in_resistance		0			0.5819646444170911	0.9841825732057246		NONE
go_bp	GOBP_FOLIC_ACID_CONTAINING_COMPOUND_METABOLIC_PROCESS	MIXED	-0.8437144444860746	0	1.1147762823548506	0.6156145717463849	-1.2928759640113967	0.5158669905860918		NONE
go_bp	GOBP_NEGATIVE_REGULATION_OF_RECEPTOR_MEDIATED_ENDOCYTOSIS	LOW_EVIDENCE	1.0736017861272769	0	-0.704266213147571	0.9611906740309888	-1.0739975660556185	0.6889640519967029		NONE
go_bp	GOBP_TYPE_B_PANCREATIC_CELL_PROLIFERATION	LOW_EVIDENCE	0.9916057435791512	0	0.8759820230079455	0.8568867741389209	1.011187190489365	0.7544836464577384		NONE
go_bp	GOBP_RESPONSE_TO_TESTOSTERONE	LOW_EVIDENCE	0.99022522028923	0	-1.302549912370715	0.3988289607026236	0.9286840384848852	0.8180596233892233		NONE
reactome	REACTOME_ERK_MAPK_TARGETS	LOW_EVIDENCE	1.28180874262737	0	0.934334203437837	0.8211068768404642	0.7452468275370028	0.907488071139387		NONE
go_bp	GOBP_REGULATION_OF_DOPAMINE_SECRETION	not_tested_in_resistance		0			0.868676606968399	0.8646645340786707		NONE
go_bp	GOBP_REGULATION_OF_MICROTUBULE_BASED_PROCESS	MIXED	-1.039006348876134	0	0.8884936676281073	0.908235162203904	-1.1719213858147044	0.4682636357900969		NONE
go_bp	GOBP_FATTY_ACID_DERIVATIVE_CATABOLIC_PROCESS	LOW_EVIDENCE	1.5552032092221209	0			1.0909231970621325	0.7093671194989017		NONE
reactome	REACTOME_CHAPERONE_MEDIATED_AUTOPHAGY	LOW_EVIDENCE	-0.8361665098529991	0	0.8573199624428999	0.8579965850882185	0.9627855470892732	0.6840094062316284		NONE
reactome	REACTOME_TNF_RECEPTOR_SUPERFAMILY_TNFSF_MEMBERS_MEDIATING_NON_CANONICAL_NF_KB_PATHWAY	not_tested_in_resistance		0	-1.0230620554087697	0.7114915391530262	0.9488476417583974	0.7130530300022498		NONE
reactome	REACTOME_EXPORT_OF_VIRAL_RIBONUCLEOPROTEINS_FROM_NUCLEUS	LOW_EVIDENCE	-0.6841884763883783	0	-1.2306611387830944	0.4485923313083806	-1.5097205927694848	0.1898890367515774		NONE
go_bp	GOBP_NEGATIVE_REGULATION_OF_PROTEIN_POLYMERIZATION	LOW_EVIDENCE	1.294322965562963	0	-1.0020265120480565	0.7226324050927272	1.523813593614717	0.1864970119601747		NONE
go_bp	GOBP_POSITIVE_REGULATION_OF_AUTOPHAGY_OF_MITOCHONDRION	MIXED	0.6803222654111776	0	0.8471981259714211	0.8616134740238618	0.9395022371482536	0.8139418812584314		NONE
go_bp	GOBP_REGULATION_OF_ACTIN_NUCLEATION	MIXED	0.7995993142837887	0	0.852194612055722	0.8787280163365667	-1.4841230738793247	0.3322644273460279		NONE
go_bp	GOBP_NUCLEOTIDE_TRANSMEMBRANE_TRANSPORT	MIXED	0.9180781016309044	0	1.6709316261247802	0.0943994643618348	0.912577566856888	0.8346567229655626		NONE
go_bp	GOBP_POSITIVE_REGULATION_OF_CELL_MIGRATION_INVOLVED_IN_SPROUTING_ANGIOGENESIS	MIXED	0.1588071600091036	0	0.992723225202059	0.7407256420709335	1.1938462537441914	0.6008843036109064		NONE
go_bp	GOBP_V_D_J_RECOMBINATION	MIXED	0.8683718894766002	0	0.9478795962991712	0.7848205976631165	-1.2637755355882057	0.5535284743726532		NONE
go_bp	GOBP_SPINDLE_LOCALIZATION	MIXED	-1.0025101535649577	0	-0.9666682200943516	0.7696944610317935	-1.0065008114299792	0.762091550077527		NONE
go_bp	GOBP_REGULATION_OF_UBIQUITIN_PROTEIN_TRANSFERASE_ACTIVITY	MIXED	0.7248715686281222	0	0.943522151324591	0.7833083832335329	1.6363520666479108	0.1391022749610636		NONE
go_bp	GOBP_SPECIFICATION_OF_SYMMETRY	MIXED	1.1547119494683606	0	-1.0368229212963775	0.6703372212872757	0.884579151234452	0.8859474108131692	CITED2	NONE
go_bp	GOBP_POSITIVE_REGULATION_OF_NITRIC_OXIDE_METABOLIC_PROCESS	MIXED	-1.2520979126533365	0	-1.5361869561705648	0.1239041910478125	1.3693284491276514	0.4682636357900969		NONE
reactome	REACTOME_MITOCHONDRIAL_PROTEIN_IMPORT	LOW_EVIDENCE	-0.894514495568994	0	1.003912577163076	0.7387593416915097	-1.3720361583399237	0.2459116007503104		NONE
go_bp	GOBP_ESTABLISHMENT_OF_MITOTIC_SPINDLE_LOCALIZATION	MIXED	-1.0020306806953947	0	-0.6236844272841625	0.9953911870503596	-0.8438468137864573	0.8902810905031208		NONE
go_bp	GOBP_HEAD_DEVELOPMENT	LOW_EVIDENCE	1.0721191687603502	0						NONE
go_bp	GOBP_ARP2_3_COMPLEX_MEDIATED_ACTIN_NUCLEATION	MIXED	1.0242942470326135	0	0.9832843987890788	0.7407256420709335	-1.1958888827904717	0.5825097574574853		NONE
go_bp	GOBP_PROTEIN_NEDDYLATION	LOW_EVIDENCE	1.056251118597118	0	-0.4778695320864	1.0	1.0262700230243171	0.7376371901073597		NONE
go_bp	GOBP_PROTEIN_K11_LINKED_UBIQUITINATION	MIXED	-0.7938715064271754	0	0.6006109784160594	0.993707810689638	-1.062210789620729	0.6958762886597937		NONE
go_bp	GOBP_RESPONSE_TO_LEPTIN	LOW_EVIDENCE	1.2074586574792516	0	-1.6061920577626312	0.1260049071314719	-1.0150653703032342	0.7386857944490137		NONE
go_bp	GOBP_REGULATION_OF_PROTEIN_BINDING	LOW_EVIDENCE	1.1240078833845029	0	0.9780445771256648	0.762302305640244	1.0929544537547482	0.6633646308898268		NONE
go_bp	GOBP_HEPATICOBILIARY_SYSTEM_DEVELOPMENT	LOW_EVIDENCE	1.210786933992961	0	-1.10063972238382	0.5537045187091588	0.9985606558756952	0.7705990482840614	CITED2	NONE
go_bp	GOBP_LOCOMOTORY_EXPLORATION_BEHAVIOR	not_tested_in_resistance		0			1.192386582171331	0.6322897444522337		NONE
go_bp	GOBP_NEGATIVE_REGULATION_OF_PROTEIN_LOCALIZATION_TO_CELL_PERIPHERY	LOW_EVIDENCE	1.4383461385523246	0	-0.8548444563601033	0.861984282907662	1.1529619997100606	0.6468109292041533		NONE
go_bp	GOBP_FATTY_ACYL_COA_BIOSYNTHETIC_PROCESS	LOW_EVIDENCE	0.990784172142996	0	-0.9431610718046342	0.7802353108228336	1.1961729473667275	0.6018219776048587		NONE
reactome	REACTOME_PKA_ACTIVATION_IN_GLUCAGON_SIGNALLING	LOW_EVIDENCE	1.2363975139497632	0	-1.6741455789723816	0.0952914663737014	-0.6534565998275137	0.9693225730133278		NONE
go_bp	GOBP_PROTEIN_INSERTION_INTO_MITOCHONDRIAL_OUTER_MEMBRANE	LOW_EVIDENCE	-0.532852237751716	0						NONE
go_bp	GOBP_REGULATION_OF_FIBROBLAST_APOPTOTIC_PROCESS	MIXED	0.6398280181602829	0	1.2334832880046958	0.4967116626006606	-1.3979668145949296	0.4639082879371897		NONE
go_bp	GOBP_CELLULAR_RESPONSE_TO_GROWTH_HORMONE_STIMULUS	LOW_EVIDENCE	0.8686846450596215	0	-0.6371168306900337	0.9695857795172864	-1.5872537128152384	0.2252085311719554		NONE
go_bp	GOBP_NEGATIVE_REGULATION_OF_GENE_EXPRESSION_VIA_CHROMOSOMAL_CPG_ISLAND_METHYLATION	LOW_EVIDENCE	0.82755507844113	0	-1.2141729450615355	0.5050303417438519	-1.7718474854830566	0.1458894356521833		NONE
go_bp	GOBP_REGULATION_OF_MRNA_SPLICING_VIA_SPLICEOSOME	MIXED	-0.8343148257852121	0	-1.2665469600131567	0.3407888771346531	-1.5565443581731833	0.081696771967675		NONE
go_bp	GOBP_NEGATIVE_REGULATION_OF_DNA_REPLICATION	LOW_EVIDENCE	-0.9320265060899348	0	-0.8530660179428085	0.8598896207940182	-1.1447769071810137	0.645654748975174		NONE
reactome	REACTOME_ION_TRANSPORT_BY_P_TYPE_ATPASES	LOW_EVIDENCE	1.1562067286573334	0	-0.9305150371422618	0.8355140987915322	0.9889124888437972	0.6774975917360679		NONE
go_bp	GOBP_MESENCHYMAL_CELL_MIGRATION	MIXED	1.4726967099339654	0	-1.2413990476729542	0.422979797979798	0.9320613485274696	0.8164606763476799		NONE
go_bp	GOBP_POSITIVE_REGULATION_OF_METAPHASE_ANAPHASE_TRANSITION_OF_CELL_CYCLE	LOW_EVIDENCE	-0.9779967911180132	0			-0.7383300764147271	0.9156258765379688		NONE
go_bp	GOBP_NEGATIVE_REGULATION_OF_INTERLEUKIN_10_PRODUCTION	not_tested_in_resistance		0	-1.3864982172079396	0.3928867221322892	1.2963404092844557	0.5206724576411137		NONE
go_bp	GOBP_CELL_CELL_RECOGNITION	LOW_EVIDENCE	1.013532153823934	0	-1.2841453410941246	0.3875164728458142	0.987008671625862	0.7666009136212624		NONE
go_bp	GOBP_NEGATIVE_REGULATION_OF_AMYLOID_PRECURSOR_PROTEIN_CATABOLIC_PROCESS	LOW_EVIDENCE	1.1387256546105804	0	-1.0793230208636038	0.6672937131630647	1.0382843489357898	0.7460371920675221		NONE
go_bp	GOBP_ALTERNATIVE_MRNA_SPLICING_VIA_SPLICEOSOME	MIXED	-0.8390831237091282	0	-1.2297618068217255	0.4169138487904554	-1.584946140632543	0.1353085916074933		NONE
go_bp	GOBP_GLUTAMATE_METABOLIC_PROCESS	MIXED	0.851052001452318	0	1.0120137480045637	0.7277007140300836	-1.2352787405951304	0.5488952913957625		NONE
go_bp	GOBP_T_CELL_MEDIATED_CYTOTOXICITY	MIXED	-0.9311377325301234	0	1.000543155162461	0.7378755844632322	-0.9344366425151808	0.8281876475048238		NONE
reactome	REACTOME_TRNA_PROCESSING_IN_THE_NUCLEUS	LOW_EVIDENCE	-0.850463809122846	0	-1.1557178107561483	0.479977574052348	-1.2556654897975033	0.3453149606299212		NONE
go_bp	GOBP_REGULATION_OF_CALCINEURIN_MEDIATED_SIGNALING	LOW_EVIDENCE	1.0901755906525985	0	-0.883240220971311	0.8446936632890719	0.9223981365455372	0.8231462908001298		NONE
go_bp	GOBP_NEGATIVE_REGULATION_OF_HORMONE_SECRETION	LOW_EVIDENCE	1.098191620968512	0	-1.3967971538032915	0.2759405975150076	-1.1277318511055126	0.6633646308898268		NONE
go_bp	GOBP_POSITIVE_REGULATION_OF_INTERLEUKIN_1_BETA_PRODUCTION	LOW_EVIDENCE	1.0873175808727154	0	-1.1644266154466838	0.518706201251338	0.9723800908457416	0.7817781733994945		NONE
go_bp	GOBP_NEGATIVE_REGULATION_OF_CELL_POPULATION_PROLIFERATION	LOW_EVIDENCE	1.3703365076232334	0					CITED2	NONE
go_bp	GOBP_DENDRITIC_CELL_CHEMOTAXIS	LOW_EVIDENCE	1.4433317560889054	0	0.8052304352896994	0.8806680368086801	-1.3400362073244054	0.4935199732145157		NONE
go_bp	GOBP_REGULATION_OF_LIPOPROTEIN_PARTICLE_CLEARANCE	MIXED	0.3286754547744729	0	1.1078354703539088	0.6438426162493612	1.3860322308582531	0.4538876024225152		NONE
go_bp	GOBP_RESPONSE_TO_VITAMIN_D	MIXED	-0.9023710868959924	0	-0.9052749938544008	0.8175633539316288	-0.6943008677218373	0.9668647966823052		NONE
go_bp	GOBP_REVERSE_CHOLESTEROL_TRANSPORT	not_tested_in_resistance		0			-0.8067823226251628	0.8890345775316489		NONE
go_bp	GOBP_REGULATION_OF_CILIUM_ASSEMBLY	MIXED	0.80611790850097	0	1.0872566673645478	0.5939295183384887	1.162545945638851	0.6008843036109064		NONE
go_bp	GOBP_BEHAVIORAL_RESPONSE_TO_COCAINE	not_tested_in_resistance		0			1.033438954851903	0.7378762886597938		NONE
go_bp	GOBP_NEGATIVE_REGULATION_OF_MRNA_METABOLIC_PROCESS	LOW_EVIDENCE	-0.8704189668615862	0	-1.1634774343244774	0.4730643335230039	-1.2883857727881505	0.4135386487977127		NONE
go_bp	GOBP_ORGANISM_EMERGENCE_FROM_PROTECTIVE_STRUCTURE	LOW_EVIDENCE	-1.0344197170112142	0	-1.474850816997417	0.2328637926181243	-0.886874826609868	0.8463220312595189		NONE
reactome	REACTOME_ADORA2B_MEDIATED_ANTI_INFLAMMATORY_CYTOKINES_PRODUCTION	MIXED	-0.9078836070146517	0	-1.3503683089746794	0.2748046875	0.8689649882688141	0.8076923076923078		NONE
reactome	REACTOME_APC_CDC20_MEDIATED_DEGRADATION_OF_NEK2A	LOW_EVIDENCE	-1.241168307658002	0	0.7508949418719324	0.950693948520508	0.986855582180346	0.6774975917360679		NONE
go_bp	GOBP_NEURON_CELLULAR_HOMEOSTASIS	LOW_EVIDENCE	1.2436864203975058	0	1.0364926884157342	0.6920317780281022	-0.8439870044150467	0.888877109903765		NONE
go_bp	GOBP_NEGATIVE_REGULATION_OF_PHOSPHATASE_ACTIVITY	LOW_EVIDENCE	1.1640370323844351	0	-1.110845888496931	0.632581623435282	-0.894698820176495	0.8407540497105825		NONE
go_bp	GOBP_HEMATOPOIETIC_OR_LYMPHOID_ORGAN_DEVELOPMENT	MIXED	-0.9844930300369852	0	-0.7627015707024755	0.9722292340925128	-1.3104573746514268	0.4012444230600996	CITED2	NONE
go_bp	GOBP_REGULATION_OF_CELL_CYCLE_G1_S_PHASE_TRANSITION	MIXED	-0.8332911437742027	0	1.0984764400410083	0.58686942055812	1.375488690113775	0.1979424441115588		NONE
go_bp	GOBP_L_GLUTAMATE_IMPORT	LOW_EVIDENCE	0.8819340413162804	0	1.2284938679808155	0.4820621699602591	1.6083330203333406	0.1091008257635491		NONE
go_bp	GOBP_REGULATION_OF_CELL_SUBSTRATE_JUNCTION_ORGANIZATION	LOW_EVIDENCE	1.2888011768967156	0	-1.57748071323366	0.0766868919836621	1.5310941752936376	0.1605921133958194		NONE
go_bp	GOBP_POSITIVE_REGULATION_OF_CELLULAR_RESPONSE_TO_INSULIN_STIMULUS	MIXED	-0.8253482427509236	0	-0.87586666386346	0.8404599659284497	-1.18561043631081	0.6093863472789276		NONE
go_bp	GOBP_THYMUS_DEVELOPMENT	LOW_EVIDENCE	-1.0737392646740962	0	0.8309059881094464	0.9022727272727272	-1.3913593072613992	0.3405830710557455	CITED2	NONE
go_bp	GOBP_SKELETAL_MUSCLE_ADAPTATION	not_tested_in_resistance		0			0.7584108323881781	0.915228876960142		NONE
go_bp	GOBP_INHIBITORY_SYNAPSE_ASSEMBLY	LOW_EVIDENCE	0.7885712892352071	0			0.876615230324682	0.8532056065669511		NONE
go_bp	GOBP_POSITIVE_REGULATION_OF_TRANSFORMING_GROWTH_FACTOR_BETA_PRODUCTION	not_tested_in_resistance		0	-1.0178428659334984	0.7139042787530872	-0.818713213656888	0.882049225159526		NONE
reactome	REACTOME_RHO_GTPASES_ACTIVATE_WASPS_AND_WAVES	MIXED	-0.6310846661849775	0	-1.172833921641941	0.4909106581871121	-1.4522430513729816	0.1900862216287857		NONE
go_bp	GOBP_REGULATION_OF_NUCLEOTIDE_CATABOLIC_PROCESS	MIXED	-0.7435688389052204	0	1.550982836520788	0.1742973262352764	-0.997215926795994	0.7774116125502095		NONE
go_bp	GOBP_CELL_PROLIFERATION_IN_FOREBRAIN	MIXED	0.5581080266071379	0	0.8575580955213652	0.8585319760579561	1.212001303422228	0.5825097574574853		NONE
go_bp	GOBP_REGULATION_OF_ANDROGEN_RECEPTOR_SIGNALING_PATHWAY	LOW_EVIDENCE	0.6079514106043823	0	0.719267160762933	0.9470729360144284	-1.420410021378775	0.4124878048780488		NONE
go_bp	GOBP_REGULATION_OF_PROTEIN_KINASE_A_SIGNALING	LOW_EVIDENCE	1.1716827183674616	0			1.5428222003970906	0.2380616473239299		NONE
go_bp	GOBP_POSITIVE_REGULATION_OF_BEHAVIOR	LOW_EVIDENCE	-1.1811637090011422	0	0.7257729196881265	0.93087995890216	0.8407452621754105	0.882049225159526		NONE
reactome	REACTOME_NR1H3_NR1H2_REGULATE_GENE_EXPRESSION_LINKED_TO_CHOLESTEROL_TRANSPORT_AND_EFFLUX	MIXED	0.7359673931317012	0	-0.7977772238879489	0.9376515184907656	-1.1856301872088073	0.4401204700306113		NONE
go_bp	GOBP_CELL_PROJECTION_MORPHOGENESIS	LOW_EVIDENCE	1.2740045246853275	0						NONE
go_bp	GOBP_HYDROGEN_PEROXIDE_CATABOLIC_PROCESS	LOW_EVIDENCE	-1.3890196196114837	0	0.8896131684171034	0.8135833038556773	0.8940636951157231	0.8417804245443997		NONE
go_bp	GOBP_REGULATION_OF_EXCITATORY_SYNAPSE_ASSEMBLY	not_tested_in_resistance		0			-0.7286004725038122	0.9371177863614636		NONE
go_bp	GOBP_REGULATION_OF_RAS_PROTEIN_SIGNAL_TRANSDUCTION	MIXED	1.0571348939502003	0	-1.2170907736504066	0.4572411577284532	1.6863839123769837	0.093152893701238		NONE
reactome	REACTOME_ATTENUATION_PHASE	MIXED	-0.7091732004817617	0	0.9024642552095382	0.8426541427138763	1.0120745384345455	0.6298062516145699		NONE
go_bp	GOBP_URETER_DEVELOPMENT	not_tested_in_resistance		0	-0.7578513313816297	0.9192041522491348	0.9559408909868472	0.7942001852562438		NONE
go_bp	GOBP_POSITIVE_REGULATION_OF_CYTOKINESIS	LOW_EVIDENCE	-1.2075643117368926	0	-1.3371537306990122	0.3600612870275791	0.8958432507762709	0.8368397653407466		NONE
go_bp	GOBP_SEX_CHROMOSOME_DOSAGE_COMPENSATION	MIXED	0.6711685363562456	0	0.6678916094149816	0.951445411170362				NONE
go_bp	GOBP_CARBOHYDRATE_HOMEOSTASIS	LOW_EVIDENCE	1.0254259514000217	0	1.0685208876635477	0.584328757354252	-0.9303151930192464	0.871182484631316		NONE
go_bp	GOBP_OSTEOBLAST_PROLIFERATION	LOW_EVIDENCE	1.3164107991826068	0	-0.8342220075138905	0.8888587007438775	0.9184595738072564	0.8346221901308428		NONE
go_bp	GOBP_NEGATIVE_REGULATION_OF_MICROTUBULE_POLYMERIZATION_OR_DEPOLYMERIZATION	MIXED	0.9705585601810148	0	1.4246337699197709	0.2926253778298686	1.211593802916169	0.5832831988261189		NONE
go_bp	GOBP_DETECTION_OF_TEMPERATURE_STIMULUS_INVOLVED_IN_SENSORY_PERCEPTION_OF_PAIN	MIXED	-0.1770532977155946	0	-1.217632765361198	0.5050303417438519	1.0592048117427082	0.7333248250198154		NONE
go_bp	GOBP_REGULATION_OF_CALCIUM_ION_IMPORT	MIXED	0.7612093177906618	0	1.1942505833936456	0.4810634215484607	1.4679252152358293	0.353825758029184		NONE
reactome	REACTOME_SENESCENCE_ASSOCIATED_SECRETORY_PHENOTYPE_SASP	MIXED	0.9106055091942492	0	1.4463529026348965	0.1806998877392124	1.013616768355568	0.6537162162162161		NONE
go_bp	GOBP_ASYMMETRIC_CELL_DIVISION	LOW_EVIDENCE	1.4259233665894648	0	1.3651279626107728	0.3851434414457886	1.4770277308196358	0.3735226752175904		NONE
go_bp	GOBP_MITOTIC_DNA_INTEGRITY_CHECKPOINT_SIGNALING	LOW_EVIDENCE	-1.048496235119965	0	0.9424663862193812	0.7944706488736428	0.7644641538638624	0.9508266025854972		NONE
reactome	REACTOME_TRANSCRIPTIONAL_ACTIVATION_OF_MITOCHONDRIAL_BIOGENESIS	LOW_EVIDENCE	0.6486994501443522	0	1.259257753828445	0.3556263269639065	-0.8732509074757862	0.8241851447958318		NONE
go_bp	GOBP_COPULATION	not_tested_in_resistance		0			-0.679468045794013	0.9550628486534511		NONE
reactome	REACTOME_IL_6_TYPE_CYTOKINE_RECEPTOR_LIGAND_INTERACTIONS	not_tested_in_resistance		0	-1.2982621201169988	0.447604504676465	-0.9005036972427672	0.7568325045014148		NONE
go_bp	GOBP_MUSCLE_HYPERTROPHY	LOW_EVIDENCE	1.1642115237913813	0	-1.107221545246428	0.5540343255946446	0.9108931520913144	0.8497207862536198		NONE
go_bp	GOBP_NEGATIVE_REGULATION_OF_LYMPHOCYTE_DIFFERENTIATION	MIXED	1.0188496649728318	0	-1.0342002073804089	0.6721637146960269	-0.7649943739776438	0.9380168330344956		NONE
go_bp	GOBP_RESPONSE_TO_MACROPHAGE_COLONY_STIMULATING_FACTOR	not_tested_in_resistance		0			-0.5755175192635215	0.984464463220676		NONE
go_bp	GOBP_CATECHOL_CONTAINING_COMPOUND_METABOLIC_PROCESS	MIXED	-0.9972579538089652	0	-1.2212893688686448	0.4544324085332155	-0.8581738624588919	0.873319685625528		NONE
reactome	REACTOME_REGULATION_OF_HOMOTYPIC_CELL_CELL_ADHESION	LOW_EVIDENCE	0.7746501905456874	0	-0.8882606602592116	0.8560585834700027	-0.9233574255724936	0.7375408763897973		NONE
reactome	REACTOME_NEUROTRANSMITTER_RECEPTORS_AND_POSTSYNAPTIC_SIGNAL_TRANSMISSION	MIXED	1.0002459003959905	0	-1.1017666871155185	0.4856698564593302	0.7882333872361718	0.970606590753302		NONE
go_bp	GOBP_MONOCARBOXYLIC_ACID_BIOSYNTHETIC_PROCESS	MIXED	-1.177093182315301	0	1.332737200894535	0.1502862817698895	1.1378592721998773	0.5768950879320801		NONE
go_bp	GOBP_PROTEIN_LIPID_COMPLEX_ASSEMBLY	MIXED	-0.9095917579898596	0	0.7096247355229999	0.9522490358869	1.000940015543857	0.762091550077527		NONE
go_bp	GOBP_POSITIVE_REGULATION_OF_CANONICAL_NF_KAPPAB_SIGNAL_TRANSDUCTION	LOW_EVIDENCE	1.1835234213379586	0	-1.004532297921036	0.7208013878784487	-0.955512241795414	0.8346567229655626		NONE
go_bp	GOBP_TOLL_LIKE_RECEPTOR_2_SIGNALING_PATHWAY	LOW_EVIDENCE	0.9161240095981112	0	-0.8390897321352634	0.8696548879417022	0.851242686634192	0.8514771173527654		NONE
go_bp	GOBP_NEGATIVE_REGULATION_OF_PROTEIN_IMPORT_INTO_NUCLEUS	not_tested_in_resistance		0			1.868500750105485	0.0918571284450477		NONE
go_bp	GOBP_NUCLEOSIDE_DIPHOSPHATE_METABOLIC_PROCESS	MIXED	0.8721270108264778	0	1.208634013356256	0.3585041278186224	-1.050952749165445	0.6965629609874403		NONE
go_bp	GOBP_ENDOPLASMIC_RETICULUM_TUBULAR_NETWORK_ORGANIZATION	MIXED	0.8645062545151988	0	1.1554910084228731	0.5925589149049026	1.05717704517274	0.7342638451148132		NONE
go_bp	GOBP_REGULATION_OF_ICOSANOID_SECRETION	LOW_EVIDENCE	-1.394643066312996	0	-1.2491842077179196	0.4810634215484607	0.7444872521252238	0.9205260173219688		NONE
go_bp	GOBP_INSULIN_SECRETION	MIXED	1.0059598215987444	0	-1.1379356708366797	0.4608811014228967	-0.7964971798115188	0.9836911036214344		NONE
go_bp	GOBP_REGULATION_OF_EXTENT_OF_CELL_GROWTH	LOW_EVIDENCE	-1.1737714919394264	0	-0.8224747985128259	0.932242345456404	1.3221709039823542	0.3998028417624501		NONE
go_bp	GOBP_POSITIVE_REGULATION_OF_HEMOPOIESIS	MIXED	-1.0770233162692258	0	-1.1631957850913377	0.4347463202443024	1.2909335899649217	0.307006710924228		NONE
go_bp	GOBP_CARBON_DIOXIDE_TRANSPORT	not_tested_in_resistance		0			-0.6108057796494747	0.9714368895500556		NONE
go_bp	GOBP_POSTREPLICATION_REPAIR	MIXED	-0.6229429763879563	0	-1.1408719708597774	0.5430711839530332	-1.1289114280743222	0.647316466923258		NONE
go_bp	GOBP_REGULATION_OF_TELOMERE_CAPPING	LOW_EVIDENCE	-1.2605624658587475	0	-0.7951868361211409	0.8936354962066114	-1.5188586493606913	0.3049987728915433		NONE
go_bp	GOBP_RIBONUCLEOSIDE_CATABOLIC_PROCESS	not_tested_in_resistance		0	1.0028353613497585	0.7352187875563962	0.5775388039932093	0.9807877358490568		NONE
go_bp	GOBP_POSITIVE_REGULATION_OF_CELL_GROWTH	MIXED	1.0724149352867405	0	-0.9438536606038556	0.8107224547926286	0.8456514164191753	0.9279991735193588		NONE
go_bp	GOBP_OVULATION	not_tested_in_resistance		0			-1.1997414962092197	0.6179613489958318		NONE
go_bp	GOBP_MITOTIC_SPINDLE_ASSEMBLY	LOW_EVIDENCE	-1.2699070339932583	0	-0.7811595904733	0.9650742626918064	-1.3473222097993969	0.3543491864831039		NONE
go_bp	GOBP_NUCLEOTIDE_SALVAGE	LOW_EVIDENCE	-0.8573308636343676	0	0.930038112567038	0.7896184886280264	0.7641238863794898	0.9068493599322064		NONE
reactome	REACTOME_REGULATION_OF_INSULIN_SECRETION	MIXED	1.028100868003854	0	-1.056804507116636	0.6187809917355371	1.2502821817035854	0.3511152933692065		NONE
reactome	REACTOME_N_GLYCAN_ANTENNAE_ELONGATION	not_tested_in_resistance		0			1.6303518315914702	0.1773516261185461		NONE
go_bp	GOBP_RETINA_HOMEOSTASIS	MIXED	-0.3922457985109641	0	0.9549185499548952	0.7627232629435692	0.9618753409825056	0.7975719217491368		NONE
go_bp	GOBP_CELLULAR_EXTRAVASATION	LOW_EVIDENCE	0.987393112475662	0	-1.062109876554309	0.639068200954252	-0.7977861900272386	0.9280488710635768		NONE
go_bp	GOBP_POSITIVE_REGULATION_OF_TELOMERASE_ACTIVITY	LOW_EVIDENCE	-0.9464928289219974	0	-0.7037799715270764	0.9623454477332334	-1.0980288267010485	0.6889640519967029		NONE
go_bp	GOBP_PROTEIN_AUTOPHOSPHORYLATION	LOW_EVIDENCE	1.211736553196102	0	0.6869286836639049	0.9993442725328254	1.2606969978550444	0.3608039730134932		NONE
go_bp	GOBP_POSITIVE_REGULATION_OF_P38MAPK_CASCADE	LOW_EVIDENCE	1.4902388953715386	0	0.8904710550361253	0.8355978828900391	0.6742676990840849	0.9598499523253337		NONE
go_bp	GOBP_T_HELPER_1_TYPE_IMMUNE_RESPONSE	MIXED	1.113069352446474	0	0.8079988680045596	0.906998329970202	0.8077339844074586	0.8974268388666286		NONE
go_bp	GOBP_REGULATION_OF_CELL_FATE_SPECIFICATION	MIXED	0.9465944670168128	0	-0.9733327042311192	0.7473804846103471	-0.7872104530246716	0.9091077702801268		NONE
go_bp	GOBP_APOPTOTIC_CELL_CLEARANCE	MIXED	1.0383314363836331	0	-1.2180154430361625	0.4614698294238384	-1.092238819609448	0.6966130605006319		NONE
go_bp	GOBP_SPHINGOMYELIN_METABOLIC_PROCESS	LOW_EVIDENCE	1.2982385767089055	0	1.2647737032917064	0.4810634215484607	-0.6245746459882893	0.9755947348892008		NONE
reactome	REACTOME_FORMATION_OF_FIBRIN_CLOT_CLOTTING_CASCADE	LOW_EVIDENCE	1.342428643604953	0	-1.29547997300006	0.3837767923133777	1.042158330734556	0.6074660633484164		NONE
go_bp	GOBP_KINETOCHORE_ORGANIZATION	MIXED	-0.9023213107576012	0	0.677700173258679	0.9650742626918064	-1.4975688224147674	0.4009319601042403		NONE
go_bp	GOBP_CELLULAR_MODIFIED_AMINO_ACID_BIOSYNTHETIC_PROCESS	LOW_EVIDENCE	-1.1009980949032063	0	-0.8684876856873728	0.8651215805471124	-1.0887985045187032	0.6947615964009406		NONE
go_bp	GOBP_POSITIVE_REGULATION_OF_GLYCOGEN_METABOLIC_PROCESS	LOW_EVIDENCE	1.5646559621725111	0	-0.8396961686040635	0.8664698933519518	-0.8032814696684452	0.8863184684307337		NONE
go_bp	GOBP_VASCULAR_ASSOCIATED_SMOOTH_MUSCLE_CONTRACTION	LOW_EVIDENCE	1.406031401010689	0	-1.495199610017497	0.2804878048780488	-0.8958113849705422	0.841717065136269		NONE
go_bp	GOBP_PROSTAGLANDIN_SECRETION	LOW_EVIDENCE	0.9992568935787344	0	-1.200468500967444	0.5262225372076541	0.9300340416908108	0.8182524838912121		NONE
reactome	REACTOME_DEFENSINS	not_tested_in_resistance		0			1.1194975323841223	0.5133294542345509		NONE
go_bp	GOBP_REGULATION_OF_HEART_GROWTH	MIXED	1.186355784449199	0	-0.7922459473392677	0.9303043298418996	1.0338219848734331	0.7233697698004905	CITED2	NONE
go_bp	GOBP_RESPONSE_TO_AMINE	LOW_EVIDENCE	-1.0463782476649015	0	-1.2346199176039512	0.4526955848179705	1.2123457638075066	0.5784691746467164		NONE
reactome	REACTOME_SIGNALING_BY_FGFR2	MIXED	0.5448620561996335	0	-0.8705160097143018	0.9077259182633668	-1.28873069770356	0.3161302982731554		NONE
reactome	REACTOME_SCAVENGING_BY_CLASS_A_RECEPTORS	not_tested_in_resistance		0	1.705312175009921	0.0896448544781487	-0.8560508698773232	0.7920017398390649		NONE
go_bp	GOBP_PYRIMIDINE_RIBONUCLEOSIDE_TRIPHOSPHATE_BIOSYNTHETIC_PROCESS	LOW_EVIDENCE	-0.8466173183763183	0						NONE
go_bp	GOBP_CARDIAC_MUSCLE_CELL_ACTION_POTENTIAL_INVOLVED_IN_CONTRACTION	MIXED	0.9101522855942996	0	-1.2608441406280633	0.4235319183474696	1.4400253738005386	0.3593704683101595		NONE
reactome	REACTOME_INFECTION_WITH_MYCOBACTERIUM_TUBERCULOSIS	MIXED	-0.4948559749769953	0	0.9071308442060492	0.8355140987915322	-1.342190217959862	0.3161302982731554		NONE
go_bp	GOBP_TOXIN_METABOLIC_PROCESS	not_tested_in_resistance		0			-1.107007633521217	0.6897964310708582		NONE
go_bp	GOBP_TOR_SIGNALING	LOW_EVIDENCE	1.052502840726895	0	1.4442594319251194	0.0793492626696891	0.9676315340201728	0.8116075791302458		NONE
go_bp	GOBP_ORGANIC_CYCLIC_COMPOUND_CATABOLIC_PROCESS	LOW_EVIDENCE	0.8113427388496994	0						NONE
go_bp	GOBP_CELL_COMMUNICATION_BY_ELECTRICAL_COUPLING_INVOLVED_IN_CARDIAC_CONDUCTION	LOW_EVIDENCE	1.144092858645244	0	-0.8925836232837662	0.8166079812206574	-0.986247086548455	0.7644835737868131		NONE
go_bp	GOBP_POSITIVE_REGULATION_OF_PEPTIDYL_THREONINE_PHOSPHORYLATION	LOW_EVIDENCE	1.3118996275615953	0	0.7060347158902153	0.9549803587298756	-1.3002592302094356	0.5139259175222645		NONE
reactome	REACTOME_UNBLOCKING_OF_NMDA_RECEPTORS_GLUTAMATE_BINDING_AND_ACTIVATION	LOW_EVIDENCE	-1.0649245688750344	0			1.0061347868853574	0.6572726350135775		NONE
go_bp	GOBP_CARTILAGE_CONDENSATION	not_tested_in_resistance		0			-1.0930484500273314	0.6966130605006319		NONE
reactome	REACTOME_ABC_TRANSPORTERS_IN_LIPID_HOMEOSTASIS	not_tested_in_resistance		0	-1.318542130693413	0.4348504765034505	0.9846194627325084	0.6767698228366418		NONE
go_bp	GOBP_MEMBRANE_DOCKING	LOW_EVIDENCE	-0.8622418681784045	0	1.0384099802725062	0.6783439069812491	1.1172200941333448	0.649848124868425		NONE
reactome	REACTOME_POTASSIUM_CHANNELS	LOW_EVIDENCE	1.2275965215454236	0	-0.8356449977389628	0.9376515184907656	1.4920973260538837	0.0717735290904415		NONE
go_bp	GOBP_RESPONSE_TO_HEPATOCYTE_GROWTH_FACTOR	LOW_EVIDENCE	1.0732722539269877	0	1.1785452170091255	0.5696894747376547	-1.2878460701967571	0.5410499086843596		NONE
go_bp	GOBP_GROWTH_PLATE_CARTILAGE_DEVELOPMENT	MIXED	1.2498812108060922	0	-0.9830405551093232	0.7292961223404796	1.135192998356048	0.6806695482292778		NONE
go_bp	GOBP_PROTEIN_QUALITY_CONTROL_FOR_MISFOLDED_OR_INCOMPLETELY_SYNTHESIZED_PROTEINS	LOW_EVIDENCE	0.6769578262024718	0	1.0103185574081393	0.7300529233870967	0.6727212624009088	0.9598499523253337		NONE
go_bp	GOBP_CELLULAR_RESPONSE_TO_STEROID_HORMONE_STIMULUS	MIXED	1.1605734809182144	0	-1.0373185573170725	0.6691045018690069	-1.1170169971823014	0.5612152296272127		NONE
reactome	REACTOME_TNFR1_INDUCED_NF_KAPPA_B_SIGNALING_PATHWAY	LOW_EVIDENCE	0.7447504992956246	0	1.3952858122312666	0.2730432698070239	1.2227899326178242	0.4260313608362889		NONE
go_bp	GOBP_REGULATION_OF_DEFENSE_RESPONSE_TO_BACTERIUM	LOW_EVIDENCE	1.1423716430763182	0	1.583605106206778	0.2011270842973951	-0.7092762341577682	0.9411186603750804		NONE
go_bp	GOBP_ENDOLYSOSOMAL_TOLL_LIKE_RECEPTOR_SIGNALING_PATHWAY	MIXED	1.093192836497302	0	-1.1824209172394478	0.5107971097541798	0.7920656035824849	0.907284402139598		NONE
reactome	REACTOME_DOPAMINE_NEUROTRANSMITTER_RELEASE_CYCLE	LOW_EVIDENCE	-1.1956406632512435	0	1.0436091829408678	0.6988534934890608	-0.9227318814445468	0.75301247771836		NONE
go_bp	GOBP_CELLULAR_RESPONSE_TO_ORGANIC_CYCLIC_COMPOUND	LOW_EVIDENCE	1.1232734956366854	0	-1.1669108287378591	0.3163906180524677				NONE
go_bp	GOBP_REGULATION_OF_PLASMA_LIPOPROTEIN_PARTICLE_LEVELS	MIXED	1.1794412704507131	0	1.0119143032285385	0.7289911435234487	1.2476861455114163	0.5172992870705406		NONE
go_bp	GOBP_REGULATION_OF_MITOCHONDRIAL_MEMBRANE_PERMEABILITY_INVOLVED_IN_APOPTOTIC_PROCESS	MIXED	0.947242048115654	0	1.2687069442472405	0.4092128801431127	1.104682988757823	0.6947615964009406		NONE
go_bp	GOBP_NEUROTRANSMITTER_UPTAKE	LOW_EVIDENCE	0.9454069812803144	0	0.7602824152290667	0.9303043298418996	1.409584282439072	0.4259277726333785		NONE
go_bp	GOBP_NEGATIVE_REGULATION_OF_LIPID_TRANSPORT	MIXED	-0.768117095912526	0	1.014013617205897	0.708260486047654	-1.3417886942088475	0.4935199732145157		NONE
go_bp	GOBP_CELLULAR_RESPONSE_TO_CHOLESTEROL	not_tested_in_resistance		0			0.9132044821623552	0.8287645964930773		NONE
go_bp	GOBP_PEPTIDYL_TYROSINE_MODIFICATION	LOW_EVIDENCE	1.2170975262947312	0	-0.8889427065033219	0.9037515783877186	1.037304023639612	0.710967141303857		NONE
go_bp	GOBP_POSITIVE_REGULATION_OF_VASCULAR_PERMEABILITY	LOW_EVIDENCE	-1.0506335657394217	0	-0.8916404923626914	0.8314670933942733	-0.721561342804697	0.9380241186369438		NONE
go_bp	GOBP_NEGATIVE_REGULATION_OF_INTRACELLULAR_STEROID_HORMONE_RECEPTOR_SIGNALING_PATHWAY	MIXED	0.8977270751744374	0	-0.7993901457957426	0.8933211411188469	-1.3962148867420046	0.4348147777833325		NONE
go_bp	GOBP_REGULATION_OF_NEUROINFLAMMATORY_RESPONSE	LOW_EVIDENCE	1.1918893267282955	0	1.5552530522532977	0.1709171473420846	0.7083575780202597	0.9509765625		NONE
go_bp	GOBP_NEGATIVE_REGULATION_OF_SIGNAL_TRANSDUCTION_IN_ABSENCE_OF_LIGAND	MIXED	-1.0251798513388322	0	1.038116373806251	0.6744159160895018	-0.813631399452767	0.9068551126287248		NONE
go_bp	GOBP_VESICLE_COATING	MIXED	0.5778187737286459	0	1.638940137076665	0.1064506004117043	1.1403288978031152	0.6629003661798225		NONE
reactome	REACTOME_SIGNALING_BY_ACTIVIN	LOW_EVIDENCE	1.4124324640648085	0	-0.7862669997970368	0.914570120542652	-1.0552832373886918	0.6074660633484164		NONE
go_bp	GOBP_NEGATIVE_REGULATION_OF_STRIATED_MUSCLE_CELL_DIFFERENTIATION	LOW_EVIDENCE	1.1133350485753153	0	1.0451778210098888	0.6738186796499376	0.8676393701177345	0.8587549188759653		NONE
go_bp	GOBP_SYNAPSE_MATURATION	MIXED	-0.9708462688995356	0	-1.532244459048523	0.1596317010383577	1.4135166552843188	0.439943152858199		NONE
go_bp	GOBP_SNARE_COMPLEX_ASSEMBLY	MIXED	-0.764336912663514	0	1.2960989306442705	0.4133333333333333	0.6408433719151965	0.9668647966823052		NONE
go_bp	GOBP_STRIATED_MUSCLE_CELL_APOPTOTIC_PROCESS	MIXED	-0.728453526253309	0	0.946217831526126	0.7837024128148615	-0.8564112441225625	0.8863184684307337		NONE
go_bp	GOBP_NEGATIVE_REGULATION_OF_MEMBRANE_PERMEABILITY	LOW_EVIDENCE	-0.8013984204972456	0	1.064845132625205	0.6737040971636314	-0.9680819824929006	0.7817781733994945		NONE
go_bp	GOBP_REGULATION_OF_SYSTEMIC_ARTERIAL_BLOOD_PRESSURE	MIXED	1.3209194770080732	0	-1.289184187904712	0.3585041278186224	-0.9009858423649268	0.8700340776611963		NONE
go_bp	GOBP_CYTOKINE_PRODUCTION	LOW_EVIDENCE	1.2910156459747857	0						NONE
reactome	REACTOME_NR1H2_AND_NR1H3_MEDIATED_SIGNALING	MIXED	-0.9812836228691588	0	1.1717185721689345	0.4829873125720876	-1.5241827998092754	0.1225707948374644		NONE
go_bp	GOBP_NEGATIVE_REGULATION_OF_CATABOLIC_PROCESS	MIXED	0.8497007961596812	0	1.1751663144810565	0.3779659030991856	-1.1426677950107529	0.5019048221112415		NONE
reactome	REACTOME_NS1_MEDIATED_EFFECTS_ON_HOST_PATHWAYS	LOW_EVIDENCE	-0.7583552509582462	0	-1.3925696125921545	0.2980429590898602	-1.5556220761009885	0.1330906630668668		NONE
go_bp	GOBP_POSITIVE_REGULATION_OF_PROTEIN_CONTAINING_COMPLEX_ASSEMBLY	MIXED	1.1911529924372617	0	-0.9772955720555128	0.7548255129829988	0.8845362203570031	0.8902810905031208		NONE
reactome	REACTOME_TP53_REGULATES_TRANSCRIPTION_OF_GENES_INVOLVED_IN_G2_CELL_CYCLE_ARREST	MIXED	-0.7416149174657106	0	0.7361369570391343	0.9463853830051012	-1.3279057031617882	0.3195590341516551		NONE
go_bp	GOBP_POSITIVE_REGULATION_OF_HEART_GROWTH	MIXED	1.073252045262241	0	-0.7287141396601056	0.9483376792698824	1.0758092165840023	0.6947615964009406		NONE
go_bp	GOBP_SIGNAL_TRANSDUCTION_IN_RESPONSE_TO_DNA_DAMAGE	MIXED	-0.6987349043122403	0	-0.9337445074669992	0.832826288486413	-1.3729583560208816	0.1238194120452821		NONE
reactome	REACTOME_INHIBITION_OF_DNA_RECOMBINATION_AT_TELOMERE	MIXED	0.5333829549405668	0	-0.7558466337157954	0.9414326317617276	0.6390075755677463	0.961487787574744		NONE
go_bp	GOBP_EXCITATORY_SYNAPSE_ASSEMBLY	LOW_EVIDENCE	1.0986798684205012	0	-1.1192195320989922	0.6116381788719879	1.3818609400019235	0.4597771517064025		NONE
go_bp	GOBP_ERBB_SIGNALING_PATHWAY	MIXED	1.3732914633787057	0	-0.8731619589926448	0.8936354962066114	1.0187117357590596	0.7461679989060305		NONE
go_bp	GOBP_CELL_CELL_SIGNALING_INVOLVED_IN_CARDIAC_CONDUCTION	MIXED	0.2223798871378264	0	-1.3196867237508945	0.4169138487904554	0.6074528604535074	0.9856810898272352		NONE
go_bp	GOBP_PEROXISOME_ORGANIZATION	MIXED	-0.7046686309820465	0	-1.3063488823481024	0.3875164728458142	-0.7076461101352188	0.9634881247784476		NONE
go_bp	GOBP_RESPONSE_TO_ISCHEMIA	MIXED	1.0287655260147028	0	1.0546725169186024	0.654965310137724	1.086228073566503	0.6947615964009406		NONE
go_bp	GOBP_POSITIVE_REGULATION_OF_SMOOTH_MUSCLE_CELL_PROLIFERATION	MIXED	1.0357521878915037	0	-1.37719257787183	0.2214130987455142	1.2935263301675797	0.4750640876252622		NONE
go_bp	GOBP_WATER_TRANSPORT	LOW_EVIDENCE	1.1424425436751766	0	0.961443877207102	0.7663121387283237	0.7935888176909033	0.898347410943812		NONE
go_bp	GOBP_NLS_BEARING_PROTEIN_IMPORT_INTO_NUCLEUS	LOW_EVIDENCE	1.225463568639504	0	0.6847133759880799	0.9441517889735656	-1.4945044171725002	0.4009319601042403		NONE
reactome	REACTOME_REGULATION_OF_MECP2_EXPRESSION_AND_ACTIVITY	MIXED	-1.0632459113069397	0	0.7449607078798675	0.95602795573675	0.8541327947319062	0.8017917133258678		NONE
reactome	REACTOME_COMPLEMENT_CASCADE	MIXED	-1.4991677029323225	0	-1.054652550943745	0.6674402565983207	1.612458915910011	0.0902713765788991		NONE
go_bp	GOBP_CELLULAR_RESPONSE_TO_ESTRADIOL_STIMULUS	LOW_EVIDENCE	-1.2061185739987796	0	-1.4954644297027204	0.2502948463254341	1.157292673515308	0.654737170590699		NONE
go_bp	GOBP_ANIMAL_ORGAN_MATURATION	MIXED	0.9004178414886594	0	1.0617612915990833	0.6672937131630647	1.4217123688809534	0.4236001335856618		NONE
reactome	REACTOME_HEDGEHOG_ON_STATE	MIXED	-0.7393182230674277	0	-1.1368686400707204	0.4856698564593302	-1.4445309480237198	0.0906666164277533		NONE
reactome	REACTOME_DECTIN_2_FAMILY	not_tested_in_resistance		0	-0.9617525595108668	0.7887164283222882	-1.0055835037461478	0.6572726350135775		NONE
go_bp	GOBP_REGULATION_OF_CELL_CYCLE_CHECKPOINT	LOW_EVIDENCE	-1.083512813508137	0	-1.4771035141612945	0.2022896271963719	-1.7007424251958825	0.1083123839631042		NONE
reactome	REACTOME_SIGNALING_BY_BMP	LOW_EVIDENCE	1.4651534327435718	0	0.62888995550767	0.9944142993935524	-0.8529986055341221	0.8168259218424598		NONE
go_bp	GOBP_NEGATIVE_ADAPTATION_OF_SIGNALING_PATHWAY	not_tested_in_resistance		0			-1.0104099837115397	0.7460701846418485		NONE
reactome	REACTOME_SIGNALING_BY_EGFR_IN_CANCER	MIXED	1.4661049110843725	0	-1.1394203571108714	0.5437195679346305	-1.293349170410694	0.3691235458413455		NONE
go_bp	GOBP_GLYCOLYTIC_PROCESS_THROUGH_FRUCTOSE_6_PHOSPHATE	MIXED	-0.7361158628724527	0	-0.8826820611352824	0.8273020579002441	-1.178031739406996	0.6136991745091309		NONE
go_bp	GOBP_FATTY_ACID_TRANSMEMBRANE_TRANSPORT	MIXED	-0.8570215122644759	0	-1.2007217981803568	0.5416491415536533	0.623301089199165	0.9668647966823052		NONE
go_bp	GOBP_LYMPH_VESSEL_DEVELOPMENT	LOW_EVIDENCE	1.3472007916695323	0	1.237849891648889	0.4541978503648785	0.8817471159202837	0.8446854994411137		NONE
go_bp	GOBP_DENDRITIC_CELL_CYTOKINE_PRODUCTION	LOW_EVIDENCE	-0.8353266901177027	0			-1.0937276106459413	0.6952239617658852		NONE
reactome	REACTOME_SIGNALING_BY_BRAF_AND_RAF1_FUSIONS	MIXED	-0.970272530493756	0	-1.034720128200634	0.6668410041841004	1.2878417694396225	0.3318143199196725		NONE
reactome	REACTOME_DOWNREGULATION_OF_SMAD2_3_SMAD4_TRANSCRIPTIONAL_ACTIVITY	MIXED	1.035463860249512	0	0.8453943058353744	0.8939690446539762	1.1951790587086095	0.4483245048364809		NONE
reactome	REACTOME_NOTCH2_ACTIVATION_AND_TRANSMISSION_OF_SIGNAL_TO_THE_NUCLEUS	MIXED	1.0474405936579507	0	1.2448245403655032	0.4620979371747445	0.8310614484806242	0.8168259218424598		NONE
go_bp	GOBP_REGULATION_OF_COLLATERAL_SPROUTING	LOW_EVIDENCE	0.9028879933142624	0	1.2788117736657854	0.4596806357741111	1.3618078277804004	0.4794329804605964		NONE
go_bp	GOBP_COLLAGEN_BIOSYNTHETIC_PROCESS	LOW_EVIDENCE	1.188177404898476	0	-0.8991126263363296	0.8314670933942733	0.7741436243968081	0.9157517553731332		NONE
reactome	REACTOME_BETA_CATENIN_PHOSPHORYLATION_CASCADE	MIXED	0.694254062556463	0	0.6907758011591657	0.9693003229278796	-1.294331638395536	0.3633371559633027		NONE
go_bp	GOBP_AMINE_BIOSYNTHETIC_PROCESS	MIXED	-0.8615350045289228	0	-1.004497921380538	0.7084896321767219	1.0724380420334747	0.7095962553076811		NONE
go_bp	GOBP_SISTER_CHROMATID_COHESION	MIXED	-1.1223062342092638	0	-0.8453539466237349	0.8891010921722747	0.9131689052264432	0.8348584390786404		NONE
go_bp	GOBP_RESPONSE_TO_REACTIVE_OXYGEN_SPECIES	LOW_EVIDENCE	1.223663377245949	0	0.907063997577757	0.8691159979572819	-1.0308659949504038	0.7114629123256377		NONE
go_bp	GOBP_EMBRYONIC_AXIS_SPECIFICATION	MIXED	-0.8932472977125807	0	-0.9649484977097508	0.7564553934235679	0.9387642873745172	0.8027904556290832		NONE
go_bp	GOBP_MIRNA_MEDIATED_GENE_SILENCING_BY_MRNA_DESTABILIZATION	LOW_EVIDENCE	0.7913087751811128	0						NONE
go_bp	GOBP_REGULATION_OF_RRNA_PROCESSING	MIXED	0.6930705908220542	0	0.7476698862139525	0.920039733955256	0.9180494584250845	0.8285268859230611		NONE
go_bp	GOBP_REGULATION_OF_CATECHOLAMINE_METABOLIC_PROCESS	not_tested_in_resistance		0			0.9697621880468617	0.7878260869565218		NONE
reactome	REACTOME_HDMS_DEMETHYLATE_HISTONES	MIXED	1.192776017929171	0	0.7895295316473115	0.9262555222667952	0.9320208393089228	0.711206468402964		NONE
go_bp	GOBP_GLYCOSIDE_METABOLIC_PROCESS	MIXED	0.9419982256160564	0	0.8047930198638356	0.8855772524837273	1.0166330862018638	0.7641660587744894		NONE
reactome	REACTOME_ADRENALINE_NORADRENALINE_INHIBITS_INSULIN_SECRETION	MIXED	-1.0983280517213294	0	-1.1113710066221565	0.5803821656050956	1.040911681568807	0.6047625508819539		NONE
go_bp	GOBP_MYELOID_CELL_DEVELOPMENT	MIXED	1.1218578305146678	0	-1.075131746060097	0.6052591075778259	-1.1334964525485267	0.6095123859191656	CITED2	NONE
go_bp	GOBP_POSITIVE_REGULATION_OF_EPITHELIAL_CELL_DIFFERENTIATION	MIXED	1.0556128528084527	0	-1.0661543917972325	0.642676342560304	-1.1382428517687369	0.6629003661798225	VEZF1	NONE
go_bp	GOBP_MUSCLE_HYPERTROPHY_IN_RESPONSE_TO_STRESS	MIXED	0.9838231320265676	0	1.010109471323393	0.7208918166458718	-0.7363484826846871	0.9331436768297168		NONE
reactome	REACTOME_LATE_ENDOSOMAL_MICROAUTOPHAGY	MIXED	0.659966735227451	0	1.1356381224516845	0.578650391524643	1.1954852625795245	0.4468452475886028		NONE
go_bp	GOBP_POSITIVE_REGULATION_OF_MACROPHAGE_CHEMOTAXIS	not_tested_in_resistance		0	-0.702611649633222	0.9508754226777354	-0.955459008687718	0.7817781733994945		NONE
go_bp	GOBP_CARDIAC_CELL_DEVELOPMENT	LOW_EVIDENCE	1.3323190957196642	0	-1.2778190689603297	0.3591975308641975	0.7145623040492105	0.9755947348892008		NONE
go_bp	GOBP_ATRIAL_CARDIAC_MUSCLE_TISSUE_DEVELOPMENT	not_tested_in_resistance		0			0.6689940173625398	0.9587122254674302		NONE
go_bp	GOBP_RESPONSE_TO_NERVE_GROWTH_FACTOR	MIXED	0.5715656519128242	0	-0.8042827466593897	0.9197294913260806	1.116638264105697	0.6600304277438608		NONE
reactome	REACTOME_SIGNALING_BY_NOTCH1	LOW_EVIDENCE	1.2857504037512495	0	1.045011698635492	0.6681307786308823	-0.9162503164395708	0.7801124901324444		NONE
go_bp	GOBP_MYELOID_LEUKOCYTE_MIGRATION	MIXED	1.2072943520352488	0	-1.199751061500079	0.3272492095429721	1.0246937633581463	0.7342638451148132		NONE
go_bp	GOBP_POSITIVE_REGULATION_OF_MITOCHONDRIAL_TRANSLATION	LOW_EVIDENCE	-1.1903611803613796	0	-1.3297244383138016	0.4313604636270491	-0.6651839644103885	0.9536047544990002		NONE
go_bp	GOBP_POSITIVE_REGULATION_OF_BLOOD_PRESSURE	LOW_EVIDENCE	0.9677931385791992	0	-0.8674622774843853	0.8314670933942733	-0.9472845984397192	0.8139418812584314		NONE
go_bp	GOBP_REGULATION_OF_MITOCHONDRIAL_OUTER_MEMBRANE_PERMEABILIZATION_INVOLVED_IN_APOPTOTIC_SIGNALING_PATHWAY	LOW_EVIDENCE	0.8543786910282737	0	-0.8670080815417189	0.8473274695534507	-1.270294910460574	0.5429105897273303		NONE
go_bp	GOBP_REGULATION_OF_PROTEIN_DEPHOSPHORYLATION	LOW_EVIDENCE	1.2356729121009136	0	0.8321308678018134	0.9187674082431336	0.9889437419194405	0.7705990482840614		NONE
go_bp	GOBP_POSITIVE_REGULATION_OF_SYNAPTIC_TRANSMISSION_GABAERGIC	not_tested_in_resistance		0			1.1291737977013274	0.688253881595075		NONE
go_bp	GOBP_REGULATION_OF_THE_FORCE_OF_HEART_CONTRACTION	LOW_EVIDENCE	1.1224933890764262	0	-1.2488204219152248	0.4810634215484607	0.68974404310121	0.9509765625		NONE
reactome	REACTOME_PCNA_DEPENDENT_LONG_PATCH_BASE_EXCISION_REPAIR	MIXED	-0.846557249627949	0	0.8847492450412054	0.8437037037037037	-1.8168286962034048	0.0641234251209312		NONE
go_bp	GOBP_NEGATIVE_REGULATION_OF_CALCIUM_ION_TRANSMEMBRANE_TRANSPORTER_ACTIVITY	MIXED	-0.1446422813418746	0	0.9562984111130928	0.7696944610317935	0.9476562021706184	0.8156265629341484		NONE
go_bp	GOBP_POSITIVE_REGULATION_OF_ORGANELLE_ORGANIZATION	MIXED	1.1263904503584865	0	1.0382103580531932	0.6206885420533595	0.9883021514348196	0.7901783723049278		NONE
reactome	REACTOME_TAK1_DEPENDENT_IKK_AND_NF_KAPPA_B_ACTIVATION	LOW_EVIDENCE	-0.8304471520082278	0	1.1960915047552614	0.469187675070028	0.7463436281212782	0.9209504592025972		NONE
reactome	REACTOME_E3_UBIQUITIN_LIGASES_UBIQUITINATE_TARGET_PROTEINS	LOW_EVIDENCE	1.0748593141575138	0	0.8182930060623735	0.9331903624388496	1.1179264838674292	0.5266128720898807		NONE
go_bp	GOBP_ACUTE_INFLAMMATORY_RESPONSE_TO_ANTIGENIC_STIMULUS	not_tested_in_resistance		0	0.8818337843035599	0.8291689542739974	-0.5472792529671003	0.9916900975971004		NONE
go_bp	GOBP_LEUKOCYTE_MEDIATED_IMMUNITY	MIXED	0.9500112703392712	0	-1.0278328796808591	0.6707780979827089	-0.9010953043819342	0.9363687150837988		NONE
go_bp	GOBP_CELLULAR_RESPONSE_TO_HEAT	LOW_EVIDENCE	-0.9818608035457226	0	0.919918877239712	0.8285750526079397	1.199715193692826	0.579117862233854		NONE
go_bp	GOBP_RENAL_TUBULAR_SECRETION	not_tested_in_resistance		0			0.6283102356307999	0.9653999386670564		NONE
go_bp	GOBP_REGULATION_OF_OXIDATIVE_STRESS_INDUCED_INTRINSIC_APOPTOTIC_SIGNALING_PATHWAY	MIXED	0.8971422695905455	0	0.9280597995377806	0.7993025493025493	-1.4907177174207813	0.2338608467825044		NONE
go_bp	GOBP_LONG_TERM_SYNAPTIC_DEPRESSION	MIXED	-0.95442627164467	0	-0.984050639833913	0.7289911435234487	1.1778901597424565	0.6137576955916056		NONE
go_bp	GOBP_ESTABLISHMENT_OF_ORGANELLE_LOCALIZATION	MIXED	-0.9571221104841952	0	1.1256954225291451	0.4133333333333333	-1.0061328920063466	0.7644835737868131		NONE
reactome	REACTOME_FRS_MEDIATED_FGFR4_SIGNALING	not_tested_in_resistance		0			-0.9720940690154456	0.7086770042890136		NONE
go_bp	GOBP_POSITIVE_REGULATION_OF_CELL_CYCLE_G1_S_PHASE_TRANSITION	LOW_EVIDENCE	0.9521968374275522	0	0.771426793117292	0.9392704299979622	-1.371138013274486	0.421238184278633		NONE
reactome	REACTOME_NEGATIVE_REGULATION_OF_TCF_DEPENDENT_SIGNALING_BY_WNT_LIGAND_ANTAGONISTS	not_tested_in_resistance		0			-1.2458401241678745	0.4084174552063373		NONE
reactome	REACTOME_MEIOTIC_SYNAPSIS	MIXED	-1.1130825409425826	0	-1.2465937524614712	0.447604504676465	0.9806320331516402	0.6801804264625478		NONE
go_bp	GOBP_NK_T_CELL_ACTIVATION	not_tested_in_resistance		0			1.4013040374208274	0.4538876024225152		NONE
go_bp	GOBP_DICARBOXYLIC_ACID_TRANSPORT	MIXED	0.9437027706711424	0	0.9868704926390558	0.746914795157363	1.2931177101317888	0.4556815829780187		NONE
go_bp	GOBP_NEGATIVE_REGULATION_OF_INTERLEUKIN_6_PRODUCTION	LOW_EVIDENCE	-1.1927794001048486	0	-0.9919896006022324	0.7139042787530872	1.3063425467183665	0.5002283494086773		NONE
go_bp	GOBP_RESPONSE_TO_ACTIVITY	LOW_EVIDENCE	1.1765209101638576	0	0.9650851881184626	0.7696944610317935	-1.2871984801432834	0.4578326782706345		NONE
go_bp	GOBP_EMBRYONIC_DIGIT_MORPHOGENESIS	MIXED	1.319608414840216	0	-1.2689087815888194	0.3962538926543323	-0.7294395107877958	0.9653999386670564		NONE
go_bp	GOBP_REGULATION_OF_PLASMA_MEMBRANE_ORGANIZATION	MIXED	1.1381690443061514	0	-1.1681310333148816	0.5704220390333262	1.2020542781933066	0.6136991745091309		NONE
go_bp	GOBP_CALCIUM_ION_TRANSMEMBRANE_TRANSPORT_VIA_HIGH_VOLTAGE_GATED_CALCIUM_CHANNEL	LOW_EVIDENCE	1.3603423428836496	0			1.0565832498616403	0.7376371901073597		NONE
go_bp	GOBP_REGULATION_OF_PATTERN_RECOGNITION_RECEPTOR_SIGNALING_PATHWAY	MIXED	-0.9729422588933364	0	-1.099289356419718	0.5208470902635892	-1.0709825825203112	0.6731425426527243		NONE
go_bp	GOBP_GLYCEROLIPID_CATABOLIC_PROCESS	MIXED	-1.019139234180429	0	0.8657993932256561	0.8727022897281519	1.101348717800606	0.6762771762813934		NONE
go_bp	GOBP_RNA_CAPPING	LOW_EVIDENCE	0.7267827426293231	0						NONE
go_bp	GOBP_PYRIMIDINE_NUCLEOSIDE_MONOPHOSPHATE_METABOLIC_PROCESS	MIXED	0.909460598219746	0	0.6840152927258033	0.9565452224295394	-1.111009967740091	0.671153648082271		NONE
go_bp	GOBP_PEROXISOMAL_TRANSPORT	MIXED	-0.6317753041415061	0	-1.1416362886403868	0.6031509909876946	0.8195232986231167	0.8866599188626028		NONE
go_bp	GOBP_PYRIMIDINE_DEOXYRIBONUCLEOTIDE_METABOLIC_PROCESS	MIXED	1.0313128854363691	0	-0.7760732329410338	0.8970557296654189	0.7540827114414516	0.9228992244317497		NONE
go_bp	GOBP_ADENOHYPOPHYSIS_DEVELOPMENT	not_tested_in_resistance		0			1.6859041689033956	0.1555593877523332		NONE
go_bp	GOBP_POSITIVE_REGULATION_OF_EMBRYONIC_DEVELOPMENT	LOW_EVIDENCE	1.4535018257484449	0	-1.0685086865136306	0.6691045018690069	-0.967992348412681	0.788536194210444		NONE
go_bp	GOBP_NADP_METABOLIC_PROCESS	MIXED	0.8939134468030375	0	1.1509474855535498	0.5519678855048433	0.8173336736596476	0.8902810905031208		NONE
reactome	REACTOME_SIGNALING_BY_CSF1_M_CSF_IN_MYELOID_CELLS	MIXED	0.932020372221335	0	1.159197301331499	0.5523533098956204	-1.3058802103362537	0.3350554058101228		NONE
go_bp	GOBP_VASODILATION	MIXED	0.7470660134374638	0	0.962498618305026	0.7693194925028835	-1.1939887035283108	0.5795704159526407		NONE
go_bp	GOBP_SENSORY_PERCEPTION_OF_SMELL	MIXED	-0.1423946604297616	0	-1.6007988133975068	0.1130068764623301	1.3049787848393983	0.1802757061005905		NONE
reactome	REACTOME_PROTEIN_UBIQUITINATION	MIXED	1.15324140524162	0	0.848220934180733	0.9210523175472972	-1.0081301883806864	0.6371786420566908		NONE
go_bp	GOBP_RESPONSE_TO_PH	MIXED	-1.1050629831087186	0	-0.878110402625489	0.8472474882311557	1.0308945206642202	0.7333248250198154		NONE
go_bp	GOBP_POSITIVE_REGULATION_OF_CALCIUM_MEDIATED_SIGNALING	MIXED	-0.913856314926534	0	-1.0215491852911591	0.6817365269461078	1.138971246470226	0.6410377358490567		NONE
go_bp	GOBP_CELLULAR_RESPONSE_TO_ALKALOID	MIXED	-0.725963967869522	0	-1.4118449296917726	0.325311839715313	-1.067975959241348	0.690626764539808		NONE
go_bp	GOBP_REGULATION_OF_CELLULAR_RESPONSE_TO_INSULIN_STIMULUS	LOW_EVIDENCE	1.1538756681327875	0	1.1514801027087744	0.4822015012901712	-0.8952625674167745	0.8463037364403374		NONE
go_bp	GOBP_REGULATION_OF_DENDRITE_EXTENSION	LOW_EVIDENCE	1.0208143938928986	0	0.8374278564675285	0.861984282907662	-1.232793536375583	0.5784691746467164		NONE
go_bp	GOBP_B_CELL_MEDIATED_IMMUNITY	MIXED	0.9168885439589304	0	-1.328965753194294	0.1598552909904546	1.13566211055946	0.6021510815092369		NONE
go_bp	GOBP_REGULATION_OF_T_HELPER_1_TYPE_IMMUNE_RESPONSE	LOW_EVIDENCE	1.070392388795912	0	1.1988615444545807	0.5208470902635892	1.308455839866278	0.5066648280933995		NONE
go_bp	GOBP_MICROVILLUS_ASSEMBLY	MIXED	0.9516038378613328	0	-0.7836112770005776	0.8919569481140486	-0.9135268269942564	0.8328031255683106		NONE
go_bp	GOBP_REGULATION_OF_PROTEIN_TYROSINE_KINASE_ACTIVITY	LOW_EVIDENCE	1.0550053454062738	0	-1.1015028738009511	0.5939365483935878	1.0467911375342598	0.7161927877947296		NONE
go_bp	GOBP_MYELIN_ASSEMBLY	MIXED	1.0865666392902786	0	-1.4688735934059127	0.299259768009768	-0.7924824377776615	0.8974268388666286		NONE
go_bp	GOBP_POSITIVE_REGULATION_OF_STEM_CELL_DIFFERENTIATION	LOW_EVIDENCE	1.095556363948371	0	-1.0301562758582072	0.6940183232129541	-1.3121634575498349	0.5139259175222645		NONE
go_bp	GOBP_CHAPERONE_MEDIATED_AUTOPHAGY	not_tested_in_resistance		0			-1.1719788585062958	0.654737170590699		NONE
go_bp	GOBP_MATURE_B_CELL_DIFFERENTIATION_INVOLVED_IN_IMMUNE_RESPONSE	LOW_EVIDENCE	1.001469041449316	0	-1.144869039676385	0.5567623590879405	1.0962822331111448	0.6823714033125146		NONE
go_bp	GOBP_REGULATION_OF_B_CELL_RECEPTOR_SIGNALING_PATHWAY	LOW_EVIDENCE	0.8658040578062006	0	-1.3768872367496323	0.4076232400135446	1.3658982298456468	0.4622868287373005		NONE
go_bp	GOBP_T_CELL_LINEAGE_COMMITMENT	MIXED	-1.2266298241592937	0	-0.7565162728528892	0.9320539813804825	1.123849213464812	0.6704813682621987		NONE
go_bp	GOBP_PHAGOSOME_MATURATION	MIXED	0.8031535907899431	0	0.8968672569594369	0.8319966476478032	0.8544717533777682	0.871182484631316		NONE
go_bp	GOBP_MITOTIC_CELL_CYCLE_PHASE_TRANSITION	MIXED	-1.194506358298537	0	0.97529613823198	0.7844029737520861	1.0019179308393231	0.7691999292494546		NONE
reactome	REACTOME_TRANSCRIPTION_COUPLED_NUCLEOTIDE_EXCISION_REPAIR_TC_NER	LOW_EVIDENCE	-1.102441050865463	0	-0.7864639093574541	0.9710695628611578	-1.5201166660464331	0.0899789131901446		NONE
go_bp	GOBP_POSITIVE_REGULATION_OF_INFLAMMASOME_MEDIATED_SIGNALING_PATHWAY	LOW_EVIDENCE	0.83707362394373	0	-1.4098576167182884	0.3272492095429721	0.7413601608391647	0.923783788320004		NONE
go_bp	GOBP_NEGATIVE_REGULATION_OF_LEUKOCYTE_APOPTOTIC_PROCESS	MIXED	-1.5866418725858298	0	-0.946704619531813	0.7802353108228336	0.9261217354736796	0.8285268859230611		NONE
reactome	REACTOME_FGFR2_LIGAND_BINDING_AND_ACTIVATION	not_tested_in_resistance		0			0.8508744006847854	0.8076923076923078		NONE
go_bp	GOBP_NEGATIVE_REGULATION_OF_SYNAPTIC_TRANSMISSION	MIXED	-1.2851058940025455	0	-1.171403509814997	0.4931308422719924	1.0723332963743424	0.6952239617658852		NONE
go_bp	GOBP_GLYCINE_TRANSPORT	not_tested_in_resistance		0			0.8174061540879421	0.8863184684307337		NONE
go_bp	GOBP_RESOLUTION_OF_MEIOTIC_RECOMBINATION_INTERMEDIATES	LOW_EVIDENCE	-1.005086591858707	0						NONE
go_bp	GOBP_NEGATIVE_REGULATION_OF_CELLULAR_RESPONSE_TO_GROWTH_FACTOR_STIMULUS	LOW_EVIDENCE	1.3112878913160904	0	-1.2045525807565822	0.4057177615571776	0.8552078033790025	0.8902810905031208		NONE
go_bp	GOBP_REGULATION_OF_REGULATED_SECRETORY_PATHWAY	LOW_EVIDENCE	1.2610518392455212	0	0.6160611344263136	1.0	0.7809633883453364	0.9508266025854972		NONE
go_bp	GOBP_REGULATION_OF_DEFENSE_RESPONSE	LOW_EVIDENCE	1.159753407840421	0						NONE
go_bp	GOBP_REGULATION_OF_ATP_DEPENDENT_ACTIVITY	LOW_EVIDENCE	1.0331100846097856	0	-0.7551081590523122	0.9565369745053132	0.8293701450971165	0.8936331576087261		NONE
go_bp	GOBP_MICROTUBULE_BUNDLE_FORMATION	LOW_EVIDENCE	-1.1684016128461532	0	-1.274478224365305	0.3181437125748503	1.3048113373314474	0.4274720051446226		NONE
go_bp	GOBP_POSITIVE_REGULATION_OF_FOCAL_ADHESION_ASSEMBLY	LOW_EVIDENCE	1.079459035052037	0	-1.3466667009480708	0.3988289607026236	1.2139375038410338	0.5825097574574853		NONE
go_bp	GOBP_RESPONSE_TO_COCAINE	LOW_EVIDENCE	0.8308136225531123	0	-1.436646655786785	0.2813254543143982	1.046090743342187	0.7126095966339976		NONE
go_bp	GOBP_CELLULAR_OXIDANT_DETOXIFICATION	MIXED	1.1190596393390204	0	1.2672855201260789	0.3500862424055195	0.8773534861125081	0.882049225159526		NONE
go_bp	GOBP_EPITHELIAL_CELL_MATURATION	LOW_EVIDENCE	1.1302742817413194	0	-1.0862417381762477	0.6330997083735437	1.2061680227123133	0.5937762167900599		NONE
go_bp	GOBP_REGULATION_OF_LYSOSOMAL_LUMEN_PH	MIXED	-0.9186862863378416	0	0.9822070999938294	0.7394408417350293	-0.7442207016263875	0.9433820522817394		NONE
go_bp	GOBP_ENDOSOMAL_VESICLE_FUSION	LOW_EVIDENCE	-0.8147832300233951	0	-1.0187519716917497	0.707007405632199	-1.3641558769605262	0.4935199732145157		NONE
go_bp	GOBP_NEUTROPHIL_MEDIATED_CYTOTOXICITY	not_tested_in_resistance		0			0.668141945277425	0.9455149782923624		NONE
reactome	REACTOME_INLB_MEDIATED_ENTRY_OF_LISTERIA_MONOCYTOGENES_INTO_HOST_CELL	LOW_EVIDENCE	-0.7045775068520205	0			0.7069788431128916	0.9209504592025972		NONE
go_bp	GOBP_RESPONSE_TO_INTERLEUKIN_6	LOW_EVIDENCE	1.0400539966418376	0	0.7061024038926956	0.964083287114432	1.0703302724657542	0.7041664349733847		NONE
reactome	REACTOME_TNF_SIGNALING	LOW_EVIDENCE	0.9430972399413176	0	1.332999646311249	0.2748046875	1.4131590946052126	0.228192845553581		NONE
go_bp	GOBP_TELOMERE_CAPPING	LOW_EVIDENCE	-0.959254267929147	0	0.8552660343078023	0.8696548879417022	-1.459850248547364	0.2970873680794286		NONE
reactome	REACTOME_SIGNALING_BY_MODERATE_KINASE_ACTIVITY_BRAF_MUTANTS	MIXED	-1.087632973064616	0	-1.3496526990278972	0.2748046875	1.2656318622985263	0.3411473222793977		NONE
go_bp	GOBP_REGULATION_OF_TRANSLATION	MIXED	0.9559525643663652	0	-1.0314288777580918	0.6546077731058331	-1.375603863481088	0.0707908019091794		NONE
go_bp	GOBP_RESPONSE_TO_LIGHT_INTENSITY	not_tested_in_resistance		0			-1.4150337646216675	0.4490010788496151		NONE
go_bp	GOBP_REGULATION_OF_AMYLOID_PRECURSOR_PROTEIN_CATABOLIC_PROCESS	LOW_EVIDENCE	1.4125456592002883	0	-1.0213920680069069	0.6737040971636314	-1.1150985354024576	0.6762771762813934		NONE
go_bp	GOBP_CALCIUM_DEPENDENT_CELL_CELL_ADHESION_VIA_PLASMA_MEMBRANE_CELL_ADHESION_MOLECULES	MIXED	1.0704125732809675	0	-1.6338462518260446	0.0903396899371848	-1.0729862349780863	0.7105298039254191		NONE
go_bp	GOBP_CARDIAC_CONDUCTION_SYSTEM_DEVELOPMENT	MIXED	1.3491165230738924	0	-0.8935911779984131	0.8268435754189943	-1.0823223806630162	0.688253881595075		NONE
go_bp	GOBP_POSITIVE_REGULATION_OF_POST_TRANSLATIONAL_PROTEIN_MODIFICATION	LOW_EVIDENCE	1.0255681924690927	0	1.179158164723899	0.4175606535731969	1.0450455836929324	0.7211742563609091		NONE
go_bp	GOBP_POSITIVE_REGULATION_OF_GLIAL_CELL_PROLIFERATION	MIXED	1.3791336609840137	0	0.8258149664526026	0.8692177742345729	-1.3152485678772043	0.5124534769833495		NONE
go_bp	GOBP_IMMUNE_RESPONSE_REGULATING_CELL_SURFACE_RECEPTOR_SIGNALING_PATHWAY	MIXED	-1.0372176571036875	0	-1.0938514012162113	0.5030790923004616	1.1993969724371512	0.4381952601395703		NONE
reactome	REACTOME_CONSTITUTIVE_SIGNALING_BY_AKT1_E17K_IN_CANCER	LOW_EVIDENCE	0.8160617299627551	0	1.1213333355980968	0.6070797399279211	-0.995334615835161	0.6701682963178365		NONE
reactome	REACTOME_NUCLEAR_SIGNALING_BY_ERBB4	LOW_EVIDENCE	-1.0114835513552638	0	-1.4704641274535282	0.2419570567464422	-0.9804242014082204	0.6840094062316284		NONE
go_bp	GOBP_INTRINSIC_APOPTOTIC_SIGNALING_PATHWAY_IN_RESPONSE_TO_DNA_DAMAGE_BY_P53_CLASS_MEDIATOR	LOW_EVIDENCE	-1.2366271151226185	0	1.269861649177022	0.3874925828600492	-1.128550463683474	0.6600304277438608		NONE
go_bp	GOBP_PROTEIN_DEUBIQUITINATION	MIXED	1.3945946330802064	0	0.934720703846064	0.7994785098532042	-1.0585225487193228	0.7093671194989017	USP34	NONE
go_bp	GOBP_BODY_FLUID_SECRETION	MIXED	-1.1957094236862784	0	-1.5441531607498384	0.0803248425406931	-1.099136116753132	0.6525011446886447		NONE
go_bp	GOBP_NEUROTRANSMITTER_REUPTAKE	LOW_EVIDENCE	1.0019539488683136	0	-0.8466620849719787	0.8585319760579561	1.4635521355674754	0.4012444230600996		NONE
go_bp	GOBP_NUCLEAR_EXPORT	MIXED	-0.7078244645632918	0	-0.8163489330710029	0.9742002147291264	-1.4336886259809307	0.1364374512658092		NONE
go_bp	GOBP_TYROSINE_PHOSPHORYLATION_OF_STAT_PROTEIN	MIXED	-1.326416010498782	0	0.9496401289160986	0.7893716993195015	0.9746861961892344	0.7817781733994945		NONE
go_bp	GOBP_INSULIN_SECRETION_INVOLVED_IN_CELLULAR_RESPONSE_TO_GLUCOSE_STIMULUS	MIXED	0.8624433731435927	0	-0.9975128700403724	0.7292961223404796	-0.7828679825405731	0.9277099332745814		NONE
go_bp	GOBP_GLYCEROPHOSPHOLIPID_BIOSYNTHETIC_PROCESS	LOW_EVIDENCE	1.0425486261124146	0	1.0038389257387803	0.7177595849882467	1.0878461942920774	0.6633646308898268		NONE
go_bp	GOBP_ESTABLISHMENT_OF_MITOCHONDRION_LOCALIZATION	MIXED	0.9206086591057416	0	-1.0013666032746131	0.7101174934725848	-0.933686602304991	0.8185939276868196		NONE
go_bp	GOBP_POSITIVE_REGULATION_OF_CELL_CYCLE_PHASE_TRANSITION	MIXED	-1.0873583244205969	0	-0.699312131585069	0.9972133757961784	-1.176410275221853	0.5453819806841401		NONE
go_bp	GOBP_INTRACILIARY_TRANSPORT	LOW_EVIDENCE	-1.2266660219200776	0	-1.1424965695801448	0.5446584348581398	-0.5452310399436877	0.9967049163069795		NONE
go_bp	GOBP_POSITIVE_REGULATION_OF_ANTIGEN_RECEPTOR_MEDIATED_SIGNALING_PATHWAY	LOW_EVIDENCE	0.956924094821786	0	0.8027908040401791	0.8915404617954735	1.0972418759413582	0.6921705667638154		NONE
reactome	REACTOME_BIOLOGICAL_OXIDATIONS	LOW_EVIDENCE	-1.2103755979284871	0	-1.331062412074512	0.1837711118147605	-1.1078120893458316	0.4415322580645161		NONE
go_bp	GOBP_NEGATIVE_REGULATION_OF_EXOCYTOSIS	MIXED	0.8045578136036531	0	1.0340388427268936	0.6952018600718665	-0.615997493687571	0.9900933139447496		NONE
go_bp	GOBP_REGULATION_OF_DNA_BINDING	MIXED	0.8733785548393866	0	-0.9399090333089662	0.797180043383948	-1.2434153173487872	0.5139622117254793		NONE
reactome	REACTOME_FANCONI_ANEMIA_PATHWAY	LOW_EVIDENCE	-0.684806051202611	0	-1.4293044004629674	0.2570575975748389	-1.3004837652760544	0.3543601525075765		NONE
go_bp	GOBP_PEPTIDYL_LYSINE_ACETYLATION	LOW_EVIDENCE	0.8669701434139074	0	1.253024465578878	0.5030790923004616	-1.1631449044579456	0.6202018153237666		NONE
go_bp	GOBP_SIGNAL_TRANSDUCTION_BY_P53_CLASS_MEDIATOR	MIXED	-0.8069647088378081	0	1.2120647083521046	0.3509177493180452	-1.048668507138632	0.6958762886597937		NONE
reactome	REACTOME_ASSOCIATION_OF_TRIC_CCT_WITH_TARGET_PROTEINS_DURING_BIOSYNTHESIS	MIXED	-0.6374011672506151	0	-1.3252077707880967	0.2905227111005692	0.7643986870542272	0.9096491413809896		NONE
go_bp	GOBP_POSITIVE_REGULATION_OF_GROWTH	MIXED	1.138383789090598	0	-1.0350616400056398	0.6703372212872757	1.0318350622510688	0.729470888841455		NONE
go_bp	GOBP_PULMONARY_VALVE_MORPHOGENESIS	LOW_EVIDENCE	1.4015646987865773	0	-1.0486686348580574	0.6783747981951401	1.0424092004725338	0.7544836464577384		NONE
reactome	REACTOME_FGFR2_MUTANT_RECEPTOR_ACTIVATION	MIXED	-0.7407999083102909	0	-0.7817097823186216	0.9376515184907656	-0.8173635324473795	0.8617961092362447		NONE
go_bp	GOBP_POSITIVE_REGULATION_OF_GLYCOPROTEIN_METABOLIC_PROCESS	MIXED	-1.0920596825938156	0	1.5965940744145517	0.1248681820118178	1.240245336447463	0.5653363251311012		NONE
go_bp	GOBP_POSITIVE_REGULATION_OF_NEURON_APOPTOTIC_PROCESS	MIXED	0.844013714335163	0	1.279445261169693	0.3687374749498998	1.3428292424935109	0.4682636357900969		NONE
go_bp	GOBP_NATURAL_KILLER_CELL_ACTIVATION_INVOLVED_IN_IMMUNE_RESPONSE	not_tested_in_resistance		0			1.2457725712633207	0.5588592883962096		NONE
go_bp	GOBP_REGULATION_OF_STEROID_HORMONE_SECRETION	LOW_EVIDENCE	1.1644068751373462	0	-1.0589113827174834	0.6745158072173105	-1.8036060423253704	0.0967489244701593		NONE
reactome	REACTOME_SYNTHESIS_OF_GLYCOSYLPHOSPHATIDYLINOSITOL_GPI	MIXED	-0.8509141499456737	0	-0.8641776376638783	0.848929249975001	0.7434623001450141	0.9002221941217913		NONE
go_bp	GOBP_TETRAPYRROLE_BIOSYNTHETIC_PROCESS	MIXED	0.4938434377422455	0	0.8710540145329767	0.8644364818295739	-1.4406815159779596	0.4348147777833325		NONE
go_bp	GOBP_NUCLEAR_TRANSCRIBED_MRNA_CATABOLIC_PROCESS_NONSENSE_MEDIATED_DECAY	MIXED	0.4822635290691924	0	-0.8182099840966839	0.908235162203904	-0.8256933742482573	0.898347410943812		NONE
go_bp	GOBP_REGULATION_OF_LOW_DENSITY_LIPOPROTEIN_PARTICLE_CLEARANCE	not_tested_in_resistance		0			1.4009807469458686	0.4538876024225152		NONE
reactome	REACTOME_HYALURONAN_METABOLISM	LOW_EVIDENCE	1.3968989182652394	0			1.0755050669253987	0.5963176889468677		NONE
go_bp	GOBP_DIGESTION	MIXED	-1.1219857187091495	0	-0.9394200252323802	0.7917825768667641	0.689813015747573	0.9951342695245134		NONE
go_bp	GOBP_NEGATIVE_REGULATION_OF_LIPID_METABOLIC_PROCESS	MIXED	-1.0719366069987235	0	0.9678892565732864	0.7647054704676902	0.9892310657963064	0.7796888619524951		NONE
go_bp	GOBP_REGULATION_OF_MAST_CELL_ACTIVATION	not_tested_in_resistance		0	0.9205122042204024	0.7897000017462062	-0.7215877312618587	0.9371177863614636		NONE
reactome	REACTOME_SARS_COV_2_HOST_INTERACTIONS	LOW_EVIDENCE	-0.9290609830124706	0	0.863282323588567	0.9376515184907656	-1.310525997032962	0.1330906630668668		NONE
go_bp	GOBP_POSITIVE_REGULATION_OF_INSULIN_SECRETION	MIXED	-1.2248486046654927	0	0.9744506310536734	0.748069668229736	0.8651700583241502	0.8863184684307337		NONE
go_bp	GOBP_MAMMARY_GLAND_EPITHELIAL_CELL_PROLIFERATION	MIXED	-0.9010127443771472	0	-1.5694553856286138	0.1288727488415793	-1.3575586158556696	0.4718789962652123		NONE
reactome	REACTOME_INTRINSIC_PATHWAY_FOR_APOPTOSIS	LOW_EVIDENCE	-1.0069011688050946	0	0.824375772502814	0.9376515184907656	-0.9746934193318536	0.6991245791245791		NONE
go_bp	GOBP_NEGATIVE_REGULATION_OF_NUCLEOTIDE_CATABOLIC_PROCESS	LOW_EVIDENCE	-1.2125576119414765	0	1.601628527959148	0.135912614113541	1.0992835958710283	0.7060242274164674		NONE
go_bp	GOBP_REGULATION_OF_LIPOPOLYSACCHARIDE_MEDIATED_SIGNALING_PATHWAY	LOW_EVIDENCE	1.3232537780711662	0	1.0923069898512527	0.6521518987341772	0.8892138795013942	0.8475438866646134		NONE
go_bp	GOBP_MICROTUBULE_NUCLEATION	MIXED	-0.6669713475155967	0	1.1403495616863908	0.5442070909360628	-1.110382943382118	0.6853838140539826		NONE
go_bp	GOBP_SPINAL_CORD_PATTERNING	not_tested_in_resistance		0			1.6388158115751683	0.1657105768156688		NONE
reactome	REACTOME_SIGNALING_BY_EGFR	MIXED	1.3623090474431852	0	-0.8927113407709748	0.8579965850882185	1.401215633872924	0.2358233113131199		NONE
reactome	REACTOME_G_PROTEIN_ACTIVATION	LOW_EVIDENCE	-1.1243119153776535	0	0.7361938547034145	0.9469386330721852	1.504444649990173	0.2085271931023076		NONE
go_bp	GOBP_N_TERMINAL_PROTEIN_AMINO_ACID_MODIFICATION	MIXED	0.5953116897409464	0	-0.8423937961255418	0.868207600680658	-0.7712145732637907	0.9205260173219688		NONE
go_bp	GOBP_VIRAL_GENE_EXPRESSION	MIXED	1.191848265148676	0	1.1777160947588017	0.4179628725956651	-1.0291488213277362	0.7211742563609091		NONE
go_bp	GOBP_CARDIAC_MYOFIBRIL_ASSEMBLY	not_tested_in_resistance		0			-0.9608491023795384	0.7878260869565218		NONE
go_bp	GOBP_LYMPH_VESSEL_MORPHOGENESIS	LOW_EVIDENCE	1.5280412529079996	0	1.2162919166912471	0.5208470902635892	0.5994461399277774	0.9775277322763808		NONE
reactome	REACTOME_CYCLIN_D_ASSOCIATED_EVENTS_IN_G1	MIXED	0.7784461972640514	0	1.593592703205237	0.0871682795470315	-1.1604370983980217	0.4658223455933379		NONE
go_bp	GOBP_MICROTUBULE_ANCHORING	LOW_EVIDENCE	1.3903288772033413	0	-1.3727364486980984	0.3571779321859118	0.7962094091180011	0.8924753202366997		NONE
go_bp	GOBP_CENTRAL_NERVOUS_SYSTEM_PROJECTION_NEURON_AXONOGENESIS	MIXED	1.142458205650418	0	-0.9789467806729104	0.7383091975806817	1.0376960995686997	0.73546517602088		NONE
go_bp	GOBP_NEGATIVE_REGULATION_OF_LIPID_BIOSYNTHETIC_PROCESS	MIXED	0.9493082248957132	0	1.1498840936352153	0.5255820638114401	0.8648952835389777	0.8798672957124076		NONE
go_bp	GOBP_REGULATION_OF_REPRODUCTIVE_PROCESS	LOW_EVIDENCE	1.0835077614686444	0	-1.01154626316168	0.682969377816484	0.9013411104346104	0.882049225159526	CITED2	NONE
go_bp	GOBP_POSITIVE_REGULATION_OF_FATTY_ACID_TRANSPORT	LOW_EVIDENCE	-1.0094497045545534	0	-1.187125670437357	0.5559342537866213	-0.7233130821564396	0.935058748809146		NONE
reactome	REACTOME_NEGATIVE_REGULATORS_OF_DDX58_IFIH1_SIGNALING	LOW_EVIDENCE	-0.9287313280399144	0	1.5783007345905136	0.0830416666829223	1.1472095610188535	0.5052522113759741		NONE
reactome	REACTOME_GLOBAL_GENOME_NUCLEOTIDE_EXCISION_REPAIR_GG_NER	LOW_EVIDENCE	-1.0826595560103691	0	-1.0462670701621963	0.6665661742538439	-1.1584445712166926	0.4427856352948024		NONE
go_bp	GOBP_CELLULAR_RESPONSE_TO_NUTRIENT	LOW_EVIDENCE	0.973881796506057	0	-0.8768736787401167	0.8593406593406595	-1.120994153234723	0.6869332612957847		NONE
go_bp	GOBP_PROTEIN_DESTABILIZATION	LOW_EVIDENCE	1.3071229176588124	0	-0.8716152612890601	0.868207600680658	-0.8434733753304317	0.8863184684307337		NONE
reactome	REACTOME_TGF_BETA_RECEPTOR_SIGNALING_ACTIVATES_SMADS	LOW_EVIDENCE	1.3454158864498325	0	-1.1229637411275617	0.5643835247183137	1.0262005016678657	0.6143981375543461		NONE
go_bp	GOBP_PROTEIN_K48_LINKED_DEUBIQUITINATION	MIXED	1.0552586681882885	0	0.6577171548736453	0.9742002147291264	-1.0470295261095826	0.7129810060172594	USP34	NONE
go_bp	GOBP_CATECHOLAMINE_UPTAKE	not_tested_in_resistance		0			1.4796073081325647	0.3966934566916218		NONE
go_bp	GOBP_CYTOKINE_PRODUCTION_INVOLVED_IN_IMMUNE_RESPONSE	MIXED	0.8762523739929224	0	-1.1150002704531252	0.5567623590879405	-0.8387703213498917	0.9335647629986532		NONE
go_bp	GOBP_POSITIVE_REGULATION_OF_ADENYLATE_CYCLASE_ACTIVITY	MIXED	-0.2463425396177171	0			1.4435999239839543	0.4009319601042403		NONE
go_bp	GOBP_CEREBRAL_CORTEX_RADIALLY_ORIENTED_CELL_MIGRATION	MIXED	0.9935264771258852	0	1.0090066846712928	0.7038350488733075	1.094810039585448	0.690626764539808		NONE
reactome	REACTOME_GAP_FILLING_DNA_REPAIR_SYNTHESIS_AND_LIGATION_IN_GG_NER	LOW_EVIDENCE	-0.9968341986665384	0	1.0867530585059026	0.6547847700824766	-1.5589398547518951	0.1225707948374644		NONE
go_bp	GOBP_LABYRINTHINE_LAYER_MORPHOGENESIS	LOW_EVIDENCE	1.382237527447478	0	-1.0271003440777184	0.7048712342079689	0.9664414270450152	0.8008609710253592		NONE
go_bp	GOBP_POSITIVE_REGULATION_OF_ORGAN_GROWTH	MIXED	1.148926619862824	0	-0.7881454563925181	0.927792829149509	1.0987506368369262	0.688253881595075		NONE
go_bp	GOBP_MAINTENANCE_OF_CELL_NUMBER	LOW_EVIDENCE	1.213214780903355	0	-0.8123414572600706	0.9768158695439172	-1.253140450316601	0.3248833384332925		NONE
reactome	REACTOME_TOLL_LIKE_RECEPTOR_9_TLR9_CASCADE	MIXED	-0.7380538368580939	0	1.0887523833727448	0.595397834274953	0.7718178000087853	0.9561274168869104		NONE
go_bp	GOBP_NEGATIVE_REGULATION_OF_RNA_CATABOLIC_PROCESS	LOW_EVIDENCE	-0.8562412155732754	0	-1.2724299565697308	0.3460065645514223	-1.1814341570573004	0.5727256176502319		NONE
go_bp	GOBP_LIPOPROTEIN_BIOSYNTHETIC_PROCESS	MIXED	0.7089605642813075	0	1.4256250206874297	0.1598552909904546	1.1768373913782515	0.5825097574574853		NONE
go_bp	GOBP_POSTSYNAPTIC_NEUROTRANSMITTER_RECEPTOR_INTERNALIZATION	MIXED	1.156117986167537	0	-0.7181893117167326	0.9532615384615384	-1.6397010599816493	0.2015421569186247		NONE
reactome	REACTOME_INITIATION_OF_NUCLEAR_ENVELOPE_NE_REFORMATION	LOW_EVIDENCE	-0.7223338412635565	0	0.8120580142456014	0.8986876767286173	-1.4214716741161353	0.2358233113131199		NONE
go_bp	GOBP_ORGANOPHOSPHATE_CATABOLIC_PROCESS	MIXED	1.083231475063644	0	1.1325669966474046	0.4313604636270491	0.7671718336651067	0.9784423470441258		NONE
go_bp	GOBP_POSITIVE_REGULATION_OF_MONOATOMIC_ION_TRANSMEMBRANE_TRANSPORT	MIXED	-1.1407926764496903	0	-1.4438352172180229	0.0956381584177934	1.4797691933079808	0.1391022749610636		NONE
go_bp	GOBP_REGULATION_OF_BIOLOGICAL_PROCESS_INVOLVED_IN_SYMBIOTIC_INTERACTION	MIXED	1.402525476685848	0	0.8314086022774678	0.9022727272727272	-0.9281689239182944	0.8285268859230611		NONE
reactome	REACTOME_SARS_COV_1_TARGETS_HOST_INTRACELLULAR_SIGNALLING_AND_REGULATORY_PATHWAYS	MIXED	-0.8730679930780477	0	-1.2114279138951236	0.5251414989641905	-1.2534520247483338	0.4229239900881692		NONE
go_bp	GOBP_REGULATION_OF_CELLULAR_RESPONSE_TO_HEAT	MIXED	-0.8155444625896352	0	-0.7836074144292555	0.9097389857136196	-1.371005178787947	0.5019048221112415		NONE
go_bp	GOBP_MITOCHONDRIAL_DNA_METABOLIC_PROCESS	LOW_EVIDENCE	-0.6324138315363937	0	0.8569392629261661	0.8647374767072236	0.9176028354707556	0.8370970145546669		NONE
reactome	REACTOME_RECYCLING_OF_BILE_ACIDS_AND_SALTS	LOW_EVIDENCE	0.7340568939847637	0			-0.5147516957835934	0.9963822756926206		NONE
go_bp	GOBP_GLUCOCORTICOID_METABOLIC_PROCESS	LOW_EVIDENCE	0.9559350992806755	0	-1.6744402064998911	0.091308780569997	0.8049353075494537	0.8951721310896098		NONE
go_bp	GOBP_FIBROBLAST_GROWTH_FACTOR_RECEPTOR_SIGNALING_PATHWAY	MIXED	1.259011069061229	0	-1.3392973512916546	0.3118106354478411	-1.4689732987375232	0.1592847469496653		NONE
go_bp	GOBP_PROTEIN_POLYUBIQUITINATION	MIXED	-0.9021638682455136	0	1.107490641983387	0.5024668292050111	-0.9885703477032054	0.7799735991276233		NONE
go_bp	GOBP_POSITIVE_REGULATION_OF_BLOOD_CIRCULATION	MIXED	0.9025767994887864	0	-1.3710693498018751	0.3402000860585197	-0.9696481842006542	0.7900167237488688		NONE
go_bp	GOBP_RESPONSE_TO_ESTROGEN	MIXED	-1.2188882766320013	0	-1.1966698102637932	0.4713486643112018	0.8996167524138503	0.8463220312595189	CITED2	NONE
reactome	REACTOME_DECTIN_1_MEDIATED_NONCANONICAL_NF_KB_SIGNALING	MIXED	-1.3840025574178074	0	-0.9006000368152558	0.8552037607795523	-1.4991714744244644	0.0899789131901446		NONE
reactome	REACTOME_METABOLISM_OF_STEROID_HORMONES	MIXED	0.1007551954691145	0	-1.035745997794857	0.7051095950065321	0.7878017100644314	0.8786623715293757		NONE
reactome	REACTOME_RHO_GTPASES_ACTIVATE_IQGAPS	MIXED	-0.7299245156182901	0	-1.4936029721445434	0.2389829272025988	-0.8433103342970932	0.8295380515250222		NONE
go_bp	GOBP_CELL_CELL_JUNCTION_MAINTENANCE	LOW_EVIDENCE	0.9701070177193868	0	1.1436678934953917	0.6192924748660911	0.7167222052412449	0.9317667961887688		NONE
go_bp	GOBP_PYRIMIDINE_CONTAINING_COMPOUND_BIOSYNTHETIC_PROCESS	LOW_EVIDENCE	-0.9119566717029992	0	-0.9557472734055784	0.765712251333699	-1.294395520545761	0.5032192246656086		NONE
go_bp	GOBP_POSITIVE_REGULATION_OF_MACROPHAGE_DIFFERENTIATION	not_tested_in_resistance		0			1.0441912977335672	0.7386857944490137		NONE
go_bp	GOBP_LOCOMOTOR_RHYTHM	not_tested_in_resistance		0			1.7568195567698712	0.1145416104324199		NONE
go_bp	GOBP_REGULATION_OF_SIGNAL_TRANSDUCTION_BY_P53_CLASS_MEDIATOR	MIXED	0.8103945447080723	0	0.8184381340066748	0.9446944395947262	-1.365569919459833	0.3413062578353213		NONE
go_bp	GOBP_CENTRIOLE_CENTRIOLE_COHESION	LOW_EVIDENCE	-0.7692625624018995	0	-1.0970387625958655	0.6428895075435961				NONE
go_bp	GOBP_INTRACELLULAR_RECEPTOR_SIGNALING_PATHWAY	MIXED	0.9700900937443588	0	-1.0337189585127702	0.654965310137724	-1.0364584575471845	0.7016314609393438	CITED2	NONE
go_bp	GOBP_RETINAL_METABOLIC_PROCESS	LOW_EVIDENCE	1.1629468033840906	0	1.2969224571447031	0.4483695652173913	1.2332801529524269	0.5973163038419773		NONE
go_bp	GOBP_PURINE_DEOXYRIBONUCLEOTIDE_METABOLIC_PROCESS	not_tested_in_resistance		0			0.6841281174906011	0.9463941865622396		NONE
go_bp	GOBP_POSITIVE_REGULATION_OF_ENDOTHELIAL_CELL_CHEMOTAXIS	not_tested_in_resistance		0			1.010360413080503	0.7683175033921302		NONE
reactome	REACTOME_THE_NLRP3_INFLAMMASOME	not_tested_in_resistance		0			0.6099309496980841	0.970606590753302		NONE
go_bp	GOBP_INFLAMMATORY_CELL_APOPTOTIC_PROCESS	MIXED	-0.04665938693059	0	1.3767197847277368	0.347276016173654	0.9328803410942474	0.827077921477633		NONE
go_bp	GOBP_CELLULAR_RESPONSE_TO_INTERFERON_BETA	MIXED	0.8101371328915702	0	-1.1699043292263944	0.5696894747376547	1.1542178856533003	0.6356394188587059		NONE
go_bp	GOBP_SULFATE_TRANSPORT	not_tested_in_resistance		0			-0.7021962617385703	0.9377880822387696		NONE
reactome	REACTOME_BACTERIAL_INFECTION_PATHWAYS	LOW_EVIDENCE	1.1134370382144627	0	0.7687729126892842	0.9620863761547558	-1.4105865722123012	0.1551429507897863		NONE
reactome	REACTOME_TRANSCRIPTIONAL_REGULATION_BY_NPAS4	LOW_EVIDENCE	0.960810090018993	0	-0.7421034797681905	0.9664516041030118	-1.071039860824592	0.5668716724802644		NONE
reactome	REACTOME_RAF_ACTIVATION	MIXED	-1.2343104361540171	0	-0.5276779539640707	1.0	-1.4025239467318682	0.2538176265270506		NONE
go_bp	GOBP_RESPONSE_TO_INORGANIC_SUBSTANCE	LOW_EVIDENCE	1.169386698644331	0	-0.9910535234016312	0.7441394426978579	0.8720733132254509	0.94024931590149		NONE
go_bp	GOBP_REGULATION_OF_NUCLEOTIDE_EXCISION_REPAIR	MIXED	-0.739757996388282	0	-0.9234348793786146	0.7893716993195015	1.3605569437559462	0.4538876024225152		NONE
go_bp	GOBP_REGULATION_OF_SMOOTHENED_SIGNALING_PATHWAY	LOW_EVIDENCE	0.8529738932400943	0	-1.065398319802881	0.6330268460609845	-0.6443346215829605	0.9945962831704762		NONE
go_bp	GOBP_ENDOTHELIAL_CELL_CHEMOTAXIS	MIXED	-1.083776747945826	0	-0.768201055147353	0.9132559981756424	0.8217773437474165	0.888877109903765		NONE
reactome	REACTOME_NEGATIVE_REGULATION_OF_THE_PI3K_AKT_NETWORK	LOW_EVIDENCE	-1.0828028836858756	0	-1.2825922665446692	0.2490957827675473	1.0744516787447884	0.5720031796502385		NONE
go_bp	GOBP_VESICLE_TARGETING_ROUGH_ER_TO_CIS_GOLGI	MIXED	-0.6649940532908225	0	1.418843349076005	0.3001435034969357	0.8892847721074799	0.8509774365711206		NONE
reactome	REACTOME_NEDDYLATION	MIXED	0.8439489431706848	0	0.821913322454309	0.9944142993935524	1.0058550938107402	0.662807100035265		NONE
go_bp	GOBP_REGULATION_OF_PRESYNAPTIC_MEMBRANE_POTENTIAL	LOW_EVIDENCE	1.2584923398646777	0			1.1224068709440078	0.6762381454162276		NONE
go_bp	GOBP_VIRION_ASSEMBLY	MIXED	0.7769497599114074	0	1.5394510289464052	0.1285245598045431	1.2092929598585287	0.5843463984766329		NONE
go_bp	GOBP_MOTOR_BEHAVIOR	LOW_EVIDENCE	1.1456932966504767	0	-0.8368018172488906	0.861984282907662	-1.0378622882650057	0.7161927877947296		NONE
go_bp	GOBP_CERAMIDE_TRANSPORT	LOW_EVIDENCE	1.4398160583743067	0			1.215091028880812	0.6093863472789276		NONE
go_bp	GOBP_IMMUNOLOGICAL_SYNAPSE_FORMATION	not_tested_in_resistance		0	-1.166731148872512	0.5704220390333262	1.1854148776642492	0.6412612842572253		NONE
go_bp	GOBP_NEGATIVE_REGULATION_OF_INTERLEUKIN_8_PRODUCTION	not_tested_in_resistance		0			0.9660663551338344	0.7977372142852255		NONE
go_bp	GOBP_POSITIVE_REGULATION_OF_CATION_CHANNEL_ACTIVITY	MIXED	1.5240678495182172	0	-1.555612110505272	0.1088206907869314	-0.9450261363418994	0.8183225806451614		NONE
go_bp	GOBP_PURINE_NUCLEOBASE_METABOLIC_PROCESS	MIXED	0.1327482016646735	0	-0.9636018131000486	0.7511923688394276	-1.1862876301161294	0.6068083206336572		NONE
go_bp	GOBP_OOGENESIS	LOW_EVIDENCE	-1.1645053113106862	0	0.9933040480631468	0.7367501456027955	0.7656997980488793	0.9552315348257656		NONE
go_bp	GOBP_REGULATION_OF_CORTICOSTEROID_HORMONE_SECRETION	not_tested_in_resistance		0			-1.850009033561116	0.0917209515877246		NONE
go_bp	GOBP_REGULATION_OF_MITOTIC_NUCLEAR_DIVISION	LOW_EVIDENCE	-1.0924186039239647	0	-1.2838514185749546	0.3021669731299313	-1.0823254627792769	0.654737170590699		NONE
reactome	REACTOME_SUMOYLATION_OF_DNA_DAMAGE_RESPONSE_AND_REPAIR_PROTEINS	MIXED	0.6671624065018795	0	-1.0224409854955994	0.7020874833997344	-1.169105748255911	0.4210548035655331		NONE
go_bp	GOBP_METALLO_SULFUR_CLUSTER_ASSEMBLY	LOW_EVIDENCE	-0.7701811842305726	0	0.7564338910721922	0.9302917694525884	-1.6067498909847826	0.1675663589198722		NONE
reactome	REACTOME_RETROGRADE_TRANSPORT_AT_THE_TRANS_GOLGI_NETWORK	LOW_EVIDENCE	0.8243847447244053	0	1.0709105873236904	0.6442307692307693	1.371907542227621	0.2578543010015091		NONE
reactome	REACTOME_PKR_MEDIATED_SIGNALING	LOW_EVIDENCE	-1.063078170297304	0	-0.93523261782658	0.8355140987915322	-1.4471456582033664	0.1102412417731464		NONE
go_bp	GOBP_POSITIVE_REGULATION_OF_CELL_DIVISION	MIXED	-0.9125493656375382	0	-1.3621557851108963	0.2759405975150076	-0.7741222456155707	0.9636510309321478		NONE
go_bp	GOBP_REGULATION_OF_SYSTEMIC_ARTERIAL_BLOOD_PRESSURE_BY_HORMONE	LOW_EVIDENCE	1.1782619716438432	0	-1.3836187139214406	0.3600612870275791	-0.8485699751160382	0.8902810905031208		NONE
go_bp	GOBP_MITOCHONDRION_DISTRIBUTION	MIXED	-0.058087005825017	0	0.7905751324535333	0.8937129455636645	-1.2436589799178557	0.5714688940092165		NONE
go_bp	GOBP_RESPONSE_TO_LEUKEMIA_INHIBITORY_FACTOR	LOW_EVIDENCE	0.9589530842842672	0	-0.960215985394333	0.765712251333699	-1.46852456370262	0.1401119803083264		NONE
go_bp	GOBP_POLYPRENOL_METABOLIC_PROCESS	LOW_EVIDENCE	0.9551305521377308	0	1.0330878983460925	0.6940183232129541	0.80025731884643	0.8951721310896098		NONE
go_bp	GOBP_SPHINGOID_METABOLIC_PROCESS	MIXED	0.8457266221405332	0	0.8596858298508725	0.8507478723178472	-1.6000148722412748	0.2357780182275761		NONE
go_bp	GOBP_REGULATION_OF_CELLULAR_KETONE_METABOLIC_PROCESS	LOW_EVIDENCE	1.2216577398145123	0	1.3500597437723827	0.1904500798964329	0.9401978166208368	0.8319661637846143		NONE
reactome	REACTOME_TELOMERE_EXTENSION_BY_TELOMERASE	LOW_EVIDENCE	-0.5990673306922462	0	-0.6561866922569498	0.983440726807012	-0.6164042916515372	0.9789130540553692		NONE
go_bp	GOBP_VENOUS_BLOOD_VESSEL_DEVELOPMENT	not_tested_in_resistance		0	-0.6617438079947581	0.9650742626918064	0.6109546489179762	0.9668647966823052		NONE
go_bp	GOBP_CLATHRIN_DEPENDENT_ENDOCYTOSIS	MIXED	-0.748076853809755	0	0.7602390064250113	0.952814216392044	-1.1710716679758555	0.6018219776048587		NONE
go_bp	GOBP_LUNG_EPITHELIUM_DEVELOPMENT	MIXED	-0.8199268263381465	0	0.9458847522310084	0.7837024128148615	-1.420752359873111	0.3596279545819295		NONE
reactome	REACTOME_OVARIAN_TUMOR_DOMAIN_PROTEASES	LOW_EVIDENCE	-1.00976188697449	0	-0.939625641302214	0.8101781433664716	1.216949656369662	0.4250244283760015		NONE
go_bp	GOBP_RIBONUCLEOSIDE_MONOPHOSPHATE_BIOSYNTHETIC_PROCESS	LOW_EVIDENCE	-0.7198107229610167	0	-0.9651876446657768	0.7564553934235679	-1.018522239027003	0.7333248250198154		NONE
reactome	REACTOME_NOTCH1_INTRACELLULAR_DOMAIN_REGULATES_TRANSCRIPTION	LOW_EVIDENCE	0.9616208163636052	0	0.9202621672847724	0.8426541427138763	0.943274227803914	0.7095740637881136		NONE
go_bp	GOBP_NEURON_PROJECTION_EXTENSION	LOW_EVIDENCE	1.192656187699588	0	-1.2163171223273224	0.3543146691110941	1.378966478449915	0.1875492394172877		NONE
go_bp	GOBP_REGULATION_OF_GENERATION_OF_PRECURSOR_METABOLITES_AND_ENERGY	MIXED	0.7870731223034452	0	1.4754337892793934	0.0956381584177934	-1.2045160416687737	0.4889128728414442		NONE
go_bp	GOBP_REGULATION_OF_CARDIAC_MUSCLE_CONTRACTION	LOW_EVIDENCE	1.203307680741168	0	0.8868204908661838	0.8696548879417022	0.8101234627311085	0.9161207273462036		NONE
go_bp	GOBP_CARDIAC_ATRIUM_DEVELOPMENT	MIXED	1.5285392366885968	0	-1.2731471481752223	0.4038817005545286	0.9444268329140584	0.815083555795985		NONE
reactome	REACTOME_GABA_RECEPTOR_ACTIVATION	MIXED	-1.043704199782428	0	-0.8955810765774869	0.8504748514431241	0.973839977291574	0.6840094062316284		NONE
go_bp	GOBP_BARBED_END_ACTIN_FILAMENT_CAPPING	MIXED	1.141231342630476	0	-0.9838285408653384	0.7289911435234487	1.5799276850450972	0.1995951430869463		NONE
go_bp	GOBP_PROTEIN_HOMOOLIGOMERIZATION	MIXED	-0.8859847605086967	0	0.9116144935185032	0.861984282907662	1.115318088560753	0.6136991745091309		NONE
go_bp	GOBP_POSITIVE_REGULATION_OF_CIRCADIAN_RHYTHM	not_tested_in_resistance		0			1.0366793049400735	0.7376371901073597		NONE
go_bp	GOBP_VITAMIN_METABOLIC_PROCESS	MIXED	0.9282004189879048	0	1.2592139641207714	0.3095600630811898	-0.904345568082985	0.871182484631316		NONE
reactome	REACTOME_RECOGNITION_OF_DNA_DAMAGE_BY_PCNA_CONTAINING_REPLICATION_COMPLEX	MIXED	-0.9307920479056956	0	1.1282949971605496	0.5934980954911862	-1.2343221296508893	0.4034801068600324		NONE
go_bp	GOBP_REGULATION_OF_SPINDLE_ORGANIZATION	MIXED	-0.6444322421429405	0	1.0691437904703185	0.6428895075435961	-1.6357271791138763	0.1401683580489467		NONE
go_bp	GOBP_REGULATION_OF_LAMELLIPODIUM_ORGANIZATION	MIXED	0.8660734921238442	0	-1.345229071738221	0.3468770402611534	-1.5995596755740418	0.125656235511074		NONE
reactome	REACTOME_CA2_PATHWAY	LOW_EVIDENCE	0.9502798578412054	0	-1.0033914971538338	0.7182705718270572	-1.0334251155847696	0.6047625508819539		NONE
reactome	REACTOME_BUTYRATE_RESPONSE_FACTOR_1_BRF1_BINDS_AND_DESTABILIZES_MRNA	MIXED	-0.4944630620472989	0	-0.5715356026937312	0.9958732113511156	-1.3029118163221232	0.3600178779827676		NONE
go_bp	GOBP_NEURON_PROJECTION_EXTENSION_INVOLVED_IN_NEURON_PROJECTION_GUIDANCE	MIXED	1.0423608527085235	0	-1.11991121657534	0.6307090243741827	1.2004884855448257	0.598978167047474		NONE
go_bp	GOBP_REGULATION_OF_PROTEIN_SUMOYLATION	LOW_EVIDENCE	1.3553617593109846	0	0.8632392692778085	0.8507478723178472	1.057142566878196	0.7161927877947296		NONE
go_bp	GOBP_REGULATION_OF_TRANSPORTER_ACTIVITY	LOW_EVIDENCE	1.2616054340326308	0	-1.1609644819833136	0.4375769366934842	1.3191642017259628	0.2298209406200193		NONE
go_bp	GOBP_REGULATION_OF_DNA_DAMAGE_RESPONSE_SIGNAL_TRANSDUCTION_BY_P53_CLASS_MEDIATOR	LOW_EVIDENCE	0.9637094275594892	0	0.973864441658534	0.7627030132121781	-1.0617356868248808	0.6958762886597937		NONE
go_bp	GOBP_POSITIVE_REGULATION_OF_PLASMA_MEMBRANE_BOUNDED_CELL_PROJECTION_ASSEMBLY	MIXED	1.1029260752713688	0	-1.0036965361292176	0.7099621822072794	-0.9440652139081148	0.833506024040405		NONE
go_bp	GOBP_MITOCHONDRIAL_GENOME_MAINTENANCE	LOW_EVIDENCE	-0.6608165934199831	0	1.106689296747067	0.6199743706161661	0.8544021922021635	0.877248394459344		NONE
reactome	REACTOME_SIGNALLING_TO_ERKS	MIXED	-0.739910741429069	0	1.1185154609678778	0.6054120892186238	-1.388805237782493	0.2806620209059233		NONE
reactome	REACTOME_GLUCAGON_TYPE_LIGAND_RECEPTORS	MIXED	0.0638168762573578	0	1.2350152578443585	0.4620979371747445	0.9234543587706332	0.7234463134568897		NONE
go_bp	GOBP_ENDOTHELIAL_CELL_APOPTOTIC_PROCESS	MIXED	1.179676543812665	0	-1.3711179630688388	0.3089864769842269	0.8870160305549492	0.8587288205843665		NONE
go_bp	GOBP_SPHINGOSINE_1_PHOSPHATE_RECEPTOR_SIGNALING_PATHWAY	not_tested_in_resistance		0			-0.8410711376806045	0.8628895359845393		NONE
go_bp	GOBP_ADRENAL_GLAND_DEVELOPMENT	MIXED	1.1506107525828373	0	-1.1175415511587783	0.6084339698675368	1.4078816459309562	0.4381952601395703	CITED2	NONE
go_bp	GOBP_REGULATION_OF_HEMATOPOIETIC_STEM_CELL_PROLIFERATION	not_tested_in_resistance		0			-1.3209920334187224	0.5171661264768926		NONE
go_bp	GOBP_NEGATIVE_REGULATION_OF_T_CELL_MEDIATED_IMMUNITY	LOW_EVIDENCE	1.2025403805980417	0	0.949397581742074	0.7802353108228336	0.4923631332023898	0.9973725572703308		NONE
go_bp	GOBP_HEART_TRABECULA_MORPHOGENESIS	LOW_EVIDENCE	1.11860888409585	0	-1.442712483427975	0.2766360695080717	0.8819440781479401	0.8475673036838756		NONE
go_bp	GOBP_POSITIVE_REGULATION_OF_TYPE_2_IMMUNE_RESPONSE	not_tested_in_resistance		0	0.871220595579188	0.8394927183283816	0.9253006220119387	0.8183225806451614		NONE
go_bp	GOBP_SUBPALLIUM_DEVELOPMENT	LOW_EVIDENCE	1.0705004474584687	0	-0.941294245995522	0.7696944610317935	1.4481562373556265	0.3992687743809882		NONE
go_bp	GOBP_CORONARY_VASCULATURE_DEVELOPMENT	MIXED	1.3391140916633508	0	-0.876776957436945	0.8585319760579561	1.0901875405012382	0.690626764539808		NONE
go_bp	GOBP_POSITIVE_REGULATION_OF_OSTEOCLAST_DIFFERENTIATION	LOW_EVIDENCE	-1.4631675041154415	0	-1.5744799135775285	0.1353453175424034	-0.8293124974526938	0.892675369743039		NONE
reactome	REACTOME_MAP2K_AND_MAPK_ACTIVATION	MIXED	-0.6392589770665451	0	-1.315402642990037	0.3078868623539469	1.3001999558142523	0.3414184442254506		NONE
go_bp	GOBP_MRNA_MODIFICATION	LOW_EVIDENCE	-1.0218479423823457	0	-1.1285901721423317	0.6236654149179001	-0.7375091742644468	0.9293792862954784		NONE
go_bp	GOBP_NEGATIVE_REGULATION_OF_PEPTIDASE_ACTIVITY	MIXED	1.2775708505960208	0	0.9609486228348152	0.7837024128148615	1.143430320822982	0.5833619505494505		NONE
go_bp	GOBP_PHOTORECEPTOR_CELL_DIFFERENTIATION	MIXED	0.8744427042633244	0	0.8165591790725498	0.912696228582368	-0.789993829840923	0.9167153842694608		NONE
go_bp	GOBP_PROTEIN_DEGLYCOSYLATION	LOW_EVIDENCE	0.439037198333255	0	1.4401142131161817	0.3163906180524677				NONE
go_bp	GOBP_ICOSANOID_TRANSPORT	MIXED	1.2126617947907044	0	-1.4906347073345243	0.2759405975150076	1.115612107358651	0.6634202374980381		NONE
reactome	REACTOME_EPHA_MEDIATED_GROWTH_CONE_COLLAPSE	LOW_EVIDENCE	1.0618541265687478	0	-1.081915702896619	0.6313717693836978	0.7332892215944613	0.931152709359606		NONE
go_bp	GOBP_MATURATION_OF_LSU_RRNA	MIXED	0.9450579600303662	0	-1.7688868558354285	0.0609334983321867	-1.7544612452358546	0.1217978717046539		NONE
go_bp	GOBP_NEGATIVE_REGULATION_OF_PROTEIN_DEPHOSPHORYLATION	LOW_EVIDENCE	0.9506571957278962	0	-1.0780582893897903	0.6345244351024698	0.7889515914835904	0.9032441559685764		NONE
reactome	REACTOME_NITRIC_OXIDE_STIMULATES_GUANYLATE_CYCLASE	MIXED	0.4840529493219276	0	-1.103518524328213	0.6443192746256354	-0.6870783938840229	0.9412110107944636		NONE
go_bp	GOBP_POSITIVE_REGULATION_OF_GLUCOSE_IMPORT	MIXED	0.8875354074721868	0	-0.9200893477193184	0.7929941402950303	-1.2484647418466448	0.5441078339783799		NONE
reactome	REACTOME_PLATELET_HOMEOSTASIS	MIXED	0.9924391388574948	0	-0.9987713465693878	0.7423516587541774	-0.8792083832367313	0.8366585105715539		NONE
go_bp	GOBP_NEGATIVE_REGULATION_OF_BONE_MINERALIZATION	not_tested_in_resistance		0			-0.5126466204411619	0.9900933139447496		NONE
go_bp	GOBP_NUCLEOBASE_BIOSYNTHETIC_PROCESS	LOW_EVIDENCE	-1.40713002450542	0	-1.4719819247430213	0.297113419818522	-1.001483878707167	0.7544836464577384		NONE
go_bp	GOBP_PLASMA_MEMBRANE_ORGANIZATION	MIXED	0.9252524294533364	0	-0.963108215795682	0.7624584182605375	0.8593459340220228	0.9068493599322064		NONE
reactome	REACTOME_PROTEIN_HYDROXYLATION	LOW_EVIDENCE	0.8774957270575975	0	-0.6924594273179296	0.9710695628611578	-1.064897078363955	0.6047625508819539		NONE
go_bp	GOBP_RELEASE_OF_SEQUESTERED_CALCIUM_ION_INTO_CYTOSOL_BY_ENDOPLASMIC_RETICULUM	LOW_EVIDENCE	0.8995154902402084	0	-0.7577129509732049	0.9302917694525884	-0.7232757933444365	0.9534595146469804		NONE
go_bp	GOBP_HUMORAL_IMMUNE_RESPONSE_MEDIATED_BY_CIRCULATING_IMMUNOGLOBULIN	MIXED	-0.9765205113514074	0	-1.3032067249556116	0.3942345149980522	1.442896156947967	0.3603509456034314		NONE
go_bp	GOBP_CELLULAR_RESPONSE_TO_ESTROGEN_STIMULUS	MIXED	-0.1234394490252186	0	-0.9116554486981788	0.7983886412702834	-1.3420556233371452	0.5019048221112415		NONE
go_bp	GOBP_POSITIVE_REGULATION_OF_DOUBLE_STRAND_BREAK_REPAIR_VIA_NONHOMOLOGOUS_END_JOINING	LOW_EVIDENCE	0.7984474828126206	0	-0.9764561967855804	0.748069668229736				NONE
go_bp	GOBP_NUCLEAR_RNA_SURVEILLANCE	LOW_EVIDENCE	-0.6125826093710944	0	0.7470646338725997	0.9201643674787204	-1.7459801641669077	0.1545438437317478		NONE
go_bp	GOBP_REGULATION_OF_LIPOPROTEIN_METABOLIC_PROCESS	not_tested_in_resistance		0			-1.2941977807476135	0.5410499086843596		NONE
go_bp	GOBP_GLUTAMINE_FAMILY_AMINO_ACID_CATABOLIC_PROCESS	MIXED	-0.7100903071108098	0	-0.9553205711460568	0.7499372502460189	0.5910039817632491	0.984464463220676		NONE
go_bp	GOBP_MICROTUBULE_CYTOSKELETON_ORGANIZATION	LOW_EVIDENCE	-1.161634617026127	0						NONE
go_bp	GOBP_GLOMERULAR_EPITHELIUM_DEVELOPMENT	LOW_EVIDENCE	1.4567151725802832	0	-1.4741117377597728	0.2813254543143982	0.8674375295998707	0.8625022036786743		NONE
go_bp	GOBP_PROGRAMMED_CELL_DEATH_INVOLVED_IN_CELL_DEVELOPMENT	LOW_EVIDENCE	-0.7292443059013639	0	-0.8406207512016406	0.8598896207940182	-0.773956109009237	0.9205260173219688		NONE
go_bp	GOBP_REGULATION_OF_MITOCHONDRIAL_GENE_EXPRESSION	LOW_EVIDENCE	-1.1809595667077626	0	-0.9898549494269788	0.7224918309703146	-1.5955963729229434	0.2279718380106931		NONE
go_bp	GOBP_POSITIVE_REGULATION_OF_INTERLEUKIN_17_PRODUCTION	LOW_EVIDENCE	-0.8295673634598992	0	1.6145901543698984	0.0875391064718697	1.0095283355131877	0.748807195611711		NONE
go_bp	GOBP_LYSOSOMAL_MEMBRANE_ORGANIZATION	not_tested_in_resistance		0			-1.5536965782556926	0.3686054794520548		NONE
go_bp	GOBP_FATTY_ACID_METABOLIC_PROCESS	MIXED	-1.0696896586893163	0	1.264128752897853	0.1431754957226331	0.9980755230146268	0.7796888619524951		NONE
go_bp	GOBP_POSITIVE_REGULATION_OF_INTERLEUKIN_10_PRODUCTION	MIXED	0.8987507836598035	0	1.0406045164063404	0.6722885820822633	0.9628138187313569	0.7878260869565218		NONE
reactome	REACTOME_TRIGLYCERIDE_METABOLISM	MIXED	0.7144734191205405	0	-1.0348001249900702	0.7051095950065321	-0.7405104654622335	0.9304944876432238		NONE
go_bp	GOBP_C21_STEROID_HORMONE_BIOSYNTHETIC_PROCESS	not_tested_in_resistance		0	-0.8219656985575783	0.874772061845079	1.4647441763907587	0.3761539036979777		NONE
go_bp	GOBP_CELL_MIGRATION_INVOLVED_IN_GASTRULATION	not_tested_in_resistance		0			0.8084382937099716	0.8896596871923432		NONE
reactome	REACTOME_CD28_DEPENDENT_PI3K_AKT_SIGNALING	MIXED	1.048855913231601	0	0.7786507401524096	0.9331903624388496	0.6452928063638824	0.9581026208933184		NONE
go_bp	GOBP_HEART_TRABECULA_FORMATION	not_tested_in_resistance		0			-0.7577717224961547	0.9068551126287248		NONE
go_bp	GOBP_TRANSEPITHELIAL_TRANSPORT	MIXED	0.7714235858808944	0	-1.2662921817714186	0.4235319183474696	1.2269243778386536	0.5725786604319703		NONE
go_bp	GOBP_VIRAL_RELEASE_FROM_HOST_CELL	MIXED	0.7472239172581929	0	1.2204526896892096	0.481111903064861	-1.3469654278459229	0.4703959386958445		NONE
go_bp	GOBP_LYMPHOCYTE_APOPTOTIC_PROCESS	LOW_EVIDENCE	1.1155133435180176	0	-1.4100553625833647	0.1772077658635489	0.932628681640512	0.8346069118184357		NONE
go_bp	GOBP_TRANSCYTOSIS	MIXED	1.0380680519276937	0	0.8201612361283028	0.8718593712788758	-0.9820002565681908	0.7773536104651886		NONE
go_bp	GOBP_PARTURITION	not_tested_in_resistance		0			1.629902998055304	0.2717263738973666		NONE
go_bp	GOBP_AMINO_ACID_BETAINE_METABOLIC_PROCESS	LOW_EVIDENCE	-0.8560471139443252	0	-0.9009621236381564	0.8175633539316288	0.500051541512857	0.9945962831704762		NONE
go_bp	GOBP_REGULATION_OF_BEHAVIOR	MIXED	1.246340178176732	0	0.9578758713581778	0.7863585368669392	0.8918144151585832	0.8555577414912454		NONE
go_bp	GOBP_COMPLEMENT_ACTIVATION_CLASSICAL_PATHWAY	LOW_EVIDENCE	1.4394092523112414	0	-1.4026832906158908	0.3443679134402654	1.754134767385354	0.0766497804276776		NONE
reactome	REACTOME_SUMOYLATION	MIXED	-0.8172660103337229	0	-1.2450291471271857	0.2570575975748389	-1.1300245658853163	0.4299672152432888		NONE
go_bp	GOBP_NEURON_PROJECTION_ARBORIZATION	MIXED	-0.7902887455936095	0	-0.7976075506605411	0.9097389857136196	1.568410473326828	0.2021943280888954		NONE
go_bp	GOBP_INOSITOL_PHOSPHATE_METABOLIC_PROCESS	MIXED	-0.9405243160544908	0	-1.1855563255046029	0.4803052861951425	1.1020780814643585	0.688253881595075		NONE
reactome	REACTOME_DISEASES_OF_CARBOHYDRATE_METABOLISM	MIXED	-0.6039258238972802	0	0.977490366414822	0.7747770160695858	-1.042898997278846	0.5916247094208248		NONE
reactome	REACTOME_DOWNSTREAM_SIGNALING_OF_ACTIVATED_FGFR2	LOW_EVIDENCE	-0.7862641706119495	0	0.8936206336255577	0.8437037037037037	-1.2773489718288158	0.3511152933692065		NONE
go_bp	GOBP_POSITIVE_REGULATION_OF_MONONUCLEAR_CELL_MIGRATION	MIXED	1.2379796293585188	0	0.8035390560185112	0.9483376792698824	-1.1770653981799526	0.5727355338885206		NONE
go_bp	GOBP_DETECTION_OF_TEMPERATURE_STIMULUS	MIXED	-0.1225593095328028	0	-1.1503191409907825	0.6052591075778259	1.0607210111643763	0.717303729277845		NONE
go_bp	GOBP_POSITIVE_REGULATION_OF_CHROMOSOME_ORGANIZATION	LOW_EVIDENCE	-1.1520702989889424	0	-0.8080142622409091	0.9455266138165344	-1.3014560241722049	0.4082942950294316		NONE
go_bp	GOBP_SULFATION	LOW_EVIDENCE	1.3010338530206402	0			-1.6806922699753903	0.1592847469496653		NONE
go_bp	GOBP_REGULATION_OF_TELOMERASE_ACTIVITY	MIXED	-0.9724767900243602	0	-0.7565990179286882	0.948561868562735	-1.14313796759735	0.6468109292041533		NONE
go_bp	GOBP_INTERLEUKIN_13_PRODUCTION	not_tested_in_resistance		0	-1.094774146037402	0.6366064538891192	0.8533468809666673	0.8678187498085818		NONE
go_bp	GOBP_NEGATIVE_REGULATION_OF_CHONDROCYTE_DIFFERENTIATION	MIXED	0.1495130207789901	0	-1.4405856009599376	0.3330179013575434	0.9069172579677278	0.8444161021150033		NONE
go_bp	GOBP_CALCIUM_ION_REGULATED_EXOCYTOSIS	LOW_EVIDENCE	0.8357662196838594	0	-0.7365455997159346	0.9650742626918064	0.8524557848344493	0.8863184684307337		NONE
go_bp	GOBP_NEGATIVE_REGULATION_OF_GLUCONEOGENESIS	not_tested_in_resistance		0			-1.6948807574604887	0.1867358663774478		NONE
go_bp	GOBP_AXONEMAL_DYNEIN_COMPLEX_ASSEMBLY	MIXED	-0.0623930677253509	0	-1.643916934701415	0.0931407369290453	1.402415842536657	0.4322046531967123		NONE
go_bp	GOBP_MEMORY	MIXED	-0.9646865826622156	0	1.3724816836822873	0.2185351738107071	1.2172485796753314	0.5032192246656086		NONE
go_bp	GOBP_NON_CANONICAL_NF_KAPPAB_SIGNAL_TRANSDUCTION	LOW_EVIDENCE	1.1313606527915785	0	-1.1027732427032042	0.5559342537866213	1.0519387062722698	0.7093671194989017		NONE
go_bp	GOBP_MICROTUBULE_POLYMERIZATION_OR_DEPOLYMERIZATION	MIXED	-0.9690926837045905	0	1.149879594456508	0.4566717440974867	-1.050376928038018	0.7013331056698404		NONE
go_bp	GOBP_REGULATION_OF_HEPATOCYTE_PROLIFERATION	not_tested_in_resistance		0			-0.8072399310574522	0.8895272727272727		NONE
reactome	REACTOME_TRANSPORT_OF_BILE_SALTS_AND_ORGANIC_ACIDS_METAL_IONS_AND_AMINE_COMPOUNDS	LOW_EVIDENCE	1.358097972656949	0	1.3822593691944796	0.2419570567464422	0.9689127591993518	0.7036569819349623		NONE
reactome	REACTOME_PLATELET_AGGREGATION_PLUG_FORMATION	MIXED	1.0911828977649316	0	-1.2294243526982649	0.4485923313083806	1.23567189740973	0.4034801068600324		NONE
go_bp	GOBP_LAMELLIPODIUM_ORGANIZATION	MIXED	-0.9993608401681708	0	-1.1472850767202014	0.4936769822224805	-1.0371540814774365	0.7161927877947296		NONE
go_bp	GOBP_POSITIVE_REGULATION_OF_CELL_MATRIX_ADHESION	LOW_EVIDENCE	1.3783915223525582	0	-1.33876857106061	0.3414304993252361	1.355910418788539	0.4538876024225152		NONE
go_bp	GOBP_INTRACILIARY_ANTEROGRADE_TRANSPORT	LOW_EVIDENCE	-1.2752336539600084	0			-0.7906382508186277	0.8902810905031208		NONE
go_bp	GOBP_SYNAPTIC_TRANSMISSION_CHOLINERGIC	MIXED	-0.264253137944808	0	1.350074283140776	0.3810240963855422	0.9589767826153932	0.7937268049715749		NONE
go_bp	GOBP_PROTEIN_LIPID_COMPLEX_ORGANIZATION	MIXED	1.107658201960438	0	-0.9989337183802848	0.7152027703506519	-0.8441412412764886	0.8847350692126689		NONE
go_bp	GOBP_NEGATIVE_REGULATION_OF_LIPID_CATABOLIC_PROCESS	LOW_EVIDENCE	-1.4196460881259358	0	-1.0077205456276512	0.7177595849882467	0.6976334435762088	0.9536047544990002		NONE
go_bp	GOBP_NUCLEOSIDE_MONOPHOSPHATE_CATABOLIC_PROCESS	LOW_EVIDENCE	1.2503875579860884	0	0.7263614791580809	0.924956369982548	0.7472016815335454	0.9230061113393592		NONE
reactome	REACTOME_ESTROGEN_DEPENDENT_NUCLEAR_EVENTS_DOWNSTREAM_OF_ESR_MEMBRANE_SIGNALING	MIXED	0.9354139898348448	0	-1.2031169158828776	0.4856698564593302	-1.4451785534474535	0.242755429688279		NONE
go_bp	GOBP_CELL_VOLUME_HOMEOSTASIS	MIXED	-0.6157800357007619	0	0.8201738382986363	0.8925364326765188	-1.2476663391714662	0.5488952913957625		NONE
go_bp	GOBP_REGULATION_OF_EPITHELIAL_CELL_DIFFERENTIATION_INVOLVED_IN_KIDNEY_DEVELOPMENT	not_tested_in_resistance		0			-0.70187457060697	0.9377880822387696		NONE
go_bp	GOBP_POSITIVE_REGULATION_OF_REACTIVE_OXYGEN_SPECIES_METABOLIC_PROCESS	LOW_EVIDENCE	1.2935662408908752	0	-0.9631730389468752	0.774274320689975	-0.7589641967544216	0.948147409862208		NONE
go_bp	GOBP_RELEASE_OF_CYTOCHROME_C_FROM_MITOCHONDRIA	LOW_EVIDENCE	-0.9908181322578244	0	1.4031543084487257	0.2759405975150076	0.871492988235475	0.8749111558700398		NONE
reactome	REACTOME_MATERNAL_TO_ZYGOTIC_TRANSITION_MZT	MIXED	1.1330440650788876	0	-1.1267988880799276	0.5350527916964924	-1.3069399645474398	0.3042085530652604		NONE
go_bp	GOBP_ESTABLISHMENT_OF_PROTEIN_LOCALIZATION_TO_MITOCHONDRIAL_MEMBRANE	MIXED	-0.5941410172983455	0	-0.7363912139887081	0.9590583062822068	-1.1374045374455384	0.6537920107547533		NONE
go_bp	GOBP_POSITIVE_REGULATION_OF_MITOTIC_SISTER_CHROMATID_SEPARATION	LOW_EVIDENCE	-1.4924535274333266	0	-0.6940959980279142	0.9564265817747712	-0.7207875701568442	0.9371177863614636		NONE
go_bp	GOBP_CELLULAR_MODIFIED_AMINO_ACID_METABOLIC_PROCESS	MIXED	-1.2764949623194888	0	1.025516239071793	0.6722885820822633	-0.8802952341898009	0.9113954611298888		NONE
go_bp	GOBP_RESPONSE_TO_MITOCHONDRIAL_DEPOLARISATION	LOW_EVIDENCE	0.8378815911877883	0	1.6434777815023918	0.131965285522583	-0.8937621399246177	0.8306433178624315		NONE
go_bp	GOBP_AMMONIUM_ION_METABOLIC_PROCESS	not_tested_in_resistance		0	0.6349024570489606	0.9680532711988304	1.314833314745096	0.5040294851685585		NONE
go_bp	GOBP_RESPONSE_TO_PROSTAGLANDIN	LOW_EVIDENCE	1.2356194214716365	0	-1.4401315651553324	0.2894485604500517	1.481207325784926	0.3498433985277622		NONE
reactome	REACTOME_APC_C_CDC20_MEDIATED_DEGRADATION_OF_CYCLIN_B	LOW_EVIDENCE	-1.1437787655195093	0	0.8613888310902267	0.8579965850882185	1.0734086639885425	0.5963176889468677		NONE
go_bp	GOBP_CELLULAR_SENESCENCE	LOW_EVIDENCE	1.1060700248161337	0	0.9400005708139326	0.8099222177039083	1.0143144944632971	0.7525929482086529	CITED2	NONE
go_bp	GOBP_MEMBRANE_RAFT_ORGANIZATION	MIXED	-0.8618039236565685	0	0.9971169827770856	0.7362987470514352	1.1934170667009585	0.6136991745091309		NONE
go_bp	GOBP_LEUKOCYTE_MIGRATION_INVOLVED_IN_INFLAMMATORY_RESPONSE	not_tested_in_resistance		0	-1.1707651450141363	0.5579281411359724	0.8107736232307832	0.8855518038030922		NONE
reactome	REACTOME_TP53_REGULATES_TRANSCRIPTION_OF_CELL_CYCLE_GENES	MIXED	0.6688291053632334	0	0.8489365405795883	0.916970802919708	-1.490766198784583	0.1246070559771168		NONE
go_bp	GOBP_MUSCLE_CELL_PROLIFERATION	LOW_EVIDENCE	1.1846599742081667	0	-1.3572401641061826	0.1271770849381495	1.443800470077685	0.1037517902423779	CITED2	NONE
go_bp	GOBP_NEGATIVE_REGULATION_OF_CYTOKINE_PRODUCTION_INVOLVED_IN_IMMUNE_RESPONSE	MIXED	-0.3423447549585837	0	-1.3100443668537831	0.4126086180974951	-0.9892625213310569	0.7645052118586706		NONE
go_bp	GOBP_DETECTION_OF_CHEMICAL_STIMULUS_INVOLVED_IN_SENSORY_PERCEPTION_OF_TASTE	LOW_EVIDENCE	1.0731001681031802	0	-0.7321201283933544	0.9223437235184452	1.2330776000994994	0.5714688940092165		NONE
go_bp	GOBP_PURINE_NUCLEOSIDE_MONOPHOSPHATE_METABOLIC_PROCESS	MIXED	-0.6468160633844866	0	-1.2150783941165249	0.4614698294238384	1.194588615638999	0.5999411389611027		NONE
reactome	REACTOME_MAPK_TARGETS_NUCLEAR_EVENTS_MEDIATED_BY_MAP_KINASES	LOW_EVIDENCE	0.9898944744136544	0	0.9027491046086284	0.8409968786013354	0.9257746554190732	0.7375408763897973		NONE
go_bp	GOBP_NUCLEAR_BODY_ORGANIZATION	LOW_EVIDENCE	0.7612697466694083	0			-1.0341001081049288	0.7376371901073597		NONE
go_bp	GOBP_POSITIVE_REGULATION_OF_BONE_RESORPTION	not_tested_in_resistance		0	1.019951110022477	0.7224918309703146	-1.881752485777699	0.0790766489518027		NONE
reactome	REACTOME_APOPTOTIC_FACTOR_MEDIATED_RESPONSE	MIXED	-0.931026177920232	0	0.7686313982354508	0.9376515184907656	-1.0092589164439956	0.6561218029880983		NONE
go_bp	GOBP_GAP_JUNCTION_ASSEMBLY	not_tested_in_resistance		0			-0.7874407607638181	0.8902810905031208		NONE
go_bp	GOBP_G_PROTEIN_COUPLED_ACETYLCHOLINE_RECEPTOR_SIGNALING_PATHWAY	LOW_EVIDENCE	-1.148036735703196	0			1.1078912236195402	0.6952239617658852		NONE
go_bp	GOBP_NEGATIVE_REGULATION_OF_LEUKOCYTE_MEDIATED_IMMUNITY	MIXED	1.01567376101778	0	-0.8462400849105035	0.8897460659480522	1.115016563006196	0.6525011446886447		NONE
go_bp	GOBP_POSITIVE_REGULATION_OF_CELL_KILLING	MIXED	-0.9451149602527964	0	0.9858626316005196	0.765712251333699	-1.1194366124997797	0.6823714033125146		NONE
reactome	REACTOME_TRAFFICKING_OF_GLUR2_CONTAINING_AMPA_RECEPTORS	not_tested_in_resistance		0			-1.1696786691449346	0.4929038057377256		NONE
go_bp	GOBP_TRICARBOXYLIC_ACID_METABOLIC_PROCESS	not_tested_in_resistance		0			1.0564497229328198	0.7287750111245069		NONE
go_bp	GOBP_FAT_SOLUBLE_VITAMIN_METABOLIC_PROCESS	MIXED	0.7104936074888347	0	-1.1265646110719705	0.5535822386894906	-0.7809398800339168	0.9208074425919136		NONE
go_bp	GOBP_POSITIVE_REGULATION_OF_MEMBRANE_PERMEABILITY	LOW_EVIDENCE	1.0947781255364877	0	0.9288927084503188	0.8076721791919614	-0.9390552863384956	0.8260882543697066		NONE
go_bp	GOBP_RESPONSE_TO_INTERFERON_BETA	MIXED	0.7051872718864346	0	-1.13521399704197	0.6056528701854024	1.223283053227579	0.5825097574574853		NONE
go_bp	GOBP_MEMBRANE_PROTEIN_ECTODOMAIN_PROTEOLYSIS	LOW_EVIDENCE	1.1787228009048925	0	-0.7100685942113532	0.9768158695439172	1.4851043675600706	0.3234357598365878		NONE
go_bp	GOBP_PROTEIN_MATURATION_BY_IRON_SULFUR_CLUSTER_TRANSFER	LOW_EVIDENCE	0.6029790313660407	0						NONE
reactome	REACTOME_TRANSLESION_SYNTHESIS_BY_POLK	MIXED	-1.0284578545156522	0	1.1959149590641234	0.5245496535796766	-1.1607684754311136	0.5007076374898017		NONE
reactome	REACTOME_SIGNALING_BY_NOTCH1_PEST_DOMAIN_MUTANTS_IN_CANCER	LOW_EVIDENCE	1.073700996964826	0	1.0289639867310183	0.7085448392554992	0.9484557694685876	0.7264193482270958		NONE
go_bp	GOBP_UNSATURATED_FATTY_ACID_METABOLIC_PROCESS	MIXED	0.9712671395542406	0	-0.9789183477674356	0.7511923688394276	1.1208493298591458	0.6303221789883269		NONE
go_bp	GOBP_PRESYNAPTIC_MODULATION_OF_CHEMICAL_SYNAPTIC_TRANSMISSION	LOW_EVIDENCE	-1.1394937653356418	0	-0.6758344140582256	0.9659993302007726	1.0064419538626117	0.7603353445975607		NONE
go_bp	GOBP_RESPONSE_TO_ALDOSTERONE	LOW_EVIDENCE	1.1076722890740551	0	-1.5544384957147732	0.1496130218247237	1.051164193806747	0.7393193587483473		NONE
go_bp	GOBP_MITOTIC_G2_DNA_DAMAGE_CHECKPOINT_SIGNALING	LOW_EVIDENCE	-0.730968403680266	0	1.3562451149913757	0.3360488798370671	0.8190049676918982	0.8895272727272727		NONE
go_bp	GOBP_PHOSPHATIDYLINOSITOL_PHOSPHATE_BIOSYNTHETIC_PROCESS	MIXED	0.5803750564352002	0	1.009862826722875	0.7084896321767219	1.0675080429416144	0.6958762886597937		NONE
go_bp	GOBP_REGULATION_OF_ORGANIC_ACID_TRANSPORT	MIXED	-1.1022004388626867	0	-1.1882628474641088	0.4641634050880626	0.9889924267941992	0.762091550077527		NONE
reactome	REACTOME_HIV_ELONGATION_ARREST_AND_RECOVERY	MIXED	0.7855199372724542	0	-0.8301218631587619	0.914570120542652	-1.6011524042817993	0.126957352797739		NONE
go_bp	GOBP_NEGATIVE_REGULATION_OF_CALCIUM_MEDIATED_SIGNALING	MIXED	0.1340607506624627	0	-1.060616807778889	0.6759531121685622	1.188640366405084	0.6068763409911561		NONE
go_bp	GOBP_REGULATION_OF_RESPIRATORY_SYSTEM_PROCESS	not_tested_in_resistance		0			1.335803040010351	0.5019048221112415		NONE
go_bp	GOBP_POSITIVE_REGULATION_OF_ATP_METABOLIC_PROCESS	LOW_EVIDENCE	1.373048275349969	0	1.496675775568458	0.253100603963743	-0.897297917834001	0.8444161021150033		NONE
go_bp	GOBP_POSITIVE_REGULATION_OF_MACROPHAGE_DERIVED_FOAM_CELL_DIFFERENTIATION	not_tested_in_resistance		0	0.8040110332487065	0.8871722846441947	1.0879666755535569	0.7102822477922941		NONE
go_bp	GOBP_POSITIVE_REGULATION_OF_STEROID_METABOLIC_PROCESS	LOW_EVIDENCE	1.2992495651224407	0	1.2832409329604726	0.4447284405761848	0.8694313890763357	0.8652085308056872		NONE
reactome	REACTOME_INTERLEUKIN_20_FAMILY_SIGNALING	MIXED	-1.3867102205632835	0	-1.4028637997511997	0.2794225942680232	-1.0784104780164592	0.5729967550501359		NONE
go_bp	GOBP_RESPONSE_TO_FOOD	MIXED	-1.388277550189469	0	1.0932997981657795	0.6169053053424984	-1.1863434500545609	0.589563805173232		NONE
reactome	REACTOME_G_ALPHA_I_SIGNALLING_EVENTS	MIXED	-1.1454618747977363	0	-0.9727905807333108	0.798340874811463	1.0016898178837772	0.6639722584698661		NONE
go_bp	GOBP_REGULATION_OF_MACROPHAGE_CHEMOTAXIS	MIXED	0.9764075063371028	0	-0.7936885845049463	0.8969086783891095	-0.8071567922061946	0.9042730622159718		NONE
go_bp	GOBP_NEGATIVE_REGULATION_OF_CD4_POSITIVE_ALPHA_BETA_T_CELL_DIFFERENTIATION	MIXED	0.1516274943122941	0	-1.1653415431926255	0.5772023949815454	0.7293195956659183	0.9289169051692436		NONE
go_bp	GOBP_DISRUPTION_OF_ANATOMICAL_STRUCTURE_IN_ANOTHER_ORGANISM	MIXED	-0.9540256523389792	0	-1.3391732125004037	0.3352512466436517	0.9210407268056	0.8444161021150033		NONE
reactome	REACTOME_ACTIVATION_OF_BH3_ONLY_PROTEINS	LOW_EVIDENCE	-0.9009992680712025	0	-0.8269472053291281	0.9193503665030652	0.9382637417140592	0.7109604478025531		NONE
reactome	REACTOME_LISTERIA_MONOCYTOGENES_ENTRY_INTO_HOST_CELLS	MIXED	0.6308558821708626	0	1.062398102038984	0.6843899185993585	-0.908025843063948	0.7620514757459667		NONE
go_bp	GOBP_NEGATIVE_REGULATION_OF_ANOIKIS	MIXED	0.8434927315594833	0	-1.0687282348621157	0.6708373138494916	1.1556536907863162	0.6633646308898268		NONE
go_bp	GOBP_ALPHA_BETA_T_CELL_PROLIFERATION	MIXED	-0.8735401550747581	0	1.401795039360069	0.3016229104707209	0.8049203197042745	0.8951721310896098		NONE
reactome	REACTOME_GASTRULATION	MIXED	0.8769197332891845	0	-1.016416938958999	0.7114915391530262	-1.3509128049999135	0.1330906630668668		NONE
reactome	REACTOME_CHEMOKINE_RECEPTORS_BIND_CHEMOKINES	LOW_EVIDENCE	0.968077164676931	0	0.6476316737043404	1.0	0.9400200390516856	0.7375408763897973		NONE
go_bp	GOBP_RECEPTOR_METABOLIC_PROCESS	MIXED	1.0031757141559323	0	1.1691862226008607	0.4730643335230039	-0.9769215434238396	0.7784396838125788		NONE
go_bp	GOBP_SYNAPTIC_VESICLE_MEMBRANE_ORGANIZATION	MIXED	-0.6597128706329184	0	0.621511408730887	0.987445389474494	1.0516346263538592	0.7200103097950213		NONE
reactome	REACTOME_FORMATION_OF_WDR5_CONTAINING_HISTONE_MODIFYING_COMPLEXES	MIXED	-0.5842028067406054	0	1.1485676607412438	0.5350527916964924	1.4031647404469572	0.2558528726869911		NONE
go_bp	GOBP_GLYCEROPHOSPHOLIPID_METABOLIC_PROCESS	LOW_EVIDENCE	0.9240003807760516	0	1.012207902210097	0.6940183232129541	1.2201644921294377	0.4012444230600996		NONE
go_bp	GOBP_CD4_POSITIVE_ALPHA_BETA_T_CELL_CYTOKINE_PRODUCTION	not_tested_in_resistance		0			1.0594697495092005	0.7333248250198154		NONE
reactome	REACTOME_O_GLYCOSYLATION_OF_TSR_DOMAIN_CONTAINING_PROTEINS	MIXED	0.1529833861690082	0	-1.2745047037901402	0.3932530977648663	0.6226079504170839	0.9842183799915658		NONE
go_bp	GOBP_CELLULAR_RESPONSE_TO_GAMMA_RADIATION	MIXED	-0.9374801226400784	0	0.868977085647619	0.8598896207940182	-1.7463405157053544	0.125656235511074		NONE
go_bp	GOBP_NEGATIVE_REGULATION_OF_CATION_CHANNEL_ACTIVITY	MIXED	0.788310013068726	0	1.1309493567673956	0.5986182093507477	1.3801946169485668	0.4494238156209987		NONE
reactome	REACTOME_DOWNSTREAM_SIGNAL_TRANSDUCTION	MIXED	0.8929075860561964	0	-1.408222425855939	0.2587272165585418	-1.5775478820735829	0.1330906630668668		NONE
go_bp	GOBP_PROXIMAL_DISTAL_PATTERN_FORMATION	MIXED	1.1765140259982976	0	-1.523351603319607	0.1518733669713454	1.156680814601033	0.6440675795109579		NONE
go_bp	GOBP_REGULATION_OF_SYNAPSE_MATURATION	LOW_EVIDENCE	-0.9009926587849828	0	-1.3198282784883424	0.4313604636270491	-0.5484158665019534	0.9961176034247566		NONE
go_bp	GOBP_HYPERSENSITIVITY	not_tested_in_resistance		0			-0.7803365427313904	0.8941285880850591		NONE
go_bp	GOBP_T_CELL_TOLERANCE_INDUCTION	not_tested_in_resistance		0			0.5033982747487062	0.9900933139447496		NONE
go_bp	GOBP_POSITIVE_REGULATION_OF_CHEMOKINE_PRODUCTION	LOW_EVIDENCE	1.265518380017538	0	0.9381014210265242	0.812468441212449	0.843528076455647	0.8902810905031208		NONE
go_bp	GOBP_LINOLEIC_ACID_METABOLIC_PROCESS	LOW_EVIDENCE	0.9040779504750682	0	1.1786955086003583	0.5696894747376547	1.1047242234404044	0.6958762886597937		NONE
reactome	REACTOME_OXIDATIVE_STRESS_INDUCED_SENESCENCE	MIXED	0.9740091111774326	0	1.2922567078303806	0.2933149280220864	-1.4465393652718053	0.1225707948374644		NONE
reactome	REACTOME_ADHERENS_JUNCTIONS_INTERACTIONS	LOW_EVIDENCE	1.0034019970807857	0	-1.1750977382317933	0.4620979371747445	-0.7177365684973165	0.9581026208933184		NONE
go_bp	GOBP_POSITIVE_REGULATION_OF_DOUBLE_STRAND_BREAK_REPAIR_VIA_HOMOLOGOUS_RECOMBINATION	LOW_EVIDENCE	-0.7618707932297094	0	-1.3978992350926456	0.2894485604500517	-1.162127817409076	0.6093863472789276		NONE
go_bp	GOBP_ENDONUCLEOLYTIC_CLEAVAGE_OF_TRICISTRONIC_RRNA_TRANSCRIPT_SSU_RRNA_5_8S_RRNA_LSU_RRNA	MIXED	-0.5506463602798394	0	-1.60816736061169	0.1378278882677131	-0.8039751109221059	0.8897131977083262		NONE
go_bp	GOBP_NEGATIVE_REGULATION_OF_MONONUCLEAR_CELL_MIGRATION	MIXED	-0.8663761121660604	0	-0.6453978504483775	0.9824422307397966	0.8864829262062893	0.8444161021150033		NONE
reactome	REACTOME_ANCHORING_FIBRIL_FORMATION	not_tested_in_resistance		0			-1.1375561036581454	0.5197822141560798		NONE
go_bp	GOBP_GABAERGIC_NEURON_DIFFERENTIATION	not_tested_in_resistance		0			1.212187699703644	0.6008843036109064		NONE
go_bp	GOBP_REGULATION_OF_PROTEIN_POLYUBIQUITINATION	MIXED	0.5790883774407601	0	1.0650978782414673	0.6737040971636314	0.9427327146307596	0.8172497751007157		NONE
go_bp	GOBP_NEGATIVE_REGULATION_OF_NUCLEAR_DIVISION	LOW_EVIDENCE	-1.1428960062738176	0	-0.8574267999521464	0.8820983638430248	-1.2471568972752327	0.5420259810493819		NONE
reactome	REACTOME_NCAM1_INTERACTIONS	MIXED	-1.1385337247058045	0	-1.0107708665360202	0.7114915391530262	0.9380231015012628	0.7234463134568897		NONE
go_bp	GOBP_REGULATION_OF_GLUTAMATE_SECRETION	not_tested_in_resistance		0			1.1319126359180531	0.6823714033125146		NONE
go_bp	GOBP_RESPONSE_TO_GONADOTROPIN	LOW_EVIDENCE	1.3399224282240836	0	-1.254118290448203	0.460944237286077	-0.9794037497385324	0.7754820609144297		NONE
go_bp	GOBP_NEGATIVE_REGULATION_OF_DEFENSE_RESPONSE_TO_VIRUS	MIXED	0.0314918420394215	0	1.329130408903446	0.4205607476635514	1.2353058439207691	0.6008843036109064		NONE
reactome	REACTOME_NUCLEAR_IMPORT_OF_REV_PROTEIN	MIXED	-0.4109985494025268	0	-1.35353286556997	0.2893686021049123	-1.3286608115994176	0.3190069628647214		NONE
go_bp	GOBP_EPIDERMIS_MORPHOGENESIS	MIXED	-1.075220415817721	0	-1.4549236096570244	0.28076218033555	-1.0683113328873302	0.690626764539808		NONE
go_bp	GOBP_NEGATIVE_REGULATION_OF_NEURAL_PRECURSOR_CELL_PROLIFERATION	LOW_EVIDENCE	1.2384941350034524	0	-0.9430268277506728	0.7696944610317935	1.617121549652111	0.1496467838569297		NONE
reactome	REACTOME_INSULIN_RECEPTOR_RECYCLING	MIXED	0.8451253904897017	0	1.2788204079152452	0.4056823474615743	0.7745891635765744	0.8899893274859126		NONE
reactome	REACTOME_TRANSCRIPTION_OF_E2F_TARGETS_UNDER_NEGATIVE_CONTROL_BY_P107_RBL1_AND_P130_RBL2_IN_COMPLEX_WITH_HDAC1	LOW_EVIDENCE	-0.9322476129668767	0	1.085697478850374	0.6703809815414224	-1.7229635780391237	0.1225707948374644		NONE
reactome	REACTOME_DEFECTIVE_GALNT3_CAUSES_HFTC	not_tested_in_resistance		0			-0.8815509431780474	0.7648394795596273		NONE
go_bp	GOBP_REGULATION_OF_VIRAL_TRANSCRIPTION	MIXED	0.8001297934813452	0	-0.7621452282566276	0.9097389857136196	1.2383834754638583	0.5795704159526407		NONE
go_bp	GOBP_REGULATION_OF_CELL_ADHESION_MEDIATED_BY_INTEGRIN	MIXED	1.1088403641478233	0	-1.474139423909868	0.1959695828291008	-1.5726810898119568	0.1559334801459869		NONE
reactome	REACTOME_SIGNALING_BY_CYTOSOLIC_FGFR1_FUSION_MUTANTS	MIXED	-0.7458730531163723	0	0.7273323205350725	0.9502417657807418	-1.2266444195752193	0.4320255705909213		NONE
reactome	REACTOME_HDACS_DEACETYLATE_HISTONES	MIXED	0.4930232362296215	0	-1.0393765654284073	0.6852539233416954	-1.3043830945114645	0.3298878205128205		NONE
go_bp	GOBP_POSITIVE_REGULATION_OF_DNA_RECOMBINATION	LOW_EVIDENCE	-0.6284367439930084	0	-1.2369430824592962	0.4102473793964417	-0.9866718598811056	0.7702182780438127		NONE
go_bp	GOBP_DOUBLE_STRAND_BREAK_REPAIR_VIA_NONHOMOLOGOUS_END_JOINING	MIXED	0.5853982731808605	0	-0.8766471596842308	0.8692177742345729	-1.4236640467117685	0.2395248614708634		NONE
go_bp	GOBP_REPLICATIVE_SENESCENCE	LOW_EVIDENCE	1.136713955291297	0			1.0803103379647838	0.7041664349733847		NONE
reactome	REACTOME_DETOXIFICATION_OF_REACTIVE_OXYGEN_SPECIES	MIXED	1.1139558293229703	0	1.4792552961372385	0.2027661770760019	-1.0366530767135955	0.6093145598019496		NONE
go_bp	GOBP_CELL_CYCLE_DNA_REPLICATION	MIXED	-1.040423193302955	0	-1.503919716965629	0.1402074978077774	-1.1089701326628711	0.6853838140539826		NONE
go_bp	GOBP_ACUTE_PHASE_RESPONSE	MIXED	-1.0626958332650969	0	0.8477816181143518	0.8793546700081811	0.9867325270266074	0.7748770307974182		NONE
go_bp	GOBP_POSITIVE_REGULATION_OF_STRESS_ACTIVATED_PROTEIN_KINASE_SIGNALING_CASCADE	MIXED	-0.1360426647026179	0	-1.0207766724025915	0.7108191433606404	-0.9522138016919784	0.7937268049715749		NONE
go_bp	GOBP_PROTEIN_COMPLEX_OLIGOMERIZATION	MIXED	-0.9359697785158844	0	-0.8637325089953118	0.9328880724048206	1.0981493559876605	0.6412612842572253		NONE
reactome	REACTOME_KERATAN_SULFATE_KERATIN_METABOLISM	LOW_EVIDENCE	1.2349527522268238	0	1.2397607442919505	0.4602824642126789	1.6831213914764986	0.0738253712316553		NONE
reactome	REACTOME_CA_DEPENDENT_EVENTS	MIXED	1.092846821563621	0	-1.0820049163806515	0.6373563730293044	-1.3713758311233364	0.2762690197056622		NONE
go_bp	GOBP_PYRIMIDINE_CONTAINING_COMPOUND_METABOLIC_PROCESS	MIXED	0.6553008836128849	0	-0.8481653721533023	0.9097389857136196	-0.999248642163816	0.7702182780438127		NONE
go_bp	GOBP_ENDOPLASMIC_RETICULUM_CALCIUM_ION_HOMEOSTASIS	MIXED	0.8051965119224438	0	1.1227335843845625	0.6103206865401987	0.9814575309713895	0.7900167237488688		NONE
go_bp	GOBP_PYRIMIDINE_RIBONUCLEOSIDE_TRIPHOSPHATE_METABOLIC_PROCESS	LOW_EVIDENCE	-0.8738704846277537	0	-1.0139504866502769	0.6905847012939043	-0.96976651809353	0.7705990482840614		NONE
reactome	REACTOME_REGULATED_NECROSIS	MIXED	0.9585581333358164	0	-0.7430946946198008	0.98629500180782	-1.2854713948577978	0.3161302982731554		NONE
go_bp	GOBP_COLLATERAL_SPROUTING	LOW_EVIDENCE	1.034158481217108	0	1.1566710166053022	0.5537045187091588	1.462803036694568	0.3723128290740978		NONE
go_bp	GOBP_PLATELET_MORPHOGENESIS	MIXED	1.0326182289660302	0	-1.7237381369761549	0.0589624058105205	-1.114420168708997	0.6759823879442163		NONE
reactome	REACTOME_NOTCH_HLH_TRANSCRIPTION_PATHWAY	LOW_EVIDENCE	0.7382072688565267	0	-0.8899768203872452	0.8552037607795523	1.0344893358145018	0.6060150093102865		NONE
go_bp	GOBP_REGULATION_OF_NUCLEOTIDE_BIOSYNTHETIC_PROCESS	LOW_EVIDENCE	0.9390295149370456	0	1.19937202011387	0.5567623590879405	-0.6667626664440215	0.9651808242220354		NONE
go_bp	GOBP_RESPIRATORY_CHAIN_COMPLEX_IV_ASSEMBLY	MIXED	0.9320173761372664	0	-0.9521726317906672	0.7703321878579611	-1.871460724131008	0.0690866829098218		NONE
go_bp	GOBP_REGULATION_OF_RUFFLE_ASSEMBLY	MIXED	-0.5919226894100384	0	-0.8625069520803235	0.8534743202416919	1.2332062901462444	0.5746138234299245		NONE
go_bp	GOBP_LIGAND_GATED_ION_CHANNEL_SIGNALING_PATHWAY	MIXED	0.1117989698713161	0	-0.7838886958547439	0.8981585858883938	0.7043655553919151	0.9534595146469804		NONE
go_bp	GOBP_GPI_ANCHOR_METABOLIC_PROCESS	MIXED	-0.7499904802765238	0	-0.7432744475199927	0.9485273864297156	-0.7436802870522319	0.944869796945467		NONE
go_bp	GOBP_FAT_CELL_PROLIFERATION	not_tested_in_resistance		0			1.0080002516918856	0.7705990482840614		NONE
go_bp	GOBP_TRIPARTITE_REGIONAL_SUBDIVISION	not_tested_in_resistance		0			1.1862300854865344	0.6396929353037233		NONE
go_bp	GOBP_REGULATION_OF_GASTRULATION	not_tested_in_resistance		0			1.568604660270111	0.2380616473239299		NONE
reactome	REACTOME_METABOLISM_OF_VITAMINS_AND_COFACTORS	MIXED	-1.0572303818086786	0	1.2530397299375964	0.2570575975748389	-0.8626260315720513	0.909401290533366		NONE
go_bp	GOBP_PODOSOME_ASSEMBLY	LOW_EVIDENCE	-1.0954191082050215	0	-1.2898309967862482	0.4483695652173913	-0.9751178923184772	0.7822633255305269		NONE
reactome	REACTOME_THE_ROLE_OF_NEF_IN_HIV_1_REPLICATION_AND_DISEASE_PATHOGENESIS	MIXED	-0.6281394119208598	0	0.6453284674067279	0.9898213671433488	-1.2117698817157203	0.4101896657211191		NONE
go_bp	GOBP_IMMUNE_RESPONSE_REGULATING_CELL_SURFACE_RECEPTOR_SIGNALING_PATHWAY_INVOLVED_IN_PHAGOCYTOSIS	MIXED	1.2411727370017192	0	-1.0178510290759208	0.6989299649285284	-0.9752555531982244	0.7778725835819161		NONE
go_bp	GOBP_CYTOPLASM_ORGANIZATION	not_tested_in_resistance		0			0.8466180075926701	0.871182484631316		NONE
go_bp	GOBP_NEGATIVE_REGULATION_OF_CELL_SUBSTRATE_JUNCTION_ORGANIZATION	not_tested_in_resistance		0	-1.1417261525353	0.5978547504400775	1.5259182553642283	0.3322644273460279		NONE
reactome	REACTOME_SWITCHING_OF_ORIGINS_TO_A_POST_REPLICATIVE_STATE	LOW_EVIDENCE	-1.072293679106863	0	-0.9271526873958816	0.8426541427138763	-1.4901099441676544	0.0932444106699355		NONE
go_bp	GOBP_REGULATION_OF_RESPONSE_TO_NUTRIENT_LEVELS	MIXED	-1.0755983246161174	0	1.3289586472464154	0.3650676585647405	-0.890305849524016	0.8465471637121263		NONE
go_bp	GOBP_REGULATION_OF_PHOSPHOLIPASE_ACTIVITY	LOW_EVIDENCE	1.4546729042320257	0	-0.9210089096382656	0.8002383901341111	1.1316663702125658	0.6578635972461273		NONE
go_bp	GOBP_PHOSPHATIDYLCHOLINE_BIOSYNTHETIC_PROCESS	LOW_EVIDENCE	1.0411435691713782	0	0.8388725259587243	0.8806680368086801	0.7741919464989734	0.9167537882127698		NONE
go_bp	GOBP_POSITIVE_REGULATION_OF_GLUCOSE_METABOLIC_PROCESS	LOW_EVIDENCE	1.0506598959592617	0	1.1408473170801423	0.544910428529864	-1.248625411607895	0.5152993697103243		NONE
go_bp	GOBP_OXYGEN_TRANSPORT	not_tested_in_resistance		0			-1.1489731774089484	0.671153648082271		NONE
go_bp	GOBP_POSITIVE_REGULATION_OF_VASOCONSTRICTION	LOW_EVIDENCE	1.43771953585324	0	-1.6035532603660227	0.1285310547797193	1.3462761687674034	0.4971555814754924		NONE
go_bp	GOBP_POSITIVE_REGULATION_OF_B_CELL_MEDIATED_IMMUNITY	LOW_EVIDENCE	0.9190106695345802	0	0.6896159174981311	0.9768158695439172	-0.8730222809063469	0.882049225159526		NONE
reactome	REACTOME_PYRUVATE_METABOLISM	MIXED	0.8581949683678814	0	1.4872684625577397	0.1380148223066092	-0.7629941954988155	0.9304944876432238		NONE
go_bp	GOBP_POSITIVE_REGULATION_OF_KERATINOCYTE_PROLIFERATION	not_tested_in_resistance		0			0.9430246573854196	0.8139418812584314		NONE
go_bp	GOBP_NEGATIVE_REGULATION_OF_BLOOD_PRESSURE	MIXED	1.2285476639444195	0	-0.908043516581325	0.8099222177039083	-1.3281302014144598	0.4538876024225152		NONE
reactome	REACTOME_CARGO_TRAFFICKING_TO_THE_PERICILIARY_MEMBRANE	LOW_EVIDENCE	-0.5839071588272041	0	0.8255983844408844	0.9375522138680034	1.0678851034113304	0.5874303405572756		NONE
go_bp	GOBP_REGULATION_OF_LIPID_CATABOLIC_PROCESS	LOW_EVIDENCE	-1.436588620013437	0	0.987295757420837	0.7499642857142857	-0.618468997678545	0.9900933139447496		NONE
go_bp	GOBP_EXTRINSIC_APOPTOTIC_SIGNALING_PATHWAY	MIXED	-0.9810274532298664	0	0.9072800835714956	0.8871090377367264	1.1124846838976197	0.6108791783023267		NONE
reactome	REACTOME_PRE_NOTCH_EXPRESSION_AND_PROCESSING	MIXED	1.1279730734845468	0	0.7215185405618221	0.983440726807012	-1.1360124549299466	0.4875258742782438		NONE
reactome	REACTOME_FOXO_MEDIATED_TRANSCRIPTION_OF_OXIDATIVE_STRESS_METABOLIC_AND_NEURONAL_GENES	LOW_EVIDENCE	1.2347506010368448	0	1.3807640049046828	0.3078868623539469	-0.787670124474679	0.8803194784647497		NONE
reactome	REACTOME_BLOOD_GROUP_SYSTEMS_BIOSYNTHESIS	LOW_EVIDENCE	-0.9331251178969766	0	0.9173916060203736	0.8304398393792501	1.1218778155378617	0.5485460087321856		NONE
go_bp	GOBP_NEUTROPHIL_ACTIVATION_INVOLVED_IN_IMMUNE_RESPONSE	LOW_EVIDENCE	0.9346498163086292	0	-1.2713363066104533	0.4648380259283989	-1.0368101049888283	0.7161927877947296		NONE
go_bp	GOBP_NEGATIVE_REGULATION_OF_EPIDERMAL_GROWTH_FACTOR_RECEPTOR_SIGNALING_PATHWAY	MIXED	1.2699750024920822	0	-0.8253858133113314	0.8725696839508356	1.195331261613228	0.6018219776048587		NONE
go_bp	GOBP_POSITIVE_REGULATION_OF_VASCULAR_ENDOTHELIAL_CELL_PROLIFERATION	LOW_EVIDENCE	1.5105764846176193	0	0.8537475108393084	0.861984282907662	-1.1425361458361527	0.6633646308898268		NONE
go_bp	GOBP_ACTIVIN_RECEPTOR_SIGNALING_PATHWAY	LOW_EVIDENCE	1.0636955522079945	0	-0.8205387303332373	0.906998329970202	-0.8988765651135828	0.8474991911699199	CITED2	NONE
reactome	REACTOME_RHO_GTPASES_ACTIVATE_CIT	MIXED	-0.8494161090130053	0	-1.527427502943148	0.1853586707682626	-0.8385632114742294	0.8083381065859157		NONE
go_bp	GOBP_MONOCYTE_CHEMOTAXIS	LOW_EVIDENCE	1.2236431582186698	0	0.8804458824580674	0.8534743202416919	-1.1103070513836284	0.6823714033125146		NONE
go_bp	GOBP_POSITIVE_REGULATION_OF_TRANSFERASE_ACTIVITY	LOW_EVIDENCE	1.091483929859312	0	-1.1226636082126022	0.4432630922094753	1.2918750469505038	0.1994654286817431		NONE
go_bp	GOBP_G_PROTEIN_COUPLED_RECEPTOR_SIGNALING_PATHWAY	LOW_EVIDENCE	-1.217583666036989	0						NONE
go_bp	GOBP_POSITIVE_REGULATION_OF_ERAD_PATHWAY	MIXED	-0.7672836984285573	0	1.7475089235731265	0.0756121066668588	-1.249143792452903	0.5720363678750437		NONE
go_bp	GOBP_REGULATION_OF_GRANULOCYTE_DIFFERENTIATION	not_tested_in_resistance		0			0.9419767797553932	0.8139418812584314		NONE
go_bp	GOBP_CELLULAR_PROCESS_INVOLVED_IN_REPRODUCTION_IN_MULTICELLULAR_ORGANISM	LOW_EVIDENCE	-0.8729319763983288	0	1.1461477390664068	0.4235319183474696	1.0452751683849646	0.6947615964009406		NONE
go_bp	GOBP_RESPONSE_TO_PEPTIDE	LOW_EVIDENCE	1.297621480249479	0	-0.8703771716599267	0.8466167191322835	0.8067315938409667	0.8902810905031208		NONE
go_bp	GOBP_BONE_REMODELING	LOW_EVIDENCE	1.3573864956232422	0	0.9267632445813706	0.8343524562006184	1.2351976482490346	0.5152993697103243		NONE
go_bp	GOBP_BENZENE_CONTAINING_COMPOUND_METABOLIC_PROCESS	MIXED	-0.255962482077598	0	-1.6264998914568736	0.1271770849381495	-1.0457153412965747	0.7233697698004905		NONE
go_bp	GOBP_B_CELL_PROLIFERATION	MIXED	1.2545303430750288	0	-1.1797527465426616	0.481111903064861	1.441163330256692	0.2679846704069074		NONE
go_bp	GOBP_CELLULAR_RESPONSE_TO_VITAMIN	MIXED	-0.9195920838642606	0	-1.1861386982418811	0.5467620538043073	-1.2348898851307009	0.5502024291497976		NONE
reactome	REACTOME_REGULATION_OF_GENE_EXPRESSION_IN_BETA_CELLS	not_tested_in_resistance		0			0.8373431534432109	0.8083381065859157		NONE
reactome	REACTOME_APOPTOTIC_EXECUTION_PHASE	LOW_EVIDENCE	0.8688269544745053	0	-1.348546882657868	0.2748046875	-1.352456688238803	0.2964526838002163		NONE
go_bp	GOBP_MODULATION_BY_SYMBIONT_OF_ENTRY_INTO_HOST	MIXED	1.365445685920997	0	-0.916214353458514	0.8097439544807966	-1.0902307469337051	0.6936504695794201		NONE
reactome	REACTOME_PHASE_0_RAPID_DEPOLARISATION	LOW_EVIDENCE	1.346115954472019	0	-1.1714001742110816	0.545259328154065	1.3721061058685458	0.3190069628647214		NONE
go_bp	GOBP_CELLULAR_RESPONSE_TO_ACID_CHEMICAL	LOW_EVIDENCE	1.134129384661133	0	1.1837342096612693	0.4666444444444445	-1.221198635598026	0.5019048221112415		NONE
go_bp	GOBP_PYRIMIDINE_NUCLEOTIDE_BIOSYNTHETIC_PROCESS	LOW_EVIDENCE	-0.8090350832234859	0	-0.8482866519630712	0.8651215805471124	-1.0223804153477172	0.73311097515246		NONE
reactome	REACTOME_MHC_CLASS_II_ANTIGEN_PRESENTATION	MIXED	1.041161525360509	0	0.8142699813435934	0.9650798525798524	-1.2034618423504233	0.3195590341516551		NONE
reactome	REACTOME_SIGNALING_BY_NOTCH3	MIXED	1.0981843645508316	0	0.8209800120750601	0.9376515184907656	-1.1893434241479452	0.4260313608362889		NONE
reactome	REACTOME_DEFECTIVE_C1GALT1C1_CAUSES_TNPS	not_tested_in_resistance		0	-1.1237765737839098	0.6142178514876239	-0.9627474147079276	0.707845618475166		NONE
go_bp	GOBP_NEGATIVE_REGULATION_OF_VIRAL_TRANSCRIPTION	MIXED	-0.1267345703485957	0	-0.8724270618966384	0.8449348097727796	1.2422702812952506	0.5825097574574853		NONE
reactome	REACTOME_SIGNALING_BY_ERBB4	MIXED	-1.1858852259013064	0	-1.299196142818784	0.3061979514261672	-0.7615749548184274	0.9416967769908944		NONE
go_bp	GOBP_REGULATION_OF_CELLULAR_EXTRAVASATION	MIXED	-0.81036154101841	0	-0.8613595062461457	0.8692177742345729	1.081988554375962	0.6980336169799721		NONE
reactome	REACTOME_INTERCONVERSION_OF_NUCLEOTIDE_DI_AND_TRIPHOSPHATES	LOW_EVIDENCE	-0.8476111049103252	0	-1.2547475879051964	0.4287688999624561	-1.1250638385228815	0.5075178279920955		NONE
go_bp	GOBP_REGULATION_OF_SKELETAL_MUSCLE_CELL_DIFFERENTIATION	LOW_EVIDENCE	0.7616790589983076	0	0.7983987077456132	0.8891488656278121	0.8377132724830718	0.8692673015660666		NONE
reactome	REACTOME_SIGNALING_BY_VEGF	LOW_EVIDENCE	1.1476092718110211	0	-1.0690505072434875	0.6350470124355475	-1.2345460007295763	0.3161302982731554		NONE
go_bp	GOBP_ESTABLISHMENT_OF_EPITHELIAL_CELL_POLARITY	LOW_EVIDENCE	1.0691346949086975	0	-0.944275364608864	0.7734500012122386	-1.3425995806276256	0.4578326782706345		NONE
reactome	REACTOME_TRANSPORT_OF_CONNEXONS_TO_THE_PLASMA_MEMBRANE	MIXED	-0.029631361606663	0	-1.159201306000636	0.586872570415331	-1.082188279897706	0.5894682338321339		NONE
go_bp	GOBP_T_CELL_MIGRATION	MIXED	-0.8476825728772935	0	-0.7573745852002844	0.9592074932486172	-0.9747525927363784	0.7878260869565218		NONE
go_bp	GOBP_REGULATION_OF_SYNAPTIC_VESICLE_RECYCLING	MIXED	0.9929643265951548	0	-0.9566711129786328	0.7627232629435692	-0.730827404190418	0.9395008331265288		NONE
go_bp	GOBP_REGULATION_OF_GOLGI_ORGANIZATION	LOW_EVIDENCE	1.0634612038978215	0	1.2308629637455395	0.5024668292050111	-1.4574072355944718	0.4494238156209987		NONE
go_bp	GOBP_GLUCOSE_IMPORT	LOW_EVIDENCE	1.2054045263666249	0	1.2389417651798644	0.4203560181587665	-1.1313062937500311	0.645654748975174		NONE
go_bp	GOBP_STEROL_HOMEOSTASIS	MIXED	-1.0797061733694375	0	1.5547030937430393	0.0954002787342907	0.8135663439620278	0.9172314049586776		NONE
go_bp	GOBP_REGULATION_OF_PROTEIN_AUTOPHOSPHORYLATION	LOW_EVIDENCE	1.301909951069628	0	-1.1655109300628688	0.5060182166557996	1.103316766460709	0.688253881595075		NONE
reactome	REACTOME_MITOCHONDRIAL_CALCIUM_ION_TRANSPORT	MIXED	0.7072904391433928	0	-1.5172698927802737	0.2016832749929711	-0.9838871054211848	0.701158277926532		NONE
go_bp	GOBP_POSITIVE_REGULATION_OF_MITOTIC_CELL_CYCLE	MIXED	-0.93514693898281	0	0.8686559443559333	0.9129790682362476	-1.2488726951869686	0.4348147777833325		NONE
go_bp	GOBP_C4_DICARBOXYLATE_TRANSPORT	MIXED	1.031714486350871	0	-0.9480135759177852	0.7652152806417102	0.8972919234023687	0.8433514712695767		NONE
reactome	REACTOME_PI_3K_CASCADE_FGFR4	not_tested_in_resistance		0			-1.1684312775085033	0.5075178279920955		NONE
go_bp	GOBP_NEGATIVE_REGULATION_OF_INTRINSIC_APOPTOTIC_SIGNALING_PATHWAY	MIXED	-1.2048429803862657	0	1.2457078710640297	0.326407156014593	-1.6218153321371256	0.0552609015272354		NONE
go_bp	GOBP_VESICLE_MEDIATED_TRANSPORT_TO_THE_PLASMA_MEMBRANE	LOW_EVIDENCE	0.9036556093206156	0	1.0616807429762107	0.6236654149179001	0.9689900378088336	0.8139418812584314		NONE
go_bp	GOBP_PYRIMIDINE_CONTAINING_COMPOUND_TRANSMEMBRANE_TRANSPORT	not_tested_in_resistance		0			-0.7002362367904247	0.9377880822387696		NONE
go_bp	GOBP_DNA_CATABOLIC_PROCESS	LOW_EVIDENCE	0.8495117450041203	0	0.9850570454427304	0.7499372502460189	0.8703863201075701	0.8527570075035811		NONE
reactome	REACTOME_FORMATION_OF_ATP_BY_CHEMIOSMOTIC_COUPLING	LOW_EVIDENCE	0.8746945314208883	0	-1.4885987509351652	0.2502490039840637				NONE
go_bp	GOBP_ACETYL_COA_BIOSYNTHETIC_PROCESS	MIXED	-0.7498340702730688	0	1.5110146843023886	0.275787520553551	0.7979139016439029	0.8902810905031208		NONE
go_bp	GOBP_PYRIMIDINE_NUCLEOSIDE_TRIPHOSPHATE_METABOLIC_PROCESS	MIXED	-0.968763421798151	0	-1.168466681858095	0.5540343255946446	-0.8810142764263992	0.8444161021150033		NONE
go_bp	GOBP_LOW_DENSITY_LIPOPROTEIN_PARTICLE_REMODELING	not_tested_in_resistance		0			-1.3310178972386029	0.5206724576411137		NONE
go_bp	GOBP_DE_NOVO_PROTEIN_FOLDING	MIXED	-0.5857072572167051	0	1.4528293488126045	0.2759405975150076	-1.1920504072661184	0.5825097574574853		NONE
go_bp	GOBP_BLOOD_VESSEL_ENDOTHELIAL_CELL_PROLIFERATION_INVOLVED_IN_SPROUTING_ANGIOGENESIS	LOW_EVIDENCE	1.2449818638064096	0	0.9660890621984468	0.7505020080321285	1.6018142641828097	0.1748595548004337		NONE
go_bp	GOBP_ANDROGEN_RECEPTOR_SIGNALING_PATHWAY	LOW_EVIDENCE	0.9394289204607236	0	-0.8291369126770473	0.8941205868703817	-1.1675684508750974	0.6071726424086118		NONE
go_bp	GOBP_FEAR_RESPONSE	MIXED	1.0965442522569244	0	-1.3356633153766753	0.3704282868525896	0.946463907102751	0.8035119665126268		NONE
reactome	REACTOME_SIGNALING_BY_NTRK3_TRKC	LOW_EVIDENCE	-0.7836997794596364	0	-1.2070320575579188	0.5474956128012431	-1.5884116442947087	0.1631114841032424		NONE
go_bp	GOBP_RECEPTOR_LOCALIZATION_TO_SYNAPSE	LOW_EVIDENCE	1.1162124562180922	0	-1.0584612927767436	0.6599587823004087	1.0727860888026166	0.6936504695794201		NONE
go_bp	GOBP_NEGATIVE_REGULATION_OF_FIBROBLAST_PROLIFERATION	MIXED	-0.9984572388042596	0	1.0587237646969865	0.6599587823004087	0.9370694847801548	0.8129032258064516		NONE
reactome	REACTOME_POST_TRANSLATIONAL_MODIFICATION_SYNTHESIS_OF_GPI_ANCHORED_PROTEINS	MIXED	-0.8470954708941527	0	-1.097742815427274	0.5437195679346305	0.8468586586707814	0.8732444346446493		NONE
go_bp	GOBP_REGULATION_OF_LEUKOCYTE_ADHESION_TO_VASCULAR_ENDOTHELIAL_CELL	MIXED	0.8973505526010898	0	0.6125426960670598	0.9924676901707372	1.338708188019251	0.4889128728414442		NONE
reactome	REACTOME_FERTILIZATION	LOW_EVIDENCE	-0.9667427639164908	0	1.229555188899673	0.4829873125720876	-0.8088207537792701	0.8786623715293757		NONE
go_bp	GOBP_STRESS_ACTIVATED_PROTEIN_KINASE_SIGNALING_CASCADE	MIXED	1.0014751466435237	0	-0.7746165214135206	0.9364526449754844	-1.6936816590122203	0.0991840906489651		NONE
go_bp	GOBP_RECEPTOR_INTERNALIZATION	MIXED	1.0641316319576242	0	-1.193901778742467	0.4347463202443024	-1.369787528575923	0.2356151758454843		NONE
go_bp	GOBP_INTERLEUKIN_4_PRODUCTION	MIXED	-0.8544911108735613	0	-0.9520447302267434	0.7659382219241374	-0.9974543874834162	0.7534980210068154		NONE
go_bp	GOBP_POSITIVE_REGULATION_OF_CHOLESTEROL_EFFLUX	MIXED	1.105852154473975	0	-1.1749977833351228	0.5620556872037915	1.1896784682138426	0.6018219776048587		NONE
go_bp	GOBP_LONG_TERM_SYNAPTIC_POTENTIATION	MIXED	1.078099869629627	0	1.1093047881749254	0.5552539298669891	1.4463512014282125	0.1720126848939484		NONE
go_bp	GOBP_L_AMINO_ACID_BIOSYNTHETIC_PROCESS	MIXED	0.8140416089878773	0	1.540092208221628	0.1067911290816182	1.3294109708577315	0.4698906644238856		NONE
go_bp	GOBP_LACTATE_METABOLIC_PROCESS	LOW_EVIDENCE	0.7309094734700086	0	-1.2409328487126274	0.481111903064861	1.1040318040337245	0.6939319242401434		NONE
go_bp	GOBP_HEAT_GENERATION	not_tested_in_resistance		0	-1.2663310235726304	0.4674796747967479	0.8295449720838589	0.8719081039456413		NONE
go_bp	GOBP_VESICLE_DOCKING_INVOLVED_IN_EXOCYTOSIS	LOW_EVIDENCE	-0.8244253518801807	0	-0.9529213606834652	0.7691386457853524	1.5225945822207667	0.1995951430869463		NONE
reactome	REACTOME_RHOJ_GTPASE_CYCLE	MIXED	1.0458154951770051	0	-1.271062356698456	0.3118105350248207	-0.9121758155365488	0.7648394795596273		NONE
go_bp	GOBP_NEGATIVE_REGULATION_OF_STEM_CELL_DIFFERENTIATION	LOW_EVIDENCE	0.9478504207108288	0	-0.9908716032007476	0.7208013878784487	-1.0047893378157584	0.7541957172108926		NONE
go_bp	GOBP_ANATOMICAL_STRUCTURE_MATURATION	LOW_EVIDENCE	1.162588483908663	0	-1.1069655584887312	0.523403070569477	1.3279716471128686	0.198880333173969		NONE
go_bp	GOBP_PROTEIN_MODIFICATION_BY_SMALL_PROTEIN_REMOVAL	MIXED	1.1845541705308913	0	0.8129606145000481	0.9462819942582184	0.9315439787353988	0.836159338762673	USP34	NONE
go_bp	GOBP_APOPTOTIC_DNA_FRAGMENTATION	LOW_EVIDENCE	1.2942549906101115	0	0.8518798843683771	0.8610433732657797	1.11932684442442	0.688253881595075		NONE
reactome	REACTOME_REGULATION_OF_PYRUVATE_DEHYDROGENASE_PDH_COMPLEX	not_tested_in_resistance		0			0.8589222652111125	0.793474311459923		NONE
go_bp	GOBP_ATRIOVENTRICULAR_VALVE_DEVELOPMENT	MIXED	1.1636774542521304	0	-0.9428178973630212	0.7811914574747096	-0.8707875152347512	0.877338917449274		NONE
reactome	REACTOME_NEGATIVE_REGULATION_OF_FGFR1_SIGNALING	MIXED	0.731684490747134	0	0.7449256167976057	0.950693948520508	-0.8693904636025169	0.8083381065859157		NONE
go_bp	GOBP_POSITIVE_REGULATION_OF_SYNAPTIC_TRANSMISSION_GLUTAMATERGIC	LOW_EVIDENCE	1.0487518013606023	0	-1.0590517095732306	0.6691045018690069	1.21348443082956	0.5825097574574853		NONE
go_bp	GOBP_PROTEIN_LOCALIZATION_TO_CHROMOSOME_TELOMERIC_REGION	MIXED	0.9576350619625488	0	-1.548695203300352	0.1402074978077774	-1.2751685519443483	0.5115299665499584		NONE
reactome	REACTOME_ROLE_OF_PHOSPHOLIPIDS_IN_PHAGOCYTOSIS	MIXED	0.7617266906261915	0	-1.2250231310327515	0.456721623335447	-0.6529903915320693	0.9630854640002164		NONE
go_bp	GOBP_MICROTUBULE_DEPOLYMERIZATION	MIXED	0.964524173358447	0	1.1979804826130298	0.4721734203173156	1.0133753804610852	0.7421893755054233		NONE
go_bp	GOBP_CYTOKINETIC_PROCESS	MIXED	0.5368241223609712	0	0.7653395807390153	0.9414623044096728	-1.5160983964305248	0.252058922866941		NONE
go_bp	GOBP_PROGESTERONE_METABOLIC_PROCESS	not_tested_in_resistance		0			0.8984320634423629	0.841276538351138		NONE
reactome	REACTOME_KSRP_KHSRP_BINDS_AND_DESTABILIZES_MRNA	MIXED	-0.4713999771185059	0	-0.8759999746234185	0.8437037037037037	-1.75817314115884	0.0761590925514601		NONE
go_bp	GOBP_REGULATION_OF_LYMPHOCYTE_APOPTOTIC_PROCESS	MIXED	1.0444460503144146	0	-1.3956693688064583	0.3000074112502779	0.824641404822421	0.9018944817105844		NONE
go_bp	GOBP_NEUTRAL_LIPID_CATABOLIC_PROCESS	MIXED	-0.8053604507361696	0	-1.0367924979865757	0.6759531121685622	0.8763028973111432	0.8484379701133287		NONE
go_bp	GOBP_ERYTHROSE_4_PHOSPHATE_PHOSPHOENOLPYRUVATE_FAMILY_AMINO_ACID_METABOLIC_PROCESS	not_tested_in_resistance		0			1.023157914389187	0.756113526874595		NONE
go_bp	GOBP_NEUROTRANSMITTER_RECEPTOR_INTERNALIZATION	LOW_EVIDENCE	1.0139487468551158	0	-1.080863751547835	0.6357061702499562	-1.6523102599879629	0.1496467838569297		NONE
go_bp	GOBP_POSITIVE_REGULATION_OF_ISOTYPE_SWITCHING	LOW_EVIDENCE	0.7886934339083627	0	-0.85143554488241	0.8616778269950106	1.1324575512364663	0.6633646308898268		NONE
go_bp	GOBP_INTRA_GOLGI_VESICLE_MEDIATED_TRANSPORT	LOW_EVIDENCE	-0.7272209940353619	0	1.4638674074090672	0.2759405975150076	0.8477545938921919	0.8749111558700398		NONE
go_bp	GOBP_CELLULAR_DEFENSE_RESPONSE	MIXED	0.8155508573959804	0	-1.0076031913762111	0.6989299649285284	-1.0570839148398563	0.7233697698004905	VEZF1	NONE
reactome	REACTOME_PEPTIDE_LIGAND_BINDING_RECEPTORS	MIXED	1.1788846596335	0	-0.8637341049684817	0.9376515184907656	0.843489604968262	0.9205714285714286		NONE
go_bp	GOBP_LEUKOCYTE_ADHESION_TO_VASCULAR_ENDOTHELIAL_CELL	LOW_EVIDENCE	1.052744959541374	0	-0.9144850501742392	0.8099222177039083	1.02407028365625	0.7376371901073597		NONE
go_bp	GOBP_NEGATIVE_REGULATION_OF_MONOATOMIC_ION_TRANSPORT	MIXED	1.0763744999753737	0	1.4274836561489728	0.1622379628197384	1.1903015926837504	0.5424758694483098		NONE
reactome	REACTOME_HSF1_ACTIVATION	MIXED	-0.8454196386913366	0	1.0217639368224134	0.7085448392554992	-0.994164134782055	0.6715552523874488		NONE
go_bp	GOBP_MONOAMINE_TRANSPORT	MIXED	0.8925631165472002	0	-1.2439686318337864	0.4136128928513998	0.9623970311170904	0.7900167237488688		NONE
go_bp	GOBP_PYRIMIDINE_RIBONUCLEOTIDE_METABOLIC_PROCESS	LOW_EVIDENCE	0.8481909408438002	0	-0.8367639634936912	0.8733017028807909	-1.4073188582292633	0.446370570417138		NONE
go_bp	GOBP_WALKING_BEHAVIOR	LOW_EVIDENCE	1.2705999821671197	0	1.0195432910707014	0.7177595849882467	0.8635061363920644	0.8628895359845393		NONE
go_bp	GOBP_LYMPHANGIOGENESIS	not_tested_in_resistance		0	0.752453979186044	0.9117322295672832	0.6187989547568458	0.9681975642170854		NONE
go_bp	GOBP_REGULATION_OF_DENDRITE_DEVELOPMENT	MIXED	0.6945103236287431	0	-0.8636778273459985	0.8956296949606155	-0.9313830510663696	0.8346567229655626		NONE
go_bp	GOBP_NUCLEAR_MIGRATION	MIXED	0.6773253946872675	0	-1.1769302645318651	0.5219535830957978	-0.6766281208341541	0.9634881247784476		NONE
go_bp	GOBP_CELLULAR_METABOLIC_COMPOUND_SALVAGE	MIXED	0.8677583150613757	0	1.0535640349776998	0.6691045018690069	0.8445833158360633	0.8798672957124076		NONE
go_bp	GOBP_DICARBOXYLIC_ACID_CATABOLIC_PROCESS	MIXED	-0.296452621499887	0	1.5451160475767656	0.2235029538155182	1.0738514023570378	0.7208111459507287		NONE
go_bp	GOBP_REGULATION_OF_HYDROGEN_PEROXIDE_METABOLIC_PROCESS	not_tested_in_resistance		0	1.336818530191728	0.4126086180974951	-0.8609972527398081	0.8475673036838756		NONE
go_bp	GOBP_PLASMINOGEN_ACTIVATION	LOW_EVIDENCE	1.1770059434617508	0	-1.1843776960071866	0.5446584348581398	-0.9051637507121324	0.8370970145546669		NONE
go_bp	GOBP_AUTONOMIC_NERVOUS_SYSTEM_DEVELOPMENT	MIXED	1.1680749257250749	0	-1.4288402681573675	0.306118466246175	1.2944444613028976	0.5079540983606557		NONE
go_bp	GOBP_REGULATION_OF_SYNAPTIC_VESICLE_EXOCYTOSIS	LOW_EVIDENCE	1.1082684470287356	0	0.6076187981622694	0.996797029276556	-1.094273480491034	0.6836274004300967		NONE
reactome	REACTOME_OPIOID_SIGNALLING	MIXED	0.9563854109581073	0	-1.1970281125165665	0.4283013205282113	-0.8113955315032997	0.9259175962576468		NONE
go_bp	GOBP_C_TERMINAL_PROTEIN_AMINO_ACID_MODIFICATION	LOW_EVIDENCE	1.1075273915043666	0			0.7218361728380396	0.9353998790675864		NONE
go_bp	GOBP_NON_LYTIC_VIRAL_RELEASE	LOW_EVIDENCE	-1.1448298642842514	0						NONE
go_bp	GOBP_MITOTIC_SISTER_CHROMATID_COHESION	MIXED	-1.2095668749170143	0	-1.077227391776026	0.6330268460609845	1.0895409740976796	0.6964734974733899		NONE
go_bp	GOBP_LOW_DENSITY_LIPOPROTEIN_PARTICLE_CLEARANCE	MIXED	1.1466510234819671	0	1.1816025053453592	0.571242707117853	1.4996266264963607	0.3488342245989304		NONE
reactome	REACTOME_SIGNALING_BY_FGFR_IN_DISEASE	MIXED	0.6622151953384897	0	-0.9680479585994032	0.7785785064408611	-1.1958413662392098	0.3973897541121464		NONE
go_bp	GOBP_POSITIVE_REGULATION_OF_COLLAGEN_METABOLIC_PROCESS	LOW_EVIDENCE	1.3326373943127452	0	-1.035389730355624	0.6870297424390923	-0.7977512128474964	0.905178806855636		NONE
go_bp	GOBP_DIACYLGLYCEROL_METABOLIC_PROCESS	LOW_EVIDENCE	1.4220204366853364	0	0.7935607954011878	0.8979653284671534	-1.016285521242189	0.7394803176965362		NONE
reactome	REACTOME_GRB2_EVENTS_IN_ERBB2_SIGNALING	LOW_EVIDENCE	0.8975887359766731	0	-1.6407549526526537	0.1223908229852442	-1.4568007670675518	0.2448096992397826		NONE
go_bp	GOBP_RESPONSE_TO_CARBOHYDRATE	MIXED	1.1312057979403365	0	1.0812695507048964	0.5567623590879405	-1.282097445348099	0.2395248614708634		NONE
go_bp	GOBP_RESPONSE_TO_INTERLEUKIN_4	LOW_EVIDENCE	-1.176286630172252	0	-0.7954389101063724	0.9097389857136196	-1.011860912191504	0.7544836464577384		NONE
go_bp	GOBP_REGULATION_OF_TELOMERE_MAINTENANCE	LOW_EVIDENCE	-0.9527876856078796	0	-1.245995378858802	0.3726732347848393	-1.5267016218251592	0.1238194120452821		NONE
go_bp	GOBP_REGULATION_OF_MOTOR_NEURON_APOPTOTIC_PROCESS	not_tested_in_resistance		0			1.244099074452004	0.5825097574574853		NONE
go_bp	GOBP_PHAGOLYSOSOME_ASSEMBLY	LOW_EVIDENCE	-0.9982455621233012	0	1.20538593200537	0.5468517083060044	0.8838761930178726	0.8454621174728529		NONE
go_bp	GOBP_TONGUE_DEVELOPMENT	MIXED	0.2645702735861696	0	-1.6328728745659975	0.1013250979476716	-1.081154873335366	0.690626764539808		NONE
reactome	REACTOME_PEROXISOMAL_PROTEIN_IMPORT	MIXED	-0.8020976980361227	0	-0.9915267518711974	0.7423516587541774	0.9372275696817334	0.7211650413666073		NONE
reactome	REACTOME_RET_SIGNALING	MIXED	-0.9861148357633972	0	0.950553040584783	0.8101781433664716	-1.21615610427764	0.4063649549113993		NONE
reactome	REACTOME_TRANSCRIPTIONAL_REGULATION_BY_MECP2	MIXED	0.886935406566895	0	-0.8984327038374227	0.8560585834700027	1.46678181669733	0.1330906630668668		NONE
go_bp	GOBP_SIGNAL_TRANSDUCTION_INVOLVED_IN_REGULATION_OF_GENE_EXPRESSION	LOW_EVIDENCE	1.2269912342104528	0	-0.9559857770682902	0.7499372502460189	0.8552718271383855	0.8777311052311894		NONE
go_bp	GOBP_RELAXATION_OF_MUSCLE	LOW_EVIDENCE	1.456675603221704	0	-0.7717395683719539	0.912696228582368	0.8969433125317393	0.8410578721531521		NONE
go_bp	GOBP_SEGMENT_SPECIFICATION	not_tested_in_resistance		0			0.9407280747178502	0.8139418812584314		NONE
go_bp	GOBP_T_CELL_APOPTOTIC_PROCESS	MIXED	1.0294539487144625	0	-1.3805544526641105	0.3001435034969357	1.1454224798803805	0.6322897444522337		NONE
go_bp	GOBP_SYNAPTIC_VESICLE_LOCALIZATION	LOW_EVIDENCE	1.085545626596975	0	1.2505278143811138	0.4102473793964417	1.6892960142756912	0.0918571284450477		NONE
go_bp	GOBP_NEGATIVE_REGULATION_OF_RECEPTOR_SIGNALING_PATHWAY_VIA_STAT	MIXED	0.5902186785108505	0	-0.9881520216810498	0.7397228232267119	1.0256175396890197	0.7460371920675221		NONE
reactome	REACTOME_TIE2_SIGNALING	LOW_EVIDENCE	0.8276375078625267	0	-0.9045384309705092	0.8409968786013354	-1.429578002823621	0.2852790816021194		NONE
reactome	REACTOME_PHOSPHOLIPASE_C_MEDIATED_CASCADE_FGFR1	not_tested_in_resistance		0			0.9046048682114656	0.7508786516004685		NONE
go_bp	GOBP_MODIFICATION_OF_SYNAPTIC_STRUCTURE	LOW_EVIDENCE	1.0445652395644696	0	-0.9494711793909382	0.7675520532590604	1.3120987087395073	0.4889128728414442		NONE
go_bp	GOBP_POSITIVE_REGULATION_OF_PROTEIN_AUTOPHOSPHORYLATION	LOW_EVIDENCE	1.1780110986175891	0	-1.2637069237887326	0.450815552611139	-0.8888440456650598	0.8416973552058923		NONE
go_bp	GOBP_EOSINOPHIL_MIGRATION	not_tested_in_resistance		0	-1.2722814049599365	0.4544324085332155	-0.9102533788268466	0.8346221901308428		NONE
reactome	REACTOME_AZATHIOPRINE_ADME	MIXED	-0.9058037221005262	0	-1.0818207921926524	0.6474793837410152	-1.0492505178390257	0.6047625508819539		NONE
go_bp	GOBP_HOMOLOGOUS_CHROMOSOME_SEGREGATION	MIXED	-0.6885188137595836	0	0.8786546676698624	0.8610433732657797	0.7419499927900297	0.9509765625		NONE
go_bp	GOBP_ASPARTATE_FAMILY_AMINO_ACID_METABOLIC_PROCESS	LOW_EVIDENCE	1.119084395997337	0	1.2342976404058803	0.4432630922094753	1.033301460167212	0.7376371901073597		NONE
go_bp	GOBP_VITAMIN_BIOSYNTHETIC_PROCESS	MIXED	-0.226793227411971	0	1.2945771557380337	0.440860540168938	0.7228195804730521	0.9377880822387696		NONE
go_bp	GOBP_REGULATION_OF_LYMPHOCYTE_CHEMOTAXIS	LOW_EVIDENCE	1.210964410370488	0	-1.247017559868391	0.4734281437125748	-1.2648899832531908	0.5429105897273303		NONE
go_bp	GOBP_CELLULAR_RESPONSE_TO_FATTY_ACID	LOW_EVIDENCE	1.1294594344287046	0	1.081807370726663	0.6426849332502661	1.1111431658489712	0.6762771762813934		NONE
go_bp	GOBP_POSITIVE_REGULATION_OF_NATURAL_KILLER_CELL_MEDIATED_IMMUNITY	LOW_EVIDENCE	1.367195206983624	0	-0.5899590149618571	0.9894814845309896	-0.9565934004611334	0.7999358032505256		NONE
go_bp	GOBP_SYNAPTIC_VESICLE_TRANSPORT	LOW_EVIDENCE	0.9186932316187786	0	1.1367841935831298	0.5604982206405694	1.492440030555397	0.1875492394172877		NONE
go_bp	GOBP_POSITIVE_REGULATION_OF_CANONICAL_WNT_SIGNALING_PATHWAY	LOW_EVIDENCE	1.2358282118396633	0	0.8939347472114079	0.8799511316872428	-1.1226431094342657	0.6200343773873186	USP34	NONE
go_bp	GOBP_INTERMEMBRANE_LIPID_TRANSFER	LOW_EVIDENCE	0.9057684149686775	0	1.1727897805364105	0.5430711839530332	0.6108509728986413	0.9755947348892008		NONE
go_bp	GOBP_ANATOMICAL_STRUCTURE_ARRANGEMENT	LOW_EVIDENCE	1.137008936330498	0	-0.8841716596784863	0.8319966476478032	0.7937569973026704	0.8918785890073831		NONE
reactome	REACTOME_THROMBIN_SIGNALLING_THROUGH_PROTEINASE_ACTIVATED_RECEPTORS_PARS	MIXED	-1.1497651583632078	0	0.581721173348103	1.0	1.186213737708634	0.4626052989800548		NONE
go_bp	GOBP_AXONAL_TRANSPORT_OF_MITOCHONDRION	MIXED	-0.091407400721231	0	-0.9423515702835672	0.7627030132121781	0.5345471649043161	0.9890263642304062		NONE
go_bp	GOBP_REGULATION_OF_TOLL_LIKE_RECEPTOR_SIGNALING_PATHWAY	MIXED	-0.9258730781212026	0	0.7664591842528372	0.9302917694525884	0.9994238322558706	0.762091550077527		NONE
go_bp	GOBP_FORMATION_OF_EXTRACHROMOSOMAL_CIRCULAR_DNA	LOW_EVIDENCE	-0.6943051239771016	0			0.8060403236517608	0.8897131977083262		NONE
go_bp	GOBP_NEGATIVE_REGULATION_OF_NATURAL_KILLER_CELL_MEDIATED_IMMUNITY	not_tested_in_resistance		0	0.7695566995967579	0.912696228582368	-0.805158973736961	0.8961740248429173		NONE
go_bp	GOBP_DENDRITE_MORPHOGENESIS	MIXED	0.9112706433586236	0	0.921596806136818	0.845226844522564	1.2729251202180665	0.4322046531967123		NONE
reactome	REACTOME_G_ALPHA_12_13_SIGNALLING_EVENTS	LOW_EVIDENCE	-1.006738058612516	0	-1.2466222366640207	0.3228051391862955	1.0625076815504428	0.5963176889468677		NONE
go_bp	GOBP_REGULATION_OF_POSTSYNAPTIC_SPECIALIZATION_ASSEMBLY	not_tested_in_resistance		0			-1.07675399067837	0.6971981057616417		NONE
go_bp	GOBP_NEUROTRANSMITTER_TRANSPORT	LOW_EVIDENCE	1.2620801201479184	0	1.3881883385660228	0.1137661164385622	1.2251378594963651	0.4490010788496151		NONE
go_bp	GOBP_NEGATIVE_REGULATION_OF_UBIQUITIN_DEPENDENT_PROTEIN_CATABOLIC_PROCESS	MIXED	-0.7216574936072719	0	0.7009733721674146	0.9768158695439172	-1.1519897274213615	0.6322897444522337		NONE
go_bp	GOBP_VESICLE_MEDIATED_TRANSPORT_BETWEEN_ENDOSOMAL_COMPARTMENTS	MIXED	0.8077115890564556	0	1.343342148741092	0.322320366910141	-0.7839641557439019	0.9161207273462036		NONE
go_bp	GOBP_REGULATION_OF_MEMBRANE_PROTEIN_ECTODOMAIN_PROTEOLYSIS	LOW_EVIDENCE	0.9974504745039	0	-0.804544097626367	0.8897460659480522	1.348078128919354	0.4698906644238856		NONE
reactome	REACTOME_SUMOYLATION_OF_SUMOYLATION_PROTEINS	MIXED	-0.4088208465981029	0	-1.2716150724805804	0.3932530977648663	-1.1299460161133856	0.5052522113759741		NONE
go_bp	GOBP_RESPONSE_TO_SALT_STRESS	MIXED	-1.1619981428057025	0	-1.4458207995785988	0.3075274045261669	0.8192833934508948	0.8902810905031208		NONE
go_bp	GOBP_PROTEIN_AUTOPROCESSING	LOW_EVIDENCE	1.3101374387914508	0	0.7224532136662494	0.9485273864297156	1.46254382556149	0.3735226752175904		NONE
go_bp	GOBP_CELLULAR_RESPONSE_TO_VASCULAR_ENDOTHELIAL_GROWTH_FACTOR_STIMULUS	LOW_EVIDENCE	1.2924112443771754	0	0.9395882486812736	0.7993765638915985	0.8830599794489652	0.8596166371622299		NONE
go_bp	GOBP_LUNG_CELL_DIFFERENTIATION	MIXED	-0.7889164363681016	0	-1.0198946678547731	0.686653745246992	-1.496849600129733	0.315650719910931		NONE
go_bp	GOBP_CHLORIDE_TRANSPORT	MIXED	-1.093970956691688	0	-1.1114902107503264	0.544910428529864	1.0082757902386774	0.762091550077527		NONE
go_bp	GOBP_MAINTENANCE_OF_GASTROINTESTINAL_EPITHELIUM	LOW_EVIDENCE	-0.7677962290215559	0	-1.0947996214456284	0.644750254841998	-0.9954135474045528	0.7585852957864551		NONE
go_bp	GOBP_DNA_REPLICATION_CHECKPOINT_SIGNALING	LOW_EVIDENCE	-1.3927803130786622	0	-1.305179289461811	0.422979797979798	-1.1962369116766909	0.5886412185058135		NONE
go_bp	GOBP_ICOSANOID_BIOSYNTHETIC_PROCESS	MIXED	-0.8651938985988455	0	-1.0355446455816784	0.661875367430923	-0.9720886470540472	0.7900167237488688		NONE
go_bp	GOBP_INTESTINAL_ABSORPTION	LOW_EVIDENCE	-1.1681550192204604	0	1.4106330134770635	0.2894485604500517	-0.6610053295588177	0.9818341577714136		NONE
reactome	REACTOME_EVASION_BY_RSV_OF_HOST_INTERFERON_RESPONSES	LOW_EVIDENCE	-0.9157381429482068	0	1.066743339849187	0.6674402565983207	1.2385767651114117	0.4034801068600324		NONE
go_bp	GOBP_TUMOR_NECROSIS_FACTOR_MEDIATED_SIGNALING_PATHWAY	LOW_EVIDENCE	1.0183231913823994	0	-0.9665283376104872	0.7499642857142857	1.0763890049194789	0.6889640519967029		NONE
go_bp	GOBP_INTESTINAL_LIPID_ABSORPTION	not_tested_in_resistance		0			1.0316060534857494	0.762091550077527		NONE
go_bp	GOBP_PLASMA_LIPOPROTEIN_PARTICLE_CLEARANCE	MIXED	0.7786276894676266	0	1.3093882537492136	0.3937375498007968	1.4225608199353397	0.4397876559530695		NONE
go_bp	GOBP_PROTEIN_LOCALIZATION_TO_CHROMOSOME_CENTROMERIC_REGION	LOW_EVIDENCE	-1.450231456870344	0	-0.8677129994161964	0.8466167191322835	-0.905945667758828	0.8370970145546669		NONE
go_bp	GOBP_VOCALIZATION_BEHAVIOR	not_tested_in_resistance		0			0.7844639162684962	0.8974268388666286		NONE
reactome	REACTOME_FC_EPSILON_RECEPTOR_FCERI_SIGNALING	MIXED	-0.670695024111917	0	-0.8564769429429828	0.9378042843232718	-1.218245086792486	0.3161302982731554		NONE
reactome	REACTOME_PROTEIN_PROTEIN_INTERACTIONS_AT_SYNAPSES	MIXED	0.9250807846465386	0	-1.2096139165932134	0.4056823474615743	0.800058377288464	0.9096491413809896		NONE
go_bp	GOBP_PROSTANOID_BIOSYNTHETIC_PROCESS	MIXED	-1.0146911174356166	0	-1.0977883262162138	0.6270322785312079	1.0989962590573168	0.6855847204928992		NONE
go_bp	GOBP_PHOTORECEPTOR_CELL_MAINTENANCE	MIXED	-0.6640553650276093	0	0.9160628553452856	0.8151046913829001	0.9875296500159492	0.7773536104651886		NONE
reactome	REACTOME_RIPK1_MEDIATED_REGULATED_NECROSIS	MIXED	0.5676896359715183	0	-0.7461073026874185	0.95602795573675	0.9324820754046392	0.7246963562753037		NONE
go_bp	GOBP_CELLULAR_RESPONSE_TO_LEPTIN_STIMULUS	LOW_EVIDENCE	0.7928643899263906	0	-0.9152887764631268	0.7994785098532042	-0.9885767661988012	0.7603353445975607		NONE
go_bp	GOBP_SPERMATID_NUCLEUS_DIFFERENTIATION	LOW_EVIDENCE	1.2297756293369282	0	1.1464943937957943	0.6116381788719879	-0.8090814838758993	0.8936331576087261		NONE
reactome	REACTOME_SYNTHESIS_OF_LEUKOTRIENES_LT_AND_EOXINS_EX	LOW_EVIDENCE	1.0601560411698192	0	-1.1541602625003378	0.5913430460941773	-0.9604097995535984	0.7095740637881136		NONE
go_bp	GOBP_ENDOMEMBRANE_SYSTEM_ORGANIZATION	LOW_EVIDENCE	1.007585301093425	0						NONE
go_bp	GOBP_VIRAL_RNA_GENOME_REPLICATION	MIXED	1.21564470265507	0	1.4550723562062065	0.2950804376054552	-0.83132407176346	0.8897131977083262		NONE
go_bp	GOBP_EARLY_ENDOSOME_TO_GOLGI_TRANSPORT	MIXED	-0.7761916439329712	0	1.6699011523965686	0.0897028428320392	1.1828945326412843	0.6380242534336529		NONE
go_bp	GOBP_PRIMARY_MIRNA_PROCESSING	MIXED	1.0470152493383278	0	-1.168957349250538	0.5730220970230596	1.0074591861455435	0.7754820609144297		NONE
go_bp	GOBP_POSITIVE_REGULATION_OF_T_CELL_PROLIFERATION	MIXED	0.7451120799045704	0	1.0113800310810852	0.7108191433606404	0.877898032885633	0.8798672957124076		NONE
go_bp	GOBP_SERINE_FAMILY_AMINO_ACID_METABOLIC_PROCESS	LOW_EVIDENCE	-0.940665863268052	0	1.545914162412574	0.1294203101139116	1.178824310636949	0.612895563083533		NONE
go_bp	GOBP_NEGATIVE_REGULATION_OF_MUSCLE_CONTRACTION	LOW_EVIDENCE	1.348696987743946	0	-0.7406660062717161	0.9269531664837692	0.7524896850276941	0.9205260173219688		NONE
reactome	REACTOME_TRAF6_MEDIATED_INDUCTION_OF_TAK1_COMPLEX_WITHIN_TLR4_COMPLEX	not_tested_in_resistance		0	1.159848906644871	0.578650391524643	0.7572794147160523	0.8899893274859126		NONE
reactome	REACTOME_RNA_POLYMERASE_III_TRANSCRIPTION	MIXED	0.4076054362259748	0	-1.379589266793854	0.2570575975748389	-1.0761174447365327	0.5668716724802644		NONE
go_bp	GOBP_SINGLE_FERTILIZATION	MIXED	0.9139048349402064	0	0.85410444311007	0.9132559981756424	0.8033784207171659	0.9598499523253337		NONE
go_bp	GOBP_PHYSIOLOGICAL_CARDIAC_MUSCLE_HYPERTROPHY	MIXED	0.2261514152542117	0	-1.0851556837840115	0.654965310137724	1.2584517238430095	0.5453819806841401		NONE
reactome	REACTOME_SEMA4D_IN_SEMAPHORIN_SIGNALING	LOW_EVIDENCE	1.3337124804847733	0	-1.525782931567811	0.2399290237488845	-1.1048559054958074	0.5266128720898807		NONE
hallmark	HALLMARK_APICAL_SURFACE	LOW_EVIDENCE	-1.011087525381512	0	-1.2614667044892625	0.2172503242542153	0.7534146920975757	0.8650160571842951		NONE
go_bp	GOBP_RENAL_SYSTEM_PROCESS_INVOLVED_IN_REGULATION_OF_SYSTEMIC_ARTERIAL_BLOOD_PRESSURE	LOW_EVIDENCE	1.4806510533192383	0	-1.533160806438264	0.1737233559225479	1.0311343662189685	0.7384189129315403		NONE
reactome	REACTOME_TNFR1_INDUCED_PROAPOPTOTIC_SIGNALING	LOW_EVIDENCE	1.1108248003278318	0	1.162859629230376	0.5474956128012431	1.4613923218182714	0.242755429688279		NONE
go_bp	GOBP_NEGATIVE_REGULATION_OF_EXTRINSIC_APOPTOTIC_SIGNALING_PATHWAY	MIXED	1.0362856835164471	0	0.9295849084458554	0.8189690783326117	-1.2438325786187316	0.4698906644238856		NONE
go_bp	GOBP_RESPONSE_TO_ANGIOTENSIN	LOW_EVIDENCE	1.3112576733181378	0	-1.211602525286421	0.4534749700511852	0.8412131027557184	0.8798672957124076		NONE
go_bp	GOBP_POSITIVE_REGULATION_OF_KINASE_ACTIVITY	LOW_EVIDENCE	1.1660245448698046	0	-1.2117134321002256	0.2862291611109764	1.2375492690019765	0.3754653146690449		NONE
go_bp	GOBP_REGULATION_OF_PROGRAMMED_NECROTIC_CELL_DEATH	MIXED	0.8077715653841463	0	1.1187876578817548	0.6031509909876946	0.7550321894133133	0.9331436768297168		NONE
go_bp	GOBP_POSITIVE_REGULATION_OF_EXOSOMAL_SECRETION	not_tested_in_resistance		0			-0.9600707749055614	0.7923424518762693		NONE
reactome	REACTOME_TP53_REGULATES_TRANSCRIPTION_OF_CELL_DEATH_GENES	LOW_EVIDENCE	1.1188457381265513	0	1.0565251246627898	0.6674402565983207	-0.9770049545400136	0.6840094062316284		NONE
reactome	REACTOME_EICOSANOID_LIGAND_BINDING_RECEPTORS	not_tested_in_resistance		0			1.4224522187646975	0.2957846223021582		NONE
reactome	REACTOME_PINK1_PRKN_MEDIATED_MITOPHAGY	MIXED	1.145082641074012	0	1.6067667202173983	0.0878340752749776	1.205494850491169	0.4320255705909213		NONE
go_bp	GOBP_RESPONSE_TO_PROSTAGLANDIN_E	LOW_EVIDENCE	1.111945839413313	0	-1.1021814794110372	0.6307090243741827	1.3001949529508932	0.5183266398625134		NONE
go_bp	GOBP_POSITIVE_REGULATION_OF_MEMBRANE_PROTEIN_ECTODOMAIN_PROTEOLYSIS	not_tested_in_resistance		0	-0.6471469687847079	0.9746630985692412	0.9934975075701924	0.7774116125502095		NONE
go_bp	GOBP_PROTEIN_ACTIVATION_CASCADE	not_tested_in_resistance		0			0.8255118849337137	0.882049225159526		NONE
go_bp	GOBP_NEGATIVE_REGULATION_OF_ACTIN_FILAMENT_BUNDLE_ASSEMBLY	MIXED	-0.567969880539817	0	-0.7365384870511135	0.9328880724048206	-0.6829409669862021	0.9704327968682036		NONE
reactome	REACTOME_PHOSPHOLIPASE_C_MEDIATED_CASCADE_FGFR2	not_tested_in_resistance		0			1.0163681698812774	0.6459826575109018		NONE
go_bp	GOBP_REGULATION_OF_PROTEIN_EXPORT_FROM_NUCLEUS	MIXED	-0.8269760631197711	0	-0.7963103844698562	0.927792829149509	0.8362212285830287	0.8793781774719691		NONE
go_bp	GOBP_ANTIGEN_RECEPTOR_MEDIATED_SIGNALING_PATHWAY	LOW_EVIDENCE	0.9719951998636568	0	-0.8355511242259538	0.9585524381879348	1.3457185971173553	0.1828835080679578		NONE
reactome	REACTOME_DARPP_32_EVENTS	MIXED	-0.8735985991265612	0	-1.46765964657263	0.2389829272025988	-0.7830426941007185	0.8937101947840639		NONE
go_bp	GOBP_CELL_DIFFERENTIATION_IN_SPINAL_CORD	MIXED	1.2218322378882138	0	0.9212446781131336	0.802846667921886	1.4496622683978635	0.3727145294978059		NONE
go_bp	GOBP_SNRNA_TRANSCRIPTION	LOW_EVIDENCE	0.7758754467802328	0	-0.9065467646984856	0.7929941402950303	-0.5868898865392581	0.9834468425658732		NONE
go_bp	GOBP_ESTABLISHMENT_OF_ENDOTHELIAL_INTESTINAL_BARRIER	LOW_EVIDENCE	-1.224597859270223	0	0.8318846367446924	0.8698487219613981				NONE
go_bp	GOBP_PHOSPHATIDYLETHANOLAMINE_METABOLIC_PROCESS	LOW_EVIDENCE	-1.308457116791904	0	1.6161952778669324	0.1141033791110384	0.8814536634223237	0.8514771173527654		NONE
go_bp	GOBP_POSITIVE_REGULATION_OF_SODIUM_ION_TRANSMEMBRANE_TRANSPORT	not_tested_in_resistance		0	-0.9997896926987524	0.7208918166458718	1.4301498139737852	0.421238184278633		NONE
go_bp	GOBP_EXOCYTIC_PROCESS	MIXED	0.7021311505117702	0	-0.8760168276838686	0.8698487219613981	1.007514129917736	0.7469732720011202		NONE
go_bp	GOBP_POSTSYNAPTIC_MEMBRANE_ORGANIZATION	LOW_EVIDENCE	1.3784322749780085	0	1.0446841500685438	0.6707780979827089	1.0290161862331388	0.7386857944490137		NONE
go_bp	GOBP_MACROPHAGE_CYTOKINE_PRODUCTION	MIXED	-0.8108167620762519	0	-1.1905839116681127	0.4730643335230039	-1.004866634123764	0.7666009136212624		NONE
reactome	REACTOME_PLATELET_ADHESION_TO_EXPOSED_COLLAGEN	not_tested_in_resistance		0			-1.1331043247285288	0.5167132767692089		NONE
go_bp	GOBP_REGULATION_OF_SMAD_PROTEIN_SIGNAL_TRANSDUCTION	LOW_EVIDENCE	1.4204481325153926	0	0.8368868019109791	0.9097389857136196	0.936540925573156	0.8129032258064516		NONE
go_bp	GOBP_ESTABLISHMENT_OF_PLANAR_POLARITY_OF_EMBRYONIC_EPITHELIUM	not_tested_in_resistance		0	1.2401829040462056	0.4936769822224805	-0.956129950287865	0.7970220010263345		NONE
reactome	REACTOME_INCRETIN_SYNTHESIS_SECRETION_AND_INACTIVATION	LOW_EVIDENCE	1.138232610032209	0	1.4970870314637614	0.2491735537190082	0.7095504790672289	0.9234786661911304		NONE
go_bp	GOBP_AXONAL_TRANSPORT	MIXED	0.965861624354719	0	1.108243017583459	0.5474736600924488	0.9667835786142936	0.7870092913136189		NONE
go_bp	GOBP_ANOIKIS	MIXED	1.126715989334241	0	-1.1371689662633642	0.544910428529864	1.394074606955536	0.4494238156209987		NONE
go_bp	GOBP_TERPENOID_BIOSYNTHETIC_PROCESS	LOW_EVIDENCE	1.2757260075317869	0	1.5269959082497502	0.240291923732182	0.624991141339879	0.9653999386670564		NONE
go_bp	GOBP_RENAL_SODIUM_ION_TRANSPORT	not_tested_in_resistance		0			0.981261217283088	0.7840262777579214		NONE
go_bp	GOBP_NUCLEOSIDE_PHOSPHATE_CATABOLIC_PROCESS	MIXED	1.14474404084577	0	1.0614644318266848	0.6116381788719879	-0.9385933382681956	0.8475673036838756		NONE
go_bp	GOBP_RUFFLE_ORGANIZATION	LOW_EVIDENCE	-0.8491617064938609	0	1.047978598043232	0.6744307788000719	1.0033750480246209	0.762091550077527		NONE
reactome	REACTOME_ABC_TRANSPORTER_DISORDERS	LOW_EVIDENCE	-0.9880826169043648	0	1.173202835016069	0.4679769503890106	-1.5198431697495889	0.063259149420048		NONE
go_bp	GOBP_REGULATION_OF_RESPONSE_TO_FOOD	not_tested_in_resistance		0			-0.9155072191955014	0.8139418812584314		NONE
go_bp	GOBP_POSITIVE_REGULATION_OF_AMINE_TRANSPORT	MIXED	-1.1634095172030017	0	0.9696070315200443	0.7506232815293674	1.3342861570114135	0.5002283494086773		NONE
go_bp	GOBP_NEURAL_NUCLEUS_DEVELOPMENT	LOW_EVIDENCE	-0.9534702748056793	0	1.0096015506082905	0.7300529233870967	1.3311576526812503	0.475615517874954		NONE
go_bp	GOBP_RENAL_WATER_HOMEOSTASIS	LOW_EVIDENCE	1.322430236780047	0	0.9642650861113584	0.7681940700808625	0.7990054593956945	0.9011593637997092		NONE
go_bp	GOBP_MODULATION_BY_HOST_OF_SYMBIONT_PROCESS	LOW_EVIDENCE	0.8952637466799611	0	0.983173207746703	0.7494454695971993	-1.057440124098247	0.6966130605006319		NONE
go_bp	GOBP_CEREBRAL_CORTEX_NEURON_DIFFERENTIATION	LOW_EVIDENCE	1.329221608282208	0	-1.1519578228346876	0.6031509909876946	0.7364001212504485	0.9335647629986532		NONE
go_bp	GOBP_NUCLEOTIDE_TRANSPORT	MIXED	-0.7137803228002934	0	1.4963451693144798	0.1664243413352361	0.9561443707599856	0.7975719217491368		NONE
go_bp	GOBP_CYTOKINE_PRODUCTION_INVOLVED_IN_INFLAMMATORY_RESPONSE	LOW_EVIDENCE	1.156467921093861	0	-0.8276937443434639	0.908235162203904	-0.8905636794336992	0.8540363398812786		NONE
go_bp	GOBP_RESPONSE_TO_X_RAY	LOW_EVIDENCE	-0.7860257279233948	0	0.8834741654222824	0.8394927183283816	0.8813045573625374	0.8514771173527654		NONE
go_bp	GOBP_BONE_CELL_DEVELOPMENT	LOW_EVIDENCE	0.9591824142331408	0	-0.9383184485379544	0.7659382219241374	1.2128068380635646	0.6008843036109064		NONE
go_bp	GOBP_COLUMNAR_CUBOIDAL_EPITHELIAL_CELL_DEVELOPMENT	LOW_EVIDENCE	1.3003029987702337	0	-1.23387137874174	0.4230040430857155	-1.0341044192057909	0.7469732720011202		NONE
reactome	REACTOME_RND1_GTPASE_CYCLE	MIXED	1.281755575008318	0	-1.3042237984142526	0.3208637882781295	-0.7814965710835299	0.8991579558652728		NONE
go_bp	GOBP_NEGATIVE_REGULATION_OF_ERBB_SIGNALING_PATHWAY	LOW_EVIDENCE	1.3225266099344803	0	0.6218446026454326	0.9883821265427974	1.3461871705015276	0.4682636357900969		NONE
go_bp	GOBP_DENDRITIC_CELL_MIGRATION	LOW_EVIDENCE	1.5975053635411496	0	-0.78601236965436	0.905546360172748	-1.3978806887670328	0.4516200498476876		NONE
go_bp	GOBP_MICROTUBULE_ORGANIZING_CENTER_LOCALIZATION	MIXED	-0.6367761842296197	0	-1.01376359109177	0.6900000000000001	1.1882179999635003	0.6018219776048587		NONE
go_bp	GOBP_POSITIVE_REGULATION_OF_NERVOUS_SYSTEM_PROCESS	MIXED	1.081883415021501	0	-1.0543844655922263	0.6703372212872757	0.7684645726312207	0.9258585523728186		NONE
go_bp	GOBP_MICROVILLUS_ORGANIZATION	LOW_EVIDENCE	1.1504099485098591	0	-1.1727442440506075	0.5540343255946446	-1.2721442392740685	0.5171661264768926		NONE
reactome	REACTOME_SIGNALING_BY_INSULIN_RECEPTOR	MIXED	-1.0549489874229083	0	1.1510587676674937	0.5262937863052279	-0.9865596250885053	0.6858631722129624		NONE
go_bp	GOBP_CHROMOSOME_ORGANIZATION_INVOLVED_IN_MEIOTIC_CELL_CYCLE	MIXED	-0.6395287047213526	0	0.837933158452011	0.8933211411188469	-0.8337875673142879	0.8902810905031208		NONE
go_bp	GOBP_KERATINOCYTE_DIFFERENTIATION	MIXED	1.076536998212582	0	-1.4932250002275762	0.0570136636760785	1.2276782680992675	0.4556815829780187		NONE
go_bp	GOBP_ALCOHOL_CATABOLIC_PROCESS	MIXED	-0.9176229910780022	0	-1.127879188589588	0.6098574644159764	-0.8542289730080681	0.8863184684307337		NONE
go_bp	GOBP_HIGH_DENSITY_LIPOPROTEIN_PARTICLE_REMODELING	not_tested_in_resistance		0			-0.9721301498057384	0.7702182780438127		NONE
go_bp	GOBP_CYTOSKELETON_DEPENDENT_CYTOKINESIS	MIXED	-0.927436035148716	0	-0.9755888701703052	0.7441394426978579	-1.3404899898552562	0.2988567529368754		NONE
go_bp	GOBP_DNA_DAMAGE_RESPONSE_SIGNAL_TRANSDUCTION_RESULTING_IN_TRANSCRIPTION	LOW_EVIDENCE	0.8468159465950619	0	1.4711627617832714	0.2523937691303233	0.8816017760628528	0.8497207862536198		NONE
reactome	REACTOME_RAF_INDEPENDENT_MAPK1_3_ACTIVATION	MIXED	1.0243513467694707	0	0.9729965971667444	0.7754629629629629	0.8392335798023645	0.8219187564655255		NONE
go_bp	GOBP_MEMBRANE_REPOLARIZATION_DURING_VENTRICULAR_CARDIAC_MUSCLE_CELL_ACTION_POTENTIAL	not_tested_in_resistance		0			0.9619734811648069	0.7980870424746344		NONE
reactome	REACTOME_DOWNSTREAM_SIGNALING_OF_ACTIVATED_FGFR1	MIXED	0.8323747151650668	0	-1.2116679211524548	0.4820192048281857	-1.2314294456504398	0.4101896657211191		NONE
go_bp	GOBP_INTERFERON_ALPHA_PRODUCTION	MIXED	-1.1362996910211125	0	-1.3358964359208585	0.3958594110283945	-1.130341802761739	0.6498380998202421		NONE
reactome	REACTOME_DOWNSTREAM_SIGNALING_OF_ACTIVATED_FGFR4	LOW_EVIDENCE	-0.8940282369855623	0	-0.7487627304127924	0.9493874711770086	-1.343229615867429	0.3103003426728482		NONE
go_bp	GOBP_NITRIC_OXIDE_SYNTHASE_BIOSYNTHETIC_PROCESS	not_tested_in_resistance		0	-1.0384704407439995	0.680176913553354	-0.7815458382204667	0.8928390976617742		NONE
go_bp	GOBP_REGULATION_OF_PHAGOCYTOSIS	MIXED	1.16160464851087	0	-0.8945554269204982	0.8651215805471124	1.1297483317811028	0.645654748975174		NONE
go_bp	GOBP_RESPONSE_TO_AUDITORY_STIMULUS	LOW_EVIDENCE	1.0385946768727603	0	-0.8424049678097547	0.8616778269950106	0.9663260522904286	0.7860233955190277		NONE
hallmark	HALLMARK_BILE_ACID_METABOLISM	MIXED	-0.9464403095004086	0	1.0251696078257553	0.5201765447667087	-1.064471203234941	0.5087505087505088		NONE
reactome	REACTOME_SARS_COV_1_ACTIVATES_MODULATES_INNATE_IMMUNE_RESPONSES	MIXED	0.9957018962992636	0	-0.6697990445048746	0.9944142993935524	-1.16674693508173	0.4539069734311561		NONE
reactome	REACTOME_SHC_MEDIATED_CASCADE_FGFR4	not_tested_in_resistance		0			0.5893382426734239	0.9813905940871016		NONE
go_bp	GOBP_POSITIVE_REGULATION_OF_SIGNALING_RECEPTOR_ACTIVITY	LOW_EVIDENCE	-0.928068344121042	0	-1.0859432722870963	0.6565455047280756	1.5836494976328532	0.2494428825392428		NONE
go_bp	GOBP_RNA_METHYLATION	LOW_EVIDENCE	-0.8038621807047012	0	-1.5006186513038478	0.1304478325210802	-0.9122435210994458	0.833506024040405		NONE
reactome	REACTOME_GLUCAGON_LIKE_PEPTIDE_1_GLP1_REGULATES_INSULIN_SECRETION	LOW_EVIDENCE	1.0504144954047558	0	-1.3234285555331602	0.3118105350248207	1.3096019554057836	0.3190069628647214		NONE
reactome	REACTOME_CLASS_I_MHC_MEDIATED_ANTIGEN_PROCESSING_PRESENTATION	MIXED	1.0215171667763867	0	1.1797760604387253	0.270494917830341	1.13798025695645	0.3742456640532193		NONE
go_bp	GOBP_NEGATIVE_REGULATION_OF_OSTEOCLAST_DIFFERENTIATION	LOW_EVIDENCE	1.2544824444018652	0	-0.913308779532423	0.8025598936566601	1.497896666317338	0.3543491864831039		NONE
go_bp	GOBP_DOPAMINE_SECRETION	not_tested_in_resistance		0	-0.9536827015393792	0.762302305640244	-0.6073757321193095	0.9899861488739548		NONE
go_bp	GOBP_POSITIVE_REGULATION_OF_CELLULAR_EXTRAVASATION	LOW_EVIDENCE	0.95759254734151	0	-0.6067705308990173	0.986574564091137	0.5981975335320443	0.973189944344636		NONE
go_bp	GOBP_REGULATION_OF_MITOTIC_CELL_CYCLE_PHASE_TRANSITION	MIXED	-1.2135597695607412	0	-0.8728442453626971	0.9556601580660158	1.221634304876782	0.4219067509595846		NONE
reactome	REACTOME_VIRAL_MESSENGER_RNA_SYNTHESIS	MIXED	0.4047273438854896	0	-1.4061407823958512	0.2661553648759677	-1.3676680393305871	0.3000126494212889		NONE
go_bp	GOBP_POSITIVE_REGULATION_OF_VIRAL_LIFE_CYCLE	MIXED	1.0375302047187989	0	0.8045085510101582	0.8891488656278121	-1.629161362693048	0.2149167814568475		NONE
go_bp	GOBP_NEGATIVE_REGULATION_OF_CELL_DIVISION	not_tested_in_resistance		0			0.8051427809279997	0.8902810905031208		NONE
go_bp	GOBP_CELLULAR_RESPONSE_TO_REACTIVE_OXYGEN_SPECIES	MIXED	1.0840302409623526	0	0.9744924128936924	0.7627030132121781	-1.1519917057191589	0.559294668861593		NONE
go_bp	GOBP_G_PROTEIN_COUPLED_RECEPTOR_SIGNALING_PATHWAY_COUPLED_TO_CYCLIC_NUCLEOTIDE_SECOND_MESSENGER	MIXED	-0.0187710502111296	0	-0.4256194079317397	0.9993442725328254	1.2126237157801885	0.5727256176502319		NONE
go_bp	GOBP_PROTEIN_ACETYLATION	MIXED	1.050835596584624	0	0.7794802436731887	0.9328880724048206	-1.0877849115045768	0.6958762886597937		NONE
go_bp	GOBP_GLYCEROLIPID_METABOLIC_PROCESS	MIXED	0.9546250797995512	0	1.180854220971317	0.3470824949698188	1.0929722340944972	0.5999411389611027		NONE
go_bp	GOBP_REGULATION_OF_LONG_TERM_NEURONAL_SYNAPTIC_PLASTICITY	MIXED	-0.7533375066071794	0	-0.7827682756819511	0.8919569481140486	1.6692966742844806	0.1004680610640681		NONE
reactome	REACTOME_HCMV_EARLY_EVENTS	LOW_EVIDENCE	-0.7948371748480689	0	-1.1772623122339676	0.4452585839652381	-1.2042963006096417	0.3893561484918793		NONE
reactome	REACTOME_ANTIGEN_ACTIVATES_B_CELL_RECEPTOR_BCR_LEADING_TO_GENERATION_OF_SECOND_MESSENGERS	MIXED	-0.9907776829081972	0	-0.886509497755955	0.8437037037037037	0.8436150158340184	0.8159937643687212		NONE
go_bp	GOBP_METANEPHRIC_NEPHRON_MORPHOGENESIS	LOW_EVIDENCE	1.4555441144521613	0	-0.9112856428896936	0.7893716993195015	-1.3023036017507	0.5139259175222645		NONE
go_bp	GOBP_NEPHRIC_DUCT_DEVELOPMENT	not_tested_in_resistance		0			-1.15021739818156	0.6683216594752738		NONE
go_bp	GOBP_NEUTROPHIL_HOMEOSTASIS	LOW_EVIDENCE	-0.718830170621403	0	-0.7445299108231668	0.9132559981756424	0.7498757865923482	0.9289988970295284		NONE
go_bp	GOBP_RESPONSE_TO_DSRNA	LOW_EVIDENCE	-0.9399356528443448	0	0.8239676263432495	0.8926665098521722	-0.8271741748915543	0.8951721310896098		NONE
go_bp	GOBP_STRIATED_MUSCLE_ADAPTATION	LOW_EVIDENCE	1.0286961517150417	0	-1.013561980418088	0.6900000000000001	0.888414355716677	0.8483996700684123		NONE
reactome	REACTOME_PI3K_AKT_SIGNALING_IN_CANCER	MIXED	-0.990801431271712	0	-1.1224930477940025	0.5250783699059561	0.930931392151604	0.7642374423542038		NONE
go_bp	GOBP_NEGATIVE_REGULATION_OF_NON_CANONICAL_NF_KAPPAB_SIGNAL_TRANSDUCTION	LOW_EVIDENCE	1.1835902857619225	0	0.9499598208733252	0.7744528178092381	-0.8899222292802151	0.8444161021150033		NONE
reactome	REACTOME_SIGNALING_BY_NODAL	LOW_EVIDENCE	1.4598636224151484	0			-1.0985995395968715	0.5729967550501359		NONE
go_bp	GOBP_POSITIVE_REGULATION_OF_MACROPHAGE_ACTIVATION	LOW_EVIDENCE	0.6988550495303134	0	-1.3557650991790742	0.4010000471720364	-0.7574581436876067	0.9230511847834798		NONE
go_bp	GOBP_MANNOSYLATION	LOW_EVIDENCE	0.9302235970662064	0	-0.6229269396347035	0.9873475733743768	0.5379082136680393	0.9898538779128548		NONE
go_bp	GOBP_PHOSPHATIDYLINOSITOL_BIOSYNTHETIC_PROCESS	MIXED	0.9913698696947628	0	1.011599737391003	0.7126306287060996	1.1941102504370182	0.5160256456885477		NONE
go_bp	GOBP_REGULATION_OF_SYSTEMIC_ARTERIAL_BLOOD_PRESSURE_BY_RENIN_ANGIOTENSIN	LOW_EVIDENCE	1.5264746303062684	0	-0.8189667699760966	0.8792902941215786	-0.9922207244308014	0.762091550077527		NONE
reactome	REACTOME_SIGNALING_BY_TGFBR3	LOW_EVIDENCE	1.209654624303982	0	-1.0953077752583564	0.5946092145410903	-0.9203788883001374	0.75301247771836		NONE
go_bp	GOBP_MULTICELLULAR_ORGANISMAL_MOVEMENT	MIXED	0.8829698968072258	0	0.980969277193771	0.7523790642347343	-0.8355119616660738	0.8902810905031208		NONE
reactome	REACTOME_BETA_CATENIN_INDEPENDENT_WNT_SIGNALING	MIXED	0.821592138026021	0	-0.8278238015936684	0.9710695628611578	-1.4054543211518151	0.0893780215924504		NONE
go_bp	GOBP_GAMMA_AMINOBUTYRIC_ACID_TRANSPORT	not_tested_in_resistance		0			1.6904072593736024	0.1543936656874257		NONE
reactome	REACTOME_DIGESTION_AND_ABSORPTION	not_tested_in_resistance		0			-0.7032399965121237	0.9437117204899778		NONE
go_bp	GOBP_GLYCOSYLCERAMIDE_METABOLIC_PROCESS	LOW_EVIDENCE	0.8148804519051236	0			-0.7820692380372891	0.9000917057265132		NONE
go_bp	GOBP_NUCLEUS_LOCALIZATION	MIXED	0.7319500310525907	0	-1.067233924982406	0.6515234813812156	-1.2428271015575303	0.5603783882117519		NONE
go_bp	GOBP_REGULATION_OF_ENDOCRINE_PROCESS	LOW_EVIDENCE	1.4298545330111554	0	-1.0818575366827878	0.626133634784386	-1.3631687307530316	0.446370570417138		NONE
reactome	REACTOME_CD28_CO_STIMULATION	LOW_EVIDENCE	0.9759464238537972	0	0.6983737906599906	0.983440726807012	-1.1588849428345092	0.4666090469169582		NONE
go_bp	GOBP_EMBRYONIC_FORELIMB_MORPHOGENESIS	LOW_EVIDENCE	1.23452288815856	0	-1.2014785921529434	0.5050303417438519	1.070133009426118	0.6966130605006319		NONE
go_bp	GOBP_AMYLOID_FIBRIL_FORMATION	MIXED	-0.750490048082748	0	1.3848638727290934	0.3118106354478411	0.8264160237894705	0.8863184684307337		NONE
reactome	REACTOME_GLUCONEOGENESIS	MIXED	-1.0978799650023867	0	0.7524156144440859	0.9376515184907656	-0.9522569972503208	0.7108133618547086		NONE
go_bp	GOBP_BONE_MATURATION	LOW_EVIDENCE	1.0278841326071406	0	1.1906658741691984	0.5400419287211741	1.277806395000681	0.5216764941870354		NONE
reactome	REACTOME_COMMON_PATHWAY_OF_FIBRIN_CLOT_FORMATION	not_tested_in_resistance		0			1.2734910878129764	0.4031092223311903		NONE
reactome	REACTOME_DIFFERENTIATION_OF_KERATINOCYTES_IN_INTERFOLLICULAR_EPIDERMIS_IN_MAMMALIAN_SKIN	LOW_EVIDENCE	-1.1460206577379688	0	-1.4005603170110337	0.2618323925314806	1.105462272735667	0.5460659852752189		NONE
go_bp	GOBP_REGULATION_OF_GRANULOCYTE_CHEMOTAXIS	MIXED	-0.9179585663350852	0	-1.0355059532462347	0.6703372212872757	0.8789243785059176	0.8514771173527654		NONE
go_bp	GOBP_POSITIVE_REGULATION_OF_UBIQUITIN_DEPENDENT_PROTEIN_CATABOLIC_PROCESS	LOW_EVIDENCE	1.0802530474403402	0	1.3847880821173877	0.2672285617861114	-0.897965964178343	0.8685713988791923		NONE
go_bp	GOBP_CATECHOLAMINE_SECRETION	MIXED	0.1894996593877398	0	-1.15769857025852	0.544910428529864	0.8059944175086171	0.9018944817105844		NONE
go_bp	GOBP_REGULATION_OF_SISTER_CHROMATID_COHESION	MIXED	0.2459283228207812	0	0.7483497703506216	0.920039733955256				NONE
reactome	REACTOME_PROSTACYCLIN_SIGNALLING_THROUGH_PROSTACYCLIN_RECEPTOR	not_tested_in_resistance		0	0.8039644408958893	0.903693288430328	0.974507918057076	0.6856792204894255		NONE
go_bp	GOBP_POSITIVE_REGULATION_OF_IMMUNOGLOBULIN_PRODUCTION	MIXED	0.928785370016846	0	0.7372218915187017	0.9664879576344826	0.9281788879692616	0.8285268859230611		NONE
reactome	REACTOME_MRNA_CAPPING	MIXED	-0.5705568290012161	0	-1.3581893816218618	0.2817685837690384	-1.693239164457634	0.0899789131901446		NONE
go_bp	GOBP_REGULATION_OF_PHOSPHOLIPID_TRANSPORT	not_tested_in_resistance		0			-1.0402967444687634	0.7446103335915317		NONE
go_bp	GOBP_LEUKOCYTE_APOPTOTIC_PROCESS	MIXED	1.0803399839034955	0	-1.0019831919175604	0.7099621822072794	1.2030381053685315	0.5206724576411137		NONE
go_bp	GOBP_POSITIVE_REGULATION_OF_PHAGOCYTOSIS	MIXED	1.0239829902252204	0	0.747015328172945	0.954415619829787	0.8358312809819096	0.8902810905031208		NONE
go_bp	GOBP_TYPE_II_INTERFERON_MEDIATED_SIGNALING_PATHWAY	MIXED	1.129353826546341	0	-0.6562465790028906	0.9722292340925128	-0.779821458251473	0.9191867710234912		NONE
go_bp	GOBP_POSITIVE_REGULATION_OF_AUTOPHAGOSOME_ASSEMBLY	MIXED	1.2238397058033874	0	1.5979972166143297	0.1598552909904546	0.7810453852369819	0.9018944817105844		NONE
go_bp	GOBP_POSITIVE_REGULATION_OF_STRIATED_MUSCLE_CELL_DIFFERENTIATION	MIXED	1.335476526167554	0	-0.8826180060921326	0.845226844522564	0.7824126796272334	0.909671061312456		NONE
go_bp	GOBP_RETINA_MORPHOGENESIS_IN_CAMERA_TYPE_EYE	MIXED	0.9037206533444212	0	-0.7429456335123769	0.9623454477332334	1.1884090684786517	0.5883187628518861		NONE
go_bp	GOBP_SYNAPTIC_VESICLE_EXOCYTOSIS	LOW_EVIDENCE	0.9710754807765228	0	1.0148361013648517	0.7099621822072794	0.8249736291187184	0.905178806855636		NONE
go_bp	GOBP_POLYOL_METABOLIC_PROCESS	MIXED	-1.24248138447567	0	-1.079245451207285	0.6098574644159764	-1.0162588973054627	0.7342638451148132		NONE
go_bp	GOBP_GLUTAMINE_FAMILY_AMINO_ACID_METABOLIC_PROCESS	MIXED	0.6600849302156513	0	1.2552090358227004	0.3874716815386749	-0.9512091322963	0.8039741996749113		NONE
go_bp	GOBP_MACROPHAGE_CHEMOTAXIS	MIXED	1.0300637700550912	0	-0.999405497343204	0.7139042787530872	0.8084530260159265	0.8924753202366997		NONE
reactome	REACTOME_NOREPINEPHRINE_NEUROTRANSMITTER_RELEASE_CYCLE	LOW_EVIDENCE	-1.0518977777805762	0	1.120566356615183	0.6135136871867369	0.6896116732354137	0.931152709359606		NONE
go_bp	GOBP_NEGATIVE_REGULATION_OF_RHO_PROTEIN_SIGNAL_TRANSDUCTION	MIXED	-0.8607574022775066	0	0.8971537318327681	0.812468441212449	0.7172343052574746	0.9368798575262418		NONE
go_bp	GOBP_BLASTODERM_SEGMENTATION	MIXED	1.0506971013675144	0	-1.366214237298945	0.3907871115152362	1.5498165057686135	0.2049128568941632		NONE
go_bp	GOBP_GLYCEROL_ETHER_METABOLIC_PROCESS	MIXED	-0.2503949279422645	0	0.8673113702764534	0.8394927183283816	-1.642635493204274	0.2094564663022259		NONE
go_bp	GOBP_REGULATION_OF_INSULIN_SECRETION	MIXED	0.9545362020510832	0	-1.1834549340053986	0.4169138487904554	0.8191101882112255	0.9490276971205852		NONE
reactome	REACTOME_NUCLEAR_PORE_COMPLEX_NPC_DISASSEMBLY	MIXED	-0.7501636090978042	0	-1.347879982125686	0.2971592998853335	-1.059090234002421	0.5765805595907283		NONE
go_bp	GOBP_MEIOTIC_CHROMOSOME_SEGREGATION	MIXED	-1.288629825454404	0	0.7935925193337058	0.9508754226777354	1.0652278909684645	0.6952239617658852		NONE
go_bp	GOBP_NEGATIVE_REGULATION_OF_FATTY_ACID_BIOSYNTHETIC_PROCESS	MIXED	-0.0195844820765492	0	1.5088712651960627	0.2707858867407945	-1.1943380109518038	0.6093863472789276		NONE
go_bp	GOBP_MULTICELLULAR_ORGANISMAL_LEVEL_WATER_HOMEOSTASIS	MIXED	0.888744226170331	0	-1.336314625095932	0.4066797642436149	-0.7670216112831156	0.935012775061226		NONE
go_bp	GOBP_SYNAPTIC_TRANSMISSION_DOPAMINERGIC	LOW_EVIDENCE	1.5436542977619814	0	-0.7416750860877499	0.9150356685567952	1.0684633566961343	0.6966130605006319		NONE
go_bp	GOBP_POSITIVE_REGULATION_OF_NUCLEOTIDE_CATABOLIC_PROCESS	LOW_EVIDENCE	1.320924712528418	0	1.33963841429512	0.4088558500323206	-0.7979434439104152	0.898347410943812		NONE
reactome	REACTOME_CELL_DEATH_SIGNALLING_VIA_NRAGE_NRIF_AND_NADE	MIXED	-0.7398450647837005	0	-0.9584689747478552	0.8101781433664716	1.2503332407476009	0.3611276612061185		NONE
go_bp	GOBP_POSITIVE_REGULATION_OF_ERYTHROCYTE_DIFFERENTIATION	MIXED	-0.9502838074091654	0	1.2736961272342158	0.4313270226826219	-1.5717380359440605	0.158776079373166		NONE
go_bp	GOBP_PORPHYRIN_CONTAINING_COMPOUND_METABOLIC_PROCESS	LOW_EVIDENCE	-0.9114118084806736	0	1.033084326808552	0.6940183232129541	-1.075977720687979	0.7037131998069498		NONE
go_bp	GOBP_POSITIVE_REGULATION_OF_RESPONSE_TO_BIOTIC_STIMULUS	MIXED	1.0273671977607444	0	-1.057274360595655	0.5749925711554115	-1.110031266969496	0.5446355969611784		NONE
go_bp	GOBP_REGULATION_OF_FATTY_ACID_BIOSYNTHETIC_PROCESS	MIXED	1.145766698884512	0	1.640661964473082	0.0727005223888729	0.91538492613927	0.8346567229655626		NONE
go_bp	GOBP_PROTEIN_KINASE_A_SIGNALING	MIXED	0.9157505875566704	0	-1.3059507275044104	0.3879170684667309	1.3288655583960574	0.5042962694197974		NONE
go_bp	GOBP_NEGATIVE_REGULATION_OF_TUMOR_NECROSIS_FACTOR_MEDIATED_SIGNALING_PATHWAY	MIXED	-0.7920131614457661	0	-1.0510306994980123	0.6737040971636314	-0.8247351271166767	0.8902810905031208		NONE
go_bp	GOBP_REGULATION_OF_B_CELL_PROLIFERATION	MIXED	1.19861433896957	0	-0.9586400556428254	0.7720358105207936	1.372564236422871	0.403020484375858		NONE
go_bp	GOBP_POSITIVE_REGULATION_OF_TELOMERE_MAINTENANCE_VIA_TELOMERE_LENGTHENING	LOW_EVIDENCE	-1.2076359033361237	0	-1.0984904592513152	0.5879935733989916	-1.459048989740528	0.3188847965655225		NONE
reactome	REACTOME_PHASE_4_RESTING_MEMBRANE_POTENTIAL	not_tested_in_resistance		0			1.2942923216621751	0.3937079873467773		NONE
go_bp	GOBP_POSITIVE_REGULATION_OF_TRANSMEMBRANE_TRANSPORT	MIXED	1.089424891315073	0	-1.3397146279333405	0.1348923329840096	1.1968195995645612	0.4951821862348178		NONE
go_bp	GOBP_NEGATIVE_REGULATION_OF_TELOMERE_MAINTENANCE_VIA_TELOMERASE	MIXED	-0.704305980337727	0	-0.8883250327660772	0.8099222177039083	-0.6745260690783486	0.9550628486534511		NONE
go_bp	GOBP_INNATE_IMMUNE_RESPONSE_ACTIVATING_CELL_SURFACE_RECEPTOR_SIGNALING_PATHWAY	MIXED	1.1089269396045092	0	-1.1799722785518112	0.4572411577284532	0.8327482155183422	0.9018944817105844		NONE
reactome	REACTOME_SIGNALING_BY_HIPPO	MIXED	0.8025781462593515	0	1.0703909591720222	0.6674402565983207	0.9123158664059142	0.7369894598155468		NONE
go_bp	GOBP_ACTIVATION_OF_PHOSPHOLIPASE_C_ACTIVITY	not_tested_in_resistance		0	1.235405798074832	0.5103227337446606	1.0593953472458628	0.7126095966339976		NONE
go_bp	GOBP_GANGLION_DEVELOPMENT	not_tested_in_resistance		0			-0.7526925000171991	0.9268226751154236		NONE
reactome	REACTOME_SIGNALING_BY_FLT3_ITD_AND_TKD_MUTANTS	LOW_EVIDENCE	0.8445807799005628	0	-1.1139078592339493	0.6251279467111789	-1.579930029884454	0.2013875733148149		NONE
reactome	REACTOME_SYNTHESIS_OF_PIPS_AT_THE_EARLY_ENDOSOME_MEMBRANE	MIXED	0.7048291563774506	0	-0.9428672161054188	0.8101781433664716	-0.8846561108478309	0.7583790083790084		NONE
go_bp	GOBP_NEGATIVE_REGULATION_OF_DNA_BIOSYNTHETIC_PROCESS	LOW_EVIDENCE	-1.037229266989068	0	-1.031470364138654	0.6691045018690069	-0.8499380021597046	0.8784617602213731		NONE
go_bp	GOBP_POSITIVE_REGULATION_OF_TRANSCRIPTION_BY_RNA_POLYMERASE_III	LOW_EVIDENCE	0.703095131810094	0	-0.6994439880532402	0.9485273864297156	-0.8627819870189624	0.8475673036838756		NONE
go_bp	GOBP_NEGATIVE_REGULATION_OF_BLOOD_VESSEL_ENDOTHELIAL_CELL_MIGRATION	LOW_EVIDENCE	1.2188533294449064	0	0.9364861617067736	0.7837024128148615	1.1738118498928756	0.626617297750454		NONE
go_bp	GOBP_PEPTIDE_BIOSYNTHETIC_PROCESS	LOW_EVIDENCE	0.8314701154147872	0	1.4352710561592943	0.2818317343660608	-1.0350928289281134	0.7188754926288132		NONE
go_bp	GOBP_NEGATIVE_REGULATION_OF_NUCLEOTIDE_METABOLIC_PROCESS	LOW_EVIDENCE	-0.9225842482631362	0	1.448531002023404	0.2588799041575311	1.2520657811694609	0.5671303493985762		NONE
reactome	REACTOME_SYNTHESIS_OF_BILE_ACIDS_AND_BILE_SALTS	MIXED	1.1943729829481775	0	-1.0553109338335331	0.6674402565983207	1.158206971778887	0.5026751709264442		NONE
go_bp	GOBP_NATURAL_KILLER_CELL_MEDIATED_IMMUNITY	MIXED	0.9838404115183208	0	1.3554463091094495	0.2862291611109764	-0.8169284560945488	0.9331436768297168		NONE
go_bp	GOBP_CELLULAR_RESPONSE_TO_LIPOPROTEIN_PARTICLE_STIMULUS	LOW_EVIDENCE	1.2393095057930137	0	1.0774865887065672	0.6428895075435961	1.004564815419876	0.7518309067598657		NONE
go_bp	GOBP_SERINE_FAMILY_AMINO_ACID_BIOSYNTHETIC_PROCESS	LOW_EVIDENCE	-1.139995616010558	0			0.6934531828716926	0.9380241186369438		NONE
go_bp	GOBP_REGULATION_OF_CYCLASE_ACTIVITY	MIXED	1.156875653411629	0	-1.067530757305544	0.6450612069362741	1.3531686090695267	0.4682636357900969		NONE
go_bp	GOBP_POSTSYNAPTIC_CYTOSKELETON_ORGANIZATION	not_tested_in_resistance		0	-1.7448391136887835	0.0544725014909479	-1.4098520243186925	0.4490010788496151		NONE
go_bp	GOBP_CELL_JUNCTION_DISASSEMBLY	LOW_EVIDENCE	1.366055222844908	0	-1.1120513356233956	0.6098574644159764	0.8451996700975517	0.8777134120975122		NONE
go_bp	GOBP_GLIAL_CELL_APOPTOTIC_PROCESS	LOW_EVIDENCE	1.0902677410401505	0	-0.5910024027568039	0.9856726826465116	0.8922398121906945	0.8370970145546669		NONE
reactome	REACTOME_MITOPHAGY	MIXED	1.2544281931223495	0	1.4221762957087658	0.2125486743484296	1.414464139087999	0.2578543010015091		NONE
reactome	REACTOME_TNFR2_NON_CANONICAL_NF_KB_PATHWAY	MIXED	0.981101968235142	0	-0.6950046251217645	1.0	-1.2021854275336052	0.3602977479017128		NONE
go_bp	GOBP_NEUROBLAST_DIVISION	not_tested_in_resistance		0			1.3308003500308547	0.505021066630423		NONE
go_bp	GOBP_NEGATIVE_REGULATION_OF_MYELOID_CELL_APOPTOTIC_PROCESS	not_tested_in_resistance		0	1.365336050607734	0.3928867221322892	-1.138094868749193	0.671601158692069		NONE
go_bp	GOBP_REGULATION_OF_T_CELL_ACTIVATION	LOW_EVIDENCE	1.0072173684534993	0	-1.0412034148760283	0.6515597482854232	1.158939723392871	0.4794329804605964		NONE
go_bp	GOBP_BASE_CONVERSION_OR_SUBSTITUTION_EDITING	not_tested_in_resistance		0			-1.0308266515734048	0.7376371901073597		NONE
go_bp	GOBP_POSITIVE_REGULATION_OF_GRANULOCYTE_CHEMOTAXIS	MIXED	1.115558221816976	0	-1.1263367066379966	0.5811571675302245	0.7094303823806384	0.948147409862208		NONE
go_bp	GOBP_RESPONSE_TO_ETHANOL	MIXED	-0.8747139175792313	0	-1.1132123569379213	0.5604982206405694	1.101168849363331	0.6553406889143637		NONE
go_bp	GOBP_IMMUNE_RESPONSE_REGULATING_SIGNALING_PATHWAY	MIXED	-1.077266139152636	0	-1.095607199838785	0.4707672929568594				NONE
go_bp	GOBP_REGULATION_OF_COLLAGEN_METABOLIC_PROCESS	LOW_EVIDENCE	1.3178646182249532	0	-0.8723315721100997	0.8576734306937227	0.8908842840418472	0.8463220312595189		NONE
go_bp	GOBP_SYNAPTIC_VESICLE_MATURATION	MIXED	0.8755546325924655	0	1.16879606240374	0.5559342537866213	-0.8234670992451195	0.8902810905031208		NONE
go_bp	GOBP_NEGATIVE_REGULATION_OF_LEUKOCYTE_CHEMOTAXIS	LOW_EVIDENCE	-1.183388024579514	0	-0.7407236649543432	0.9187674082431336	1.0152672268477207	0.7712810061205243		NONE
go_bp	GOBP_REGULATION_OF_INTRACELLULAR_TRANSPORT	LOW_EVIDENCE	0.9557056141986552	0	1.364889770904157	0.0781108220333084	1.3507188051469272	0.170051622773768		NONE
reactome	REACTOME_PKA_MEDIATED_PHOSPHORYLATION_OF_CREB	MIXED	0.7357677111747323	0	-1.5584949147207576	0.1364317603858041	-1.221860655189615	0.4250244283760015		NONE
go_bp	GOBP_REGULATION_OF_FATTY_ACID_BETA_OXIDATION	LOW_EVIDENCE	-1.0711129555990224	0	-1.2549386448949884	0.4745557174389084	0.782503164975617	0.9008738156617228		NONE
go_bp	GOBP_POSITIVE_REGULATION_OF_DNA_BINDING	MIXED	-0.7275254587555121	0	0.7868550902159659	0.9192041522491348	-0.7053617300557056	0.9634881247784476		NONE
go_bp	GOBP_ERYTHROCYTE_DEVELOPMENT	MIXED	0.9539521875217816	0	0.6917502317410523	0.9742002147291264	-1.1069443884961108	0.6823714033125146	CITED2	NONE
go_bp	GOBP_MEMBRANE_BIOGENESIS	MIXED	-0.9481635331824878	0	1.0930208468631524	0.6056528701854024	1.1556893039276646	0.6231690304580331		NONE
go_bp	GOBP_NAD_CATABOLIC_PROCESS	MIXED	-0.7325495104920026	0	-0.884869590532242	0.8135833038556773	-1.2961857232291885	0.5172992870705406		NONE
go_bp	GOBP_REGULATION_OF_MICROTUBULE_BASED_MOVEMENT	MIXED	0.8387705168417232	0	-1.0420661201835264	0.6691045018690069	1.2402755077964538	0.5535284743726532		NONE
reactome	REACTOME_TRANSCRIPTIONAL_REGULATION_BY_THE_AP_2_TFAP2_FAMILY_OF_TRANSCRIPTION_FACTORS	LOW_EVIDENCE	0.9599593363824194	0	-1.16503545081385	0.5502737680438029	-1.2190297755345714	0.4087590458322165	CITED2	NONE
go_bp	GOBP_NEGATIVE_REGULATION_OF_PROTEIN_TYROSINE_KINASE_ACTIVITY	LOW_EVIDENCE	1.121196716819017	0	-1.0912818828186168	0.6479892860669498	1.228038033988485	0.5825097574574853		NONE
go_bp	GOBP_NEGATIVE_REGULATION_OF_LYASE_ACTIVITY	not_tested_in_resistance		0			1.1377161571468126	0.6806695482292778		NONE
reactome	REACTOME_INOSITOL_PHOSPHATE_METABOLISM	LOW_EVIDENCE	-1.1266169441943794	0	-1.3367909886095268	0.2748046875	1.397998433018546	0.2448096992397826		NONE
go_bp	GOBP_POSITIVE_REGULATION_OF_REGULATORY_T_CELL_DIFFERENTIATION	LOW_EVIDENCE	1.6591178155041053	0	0.9968374495363056	0.7407256420709335	0.8813335668199427	0.8514771173527654		NONE
go_bp	GOBP_ESTABLISHMENT_OF_PROTEIN_LOCALIZATION_TO_PEROXISOME	MIXED	0.7890155018563835	0	-0.8582973942490253	0.8567207020074789	-0.6722829336672482	0.9536047544990002		NONE
go_bp	GOBP_LIPID_DIGESTION	not_tested_in_resistance		0			1.0177821039189865	0.7756025944127763		NONE
go_bp	GOBP_NEGATIVE_REGULATION_OF_PLASMA_MEMBRANE_BOUNDED_CELL_PROJECTION_ASSEMBLY	LOW_EVIDENCE	0.9473243853119752	0	0.9253489354732504	0.7956191165821869	1.206783859822779	0.5932142857142857		NONE
reactome	REACTOME_MITOCHONDRIAL_BIOGENESIS	LOW_EVIDENCE	0.693092390303082	0	0.8106880187946253	0.95602795573675	0.7527713669300243	0.9440972280029968		NONE
reactome	REACTOME_ACTIVATION_OF_AMPK_DOWNSTREAM_OF_NMDARS	LOW_EVIDENCE	-0.8460107743600693	0	-1.297622245400678	0.3810827891299768	-0.755763444022247	0.907488071139387		NONE
go_bp	GOBP_RESPONSE_TO_DIETARY_EXCESS	MIXED	0.6766731470612078	0	1.005379756213308	0.7173495797830576	0.6979382644438687	0.9542864655625772		NONE
go_bp	GOBP_HIPPO_SIGNALING	LOW_EVIDENCE	1.3564624739278466	0	-1.3075919148521582	0.3543976226150405	-1.4376064000594426	0.3226650621205718		NONE
go_bp	GOBP_REGULATION_OF_LIPID_STORAGE	MIXED	0.8747564422486015	0	1.194211298339426	0.4820621699602591	1.1082007595493115	0.6823714033125146		NONE
go_bp	GOBP_ESTABLISHMENT_OF_PIGMENT_GRANULE_LOCALIZATION	LOW_EVIDENCE	0.7679695365242798	0	0.9980188561036116	0.7473804846103471	0.7170912292584289	0.9371177863614636		NONE
go_bp	GOBP_LYMPH_NODE_DEVELOPMENT	not_tested_in_resistance		0	-0.5824597835235152	0.9883821265427974	0.9942304362836336	0.7817781733994945		NONE
go_bp	GOBP_T_HELPER_CELL_LINEAGE_COMMITMENT	LOW_EVIDENCE	0.7993336907289492	0	0.8403431181822743	0.8654195973805482	0.8583253032092373	0.8719151568115798		NONE
go_bp	GOBP_PEPTIDYL_THREONINE_DEPHOSPHORYLATION	MIXED	0.666323415257677	0	1.2210032800071555	0.5083497053045186	-0.900940258168322	0.8183225806451614		NONE
go_bp	GOBP_SURFACTANT_HOMEOSTASIS	MIXED	0.207212431849831	0	-1.0934869505121716	0.6470327476533535	0.6962310100712813	0.9488729694279084		NONE
go_bp	GOBP_PEPTIDYL_TYROSINE_AUTOPHOSPHORYLATION	not_tested_in_resistance		0			0.803438457383029	0.8895897392167977		NONE
go_bp	GOBP_ACROSOME_REACTION	MIXED	-0.9739953715924958	0	1.1118733796073574	0.6236654149179001	0.9369480835717688	0.8035207883451443		NONE
go_bp	GOBP_POSITIVE_REGULATION_OF_EPITHELIAL_CELL_APOPTOTIC_PROCESS	MIXED	-0.9575096918823544	0	1.316246690738945	0.393292407181296	1.4320941199019503	0.403020484375858		NONE
go_bp	GOBP_ADAPTIVE_THERMOGENESIS	MIXED	1.2319627190185696	0	1.2799531277433505	0.289630616025938	1.1229770985719132	0.6008843036109064		NONE
go_bp	GOBP_POSITIVE_REGULATION_OF_RESPONSE_TO_CYTOKINE_STIMULUS	MIXED	0.9417602244684432	0	-0.9732504297930455	0.7627030132121781	0.7519815151860585	0.948147409862208		NONE
go_bp	GOBP_FC_EPSILON_RECEPTOR_SIGNALING_PATHWAY	LOW_EVIDENCE	-0.8000732529068949	0	-1.408580969124217	0.3334859584859584	-1.0134933983447258	0.7386857944490137		NONE
go_bp	GOBP_REGULATION_OF_PROTEASOMAL_PROTEIN_CATABOLIC_PROCESS	MIXED	0.7176086639563491	0	1.4187781690169703	0.0745244437502977	-1.4433024357392914	0.0953608625113525		NONE
go_bp	GOBP_POLYOL_BIOSYNTHETIC_PROCESS	LOW_EVIDENCE	-0.9601140039200324	0	0.9780665656546854	0.7575045394253925	0.927434510413038	0.8183225806451614		NONE
go_bp	GOBP_REGULATION_OF_MITOCHONDRIAL_DEPOLARIZATION	LOW_EVIDENCE	-1.3964060995276288	0	0.663797576127728	0.9564043535381536	-0.9789092736697594	0.7732992115414917		NONE
reactome	REACTOME_SNRNP_ASSEMBLY	MIXED	0.5276802128179099	0	-1.554030149348313	0.0882519680507978	-1.6525169378355418	0.0509092271035216		NONE
reactome	REACTOME_P75_NTR_RECEPTOR_MEDIATED_SIGNALLING	MIXED	0.801907349200251	0	-0.9139670964285488	0.8490051442142276	1.2843703706398937	0.2806620209059233		NONE
go_bp	GOBP_REGULATION_OF_DEFENSE_RESPONSE_TO_VIRUS	MIXED	-0.8210196528585696	0	-1.124452630147535	0.5716975802655118	0.9672195017281122	0.7878260869565218		NONE
go_bp	GOBP_CARDIAC_RIGHT_VENTRICLE_MORPHOGENESIS	MIXED	-0.966350906793478	0	-1.58559508239599	0.1577601016225683	0.9037051775940296	0.8400202292650034		NONE
go_bp	GOBP_CAMERA_TYPE_EYE_PHOTORECEPTOR_CELL_DIFFERENTIATION	LOW_EVIDENCE	-1.028995328619921	0	0.7863142700511356	0.9008147998230978	-0.818070800697576	0.9018944817105844		NONE
go_bp	GOBP_POSITIVE_REGULATION_OF_ATP_DEPENDENT_ACTIVITY	MIXED	0.9443185093440334	0	-0.9274312792313132	0.7927557637311554	-0.9018140322774372	0.8527570075035811		NONE
reactome	REACTOME_ROS_AND_RNS_PRODUCTION_IN_PHAGOCYTES	LOW_EVIDENCE	1.2862376236001172	0	1.3770067869650582	0.2794225942680232	-0.9337044487801904	0.7095740637881136		NONE
go_bp	GOBP_REGULATION_OF_RESPONSE_TO_BIOTIC_STIMULUS	MIXED	1.1508770905551793	0	-0.9737228454233956	0.7848572587548389				NONE
go_bp	GOBP_POLARIZED_EPITHELIAL_CELL_DIFFERENTIATION	LOW_EVIDENCE	1.144459436716944	0	-1.1874986526620337	0.5430711839530332	-1.0130648498666233	0.7460371920675221		NONE
go_bp	GOBP_CELLULAR_KETONE_METABOLIC_PROCESS	MIXED	1.0399590285299103	0	1.1075370337171837	0.5388854868340478	0.8159621516561364	0.9534595146469804		NONE
reactome	REACTOME_NUCLEOTIDE_CATABOLISM	LOW_EVIDENCE	0.9986652477709154	0	0.8563035719070593	0.8711862882495335	0.7158064515893271	0.9416967769908944		NONE
go_bp	GOBP_PHOTOTRANSDUCTION_VISIBLE_LIGHT	not_tested_in_resistance		0			0.9503081506225598	0.8008609710253592		NONE
go_bp	GOBP_PYRIMIDINE_NUCLEOBASE_METABOLIC_PROCESS	MIXED	1.0340790480167676	0	-0.9783268792207984	0.7376389922184465	-1.4014893522640817	0.4490010788496151		NONE
go_bp	GOBP_PYRIMIDINE_NUCLEOTIDE_METABOLIC_PROCESS	MIXED	0.7872466784496351	0	-1.027855235469636	0.687372985426606	-0.8900943076383028	0.8493750000000001		NONE
go_bp	GOBP_CENTROSOME_SEPARATION	LOW_EVIDENCE	-0.6271153249999408	0	-0.6271700328076695	0.9786430982745686	-0.5950708729238586	0.9726815890786628		NONE
reactome	REACTOME_GAB1_SIGNALOSOME	MIXED	0.1408928426795275	0	-1.509830700945386	0.2399290237488845	1.1601951471932497	0.5082453720042349		NONE
go_bp	GOBP_GLIAL_CELL_DERIVED_NEUROTROPHIC_FACTOR_RECEPTOR_SIGNALING_PATHWAY	not_tested_in_resistance		0			0.6997262233443499	0.9342328778797262		NONE
reactome	REACTOME_FCGR_ACTIVATION	not_tested_in_resistance		0	-1.3630426079407378	0.3810827891299768				NONE
go_bp	GOBP_REGULATION_OF_NON_CANONICAL_NF_KAPPAB_SIGNAL_TRANSDUCTION	MIXED	1.1031124084945454	0	-0.9970632965895968	0.7301684187479888	0.9725627238319696	0.7980233503780831		NONE
go_bp	GOBP_REGULATION_OF_TRANSCRIPTION_BY_RNA_POLYMERASE_I	LOW_EVIDENCE	0.8783354249853624	0	-1.270482777275213	0.4136128928513998	-1.3932409125949647	0.3992687743809882		NONE
go_bp	GOBP_POSITIVE_REGULATION_OF_ENDOCYTOSIS	MIXED	1.286714699102393	0	-1.119087450870779	0.5122846886660035	-1.0678593462982868	0.6762771762813934		NONE
go_bp	GOBP_POSITIVE_REGULATION_OF_G1_S_TRANSITION_OF_MITOTIC_CELL_CYCLE	LOW_EVIDENCE	0.8926193011855496	0	0.8473688293883352	0.8855772524837273	-1.3480529751466075	0.4322046531967123		NONE
go_bp	GOBP_ARACHIDONIC_ACID_METABOLIC_PROCESS	MIXED	0.9534823842198868	0	-1.1960973829879056	0.4936769822224805	1.1344581459802752	0.6432601880877743		NONE
reactome	REACTOME_EPH_EPHRIN_MEDIATED_REPULSION_OF_CELLS	LOW_EVIDENCE	1.2639796058894153	0	-0.8524466763441534	0.9022835209160108	1.1870692476653373	0.4411717171717171		NONE
go_bp	GOBP_FERTILIZATION	MIXED	0.8295085516560851	0	0.8337065708105278	0.9414703017173844	0.9167381382710436	0.8685713988791923		NONE
reactome	REACTOME_CRISTAE_FORMATION	LOW_EVIDENCE	0.8095738708799187	0	-1.451021697532326	0.2181031078260781				NONE
reactome	REACTOME_DEFECTS_IN_VITAMIN_AND_COFACTOR_METABOLISM	MIXED	-0.5151083937436253	0	0.7591716980580817	0.9376515184907656	-0.7713020856823711	0.8899893274859126		NONE
go_bp	GOBP_POSITIVE_REGULATION_OF_DEVELOPMENTAL_GROWTH	MIXED	1.08312004221623	0	-1.1149072593523583	0.5324450927255445	1.3493109466964524	0.2378728200975889		NONE
go_bp	GOBP_RRNA_TRANSCRIPTION	MIXED	0.595160035208239	0	-1.468109708932942	0.2759405975150076	1.0538467155794071	0.7126095966339976		NONE
go_bp	GOBP_HOMEOSTASIS_OF_NUMBER_OF_CELLS_WITHIN_A_TISSUE	MIXED	-0.9551183462284806	0	-0.6749285354701534	0.9768158695439172	0.919126857979892	0.8370970145546669		NONE
go_bp	GOBP_RESPONSE_TO_CORTICOSTEROID	LOW_EVIDENCE	1.2420278149852766	0	-1.1055703931216627	0.5470684433676559	1.2522422711616854	0.4381952601395703		NONE
go_bp	GOBP_REGULATION_OF_SYSTEMIC_ARTERIAL_BLOOD_PRESSURE_BY_CIRCULATORY_RENIN_ANGIOTENSIN	not_tested_in_resistance		0			-1.1107579987400484	0.6947615964009406		NONE
go_bp	GOBP_PROTEIN_LOCALIZATION_TO_LYSOSOME	LOW_EVIDENCE	0.9600325435777088	0	-0.6990290098727658	0.9768158695439172	1.0359742833396075	0.7212677537259876		NONE
go_bp	GOBP_NEGATIVE_REGULATION_OF_SYSTEMIC_ARTERIAL_BLOOD_PRESSURE	LOW_EVIDENCE	0.878978367007166	0	-1.074497496724296	0.6672937131630647	-1.0486635987971031	0.7093671194989017		NONE
go_bp	GOBP_REGULATION_OF_MULTICELLULAR_ORGANISM_GROWTH	MIXED	-1.2428074214690417	0	-1.054154992682671	0.654965310137724	0.973451650610124	0.7774116125502095		NONE
go_bp	GOBP_CALCIUM_MEDIATED_SIGNALING	MIXED	1.1843789959564226	0	-0.897952053734022	0.8895305412347657	0.940518938129272	0.8410578721531521		NONE
reactome	REACTOME_SIGNALING_BY_FLT3_FUSION_PROTEINS	LOW_EVIDENCE	1.3085361084131646	0	-0.9277665360760924	0.8265939604681998	-1.3505849582189482	0.3135340642927458		NONE
go_bp	GOBP_MORPHOGENESIS_OF_AN_EPITHELIAL_BUD	not_tested_in_resistance		0			-1.0791683915626669	0.7084604821483064		NONE
go_bp	GOBP_POSITIVE_REGULATION_OF_VIRAL_GENOME_REPLICATION	LOW_EVIDENCE	-1.348031669591761	0	-0.9095157864666608	0.802815401652611	-1.2521810892238392	0.5453819806841401		NONE
reactome	REACTOME_NUCLEAR_EVENTS_MEDIATED_BY_NFE2L2	MIXED	-0.7634337573794446	0	1.5094969316765974	0.0676494776722101	-1.3987527819117642	0.1263342078022079		NONE
go_bp	GOBP_EPITHELIAL_TO_MESENCHYMAL_TRANSITION_INVOLVED_IN_ENDOCARDIAL_CUSHION_FORMATION	LOW_EVIDENCE	0.7969791058996627	0	-1.0528846929560252	0.6750011353143307	0.7918105782547958	0.8940926990918828		NONE
reactome	REACTOME_SCAVENGING_OF_HEME_FROM_PLASMA	not_tested_in_resistance		0	-1.5148464616583732	0.2399290237488845				NONE
go_bp	GOBP_ENAMEL_MINERALIZATION	LOW_EVIDENCE	0.909457120227822	0	-1.1771174679527332	0.5441284486748637	1.5802584597353966	0.2259881161575352		NONE
go_bp	GOBP_NEGATIVE_REGULATION_OF_B_CELL_ACTIVATION	LOW_EVIDENCE	1.2615411589971504	0	-0.9551916528946176	0.7663121387283237	0.9524523157871024	0.8055043899785245		NONE
go_bp	GOBP_RESPONSE_TO_HEAT	LOW_EVIDENCE	-1.0898186347686722	0	1.2246788863109617	0.3470824949698188	0.9641037728800284	0.8003958231636141		NONE
go_bp	GOBP_EMBRYONIC_SKELETAL_JOINT_DEVELOPMENT	not_tested_in_resistance		0			-1.4374313216303714	0.4381952601395703		NONE
go_bp	GOBP_UBIQUINONE_METABOLIC_PROCESS	LOW_EVIDENCE	-1.0015085945790878	0	-1.1910177291345587	0.5514235966595165	-1.785699751175274	0.1364374512658092		NONE
go_bp	GOBP_PROTEIN_LOCALIZATION_TO_GOLGI_APPARATUS	LOW_EVIDENCE	1.2592683973723144	0	1.4609614188327291	0.2241520127352493	-1.1514716718090725	0.6311800140262226		NONE
go_bp	GOBP_REGULATION_OF_EXTRINSIC_APOPTOTIC_SIGNALING_PATHWAY_IN_ABSENCE_OF_LIGAND	MIXED	-1.0722122288122695	0	1.056958056446503	0.6707780979827089	1.3790826767790243	0.4494238156209987		NONE
go_bp	GOBP_NEGATIVE_REGULATION_OF_GLYCOPROTEIN_METABOLIC_PROCESS	not_tested_in_resistance		0			1.2381104365859084	0.5825097574574853		NONE
go_bp	GOBP_DETECTION_OF_STIMULUS_INVOLVED_IN_SENSORY_PERCEPTION	MIXED	0.9284425051960834	0	0.8860921599936469	0.8696548879417022	1.2858699954934187	0.1875492394172877		NONE
go_bp	GOBP_CYTOPLASMIC_PATTERN_RECOGNITION_RECEPTOR_SIGNALING_PATHWAY	MIXED	-0.9258612635086756	0	-0.8973460322042871	0.8803364879074658	-1.0469464547315748	0.7084604821483064		NONE
go_bp	GOBP_PROTEIN_K6_LINKED_UBIQUITINATION	LOW_EVIDENCE	0.8770643815424572	0	-0.7485710484380735	0.912696228582368	-0.8017347602193557	0.8863184684307337		NONE
go_bp	GOBP_REGULATION_OF_CYTOKINESIS	LOW_EVIDENCE	-1.1794533640494955	0	-0.7917169349729902	0.948561868562735	-1.129558891863966	0.6008843036109064		NONE
go_bp	GOBP_ORGANELLE_MEMBRANE_FUSION	MIXED	0.6930644743146196	0	1.4682890569428952	0.0773190730203856	-0.8951787864453866	0.8859474108131692		NONE
go_bp	GOBP_SULFUR_COMPOUND_TRANSPORT	MIXED	0.7243692803514213	0	1.494498492269	0.1295445939079155	1.036318765581016	0.7212677537259876		NONE
reactome	REACTOME_TRANSMISSION_ACROSS_CHEMICAL_SYNAPSES	MIXED	1.0068135719528812	0	-0.9848218799462486	0.7585967812448767	0.8199108222041954	0.9585132082711948		NONE
go_bp	GOBP_PHOSPHOLIPID_HOMEOSTASIS	not_tested_in_resistance		0			-0.7805972754290971	0.9018944817105844		NONE
go_bp	GOBP_BICARBONATE_TRANSPORT	MIXED	-0.8530326004949762	0	-1.1184783295697796	0.6031509909876946	-0.7861897175229704	0.9360858099562164		NONE
go_bp	GOBP_MITOCHONDRIAL_FISSION	LOW_EVIDENCE	0.782063215033428	0	1.049974927083687	0.6744159160895018	0.8869217334207191	0.8444161021150033		NONE
go_bp	GOBP_POLYSACCHARIDE_BIOSYNTHETIC_PROCESS	LOW_EVIDENCE	1.3528764614505886	0	-1.310909112972101	0.3543976226150405	-1.3216443943962284	0.4443475654614315		NONE
go_bp	GOBP_NEGATIVE_REGULATION_OF_HIPPO_SIGNALING	MIXED	0.9361655035552028	0	-0.925447408120508	0.7802353108228336	-1.3995997922104593	0.4361710663564149		NONE
go_bp	GOBP_REGULATION_OF_INSULIN_RECEPTOR_SIGNALING_PATHWAY	MIXED	0.9849973507806608	0	0.9143092431251147	0.8355978828900391	0.9140770041053206	0.8395076525908169		NONE
go_bp	GOBP_HIPPOCAMPUS_DEVELOPMENT	LOW_EVIDENCE	1.3323348035777125	0	-1.5101126229309916	0.0941007946698443	1.3947624068124158	0.3488342245989304		NONE
reactome	REACTOME_TRANSFERRIN_ENDOCYTOSIS_AND_RECYCLING	LOW_EVIDENCE	0.8752320022068446	0	0.8279033781181665	0.9114948062558356	-0.9025850209953684	0.7514102059556605		NONE
go_bp	GOBP_MODIFICATION_OF_POSTSYNAPTIC_STRUCTURE	LOW_EVIDENCE	1.2095349921835223	0	-1.0052736534753803	0.7224918309703146	1.2069600232886109	0.6008843036109064		NONE
go_bp	GOBP_CDC42_PROTEIN_SIGNAL_TRANSDUCTION	not_tested_in_resistance		0	-1.2344718301366708	0.4820621699602591	1.5617701204837855	0.241852130844125		NONE
reactome	REACTOME_VEGFR2_MEDIATED_VASCULAR_PERMEABILITY	MIXED	-0.6905672201464572	0	-0.7923297847331717	0.9376515184907656	1.0440559697674854	0.6047625508819539		NONE
go_bp	GOBP_PROTEIN_TARGETING_TO_LYSOSOME	LOW_EVIDENCE	0.9782577089342406	0	-0.5976244335493472	0.9981903277098448	0.8930928726154123	0.8403519898525449		NONE
go_bp	GOBP_NEGATIVE_REGULATION_OF_VIRAL_LIFE_CYCLE	LOW_EVIDENCE	-1.0782915242685187	0	-0.7791328829919436	0.8936354962066114	-1.116230461481018	0.6633646308898268		NONE
go_bp	GOBP_ENDOTHELIAL_CELL_DEVELOPMENT	MIXED	0.9514892309980724	0	-1.25102147267722	0.4102473793964417	1.0262566795578307	0.7270984657903129	VEZF1	NONE
reactome	REACTOME_INFLAMMASOMES	LOW_EVIDENCE	-1.1948324573531577	0	0.991865271855402	0.7436230284935419	0.6794372013739001	0.9437117204899778		NONE
go_bp	GOBP_B_CELL_RECEPTOR_SIGNALING_PATHWAY	MIXED	-0.9889694547999396	0	-1.083222105511035	0.6300037586919752	1.2885576870569009	0.5139259175222645		NONE
reactome	REACTOME_DEFECTIVE_INTRINSIC_PATHWAY_FOR_APOPTOSIS	MIXED	0.7982346338562762	0	-0.7134385832884359	0.9710695628611578	1.428962485854257	0.2578543010015091		NONE
go_bp	GOBP_REGULATION_OF_CILIUM_BEAT_FREQUENCY	not_tested_in_resistance		0			1.2934839186635985	0.5274954054252738		NONE
go_bp	GOBP_NEGATIVE_REGULATION_OF_DNA_METABOLIC_PROCESS	LOW_EVIDENCE	-0.8512272121750356	0	-1.1989188014347087	0.4166172944489363	0.8848546105279073	0.8835304438543249		NONE
go_bp	GOBP_GAS_TRANSPORT	not_tested_in_resistance		0			-0.953515865456381	0.7899097214941935		NONE
go_bp	GOBP_GRANULOCYTE_ACTIVATION	MIXED	1.4859688499824928	0	-1.2447344448857596	0.4360822817234538	-1.2021954256031169	0.5727256176502319		NONE
go_bp	GOBP_NONRIBOSOMAL_PEPTIDE_BIOSYNTHETIC_PROCESS	MIXED	-0.9424391137465524	0	1.228198176466878	0.5024668292050111	-1.1753398007018565	0.6363314012956017		NONE
go_bp	GOBP_REGULATION_OF_CELLULAR_RESPONSE_TO_HYPOXIA	MIXED	-0.7979870841110218	0	0.8821864995552894	0.8291689542739974	0.9922627631540007	0.7774116125502095		NONE
go_bp	GOBP_RESPONSE_TO_COLD	MIXED	1.208937629934212	0	1.5457083522585158	0.1668081916454741	-0.6680595040354207	0.9726815890786628		NONE
go_bp	GOBP_NEGATIVE_REGULATION_OF_BINDING	LOW_EVIDENCE	1.1567122700891677	0	-0.8734446730276957	0.8877885215221459	0.966365174282174	0.799404164903958		NONE
go_bp	GOBP_SENSORY_PERCEPTION	MIXED	1.2868011311570693	0	-0.9210556934462972	0.8800284067140508				NONE
reactome	REACTOME_NEUROTRANSMITTER_RELEASE_CYCLE	LOW_EVIDENCE	-1.1293707820355603	0	0.8850039487707503	0.8519538677976408	0.7087088288439887	0.96314419674624		NONE
go_bp	GOBP_RECEPTOR_RECYCLING	LOW_EVIDENCE	0.8775250495850438	0	1.3241230275901337	0.3468770402611534	-0.8738290450850734	0.8685713988791923		NONE
go_bp	GOBP_POSTSYNAPTIC_DENSITY_ASSEMBLY	LOW_EVIDENCE	1.5885854371475592	0	-0.7978049499894098	0.8936354962066114	1.530575159040643	0.3234357598365878		NONE
reactome	REACTOME_SPECIFICATION_OF_THE_NEURAL_PLATE_BORDER	LOW_EVIDENCE	1.3052973772332137	0			1.2757189455426694	0.3804110409269925		NONE
go_bp	GOBP_TAIL_ANCHORED_MEMBRANE_PROTEIN_INSERTION_INTO_ER_MEMBRANE	MIXED	-0.4552806640091649	0	1.0398662559285008	0.6954971020954079	-0.905945472202549	0.8287645964930773		NONE
go_bp	GOBP_HEMOGLOBIN_METABOLIC_PROCESS	LOW_EVIDENCE	1.1973682193954835	0			1.2378603514277524	0.5927897251719617		NONE
go_bp	GOBP_MAST_CELL_ACTIVATION_INVOLVED_IN_IMMUNE_RESPONSE	MIXED	-0.6753213501063026	0	0.9650676538690884	0.7802353108228336	-0.6477396999511245	0.9898538779128548		NONE
go_bp	GOBP_POSITIVE_REGULATION_OF_PROTEIN_EXPORT_FROM_NUCLEUS	MIXED	0.9283777732577292	0	0.7084711911299482	0.9515812155396411	0.9217624026682716	0.8285268859230611		NONE
go_bp	GOBP_CARBOHYDRATE_TRANSPORT	LOW_EVIDENCE	0.9495878244203806	0	1.456875141911518	0.1202257934564904	-1.1792668871092693	0.5139622117254793		NONE
reactome	REACTOME_SELECTIVE_AUTOPHAGY	MIXED	0.8314363110373548	0	1.1003777519519775	0.5814301445944652	1.107211885525188	0.5325231948366277		NONE
go_bp	GOBP_DOPAMINE_METABOLIC_PROCESS	LOW_EVIDENCE	0.9044377753641076	0	-1.1435714982564151	0.5976095617529881	0.7806488026976589	0.9109562034100908		NONE
reactome	REACTOME_ACYL_CHAIN_REMODELLING_OF_PI	not_tested_in_resistance		0			-1.0235633449775527	0.6390893734643734		NONE
go_bp	GOBP_DECIDUALIZATION	LOW_EVIDENCE	1.23290020815908	0	0.9746240311747784	0.7533016376122557	-1.230738518329407	0.5797517746632691	CITED2	NONE
go_bp	GOBP_PHOSPHATE_ION_TRANSPORT	LOW_EVIDENCE	1.0982070186500108	0	0.8951276495450026	0.8183725352403788	-0.6775641704017258	0.9711195209806672		NONE
go_bp	GOBP_PHOSPHATIDYLINOSITOL_DEPHOSPHORYLATION	LOW_EVIDENCE	-0.9716719619843148	0	0.9765405800555464	0.7407256420709335	1.618272316665044	0.1391022749610636		NONE
go_bp	GOBP_TOLL_LIKE_RECEPTOR_SIGNALING_PATHWAY	MIXED	1.099993706108373	0	-1.2366124643648106	0.4057177615571776	0.8471123880133573	0.8897131977083262		NONE
reactome	REACTOME_GLUTATHIONE_CONJUGATION	LOW_EVIDENCE	-1.312508435084911	0	0.798385981538905	0.9376515184907656	-1.2794745250060189	0.3784269152080018		NONE
go_bp	GOBP_VASCULAR_ENDOTHELIAL_GROWTH_FACTOR_PRODUCTION	MIXED	1.097090752473065	0	0.926797930765137	0.802815401652611	-0.858277138206304	0.8851631501656982		NONE
reactome	REACTOME_ADP_SIGNALLING_THROUGH_P2Y_PURINOCEPTOR_12	LOW_EVIDENCE	1.1467601030726096	0	0.7176961734170149	0.95602795573675	0.9633545772104412	0.6840094062316284		NONE
go_bp	GOBP_REGULATION_OF_CELL_FATE_COMMITMENT	MIXED	0.9964466579649351	0	-0.91575437045765	0.802815401652611	1.018999737383608	0.7464139889556394		NONE
go_bp	GOBP_AMP_METABOLIC_PROCESS	LOW_EVIDENCE	-1.190208552359406	0	-1.4735758920992246	0.2985837922895358	-0.5581280349951323	0.9961176034247566		NONE
reactome	REACTOME_CASPASE_ACTIVATION_VIA_DEATH_RECEPTORS_IN_THE_PRESENCE_OF_LIGAND	not_tested_in_resistance		0	-1.0008670487664952	0.7353830999788926	0.6434012475326706	0.9605041492481438		NONE
go_bp	GOBP_POSITIVE_REGULATION_OF_MONOOXYGENASE_ACTIVITY	MIXED	-0.7683936209878479	0	-1.3325116213848138	0.422979797979798	-0.4900722900586414	0.9967049163069795		NONE
go_bp	GOBP_GOLGI_TO_ENDOSOME_TRANSPORT	MIXED	-0.6208791060931207	0	1.638240891972904	0.1359077280596995	0.940140851827194	0.8139418812584314		NONE
go_bp	GOBP_NEGATIVE_REGULATION_OF_NUCLEOCYTOPLASMIC_TRANSPORT	MIXED	-0.9499112999285174	0	-0.6792927281269338	0.9633604488721692	1.743397313004225	0.0870221457288976		NONE
go_bp	GOBP_POSITIVE_REGULATION_OF_PROTEIN_CATABOLIC_PROCESS	LOW_EVIDENCE	1.0956397788373071	0	1.3491658113483094	0.1248681820118178	-0.9982113759818684	0.7664010855627622		NONE
go_bp	GOBP_REGULATION_OF_FIBROBLAST_MIGRATION	LOW_EVIDENCE	0.8631586684655783	0	-1.3174048507379306	0.3851611420692825	-0.9863456927036072	0.7774116125502095		NONE
go_bp	GOBP_CAMP_METABOLIC_PROCESS	MIXED	0.3139225174963199	0	-1.390132027178776	0.3509177493180452	-0.9536996718434094	0.7937268049715749		NONE
go_bp	GOBP_REGULATION_OF_MUSCLE_ORGAN_DEVELOPMENT	LOW_EVIDENCE	1.33118160430528	0	-0.9720122455400552	0.7407256420709335	1.1203086354032736	0.6764539791581766		NONE
go_bp	GOBP_NEGATIVE_REGULATION_OF_MACROAUTOPHAGY	LOW_EVIDENCE	0.7875201812922679	0	1.610493360188565	0.0838449378512874	1.1984032263931632	0.5972758359069887		NONE
reactome	REACTOME_DEFECTIVE_CFTR_CAUSES_CYSTIC_FIBROSIS	MIXED	-0.998454894434205	0	1.4051853166245722	0.2049133832291592	-1.5553857761166958	0.0877982851074006		NONE
go_bp	GOBP_POSITIVE_REGULATION_OF_TYROSINE_PHOSPHORYLATION_OF_STAT_PROTEIN	MIXED	-1.0424193575404397	0	1.0032971875016672	0.7224918309703146	0.8920892212124657	0.8509774365711206		NONE
go_bp	GOBP_TRICARBOXYLIC_ACID_CYCLE	MIXED	0.6459821927522416	0	0.8578812167349052	0.8692177742345729	-1.474918871584661	0.403020484375858		NONE
go_bp	GOBP_RESCUE_OF_STALLED_RIBOSOME	LOW_EVIDENCE	1.1088247101025797	0	0.9398729520389938	0.7802353108228336	-1.1339364747098657	0.6553406889143637		NONE
go_bp	GOBP_REGULATION_OF_B_CELL_ACTIVATION	LOW_EVIDENCE	0.9609533440285736	0	-0.8695376192818987	0.8936354962066114	1.2358555706308376	0.4709515655577299		NONE
go_bp	GOBP_LACTATION	MIXED	-1.1030521306370042	0	-1.2741877422110757	0.4102473793964417	-1.1049971921373771	0.6762771762813934		NONE
go_bp	GOBP_POSITIVE_REGULATION_OF_VACUOLE_ORGANIZATION	LOW_EVIDENCE	1.289483883998802	0	1.6741582992243564	0.0746930000252679	0.8374527722590178	0.8828189139929724		NONE
go_bp	GOBP_POSITIVE_REGULATION_OF_CALCINEURIN_MEDIATED_SIGNALING	LOW_EVIDENCE	0.8655731672067545	0	0.7849157718804316	0.8949687542380103	0.994927680546993	0.7817781733994945		NONE
go_bp	GOBP_NEGATIVE_REGULATION_OF_AMINO_ACID_TRANSPORT	not_tested_in_resistance		0			0.8772953655946485	0.8497207862536198		NONE
go_bp	GOBP_REGULATION_OF_SMOOTH_MUSCLE_CELL_DIFFERENTIATION	MIXED	-1.056024977457298	0	0.9366085999198268	0.7893716993195015	-1.1280527654840262	0.6504118011903768		NONE
go_bp	GOBP_TRIGLYCERIDE_CATABOLIC_PROCESS	LOW_EVIDENCE	-0.9070623577453996	0	-0.9836193515795916	0.7283172201204988	0.4947958993337147	0.9973725572703308		NONE
go_bp	GOBP_REGULATION_OF_CALCIUM_MEDIATED_SIGNALING	MIXED	-1.204435349763003	0	-1.112486045341421	0.5400419287211741	1.069372401178978	0.7017542618660254		NONE
go_bp	GOBP_XENOBIOTIC_TRANSPORT	MIXED	-0.9188356224829626	0	-0.844451113531491	0.8851110001292911	0.8965022835771792	0.8410578721531521		NONE
reactome	REACTOME_INSULIN_PROCESSING	MIXED	1.2499545694034082	0	1.4562210621116318	0.2490957827675473	1.1361546950478627	0.5386271027060913		NONE
go_bp	GOBP_LEUKOCYTE_ACTIVATION_INVOLVED_IN_INFLAMMATORY_RESPONSE	MIXED	1.200911285802769	0	-0.9586950463937918	0.7627030132121781	-1.0741827139155224	0.7102822477922941		NONE
go_bp	GOBP_GENOMIC_IMPRINTING	not_tested_in_resistance		0			-0.6770016325160277	0.9534595146469804		NONE
go_bp	GOBP_RNA_TEMPLATED_DNA_BIOSYNTHETIC_PROCESS	LOW_EVIDENCE	-1.04583004118225	0	-1.1642858155530484	0.4834421974785328	-1.509778425044901	0.1373868277277085		NONE
reactome	REACTOME_GLYOXYLATE_METABOLISM_AND_GLYCINE_DEGRADATION	LOW_EVIDENCE	-1.35916924960444	0			1.036109687987108	0.6270750489986779		NONE
go_bp	GOBP_DIGESTIVE_TRACT_MORPHOGENESIS	MIXED	1.0750994962900895	0	1.0081306905856864	0.7289911435234487	-0.9126306246486138	0.8393765441069612		NONE
reactome	REACTOME_GLUCOSE_METABOLISM	MIXED	-0.7824348040633297	0	-1.040211537309932	0.6754551040786543	-1.1325341288555044	0.4988719309887193		NONE
go_bp	GOBP_REGULATION_OF_AMINE_METABOLIC_PROCESS	LOW_EVIDENCE	0.7469551530225587	0	0.8532935856260191	0.861984282907662	-0.781422281391022	0.9279991735193588		NONE
go_bp	GOBP_NEGATIVE_REGULATION_OF_ORGANIC_ACID_TRANSPORT	LOW_EVIDENCE	1.0028128185024558	0	-1.1704230131396332	0.5567623590879405	-0.808692198566162	0.8941285880850591		NONE
go_bp	GOBP_REGULATION_OF_LONG_TERM_SYNAPTIC_POTENTIATION	MIXED	0.8390434154206433	0	1.0762835062676794	0.6428895075435961	1.8723337254800585	0.0590180038191491		NONE
reactome	REACTOME_REGULATION_OF_KIT_SIGNALING	not_tested_in_resistance		0	1.4319804152534956	0.2794225942680232	-1.4880961667113002	0.2624877912000883		NONE
go_bp	GOBP_NEGATIVE_REGULATION_OF_ORGANELLE_ASSEMBLY	MIXED	-0.7342695793418776	0	1.2569284097607087	0.4091376641004433	0.8948889429809908	0.8451281018939166		NONE
go_bp	GOBP_G1_TO_G0_TRANSITION	LOW_EVIDENCE	0.9986952804861536	0	1.03550310543361	0.706673448451253	1.6121997176725835	0.1828835080679578		NONE
go_bp	GOBP_REGULATION_OF_PROTEIN_UBIQUITINATION	MIXED	1.0198814146075168	0	1.3077166336571675	0.1801290474017453	1.144814250863673	0.581030777386972		NONE
go_bp	GOBP_CELLULAR_RESPONSE_TO_OXIDATIVE_STRESS	LOW_EVIDENCE	1.2531274383343989	0	1.4054354497617374	0.0562614218970475	-0.907433435399047	0.8951721310896098		NONE
go_bp	GOBP_REGULATION_OF_HAIR_CYCLE	MIXED	0.7463377472082147	0	-1.4762807122501609	0.2759405975150076	-1.071369060922457	0.688253881595075		NONE
go_bp	GOBP_DIGESTIVE_SYSTEM_PROCESS	MIXED	-1.0704607123299923	0	-1.0208466994796286	0.6806690196700508	-0.7750651084493672	0.9760692792663708		NONE
go_bp	GOBP_CEREBRAL_CORTEX_CELL_MIGRATION	LOW_EVIDENCE	1.190281498976009	0	1.2143727373823934	0.4643166702044859	0.9955663500782556	0.7678801395244474		NONE
reactome	REACTOME_PURINE_CATABOLISM	LOW_EVIDENCE	-0.7945202797496833	0			1.0705887132603171	0.601934388777983		NONE
go_bp	GOBP_PHOSPHATE_ION_HOMEOSTASIS	not_tested_in_resistance		0			-0.5384204966423722	0.9961176034247566		NONE
reactome	REACTOME_KINESINS	MIXED	-0.7165389891464989	0	-1.1448220250353427	0.5011169173082293	-1.07278991905604	0.5639588202230572		NONE
reactome	REACTOME_RND2_GTPASE_CYCLE	LOW_EVIDENCE	0.7570698461918978	0	-1.024736410952084	0.6983388058411821	-0.8428347029015207	0.8464037570766855		NONE
go_bp	GOBP_EMBRYONIC_EYE_MORPHOGENESIS	MIXED	1.091616418242369	0	0.7840318412966559	0.921924436673756	-1.1076374098187418	0.6633646308898268	CITED2	NONE
go_bp	GOBP_REGULATION_OF_ACROSOME_REACTION	LOW_EVIDENCE	-0.9259695755775552	0			0.9601429019392514	0.7899097214941935		NONE
reactome	REACTOME_DNA_DAMAGE_RECOGNITION_IN_GG_NER	LOW_EVIDENCE	-0.7485574990329081	0	0.8027647505386972	0.9376515184907656	1.427567040445957	0.2640253837578252		NONE
go_bp	GOBP_SEX_DIFFERENTIATION	MIXED	0.9531871242780652	0	-1.2683872442076425	0.2093975137766016	1.0752580814047423	0.6754848085744131	CITED2	NONE
go_bp	GOBP_NEGATIVE_REGULATION_OF_TRANSPORTER_ACTIVITY	MIXED	-0.958849848985378	0	1.3810365921553964	0.299807435935417	1.3413683938301744	0.4657813561980446		NONE
go_bp	GOBP_PYRIMIDINE_CONTAINING_COMPOUND_CATABOLIC_PROCESS	MIXED	0.8956895402423388	0	0.9135015423403198	0.8175633539316288	0.8695471748299727	0.8628895359845393		NONE
go_bp	GOBP_NEGATIVE_REGULATION_OF_CHEMOTAXIS	MIXED	1.1119202448528442	0	-1.223078607416708	0.4571683950808237	1.2708568431448175	0.545784703789218		NONE
go_bp	GOBP_POLYAMINE_TRANSPORT	not_tested_in_resistance		0	-0.4883368047714194	0.9973978323943844	0.6338696708632262	0.9619501365397236		NONE
reactome	REACTOME_ACYL_CHAIN_REMODELLING_OF_PC	MIXED	-0.7969241401202739	0	0.6623294875389015	0.983440726807012	-0.8759278154437261	0.7920017398390649		NONE
go_bp	GOBP_SLEEP	not_tested_in_resistance		0	-0.7061928078817222	0.9503150975296444	1.3643550927033228	0.4572575760974406		NONE
go_bp	GOBP_REGULATION_OF_NEUROTRANSMITTER_RECEPTOR_ACTIVITY	MIXED	-0.68031831188556	0	-1.021014019513362	0.6867881548974943	0.942229502685491	0.8027904556290832		NONE
go_bp	GOBP_PHOSPHATIDYLINOSITOL_METABOLIC_PROCESS	MIXED	0.923195599992656	0	0.9511609957739566	0.7993765638915985	1.348576603109522	0.2411479208942901		NONE
go_bp	GOBP_FEMALE_MEIOTIC_NUCLEAR_DIVISION	LOW_EVIDENCE	-1.099294068976384	0	1.0034082283864014	0.7139042787530872	1.5484690260156375	0.209791692110855		NONE
reactome	REACTOME_CELLULAR_RESPONSE_TO_HEAT_STRESS	LOW_EVIDENCE	-1.1221141704315485	0	0.9791927492861586	0.7754629629629629	-1.5219196607552106	0.0714185862469591		NONE
go_bp	GOBP_SPERMATID_DIFFERENTIATION	LOW_EVIDENCE	-1.0377089031759146	0	1.0134458763693517	0.6940183232129541	1.271645086993536	0.380698460752128		NONE
go_bp	GOBP_NEGATIVE_REGULATION_OF_B_CELL_MEDIATED_IMMUNITY	not_tested_in_resistance		0			1.4461084042942325	0.4295785346728742		NONE
go_bp	GOBP_SPERM_EGG_RECOGNITION	MIXED	-0.9754925573185328	0	-1.3011733747830496	0.4090694836229702	0.8057988050587315	0.9018944817105844		NONE
go_bp	GOBP_REGULATION_OF_CALCIUM_ION_TRANSMEMBRANE_TRANSPORTER_ACTIVITY	LOW_EVIDENCE	1.2269451925123924	0	-1.2147475302802884	0.4444897328142349	-0.9998802200706236	0.7603353445975607		NONE
go_bp	GOBP_GAMMA_AMINOBUTYRIC_ACID_SIGNALING_PATHWAY	LOW_EVIDENCE	1.232581692532729	0			1.2919733825190682	0.5139259175222645		NONE
go_bp	GOBP_OLIGOSACCHARIDE_METABOLIC_PROCESS	MIXED	-1.5188009438200758	0	1.2434035365678315	0.4126374493607618	0.9365092505823602	0.8183225806451614		NONE
reactome	REACTOME_METALLOPROTEASE_DUBS	MIXED	0.5200694209751455	0	0.8955090037101429	0.8437037037037037	-0.6985828112130721	0.9437117204899778		NONE
go_bp	GOBP_LONG_TERM_MEMORY	MIXED	-0.8765693567072406	0	1.6580501305298698	0.0757685692916707	1.188369317543825	0.6136991745091309		NONE
go_bp	GOBP_RIBOSOME_DISASSEMBLY	MIXED	0.8547310982032185	0	0.7325040547179824	0.9564265817747712	-1.0675718649115855	0.6966130605006319		NONE
reactome	REACTOME_INTRAFLAGELLAR_TRANSPORT	MIXED	-0.899182797090936	0	-1.1673414942398896	0.4679769503890106	-0.9424184875933616	0.7246141445502584		NONE
go_bp	GOBP_POSITIVE_REGULATION_OF_CYSTEINE_TYPE_ENDOPEPTIDASE_ACTIVITY	LOW_EVIDENCE	1.3229291344981546	0	-1.0005721045528695	0.7145247327913706	-0.8688771730546858	0.905178806855636		NONE
go_bp	GOBP_RESPONSE_TO_PLATELET_DERIVED_GROWTH_FACTOR	MIXED	-0.0179280384617309	0	-0.866692018828661	0.8314670933942733	0.7880919370830282	0.8963201846332131		NONE
go_bp	GOBP_NEGATIVE_REGULATION_OF_PROGRAMMED_NECROTIC_CELL_DEATH	MIXED	0.7625124523266451	0	1.4542471756915012	0.2766756302803769	0.8835483274389647	0.8395076525908169		NONE
go_bp	GOBP_INNER_MITOCHONDRIAL_MEMBRANE_ORGANIZATION	LOW_EVIDENCE	-0.5975442368326724	0	-0.8792785478615212	0.8585319760579561	0.9104633015019944	0.8306433178624315		NONE
go_bp	GOBP_REGULATION_OF_LIPID_LOCALIZATION	MIXED	1.0831288878541023	0	1.0160150633391187	0.7070509204120436	-0.8474471450699521	0.9335647629986532		NONE
go_bp	GOBP_ENDOSOME_TO_LYSOSOME_TRANSPORT	LOW_EVIDENCE	0.7546785864517075	0	1.2001532892837707	0.4444897328142349	-1.0491067470637945	0.7231304906792371		NONE
go_bp	GOBP_ALDITOL_METABOLIC_PROCESS	MIXED	-0.1917156384328832	0	1.266004442476541	0.4822015012901712	-1.3856937928635846	0.4578326782706345		NONE
go_bp	GOBP_REGULATION_OF_OSTEOBLAST_PROLIFERATION	MIXED	1.3433721535941108	0	-0.7331068878400213	0.9380354083380924	1.0764493506253323	0.6952239617658852		NONE
go_bp	GOBP_NEGATIVE_REGULATION_OF_STEM_CELL_PROLIFERATION	MIXED	-0.9007270495694438	0	1.1679369586754988	0.5567623590879405	1.807432681260045	0.068637422422981		NONE
go_bp	GOBP_DNA_REPLICATION_INITIATION	LOW_EVIDENCE	-0.8689394025063348	0	-1.592056976529416	0.0846980783887142	-0.9785124774689108	0.7840262777579214		NONE
go_bp	GOBP_HEPARIN_METABOLIC_PROCESS	LOW_EVIDENCE	1.6052868082389942	0	-0.7308342058203052	0.93087995890216	-1.1381842554778463	0.6859071168668571		NONE
reactome	REACTOME_REGULATION_OF_ENDOGENOUS_RETROELEMENTS	MIXED	0.784046792077862	0	-1.1719964977507364	0.4457388277565686	0.9911868436101022	0.6774975917360679		NONE
go_bp	GOBP_MAINTENANCE_OF_PROTEIN_LOCALIZATION_IN_ORGANELLE	MIXED	-0.7648473502099875	0	1.491977364417715	0.2125873716130581	1.5527228244872249	0.2126226740242393		NONE
go_bp	GOBP_PEPTIDYL_GLUTAMIC_ACID_MODIFICATION	LOW_EVIDENCE	-0.8270107392151324	0	1.013280429521377	0.7139042787530872	1.172769912877323	0.6198597671132416		NONE
reactome	REACTOME_GRB2_SOS_PROVIDES_LINKAGE_TO_MAPK_SIGNALING_FOR_INTEGRINS	not_tested_in_resistance		0			-1.4926754031571994	0.2289041586386809		NONE
go_bp	GOBP_VESICLE_TARGETING	MIXED	0.6515944524583476	0	1.6371690975284965	0.0511567178453322	0.835377309073561	0.8902810905031208		NONE
go_bp	GOBP_APOPTOTIC_MITOCHONDRIAL_CHANGES	MIXED	0.8020336467505133	0	1.4989487412699851	0.1248681820118178	-1.0367624101168549	0.7142495639715959		NONE
go_bp	GOBP_POSITIVE_REGULATION_OF_HOMOTYPIC_CELL_CELL_ADHESION	not_tested_in_resistance		0			-0.7220353577365407	0.9377880822387696		NONE
reactome	REACTOME_G0_AND_EARLY_G1	MIXED	-0.9194451862886744	0	1.2216224588986535	0.4602824642126789	-1.474777858813211	0.2289041586386809		NONE
go_bp	GOBP_INTERLEUKIN_6_PRODUCTION	MIXED	-1.2207924522702702	0	-1.199144328928832	0.4169138487904554	0.9626066256589894	0.8183225806451614		NONE
reactome	REACTOME_INSULIN_RECEPTOR_SIGNALLING_CASCADE	MIXED	-1.1117586152552186	0	1.0928254011954888	0.6373563730293044	-1.2150870267822644	0.3893561484918793		NONE
go_bp	GOBP_PURINE_CONTAINING_COMPOUND_METABOLIC_PROCESS	LOW_EVIDENCE	1.0075403595578802	0	1.053647254292146	0.5730220970230596				NONE
go_bp	GOBP_REGULATION_OF_MITOPHAGY	LOW_EVIDENCE	1.0004839314471394	0	1.5261712988381906	0.1802636254037638	1.1657199950334176	0.6299249096134235		NONE
go_bp	GOBP_PIGMENT_BIOSYNTHETIC_PROCESS	LOW_EVIDENCE	1.0579822555248877	0	0.7985580962733883	0.9223437235184452	-1.1585409824375763	0.6093863472789276		NONE
go_bp	GOBP_REGULATION_OF_NUCLEOTIDE_METABOLIC_PROCESS	LOW_EVIDENCE	0.923845807746046	0	1.335620631799559	0.297113419818522	-0.9414827073534666	0.8283776691704661		NONE
reactome	REACTOME_SIGNALING_BY_ALK	MIXED	0.835698052894957	0	-1.4749621141909417	0.1896661195404697	-1.4410869039779968	0.2459839833199071		NONE
go_bp	GOBP_VENTRICULAR_CARDIAC_MUSCLE_TISSUE_DEVELOPMENT	MIXED	1.3057029826119464	0	-1.6253961013357243	0.07231565618164	1.026584951134227	0.7306710268959474		NONE
go_bp	GOBP_REGULATION_OF_VESICLE_SIZE	MIXED	-0.1308406014231411	0	0.9090844351667408	0.797180043383948				NONE
go_bp	GOBP_POSITIVE_REGULATION_OF_MEIOTIC_NUCLEAR_DIVISION	not_tested_in_resistance		0			1.0322232010273191	0.748807195611711		NONE
go_bp	GOBP_POSITIVE_REGULATION_OF_B_CELL_PROLIFERATION	MIXED	0.8217046486506081	0	-1.0468840352085345	0.6707780979827089	1.1139037253457291	0.6762771762813934		NONE
reactome	REACTOME_ASSEMBLY_OF_THE_HIV_VIRION	LOW_EVIDENCE	0.8833734568419283	0	1.5658918700647548	0.1806998877392124	1.287943787608431	0.3869715319369533		NONE
go_bp	GOBP_GLUCOSE_METABOLIC_PROCESS	MIXED	0.9092223172633376	0	1.1188110653646273	0.5288720484822919	-1.1850234444779837	0.4682636357900969		NONE
go_bp	GOBP_NEUROMUSCULAR_SYNAPTIC_TRANSMISSION	MIXED	-1.1456502671193318	0	1.1425608579860116	0.6156284526753301	1.2818634312534638	0.5273541440819947		NONE
go_bp	GOBP_REGULATION_OF_PLASMINOGEN_ACTIVATION	LOW_EVIDENCE	-0.844604966461262	0	-1.1247312008355554	0.6098574644159764	-1.1255888312858024	0.6706032148618969		NONE
go_bp	GOBP_POSITIVE_REGULATION_OF_VASCULAR_ASSOCIATED_SMOOTH_MUSCLE_CELL_MIGRATION	LOW_EVIDENCE	1.0886661161717026	0			0.8962715707698088	0.8410578721531521		NONE
go_bp	GOBP_ECTOPIC_GERM_CELL_PROGRAMMED_CELL_DEATH	not_tested_in_resistance		0	-0.9785797379566898	0.7472869686980368	-1.066709536491397	0.7102822477922941		NONE
go_bp	GOBP_DIOL_BIOSYNTHETIC_PROCESS	MIXED	-0.869135023567585	0	-0.791730975888381	0.8936354962066114	-1.18555217168308	0.5954473522786434		NONE
go_bp	GOBP_EMBRYONIC_CAMERA_TYPE_EYE_MORPHOGENESIS	LOW_EVIDENCE	1.1351278351229903	0	0.8150631107796213	0.8851110001292911	-1.494206413538934	0.339813977322891	CITED2	NONE
reactome	REACTOME_ION_CHANNEL_TRANSPORT	LOW_EVIDENCE	1.1005406561032385	0	-0.8642423949846525	0.9376515184907656	1.1029884430795962	0.4716232107017497		NONE
reactome	REACTOME_RESPIRATORY_SYNCYTIAL_VIRUS_INFECTION_PATHWAY	LOW_EVIDENCE	0.9090254201118332	0	0.9084848477556718	0.8555529522024369	-1.4343174619298071	0.064599567646614		NONE
go_bp	GOBP_POSITIVE_REGULATION_OF_MYELOID_LEUKOCYTE_DIFFERENTIATION	MIXED	-1.1315835804225	0	-1.2319897230747858	0.4235319183474696	0.8452161658062073	0.886818016812637		NONE
go_bp	GOBP_PROTEIN_TARGETING_TO_MITOCHONDRION	MIXED	0.7211415240227002	0	1.340465511264966	0.2088422920739645	0.98216677739334	0.7901783723049278		NONE
go_bp	GOBP_POSITIVE_REGULATION_OF_INTERLEUKIN_1_PRODUCTION	LOW_EVIDENCE	1.1334565020245	0	-1.0016126939353358	0.7300529233870967	-0.90941995924302	0.83506290058713		NONE
reactome	REACTOME_GAP_JUNCTION_ASSEMBLY	MIXED	-0.0647992348480624	0	-1.2448958963037866	0.4439740980159706	0.9554056242290604	0.701158277926532		NONE
reactome	REACTOME_RORA_ACTIVATES_GENE_EXPRESSION	MIXED	-0.644562970912884	0	1.391947754776694	0.3325482715664902	-0.9901456613725302	0.6811381129464672		NONE
go_bp	GOBP_ESTABLISHMENT_OR_MAINTENANCE_OF_CELL_POLARITY	LOW_EVIDENCE	0.9581859395204366	0	-1.1378364629854285	0.4734281437125748	1.257343409902064	0.3603509456034314		NONE
go_bp	GOBP_MICROTUBULE_POLYMERIZATION	LOW_EVIDENCE	-0.8376053986028406	0	0.9974073211005858	0.7289911435234487	-1.0704316561963	0.693210489382519		NONE
go_bp	GOBP_POLYSACCHARIDE_CATABOLIC_PROCESS	MIXED	1.4859075962944652	0	1.59718478861308	0.1108608908073331	0.9997041441071592	0.7691999292494546		NONE
reactome	REACTOME_THE_CANONICAL_RETINOID_CYCLE_IN_RODS_TWILIGHT_VISION	LOW_EVIDENCE	1.4840111380940897	0	1.0130615198378454	0.7423516587541774	-0.5292629395817902	0.995772140631954		NONE
go_bp	GOBP_FC_RECEPTOR_MEDIATED_STIMULATORY_SIGNALING_PATHWAY	MIXED	0.9769603200051546	0	-1.1727501439657737	0.4968742506057174	1.2537248551133535	0.5582436113633416		NONE
go_bp	GOBP_HYPEROSMOTIC_RESPONSE	MIXED	-1.2381574597783536	0	-1.3229371311168296	0.4091376641004433	-1.0077894198268804	0.7446103335915317		NONE
go_bp	GOBP_CORPUS_CALLOSUM_DEVELOPMENT	MIXED	0.9496022001755888	0	-0.8015192693819533	0.8888491163875963	0.9856735997275774	0.7817781733994945		NONE
go_bp	GOBP_MITOTIC_SPINDLE_ORGANIZATION	LOW_EVIDENCE	-0.8157290516642579	0	-1.041409335007721	0.6563864303265979	-1.4589205021624796	0.112971072931783		NONE
go_bp	GOBP_HINDBRAIN_MORPHOGENESIS	MIXED	1.2903074867995452	0	1.235212017421298	0.4432630922094753	-0.8848658118218375	0.8555577414912454		NONE
reactome	REACTOME_BASE_EXCISION_REPAIR_AP_SITE_FORMATION	MIXED	-0.6472900582079717	0	0.715821713807273	0.95602795573675	1.216285414819977	0.4517920242301868		NONE
reactome	REACTOME_GLUTAMATE_NEUROTRANSMITTER_RELEASE_CYCLE	LOW_EVIDENCE	-1.1490082524128988	0	1.272536143642394	0.447604504676465	0.927254573022226	0.7211650413666073		NONE
go_bp	GOBP_REGULATION_OF_EARLY_ENDOSOME_TO_LATE_ENDOSOME_TRANSPORT	MIXED	-0.7852833837727434	0	-0.9962937939769112	0.7224918309703146	-0.7137005324498741	0.9377880822387696		NONE
reactome	REACTOME_INTERLEUKIN_2_FAMILY_SIGNALING	MIXED	-0.9659713343920224	0	-0.7821031395636304	0.9463853830051012	-0.9940616943791132	0.6772804004889691		NONE
go_bp	GOBP_NON_MOTILE_CILIUM_ASSEMBLY	MIXED	-0.813393372030793	0	-1.185772863329072	0.4734281437125748	0.906155930917104	0.8370970145546669		NONE
reactome	REACTOME_DISASSEMBLY_OF_THE_DESTRUCTION_COMPLEX_AND_RECRUITMENT_OF_AXIN_TO_THE_MEMBRANE	MIXED	0.7943751883858239	0	1.1735410359667986	0.5125871508118478	-1.0611063997886112	0.589017094017094		NONE
reactome	REACTOME_GABA_B_RECEPTOR_ACTIVATION	MIXED	-0.9599753761394252	0	-1.08382338208066	0.6373563730293044	0.7351002353382551	0.9358112663143136		NONE
go_bp	GOBP_ESTABLISHMENT_OF_BLOOD_BRAIN_BARRIER	not_tested_in_resistance		0			-1.1325113373083218	0.6633646308898268		NONE
reactome	REACTOME_INTERLEUKIN_7_SIGNALING	LOW_EVIDENCE	-1.0197099358976105	0	-1.4917718528323012	0.2066297178888606	0.9902624519360128	0.6774975917360679		NONE
go_bp	GOBP_ENDOSOME_TO_PLASMA_MEMBRANE_PROTEIN_TRANSPORT	LOW_EVIDENCE	0.909145564741177	0	1.056696598692081	0.689176214210197	1.1710270143713184	0.6525011446886447		NONE
go_bp	GOBP_MRNA_CIS_SPLICING_VIA_SPLICEOSOME	LOW_EVIDENCE	-0.6389191516551563	0	0.7861962936183694	0.9192041522491348	-1.3918013446699289	0.4479018233634803		NONE
go_bp	GOBP_INTERLEUKIN_8_PRODUCTION	MIXED	1.008673185990458	0	-1.2542907983788745	0.4102473793964417	1.0798979273225764	0.690626764539808		NONE
go_bp	GOBP_POSITIVE_REGULATION_OF_TUMOR_NECROSIS_FACTOR_SUPERFAMILY_CYTOKINE_PRODUCTION	MIXED	0.9864176666545018	0	-1.229713632922883	0.3704282868525896	-0.8050802022139161	0.9587122254674302		NONE
go_bp	GOBP_DNA_DAMAGE_RESPONSE_SIGNAL_TRANSDUCTION_BY_P53_CLASS_MEDIATOR	LOW_EVIDENCE	-0.7820501843244124	0	0.9645645315148133	0.7720358105207936	0.9640872309390182	0.7980870424746344		NONE
go_bp	GOBP_NEGATIVE_REGULATION_OF_BIOMINERAL_TISSUE_DEVELOPMENT	LOW_EVIDENCE	1.388680340394645	0	-1.156226956487612	0.5485242231973434	0.6963052203623633	0.9536047544990002		NONE
go_bp	GOBP_APICAL_JUNCTION_ASSEMBLY	LOW_EVIDENCE	-0.9749164431189652	0	-1.32620040707677	0.3379326004781813	1.0255957046597934	0.7306710268959474		NONE
reactome	REACTOME_PROCESSING_OF_INTRONLESS_PRE_MRNAS	MIXED	-0.553467844774624	0	-1.0998383646205805	0.6443192746256354	-1.068008592018309	0.6047625508819539		NONE
go_bp	GOBP_NEGATIVE_REGULATION_OF_PLATELET_ACTIVATION	not_tested_in_resistance		0	-0.6965707925635056	0.9465028497777926	0.8794770669264775	0.8444161021150033		NONE
go_bp	GOBP_MONOACYLGLYCEROL_METABOLIC_PROCESS	not_tested_in_resistance		0			0.8292540914446904	0.8798672957124076		NONE
go_bp	GOBP_POSITIVE_REGULATION_OF_VIRAL_PROCESS	MIXED	-0.966855760677835	0	1.0865589527762924	0.6156284526753301	-1.4297736217168706	0.2380616473239299		NONE
go_bp	GOBP_REGULATION_OF_VASCULAR_PERMEABILITY	LOW_EVIDENCE	0.9933685707895548	0	-0.971686745445459	0.7494454695971993	0.9110735510472808	0.8348584390786404		NONE
go_bp	GOBP_RESPONSE_TO_HYDROGEN_PEROXIDE	MIXED	1.149283347715775	0	-0.9529496374730644	0.7837024128148615	-1.22802180938019	0.492098388640302		NONE
go_bp	GOBP_POSITIVE_REGULATION_OF_ERK1_AND_ERK2_CASCADE	MIXED	1.104578375130062	0	-0.9135193949763094	0.861984282907662	1.035261080977257	0.7212677537259876		NONE
go_bp	GOBP_LEUKOCYTE_HOMEOSTASIS	MIXED	-0.8204712642335888	0	-1.004668159233195	0.7092969173923155	1.3443650687878133	0.3735226752175904		NONE
go_bp	GOBP_POLY_A_PLUS_MRNA_EXPORT_FROM_NUCLEUS	MIXED	-0.7507622436887406	0	1.0561893245220546	0.675966256316841	-1.5179765165840196	0.3583586281869309		NONE
reactome	REACTOME_SIGNALING_BY_HEDGEHOG	MIXED	-0.8136659001660237	0	-0.9885378632117304	0.768364288772452	-1.3048245635488709	0.1286294818353298		NONE
go_bp	GOBP_SENSORY_PERCEPTION_OF_BITTER_TASTE	LOW_EVIDENCE	-0.8171719970983953	0	-0.9882565170531886	0.7310346035304006	1.2433764145175057	0.5714418611574185		NONE
go_bp	GOBP_REGULATION_OF_T_CELL_DIFFERENTIATION_IN_THYMUS	MIXED	0.0652464068082512	0	-0.9188335364061052	0.7844029737520861	0.707881411584832	0.948147409862208		NONE
go_bp	GOBP_ONE_CARBON_METABOLIC_PROCESS	LOW_EVIDENCE	0.9226138312410797	0	0.9748901118569496	0.7441394426978579	-1.251843506465921	0.5139622117254793		NONE
go_bp	GOBP_NUCLEOSIDE_BISPHOSPHATE_METABOLIC_PROCESS	MIXED	-1.0385956981875046	0	1.3171722280299645	0.2759405975150076	-1.002760356646232	0.7666009136212624		NONE
go_bp	GOBP_MAINTENANCE_OF_SYNAPSE_STRUCTURE	MIXED	-0.6054744467196193	0	-1.1879856437596037	0.5288720484822919	0.7131637829706913	0.94024931590149		NONE
go_bp	GOBP_NEGATIVE_REGULATION_OF_REPRODUCTIVE_PROCESS	LOW_EVIDENCE	1.0754096363241594	0	0.9144525818364048	0.8394927183283816	1.0226177412151702	0.7188754926288132		NONE
go_bp	GOBP_CARDIOLIPIN_METABOLIC_PROCESS	not_tested_in_resistance		0			0.962457407775514	0.7980233503780831		NONE
go_bp	GOBP_REGULATION_OF_SPINDLE_CHECKPOINT	LOW_EVIDENCE	-1.1753345638301276	0	-0.9318172763499138	0.7758839085313006	-0.8695397204535494	0.8514771173527654		NONE
go_bp	GOBP_NEGATIVE_REGULATION_OF_SIGNAL_TRANSDUCTION_BY_P53_CLASS_MEDIATOR	LOW_EVIDENCE	-1.5050340574044871	0	1.0008987119466473	0.7139042787530872	-1.715335017434417	0.1523485932760185		NONE
go_bp	GOBP_REGULATION_OF_EPIDERMAL_GROWTH_FACTOR_ACTIVATED_RECEPTOR_ACTIVITY	LOW_EVIDENCE	1.3004639818853918	0	0.731961092064041	0.924784494705915	1.142621651522345	0.6762771762813934		NONE
go_bp	GOBP_NEGATIVE_REGULATION_OF_DEPHOSPHORYLATION	LOW_EVIDENCE	1.056546476506353	0	-0.8364715379225632	0.8750599889020532	0.9116432183154736	0.8346567229655626		NONE
go_bp	GOBP_PROTEIN_EXPORT_FROM_NUCLEUS	MIXED	0.9462455817859774	0	0.8523323301399189	0.8936354962066114	1.224304495712299	0.559418053176213		NONE
go_bp	GOBP_DETECTION_OF_ABIOTIC_STIMULUS	MIXED	1.0273659238186654	0	0.7195848658763363	0.9883821265427974	0.7647775679418022	0.9668647966823052		NONE
reactome	REACTOME_E2F_MEDIATED_REGULATION_OF_DNA_REPLICATION	LOW_EVIDENCE	-0.8569558551803579	0	-1.128801945053414	0.5803821656050956	1.1521542117579608	0.5334368336054677		NONE
go_bp	GOBP_CARBOHYDRATE_PHOSPHORYLATION	MIXED	-0.8289665582933221	0	1.3028965388467209	0.4360822817234538	-0.7365788227419666	0.9335647629986532		NONE
go_bp	GOBP_POSITIVE_REGULATION_OF_NUCLEOCYTOPLASMIC_TRANSPORT	MIXED	-0.8222694232222619	0	-1.4359149967938032	0.1928905374640142	0.7813152999338066	0.9289169051692436		NONE
go_bp	GOBP_REGULATION_OF_NEUROTRANSMITTER_TRANSPORT	LOW_EVIDENCE	1.334736121740386	0	1.044449209655963	0.6707780979827089	1.5701680647800438	0.0870221457288976		NONE
go_bp	GOBP_REGULATION_OF_PROTEOLYSIS_INVOLVED_IN_PROTEIN_CATABOLIC_PROCESS	MIXED	0.8121025060053885	0	1.3299065107998105	0.1654933297963561	-1.2043152570851765	0.4490010788496151		NONE
go_bp	GOBP_INNER_EAR_RECEPTOR_CELL_STEREOCILIUM_ORGANIZATION	LOW_EVIDENCE	1.1317246353954578	0	1.008045203790007	0.7190064739766528	-1.181527223832551	0.5967799246436665		NONE
go_bp	GOBP_NEGATIVE_REGULATION_OF_CELL_CYCLE_G2_M_PHASE_TRANSITION	MIXED	-0.97080676571704	0	-1.029034748413011	0.6867881548974943	0.7222137628191854	0.9604901669409148		NONE
go_bp	GOBP_RESPONSE_TO_ARSENIC_CONTAINING_SUBSTANCE	LOW_EVIDENCE	-1.0472078109008802	0	1.5581213500856168	0.1598552909904546	-1.215442531725607	0.5825097574574853		NONE
reactome	REACTOME_CLASS_C_3_METABOTROPIC_GLUTAMATE_PHEROMONE_RECEPTORS	LOW_EVIDENCE	1.5387486276811255	0			1.1643851044460662	0.494475138121547		NONE
go_bp	GOBP_RESPONSE_TO_STEROID_HORMONE	LOW_EVIDENCE	1.147849256211329	0	-1.259472304922702	0.1664243413352361	1.0095431542997977	0.7544836464577384		NONE
go_bp	GOBP_RIBOSOMAL_LARGE_SUBUNIT_ASSEMBLY	MIXED	0.5902705957270526	0	-0.8198019949199953	0.8692177742345729	-1.64276738785408	0.2157767031926876		NONE
go_bp	GOBP_LOCOMOTORY_BEHAVIOR	LOW_EVIDENCE	0.9984661740368348	0	-0.9373997041984774	0.8165961719824109	1.3087617397263889	0.2773703717742202		NONE
go_bp	GOBP_REGULATION_OF_CELL_PROLIFERATION_INVOLVED_IN_KIDNEY_DEVELOPMENT	not_tested_in_resistance		0	-0.9203744466658972	0.7943878900052882	-0.8190566301677089	0.882049225159526		NONE
go_bp	GOBP_GOLGI_TO_VACUOLE_TRANSPORT	MIXED	0.8634851361268815	0	0.8138061609186359	0.8760382346096711	0.9261116251170894	0.8266649861079904		NONE
go_bp	GOBP_SOMATIC_DIVERSIFICATION_OF_IMMUNOGLOBULINS	MIXED	0.9158728732056848	0	-1.492141846887093	0.1129095372986482	-1.094773689191088	0.690626764539808		NONE
go_bp	GOBP_DNA_BIOSYNTHETIC_PROCESS	MIXED	-0.8602740294962367	0	-0.9753467086670514	0.7533016376122557	-1.527148067274849	0.0690866829098218		NONE
go_bp	GOBP_LEUKOCYTE_MEDIATED_CYTOTOXICITY	MIXED	0.8992769325932028	0	1.0511578835496955	0.6438426162493612	-1.0686558001011248	0.6808981966112805		NONE
go_bp	GOBP_POSITIVE_REGULATION_OF_CD4_POSITIVE_ALPHA_BETA_T_CELL_DIFFERENTIATION	MIXED	0.7346780224957582	0	-0.8164936721216652	0.8901851851851851	1.3490163478651418	0.4889128728414442		NONE
go_bp	GOBP_FOREBRAIN_REGIONALIZATION	LOW_EVIDENCE	1.6150303653294416	0	0.6416499662522499	0.9680734447793916	1.2655070509858763	0.5363190624252571		NONE
go_bp	GOBP_NEGATIVE_REGULATION_OF_CARDIAC_MUSCLE_TISSUE_GROWTH	LOW_EVIDENCE	0.9100856137320285	0	1.1400859915968655	0.6195513762366539	-1.139616743097473	0.6518769628861413	CITED2	NONE
reactome	REACTOME_TRANSCRIPTIONAL_ACTIVITY_OF_SMAD2_SMAD3_SMAD4_HETEROTRIMER	LOW_EVIDENCE	1.2543914150207374	0	0.938903656313092	0.8355140987915322	-0.8897575678402669	0.7892586299780365		NONE
reactome	REACTOME_RNA_POLYMERASE_III_CHAIN_ELONGATION	MIXED	-0.5852606247081389	0	-0.9833908175651578	0.7653665997514578	-1.1694768981328223	0.5048642903858731		NONE
go_bp	GOBP_LYTIC_VACUOLE_ORGANIZATION	MIXED	0.58537418175879	0	1.4315045690828745	0.1496130218247237	-0.850038599833114	0.9253398668466876		NONE
go_bp	GOBP_MACROPHAGE_ACTIVATION	MIXED	1.2593514494701206	0	-1.0947684315804835	0.5866996024460345	-1.1047508850808565	0.6525011446886447		NONE
go_bp	GOBP_REGULATION_OF_CHOLESTEROL_STORAGE	not_tested_in_resistance		0	0.9969548894524788	0.7420602605863192	0.8657195467394987	0.8450714487021419		NONE
go_bp	GOBP_DNA_LIGATION	LOW_EVIDENCE	-0.6841416604087974	0			-1.572922472620305	0.303803916509249		NONE
go_bp	GOBP_CELL_MATURATION	MIXED	1.1866005940635358	0	-1.1244523156122923	0.5032654250961114	1.1477583706384489	0.5825097574574853		NONE
go_bp	GOBP_RESPONSE_TO_GLUCAGON	LOW_EVIDENCE	0.787745227893382	0	1.3624193448867907	0.3870779640663249	-0.9727550484493628	0.7822633255305269		NONE
go_bp	GOBP_REGULATION_OF_ALPHA_BETA_T_CELL_DIFFERENTIATION	MIXED	1.000631155564935	0	-1.332928118622662	0.3338194444444444	1.1985524979513509	0.5797517746632691		NONE
go_bp	GOBP_REGULATION_OF_DNA_TEMPLATED_DNA_REPLICATION_INITIATION	MIXED	-1.3540459519248187	0			-1.2335711669242144	0.602117066011199		NONE
reactome	REACTOME_ACTIVATION_OF_KAINATE_RECEPTORS_UPON_GLUTAMATE_BINDING	LOW_EVIDENCE	-1.2612535258828608	0	-0.8199836756873994	0.9193503665030652	1.0270819826983075	0.6260277334642288		NONE
go_bp	GOBP_CELLULAR_RESPONSE_TO_VITAMIN_D	MIXED	-0.0217094517526842	0	-1.168180070373234	0.5754947876257248	-0.6795649912350302	0.961348009394188		NONE
go_bp	GOBP_TELOMERE_MAINTENANCE_IN_RESPONSE_TO_DNA_DAMAGE	MIXED	-0.4334288630078272	0	-1.023681628086136	0.6759531121685622	-0.9325458230270834	0.8182752499299262		NONE
go_bp	GOBP_NEGATIVE_REGULATION_OF_CYCLIN_DEPENDENT_PROTEIN_SERINE_THREONINE_KINASE_ACTIVITY	MIXED	-0.6544151247092873	0	-0.8341759260643161	0.8658458840287964	1.7052183156946652	0.1391022749610636		NONE
go_bp	GOBP_OVARIAN_FOLLICLE_DEVELOPMENT	MIXED	0.9619639884663777	0	1.2730581970406116	0.3842850883598656	-0.8704928697545072	0.860707100109075		NONE
go_bp	GOBP_NEGATIVE_REGULATION_OF_VASCULATURE_DEVELOPMENT	LOW_EVIDENCE	1.310210512327037	0	-1.230404111728769	0.3874925828600492	1.3177206324631368	0.403020484375858		NONE
reactome	REACTOME_PLATELET_SENSITIZATION_BY_LDL	not_tested_in_resistance		0	-0.7189549555443276	0.9514136525725928	-1.0386617562116525	0.6176004018718769		NONE
reactome	REACTOME_NEGATIVE_REGULATION_OF_FGFR2_SIGNALING	MIXED	0.4994971908174291	0	1.1933850524424725	0.5102668943206327	-0.8118873057869099	0.8748796614652209		NONE
go_bp	GOBP_AMELOGENESIS	LOW_EVIDENCE	1.1053952795498494	0	-0.9204735671975824	0.7920275487843055	1.593846932835678	0.1611682057391124		NONE
reactome	REACTOME_RECYCLING_PATHWAY_OF_L1	MIXED	-0.8371092482414371	0	-1.1663874181799667	0.4679769503890106	-1.2202839711919309	0.4101896657211191		NONE
go_bp	GOBP_REGULATION_OF_PROTEIN_MATURATION	LOW_EVIDENCE	1.267467506819396	0	0.9599765295413184	0.7802353108228336	0.952011727977138	0.798255680959046		NONE
go_bp	GOBP_GLYCOSYL_COMPOUND_CATABOLIC_PROCESS	LOW_EVIDENCE	0.9948698038544516	0	0.8030754234945972	0.9097389857136196	1.2206360198419115	0.5799003564977107		NONE
go_bp	GOBP_PHOSPHOLIPID_TRANSPORT	MIXED	0.9116872209559238	0	1.1412559020309418	0.5107971097541798	0.6424088821078651	0.9900933139447496		NONE
go_bp	GOBP_MYD88_INDEPENDENT_TOLL_LIKE_RECEPTOR_SIGNALING_PATHWAY	not_tested_in_resistance		0	-1.287160468245356	0.452838697280008	-1.2912195037821563	0.5653363251311012		NONE
go_bp	GOBP_POSITIVE_REGULATION_OF_TRANSMEMBRANE_RECEPTOR_PROTEIN_SERINE_THREONINE_KINASE_SIGNALING_PATHWAY	LOW_EVIDENCE	1.2126547439796675	0	1.001599212544718	0.7200305271809322	1.1288134078155554	0.6525011446886447	CITED2	NONE
go_bp	GOBP_CHOLESTEROL_STORAGE	MIXED	0.9424771728383062	0	1.4265828151079412	0.2766756302803769	1.0289536095600116	0.7389885807504079		NONE
go_bp	GOBP_NEGATIVE_REGULATION_OF_VASCULAR_PERMEABILITY	LOW_EVIDENCE	1.3562082792733892	0	-1.3135220871304962	0.4418420457116994	1.092484475482398	0.7038211225169252		NONE
reactome	REACTOME_BILE_ACID_AND_BILE_SALT_METABOLISM	MIXED	1.0908791445432526	0	-1.054587625502016	0.6674402565983207	1.036960284337852	0.6093145598019496		NONE
go_bp	GOBP_POSITIVE_REGULATION_OF_INSULIN_SECRETION_INVOLVED_IN_CELLULAR_RESPONSE_TO_GLUCOSE_STIMULUS	MIXED	-1.076948528088954	0	-1.1798638480359689	0.5540343255946446	-0.8475084454258394	0.8882866896831061		NONE
go_bp	GOBP_TOLL_LIKE_RECEPTOR_9_SIGNALING_PATHWAY	MIXED	0.0520170883611854	0	0.6652075260335207	0.9564265817747712	-1.0445271630764277	0.7212677537259876		NONE
go_bp	GOBP_SNRNA_TRANSCRIPTION_BY_RNA_POLYMERASE_II	LOW_EVIDENCE	0.9467458537148402	0	-0.580683872470671	0.9949371261715254	-0.6360019370861376	0.9634881247784476		NONE
go_bp	GOBP_POSITIVE_REGULATION_OF_T_CELL_RECEPTOR_SIGNALING_PATHWAY	not_tested_in_resistance		0	1.226008527446088	0.5275262689000233	0.8216866136996802	0.8794163362410784		NONE
go_bp	GOBP_REGULATION_OF_GLYCOGEN_BIOSYNTHETIC_PROCESS	LOW_EVIDENCE	0.6784696164540468	0	0.8488645585836273	0.8664698933519518	-1.281967260985997	0.5183266398625134		NONE
go_bp	GOBP_REGULATION_OF_CYTOPLASMIC_TRANSLATION	MIXED	-0.9626554542832084	0	-1.0247242799213752	0.680176913553354	-1.3636151713910587	0.4490010788496151		NONE
reactome	REACTOME_G1_S_SPECIFIC_TRANSCRIPTION	MIXED	-0.8347678178797355	0	0.7935894144956653	0.9375522138680034	-1.3591014156313683	0.3103003426728482		NONE
go_bp	GOBP_LUNG_ALVEOLUS_DEVELOPMENT	LOW_EVIDENCE	1.2576217688235485	0	-1.327579770463965	0.3451393691744446	0.9488493674307814	0.8027904556290832		NONE
go_bp	GOBP_ESTROUS_CYCLE	not_tested_in_resistance		0	-1.4332336033675803	0.3600612870275791	1.2474226965615156	0.5825097574574853		NONE
go_bp	GOBP_POSITIVE_REGULATION_OF_INTERLEUKIN_2_PRODUCTION	MIXED	0.6689884150682028	0	-1.373172025644215	0.3565141384394822	0.7033432606048682	0.9604901669409148		NONE
go_bp	GOBP_RESPONSE_TO_POTASSIUM_ION	not_tested_in_resistance		0			0.8736076224161824	0.8510221396250808		NONE
go_bp	GOBP_VITAMIN_CATABOLIC_PROCESS	not_tested_in_resistance		0			-1.216765498151708	0.6093863472789276		NONE
go_bp	GOBP_NEGATIVE_REGULATION_OF_TORC1_SIGNALING	MIXED	0.9654883890726093	0	1.1681220466498443	0.5107971097541798	1.195249009308576	0.6008843036109064		NONE
go_bp	GOBP_PROTEIN_DNA_COMPLEX_DISASSEMBLY	MIXED	0.8819749107087529	0	-1.6526308838203103	0.086379827662578	1.2415822628677222	0.5727355338885206		NONE
go_bp	GOBP_REGULATION_OF_DNA_RECOMBINATION	MIXED	-0.7408112109265711	0	-1.370160969594257	0.1826295494998084	1.005855618876494	0.7761819465910603		NONE
go_bp	GOBP_CONVERGENT_EXTENSION	not_tested_in_resistance		0	0.9115497574535883	0.8099222177039083	1.1610741349950866	0.6575826848098164		NONE
go_bp	GOBP_ORGANELLE_FUSION	MIXED	-0.7567729780407925	0	1.297860855595194	0.2396551134169858	-0.8335024574778708	0.9458948005105648		NONE
reactome	REACTOME_PI_3K_CASCADE_FGFR3	not_tested_in_resistance		0			-1.2337701795053548	0.4260313608362889		NONE
reactome	REACTOME_NEURONAL_SYSTEM	MIXED	1.2232896051324624	0	-1.0385198918535603	0.6373563730293044	0.9612464447736344	0.7538835236733334		NONE
reactome	REACTOME_MITF_M_DEPENDENT_GENE_EXPRESSION	MIXED	0.87648054918678	0	-1.2541522272414836	0.2882747768790106	0.9452379848755764	0.7400259258937039		NONE
go_bp	GOBP_POSITIVE_REGULATION_OF_TORC1_SIGNALING	MIXED	1.1742721961895102	0	1.6353530578686395	0.0746903004651917	-1.0853442790099488	0.703095681181131		NONE
go_bp	GOBP_INTRACELLULAR_PH_REDUCTION	MIXED	-0.8413705468833874	0	1.213521932207848	0.4483695652173913	0.7574147580448857	0.9360858099562164		NONE
go_bp	GOBP_CHEMICAL_SYNAPTIC_TRANSMISSION_POSTSYNAPTIC	MIXED	1.0960345581119908	0	-1.0493011119865228	0.6707780979827089	1.0159175610796736	0.762091550077527		NONE
reactome	REACTOME_FCERI_MEDIATED_CA_2_MOBILIZATION	MIXED	-0.6976719734376051	0	-0.8135115232793039	0.9265026132404182	-1.2370574768119569	0.4042006928977976		NONE
reactome	REACTOME_ABERRANT_REGULATION_OF_MITOTIC_EXIT_IN_CANCER_DUE_TO_RB1_DEFECTS	LOW_EVIDENCE	-1.1552842644019612	0	-0.7515539934150868	0.9426648530962304	-0.9667037975544712	0.7104636462529033		NONE
reactome	REACTOME_TRANSCRIPTION_OF_E2F_TARGETS_UNDER_NEGATIVE_CONTROL_BY_DREAM_COMPLEX	MIXED	-0.911549389757864	0	1.2146332538627072	0.5014648661020829	-1.3300234681982992	0.3294169196582266		NONE
go_bp	GOBP_TUBULIN_DEACETYLATION	LOW_EVIDENCE	1.3276296821339515	0	1.266923136467014	0.4430176565008025	-1.1125494026415463	0.671153648082271		NONE
reactome	REACTOME_LONG_TERM_POTENTIATION	MIXED	-0.1573939250101301	0	-1.3640306474847272	0.3460001948747929	0.946257808824256	0.707845618475166		NONE
go_bp	GOBP_POSITIVE_REGULATION_OF_MICROTUBULE_POLYMERIZATION_OR_DEPOLYMERIZATION	MIXED	0.8931761569510838	0	1.2394990636200414	0.4461770507019376	-1.1409676740734376	0.6311800140262226		NONE
go_bp	GOBP_REGULATION_OF_SPROUTING_ANGIOGENESIS	LOW_EVIDENCE	-1.143137153556639	0	-1.0370107158323565	0.661875367430923	1.0312133334555291	0.73546517602088		NONE
go_bp	GOBP_SECONDARY_METABOLITE_BIOSYNTHETIC_PROCESS	LOW_EVIDENCE	1.3717374207651287	0	-0.7800747584255806	0.8926733466834103	0.8335330095458188	0.8859474108131692		NONE
go_bp	GOBP_MONOATOMIC_ANION_HOMEOSTASIS	MIXED	0.1692053924691068	0			-1.0056574673297949	0.748807195611711		NONE
go_bp	GOBP_PHOSPHATIDYLCHOLINE_CATABOLIC_PROCESS	not_tested_in_resistance		0			1.0077987715417696	0.7683634020618557		NONE
go_bp	GOBP_NEGATIVE_REGULATION_OF_LIPID_STORAGE	LOW_EVIDENCE	-0.8131258637223097	0	-0.8822093366733809	0.8213718188599008	-0.813374025698224	0.8902810905031208		NONE
go_bp	GOBP_INTRACELLULAR_ESTROGEN_RECEPTOR_SIGNALING_PATHWAY	MIXED	-0.800561438787177	0	-1.0664781409415065	0.6420511635488084	-1.5406592062975517	0.161253996716233		NONE
reactome	REACTOME_KIDNEY_DEVELOPMENT	MIXED	1.1426565998717009	0	-1.2991271506165416	0.310760667903525	1.0791137094309466	0.5720031796502385		NONE
go_bp	GOBP_CEREBELLAR_CORTEX_FORMATION	MIXED	0.8727211814042672	0	1.0276368036603143	0.7064432622015929	0.7170719480536455	0.9377880822387696		NONE
go_bp	GOBP_REGULATION_OF_MYOBLAST_PROLIFERATION	not_tested_in_resistance		0			0.9516618123440476	0.8139418812584314		NONE
go_bp	GOBP_ESTABLISHMENT_OF_PROTEIN_LOCALIZATION_TO_PLASMA_MEMBRANE	LOW_EVIDENCE	1.0320384357691923	0	1.144972253120494	0.5063470164886336	1.039768492912014	0.7149379338385116		NONE
go_bp	GOBP_REGULATION_OF_NEURON_MIGRATION	MIXED	-1.1625051320019852	0	0.674573898249526	0.9768158695439172	0.9659894627865652	0.7933594043298712		NONE
go_bp	GOBP_DETECTION_OF_BACTERIUM	not_tested_in_resistance		0			-0.8486989355871931	0.8587922617146507		NONE
go_bp	GOBP_SUPPRESSION_OF_VIRAL_RELEASE_BY_HOST	not_tested_in_resistance		0			0.5490861414127473	0.9807877358490568		NONE
go_bp	GOBP_TISSUE_HOMEOSTASIS	LOW_EVIDENCE	1.25715225365558	0	-1.247262890879995	0.2766360695080717	1.2345797411123538	0.403020484375858		NONE
go_bp	GOBP_TOLL_LIKE_RECEPTOR_3_SIGNALING_PATHWAY	LOW_EVIDENCE	0.8492629119901968	0	-1.0881965883252596	0.6363026659321181	0.6524857885056364	0.9653999386670564		NONE
reactome	REACTOME_MICRORNA_MIRNA_BIOGENESIS	MIXED	0.6795544759682132	0	-1.3214078517632455	0.3810827891299768	-0.9022659151126148	0.782065107841161		NONE
go_bp	GOBP_RESPONSE_TO_NICOTINE	MIXED	0.9499132852286308	0	1.2044419621560456	0.4734281437125748	1.277093421090305	0.5139622117254793		NONE
reactome	REACTOME_REGULATION_OF_MITF_M_DEPENDENT_GENES_INVOLVED_IN_APOPTOSIS	LOW_EVIDENCE	-1.219301728161503	0	-0.7568423847335762	0.9351548903585104	1.0806727008107315	0.5931796663292958		NONE
go_bp	GOBP_PROTEIN_HETEROTETRAMERIZATION	not_tested_in_resistance		0			-1.6562461707411045	0.2157767031926876		NONE
go_bp	GOBP_REGULATION_OF_DELAYED_RECTIFIER_POTASSIUM_CHANNEL_ACTIVITY	not_tested_in_resistance		0			1.2336212477072506	0.6008843036109064		NONE
reactome	REACTOME_REGULATION_OF_TP53_ACTIVITY_THROUGH_METHYLATION	LOW_EVIDENCE	-1.1886786174891395	0	1.2506041852736436	0.4679769503890106	-1.5167015269155568	0.2200609755570721		NONE
go_bp	GOBP_RIBONUCLEOSIDE_MONOPHOSPHATE_METABOLIC_PROCESS	MIXED	0.7636722826276118	0	-0.9334130101501034	0.7998885114826934	1.0542593463209085	0.7093671194989017		NONE
go_bp	GOBP_T_CELL_SELECTION	MIXED	-1.365335541425744	0	-0.720948935357532	0.9650742626918064	1.1047035526447455	0.6633646308898268		NONE
go_bp	GOBP_POSITIVE_REGULATION_OF_POTASSIUM_ION_TRANSPORT	MIXED	0.9821491682393908	0	-1.3825328181410512	0.3468770402611534	1.479629178782665	0.339813977322891		NONE
go_bp	GOBP_EPOXYGENASE_P450_PATHWAY	not_tested_in_resistance		0			0.6816854397404718	0.9506481008495332		NONE
go_bp	GOBP_REGULATION_OF_ENDOCYTIC_RECYCLING	MIXED	-0.8386488976985177	0	1.1861926833252383	0.5749162162349692	0.9437768810065592	0.8164606763476799		NONE
go_bp	GOBP_GENITALIA_DEVELOPMENT	LOW_EVIDENCE	1.3123117540863196	0	-1.7186789007274133	0.0555540950610134	-0.7919155284534001	0.9151431438305944		NONE
go_bp	GOBP_REGULATION_OF_AXON_EXTENSION	MIXED	-1.095522019532836	0	-1.0693192257519752	0.6272428205902453	1.2422990252023602	0.5302646981082203		NONE
go_bp	GOBP_ARACHIDONIC_ACID_SECRETION	LOW_EVIDENCE	-1.1108634731985656	0	-0.7133997267585347	0.9444981224821056	1.001493059538604	0.7603353445975607		NONE
go_bp	GOBP_REGULATION_OF_KERATINOCYTE_DIFFERENTIATION	MIXED	-0.9594413204723732	0	-1.227705835638443	0.4637704918032787	1.1156246823991287	0.6762771762813934		NONE
go_bp	GOBP_PROTEIN_TRIMERIZATION	not_tested_in_resistance		0			0.7822574662735775	0.9000917057265132		NONE
go_bp	GOBP_INSULIN_RECEPTOR_SIGNALING_PATHWAY	LOW_EVIDENCE	1.1745797209669335	0	1.1251558935681452	0.503858186980755	-0.9566732290744704	0.8232487700534761		NONE
go_bp	GOBP_NEGATIVE_REGULATION_OF_LEUKOCYTE_CELL_CELL_ADHESION	MIXED	1.2026856577499765	0	0.9301314976139012	0.8277810826888756	1.063267713796085	0.6958762886597937		NONE
reactome	REACTOME_CLASS_A_1_RHODOPSIN_LIKE_RECEPTORS	MIXED	1.082942652490187	0	-1.2131674375065904	0.2994201255667945	1.082454222013831	0.4929038057377256		NONE
go_bp	GOBP_SEROTONIN_TRANSPORT	not_tested_in_resistance		0	-0.9877831405188884	0.7310346035304006	-0.8156300997024235	0.8902810905031208		NONE
go_bp	GOBP_REGULATION_OF_LEUKOCYTE_APOPTOTIC_PROCESS	MIXED	-1.1192942543869502	0	-0.9423989171179672	0.799187725631769	1.185289034588915	0.5784691746467164		NONE
go_bp	GOBP_POSITIVE_REGULATION_OF_SYNAPTIC_TRANSMISSION	LOW_EVIDENCE	1.1525554784694194	0	1.1082994442833811	0.544910428529864	1.4058167510841426	0.1570280858387825		NONE
go_bp	GOBP_NEGATIVE_REGULATION_OF_VIRAL_ENTRY_INTO_HOST_CELL	MIXED	-0.359568344809907	0	0.7932409394089421	0.8897814880285796	-0.9169673884452612	0.8172387872713606		NONE
go_bp	GOBP_ACTIVATION_OF_GTPASE_ACTIVITY	MIXED	1.1499843427065062	0	1.0226971639836886	0.6949307726663688	1.153372236114383	0.6008843036109064		NONE
go_bp	GOBP_POSITIVE_REGULATION_OF_CHONDROCYTE_DIFFERENTIATION	LOW_EVIDENCE	1.4782617327173808	0	-0.8410764679976922	0.8598896207940182	0.8949881912537918	0.8444161021150033		NONE
go_bp	GOBP_ESTABLISHMENT_OF_SKIN_BARRIER	MIXED	-1.0713722914925872	0	-0.821940779473617	0.8820983638430248	1.0005794085076334	0.7461270478248407		NONE
go_bp	GOBP_STRIATUM_DEVELOPMENT	MIXED	0.6575778727943611	0	0.5333717203561382	0.9949371261715254	1.441955742116756	0.4219067509595846		NONE
go_bp	GOBP_REGULATION_OF_FIBROBLAST_GROWTH_FACTOR_RECEPTOR_SIGNALING_PATHWAY	LOW_EVIDENCE	1.348640543788435	0	-1.739244632265602	0.0660479565640011	-1.6461328044452403	0.1864970119601747		NONE
go_bp	GOBP_REGULATION_OF_SMOOTH_MUSCLE_CONTRACTION	LOW_EVIDENCE	1.198060421480147	0	-1.5707744208397183	0.0959541732542424	0.7154926455692616	0.9653999386670564		NONE
go_bp	GOBP_MESODERMAL_CELL_FATE_COMMITMENT	LOW_EVIDENCE	1.6638859199309302	0	-0.921194847997596	0.7927557637311554	0.897091949094106	0.8368397653407466		NONE
go_bp	GOBP_REGULATION_OF_GLUCOSE_TRANSMEMBRANE_TRANSPORT	LOW_EVIDENCE	1.2035671417238498	0	1.0824811949043445	0.6195513762366539	-1.317613391607567	0.4074962518740629		NONE
go_bp	GOBP_T_HELPER_17_CELL_DIFFERENTIATION	MIXED	-0.6898453516451727	0	1.2010924172908934	0.494026497574905	1.161243959386305	0.6378058266882303		NONE
go_bp	GOBP_CYTOPLASMIC_SEQUESTERING_OF_PROTEIN	not_tested_in_resistance		0	-0.9199615517331644	0.7944706488736428	0.9965780196139012	0.7774116125502095		NONE
go_bp	GOBP_REGULATION_OF_EXOSOMAL_SECRETION	MIXED	0.8708874963657962	0	-0.6418422632205106	0.9768158695439172	-1.098332780046965	0.6966130605006319		NONE
go_bp	GOBP_RETINA_DEVELOPMENT_IN_CAMERA_TYPE_EYE	MIXED	1.2643638639270125	0	-1.0110922973855576	0.6997521200260926	1.1459395151864198	0.5784691746467164		NONE
go_bp	GOBP_NEGATIVE_REGULATION_OF_ACTIVIN_RECEPTOR_SIGNALING_PATHWAY	not_tested_in_resistance		0	-1.087875593978092	0.6533877895320217	-1.1212179680475307	0.6897964310708582		NONE
go_bp	GOBP_PSEUDOURIDINE_SYNTHESIS	LOW_EVIDENCE	-1.1444644699564546	0	-1.2532147930188433	0.481111903064861	-1.4611772447326083	0.4322046531967123		NONE
go_bp	GOBP_REGULATION_OF_MITOCHONDRIAL_TRANSLATION	LOW_EVIDENCE	-1.314554699260474	0	-1.1715909543090175	0.5559342537866213	-1.4310871425460363	0.4322046531967123		NONE
go_bp	GOBP_FORELIMB_MORPHOGENESIS	LOW_EVIDENCE	1.2657403546662185	0	-1.5122427781317642	0.1323638876779954	1.2230848543288972	0.5825097574574853		NONE
go_bp	GOBP_SIGNAL_TRANSDUCTION_IN_ABSENCE_OF_LIGAND	MIXED	-1.076018498722136	0	1.2224879583100503	0.4235319183474696	1.1697182737282512	0.602117066011199		NONE
go_bp	GOBP_SYNAPTIC_TRANSMISSION_GABAERGIC	MIXED	1.0956048845790562	0	1.1095219833789036	0.6056528701854024	1.6160863202976992	0.1100533578847135		NONE
reactome	REACTOME_INACTIVATION_OF_CSF3_G_CSF_SIGNALING	LOW_EVIDENCE	-0.83427449290744	0	0.9012068536578148	0.8426541427138763	1.273568222075094	0.4101896657211191		NONE
reactome	REACTOME_FCGAMMA_RECEPTOR_FCGR_DEPENDENT_PHAGOCYTOSIS	MIXED	1.0706893657991603	0	-1.5076331582246552	0.0878340752749776	-1.3012510739562613	0.2382724668979033		NONE
go_bp	GOBP_SULFUR_COMPOUND_CATABOLIC_PROCESS	LOW_EVIDENCE	0.9561183125255036	0	1.195899585107979	0.4810634215484607	0.9882864133265484	0.7705990482840614		NONE
go_bp	GOBP_NEGATIVE_REGULATION_OF_PROTEIN_MATURATION	LOW_EVIDENCE	1.2465681766808774	0	1.3185145093373358	0.3833849676724138	0.7306211775642095	0.9377880822387696		NONE
reactome	REACTOME_DNA_DOUBLE_STRAND_BREAK_RESPONSE	MIXED	0.9090185251793432	0	0.953903566780464	0.8053451919690032	-1.1016078296131888	0.5197822141560798		NONE
go_bp	GOBP_ACTIN_MEDIATED_CELL_CONTRACTION	MIXED	1.071169654203037	0	-1.2237452891702745	0.4010000471720364	1.008238932739732	0.7748770307974182		NONE
go_bp	GOBP_GLANDULAR_EPITHELIAL_CELL_DEVELOPMENT	LOW_EVIDENCE	1.0692761591986146	0	-1.504507990232949	0.1543290518682228	1.0087814458454567	0.743474736678355		NONE
go_bp	GOBP_POSITIVE_REGULATION_OF_LEUKOCYTE_ADHESION_TO_VASCULAR_ENDOTHELIAL_CELL	LOW_EVIDENCE	1.191276882697494	0	0.771615462482489	0.9097389857136196	1.3833268371283491	0.4490010788496151		NONE
go_bp	GOBP_PIGMENT_GRANULE_LOCALIZATION	LOW_EVIDENCE	0.6613375118438339	0	1.0130129008146995	0.7257682029592558	0.7808253439645817	0.9078347643614436		NONE
go_bp	GOBP_REGULATION_OF_AMINO_ACID_TRANSMEMBRANE_TRANSPORT	not_tested_in_resistance		0			1.1236798246376911	0.6922800323621363		NONE
reactome	REACTOME_ZBP1_DAI_MEDIATED_INDUCTION_OF_TYPE_I_IFNS	LOW_EVIDENCE	1.1386405319467667	0	-0.8897883752094524	0.8450228702707178	1.087160161782433	0.5720031796502385		NONE
go_bp	GOBP_STEROID_HORMONE_MEDIATED_SIGNALING_PATHWAY	MIXED	-1.0520600393808084	0	-1.0709225014356878	0.5986182093507477	-1.243250350223139	0.4443475654614315		NONE
reactome	REACTOME_PIWI_INTERACTING_RNA_PIRNA_BIOGENESIS	LOW_EVIDENCE	-1.392447560489	0	-1.1386707328732164	0.5703595185302502	-1.0136313058490234	0.6582011619640625		NONE
reactome	REACTOME_REGULATION_OF_NF_KAPPA_B_SIGNALING	MIXED	-0.678008614030113	0	1.3612111503713682	0.3643385131523162	1.0538788043331724	0.6093145598019496		NONE
go_bp	GOBP_REGULATION_OF_HUMORAL_IMMUNE_RESPONSE_MEDIATED_BY_CIRCULATING_IMMUNOGLOBULIN	not_tested_in_resistance		0			1.2580230037405695	0.5795704159526407		NONE
go_bp	GOBP_INTESTINAL_EPITHELIAL_CELL_DEVELOPMENT	LOW_EVIDENCE	0.8995506844799137	0			-1.2049834226638851	0.6093863472789276		NONE
go_bp	GOBP_PALLIUM_DEVELOPMENT	LOW_EVIDENCE	1.22488243705621	0	-1.2303098864068511	0.3397645373561932	1.32773051328168	0.2717263738973666		NONE
reactome	REACTOME_COBALAMIN_CBL_VITAMIN_B12_TRANSPORT_AND_METABOLISM	MIXED	-0.2196941227377339	0	0.7679930848216165	0.9376515184907656	0.7657559620644047	0.8820913461538461		NONE
reactome	REACTOME_RHO_GTPASES_ACTIVATE_NADPH_OXIDASES	LOW_EVIDENCE	1.162042062232966	0	0.8570931096171301	0.8579965850882185	-1.016318031042833	0.6535323446485177		NONE
reactome	REACTOME_ERCC6_CSB_AND_EHMT2_G9A_POSITIVELY_REGULATE_RRNA_EXPRESSION	MIXED	0.4434687193619048	0	-1.5624280873657792	0.1837711118147605	-1.2274062143368614	0.4250244283760015		NONE
go_bp	GOBP_RESPONSE_TO_FOLLICLE_STIMULATING_HORMONE	not_tested_in_resistance		0			-0.9001850569317679	0.8259192391801861		NONE
go_bp	GOBP_ESTABLISHMENT_OF_CELL_POLARITY	MIXED	0.9561016143709102	0	-0.8855057891830844	0.8861290155197791	1.1367411068548028	0.5813468510378902		NONE
go_bp	GOBP_REGULATION_OF_ACTIVIN_RECEPTOR_SIGNALING_PATHWAY	MIXED	0.827541145876968	0	-0.6599828131050938	0.9768158695439172	-0.6330220856901215	0.9834468425658732		NONE
go_bp	GOBP_POSITIVE_REGULATION_OF_TELOMERE_CAPPING	LOW_EVIDENCE	-1.402401659289178	0	0.7132454941038878	0.9328880724048206	-0.8181534123812169	0.882049225159526		NONE
go_bp	GOBP_CARDIOBLAST_DIFFERENTIATION	not_tested_in_resistance		0			-0.9546231065131656	0.7885880077369439		NONE
go_bp	GOBP_NEGATIVE_REGULATION_OF_CILIUM_ASSEMBLY	LOW_EVIDENCE	0.8061046145904632	0	0.5236667922764041	0.9981903277098448	1.1309867074200493	0.6785266606957842		NONE
go_bp	GOBP_REGULATION_OF_PIGMENTATION	not_tested_in_resistance		0			0.7196292841717086	0.9368798575262418		NONE
reactome	REACTOME_MEIOTIC_RECOMBINATION	LOW_EVIDENCE	-1.1784997747525736	0	-0.874077748414099	0.8552037607795523	-1.473197642884197	0.2289041586386809		NONE
reactome	REACTOME_CYTOSOLIC_SULFONATION_OF_SMALL_MOLECULES	LOW_EVIDENCE	-1.198603415047032	0	-0.9909940904696576	0.7585967812448767	-1.3163506468279742	0.3318143199196725		NONE
go_bp	GOBP_MAINTENANCE_OF_PROTEIN_LOCATION_IN_NUCLEUS	LOW_EVIDENCE	-1.223309667354752	0	-1.5944164765706472	0.1502862817698895	1.3456624107939616	0.4826139404142741		NONE
reactome	REACTOME_SEALING_OF_THE_NUCLEAR_ENVELOPE_NE_BY_ESCRT_III	MIXED	-0.6238268250648672	0	-0.9944318470083277	0.7423516587541774	-1.4372241381135942	0.2578543010015091		NONE
go_bp	GOBP_REGULATION_OF_CARBOHYDRATE_CATABOLIC_PROCESS	MIXED	0.7388207883692839	0	1.4126052116264427	0.2408101635012394	-0.9099613618032004	0.8410578721531521		NONE
go_bp	GOBP_POSITIVE_REGULATION_OF_CILIUM_ASSEMBLY	LOW_EVIDENCE	-1.0342945253694795	0	0.6605569426879071	0.9797187207574172	-1.1016678445714572	0.6633646308898268		NONE
go_bp	GOBP_POSITIVE_REGULATION_OF_SYNCYTIUM_FORMATION_BY_PLASMA_MEMBRANE_FUSION	not_tested_in_resistance		0	0.6836634733839112	0.9585524381879348	1.090941563236811	0.7060242274164674		NONE
go_bp	GOBP_NEURONAL_STEM_CELL_POPULATION_MAINTENANCE	LOW_EVIDENCE	1.2198291308016067	0	-0.7097534762196981	0.948561868562735	1.3122376279154104	0.5124534769833495		NONE
go_bp	GOBP_CIRCADIAN_RHYTHM	LOW_EVIDENCE	0.9574920494751914	0	-1.1491828014064067	0.4461735996163545	1.052888454221138	0.7017542618660254		NONE
go_bp	GOBP_UTERUS_DEVELOPMENT	MIXED	1.0655653262819025	0	-1.4658829961346769	0.2950804376054552	-1.1064895878867615	0.6762771762813934	CITED2	NONE
go_bp	GOBP_CATECHOL_CONTAINING_COMPOUND_BIOSYNTHETIC_PROCESS	not_tested_in_resistance		0	-1.2659985777479683	0.4707672929568594	0.8195098548746931	0.8847350692126689		NONE
go_bp	GOBP_POSITIVE_REGULATION_OF_LYMPHOCYTE_CHEMOTAXIS	not_tested_in_resistance		0	-1.28458940904647	0.4571683950808237	-1.586377065838415	0.2525338766440035		NONE
go_bp	GOBP_PROTEIN_CONTAINING_COMPLEX_REMODELING	MIXED	0.0075501778297626	0	-1.0406190549883694	0.6831975416688204	-0.996385960289838	0.7705990482840614		NONE
reactome	REACTOME_NCAM_SIGNALING_FOR_NEURITE_OUT_GROWTH	MIXED	1.108118420718222	0	-0.9564831148380196	0.8019679219189623	-1.0875080766316891	0.5480316001233463		NONE
go_bp	GOBP_FC_GAMMA_RECEPTOR_SIGNALING_PATHWAY	MIXED	1.2478899649879702	0	-0.9681982494031892	0.752070125039833	-0.8051960882568039	0.9145439050405754		NONE
go_bp	GOBP_BLASTOCYST_GROWTH	MIXED	0.6491901362329923	0	-1.140496927062108	0.6070661756341713	-1.4704960184923288	0.4042088333357813		NONE
go_bp	GOBP_TEMPERATURE_HOMEOSTASIS	LOW_EVIDENCE	1.1609297253330193	0	1.197098453829641	0.4015191729919937	1.1396611009344562	0.5814517325179412		NONE
reactome	REACTOME_FORMATION_OF_THE_NEPHRIC_DUCT	LOW_EVIDENCE	1.6241400003834745	0	-0.6956873253303988	0.9710695628611578	-0.7765860672352202	0.8857731958762887		NONE
go_bp	GOBP_PROTEIN_K48_LINKED_UBIQUITINATION	MIXED	-0.8641647123299226	0	-0.8453319825652704	0.9097389857136196	0.8918635625023719	0.8628571428571429		NONE
go_bp	GOBP_STRESS_GRANULE_ASSEMBLY	MIXED	0.7418013890945977	0	-1.002690451392393	0.7099621822072794	1.0495698448829478	0.7178287146226415		NONE
go_bp	GOBP_BILE_ACID_AND_BILE_SALT_TRANSPORT	LOW_EVIDENCE	0.9849631647465182	0	-1.0154547117563288	0.7038350488733075	1.1153659367185982	0.6710512225593432		NONE
go_bp	GOBP_REGULATION_OF_CELL_PROJECTION_ORGANIZATION	LOW_EVIDENCE	1.3623535502713289	0						NONE
go_bp	GOBP_REGULATION_OF_SYNAPTIC_VESICLE_ENDOCYTOSIS	MIXED	-0.2897979642384991	0			-0.8521467772116793	0.8517253042583932		NONE
go_bp	GOBP_REGULATION_OF_RECEPTOR_INTERNALIZATION	MIXED	0.830364679276639	0	-0.9158276081653388	0.8261335804686565	-1.2735922511927569	0.5040294851685585		NONE
go_bp	GOBP_PHOSPHATIDYLCHOLINE_METABOLIC_PROCESS	MIXED	0.8296486850372816	0	1.1423059436183378	0.5189756980505029	0.8333930719665855	0.8951721310896098		NONE
go_bp	GOBP_COPPER_ION_TRANSPORT	MIXED	-0.1402723890682931	0	-0.7678355842600804	0.908235162203904	0.681210030224757	0.9506481008495332		NONE
go_bp	GOBP_RETROGRADE_AXONAL_TRANSPORT	MIXED	0.0221232647216201	0	1.2139306746514569	0.5262225372076541	-0.9908793484134344	0.762091550077527		NONE
go_bp	GOBP_POSITIVE_REGULATION_OF_PHOSPHOLIPASE_ACTIVITY	LOW_EVIDENCE	1.2388037486635195	0	0.794645151376867	0.908235162203904	0.943816641857996	0.7980233503780831		NONE
go_bp	GOBP_PERIPHERAL_NERVOUS_SYSTEM_NEURON_DIFFERENTIATION	not_tested_in_resistance		0			0.7500930557401297	0.9165951972555746		NONE
reactome	REACTOME_RECRUITMENT_OF_MITOTIC_CENTROSOME_PROTEINS_AND_COMPLEXES	LOW_EVIDENCE	-1.306477810573328	0	-0.7983279913393245	0.9664516041030118	-1.2930963967907951	0.2959425015499782		NONE
go_bp	GOBP_DETERMINATION_OF_ADULT_LIFESPAN	LOW_EVIDENCE	-1.1646868943225772	0	-1.3570630721695935	0.3500862424055195	0.7958580059973375	0.898347410943812		NONE
reactome	REACTOME_LEISHMANIA_INFECTION	MIXED	-0.8483538943759596	0	-1.2746068535193922	0.2638941706959309	-1.08197247024847	0.5166234676007005		NONE
reactome	REACTOME_BUDDING_AND_MATURATION_OF_HIV_VIRION	MIXED	0.7526758744267253	0	1.4923646325319395	0.1512272865753922	0.9559888383279356	0.701158277926532		NONE
reactome	REACTOME_DISEASES_OF_SIGNAL_TRANSDUCTION_BY_GROWTH_FACTOR_RECEPTORS_AND_SECOND_MESSENGERS	LOW_EVIDENCE	1.1020156107828258	0	-1.046790230364102	0.5874643224112341	-1.205918693958857	0.142237633748078		NONE
reactome	REACTOME_PKMTS_METHYLATE_HISTONE_LYSINES	LOW_EVIDENCE	-0.99159433107692	0	-0.6976740247858381	0.9958732113511156	-1.429434814349802	0.2109824451300219		NONE
reactome	REACTOME_RECEPTOR_TYPE_TYROSINE_PROTEIN_PHOSPHATASES	LOW_EVIDENCE	1.174152243684751	0			-0.64274870434737	0.9665330125634856		NONE
go_bp	GOBP_REGULATION_OF_CHOLESTEROL_BIOSYNTHETIC_PROCESS	MIXED	0.2846878963991638	0	-0.98031830204516	0.7441394426978579	1.2206542085620318	0.6008843036109064		NONE
go_bp	GOBP_REGULATION_OF_MICROTUBULE_CYTOSKELETON_ORGANIZATION	MIXED	-0.977420615628968	0	1.1619820658384357	0.4432630922094753	-1.0626171431661624	0.690626764539808		NONE
go_bp	GOBP_POSITIVE_REGULATION_OF_INTRINSIC_APOPTOTIC_SIGNALING_PATHWAY	LOW_EVIDENCE	1.2216752863521214	0	1.4355918024239107	0.135912614113541	-0.8598020701949718	0.8798672957124076		NONE
go_bp	GOBP_REGULATION_OF_T_CELL_RECEPTOR_SIGNALING_PATHWAY	LOW_EVIDENCE	0.9170357680089476	0	1.0551165073322637	0.6707780979827089	1.265404390171595	0.5441078339783799		NONE
go_bp	GOBP_ATP_TRANSPORT	LOW_EVIDENCE	-0.9678002378621886	0	1.3425832634977022	0.4091376641004433	0.8995356517474147	0.8468438588292051		NONE
go_bp	GOBP_MIDDLE_EAR_MORPHOGENESIS	LOW_EVIDENCE	1.3462742194211446	0	1.3129470274830954	0.4235319183474696	-0.6776412384455852	0.961348009394188		NONE
go_bp	GOBP_POSITIVE_REGULATION_OF_NUCLEOTIDE_METABOLIC_PROCESS	LOW_EVIDENCE	1.2743172832264311	0	1.5140861212555763	0.1904500798964329	-0.9302114834979148	0.8318051218410031		NONE
go_bp	GOBP_MODULATION_BY_HOST_OF_VIRAL_PROCESS	MIXED	0.8540915879496236	0	0.8879845839676938	0.845226844522564	-0.9244192223411528	0.8279529284342612		NONE
reactome	REACTOME_MATURATION_OF_TCA_ENZYMES_AND_REGULATION_OF_TCA_CYCLE	MIXED	0.8125260669272815	0	1.0131335340051923	0.7131248855520967	-1.7451770548560956	0.0932444106699355		NONE
reactome	REACTOME_CARBOXYTERMINAL_POST_TRANSLATIONAL_MODIFICATIONS_OF_TUBULIN	MIXED	-1.1775083608334185	0	-1.04153913460715	0.6703809815414224	0.5639861053583767	0.99511513633298		NONE
go_bp	GOBP_POSITIVE_REGULATION_OF_DENDRITIC_SPINE_MORPHOGENESIS	LOW_EVIDENCE	0.9996406600213285	0	0.8548102255700617	0.8576734306937227	1.0790277587383348	0.7161927877947296		NONE
go_bp	GOBP_STEROL_TRANSPORT	MIXED	1.1535386972464825	0	1.5689174012263294	0.0607890846654955	1.053441705499566	0.7208111459507287		NONE
go_bp	GOBP_INOSITOL_PHOSPHATE_BIOSYNTHETIC_PROCESS	MIXED	-0.0474817664378039	0	0.7952522569611903	0.8919569481140486	1.5395975722497028	0.2395248614708634		NONE
go_bp	GOBP_POSITIVE_REGULATION_OF_AMINO_ACID_TRANSPORT	MIXED	0.1296671358066227	0	1.0649764023294526	0.6783439069812491	0.9467003626451476	0.8183225806451614		NONE
go_bp	GOBP_POSITIVE_REGULATION_OF_FATTY_ACID_METABOLIC_PROCESS	MIXED	0.7547794031427817	0	1.1047011237880962	0.6130655460350379	0.7889954411460751	0.9091077702801268		NONE
reactome	REACTOME_CLASS_I_PEROXISOMAL_MEMBRANE_PROTEIN_IMPORT	LOW_EVIDENCE	-0.8250572008265658	0	-1.3902201199619542	0.2994201255667945	1.2154016490078454	0.4649093722369585		NONE
go_bp	GOBP_REGULATION_OF_RAC_PROTEIN_SIGNAL_TRANSDUCTION	MIXED	0.8270532897121269	0	-1.0550733841727769	0.6737040971636314	1.3435960586925295	0.4826139404142741		NONE
go_bp	GOBP_IRON_ION_TRANSPORT	LOW_EVIDENCE	1.275064143701268	0	1.4348262564751968	0.2196848729524205	-1.466725517279979	0.2102518462838113		NONE
go_bp	GOBP_RHYTHMIC_BEHAVIOR	MIXED	0.9337836085345308	0	-0.7603478638308446	0.9399491413540862	1.2751691293915004	0.5274954054252738		NONE
go_bp	GOBP_MORPHOGENESIS_OF_A_POLARIZED_EPITHELIUM	LOW_EVIDENCE	1.3268572561445229	0	-1.4320318424927596	0.1479536300657108	-0.8899286665082882	0.8555577414912454		NONE
go_bp	GOBP_REGULATION_OF_SECONDARY_METABOLIC_PROCESS	LOW_EVIDENCE	0.7733784539661887	0	-0.9298894264584848	0.7849574372759858	-0.5745252590705592	0.9760692792663708		NONE
go_bp	GOBP_AXO_DENDRITIC_TRANSPORT	MIXED	0.9153580196628514	0	0.9333608597493134	0.8144335198288629	1.1611609488131058	0.6202018153237666		NONE
reactome	REACTOME_RHOC_GTPASE_CYCLE	MIXED	0.6895564835586596	0	-1.6022923026278968	0.0773133726669471	1.0465485833227623	0.6090289798010563		NONE
go_bp	GOBP_NITRIC_OXIDE_MEDIATED_SIGNAL_TRANSDUCTION	LOW_EVIDENCE	1.509939013041908	0	-1.4037055786159398	0.3509177493180452	0.6981643576621316	0.9455149782923624		NONE
go_bp	GOBP_ORGANOPHOSPHATE_BIOSYNTHETIC_PROCESS	LOW_EVIDENCE	0.9600270391748996	0						NONE
go_bp	GOBP_TRANSLESION_SYNTHESIS	MIXED	-0.8852262297430955	0	-1.0439825391018915	0.6703372212872757	-1.2885909303244112	0.5172992870705406		NONE
go_bp	GOBP_CELLULAR_RESPONSE_TO_REACTIVE_NITROGEN_SPECIES	not_tested_in_resistance		0	-1.6133211508188925	0.1311640472388729	-0.8705240482994637	0.8474991911699199		NONE
reactome	REACTOME_ACYL_CHAIN_REMODELLING_OF_PE	LOW_EVIDENCE	-1.0093972865842518	0	0.8976560280508719	0.8380011302439998	0.898298966403622	0.7508786516004685		NONE
go_bp	GOBP_REGULATION_OF_G_PROTEIN_COUPLED_RECEPTOR_SIGNALING_PATHWAY	MIXED	0.9694761083575963	0	0.932344782675754	0.8277810826888756	-0.8790892619296264	0.9018944817105844		NONE
go_bp	GOBP_CELL_COMMUNICATION_INVOLVED_IN_CARDIAC_CONDUCTION	LOW_EVIDENCE	1.2950015871939484	0	-1.45922572982094	0.2759405975150076	-0.570234303850107	1.0		NONE
go_bp	GOBP_TRNA_THREONYLCARBAMOYLADENOSINE_METABOLIC_PROCESS	LOW_EVIDENCE	-1.2095982126027325	0	-0.954408640643444	0.7614509763190694	0.8030854484339122	0.8863184684307337		NONE
go_bp	GOBP_ACTIN_MYOSIN_FILAMENT_SLIDING	not_tested_in_resistance		0			-0.903130068860872	0.8287645964930773		NONE
go_bp	GOBP_REGULATION_OF_DNA_METHYLATION_DEPENDENT_HETEROCHROMATIN_FORMATION	LOW_EVIDENCE	0.9738391601503784	0						NONE
go_bp	GOBP_POSITIVE_REGULATION_OF_PEPTIDYL_TYROSINE_PHOSPHORYLATION	LOW_EVIDENCE	1.1341377175418217	0	0.9538374025286588	0.7944706488736428	0.9588139186039684	0.8183225806451614		NONE
reactome	REACTOME_SYNTHESIS_OF_PIPS_AT_THE_GOLGI_MEMBRANE	MIXED	0.7841355326599134	0	1.6699015969051492	0.0906787578177476	-0.9646043838018696	0.7072377622377622		NONE
go_bp	GOBP_REGULATION_OF_SYSTEMIC_ARTERIAL_BLOOD_PRESSURE_MEDIATED_BY_A_CHEMICAL_SIGNAL	LOW_EVIDENCE	0.9459068522142512	0	-1.4320980177605895	0.300485468122906	-0.9862330628142726	0.7799735991276233		NONE
reactome	REACTOME_AFLATOXIN_ACTIVATION_AND_DETOXIFICATION	not_tested_in_resistance		0			-0.4954403436790151	1.0		NONE
go_bp	GOBP_POSITIVE_REGULATION_OF_CARBOHYDRATE_METABOLIC_PROCESS	MIXED	1.2424395868114513	0	1.0602168928212212	0.6450612069362741	-0.975114781369084	0.8003958231636141		NONE
go_bp	GOBP_DETECTION_OF_MECHANICAL_STIMULUS_INVOLVED_IN_SENSORY_PERCEPTION	MIXED	0.1353392439401992	0	1.3996209893546216	0.3118106354478411	0.8189707431421935	0.8902810905031208		NONE
go_bp	GOBP_HYALURONAN_CATABOLIC_PROCESS	not_tested_in_resistance		0			0.610197128028523	0.9651808242220354		NONE
reactome	REACTOME_ACETYLCHOLINE_NEUROTRANSMITTER_RELEASE_CYCLE	not_tested_in_resistance		0			1.0842154735987932	0.5851195316311596		NONE
reactome	REACTOME_PROCESSING_OF_SMDT1	not_tested_in_resistance		0	-0.6579858367023264	0.9710695628611578				NONE
reactome	REACTOME_SIGNALING_BY_FGFR3	MIXED	0.8650857582221524	0	0.9659251466021308	0.7871170811721416	-1.3095266075133458	0.3327481152535371		NONE
go_bp	GOBP_POSITIVE_REGULATION_OF_CHROMOSOME_SEGREGATION	LOW_EVIDENCE	-0.9155969355691248	0	1.5565915924445546	0.1692116028137411	-1.1435706766998903	0.6391264060247004		NONE
go_bp	GOBP_POSITIVE_REGULATION_OF_COLD_INDUCED_THERMOGENESIS	MIXED	0.990682572335276	0	1.1967787003749404	0.4169138487904554	0.9846330586706424	0.7878260869565218		NONE
go_bp	GOBP_POSITIVE_REGULATION_OF_ORGANIC_ACID_TRANSPORT	MIXED	-0.9357362877346246	0	-0.9898685055679008	0.7208013878784487	0.8528989816066914	0.8799651224505269		NONE
go_bp	GOBP_REGULATION_OF_ATP_METABOLIC_PROCESS	MIXED	0.8534718437786983	0	1.3453755549849855	0.278276025450115	-1.0389416460083718	0.7334257072062329		NONE
go_bp	GOBP_HISTONE_MRNA_CATABOLIC_PROCESS	LOW_EVIDENCE	0.919004333828658	0	0.7556787805060469	0.9132559981756424				NONE
go_bp	GOBP_PULMONARY_VALVE_DEVELOPMENT	LOW_EVIDENCE	1.5094951813065212	0	-1.0488481226810766	0.6783439069812491	1.0726255304496946	0.7037131998069498		NONE
reactome	REACTOME_ACTIVATED_TAK1_MEDIATES_P38_MAPK_ACTIVATION	MIXED	0.8331839327018253	0	1.1604956962517512	0.5697570332480819	-0.7932403252286373	0.8841393544713712		NONE
reactome	REACTOME_BBSOME_MEDIATED_CARGO_TARGETING_TO_CILIUM	MIXED	-0.4797382330241564	0	-1.0658862423612818	0.6674402565983207	0.6199691164720069	0.9651969595035595		NONE
go_bp	GOBP_FOAM_CELL_DIFFERENTIATION	LOW_EVIDENCE	1.1324511762575151	0	-1.0779724396125865	0.63441911783144	-1.0177802714691937	0.7446769648262185		NONE
go_bp	GOBP_POSITIVE_REGULATION_OF_JNK_CASCADE	LOW_EVIDENCE	1.3082335558675109	0	-1.070324163684987	0.6199743706161661	-0.9187292728166696	0.8450714487021419		NONE
reactome	REACTOME_SIGNALING_BY_RETINOIC_ACID	LOW_EVIDENCE	0.9983361515898764	0	1.1194937479191984	0.5870820515406727	1.2949141547815808	0.3323144432359449		NONE
reactome	REACTOME_RUNX1_INTERACTS_WITH_CO_FACTORS_WHOSE_PRECISE_EFFECT_ON_RUNX1_TARGETS_IS_NOT_KNOWN	MIXED	1.4263705777776348	0	-0.9070387682751816	0.8437037037037037	1.3353306790931845	0.3327481152535371		NONE
reactome	REACTOME_ENERGY_DEPENDENT_REGULATION_OF_MTOR_BY_LKB1_AMPK	MIXED	0.9390823489127048	0	1.1066619390048484	0.6107529218583986	1.3867832547163754	0.2852790816021194		NONE
go_bp	GOBP_MYOTUBE_DIFFERENTIATION	MIXED	1.1527998759730802	0	-0.9662594794453898	0.7506232815293674	-0.7981467216990759	0.9647544128933232		NONE
reactome	REACTOME_NRAGE_SIGNALS_DEATH_THROUGH_JNK	MIXED	-0.9002235620204921	0	-1.0972749219102509	0.578650391524643	1.0852782382547743	0.5485460087321856		NONE
go_bp	GOBP_POSITIVE_REGULATION_OF_MYELOID_LEUKOCYTE_MEDIATED_IMMUNITY	not_tested_in_resistance		0	0.766602623939579	0.906998329970202	-1.2471282374200463	0.5714688940092165		NONE
reactome	REACTOME_TICAM1_RIP1_MEDIATED_IKK_COMPLEX_RECRUITMENT	MIXED	0.9646203157472676	0	1.0589741544220457	0.676411820380692	1.2683029823534346	0.4034801068600324		NONE
go_bp	GOBP_CD40_SIGNALING_PATHWAY	not_tested_in_resistance		0			0.800663853161458	0.8902810905031208		NONE
go_bp	GOBP_POSITIVE_REGULATION_OF_ACTIVATED_T_CELL_PROLIFERATION	MIXED	0.9551857195757054	0	0.9268405328350864	0.7909190772610766	-1.087131327542666	0.690626764539808		NONE
reactome	REACTOME_BMAL1_CLOCK_NPAS2_ACTIVATES_CIRCADIAN_GENE_EXPRESSION	LOW_EVIDENCE	1.232037458674949	0	1.311068349754351	0.4115051903114187	-0.8658084590269701	0.8109692962740355		NONE
go_bp	GOBP_POSITIVE_REGULATION_OF_CELL_SUBSTRATE_JUNCTION_ORGANIZATION	LOW_EVIDENCE	1.2257880027958856	0	-1.3723392909032397	0.3402000860585197	1.2982046203631823	0.5143288301235988		NONE
go_bp	GOBP_CYCLIC_NUCLEOTIDE_METABOLIC_PROCESS	LOW_EVIDENCE	1.4333968969108686	0	-1.027055898321399	0.680176913553354	-0.9111231528479676	0.8475438866646134		NONE
go_bp	GOBP_POSITIVE_REGULATION_OF_SMAD_PROTEIN_SIGNAL_TRANSDUCTION	LOW_EVIDENCE	1.188720536366457	0	-0.9446543148019394	0.7689689480023041	1.103842689283184	0.6947615964009406		NONE
go_bp	GOBP_REGULATION_OF_RESPIRATORY_BURST	not_tested_in_resistance		0	-0.8863277767721625	0.8198453881181827	-1.19854813906082	0.6136991745091309		NONE
go_bp	GOBP_RESPIRATORY_GASEOUS_EXCHANGE_BY_RESPIRATORY_SYSTEM	LOW_EVIDENCE	1.2343882666347374	0	0.7675920925587615	0.9650742626918064	1.229580829152365	0.5434936140159798		NONE
reactome	REACTOME_SIGNALING_BY_ERBB2_IN_CANCER	MIXED	1.1958139880426129	0	-1.3780304273472448	0.3091419899926175	-1.4633572182594068	0.2336443124294021		NONE
go_bp	GOBP_EPITHELIAL_STRUCTURE_MAINTENANCE	MIXED	1.1854336774788463	0	-1.2031290794315384	0.5103227337446606	-1.0800725472628905	0.690626764539808		NONE
go_bp	GOBP_POSITIVE_REGULATION_OF_ESTABLISHMENT_OF_PROTEIN_LOCALIZATION_TO_MITOCHONDRION	LOW_EVIDENCE	1.0086109182981795	0	1.63550104828653	0.0758814219094571	1.1127405128295484	0.6759823879442163		NONE
reactome	REACTOME_TRANSCRIPTIONAL_REGULATION_OF_GRANULOPOIESIS	LOW_EVIDENCE	1.0292353667504182	0	-1.1164356315196458	0.5946092145410903	-1.294632397673065	0.3327481152535371		NONE
reactome	REACTOME_ACTIVATED_NOTCH1_TRANSMITS_SIGNAL_TO_THE_NUCLEUS	MIXED	1.0723045692371007	0	1.417124814380914	0.2402168197454878	0.6775724979914923	0.9651969595035595		NONE
go_bp	GOBP_DNA_TEMPLATED_DNA_REPLICATION_MAINTENANCE_OF_FIDELITY	LOW_EVIDENCE	-0.9063230970519504	0	-1.5229521379942654	0.1203136253618362	-1.5018234560021146	0.222496763746256		NONE
reactome	REACTOME_RHOD_GTPASE_CYCLE	LOW_EVIDENCE	1.1810141086351689	0	-1.4388908545263408	0.2223639015000076	1.2591229123077887	0.3651243781094527		NONE
go_bp	GOBP_PROTEIN_LOCALIZATION_TO_MITOCHONDRION	MIXED	0.5420394637688922	0	1.32042701255864	0.2550263590097355	0.9195028666992386	0.8475673036838756		NONE
go_bp	GOBP_PURINE_CONTAINING_COMPOUND_TRANSMEMBRANE_TRANSPORT	MIXED	1.01820875413107	0	1.392926574532727	0.3038286310448612	-0.7505190932878469	0.952324033373		NONE
reactome	REACTOME_NEUREXINS_AND_NEUROLIGINS	MIXED	-1.0154076443387183	0	-0.900160021967459	0.8479572362036618	0.6132242611504832	0.993826811962434		NONE
go_bp	GOBP_DEVELOPMENTAL_MATURATION	LOW_EVIDENCE	1.1817870903088803	0	-1.0565162416098457	0.5987183030470531	1.362672949375285	0.1391022749610636		NONE
reactome	REACTOME_TRANSLESION_SYNTHESIS_BY_POLH	MIXED	-1.2143392226506444	0	1.2992145365070082	0.4287688999624561	-1.7979813716544706	0.0641234251209312		NONE
go_bp	GOBP_HOMEOSTASIS_OF_NUMBER_OF_CELLS	LOW_EVIDENCE	0.958257622978393	0	1.0562595801057584	0.6204923244618039	-1.228189547356105	0.3888547045093883	CITED2	NONE
go_bp	GOBP_AMIDE_CATABOLIC_PROCESS	not_tested_in_resistance		0			0.8855271003166052	0.8463220312595189		NONE
reactome	REACTOME_SIGNALING_BY_CTNNB1_PHOSPHO_SITE_MUTANTS	MIXED	0.6941513561695147	0	-0.9529149898581072	0.7819879485369959	-1.3562752302487415	0.351177130044843		NONE
go_bp	GOBP_INTRINSIC_APOPTOTIC_SIGNALING_PATHWAY_IN_RESPONSE_TO_OXIDATIVE_STRESS	MIXED	-0.992772610290884	0	-0.7754255647828836	0.9487463984681186	-1.0140249402337076	0.7469732720011202		NONE
reactome	REACTOME_METABOLISM_OF_COFACTORS	LOW_EVIDENCE	-1.2237322647696725	0	-0.7698122566806361	0.9463853830051012	-0.6212187141289007	0.970606590753302		NONE
go_bp	GOBP_POSITIVE_REGULATION_OF_SMOOTH_MUSCLE_CELL_MIGRATION	LOW_EVIDENCE	1.3194218511576867	0	-1.439303528985161	0.298637606329914	-1.006894792619914	0.741524063150473		NONE
go_bp	GOBP_CELL_CELL_ADHESION_MEDIATED_BY_INTEGRIN	not_tested_in_resistance		0	-1.3447480408584025	0.4179628725956651	1.0577367970260023	0.7317661307566367		NONE
go_bp	GOBP_DNA_DEMETHYLATION	LOW_EVIDENCE	-0.6933487839489066	0	-1.18628910080062	0.5330165069766492	0.6289145245623351	0.9683609618660723		NONE
reactome	REACTOME_G_BETA_GAMMA_SIGNALLING_THROUGH_CDC42	LOW_EVIDENCE	-1.1511671155949563	0	0.7279436194531702	0.9502417657807418	1.0399786592614737	0.6074660633484164		NONE
go_bp	GOBP_RESPONSE_TO_ACIDIC_PH	MIXED	0.2703936452579812	0	-0.8484105974020858	0.8598896207940182	1.139086486917165	0.6615587696847162		NONE
go_bp	GOBP_ESTABLISHMENT_OF_MITOCHONDRION_LOCALIZATION_MICROTUBULE_MEDIATED	MIXED	-0.8928544377107561	0	-0.8821615466882249	0.8314670933942733	0.9770125853748788	0.7878260869565218		NONE
go_bp	GOBP_CORTICOSTEROID_HORMONE_SECRETION	not_tested_in_resistance		0	-1.2999769325252322	0.4445705060723547	-1.863145084210136	0.0917209515877246		NONE
reactome	REACTOME_SYNTHESIS_OF_PC	MIXED	1.1486254577235986	0	1.1028867881014228	0.6375620851320615	-0.953089101661589	0.7116146993318486		NONE
go_bp	GOBP_REGULATION_OF_RESPONSE_TO_CYTOKINE_STIMULUS	MIXED	0.8688335826603242	0	-1.0262483045966149	0.6599587823004087	-0.9207066998177038	0.8793781774719691		NONE
go_bp	GOBP_MAINTENANCE_OF_PROTEIN_LOCATION_IN_CELL	MIXED	0.8196359368903511	0	1.421332128943319	0.2130016649992455	1.5745646655434418	0.1608484412737242		NONE
go_bp	GOBP_DNA_DOUBLE_STRAND_BREAK_PROCESSING	LOW_EVIDENCE	-0.7118064483127858	0	-1.3282934825598278	0.4039525972182799	-0.5864719523077623	0.9834468425658732		NONE
go_bp	GOBP_REGULATION_OF_FLAGELLATED_SPERM_MOTILITY	not_tested_in_resistance		0			0.9497127224209416	0.8063042676271142		NONE
go_bp	GOBP_RESPONSE_TO_L_GLUTAMATE	not_tested_in_resistance		0			0.7359227643018551	0.9227426528002536		NONE
go_bp	GOBP_MAMMARY_GLAND_ALVEOLUS_DEVELOPMENT	MIXED	0.8721495146152187	0	-1.648978844527046	0.0903396899371848	-1.358617310106344	0.4794329804605964		NONE
go_bp	GOBP_POSITIVE_REGULATION_OF_RECEPTOR_INTERNALIZATION	MIXED	-0.296186401928485	0	0.8003858636174704	0.8894881500863389	-0.9285713518182336	0.8139418812584314		NONE
go_bp	GOBP_COMPLEMENT_ACTIVATION	MIXED	-1.0523216319581892	0	-1.1763024244539253	0.5107971097541798	1.5534250879307248	0.2067841918228897		NONE
go_bp	GOBP_POSITIVE_REGULATION_OF_NOTCH_SIGNALING_PATHWAY	MIXED	1.4497129817298262	0	-0.8996037202532092	0.8314670933942733	0.7440611002609115	0.9340650785544348		NONE
go_bp	GOBP_REGULATION_OF_ISOTYPE_SWITCHING	LOW_EVIDENCE	0.8093116693867773	0	-1.012169641716448	0.6999417424591066	0.9863597749749295	0.7761819465910603		NONE
go_bp	GOBP_MESENCHYMAL_CELL_APOPTOTIC_PROCESS	not_tested_in_resistance		0			-0.6408472251920997	0.961226851851852		NONE
go_bp	GOBP_TELENCEPHALON_GLIAL_CELL_MIGRATION	MIXED	1.1524789393071386	0	-0.6927329108895661	0.9549803587298756	-0.9127157592941648	0.8328031255683106		NONE
go_bp	GOBP_PROTEIN_LOCALIZATION_TO_VACUOLE	LOW_EVIDENCE	0.905285622788734	0	0.823052655978997	0.9225495915985996	1.185654745122406	0.5733453722468872		NONE
reactome	REACTOME_SIGNALING_BY_FGFR	MIXED	0.6220152966118964	0	-0.906088532796937	0.8519538677976408	-1.1208587256577252	0.4695974525925574		NONE
go_bp	GOBP_REGULATION_OF_FATTY_ACID_METABOLIC_PROCESS	MIXED	-0.8491372181075355	0	1.4208488102092276	0.2759405975150076	0.7782454152396356	0.9440611715314782		NONE
reactome	REACTOME_INTEGRIN_SIGNALING	MIXED	1.090321270598481	0	-1.2230923842697785	0.4602824642126789	1.3729727005872292	0.3161302982731554		NONE
go_bp	GOBP_MUSCLE_CELL_FATE_COMMITMENT	not_tested_in_resistance		0			-0.9030614848854612	0.822227611559277		NONE
go_bp	GOBP_KINETOCHORE_ASSEMBLY	MIXED	-0.8650123164370137	0	-0.6900451516604997	0.9568694763394984	-1.1140478525172033	0.6764539791581766		NONE
go_bp	GOBP_REGULATION_OF_MEMBRANE_DEPOLARIZATION	LOW_EVIDENCE	-0.9589724894981162	0	1.1242797924008858	0.5786096689055344	0.8712776765377416	0.8604058741292944		NONE
go_bp	GOBP_NEGATIVE_REGULATION_OF_ESTABLISHMENT_OF_PROTEIN_LOCALIZATION	LOW_EVIDENCE	0.9979865675801805	0	1.3639568689428223	0.2088422920739645	1.5392011519773956	0.0991840906489651		NONE
go_bp	GOBP_SEQUESTERING_OF_TRIGLYCERIDE	not_tested_in_resistance		0	0.9495370053844872	0.7790741437711705	0.9487782171355192	0.8039741996749113		NONE
go_bp	GOBP_REGULATION_OF_SUPEROXIDE_ANION_GENERATION	not_tested_in_resistance		0	-0.9382077137989908	0.7659382219241374	1.0405351471668869	0.7544836464577384		NONE
go_bp	GOBP_POSITIVE_REGULATION_OF_TRANSCRIPTION_BY_RNA_POLYMERASE_I	LOW_EVIDENCE	0.7771619486482062	0	-1.2878404042467566	0.400369802771855	-1.3414550987100722	0.4682636357900969		NONE
go_bp	GOBP_POSTSYNAPTIC_SPECIALIZATION_ORGANIZATION	MIXED	0.8946923515938461	0	-1.118509434885833	0.5652984746388924	1.461924968290332	0.3248833384332925		NONE
go_bp	GOBP_PEPTIDYL_LYSINE_METHYLATION	MIXED	-0.0024299351283498	0	-1.0130181979219062	0.7139042787530872	-0.9260130748470552	0.8053333333333333		NONE
go_bp	GOBP_NEGATIVE_REGULATION_OF_EXTRINSIC_APOPTOTIC_SIGNALING_PATHWAY_VIA_DEATH_DOMAIN_RECEPTORS	MIXED	1.1510164760195576	0	1.115539769612924	0.6167355539785808	-0.9911660854397224	0.7460371920675221		NONE
go_bp	GOBP_MALE_GAMETE_GENERATION	MIXED	-0.9400536960128724	0	1.0919726554562992	0.503858186980755				NONE
go_bp	GOBP_SNRNA_3_END_PROCESSING	LOW_EVIDENCE	-0.7100671963805555	0	-1.0061439559752436	0.7192608386638236	-1.3162109641517397	0.5032192246656086		NONE
go_bp	GOBP_NEGATIVE_REGULATION_OF_AMINE_TRANSPORT	LOW_EVIDENCE	1.2085142281114751	0	-1.053659999573057	0.6760475297060663	0.92425253314053	0.8260882543697066		NONE
go_bp	GOBP_RESPONSE_TO_MURAMYL_DIPEPTIDE	MIXED	0.2304451104117469	0	1.161005258173424	0.5895501777885179	0.9130260865295706	0.83612046418863		NONE
go_bp	GOBP_REGULATION_OF_AMPA_RECEPTOR_ACTIVITY	LOW_EVIDENCE	1.3264013970548534	0			0.7143454102207811	0.9371177863614636		NONE
go_bp	GOBP_LYSOSOMAL_PROTEIN_CATABOLIC_PROCESS	MIXED	0.5054314053938079	0	1.3220833261011664	0.4313604636270491	-0.9219788498506302	0.8182752499299262		NONE
go_bp	GOBP_REGULATION_OF_PHOSPHOPROTEIN_PHOSPHATASE_ACTIVITY	LOW_EVIDENCE	1.0247336911246172	0	-0.9453616471129984	0.7765281536123365	0.90402420902601	0.8341884915638379		NONE
go_bp	GOBP_FLUID_TRANSPORT	LOW_EVIDENCE	0.8002574125682475	0	-1.2709662635073382	0.4432630922094753	-0.9222760217519904	0.8416973552058923		NONE
go_bp	GOBP_MEIOTIC_SPINDLE_ORGANIZATION	MIXED	-0.9225374167042502	0	-1.0026184597312962	0.7180631537285801	1.5958526105402355	0.2082391013495563		NONE
go_bp	GOBP_REGULATION_OF_CARDIAC_MUSCLE_CELL_DIFFERENTIATION	LOW_EVIDENCE	1.5296101081585205	0	-0.9893380910062308	0.7300529233870967	-1.0104752876674414	0.7544836464577384		NONE
go_bp	GOBP_MORPHOGENESIS_OF_AN_ENDOTHELIUM	not_tested_in_resistance		0	0.7742437959562475	0.9068442499245396	1.0404590326203025	0.7333248250198154		NONE
reactome	REACTOME_REGULATION_OF_MITF_M_DEPENDENT_GENES_INVOLVED_IN_CELL_CYCLE_AND_PROLIFERATION	MIXED	0.6839766256050235	0	-1.0469073876920372	0.7031217689794456	-1.142207716797763	0.5082453720042349		NONE
go_bp	GOBP_THYROID_HORMONE_METABOLIC_PROCESS	MIXED	0.1370886269787904	0	-0.8771050861483302	0.8318449723164851	0.7547812954264769	0.9331436768297168		NONE
go_bp	GOBP_REGULATION_OF_MONONUCLEAR_CELL_MIGRATION	LOW_EVIDENCE	1.19961879178171	0	-0.9025422290692344	0.8654195973805482	-1.0807375943371296	0.6683216594752738		NONE
go_bp	GOBP_POSITIVE_REGULATION_OF_STEROL_TRANSPORT	MIXED	1.2582719232231243	0	-1.2081912949927398	0.5107971097541798	1.0282138467230075	0.7333248250198154		NONE
go_bp	GOBP_ASPARTATE_FAMILY_AMINO_ACID_BIOSYNTHETIC_PROCESS	LOW_EVIDENCE	1.2608902357105511	0	0.8383515415479925	0.8598896207940182	1.3266541176505604	0.5019048221112415		NONE
go_bp	GOBP_B_CELL_ACTIVATION_INVOLVED_IN_IMMUNE_RESPONSE	LOW_EVIDENCE	1.1863951253563068	0	-1.3284907587488377	0.3163906180524677	0.9982362341493272	0.7683634020618557		NONE
go_bp	GOBP_REGULATION_OF_PROTEIN_LOCALIZATION_TO_CELL_SURFACE	MIXED	-1.0217811639739522	0	1.1355082182768192	0.5583399459254774	0.7049773952546584	0.9517495916866812		NONE
go_bp	GOBP_AMINO_ACID_CATABOLIC_PROCESS	LOW_EVIDENCE	-1.158332153599985	0	1.0727987817246816	0.6304824561403509	-0.895962767525711	0.871182484631316		NONE
go_bp	GOBP_PYRIDINE_CONTAINING_COMPOUND_CATABOLIC_PROCESS	MIXED	-0.7439256584446711	0	1.416983541982901	0.1664243413352361	-1.140807881717275	0.6010614772224679		NONE
go_bp	GOBP_PARASYMPATHETIC_NERVOUS_SYSTEM_DEVELOPMENT	LOW_EVIDENCE	1.1434354130538305	0	-1.2814315182863285	0.452838697280008	1.2042701232291635	0.605301724137931		NONE
go_bp	GOBP_POSITIVE_REGULATION_OF_LIPID_BIOSYNTHETIC_PROCESS	LOW_EVIDENCE	1.2040125667401338	0	1.6018105627370471	0.1069441298985585	0.9241748386141544	0.8403519898525449		NONE
go_bp	GOBP_NEGATIVE_REGULATION_OF_ATP_DEPENDENT_ACTIVITY	not_tested_in_resistance		0	0.7759570703037498	0.9022727272727272	0.9427689643726476	0.8192723773284367		NONE
go_bp	GOBP_REGULATION_OF_INTEGRIN_ACTIVATION	not_tested_in_resistance		0			1.2481136780937776	0.5801005662727038		NONE
go_bp	GOBP_REGULATION_OF_ENDOTHELIAL_CELL_DEVELOPMENT	LOW_EVIDENCE	1.0460439488081774	0	-1.4649441058616652	0.318538165824506	0.985541661585519	0.7807332146052016		NONE
go_bp	GOBP_SEX_DETERMINATION	not_tested_in_resistance		0	-0.7014453646226617	0.9527901968925928	1.0353027023608496	0.7572188657394763	CITED2	NONE
go_bp	GOBP_POSITIVE_REGULATION_OF_PROTEIN_CONTAINING_COMPLEX_DISASSEMBLY	MIXED	0.7655144434230657	0	-0.7410636447695982	0.9409090909090908	1.3436127939751763	0.5019048221112415		NONE
reactome	REACTOME_HEDGEHOG_LIGAND_BIOGENESIS	LOW_EVIDENCE	-0.8362286624675974	0	1.5831469123241106	0.0652765989392982	-1.481249359664951	0.0941362296157684		NONE
go_bp	GOBP_CELLULAR_RESPONSE_TO_ALDEHYDE	LOW_EVIDENCE	-1.2404032647783625	0	0.9613017649193276	0.7736962314427103	0.7672411319232555	0.9065908463843392		NONE
go_bp	GOBP_DNA_SYNTHESIS_INVOLVED_IN_DNA_REPAIR	MIXED	-0.8127099869619121	0	-0.8110201713154165	0.9134422900938	-1.265927247343784	0.5139622117254793		NONE
go_bp	GOBP_MELANOSOME_ASSEMBLY	MIXED	0.7397950908894448	0	-0.906390871375022	0.7944706488736428	1.0877324151486236	0.7122427178623014		NONE
go_bp	GOBP_NEGATIVE_REGULATION_OF_CHEMOKINE_PRODUCTION	LOW_EVIDENCE	1.4901948701469487	0	-0.5360453785315211	0.9973978323943844	1.037480613966563	0.7568898623279099		NONE
go_bp	GOBP_GLUCAN_METABOLIC_PROCESS	LOW_EVIDENCE	1.248348497481319	0	1.4295872050968208	0.2268328269039795	-1.1237510845594365	0.6444040875837064		NONE
go_bp	GOBP_MEGAKARYOCYTE_DEVELOPMENT	LOW_EVIDENCE	1.1236748659739506	0	-1.0746727582676456	0.6694820653095386	-1.2442997192931504	0.5727355338885206		NONE
go_bp	GOBP_REGULATION_OF_TRIGLYCERIDE_METABOLIC_PROCESS	MIXED	-0.8273890060747754	0	1.3334090253762596	0.3531692689484024	-0.9296500400406464	0.8310799492689463		NONE
go_bp	GOBP_CANONICAL_NF_KAPPAB_SIGNAL_TRANSDUCTION	LOW_EVIDENCE	1.2263308452535804	0	-1.1708779426906095	0.3368519517407602	-0.9627687073103978	0.8306433178624315		NONE
go_bp	GOBP_PLASMA_MEMBRANE_REPAIR	MIXED	1.0864645299357176	0	-0.8662618127560404	0.85326825984517	-0.9819736872038372	0.7748770307974182		NONE
go_bp	GOBP_EYE_MORPHOGENESIS	MIXED	1.052239840923278	0	-0.7767055443552007	0.9883821265427974	1.2488997197438938	0.4322046531967123	CITED2	NONE
go_bp	GOBP_REGULATION_OF_MACROPHAGE_ACTIVATION	LOW_EVIDENCE	1.3943979488650489	0	1.0894908108979795	0.6307090243741827	-0.790602397608199	0.9268152437685452		NONE
go_bp	GOBP_GOLGI_TO_PLASMA_MEMBRANE_TRANSPORT	LOW_EVIDENCE	0.7582612805596831	0	0.8156485536293144	0.9302917694525884	0.9433825975449108	0.8123720677474867		NONE
go_bp	GOBP_MAINTENANCE_OF_PROTEIN_LOCATION	MIXED	0.8060843062894482	0	1.2888151503355418	0.3163906180524677	1.656561798730906	0.0774666013474289		NONE
go_bp	GOBP_REGULATION_OF_LEUKOCYTE_DIFFERENTIATION	MIXED	1.0188194881699346	0	-1.054272152806483	0.6020350480497456	1.3068729549619733	0.1994654286817431		NONE
go_bp	GOBP_GLYCOLIPID_BIOSYNTHETIC_PROCESS	MIXED	-0.9413878006160716	0	0.7388563338221626	0.98419529429452	1.017009246272811	0.7376371901073597		NONE
reactome	REACTOME_MTOR_SIGNALLING	MIXED	0.9455313812552696	0	1.241836324121428	0.4246957403651116	1.2273888917886313	0.4050792054312296		NONE
reactome	REACTOME_RNA_POLYMERASE_III_TRANSCRIPTION_INITIATION_FROM_TYPE_1_PROMOTER	MIXED	-0.5599058728070511	0	-1.315001834896674	0.309942843044533	-0.9531679553791462	0.7109604478025531		NONE
go_bp	GOBP_AMIDE_BIOSYNTHETIC_PROCESS	MIXED	-1.0257038807990233	0	1.4717286227025963	0.077882535296468	-0.9577917988109068	0.8298326426805626		NONE
go_bp	GOBP_ANTERIOR_POSTERIOR_AXIS_SPECIFICATION	MIXED	1.1752410520105496	0	-1.0750325877673208	0.6156145717463849	0.8305877788705919	0.8927507234678368		NONE
go_bp	GOBP_OVULATION_CYCLE	MIXED	-1.3129829500988943	0	-1.5841783996582923	0.0570136636760785	-0.9711843489658304	0.798255680959046		NONE
reactome	REACTOME_TRAF6_MEDIATED_IRF7_ACTIVATION	LOW_EVIDENCE	-1.0311807822862151	0	1.1504058010558995	0.5993825993825994	1.016102779298413	0.6314374514374514		NONE
go_bp	GOBP_REGULATION_OF_ARP2_3_COMPLEX_MEDIATED_ACTIN_NUCLEATION	MIXED	0.7984242039043676	0	1.1910719329016215	0.5208470902635892	-1.6406570981668476	0.2094564663022259		NONE
go_bp	GOBP_SERINE_PHOSPHORYLATION_OF_STAT_PROTEIN	not_tested_in_resistance		0			1.1618402464278743	0.6484401519178671		NONE
go_bp	GOBP_POSITIVE_REGULATION_OF_PROTEIN_POLYUBIQUITINATION	LOW_EVIDENCE	-0.8445069253983746	0						NONE
go_bp	GOBP_PROTEIN_CONTAINING_COMPLEX_DISASSEMBLY	MIXED	1.2269928928149534	0	0.9627045636165552	0.7907305245361925	1.281430352701287	0.3353513086679717		NONE
go_bp	GOBP_REGULATION_OF_GLYCOPROTEIN_METABOLIC_PROCESS	MIXED	-1.1880825011327318	0	1.2338990008037762	0.4235319183474696	1.2840049515923608	0.5206724576411137		NONE
go_bp	GOBP_NEGATIVE_REGULATION_OF_LEUKOCYTE_MIGRATION	LOW_EVIDENCE	-1.198888579899762	0	-0.8537937561378435	0.8733017028807909	1.4191737306070398	0.4074962518740629		NONE
go_bp	GOBP_NEUROTROPHIN_SIGNALING_PATHWAY	MIXED	0.8204271998742528	0	0.8648806124140195	0.8692177742345729	-1.0210601179524976	0.7306710268959474		NONE
reactome	REACTOME_POSTMITOTIC_NUCLEAR_PORE_COMPLEX_NPC_REFORMATION	MIXED	-0.5478325510537503	0	-1.2903983366644496	0.3758391319008061	-0.9279851015394284	0.7246963562753037		NONE
go_bp	GOBP_ECTODERM_DEVELOPMENT	LOW_EVIDENCE	0.9943025299836118	0	-1.0192339647848063	0.7108191433606404	-0.9776359015033872	0.7817781733994945		NONE
reactome	REACTOME_UPTAKE_AND_ACTIONS_OF_BACTERIAL_TOXINS	LOW_EVIDENCE	1.456408252372298	0	0.6452423458287427	0.9926538675226866	-1.1719155895346067	0.4608443134535367		NONE
reactome	REACTOME_MECP2_REGULATES_NEURONAL_RECEPTORS_AND_CHANNELS	not_tested_in_resistance		0	-1.0274632467486409	0.7085448392554992	-0.9785866696354064	0.6869050452165635		NONE
go_bp	GOBP_POSITIVE_REGULATION_OF_DNA_TEMPLATED_TRANSCRIPTION_INITIATION	MIXED	-0.7354242658797147	0	0.9289834123568076	0.8076721791919614	-1.617988832166806	0.0827082032431484		NONE
go_bp	GOBP_SYNAPTIC_VESICLE_PRIMING	LOW_EVIDENCE	0.8911062212800497	0	1.3230628676613223	0.4235319183474696	1.0017654441269883	0.7761819465910603		NONE
go_bp	GOBP_PHAGOCYTOSIS_RECOGNITION	LOW_EVIDENCE	1.1008872086300958	0	0.8511982670617689	0.8518518518518519	1.2512425444084634	0.5727355338885206		NONE
go_bp	GOBP_ENDOSOME_TO_LYSOSOME_TRANSPORT_VIA_MULTIVESICULAR_BODY_SORTING_PATHWAY	MIXED	1.0481070602861289	0	1.394603429733381	0.3470824949698188	-1.4243754793477474	0.4556815829780187		NONE
go_bp	GOBP_TROPHOBLAST_CELL_MIGRATION	LOW_EVIDENCE	1.210054177392443	0			-1.2823115386346198	0.5714688940092165		NONE
go_bp	GOBP_MEMBRANE_INVAGINATION	MIXED	1.064814749313494	0	-0.9867274488915831	0.7383091975806817	0.9986756318430844	0.7460371920675221		NONE
go_bp	GOBP_CELLULAR_RESPONSE_TO_PROSTAGLANDIN_E_STIMULUS	not_tested_in_resistance		0			1.0330660737116617	0.7378762886597938		NONE
go_bp	GOBP_NEGATIVE_REGULATION_OF_SMALL_MOLECULE_METABOLIC_PROCESS	MIXED	-0.911557140609899	0	1.1255100781922884	0.5430711839530332	0.8597431593461367	0.8863184684307337		NONE
go_bp	GOBP_PTERIDINE_CONTAINING_COMPOUND_METABOLIC_PROCESS	MIXED	-1.0020084828118063	0	1.0685272560432075	0.6435364575717697	-1.2393439621593645	0.5488952913957625		NONE
go_bp	GOBP_AORTIC_VALVE_MORPHOGENESIS	LOW_EVIDENCE	1.2364004890220444	0	-0.8187474449805595	0.9065442607481964	0.954884530477695	0.7885880077369439		NONE
go_bp	GOBP_CELLULAR_RESPONSE_TO_RETINOIC_ACID	LOW_EVIDENCE	1.2734869236419282	0	-1.3588947222960832	0.297113419818522	0.9258025238391904	0.8290107642997462		NONE
go_bp	GOBP_ALANINE_TRANSPORT	LOW_EVIDENCE	-1.4700447365795024	0			0.837476094819891	0.871182484631316		NONE
go_bp	GOBP_MITOTIC_DNA_REPLICATION	MIXED	-0.897474105875146	0	-1.6396592392525575	0.1129095372986482	-1.7442623011074845	0.1496467838569297		NONE
go_bp	GOBP_MYELOID_CELL_HOMEOSTASIS	MIXED	0.8537750697193013	0	1.245955080804786	0.2862291611109764	-1.4957030744686133	0.0715069924475238	CITED2	NONE
go_bp	GOBP_REGULATION_OF_RHO_PROTEIN_SIGNAL_TRANSDUCTION	LOW_EVIDENCE	1.2644025714725524	0	0.8240779277279576	0.9222362578471904	1.0325237542705197	0.722488038277512		NONE
go_bp	GOBP_RNA_5_END_PROCESSING	LOW_EVIDENCE	-0.9079245188545152	0	-1.581878419439067	0.1136071490699404	-1.7964543924744512	0.081696771967675		NONE
go_bp	GOBP_PHOSPHOLIPID_CATABOLIC_PROCESS	MIXED	-0.7551249123591167	0	1.0774476659246546	0.6428895075435961	0.9457200665933266	0.8122703126987822		NONE
go_bp	GOBP_POSITIVE_REGULATION_OF_B_CELL_DIFFERENTIATION	not_tested_in_resistance		0	0.522330620194723	0.9972133757961784	-1.0297500611404806	0.7386857944490137		NONE
go_bp	GOBP_CYTOPLASMIC_MICROTUBULE_ORGANIZATION	MIXED	-0.791851714094749	0	-1.5543651354951007	0.0834264719735215	0.8136991351893149	0.912240680713128		NONE
reactome	REACTOME_APOPTOSIS	MIXED	-0.8104210102247306	0	-1.002159907809187	0.7353830999788926	-1.415951268501018	0.0543009310349099		NONE
go_bp	GOBP_NUCLEAR_MEMBRANE_REASSEMBLY	MIXED	0.7221707464419546	0	1.485000587243844	0.1946603437478445	-1.2542551902721577	0.5575806425799806		NONE
go_bp	GOBP_CALCIUM_ION_TRANSPORT_INTO_CYTOSOL	MIXED	-0.2403423854320937	0	-0.9749436677197536	0.7407256420709335	1.3157071467501449	0.4889128728414442		NONE
go_bp	GOBP_PIRNA_PROCESSING	not_tested_in_resistance		0			0.7701962820331848	0.9091645394503204		NONE
go_bp	GOBP_INORGANIC_ANION_TRANSMEMBRANE_TRANSPORT	MIXED	1.3635905290395012	0	-1.0143547337298289	0.6908651207617382	0.9552552599874858	0.8180596233892233		NONE
reactome	REACTOME_RUNX2_REGULATES_BONE_DEVELOPMENT	LOW_EVIDENCE	1.350359399344667	0	-0.9868088612278216	0.7571781561859521	-1.6071959334738093	0.1225707948374644		NONE
go_bp	GOBP_PYRIMIDINE_NUCLEOSIDE_METABOLIC_PROCESS	LOW_EVIDENCE	1.1556353906587302	0	-0.6754743260471738	0.9608058768449346	-0.588474114393094	0.984464463220676		NONE
go_bp	GOBP_IMPORT_INTO_THE_MITOCHONDRION	MIXED	-1.021683730651506	0	1.1515414809710784	0.520180559751198	1.0483204254641132	0.7251067894810419		NONE
go_bp	GOBP_CEREBELLAR_CORTEX_DEVELOPMENT	MIXED	0.9967219382743946	0	1.2579978282046518	0.4062166634010407	-0.7636468975134897	0.9335647629986532		NONE
go_bp	GOBP_CELLULAR_RESPONSE_TO_VIRUS	LOW_EVIDENCE	1.1555227132181485	0	-0.8829774437734836	0.8620421036507332	1.151244487001182	0.6172457335025544		NONE
go_bp	GOBP_NEGATIVE_REGULATION_OF_INTERLEUKIN_1_PRODUCTION	MIXED	0.3621296246850732	0	-1.4816433200324213	0.2759405975150076	1.1713453419095314	0.6322897444522337		NONE
go_bp	GOBP_REGULATION_OF_ANOIKIS	MIXED	0.8720570146926433	0	-1.0928124975901603	0.6428895075435961	1.0394019217008266	0.748807195611711		NONE
go_bp	GOBP_OLIGOSACCHARIDE_CATABOLIC_PROCESS	not_tested_in_resistance		0			-0.8854366205086438	0.8400202292650034		NONE
go_bp	GOBP_REGULATION_OF_TRANSLATION_IN_RESPONSE_TO_STRESS	MIXED	0.739352523667372	0	1.295487816218997	0.4133333333333333	-0.7776694930561403	0.9109562034100908		NONE
reactome	REACTOME_NUCLEOTIDE_EXCISION_REPAIR	LOW_EVIDENCE	-1.0036446785601094	0	-1.0108177357121235	0.7131248855520967	-1.3465137565176253	0.1227741920464764		NONE
go_bp	GOBP_PLASMA_MEMBRANE_TUBULATION	MIXED	0.888057740398777	0	0.6919974243485708	0.954583566238122	0.8707407337006184	0.8475673036838756		NONE
reactome	REACTOME_NONHOMOLOGOUS_END_JOINING_NHEJ	LOW_EVIDENCE	-0.6429743432361822	0	-1.3703409264332698	0.2748046875	0.9388156473953888	0.7109604478025531		NONE
go_bp	GOBP_NEGATIVE_REGULATION_OF_HUMORAL_IMMUNE_RESPONSE	not_tested_in_resistance		0			1.3509606695588607	0.4889128728414442		NONE
go_bp	GOBP_POSITIVE_REGULATION_OF_EXCITATORY_POSTSYNAPTIC_POTENTIAL	LOW_EVIDENCE	1.0178147984914467	0	-1.0781035604564124	0.642676342560304	1.4784138712273656	0.3543491864831039		NONE
go_bp	GOBP_DICARBOXYLIC_ACID_METABOLIC_PROCESS	LOW_EVIDENCE	-1.0182101933326808	0	1.5245084136969085	0.1285245598045431	-1.3350633779854348	0.2970873680794286		NONE
go_bp	GOBP_REGULATION_OF_B_CELL_DIFFERENTIATION	MIXED	0.9490660226179696	0	-0.6850169643971653	0.9737350639312056	-0.7613504841132692	0.9368798575262418		NONE
go_bp	GOBP_REGULATION_OF_MICROTUBULE_POLYMERIZATION	MIXED	-0.950273570565332	0	0.9774002400881356	0.762302305640244	-0.952408325948792	0.7928050559066602		NONE
reactome	REACTOME_COOPERATION_OF_PREFOLDIN_AND_TRIC_CCT_IN_ACTIN_AND_TUBULIN_FOLDING	MIXED	-0.6868901520478589	0	-1.5684553274532556	0.1544690846734601	-1.166512544202521	0.4649093722369585		NONE
go_bp	GOBP_REGULATION_OF_EXIT_FROM_MITOSIS	MIXED	0.2200733033530927	0	1.0489060360225806	0.6940183232129541	-0.8451976317700879	0.8565413963494571		NONE
reactome	REACTOME_MTORC1_MEDIATED_SIGNALLING	MIXED	0.8683359058764869	0	1.498488500750826	0.2125486743484296	-1.119765660238201	0.5082453720042349		NONE
go_bp	GOBP_POSITIVE_REGULATION_OF_FATTY_ACID_BIOSYNTHETIC_PROCESS	not_tested_in_resistance		0			1.161830691825132	0.6330174820277458		NONE
go_bp	GOBP_NEUROTRANSMITTER_RECEPTOR_TRANSPORT	LOW_EVIDENCE	0.8887998676683464	0	-0.8835284648050861	0.8153715258082813	1.0412649797929774	0.7306382697767423		NONE
go_bp	GOBP_POSITIVE_REGULATION_OF_TRANSCRIPTION_REGULATORY_REGION_DNA_BINDING	not_tested_in_resistance		0			0.8272105505070769	0.8724084571778765		NONE
reactome	REACTOME_INTERLEUKIN_1_SIGNALING	MIXED	-1.0100954630923773	0	0.9214080119511676	0.8519538677976408	-1.2806287975578834	0.250671023456646		NONE
go_bp	GOBP_REGULATION_OF_URINE_VOLUME	not_tested_in_resistance		0	-0.999260308945741	0.7192608386638236	0.9745792958425402	0.8032685847078734		NONE
go_bp	GOBP_REGULATION_OF_MRNA_CATABOLIC_PROCESS	MIXED	0.8291142790670929	0	-1.0242392964822995	0.6703372212872757	-1.3715180220315946	0.1238194120452821		NONE
reactome	REACTOME_SYNTHESIS_OF_VERY_LONG_CHAIN_FATTY_ACYL_COAS	MIXED	0.297770071586889	0	-0.924946392426668	0.8265939604681998	0.9225165167934192	0.7270092137148968		NONE
go_bp	GOBP_ESTROGEN_METABOLIC_PROCESS	MIXED	-0.9436807581653062	0	0.782124883072553	0.906998329970202	1.31499239324602	0.4937498683628551		NONE
go_bp	GOBP_REGULATORY_T_CELL_DIFFERENTIATION	MIXED	0.7595298430733736	0	0.8324506263919735	0.8848827058244169	-0.8796998005760605	0.8719081039456413		NONE
go_bp	GOBP_CELLULAR_RESPONSE_TO_GONADOTROPIN_STIMULUS	not_tested_in_resistance		0	-1.0176563844358304	0.6905847012939043	-1.2440186018396384	0.5714688940092165		NONE
go_bp	GOBP_OTIC_VESICLE_DEVELOPMENT	not_tested_in_resistance		0			0.8505713326175408	0.8710061378819222		NONE
reactome	REACTOME_REGULATION_OF_PYRUVATE_METABOLISM	MIXED	0.6371840192831087	0	1.660650325705581	0.0659804837031658	-0.9068487710263892	0.7648394795596273		NONE
go_bp	GOBP_PROTEIN_ACYLATION	LOW_EVIDENCE	0.9660694585271344	0	1.0659108909029364	0.6409336850116243	0.8788022071281544	0.882049225159526		NONE
go_bp	GOBP_ACROSOME_ASSEMBLY	LOW_EVIDENCE	0.674399228764825	0	1.102697508960525	0.6533877895320217	1.055897604920475	0.7161927877947296		NONE
go_bp	GOBP_REGULATION_OF_MEIOTIC_CELL_CYCLE	MIXED	0.7210892146212131	0	0.8125462870765706	0.9322513196681976	0.9343274637457358	0.8192723773284367		NONE
go_bp	GOBP_MITOTIC_INTRA_S_DNA_DAMAGE_CHECKPOINT_SIGNALING	LOW_EVIDENCE	-0.8570357606489123	0	-0.974247382930434	0.7407256420709335	-0.6583127409456403	0.9554175739011698		NONE
go_bp	GOBP_REGULATION_OF_POLYSACCHARIDE_BIOSYNTHETIC_PROCESS	LOW_EVIDENCE	0.861636456107283	0	-0.9681962977569588	0.7542166309095089	-1.1644067274603065	0.6184818798055043		NONE
reactome	REACTOME_VOLTAGE_GATED_POTASSIUM_CHANNELS	LOW_EVIDENCE	1.3607453611412568	0	-1.0669476717336512	0.6497744800726589	1.56270106336661	0.0941362296157684		NONE
go_bp	GOBP_DNA_REPAIR_DEPENDENT_CHROMATIN_REMODELING	MIXED	-0.5390916112314251	0	1.0194213658245503	0.7135516474006305	-1.7363598904643132	0.1527509255997925		NONE
go_bp	GOBP_NEGATIVE_REGULATION_OF_KERATINOCYTE_PROLIFERATION	MIXED	-0.9185534976729328	0	-0.5894528630599137	0.9894814845309896	0.4945404803884259	0.9899861488739548		NONE
go_bp	GOBP_REGULATION_OF_SODIUM_ION_TRANSMEMBRANE_TRANSPORT	LOW_EVIDENCE	1.447133244194953	0	0.905427297401796	0.832826288486413	1.3809865273982738	0.4410389438361003		NONE
reactome	REACTOME_PROCESSIVE_SYNTHESIS_ON_THE_C_STRAND_OF_THE_TELOMERE	MIXED	-0.8914725736279899	0	1.169821675255747	0.5629409501004831	-1.321903357579924	0.3363655061516024		NONE
go_bp	GOBP_REGULATION_OF_NITRIC_OXIDE_SYNTHASE_ACTIVITY	LOW_EVIDENCE	-1.3702366510667705	0	-1.2225457468510597	0.4978526844896155	0.5942739309877229	0.9760280780353924		NONE
reactome	REACTOME_RHOA_GTPASE_CYCLE	LOW_EVIDENCE	1.2208208328389	0	-1.408735991239437	0.0926722924678348	1.3615577062406314	0.2289041586386809		NONE
reactome	REACTOME_DNA_DAMAGE_BYPASS	LOW_EVIDENCE	-0.9581933199665634	0	0.9475236650912602	0.8167154457892021	-1.5080137862106846	0.1382313849516399		NONE
go_bp	GOBP_REGULATION_OF_POSTSYNAPTIC_NEUROTRANSMITTER_RECEPTOR_INTERNALIZATION	MIXED	-0.1518202348151408	0	-0.8808305167808811	0.8223185265438786	-1.5613744642407372	0.2786091034107993		NONE
go_bp	GOBP_REGULATION_OF_ANTIGEN_RECEPTOR_MEDIATED_SIGNALING_PATHWAY	LOW_EVIDENCE	1.071541547827031	0	-0.9893926956812644	0.7397228232267119	1.4740621242745826	0.3248833384332925		NONE
go_bp	GOBP_MACROMOLECULE_DEACYLATION	LOW_EVIDENCE	1.269469431327151	0	0.9966616000100108	0.7407256420709335	0.8387214442049917	0.8902810905031208		NONE
reactome	REACTOME_FLT3_SIGNALING_IN_DISEASE	LOW_EVIDENCE	0.9859277033808488	0	-0.882916187631704	0.85400867785088	-1.284829154654929	0.3691235458413455		NONE
go_bp	GOBP_CERAMIDE_CATABOLIC_PROCESS	MIXED	0.7593908655668352	0	1.5349826858108566	0.2484216613207319	-0.9753682211995524	0.7840262777579214		NONE
go_bp	GOBP_REGULATION_OF_DNA_REPAIR	MIXED	0.7773683216433932	0	-1.0607795196281224	0.6101872053631445	-1.3156604331589667	0.1523951033733382		NONE
go_bp	GOBP_INTERLEUKIN_10_PRODUCTION	LOW_EVIDENCE	1.1428237889716646	0	-1.0921842881897394	0.6114941225888613	1.0998651004418254	0.6762381454162276		NONE
go_bp	GOBP_NUCLEAR_TRANSPORT	MIXED	0.7195985497654155	0	-1.1741591129407	0.3621624365482234	-1.1776012917641006	0.4494238156209987		NONE
go_bp	GOBP_LIPID_CATABOLIC_PROCESS	MIXED	-1.110321941639378	0	1.0585998286116844	0.6166357688113413	1.0755261484666705	0.655729794933655		NONE
go_bp	GOBP_BLOOD_COAGULATION_FIBRIN_CLOT_FORMATION	not_tested_in_resistance		0			0.6214790580693381	0.9654768830713426		NONE
go_bp	GOBP_POSITIVE_REGULATION_OF_BINDING	MIXED	0.841064907389001	0	-0.8627213093381148	0.8949687542380103	-1.06928617332832	0.6952239617658852		NONE
go_bp	GOBP_POSITIVE_REGULATION_OF_NEUTROPHIL_MIGRATION	MIXED	1.1667007615806608	0	0.9358049590514548	0.7837024128148615	0.9717483434036668	0.7878260869565218		NONE
reactome	REACTOME_ADP_SIGNALLING_THROUGH_P2Y_PURINOCEPTOR_1	MIXED	0.0490531385527026	0	-0.8482043679495604	0.8847007481296758	1.145790344320454	0.5197822141560798		NONE
go_bp	GOBP_POSITIVE_REGULATION_OF_ERBB_SIGNALING_PATHWAY	MIXED	-0.9657087205604804	0	1.0687864263702809	0.6546077731058331	1.374816436704013	0.4494238156209987		NONE
go_bp	GOBP_MITOCHONDRIAL_ELECTRON_TRANSPORT_CYTOCHROME_C_TO_OXYGEN	LOW_EVIDENCE	1.1231212673115605	0	0.8360872609687893	0.8661063737868822	-0.9221416740036428	0.8164606763476799		NONE
go_bp	GOBP_RESPONSE_TO_PAIN	MIXED	-0.8154836385090865	0	-1.43946997806429	0.299807435935417	1.0147013172889925	0.7536060814896913		NONE
go_bp	GOBP_NEGATIVE_REGULATION_OF_OXIDOREDUCTASE_ACTIVITY	not_tested_in_resistance		0			-0.7926885229579907	0.892675369743039		NONE
go_bp	GOBP_PLASMA_MEMBRANE_PHOSPHOLIPID_SCRAMBLING	MIXED	0.1673224202476371	0	1.0444020113926589	0.6949307726663688	-0.6030596376795995	0.9818341577714136		NONE
go_bp	GOBP_REGULATION_OF_POTASSIUM_ION_TRANSMEMBRANE_TRANSPORTER_ACTIVITY	MIXED	0.911881023123444	0	-0.9953324085523266	0.7174279583077866	1.2791834419058847	0.5251003718792931		NONE
go_bp	GOBP_REGULATION_OF_MITOTIC_SPINDLE_ASSEMBLY	MIXED	0.790585450972958	0	1.237936215806137	0.4660242154682481	-1.308442884426101	0.5139622117254793		NONE
reactome	REACTOME_SENSORY_PROCESSING_OF_SOUND_BY_OUTER_HAIR_CELLS_OF_THE_COCHLEA	LOW_EVIDENCE	0.9333865805289904	0	-1.4001905482074484	0.217208759597922	1.0515712419072865	0.5992321867321868		NONE
go_bp	GOBP_RESPONSE_TO_VITAMIN_A	not_tested_in_resistance		0			1.2444288127106131	0.5825097574574853		NONE
go_bp	GOBP_CD8_POSITIVE_ALPHA_BETA_T_CELL_ACTIVATION	MIXED	-0.0172970542189022	0	-1.209824591964257	0.5122846886660035	1.0742235999214325	0.695808		NONE
go_bp	GOBP_FIBROBLAST_APOPTOTIC_PROCESS	MIXED	0.7187147739771428	0	1.1784783037974975	0.544910428529864	-1.278506497910186	0.5327090592334495		NONE
reactome	REACTOME_REGULATION_OF_RUNX1_EXPRESSION_AND_ACTIVITY	MIXED	1.1101088385798632	0	-1.3592812698460923	0.3444986288611786	-1.5638741027812726	0.1898890367515774		NONE
reactome	REACTOME_PROCESSING_OF_CAPPED_INTRONLESS_PRE_MRNA	MIXED	0.5743359879294069	0	-1.2125450983941424	0.4620979371747445	-1.103085774210844	0.546504424778761		NONE
reactome	REACTOME_DAP12_INTERACTIONS	MIXED	0.6140770716995023	0	-1.115609801573328	0.6006352133599713	-1.1607049152039657	0.4649093722369585		NONE
reactome	REACTOME_GAMMA_CARBOXYLATION_HYPUSINYLATION_HYDROXYLATION_AND_ARYLSULFATASE_ACTIVATION	LOW_EVIDENCE	0.9384877799408576	0	-0.7533785868605104	0.983440726807012	1.2039707931126005	0.4218229774722186		NONE
go_bp	GOBP_NEGATIVE_REGULATION_OF_ALPHA_BETA_T_CELL_PROLIFERATION	not_tested_in_resistance		0	1.180204109911812	0.5511328842620943	0.6961572714197811	0.9360858099562164		NONE
reactome	REACTOME_G_PROTEIN_BETA_GAMMA_SIGNALLING	MIXED	-0.8850189497733248	0	-0.7579815824079817	0.950693948520508	0.8635640909209609	0.7892586299780365		NONE
go_bp	GOBP_RETINA_LAYER_FORMATION	LOW_EVIDENCE	-0.8693435396883611	0	-0.94553049231669	0.7564553934235679	1.130379102669627	0.6615587696847162		NONE
go_bp	GOBP_ADENYLATE_CYCLASE_ACTIVATING_ADRENERGIC_RECEPTOR_SIGNALING_PATHWAY	LOW_EVIDENCE	1.1239843133018053	0			0.7899521165057923	0.9042730622159718		NONE
reactome	REACTOME_INTRINSIC_PATHWAY_OF_FIBRIN_CLOT_FORMATION	LOW_EVIDENCE	0.9796560256741568	0			1.0576792935426216	0.6074660633484164		NONE
go_bp	GOBP_NEGATIVE_REGULATION_OF_PHAGOCYTOSIS	LOW_EVIDENCE	0.948529944070318	0	-1.0800136623354797	0.654965310137724	1.1703792999357718	0.6525011446886447		NONE
reactome	REACTOME_REGULATION_OF_TP53_EXPRESSION_AND_DEGRADATION	LOW_EVIDENCE	-0.8808448966169322	0	1.101587312068702	0.6135136871867369	-1.2843399825615354	0.3686720867208672		NONE
reactome	REACTOME_DDX58_IFIH1_MEDIATED_INDUCTION_OF_INTERFERON_ALPHA_BETA	LOW_EVIDENCE	-0.9203044108423564	0	1.217440919849234	0.4195779866518999	0.7899487554745336	0.9178792237615766		NONE
reactome	REACTOME_SIGNALING_BY_FGFR1	LOW_EVIDENCE	1.139004992118685	0	-0.812013732335164	0.9376515184907656	0.9668235645465044	0.6983094928478544		NONE
go_bp	GOBP_FATTY_ACID_BETA_OXIDATION	MIXED	-1.1289038854314766	0	-1.235491094813449	0.3937375498007968	1.4227976545055772	0.3357442240850541		NONE
go_bp	GOBP_RESPONSE_TO_UV	MIXED	0.993356885712561	0	0.6960670688684604	0.9973978323943844	1.0596113351894	0.6952239617658852		NONE
go_bp	GOBP_SENSORY_PERCEPTION_OF_TASTE	MIXED	-1.249773626157249	0	-1.5174614881916215	0.1740341074874623	1.0702471699492322	0.6943831823940687		NONE
go_bp	GOBP_REGULATION_OF_NEUROTRANSMITTER_UPTAKE	not_tested_in_resistance		0			1.663512094929875	0.1555593877523332		NONE
go_bp	GOBP_SNRNA_PROCESSING	MIXED	0.5694368966521208	0	-1.1992561155574413	0.5076923076923077	-1.567233275275794	0.2786091034107993		NONE
go_bp	GOBP_I_KAPPAB_PHOSPHORYLATION	not_tested_in_resistance		0			-0.5051228329914709	0.9917616333723646		NONE
reactome	REACTOME_DAG_AND_IP3_SIGNALING	MIXED	1.0246938832037358	0	-1.1756579593078644	0.4854281992836209	-1.3055112549095291	0.336027890583097		NONE
go_bp	GOBP_PROTEIN_LOCALIZATION_TO_CONDENSED_CHROMOSOME	LOW_EVIDENCE	-0.8091139795022503	0	-0.8495857731052123	0.861984282907662				NONE
go_bp	GOBP_ATRIAL_CARDIAC_MUSCLE_CELL_TO_AV_NODE_CELL_COMMUNICATION	not_tested_in_resistance		0	-1.0467793338882825	0.680176913553354	0.8202531772252472	0.8798672957124076		NONE
reactome	REACTOME_SIGNALING_BY_PDGF	LOW_EVIDENCE	1.3474935732576798	0	-1.396036415421784	0.2229094868743638	-1.2787568960141311	0.3252327958210311		NONE
go_bp	GOBP_NEGATIVE_REGULATION_OF_T_CELL_PROLIFERATION	LOW_EVIDENCE	1.2717330457190843	0	0.93086782357499	0.8202319326512286	0.9189206669172452	0.8355743256864089		NONE
reactome	REACTOME_PEPTIDE_HORMONE_METABOLISM	MIXED	0.932529952806842	0	1.252538802390101	0.358315282468013	-0.8595651946802365	0.8668596840208708		NONE
reactome	REACTOME_RA_BIOSYNTHESIS_PATHWAY	LOW_EVIDENCE	1.262454312414911	0	1.5280317841042037	0.217208759597922	1.0585986922187742	0.6047625508819539		NONE
go_bp	GOBP_RESPONSE_TO_SALT	MIXED	1.1356162983590774	0	-0.870992718226528	0.8334045019215519	-1.3558683648005712	0.4884815214194686		NONE
go_bp	GOBP_NEGATIVE_REGULATION_OF_BONE_REMODELING	not_tested_in_resistance		0	0.7009742360080364	0.9414623044096728	1.508594216255455	0.3322644273460279		NONE
go_bp	GOBP_BONE_GROWTH	LOW_EVIDENCE	1.2165819306463266	0	-1.311054223046125	0.4067302452316076	0.929060491322246	0.8224292932607126		NONE
go_bp	GOBP_NEGATIVE_REGULATION_OF_PROTEOLYSIS	MIXED	1.088045500047588	0	1.1670149441018367	0.4201349247535029	0.8843471545203655	0.9003066921367892		NONE
go_bp	GOBP_MAINTENANCE_OF_CELL_POLARITY	LOW_EVIDENCE	1.109332167149724	0	-1.2426495515068283	0.481111903064861	0.8383695845458135	0.8685713988791923		NONE
reactome	REACTOME_GOLGI_ASSOCIATED_VESICLE_BIOGENESIS	MIXED	0.6501607637237512	0	1.589935772467455	0.0691020497796821	-1.1620290419786743	0.4490187398553932		NONE
go_bp	GOBP_NEGATIVE_REGULATION_OF_AXON_EXTENSION	MIXED	-0.7912534931460256	0	-0.8156175865195803	0.8891488656278121	1.3979604410498907	0.4397876559530695		NONE
go_bp	GOBP_ADRENERGIC_RECEPTOR_SIGNALING_PATHWAY	MIXED	-0.0888810612507043	0	-1.0554127280944527	0.6762613872289552	-0.7390179002510023	0.9458948005105648		NONE
reactome	REACTOME_MATURATION_OF_SARS_COV_2_NUCLEOPROTEIN	MIXED	-0.6996403213076882	0	-1.1931423955418363	0.5643835247183137	-1.797230104394466	0.0893780215924504		NONE
go_bp	GOBP_ESTABLISHMENT_OR_MAINTENANCE_OF_BIPOLAR_CELL_POLARITY	MIXED	0.9317636053651362	0	-0.954978488461019	0.7802353108228336	1.300303051720078	0.4982061158252844		NONE
go_bp	GOBP_LIPOPROTEIN_METABOLIC_PROCESS	MIXED	-0.794611494852761	0	1.405536103142039	0.1340395909260595	1.1542142109720046	0.5784691746467164		NONE
go_bp	GOBP_NEGATIVE_REGULATION_OF_OXIDATIVE_STRESS_INDUCED_INTRINSIC_APOPTOTIC_SIGNALING_PATHWAY	MIXED	-0.781069064472475	0	0.7532512677327563	0.9249936721320696	-1.550167927005686	0.2821263779034859		NONE
go_bp	GOBP_ANIMAL_ORGAN_REGENERATION	MIXED	-0.8049510988177959	0	-1.1757835626833348	0.4820621699602591	-0.996522821157858	0.7704081632653061		NONE
go_bp	GOBP_LIPID_HOMEOSTASIS	MIXED	0.9903812979288458	0	1.5130027534383703	0.0589624058105205	0.9958286994102172	0.7748770307974182		NONE
go_bp	GOBP_VASCULAR_ENDOTHELIAL_GROWTH_FACTOR_RECEPTOR_SIGNALING_PATHWAY	LOW_EVIDENCE	1.0478669717251972	0	0.8893682437280971	0.8651215805471124	0.8175996383284808	0.9000917057265132		NONE
go_bp	GOBP_POSITIVE_REGULATION_OF_MYELOID_CELL_DIFFERENTIATION	MIXED	0.8878214648891136	0	-0.9489824546753902	0.7944706488736428	-1.192764339711233	0.5139622117254793		NONE
go_bp	GOBP_REGULATION_OF_CARBOHYDRATE_BIOSYNTHETIC_PROCESS	MIXED	0.979304326557244	0	0.9532478759480324	0.7759315206445117	-1.3019624804651684	0.4274720051446226		NONE
reactome	REACTOME_FGFR2_ALTERNATIVE_SPLICING	MIXED	0.4763082964949117	0	-1.285622890651041	0.3810827891299768	1.037754898202207	0.6093145598019496		NONE
go_bp	GOBP_INTERLEUKIN_12_PRODUCTION	MIXED	-0.8524647481598213	0	-0.8407148289233201	0.8947992674587408	0.7840142589191348	0.9335147488144144		NONE
go_bp	GOBP_RESPONSE_TO_INTERLEUKIN_7	not_tested_in_resistance		0	1.3878934983467572	0.3531692689484024	-1.8910268093615936	0.0809173816484781		NONE
go_bp	GOBP_LYMPHOCYTE_ACTIVATION	LOW_EVIDENCE	1.0709035755687388	0						NONE
go_bp	GOBP_LIVER_REGENERATION	MIXED	-0.7440639818923028	0	-1.2822916916603757	0.4375769366934842	-1.2873851012872084	0.5139259175222645		NONE
go_bp	GOBP_NEGATIVE_REGULATION_OF_PROTEASOMAL_UBIQUITIN_DEPENDENT_PROTEIN_CATABOLIC_PROCESS	MIXED	-0.7206664116118945	0	0.9527046226029432	0.7815968328794708	-1.5247045237650785	0.2356151758454843		NONE
go_bp	GOBP_POSITIVE_REGULATION_OF_AMIDE_METABOLIC_PROCESS	LOW_EVIDENCE	0.9745529843763416	0	-1.072641221233334	0.6428895075435961	-1.1677188605268645	0.6093863472789276		NONE
reactome	REACTOME_NEGATIVE_REGULATION_OF_FLT3	LOW_EVIDENCE	-0.7990446736674448	0	0.7208778000624313	0.9535932645083692	1.6943678230001045	0.1246070559771168		NONE
go_bp	GOBP_PYRUVATE_METABOLIC_PROCESS	MIXED	-0.790793041632386	0	1.3192812371695084	0.2862291611109764	-1.0659492015106131	0.682570309356544		NONE
go_bp	GOBP_POSITIVE_REGULATION_OF_CELL_CYCLE_CHECKPOINT	MIXED	-0.9945777311542354	0	-1.0441052578120846	0.6806690196700508	-1.5487241018567843	0.2786091034107993		NONE
go_bp	GOBP_IONOTROPIC_GLUTAMATE_RECEPTOR_SIGNALING_PATHWAY	MIXED	0.2150849524261969	0			0.6758686385372279	0.9604901669409148		NONE
go_bp	GOBP_ICOSANOID_METABOLIC_PROCESS	MIXED	1.1026188840564728	0	-1.4105102228215318	0.1561687131731068	1.008650404468089	0.7689670318313352		NONE
go_bp	GOBP_REGULATION_OF_SHORT_TERM_NEURONAL_SYNAPTIC_PLASTICITY	not_tested_in_resistance		0			0.788467168215995	0.8936331576087261		NONE
reactome	REACTOME_DOWNREGULATION_OF_TGF_BETA_RECEPTOR_SIGNALING	MIXED	1.2902421975943104	0	1.0187162124050402	0.7336951254966566	0.9811048059649936	0.6840094062316284		NONE
go_bp	GOBP_NEGATIVE_REGULATION_OF_CARBOHYDRATE_METABOLIC_PROCESS	MIXED	-0.6936611134828253	0	1.4890995714329838	0.2556556292832878	-1.1017140281143205	0.690626764539808		NONE
reactome	REACTOME_GPVI_MEDIATED_ACTIVATION_CASCADE	MIXED	0.7707525911370036	0	-1.2562700899127806	0.4131430584918957	-1.3172223945999997	0.3327481152535371		NONE
go_bp	GOBP_TRANSMISSION_OF_NERVE_IMPULSE	MIXED	1.0862802097115851	0	-1.4989125986291767	0.1959076717079011	0.8253663594048491	0.9016206994597668		NONE
go_bp	GOBP_POSITIVE_REGULATION_OF_LIPID_LOCALIZATION	MIXED	1.2201935798065988	0	-1.0651397121454589	0.6366064538891192	0.933088680367801	0.8370970145546669		NONE
go_bp	GOBP_REGULATION_OF_TRANSMISSION_OF_NERVE_IMPULSE	not_tested_in_resistance		0			0.8149981100721683	0.8866599188626028		NONE
go_bp	GOBP_VESICLE_CYTOSKELETAL_TRAFFICKING	MIXED	-0.9197682380345288	0	1.372735952622268	0.2759405975150076	1.022470413509882	0.730942719389691		NONE
go_bp	GOBP_PURINE_CONTAINING_COMPOUND_CATABOLIC_PROCESS	MIXED	1.0628377450543736	0	1.03969840352332	0.671628935038968	-1.032053104385491	0.7188754926288132		NONE
go_bp	GOBP_ORGANELLE_TRANSPORT_ALONG_MICROTUBULE	MIXED	0.7514853928417333	0	1.27094495408717	0.3143239951278928	1.279551524646955	0.4889128728414442		NONE
go_bp	GOBP_PROTEIN_LOCALIZATION_TO_NUCLEOLUS	MIXED	0.8754374957346848	0	-0.7328693091195158	0.921994263555652	-0.9249647769633322	0.8172387872713606		NONE
reactome	REACTOME_SYNAPTIC_ADHESION_LIKE_MOLECULES	MIXED	-0.0716765486071764	0	-1.2266223525896371	0.4854281992836209	1.2774184409982778	0.4042006928977976		NONE
go_bp	GOBP_MODIFIED_AMINO_ACID_TRANSPORT	MIXED	-1.0529251749683666	0	-0.9706853267189484	0.7471624266144814	0.815888232226853	0.8895897392167977		NONE
go_bp	GOBP_EMBRYONIC_HEART_TUBE_MORPHOGENESIS	MIXED	1.2684956768276685	0	-0.8612594926579349	0.8813944079834578	0.9199025222585326	0.8406820978493943	CITED2	NONE
go_bp	GOBP_MACROPHAGE_DIFFERENTIATION	MIXED	1.0205636513421408	0	-0.7421465135224489	0.9565369745053132	1.2608736246919847	0.5139622117254793		NONE
go_bp	GOBP_MECHANORECEPTOR_DIFFERENTIATION	LOW_EVIDENCE	1.1380849727942708	0	1.0235317920202534	0.7118745777177199	-0.8564066348299095	0.8847350692126689		NONE
go_bp	GOBP_POSITIVE_REGULATION_OF_LEUKOCYTE_MIGRATION	LOW_EVIDENCE	1.2916168424881391	0	-0.9873507542209188	0.7337284771719111	-0.9016357056860806	0.8859474108131692		NONE
go_bp	GOBP_NEURON_FATE_SPECIFICATION	LOW_EVIDENCE	0.8938331915475506	0	-0.9851849469326016	0.7352187875563962	0.865145395247044	0.8625022036786743		NONE
go_bp	GOBP_RESPONSE_TO_INCREASED_OXYGEN_LEVELS	LOW_EVIDENCE	0.8958125978896355	0	1.066648316870399	0.6722885820822633	-0.8317880909856218	0.8895272727272727		NONE
go_bp	GOBP_CIRCADIAN_SLEEP_WAKE_CYCLE	not_tested_in_resistance		0	-0.7765872122148231	0.912696228582368	0.8197086536464953	0.8866599188626028		NONE
reactome	REACTOME_EGFR_DOWNREGULATION	MIXED	1.584928851614113	0	-0.7541202208407601	0.9570390455531452	1.270635235923669	0.3799976412312772		NONE
go_bp	GOBP_POSITIVE_REGULATION_OF_CELL_CYCLE_PROCESS	MIXED	-0.9472905976841622	0	-1.0882824032468772	0.543685147663781	-1.079380775579882	0.6156750226517668		NONE
go_bp	GOBP_APOPTOTIC_SIGNALING_PATHWAY	LOW_EVIDENCE	1.0158133493052366	0						NONE
reactome	REACTOME_REGULATION_OF_ENDOGENOUS_RETROELEMENTS_BY_KRAB_ZFP_PROTEINS	MIXED	0.6225367040188552	0	-1.123558132380207	0.5545694499370016	-0.8940955151224274	0.7892586299780365		NONE
go_bp	GOBP_POSITIVE_REGULATION_OF_BROWN_FAT_CELL_DIFFERENTIATION	LOW_EVIDENCE	1.3213839295450047	0	-1.0328108737839483	0.6854954062826648	0.9080191131966372	0.8370970145546669		NONE
go_bp	GOBP_NEGATIVE_REGULATION_OF_G_PROTEIN_COUPLED_RECEPTOR_SIGNALING_PATHWAY	LOW_EVIDENCE	1.0481721821964467	0	-1.239490915807644	0.4313604636270491	-0.8422841665567035	0.8897131977083262		NONE
go_bp	GOBP_INTRACELLULAR_SODIUM_ION_HOMEOSTASIS	LOW_EVIDENCE	1.399201590131916	0	-1.4431608329984995	0.3182778848089254	1.1309260987995475	0.6806695482292778		NONE
go_bp	GOBP_NEUROTROPHIN_TRK_RECEPTOR_SIGNALING_PATHWAY	LOW_EVIDENCE	1.4567651861461657	0	0.9505491254896904	0.7848205976631165	-0.990183615807814	0.7678801395244474		NONE
go_bp	GOBP_REGULATION_OF_POTASSIUM_ION_TRANSPORT	MIXED	1.0745668897345138	0	-0.9514529172525292	0.7848205976631165	1.6599035341825967	0.0751037818547715		NONE
go_bp	GOBP_ANTIFUNGAL_INNATE_IMMUNE_RESPONSE	not_tested_in_resistance		0			1.5229755985691051	0.2298209406200193		NONE
go_bp	GOBP_NATURAL_KILLER_CELL_ACTIVATION	MIXED	-1.0955474312539228	0	1.3888362307261324	0.2502948463254341	1.1755812180500798	0.5825097574574853		NONE
go_bp	GOBP_NEGATIVE_REGULATION_OF_CELL_CYCLE_G1_S_PHASE_TRANSITION	MIXED	-0.9582952516839588	0	1.2121693727108844	0.4305434597635564	1.5841134048932437	0.1458894356521833		NONE
reactome	REACTOME_SIGNALING_BY_ALK_IN_CANCER	LOW_EVIDENCE	1.0437562356166508	0	-1.2447832897972697	0.2971592998853335	-1.159995888452442	0.4390342343834085		NONE
reactome	REACTOME_G_ALPHA_S_SIGNALLING_EVENTS	MIXED	1.1110657072576366	0	-1.2044671491025671	0.3810827891299768	0.7519177931929749	0.9841825732057246		NONE
go_bp	GOBP_RESPONSE_TO_ACETYLCHOLINE	MIXED	1.05338425024479	0	0.7569294982779503	0.932289540271703	1.1160669992204018	0.6762771762813934		NONE
go_bp	GOBP_PHOTOTRANSDUCTION	LOW_EVIDENCE	-1.3818400663058583	0	-0.9578281343993486	0.7696944610317935	1.014741206494529	0.741524063150473		NONE
reactome	REACTOME_CONSTITUTIVE_SIGNALING_BY_EGFRVIII	MIXED	-0.0100101386452278	0	-0.8816415100541874	0.8437037037037037	-1.7181150693769836	0.1246070559771168		NONE
go_bp	GOBP_ADHERENS_JUNCTION_ORGANIZATION	MIXED	0.7192267468718593	0	-1.6349213614797096	0.0661482437190925	1.0555444319336986	0.7025468832313365		NONE
go_bp	GOBP_REGULATION_OF_TRANSCRIPTION_BY_RNA_POLYMERASE_III	LOW_EVIDENCE	0.7255892698815032	0	0.935774558247444	0.7871103533634786	-0.8895968889645358	0.8465471637121263		NONE
go_bp	GOBP_NEGATIVE_REGULATION_OF_TYPE_II_INTERFERON_PRODUCTION	MIXED	-0.1537887939140885	0	-1.1786109624683467	0.4898894838972958	-0.7668665412239885	0.9342328778797262		NONE
reactome	REACTOME_VXPX_CARGO_TARGETING_TO_CILIUM	MIXED	-0.7775822299885381	0	1.239111077252654	0.4679769503890106	0.6209095066475648	0.970606590753302		NONE
go_bp	GOBP_REGULATION_OF_CELL_MIGRATION_INVOLVED_IN_SPROUTING_ANGIOGENESIS	MIXED	1.0704409631743017	0	-0.9585623791823014	0.7601987749913325	1.6742289436466014	0.1353011253402486		NONE
go_bp	GOBP_MITOCHONDRIAL_FUSION	MIXED	0.6672122004577323	0	-0.7010768753809182	0.9768158695439172	-0.9679877871286364	0.7878260869565218		NONE
reactome	REACTOME_DEADENYLATION_OF_MRNA	MIXED	1.2933378750913134	0	0.5140806919248523	1.0	-1.6350614813449178	0.1036122082404002		NONE
go_bp	GOBP_POSITIVE_REGULATION_OF_RNA_SPLICING	LOW_EVIDENCE	-0.8793911788024148	0	-1.0485859884409503	0.6586421739257612	-1.1584358048858103	0.6269784938604586		NONE
go_bp	GOBP_POSITIVE_REGULATION_OF_MEIOTIC_CELL_CYCLE	LOW_EVIDENCE	1.1345621230969063	0	-1.0416849360190477	0.6821390980787476	1.3590980300059678	0.4597771517064025		NONE
go_bp	GOBP_MULTICELLULAR_ORGANISM_GROWTH	MIXED	-1.0782744555370665	0	-1.1934292544781613	0.4039525972182799	-1.060556192511703	0.6947615964009406		NONE
reactome	REACTOME_TERMINATION_OF_O_GLYCAN_BIOSYNTHESIS	LOW_EVIDENCE	0.8540877780203032	0	-0.8680698066147081	0.8550133485739337	0.7589255827593571	0.8834236669308276		NONE
go_bp	GOBP_MIDBRAIN_DOPAMINERGIC_NEURON_DIFFERENTIATION	not_tested_in_resistance		0			0.7342891630500118	0.9230061113393592		NONE
reactome	REACTOME_PROTEIN_LOCALIZATION	LOW_EVIDENCE	-1.0403393563464038	0	1.236234284488474	0.2749765478424014	0.8598468814469952	0.8834236669308276		NONE
go_bp	GOBP_REGULATION_OF_STRIATED_MUSCLE_TISSUE_DEVELOPMENT	LOW_EVIDENCE	1.1471169974608917	0	-0.9626278728911194	0.7627030132121781	0.9653974269094412	0.7878260869565218		NONE
reactome	REACTOME_HSF1_DEPENDENT_TRANSACTIVATION	LOW_EVIDENCE	-1.0866987724081536	0	1.0641666460297388	0.6520589558955896	1.0319830174546083	0.6268918073796123		NONE
reactome	REACTOME_CD209_DC_SIGN_SIGNALING	LOW_EVIDENCE	1.4218681431219995	0	0.4632577986048691	1.0	-1.0292146066441872	0.647961699146275		NONE
go_bp	GOBP_COLLAGEN_FIBRIL_ORGANIZATION	LOW_EVIDENCE	1.39360383899858	0	-1.5811143905971456	0.0570348605129271	1.2470079304812802	0.5468928707586733		NONE
reactome	REACTOME_THE_PHOTOTRANSDUCTION_CASCADE	MIXED	-0.0119989062396914	0	1.200802872698494	0.5052021361963529	-0.767310050595882	0.9096491413809896		NONE
go_bp	GOBP_EPIGENETIC_REGULATION_OF_GENE_EXPRESSION	MIXED	-0.7487116577522265	0	-0.899338926265546	0.8858971262979957	-1.3113750917283251	0.1816116355396341		NONE
go_bp	GOBP_NUCLEOBASE_CONTAINING_COMPOUND_TRANSPORT	MIXED	-0.7799528653868985	0	0.7659089175750677	0.9981903277098448	-1.4271071159934714	0.0776307620343396		NONE
go_bp	GOBP_CEREBELLAR_PURKINJE_CELL_LAYER_DEVELOPMENT	MIXED	0.928391315205024	0	1.1082374974152025	0.6357061702499562	-0.6737415569526304	0.9634881247784476		NONE
go_bp	GOBP_IMMUNOGLOBULIN_PRODUCTION	MIXED	-0.83585777526696	0	-1.2814311766877644	0.325311839715313	-1.0288903735768786	0.7215139107451148		NONE
go_bp	GOBP_NEGATIVE_REGULATION_OF_T_CELL_APOPTOTIC_PROCESS	LOW_EVIDENCE	-1.165166145852983	0	-1.1160995527551074	0.6307090243741827	0.9713870594876208	0.7900167237488688		NONE
go_bp	GOBP_NATURAL_KILLER_CELL_DIFFERENTIATION	LOW_EVIDENCE	-1.3360302454016006	0	-1.118717203591259	0.6116381788719879	-1.039815832741136	0.7306710268959474		NONE
go_bp	GOBP_PYRIMIDINE_NUCLEOTIDE_CATABOLIC_PROCESS	MIXED	0.8967960927187913	0	0.6875586777654534	0.955328265830474	0.7842700364378365	0.9003407155025555		NONE
go_bp	GOBP_ACTIVATION_OF_ADENYLATE_CYCLASE_ACTIVITY	not_tested_in_resistance		0			0.8323174614520845	0.8859474108131692		NONE
go_bp	GOBP_ICOSANOID_SECRETION	MIXED	-0.8714704656731975	0	-1.2480485760076083	0.4596806357741111	1.1329306480925063	0.6580381913860248		NONE
go_bp	GOBP_POSITIVE_REGULATION_OF_INTERLEUKIN_6_PRODUCTION	LOW_EVIDENCE	1.0964960067846974	0	-1.1705921914881454	0.4730164527461825	-1.03061523232842	0.729470888841455		NONE
go_bp	GOBP_REGULATION_OF_BMP_SIGNALING_PATHWAY	LOW_EVIDENCE	1.325820623207702	0	-0.7796227443674385	0.9592692594933072	1.267719721091078	0.4682636357900969		NONE
go_bp	GOBP_REGULATION_OF_CLATHRIN_DEPENDENT_ENDOCYTOSIS	MIXED	0.8644125575087231	0	1.1751735503655334	0.5559342537866213	-1.04797828407744	0.7212677537259876		NONE
reactome	REACTOME_INITIAL_TRIGGERING_OF_COMPLEMENT	not_tested_in_resistance		0	-0.9818750517202748	0.7612267953886049	1.2192791106438652	0.4626052989800548		NONE
go_bp	GOBP_POSITIVE_REGULATION_OF_NON_CANONICAL_WNT_SIGNALING_PATHWAY	not_tested_in_resistance		0	-0.8942878784562238	0.8221635880181106	-1.436649024498219	0.4381952601395703		NONE
reactome	REACTOME_METABOLISM_OF_WATER_SOLUBLE_VITAMINS_AND_COFACTORS	LOW_EVIDENCE	-1.0678078624496454	0	1.2088649818733006	0.358315282468013	-0.9908196578350358	0.7095740637881136		NONE
reactome	REACTOME_GERM_LAYER_FORMATION_AT_GASTRULATION	not_tested_in_resistance		0			1.0058283381739372	0.6662531017369727		NONE
go_bp	GOBP_REGULATION_OF_GENE_SILENCING_BY_REGULATORY_NCRNA	MIXED	0.6877664176395277	0	-0.7764527785288654	0.908235162203904	1.3693036222453727	0.4556815829780187		NONE
go_bp	GOBP_NEGATIVE_REGULATION_OF_COLD_INDUCED_THERMOGENESIS	LOW_EVIDENCE	1.2009789898063203	0	1.234939900313346	0.4235319183474696	1.1558905821381644	0.6322897444522337		NONE
go_bp	GOBP_DEOXYRIBONUCLEOTIDE_METABOLIC_PROCESS	MIXED	-0.8976361502262616	0	-0.8210393030791695	0.908235162203904	0.8354885232274468	0.8847350692126689		NONE
go_bp	GOBP_REGULATION_OF_HEART_RATE_BY_CARDIAC_CONDUCTION	LOW_EVIDENCE	1.2935110610751566	0	-1.0664367492838938	0.6366064538891192	0.9628410266191174	0.7878260869565218		NONE
go_bp	GOBP_REGULATED_EXOCYTOSIS	LOW_EVIDENCE	1.2419024772590046	0	0.8840065707702531	0.9097389857136196	0.8025559188965437	0.9685363195857416		NONE
go_bp	GOBP_NEGATIVE_REGULATION_OF_NEURON_PROJECTION_REGENERATION	not_tested_in_resistance		0			-0.9517043586379996	0.7931762395679921		NONE
go_bp	GOBP_RENAL_SYSTEM_PROCESS	MIXED	-1.0653175035799227	0	-1.3018652224574043	0.3093184546303295	1.099313364344907	0.654737170590699		NONE
go_bp	GOBP_LIPID_MODIFICATION	MIXED	0.8428643201663186	0	-1.252703317493099	0.278276025450115	1.384509561638026	0.1591211726106503		NONE
reactome	REACTOME_LYSOSOME_VESICLE_BIOGENESIS	MIXED	-0.7464717525612851	0	0.9387515163539776	0.8167154457892021	-1.2978233197434443	0.3611276612061185		NONE
go_bp	GOBP_IRE1_MEDIATED_UNFOLDED_PROTEIN_RESPONSE	LOW_EVIDENCE	1.1133086331878392	0	1.803600596621371	0.0531630699694984	-1.3933866868204934	0.4538876024225152		NONE
go_bp	GOBP_PROSTAGLANDIN_TRANSPORT	LOW_EVIDENCE	1.0836490396456948	0	-1.1867526719617822	0.5537045187091588	0.9629643166718556	0.7878260869565218		NONE
go_bp	GOBP_POSITIVE_REGULATION_OF_SMOOTHENED_SIGNALING_PATHWAY	MIXED	-0.677455587278788	0	-1.176343902547473	0.4936769822224805	0.8536837805264041	0.8687313754862583		NONE
go_bp	GOBP_CELL_DIFFERENTIATION_IN_HINDBRAIN	MIXED	0.1547754728196676	0	0.8161012370412064	0.8760382346096711	0.8850545257350435	0.8495538986477947		NONE
go_bp	GOBP_REGULATION_OF_CELL_DIVISION	MIXED	-0.7746829411917151	0	-1.0415935049784202	0.6330268460609845	-1.063228658354065	0.6853838140539826		NONE
go_bp	GOBP_BLASTOCYST_FORMATION	LOW_EVIDENCE	1.1198011291598888	0	0.7119466553023657	0.9650742626918064	-1.7452623480374432	0.072717807936894	CITED2	NONE
go_bp	GOBP_REGULATION_OF_STRESS_ACTIVATED_PROTEIN_KINASE_SIGNALING_CASCADE	MIXED	0.8511116175238044	0	-0.9355798040224048	0.7898551872742252	-1.297064754299238	0.5091158841158842		NONE
go_bp	GOBP_PROTEIN_TRANSMEMBRANE_IMPORT_INTO_INTRACELLULAR_ORGANELLE	MIXED	-0.6474245853251751	0	-0.9781376171516004	0.7397228232267119	-0.9626424493483636	0.7937268049715749		NONE
go_bp	GOBP_FUCOSE_METABOLIC_PROCESS	not_tested_in_resistance		0			0.7724681567710866	0.9018944817105844		NONE
go_bp	GOBP_NEGATIVE_REGULATION_OF_ALPHA_BETA_T_CELL_ACTIVATION	MIXED	-0.8205838792671661	0	-0.8607849052477778	0.868207600680658	-0.835987164758515	0.893836694024176		NONE
go_bp	GOBP_RESPONSE_TO_IMMOBILIZATION_STRESS	MIXED	1.02642764245588	0	-0.9306223038772684	0.7863585368669392	-0.8041099569429863	0.9068493599322064		NONE
go_bp	GOBP_OUTER_DYNEIN_ARM_ASSEMBLY	not_tested_in_resistance		0			0.8069589738581885	0.8897131977083262		NONE
go_bp	GOBP_REFLEX	LOW_EVIDENCE	1.1145217231826263	0			-1.0891301279131649	0.6921705667638154		NONE
reactome	REACTOME_TRAFFICKING_OF_AMPA_RECEPTORS	MIXED	0.7255443226018954	0	-1.0268988775758954	0.7020874833997344	-1.034337493810408	0.6074660633484164		NONE
go_bp	GOBP_OSTEOCLAST_DIFFERENTIATION	LOW_EVIDENCE	1.3220020395408452	0	-1.018979189272599	0.6904332129963899	1.1255194844323484	0.627942263063138		NONE
go_bp	GOBP_REGULATION_OF_ENDOTHELIAL_CELL_CHEMOTAXIS	MIXED	0.0587927505761759	0	0.7740416015141944	0.908636408195275	0.798090665127028	0.8951721310896098		NONE
go_bp	GOBP_BILE_ACID_BIOSYNTHETIC_PROCESS	MIXED	-0.91336067129071	0	-0.965163940255291	0.7491756107113753	1.0139428310247929	0.7544836464577384		NONE
go_bp	GOBP_S_ADENOSYLMETHIONINE_METABOLIC_PROCESS	LOW_EVIDENCE	-0.6549647144621858	0	-0.843857427152812	0.8654195973805482	-1.1504531561100777	0.6443062885767957		NONE
go_bp	GOBP_POSITIVE_REGULATION_OF_PROTEIN_UBIQUITINATION	MIXED	0.8326552919210293	0	1.0322335928443251	0.6734994277297669	1.110064890317114	0.6762381454162276		NONE
go_bp	GOBP_REGULATION_OF_NUCLEOBASE_CONTAINING_COMPOUND_TRANSPORT	MIXED	0.4072617170614577	0	-0.8730395470972613	0.8298646042924213	-1.520372244767625	0.3322644273460279		NONE
go_bp	GOBP_NUCLEAR_MEMBRANE_ORGANIZATION	MIXED	0.6798828152036903	0	1.557261844437525	0.1288727488415793	-1.65996781393358	0.1091008257635491		NONE
go_bp	GOBP_NEGATIVE_REGULATION_OF_INTERLEUKIN_1_BETA_PRODUCTION	LOW_EVIDENCE	1.2506558768472622	0	-1.44078099542586	0.3118106354478411	1.466989273850766	0.3814006888633754		NONE
go_bp	GOBP_REGULATION_OF_CILIUM_MOVEMENT	MIXED	-0.0758447217075815	0	-1.1196092648044251	0.6116381788719879	1.2681881547155622	0.5625537926003241		NONE
reactome	REACTOME_RAS_ACTIVATION_UPON_CA2_INFLUX_THROUGH_NMDA_RECEPTOR	MIXED	-0.3025421571368342	0	-1.284516386064223	0.4439740980159706	0.7269786603646196	0.9096491413809896		NONE
reactome	REACTOME_METABOLISM_OF_PORPHYRINS	LOW_EVIDENCE	-1.1962444975655293	0	0.8656651366527534	0.8560585834700027	-1.018155259952928	0.6473779385171791		NONE
go_bp	GOBP_RESPONSE_TO_PROGESTERONE	LOW_EVIDENCE	1.2428045882239849	0	-1.6358907755036896	0.076864939910778	0.9522253240697616	0.7980233503780831		NONE
go_bp	GOBP_POSITIVE_REGULATION_OF_PROTEIN_POLYMERIZATION	MIXED	1.118020465087723	0	1.0420364048661823	0.6707780979827089	-1.2156005041549307	0.5139259175222645		NONE
go_bp	GOBP_COPPER_ION_HOMEOSTASIS	LOW_EVIDENCE	1.0525898534400464	0	1.6706000436196629	0.116445794631087	-1.245835484936528	0.5653363251311012		NONE
go_bp	GOBP_POSITIVE_REGULATION_OF_LYASE_ACTIVITY	MIXED	0.87419864641151	0	-0.843897947054145	0.8585319760579561	1.3330716894867696	0.4982061158252844		NONE
go_bp	GOBP_REGULATION_OF_CELLULAR_RESPIRATION	LOW_EVIDENCE	0.790721333379757	0	1.2988791234938704	0.3905928365582544	-1.026278368421547	0.7460701846418485		NONE
go_bp	GOBP_REGULATION_OF_MYOBLAST_FUSION	not_tested_in_resistance		0	0.8735651621704843	0.8314670933942733	0.5456775322941078	0.9873185033507074		NONE
reactome	REACTOME_INTERACTION_BETWEEN_L1_AND_ANKYRINS	LOW_EVIDENCE	1.3653074305005517	0	-1.6933389431419703	0.0676494776722101	1.1236513454926356	0.5292367975777007		NONE
go_bp	GOBP_REGULATION_OF_STRIATED_MUSCLE_CELL_DIFFERENTIATION	MIXED	1.0618203602091965	0	0.8174424478027812	0.9409090909090908	0.8904850413437649	0.8627022379133227		NONE
go_bp	GOBP_REGULATION_OF_CYTOSOLIC_CALCIUM_ION_CONCENTRATION	MIXED	-1.0568957551983396	0	-1.019189520602456	0.6869658493046463	1.0438432274781764	0.7154230038022814		NONE
reactome	REACTOME_FRS_MEDIATED_FGFR2_SIGNALING	not_tested_in_resistance		0	0.9109023306311806	0.8355140987915322	-0.9821128461220648	0.6840094062316284		NONE
reactome	REACTOME_SIGNALLING_TO_RAS	MIXED	-0.9361696974128736	0	0.7617946412593319	0.9376515184907656	-1.066616897877508	0.6058347176079734		NONE
go_bp	GOBP_CELLULAR_PIGMENTATION	MIXED	0.9690906592861664	0	0.8529199036048001	0.8981666769567128	1.168313889583645	0.6136991745091309		NONE
go_bp	GOBP_POSITIVE_REGULATION_OF_DNA_METABOLIC_PROCESS	MIXED	-0.7987464568430495	0	-1.1805298235985464	0.3379326004781813	-1.152601134210874	0.5019048221112415		NONE
reactome	REACTOME_SIGNALING_BY_NOTCH	LOW_EVIDENCE	1.013907146866042	0	0.8347676081182879	0.969504272158129	-1.3986904225901182	0.0644549298225741		NONE
go_bp	GOBP_TYPE_2_IMMUNE_RESPONSE	MIXED	-1.075911309023104	0	-0.8958675101753316	0.8316617689659493	-0.6825800842323728	0.9726815890786628		NONE
go_bp	GOBP_POSITIVE_REGULATION_OF_ALPHA_BETA_T_CELL_ACTIVATION	LOW_EVIDENCE	0.8718038213591645	0	-0.9322161115236184	0.8076721791919614	1.2108424289595834	0.5714688940092165		NONE
go_bp	GOBP_POSITIVE_REGULATION_OF_HUMORAL_IMMUNE_RESPONSE	not_tested_in_resistance		0			-0.6826045146167724	0.9488729694279084		NONE
reactome	REACTOME_METABOLISM_OF_AMINE_DERIVED_HORMONES	not_tested_in_resistance		0			1.131613062766865	0.5480316001233463		NONE
go_bp	GOBP_MEMBRANE_REPOLARIZATION_DURING_ACTION_POTENTIAL	MIXED	0.3480794993849109	0	-1.4206077253445295	0.3460065645514223	1.236317367964623	0.5727355338885206		NONE
go_bp	GOBP_PHOSPHOLIPID_DEPHOSPHORYLATION	MIXED	-1.1787133317283796	0	-0.9651160485957158	0.7499642857142857	1.6159407141081557	0.1364374512658092		NONE
go_bp	GOBP_RESPONSE_TO_LECTIN	LOW_EVIDENCE	0.7972278832738143	0	-0.518871038917544	0.9972133757961784	-0.9891712878388907	0.7657715863631536		NONE
go_bp	GOBP_DNA_INTEGRITY_CHECKPOINT_SIGNALING	LOW_EVIDENCE	-0.8869375024339854	0	-1.163863844144727	0.4571683950808237	-1.2720897863427525	0.3884171901761992		NONE
reactome	REACTOME_PI_3K_CASCADE_FGFR1	not_tested_in_resistance		0			-1.2243875771838806	0.4101896657211191		NONE
go_bp	GOBP_REGULATION_OF_ORGANELLE_ASSEMBLY	MIXED	0.9455902220589022	0	1.363875129491979	0.1108608908073331	-1.0644004244102374	0.6484401519178671		NONE
reactome	REACTOME_NUCLEOTIDE_BINDING_DOMAIN_LEUCINE_RICH_REPEAT_CONTAINING_RECEPTOR_NLR_SIGNALING_PATHWAYS	LOW_EVIDENCE	-0.9743217392790472	0	0.9844515311770082	0.7871170811721416	0.7123268994081366	0.95763269232657		NONE
go_bp	GOBP_PROTEIN_REFOLDING	LOW_EVIDENCE	-0.9357968128732423	0	1.419866819192331	0.3001435034969357	-1.2691232082963513	0.5183266398625134		NONE
reactome	REACTOME_KERATINIZATION	LOW_EVIDENCE	-1.0939914816928993	0	-1.3392896415702185	0.2502490039840637	-0.7747942518250948	0.9844408411137734		NONE
go_bp	GOBP_POSITIVE_REGULATION_OF_B_CELL_ACTIVATION	MIXED	-0.785082974535558	0	-0.7681839409169814	0.9650742626918064	1.069031527559372	0.6947615964009406		NONE
go_bp	GOBP_TRABECULA_FORMATION	MIXED	0.0996808863971285	0	-1.1111273945863434	0.6116381788719879	0.8729556474910848	0.8592455744263243		NONE
go_bp	GOBP_CGMP_METABOLIC_PROCESS	not_tested_in_resistance		0			-0.7477890384759166	0.9156258765379688		NONE
go_bp	GOBP_CRISTAE_FORMATION	MIXED	-0.7036253065139056	0	-1.1159015386220568	0.6304824561403509	0.6462779786612093	0.9668647966823052		NONE
go_bp	GOBP_POSITIVE_REGULATION_OF_SKELETAL_MUSCLE_TISSUE_DEVELOPMENT	not_tested_in_resistance		0			0.6057934302637867	0.9713083947077644		NONE
go_bp	GOBP_REGULATION_OF_MEMBRANE_REPOLARIZATION	MIXED	-0.0063200411568336	0	-1.4373139924699976	0.2926253778298686	0.9447455269919296	0.815083555795985		NONE
go_bp	GOBP_CELLULAR_RESPONSE_TO_PROSTAGLANDIN_STIMULUS	LOW_EVIDENCE	1.2248889201387694	0	-1.2966244419742443	0.4452721054459143	1.3725836001888148	0.4602430163584491		NONE
go_bp	GOBP_NEGATIVE_REGULATION_OF_ENDOTHELIAL_CELL_APOPTOTIC_PROCESS	MIXED	-1.0017556284383382	0	-1.764713819130956	0.0533793021624735	-0.8484169467261448	0.882049225159526		NONE
go_bp	GOBP_POSITIVE_REGULATION_OF_T_HELPER_1_TYPE_IMMUNE_RESPONSE	not_tested_in_resistance		0			1.068868464931266	0.723791956513778		NONE
go_bp	GOBP_TOLL_LIKE_RECEPTOR_4_SIGNALING_PATHWAY	MIXED	1.000275722615144	0	-1.3157109767473203	0.3509177493180452	0.922959839133104	0.8224771287825474		NONE
go_bp	GOBP_CELL_COMMUNICATION_BY_ELECTRICAL_COUPLING	LOW_EVIDENCE	1.375620870816463	0	-0.92758091281984	0.7896184886280264	-0.778196691171933	0.9324510450487014		NONE
go_bp	GOBP_APICAL_PROTEIN_LOCALIZATION	not_tested_in_resistance		0			1.242136444493927	0.5825097574574853		NONE
go_bp	GOBP_CELLULAR_RESPONSE_TO_OXYGEN_RADICAL	MIXED	1.0279841216132914	0	0.7336006518603013	0.9328880724048206	-1.2823917221730856	0.5359361135758651		NONE
go_bp	GOBP_SMOOTH_MUSCLE_CELL_APOPTOTIC_PROCESS	MIXED	1.2259878465384533	0	0.935229803185595	0.7943878900052882	-1.4167203472356606	0.403020484375858		NONE
reactome	REACTOME_SIGNAL_REGULATORY_PROTEIN_FAMILY_INTERACTIONS	not_tested_in_resistance		0			-1.3645103687328484	0.3318143199196725		NONE
go_bp	GOBP_LATERAL_MESODERM_DEVELOPMENT	LOW_EVIDENCE	1.3725193950790102	0	-0.853627971884535	0.8616134740238618	-1.1779976686378986	0.626617297750454	CITED2	NONE
reactome	REACTOME_VITAMIN_B5_PANTOTHENATE_METABOLISM	LOW_EVIDENCE	0.7688508160760991	0	1.066109607442766	0.677387084415308	-1.60465499708094	0.1510533198988819		NONE
go_bp	GOBP_GTP_METABOLIC_PROCESS	MIXED	0.739677521949769	0	-0.7783730884336646	0.8960738255033557	-0.9066716579967072	0.833506024040405		NONE
go_bp	GOBP_CIRCADIAN_REGULATION_OF_GENE_EXPRESSION	LOW_EVIDENCE	1.381551126866612	0	0.8382317813883506	0.9132559981756424	-1.3765780057436634	0.2717263738973666		NONE
go_bp	GOBP_MYELIN_MAINTENANCE	LOW_EVIDENCE	1.325707987038216	0	-0.8531466951448418	0.8616134740238618	1.4866158688623277	0.3635893411336638		NONE
reactome	REACTOME_REGULATION_OF_MITF_M_DEPENDENT_GENES_INVOLVED_IN_LYSOSOME_BIOGENESIS_AND_AUTOPHAGY	LOW_EVIDENCE	0.9289787553484072	0	1.3572180210940994	0.3531948881789137	-0.9266513222902896	0.7375408763897973		NONE
go_bp	GOBP_SECRETION_BY_TISSUE	MIXED	-1.110754579038813	0	-1.3573310645116712	0.3534462954109414	-0.8493205100261884	0.8863184684307337		NONE
go_bp	GOBP_SKELETAL_MUSCLE_CELL_DIFFERENTIATION	MIXED	1.0941555517425094	0	1.5806944581773743	0.0632469420334593	0.9954921887785606	0.759547355408853	CITED2	NONE
reactome	REACTOME_NEGATIVE_REGULATION_OF_MET_ACTIVITY	MIXED	-0.6838287957415486	0	1.4651737249481158	0.2491735537190082	0.7612701326602846	0.8834236669308276		NONE
go_bp	GOBP_CELL_PROJECTION_ASSEMBLY	LOW_EVIDENCE	1.2633978564415371	0						NONE
reactome	REACTOME_TRANSCRIPTIONAL_REGULATION_BY_VENTX	MIXED	0.7428236244527319	0	-0.8625076815618101	0.9107756535906116	0.8125226400523391	0.8617961092362447		NONE
go_bp	GOBP_NUCLEUS_ORGANIZATION	LOW_EVIDENCE	0.8796378622553916	0	0.8486604934734727	0.9328880724048206	-1.4864170958300165	0.1124257183339567		NONE
go_bp	GOBP_SYNAPTIC_VESICLE_CYTOSKELETAL_TRANSPORT	MIXED	0.335851793637054	0	1.3370063453526833	0.4011043078941613	1.367452068469621	0.4794329804605964		NONE
go_bp	GOBP_PROTEIN_LOCALIZATION_TO_CHROMATIN	MIXED	-0.8855115245705046	0	-0.9027481366560004	0.8291689542739974	-1.0850204655766995	0.6823714033125146		NONE
go_bp	GOBP_DETECTION_OF_LIGHT_STIMULUS	MIXED	-1.17129134948673	0	-0.7092613109461495	0.964083287114432	1.1023974163270929	0.6808981966112805		NONE
go_bp	GOBP_MACROPHAGE_MIGRATION	MIXED	0.9657353345847658	0	-1.0049376058982702	0.707805314256515	1.077090766403631	0.6947615964009406		NONE
go_bp	GOBP_SULFUR_AMINO_ACID_METABOLIC_PROCESS	MIXED	-1.071171438582392	0	1.2050819737804064	0.489457415100196	-1.3781305534984531	0.4538876024225152		NONE
go_bp	GOBP_RESPONSE_TO_ETHER	not_tested_in_resistance		0	-1.5036757733743258	0.2475283061621196	-1.17423743047159	0.6299249096134235		NONE
go_bp	GOBP_ORGAN_OR_TISSUE_SPECIFIC_IMMUNE_RESPONSE	not_tested_in_resistance		0	1.2834191433795257	0.452838697280008	0.7229054243800271	0.9446402558609124		NONE
go_bp	GOBP_POSITIVE_REGULATION_OF_REGULATED_SECRETORY_PATHWAY	MIXED	0.9081295250370988	0	0.8430834163278315	0.8820983638430248	1.0376668014746986	0.729470888841455		NONE
go_bp	GOBP_REGULATION_OF_CARBOHYDRATE_METABOLIC_PROCESS	MIXED	1.0359956823146188	0	1.1049212180740715	0.5474736600924488	-1.2537942426164308	0.3543491864831039		NONE
go_bp	GOBP_HAIR_FOLLICLE_MATURATION	LOW_EVIDENCE	-1.1027857948015556	0	-1.6022006804818276	0.142613758291571	1.8711427175278272	0.0917209515877246		NONE
hallmark	HALLMARK_PANCREAS_BETA_CELLS	LOW_EVIDENCE	1.133722693583036	0	1.3258474253179588	0.196036498431708	1.1049938572161395	0.5087505087505088		NONE
go_bp	GOBP_REGULATION_OF_CELLULAR_RESPONSE_TO_VASCULAR_ENDOTHELIAL_GROWTH_FACTOR_STIMULUS	LOW_EVIDENCE	1.3068962455350897	0	-0.6233125499091904	0.9875624043941984	-0.8630437846557769	0.8595845489555375		NONE
go_bp	GOBP_VERY_LONG_CHAIN_FATTY_ACID_METABOLIC_PROCESS	MIXED	-1.6208493593650757	0	-1.3381317847492675	0.3810240963855422	1.425508946375677	0.4348147777833325		NONE
go_bp	GOBP_PYRIMIDINE_NUCLEOSIDE_CATABOLIC_PROCESS	not_tested_in_resistance		0			0.4158590363031885	0.9987746898315252		NONE
go_bp	GOBP_REGULATION_OF_ASTROCYTE_DIFFERENTIATION	LOW_EVIDENCE	1.3988952486575017	0	1.2762692710400945	0.4345234487078458	1.3566049219652918	0.4556815829780187		NONE
go_bp	GOBP_REGULATION_OF_MITOTIC_CYTOKINESIS	MIXED	-0.1484982352354909	0	-0.5317626641642015	0.9972133757961784	-1.0900997190039987	0.690626764539808		NONE
go_bp	GOBP_PLATELET_DENSE_GRANULE_ORGANIZATION	MIXED	0.6606862823874273	0	0.8183889466189874	0.8840897924672741	1.249966046345349	0.5727355338885206		NONE
reactome	REACTOME_MRNA_DECAY_BY_5_TO_3_EXORIBONUCLEASE	MIXED	-0.5747792506902902	0	-0.889516957689242	0.8429314697120964	1.1511712783549977	0.5052522113759741		NONE
reactome	REACTOME_BETA_DEFENSINS	not_tested_in_resistance		0			0.9611529107410882	0.6925099330230446		NONE
go_bp	GOBP_CELLULAR_RESPONSE_TO_ANGIOTENSIN	LOW_EVIDENCE	1.1261064744136902	0	-1.2318506494528816	0.4641634050880626	-0.7749498905518545	0.9335147488144144		NONE
go_bp	GOBP_LYMPHOCYTE_COSTIMULATION	MIXED	0.7861875027319105	0	-0.7976341514070611	0.9232296142383016	1.3244376265172513	0.4918210770121597		NONE
reactome	REACTOME_METABOLIC_DISORDERS_OF_BIOLOGICAL_OXIDATION_ENZYMES	MIXED	-0.6593035011620675	0	-1.6777503558604403	0.0774309161614193	-1.1489855581770028	0.4735191447583724		NONE
go_bp	GOBP_NEGATIVE_REGULATION_OF_DEVELOPMENTAL_GROWTH	MIXED	1.013257499460973	0	1.2588618735231425	0.3668837838817658	1.6756326976400375	0.0690866829098218	CITED2	NONE
reactome	REACTOME_NEGATIVE_REGULATION_OF_FGFR3_SIGNALING	MIXED	0.6695186549015743	0	1.043819736213499	0.7020874833997344	-0.8300733409289767	0.8219187564655255		NONE
go_bp	GOBP_VESICLE_TETHERING	MIXED	0.7671290514479189	0	0.6581151704697233	0.9816283768614832	0.9275614220435614	0.8267261482307614		NONE
go_bp	GOBP_SCF_DEPENDENT_PROTEASOMAL_UBIQUITIN_DEPENDENT_PROTEIN_CATABOLIC_PROCESS	MIXED	0.986707887119642	0	0.8202851908373426	0.9097389857136196	1.0506197928730407	0.7149379338385116		NONE
go_bp	GOBP_REGULATION_OF_PHOSPHOLIPID_BIOSYNTHETIC_PROCESS	not_tested_in_resistance		0			1.481961334295006	0.4042088333357813		NONE
go_bp	GOBP_AMINO_SUGAR_CATABOLIC_PROCESS	not_tested_in_resistance		0			0.9943847155389652	0.7774116125502095		NONE
go_bp	GOBP_DETECTION_OF_OTHER_ORGANISM	not_tested_in_resistance		0			0.7304012796560155	0.9331436768297168		NONE
go_bp	GOBP_REGULATION_OF_HIPPO_SIGNALING	LOW_EVIDENCE	1.4282593322485386	0	-1.2758133967867102	0.4133333333333333	-1.0703937466949147	0.690626764539808		NONE
reactome	REACTOME_NETRIN_1_SIGNALING	MIXED	-1.2043791102344237	0	-0.7972853051225909	0.9376515184907656	-0.953562306702268	0.7095740637881136		NONE
go_bp	GOBP_NEGATIVE_REGULATION_OF_PROTEIN_UBIQUITINATION	MIXED	-0.9166971199249944	0	1.258735249826227	0.3621624365482234	0.9802392223934469	0.7784396838125788		NONE
go_bp	GOBP_REGULATION_OF_SKELETAL_MUSCLE_CELL_PROLIFERATION	not_tested_in_resistance		0			0.8914165556837291	0.8420690980951281		NONE
go_bp	GOBP_REGULATION_OF_RESPIRATORY_GASEOUS_EXCHANGE	MIXED	1.0728891448833973	0	1.0953857925224268	0.6567164179104478	1.11968427270017	0.6633646308898268		NONE
go_bp	GOBP_NEGATIVE_REGULATION_OF_DNA_BINDING	LOW_EVIDENCE	1.063847312827991	0	-1.1556955382007994	0.5559342537866213	-0.9388052510569512	0.8100987140154827		NONE
go_bp	GOBP_INTERSTRAND_CROSS_LINK_REPAIR	MIXED	-0.5803951628234005	0	-1.4515214666386551	0.278276025450115	-1.5447841656919667	0.2297288121316867		NONE
go_bp	GOBP_SECONDARY_METABOLIC_PROCESS	LOW_EVIDENCE	1.118081723366559	0	-1.1118539268933427	0.5761510087492409	0.7205629293051398	0.9630484988452656		NONE
go_bp	GOBP_POSITIVE_REGULATION_OF_ACTIN_FILAMENT_POLYMERIZATION	MIXED	1.1938505012648322	0	0.572117379889671	0.9981903277098448	-1.0939120326612066	0.6958762886597937		NONE
reactome	REACTOME_INTEGRATION_OF_ENERGY_METABOLISM	MIXED	-0.9493954189095014	0	-0.9037606383838483	0.8579965850882185	1.2946464590497635	0.2578543010015091		NONE
go_bp	GOBP_REGULATION_OF_TELOMERE_MAINTENANCE_VIA_TELOMERE_LENGTHENING	LOW_EVIDENCE	-1.0321645461057969	0	-1.3203468327570502	0.3414304993252361	-1.268411152348733	0.5040294851685585		NONE
go_bp	GOBP_FEMALE_GAMETE_GENERATION	LOW_EVIDENCE	-1.1118515057816607	0	-0.9686152652222776	0.7564553934235679	0.8465896902598873	0.9261699227623807		NONE
go_bp	GOBP_MAGNESIUM_ION_TRANSPORT	LOW_EVIDENCE	1.4753307166832947	0	1.3917107781638565	0.3271170646476412	0.601377798228861	0.9724027304553492		NONE
go_bp	GOBP_QUINONE_METABOLIC_PROCESS	LOW_EVIDENCE	-0.8580525461955864	0	-1.2907719753861804	0.4444897328142349	-1.50319573297979	0.4009319601042403		NONE
go_bp	GOBP_INFLAMMATORY_RESPONSE_TO_ANTIGENIC_STIMULUS	LOW_EVIDENCE	-1.0428825162737196	0	1.097586623026253	0.6098574644159764	-1.3030143496226383	0.4348147777833325		NONE
go_bp	GOBP_INNER_EAR_RECEPTOR_CELL_DEVELOPMENT	LOW_EVIDENCE	0.9762368092572258	0	0.9752120292650062	0.7583520639965213	-1.1134745822457428	0.6762771762813934		NONE
go_bp	GOBP_HEMATOPOIETIC_STEM_CELL_HOMEOSTASIS	MIXED	1.190215980591269	0	-0.7486932705358147	0.9222362578471904	0.907309697338379	0.8348584390786404		NONE
go_bp	GOBP_ORGANELLE_INHERITANCE	MIXED	-0.6070094795380184	0	1.4296673070154016	0.3354357798165137	0.6954649369767334	0.9360858099562164		NONE
go_bp	GOBP_RESPONSE_TO_AMPHETAMINE	LOW_EVIDENCE	0.8965221651595133	0	-1.1460816281703825	0.5567623590879405	0.8297909779867215	0.8863184684307337		NONE
reactome	REACTOME_PROTEIN_METHYLATION	LOW_EVIDENCE	0.7585008789734375	0	-1.2477209783434149	0.4679769503890106				NONE
reactome	REACTOME_CLATHRIN_MEDIATED_ENDOCYTOSIS	MIXED	1.2698678157489478	0	-0.9596374088468416	0.8236575519841572	0.925688726374534	0.7692419121197489		NONE
reactome	REACTOME_REGULATION_OF_GLUCOKINASE_BY_GLUCOKINASE_REGULATORY_PROTEIN	MIXED	-0.3874497460787125	0	-1.281597313308346	0.3932530977648663	-1.2669911382422512	0.3685531053105311		NONE
go_bp	GOBP_PHOSPHATIDYLGLYCEROL_METABOLIC_PROCESS	MIXED	0.6106707119448254	0	0.7166276668989534	0.9567344325820256	1.0780781217208166	0.6966130605006319		NONE
go_bp	GOBP_INTRACELLULAR_GLUCOSE_HOMEOSTASIS	MIXED	1.0832145687111208	0	1.0416193397532656	0.6722885820822633	-1.0818377109725137	0.673616859292616		NONE
go_bp	GOBP_T_HELPER_2_CELL_DIFFERENTIATION	LOW_EVIDENCE	0.7915370518914093	0	-1.4096540677376448	0.3380776821446192	0.894221025448574	0.8370970145546669		NONE
reactome	REACTOME_TGF_BETA_RECEPTOR_SIGNALING_IN_EMT_EPITHELIAL_TO_MESENCHYMAL_TRANSITION	MIXED	1.1801195962976376	0	1.0005896068704108	0.7504	1.414902498348974	0.2905254615540678		NONE
go_bp	GOBP_DENTATE_GYRUS_DEVELOPMENT	LOW_EVIDENCE	1.4408687339607618	0	-0.9862567484552764	0.7305480135388035	1.8456969470125184	0.0527571705224469		NONE
go_bp	GOBP_NEGATIVE_REGULATION_OF_REGULATED_SECRETORY_PATHWAY	LOW_EVIDENCE	-0.918660773624194	0	-0.509896816976076	0.9973978323943844	-0.7340289038759733	0.9331436768297168		NONE
go_bp	GOBP_PYRIMIDINE_NUCLEOSIDE_TRIPHOSPHATE_BIOSYNTHETIC_PROCESS	MIXED	-1.0423812051419614	0	-1.2759180681862226	0.460944237286077	-1.1087735865528012	0.6947615964009406		NONE
reactome	REACTOME_ABORTIVE_ELONGATION_OF_HIV_1_TRANSCRIPT_IN_THE_ABSENCE_OF_TAT	MIXED	0.6984096437127999	0	-1.0220672435771414	0.7085448392554992	-1.752093705498352	0.0660794731877502		NONE
go_bp	GOBP_NEGATIVE_REGULATION_OF_MUSCLE_CELL_APOPTOTIC_PROCESS	MIXED	-1.041261842302175	0	-0.9800637533452142	0.7289911435234487	-0.9898507601246564	0.7817781733994945		NONE
go_bp	GOBP_NEGATIVE_REGULATION_OF_ENDOCYTOSIS	LOW_EVIDENCE	1.2278198439362624	0	-1.056995804414138	0.6599587823004087	0.7681290593686039	0.9414769637168828		NONE
go_bp	GOBP_RESPONSE_TO_ALKALOID	MIXED	0.8199210582676717	0	-1.4847604950529336	0.1438491876469844	0.9239853696464636	0.8395076525908169		NONE
go_bp	GOBP_REGULATION_OF_UBIQUITIN_DEPENDENT_PROTEIN_CATABOLIC_PROCESS	MIXED	0.9368058608904486	0	1.0579475123641375	0.6192924748660911	-1.1369982399068903	0.5482294935006724		NONE
go_bp	GOBP_REGULATION_OF_MONOCYTE_DIFFERENTIATION	LOW_EVIDENCE	-0.8087983922287151	0	0.9625738437621976	0.7778739746706181	0.8705261577679053	0.8555577414912454		NONE
go_bp	GOBP_GMP_METABOLIC_PROCESS	MIXED	-0.7532022139610218	0	-1.2901667017270209	0.4313604636270491	1.182947184656625	0.6200878343694747		NONE
go_bp	GOBP_POSITIVE_REGULATION_OF_TRIGLYCERIDE_METABOLIC_PROCESS	MIXED	-0.1333858187759351	0	1.585610882624552	0.1496130218247237	-1.3434461438970444	0.4906828162810647		NONE
go_bp	GOBP_REGULATION_OF_GLYCOGEN_METABOLIC_PROCESS	LOW_EVIDENCE	0.7423848584792699	0	0.8798434828324326	0.8568002167399758	-1.1856493330777442	0.598978167047474		NONE
hallmark	HALLMARK_ADIPOGENESIS	MIXED	0.7675313743297619	0	1.1995253247852011	0.1728395061728395	-1.1250780518511967	0.4455061983471074		NONE
go_bp	GOBP_ACTIVATION_OF_PROTEIN_KINASE_ACTIVITY	MIXED	-0.9019634532924684	0	-1.2400221957278148	0.4057177615571776	0.9531444645381546	0.79964912661858		NONE
go_bp	GOBP_REGULATION_OF_DNA_STRAND_ELONGATION	LOW_EVIDENCE	-0.6765777179321153	0	-0.885691282625845	0.8314670933942733	0.9754814958709056	0.7873797076444063		NONE
go_bp	GOBP_CENTROMERE_COMPLEX_ASSEMBLY	MIXED	-1.2042069127061044	0	-0.9031080094952112	0.8075284908483942	-0.9891475256448286	0.7641660587744894		NONE
go_bp	GOBP_TRANSPOSITION	MIXED	-1.1503589479588836	0	0.6210790080847706	0.987445389474494	1.1607631357602013	0.6320964739407902		NONE
go_bp	GOBP_GLUCOSE_6_PHOSPHATE_METABOLIC_PROCESS	MIXED	0.6669148911747008	0	-0.7551122528209513	0.9276497522552296	1.15919613620803	0.6322897444522337		NONE
go_bp	GOBP_REGULATION_OF_TRANSLATIONAL_INITIATION_IN_RESPONSE_TO_STRESS	LOW_EVIDENCE	0.7459469154003969	0	1.2573184023871111	0.4822015012901712	0.8227403497790471	0.8859474108131692		NONE
reactome	REACTOME_SURFACTANT_METABOLISM	MIXED	-0.1623822501512735	0	-0.6831305148506093	0.97953216374269	1.090267943184752	0.5668716724802644		NONE
go_bp	GOBP_LIVER_MORPHOGENESIS	LOW_EVIDENCE	1.3876970551208403	0	-1.371724636390358	0.3600612870275791	-0.6699989263504319	0.9681975642170854		NONE
reactome	REACTOME_SIGNALING_BY_SCF_KIT	MIXED	0.9162901643808424	0	0.7130120196967669	0.983440726807012	-1.5553965307937212	0.1261719666943344		NONE
go_bp	GOBP_FIBROBLAST_PROLIFERATION	LOW_EVIDENCE	1.134242282154749	0	-1.1351980438129177	0.5324450927255445	-1.010449999821163	0.7460371920675221		NONE
go_bp	GOBP_CLATHRIN_COAT_ASSEMBLY	MIXED	-1.3454222361203534	0	0.9002457969994675	0.8054503199516093	-0.7883638469035884	0.8902810905031208		NONE
go_bp	GOBP_LYMPHOCYTE_HOMEOSTASIS	LOW_EVIDENCE	-0.945099687951514	0	-1.0934624773059507	0.6098574644159764	0.910637617428903	0.8420690980951281		NONE
go_bp	GOBP_CEREBELLAR_PURKINJE_CELL_LAYER_MORPHOGENESIS	not_tested_in_resistance		0	0.8383784900753251	0.8696548879417022	0.7642683275388533	0.9042730622159718		NONE
go_bp	GOBP_INTEGRIN_ACTIVATION	MIXED	0.8799680039526453	0	-1.1888543610819284	0.518706201251338	1.2612373816439109	0.5488952913957625		NONE
go_bp	GOBP_REGULATION_OF_NEURONAL_SYNAPTIC_PLASTICITY	MIXED	-1.1076853800201498	0	0.7584410137292708	0.948561868562735	1.5183965366663412	0.1574502970339086		NONE
reactome	REACTOME_METABOLISM_OF_POLYAMINES	MIXED	-0.8735706445971172	0	-0.9878550324568718	0.7504	-1.499865893146272	0.1241439707619049		NONE
go_bp	GOBP_SKELETAL_MUSCLE_SATELLITE_CELL_PROLIFERATION	LOW_EVIDENCE	-1.207191183122337	0	-0.5358737661962555	0.9972133757961784	0.8711196262622718	0.8433514712695767		NONE
go_bp	GOBP_POSTSYNAPTIC_SIGNAL_TRANSDUCTION	MIXED	0.931736782800674	0	0.8816320667121234	0.8507478723178472	1.290081767901882	0.5139622117254793		NONE
go_bp	GOBP_HEMATOPOIETIC_PROGENITOR_CELL_DIFFERENTIATION	MIXED	-1.0115179182642997	0	-1.2314183653522977	0.3665161648598401	-1.2258769650268493	0.4682636357900969	CITED2	NONE
go_bp	GOBP_VIRAL_BUDDING	MIXED	0.8337551964518961	0	1.2445639420886665	0.4654296688044415	0.906670967405078	0.8395076525908169		NONE
go_bp	GOBP_POSITIVE_THYMIC_T_CELL_SELECTION	not_tested_in_resistance		0			1.483869905006454	0.4009319601042403		NONE
go_bp	GOBP_IRON_ION_TRANSMEMBRANE_TRANSPORT	MIXED	0.0925379533477845	0	1.414068223798825	0.300274460351606	-1.3889886798054591	0.4682636357900969		NONE
go_bp	GOBP_ENDOCRINE_HORMONE_SECRETION	LOW_EVIDENCE	1.357677053479999	0	-1.6140760834954373	0.0892001515862159	-1.3158046842467144	0.4682636357900969		NONE
reactome	REACTOME_CASPASE_ACTIVATION_VIA_EXTRINSIC_APOPTOTIC_SIGNALLING_PATHWAY	LOW_EVIDENCE	1.254515112965685	0	0.8656554193796583	0.8560585834700027	-0.7854298690763198	0.8834236669308276		NONE
reactome	REACTOME_CLEC7A_DECTIN_1_SIGNALING	MIXED	-0.910211601935142	0	-0.8569307365499204	0.9376515184907656	-1.341660970862994	0.2090187484045549		NONE
go_bp	GOBP_MITOCHONDRIAL_CALCIUM_ION_HOMEOSTASIS	MIXED	0.7708777932983499	0	-0.9250362439123352	0.7840585099789266	-0.5723259021269841	0.9899861488739548		NONE
reactome	REACTOME_PARASITE_INFECTION	MIXED	0.8742868926269124	0	-1.5588695638709982	0.0676494776722101	-1.3820108666967992	0.2459839833199071		NONE
go_bp	GOBP_G_PROTEIN_COUPLED_SEROTONIN_RECEPTOR_SIGNALING_PATHWAY	not_tested_in_resistance		0			0.9935559596184728	0.7840262777579214		NONE
go_bp	GOBP_THYROID_GLAND_DEVELOPMENT	LOW_EVIDENCE	0.9494235245446754	0	-0.8682305670443945	0.8446750595440626	-0.8326882620701328	0.8899860490714313		NONE
go_bp	GOBP_REGULATION_OF_SUPEROXIDE_METABOLIC_PROCESS	MIXED	1.5274818194881323	0	-0.772794077852936	0.912696228582368	0.8926823469190324	0.8463220312595189		NONE
go_bp	GOBP_POSITIVE_REGULATION_OF_CELL_MORPHOGENESIS	MIXED	-0.803336271357106	0	-0.8337768211584308	0.8855772524837273	1.3157521353558603	0.5139622117254793		NONE
go_bp	GOBP_NEGATIVE_REGULATION_OF_STRIATED_MUSCLE_CELL_APOPTOTIC_PROCESS	LOW_EVIDENCE	-0.9659136134901548	0	0.996094834106091	0.7383413335774826	-0.9489082530689668	0.8069390941645193		NONE
go_bp	GOBP_DEMETHYLATION	LOW_EVIDENCE	-1.3851699518235832	0	-1.00644453757031	0.7056790247895248	-0.9345048942423592	0.8285268859230611		NONE
go_bp	GOBP_NEGATIVE_REGULATION_OF_INTERLEUKIN_12_PRODUCTION	not_tested_in_resistance		0			1.335614242868636	0.4906828162810647		NONE
go_bp	GOBP_DEFENSE_RESPONSE_TO_GRAM_POSITIVE_BACTERIUM	MIXED	1.2170250154300952	0	0.828492353875896	0.9192041522491348	1.183507322781255	0.5509639955444895		NONE
go_bp	GOBP_PEPTIDYL_SERINE_MODIFICATION	LOW_EVIDENCE	1.1727236642096228	0	0.9778418054394076	0.7696944610317935	1.0376543916107714	0.7178287146226415		NONE
go_bp	GOBP_INFLAMMASOME_MEDIATED_SIGNALING_PATHWAY	MIXED	0.7543836246880815	0	-1.2226368710707436	0.4544324085332155	0.8299982655420834	0.8863184684307337		NONE
reactome	REACTOME_CYCLIN_A_B1_B2_ASSOCIATED_EVENTS_DURING_G2_M_TRANSITION	MIXED	-1.0787584270889017	0	-0.8589697954353908	0.8711862882495335	-1.010219534186507	0.6437419526706034		NONE
go_bp	GOBP_REGULATION_OF_CELL_CYCLE_G2_M_PHASE_TRANSITION	MIXED	-1.0956959780662734	0	-1.028773545096667	0.6759531121685622	0.9574292872463772	0.8232487700534761		NONE
reactome	REACTOME_TRAF6_MEDIATED_NF_KB_ACTIVATION	MIXED	-0.8181441818046515	0	-0.6807312173503653	0.983440726807012	-0.8015553952915992	0.8803194784647497		NONE
go_bp	GOBP_POSITIVE_REGULATION_OF_PEPTIDYL_SERINE_PHOSPHORYLATION	LOW_EVIDENCE	1.210765762992521	0	-0.8986171870426265	0.861984282907662	1.0599111827762715	0.6980336169799721		NONE
reactome	REACTOME_NUCLEAR_ENVELOPE_NE_REASSEMBLY	MIXED	-0.5679080811627568	0	-1.1554671631726832	0.4665587044534413	-1.27970527768573	0.3195590341516551		NONE
go_bp	GOBP_MONOCARBOXYLIC_ACID_CATABOLIC_PROCESS	MIXED	0.9918964856531842	0	1.0917145377306656	0.5649518101796493	1.4454101421774666	0.158776079373166		NONE
go_bp	GOBP_RIG_I_SIGNALING_PATHWAY	MIXED	0.4622530654894725	0	1.2410321036561671	0.4707672929568594	-1.3043024678525803	0.5115299665499584		NONE
reactome	REACTOME_EPIGENETIC_REGULATION_OF_GENE_EXPRESSION	MIXED	-0.6208957729185485	0	-0.9634598529384678	0.8088996205588133	-1.2516972061052585	0.2143059880138778		NONE
go_bp	GOBP_POSITIVE_REGULATION_OF_INTRACELLULAR_TRANSPORT	LOW_EVIDENCE	0.9981604785656772	0	-0.9353522839033388	0.8054561503624972	1.1521575802737092	0.5784691746467164		NONE
go_bp	GOBP_3_UTR_MEDIATED_MRNA_STABILIZATION	LOW_EVIDENCE	-1.055303410716549	0	-0.5865963809489759	0.9883821265427974	0.6638234247767897	0.9668647966823052		NONE
go_bp	GOBP_POSITIVE_REGULATION_OF_SMOOTH_MUSCLE_CELL_APOPTOTIC_PROCESS	not_tested_in_resistance		0			-0.9612968945375696	0.7878260869565218		NONE
go_bp	GOBP_CELLULAR_RESPONSE_TO_CORTICOSTEROID_STIMULUS	LOW_EVIDENCE	1.344034918750654	0	1.0210275091596044	0.7157460602339186	1.061754447825312	0.6966551326412919		NONE
go_bp	GOBP_REGULATION_OF_NUCLEAR_DIVISION	MIXED	-0.9118137874765908	0	-1.1632594722375125	0.4571683950808237	-0.9851181318356802	0.7885880077369439		NONE
go_bp	GOBP_VENTRICULAR_CARDIAC_MUSCLE_CELL_ACTION_POTENTIAL	MIXED	-0.9931160916544268	0	0.9244245214547188	0.7954771371769382	1.0891600187057615	0.6947615964009406		NONE
reactome	REACTOME_CARGO_RECOGNITION_FOR_CLATHRIN_MEDIATED_ENDOCYTOSIS	MIXED	1.0570087484873842	0	0.7520683420026643	0.994029744029744	0.951165823385566	0.7326531382625905		NONE
go_bp	GOBP_ACYLGLYCEROL_HOMEOSTASIS	MIXED	-0.9133573535983848	0	1.3118476392193603	0.4089813140446052	0.907862278745867	0.8287014804194234		NONE
go_bp	GOBP_T_HELPER_17_CELL_LINEAGE_COMMITMENT	not_tested_in_resistance		0			0.9990116524292428	0.7799735991276233		NONE
reactome	REACTOME_MITF_M_REGULATED_MELANOCYTE_DEVELOPMENT	LOW_EVIDENCE	1.0108116876602664	0	-1.3059626640625306	0.2497845553148173	0.9633918698552196	0.7272813171757259		NONE
go_bp	GOBP_REGULATION_OF_MYELOID_LEUKOCYTE_MEDIATED_IMMUNITY	MIXED	0.9449360191536824	0	0.9690307486516524	0.765712251333699	0.6819369680582374	0.9781799125858532		NONE
reactome	REACTOME_DRUG_ADME	MIXED	-1.171279317534863	0	-1.2399441334232553	0.3643385131523162	0.800145157886041	0.9286887808382276		NONE
go_bp	GOBP_SYNAPTONEMAL_COMPLEX_ORGANIZATION	MIXED	-0.0123191022656609	0	0.8537962686280292	0.8507478723178472	-0.8869258325674163	0.8463220312595189		NONE
reactome	REACTOME_G_PROTEIN_MEDIATED_EVENTS	MIXED	0.8795006280381036	0	-1.2202139050207994	0.4131430584918957	-1.0479969716054476	0.5883923985618901		NONE
reactome	REACTOME_P130CAS_LINKAGE_TO_MAPK_SIGNALING_FOR_INTEGRINS	not_tested_in_resistance		0			-1.3443594045287142	0.3546772343310043		NONE
go_bp	GOBP_FUCOSYLATION	not_tested_in_resistance		0	0.7699709212037804	0.908235162203904	1.238999098239344	0.598978167047474		NONE
go_bp	GOBP_MICROTUBULE_BASED_TRANSPORT	LOW_EVIDENCE	-0.9062962974399074	0	-0.9667407846826576	0.7758839085313006	1.101418341222787	0.6322897444522337		NONE
go_bp	GOBP_REGULATION_OF_CELL_CELL_ADHESION_MEDIATED_BY_CADHERIN	LOW_EVIDENCE	1.5141890319694824	0	-1.0523190706829146	0.6869658493046463	1.0138597982045674	0.7691999292494546		NONE
reactome	REACTOME_RHOBTB1_GTPASE_CYCLE	MIXED	0.9486744321219568	0	-1.6567826232642195	0.0934390050562501	0.8331924681892813	0.8162764184863632		NONE
go_bp	GOBP_INTRACELLULAR_POTASSIUM_ION_HOMEOSTASIS	not_tested_in_resistance		0			0.9783792776347356	0.7860233955190277		NONE
go_bp	GOBP_REGULATION_OF_NUCLEAR_TRANSCRIBED_MRNA_CATABOLIC_PROCESS_DEADENYLATION_DEPENDENT_DECAY	MIXED	0.6672217162573197	0	-1.0910584229219995	0.6315126037310413	-1.3834559768436996	0.4682636357900969		NONE
go_bp	GOBP_DEVELOPMENT_OF_PRIMARY_SEXUAL_CHARACTERISTICS	MIXED	0.9596339570407896	0	-1.1479204806062724	0.4483695652173913	1.1006496895895048	0.6396929353037233	CITED2	NONE
go_bp	GOBP_REGULATION_OF_ACUTE_INFLAMMATORY_RESPONSE	MIXED	-1.1121465819143888	0	0.956725672980794	0.7696944610317935	0.964605920099148	0.7940643133462283		NONE
reactome	REACTOME_NUCLEAR_RECEPTOR_TRANSCRIPTION_PATHWAY	MIXED	1.186278024234663	0	-1.0256700193731547	0.7085448392554992	1.3281151418471684	0.3161302982731554		NONE
reactome	REACTOME_ABC_FAMILY_PROTEINS_MEDIATED_TRANSPORT	MIXED	-0.7938160415402602	0	1.0397407531540828	0.6791499404917999	-1.4369177616359126	0.064599567646614		NONE
go_bp	GOBP_REGULATION_OF_HEMATOPOIETIC_PROGENITOR_CELL_DIFFERENTIATION	LOW_EVIDENCE	-1.0499960964035169	0	-0.9078484072476142	0.8151046913829001	-1.1107372675981624	0.6762771762813934		NONE
go_bp	GOBP_SPROUTING_ANGIOGENESIS	LOW_EVIDENCE	1.1344447627546863	0	-1.1012606279898878	0.5559342537866213	1.333986137726043	0.3543491864831039		NONE
go_bp	GOBP_LONG_CHAIN_FATTY_ACID_TRANSPORT	MIXED	1.1388106153384183	0	-1.0227376864176492	0.6806690196700508	1.1604600401182354	0.6158703972978788		NONE
go_bp	GOBP_PURINE_RIBONUCLEOSIDE_METABOLIC_PROCESS	MIXED	-0.8068189279135539	0	-0.6782499377160617	0.964083287114432	0.7301330955883172	0.9342328778797262		NONE
reactome	REACTOME_FORMATION_OF_THE_URETERIC_BUD	LOW_EVIDENCE	1.1845318127472106	0	-0.9913115400283878	0.766116635818929	1.2933338545240791	0.3863397588160058		NONE
go_bp	GOBP_BONE_RESORPTION	MIXED	1.0704995121318122	0	-0.922493741025891	0.8149268876679913	1.2134462899708118	0.5784691746467164		NONE
reactome	REACTOME_TOLL_LIKE_RECEPTOR_TLR1_TLR2_CASCADE	MIXED	0.7740296587012508	0	0.9224409934897364	0.8519538677976408	1.006482329797628	0.6593949851416676		NONE
go_bp	GOBP_CELLULAR_RESPONSE_TO_PH	MIXED	0.2475812963882602	0	-1.007485662923944	0.71890739215216	1.2242292930581935	0.5832831988261189		NONE
go_bp	GOBP_POSITIVE_REGULATION_OF_CYCLIN_DEPENDENT_PROTEIN_KINASE_ACTIVITY	not_tested_in_resistance		0			-1.357947530858853	0.5019048221112415		NONE
go_bp	GOBP_PROTEIN_MONOUBIQUITINATION	LOW_EVIDENCE	-0.9117996104830226	0	0.8977513326077172	0.8446936632890719	1.5791173135033545	0.1916940110694041		NONE
go_bp	GOBP_POSITIVE_REGULATION_OF_PROTEIN_BINDING	MIXED	1.2001497000601695	0	0.780082805204184	0.9328880724048206	0.993416289714977	0.7761819465910603		NONE
reactome	REACTOME_OTHER_INTERLEUKIN_SIGNALING	MIXED	0.1903838601777737	0	1.2958010068738672	0.4348504765034505	0.9801560644785808	0.6869050452165635		NONE
go_bp	GOBP_NOREPINEPHRINE_TRANSPORT	not_tested_in_resistance		0	-1.721614232392136	0.0727005223888729	0.7461607927244378	0.9268152437685452		NONE
go_bp	GOBP_POST_TRANSCRIPTIONAL_REGULATION_OF_GENE_EXPRESSION	LOW_EVIDENCE	0.9181399676304832	0	-1.0331029523659867	0.6210134532895103	-1.3276206781787316	0.082829556727265		NONE
go_bp	GOBP_NEGATIVE_REGULATION_OF_RAS_PROTEIN_SIGNAL_TRANSDUCTION	LOW_EVIDENCE	1.367847532036603	0	-1.584474718231727	0.1580794118777838	1.8400815475122925	0.0683928587623366		NONE
go_bp	GOBP_PROTEIN_HETEROOLIGOMERIZATION	LOW_EVIDENCE	-0.8896900104138044	0	-0.7882043778046329	0.90489869972785	-1.2762637211136612	0.5115299665499584		NONE
go_bp	GOBP_ORGANELLE_LOCALIZATION	LOW_EVIDENCE	-0.9600772789764692	0						NONE
go_bp	GOBP_NEGATIVE_REGULATION_OF_T_CELL_RECEPTOR_SIGNALING_PATHWAY	LOW_EVIDENCE	1.0048973998874036	0	-0.8919683874117483	0.8175633539316288	1.1256002292203555	0.671601158692069		NONE
go_bp	GOBP_ESTABLISHMENT_OF_PROTEIN_LOCALIZATION_TO_VACUOLE	LOW_EVIDENCE	0.7964627673152866	0	-0.7828759633451371	0.9444519887521	1.1037226158453757	0.6808981966112805		NONE
go_bp	GOBP_PROTEIN_SUMOYLATION	LOW_EVIDENCE	1.035895452218251	0	0.7487342360368654	0.9708455335285364	-0.9257328868507668	0.833506024040405		NONE
go_bp	GOBP_POSITIVE_REGULATION_OF_HEART_RATE	LOW_EVIDENCE	0.9217569040858418	0	-1.1683200974612546	0.5772023949815454	-0.6142197599151564	0.9767000140560164		NONE
reactome	REACTOME_MYOGENESIS	LOW_EVIDENCE	1.3590234296827923	0	0.9603334860570084	0.7897947576354318	-0.8912995118627389	0.7702612292065809		NONE
go_bp	GOBP_PHASIC_SMOOTH_MUSCLE_CONTRACTION	not_tested_in_resistance		0			0.9841797567338568	0.7817781733994945		NONE
go_bp	GOBP_NEGATIVE_REGULATION_OF_MYOBLAST_DIFFERENTIATION	LOW_EVIDENCE	1.1744679721686402	0	0.994753247150649	0.7437081462947973	0.7133827622708105	0.94024931590149		NONE
go_bp	GOBP_PROTEIN_IMPORT_INTO_MITOCHONDRIAL_MATRIX	LOW_EVIDENCE	-0.8627152535001188	0	0.6638945133703725	0.9650742626918064	1.1405803300590418	0.6762771762813934		NONE
go_bp	GOBP_GLYCOSYL_COMPOUND_BIOSYNTHETIC_PROCESS	LOW_EVIDENCE	-0.9079714314578377	0	-1.2778913239049634	0.4430176565008025	1.136898182659211	0.6747437182994384		NONE
go_bp	GOBP_POSITIVE_REGULATION_OF_POTASSIUM_ION_TRANSMEMBRANE_TRANSPORTER_ACTIVITY	not_tested_in_resistance		0			-0.603832717618141	0.9828984545761488		NONE
go_bp	GOBP_REGULATION_OF_EPIDERMIS_DEVELOPMENT	MIXED	-1.1374122101270063	0	-0.9670633260567966	0.7734852695942189	0.978743448186866	0.7756025944127763		NONE
go_bp	GOBP_POSITIVE_REGULATION_OF_DENDRITE_DEVELOPMENT	not_tested_in_resistance		0			0.8254343728344423	0.882049225159526		NONE
go_bp	GOBP_NEGATIVE_REGULATION_OF_PROTEIN_BINDING	LOW_EVIDENCE	0.9743214157209736	0	0.8633711469280727	0.8912529550827424	0.9196165509865608	0.8346567229655626		NONE
reactome	REACTOME_FORMATION_OF_INCISION_COMPLEX_IN_GG_NER	MIXED	-0.8331222560428723	0	-0.9319034459802455	0.8311202739534559	-1.1229932017535096	0.5075178279920955		NONE
go_bp	GOBP_POSITIVE_REGULATION_OF_RELEASE_OF_CYTOCHROME_C_FROM_MITOCHONDRIA	LOW_EVIDENCE	0.9777985047463564	0	1.4854410898493082	0.2759405975150076	0.9085896810120996	0.8395076525908169		NONE
reactome	REACTOME_NEGATIVE_REGULATION_OF_MAPK_PATHWAY	LOW_EVIDENCE	0.8459321616370931	0	0.8353845757118632	0.914570120542652	1.0053261300518823	0.6543761691918831		NONE
reactome	REACTOME_DISEASES_OF_HEMOSTASIS	not_tested_in_resistance		0			0.7683752392337961	0.8820913461538461		NONE
go_bp	GOBP_L_GLUTAMATE_TRANSMEMBRANE_TRANSPORT	MIXED	0.7653376398153339	0	1.091567472807164	0.6599587823004087	1.0423849445130833	0.7318260701171598		NONE
go_bp	GOBP_ANTEROGRADE_AXONAL_TRANSPORT	MIXED	1.2296079774092878	0	1.0559245926779528	0.6722885820822633	1.1714756249439335	0.6156750226517668		NONE
go_bp	GOBP_INTRACELLULAR_MRNA_LOCALIZATION	LOW_EVIDENCE	-1.0824874292916586	0			-1.0273585810568815	0.748807195611711		NONE
go_bp	GOBP_REGULATION_OF_B_CELL_MEDIATED_IMMUNITY	LOW_EVIDENCE	1.0516455176198436	0	-0.8671555972408461	0.8765002977690228	1.198440189372357	0.5784691746467164		NONE
go_bp	GOBP_NEGATIVE_REGULATION_OF_HYDROLASE_ACTIVITY	MIXED	1.2970139661543032	0	-0.9469725721166486	0.7993025493025493	1.1749504466184493	0.5347830550232685		NONE
reactome	REACTOME_SYNTHESIS_OF_PA	LOW_EVIDENCE	1.3962502242098895	0	-1.462196993603407	0.2411969084822338	-0.6839851311399253	0.9690579927548238		NONE
go_bp	GOBP_POSITIVE_REGULATION_OF_IMMUNE_RESPONSE	MIXED	-0.1085865891573268	0						NONE
go_bp	GOBP_REGULATION_OF_SYNCYTIUM_FORMATION_BY_PLASMA_MEMBRANE_FUSION	LOW_EVIDENCE	1.2939327814762374	0	0.835408733649686	0.8717242936621337	1.003428110231875	0.762091550077527		NONE
go_bp	GOBP_CELLULAR_RESPONSE_TO_RADIATION	MIXED	0.8633640409747265	0	-0.965920219556125	0.7696944610317935	-1.2566282338753814	0.3775012032225155		NONE
reactome	REACTOME_EFFECTS_OF_PIP2_HYDROLYSIS	MIXED	-0.8017492316283744	0	-0.8823082404787732	0.8481838543188236	0.8324295618887241	0.8295380515250222		NONE
go_bp	GOBP_REGULATION_OF_SPINDLE_ASSEMBLY	MIXED	-0.74541363888771	0	1.2621172924184103	0.4418420457116994	-1.318450853364523	0.4889128728414442		NONE
reactome	REACTOME_SYNTHESIS_SECRETION_AND_INACTIVATION_OF_GLUCAGON_LIKE_PEPTIDE_1_GLP_1	not_tested_in_resistance		0			0.8272139444169809	0.816901251676601		NONE
go_bp	GOBP_FOREBRAIN_GENERATION_OF_NEURONS	LOW_EVIDENCE	1.1738641074912537	0	-1.0462321592213033	0.6552832629332417	1.2861637090432485	0.5139259175222645		NONE
reactome	REACTOME_GABA_SYNTHESIS_RELEASE_REUPTAKE_AND_DEGRADATION	LOW_EVIDENCE	-1.1709769469763625	0	0.885060901496168	0.8434403595213601	0.7652271602479849	0.8834236669308276		NONE
go_bp	GOBP_TIGHT_JUNCTION_ORGANIZATION	MIXED	-0.8622400017923494	0	-1.2100565524058349	0.4360822817234538	1.065082160346697	0.695808		NONE
go_bp	GOBP_REGULATION_OF_SKELETAL_MUSCLE_CONTRACTION	not_tested_in_resistance		0			-1.010312626303363	0.7460371920675221		NONE
go_bp	GOBP_NODAL_SIGNALING_PATHWAY	not_tested_in_resistance		0			-0.9449581831674924	0.8027904556290832	CITED2	NONE
go_bp	GOBP_PRIMARY_AMINO_COMPOUND_METABOLIC_PROCESS	not_tested_in_resistance		0			1.0726471873263608	0.7212677537259876		NONE
go_bp	GOBP_RESPONSE_TO_VITAMIN	MIXED	1.0898495156438763	0	-1.1429514562839302	0.5008858010580628	-0.8070999553558766	0.9342328778797262		NONE
go_bp	GOBP_MHC_CLASS_II_BIOSYNTHETIC_PROCESS	not_tested_in_resistance		0	-1.1161920197304194	0.6156284526753301	-1.1621077443192631	0.626617297750454		NONE
reactome	REACTOME_POLO_LIKE_KINASE_MEDIATED_EVENTS	LOW_EVIDENCE	-1.1620145303132097	0	1.4180056160045391	0.3007223180983132	-1.31640651167197	0.3742456640532193		NONE
reactome	REACTOME_RNA_POLYMERASE_III_TRANSCRIPTION_TERMINATION	MIXED	0.539249313153931	0	-1.2510254005142527	0.4348504765034505	-1.1455900388963132	0.494475138121547		NONE
go_bp	GOBP_VESICLE_FUSION_TO_PLASMA_MEMBRANE	MIXED	-0.0367053830808732	0	0.7036524166978094	0.9522490358869	0.8278226149289004	0.8889471290259698		NONE
reactome	REACTOME_INTERLEUKIN_12_SIGNALING	LOW_EVIDENCE	-1.0892230159551115	0	-0.8447719890495535	0.9252936059156154	0.9021581106599904	0.7567449292585396		NONE
go_bp	GOBP_NEGATIVE_REGULATION_OF_INFLAMMATORY_RESPONSE_TO_ANTIGENIC_STIMULUS	MIXED	1.0424718823074464	0	0.7527637891703378	0.9275782433201072	-1.2418745160601976	0.5653363251311012		NONE
go_bp	GOBP_TRNA_METHYLATION	LOW_EVIDENCE	-0.7309691158397656	0	-1.6508068505770326	0.0805858227480063	0.8220852975908196	0.8889471290259698		NONE
go_bp	GOBP_RESPONSE_TO_CORTICOSTERONE	not_tested_in_resistance		0			-0.8495005985998257	0.8540363398812786		NONE
reactome	REACTOME_CIRCADIAN_CLOCK	LOW_EVIDENCE	1.0944069060512185	0	1.3922232108351753	0.2353035477263722	-1.0899603905598332	0.5197822141560798		NONE
reactome	REACTOME_FCERI_MEDIATED_MAPK_ACTIVATION	MIXED	0.8747415488348036	0	-1.4919417778528847	0.1837711118147605	-1.070442980333839	0.5668716724802644		NONE
go_bp	GOBP_NEGATIVE_REGULATION_OF_TRANSLATION	MIXED	0.9642143814870346	0	1.0187930584948033	0.6940183232129541	-1.5178160001725722	0.0975410231998841		NONE
go_bp	GOBP_CELLULAR_RESPONSE_TO_ATP	LOW_EVIDENCE	1.4535429574143226	0			0.8221473395920631	0.8793172690763053		NONE
go_bp	GOBP_SODIUM_INDEPENDENT_ORGANIC_ANION_TRANSPORT	not_tested_in_resistance		0			-0.5568342793966395	0.9834468425658732		NONE
go_bp	GOBP_PHOSPHATIDIC_ACID_METABOLIC_PROCESS	LOW_EVIDENCE	1.326431292542091	0	0.8736087006056498	0.868207600680658	-1.118598527608686	0.6633646308898268		NONE
reactome	REACTOME_RNA_POLYMERASE_III_TRANSCRIPTION_INITIATION_FROM_TYPE_3_PROMOTER	LOW_EVIDENCE	-0.6151450448794188	0	-0.9350838790699614	0.8355140987915322	-1.2916907616542634	0.3638676138162389		NONE
reactome	REACTOME_SYNTHESIS_OF_BILE_ACIDS_AND_BILE_SALTS_VIA_7ALPHA_HYDROXYCHOLESTEROL	MIXED	0.0701225142664057	0	-1.453938892678314	0.2748046875	1.3589073115382526	0.3190069628647214		NONE
go_bp	GOBP_NEGATIVE_REGULATION_OF_CANONICAL_NF_KAPPAB_SIGNAL_TRANSDUCTION	LOW_EVIDENCE	0.8453980803744954	0	-1.0613945838051535	0.6515234813812156	-0.9202880867565704	0.8341884915638379		NONE
go_bp	GOBP_REGULATION_OF_LEUKOCYTE_DEGRANULATION	LOW_EVIDENCE	1.0426076621545135	0	1.032774730241644	0.6854954062826648	0.6970339688267818	0.961348009394188		NONE
go_bp	GOBP_ESTABLISHMENT_OF_TISSUE_POLARITY	LOW_EVIDENCE	1.31842307331094	0	-1.234542456247682	0.4461770507019376	-0.9352705217252948	0.8331359102244389		NONE
go_bp	GOBP_3_UTR_MEDIATED_MRNA_DESTABILIZATION	MIXED	-0.8423684616851915	0	0.5676639034286597	0.9883821265427974	1.3119287300641158	0.5139622117254793		NONE
go_bp	GOBP_REGULATION_OF_MICROTUBULE_DEPOLYMERIZATION	LOW_EVIDENCE	1.0508781253390374	0	1.399465957956599	0.3338194444444444	1.199304203238757	0.6008843036109064		NONE
go_bp	GOBP_MITOCHONDRION_LOCALIZATION	MIXED	-0.8784817251734233	0	0.867092299455268	0.8727022897281519	-1.0071499450813124	0.7774116125502095		NONE
go_bp	GOBP_METANEPHRIC_GLOMERULUS_DEVELOPMENT	not_tested_in_resistance		0			1.629561368041156	0.1944795060208141		NONE
reactome	REACTOME_INTERLEUKIN_37_SIGNALING	LOW_EVIDENCE	1.390466552126042	0	-0.757984242066346	0.9463853830051012	0.8207259169043303	0.8219187564655255		NONE
go_bp	GOBP_GLUCOSE_CATABOLIC_PROCESS	MIXED	0.8595156622989751	0	0.794716950304574	0.8979653284671534	-0.7984028259747544	0.9042730622159718		NONE
reactome	REACTOME_ACYL_CHAIN_REMODELLING_OF_PG	not_tested_in_resistance		0			0.98667333995455	0.6760113297988235		NONE
reactome	REACTOME_GASTRIN_CREB_SIGNALLING_PATHWAY_VIA_PKC_AND_MAPK	MIXED	0.1720442650068648	0	0.9960499090374773	0.7504	-1.7398388970146887	0.0932444106699355		NONE
go_bp	GOBP_REGULATION_OF_MITOCHONDRIAL_FISSION	LOW_EVIDENCE	1.0395580781244782	0	1.0833673390985068	0.6428895075435961	0.7951222119726605	0.8951721310896098		NONE
go_bp	GOBP_POSITIVE_REGULATION_OF_SYNAPSE_ASSEMBLY	LOW_EVIDENCE	1.1735985899008772	0	-1.531365319056551	0.1248070069008489	1.100740615337665	0.6808981966112805		NONE
reactome	REACTOME_DOWNREGULATION_OF_ERBB2_SIGNALING	MIXED	1.0112028606175922	0	-1.1964403121652336	0.4835478834654019	1.0602441725794622	0.5851195316311596		NONE
reactome	REACTOME_ISG15_ANTIVIRAL_MECHANISM	LOW_EVIDENCE	-1.0368467741331624	0	-1.251533235964205	0.3325482715664902	-1.1967518875275676	0.4034801068600324		NONE
reactome	REACTOME_ARACHIDONIC_ACID_METABOLISM	LOW_EVIDENCE	0.9553739491799532	0	-1.3452124000132686	0.2748046875	1.1737557909912733	0.4581093145521278		NONE
reactome	REACTOME_DISEASES_ASSOCIATED_WITH_O_GLYCOSYLATION_OF_PROTEINS	MIXED	1.349405531163343	0	-1.3480424131432034	0.2452344001639776	0.5793473910156477	0.9963822756926206		NONE
go_bp	GOBP_PROTEIN_LOCALIZATION_TO_CELL_SURFACE	MIXED	-0.7668199570536929	0	0.9586678033069306	0.7758839085313006	0.8747636901465138	0.8628895359845393		NONE
go_bp	GOBP_REGULATION_OF_PRODUCTION_OF_MOLECULAR_MEDIATOR_OF_IMMUNE_RESPONSE	MIXED	-0.9897841231717364	0	-1.087568885774259	0.5467620538043073	1.0163254765349643	0.740627340935304		NONE
go_bp	GOBP_EMBRYONIC_HEMOPOIESIS	LOW_EVIDENCE	-1.2778513990899074	0	-0.7957148415606731	0.8877885215221459	0.6127808525264856	0.9811271844201112		NONE
go_bp	GOBP_REGULATION_OF_MEGAKARYOCYTE_DIFFERENTIATION	LOW_EVIDENCE	1.2671380060729969	0	0.7328118505671458	0.9430871212121212	-1.463274433444359	0.4219067509595846		NONE
go_bp	GOBP_PROTEIN_INSERTION_INTO_MEMBRANE	LOW_EVIDENCE	0.9275070897490796	0	1.1675642480910304	0.5219535830957978	-1.2055500236052508	0.5729750593824228		NONE
go_bp	GOBP_VENTRICULAR_CARDIAC_MUSCLE_CELL_MEMBRANE_REPOLARIZATION	MIXED	0.3413184600790204	0	-1.2630265418353357	0.4815045503304612	-0.9145803418929028	0.8332417018624413		NONE
reactome	REACTOME_FATTY_ACYL_COA_BIOSYNTHESIS	MIXED	-0.8400085914361896	0	0.901419749927847	0.8437037037037037	0.902705176069236	0.7475740989362801		NONE
go_bp	GOBP_IMMUNOGLOBULIN_PRODUCTION_INVOLVED_IN_IMMUNOGLOBULIN_MEDIATED_IMMUNE_RESPONSE	LOW_EVIDENCE	1.0188715554574312	0	-1.2343850865891182	0.4313604636270491	-1.0605132289805137	0.7212677537259876		NONE
go_bp	GOBP_REGULATION_OF_AEROBIC_RESPIRATION	MIXED	0.8647566081870288	0	1.5113555524207072	0.1993783654175286	0.930735991220909	0.8192723773284367		NONE
reactome	REACTOME_TRANSLOCATION_OF_SLC2A4_GLUT4_TO_THE_PLASMA_MEMBRANE	MIXED	0.8218475371383988	0	-1.4514678915577732	0.1853586707682626	0.7316324438366708	0.95763269232657		NONE
go_bp	GOBP_ACTIN_FILAMENT_SEVERING	LOW_EVIDENCE	-0.8592151323703185	0	-1.426040933176082	0.3342868269524984	0.965825638709069	0.7977372142852255		NONE
go_bp	GOBP_POST_GOLGI_VESICLE_MEDIATED_TRANSPORT	MIXED	0.8798277073962179	0	1.0202052917604305	0.6910395284811072	0.937888398163274	0.83506290058713		NONE
go_bp	GOBP_POLYAMINE_METABOLIC_PROCESS	MIXED	-0.7728226516306823	0	0.6730516906311325	0.9515812155396411	1.089640333598115	0.7102822477922941		NONE
go_bp	GOBP_REGULATION_OF_INNATE_IMMUNE_RESPONSE	MIXED	1.118959937020826	0	-1.0873887456172964	0.5122846886660035	-1.069433563268864	0.6074418013907581		NONE
go_bp	GOBP_POSITIVE_REGULATION_OF_INTERLEUKIN_8_PRODUCTION	LOW_EVIDENCE	1.202065485435576	0	-1.154080990969366	0.540901041351335	0.8618025759467668	0.8794163362410784		NONE
go_bp	GOBP_SPHINGOLIPID_MEDIATED_SIGNALING_PATHWAY	not_tested_in_resistance		0			-0.6889326353518199	0.9509765625		NONE
go_bp	GOBP_CELL_CYCLE_G2_M_PHASE_TRANSITION	MIXED	-1.271609357203439	0	-1.015384526528632	0.6933129527114489	-0.8659649022371081	0.9102862955057698		NONE
go_bp	GOBP_REGULATION_OF_INSULIN_LIKE_GROWTH_FACTOR_RECEPTOR_SIGNALING_PATHWAY	LOW_EVIDENCE	0.6264467141591942	0	-1.4525045954792315	0.3342868269524984	0.692203160834522	0.948147409862208		NONE
reactome	REACTOME_METABOLISM_OF_NUCLEOTIDES	LOW_EVIDENCE	-1.0602181275982587	0	-1.1439236633338623	0.4813218390804597	-0.930831086847704	0.75301247771836		NONE
go_bp	GOBP_MATURE_B_CELL_DIFFERENTIATION	LOW_EVIDENCE	1.0337307770157371	0	-1.1130822168497263	0.6116381788719879	1.0304682953387032	0.7379355664309061		NONE
go_bp	GOBP_2_OXOGLUTARATE_METABOLIC_PROCESS	MIXED	0.4137109578794259	0	1.5071075762647463	0.2741092302599568	-1.013101103687046	0.7702182780438127		NONE
go_bp	GOBP_POSITIVE_REGULATION_OF_DNA_BIOSYNTHETIC_PROCESS	LOW_EVIDENCE	-1.0197945437448834	0	-0.9282129744500818	0.8138795132166992	-1.441531566135194	0.2015421569186247		NONE
go_bp	GOBP_NEGATIVE_REGULATION_OF_TYPE_2_IMMUNE_RESPONSE	not_tested_in_resistance		0			0.8522741059923387	0.8685713988791923		NONE
reactome	REACTOME_REGULATION_OF_MITF_M_DEPENDENT_GENES_INVOLVED_IN_PIGMENTATION	MIXED	1.0226298297461665	0	-1.5168134138641385	0.1906339594034013	1.097609994992822	0.5610125365929965		NONE
go_bp	GOBP_VESICLE_DOCKING	LOW_EVIDENCE	-0.9485986191204744	0	1.249082810062838	0.4057177615571776	1.4736635317673303	0.2069328123211453		NONE
go_bp	GOBP_POSITIVE_REGULATION_OF_DNA_DAMAGE_RESPONSE_SIGNAL_TRANSDUCTION_BY_P53_CLASS_MEDIATOR	LOW_EVIDENCE	1.238703478954971	0	0.9808851446600136	0.7523790642347343	1.5630959088759364	0.241852130844125		NONE
go_bp	GOBP_NEGATIVE_REGULATION_OF_POTASSIUM_ION_TRANSMEMBRANE_TRANSPORTER_ACTIVITY	LOW_EVIDENCE	-0.7814865241453641	0			0.8885552304004487	0.8400202292650034		NONE
go_bp	GOBP_REGULATION_OF_NEURON_PROJECTION_ARBORIZATION	LOW_EVIDENCE	1.2809878031262267	0	0.8407889178931849	0.8696548879417022	1.4947514300332163	0.3635893411336638		NONE
go_bp	GOBP_REGULATION_OF_EXTRACELLULAR_MATRIX_DISASSEMBLY	not_tested_in_resistance		0	0.528282067230357	0.993707810689638				NONE
go_bp	GOBP_POSITIVE_REGULATION_OF_DNA_REPLICATION	MIXED	-0.8153762558434271	0	-0.8325085519730938	0.8972916815934657	0.9532171362887872	0.7980233503780831		NONE
go_bp	GOBP_CIRCADIAN_SLEEP_WAKE_CYCLE_SLEEP	not_tested_in_resistance		0			1.0923608038284056	0.6966130605006319		NONE
go_bp	GOBP_GLYCOSYL_COMPOUND_METABOLIC_PROCESS	MIXED	0.9164914724782636	0	-0.8795726344367543	0.8698487219613981	1.099660023326095	0.6762838943690007		NONE
go_bp	GOBP_REGULATION_OF_MEMBRANE_PERMEABILITY	MIXED	-0.7769405758942768	0	1.295613829063695	0.3500862424055195	1.1026941124932017	0.6808981966112805		NONE
go_bp	GOBP_REGULATION_OF_CELL_COMMUNICATION_BY_ELECTRICAL_COUPLING	not_tested_in_resistance		0			-0.9800866371650334	0.7817781733994945		NONE
reactome	REACTOME_SIGNALING_BY_NOTCH2	MIXED	1.1608526004506567	0	0.8827879504523323	0.8550133485739337	-1.219040864938898	0.4050792054312296		NONE
go_bp	GOBP_LONG_CHAIN_FATTY_ACID_METABOLIC_PROCESS	MIXED	-1.1335486753120163	0	-1.1579850346455898	0.481111903064861	1.0713564255974026	0.695808		NONE
go_bp	GOBP_VESICLE_TRANSPORT_ALONG_MICROTUBULE	MIXED	-0.9281805127835522	0	1.4580757979129402	0.209471270074756	1.337139102301427	0.4884815214194686		NONE
go_bp	GOBP_VISUAL_BEHAVIOR	MIXED	1.1433071580885434	0	1.2103239316125822	0.4614698294238384	1.475656215463089	0.3248833384332925		NONE
reactome	REACTOME_SMAD2_SMAD3_SMAD4_HETEROTRIMER_REGULATES_TRANSCRIPTION	LOW_EVIDENCE	1.260236920782462	0	0.9731416961609084	0.7781649245063879	-1.2782240491470824	0.3799976412312772		NONE
go_bp	GOBP_CALCIUM_IMPORT_INTO_THE_MITOCHONDRION	LOW_EVIDENCE	-0.5778581581310505	0	0.8352683246520198	0.8692177742345729				NONE
go_bp	GOBP_TETRAPYRROLE_METABOLIC_PROCESS	LOW_EVIDENCE	-0.8229957338747553	0	1.0718319471252598	0.6460173653512519	-1.1339522387659586	0.6722525921744555		NONE
go_bp	GOBP_VITAMIN_D_METABOLIC_PROCESS	LOW_EVIDENCE	1.4455010094191516	0			-0.6946304376433744	0.9508266025854972		NONE
go_bp	GOBP_REGULATION_OF_VENTRICULAR_CARDIAC_MUSCLE_CELL_MEMBRANE_REPOLARIZATION	MIXED	0.2594123954096581	0	-1.2828712191901703	0.4528099272163226	-0.890397016573016	0.839861498448908		NONE
go_bp	GOBP_SYNAPTIC_VESICLE_CLUSTERING	not_tested_in_resistance		0			1.301263181905976	0.5238088604067985		NONE
go_bp	GOBP_GLOMERULUS_DEVELOPMENT	MIXED	1.4992551912853098	0	-1.5833702166400174	0.050693007935038	0.8509204741339619	0.8863184684307337		NONE
go_bp	GOBP_MAMMARY_GLAND_EPITHELIUM_DEVELOPMENT	MIXED	1.070391444805203	0	-1.6261672767327238	0.0522927168258717	-0.6544453418905762	0.9914525608732158		NONE
go_bp	GOBP_REGULATION_OF_CENTRIOLE_REPLICATION	LOW_EVIDENCE	-1.363477860292568	0	0.9561109192506176	0.765712251333699	-0.7535411644073757	0.9278208750848568		NONE
go_bp	GOBP_NEGATIVE_REGULATION_OF_MRNA_PROCESSING	LOW_EVIDENCE	-1.010287988905119	0	-1.1646586195978834	0.5567623590879405	-1.0433314804887044	0.7110774526678141		NONE
go_bp	GOBP_DETECTION_OF_STIMULUS_INVOLVED_IN_SENSORY_PERCEPTION_OF_PAIN	MIXED	-0.2543617775338094	0	-0.9322655332614124	0.7752130267304773	0.8306023220823802	0.8857442342687604		NONE
go_bp	GOBP_RIBOSOMAL_SMALL_SUBUNIT_ASSEMBLY	MIXED	0.7121126827659112	0	-0.9911407466732912	0.7224918309703146	-1.5470121288314131	0.2786091034107993		NONE
go_bp	GOBP_NEGATIVE_REGULATION_OF_DNA_RECOMBINATION	MIXED	-0.94417513788773	0	-1.147243422070232	0.5330165069766492	1.7878396744486351	0.0561035405960202		NONE
go_bp	GOBP_INSULIN_METABOLIC_PROCESS	not_tested_in_resistance		0			-0.9022830070515307	0.829915835213371		NONE
go_bp	GOBP_NON_PROTEINOGENIC_AMINO_ACID_BIOSYNTHETIC_PROCESS	not_tested_in_resistance		0	-1.5540889977421728	0.1897380019881782	1.0249361487362756	0.7572188657394763		NONE
go_bp	GOBP_STEROID_HORMONE_SECRETION	LOW_EVIDENCE	1.1376938634332263	0	-1.3072490052703107	0.4126086180974951	-1.709928365687229	0.14636750093059		NONE
go_bp	GOBP_T_CELL_RECEPTOR_SIGNALING_PATHWAY	LOW_EVIDENCE	0.959823056282036	0	1.0257018882801998	0.6904332129963899	1.1555334349261897	0.5784691746467164		NONE
go_bp	GOBP_ASTROCYTE_ACTIVATION	LOW_EVIDENCE	1.6754163336341956	0	0.9831936742903647	0.7494454695971993	-1.0843016328364694	0.7016314609393438		NONE
go_bp	GOBP_ACID_SECRETION	MIXED	0.8781562778388096	0	0.7820276463454043	0.9203867483710326	1.4344805065408308	0.4193886690769319		NONE
go_bp	GOBP_LIPID_OXIDATION	MIXED	-0.958145890454692	0	-1.1667811260984131	0.4936769822224805	1.2219313525394508	0.5032192246656086		NONE
go_bp	GOBP_REGULATION_OF_INCLUSION_BODY_ASSEMBLY	LOW_EVIDENCE	-1.419295360699809	0	1.371666061311102	0.3901734104046243	-0.6380601460292913	0.9681975642170854		NONE
go_bp	GOBP_POSITIVE_REGULATION_OF_NEURON_MIGRATION	LOW_EVIDENCE	-0.9571811972913198	0	0.8305784943392499	0.8696548879417022	1.0849851549524323	0.7126095966339976		NONE
go_bp	GOBP_REGULATION_OF_EXTRINSIC_APOPTOTIC_SIGNALING_PATHWAY_VIA_DEATH_DOMAIN_RECEPTORS	MIXED	0.9471593688696152	0	0.9022053964717626	0.8355978828900391	-0.932731850880528	0.8183225806451614		NONE
go_bp	GOBP_PROTEIN_K63_LINKED_UBIQUITINATION	LOW_EVIDENCE	0.7725024460905385	0	1.2621077667858638	0.3812250433210276	-1.239229353752882	0.5359361135758651		NONE
go_bp	GOBP_REGULATION_OF_MUSCLE_CELL_DIFFERENTIATION	MIXED	1.2128975244775897	0	0.9092722928664562	0.8576734306937227	-1.041726313230383	0.7149379338385116		NONE
go_bp	GOBP_POSITIVE_REGULATION_OF_OXIDOREDUCTASE_ACTIVITY	LOW_EVIDENCE	-0.818140516713533	0	-1.5629422315820345	0.1979042345884617	0.7688483542579017	0.9167153842694608		NONE
go_bp	GOBP_RECEPTOR_CLUSTERING	LOW_EVIDENCE	1.4537154882759853	0	-0.7308869815721422	0.9656261824821464	0.9044718718796824	0.8410578721531521		NONE
go_bp	GOBP_POSITIVE_REGULATION_OF_LYMPHOCYTE_DIFFERENTIATION	MIXED	0.897703530578121	0	-1.2319020588364178	0.3650676585647405	1.3992609734522403	0.2012078628523166		NONE
reactome	REACTOME_DNA_DAMAGE_TELOMERE_STRESS_INDUCED_SENESCENCE	LOW_EVIDENCE	1.1485781590661424	0	1.00437032502248	0.7436230284935419	-0.8216532643810935	0.8506624423963134		NONE
go_bp	GOBP_LONG_CHAIN_FATTY_ACYL_COA_METABOLIC_PROCESS	MIXED	-0.806787160311567	0	-1.046592785769163	0.6783439069812491	0.8323720116086869	0.8863184684307337		NONE
go_bp	GOBP_KILLING_BY_HOST_OF_SYMBIONT_CELLS	not_tested_in_resistance		0			-0.7930053747668233	0.9201600896888016		NONE
go_bp	GOBP_INTESTINAL_CHOLESTEROL_ABSORPTION	not_tested_in_resistance		0			0.997409974882638	0.7779516005703776		NONE
go_bp	GOBP_MACROPHAGE_ACTIVATION_INVOLVED_IN_IMMUNE_RESPONSE	not_tested_in_resistance		0	-0.8896318561012942	0.8273020579002441	-1.2502467687337482	0.5714688940092165		NONE
go_bp	GOBP_INTERLEUKIN_1_PRODUCTION	LOW_EVIDENCE	1.3664941253112182	0	-1.0613062638318995	0.6438426162493612	1.062581291642025	0.7102822477922941		NONE
go_bp	GOBP_FATTY_ACID_DERIVATIVE_BIOSYNTHETIC_PROCESS	MIXED	-0.9961275181062842	0	-0.9174694281832408	0.8076721791919614	0.9348471697629718	0.8183225806451614		NONE
go_bp	GOBP_PROGRAMMED_NECROTIC_CELL_DEATH	MIXED	0.7755004299772261	0	1.0087483554137526	0.7243821579264617	0.6893033186451497	0.975218708874731		NONE
go_bp	GOBP_NEGATIVE_REGULATION_OF_POTASSIUM_ION_TRANSPORT	MIXED	0.1381840670804983	0	0.9256081003832846	0.7944706488736428	0.9616597054481444	0.7899097214941935		NONE
go_bp	GOBP_NEGATIVE_REGULATION_OF_CALCINEURIN_MEDIATED_SIGNALING	not_tested_in_resistance		0			0.6356524213688843	0.9601604979838336		NONE
go_bp	GOBP_POSITIVE_REGULATION_OF_NEUROTRANSMITTER_SECRETION	LOW_EVIDENCE	-1.1978895009682238	0	1.1576316856900195	0.5891628440366973	1.2587369887285702	0.5784691746467164		NONE
go_bp	GOBP_REGULATION_OF_TOLERANCE_INDUCTION	not_tested_in_resistance		0			-1.024581535327748	0.7376371901073597		NONE
reactome	REACTOME_FGFR1_MUTANT_RECEPTOR_ACTIVATION	LOW_EVIDENCE	0.9394545055585934	0	-0.7971193433288487	0.9361296609440832	-1.0046336712291242	0.6663112607557052		NONE
go_bp	GOBP_VASCULAR_ASSOCIATED_SMOOTH_MUSCLE_CELL_PROLIFERATION	MIXED	1.113835375907932	0	-1.3021246950938952	0.3769343878945698	1.6716604613398454	0.0812554883106402		NONE
go_bp	GOBP_REGULATION_OF_PH	MIXED	-0.8110658015824687	0	1.0639586437648776	0.6366064538891192	0.9910282309063148	0.7867099567638496		NONE
go_bp	GOBP_FATTY_ACID_CATABOLIC_PROCESS	MIXED	0.9254333664163056	0	1.023227939528521	0.6940183232129541	1.4372175067852766	0.1979424441115588		NONE
go_bp	GOBP_NUCLEAR_TRANSCRIBED_MRNA_POLY_A_TAIL_SHORTENING	MIXED	0.9292244905696668	0	0.8607726905122007	0.8692177742345729	-1.7358232034880894	0.143770532569627		NONE
go_bp	GOBP_LABYRINTHINE_LAYER_BLOOD_VESSEL_DEVELOPMENT	LOW_EVIDENCE	1.152840112750667	0	1.263826360965102	0.4810634215484607	0.9260795108793364	0.827077921477633		NONE
go_bp	GOBP_LIPID_BIOSYNTHETIC_PROCESS	LOW_EVIDENCE	1.0276491957736378	0						NONE
go_bp	GOBP_SERTOLI_CELL_DEVELOPMENT	not_tested_in_resistance		0			1.1046706598642884	0.6966130605006319		NONE
go_bp	GOBP_NEGATIVE_REGULATION_OF_CYSTEINE_TYPE_ENDOPEPTIDASE_ACTIVITY_INVOLVED_IN_APOPTOTIC_PROCESS	MIXED	-0.8903546897138627	0	0.952577380936195	0.7802353108228336	0.8818963114233829	0.8609607683644099		NONE
go_bp	GOBP_REGULATION_OF_FEEDING_BEHAVIOR	LOW_EVIDENCE	0.8446209271808065	0			-0.6437694068921574	0.9811949062323876		NONE
go_bp	GOBP_REGULATION_OF_NUCLEAR_TRANSCRIBED_MRNA_POLY_A_TAIL_SHORTENING	LOW_EVIDENCE	1.233331720664581	0	0.8691338973589103	0.8534743202416919				NONE
go_bp	GOBP_PURINE_NUCLEOSIDE_MONOPHOSPHATE_BIOSYNTHETIC_PROCESS	LOW_EVIDENCE	-1.0768859237495083	0	-1.5978917258110277	0.1226411893817923	-1.0888614734791593	0.6964734974733899		NONE
reactome	REACTOME_UCH_PROTEINASES	MIXED	-0.6200280195631296	0	0.6017593425833327	1.0	-1.3750739344951002	0.1382313849516399		NONE
reactome	REACTOME_ONCOGENE_INDUCED_SENESCENCE	LOW_EVIDENCE	0.7688195129876964	0	1.5277238081159716	0.1255461462656231	-0.9750669044765796	0.6856792204894255		NONE
reactome	REACTOME_GLYCOGEN_METABOLISM	LOW_EVIDENCE	1.0332522224154843	0	1.2097270378954923	0.4854281992836209	0.8745482014628811	0.7686402081977879		NONE
go_bp	GOBP_DNA_STRAND_ELONGATION_INVOLVED_IN_DNA_REPLICATION	LOW_EVIDENCE	-1.4625708919465008	0	-1.5059065547806465	0.2475283061621196	-1.6509541077293186	0.2268797337977771		NONE
go_bp	GOBP_DNA_MODIFICATION	MIXED	-1.3384445830846483	0	-1.2736349187162432	0.4121351188026029	0.7931639824417097	0.9018944817105844		NONE
reactome	REACTOME_RAB_GEFS_EXCHANGE_GTP_FOR_GDP_ON_RABS	MIXED	0.9670498894701116	0	1.194000546853727	0.4287688999624561	1.4746729569753985	0.0932444106699355		NONE
reactome	REACTOME_ACTIVATION_OF_IRF3_IRF7_MEDIATED_BY_TBK1_IKK_IKBKE	MIXED	0.0032753676460234	0	1.1360677677761306	0.6024081746716402	0.8874487138437501	0.7581690661373575		NONE
go_bp	GOBP_REGULATION_OF_MACROPHAGE_MIGRATION	MIXED	1.0304008996297904	0	0.8664392399118774	0.8691669052390496	0.7479985488021885	0.9331436768297168		NONE
go_bp	GOBP_REGULATION_OF_NEUTROPHIL_MIGRATION	MIXED	1.1422108395255413	0	1.051670228447974	0.6713351212521107	1.0985672917844709	0.688253881595075		NONE
go_bp	GOBP_INORGANIC_ANION_TRANSPORT	MIXED	1.124173740314235	0	-1.0603434887034822	0.6300037586919752	0.95720767013184	0.8219735968451698		NONE
go_bp	GOBP_REGULATORY_NCRNA_PROCESSING	LOW_EVIDENCE	-1.0709190421002717	0	-1.1217432105700444	0.5516317311706124	0.7901068396496259	0.9317967994177532		NONE
go_bp	GOBP_LIPOPROTEIN_CATABOLIC_PROCESS	not_tested_in_resistance		0			1.3167461203792947	0.5139622117254793		NONE
go_bp	GOBP_REGULATION_OF_HETEROCHROMATIN_FORMATION	MIXED	1.02644457240425	0	0.6594386444903024	0.9643304130162702	-1.5040629616321235	0.4012444230600996		NONE
go_bp	GOBP_RENAL_VESICLE_DEVELOPMENT	not_tested_in_resistance		0	-1.092546102656995	0.6366064538891192	-1.0522424454548742	0.7211742563609091		NONE
reactome	REACTOME_REGULATION_OF_RAS_BY_GAPS	MIXED	-0.8036064032178657	0	-1.146706007267953	0.4620979371747445	1.354017853723842	0.2665478399675106		NONE
go_bp	GOBP_INTRACELLULAR_LIPID_TRANSPORT	MIXED	-0.9956760094462168	0	1.6314780537771054	0.0708020139002199	1.021389317430957	0.7376371901073597		NONE
go_bp	GOBP_COLLECTING_DUCT_DEVELOPMENT	not_tested_in_resistance		0			0.5431944253861729	0.982074637383212		NONE
go_bp	GOBP_BIOGENIC_AMINE_METABOLIC_PROCESS	MIXED	-1.0969575402100045	0	-1.1490401247032578	0.48935498916294	0.975182770148449	0.7937268049715749		NONE
go_bp	GOBP_REGULATION_OF_SIGNALING_RECEPTOR_ACTIVITY	LOW_EVIDENCE	0.985708851639155	0	-1.0876129421603928	0.6116381788719879	1.1778101083384414	0.5825097574574853		NONE
go_bp	GOBP_EXOCYTOSIS	LOW_EVIDENCE	1.21918034924109	0	0.8262298286583951	0.9793187347931872	0.936380620745862	0.8589007304884134		NONE
reactome	REACTOME_SPRY_REGULATION_OF_FGF_SIGNALING	MIXED	0.6392799156581302	0	0.7829390622279391	0.9193503665030652	-1.230062010468801	0.4250244283760015		NONE
go_bp	GOBP_NEURAL_RETINA_DEVELOPMENT	LOW_EVIDENCE	1.0242852767553705	0	-1.3088519716636118	0.3451393691744446	1.3776143170212247	0.3460587754541685		NONE
go_bp	GOBP_DENDRITIC_SPINE_MAINTENANCE	LOW_EVIDENCE	1.324308965205159	0	-1.3894050866473744	0.3609555179237149	0.8733579603824742	0.8565060618329882		NONE
reactome	REACTOME_CELLULAR_RESPONSE_TO_HYPOXIA	MIXED	0.7484196985959474	0	-0.9362686832967464	0.8355140987915322	-1.448671110004747	0.1227741920464764	CITED2	NONE
go_bp	GOBP_MATERNAL_PROCESS_INVOLVED_IN_FEMALE_PREGNANCY	MIXED	1.185709392604858	0	-1.1694849200756363	0.5107971097541798	-0.9212511659263956	0.8370970145546669	CITED2	NONE
go_bp	GOBP_CELL_REDOX_HOMEOSTASIS	MIXED	1.0490730124287913	0	1.488812834571874	0.1773768506175866	0.7419910934727275	0.9335284376477786		NONE
go_bp	GOBP_NEGATIVE_REGULATION_OF_ALPHA_BETA_T_CELL_DIFFERENTIATION	MIXED	-0.7051391041986963	0	-1.0573192684510078	0.6737040971636314	0.7332476863309081	0.9342328778797262		NONE
go_bp	GOBP_EATING_BEHAVIOR	LOW_EVIDENCE	-1.0920315134982672	0	-0.9748045770874548	0.7407256420709335	0.8141078962663535	0.8902810905031208		NONE
go_bp	GOBP_NEGATIVE_REGULATION_OF_NERVOUS_SYSTEM_PROCESS	not_tested_in_resistance		0			-0.8162163041388094	0.882049225159526		NONE
go_bp	GOBP_NEUROTRANSMITTER_SECRETION	LOW_EVIDENCE	1.211793161566494	0	1.183925202333487	0.3978533360781353	1.1384402713096384	0.5759394155293771		NONE
reactome	REACTOME_XENOBIOTICS	LOW_EVIDENCE	1.243107515975674	0			1.130371528234477	0.5453399401187121		NONE
go_bp	GOBP_IMMUNOLOGICAL_MEMORY_PROCESS	not_tested_in_resistance		0	0.9189627706003038	0.7994785098532042	1.4669516301627972	0.3761539036979777		NONE
go_bp	GOBP_ASPARTATE_TRANSMEMBRANE_TRANSPORT	MIXED	0.0476519814591341	0	1.1460453690912122	0.6182675625987207	0.9760502983555944	0.7900167237488688		NONE
go_bp	GOBP_HEMATOPOIETIC_STEM_CELL_DIFFERENTIATION	MIXED	-0.9370726350258852	0	-1.0841679068101036	0.6206885420533595	-1.2737885356628629	0.5139622117254793		NONE
go_bp	GOBP_POSITIVE_REGULATION_OF_EPIDERMIS_DEVELOPMENT	LOW_EVIDENCE	-1.3418614154107296	0	-1.0273869123322554	0.6894985465116279	0.5726459271666962	0.9866480852519756		NONE
go_bp	GOBP_MRNA_TRANSCRIPTION	MIXED	0.7710518394997791	0	-0.959946508241845	0.7627030132121781	-0.7667881740445838	0.9290856919623206		NONE
go_bp	GOBP_NEGATIVE_REGULATION_OF_CARTILAGE_DEVELOPMENT	LOW_EVIDENCE	0.9860255334534216	0	-1.4641485083388754	0.2926253778298686	-0.9793571780425858	0.7754820609144297		NONE
reactome	REACTOME_MITOCHONDRIAL_PROTEIN_DEGRADATION	LOW_EVIDENCE	-0.9685697939952111	0	0.8720056916712647	0.9186471663619744	-1.4860114710408887	0.0893780215924504		NONE
go_bp	GOBP_NAD_METABOLIC_PROCESS	MIXED	0.7071208670527943	0	1.0051787989885128	0.7305480135388035	-0.9982906463876576	0.762091550077527		NONE
go_bp	GOBP_EPITHELIAL_CELL_CELL_ADHESION	not_tested_in_resistance		0	-1.0620412256195615	0.6703372212872757	1.2319222479879874	0.6023850036461387		NONE
go_bp	GOBP_PHOSPHATIDYLINOSITOL_3_PHOSPHATE_BIOSYNTHETIC_PROCESS	MIXED	-0.7881819296311074	0	0.9552714477790972	0.7614509763190694	0.7358698078806172	0.9312240339718372		NONE
go_bp	GOBP_REGULATION_OF_CYCLIN_DEPENDENT_PROTEIN_KINASE_ACTIVITY	LOW_EVIDENCE	0.8589903335005323	0	1.2228153623902454	0.4090694836229702	-1.0092211487935188	0.7603353445975607		NONE
go_bp	GOBP_REGULATORY_NCRNA_MEDIATED_HETEROCHROMATIN_FORMATION	not_tested_in_resistance		0			1.0748533435952008	0.7093671194989017		NONE
go_bp	GOBP_NUCLEOSIDE_MONOPHOSPHATE_BIOSYNTHETIC_PROCESS	MIXED	-1.2252382151570782	0	-1.057228941939385	0.639068200954252	-0.9763228028448292	0.784546507746382		NONE
go_bp	GOBP_CELL_MIGRATION_INVOLVED_IN_SPROUTING_ANGIOGENESIS	LOW_EVIDENCE	1.1163389991951391	0	-1.0526062972830874	0.6673492656860687	1.5044891690757187	0.199142278835632		NONE
go_bp	GOBP_POSITIVE_REGULATION_OF_CYTOSOLIC_CALCIUM_ION_CONCENTRATION	MIXED	1.119636992271242	0	-1.0733540869439513	0.5987183030470531	1.1022177151027162	0.6322897444522337		NONE
go_bp	GOBP_DNA_TEMPLATED_TRANSCRIPTION_TERMINATION	LOW_EVIDENCE	-0.8176488165257606	0	-1.4738390094117215	0.28076218033555	0.8146110450029517	0.8895897392167977		NONE
go_bp	GOBP_RECEPTOR_CATABOLIC_PROCESS	MIXED	0.7194960103198904	0	1.0346302177193776	0.6759531121685622	-0.7841070394249858	0.9161207273462036		NONE
go_bp	GOBP_SNO_S_RNA_METABOLIC_PROCESS	LOW_EVIDENCE	-1.045274002801296	0	1.0446814187256388	0.6940183232129541	-1.1412267160729377	0.6762771762813934		NONE
go_bp	GOBP_POSITIVE_REGULATION_OF_LIPID_TRANSPORT	MIXED	1.2038622902278016	0	-1.2850938713820526	0.3500862424055195	-0.894714088440604	0.8794163362410784		NONE
go_bp	GOBP_RESPONSE_TO_MANGANESE_ION	LOW_EVIDENCE	1.600330396128733	0	1.2134998816475104	0.520180559751198	-1.2621711988848745	0.5582436113633416		NONE
go_bp	GOBP_REGULATION_OF_MEMBRANE_LIPID_METABOLIC_PROCESS	LOW_EVIDENCE	1.301158179521569	0	0.9711070150314052	0.7564553934235679	-1.3194117731896229	0.5302646981082203		NONE
reactome	REACTOME_DISEASES_OF_PROGRAMMED_CELL_DEATH	LOW_EVIDENCE	-1.2285866382073989	0	-0.9040309415565292	0.8437037037037037	-1.0786868000888723	0.5668716724802644		NONE
go_bp	GOBP_NADH_METABOLIC_PROCESS	MIXED	0.8016587482494224	0	0.9412121028534974	0.7833120476798637	-1.006939241099349	0.741524063150473		NONE
go_bp	GOBP_ANAPHASE_PROMOTING_COMPLEX_DEPENDENT_CATABOLIC_PROCESS	LOW_EVIDENCE	-1.2172702819486931	0	-1.058951527160081	0.6691045018690069	-1.0203283281512512	0.7452943308887092		NONE
go_bp	GOBP_POSITIVE_REGULATION_OF_REACTIVE_OXYGEN_SPECIES_BIOSYNTHETIC_PROCESS	LOW_EVIDENCE	0.9620036828613172	0	1.1040793874504131	0.642676342560304	-0.81021761572073	0.8863184684307337		NONE
go_bp	GOBP_MULTICELLULAR_ORGANISMAL_RESPONSE_TO_STRESS	LOW_EVIDENCE	0.9991137615417812	0	-1.361053961533016	0.3090787486302654	1.3732896111465616	0.3775012032225155		NONE
go_bp	GOBP_RAC_PROTEIN_SIGNAL_TRANSDUCTION	MIXED	0.8472029017081044	0	-1.3196030565960204	0.3621624365482234	1.040175606624992	0.7287750111245069		NONE
go_bp	GOBP_OSTEOBLAST_DEVELOPMENT	not_tested_in_resistance		0			0.9332609627817094	0.8183225806451614		NONE
go_bp	GOBP_MYELOID_LEUKOCYTE_MEDIATED_IMMUNITY	MIXED	0.8062481535735531	0	-0.8279952065014703	0.9328880724048206	-0.9123026992610332	0.8710061378819222		NONE
reactome	REACTOME_INTERLEUKIN_6_FAMILY_SIGNALING	MIXED	0.8236647535289013	0	-1.1842148366911749	0.5211111111111111	-0.9532925251985952	0.7168366911752162		NONE
reactome	REACTOME_CONVERSION_FROM_APC_C_CDC20_TO_APC_C_CDH1_IN_LATE_ANAPHASE	LOW_EVIDENCE	-1.085437233378796	0	-0.832299723832539	0.8982793522267205	0.75569938207495	0.8899893274859126		NONE
reactome	REACTOME_ELEVATION_OF_CYTOSOLIC_CA2_LEVELS	not_tested_in_resistance		0			0.7098820696419798	0.931152709359606		NONE
go_bp	GOBP_NUCLEAR_PORE_ORGANIZATION	LOW_EVIDENCE	0.5272132076695564	0	-1.017235074655756	0.707007405632199	-0.800276257186251	0.888877109903765		NONE
go_bp	GOBP_REGULATION_OF_MICROGLIAL_CELL_ACTIVATION	not_tested_in_resistance		0			-0.8429417040159513	0.8628895359845393		NONE
go_bp	GOBP_REGULATION_OF_CILIUM_DEPENDENT_CELL_MOTILITY	LOW_EVIDENCE	0.8350409524820742	0			1.045078045204593	0.729470888841455		NONE
reactome	REACTOME_FLT3_SIGNALING	MIXED	0.9886061858582526	0	-0.8295273557390579	0.9327260674212478	1.2152042253646422	0.4260313608362889		NONE
go_bp	GOBP_POTASSIUM_ION_HOMEOSTASIS	LOW_EVIDENCE	1.306162636006347	0	-1.2943299575202385	0.4444897328142349	0.8264797754495156	0.8847350692126689		NONE
go_bp	GOBP_NEGATIVE_REGULATION_OF_POST_TRANSLATIONAL_PROTEIN_MODIFICATION	MIXED	0.9172676039541464	0	1.407807874207643	0.1742973262352764	1.1155748307035058	0.6553406889143637		NONE
go_bp	GOBP_POSITIVE_REGULATION_OF_RECEPTOR_SIGNALING_PATHWAY_VIA_STAT	LOW_EVIDENCE	1.0517874425311375	0	1.0105683607965126	0.7208013878784487	1.0637169843245438	0.7016314609393438		NONE
go_bp	GOBP_EPITHELIAL_CELL_FATE_COMMITMENT	not_tested_in_resistance		0			1.7475952513673405	0.1555593877523332		NONE
go_bp	GOBP_REGULATION_OF_DOUBLE_STRAND_BREAK_REPAIR_VIA_HOMOLOGOUS_RECOMBINATION	LOW_EVIDENCE	-0.8658468511156039	0	-1.3345552106437952	0.2813254543143982	-1.0474710288977012	0.7270984657903129		NONE
go_bp	GOBP_PHENOL_CONTAINING_COMPOUND_BIOSYNTHETIC_PROCESS	LOW_EVIDENCE	1.0408806072464407	0	-1.0480300751034486	0.6546077731058331	0.9980743351052918	0.762091550077527		NONE
go_bp	GOBP_LATE_ENDOSOME_TO_LYSOSOME_TRANSPORT	MIXED	1.0533429069809197	0	1.5595267713402878	0.1217634085323867	-1.536729183229022	0.3588908450704225		NONE
go_bp	GOBP_MYELOID_CELL_APOPTOTIC_PROCESS	LOW_EVIDENCE	-1.0598897062407897	0	1.4335472586198397	0.2813254543143982	1.3459906558585943	0.4889128728414442		NONE
go_bp	GOBP_EYE_PHOTORECEPTOR_CELL_DIFFERENTIATION	MIXED	-0.7712733116504903	0	-0.793330704013717	0.9211122259849216	0.7592539451033925	0.9331436768297168		NONE
go_bp	GOBP_POSITIVE_REGULATION_OF_VASCULAR_ASSOCIATED_SMOOTH_MUSCLE_CELL_PROLIFERATION	MIXED	1.0903554042610455	0	-1.3538296919117865	0.3509177493180452	1.3252347341245505	0.5115299665499584		NONE
go_bp	GOBP_REGULATION_OF_CELL_MATURATION	LOW_EVIDENCE	0.994681811337634	0	1.1507884402052782	0.6098574644159764	1.252950748999481	0.5602494336969823		NONE
go_bp	GOBP_OLIGOSACCHARIDE_LIPID_INTERMEDIATE_BIOSYNTHETIC_PROCESS	MIXED	-0.5846234696101438	0	1.1632051686931	0.5628577067298204	0.5597437721418064	0.9834468425658732		NONE
go_bp	GOBP_T_CELL_HOMEOSTASIS	LOW_EVIDENCE	-1.3725814576360564	0	-1.0119968775535118	0.6831975416688204	0.7430370157406732	0.944869796945467		NONE
go_bp	GOBP_POSITIVE_REGULATION_OF_NATURAL_KILLER_CELL_MEDIATED_CYTOTOXICITY	LOW_EVIDENCE	1.3222404695047882	0	-0.6327645806220753	0.9768158695439172	-0.7706933809297032	0.9331436768297168		NONE
go_bp	GOBP_SYNAPTIC_VESICLE_LUMEN_ACIDIFICATION	MIXED	0.7814854680980948	0	1.3557355821930448	0.4027777777777778	-0.8502091292654937	0.8540363398812786		NONE
go_bp	GOBP_REGULATION_OF_POSTSYNAPTIC_MEMBRANE_NEUROTRANSMITTER_RECEPTOR_LEVELS	LOW_EVIDENCE	1.323549783954047	0	-0.946529176842244	0.802846667921886	-0.9170323518619824	0.8475673036838756		NONE
reactome	REACTOME_REGULATION_OF_GENE_EXPRESSION_IN_LATE_STAGE_BRANCHING_MORPHOGENESIS_PANCREATIC_BUD_PRECURSOR_CELLS	not_tested_in_resistance		0			-1.2003150598816268	0.4539306846999155		NONE
go_bp	GOBP_NEUTROPHIL_MEDIATED_IMMUNITY	MIXED	1.1113665698733983	0	-1.2575281186616225	0.4481625817256595	-0.7524375915420275	0.9538144133122226		NONE
go_bp	GOBP_GLUCOCORTICOID_BIOSYNTHETIC_PROCESS	not_tested_in_resistance		0			1.1466325391665155	0.6754848085744131		NONE
reactome	REACTOME_RHOV_GTPASE_CYCLE	LOW_EVIDENCE	0.7562181998640446	0	-1.4265201407391188	0.2740403050573047	1.3672691524836167	0.3042085530652604		NONE
go_bp	GOBP_GLYCOSPHINGOLIPID_BIOSYNTHETIC_PROCESS	MIXED	-1.1964565618130891	0	0.885910857580988	0.8534743202416919	1.018592207275373	0.7460701846418485		NONE
go_bp	GOBP_TRABECULA_MORPHOGENESIS	LOW_EVIDENCE	1.2597701525236942	0	-1.3561291744622377	0.3338194444444444	0.9707582273358282	0.7900167237488688		NONE
go_bp	GOBP_REGULATION_OF_LYASE_ACTIVITY	MIXED	1.1965335774790904	0	-0.929896531174931	0.785656192236599	1.3556804655297887	0.4556815829780187		NONE
go_bp	GOBP_RESPONSE_TO_INTERLEUKIN_17	not_tested_in_resistance		0	-1.149524031517514	0.5668294116803603	1.011243148191518	0.7641660587744894		NONE
go_bp	GOBP_REGULATION_OF_CD4_POSITIVE_ALPHA_BETA_T_CELL_DIFFERENTIATION	MIXED	-0.9806237890065472	0	-1.2948323831799824	0.3810240963855422	1.076309112645553	0.6947615964009406		NONE
go_bp	GOBP_CERAMIDE_BIOSYNTHETIC_PROCESS	MIXED	1.120004245069034	0	1.0182585930439128	0.7109017626762223	-1.185442583957601	0.6037614769473788		NONE
go_bp	GOBP_FATTY_ACID_TRANSPORT	MIXED	1.3047348289145555	0	-1.259733589326096	0.350112070248861	1.213194422572263	0.5172992870705406		NONE
reactome	REACTOME_NEF_MEDIATES_DOWN_MODULATION_OF_CELL_SURFACE_RECEPTORS_BY_RECRUITING_THEM_TO_CLATHRIN_ADAPTERS	MIXED	-0.5048662860096992	0	0.636185031459785	0.983440726807012	-1.2946883272197591	0.3350554058101228		NONE
reactome	REACTOME_FORMATION_OF_THE_CORNIFIED_ENVELOPE	LOW_EVIDENCE	-1.1104873683904797	0	-1.5347185021972267	0.0906787578177476	0.6872676527307584	0.9935305411233748		NONE
go_bp	GOBP_AUDITORY_RECEPTOR_CELL_DEVELOPMENT	LOW_EVIDENCE	0.9037026012924732	0	0.6259985389173306	0.9768158695439172	-1.1636896008042044	0.6265826510058335		NONE
reactome	REACTOME_PI_3K_CASCADE_FGFR2	not_tested_in_resistance		0			-1.1269922093310054	0.5075178279920955		NONE
go_bp	GOBP_T_CELL_DIFFERENTIATION_IN_THYMUS	MIXED	1.0181076480103803	0	-1.337641759992962	0.2813254543143982	1.1563769864425846	0.6018219776048587		NONE
go_bp	GOBP_WHITE_FAT_CELL_DIFFERENTIATION	not_tested_in_resistance		0	0.906883539688746	0.802815401652611	0.9297612094817146	0.8276341172566453		NONE
go_bp	GOBP_NUCLEAR_ENVELOPE_ORGANIZATION	MIXED	-0.8043081102119659	0	1.2192728871521552	0.4261144098861978	-1.4060345642152443	0.3553487051224711		NONE
go_bp	GOBP_POSITIVE_REGULATION_OF_INTERLEUKIN_12_PRODUCTION	LOW_EVIDENCE	0.980637599663136	0	0.8356843213236136	0.8891488656278121	-1.23936514178851	0.5172992870705406		NONE
go_bp	GOBP_BEHAVIORAL_RESPONSE_TO_PAIN	LOW_EVIDENCE	1.0359660885979014	0			1.262296234421065	0.5784691746467164		NONE
go_bp	GOBP_REGULATION_OF_T_CELL_CHEMOTAXIS	not_tested_in_resistance		0			-1.219925252442666	0.6093863472789276		NONE
reactome	REACTOME_TGFBR3_EXPRESSION	MIXED	-0.7440482566199016	0	-1.0060090714395091	0.7412975311582122	-0.8942278532941601	0.782065107841161		NONE
go_bp	GOBP_POSITIVE_REGULATION_OF_RECEPTOR_MEDIATED_ENDOCYTOSIS	MIXED	0.7871245194811064	0	-0.8629397348182366	0.8696548879417022	-0.969456532498656	0.7937268049715749		NONE
go_bp	GOBP_THIOESTER_BIOSYNTHETIC_PROCESS	MIXED	-0.8276106541626843	0	1.0767994205175535	0.6428895075435961	1.1962903450899198	0.6008843036109064		NONE
go_bp	GOBP_TRANSCRIPTION_BY_RNA_POLYMERASE_I	LOW_EVIDENCE	0.7202312144268398	0	-1.45125918350067	0.118769195797609	-1.5378371584110615	0.152038707061361		NONE
go_bp	GOBP_PEROXISOME_PROLIFERATOR_ACTIVATED_RECEPTOR_SIGNALING_PATHWAY	MIXED	0.8682090761291147	0	-0.7068355822004979	0.9508754226777354	-0.9832501844641456	0.7748770307974182	CITED2	NONE
reactome	REACTOME_MYD88_INDEPENDENT_TLR4_CASCADE	MIXED	0.7181085352809394	0	1.176853952993822	0.4282016595477253	0.9730633326166226	0.7036569819349623		NONE
go_bp	GOBP_PHAGOCYTOSIS_ENGULFMENT	MIXED	1.0714553455026563	0	-1.2423924545405638	0.4413732781447458	1.2962589831638018	0.5139622117254793		NONE
go_bp	GOBP_NEGATIVE_REGULATION_OF_CALCIUM_ION_TRANSMEMBRANE_TRANSPORT	MIXED	0.986778563130445	0	0.6402729406652818	0.987016006267476	1.2426459283510978	0.5689289372286982		NONE
go_bp	GOBP_ACYL_COA_METABOLIC_PROCESS	MIXED	-0.9494283305925884	0	1.3366688519128809	0.2759405975150076	1.0625764877710004	0.7102822477922941		NONE
reactome	REACTOME_INTERLEUKIN_12_FAMILY_SIGNALING	LOW_EVIDENCE	-1.1128570963420883	0	0.8830167501822979	0.8711862882495335	-0.947690145755106	0.7109604478025531		NONE
go_bp	GOBP_LIPID_STORAGE	MIXED	-0.9081283797313264	0	1.4714751771605936	0.1664243413352361	0.8363998182255643	0.904234267372461		NONE
reactome	REACTOME_HEME_DEGRADATION	not_tested_in_resistance		0			1.3395972945966073	0.3611276612061185		NONE
reactome	REACTOME_SIGNALING_BY_PDGFR_IN_DISEASE	MIXED	-0.816340835321363	0	-0.7063367807909912	0.969504272158129	-0.7715335626622362	0.8899893274859126		NONE
go_bp	GOBP_REGULATION_OF_RIG_I_SIGNALING_PATHWAY	MIXED	-0.3561556774262049	0	1.2386185461408346	0.5128245107975364	-1.4263630997810657	0.4490010788496151		NONE
go_bp	GOBP_REGULATION_OF_ACTIN_FILAMENT_BASED_MOVEMENT	LOW_EVIDENCE	-1.1546808416183545	0	-0.7460016488997195	0.9487463984681186	0.8399731488293704	0.8798672957124076		NONE
go_bp	GOBP_HYALURONAN_METABOLIC_PROCESS	LOW_EVIDENCE	1.145129611872659	0	-1.3035220872549729	0.4155844155844155	0.7942057278753418	0.9018944817105844		NONE
go_bp	GOBP_POSITIVE_REGULATION_OF_MYOBLAST_DIFFERENTIATION	MIXED	1.024262714423772	0	-0.7009837483287636	0.9768158695439172	1.6062915752352238	0.1625140442016639		NONE
go_bp	GOBP_INDOLE_CONTAINING_COMPOUND_METABOLIC_PROCESS	MIXED	0.0657353413307307	0	-0.8317996217429497	0.873964158641575	1.1367632297106771	0.6525011446886447		NONE
go_bp	GOBP_POSITIVE_REGULATION_OF_PATTERN_RECOGNITION_RECEPTOR_SIGNALING_PATHWAY	MIXED	-0.9917234259001266	0	-0.9510866004874792	0.7848205976631165	-0.9071264903088808	0.8346709971581149		NONE
reactome	REACTOME_PURINERGIC_SIGNALING_IN_LEISHMANIASIS_INFECTION	MIXED	-1.3366658688618434	0	0.8916236918547396	0.8452855245683931	0.7404816509190743	0.9054015748611228		NONE
reactome	REACTOME_COLLAGEN_CHAIN_TRIMERIZATION	MIXED	0.87794413117579	0	-1.1022287983090515	0.6024081746716402	-0.8999976814624646	0.7648394795596273		NONE
go_bp	GOBP_REGULATION_OF_PHOSPHOLIPASE_C_ACTIVITY	LOW_EVIDENCE	0.9644048632564648	0	-0.910010569154963	0.7944706488736428	1.1370933726696684	0.6633646308898268		NONE
go_bp	GOBP_POSITIVE_REGULATION_OF_TRANSLATION	MIXED	0.6925966976746313	0	-1.085079527809792	0.5860254148319641	-1.328511730369506	0.2951435241967284		NONE
go_bp	GOBP_POSITIVE_REGULATION_OF_CYCLASE_ACTIVITY	MIXED	0.8970759533205134	0	-1.0746409483572232	0.6694820653095386	1.2949611630016582	0.5139622117254793		NONE
go_bp	GOBP_TRANSLATIONAL_ELONGATION	MIXED	0.9738731123870882	0	0.8718151907526147	0.8901851851851851	-1.2758142950762752	0.5032192246656086		NONE
go_bp	GOBP_RESPONSE_TO_LEAD_ION	LOW_EVIDENCE	-1.0535402456098502	0	-0.85981278427697	0.8394927183283816	0.7363800485636444	0.9263178282482856		NONE
go_bp	GOBP_METHIONINE_METABOLIC_PROCESS	LOW_EVIDENCE	-0.6992181430687591	0	-0.8939382549895629	0.8221635880181106	0.9645686168406724	0.798255680959046		NONE
go_bp	GOBP_NEGATIVE_REGULATION_OF_TISSUE_REMODELING	not_tested_in_resistance		0	0.8260321559214938	0.8692177742345729	1.4425689632682022	0.4193886690769319		NONE
go_bp	GOBP_NUCLEOTIDE_BINDING_OLIGOMERIZATION_DOMAIN_CONTAINING_2_SIGNALING_PATHWAY	LOW_EVIDENCE	0.819098862905758	0	1.339455552479886	0.4102473793964417	0.8464267593912984	0.8553405890272543		NONE
go_bp	GOBP_PROTEIN_DEACETYLATION	LOW_EVIDENCE	1.3781595778478914	0	1.1381874587618537	0.5567623590879405	-0.8562500607297865	0.8879150856093746		NONE
go_bp	GOBP_CELLULAR_RESPONSE_TO_ARSENIC_CONTAINING_SUBSTANCE	LOW_EVIDENCE	-1.080348770561162	0	1.681212277433022	0.1246612382784623	-1.450848818625471	0.4538876024225152		NONE
go_bp	GOBP_DETECTION_OF_VISIBLE_LIGHT	MIXED	-0.9669784544988314	0	-0.6355689024236164	0.9808137479979492	1.3955246941068142	0.4435996309320705		NONE
reactome	REACTOME_TERMINATION_OF_TRANSLESION_DNA_SYNTHESIS	LOW_EVIDENCE	-0.9197894538498426	0	0.951517378893092	0.8100749795589368	-1.5021389429485763	0.1898890367515774		NONE
reactome	REACTOME_CRMPS_IN_SEMA3A_SIGNALING	LOW_EVIDENCE	1.6068601250368466	0	-0.8123312473089062	0.8990123402476848	1.1890659522545566	0.4666090469169582		NONE
go_bp	GOBP_SEQUESTERING_OF_CALCIUM_ION	LOW_EVIDENCE	1.2852820690997189	0	1.0953159160459611	0.5716975802655118	0.8537101465805338	0.898347410943812		NONE
reactome	REACTOME_INWARDLY_RECTIFYING_K_CHANNELS	MIXED	0.8946337626121983	0	-0.8788719285228077	0.8560585834700027	0.8702439666706251	0.7923442238049421		NONE
reactome	REACTOME_METABOLISM_OF_ANGIOTENSINOGEN_TO_ANGIOTENSINS	not_tested_in_resistance		0			-1.5994558279397542	0.1549931093244016		NONE
go_bp	GOBP_POST_ANAL_TAIL_MORPHOGENESIS	LOW_EVIDENCE	1.608008236288193	0	-1.1724372985041474	0.5712357135213385	-1.2578632401212402	0.5714688940092165		NONE
reactome	REACTOME_DISEASES_ASSOCIATED_WITH_GLYCOSYLATION_PRECURSOR_BIOSYNTHESIS	MIXED	0.6854594236599325	0	1.6899367557944556	0.0934390050562501	-1.0747003731943148	0.5963176889468677		NONE
go_bp	GOBP_POSITIVE_REGULATION_OF_ENDOTHELIAL_CELL_APOPTOTIC_PROCESS	not_tested_in_resistance		0	1.032153415656711	0.7070509204120436	1.277239601573459	0.567866843094923		NONE
go_bp	GOBP_POSITIVE_REGULATION_OF_CELL_ADHESION_MEDIATED_BY_INTEGRIN	MIXED	0.432520799000362	0	-1.4416575635794024	0.3075274045261669	-1.1561634235165656	0.6357399033213784		NONE
go_bp	GOBP_NEGATIVE_REGULATION_OF_RELEASE_OF_CYTOCHROME_C_FROM_MITOCHONDRIA	LOW_EVIDENCE	-0.8270387405571554	0	0.8464599561301565	0.861984282907662	-0.8134547137211133	0.8847334976008299		NONE
go_bp	GOBP_CELLULAR_RESPONSE_TO_STEROL	MIXED	-0.0960208019580655	0	1.064674392612329	0.6738186796499376	1.1068635917918794	0.6947615964009406		NONE
go_bp	GOBP_POSITIVE_REGULATION_OF_FILOPODIUM_ASSEMBLY	LOW_EVIDENCE	1.29320959458271	0	-0.9063685063160776	0.8057426132577932	1.43710141469621	0.4012444230600996		NONE
go_bp	GOBP_NEGATIVE_REGULATION_OF_JNK_CASCADE	MIXED	0.9137325826101256	0	0.8444863063862675	0.8806300442593075	0.8836243635148056	0.8429999096802854		NONE
go_bp	GOBP_DNA_DAMAGE_RESPONSE_SIGNAL_TRANSDUCTION_BY_P53_CLASS_MEDIATOR_RESULTING_IN_CELL_CYCLE_ARREST	LOW_EVIDENCE	-1.0625100277168693	0	0.8160891809955071	0.8760382346096711	1.076526833862521	0.7178287146226415		NONE
go_bp	GOBP_INTRINSIC_APOPTOTIC_SIGNALING_PATHWAY_BY_P53_CLASS_MEDIATOR	MIXED	-1.0054943459005088	0	1.2586972278368915	0.3531692689484024	0.9716568439366374	0.7870092913136189		NONE
go_bp	GOBP_OLIGOSACCHARIDE_BIOSYNTHETIC_PROCESS	MIXED	-0.0660120149059346	0	0.8313220515088723	0.8777922423162026	1.1235637255962996	0.6762381454162276		NONE
go_bp	GOBP_REGULATION_OF_CYSTEINE_TYPE_ENDOPEPTIDASE_ACTIVITY	LOW_EVIDENCE	1.098565246207856	0	-0.8840030746922322	0.90489869972785	0.9781486090142631	0.7980233503780831		NONE
hallmark	HALLMARK_SPERMATOGENESIS	LOW_EVIDENCE	-1.07072507512317	0	0.7492450721681871	0.9491869918699188	0.966486796795752	0.6760656278341165		NONE
reactome	REACTOME_PI_METABOLISM	MIXED	0.8662317181915716	0	1.0934067727155825	0.6135136871867369	1.274892864346597	0.3161302982731554		NONE
go_bp	GOBP_MYELOID_DENDRITIC_CELL_DIFFERENTIATION	not_tested_in_resistance		0	-1.2916097347126474	0.452838697280008	1.1312825403088045	0.6785266606957842		NONE
go_bp	GOBP_PROSTANOID_METABOLIC_PROCESS	MIXED	-0.8622389588190632	0	-1.274142697551154	0.4126086180974951	1.0403567916383207	0.7270984657903129		NONE
reactome	REACTOME_CYTOPROTECTION_BY_HMOX1	MIXED	0.7468568174795874	0	1.1293235733987934	0.5423897006019298	0.7905685531944415	0.9178792237615766		NONE
reactome	REACTOME_RHOQ_GTPASE_CYCLE	LOW_EVIDENCE	1.300584026452258	0	-1.0636944610426096	0.6358407624994864	1.1375107751885811	0.5026751709264442		NONE
reactome	REACTOME_TRANSPORT_OF_SMALL_MOLECULES	LOW_EVIDENCE	1.0797976010979822	0						NONE
go_bp	GOBP_SUBSTANTIA_NIGRA_DEVELOPMENT	MIXED	-0.75015004796847	0	0.9658284826469842	0.7627030132121781	0.9500563275132052	0.7940643133462283		NONE
go_bp	GOBP_INSULIN_LIKE_GROWTH_FACTOR_RECEPTOR_SIGNALING_PATHWAY	LOW_EVIDENCE	1.2136293567651095	0	-1.093585149056126	0.6098574644159764	-0.9981570301106674	0.7817781733994945		NONE
go_bp	GOBP_REGULATION_OF_REACTIVE_OXYGEN_SPECIES_METABOLIC_PROCESS	LOW_EVIDENCE	1.0668949102195442	0	1.1719029596547668	0.4313604636270491	0.8309652600779031	0.9290856919623206		NONE
go_bp	GOBP_HEPARAN_SULFATE_PROTEOGLYCAN_METABOLIC_PROCESS	not_tested_in_resistance		0	-1.185253186535287	0.5330165069766492	0.8583794392242903	0.8645602244551741		NONE
reactome	REACTOME_RAS_PROCESSING	MIXED	-0.6119255560541016	0	0.6725378495320993	0.9787044821773352	-1.3447972737904914	0.3159104434730858		NONE
reactome	REACTOME_HEME_SIGNALING	LOW_EVIDENCE	0.9605286620501996	0	1.5207009489090857	0.1113142140075315	-1.4761703708238485	0.1294848701692872		NONE
go_bp	GOBP_POSITIVE_REGULATION_OF_NITRIC_OXIDE_SYNTHASE_BIOSYNTHETIC_PROCESS	not_tested_in_resistance		0			-0.8748518181510739	0.8416973552058923		NONE
go_bp	GOBP_STEM_CELL_DIVISION	MIXED	1.142322625123971	0	0.8194740481313143	0.8936354962066114	-1.1714952524599598	0.6095123859191656		NONE
go_bp	GOBP_TRANSPORT_OF_VIRUS	MIXED	-1.3778710080972272	0	-0.8593557279863043	0.8394927183283816	-1.15691272413399	0.631923612209905		NONE
go_bp	GOBP_REGULATION_OF_CAMP_MEDIATED_SIGNALING	not_tested_in_resistance		0	1.1158863025333383	0.6366064538891192	-0.5376975481143743	0.9961176034247566		NONE
go_bp	GOBP_REGULATION_OF_ERBB_SIGNALING_PATHWAY	LOW_EVIDENCE	0.9370539197747496	0	0.8635943713293448	0.8897814880285796	1.4945209226846237	0.2049128568941632		NONE
go_bp	GOBP_POSITIVE_REGULATION_OF_PROTEASOMAL_UBIQUITIN_DEPENDENT_PROTEIN_CATABOLIC_PROCESS	LOW_EVIDENCE	1.0040547328201497	0	1.3332968834208978	0.2759405975150076	-1.017770127189081	0.7534980210068154		NONE
go_bp	GOBP_TELOMERE_MAINTENANCE_VIA_TELOMERE_LENGTHENING	LOW_EVIDENCE	-1.114719822080532	0	-1.2370606019543782	0.3928867221322892	-1.576261043798917	0.112971072931783		NONE
go_bp	GOBP_CELLULAR_RESPONSE_TO_DEXAMETHASONE_STIMULUS	MIXED	1.138041226683736	0	1.136935247360179	0.5780325650184173	0.9787847730227296	0.7878260869565218		NONE
reactome	REACTOME_ASSEMBLY_AND_CELL_SURFACE_PRESENTATION_OF_NMDA_RECEPTORS	LOW_EVIDENCE	-0.981713662828522	0	-1.3680262173281112	0.3061979514261672	-0.7232196150991052	0.9466129438428608		NONE
go_bp	GOBP_POSITIVE_REGULATION_BY_HOST_OF_VIRAL_PROCESS	MIXED	0.9797069370449576	0	-0.8195212039731984	0.8692177742345729	1.001584039198352	0.7799735991276233		NONE
go_bp	GOBP_MRNA_5_SPLICE_SITE_RECOGNITION	LOW_EVIDENCE	-1.457167040642	0						NONE
go_bp	GOBP_RESPONSE_TO_IRON_ION	MIXED	-0.7762237433791198	0	-1.4135074946593071	0.3090787486302654	0.8839330053058421	0.8509774365711206		NONE
go_bp	GOBP_REGULATION_OF_TYPE_2_IMMUNE_RESPONSE	MIXED	-1.0011711677604227	0	0.9597452378003608	0.7681974181794761	0.7806005786713719	0.907284402139598		NONE
go_bp	GOBP_NOSE_DEVELOPMENT	not_tested_in_resistance		0			0.6963388901608488	0.9371177863614636		NONE
go_bp	GOBP_PROTEIN_LOCALIZATION_TO_CILIUM	LOW_EVIDENCE	-1.303807627681706	0	0.9644723355297586	0.7627030132121781	-0.7877155180193146	0.9331436768297168		NONE
go_bp	GOBP_PRODUCTION_OF_MOLECULAR_MEDIATOR_OF_IMMUNE_RESPONSE	MIXED	-0.9514981965591816	0	-1.252027821414232	0.2927301602244489	-0.9481958660644728	0.8444161021150033		NONE
reactome	REACTOME_INHIBITION_OF_THE_PROTEOLYTIC_ACTIVITY_OF_APC_C_REQUIRED_FOR_THE_ONSET_OF_ANAPHASE_BY_MITOTIC_SPINDLE_CHECKPOINT_COMPONENTS	LOW_EVIDENCE	-1.23749136596579	0	-0.9019195525784344	0.8437037037037037	0.791104371572066	0.8617961092362447		NONE
go_bp	GOBP_LIPID_DROPLET_ORGANIZATION	MIXED	-0.7938387460397126	0	1.395309922722137	0.3182778848089254	1.193622529693866	0.6018219776048587		NONE
go_bp	GOBP_ETHER_METABOLIC_PROCESS	MIXED	-0.801226523112152	0	-0.7998800362740932	0.8894881500863389	-1.4548805284058617	0.4274720051446226		NONE
go_bp	GOBP_CELL_DIFFERENTIATION_INVOLVED_IN_EMBRYONIC_PLACENTA_DEVELOPMENT	MIXED	-0.5445092735452072	0	-0.8573305141380502	0.8494149432822774	-1.0027724253979156	0.7571069913166167		NONE
go_bp	GOBP_VENTRAL_SPINAL_CORD_DEVELOPMENT	MIXED	1.299310774440482	0	1.0773530481336098	0.6394823478859801	1.3378838510530815	0.4718789962652123		NONE
reactome	REACTOME_SUMOYLATION_OF_TRANSCRIPTION_COFACTORS	MIXED	0.713574855919491	0	0.7692449662461623	0.9549105986006738	0.9477292504703	0.7106503176090806		NONE
go_bp	GOBP_FOREBRAIN_CELL_MIGRATION	LOW_EVIDENCE	1.0860694543114486	0	1.1559332655831882	0.5272405380809263	1.109326953722781	0.6754848085744131		NONE
go_bp	GOBP_REGULATION_OF_NATURAL_KILLER_CELL_MEDIATED_IMMUNITY	MIXED	0.9342428295628205	0	0.5999225823597575	0.9972133757961784	-0.8080703792037356	0.9068551126287248		NONE
reactome	REACTOME_VEGFR2_MEDIATED_CELL_PROLIFERATION	LOW_EVIDENCE	0.8265472462322362	0	-0.6448356359211123	0.983440726807012	-1.243452840888053	0.4299672152432888		NONE
reactome	REACTOME_RIP_MEDIATED_NFKB_ACTIVATION_VIA_ZBP1	LOW_EVIDENCE	1.0019707488700476	0	-0.8842632084289985	0.8426541427138763	1.1043570544571126	0.5668716724802644		NONE
go_bp	GOBP_HAIR_CELL_DIFFERENTIATION	MIXED	1.0935957232205653	0	0.9175885295602504	0.8138795132166992	-0.9666330466898488	0.7970220010263345		NONE
go_bp	GOBP_REGULATION_OF_MICROTUBULE_NUCLEATION	MIXED	0.7151460932522647	0	0.9287946737957165	0.7927557637311554	0.8066928499259975	0.8863184684307337		NONE
go_bp	GOBP_KERATINIZATION	MIXED	-0.8771337098816873	0	-1.6771155983410222	0.0648119987145318	1.0394758962496573	0.7212677537259876		NONE
go_bp	GOBP_GONADOTROPIN_SECRETION	not_tested_in_resistance		0			-0.8079455303899298	0.888877109903765		NONE
go_bp	GOBP_MYD88_DEPENDENT_TOLL_LIKE_RECEPTOR_SIGNALING_PATHWAY	not_tested_in_resistance		0	-1.0577830619894486	0.6744159160895018	-0.8865104379028234	0.8420690980951281		NONE
reactome	REACTOME_CHONDROITIN_SULFATE_BIOSYNTHESIS	LOW_EVIDENCE	1.601059226473555	0	1.6355821073543506	0.1544690846734601	1.342464705764969	0.3363655061516024		NONE
go_bp	GOBP_NEGATIVE_REGULATION_OF_ADAPTIVE_IMMUNE_RESPONSE	LOW_EVIDENCE	0.7731388120542585	0	0.7795419198745767	0.9328880724048206	1.398950716788233	0.3805537831001912		NONE
go_bp	GOBP_REGULATION_OF_TUMOR_NECROSIS_FACTOR_MEDIATED_SIGNALING_PATHWAY	LOW_EVIDENCE	1.0548686372200236	0	0.7679835948158247	0.9508754226777354	-0.923463563715228	0.8310799492689463		NONE
go_bp	GOBP_MAMMARY_GLAND_EPITHELIAL_CELL_DIFFERENTIATION	LOW_EVIDENCE	1.0157289381690215	0	-1.0233027115674302	0.6854954062826648	-1.159678392387265	0.654737170590699		NONE
go_bp	GOBP_REGULATION_OF_CELLULAR_COMPONENT_SIZE	LOW_EVIDENCE	1.1653704276631247	0	-1.024213451876724	0.6707780979827089	1.3100261426025066	0.2021943280888954		NONE
go_bp	GOBP_TOLERANCE_INDUCTION	LOW_EVIDENCE	-0.9734512012503406	0	-0.9112438758935506	0.7893716993195015	-1.275334974514087	0.5206724576411137		NONE
go_bp	GOBP_SERTOLI_CELL_DIFFERENTIATION	LOW_EVIDENCE	1.1309226178198115	0	-1.1352302931532563	0.6169053053424984	1.1882995475273428	0.6202018153237666		NONE
go_bp	GOBP_SMALL_MOLECULE_CATABOLIC_PROCESS	MIXED	-0.907558971217072	0	1.2137459608584604	0.2851507466892082	1.0872778112981825	0.6265826510058335		NONE
go_bp	GOBP_ORGANIC_HYDROXY_COMPOUND_TRANSPORT	MIXED	1.3072618349334195	0	1.1026199669823395	0.5208470902635892	0.9892600501774028	0.7799735991276233		NONE
go_bp	GOBP_NEGATIVE_REGULATION_OF_EPITHELIAL_CELL_APOPTOTIC_PROCESS	MIXED	-0.9821913262695496	0	-1.226474674309758	0.4447284405761848	-0.7773074319691123	0.9331436768297168		NONE
go_bp	GOBP_REGULATION_OF_MEMBRANE_INVAGINATION	not_tested_in_resistance		0			0.7434860994574535	0.9206323326451832		NONE
go_bp	GOBP_POSITIVE_REGULATION_OF_T_CELL_MEDIATED_CYTOTOXICITY	MIXED	-1.104828260717379	0	1.2230197564649066	0.4668765077955279	-1.0644574394187707	0.6952239617658852		NONE
go_bp	GOBP_REGULATION_OF_INFLAMMATORY_RESPONSE	MIXED	1.29486225831882	0	0.9602454660751638	0.7944706488736428	0.9188830706398744	0.8847334976008299		NONE
go_bp	GOBP_MITOPHAGY	LOW_EVIDENCE	1.0433222558481423	0	1.582448191371627	0.1226411893817923	-1.1125968464446616	0.688253881595075		NONE
go_bp	GOBP_RESPIRATORY_SYSTEM_PROCESS	MIXED	0.9711366494632372	0	0.5958930563410036	0.9972133757961784	1.2924330583528485	0.5171661264768926		NONE
go_bp	GOBP_POSITIVE_REGULATION_OF_MRNA_PROCESSING	LOW_EVIDENCE	-0.7553429486071882	0	-1.1087674084137504	0.5978547504400775	-1.05184051010322	0.7013331056698404		NONE
go_bp	GOBP_BASIC_AMINO_ACID_TRANSPORT	MIXED	-0.0628209216838948	0	1.2985140555693602	0.4483695652173913	-0.7169978766143019	0.94024931590149		NONE
reactome	REACTOME_TRANSPORT_OF_VITAMINS_NUCLEOSIDES_AND_RELATED_MOLECULES	MIXED	0.8340120795116658	0	0.9413315687687728	0.8101781433664716	-1.0236648135148776	0.6176004018718769		NONE
go_bp	GOBP_RESPONSE_TO_CATECHOLAMINE	LOW_EVIDENCE	1.200309338918381	0	0.7216584479612722	0.9742002147291264	-1.0244089455723169	0.7379355664309061		NONE
go_bp	GOBP_T_CELL_DIFFERENTIATION	LOW_EVIDENCE	0.9438576770651474	0	-1.1496825945778302	0.4038817005545286	1.2129376605633369	0.4135386487977127		NONE
go_bp	GOBP_REGULATION_OF_CENTROSOME_CYCLE	MIXED	-1.305211349919139	0	-0.9152253742071152	0.8299442430273688	-1.5340119935664416	0.1555593877523332		NONE
go_bp	GOBP_CGAS_STING_SIGNALING_PATHWAY	MIXED	-0.881548155376519	0	-1.3599916079470935	0.409886232718894	-0.8658759553382738	0.8465901639344262		NONE
go_bp	GOBP_NEGATIVE_REGULATION_OF_TRANSMEMBRANE_TRANSPORT	LOW_EVIDENCE	1.0868694319641767	0	1.46020603802595	0.1322793804825472	1.265432206421029	0.4597771517064025		NONE
go_bp	GOBP_REGULATION_OF_PROTEIN_NEDDYLATION	LOW_EVIDENCE	1.1599444592632775	0	0.4224428652760607	0.9981903277098448	1.1363783775791452	0.6823714033125146		NONE
go_bp	GOBP_DETECTION_OF_EXTERNAL_BIOTIC_STIMULUS	LOW_EVIDENCE	1.3648444521071736	0	-0.9042989153042884	0.7950510574331329	0.7380585424960424	0.9331436768297168		NONE
go_bp	GOBP_NEUROTRANSMITTER_GATED_ION_CHANNEL_CLUSTERING	not_tested_in_resistance		0			1.0762580616511068	0.7161927877947296		NONE
go_bp	GOBP_REGULATION_OF_CALCIUM_ION_TRANSPORT_INTO_CYTOSOL	not_tested_in_resistance		0			1.5783902341473235	0.2049128568941632		NONE
go_bp	GOBP_AUDITORY_RECEPTOR_CELL_MORPHOGENESIS	LOW_EVIDENCE	1.009227515034442	0			-1.105914357955306	0.690626764539808		NONE
reactome	REACTOME_COPI_INDEPENDENT_GOLGI_TO_ER_RETROGRADE_TRAFFIC	MIXED	-0.7285922103617162	0	-1.3430963365201456	0.2740403050573047	-1.2691235919131891	0.3571346353067566		NONE
go_bp	GOBP_HOMOLOGOUS_CHROMOSOME_PAIRING_AT_MEIOSIS	MIXED	0.5200548341225242	0	-0.7964245210528675	0.927792829149509	-0.7000429741593666	0.9713083947077644		NONE
go_bp	GOBP_REGULATION_OF_LYMPHOCYTE_DIFFERENTIATION	MIXED	0.9657194771897728	0	-1.2020918621422585	0.3704282868525896	1.1472861967885153	0.5714418611574185		NONE
reactome	REACTOME_SEMA3A_PAK_DEPENDENT_AXON_REPULSION	MIXED	0.0562840662331718	0	-1.2300414675002167	0.4909106581871121	1.5212454263984088	0.2034268729784072		NONE
reactome	REACTOME_WNT5A_DEPENDENT_INTERNALIZATION_OF_FZD4	not_tested_in_resistance		0	0.7776392370582362	0.9252936059156154	-1.499118483824016	0.2289041586386809		NONE
go_bp	GOBP_NEURAL_CREST_FORMATION	not_tested_in_resistance		0			0.6272308788780846	0.960724515592945		NONE
go_bp	GOBP_RUFFLE_ASSEMBLY	MIXED	-0.9020934413943332	0	1.1140297379811923	0.6038851351351351	0.8484577119980413	0.8795085137550974		NONE
go_bp	GOBP_PHOTOPERIODISM	MIXED	0.6570521885538586	0	-0.9689235024037348	0.7506232815293674	-0.7886848508510398	0.9156258765379688		NONE
go_bp	GOBP_NUCLEOLUS_ORGANIZATION	MIXED	-0.4883344035344052	0	0.642352637504463	0.9650742626918064	-1.1837653762419316	0.627942263063138		NONE
reactome	REACTOME_CDC42_GTPASE_CYCLE	LOW_EVIDENCE	1.1152577806572728	0	-1.042144736297543	0.6674402565983207	0.9521831623449342	0.7326531382625905		NONE
go_bp	GOBP_CARDIAC_LEFT_VENTRICLE_MORPHOGENESIS	not_tested_in_resistance		0			-1.0642602111309514	0.7110774526678141		NONE
go_bp	GOBP_REGULATION_OF_VOLTAGE_GATED_CALCIUM_CHANNEL_ACTIVITY	LOW_EVIDENCE	1.1186974976064556	0	-0.6151903691390629	0.980639080814709	0.7179551128854793	0.9371177863614636		NONE
go_bp	GOBP_LAMELLIPODIUM_MORPHOGENESIS	LOW_EVIDENCE	-1.3245276574384588	0	1.0835014349841985	0.6672937131630647	1.0738935099678832	0.7208111459507287		NONE
reactome	REACTOME_CYTOSOLIC_SENSORS_OF_PATHOGEN_ASSOCIATED_DNA	MIXED	-0.71996691928655	0	-0.8175509233576939	0.9514136525725928	-1.0299966286554934	0.6093145598019496		NONE
reactome	REACTOME_ANTIVIRAL_MECHANISM_BY_IFN_STIMULATED_GENES	LOW_EVIDENCE	-1.0425521606053707	0	-1.1889479118424238	0.3447456956263606	-1.387245962373673	0.0800946252611884		NONE
go_bp	GOBP_LYMPHOID_PROGENITOR_CELL_DIFFERENTIATION	MIXED	-1.4649353530641904	0	0.7848550405988424	0.9046898638426626	0.967402994903146	0.7937268049715749		NONE
go_bp	GOBP_EPIGENETIC_PROGRAMMING_OF_GENE_EXPRESSION	MIXED	-0.4885015051840385	0	-0.939724134469531	0.7758839085313006	-0.9251866744405588	0.822703071884265		NONE
go_bp	GOBP_FOREBRAIN_NEURON_DEVELOPMENT	MIXED	0.8452246559046918	0	0.5251775287651527	0.9949371261715254	1.4657282982351387	0.3638082901554404		NONE
go_bp	GOBP_POSITIVE_REGULATION_OF_CALCIUM_ION_TRANSPORT	MIXED	-1.2300332590094143	0	-1.2636164118294326	0.3380776821446192	1.0044063241733092	0.7756025944127763		NONE
reactome	REACTOME_SYNTHESIS_OF_PIPS_AT_THE_PLASMA_MEMBRANE	MIXED	0.988327746118842	0	-1.055467141011842	0.6637838593873842	1.3197398224883137	0.3195590341516551		NONE
go_bp	GOBP_PROTEIN_METHYLATION	MIXED	-0.4485991003607571	0	-1.360102743633721	0.3342868269524984	-1.3956883046153068	0.3966934566916218		NONE
go_bp	GOBP_POSITIVE_REGULATION_OF_INTERFERON_ALPHA_PRODUCTION	LOW_EVIDENCE	-1.2733597938057146	0	-1.150772076245539	0.5939365483935878	-1.256971874633683	0.5588592883962096		NONE
go_bp	GOBP_NEURON_CELL_CELL_ADHESION	not_tested_in_resistance		0			0.9781140853833388	0.7885880077369439		NONE
reactome	REACTOME_PRESYNAPTIC_FUNCTION_OF_KAINATE_RECEPTORS	LOW_EVIDENCE	-1.0688703683254104	0	-0.7856030742936002	0.9327260674212478	1.0786856204091435	0.5757535563882349		NONE
go_bp	GOBP_SPHINGOLIPID_BIOSYNTHETIC_PROCESS	MIXED	-1.0754712100907753	0	1.1345351857969397	0.4931308422719924	-0.7402553846490944	0.9834468425658732		NONE
reactome	REACTOME_AGGREPHAGY	MIXED	-0.9465538200327424	0	-0.8069098403643862	0.9376515184907656	0.6240317063070216	0.9841825732057246		NONE
go_bp	GOBP_NEGATIVE_REGULATION_OF_SMOOTHENED_SIGNALING_PATHWAY	LOW_EVIDENCE	1.3244919589258846	0	0.8823637659630009	0.8534743202416919	-1.2027707149513935	0.5825097574574853		NONE
go_bp	GOBP_NEGATIVE_REGULATION_OF_CELL_KILLING	LOW_EVIDENCE	1.66476265489677	0	0.7345127686050525	0.9417116860961048	0.9604112116983634	0.7900167237488688		NONE
go_bp	GOBP_NEGATIVE_REGULATION_OF_INTRINSIC_APOPTOTIC_SIGNALING_PATHWAY_BY_P53_CLASS_MEDIATOR	LOW_EVIDENCE	-1.441114207649003	0	-1.0495236027410964	0.6821390980787476	-1.7270753162218733	0.1574953288413028		NONE
go_bp	GOBP_REGULATION_OF_MACROPHAGE_DERIVED_FOAM_CELL_DIFFERENTIATION	MIXED	-0.0962219122289819	0	-1.0888245174481048	0.6330268460609845	-0.8641295941315136	0.8684697021567956		NONE
go_bp	GOBP_ENERGY_HOMEOSTASIS	MIXED	1.0118491313971107	0	1.0564887704273254	0.6563864303265979	1.089018571992972	0.690626764539808		NONE
go_bp	GOBP_INTERLEUKIN_5_PRODUCTION	not_tested_in_resistance		0	-1.35709088809606	0.4244158679606206	1.2636077611331926	0.5463438602760531		NONE
reactome	REACTOME_ACTIVATION_OF_BAD_AND_TRANSLOCATION_TO_MITOCHONDRIA	LOW_EVIDENCE	-1.2107094402650451	0	-1.0238302673382234	0.7114915391530262	0.9819198522540274	0.6856792204894255		NONE
go_bp	GOBP_NEGATIVE_REGULATION_OF_CALCIUM_ION_TRANSPORT	MIXED	0.979032824051203	0	1.2374278023384124	0.422979797979798	1.362992930470473	0.4494238156209987		NONE
go_bp	GOBP_CELLULAR_MODIFIED_AMINO_ACID_CATABOLIC_PROCESS	LOW_EVIDENCE	-0.933936251137089	0	1.15799132087017	0.6056528701854024	0.8445756513924041	0.8794163362410784		NONE
go_bp	GOBP_CELLULAR_RESPONSE_TO_FLUID_SHEAR_STRESS	LOW_EVIDENCE	1.0828100515032346	0	0.9605405288589812	0.7735876528829354	1.1568556061841453	0.6633646308898268		NONE
reactome	REACTOME_G1_S_DNA_DAMAGE_CHECKPOINTS	MIXED	-0.8054728293745429	0	0.8567086737144523	0.910490167246924	-1.5620401792718932	0.0714185862469591		NONE
reactome	REACTOME_ORGANIC_CATION_ANION_ZWITTERION_TRANSPORT	not_tested_in_resistance		0			0.8092623598654343	0.8415749562512153		NONE
go_bp	GOBP_POSITIVE_REGULATION_OF_SMALL_GTPASE_MEDIATED_SIGNAL_TRANSDUCTION	LOW_EVIDENCE	1.1734578373695714	0	-0.8094681225604284	0.9255201173452756	0.7223169614884899	0.9740437443312726		NONE
reactome	REACTOME_IRAK4_DEFICIENCY_TLR2_4	not_tested_in_resistance		0	-1.676104747963809	0.0930547294924665	-0.8108187512491943	0.8511753804135778		NONE
go_bp	GOBP_PROTEIN_CATABOLIC_PROCESS_IN_THE_VACUOLE	MIXED	-0.6638507099850944	0	1.3916705971004495	0.34485624617676	-0.8545618866112423	0.8670817214700194		NONE
go_bp	GOBP_REGULATION_OF_STEM_CELL_DIFFERENTIATION	LOW_EVIDENCE	1.0354572043924857	0	-1.4743260009715573	0.1335345751988656	-1.2097232025350564	0.5115092329909154		NONE
go_bp	GOBP_MELANOCYTE_DIFFERENTIATION	MIXED	0.1238793535051713	0	-0.811547345258298	0.8765002977690228	1.434841972648191	0.4012444230600996		NONE
go_bp	GOBP_NEGATIVE_REGULATION_OF_LYMPHOCYTE_APOPTOTIC_PROCESS	MIXED	-1.2223569894905266	0	-1.2940796820508855	0.4126374493607618	0.8860187244697435	0.8468503782468276		NONE
go_bp	GOBP_CORTICAL_ACTIN_CYTOSKELETON_ORGANIZATION	LOW_EVIDENCE	0.8153599229786602	0	-1.314372525328266	0.3704282868525896	-1.1370211009797695	0.654737170590699		NONE
reactome	REACTOME_PHASE_2_PLATEAU_PHASE	not_tested_in_resistance		0			-0.7888400227930633	0.8738150649940398		NONE
reactome	REACTOME_CONSTITUTIVE_SIGNALING_BY_ABERRANT_PI3K_IN_CANCER	LOW_EVIDENCE	-1.1348818213468654	0	-1.2974843127154625	0.2821888746763173	-1.0805938278577636	0.5485431622127044		NONE
go_bp	GOBP_CYTOKINESIS	MIXED	-1.0545188069026443	0	-1.0531879743617665	0.6116381788719879	-1.293211147296325	0.2786091034107993		NONE
go_bp	GOBP_CALCIUM_ION_TRANSMEMBRANE_IMPORT_INTO_CYTOSOL	MIXED	-1.0961035706122508	0	-0.8615761753549502	0.9097389857136196	1.1947022067651478	0.5032192246656086		NONE
go_bp	GOBP_REPRODUCTIVE_SYSTEM_DEVELOPMENT	MIXED	1.22056236690748	0	-1.3204414871726209	0.1253006002513167	1.1961588068253912	0.4533807076616248	CITED2	NONE
go_bp	GOBP_RESPONSE_TO_GROWTH_HORMONE	MIXED	0.784570503179953	0	-1.241140126753498	0.4483695652173913	-1.3008419953516428	0.4944361947830399		NONE
go_bp	GOBP_NEGATIVE_REGULATION_OF_DNA_REPAIR	MIXED	-0.7994087460649212	0	-0.9518993903410184	0.7570154733805403	1.7267041431698384	0.0822060797870046		NONE
reactome	REACTOME_TRANSLESION_SYNTHESIS_BY_Y_FAMILY_DNA_POLYMERASES_BYPASSES_LESIONS_ON_DNA_TEMPLATE	LOW_EVIDENCE	-0.9330116467333334	0	0.8206455503475252	0.9297053976007604	-1.69233653731107	0.0604516178929605		NONE
go_bp	GOBP_POSITIVE_REGULATION_OF_LYMPHOCYTE_APOPTOTIC_PROCESS	not_tested_in_resistance		0	-1.0021124245302149	0.7204590279973061	-0.8802467381613008	0.83612046418863		NONE
go_bp	GOBP_POSITIVE_REGULATION_OF_EXTRINSIC_APOPTOTIC_SIGNALING_PATHWAY	MIXED	-0.8059278944068741	0	0.8423252980078184	0.8926665098521722	1.482303288184887	0.3322030286316		NONE
reactome	REACTOME_TRANSLATION_OF_SARS_COV_1_STRUCTURAL_PROTEINS	MIXED	-0.8891051869936885	0	1.5322286435509085	0.1255461462656231	-0.8839181053653796	0.7739317319848293		NONE
reactome	REACTOME_IKK_COMPLEX_RECRUITMENT_MEDIATED_BY_RIP1	LOW_EVIDENCE	1.0393470982108466	0	1.0915583589300797	0.6617922966559981	1.299579582979311	0.3804110409269925		NONE
reactome	REACTOME_RESPONSE_OF_MTB_TO_PHAGOCYTOSIS	MIXED	0.938216225223676	0	0.9856064512366316	0.7571781561859521	-1.467832905762932	0.1900862216287857		NONE
reactome	REACTOME_CELL_CELL_JUNCTION_ORGANIZATION	MIXED	-0.7201737177683433	0	-0.8238027336409078	0.9414326317617276	1.0900166867663834	0.5485460087321856		NONE
go_bp	GOBP_NUCLEOLAR_LARGE_RRNA_TRANSCRIPTION_BY_RNA_POLYMERASE_I	MIXED	0.556091439490324	0	-1.322274538065881	0.4102473793964417	0.7710931988070718	0.905178806855636		NONE
go_bp	GOBP_PROTEASOME_MEDIATED_UBIQUITIN_DEPENDENT_PROTEIN_CATABOLIC_PROCESS	MIXED	0.7177370731218499	0	1.3120184714030196	0.0786559200032206	-1.3790015054199858	0.0559897637345852		NONE
go_bp	GOBP_BASE_EXCISION_REPAIR	MIXED	-0.9214313578493404	0	0.7286310320594004	0.9708455335285364	-0.9029494076943224	0.8493750000000001		NONE
go_bp	GOBP_CELLULAR_RESPONSE_TO_IONIZING_RADIATION	MIXED	-0.7776677851389421	0	-1.2256841266376126	0.4169138487904554	-1.6032762352046614	0.0895289720329245		NONE
go_bp	GOBP_POSITIVE_REGULATION_OF_DNA_REPAIR	MIXED	0.9452588748143094	0	-1.1419510177927372	0.4977620382666863	-1.106338824283385	0.6136991745091309		NONE
go_bp	GOBP_DEOXYRIBONUCLEOTIDE_CATABOLIC_PROCESS	MIXED	0.7088491511070019	0	-0.7158744354032188	0.9542947817491286	1.1973683655801135	0.6068763409911561		NONE
reactome	REACTOME_GLYCOGEN_STORAGE_DISEASES	not_tested_in_resistance		0			-0.97909316557219	0.6840094062316284		NONE
reactome	REACTOME_SIGNALING_BY_NTRK2_TRKB	MIXED	1.190649253849643	0	-1.0239181095006311	0.7020874833997344	-1.675289935201536	0.0946756756633393		NONE
go_bp	GOBP_REGULATION_OF_ATTACHMENT_OF_SPINDLE_MICROTUBULES_TO_KINETOCHORE	LOW_EVIDENCE	-1.0635734210084116	0	0.9820212732200556	0.7473804846103471	0.7062267982846476	0.9377880822387696		NONE
go_bp	GOBP_REGULATION_OF_RNA_EXPORT_FROM_NUCLEUS	LOW_EVIDENCE	0.7029258602617483	0	-0.9230625858626376	0.7918832299560482	-1.6071843204839436	0.3053744193532687		NONE
go_bp	GOBP_REGULATION_OF_PROTEIN_ACETYLATION	MIXED	1.126276396901685	0	1.0802956172680993	0.6691045018690069	-1.0392657956380664	0.7154149200323425		NONE
go_bp	GOBP_REGULATION_OF_CIRCADIAN_RHYTHM	MIXED	0.9580535554843946	0	-1.183877672557172	0.4571683950808237	0.7632359684813139	0.9536047544990002		NONE
go_bp	GOBP_NADPH_REGENERATION	MIXED	0.7328707843880259	0	0.9358278631528998	0.7837024128148615	1.2545079118493867	0.5582436113633416		NONE
go_bp	GOBP_RESPIRATORY_BURST_INVOLVED_IN_DEFENSE_RESPONSE	not_tested_in_resistance		0			-1.8058861461081093	0.1240538968260407		NONE
go_bp	GOBP_REGULATION_OF_MITOCHONDRIAL_MEMBRANE_POTENTIAL	MIXED	-0.9600072130843368	0	1.3556357716824117	0.2766756302803769	1.0484772367117294	0.7095962553076811		NONE
go_bp	GOBP_GOLGI_TO_PLASMA_MEMBRANE_PROTEIN_TRANSPORT	LOW_EVIDENCE	0.8159083017383228	0	0.8598835702029122	0.8696548879417022	0.9722582501146126	0.7784396838125788		NONE
go_bp	GOBP_POSITIVE_REGULATION_OF_MACROPHAGE_CYTOKINE_PRODUCTION	MIXED	-0.2189733535229935	0	-0.9589145825188256	0.7601987749913325	-1.1807735135423405	0.6110027832216202		NONE
go_bp	GOBP_REGULATION_OF_VASCULAR_ASSOCIATED_SMOOTH_MUSCLE_CELL_DIFFERENTIATION	LOW_EVIDENCE	-1.2230704494764577	0						NONE
go_bp	GOBP_NEGATIVE_REGULATION_OF_CYSTEINE_TYPE_ENDOPEPTIDASE_ACTIVITY	MIXED	-1.104430102962294	0	1.06171156963631	0.6592113982770046	1.0112466732478422	0.7386857944490137		NONE
reactome	REACTOME_INTERLEUKIN_17_SIGNALING	LOW_EVIDENCE	0.7141582107650897	0	1.0335213294684773	0.6887786415711948	1.134897381031034	0.4988719309887193		NONE
go_bp	GOBP_RESPONSE_TO_RADIATION	MIXED	0.8679346143540188	0	-0.9573618172423968	0.8122908392864652	1.1065603202198877	0.5784691746467164		NONE
reactome	REACTOME_TRANSPORT_OF_THE_SLBP_DEPENDANT_MATURE_MRNA	MIXED	0.4715425305897048	0	-1.247403330467009	0.4195779866518999	-1.4163812000296288	0.2506167077805187		NONE
go_bp	GOBP_REACTIVE_OXYGEN_SPECIES_METABOLIC_PROCESS	LOW_EVIDENCE	1.1911672708892669	0	1.2068375176611148	0.3443679134402654	0.9339236697731842	0.8450714487021419		NONE
reactome	REACTOME_TRISTETRAPROLIN_TTP_ZFP36_BINDS_AND_DESTABILIZES_MRNA	MIXED	-0.6358812609624548	0	0.9205057487577228	0.8299296953465014	-1.5590746479126671	0.1925301837346748		NONE
go_bp	GOBP_LONG_CHAIN_FATTY_ACID_BIOSYNTHETIC_PROCESS	LOW_EVIDENCE	0.924967633060792	0	1.111246949596754	0.6428895075435961	0.8323525074626853	0.8847334976008299		NONE
go_bp	GOBP_B_CELL_APOPTOTIC_PROCESS	MIXED	1.0790490429067865	0	-1.0937510499990604	0.6286103079468185	-1.444296325044345	0.403020484375858		NONE
reactome	REACTOME_SULFUR_AMINO_ACID_METABOLISM	MIXED	0.5544447453179014	0	1.1417608071425611	0.578650391524643	-0.7689732221549685	0.8991579558652728		NONE
go_bp	GOBP_CD8_POSITIVE_ALPHA_BETA_T_CELL_DIFFERENTIATION	not_tested_in_resistance		0			1.280035867353573	0.5476554588852839		NONE
go_bp	GOBP_REGULATION_OF_TELOMERE_MAINTENANCE_IN_RESPONSE_TO_DNA_DAMAGE	MIXED	-0.7065787449020672	0	-0.9489467132162238	0.7548255129829988	-0.9975304163560944	0.758977529297925		NONE
go_bp	GOBP_DEVELOPMENTAL_PIGMENTATION	MIXED	0.9588204741943098	0	0.9197276950598572	0.8135833038556773	0.855875108964863	0.877352687408009		NONE
reactome	REACTOME_SIGNALING_BY_FGFR2_IN_DISEASE	MIXED	-0.6263196379279085	0	-0.981690113947421	0.7504	-1.168153085574786	0.4573932465172622		NONE
go_bp	GOBP_POST_TRANSLATIONAL_PROTEIN_TARGETING_TO_ENDOPLASMIC_RETICULUM_MEMBRANE	LOW_EVIDENCE	-1.2031553876869423	0			1.2507093588159957	0.5791863536394154		NONE
go_bp	GOBP_REGULATION_OF_ADENYLATE_CYCLASE_ACTIVITY	MIXED	1.2819721380472937	0	-1.0773747394998563	0.6673492656860687	1.5160896959394907	0.2049073170676562		NONE
go_bp	GOBP_THYROID_HORMONE_GENERATION	MIXED	0.199103490996915	0	-1.1714317713229596	0.5668294116803603	0.8781723687142939	0.8565413963494571		NONE
go_bp	GOBP_MITOTIC_G2_M_TRANSITION_CHECKPOINT	LOW_EVIDENCE	-0.8077061072184607	0	-0.9850823821460788	0.7473804846103471	-0.7108698305007004	0.9587122254674302		NONE
go_bp	GOBP_REGULATION_OF_STEM_CELL_POPULATION_MAINTENANCE	MIXED	1.1945105595149037	0	1.1442192551102877	0.4876256983240223	-1.0278903636900956	0.7376371901073597		NONE
go_bp	GOBP_NEGATIVE_REGULATION_OF_CYCLASE_ACTIVITY	not_tested_in_resistance		0			1.2335796852727696	0.589563805173232		NONE
reactome	REACTOME_NEPHRIN_FAMILY_INTERACTIONS	LOW_EVIDENCE	1.372166659478039	0	-0.8433286056375604	0.8847007481296758	1.405334329823392	0.2852790816021194		NONE
reactome	REACTOME_NOTCH4_INTRACELLULAR_DOMAIN_REGULATES_TRANSCRIPTION	LOW_EVIDENCE	1.0598774188787732	0	-0.7654467751921746	0.9376515184907656	-1.4398852676624203	0.2809526404708703		NONE
go_bp	GOBP_DIOL_METABOLIC_PROCESS	MIXED	-0.9814093302707788	0	-0.909634319455038	0.802815401652611	-1.2849333797117335	0.5183266398625134		NONE
go_bp	GOBP_POSITIVE_REGULATION_OF_NEUROTRANSMITTER_TRANSPORT	LOW_EVIDENCE	-1.163923340877679	0	1.0698066702639972	0.6703372212872757	1.4677989625819616	0.3911917098445596		NONE
go_bp	GOBP_EPITHELIAL_CELL_MORPHOGENESIS	MIXED	-1.1739369209388857	0	-1.353754861636968	0.3500862424055195	0.9282453784435788	0.8183225806451614		NONE
go_bp	GOBP_RESPONSE_TO_NUTRIENT	MIXED	1.0475405160571496	0	0.9785530652189004	0.7523790642347343	-1.0844387958650838	0.6600304277438608		NONE
go_bp	GOBP_EXECUTION_PHASE_OF_APOPTOSIS	LOW_EVIDENCE	1.2271350458712909	0	1.1427192735111202	0.5097339712507355	0.9974456432545922	0.762091550077527		NONE
go_bp	GOBP_ANGIOTENSIN_ACTIVATED_SIGNALING_PATHWAY	not_tested_in_resistance		0			-1.0245001912057492	0.7376371901073597		NONE
go_bp	GOBP_L_AMINO_ACID_CATABOLIC_PROCESS	MIXED	0.8535270611525192	0	1.1305430339380218	0.5525152869842248	1.114878039650732	0.6762771762813934		NONE
go_bp	GOBP_INTERLEUKIN_1_MEDIATED_SIGNALING_PATHWAY	LOW_EVIDENCE	1.272288006311536	0	-1.190024311898456	0.518706201251338	-0.7704902442858775	0.9283601199752884		NONE
go_bp	GOBP_RETINA_VASCULATURE_DEVELOPMENT_IN_CAMERA_TYPE_EYE	not_tested_in_resistance		0	0.7699037067631954	0.9097389857136196	1.319862193191184	0.5125061154598826		NONE
go_bp	GOBP_REGULATION_OF_TOLL_LIKE_RECEPTOR_4_SIGNALING_PATHWAY	LOW_EVIDENCE	1.1445653585217437	0	-1.2932432195557613	0.4201349247535029	0.9219553322569845	0.8285268859230611		NONE
go_bp	GOBP_NEGATIVE_REGULATION_OF_EPITHELIAL_CELL_PROLIFERATION	LOW_EVIDENCE	1.3375125280225657	0	1.1489972491947051	0.4614698294238384	1.355219021327853	0.3434390086620074		NONE
reactome	REACTOME_DOWNSTREAM_SIGNALING_OF_ACTIVATED_FGFR3	MIXED	0.042151584181974	0	-0.7763879202645675	0.9376515184907656	-1.4164179561160013	0.250671023456646		NONE
reactome	REACTOME_SARS_COV_2_ACTIVATES_MODULATES_INNATE_AND_ADAPTIVE_IMMUNE_RESPONSES	MIXED	0.5668379698341128	0	0.8709124165238736	0.9210523175472972	-0.8588714783452092	0.8748796614652209		NONE
go_bp	GOBP_POSITIVE_REGULATION_OF_DOUBLE_STRAND_BREAK_REPAIR	MIXED	0.4407368592391171	0	-1.2572240861253294	0.3453947368421052	1.0172941327134273	0.7389885807504079		NONE
go_bp	GOBP_REGULATION_OF_WNT_SIGNALING_PATHWAY_PLANAR_CELL_POLARITY_PATHWAY	not_tested_in_resistance		0	0.685237414608008	0.9441517889735656	-1.276655995202239	0.5727355338885206		NONE
reactome	REACTOME_FORMATION_OF_TUBULIN_FOLDING_INTERMEDIATES_BY_CCT_TRIC	MIXED	-0.7679446295094605	0	-1.7061022602678342	0.0638928519961463	-1.210661415495116	0.4260313608362889		NONE
go_bp	GOBP_REGULATION_OF_OXIDATIVE_PHOSPHORYLATION	MIXED	1.2402709967202654	0	1.5727191795655855	0.1107554429471846	0.9946745421677806	0.7878260869565218		NONE
reactome	REACTOME_RUNX2_REGULATES_OSTEOBLAST_DIFFERENTIATION	LOW_EVIDENCE	1.3148200937588308	0	-0.8895441800132743	0.8437037037037037	-1.4979663246157742	0.2434227791392584		NONE
go_bp	GOBP_NEGATIVE_REGULATION_OF_TYPE_I_INTERFERON_PRODUCTION	MIXED	0.839854749350498	0	0.9282233747288928	0.797180043383948	-1.4583580250817347	0.3134817104987274		NONE
go_bp	GOBP_DETECTION_OF_LIGHT_STIMULUS_INVOLVED_IN_SENSORY_PERCEPTION	LOW_EVIDENCE	-0.9716187843372974	0			0.9418308452984768	0.8182524838912121		NONE
go_bp	GOBP_AXON_EXTENSION	LOW_EVIDENCE	1.1325798985902404	0	-1.2269648959295103	0.4091376641004433	1.3733886588520947	0.3119619685777945		NONE
go_bp	GOBP_NEGATIVE_REGULATION_OF_MUSCLE_CELL_DIFFERENTIATION	MIXED	1.109931105536511	0	0.9516867790925312	0.7848205976631165	-1.0535595944265022	0.718616350661591		NONE
go_bp	GOBP_EPITHELIAL_CELL_APOPTOTIC_PROCESS	LOW_EVIDENCE	1.133041415777269	0	-1.1072900464317856	0.5481529628425955	0.941780105312284	0.8346069118184357		NONE
go_bp	GOBP_ACTIVATION_OF_INNATE_IMMUNE_RESPONSE	MIXED	0.8392160213570921	0	-1.0981121689291071	0.5103227337446606	-1.035334262170449	0.7041664349733847		NONE
go_bp	GOBP_ADULT_LOCOMOTORY_BEHAVIOR	LOW_EVIDENCE	1.14617885883412	0	0.904008676948076	0.8554576599443927	1.276189754978728	0.4889128728414442		NONE
go_bp	GOBP_POSITIVE_REGULATION_OF_ALPHA_BETA_T_CELL_PROLIFERATION	LOW_EVIDENCE	0.7955278815371714	0	1.5194526128026151	0.2268328269039795	0.7520027419299014	0.9290856919623206		NONE
go_bp	GOBP_NUCLEOSOME_ORGANIZATION	MIXED	0.9538041349588946	0	-0.8069056634464914	0.9306997308727414	1.0265947003992355	0.7231304906792371		NONE
go_bp	GOBP_POSITIVE_REGULATION_OF_CALCIUM_ION_TRANSMEMBRANE_TRANSPORT	MIXED	1.0898548934578014	0	-1.3114886019079772	0.3399776035834266	1.2064413347675718	0.5768950879320801		NONE
reactome	REACTOME_POST_CHAPERONIN_TUBULIN_FOLDING_PATHWAY	MIXED	-0.971655134389966	0	-1.068301419282455	0.6852539233416954	-1.1560274927472547	0.4929038057377256		NONE
reactome	REACTOME_FRS_MEDIATED_FGFR3_SIGNALING	not_tested_in_resistance		0			-1.032906326207492	0.6306538831569518		NONE
go_bp	GOBP_REGULATION_OF_CARDIAC_MUSCLE_CONTRACTION_BY_REGULATION_OF_THE_RELEASE_OF_SEQUESTERED_CALCIUM_ION	MIXED	0.1625972074135374	0	1.256966247081643	0.4820621699602591	-0.6037905058629263	0.979065236843774		NONE
go_bp	GOBP_CELLULAR_RESPONSE_TO_CARBOHYDRATE_STIMULUS	MIXED	-0.9285631774943504	0	1.0100699005456777	0.7064079296384196	-1.116528562303725	0.6108791783023267		NONE
go_bp	GOBP_GANGLIOSIDE_BIOSYNTHETIC_PROCESS	not_tested_in_resistance		0			1.1466184327709197	0.6723397826144918		NONE
hallmark	HALLMARK_PI3K_AKT_MTOR_SIGNALING	MIXED	0.6640089852284281	0	0.9308377157504436	0.6820119352088662	1.2961388175419766	0.2100120006857534		NONE
go_bp	GOBP_PEPTIDE_CATABOLIC_PROCESS	LOW_EVIDENCE	1.724184101221823	0	0.8523577690979373	0.8567207020074789	0.7493676296315751	0.9227426528002536		NONE
go_bp	GOBP_RESPONSE_TO_STEROL	LOW_EVIDENCE	1.1259759348954086	0	1.017093506106291	0.7139042787530872	1.259674599596985	0.5588592883962096		NONE
go_bp	GOBP_REGULATION_OF_EXTRINSIC_APOPTOTIC_SIGNALING_PATHWAY	MIXED	1.0197350111488617	0	0.96077707848065	0.7744528178092381	1.0564841918993213	0.6952239617658852		NONE
go_bp	GOBP_NEGATIVE_REGULATION_OF_TOLL_LIKE_RECEPTOR_SIGNALING_PATHWAY	not_tested_in_resistance		0	0.9626542399555764	0.7696944610317935	-0.9445121234900878	0.8027904556290832		NONE
go_bp	GOBP_RNA_SURVEILLANCE	MIXED	-0.5164692289052464	0	1.0984416483781625	0.6546077731058331	-1.9209491501166924	0.072717807936894		NONE
reactome	REACTOME_BASE_EXCISION_REPAIR	MIXED	-0.8715152437365956	0	1.050298882683688	0.6843899185993585	-1.324477434666848	0.3159104434730858		NONE
go_bp	GOBP_MYOTUBE_CELL_DEVELOPMENT	MIXED	-0.8847843236701466	0	-1.094608560198847	0.6114941225888613	-0.6744391529182335	0.9770018353032596		NONE
reactome	REACTOME_CARDIOGENESIS	MIXED	1.0308526817461925	0	-1.264829153407823	0.4348504765034505	-1.141979304594119	0.5167132767692089		NONE
go_bp	GOBP_FEMALE_SEX_DIFFERENTIATION	MIXED	1.166804233370232	0	-1.0607021232495246	0.6366064538891192	0.8189774172686942	0.9292179036315495		NONE
go_bp	GOBP_POSTSYNAPTIC_MODULATION_OF_CHEMICAL_SYNAPTIC_TRANSMISSION	LOW_EVIDENCE	0.7521374320162042	0	-1.498750640279067	0.2766756302803769	-0.7131194853738462	0.9587122254674302		NONE
go_bp	GOBP_REGULATION_OF_INOSITOL_PHOSPHATE_BIOSYNTHETIC_PROCESS	not_tested_in_resistance		0			1.2243331539863818	0.598978167047474		NONE
go_bp	GOBP_FC_RECEPTOR_SIGNALING_PATHWAY	MIXED	0.9158108578381154	0	-1.2312405579587873	0.4447284405761848	-0.8349693429782725	0.8897131977083262		NONE
go_bp	GOBP_GLIAL_CELL_PROLIFERATION	LOW_EVIDENCE	1.166839049674517	0	-0.9243133525359858	0.8144335198288629	1.1664000523377622	0.6010614772224679		NONE
go_bp	GOBP_CARBOHYDRATE_DERIVATIVE_BIOSYNTHETIC_PROCESS	LOW_EVIDENCE	1.092988413935026	0						NONE
go_bp	GOBP_3_PHOSPHOADENOSINE_5_PHOSPHOSULFATE_METABOLIC_PROCESS	not_tested_in_resistance		0			-1.2856395394269342	0.5410499086843596		NONE
go_bp	GOBP_ACTIN_NUCLEATION	MIXED	0.7878761871326198	0	0.7901918080591721	0.9302917694525884	-1.1108193870537078	0.690626764539808		NONE
go_bp	GOBP_MONOSACCHARIDE_TRANSMEMBRANE_TRANSPORT	LOW_EVIDENCE	1.0262410293081885	0	1.4665366153347548	0.1203136253618362	-1.1498008810016986	0.5714688940092165		NONE
go_bp	GOBP_PROTEIN_POLYMERIZATION	MIXED	1.1633697328747346	0	-0.7753842515143203	0.9972133757961784	1.2027882965105192	0.4511114486809458		NONE
go_bp	GOBP_REGULATION_OF_DOUBLE_STRAND_BREAK_REPAIR_VIA_NONHOMOLOGOUS_END_JOINING	MIXED	0.856553283823855	0	-0.8592100239061305	0.8651215805471124	0.827448228420719	0.8798672957124076		NONE
go_bp	GOBP_LYMPHOCYTE_CHEMOTAXIS	LOW_EVIDENCE	1.023130667912793	0	-1.270147594282057	0.4126086180974951	-1.1065738866344437	0.6823714033125146		NONE
go_bp	GOBP_NEGATIVE_REGULATION_OF_NEURON_APOPTOTIC_PROCESS	LOW_EVIDENCE	1.1543903412911507	0	0.9419111074112456	0.8076721791919614	-0.9577544629608225	0.8281876475048238		NONE
reactome	REACTOME_REGULATION_OF_PTEN_GENE_TRANSCRIPTION	LOW_EVIDENCE	1.0359202081680807	0	1.1633765116483474	0.5102668943206327	-1.292334887093095	0.3161302982731554		NONE
reactome	REACTOME_AQUAPORIN_MEDIATED_TRANSPORT	MIXED	-1.0176816313614363	0	-1.4553406681590726	0.2465046585501705	0.9900564711238312	0.6774975917360679		NONE
go_bp	GOBP_PORE_COMPLEX_ASSEMBLY	MIXED	0.6795337983385881	0	0.6680915327820978	0.9650742626918064	-0.5798611351787822	0.9897981639839036		NONE
go_bp	GOBP_REGULATION_OF_RECEPTOR_RECYCLING	LOW_EVIDENCE	0.9739345424586509	0	1.4970723008714075	0.253100603963743	-0.9882164406416124	0.762091550077527		NONE
go_bp	GOBP_RENAL_ABSORPTION	LOW_EVIDENCE	1.493088613790978	0	-1.1933013485105792	0.5100806451612904	-0.9395808640433674	0.8164606763476799		NONE
go_bp	GOBP_ACIDIC_AMINO_ACID_TRANSPORT	MIXED	-0.9214620820903352	0	1.0858794127953992	0.6236654149179001	1.6204994915398825	0.1364374512658092		NONE
go_bp	GOBP_POSITIVE_REGULATION_OF_PROTEIN_MATURATION	LOW_EVIDENCE	1.1673200643067114	0	-0.6516681537328767	0.9722292340925128	-1.129153840941123	0.6544433049449325		NONE
go_bp	GOBP_REGULATION_OF_PLATELET_ACTIVATION	LOW_EVIDENCE	1.1958330972340456	0	0.8548025951283023	0.8793546700081811	0.7686137974204409	0.935012775061226		NONE
go_bp	GOBP_BINDING_OF_SPERM_TO_ZONA_PELLUCIDA	MIXED	-0.9795007427178494	0	-1.4756977743271	0.2813254543143982	0.8117580363040494	0.8902810905031208		NONE
reactome	REACTOME_REGULATION_OF_ENDOGENOUS_RETROELEMENTS_BY_PIWI_INTERACTING_RNAS_PIRNAS	MIXED	0.7627733569462154	0	-1.600107431615003	0.0833895360391652	1.4631304594782355	0.2194299724180202		NONE
go_bp	GOBP_MOTOR_NEURON_APOPTOTIC_PROCESS	MIXED	-0.629969422289035	0	-0.8169506145807331	0.8760382346096711	1.0557198745038947	0.7386857944490137		NONE
go_bp	GOBP_POSITIVE_REGULATION_OF_TRANSPORTER_ACTIVITY	MIXED	1.1132412399946991	0	-1.6336255662519064	0.0524966079631969	0.9419929430159794	0.8164606763476799		NONE
go_bp	GOBP_SHORT_CHAIN_FATTY_ACID_METABOLIC_PROCESS	not_tested_in_resistance		0			-0.7018973092195411	0.9335647629986532		NONE
go_bp	GOBP_PROTEIN_AUTOUBIQUITINATION	LOW_EVIDENCE	0.7882900108707311	0	0.9775232911967804	0.744305203295578	0.9093279733683112	0.8416973552058923		NONE
go_bp	GOBP_REGULATION_OF_INSULIN_SECRETION_INVOLVED_IN_CELLULAR_RESPONSE_TO_GLUCOSE_STIMULUS	LOW_EVIDENCE	-0.9783179085337012	0	-1.034843610842321	0.6722885820822633	0.6950800258261047	0.9689725820881504		NONE
reactome	REACTOME_METABOLISM_OF_FOLATE_AND_PTERINES	LOW_EVIDENCE	0.6774370042569625	0	1.3261160356521309	0.4036507508317597	-1.2805498049964374	0.4034801068600324		NONE
go_bp	GOBP_LEUKOCYTE_DEGRANULATION	LOW_EVIDENCE	0.9629279190294802	0	0.818257499973698	0.9328880724048206	-0.663847487938861	0.9900933139447496		NONE
go_bp	GOBP_POTASSIUM_ION_EXPORT_ACROSS_PLASMA_MEMBRANE	not_tested_in_resistance		0			1.646149779326731	0.1373868277277085		NONE
go_bp	GOBP_CORONARY_VASCULATURE_MORPHOGENESIS	not_tested_in_resistance		0	-0.5098637791703344	0.9981903277098448	1.4174157988131333	0.4322046531967123		NONE
go_bp	GOBP_CELLULAR_RESPONSE_TO_TOXIC_SUBSTANCE	LOW_EVIDENCE	1.195666825359181	0	1.4048840407398318	0.1598552909904546	0.8832552108997549	0.8780787508322898		NONE
go_bp	GOBP_L_AMINO_ACID_METABOLIC_PROCESS	MIXED	-0.9285645474833292	0	1.3253079263824603	0.1752246215541356	0.9158072770188698	0.8599183646077259		NONE
go_bp	GOBP_RIBONUCLEOSIDE_METABOLIC_PROCESS	MIXED	-0.6990762917227615	0	0.9916413451363604	0.7292961223404796	0.7197782624572909	0.9433820522817394		NONE
go_bp	GOBP_PIGMENTATION	MIXED	0.9784818281118348	0	0.9594694247183492	0.7752130267304773	1.2430266505434302	0.4889128728414442		NONE
go_bp	GOBP_OVULATION_CYCLE_PROCESS	LOW_EVIDENCE	-1.2976982500133245	0	-1.3255546392145106	0.3851611420692825	-1.0144422622725249	0.7711515002103992		NONE
go_bp	GOBP_EMBRYONIC_BRAIN_DEVELOPMENT	MIXED	0.2257088859930435	0	-0.7479536000369255	0.9132559981756424	-1.3038863431053895	0.5139622117254793		NONE
reactome	REACTOME_BINDING_AND_UPTAKE_OF_LIGANDS_BY_SCAVENGER_RECEPTORS	MIXED	-0.8620179492885567	0	1.194457649350707	0.4679769503890106	-1.3980111516031777	0.2655023923444976		NONE
go_bp	GOBP_REGULATION_OF_LEUKOCYTE_TETHERING_OR_ROLLING	not_tested_in_resistance		0			1.1969461455197672	0.6202018153237666		NONE
go_bp	GOBP_REGULATION_OF_HAIR_FOLLICLE_DEVELOPMENT	MIXED	1.0812963090864922	0	-1.522965823195158	0.1833474997091961	-1.0891528870622953	0.688253881595075		NONE
go_bp	GOBP_POSITIVE_REGULATION_OF_GLYCOGEN_BIOSYNTHETIC_PROCESS	not_tested_in_resistance		0			-0.956254181270101	0.7970220010263345		NONE
reactome	REACTOME_CELLULAR_HEXOSE_TRANSPORT	not_tested_in_resistance		0			-0.8320245744820948	0.8468971387087891		NONE
reactome	REACTOME_TRANSCRIPTIONAL_REGULATION_BY_SMALL_RNAS	MIXED	0.4650100934897456	0	-1.5019911441313776	0.1853586707682626	-1.2867020583056576	0.3195590341516551		NONE
go_bp	GOBP_ADULT_BEHAVIOR	MIXED	1.0973230602864068	0	0.793944468844118	0.9643304130162702	1.3184535076647357	0.3754653146690449		NONE
go_bp	GOBP_POSITIVE_REGULATION_OF_LIPID_METABOLIC_PROCESS	LOW_EVIDENCE	1.2266717623428856	0	1.515527877834973	0.1035252475326173	0.8525142838368259	0.9003066921367892		NONE
reactome	REACTOME_NUCLEAR_EVENTS_STIMULATED_BY_ALK_SIGNALING_IN_CANCER	LOW_EVIDENCE	-0.9381535638544334	0	-0.7083263372025695	0.98159868729489	-1.1572003625925875	0.4666090469169582		NONE
go_bp	GOBP_RESPONSE_TO_NITRIC_OXIDE	not_tested_in_resistance		0	-1.2319105249951183	0.5063470164886336	-0.6550634465157269	0.9634881247784476		NONE
go_bp	GOBP_REGULATION_OF_VESICLE_FUSION	LOW_EVIDENCE	0.7478422675433622	0	0.7206913765391607	0.9441401880082148	1.0741054947807434	0.7161927877947296		NONE
reactome	REACTOME_NOD1_2_SIGNALING_PATHWAY	MIXED	0.8105390149755005	0	0.8513043406757919	0.9023569023569024	-0.927058153264482	0.7204094023766157		NONE
go_bp	GOBP_PERICARDIUM_DEVELOPMENT	not_tested_in_resistance		0	-1.478614947607362	0.2831604313246486	1.1195504620348862	0.688253881595075		NONE
go_bp	GOBP_ESTABLISHMENT_OF_LYMPHOCYTE_POLARITY	not_tested_in_resistance		0	-1.034691459073586	0.6815922056136023	-0.878406857122359	0.8444161021150033		NONE
go_bp	GOBP_REGULATION_OF_CALCIUM_ION_DEPENDENT_EXOCYTOSIS	MIXED	-0.6965099989213159	0	-0.6769349217705383	0.9768158695439172	1.128199607182037	0.670094312558273		NONE
go_bp	GOBP_CELLULAR_RESPONSE_TO_CAMP	LOW_EVIDENCE	1.1439490955047718	0	-1.1449874781444649	0.5575988602943769	-0.8742387468273763	0.871182484631316		NONE
reactome	REACTOME_PI3K_EVENTS_IN_ERBB2_SIGNALING	LOW_EVIDENCE	1.0278569883213071	0	-1.2979624812481898	0.447604504676465	-1.4777904676815743	0.2290642915642915		NONE
go_bp	GOBP_POSITIVE_REGULATION_OF_TELOMERE_MAINTENANCE	LOW_EVIDENCE	-0.9685434508551596	0	-1.1373960415675672	0.5265264819316982	-1.2162340522670874	0.5714688940092165		NONE
go_bp	GOBP_MULTICELLULAR_ORGANISMAL_REPRODUCTIVE_PROCESS	LOW_EVIDENCE	0.9162501142834756	0					CITED2	NONE
go_bp	GOBP_REGULATION_OF_NATURAL_KILLER_CELL_ACTIVATION	MIXED	-1.4490188495801073	0	1.2216584975023723	0.4822015012901712	0.9547725318052646	0.7897336561743341		NONE
go_bp	GOBP_ACTIVATION_OF_PROTEIN_KINASE_B_ACTIVITY	LOW_EVIDENCE	0.8813260912229625	0	-0.8387944527585891	0.8692177742345729	0.9613535921078652	0.8035119665126268		NONE
go_bp	GOBP_FOREBRAIN_NEURON_DIFFERENTIATION	LOW_EVIDENCE	1.029979576340963	0	-0.6953924114665678	0.9750011838880188	1.2009390496481476	0.598978167047474		NONE
go_bp	GOBP_PHOSPHATIDYLINOSITOL_MEDIATED_SIGNALING	LOW_EVIDENCE	-0.675791567519421	0	-1.1121215576124823	0.6210134532895103	0.7891938005524629	0.9068551126287248		NONE
go_bp	GOBP_CELL_DIFFERENTIATION_INVOLVED_IN_METANEPHROS_DEVELOPMENT	LOW_EVIDENCE	0.9872387422015418	0	-1.545320062471181	0.183293264055969	-0.6611986080056964	0.9668647966823052		NONE
go_bp	GOBP_PROTEIN_LOCALIZATION_TO_CHROMOSOME	MIXED	-1.2092716562260766	0	-1.4559599776602783	0.0978636970029279	-1.1816569945056588	0.5653363251311012		NONE
go_bp	GOBP_SMOOTH_MUSCLE_TISSUE_DEVELOPMENT	LOW_EVIDENCE	1.4468057850038654	0	-0.7947085760234752	0.8887510937106079	1.7789431129747515	0.0561035405960202		NONE
go_bp	GOBP_REGULATION_OF_MITOCHONDRION_ORGANIZATION	LOW_EVIDENCE	0.9706015861578502	0	1.5029465815024088	0.0548441522231897	1.1741464354534323	0.5302646981082203		NONE
go_bp	GOBP_REGULATION_OF_CELL_SIZE	MIXED	-1.1244878115168302	0	-0.979249305595066	0.7564553934235679	1.234253977521199	0.4490010788496151		NONE
go_bp	GOBP_POSITIVE_REGULATION_OF_MULTICELLULAR_ORGANISM_GROWTH	MIXED	-1.2177684413466836	0	-1.33679650171772	0.4066797642436149	1.2395365956534294	0.5727355338885206		NONE
go_bp	GOBP_POSITIVE_REGULATION_OF_G_PROTEIN_COUPLED_RECEPTOR_SIGNALING_PATHWAY	LOW_EVIDENCE	1.2309569565381322	0	1.2185476389591448	0.5315711012616434	-1.455343103851224	0.2970873680794286		NONE
go_bp	GOBP_MUSCLE_CELL_CELLULAR_HOMEOSTASIS	LOW_EVIDENCE	1.1210054429382568	0	-0.9263301793342958	0.7863585368669392	0.9347841851563534	0.8266649861079904		NONE
reactome	REACTOME_FACTORS_INVOLVED_IN_MEGAKARYOCYTE_DEVELOPMENT_AND_PLATELET_PRODUCTION	MIXED	-0.814062879592593	0	-1.274966458554584	0.2465046585501705	-1.239893585792209	0.2705054715997915		NONE
go_bp	GOBP_NEGATIVE_REGULATION_OF_REACTIVE_OXYGEN_SPECIES_METABOLIC_PROCESS	MIXED	-1.0397170658758552	0	1.0473291615866558	0.6904332129963899	1.3856998449624265	0.4682636357900969		NONE
go_bp	GOBP_NON_MEMBRANE_BOUNDED_ORGANELLE_ASSEMBLY	MIXED	-1.1549542415610343	0	-1.1590092283537454	0.3338194444444444	-1.2903754041735005	0.1255567996933616		NONE
go_bp	GOBP_INTRINSIC_APOPTOTIC_SIGNALING_PATHWAY_IN_RESPONSE_TO_DNA_DAMAGE	MIXED	-1.0514422940531194	0	1.220429141743279	0.3810240963855422	-1.10494353986784	0.6633646308898268		NONE
go_bp	GOBP_REGULATION_OF_NUCLEOCYTOPLASMIC_TRANSPORT	MIXED	-0.8298361037260303	0	-1.2299986417115558	0.3600612870275791	1.1928262196875377	0.5363190624252571		NONE
go_bp	GOBP_RESPONSE_TO_ANTIBIOTIC	MIXED	1.0159088487020442	0	-0.6537776918613879	0.9883821265427974	1.035739271766632	0.7335162601626015		NONE
go_bp	GOBP_EXIT_FROM_MITOSIS	MIXED	-0.799777600598977	0	1.0329790457372685	0.6751054852320675	-1.2968329139895995	0.4995536417581264		NONE
go_bp	GOBP_NEGATIVE_REGULATION_OF_ORGANELLE_ORGANIZATION	MIXED	1.0266328392447073	0	0.9316532327273782	0.8691669052390496	0.912216867797348	0.8863184684307337		NONE
go_bp	GOBP_REGULATION_OF_CELLULAR_RESPONSE_TO_OXIDATIVE_STRESS	MIXED	1.1622569073488571	0	1.350578263494404	0.3810240963855422	0.8028086850064091	0.8918785890073831		NONE
go_bp	GOBP_BIOLOGICAL_PROCESS_INVOLVED_IN_INTRASPECIES_INTERACTION_BETWEEN_ORGANISMS	MIXED	1.022915162018697	0	-0.964465126614505	0.744305203295578	1.4595538862326654	0.348844002265968		NONE
go_bp	GOBP_SYMPATHETIC_NERVOUS_SYSTEM_DEVELOPMENT	LOW_EVIDENCE	0.9007416543444108	0	-1.7188271399846236	0.0733082577295781	1.741279397029426	0.0979069653079829		NONE
go_bp	GOBP_POSITIVE_REGULATION_OF_DEFENSE_RESPONSE_TO_VIRUS_BY_HOST	LOW_EVIDENCE	-0.8021781983625934	0	-0.9039638500822806	0.802815401652611	0.9334882920767986	0.8183225806451614		NONE
reactome	REACTOME_SIGNALING_BY_WNT	LOW_EVIDENCE	1.0667099957134258	0	-0.9034791458631304	0.9327260674212478	-1.2310825385256574	0.1631114841032424	USP34	NONE
go_bp	GOBP_NEGATIVE_REGULATION_OF_B_CELL_PROLIFERATION	not_tested_in_resistance		0			1.1630675704973077	0.6600304277438608		NONE
go_bp	GOBP_POSITIVE_REGULATION_OF_LEUKOCYTE_DEGRANULATION	MIXED	0.7570714974912188	0	1.245448696671679	0.4668765077955279	0.8996788224762489	0.8433781535279039		NONE
reactome	REACTOME_GLUCAGON_SIGNALING_IN_METABOLIC_REGULATION	MIXED	0.8170463878525834	0	-1.3879925722964204	0.2570575975748389	0.8427156536018551	0.8083381065859157		NONE
go_bp	GOBP_MRNA_3_END_PROCESSING	LOW_EVIDENCE	-0.57124249613907	0	-1.2993351810034144	0.3988289607026236	-1.1411332520074686	0.6305776815404841		NONE
go_bp	GOBP_POSITIVE_REGULATION_OF_LIPID_CATABOLIC_PROCESS	LOW_EVIDENCE	-1.2306140964237824	0	-1.2583812330416122	0.4779841975380965	-0.6575891748071945	0.9690546615553824		NONE
go_bp	GOBP_ONE_CARBON_COMPOUND_TRANSPORT	not_tested_in_resistance		0			-0.8656158895797806	0.8652085308056872		NONE
reactome	REACTOME_ACTIVATION_OF_NMDA_RECEPTORS_AND_POSTSYNAPTIC_EVENTS	LOW_EVIDENCE	-0.9977282386612376	0	-1.0942944263967735	0.578650391524643	-0.8121642872007044	0.9257733933531272		NONE
reactome	REACTOME_SHC1_EVENTS_IN_ERBB2_SIGNALING	MIXED	1.2347905160703134	0	-1.19537997674016	0.4865249531628963	-1.210791207621411	0.4260313608362889		NONE
go_bp	GOBP_ALDEHYDE_BIOSYNTHETIC_PROCESS	not_tested_in_resistance		0	-0.834879678117137	0.8692177742345729	1.2446046523796297	0.5826193405931904		NONE
reactome	REACTOME_TIGHT_JUNCTION_INTERACTIONS	MIXED	-1.195915540791343	0	1.3465430375722	0.3529152620288078	1.5672854851083031	0.1227741920464764		NONE
go_bp	GOBP_ACTIVATION_OF_IMMUNE_RESPONSE	MIXED	-1.0519351560236614	0	-1.0619821074427258	0.5208470902635892				NONE
go_bp	GOBP_THYMOCYTE_APOPTOTIC_PROCESS	LOW_EVIDENCE	0.8327112049188244	0	-1.1235847545473294	0.6366064538891192	0.9287366240862184	0.8266649861079904		NONE
reactome	REACTOME_PENTOSE_PHOSPHATE_PATHWAY	not_tested_in_resistance		0			1.0327004337760353	0.6457012105407353		NONE
go_bp	GOBP_REGULATION_OF_ERYTHROCYTE_DIFFERENTIATION	LOW_EVIDENCE	0.9624220580445696	0	1.21236645874127	0.4558939813266019	-1.450194839861095	0.3488342245989304		NONE
reactome	REACTOME_FORMATION_OF_TC_NER_PRE_INCISION_COMPLEX	MIXED	-0.9220148065893536	0	-0.7415171848950649	0.98159868729489	-1.097278681584879	0.5167942670069343		NONE
go_bp	GOBP_NUCLEOBASE_CONTAINING_SMALL_MOLECULE_METABOLIC_PROCESS	LOW_EVIDENCE	1.0534171021082648	0						NONE
go_bp	GOBP_TOOTH_MINERALIZATION	LOW_EVIDENCE	1.394238769239896	0	-1.1767119036709706	0.5346301414165172	1.5919152114092496	0.1506086867848002		NONE
reactome	REACTOME_ENDOSOMAL_SORTING_COMPLEX_REQUIRED_FOR_TRANSPORT_ESCRT	MIXED	0.9118084207574042	0	1.408212996057823	0.270494917830341	-0.9358226875119372	0.7310314567301202		NONE
go_bp	GOBP_REGULATION_OF_HOMOTYPIC_CELL_CELL_ADHESION	MIXED	0.981743686755496	0	-0.9894955911318394	0.7301684187479888	-0.8804391860443435	0.8794163362410784		NONE
reactome	REACTOME_SIGNAL_TRANSDUCTION_BY_L1	LOW_EVIDENCE	1.1296443179622455	0	0.48996859716915	1.0	1.143185689685972	0.5266128720898807		NONE
go_bp	GOBP_RESPONSE_TO_MISFOLDED_PROTEIN	MIXED	-0.6002744855796315	0	0.8494417271873623	0.8585319760579561	1.103554578921536	0.7013331056698404		NONE
go_bp	GOBP_VASCULAR_WOUND_HEALING	LOW_EVIDENCE	1.679149022875767	0	-1.0447664258703615	0.6888155770525236	1.0244867812684617	0.762091550077527		NONE
reactome	REACTOME_AMYLOID_FIBER_FORMATION	MIXED	0.9230271966491516	0	1.1786146529327957	0.4854281992836209	0.8633966564215629	0.8182857142857143		NONE
go_bp	GOBP_VITAMIN_TRANSPORT	MIXED	-0.8812765548631851	0	1.028512773760777	0.706673448451253	-0.8622216459588828	0.8798672957124076		NONE
go_bp	GOBP_LIPID_IMPORT_INTO_CELL	MIXED	0.8060387447233438	0	0.8898496004737106	0.8223185265438786	1.107381493898378	0.7017542618660254		NONE
go_bp	GOBP_REGULATION_OF_DOUBLE_STRAND_BREAK_REPAIR	LOW_EVIDENCE	-0.5990505671561421	0	-1.2902347661483116	0.2797434763379036	1.1978769592928906	0.5139622117254793		NONE
go_bp	GOBP_AMYLOID_PRECURSOR_PROTEIN_BIOSYNTHETIC_PROCESS	LOW_EVIDENCE	-0.8470762360000406	0						NONE
go_bp	GOBP_IMPORT_INTO_NUCLEUS	LOW_EVIDENCE	0.925949305459098	0	-1.2294970404503152	0.3399776035834266	0.9853389834102204	0.7859137005224668		NONE
go_bp	GOBP_HOMOLOGOUS_RECOMBINATION	LOW_EVIDENCE	-1.3455148136007091	0	-1.5540095104520304	0.1246612382784623	0.862028699791521	0.877356062897568		NONE
go_bp	GOBP_MITOCHONDRIAL_MEMBRANE_ORGANIZATION	MIXED	-0.6985326063617084	0	1.1763727541626026	0.4313061152554434	-1.1498859198139029	0.5720363678750437		NONE
go_bp	GOBP_B_CELL_HOMEOSTASIS	MIXED	0.6731874447384184	0	0.80527977276955	0.906998329970202	0.9000190435162898	0.8346567229655626		NONE
go_bp	GOBP_POSITIVE_REGULATION_OF_PHOSPHOPROTEIN_PHOSPHATASE_ACTIVITY	not_tested_in_resistance		0			1.063729182236864	0.7306710268959474		NONE
go_bp	GOBP_ESTABLISHMENT_OF_PROTEIN_LOCALIZATION_TO_ORGANELLE	LOW_EVIDENCE	0.8348925953976599	0	1.2560329274897162	0.1226411893817923	0.9881664033279826	0.7900167237488688		NONE
go_bp	GOBP_THYMIC_T_CELL_SELECTION	not_tested_in_resistance		0	-0.7698950584995383	0.9044704737724364	1.1269444964815096	0.6633646308898268		NONE
go_bp	GOBP_PIGMENT_GRANULE_ORGANIZATION	MIXED	0.7566058862428106	0	1.1099530696143154	0.6116381788719879	1.1544736238825752	0.647316466923258		NONE
go_bp	GOBP_GLUTAMINE_FAMILY_AMINO_ACID_BIOSYNTHETIC_PROCESS	LOW_EVIDENCE	-0.7741610596658822	0	-0.7325423039433779	0.9223437235184452	0.7708386580576396	0.9042730622159718		NONE
reactome	REACTOME_TRNA_PROCESSING	LOW_EVIDENCE	-0.9364877453511624	0	-1.4169484349004096	0.1380148223066092	-0.9233522404062854	0.7923442238049421		NONE
go_bp	GOBP_CHAPERONE_MEDIATED_PROTEIN_COMPLEX_ASSEMBLY	MIXED	-0.5185963195620235	0	-1.0863407589608216	0.6565455047280756	-1.4707461548170169	0.4042088333357813		NONE
go_bp	GOBP_REGULATION_OF_RESPONSE_TO_TUMOR_CELL	LOW_EVIDENCE	1.2185909631041587	0	-0.5734844651452009	0.9883821265427974	-1.4516773739393969	0.421238184278633		NONE
go_bp	GOBP_NUCLEOTIDE_EXCISION_REPAIR	LOW_EVIDENCE	-1.0279925343275174	0	-1.302504063175349	0.3062429696287964	-1.2296062996765562	0.475615517874954		NONE
reactome	REACTOME_REGULATION_OF_TLR_BY_ENDOGENOUS_LIGAND	not_tested_in_resistance		0	-1.5668636013960766	0.1853586707682626	0.8366551057999727	0.8095371997656707		NONE
go_bp	GOBP_INTRACELLULAR_PROTEIN_TRANSMEMBRANE_TRANSPORT	LOW_EVIDENCE	1.2104710449469949	0	1.4576298407728128	0.2323767395403118	0.9272518999619624	0.827077921477633		NONE
go_bp	GOBP_NEGATIVE_REGULATION_OF_DIGESTIVE_SYSTEM_PROCESS	not_tested_in_resistance		0			0.9167770334148668	0.8304810473007178		NONE
go_bp	GOBP_POSITIVE_REGULATION_OF_MITOCHONDRIAL_MEMBRANE_PERMEABILITY	LOW_EVIDENCE	1.110517319159816	0	1.0372422699269173	0.6963667820069204	-1.0377775992706813	0.7233697698004905		NONE
reactome	REACTOME_PROTEIN_FOLDING	LOW_EVIDENCE	-0.8548315989666828	0	-1.0708850553187437	0.6172411990695973	1.0002495805782183	0.6767698228366418		NONE
go_bp	GOBP_TRNA_WOBBLE_BASE_MODIFICATION	LOW_EVIDENCE	-1.20904984676224	0	0.78818406881152	0.8960738255033557	1.2926674960404652	0.5575806425799806		NONE
go_bp	GOBP_SODIUM_ION_EXPORT_ACROSS_PLASMA_MEMBRANE	not_tested_in_resistance		0			1.359055608162807	0.4889128728414442		NONE
go_bp	GOBP_MEIOTIC_CELL_CYCLE_PROCESS	LOW_EVIDENCE	-1.08720503575399	0	-1.0451318021285896	0.6405908566377765	1.0524851669482953	0.7013331056698404		NONE
go_bp	GOBP_NEGATIVE_REGULATION_OF_DNA_BINDING_TRANSCRIPTION_FACTOR_ACTIVITY	LOW_EVIDENCE	1.049926738254077	0	0.8535925178270838	0.9211122259849216	0.8205986480340661	0.935012775061226		NONE
go_bp	GOBP_NUCLEOSIDE_BISPHOSPHATE_BIOSYNTHETIC_PROCESS	MIXED	-0.7945723719267583	0	0.9867845032364724	0.7501874862990782	0.8985415840280454	0.8444161021150033		NONE
reactome	REACTOME_REGULATION_OF_TP53_ACTIVITY	LOW_EVIDENCE	-1.1219896340015934	0	-1.0354132869532406	0.6674402565983207	-1.2343569373429004	0.2617596880331465		NONE
go_bp	GOBP_CHROMATIN_REMODELING	LOW_EVIDENCE	0.7685753986557011	0						NONE
go_bp	GOBP_FEEDING_BEHAVIOR	MIXED	-1.036112807107873	0	-0.8945982865085005	0.8534743202416919	-1.0708147373873595	0.688253881595075		NONE
reactome	REACTOME_DEATH_RECEPTOR_SIGNALING	LOW_EVIDENCE	0.8577486095254605	0	0.848169313858543	0.950693948520508	1.3754737873086742	0.1074441915197106		NONE
go_bp	GOBP_NOTOCHORD_DEVELOPMENT	LOW_EVIDENCE	1.4183076016599048	0	-1.046559569550322	0.680176913553354	1.570741245783681	0.2012078628523166		NONE
go_bp	GOBP_NEGATIVE_REGULATION_OF_MACROPHAGE_ACTIVATION	not_tested_in_resistance		0			0.7485585562120846	0.9165951972555746		NONE
reactome	REACTOME_DISEASES_OF_MITOTIC_CELL_CYCLE	MIXED	0.6212302605077563	0	1.0366311325667392	0.6909802586793737	-1.0824717905291854	0.5460659852752189		NONE
go_bp	GOBP_REGULATION_OF_DEFENSE_RESPONSE_TO_VIRUS_BY_HOST	MIXED	-1.093910340956224	0	-1.0779368471121975	0.6166209886466717	0.963391447255187	0.7878260869565218		NONE
go_bp	GOBP_NEGATIVE_REGULATION_OF_MIRNA_METABOLIC_PROCESS	LOW_EVIDENCE	1.365549391019259	0	-1.38762986439732	0.3379326004781813	0.9436793328598662	0.8047854636482232		NONE
go_bp	GOBP_NEGATIVE_REGULATION_OF_AMIDE_METABOLIC_PROCESS	LOW_EVIDENCE	1.3463800060528444	0	-0.8315210966506058	0.8691669052390496	0.8886778302939828	0.8475673036838756		NONE
reactome	REACTOME_DEPOSITION_OF_NEW_CENPA_CONTAINING_NUCLEOSOMES_AT_THE_CENTROMERE	LOW_EVIDENCE	-1.2089752798907558	0	-1.0235026679067845	0.7114915391530262	-1.099752435802586	0.5480316001233463		NONE
go_bp	GOBP_POSITIVE_REGULATION_OF_SMOOTH_MUSCLE_CELL_DIFFERENTIATION	LOW_EVIDENCE	1.4821632144856447	0	1.2584489107674055	0.4822015012901712	-1.196672933668898	0.6305776815404841		NONE
go_bp	GOBP_REGULATION_OF_RECEPTOR_MEDIATED_ENDOCYTOSIS	MIXED	1.1777340736183333	0	-0.8662921670935788	0.8894881500863389	-1.2975615581159634	0.3148004553127037		NONE
go_bp	GOBP_POSITIVE_REGULATION_OF_INTERLEUKIN_4_PRODUCTION	LOW_EVIDENCE	0.8279386487479395	0	-0.951343599818118	0.774274320689975	-0.92896150992225	0.8250381752242795		NONE
go_bp	GOBP_REGULATION_OF_HEMATOPOIETIC_STEM_CELL_DIFFERENTIATION	MIXED	0.6791703608667575	0	-1.1113799637855215	0.6330268460609845	0.8299169804297829	0.877352687408009		NONE
go_bp	GOBP_REGULATION_OF_RESPONSE_TO_OSMOTIC_STRESS	not_tested_in_resistance		0			-0.4609229538690441	0.9967049163069795		NONE
reactome	REACTOME_GLYCOSPHINGOLIPID_BIOSYNTHESIS	MIXED	-0.1239665171514488	0	0.5133972356062023	1.0	0.8460548896391413	0.8017917133258678		NONE
go_bp	GOBP_HEART_VALVE_FORMATION	not_tested_in_resistance		0	-0.8567824619237067	0.8628853795696282	-1.0327399438224794	0.7376371901073597		NONE
go_bp	GOBP_VIRAL_TRANSLATION	MIXED	0.7955625848850308	0	0.8763844775222523	0.8314670933942733	-1.4645654178897622	0.4322046531967123		NONE
go_bp	GOBP_CORTICAL_CYTOSKELETON_ORGANIZATION	MIXED	-0.7863765846487567	0	-1.3946759092575325	0.2959220634177998	-1.31337379267921	0.4884815214194686		NONE
reactome	REACTOME_BIOSYNTHESIS_OF_SPECIALIZED_PRORESOLVING_MEDIATORS_SPMS	LOW_EVIDENCE	1.2607943253182616	0	-0.8098901069441381	0.8990123402476848	0.9016121718790392	0.7375408763897973		NONE
go_bp	GOBP_RNA_STABILIZATION	MIXED	0.7298024293351763	0	-1.2086336175231458	0.4461770507019376	-1.2018288145577585	0.5825097574574853		NONE
go_bp	GOBP_SPINAL_CORD_MOTOR_NEURON_DIFFERENTIATION	MIXED	1.0450681101390324	0	0.860343093969415	0.8443653354099455	1.1629761169587844	0.6311800140262226		NONE
go_bp	GOBP_NEGATIVE_REGULATION_OF_GLIAL_CELL_PROLIFERATION	MIXED	-0.7831385145868419	0	-0.9819660354974508	0.7310346035304006	1.5326866224671678	0.2773703717742202		NONE
go_bp	GOBP_POSITIVE_REGULATION_OF_REPRODUCTIVE_PROCESS	LOW_EVIDENCE	1.2130893533863911	0	-1.2766902612633504	0.3585041278186224	0.8250653234695097	0.9146553496980688	CITED2	NONE
go_bp	GOBP_OLIGODENDROCYTE_DEVELOPMENT	MIXED	1.2628532960051095	0	-1.0130213441861855	0.6783439069812491	1.1009549713631213	0.6762771762813934		NONE
go_bp	GOBP_REGULATION_OF_AMYLOID_FIBRIL_FORMATION	not_tested_in_resistance		0			0.9743586265161732	0.7923424518762693		NONE
go_bp	GOBP_REGULATION_OF_MAMMARY_GLAND_EPITHELIAL_CELL_PROLIFERATION	LOW_EVIDENCE	0.6367634514413203	0			-1.0795645697054312	0.7084604821483064		NONE
go_bp	GOBP_POSITIVE_REGULATION_OF_MITOTIC_NUCLEAR_DIVISION	MIXED	0.8015380750547968	0	-1.4390903077263415	0.2985837922895358	0.8047209365526358	0.8974268388666286		NONE
go_bp	GOBP_REGULATION_OF_MONOOXYGENASE_ACTIVITY	MIXED	-1.2957407704966029	0	-1.4849538173533152	0.2759405975150076	0.5216410816979701	0.9961176034247566		NONE
reactome	REACTOME_RESPIRATORY_SYNCYTIAL_VIRUS_RSV_GENOME_REPLICATION_TRANSCRIPTION_AND_TRANSLATION	MIXED	1.0233387183677691	0	1.1733817110230016	0.5643835247183137	-0.8899603060789467	0.7532473719312732		NONE
go_bp	GOBP_REGULATION_OF_LIPASE_ACTIVITY	MIXED	1.1384685960814165	0	-1.1963714325378882	0.4745557174389084	1.1271302835273909	0.6580381913860248		NONE
go_bp	GOBP_NEUROTRANSMITTER_RECEPTOR_TRANSPORT_TO_PLASMA_MEMBRANE	LOW_EVIDENCE	0.9579311952146998	0	1.0757958567078751	0.6707780979827089	0.8419628516268882	0.877352687408009		NONE
go_bp	GOBP_POSITIVE_REGULATION_OF_T_HELPER_CELL_DIFFERENTIATION	LOW_EVIDENCE	1.1708544726323866	0	-0.8224883674779234	0.8718593712788758	1.3087797022451255	0.5139259175222645		NONE
go_bp	GOBP_PROTEIN_LOCALIZATION_TO_ENDOSOME	LOW_EVIDENCE	0.9962011133084868	0	-1.297082000543343	0.4169138487904554	1.571862672284261	0.2021943280888954		NONE
go_bp	GOBP_SARCOPLASMIC_RETICULUM_CALCIUM_ION_TRANSPORT	LOW_EVIDENCE	0.9208699144781438	0	-1.0154292997360954	0.6904332129963899	-1.05364898939898	0.6966130605006319		NONE
go_bp	GOBP_POSITIVE_T_CELL_SELECTION	MIXED	-1.1688885420080923	0	0.7036610977103207	0.9650742626918064	1.3000203803045256	0.5164346952962076		NONE
go_bp	GOBP_CHEMOSENSORY_BEHAVIOR	not_tested_in_resistance		0			0.6889600301203698	0.9486910994764398		NONE
reactome	REACTOME_SEROTONIN_NEUROTRANSMITTER_RELEASE_CYCLE	LOW_EVIDENCE	-1.0608160290050734	0	1.1209978812847203	0.6251279467111789	-0.97321816368472	0.6937071636185306		NONE
go_bp	GOBP_SKELETAL_MUSCLE_CELL_PROLIFERATION	MIXED	-1.4534525457584238	0	-0.8145888097947864	0.8696548879417022	-0.9352057169362682	0.8153710090307901		NONE
go_bp	GOBP_LEUKOTRIENE_BIOSYNTHETIC_PROCESS	not_tested_in_resistance		0			-1.0405163622512146	0.730942719389691		NONE
go_bp	GOBP_CELLULAR_RESPONSE_TO_LIGHT_STIMULUS	MIXED	0.886440684414184	0	0.8002421443235893	0.9650742626918064	-1.119105847231468	0.6156750226517668		NONE
go_bp	GOBP_MIRNA_CATABOLIC_PROCESS	LOW_EVIDENCE	1.1578866286800908	0	1.0364158931440437	0.7056790247895248				NONE
go_bp	GOBP_NEGATIVE_REGULATION_OF_LIPID_LOCALIZATION	MIXED	0.8385503986296089	0	1.0097652340176453	0.7181351582549187	-1.2302400097729085	0.5488952913957625		NONE
go_bp	GOBP_UNSATURATED_FATTY_ACID_BIOSYNTHETIC_PROCESS	MIXED	-1.283866353837004	0	1.2155884437825353	0.4558939813266019	1.1834477826106051	0.6068763409911561		NONE
reactome	REACTOME_JNK_C_JUN_KINASES_PHOSPHORYLATION_AND_ACTIVATION_MEDIATED_BY_ACTIVATED_HUMAN_TAK1	LOW_EVIDENCE	-0.6445874426133262	0	1.0409150578972697	0.7085448392554992	0.8124365155085893	0.8343542395375362		NONE
reactome	REACTOME_NUCLEOTIDE_SALVAGE	MIXED	-0.8087959264986295	0	0.898290916580372	0.8426541427138763	0.720086254051267	0.9234786661911304		NONE
go_bp	GOBP_RELAXATION_OF_CARDIAC_MUSCLE	not_tested_in_resistance		0	0.7038317983366147	0.941220238095238	0.8655819068976467	0.8450714487021419		NONE
go_bp	GOBP_MONOSACCHARIDE_CATABOLIC_PROCESS	MIXED	-0.6667237492238867	0	0.7882860672690862	0.9328880724048206	-1.0047040316782585	0.7774116125502095		NONE
reactome	REACTOME_COSTIMULATION_BY_THE_CD28_FAMILY	LOW_EVIDENCE	1.1630441282740702	0	-0.9282476535182336	0.8409968786013354	1.1278581922631012	0.5026751709264442		NONE
go_bp	GOBP_NEGATIVE_REGULATION_OF_MONOATOMIC_ION_TRANSMEMBRANE_TRANSPORT	MIXED	0.947422022428386	0	1.3872847955670689	0.3001435034969357	1.368912736574608	0.3322644273460279		NONE
go_bp	GOBP_MALE_SEX_DIFFERENTIATION	MIXED	1.1218170583956273	0	-1.297811940265622	0.2135081891525233	0.9791740731927648	0.7977372142852255	CITED2	NONE
go_bp	GOBP_CARDIAC_NEURAL_CREST_CELL_DIFFERENTIATION_INVOLVED_IN_HEART_DEVELOPMENT	LOW_EVIDENCE	1.3300228443141318	0	-0.8109322809133707	0.8891488656278121	-1.5166801993108752	0.4226622434169604	CITED2	NONE
go_bp	GOBP_REGULATION_OF_FIBROBLAST_PROLIFERATION	LOW_EVIDENCE	1.2329125757290986	0	-1.1322214221196576	0.5107971097541798	-0.9276975790387536	0.8444161021150033		NONE
go_bp	GOBP_NEGATIVE_REGULATION_OF_POTASSIUM_ION_TRANSMEMBRANE_TRANSPORT	LOW_EVIDENCE	0.9657389003079444	0	0.7829463753890822	0.9030241412131176	0.996952420842942	0.7897336561743341		NONE
go_bp	GOBP_NEGATIVE_REGULATION_OF_CELL_MIGRATION_INVOLVED_IN_SPROUTING_ANGIOGENESIS	LOW_EVIDENCE	0.7541833097370653	0						NONE
go_bp	GOBP_SMOOTHENED_SIGNALING_PATHWAY	MIXED	0.8725172329290587	0	-0.8994283634603601	0.8692177742345729	-0.7988385480854088	0.9552818289318092		NONE
go_bp	GOBP_POSITIVE_REGULATION_OF_ACUTE_INFLAMMATORY_RESPONSE	LOW_EVIDENCE	-0.8112694353395059	0	0.772726466387037	0.9096943288827022	0.7875300699696389	0.9008738156617228		NONE
go_bp	GOBP_B_CELL_ACTIVATION	LOW_EVIDENCE	1.0815243901036258	0	-0.9727981773686976	0.7557988262616723	1.1469057332781751	0.5507093459337332		NONE
go_bp	GOBP_REGULATION_OF_MONOATOMIC_ANION_TRANSPORT	not_tested_in_resistance		0			0.761716415881217	0.9068551126287248		NONE
go_bp	GOBP_OOCYTE_DIFFERENTIATION	LOW_EVIDENCE	-1.2001369576209897	0	-1.0087909949385216	0.7277007140300836	1.1212237487680343	0.6633646308898268		NONE
reactome	REACTOME_SIGNALING_BY_PTK6	LOW_EVIDENCE	1.3161480536310508	0	-1.4080985144298113	0.2314755278297441	-0.8420157637317801	0.8647866347041936		NONE
reactome	REACTOME_PLASMA_LIPOPROTEIN_ASSEMBLY	not_tested_in_resistance		0			1.1186484790975602	0.5485460087321856		NONE
go_bp	GOBP_REGULATION_OF_MYOBLAST_DIFFERENTIATION	LOW_EVIDENCE	1.2653280148081956	0	-0.8721790871253914	0.868207600680658	1.509463669734061	0.1875492394172877		NONE
reactome	REACTOME_HEDGEHOG_OFF_STATE	MIXED	-0.8340001427914072	0	-1.2959003967788258	0.2587272165585418	-1.410236657251653	0.0932444106699355		NONE
go_bp	GOBP_REGULATION_OF_UBIQUITIN_PROTEIN_LIGASE_ACTIVITY	MIXED	-0.9007031289673512	0	1.0327195323213465	0.706673448451253	1.6522970001630932	0.158144269571604		NONE
go_bp	GOBP_POSITIVE_REGULATION_OF_SPROUTING_ANGIOGENESIS	LOW_EVIDENCE	-1.0068979228603143	0	-1.1674894076344418	0.571242707117853	1.1199339327254565	0.690626764539808		NONE
reactome	REACTOME_SIGNALING_BY_FGFR1_IN_DISEASE	MIXED	0.7878620299018928	0	-0.9630458833930816	0.7747770160695858	-1.1282194525344025	0.5075178279920955		NONE
go_bp	GOBP_REGULATION_OF_NEURON_APOPTOTIC_PROCESS	LOW_EVIDENCE	1.172864652165324	0	1.0705864887362544	0.5753993055555556	1.297523798703371	0.222496763746256		NONE
go_bp	GOBP_MATERNAL_PLACENTA_DEVELOPMENT	MIXED	1.2300081696165306	0	0.972580700729757	0.7407256420709335	1.034535829684869	0.730942719389691	CITED2	NONE
reactome	REACTOME_GAP_JUNCTION_TRAFFICKING_AND_REGULATION	MIXED	0.9061228798699696	0	-1.346536933132297	0.2748046875	-0.8555169658827453	0.8304225976534668		NONE
go_bp	GOBP_REGULATION_OF_POST_TRANSLATIONAL_PROTEIN_MODIFICATION	LOW_EVIDENCE	1.2083300725802155	0	1.4268224431144307	0.0607890846654955	1.2655286448603529	0.3434390086620074		NONE
go_bp	GOBP_ENDOCARDIAL_CUSHION_FORMATION	LOW_EVIDENCE	1.4504040952838346	0	-1.3108844009493157	0.4126086180974951	-0.7698749968435327	0.9316593397527314		NONE
reactome	REACTOME_SUMOYLATION_OF_INTRACELLULAR_RECEPTORS	MIXED	-0.914513406080764	0	-1.305393941121399	0.358315282468013	1.1472732858369743	0.4988719309887193		NONE
go_bp	GOBP_POSITIVE_REGULATION_OF_CELL_JUNCTION_ASSEMBLY	MIXED	1.0365183091187309	0	-1.5510792582436337	0.0818017097386873	1.3549845446614148	0.3686054794520548		NONE
go_bp	GOBP_PROTEIN_KINASE_C_ACTIVATING_G_PROTEIN_COUPLED_RECEPTOR_SIGNALING_PATHWAY	LOW_EVIDENCE	1.1416650622960751	0	-1.5346858121233804	0.1737233559225479	0.991332167092766	0.7774116125502095		NONE
go_bp	GOBP_REGULATION_OF_BONE_RESORPTION	MIXED	1.248000594008407	0	0.8544489171187742	0.8717242936621337	1.4731412429283413	0.3473038589317659		NONE
go_bp	GOBP_POSITIVE_REGULATION_OF_MYELOID_LEUKOCYTE_CYTOKINE_PRODUCTION_INVOLVED_IN_IMMUNE_RESPONSE	MIXED	1.0104401849805011	0	-0.9400645453524694	0.7837024128148615	-1.3452555201580023	0.4675622300578079		NONE
go_bp	GOBP_CALCIUM_ION_IMPORT_ACROSS_PLASMA_MEMBRANE	MIXED	-1.0787530257943148	0	-0.752775361933973	0.9223437235184452	1.2637462118606793	0.5575806425799806		NONE
reactome	REACTOME_DISORDERS_OF_TRANSMEMBRANE_TRANSPORTERS	MIXED	-1.0299460861831324	0	1.237312119981289	0.2933149280220864	-1.270440177588278	0.1675123857034667		NONE
reactome	REACTOME_ERBB2_REGULATES_CELL_MOTILITY	not_tested_in_resistance		0			-1.0980741673873808	0.5765805595907283		NONE
reactome	REACTOME_C_TYPE_LECTIN_RECEPTORS_CLRS	MIXED	0.8398433942389577	0	-0.9637850193020676	0.8167154457892021	-1.378296980598769	0.0932444106699355		NONE
go_bp	GOBP_PSEUDOPODIUM_ORGANIZATION	not_tested_in_resistance		0	1.0052584780474274	0.7277007140300836	1.06752198450007	0.7126095966339976		NONE
go_bp	GOBP_REGULATION_OF_PLATELET_AGGREGATION	LOW_EVIDENCE	1.1704210732317937	0	0.8970306043694206	0.8257215269538742	-0.9333909600617774	0.8164606763476799		NONE
go_bp	GOBP_MITOTIC_CHROMOSOME_CONDENSATION	LOW_EVIDENCE	-0.8200086953571418	0	0.8796145220795976	0.8314670933942733	-0.6473776810062968	0.9668647966823052		NONE
go_bp	GOBP_REGULATION_OF_DNA_BIOSYNTHETIC_PROCESS	LOW_EVIDENCE	-1.0621930745605976	0	-1.0081388691764317	0.7139042787530872	-1.3255613673804638	0.2157767031926876		NONE
go_bp	GOBP_CGMP_MEDIATED_SIGNALING	LOW_EVIDENCE	1.2203888137183911	0	-1.405022201671872	0.3354357798165137	1.1654739619933572	0.6299249096134235		NONE
go_bp	GOBP_INTERMEDIATE_FILAMENT_BASED_PROCESS	LOW_EVIDENCE	-1.226778961498556	0	-1.4142890019808525	0.1904500798964329	-0.9308544709824554	0.8444161021150033		NONE
reactome	REACTOME_INTERACTIONS_OF_REV_WITH_HOST_CELLULAR_PROTEINS	MIXED	0.455373662258228	0	-1.501627400737549	0.1544690846734601	-1.582376470856269	0.0932444106699355		NONE
go_bp	GOBP_REGULATION_OF_CYTOPLASMIC_PATTERN_RECOGNITION_RECEPTOR_SIGNALING_PATHWAY	MIXED	-0.6868132136705118	0	-1.1206548854903662	0.5468517083060044	-1.116639733779072	0.6044375300264233		NONE
go_bp	GOBP_REGULATION_OF_APPETITE	not_tested_in_resistance		0	1.7969301377543043	0.0524966079631969	-1.1549629325576096	0.6380242534336529		NONE
reactome	REACTOME_NFE2L2_REGULATING_ANTI_OXIDANT_DETOXIFICATION_ENZYMES	MIXED	1.2860690202295688	0	1.6642191801199626	0.1049912522985342	-1.5796609371488046	0.1689387734019632		NONE
go_bp	GOBP_REGULATION_OF_AMIDE_METABOLIC_PROCESS	LOW_EVIDENCE	1.421825627220055	0	0.8840187360816254	0.8731703428322548	-0.8443144535332822	0.8859474108131692		NONE
go_bp	GOBP_HETEROCHROMATIN_FORMATION	MIXED	0.777989595621772	0	-0.882256945758703	0.8698487219613981	-1.585789999121874	0.089685005733645		NONE
go_bp	GOBP_DEVELOPMENT_OF_PRIMARY_FEMALE_SEXUAL_CHARACTERISTICS	MIXED	0.9877944607718304	0	1.1147281980274637	0.5552539298669891	-0.8488433578225436	0.9240659715472946		NONE
go_bp	GOBP_LEUKOCYTE_TETHERING_OR_ROLLING	LOW_EVIDENCE	-0.7901032767867651	0	-0.5428176218000227	0.9972133757961784	0.7434975552428572	0.9360858099562164		NONE
go_bp	GOBP_REGULATION_OF_GLIAL_CELL_MIGRATION	LOW_EVIDENCE	1.286062925226383	0			1.72182288554917	0.1138243682890706		NONE
go_bp	GOBP_CHRONIC_INFLAMMATORY_RESPONSE	not_tested_in_resistance		0	-1.4464478804515413	0.3379326004781813	-1.1360258666523582	0.6759823879442163		NONE
go_bp	GOBP_RHO_PROTEIN_SIGNAL_TRANSDUCTION	LOW_EVIDENCE	1.1693138788093749	0	-0.9478742198839726	0.7893716993195015	1.0130184108391975	0.7618332332369085		NONE
go_bp	GOBP_FIBROBLAST_MIGRATION	LOW_EVIDENCE	0.939708672008544	0	-1.3462044360358378	0.3178894010540071	1.1371927954863532	0.6525011446886447		NONE
reactome	REACTOME_REGULATION_OF_TP53_ACTIVITY_THROUGH_ACETYLATION	MIXED	-0.811115972700577	0	0.883725255823951	0.8530872736418512	-1.3085902388734982	0.3453149606299212		NONE
reactome	REACTOME_ZINC_TRANSPORTERS	not_tested_in_resistance		0			0.9384775199403652	0.7170100074523582		NONE
go_bp	GOBP_POSITIVE_REGULATION_OF_CALCIUM_ION_IMPORT	MIXED	-0.3248877124749491	0	-0.950033726406357	0.7758839085313006	1.085530137123576	0.6952239617658852		NONE
go_bp	GOBP_REGULATION_OF_ENDOCYTOSIS	MIXED	1.2682213954278316	0	-1.0449678001029028	0.6330268460609845	-1.0789365550456804	0.6249872253449157		NONE
go_bp	GOBP_ESTABLISHMENT_OR_MAINTENANCE_OF_MONOPOLAR_CELL_POLARITY	LOW_EVIDENCE	1.2054048174010257	0	-0.8345007833752414	0.8691669052390496	-0.8133862231532475	0.8924753202366997		NONE
go_bp	GOBP_FILOPODIUM_ASSEMBLY	LOW_EVIDENCE	1.3173378134923173	0	-1.0130574703633302	0.6940183232129541	1.4000466396172977	0.3925119674805445		NONE
go_bp	GOBP_CARBOHYDRATE_BIOSYNTHETIC_PROCESS	LOW_EVIDENCE	0.9325232464588594	0	1.2345203182081863	0.3016229104707209	-1.1746453595378723	0.4682636357900969		NONE
go_bp	GOBP_SEMINIFEROUS_TUBULE_DEVELOPMENT	LOW_EVIDENCE	0.8175007325148769	0	1.0903271153191427	0.6567164179104478	1.0922240162375223	0.6966130605006319		NONE
go_bp	GOBP_MYELOID_LEUKOCYTE_CYTOKINE_PRODUCTION	MIXED	0.9011586169171872	0	-1.0535544388427684	0.654965310137724	-1.1222298295686652	0.6762771762813934		NONE
reactome	REACTOME_LDL_CLEARANCE	LOW_EVIDENCE	1.2256814828813931	0	1.6556632407977565	0.1380148223066092	-0.971633592114307	0.7036569819349623		NONE
go_bp	GOBP_REGULATION_OF_DENDRITE_MORPHOGENESIS	MIXED	-0.945646135478151	0	0.8343417975326818	0.8997569359744714	1.1194744090138915	0.6633646308898268		NONE
go_bp	GOBP_PROTEIN_LOCALIZATION_TO_MICROTUBULE_ORGANIZING_CENTER	MIXED	-0.381375533459039	0	-0.6669775026458783	0.993707810689638	-1.030633373956959	0.7306710268959474		NONE
reactome	REACTOME_COOPERATION_OF_PDCL_PHLP1_AND_TRIC_CCT_IN_G_PROTEIN_BETA_FOLDING	LOW_EVIDENCE	-1.3453751007219663	0	-1.1368874854648527	0.5674936641323196	1.2302304905861856	0.4101896657211191		NONE
go_bp	GOBP_NEGATIVE_REGULATION_OF_LYMPHOCYTE_MEDIATED_IMMUNITY	LOW_EVIDENCE	1.02303675832818	0	-0.8137480028787009	0.9132559981756424	1.0493023011167115	0.7102822477922941		NONE
go_bp	GOBP_ANGIOGENESIS_INVOLVED_IN_WOUND_HEALING	MIXED	-0.883637217628005	0	-1.0993161925550516	0.6270322785312079	1.0162883397536475	0.7553935361915741		NONE
go_bp	GOBP_NUCLEOBASE_CONTAINING_SMALL_MOLECULE_BIOSYNTHETIC_PROCESS	MIXED	-0.8000148492406548	0	-1.0383613257406257	0.696636427376005	0.7340361045507089	0.9230061113393592		NONE
go_bp	GOBP_REGULATION_OF_FATTY_ACID_OXIDATION	MIXED	-0.9857029244153136	0	-1.2880985019379223	0.4235319183474696	0.8056822627063561	0.8902810905031208		NONE
go_bp	GOBP_REGULATION_OF_MYELOID_LEUKOCYTE_DIFFERENTIATION	LOW_EVIDENCE	1.2610751268936646	0	-0.940024475719658	0.8025598936566601	1.1812954383060634	0.5453819806841401		NONE
go_bp	GOBP_CELL_SURFACE_PATTERN_RECOGNITION_RECEPTOR_SIGNALING_PATHWAY	MIXED	0.9803137535374024	0	-1.2669672791558384	0.3704282868525896	0.8724653234852356	0.877352687408009		NONE
go_bp	GOBP_REGULATION_OF_DENDRITIC_SPINE_MORPHOGENESIS	LOW_EVIDENCE	1.373420585896182	0	1.0526961314258672	0.6815036900369004	-0.8977532845350227	0.8450714487021419		NONE
go_bp	GOBP_REGULATION_OF_T_HELPER_17_CELL_DIFFERENTIATION	MIXED	0.5930016652609285	0	-0.7880608560644604	0.8871090377367264	1.176043724215415	0.6322897444522337		NONE
go_bp	GOBP_MYOBLAST_PROLIFERATION	LOW_EVIDENCE	1.1235015389323897	0	1.069930060736611	0.6754139331458918	1.0501261464898692	0.7215929203539823		NONE
go_bp	GOBP_NEUROPEPTIDE_SIGNALING_PATHWAY	MIXED	-0.971162659984827	0	0.7501775034074106	0.9579530423280423	-0.8414127021050076	0.9331436768297168		NONE
go_bp	GOBP_RIBONUCLEOSIDE_MONOPHOSPHATE_CATABOLIC_PROCESS	not_tested_in_resistance		0			0.928497246708772	0.8232487700534761		NONE
go_bp	GOBP_LAMELLIPODIUM_ASSEMBLY	LOW_EVIDENCE	0.9157373213513824	0	-1.3249945388636342	0.3163906180524677	-1.0341973468548558	0.7342638451148132		NONE
go_bp	GOBP_MEGAKARYOCYTE_DIFFERENTIATION	LOW_EVIDENCE	1.2543528417120489	0	-0.7906451952717232	0.932242345456404	-1.5655584237823357	0.1622352531055767		NONE
reactome	REACTOME_SUMOYLATION_OF_CHROMATIN_ORGANIZATION_PROTEINS	MIXED	1.1927676248195829	0	-1.34342488556059	0.2491735537190082	-1.425668364930085	0.1382313849516399		NONE
go_bp	GOBP_CELL_AGGREGATION	not_tested_in_resistance		0			-1.2083087600681788	0.6008843036109064		NONE
go_bp	GOBP_NEGATIVE_REGULATION_OF_TOR_SIGNALING	LOW_EVIDENCE	1.1096146219068193	0	1.3886828349115812	0.2268328269039795	1.0066301757015532	0.7380678550891316		NONE
reactome	REACTOME_STIMULI_SENSING_CHANNELS	MIXED	0.900379826714203	0	-1.0388239391769634	0.6681307786308823	1.0382678808880856	0.6093145598019496		NONE
reactome	REACTOME_MISMATCH_REPAIR	MIXED	-0.6687117143214333	0	-1.4839559530138076	0.2570575975748389	-1.507992300021551	0.2935973327381889		NONE
go_bp	GOBP_POSITIVE_REGULATION_OF_AMYLOID_BETA_FORMATION	LOW_EVIDENCE	1.1582753228850478	0	-1.110199860714452	0.6366064538891192	-1.300099857144571	0.5302646981082203		NONE
go_bp	GOBP_POSITIVE_REGULATION_OF_CELL_CYCLE	MIXED	0.814345912361696	0	-1.036856939935187	0.6409336850116243	-1.2220842917903925	0.2970873680794286	CITED2	NONE
go_bp	GOBP_POSITIVE_REGULATION_OF_MRNA_METABOLIC_PROCESS	MIXED	0.6496136106680502	0	-0.9583394263604852	0.7762381955755685	-1.5022541423388875	0.0975410231998841		NONE
reactome	REACTOME_NRIF_SIGNALS_CELL_DEATH_FROM_THE_NUCLEUS	LOW_EVIDENCE	1.001836911662458	0	1.537519564487545	0.201764698092654	0.9806818037834654	0.6818900580760163		NONE
go_bp	GOBP_HYDROGEN_PEROXIDE_BIOSYNTHETIC_PROCESS	not_tested_in_resistance		0			1.186607332837951	0.6363314012956017		NONE
go_bp	GOBP_REGULATION_OF_POLYSACCHARIDE_METABOLIC_PROCESS	MIXED	0.9133592486309418	0	-0.8866568708532173	0.8494149432822774	-1.0771313907870252	0.6965279988817532		NONE
go_bp	GOBP_PURINE_NUCLEOSIDE_METABOLIC_PROCESS	MIXED	-0.8964100783667455	0	0.6536752255731558	0.9768158695439172	0.9756337630869192	0.7878260869565218		NONE
go_bp	GOBP_VIRAL_TRANSCRIPTION	LOW_EVIDENCE	1.1682924076690302	0	-0.9772695454709016	0.7501874862990782	0.6384488771459108	0.986034009847212		NONE
go_bp	GOBP_REGULATION_OF_MONOCYTE_CHEMOTAXIS	LOW_EVIDENCE	1.0570958392737675	0	1.3819940174215328	0.3500862424055195	-1.280988220792232	0.5183266398625134		NONE
go_bp	GOBP_SCHWANN_CELL_DIFFERENTIATION	LOW_EVIDENCE	1.1792447809555364	0	0.7806720183432646	0.9328880724048206	1.4329597802633096	0.3793699882317524		NONE
go_bp	GOBP_MATURATION_OF_LSU_RRNA_FROM_TRICISTRONIC_RRNA_TRANSCRIPT_SSU_RRNA_5_8S_RRNA_LSU_RRNA	MIXED	1.0273104890290905	0	-1.741505613457718	0.0626959424088785	-1.642561119100813	0.228077448639548		NONE
go_bp	GOBP_NEGATIVE_REGULATION_OF_CYTOKINE_PRODUCTION_INVOLVED_IN_INFLAMMATORY_RESPONSE	LOW_EVIDENCE	1.0793796187915534	0	-0.736283127288915	0.9302917694525884	-0.8989081118857282	0.836159338762673		NONE
go_bp	GOBP_REGULATION_OF_RENAL_SYSTEM_PROCESS	LOW_EVIDENCE	0.8867840072232698	0	0.9511472697236488	0.7724040931204651	1.007921277239175	0.7774116125502095		NONE
go_bp	GOBP_SYNAPTIC_VESICLE_RECYCLING	LOW_EVIDENCE	1.2116075477454	0	-0.8424787454433093	0.9097389857136196	0.8938256614099708	0.8587288205843665		NONE
go_bp	GOBP_NEGATIVE_REGULATION_OF_ION_TRANSMEMBRANE_TRANSPORTER_ACTIVITY	MIXED	-1.0169074432155354	0	1.3363807908673666	0.3379326004781813	1.2428772662126597	0.5535284743726532		NONE
reactome	REACTOME_POLYMERASE_SWITCHING_ON_THE_C_STRAND_OF_THE_TELOMERE	MIXED	-0.887301413076216	0	0.9248422004939052	0.8167154457892021	-0.9571948812363092	0.7073994055037746		NONE
go_bp	GOBP_MYOBLAST_FUSION	LOW_EVIDENCE	1.4212421942185034	0	-1.0823381089651256	0.6056528701854024	-0.7731385910134393	0.9331436768297168		NONE
go_bp	GOBP_PROTEIN_LOCALIZATION_TO_SYNAPSE	LOW_EVIDENCE	1.2036529805330891	0	-0.7968929810505901	0.932242345456404	1.410883944856911	0.252058922866941		NONE
go_bp	GOBP_POSITIVE_REGULATION_OF_SMOOTH_MUSCLE_CONTRACTION	MIXED	1.00426336618348	0	-1.40571163772158	0.3228020083312643	-0.7035721988184928	0.9613819599006288		NONE
go_bp	GOBP_ACTIN_FILAMENT_BASED_MOVEMENT	MIXED	1.0839440937453049	0	-1.3990535708251457	0.1543290518682228	1.0019185906911994	0.7635999180829331		NONE
go_bp	GOBP_PHENOL_CONTAINING_COMPOUND_METABOLIC_PROCESS	LOW_EVIDENCE	1.1621005536238929	0	-1.0438128405734737	0.670161817653422	0.9354231126401188	0.8408526978497574		NONE
go_bp	GOBP_STEROID_CATABOLIC_PROCESS	LOW_EVIDENCE	1.1390760622141485	0	-1.2904008967545777	0.4313604636270491	-0.6992101952521771	0.9534595146469804		NONE
reactome	REACTOME_RSV_HOST_INTERACTIONS	MIXED	-0.7752333512652708	0	-0.8451096871675556	0.9376515184907656	-1.410105303993473	0.1009947932734572		NONE
go_bp	GOBP_SENSORY_PERCEPTION_OF_PAIN	MIXED	-1.3412899292615683	0	1.1264366527595948	0.5652984746388924	1.2479957948410234	0.5453819806841401		NONE
go_bp	GOBP_POSITIVE_REGULATION_OF_DENDRITIC_SPINE_DEVELOPMENT	MIXED	-0.8144580662681554	0	-0.8787663209822725	0.8518518518518519	0.963995288034677	0.7840262777579214		NONE
go_bp	GOBP_POSITIVE_REGULATION_OF_AXONOGENESIS	LOW_EVIDENCE	1.1015362039236574	0	-1.2127569247152312	0.4235319183474696	1.4287676800969795	0.3345462626985235		NONE
go_bp	GOBP_REGULATION_OF_POSITIVE_CHEMOTAXIS	LOW_EVIDENCE	1.066953159661808	0	-0.7308400476667138	0.9328880724048206	-0.5474762693323796	0.9931650332452194		NONE
go_bp	GOBP_NEGATIVE_REGULATION_OF_PROTEIN_CATABOLIC_PROCESS	LOW_EVIDENCE	1.2957079885872822	0	1.2877782715932988	0.2952847805788982	-1.4531719202709834	0.1418003701233014		NONE
go_bp	GOBP_NEGATIVE_REGULATION_OF_PEPTIDYL_THREONINE_PHOSPHORYLATION	LOW_EVIDENCE	1.505814700551756	0	1.251082587388755	0.4918676991296866	1.4617758306756423	0.4042088333357813		NONE
go_bp	GOBP_CELLULAR_HYPEROSMOTIC_RESPONSE	MIXED	0.1255142684885255	0	-1.2115177755984596	0.5208470902635892	-1.1417180441752586	0.6468109292041533		NONE
go_bp	GOBP_AMINO_ACID_BIOSYNTHETIC_PROCESS	MIXED	0.8617792243352899	0	1.3624992934359994	0.2889151327369961	1.2484563287538797	0.5453819806841401		NONE
go_bp	GOBP_AMINE_CATABOLIC_PROCESS	LOW_EVIDENCE	1.1404730629118434	0	-0.6433628661005643	0.9768158695439172	-0.9561425179830256	0.7900167237488688		NONE
go_bp	GOBP_NEGATIVE_REGULATION_OF_GENE_EXPRESSION_EPIGENETIC	MIXED	0.7572631053220803	0	-0.9796705594810045	0.7435682386758707	-1.4373492534081516	0.1418003701233014		NONE
reactome	REACTOME_TOLL_LIKE_RECEPTOR_CASCADES	LOW_EVIDENCE	1.1211372190441118	0	1.0528408454621891	0.6406170321264661	0.919639875325184	0.7828710272417707		NONE
go_bp	GOBP_POSITIVE_REGULATION_OF_AMYLOID_PRECURSOR_PROTEIN_CATABOLIC_PROCESS	LOW_EVIDENCE	1.165603778488213	0	-1.0207771811005393	0.6940183232129541	-1.399750974416832	0.4538876024225152		NONE
go_bp	GOBP_ESTABLISHMENT_OF_PROTEIN_LOCALIZATION_TO_CHROMOSOME	MIXED	-0.6244129723382889	0	-1.4609755538711005	0.2894485604500517	-1.0158035541904216	0.7460701846418485		NONE
go_bp	GOBP_MEMBRANE_REPOLARIZATION	MIXED	1.1468214909254872	0	-1.5350012825352533	0.1402074978077774	1.0282753263765632	0.7376371901073597		NONE
go_bp	GOBP_POSITIVE_REGULATION_OF_CYTOPLASMIC_TRANSLATION	not_tested_in_resistance		0	-1.363378235644839	0.4088558500323206	-1.5958660347974367	0.2769059990456646		NONE
go_bp	GOBP_REGULATION_OF_ANTIGEN_PROCESSING_AND_PRESENTATION	not_tested_in_resistance		0	-0.9060996701641356	0.8071623154529673	0.7347287736216902	0.9317667961887688		NONE
reactome	REACTOME_IRS_MEDIATED_SIGNALLING	MIXED	-1.3557970632506668	0	0.8985949760999505	0.8519538677976408	-1.0955762388367356	0.5167132767692089		NONE
go_bp	GOBP_NUCLEOSIDE_DIPHOSPHATE_CATABOLIC_PROCESS	MIXED	0.8480553909305724	0	1.3629601814348105	0.2328637926181243	-1.1011789294199623	0.654737170590699		NONE
go_bp	GOBP_NEGATIVE_REGULATION_OF_EPITHELIAL_TO_MESENCHYMAL_TRANSITION	LOW_EVIDENCE	1.419282807328244	0	-1.0330312131418706	0.6737040971636314	1.5697118493273603	0.2021943280888954		NONE
go_bp	GOBP_NEGATIVE_REGULATION_OF_ANTIGEN_RECEPTOR_MEDIATED_SIGNALING_PATHWAY	MIXED	0.915848464702846	0	-0.9816686358457466	0.7325968389877723	1.366969236122973	0.4719478314554715		NONE
go_bp	GOBP_RIBOSOMAL_SUBUNIT_EXPORT_FROM_NUCLEUS	LOW_EVIDENCE	-0.6357371223226028	0	-1.1648948545191689	0.5567623590879405	-1.0110415249246612	0.7705990482840614		NONE
go_bp	GOBP_CARDIAC_ATRIUM_MORPHOGENESIS	MIXED	1.5122257381419195	0	-1.200199049957725	0.523403070569477	0.8483759939463763	0.8749111558700398		NONE
go_bp	GOBP_DETECTION_OF_STIMULUS	MIXED	1.049684945448207	0	-0.7870705870642536	0.993707810689638				NONE
reactome	REACTOME_SIGNALING_BY_NOTCH1_HD_DOMAIN_MUTANTS_IN_CANCER	MIXED	0.988411168891838	0	1.5159686126440728	0.2417027417027417	1.0871626245809654	0.5837087339474215		NONE
go_bp	GOBP_POSITIVE_REGULATION_OF_CYTOKINE_PRODUCTION_INVOLVED_IN_INFLAMMATORY_RESPONSE	LOW_EVIDENCE	1.314830388826632	0	-0.9219807877485362	0.7837024128148615	0.8207655842728948	0.8882866896831061		NONE
go_bp	GOBP_NEGATIVE_REGULATION_OF_EPITHELIAL_CELL_MIGRATION	LOW_EVIDENCE	1.1782025342653462	0	-0.8946337002676011	0.8540169175171756	1.493444244150279	0.2004115510682077		NONE
go_bp	GOBP_ALPHA_AMINO_ACID_METABOLIC_PROCESS	LOW_EVIDENCE	-1.0057320010826716	0	1.3293248855563486	0.1733619319769374	-0.9748816638968256	0.8164606763476799		NONE
reactome	REACTOME_FATTY_ACIDS	not_tested_in_resistance		0			-1.0191728949879069	0.6437419526706034		NONE
go_bp	GOBP_ANTIBACTERIAL_HUMORAL_RESPONSE	LOW_EVIDENCE	1.324859825711784	0	1.187756401490378	0.5053531479705976	1.1830147849624992	0.5825097574574853		NONE
reactome	REACTOME_NOTCH3_INTRACELLULAR_DOMAIN_REGULATES_TRANSCRIPTION	MIXED	0.9173488023351648	0	-0.8101648346009366	0.9265026132404182	1.151693260373885	0.5167132767692089		NONE
go_bp	GOBP_SECRETORY_GRANULE_ORGANIZATION	MIXED	1.1021907001200064	0	1.2153263873776428	0.4418420457116994	1.114964480237609	0.6633646308898268		NONE
go_bp	GOBP_CELL_JUNCTION_MAINTENANCE	MIXED	0.7068150769159451	0	-1.0015507628659055	0.696636427376005	0.9624562123285582	0.7901783723049278		NONE
go_bp	GOBP_PIGMENT_CELL_DIFFERENTIATION	MIXED	0.8726768308403142	0	0.8908510679950035	0.8394927183283816	1.1597914972190746	0.6320964739407902		NONE
go_bp	GOBP_CD4_POSITIVE_ALPHA_BETA_T_CELL_PROLIFERATION	not_tested_in_resistance		0	1.4044531712267496	0.3017255301439805	-1.339212523735321	0.4906828162810647		NONE
go_bp	GOBP_PROTEIN_LOCALIZATION_TO_CYTOSKELETON	MIXED	0.6929996094223375	0	0.7264517628890146	0.9823756856397804	1.1268384142210657	0.6580381913860248		NONE
reactome	REACTOME_TRANSCRIPTIONAL_AND_POST_TRANSLATIONAL_REGULATION_OF_MITF_M_EXPRESSION_AND_ACTIVITY	LOW_EVIDENCE	1.3684076152925075	0	-1.24565038516936	0.4036507508317597	-1.0368021811974688	0.6074660633484164		NONE
go_bp	GOBP_KERATINOCYTE_PROLIFERATION	LOW_EVIDENCE	0.9683295651176712	0	-0.8527261535906636	0.8820983638430248	0.8638780672594334	0.8798672957124076		NONE
go_bp	GOBP_POSITIVE_REGULATION_OF_VASCULAR_ENDOTHELIAL_GROWTH_FACTOR_PRODUCTION	MIXED	0.833350051018293	0	0.8208293896614386	0.894413784787478	-0.8384077684470179	0.8902810905031208		NONE
go_bp	GOBP_REGULATION_OF_INFLAMMASOME_MEDIATED_SIGNALING_PATHWAY	MIXED	0.7597570893279325	0	-1.4204931391293407	0.3163906180524677	0.8364071692791243	0.8798672957124076		NONE
go_bp	GOBP_REGULATION_OF_ACTION_POTENTIAL	LOW_EVIDENCE	1.2693552601297498	0	-1.0878497201183863	0.6114941225888613	1.2252461128996357	0.5671303493985762		NONE
go_bp	GOBP_DNA_UNWINDING_INVOLVED_IN_DNA_REPLICATION	LOW_EVIDENCE	-1.2375105788294332	0	-1.4953881522356909	0.1993063900966795	-1.651134684893044	0.2082391013495563		NONE
go_bp	GOBP_REGULATION_OF_BINDING	LOW_EVIDENCE	1.0652737200117912	0	-0.8468122313709439	0.9556601580660158	-1.1471037703150575	0.4884815214194686		NONE
go_bp	GOBP_NEURON_REMODELING	not_tested_in_resistance		0			0.788010436683702	0.8951721310896098		NONE
go_bp	GOBP_RESPONSE_TO_AMINO_ACID_STARVATION	LOW_EVIDENCE	1.058039396503519	0	1.6233374027603522	0.0746930000252679	-0.8665411833641176	0.8794163362410784		NONE
go_bp	GOBP_NUCLEOSIDE_MONOPHOSPHATE_METABOLIC_PROCESS	MIXED	-0.921378189038454	0	-1.1269288232219767	0.5289909066025973	0.9158180717805082	0.8370970145546669		NONE
go_bp	GOBP_MONOSACCHARIDE_BIOSYNTHETIC_PROCESS	MIXED	-0.8886040585494906	0	1.514038216441724	0.1322793804825472	-1.344114963271112	0.3345462626985235		NONE
go_bp	GOBP_POSITIVE_REGULATION_OF_PROTEIN_TARGETING_TO_MEMBRANE	LOW_EVIDENCE	1.3050812882032048	0	-1.2465857559501652	0.4566717440974867	1.426531612745214	0.4108338020247468		NONE
go_bp	GOBP_VASCULAR_ENDOTHELIAL_GROWTH_FACTOR_SIGNALING_PATHWAY	LOW_EVIDENCE	1.3555957075903988	0	1.0028505409050217	0.7283172201204988	0.8177278738273837	0.8902810905031208		NONE
go_bp	GOBP_REGULATION_OF_CYSTEINE_TYPE_ENDOPEPTIDASE_ACTIVITY_INVOLVED_IN_APOPTOTIC_PROCESS	LOW_EVIDENCE	1.0966334644094444	0	-0.9927437179782962	0.7289911435234487	0.924803884701069	0.8484379701133287		NONE
go_bp	GOBP_CELLULAR_COMPONENT_MAINTENANCE	LOW_EVIDENCE	1.100339745968537	0	-1.254761867748066	0.4102473793964417	1.0190086991393077	0.7318260701171598		NONE
go_bp	GOBP_DETECTION_OF_MECHANICAL_STIMULUS	MIXED	1.1616144703891615	0	1.2312709376311477	0.4360822817234538	-1.0917928840030653	0.6966130605006319		NONE
go_bp	GOBP_NEGATIVE_REGULATION_OF_PRODUCTION_OF_MOLECULAR_MEDIATOR_OF_IMMUNE_RESPONSE	LOW_EVIDENCE	-1.348941517229353	0	-1.429982105532845	0.3230978800692454	0.953982250773543	0.8027904556290832		NONE
go_bp	GOBP_MRNA_METHYLGUANOSINE_CAP_DECAPPING	MIXED	-0.3079262931208255	0	-0.9665910176363496	0.7499642857142857	-1.1518131567541257	0.6683216594752738		NONE
reactome	REACTOME_PROLACTIN_RECEPTOR_SIGNALING	not_tested_in_resistance		0			-1.1262080866398672	0.5266128720898807		NONE
go_bp	GOBP_DOPAMINE_RECEPTOR_SIGNALING_PATHWAY	MIXED	1.0922936889018058	0	0.8240719921493658	0.8926733466834103	1.017148799085069	0.7460701846418485		NONE
reactome	REACTOME_SIGNALING_BY_INTERLEUKINS	LOW_EVIDENCE	0.9552974371820562	0	0.9772742838283364	0.8101781433664716	-1.0932666785778826	0.3893561484918793		NONE
go_bp	GOBP_REGULATION_OF_B_CELL_APOPTOTIC_PROCESS	MIXED	0.8558904838068668	0	-1.0962546923715146	0.6428895075435961	-1.1784680184270249	0.6130749432535876		NONE
go_bp	GOBP_TRNA_DECAY	MIXED	0.8766519989541024	0	-1.3217100285569916	0.4381005804594898	-0.6649735873782749	0.9536047544990002		NONE
go_bp	GOBP_REGULATION_OF_COMPLEMENT_ACTIVATION	not_tested_in_resistance		0			1.6438998217791474	0.1816116355396341		NONE
reactome	REACTOME_FRS_MEDIATED_FGFR1_SIGNALING	not_tested_in_resistance		0			-1.0663513644658775	0.5837087339474215		NONE
go_bp	GOBP_TETRAHYDROFOLATE_METABOLIC_PROCESS	MIXED	-0.9653983510532756	0	1.149217308219107	0.6169053053424984	-1.2275920009229004	0.5825097574574853		NONE
reactome	REACTOME_DIGESTION	not_tested_in_resistance		0			-0.8201989044418767	0.8656579142560452		NONE
go_bp	GOBP_NEGATIVE_REGULATION_OF_PROTEOLYSIS_INVOLVED_IN_PROTEIN_CATABOLIC_PROCESS	MIXED	0.7439508614066601	0	0.9435197538914728	0.7837325998312711	-1.4064407510561214	0.3679592487909559		NONE
go_bp	GOBP_MITOCHONDRIAL_TRANSPORT	MIXED	-0.6931085591064693	0	1.434899689408382	0.0708508294089763	-1.0574381670713675	0.682570309356544		NONE
go_bp	GOBP_MITOCHONDRIAL_OUTER_MEMBRANE_PERMEABILIZATION	LOW_EVIDENCE	1.189395843745718	0	0.8346616644425465	0.8840897924672741	-1.275278136129426	0.5171661264768926		NONE
reactome	REACTOME_NA_CL_DEPENDENT_NEUROTRANSMITTER_TRANSPORTERS	not_tested_in_resistance		0			1.1563512316033069	0.5141831238779174		NONE
go_bp	GOBP_COMPLEMENT_ACTIVATION_ALTERNATIVE_PATHWAY	not_tested_in_resistance		0			1.5784922826717482	0.2332882630524438		NONE
go_bp	GOBP_DOPAMINE_TRANSPORT	MIXED	0.0586240880053571	0	-0.8610505300051923	0.850489368882889	0.9982043994623374	0.7603353445975607		NONE
reactome	REACTOME_RESOLUTION_OF_D_LOOP_STRUCTURES_THROUGH_SYNTHESIS_DEPENDENT_STRAND_ANNEALING_SDSA	LOW_EVIDENCE	-1.380012997475859	0	-1.6727957613435744	0.0676494776722101	1.0792255232045962	0.6015633794695932		NONE
go_bp	GOBP_REGULATION_OF_RYANODINE_SENSITIVE_CALCIUM_RELEASE_CHANNEL_ACTIVITY	LOW_EVIDENCE	1.1122604835152314	0	-0.7637970793249511	0.9097389857136196	-1.3271944182663709	0.5019048221112415		NONE
go_bp	GOBP_REGULATION_OF_PROTEASOMAL_UBIQUITIN_DEPENDENT_PROTEIN_CATABOLIC_PROCESS	LOW_EVIDENCE	0.7951621215731636	0	1.090779186842035	0.5540343255946446	-1.4039720419613175	0.1864970119601747		NONE
go_bp	GOBP_TISSUE_REGENERATION	LOW_EVIDENCE	1.3359645614139075	0	-0.6877516212364913	0.9768158695439172	1.20085499582414	0.5784691746467164		NONE
go_bp	GOBP_PEPTIDYL_LYSINE_MODIFICATION	LOW_EVIDENCE	1.04510739706123	0	0.7735343103975473	0.9883821265427974	-0.9948737066083496	0.7799735991276233		NONE
go_bp	GOBP_TUMOR_NECROSIS_FACTOR_SUPERFAMILY_CYTOKINE_PRODUCTION	MIXED	-0.9345600894526532	0	-1.171420587543495	0.4169138487904554	0.9278614439105624	0.8493750000000001		NONE
reactome	REACTOME_TRANSCRIPTIONAL_REGULATION_OF_BROWN_AND_BEIGE_ADIPOCYTE_DIFFERENTIATION	MIXED	1.3071517821109568	0	-0.97069115614403	0.7722262861217489	-1.2470047493556828	0.3869889937106918		NONE
go_bp	GOBP_POSITIVE_REGULATION_OF_LIPASE_ACTIVITY	MIXED	1.0063205266449755	0	-0.8721508871769686	0.8616778269950106	0.8194970040932992	0.8930489836658574		NONE
go_bp	GOBP_NEGATIVE_REGULATION_OF_CD4_POSITIVE_ALPHA_BETA_T_CELL_ACTIVATION	MIXED	0.7995082240971191	0	-0.8479732029031353	0.8651215805471124	-1.0074431308558798	0.7594572740697264		NONE
go_bp	GOBP_POSITIVE_REGULATION_OF_KERATINOCYTE_DIFFERENTIATION	not_tested_in_resistance		0			-0.7512927812090758	0.9107724978625996		NONE
go_bp	GOBP_POSITIVE_REGULATION_OF_STRESS_FIBER_ASSEMBLY	LOW_EVIDENCE	1.3870027225590118	0	-1.2238430198916077	0.4347463202443024	1.4267844823462263	0.4012444230600996		NONE
go_bp	GOBP_POSITIVE_REGULATION_OF_PROTEIN_DEPOLYMERIZATION	not_tested_in_resistance		0			0.8255803758441853	0.882049225159526		NONE
go_bp	GOBP_REGULATION_OF_T_CELL_MIGRATION	MIXED	-0.8523901701411822	0	0.6771127476301835	0.9894814845309896	-1.1981981976853109	0.5784691746467164		NONE
reactome	REACTOME_VLDLR_INTERNALISATION_AND_DEGRADATION	MIXED	0.4129784879152731	0	1.452774985223418	0.2748046875	-1.1930638178676034	0.4626052989800548		NONE
go_bp	GOBP_REGULATION_OF_AMINO_ACID_TRANSPORT	MIXED	-1.0439560624971125	0	0.9077588229640196	0.827918742661797	1.1465762523975405	0.6618823660576757		NONE
go_bp	GOBP_RESPONSE_TO_ELECTRICAL_STIMULUS	LOW_EVIDENCE	0.90984232370292	0	-1.1371484820377724	0.5390164255871129	1.656005676394479	0.1363638207394567		NONE
go_bp	GOBP_NEGATIVE_REGULATION_OF_INFLAMMASOME_MEDIATED_SIGNALING_PATHWAY	not_tested_in_resistance		0			0.768547421544984	0.9042730622159718		NONE
go_bp	GOBP_DENDRITE_EXTENSION	LOW_EVIDENCE	1.0962050280825468	0	0.9116720343774384	0.8138795132166992	-1.0099174545026413	0.7534980210068154		NONE
go_bp	GOBP_CALCIUM_ION_IMPORT	MIXED	-0.9050421835917252	0	0.9131998520572596	0.845226844522564	1.5295163089664918	0.1458894356521833		NONE
go_bp	GOBP_RNA_DECAPPING	LOW_EVIDENCE	-0.6948834637590566	0	-0.9806990439127296	0.7363368458653331	-1.2880404176858762	0.5347830550232685		NONE
reactome	REACTOME_NEGATIVE_REGULATION_OF_NOTCH4_SIGNALING	MIXED	-1.083537186745107	0	-0.6242315450806961	1.0	-1.4712246461931833	0.1175714169339858		NONE
go_bp	GOBP_NEGATIVE_REGULATION_OF_ENDOTHELIAL_CELL_PROLIFERATION	LOW_EVIDENCE	1.0955198019372392	0	-0.82016693866015	0.9054590233688558	1.5371199409315286	0.203497455352445		NONE
reactome	REACTOME_RHOU_GTPASE_CYCLE	LOW_EVIDENCE	1.1409536517008814	0	-0.6137213218339249	1.0	0.9152216266995472	0.7477474718395697		NONE
go_bp	GOBP_ENTRAINMENT_OF_CIRCADIAN_CLOCK	MIXED	0.6770298054144511	0	-0.8985565758588757	0.8151023288637967	0.7987401090184499	0.8974268388666286		NONE
go_bp	GOBP_NEGATIVE_REGULATION_OF_TELOMERE_MAINTENANCE_VIA_TELOMERE_LENGTHENING	MIXED	0.533917247335563	0	-1.2017704654216073	0.5208470902635892	-0.6933117373572173	0.961348009394188		NONE
reactome	REACTOME_CTLA4_INHIBITORY_SIGNALING	MIXED	1.2471416670329576	0	-0.6161056672979764	0.9865200038779732	-1.426161854748263	0.2515059997738981		NONE
go_bp	GOBP_REGULATION_OF_EXECUTION_PHASE_OF_APOPTOSIS	MIXED	0.8757666405201746	0	-0.8406877678038067	0.8598896207940182	-0.7629631153915614	0.9210925129156604		NONE
go_bp	GOBP_MONOATOMIC_ANION_TRANSPORT	MIXED	1.0056709461700422	0	-1.0691445055828337	0.6098574644159764	0.9398576790554288	0.8370970145546669		NONE
go_bp	GOBP_NEGATIVE_REGULATION_OF_STEROID_METABOLIC_PROCESS	MIXED	0.914387819753839	0	1.098242850010546	0.6435364575717697	1.344502457576059	0.4703959386958445		NONE
go_bp	GOBP_REGULATION_OF_GLUCONEOGENESIS	MIXED	0.7924385001046407	0	1.222086591768	0.4444897328142349	-1.618789886878383	0.1340489463863682		NONE
go_bp	GOBP_PEPTIDYL_PROLINE_MODIFICATION	MIXED	0.9317920413185854	0	-0.8650152561818144	0.8651215805471124	0.7041643980184105	0.9515136700836166		NONE
go_bp	GOBP_ARF_PROTEIN_SIGNAL_TRANSDUCTION	LOW_EVIDENCE	1.547163823126884	0	1.0847956708746254	0.6613326245940325	1.648281870413161	0.1458894356521833		NONE
go_bp	GOBP_RESPONSE_TO_GAMMA_RADIATION	MIXED	-0.8094395794608074	0	-0.9730503360032176	0.7501874862990782	-1.506348045044884	0.2077251796649585		NONE
go_bp	GOBP_NEGATIVE_REGULATION_OF_RECEPTOR_INTERNALIZATION	LOW_EVIDENCE	-0.7102457321092482	0	-0.7161332290427445	0.9328880724048206	-0.7042862028912207	0.9377880822387696		NONE
go_bp	GOBP_EXTRACELLULAR_VESICLE_BIOGENESIS	MIXED	0.7901671912290179	0	-0.9561328270951414	0.7624584182605375	0.8758229270102906	0.8603043770347785		NONE
reactome	REACTOME_SHC_MEDIATED_CASCADE_FGFR3	not_tested_in_resistance		0			0.5563082681392424	0.9804609701125973		NONE
reactome	REACTOME_PYROPTOSIS	MIXED	1.1972853299688897	0	0.694417440766322	0.9787044821773352	-1.68461191123126	0.0941362296157684		NONE
go_bp	GOBP_REGULATION_OF_PHOSPHATASE_ACTIVITY	LOW_EVIDENCE	1.374846816372219	0	-0.811283407189423	0.9150356685567952	1.121960904418828	0.6680289517949962		NONE
go_bp	GOBP_PURINE_CONTAINING_COMPOUND_SALVAGE	LOW_EVIDENCE	0.9131750968357746	0			0.9208478413621498	0.827077921477633		NONE
reactome	REACTOME_NUCLEOTIDE_LIKE_PURINERGIC_RECEPTORS	not_tested_in_resistance		0			0.9386013732070002	0.7170100074523582		NONE
go_bp	GOBP_GRANULOCYTE_MACROPHAGE_COLONY_STIMULATING_FACTOR_PRODUCTION	not_tested_in_resistance		0			0.6394205396333248	0.9668647966823052		NONE
go_bp	GOBP_ERBB2_SIGNALING_PATHWAY	MIXED	1.199921575612207	0	-1.2282580827367977	0.494026497574905	-1.0113802772472578	0.7461679989060305		NONE
go_bp	GOBP_TRNA_MODIFICATION	LOW_EVIDENCE	-1.0766248514792245	0	-1.5294686544578968	0.0562614218970475	0.7750977980840624	0.9488729694279084		NONE
go_bp	GOBP_KIDNEY_MESENCHYME_DEVELOPMENT	LOW_EVIDENCE	1.5354941135477915	0	-0.7522698330874988	0.9097389857136196	-1.074524866257602	0.7093671194989017		NONE
reactome	REACTOME_VASOPRESSIN_REGULATES_RENAL_WATER_HOMEOSTASIS_VIA_AQUAPORINS	MIXED	-0.8905778753462152	0	-1.5177190896668582	0.1494140961631002	0.9189402731054964	0.7400259258937039		NONE
go_bp	GOBP_POSITIVE_REGULATION_OF_ORGANELLE_ASSEMBLY	MIXED	-0.6668930839417474	0	0.9632214921832348	0.7703321878579611	-1.1621445782556852	0.5714688940092165		NONE
go_bp	GOBP_MIRNA_MEDIATED_GENE_SILENCING_BY_INHIBITION_OF_TRANSLATION	LOW_EVIDENCE	1.084206446566649	0	-0.724409912238181	0.9328880724048206	-1.7532696064061106	0.1395823102779162		NONE
reactome	REACTOME_CROSSLINKING_OF_COLLAGEN_FIBRILS	LOW_EVIDENCE	1.4789312746080034	0	-1.5467745344165018	0.2125486743484296	-0.8906601167046685	0.7620514757459667		NONE
go_bp	GOBP_EMBRYONIC_CRANIAL_SKELETON_MORPHOGENESIS	LOW_EVIDENCE	1.3408196518747586	0	-0.8942432900024684	0.837953687741695	-0.9952368873338668	0.7774116125502095		NONE
go_bp	GOBP_POSITIVE_REGULATION_OF_MYELINATION	not_tested_in_resistance		0	-1.0117415343140304	0.706673448451253	1.2945311081208657	0.5183266398625134		NONE
go_bp	GOBP_MITOCHONDRIAL_TRANSMEMBRANE_TRANSPORT	LOW_EVIDENCE	-1.0412216400848362	0	1.3920070614038549	0.1985814676250314	-0.9547715281574504	0.813750193769586		NONE
go_bp	GOBP_REGULATION_OF_MYELOID_CELL_APOPTOTIC_PROCESS	LOW_EVIDENCE	-1.2130309017901573	0	1.4393514863213448	0.2766756302803769	1.156108409934461	0.6363787132335008		NONE
go_bp	GOBP_ORGANIC_HYDROXY_COMPOUND_CATABOLIC_PROCESS	MIXED	0.9891215871319784	0	-1.2676220498649793	0.4169138487904554	-0.8330736566785898	0.8902810905031208		NONE
go_bp	GOBP_REGULATION_OF_INFLAMMATORY_RESPONSE_TO_ANTIGENIC_STIMULUS	MIXED	0.9005574795905283	0	0.9757714095138263	0.752070125039833	-1.3798723388950922	0.421238184278633		NONE
go_bp	GOBP_POSITIVE_REGULATION_OF_CYTOKINE_PRODUCTION_INVOLVED_IN_IMMUNE_RESPONSE	LOW_EVIDENCE	1.1600003629633422	0	-0.8862560156150436	0.861984282907662	-0.8242667810526493	0.9228785490601804		NONE
go_bp	GOBP_IMMUNE_SYSTEM_DEVELOPMENT	MIXED	-0.9118326215499468	0	-1.147660431358995	0.452838697280008	-1.381244258289738	0.1458894356521833	CITED2	NONE
reactome	REACTOME_OLFACTORY_SIGNALING_PATHWAY	LOW_EVIDENCE	-0.9028364512366502	0	0.8083335850205777	0.9059852216748768	1.2334459485837312	0.1864047687446136		NONE
hallmark	HALLMARK_PEROXISOME	MIXED	0.968969531710598	0	1.176196207324239	0.2345456882148824	0.8731927073711612	0.8156606851549755		NONE
go_bp	GOBP_GANGLIOSIDE_METABOLIC_PROCESS	MIXED	-0.9280007170363276	0	1.0488823073747775	0.6868212663029561	0.9423298840808102	0.8139418812584314		NONE
reactome	REACTOME_SENSORY_PROCESSING_OF_SOUND	MIXED	0.899285052403987	0	-1.376077117915513	0.2181031078260781	0.8738725878208232	0.8278854822062165		NONE
go_bp	GOBP_REGULATION_OF_RETINOIC_ACID_RECEPTOR_SIGNALING_PATHWAY	not_tested_in_resistance		0			0.6246575471033028	0.9653999386670564		NONE
go_bp	GOBP_MITOTIC_G1_S_TRANSITION_CHECKPOINT_SIGNALING	LOW_EVIDENCE	-0.9222954405905088	0	-0.9553477306080728	0.7663121387283237	0.7826930312678895	0.9161207273462036		NONE
go_bp	GOBP_RESPONSE_TO_HYPEROXIA	LOW_EVIDENCE	0.9359323630479872	0	1.0031518694418322	0.7363368458653331	-0.7757445973943727	0.8977521331797376		NONE
go_bp	GOBP_RETROTRANSPOSON_SILENCING_BY_HETEROCHROMATIN_FORMATION	not_tested_in_resistance		0			1.3194323272186874	0.5139622117254793		NONE
go_bp	GOBP_NEGATIVE_REGULATION_OF_MEIOTIC_CELL_CYCLE	LOW_EVIDENCE	-0.7541874271245056	0	1.267523872235896	0.4735123367198839	0.8887598780006928	0.8370970145546669		NONE
go_bp	GOBP_REGULATION_OF_CELLULAR_SENESCENCE	LOW_EVIDENCE	0.9705544644538108	0	0.9390571151813436	0.7979761474521142	1.1200615600169717	0.6762838943690007		NONE
reactome	REACTOME_MITOCHONDRIAL_FATTY_ACID_BETA_OXIDATION	LOW_EVIDENCE	-0.95057106374707	0	-0.875363016958921	0.8579965850882185	-0.8997133443156136	0.7568325045014148		NONE
reactome	REACTOME_TRNA_MODIFICATION_IN_THE_NUCLEUS_AND_CYTOSOL	LOW_EVIDENCE	-1.12571678645824	0	-1.2842598871008526	0.3447456956263606	1.0333116576298245	0.6143981375543461		NONE
reactome	REACTOME_ASSEMBLY_OF_ACTIVE_LPL_AND_LIPC_LIPASE_COMPLEXES	not_tested_in_resistance		0			1.5938257833473268	0.1227741920464764		NONE
go_bp	GOBP_CHOLESTEROL_EFFLUX	MIXED	0.9630665956422464	0	1.07736123108223	0.6499628574965953	1.2027933107494344	0.5784691746467164		NONE
go_bp	GOBP_REGULATION_OF_RELEASE_OF_SEQUESTERED_CALCIUM_ION_INTO_CYTOSOL_BY_SARCOPLASMIC_RETICULUM	LOW_EVIDENCE	0.932047416351103	0	0.9337350162037732	0.7893716993195015	-0.9581618559795811	0.788536194210444		NONE
go_bp	GOBP_REGULATION_OF_LEUKOCYTE_MIGRATION	LOW_EVIDENCE	1.172832991914259	0	-1.077860554666248	0.5749162162349692	0.934978956497134	0.8444161021150033		NONE
go_bp	GOBP_POSITIVE_REGULATION_OF_TOR_SIGNALING	LOW_EVIDENCE	1.2428274207144978	0	1.470195356787845	0.2093313528398473	-1.0501945133410544	0.7211742563609091		NONE
go_bp	GOBP_REGULATION_OF_RECEPTOR_SIGNALING_PATHWAY_VIA_STAT	MIXED	1.1594520002986746	0	-0.7460021048582491	0.9768158695439172	1.0926356394369916	0.6644577281541597		NONE
go_bp	GOBP_REGULATION_OF_AXON_EXTENSION_INVOLVED_IN_AXON_GUIDANCE	MIXED	0.1564847766680558	0	-1.2465128071467295	0.481111903064861	1.253386048284378	0.5784691746467164		NONE
reactome	REACTOME_TRP_CHANNELS	LOW_EVIDENCE	1.049930441211831	0	0.781395725247929	0.9327260674212478	1.1899831264524303	0.4626052989800548		NONE
go_bp	GOBP_TRNA_PROCESSING	LOW_EVIDENCE	-1.0463190745297724	0	-1.4833015415660498	0.0727000389980979	0.74216038284306	0.975868680909204		NONE
reactome	REACTOME_SYNTHESIS_OF_IP3_AND_IP4_IN_THE_CYTOSOL	LOW_EVIDENCE	-1.1426714006533376	0	-1.042446033878115	0.6747084492858767	1.3804901649933088	0.3000126494212889		NONE
go_bp	GOBP_TRANSITION_METAL_ION_TRANSPORT	LOW_EVIDENCE	1.0940117296585603	0	1.4825720262291888	0.1217634085323867	-1.1817371858043	0.5463438602760531		NONE
go_bp	GOBP_NEGATIVE_REGULATION_OF_IMMUNE_EFFECTOR_PROCESS	MIXED	-1.085762327604491	0	-1.0692443077954508	0.6345244351024698	1.0772119370807909	0.6879502046825161		NONE
go_bp	GOBP_POSITIVE_REGULATION_OF_DEFENSE_RESPONSE	MIXED	1.1097537723537476	0	-0.9889440095076604	0.7575045394253925	-0.9417218668434476	0.8851631501656982		NONE
go_bp	GOBP_MYELOID_CELL_ACTIVATION_INVOLVED_IN_IMMUNE_RESPONSE	MIXED	0.827379597909358	0	-0.7613631413988531	0.9669841940222688	-0.9840045000744048	0.7878260869565218		NONE
go_bp	GOBP_POSITIVE_REGULATION_OF_RAS_PROTEIN_SIGNAL_TRANSDUCTION	not_tested_in_resistance		0	-0.9912586750779024	0.7289911435234487	1.1855471782478215	0.6309136008087052		NONE
reactome	REACTOME_RHO_GTPASES_ACTIVATE_PAKS	LOW_EVIDENCE	1.0643842783905588	0	-1.4013956330481976	0.270494917830341	0.7255154932831966	0.9096491413809896		NONE
go_bp	GOBP_GLUTATHIONE_METABOLIC_PROCESS	LOW_EVIDENCE	-1.137098480541849	0	1.25941429333252	0.40522086096437	-1.0727639109841431	0.7060242274164674		NONE
go_bp	GOBP_RESPONSE_TO_IONIZING_RADIATION	MIXED	-0.8010739562095401	0	-1.2483374839119086	0.3509177493180452	-1.1231148015009331	0.5889053453067337		NONE
go_bp	GOBP_REGULATION_OF_T_HELPER_CELL_DIFFERENTIATION	MIXED	-0.8343970697900871	0	-1.0043496137134582	0.706673448451253	1.3594570480317594	0.4682636357900969		NONE
go_bp	GOBP_INTESTINAL_EPITHELIAL_CELL_DIFFERENTIATION	LOW_EVIDENCE	0.9794241949647732	0	0.809515401992741	0.8891488656278121	-1.3479788072969676	0.4703959386958445		NONE
go_bp	GOBP_PEPTIDE_METABOLIC_PROCESS	MIXED	0.7881928672476711	0	1.4166621085633646	0.2088422920739645	-1.0133454704994456	0.7668703300124533		NONE
go_bp	GOBP_PYRIMIDINE_RIBONUCLEOSIDE_MONOPHOSPHATE_METABOLIC_PROCESS	not_tested_in_resistance		0			-0.9791403802565126	0.7774116125502095		NONE
reactome	REACTOME_FGFR1_LIGAND_BINDING_AND_ACTIVATION	not_tested_in_resistance		0			0.8686021555747233	0.7801124901324444		NONE
reactome	REACTOME_REGULATION_OF_IFNA_IFNB_SIGNALING	not_tested_in_resistance		0			1.1117803547526977	0.5723792239218737		NONE
reactome	REACTOME_REGULATION_OF_BETA_CELL_DEVELOPMENT	MIXED	0.982359789746184	0	-0.8209259549823363	0.9210523175472972	-1.1487987683984184	0.4666090469169582		NONE
go_bp	GOBP_SPLICEOSOMAL_TRI_SNRNP_COMPLEX_ASSEMBLY	MIXED	-0.4707720717866276	0	-1.2863272017467482	0.452838697280008	1.042113127700179	0.7386857944490137		NONE
go_bp	GOBP_POSITIVE_REGULATION_OF_ALCOHOL_BIOSYNTHETIC_PROCESS	LOW_EVIDENCE	1.378463508655284	0	1.178751476124009	0.5535822386894906	0.9027087463117696	0.8420690980951281		NONE
go_bp	GOBP_ESTABLISHMENT_OF_PROTEIN_LOCALIZATION_TO_TELOMERE	MIXED	0.6164044483817908	0	-1.7404079352162054	0.0555540950610134	-1.1594700406177434	0.6525011446886447		NONE
go_bp	GOBP_NEGATIVE_REGULATION_OF_DEFENSE_RESPONSE	MIXED	1.168902734418632	0	1.085546818251519	0.5467620538043073	0.9121754237425442	0.882049225159526		NONE
go_bp	GOBP_WATER_SOLUBLE_VITAMIN_METABOLIC_PROCESS	LOW_EVIDENCE	-0.8908583373256513	0	1.450129985623204	0.2088422920739645	-0.9711474440053915	0.788536194210444		NONE
go_bp	GOBP_LONG_CHAIN_FATTY_ACYL_COA_BIOSYNTHETIC_PROCESS	MIXED	0.2945836485482009	0	-0.8800749905377678	0.824700035234124	0.9049386875278422	0.8400202292650034		NONE
go_bp	GOBP_NEUROMUSCULAR_PROCESS_CONTROLLING_BALANCE	LOW_EVIDENCE	1.0349375700115508	0	1.5469717571490695	0.1596317010383577	-0.7463334910471469	0.9447014537058116		NONE
go_bp	GOBP_REGULATION_OF_ODONTOGENESIS	not_tested_in_resistance		0	-1.2963935329178535	0.4481625817256595	1.1732208184792257	0.6468109292041533		NONE
go_bp	GOBP_HEPATOCYTE_APOPTOTIC_PROCESS	MIXED	-1.0060465115782338	0	-1.300237320936883	0.4438013430903894	-1.0283884941773764	0.7358553298206506		NONE
go_bp	GOBP_NON_PROTEINOGENIC_AMINO_ACID_CATABOLIC_PROCESS	not_tested_in_resistance		0			0.5926722033244879	0.975868680909204		NONE
go_bp	GOBP_CRANIAL_NERVE_MORPHOGENESIS	MIXED	0.144469156824769	0	-1.1817771240888335	0.5346301414165172	0.9148372159540789	0.8346221901308428	CITED2	NONE
go_bp	GOBP_RESPONSE_TO_ACID_CHEMICAL	LOW_EVIDENCE	1.1123722247858945	0	0.790846599996072	0.9768158695439172	-0.8684155407160652	0.9145439050405754		NONE
go_bp	GOBP_P_BODY_ASSEMBLY	MIXED	0.5039739614531626	0	-0.344458668921989	1.0	-1.1400138776340814	0.6412612842572253		NONE
go_bp	GOBP_G_PROTEIN_COUPLED_GLUTAMATE_RECEPTOR_SIGNALING_PATHWAY	not_tested_in_resistance		0			1.417177120713319	0.446370570417138		NONE
go_bp	GOBP_MORPHOGENESIS_OF_AN_EPITHELIAL_FOLD	LOW_EVIDENCE	1.0267311925585765	0	-1.268402744900609	0.4775785324027465	-1.205223185110765	0.5883187628518861		NONE
go_bp	GOBP_POSITIVE_REGULATION_OF_LEUKOCYTE_APOPTOTIC_PROCESS	LOW_EVIDENCE	1.3530682431581311	0	-0.9443534881008918	0.7790741437711705	1.150375043463041	0.6468109292041533		NONE
go_bp	GOBP_REGULATION_OF_ALTERNATIVE_MRNA_SPLICING_VIA_SPLICEOSOME	MIXED	0.8006686649951423	0	-1.0546048407713664	0.654965310137724	-1.5032157205343546	0.1622352531055767		NONE
go_bp	GOBP_POSITIVE_REGULATION_OF_DEPHOSPHORYLATION	LOW_EVIDENCE	1.2713305837494713	0	0.9007078175397522	0.8394927183283816	1.1037926754381169	0.6759823879442163		NONE
go_bp	GOBP_EPIDERMAL_GROWTH_FACTOR_RECEPTOR_SIGNALING_PATHWAY	MIXED	1.4785881619032906	0	-0.8493299411772746	0.9097389857136196	0.995096685077142	0.7817781733994945		NONE
go_bp	GOBP_NEGATIVE_REGULATION_OF_CELLULAR_RESPONSE_TO_INSULIN_STIMULUS	LOW_EVIDENCE	1.2420668212129726	0	0.9575804433771054	0.7758839085313006	0.9801698131635868	0.7753919591124969		NONE
go_bp	GOBP_EMBRYONIC_CAMERA_TYPE_EYE_DEVELOPMENT	LOW_EVIDENCE	1.221357905099911	0	-0.8284913865144783	0.8936354962066114	-1.2182850832359526	0.5453819806841401	CITED2	NONE
go_bp	GOBP_POSITIVE_REGULATION_OF_PROTEIN_TYROSINE_KINASE_ACTIVITY	MIXED	0.1483027368987497	0	-0.9679948060402572	0.7441394426978579	-0.5894734993786535	0.9899861488739548		NONE
go_bp	GOBP_POSITIVE_REGULATION_OF_ACTIN_FILAMENT_BUNDLE_ASSEMBLY	LOW_EVIDENCE	1.3200341637747717	0	-1.3633556731592065	0.3090787486302654	1.4339606763918924	0.3893290750078915		NONE
go_bp	GOBP_XENOBIOTIC_CATABOLIC_PROCESS	LOW_EVIDENCE	0.7785409454628758	0	-1.6610894499409217	0.1073044973134184	1.1614633135076091	0.626617297750454		NONE
go_bp	GOBP_RESPONSE_TO_OXYGEN_RADICAL	MIXED	0.8895778171172207	0	0.5199605717050697	0.9973978323943844	-1.1038912646303694	0.6764539791581766		NONE
go_bp	GOBP_NEUTRAL_LIPID_BIOSYNTHETIC_PROCESS	MIXED	0.8435242775746229	0	1.5935753239832011	0.1378278882677131	-1.5215417076089102	0.1828835080679578		NONE
go_bp	GOBP_G0_TO_G1_TRANSITION	MIXED	0.8025682157315817	0	-0.8547217942307027	0.8696548879417022	1.2725617351672225	0.5625537926003241		NONE
go_bp	GOBP_NUCLEOSIDE_METABOLIC_PROCESS	MIXED	0.9825170608997464	0	-0.905671803013118	0.827918742661797	0.8111264627691468	0.9032441559685764		NONE
go_bp	GOBP_VENTRICULAR_SYSTEM_DEVELOPMENT	MIXED	0.8171997075078257	0	-1.404065014400406	0.3402000860585197	1.3149076596484517	0.5124534769833495		NONE
go_bp	GOBP_REGULATION_OF_CARDIAC_MUSCLE_CONTRACTION_BY_CALCIUM_ION_SIGNALING	LOW_EVIDENCE	1.226036456675592	0	0.967749442103819	0.7505020080321285	0.791462161704512	0.9034454301629874		NONE
reactome	REACTOME_ACTIVATION_OF_ANTERIOR_HOX_GENES_IN_HINDBRAIN_DEVELOPMENT_DURING_EARLY_EMBRYOGENESIS	MIXED	-0.7330549347078266	0	-1.2081031152224924	0.4131430584918957	1.4719391006293945	0.1383129431630517		NONE
go_bp	GOBP_POSITIVE_REGULATION_OF_UBIQUITIN_PROTEIN_TRANSFERASE_ACTIVITY	MIXED	0.9320442484924658	0	1.4389496253598222	0.2952847805788982	1.855300062774327	0.0515138187043147		NONE
go_bp	GOBP_SULFUR_AMINO_ACID_BIOSYNTHETIC_PROCESS	LOW_EVIDENCE	0.7652875702392283	0	0.9318626662885268	0.7893716993195015	0.9048331051703462	0.839861498448908		NONE
go_bp	GOBP_ORGANOPHOSPHATE_ESTER_TRANSPORT	MIXED	0.8252693313409682	0	1.379420451738797	0.1503781436406744	0.8012333961255915	0.9570742940771352		NONE
reactome	REACTOME_FATTY_ACID_METABOLISM	MIXED	-1.0714529233779748	0	-1.3000268198015184	0.2167317626270335	1.20233672316144	0.3372056514913658		NONE
go_bp	GOBP_GLUCAN_BIOSYNTHETIC_PROCESS	LOW_EVIDENCE	1.179267184980292	0	-0.96884290527584	0.7473804846103471	-1.2828721593064014	0.4889128728414442		NONE
go_bp	GOBP_CELL_CYCLE_G1_S_PHASE_TRANSITION	MIXED	-0.9461733464886524	0	1.0770894153738142	0.5740582776033848	1.1848842905052055	0.501565888835562		NONE
go_bp	GOBP_MITOCHONDRIAL_CALCIUM_ION_TRANSMEMBRANE_TRANSPORT	MIXED	-0.5849544700495795	0	0.8947541482305651	0.8175633539316288	-0.9430851866417952	0.8172387872713606		NONE
go_bp	GOBP_REGULATION_OF_PROTEIN_STABILITY	MIXED	1.1560307677020816	0	1.0528745553347787	0.6281599855543517	0.9636643025021484	0.8158422163031449		NONE
reactome	REACTOME_CREB1_PHOSPHORYLATION_THROUGH_NMDA_RECEPTOR_MEDIATED_ACTIVATION_OF_RAS_SIGNALING	MIXED	-1.005436816484706	0	-0.7747799167154319	0.9378042843232718	-1.0237608740162425	0.6437419526706034		NONE
go_bp	GOBP_CHONDROCYTE_DEVELOPMENT	LOW_EVIDENCE	1.187367979606182	0	-1.3885324501650669	0.3531692689484024	-1.1648196953484378	0.6087630692893851		NONE
go_bp	GOBP_SNRNA_METABOLIC_PROCESS	MIXED	-0.6404132139974089	0	-0.9810744895947642	0.7473804846103471	-1.233443969952217	0.5535284743726532		NONE
go_bp	GOBP_ENDOCYTIC_RECYCLING	MIXED	0.7808659677798507	0	1.224314645504129	0.4053591160220994	0.8327054555586246	0.897213640595204		NONE
go_bp	GOBP_REGULATION_OF_INTRACELLULAR_STEROID_HORMONE_RECEPTOR_SIGNALING_PATHWAY	LOW_EVIDENCE	0.662189205065964	0	0.906869775665601	0.8494149432822774	-1.650716233789591	0.1124257183339567		NONE
go_bp	GOBP_OPSONIZATION	not_tested_in_resistance		0			1.1165248230004798	0.690626764539808		NONE
go_bp	GOBP_POSITIVE_REGULATION_OF_TRANSLATIONAL_INITIATION	MIXED	0.9866936876009358	0	0.6531894083041261	0.9770021645021644	-1.507162841214276	0.3052026314822381		NONE
go_bp	GOBP_ISOTYPE_SWITCHING_TO_IGG_ISOTYPES	not_tested_in_resistance		0			0.8367795564746775	0.8784617602213731		NONE
go_bp	GOBP_VITAMIN_TRANSMEMBRANE_TRANSPORT	LOW_EVIDENCE	1.187297889693968	0	-0.8388137241904291	0.8664698933519518	0.7515225374284837	0.9283601199752884		NONE
go_bp	GOBP_PROTEIN_IMPORT_INTO_PEROXISOME_MATRIX	LOW_EVIDENCE	0.8168119515959911	0	-1.0347742315689994	0.6854954062826648	-0.7803903083233642	0.8941285880850591		NONE
go_bp	GOBP_ANDROGEN_METABOLIC_PROCESS	MIXED	0.9150046693303854	0	-1.1975221719036602	0.5162079306641139	0.984585357225466	0.7774116125502095		NONE
reactome	REACTOME_NEGATIVE_REGULATION_OF_NMDA_RECEPTOR_MEDIATED_NEURONAL_TRANSMISSION	MIXED	-0.0517065716577007	0	0.7116296876595132	0.9570390455531452	0.707211517774279	0.9209504592025972		NONE
go_bp	GOBP_AROMATIC_AMINO_ACID_FAMILY_CATABOLIC_PROCESS	not_tested_in_resistance		0			0.7917693992725716	0.8918785890073831		NONE
go_bp	GOBP_DETECTION_OF_BIOTIC_STIMULUS	LOW_EVIDENCE	1.2094871269084146	0	-0.8814264657416717	0.8377872498520971	-0.8082643462465555	0.9109562034100908		NONE
go_bp	GOBP_EXCRETION	MIXED	0.0202707055307096	0	1.0772184995332506	0.670161817653422	0.7633799340182404	0.9280327483459772		NONE
reactome	REACTOME_ASPIRIN_ADME	LOW_EVIDENCE	0.8803237230523729	0	-0.8284306441823561	0.8711862882495335	0.8975428521195228	0.7686402081977879		NONE
reactome	REACTOME_AMINE_LIGAND_BINDING_RECEPTORS	MIXED	-0.2976596936786914	0			0.8127891159326042	0.8617961092362447		NONE
go_bp	GOBP_NEGATIVE_REGULATION_OF_LEUKOCYTE_PROLIFERATION	LOW_EVIDENCE	1.230957236926055	0	0.9521455227332604	0.7893716993195015	1.2974987064948749	0.4353064226180749		NONE
go_bp	GOBP_STARTLE_RESPONSE	LOW_EVIDENCE	1.3807408154349492	0	-0.8077307282299124	0.8871090377367264	1.6844733029476415	0.1124276682016705		NONE
go_bp	GOBP_MIRNA_PROCESSING	MIXED	0.7609099168931902	0	-1.4595654639292066	0.1574344384337931	0.7935734747774729	0.9032441559685764		NONE
go_bp	GOBP_POSITIVE_REGULATION_OF_LIPID_STORAGE	MIXED	-1.069948024715872	0	1.241824916298667	0.4889012115407235	1.3817283891052334	0.4545475581434486		NONE
go_bp	GOBP_RESPONSE_TO_UV_B	MIXED	0.3257543057847509	0	0.8045445461400087	0.8806680368086801	1.8300115903974337	0.0751181428161237		NONE
go_bp	GOBP_REGULATION_OF_DIGESTIVE_SYSTEM_PROCESS	MIXED	0.0115755714423029	0	-1.2670499288764727	0.4463151655423523	0.8529224469333685	0.8692673015660666		NONE
reactome	REACTOME_TP53_REGULATES_TRANSCRIPTION_OF_GENES_INVOLVED_IN_CYTOCHROME_C_RELEASE	LOW_EVIDENCE	0.8852026415581253	0	1.3386727454247356	0.3839620534402294	-1.155639936958791	0.5230586340453273		NONE
reactome	REACTOME_INTERLEUKIN_3_INTERLEUKIN_5_AND_GM_CSF_SIGNALING	MIXED	-0.7627129776997704	0	1.1766749752309176	0.4984703101098595	-1.2435408537669568	0.3863397588160058		NONE
go_bp	GOBP_REGULATION_OF_STEROL_TRANSPORT	MIXED	1.2615901667837923	0	1.2685018606070375	0.3928305253173133	1.031158656983824	0.7233697698004905		NONE
go_bp	GOBP_T_HELPER_1_CELL_DIFFERENTIATION	LOW_EVIDENCE	0.9782797695620432	0	-0.5523559838856822	0.9972133757961784	-0.9354942718236	0.8035119665126268		NONE
go_bp	GOBP_RNA_CATABOLIC_PROCESS	MIXED	0.7849783046113901	0	-0.9256426120557348	0.8651215805471124	-1.271502459096613	0.2763835120598744		NONE
go_bp	GOBP_POSITIVE_REGULATION_OF_PROTEIN_LOCALIZATION_TO_CELL_SURFACE	MIXED	-0.0693915766957984	0	1.1726118233575773	0.5996570794600683	1.0133326691394742	0.762091550077527		NONE
go_bp	GOBP_CATECHOLAMINE_TRANSPORT	MIXED	-1.0283109561855872	0	-1.2847096172119583	0.4091376641004433	1.1078024959758672	0.6762771762813934		NONE
go_bp	GOBP_POSITIVE_REGULATION_OF_JUN_KINASE_ACTIVITY	MIXED	1.6342816247648368	0	-0.8721594354403333	0.8355978828900391	1.109710253795899	0.6823714033125146		NONE
go_bp	GOBP_POSITIVE_REGULATION_OF_CARDIAC_MUSCLE_CELL_PROLIFERATION	MIXED	0.856351429839394	0	-0.5452988603396662	0.9972133757961784	0.7921693571688124	0.9066585482031344		NONE
go_bp	GOBP_REGULATION_OF_PHOSPHOLIPID_METABOLIC_PROCESS	LOW_EVIDENCE	1.0423490495066494	0	1.3345488839347004	0.3571779321859118	0.8704026970019042	0.8540363398812786		NONE
go_bp	GOBP_TRNA_5_END_PROCESSING	LOW_EVIDENCE	-0.9168080839317128	0	-0.8036288695982096	0.8848827058244169	-1.3584168556953016	0.5019048221112415		NONE
go_bp	GOBP_DEFINITIVE_HEMOPOIESIS	LOW_EVIDENCE	1.398254861847207	0	-1.3652952710623536	0.4057177615571776	-1.2383961333546054	0.5755309697868592		NONE
go_bp	GOBP_GROOMING_BEHAVIOR	not_tested_in_resistance		0			0.7149935360682076	0.9371177863614636		NONE
go_bp	GOBP_REGULATION_OF_RECEPTOR_BINDING	LOW_EVIDENCE	1.1286499425661682	0						NONE
go_bp	GOBP_POSITIVE_REGULATION_OF_SIGNAL_TRANSDUCTION_BY_P53_CLASS_MEDIATOR	LOW_EVIDENCE	1.44738120228221	0	0.9829029054508646	0.7367501456027955	1.4368461522350786	0.4012444230600996		NONE
go_bp	GOBP_REGULATION_OF_INTRINSIC_APOPTOTIC_SIGNALING_PATHWAY_BY_P53_CLASS_MEDIATOR	LOW_EVIDENCE	-1.2518081300836226	0	-0.7751468404494972	0.9132559981756424	-1.5347365460439253	0.1994654286817431		NONE
go_bp	GOBP_MODULATION_BY_HOST_OF_VIRAL_GENOME_REPLICATION	MIXED	1.221045805375223	0	1.0370140186620986	0.7056790247895248	0.7810476557961672	0.9109562034100908		NONE
reactome	REACTOME_SYNTHESIS_OF_ACTIVE_UBIQUITIN_ROLES_OF_E1_AND_E2_ENZYMES	MIXED	1.1630560436009485	0	1.1828233136323352	0.5350527916964924	-0.9999751194140628	0.6678273846536501		NONE
go_bp	GOBP_FATTY_ACID_HOMEOSTASIS	not_tested_in_resistance		0			0.7148335086796485	0.9342328778797262		NONE
go_bp	GOBP_NEGATIVE_REGULATION_OF_DNA_TEMPLATED_TRANSCRIPTION_ELONGATION	MIXED	-0.5949647944083544	0	0.8620706616763577	0.8466167191322835	-1.5261986736276885	0.2773703717742202		NONE
reactome	REACTOME_ACYL_CHAIN_REMODELLING_OF_PS	not_tested_in_resistance		0			0.9019073978247386	0.7391852498868694		NONE
go_bp	GOBP_PRE_MIRNA_PROCESSING	not_tested_in_resistance		0	-1.226991463618191	0.5039185080402582				NONE
go_bp	GOBP_MOTOR_NEURON_AXON_GUIDANCE	MIXED	-0.9866127593381728	0	-0.7419295515310363	0.9269531664837692	1.3073763957570914	0.5139622117254793		NONE
go_bp	GOBP_NEPHRON_TUBULE_FORMATION	not_tested_in_resistance		0	-0.8855948636090996	0.8314670933942733	-0.9456089420062224	0.8139777323216082		NONE
go_bp	GOBP_POSITIVE_REGULATION_OF_LONG_TERM_SYNAPTIC_POTENTIATION	LOW_EVIDENCE	1.5539137301100356	0	0.8106820904417082	0.8820983638430248	1.51858147892664	0.2306652319734821		NONE
go_bp	GOBP_ACUTE_INFLAMMATORY_RESPONSE	MIXED	-1.0096839192321492	0	1.1191942538313226	0.5666790903031128	1.054911434065906	0.7126095966339976		NONE
go_bp	GOBP_REGULATION_OF_CHOLESTEROL_EFFLUX	MIXED	1.06838989725378	0	0.9179657316120536	0.8051496658113793	1.0966921171217958	0.688253881595075		NONE
go_bp	GOBP_REGULATION_OF_KIDNEY_DEVELOPMENT	LOW_EVIDENCE	1.297736318152484	0	0.8457142317318846	0.8764423149532569	-0.7472150275978348	0.949248711367112		NONE
reactome	REACTOME_RAP1_SIGNALLING	not_tested_in_resistance		0	-0.7198455948957245	0.9502417657807418	1.5847270361340045	0.1290806608880753		NONE
go_bp	GOBP_REGULATION_OF_SYNAPTIC_TRANSMISSION_GLUTAMATERGIC	LOW_EVIDENCE	1.3462154823020551	0	0.8983361773846248	0.8411995588426107	1.2084061248728453	0.5784691746467164		NONE
reactome	REACTOME_PARACETAMOL_ADME	LOW_EVIDENCE	-1.0790874122175866	0	-1.1234805985583587	0.6187809917355371	0.80445522268921	0.8617961092362447		NONE
go_bp	GOBP_POSITIVE_REGULATION_OF_GLUCOSE_TRANSMEMBRANE_TRANSPORT	MIXED	-0.7948718793478998	0	-0.8499576896060844	0.8765002977690228	-1.2746897065113585	0.5139622117254793		NONE
reactome	REACTOME_ASYMMETRIC_LOCALIZATION_OF_PCP_PROTEINS	MIXED	0.7983966127854215	0	0.8037674448741872	0.9493874711770086	-1.5805490644987197	0.0684715803948842		NONE
reactome	REACTOME_SIGNALING_BY_ERBB2	MIXED	1.2841987914609538	0	-1.1920779112410191	0.4485923313083806	-1.2666064469071865	0.3569493566107307		NONE
go_bp	GOBP_POSITIVE_REGULATION_OF_GENE_EXPRESSION_EPIGENETIC	LOW_EVIDENCE	-1.136724927561774	0	0.6839868868514651	0.9822185755035958	0.8367929054826628	0.8889471290259698		NONE
go_bp	GOBP_SKELETAL_MUSCLE_CONTRACTION	LOW_EVIDENCE	1.072906143080131	0	0.6489253531378003	0.987445389474494	0.6762837363695495	0.9668551101542938		NONE
reactome	REACTOME_SIGNALING_BY_KIT_IN_DISEASE	LOW_EVIDENCE	0.9261149211470928	0	-1.0908927416156875	0.6497744800726589	-1.8611265831293664	0.0509092271035216		NONE
go_bp	GOBP_RESPONSE_TO_LITHIUM_ION	not_tested_in_resistance		0			0.8615033654554982	0.8628895359845393		NONE
go_bp	GOBP_REGULATION_OF_CELL_GROWTH_INVOLVED_IN_CARDIAC_MUSCLE_CELL_DEVELOPMENT	not_tested_in_resistance		0			1.3025298977882205	0.5172992870705406		NONE
go_bp	GOBP_MALE_MEIOTIC_NUCLEAR_DIVISION	LOW_EVIDENCE	-1.4952754436277027	0	0.8990545803560925	0.8314670933942733	-0.6682481977133146	0.97789273144956		NONE
reactome	REACTOME_G_BETA_GAMMA_SIGNALLING_THROUGH_PI3KGAMMA	MIXED	-0.1554618509231911	0	-0.7288605354803249	0.95602795573675	0.8587182016732587	0.7892586299780365		NONE
go_bp	GOBP_GLUTAMATERGIC_NEURON_DIFFERENTIATION	not_tested_in_resistance		0			1.0287700061650338	0.7513041401520372		NONE
go_bp	GOBP_PRIMARY_ALCOHOL_CATABOLIC_PROCESS	not_tested_in_resistance		0			-1.185104264786077	0.6412612842572253		NONE
reactome	REACTOME_SIGNALING_BY_FGFR2_IIIA_TM	MIXED	-0.5885767482417054	0	-1.2229175155915062	0.4564427527142177	-1.1058421787747124	0.5720031796502385		NONE
go_bp	GOBP_MUCUS_SECRETION	MIXED	-0.1073017614955363	0	-1.2452668850566797	0.4863000388651379	-1.459629427575367	0.4322046531967123		NONE
go_bp	GOBP_COLLAGEN_ACTIVATED_SIGNALING_PATHWAY	not_tested_in_resistance		0			-0.4765513102675547	0.9950908720921344		NONE
go_bp	GOBP_REGULATION_OF_MITOCHONDRIAL_MEMBRANE_PERMEABILITY	MIXED	0.8546595970091391	0	1.377758250714636	0.2813254543143982	0.948573456890699	0.8035119665126268		NONE
go_bp	GOBP_CEREBRAL_CORTEX_DEVELOPMENT	MIXED	1.104431491640891	0	0.7939563286218819	0.9631090808416388	1.147036805699874	0.5833619505494505		NONE
go_bp	GOBP_NEURONAL_ACTION_POTENTIAL	LOW_EVIDENCE	1.0413046956191894	0	-1.2147374112779097	0.517682365378713	1.5222016865335906	0.1995951430869463		NONE
go_bp	GOBP_NEGATIVE_REGULATION_OF_INFLAMMATORY_RESPONSE	LOW_EVIDENCE	1.3361128699904496	0	1.0438189866593766	0.6691045018690069	0.8354611931385663	0.9331436768297168		NONE
go_bp	GOBP_INTERLEUKIN_2_PRODUCTION	MIXED	0.7185237010172963	0	-1.4261761555436865	0.2766756302803769	1.0273065430960953	0.7270984657903129		NONE
go_bp	GOBP_NEUROMUSCULAR_PROCESS_CONTROLLING_POSTURE	LOW_EVIDENCE	-1.4277619094086371	0			0.7349199698175602	0.9283601199752884		NONE
go_bp	GOBP_REGULATION_OF_GLUCOSE_METABOLIC_PROCESS	MIXED	-0.7851526734996808	0	1.0407083540683943	0.6759531121685622	-1.4270199218419064	0.1499816710556618		NONE
go_bp	GOBP_XENOBIOTIC_TRANSMEMBRANE_TRANSPORT	LOW_EVIDENCE	1.4489376933163978	0	-0.9478680613591048	0.7758839085313006	0.7691542211606568	0.9052404304434212		NONE
go_bp	GOBP_NEUROENDOCRINE_CELL_DIFFERENTIATION	not_tested_in_resistance		0			1.546087483840703	0.2540875682921663		NONE
go_bp	GOBP_TRANSCRIPTION_BY_RNA_POLYMERASE_III	LOW_EVIDENCE	0.5749848054152286	0	-0.6857558254085985	0.987016006267476	-1.1130073768297744	0.682570309356544		NONE
reactome	REACTOME_EXTRA_NUCLEAR_ESTROGEN_SIGNALING	LOW_EVIDENCE	-1.1575292239088537	0	-1.454093480024808	0.1837711118147605	-1.0348637972664494	0.5916247094208248		NONE
go_bp	GOBP_REGULATION_OF_BICELLULAR_TIGHT_JUNCTION_ASSEMBLY	MIXED	-0.9134407924689644	0	0.965831256137448	0.7703321878579611	-0.7963105844871439	0.9018944817105844		NONE
go_bp	GOBP_POSITIVE_REGULATION_OF_T_CELL_MIGRATION	MIXED	-0.973977618996361	0	-0.7385122169298998	0.9508754226777354	-1.0287729192310249	0.729470888841455		NONE
go_bp	GOBP_AMYLOID_BETA_CLEARANCE	LOW_EVIDENCE	1.1204662021814538	0	1.1347179616861676	0.5567623590879405	0.8202538486036237	0.8897131977083262		NONE
go_bp	GOBP_POSITIVE_REGULATION_OF_ALPHA_BETA_T_CELL_DIFFERENTIATION	LOW_EVIDENCE	1.121603213102436	0	-1.231949540681143	0.4334015290190588	1.3764654492645685	0.4410389438361003		NONE
go_bp	GOBP_MAST_CELL_ACTIVATION	MIXED	0.6623200199593785	0	1.1750978521023705	0.4735123367198839	0.8575525386102787	0.8855518038030922		NONE
go_bp	GOBP_ESTABLISHMENT_OF_ENDOTHELIAL_BARRIER	MIXED	1.3083252933416227	0	-1.352287165257241	0.3451393691744446	1.17314858759641	0.6023881815803008		NONE
go_bp	GOBP_PLASMA_MEMBRANE_FUSION	not_tested_in_resistance		0			-1.0781574177038027	0.6952239617658852		NONE
go_bp	GOBP_EXTRINSIC_APOPTOTIC_SIGNALING_PATHWAY_VIA_DEATH_DOMAIN_RECEPTORS	MIXED	-0.8311205514744034	0	0.8878566688041728	0.8692177742345729	1.2079742164677438	0.5768950879320801		NONE
go_bp	GOBP_AMINO_ACID_METABOLIC_PROCESS	LOW_EVIDENCE	-1.042877552550779	0	1.0749890735261347	0.5797041455997314	-1.1187260712188136	0.5714688940092165		NONE
go_bp	GOBP_POSITIVE_REGULATION_OF_TYPE_I_INTERFERON_MEDIATED_SIGNALING_PATHWAY	MIXED	0.919744035688585	0	-0.938920189094098	0.7638775655093805	-0.742760570200409	0.9289169051692436		NONE
go_bp	GOBP_HISTAMINE_TRANSPORT	not_tested_in_resistance		0	-0.7440701097976046	0.9134422900938	0.7272158729445515	0.9331436768297168		NONE
reactome	REACTOME_SIGNALING_BY_FGFR4	MIXED	0.6572416108900156	0	0.93259900379752	0.8299296953465014	-1.2769012372790884	0.3511861060554647		NONE
go_bp	GOBP_MONOCYTE_DIFFERENTIATION	MIXED	0.9167885905665104	0	1.322503887083174	0.3810240963855422	-0.9964609913095208	0.762091550077527		NONE
go_bp	GOBP_REGULATION_OF_HORMONE_LEVELS	STRONG_CONSENSUS	1.4440652867671415	3	-1.098405389096369	0.4534749700511852				RESISTANCE_ONLY
go_bp	GOBP_EPITHELIAL_CELL_PROLIFERATION	STRONG_CONSENSUS	1.4545930565110192	3	-1.1496670681609404	0.3638651200845449	1.168318554833672	0.4556815829780187		RESISTANCE_ONLY
go_bp	GOBP_REGULATION_OF_BIOMINERAL_TISSUE_DEVELOPMENT	STRONG_CONSENSUS	1.662570574496529	3	-0.8903469534974703	0.8760382346096711	1.019981400480118	0.7460701846418485		RESISTANCE_ONLY
go_bp	GOBP_TAXIS	STRONG_CONSENSUS	1.5501300579111446	3	-1.161265145981453	0.3543976226150405	0.9841844855695552	0.7878260869565218		RESISTANCE_ONLY
go_bp	GOBP_REGULATION_OF_SYSTEM_PROCESS	STRONG_CONSENSUS	1.6395434428618052	3	-1.3509735141894292	0.0464657047667325				RESISTANCE_ONLY
go_bp	GOBP_REGULATION_OF_CELL_SHAPE	STRONG_CONSENSUS	1.6178850094496944	3	-1.4643603528146307	0.0715202772152115	0.9767029776190862	0.7977372142852255		RESISTANCE_ONLY
go_bp	GOBP_FAT_CELL_DIFFERENTIATION	STRONG_CONSENSUS	1.6219079014512587	3	1.3180337062155856	0.1737233559225479	1.0574777424774635	0.6952239617658852		RESISTANCE_ONLY
hallmark	HALLMARK_IL2_STAT5_SIGNALING	STRONG_CONSENSUS	1.60635920325603	3	1.2230667622779452	0.1485228002569043	1.0652829351856483	0.5087505087505088		RESISTANCE_ONLY
go_bp	GOBP_RESPIRATORY_SYSTEM_DEVELOPMENT	STRONG_CONSENSUS	1.6903396878629469	3	-1.2507070522282433	0.299259768009768	-1.093430249798239	0.6023881815803008		RESISTANCE_ONLY
go_bp	GOBP_EPITHELIAL_TO_MESENCHYMAL_TRANSITION	STRONG_CONSENSUS	1.721610324314091	3	-1.6917983407382156	0.0046976778151952	1.2250505061792054	0.4556815829780187		RESISTANCE_ONLY
hallmark	HALLMARK_TNFA_SIGNALING_VIA_NFKB	STRONG_CONSENSUS	1.887926793746693	3	1.0757006073733903	0.3625954198473282	1.2313151281303676	0.2038735983690112		RESISTANCE_ONLY
go_bp	GOBP_CELL_FATE_COMMITMENT	STRONG_CONSENSUS	1.78912961558544	3	-1.248705032737896	0.2759405975150076	1.054628676883869	0.6958762886597937		RESISTANCE_ONLY
go_bp	GOBP_ODONTOGENESIS_OF_DENTIN_CONTAINING_TOOTH	STRONG_CONSENSUS	2.022439322337656	3	-1.5403180676012656	0.0640325262677628	1.2942012837203498	0.4322046531967123		RESISTANCE_ONLY
go_bp	GOBP_TISSUE_MORPHOGENESIS	STRONG_CONSENSUS	1.8184580993960728	3					CITED2	RESISTANCE_ONLY
go_bp	GOBP_CELL_MATRIX_ADHESION	STRONG_CONSENSUS	1.7181705981710114	3	-1.6132979093056168	0.0052259006410152	1.4665845089840068	0.075921778988775		RESISTANCE_ONLY
go_bp	GOBP_REGULATION_OF_PROTEIN_SERINE_THREONINE_KINASE_ACTIVITY	STRONG_CONSENSUS	1.547667546510726	3	0.8749403042618182	0.923328432131249	1.2248239790890043	0.4311691274054413		RESISTANCE_ONLY
go_bp	GOBP_SKELETAL_SYSTEM_MORPHOGENESIS	STRONG_CONSENSUS	1.770724187181167	3	-0.9282276252925632	0.8453753026634382	1.062486857076982	0.6889640519967029	CITED2	RESISTANCE_ONLY
go_bp	GOBP_GLIOGENESIS	STRONG_CONSENSUS	1.7116986745938014	3	-1.067462112954178	0.544910428529864	1.272076331308363	0.2493009077960356		RESISTANCE_ONLY
go_bp	GOBP_OSTEOBLAST_DIFFERENTIATION	STRONG_CONSENSUS	1.9821864863735743	3	-1.1604237875775052	0.422979797979798	1.0327953123869082	0.722488038277512		RESISTANCE_ONLY
go_bp	GOBP_RESPONSE_TO_TRANSFORMING_GROWTH_FACTOR_BETA	STRONG_CONSENSUS	1.7349990303742433	3	-1.025193623112497	0.6779018625676111	0.882125532559999	0.9078347643614436	CITED2	RESISTANCE_ONLY
hallmark	HALLMARK_EPITHELIAL_MESENCHYMAL_TRANSITION	STRONG_CONSENSUS	1.9779876141756056	3	-1.5593119122606791	0.0030596050869608	1.2455664222763096	0.1849512811259473		RESISTANCE_ONLY
go_bp	GOBP_REGULATION_OF_GLIAL_CELL_DIFFERENTIATION	STRONG_CONSENSUS	1.8008409184114975	3	-0.8981954156258974	0.8576734306937227	1.1111737348078463	0.654737170590699		RESISTANCE_ONLY
go_bp	GOBP_MYELOID_CELL_DIFFERENTIATION	STRONG_CONSENSUS	1.4668675960542372	3	-0.9928098090751868	0.7224918309703146	-1.0667464641811133	0.6156750226517668	CITED2	RESISTANCE_ONLY
hallmark	HALLMARK_ESTROGEN_RESPONSE_EARLY	STRONG_CONSENSUS	-2.43147440064335	3	-2.070303953078644	1.0573417266834834e-08	1.3958873713008102	0.052434461564466		RESISTANCE_ONLY
go_bp	GOBP_NEGATIVE_REGULATION_OF_TRANSFERASE_ACTIVITY	STRONG_CONSENSUS	1.493260487126154	3	-1.0453438492757636	0.6374388555228723	1.391469499661397	0.1595162964358		RESISTANCE_ONLY
go_bp	GOBP_REGULATION_OF_TRANSMEMBRANE_RECEPTOR_PROTEIN_SERINE_THREONINE_KINASE_SIGNALING_PATHWAY	STRONG_CONSENSUS	1.5413171743200262	3	1.133647768111823	0.452838697280008	1.0933857501865654	0.6504118011903768	CITED2	RESISTANCE_ONLY
go_bp	GOBP_NEGATIVE_REGULATION_OF_MAP_KINASE_ACTIVITY	STRONG_CONSENSUS	1.739095525139735	3	0.6611206879777294	0.987445389474494	1.1851876489337032	0.6093863472789276		RESISTANCE_ONLY
go_bp	GOBP_OSSIFICATION	STRONG_CONSENSUS	1.848027372195432	3	-1.2795025026238078	0.1108749695174157	0.9544894334786944	0.8370970145546669		RESISTANCE_ONLY
go_bp	GOBP_POSITIVE_REGULATION_OF_PHOSPHORYLATION	STRONG_CONSENSUS	1.373756757832577	3	-1.0722961685294097	0.5145297600216929				RESISTANCE_ONLY
go_bp	GOBP_BIOMINERAL_TISSUE_DEVELOPMENT	STRONG_CONSENSUS	1.785761325161349	3	-1.1266354920426092	0.4978526844896155	1.0165731486292848	0.7460371920675221		RESISTANCE_ONLY
reactome	REACTOME_EXTRACELLULAR_MATRIX_ORGANIZATION	STRONG_CONSENSUS	1.961594581710151	3	-1.645540949691355	0.0012836318837427	1.2820059799943389	0.1788932965777732		RESISTANCE_ONLY
go_bp	GOBP_REGULATION_OF_FAT_CELL_DIFFERENTIATION	STRONG_CONSENSUS	1.8027491850863004	3	1.4395952674178285	0.0953967424515861	-0.9757363703786712	0.8008609710253592		RESISTANCE_ONLY
go_bp	GOBP_REGULATION_OF_KETONE_BIOSYNTHETIC_PROCESS	STRONG_CONSENSUS	1.7790860763854517	3	-0.8492354918676158	0.8598896207940182	1.2918406387811727	0.5212254051772738		RESISTANCE_ONLY
go_bp	GOBP_BONE_MINERALIZATION	STRONG_CONSENSUS	1.769515532257039	3	-1.1959433721038395	0.4313604636270491	0.7552660826018437	0.9661654022769708		RESISTANCE_ONLY
go_bp	GOBP_MORPHOGENESIS_OF_A_BRANCHING_STRUCTURE	STRONG_CONSENSUS	1.6844295267349498	3	-1.369586231723413	0.1285245598045431	-0.8603167292433243	0.9335647629986532		RESISTANCE_ONLY
go_bp	GOBP_REGULATION_OF_MAP_KINASE_ACTIVITY	STRONG_CONSENSUS	1.7589812895448529	3	-0.8517072426641757	0.920039733955256	1.5300060029611755	0.1255567996933616		RESISTANCE_ONLY
hallmark	HALLMARK_ESTROGEN_RESPONSE_LATE	STRONG_CONSENSUS	-2.0873776713734533	3	-1.6038661471078015	0.0010637243595374	0.98828538248487	0.6488272749254453		RESISTANCE_ONLY
go_bp	GOBP_NEGATIVE_REGULATION_OF_MAPK_CASCADE	STRONG_CONSENSUS	1.5179331132400835	3	0.875935909765541	0.9022727272727272	1.508155563641331	0.1196738135721488		RESISTANCE_ONLY
go_bp	GOBP_ERK1_AND_ERK2_CASCADE	STRONG_CONSENSUS	1.5262667852795142	3	-1.1363681046951488	0.4572411577284532	1.3631694056665948	0.1485639621478776		RESISTANCE_ONLY
go_bp	GOBP_CANONICAL_WNT_SIGNALING_PATHWAY	STRONG_CONSENSUS	1.7613741310353404	3	-0.9517985260160304	0.8153715258082813	0.990754336187473	0.7774116125502095	USP34	RESISTANCE_ONLY
go_bp	GOBP_REGULATION_OF_SECRETION	STRONG_CONSENSUS	1.4750734026259698	3	-1.011702103853311	0.69648336312454				RESISTANCE_ONLY
go_bp	GOBP_RESPONSE_TO_WOUNDING	STRONG_CONSENSUS	1.563519764278179	3	-1.3129762953792286	0.0561282416206695				RESISTANCE_ONLY
go_bp	GOBP_CARTILAGE_DEVELOPMENT	STRONG_CONSENSUS	1.9275640800196885	3	-1.389531193134034	0.0978636970029279	-0.8972780146749378	0.9068493599322064		RESISTANCE_ONLY
go_bp	GOBP_ODONTOGENESIS	STRONG_CONSENSUS	1.9673004479197669	3	-1.9337398477630687	0.0003683420576528	1.3637805509125802	0.3322644273460279		RESISTANCE_ONLY
go_bp	GOBP_POSITIVE_REGULATION_OF_LOCOMOTION	STRONG_CONSENSUS	1.557089185740486	3						RESISTANCE_ONLY
go_bp	GOBP_FORMATION_OF_PRIMARY_GERM_LAYER	STRONG_CONSENSUS	1.9468564544683256	3	-1.0256219600256509	0.682969377816484	1.0364412115594654	0.7233697698004905		RESISTANCE_ONLY
go_bp	GOBP_BRANCHING_MORPHOGENESIS_OF_AN_EPITHELIAL_TUBE	STRONG_CONSENSUS	1.6318474871162405	3	-1.3270281428380302	0.1985814676250314	-0.9276828279964184	0.8543401587146076		RESISTANCE_ONLY
go_bp	GOBP_TISSUE_REMODELING	STRONG_CONSENSUS	1.7668648285340731	3	0.8960943013351187	0.8727076008253518	1.163592797677876	0.5479145165099417		RESISTANCE_ONLY
go_bp	GOBP_SKELETAL_SYSTEM_DEVELOPMENT	STRONG_CONSENSUS	1.80104892827474	3	-1.185925056604336	0.2264747620737779			CITED2	RESISTANCE_ONLY
go_bp	GOBP_GLIAL_CELL_DIFFERENTIATION	STRONG_CONSENSUS	1.758440549127624	3	-1.1453246723224206	0.4572411577284532	1.2774701339054992	0.3338246131171702		RESISTANCE_ONLY
go_bp	GOBP_REGULATION_OF_KINASE_ACTIVITY	STRONG_CONSENSUS	1.417828298414341	3	-1.0631194228481162	0.5604982206405694	1.2912596887779046	0.1693495016716739		RESISTANCE_ONLY
go_bp	GOBP_CELL_SUBSTRATE_ADHESION	STRONG_CONSENSUS	1.6116349402841477	3	-1.490859307051453	0.0091061138731344	1.2687627759089093	0.2990467472339826		RESISTANCE_ONLY
go_bp	GOBP_CONNECTIVE_TISSUE_DEVELOPMENT	STRONG_CONSENSUS	1.9513761829359155	3	-1.32438011548601	0.1305692563115737	1.05965416031735	0.6947615964009406		RESISTANCE_ONLY
go_bp	GOBP_AORTA_DEVELOPMENT	STRONG_CONSENSUS	1.7115885614151418	3	-1.1375184167307937	0.5342900991857132	1.21427069802544	0.5653363251311012		RESISTANCE_ONLY
go_bp	GOBP_REGULATION_OF_CELLULAR_RESPONSE_TO_TRANSFORMING_GROWTH_FACTOR_BETA_STIMULUS	STRONG_CONSENSUS	1.5581648924497122	3	1.343885338158524	0.2246930937391346	-0.9210925838798144	0.8652085308056872	CITED2	RESISTANCE_ONLY
go_bp	GOBP_REGULATION_OF_OSSIFICATION	STRONG_CONSENSUS	1.7209178427004983	3	-1.2709953336998636	0.3381260510752987	1.0166023338244234	0.759547355408853		RESISTANCE_ONLY
go_bp	GOBP_REGULATION_OF_CELLULAR_RESPONSE_TO_GROWTH_FACTOR_STIMULUS	STRONG_CONSENSUS	1.5880497010477224	3	0.9900430436997694	0.7350230414746544	0.9077904886088448	0.8863184684307337	CITED2	RESISTANCE_ONLY
go_bp	GOBP_POSITIVE_REGULATION_OF_OSTEOBLAST_DIFFERENTIATION	STRONG_CONSENSUS	1.9689689342164087	3	0.8313674265746417	0.9226458078878754	0.9601025902383226	0.7895732149570329		RESISTANCE_ONLY
go_bp	GOBP_CELL_SURFACE_RECEPTOR_PROTEIN_SERINE_THREONINE_KINASE_SIGNALING_PATHWAY	STRONG_CONSENSUS	1.649998116820631	3	-1.0093538387279215	0.6949307726663688	0.97720859831751	0.8066025672301506	CITED2	RESISTANCE_ONLY
go_bp	GOBP_OLEFINIC_COMPOUND_BIOSYNTHETIC_PROCESS	STRONG_CONSENSUS	1.799682825259291	3	-1.0598757547612845	0.6737040971636314	1.147850075688826	0.6484401519178671		RESISTANCE_ONLY
go_bp	GOBP_TRANSFORMING_GROWTH_FACTOR_BETA_RECEPTOR_SIGNALING_PATHWAY	STRONG_CONSENSUS	1.6857962196559189	3	0.9934362991294672	0.7192608386638236	-0.9206106071476866	0.8863184684307337	CITED2	RESISTANCE_ONLY
go_bp	GOBP_SYNAPSE_ORGANIZATION	STRONG_CONSENSUS	1.4654842491164102	3	-1.5343421646442086	0.0013726253298847	1.2397757727839231	0.2422588233945226		RESISTANCE_ONLY
go_bp	GOBP_CHONDROCYTE_DIFFERENTIATION	STRONG_CONSENSUS	1.7794798432559906	3	-1.062902642727462	0.6304824561403509	0.9614860389327862	0.8180596233892233		RESISTANCE_ONLY
go_bp	GOBP_GASTRULATION	STRONG_CONSENSUS	1.842907182836227	3	-1.0673562925166626	0.5998184626222668	-1.190363907424999	0.4578326782706345		RESISTANCE_ONLY
hallmark	HALLMARK_KRAS_SIGNALING_UP	STRONG_CONSENSUS	1.8245095931206008	3	-0.9003442302757253	0.7763975155279503	1.0532500997775829	0.5087505087505088		RESISTANCE_ONLY
go_bp	GOBP_REGULATION_OF_OSTEOBLAST_DIFFERENTIATION	STRONG_CONSENSUS	1.8627818711298345	3	-1.003339916261112	0.7126306287060996	1.052574948132619	0.7093671194989017		RESISTANCE_ONLY
go_bp	GOBP_CELLULAR_RESPONSE_TO_LIPID	STRONG_CONSENSUS	1.4047274880158849	3	-1.203454431856432	0.183293264055969				RESISTANCE_ONLY
go_bp	GOBP_BODY_MORPHOGENESIS	STRONG_CONSENSUS	1.6713151202865957	2	-1.129669554942209	0.5559342537866213	-0.9974996952010008	0.7774116125502095		RESISTANCE_ONLY
go_bp	GOBP_PRIMARY_ALCOHOL_METABOLIC_PROCESS	STRONG_CONSENSUS	1.5846584043674723	2	-0.9648676073268596	0.7724040931204651	0.8522788078840472	0.8902810905031208		RESISTANCE_ONLY
go_bp	GOBP_REGULATION_OF_GLIOGENESIS	STRONG_CONSENSUS	1.6490681443650763	2	1.1174331476724306	0.5348662205253528	0.8474403419550395	0.8951721310896098		RESISTANCE_ONLY
go_bp	GOBP_POSITIVE_REGULATION_OF_MAPK_CASCADE	STRONG_CONSENSUS	1.3835549183329303	2	-1.0351487051832189	0.6428895075435961	1.1006284565501694	0.5868953984122317		RESISTANCE_ONLY
go_bp	GOBP_EMBRYONIC_MORPHOGENESIS	STRONG_CONSENSUS	1.6747040935722697	2					CITED2	RESISTANCE_ONLY
go_bp	GOBP_FACE_MORPHOGENESIS	STRONG_CONSENSUS	1.8515350227208864	2	-1.060790480018191	0.638012267478651	0.8432250485677953	0.8749111558700398		RESISTANCE_ONLY
go_bp	GOBP_POSITIVE_REGULATION_OF_CELLULAR_COMPONENT_BIOGENESIS	STRONG_CONSENSUS	1.3302494814731656	2	-1.2014730862304177	0.2031648246442852	0.96819496835772	0.8285268859230611		RESISTANCE_ONLY
go_bp	GOBP_CHROMOSOME_SEPARATION	STRONG_CONSENSUS	-1.5683689565285888	2	-0.8227235728400547	0.9302917694525884	-1.0740594084573305	0.6952239617658852		RESISTANCE_ONLY
go_bp	GOBP_ALCOHOL_METABOLIC_PROCESS	STRONG_CONSENSUS	1.4262847524051665	2	1.9132503087366344	4.785872381014662e-07	0.9045962584662426	0.8908938344490186		RESISTANCE_ONLY
go_bp	GOBP_MORPHOGENESIS_OF_EMBRYONIC_EPITHELIUM	STRONG_CONSENSUS	1.6487080404243326	2	-1.3556382977898542	0.1598552909904546	0.8918894059234633	0.8863184684307337	CITED2	RESISTANCE_ONLY
go_bp	GOBP_EAR_DEVELOPMENT	STRONG_CONSENSUS	1.6296227062248014	2	-0.870663061360049	0.9210827593786636	1.057522915237984	0.6952239617658852		RESISTANCE_ONLY
go_bp	GOBP_REGULATION_OF_RESPONSE_TO_WOUNDING	STRONG_CONSENSUS	1.6089864616519107	2	-1.2261499936198856	0.3414304993252361	1.369196574356364	0.1906665963232501		RESISTANCE_ONLY
go_bp	GOBP_RESPONSE_TO_INTERLEUKIN_1	STRONG_CONSENSUS	1.776790015168376	2	-1.571136228776999	0.0540260799784185	1.2879243209788218	0.4385464824850322		RESISTANCE_ONLY
hallmark	HALLMARK_INFLAMMATORY_RESPONSE	STRONG_CONSENSUS	1.6096659225520882	2	-1.0666639118156207	0.3998703123311358	1.0945606286830896	0.4928488596830305		RESISTANCE_ONLY
go_bp	GOBP_NEGATIVE_REGULATION_OF_COAGULATION	STRONG_CONSENSUS	1.7632033413722656	2	-1.3387104758511064	0.3810240963855422	0.8719226983426703	0.8581530131856178		RESISTANCE_ONLY
go_bp	GOBP_BLOOD_VESSEL_REMODELING	STRONG_CONSENSUS	1.662411828020511	2	-0.8207709279572927	0.906998329970202	0.8290882314396015	0.8902810905031208		RESISTANCE_ONLY
go_bp	GOBP_KIDNEY_EPITHELIUM_DEVELOPMENT	STRONG_CONSENSUS	1.6398277316997474	2	-1.4450858031254343	0.0976093539161744	0.9849940477258272	0.7885880077369439		RESISTANCE_ONLY
go_bp	GOBP_POSITIVE_REGULATION_OF_CHEMOTAXIS	STRONG_CONSENSUS	1.516090505994532	2	-1.1314773367923188	0.5166773548318141	0.9049358271927233	0.8681782949037913		RESISTANCE_ONLY
go_bp	GOBP_REGULATION_OF_EPITHELIAL_TO_MESENCHYMAL_TRANSITION	STRONG_CONSENSUS	1.6593465817273916	2	-1.402386564565733	0.1664243413352361	1.3332382291957896	0.4012444230600996		RESISTANCE_ONLY
go_bp	GOBP_CARDIAC_CHAMBER_DEVELOPMENT	STRONG_CONSENSUS	1.6640867090784504	2	-1.363505783646843	0.1664149951173349	0.9647924191702272	0.8183225806451614	CITED2	RESISTANCE_ONLY
go_bp	GOBP_POSITIVE_REGULATION_OF_PROGRAMMED_CELL_DEATH	STRONG_CONSENSUS	1.4234167699490303	2	1.0778560361774874	0.5172766305459006				RESISTANCE_ONLY
go_bp	GOBP_CELLULAR_RESPONSE_TO_INTERLEUKIN_1	STRONG_CONSENSUS	1.7596727300605273	2	-1.703039291989055	0.0215035988012966	1.254346323793931	0.5022106069181344		RESISTANCE_ONLY
go_bp	GOBP_POSITIVE_REGULATION_OF_PEPTIDASE_ACTIVITY	STRONG_CONSENSUS	1.5097014220804368	2	-0.8153536307915513	0.9742002147291264	0.8978740970907751	0.8847334976008299		RESISTANCE_ONLY
reactome	REACTOME_LAMININ_INTERACTIONS	STRONG_CONSENSUS	2.01212757641915	2	-1.8166635142127785	0.0166220308027169	-1.1468614032086637	0.4836193712829227		RESISTANCE_ONLY
reactome	REACTOME_DEGRADATION_OF_THE_EXTRACELLULAR_MATRIX	STRONG_CONSENSUS	1.921969661179463	2	-1.4502928661625216	0.1148324475797653	1.0625556574088175	0.5668716724802644		RESISTANCE_ONLY
go_bp	GOBP_CIRCULATORY_SYSTEM_PROCESS	STRONG_CONSENSUS	1.3739124824066613	2	-1.131143782214191	0.3769343878945698				RESISTANCE_ONLY
reactome	REACTOME_NON_INTEGRIN_MEMBRANE_ECM_INTERACTIONS	STRONG_CONSENSUS	2.0297604138163234	2	-1.908283768608812	0.0037332543183123	-1.3046085202635045	0.3161302982731554		RESISTANCE_ONLY
go_bp	GOBP_MITOTIC_SISTER_CHROMATID_SEGREGATION	STRONG_CONSENSUS	-1.566957534574763	2	-0.9896471819307766	0.7378755844632322	-1.4754838379448667	0.0824171646141799		RESISTANCE_ONLY
go_bp	GOBP_REGULATION_OF_EPITHELIAL_CELL_PROLIFERATION	STRONG_CONSENSUS	1.4265941235248336	2	-1.0927866792106025	0.4936769822224805	0.9786334468212636	0.8035119665126268		RESISTANCE_ONLY
go_bp	GOBP_NEURAL_CREST_CELL_DIFFERENTIATION	STRONG_CONSENSUS	1.6122172298975597	2	-1.1414586844048673	0.4928436679790026	-0.8659613301616285	0.8902810905031208	CITED2	RESISTANCE_ONLY
go_bp	GOBP_OLIGODENDROCYTE_DIFFERENTIATION	STRONG_CONSENSUS	1.7551179037083529	2	-1.3146688023133728	0.2862291611109764	1.3140363483859978	0.4241965317919074		RESISTANCE_ONLY
go_bp	GOBP_POSITIVE_REGULATION_OF_HYDROLASE_ACTIVITY	STRONG_CONSENSUS	1.5611315895399338	2	1.0162441753150138	0.6783439069812491	1.3051394044172413	0.1397787563861372		RESISTANCE_ONLY
go_bp	GOBP_MUSCLE_CELL_MIGRATION	STRONG_CONSENSUS	1.6634052289905394	2	-0.9943145230016416	0.7397228232267119	1.35976788946237	0.3498433985277622		RESISTANCE_ONLY
go_bp	GOBP_AXON_DEVELOPMENT	STRONG_CONSENSUS	1.5038740985629828	2	-1.3785135615526207	0.0114538518701158				RESISTANCE_ONLY
go_bp	GOBP_EXTRACELLULAR_MATRIX_ASSEMBLY	STRONG_CONSENSUS	1.716925753483807	2	-1.211916448928652	0.4822015012901712	0.872015422526125	0.8724084571778765		RESISTANCE_ONLY
go_bp	GOBP_PLACENTA_DEVELOPMENT	STRONG_CONSENSUS	1.6362927539028185	2	0.90179592966005	0.868207600680658	-1.0648413705935045	0.6830499009187534	CITED2	RESISTANCE_ONLY
go_bp	GOBP_NEPHRON_EPITHELIUM_DEVELOPMENT	STRONG_CONSENSUS	1.60629355188562	2	-1.5101641425058012	0.0751178794697666	1.0321338546704537	0.7334257072062329		RESISTANCE_ONLY
go_bp	GOBP_EPITHELIAL_TUBE_FORMATION	STRONG_CONSENSUS	1.5986921012772477	2	-1.3440836483219083	0.2438435791978969	-0.9014736599299492	0.8897131977083262	CITED2	RESISTANCE_ONLY
go_bp	GOBP_CARDIOCYTE_DIFFERENTIATION	STRONG_CONSENSUS	1.6151953249364386	2	-1.2742753971759804	0.3451393691744446	-0.8721202998043367	0.9011593637997092	CITED2	RESISTANCE_ONLY
go_bp	GOBP_EXTERNAL_ENCAPSULATING_STRUCTURE_ORGANIZATION	STRONG_CONSENSUS	1.602532026912373	2	-1.2855295812918088	0.1543290518682228	1.293964182340387	0.2082391013495563		RESISTANCE_ONLY
go_bp	GOBP_ODONTOBLAST_DIFFERENTIATION	STRONG_CONSENSUS	1.8857993420939376	2	0.8699766274202947	0.8534743202416919	-0.9932296707090292	0.7691999292494546		RESISTANCE_ONLY
go_bp	GOBP_NEURAL_TUBE_DEVELOPMENT	STRONG_CONSENSUS	1.6302558012565265	2	-1.0430754524133217	0.6426849332502661	1.2384060992605692	0.4490010788496151	CITED2	RESISTANCE_ONLY
go_bp	GOBP_REGULATION_OF_VASOCONSTRICTION	STRONG_CONSENSUS	1.6897311698823358	2	-1.7534151922289405	0.0315511724677696	1.639882993030838	0.093152893701238		RESISTANCE_ONLY
go_bp	GOBP_BIOLOGICAL_PROCESS_INVOLVED_IN_SYMBIOTIC_INTERACTION	STRONG_CONSENSUS	1.485757772583145	2	0.9807090489187728	0.7511923688394276	-1.3397569982700444	0.1188595779472574		RESISTANCE_ONLY
go_bp	GOBP_REGULATION_OF_BLOOD_CIRCULATION	STRONG_CONSENSUS	1.5594783425159615	2	-1.2988196096191438	0.184525926529924	1.0731291998811583	0.6754848085744131		RESISTANCE_ONLY
go_bp	GOBP_MESENCHYME_DEVELOPMENT	STRONG_CONSENSUS	1.789137815094454	2	-1.5731925807689269	0.0030128619888588	1.2221346506613169	0.4012444230600996	CITED2	RESISTANCE_ONLY
go_bp	GOBP_REGULATION_OF_COAGULATION	STRONG_CONSENSUS	1.9227793348253543	2	-1.2477360903968366	0.4091376641004433	0.9180587153630968	0.8415293742653942		RESISTANCE_ONLY
go_bp	GOBP_REGULATION_OF_NEUROBLAST_PROLIFERATION	STRONG_CONSENSUS	1.6869633812738418	2	-1.0063934820965033	0.707007405632199	1.2006358981769762	0.5825097574574853		RESISTANCE_ONLY
go_bp	GOBP_REGULATION_OF_CHROMOSOME_ORGANIZATION	STRONG_CONSENSUS	-1.4105953340982564	2	-1.107041432627923	0.5107971097541798	-1.2598011212239295	0.2664199082631835		RESISTANCE_ONLY
go_bp	GOBP_NEGATIVE_REGULATION_OF_NEURON_DIFFERENTIATION	STRONG_CONSENSUS	1.6346064642588127	2	0.8828142586271635	0.8654195973805482	1.0808972593064197	0.6842403679545681		RESISTANCE_ONLY
go_bp	GOBP_REGULATION_OF_PROTEIN_LOCALIZATION_TO_CELL_PERIPHERY	STRONG_CONSENSUS	1.5741668394046726	2	0.8961666659181363	0.8840897924672741	1.3276392043778709	0.3686054794520548		RESISTANCE_ONLY
reactome	REACTOME_MITOTIC_PROMETAPHASE	STRONG_CONSENSUS	-1.6247434025414766	2	-1.2475594746047207	0.2893686021049123	-1.314782631692317	0.0906666164277533		RESISTANCE_ONLY
hallmark	HALLMARK_COMPLEMENT	STRONG_CONSENSUS	1.5872823671817238	2	0.9458675911324536	0.6416881998277347	0.9898556402940812	0.6480074299223236		RESISTANCE_ONLY
go_bp	GOBP_REGULATION_OF_CHROMOSOME_SEGREGATION	STRONG_CONSENSUS	-1.592577478294655	2	-0.7426666689972768	0.9953911870503596	1.0197546973993628	0.7468925866212393		RESISTANCE_ONLY
go_bp	GOBP_NEGATIVE_REGULATION_OF_CATALYTIC_ACTIVITY	STRONG_CONSENSUS	1.5079558389347676	2	-1.0850939254250176	0.5145297600216929	1.337180937442217	0.1238194120452821		RESISTANCE_ONLY
go_bp	GOBP_ROOF_OF_MOUTH_DEVELOPMENT	STRONG_CONSENSUS	1.788863342579717	2	-1.2203653896941762	0.4117838541666667	1.2760326852299644	0.4593356643356643		RESISTANCE_ONLY
go_bp	GOBP_POSITIVE_REGULATION_OF_CARTILAGE_DEVELOPMENT	STRONG_CONSENSUS	1.914770482106113	2	-1.2029959115849704	0.4981575764394813	0.8009239848885225	0.9052404304434212		RESISTANCE_ONLY
go_bp	GOBP_REGULATION_OF_PEPTIDASE_ACTIVITY	STRONG_CONSENSUS	1.4916197450066389	2	-0.8263614369603278	0.9768158695439172	1.1207504347744677	0.592125533351799		RESISTANCE_ONLY
go_bp	GOBP_REGULATION_OF_CARTILAGE_DEVELOPMENT	STRONG_CONSENSUS	1.8990566666628528	2	-1.390506526385243	0.2759405975150076	0.9375298605972424	0.8139777323216082		RESISTANCE_ONLY
reactome	REACTOME_HEMOSTASIS	STRONG_CONSENSUS	1.43531910689531	2						RESISTANCE_ONLY
go_bp	GOBP_REGULATION_OF_VESICLE_MEDIATED_TRANSPORT	STRONG_CONSENSUS	1.383024143193329	2	-1.0002691950419729	0.7224918309703146	0.9025269274129888	0.9068493599322064		RESISTANCE_ONLY
go_bp	GOBP_REGULATION_OF_WNT_SIGNALING_PATHWAY	STRONG_CONSENSUS	1.4917758655784288	2	-0.9501878159962218	0.8313612604894276	-1.0507742425566398	0.671601158692069	USP34	RESISTANCE_ONLY
go_bp	GOBP_POSITIVE_REGULATION_OF_GTPASE_ACTIVITY	STRONG_CONSENSUS	1.4411993921227433	2	1.1704389434818314	0.4191474160514408	1.5274521831665309	0.0527571705224469		RESISTANCE_ONLY
go_bp	GOBP_RESPONSE_TO_OXYGEN_LEVELS	STRONG_CONSENSUS	1.4851338187880412	2	1.0338758816413258	0.6521518987341772	1.3183485451048935	0.2077251796649585	CITED2	RESISTANCE_ONLY
go_bp	GOBP_TUBE_FORMATION	STRONG_CONSENSUS	1.540246828915841	2	-1.354271878912943	0.1654933297963561	-0.9156398780437892	0.8746854038591609	CITED2	RESISTANCE_ONLY
reactome	REACTOME_SIGNALING_BY_RECEPTOR_TYROSINE_KINASES	STRONG_CONSENSUS	1.4722212718566596	2	-1.2468082900053652	0.1223908229852442				RESISTANCE_ONLY
go_bp	GOBP_PATTERN_SPECIFICATION_PROCESS	STRONG_CONSENSUS	1.606453852171945	2	-1.4442477185362006	0.0061902450447544	0.9372126483624228	0.8752001351579071	CITED2	RESISTANCE_ONLY
go_bp	GOBP_ENDOCHONDRAL_BONE_MORPHOGENESIS	STRONG_CONSENSUS	1.682478198853385	2	-0.9325976073128543	0.8013400941687795	1.1113033430003505	0.6602545793963236		RESISTANCE_ONLY
go_bp	GOBP_BONE_MORPHOGENESIS	STRONG_CONSENSUS	1.6626633173155507	2	1.0923392615231144	0.5903980584538158	1.1411832205888115	0.6245792291353547	CITED2	RESISTANCE_ONLY
go_bp	GOBP_COCHLEA_MORPHOGENESIS	STRONG_CONSENSUS	1.7996799092852998	2	1.2407350284555525	0.5107971097541798	-0.9057673524213412	0.8370970145546669		RESISTANCE_ONLY
hallmark	HALLMARK_ANGIOGENESIS	STRONG_CONSENSUS	1.82399570238897	2	-0.984205638376192	0.5622036577105441	-0.7583206016988624	0.8650160571842951		RESISTANCE_ONLY
go_bp	GOBP_DIGESTIVE_SYSTEM_DEVELOPMENT	STRONG_CONSENSUS	1.6150071540639637	2	-0.8778551236717387	0.8888587007438775	-0.9514470501251108	0.8298326426805626		RESISTANCE_ONLY
go_bp	GOBP_POSITIVE_REGULATION_OF_NERVOUS_SYSTEM_DEVELOPMENT	STRONG_CONSENSUS	1.487257026710244	2	-1.3391629677587054	0.1166207969418806	1.1284982980590654	0.5813468510378902		RESISTANCE_ONLY
go_bp	GOBP_BONE_DEVELOPMENT	STRONG_CONSENSUS	1.7088345659071804	2	1.0212261828022389	0.6816375775608693	1.361641115926133	0.1555593877523332	CITED2	RESISTANCE_ONLY
reactome	REACTOME_RESOLUTION_OF_SISTER_CHROMATID_COHESION	STRONG_CONSENSUS	-1.4437788933944715	2	-1.4604070975969692	0.101798794687851	-1.3779730232358138	0.106095832071063		RESISTANCE_ONLY
go_bp	GOBP_REGULATION_OF_DNA_BINDING_TRANSCRIPTION_FACTOR_ACTIVITY	STRONG_CONSENSUS	1.401417534136901	2	-0.974470309321753	0.7758839085313006	1.126576137491478	0.5463438602760531		RESISTANCE_ONLY
go_bp	GOBP_PROTEIN_PROCESSING	STRONG_CONSENSUS	1.551530360947636	2	1.0909613717091546	0.5219535830957978	1.1446278531937022	0.5725387614427778		RESISTANCE_ONLY
go_bp	GOBP_MUSCLE_CELL_DIFFERENTIATION	STRONG_CONSENSUS	1.6297309961445705	2	-1.32622153376663	0.0745244437502977	-1.1331810971295555	0.481422933934666		RESISTANCE_ONLY
go_bp	GOBP_EMBRYONIC_PLACENTA_DEVELOPMENT	STRONG_CONSENSUS	1.6478077142266103	2	-0.842015770181965	0.9139787781621804	-1.1574628478311393	0.5825097574574853	CITED2	RESISTANCE_ONLY
go_bp	GOBP_POSITIVE_REGULATION_OF_EPITHELIAL_CELL_MIGRATION	STRONG_CONSENSUS	1.6025512934236288	2	-1.319523063705907	0.1868443834371132	-1.4631686839245466	0.1352590659742558		RESISTANCE_ONLY
go_bp	GOBP_REGULATION_OF_NEURAL_PRECURSOR_CELL_PROLIFERATION	STRONG_CONSENSUS	1.82868330792658	2	-1.14116866290986	0.5037036540485464	1.1505699403791347	0.6029123933296798		RESISTANCE_ONLY
reactome	REACTOME_REGULATION_OF_INSULIN_LIKE_GROWTH_FACTOR_IGF_TRANSPORT_AND_UPTAKE_BY_INSULIN_LIKE_GROWTH_FACTOR_BINDING_PROTEINS_IGFBPS	STRONG_CONSENSUS	1.9407007571957111	2	1.0953778393676357	0.5703595185302502	0.9317371904486742	0.7568325045014148		RESISTANCE_ONLY
go_bp	GOBP_EMBRYONIC_ORGAN_MORPHOGENESIS	STRONG_CONSENSUS	1.5053525524648192	2	-0.9187873123503916	0.8692177742345729	0.8936054478117627	0.8902810905031208	CITED2	RESISTANCE_ONLY
go_bp	GOBP_REGULATION_OF_ANIMAL_ORGAN_MORPHOGENESIS	STRONG_CONSENSUS	1.7871790917659511	2	-0.977981101595666	0.7646502399409377	-0.8537178270455785	0.898347410943812	CITED2	RESISTANCE_ONLY
go_bp	GOBP_EXOCRINE_SYSTEM_DEVELOPMENT	STRONG_CONSENSUS	1.7480700822229047	2	-1.381666359748453	0.323291045978864	-1.0284642373693031	0.759547355408853		RESISTANCE_ONLY
go_bp	GOBP_EAR_MORPHOGENESIS	STRONG_CONSENSUS	1.599239600726157	2	-0.9758044274646328	0.7494454695971993	0.7503950431760646	0.9714368895500556		RESISTANCE_ONLY
go_bp	GOBP_REGULATION_OF_CYTOSKELETON_ORGANIZATION	STRONG_CONSENSUS	1.3831744672217772	2	-0.8949368650320367	0.9409974640743872	1.1155719114106784	0.5714688940092165		RESISTANCE_ONLY
go_bp	GOBP_REGULATION_OF_CANONICAL_WNT_SIGNALING_PATHWAY	STRONG_CONSENSUS	1.4228092638309089	2	0.9014755364905432	0.8897814880285796	-1.1497960931739493	0.4982061158252844	USP34	RESISTANCE_ONLY
go_bp	GOBP_EPITHELIAL_TUBE_MORPHOGENESIS	STRONG_CONSENSUS	1.7641695231412151	2	-1.469754686333756	0.0129857933101058	1.0824169139731687	0.6380242534336529	CITED2	RESISTANCE_ONLY
go_bp	GOBP_MESENCHYMAL_CELL_DIFFERENTIATION	STRONG_CONSENSUS	1.6672632673776702	2	-1.573939617557627	0.0081695037728052	1.1889190723675886	0.4877464413027136	CITED2	RESISTANCE_ONLY
go_bp	GOBP_REGULATION_OF_PROTEIN_LOCALIZATION_TO_PLASMA_MEMBRANE	STRONG_CONSENSUS	1.5943166308352592	2	0.909904767730818	0.8598896207940182	1.3625957993753766	0.3275285655137466		RESISTANCE_ONLY
go_bp	GOBP_NEGATIVE_REGULATION_OF_CELL_DIFFERENTIATION	STRONG_CONSENSUS	1.562405700989446	2						RESISTANCE_ONLY
go_bp	GOBP_NEPHRON_MORPHOGENESIS	STRONG_CONSENSUS	1.5671672605725675	2	-1.2652920660586289	0.3547333086839295	1.033029081797454	0.7169761549408212		RESISTANCE_ONLY
go_bp	GOBP_REGULATION_OF_BONE_MINERALIZATION	STRONG_CONSENSUS	1.7893603264193183	2	-1.0096923426802151	0.7118745777177199	0.8483551433065523	0.8897131977083262		RESISTANCE_ONLY
go_bp	GOBP_NEGATIVE_REGULATION_OF_CELL_DEVELOPMENT	STRONG_CONSENSUS	1.5499914179227028	2	-0.8786784163844314	0.9097389857136196	1.295500784483136	0.3092123110850522		RESISTANCE_ONLY
go_bp	GOBP_NOTCH_SIGNALING_PATHWAY	STRONG_CONSENSUS	1.68837435447473	2	0.9036577767142708	0.8750599889020532	-1.0696196402492673	0.651283866575902		RESISTANCE_ONLY
go_bp	GOBP_POSITIVE_REGULATION_OF_MIRNA_METABOLIC_PROCESS	STRONG_CONSENSUS	1.6742035229700305	2	-1.1627193779017884	0.4937010054890638	-1.1985859817803937	0.5825097574574853		RESISTANCE_ONLY
go_bp	GOBP_SENSORY_ORGAN_DEVELOPMENT	STRONG_CONSENSUS	1.562244624715911	2	-0.9394545443877036	0.8658458840287964			CITED2	RESISTANCE_ONLY
go_bp	GOBP_REGULATION_OF_NOTCH_SIGNALING_PATHWAY	STRONG_CONSENSUS	1.5865505370189008	2	0.8281627873350553	0.927792829149509	1.0347106534428736	0.7376371901073597		RESISTANCE_ONLY
go_bp	GOBP_WNT_SIGNALING_PATHWAY	STRONG_CONSENSUS	1.746762587576816	2	-1.01525483810121	0.6940183232129541	1.0211933105237674	0.731868393504329	USP34	RESISTANCE_ONLY
go_bp	GOBP_HEART_VALVE_MORPHOGENESIS	STRONG_CONSENSUS	1.6553538116602404	2	-0.8680548556384021	0.8793546700081811	-0.7081271489662656	0.9653999386670564		RESISTANCE_ONLY
go_bp	GOBP_NEURAL_TUBE_FORMATION	STRONG_CONSENSUS	1.727400741174173	2	-1.215874601642809	0.4092128801431127	0.8810061035284213	0.8794163362410784	CITED2	RESISTANCE_ONLY
go_bp	GOBP_IN_UTERO_EMBRYONIC_DEVELOPMENT	STRONG_CONSENSUS	1.4065493572033712	2	-0.9656962671092412	0.7920275487843055	-1.3358003963753953	0.0918571284450477	CITED2	RESISTANCE_ONLY
go_bp	GOBP_CELL_SURFACE_RECEPTOR_PROTEIN_TYROSINE_KINASE_SIGNALING_PATHWAY	STRONG_CONSENSUS	1.4960501189227675	2						RESISTANCE_ONLY
go_bp	GOBP_VENTRICULAR_SEPTUM_MORPHOGENESIS	STRONG_CONSENSUS	1.6564902947656124	2	-0.9505956272449566	0.7758839085313006	-1.1846173773979431	0.5843463984766329	CITED2	RESISTANCE_ONLY
go_bp	GOBP_CARDIAC_CHAMBER_MORPHOGENESIS	STRONG_CONSENSUS	1.608034952480879	2	-1.4581316473405912	0.1060749251021486	-0.852791507001054	0.9206323326451832	CITED2	RESISTANCE_ONLY
go_bp	GOBP_SYNAPSE_ASSEMBLY	STRONG_CONSENSUS	1.5174619246075225	2	-1.370177573563436	0.1402074978077774	1.0722467254721029	0.6808981966112805		RESISTANCE_ONLY
go_bp	GOBP_CALCIUM_ION_TRANSMEMBRANE_TRANSPORT	STRONG_CONSENSUS	1.498224135182304	2	-1.048495340499256	0.6199743706161661	1.1455844411820943	0.5206724576411137		RESISTANCE_ONLY
go_bp	GOBP_DENDRITIC_CELL_DIFFERENTIATION	STRONG_CONSENSUS	1.6588111542600292	2	-0.980034598123048	0.7289911435234487	1.0617065000044523	0.7110774526678141		RESISTANCE_ONLY
go_bp	GOBP_REGULATION_OF_WOUND_HEALING	STRONG_CONSENSUS	1.792833657465741	2	-1.4258135774057257	0.1108608908073331	1.501424781744421	0.1458894356521833		RESISTANCE_ONLY
go_bp	GOBP_CELLULAR_COMPONENT_DISASSEMBLY	STRONG_CONSENSUS	1.340825018191001	2	1.4128458567631654	0.0107548705925761				RESISTANCE_ONLY
go_bp	GOBP_NUCLEAR_CHROMOSOME_SEGREGATION	STRONG_CONSENSUS	-1.3003457141666543	2	-0.949774274551768	0.8214746059544659	-0.9790933400303534	0.8139418812584314		RESISTANCE_ONLY
go_bp	GOBP_ENDOCRINE_PANCREAS_DEVELOPMENT	STRONG_CONSENSUS	1.943628273084205	2	-1.001300181734158	0.7092969173923155	1.2259609787717287	0.5733453722468872		RESISTANCE_ONLY
go_bp	GOBP_SPECIFICATION_OF_ANIMAL_ORGAN_IDENTITY	STRONG_CONSENSUS	1.89337254534152	2	-1.3612262843990173	0.3543976226150405	0.9525266659769516	0.7980233503780831		RESISTANCE_ONLY
go_bp	GOBP_MESENCHYME_MORPHOGENESIS	STRONG_CONSENSUS	1.95690406635718	2	-1.7676006412061136	0.0113092127265273	-0.971916517810172	0.7899097214941935		RESISTANCE_ONLY
go_bp	GOBP_RENAL_SYSTEM_DEVELOPMENT	STRONG_CONSENSUS	1.564163926208954	2	-1.47434961554487	0.0169155774689	1.2656589685014006	0.304984679124768		RESISTANCE_ONLY
go_bp	GOBP_NEPHRON_DEVELOPMENT	STRONG_CONSENSUS	1.6704527006197991	2	-1.5301270087081038	0.0314130145810689	0.8897837752027192	0.8863184684307337		RESISTANCE_ONLY
go_bp	GOBP_POSITIVE_REGULATION_OF_NEURON_DIFFERENTIATION	STRONG_CONSENSUS	1.6189991409730229	2	-0.8661660663809297	0.8840897924672741	1.0386952862033867	0.725447529090781		RESISTANCE_ONLY
go_bp	GOBP_ZYMOGEN_ACTIVATION	STRONG_CONSENSUS	1.831471916115276	2	-1.1421799748147043	0.5446584348581398	0.7979192471205322	0.9161207273462036		RESISTANCE_ONLY
hallmark	HALLMARK_HEME_METABOLISM	STRONG_CONSENSUS	1.4673377502021034	2	1.9041077946411116	1.3361613405488134e-05	-1.0957187124878882	0.4928488596830305	VEZF1	RESISTANCE_ONLY
go_bp	GOBP_POSITIVE_REGULATION_OF_OSSIFICATION	STRONG_CONSENSUS	1.7109102698590033	2	-1.0071158818099797	0.7091067209413194	0.9126336468868296	0.836159338762673		RESISTANCE_ONLY
go_bp	GOBP_ARTERY_DEVELOPMENT	STRONG_CONSENSUS	1.807987471431676	2	-0.8802628565963907	0.8698487219613981	1.2691715017442635	0.4490010788496151	CITED2	RESISTANCE_ONLY
go_bp	GOBP_RESPONSE_TO_BMP	STRONG_CONSENSUS	1.687653027658316	2	-1.0638436141132714	0.6270322785312079	1.1229466168784927	0.6136991745091309		RESISTANCE_ONLY
go_bp	GOBP_NEGATIVE_REGULATION_OF_FAT_CELL_DIFFERENTIATION	STRONG_CONSENSUS	1.752395358840302	2	1.5452697678860592	0.153958168061348	1.0758331887916384	0.6939319242401434		RESISTANCE_ONLY
go_bp	GOBP_AMEBOIDAL_TYPE_CELL_MIGRATION	STRONG_CONSENSUS	1.4207702886813298	2	-1.338858058087521	0.0421278051054322	1.147481050085326	0.4828611500701262		RESISTANCE_ONLY
go_bp	GOBP_SISTER_CHROMATID_SEGREGATION	STRONG_CONSENSUS	-1.6140172623300857	2	-1.0048064256233724	0.7191168222173937	-1.160502630934334	0.4858099044687906		RESISTANCE_ONLY
go_bp	GOBP_MESODERM_MORPHOGENESIS	STRONG_CONSENSUS	2.0474039037691214	2	-1.167015904904697	0.4876256983240223	-1.0118577172032006	0.7745174596177462		RESISTANCE_ONLY
hallmark	HALLMARK_TGF_BETA_SIGNALING	STRONG_CONSENSUS	1.472302339198866	2	-1.0955933996249505	0.3746320578003747	-0.8910950950744418	0.7369800196528006		RESISTANCE_ONLY
go_bp	GOBP_REGULATION_OF_TRANSMEMBRANE_TRANSPORT	STRONG_CONSENSUS	1.42389686097581	2	-1.0100112878763188	0.7091952166947585	1.2534384736351574	0.3078581736416418		RESISTANCE_ONLY
go_bp	GOBP_MESONEPHROS_DEVELOPMENT	STRONG_CONSENSUS	1.6089097402250851	2	-1.1196980635885518	0.544910428529864	0.9837544589992276	0.788536194210444		RESISTANCE_ONLY
go_bp	GOBP_MUSCLE_TISSUE_DEVELOPMENT	STRONG_CONSENSUS	1.5839271950144114	2	-1.1954712650598218	0.306118466246175	1.1323362031335409	0.5183266398625134	CITED2	RESISTANCE_ONLY
go_bp	GOBP_NEURON_PROJECTION_GUIDANCE	STRONG_CONSENSUS	1.6692409918140176	2	-1.6379680161773655	0.0063229238062133	1.090141221631013	0.647316466923258		RESISTANCE_ONLY
go_bp	GOBP_REGULATION_OF_HORMONE_BIOSYNTHETIC_PROCESS	STRONG_CONSENSUS	1.7983554551730505	2	-1.4264787925648137	0.3075274045261669	1.4269777791663976	0.403020484375858		RESISTANCE_ONLY
go_bp	GOBP_REGULATION_OF_ACTIN_FILAMENT_BASED_PROCESS	STRONG_CONSENSUS	1.4795189106233486	2	-1.097767117331759	0.4884141946850011	1.2127998958440631	0.4012444230600996		RESISTANCE_ONLY
go_bp	GOBP_MYELOID_LEUKOCYTE_DIFFERENTIATION	STRONG_CONSENSUS	1.5000888020458978	2	-1.1098181038930803	0.5070281124497992	1.1107102325875802	0.6156750226517668	CITED2	RESISTANCE_ONLY
hallmark	HALLMARK_P53_PATHWAY	STRONG_CONSENSUS	1.3735082397578076	2	1.5716469830604358	0.0032813996355039	1.2932038717803471	0.1487179487179487		RESISTANCE_ONLY
go_bp	GOBP_BLOOD_VESSEL_MORPHOGENESIS	STRONG_CONSENSUS	1.6292321957693996	2					CITED2,VEZF1	RESISTANCE_ONLY
go_bp	GOBP_MESODERM_DEVELOPMENT	STRONG_CONSENSUS	1.6963253604846094	2	-1.163800557537143	0.4707672929568594	-1.2169552545045728	0.475615517874954	CITED2	RESISTANCE_ONLY
go_bp	GOBP_REGULATION_OF_NEUROGENESIS	STRONG_CONSENSUS	1.4781168658343768	2	-1.0961786624353094	0.4876256983240223	1.4121882988559515	0.0804163635281917		RESISTANCE_ONLY
reactome	REACTOME_MITOTIC_SPINDLE_CHECKPOINT	STRONG_CONSENSUS	-1.4918725083414717	2	-1.2488900977246489	0.2969303974622131	-1.4727205039870706	0.0893780215924504		RESISTANCE_ONLY
go_bp	GOBP_CELL_CHEMOTAXIS	STRONG_CONSENSUS	1.4508994351413205	2	-0.9918281752073298	0.7289911435234487	0.949258817644084	0.8328031255683106		RESISTANCE_ONLY
go_bp	GOBP_MORPHOGENESIS_OF_AN_EPITHELIUM	STRONG_CONSENSUS	1.7286956381373368	2	-1.6701944797849129	5.315186728721217e-05	1.1108202687966429	0.5727355338885206	CITED2	RESISTANCE_ONLY
go_bp	GOBP_LEUKOCYTE_CHEMOTAXIS	STRONG_CONSENSUS	1.532562269419079	2	-1.0847867310727384	0.5649518101796493	-0.9663717181594867	0.8250381752242795		RESISTANCE_ONLY
go_bp	GOBP_REGULATION_OF_MORPHOGENESIS_OF_AN_EPITHELIUM	STRONG_CONSENSUS	1.690780204510159	2	-1.0914376101262606	0.6056528701854024	-0.817765523089044	0.8991968053330139		RESISTANCE_ONLY
go_bp	GOBP_OUTFLOW_TRACT_MORPHOGENESIS	STRONG_CONSENSUS	1.6666856681269278	2	-1.037001871934231	0.6738186796499376	-0.9152144307076484	0.8420690980951281	CITED2	RESISTANCE_ONLY
go_bp	GOBP_CARDIAC_SEPTUM_DEVELOPMENT	STRONG_CONSENSUS	1.768517288499825	2	-1.0627468527131962	0.6527594394024959	0.9516453141985692	0.8287645964930773	CITED2	RESISTANCE_ONLY
go_bp	GOBP_STRIATED_MUSCLE_TISSUE_DEVELOPMENT	STRONG_CONSENSUS	1.6590395799688955	2	-1.4044108835479152	0.0421278051054322	0.9187582214346098	0.8719942843620876	CITED2	RESISTANCE_ONLY
go_bp	GOBP_METANEPHROS_DEVELOPMENT	STRONG_CONSENSUS	1.6459214472134909	2	-1.40219007391441	0.1876854980527766	1.2160734690954664	0.5347830550232685		RESISTANCE_ONLY
go_bp	GOBP_NEGATIVE_REGULATION_OF_CELL_ACTIVATION	STRONG_CONSENSUS	1.5101547863758829	2	1.005290917461538	0.7070509204120436	0.8334011702564187	0.940062870430541		RESISTANCE_ONLY
go_bp	GOBP_DEFENSE_RESPONSE_TO_FUNGUS	STRONG_CONSENSUS	1.7468098794751854	2	-0.6715909953006302	0.9768158695439172	1.4149518532381429	0.39316175210012		RESISTANCE_ONLY
go_bp	GOBP_OLEFINIC_COMPOUND_METABOLIC_PROCESS	STRONG_CONSENSUS	1.5573251665735726	2	-1.043982713671981	0.6546077731058331	1.2259070012331723	0.4634347567817306		RESISTANCE_ONLY
go_bp	GOBP_NEGATIVE_REGULATION_OF_WOUND_HEALING	STRONG_CONSENSUS	1.920633166219058	2	-1.4429343206833491	0.1587091955430817	1.4182243298855932	0.3543491864831039		RESISTANCE_ONLY
go_bp	GOBP_ACTOMYOSIN_STRUCTURE_ORGANIZATION	STRONG_CONSENSUS	1.46312153537922	2	-1.7598801801197692	0.0011059961946156	1.1363950677357522	0.5825097574574853		RESISTANCE_ONLY
go_bp	GOBP_REGULATION_OF_ACTIN_FILAMENT_ORGANIZATION	STRONG_CONSENSUS	1.464273000174333	2	-1.0683758440890254	0.5995033897211463	1.2600705700261323	0.3593169199185032		RESISTANCE_ONLY
go_bp	GOBP_REGULATION_OF_VASCULATURE_DEVELOPMENT	STRONG_CONSENSUS	1.583947341467116	2	-1.2551383688502835	0.2088422920739645	1.0527211278037192	0.6968719509958551		RESISTANCE_ONLY
go_bp	GOBP_REGULATION_OF_CELL_SUBSTRATE_ADHESION	STRONG_CONSENSUS	1.5410089840660794	2	-1.5066779806137909	0.0289914592884026	1.406275058051324	0.1364374512658092		RESISTANCE_ONLY
reactome	REACTOME_MET_ACTIVATES_PTK2_SIGNALING	STRONG_CONSENSUS	1.9326690017420587	2	-1.5548897354327569	0.1934359021530816	-1.4509743831833442	0.242755429688279		RESISTANCE_ONLY
go_bp	GOBP_DEVELOPMENTAL_INDUCTION	STRONG_CONSENSUS	1.6900587997730376	2	-1.0940246697127955	0.6274893519051457	-0.9664146085230224	0.7878260869565218		RESISTANCE_ONLY
go_bp	GOBP_SENSORY_SYSTEM_DEVELOPMENT	STRONG_CONSENSUS	1.4682658330307912	2	-1.020933694907069	0.6748285303000368	1.410447880144395	0.072717807936894	CITED2	RESISTANCE_ONLY
go_bp	GOBP_ENSHEATHMENT_OF_NEURONS	STRONG_CONSENSUS	1.6673640585777667	2	-0.8776518702774463	0.8909629933039784	1.4293185274515137	0.1458894356521833		RESISTANCE_ONLY
go_bp	GOBP_EMBRYONIC_SKELETAL_SYSTEM_DEVELOPMENT	STRONG_CONSENSUS	1.5577015054646064	2	-1.2845533019201272	0.2950804376054552	-1.0313563309550435	0.7212677537259876		RESISTANCE_ONLY
go_bp	GOBP_RETINOL_METABOLIC_PROCESS	STRONG_CONSENSUS	1.8058733561735512	2	1.1647142329796727	0.5107971097541798	0.8516560325466557	0.8784617602213731		RESISTANCE_ONLY
go_bp	GOBP_CELL_MORPHOGENESIS_INVOLVED_IN_NEURON_DIFFERENTIATION	STRONG_CONSENSUS	1.473193700025813	2	-1.2128744211313411	0.1664243413352361				RESISTANCE_ONLY
go_bp	GOBP_ENDOCARDIAL_CUSHION_MORPHOGENESIS	STRONG_CONSENSUS	1.783799024899163	2	-1.497322871116172	0.183293264055969	-1.0621012853565013	0.7191321730950141		RESISTANCE_ONLY
go_bp	GOBP_DIENCEPHALON_DEVELOPMENT	STRONG_CONSENSUS	1.858423962831322	2	-1.1369188371394017	0.540901041351335	1.4548580313079758	0.2259881161575352		RESISTANCE_ONLY
go_bp	GOBP_REGULATION_OF_SUPRAMOLECULAR_FIBER_ORGANIZATION	STRONG_CONSENSUS	1.3968357171392407	2	-0.8817016397484023	0.9414623044096728	1.224918113160688	0.3975289381677369		RESISTANCE_ONLY
hallmark	HALLMARK_WNT_BETA_CATENIN_SIGNALING	STRONG_CONSENSUS	1.5677930367060298	2	0.877812375816334	0.7099570929358164	-0.9660443294581842	0.6488272749254453		RESISTANCE_ONLY
go_bp	GOBP_NEURAL_PRECURSOR_CELL_PROLIFERATION	STRONG_CONSENSUS	1.6892635600580916	2	-0.8974535581431022	0.868207600680658	1.2915106671889487	0.3596279545819295		RESISTANCE_ONLY
go_bp	GOBP_TISSUE_MIGRATION	STRONG_CONSENSUS	1.4418879225406298	2	-1.3589095863195442	0.0749091867832649	1.1082838044674723	0.6021510815092369		RESISTANCE_ONLY
go_bp	GOBP_POSITIVE_REGULATION_OF_DNA_BINDING_TRANSCRIPTION_FACTOR_ACTIVITY	STRONG_CONSENSUS	1.5538429439181085	2	-1.057832115958261	0.6191600397614314	1.1583333135807818	0.5507093459337332		RESISTANCE_ONLY
go_bp	GOBP_POSITIVE_REGULATION_OF_PHOSPHORUS_METABOLIC_PROCESS	STRONG_CONSENSUS	1.4966696601138127	2						RESISTANCE_ONLY
go_bp	GOBP_REGULATION_OF_PROTEIN_LOCALIZATION_TO_MEMBRANE	STRONG_CONSENSUS	1.6203114666036422	2	-0.9527857015465292	0.7920275487843055	1.2917113928857549	0.3125423705929835		RESISTANCE_ONLY
go_bp	GOBP_STEROID_HORMONE_BIOSYNTHETIC_PROCESS	STRONG_CONSENSUS	1.7271324672123265	2	-1.183361152168663	0.481111903064861	1.02386678407457	0.7333248250198154		RESISTANCE_ONLY
go_bp	GOBP_CARDIAC_SEPTUM_MORPHOGENESIS	STRONG_CONSENSUS	1.7545603751282448	2	-1.166887786864691	0.4876256983240223	0.7522253055006064	0.9488347345357648	CITED2	RESISTANCE_ONLY
go_bp	GOBP_LENS_DEVELOPMENT_IN_CAMERA_TYPE_EYE	STRONG_CONSENSUS	1.820770383777985	2	-0.9027616389516264	0.845226844522564	1.2398404899757158	0.5124534769833495	CITED2	RESISTANCE_ONLY
go_bp	GOBP_HEART_VALVE_DEVELOPMENT	STRONG_CONSENSUS	1.786018935353572	2	-0.8073348501949216	0.9302917694525884	-0.8153892942275397	0.9068493599322064		RESISTANCE_ONLY
reactome	REACTOME_ECM_PROTEOGLYCANS	STRONG_CONSENSUS	1.988580463651345	2	-1.840699452929272	0.0071553072027173	-1.1518076922371798	0.4492477757568067		RESISTANCE_ONLY
go_bp	GOBP_COCHLEA_DEVELOPMENT	STRONG_CONSENSUS	1.6954934882835542	2	1.1623360643192653	0.5280612244897959	-1.100204744018144	0.6929681717246484		RESISTANCE_ONLY
reactome	REACTOME_MET_PROMOTES_CELL_MOTILITY	STRONG_CONSENSUS	1.816008891589348	2	-1.6212386547921287	0.0979208782051749	-1.6401672317646048	0.0761590925514601		RESISTANCE_ONLY
reactome	REACTOME_CHROMOSOME_MAINTENANCE	STRONG_CONSENSUS	-1.5549990668817018	2	-0.9419254329510954	0.8355140987915322	-1.233678115653228	0.3190069628647214		RESISTANCE_ONLY
go_bp	GOBP_HEART_DEVELOPMENT	STRONG_CONSENSUS	1.5503948623351087	2	-1.3214157898299734	0.0490548505725815			CITED2	RESISTANCE_ONLY
go_bp	GOBP_POSITIVE_REGULATION_OF_CELL_SUBSTRATE_ADHESION	STRONG_CONSENSUS	1.5127871263660122	2	-1.5141052874150542	0.0524966079631969	1.1423053373547931	0.5967799246436665		RESISTANCE_ONLY
go_bp	GOBP_EMBRYONIC_ORGAN_DEVELOPMENT	STRONG_CONSENSUS	1.5750477802663458	2	-1.0393727565230142	0.6366064538891192	0.886994242121337	0.9331436768297168	CITED2	RESISTANCE_ONLY
go_bp	GOBP_REGULATION_OF_SISTER_CHROMATID_SEGREGATION	STRONG_CONSENSUS	-1.5661842728981523	2	-0.9129945428763118	0.8355978828900391	1.1493620187345532	0.6137033640926701		RESISTANCE_ONLY
go_bp	GOBP_REGULATION_OF_CHEMOTAXIS	STRONG_CONSENSUS	1.5118019692151905	2	-1.0838420941984548	0.5567623590879405	0.8849309944638785	0.8924753202366997		RESISTANCE_ONLY
go_bp	GOBP_RESPONSE_TO_MOLECULE_OF_BACTERIAL_ORIGIN	STRONG_CONSENSUS	1.4513978599176036	2	-1.1493854518790678	0.4009342303353193	1.0376178522528192	0.7106319061348978		RESISTANCE_ONLY
go_bp	GOBP_HEMOSTASIS	STRONG_CONSENSUS	1.570252247759928	2	-1.293351951162654	0.1664243413352361	1.060172375192334	0.6966130605006319		RESISTANCE_ONLY
go_bp	GOBP_REPLACEMENT_OSSIFICATION	STRONG_CONSENSUS	1.874804201724248	2	0.9299324452446056	0.7951870429056354	0.8645562553225713	0.8589007304884134		RESISTANCE_ONLY
go_bp	GOBP_AXIS_ELONGATION	STRONG_CONSENSUS	1.717052360944388	2	-1.6097646197585118	0.1185911346316908	-1.3467427310732998	0.4889128728414442		RESISTANCE_ONLY
go_bp	GOBP_HEAD_MORPHOGENESIS	STRONG_CONSENSUS	1.7423969801932562	2	-0.960750707779546	0.7570154733805403	-0.8614608931038844	0.8889471290259698		RESISTANCE_ONLY
go_bp	GOBP_ARTERY_MORPHOGENESIS	DIRECTIONAL_CONSENSUS	1.486542776886427	1	-0.938850428581865	0.7837024128148615	1.3992926851541223	0.3543491864831039	CITED2	RESISTANCE_ONLY
go_bp	GOBP_APPENDAGE_DEVELOPMENT	DIRECTIONAL_CONSENSUS	1.4103892486112235	1	-1.6336811269940563	0.0085799885867696	0.8416311551867369	0.9350009707324176		RESISTANCE_ONLY
go_bp	GOBP_REGULATION_OF_MUSCLE_ADAPTATION	DIRECTIONAL_CONSENSUS	1.51848349808761	1	-0.8310802490097763	0.906998329970202	0.833620620547829	0.8951721310896098		RESISTANCE_ONLY
reactome	REACTOME_PROCESSING_OF_DNA_DOUBLE_STRAND_BREAK_ENDS	DIRECTIONAL_CONSENSUS	-1.495780678697915	1	-1.4384519806119849	0.1494140961631002	-1.1245980449415578	0.4929038057377256		RESISTANCE_ONLY
go_bp	GOBP_REGULATION_OF_ACTIN_FILAMENT_LENGTH	DIRECTIONAL_CONSENSUS	1.494557691937191	1	-0.9941822249421416	0.7376938873160812	1.2253576107167206	0.4682636357900969		RESISTANCE_ONLY
go_bp	GOBP_CELL_GROWTH	DIRECTIONAL_CONSENSUS	1.205715921493861	1	0.9478211302284464	0.8481352879647034	1.1076055940103997	0.5727256176502319		RESISTANCE_ONLY
reactome	REACTOME_G2_M_CHECKPOINTS	DIRECTIONAL_CONSENSUS	-1.3784223038221273	1	-1.610121088858435	0.0199909574069229	-1.4363915469335875	0.0761590925514601		RESISTANCE_ONLY
reactome	REACTOME_SENSORY_PERCEPTION	DIRECTIONAL_CONSENSUS	1.561253275724558	1	-1.1690619070471304	0.3810827891299768				RESISTANCE_ONLY
go_bp	GOBP_SODIUM_ION_TRANSMEMBRANE_TRANSPORT	DIRECTIONAL_CONSENSUS	1.3799796994913809	1	1.2130241730219515	0.3561232767303598	1.096059051636829	0.654737170590699		RESISTANCE_ONLY
go_bp	GOBP_PROTEIN_KINASE_C_SIGNALING	DIRECTIONAL_CONSENSUS	1.63154281934878	1	-0.9911443261003112	0.7209166304233717	1.2793591148067542	0.5206724576411137		RESISTANCE_ONLY
go_bp	GOBP_REGULATION_OF_MONOATOMIC_ION_TRANSPORT	DIRECTIONAL_CONSENSUS	1.2783394281451346	1	0.9141697512756224	0.8936354962066114	1.3158021530770236	0.2012078628523166		RESISTANCE_ONLY
reactome	REACTOME_RESPONSE_TO_ELEVATED_PLATELET_CYTOSOLIC_CA2	DIRECTIONAL_CONSENSUS	1.5566073911479144	1	-1.2132161157877226	0.3295880683843554	1.098757137565702	0.5075178279920955		RESISTANCE_ONLY
go_bp	GOBP_CELLULAR_RESPONSE_TO_MOLECULE_OF_BACTERIAL_ORIGIN	DIRECTIONAL_CONSENSUS	1.4322364288873324	1	-1.090535973090395	0.542163061977465	0.9793123886450336	0.7901149199894731		RESISTANCE_ONLY
go_bp	GOBP_NEGATIVE_REGULATION_OF_RESPONSE_TO_EXTERNAL_STIMULUS	DIRECTIONAL_CONSENSUS	1.342288822770325	1	-0.8660141033368765	0.9611906740309888	1.16141023656496	0.4657813561980446		RESISTANCE_ONLY
go_bp	GOBP_GLIAL_CELL_DEVELOPMENT	DIRECTIONAL_CONSENSUS	1.3675432532910234	1	-1.018630342651233	0.6900000000000001	1.5172370187931434	0.1209907022954217		RESISTANCE_ONLY
reactome	REACTOME_TELOMERE_MAINTENANCE	DIRECTIONAL_CONSENSUS	-1.5487635345578048	1	-0.9695197420314008	0.7897947576354318	-1.154776551928652	0.4483245048364809		RESISTANCE_ONLY
go_bp	GOBP_REGULATION_OF_TUBE_SIZE	DIRECTIONAL_CONSENSUS	1.3988054786690112	1	-1.2272952493261495	0.3585041278186224	1.0108038438317122	0.7544836464577384		RESISTANCE_ONLY
go_bp	GOBP_NEURON_APOPTOTIC_PROCESS	DIRECTIONAL_CONSENSUS	1.3004161736642776	1	1.0190016606038088	0.6884353741496598	1.2104001747425412	0.403020484375858		RESISTANCE_ONLY
go_bp	GOBP_PANCREAS_DEVELOPMENT	DIRECTIONAL_CONSENSUS	1.4911530022583788	1	-0.8285323767935977	0.9139787781621804	1.1327370388467235	0.6363346091696999		RESISTANCE_ONLY
go_bp	GOBP_NEGATIVE_REGULATION_OF_CANONICAL_WNT_SIGNALING_PATHWAY	DIRECTIONAL_CONSENSUS	1.3824521410041273	1	-0.9878301673502932	0.7310346035304006	-1.0676512624806769	0.6792460762331839		RESISTANCE_ONLY
go_bp	GOBP_CELL_CELL_ADHESION_VIA_PLASMA_MEMBRANE_ADHESION_MOLECULES	DIRECTIONAL_CONSENSUS	1.2771714373955991	1	-1.637606943426161	0.0032597287261134	1.0171282138026545	0.7394803176965362		RESISTANCE_ONLY
go_bp	GOBP_REGULATION_OF_MIRNA_TRANSCRIPTION	DIRECTIONAL_CONSENSUS	1.551947620866389	1	-1.393460725845137	0.2288277703754548	-1.1348759388429095	0.6602545793963236		RESISTANCE_ONLY
go_bp	GOBP_RESPONSE_TO_PEPTIDE_HORMONE	DIRECTIONAL_CONSENSUS	1.3796334110808302	1	1.1920151574544482	0.2891134868838721	1.0888504620948731	0.605301724137931		RESISTANCE_ONLY
go_bp	GOBP_POSITIVE_REGULATION_OF_ANIMAL_ORGAN_MORPHOGENESIS	DIRECTIONAL_CONSENSUS	1.6978551698431572	1	-1.311857897292082	0.3905928365582544	0.8597652892306767	0.865784271981484		RESISTANCE_ONLY
go_bp	GOBP_PHARYNGEAL_SYSTEM_DEVELOPMENT	DIRECTIONAL_CONSENSUS	1.4816842099348344	1	-1.4579209237551285	0.2813254543143982	-1.1591775565610842	0.6156750226517668		RESISTANCE_ONLY
go_bp	GOBP_PEPTIDYL_TYROSINE_DEPHOSPHORYLATION	DIRECTIONAL_CONSENSUS	1.6090101680782236	1	-1.034368514128453	0.6738186796499376	0.9471868766169717	0.810761523347812		RESISTANCE_ONLY
go_bp	GOBP_CHONDROITIN_SULFATE_PROTEOGLYCAN_METABOLIC_PROCESS	DIRECTIONAL_CONSENSUS	1.6047321602418874	1	1.755298198209115	0.0573882023950155	0.9025125293621626	0.8370970145546669		RESISTANCE_ONLY
go_bp	GOBP_SPINDLE_ASSEMBLY	DIRECTIONAL_CONSENSUS	-1.253758158821038	1	-0.8449378151733933	0.9302917694525884	-1.0009267381950884	0.7644835737868131		RESISTANCE_ONLY
go_bp	GOBP_REGULATION_OF_MIRNA_METABOLIC_PROCESS	DIRECTIONAL_CONSENSUS	1.5955555410806477	1	-1.3744048111884133	0.1664243413352361	-1.0893637490846244	0.6633646308898268		RESISTANCE_ONLY
go_bp	GOBP_REGULATION_OF_ACTOMYOSIN_STRUCTURE_ORGANIZATION	DIRECTIONAL_CONSENSUS	1.5191346848780596	1	-1.2992268666926812	0.2952847805788982	1.284333768410954	0.4490010788496151		RESISTANCE_ONLY
go_bp	GOBP_GLYCOPROTEIN_BIOSYNTHETIC_PROCESS	DIRECTIONAL_CONSENSUS	1.2572263207584633	1	1.5778724631162433	0.0043767255882253	1.1203019878749678	0.5825097574574853		RESISTANCE_ONLY
go_bp	GOBP_NON_CANONICAL_WNT_SIGNALING_PATHWAY	DIRECTIONAL_CONSENSUS	1.6245690223647733	1	-1.280785702826865	0.3647098515519568	-1.1598273623954645	0.6281160543893131		RESISTANCE_ONLY
reactome	REACTOME_METABOLISM_OF_FAT_SOLUBLE_VITAMINS	DIRECTIONAL_CONSENSUS	1.4198982057355924	1	0.9661682461346748	0.7871170811721416	1.1971134055348036	0.4177914785863701		RESISTANCE_ONLY
go_bp	GOBP_POSITIVE_REGULATION_OF_ENDOTHELIAL_CELL_MIGRATION	DIRECTIONAL_CONSENSUS	1.3615351199141803	1	-1.1861260363177744	0.4468617236734271	-1.3603652972908271	0.2174588568233843		RESISTANCE_ONLY
go_bp	GOBP_REGULATION_OF_POSTSYNAPSE_ORGANIZATION	DIRECTIONAL_CONSENSUS	1.4861448301732756	1	-0.9578115516995463	0.774274320689975	0.9244982190976608	0.8433659274322203		RESISTANCE_ONLY
reactome	REACTOME_EXTENSION_OF_TELOMERES	DIRECTIONAL_CONSENSUS	-1.5198897307117512	1	0.8427353259588233	0.9170538203130584	-1.15019051658848	0.4666090469169582		RESISTANCE_ONLY
go_bp	GOBP_SECONDARY_PALATE_DEVELOPMENT	DIRECTIONAL_CONSENSUS	1.6725983572973102	1	-1.6699041637833358	0.0930112207432143	0.9738515981220016	0.7878260869565218		RESISTANCE_ONLY
go_bp	GOBP_NEUROBLAST_PROLIFERATION	DIRECTIONAL_CONSENSUS	1.4558684984622932	1	-0.8998105535779355	0.837953687741695	1.1670959776145111	0.6093863472789276		RESISTANCE_ONLY
go_bp	GOBP_RESPONSE_TO_MUSCLE_STRETCH	DIRECTIONAL_CONSENSUS	1.4704470501327864	1	-1.351995129553044	0.3905928365582544	-0.9441574512105018	0.7970200251589434		RESISTANCE_ONLY
reactome	REACTOME_MUSCLE_CONTRACTION	DIRECTIONAL_CONSENSUS	1.5050831899333623	1	-1.315976098059178	0.201764698092654	1.1665771270580136	0.3869715319369533		RESISTANCE_ONLY
go_bp	GOBP_ANTERIOR_POSTERIOR_PATTERN_SPECIFICATION	DIRECTIONAL_CONSENSUS	1.335606243843344	1	-1.2476933133304051	0.28125	0.9511415749705664	0.8341884915638379		RESISTANCE_ONLY
go_bp	GOBP_RESPONSE_TO_FIBROBLAST_GROWTH_FACTOR	DIRECTIONAL_CONSENSUS	1.4794550734430407	1	-1.261025508406556	0.3399776035834266	-1.4001380330239968	0.1828835080679578		RESISTANCE_ONLY
go_bp	GOBP_BEHAVIOR	DIRECTIONAL_CONSENSUS	1.3273383562562553	1	1.058178630338927	0.5582391433670435				RESISTANCE_ONLY
go_bp	GOBP_REGULATION_OF_EPITHELIAL_CELL_DIFFERENTIATION	DIRECTIONAL_CONSENSUS	1.4408765629341094	1	-1.340999621635814	0.1868443834371132	0.9470143705555648	0.8306433178624315	VEZF1	RESISTANCE_ONLY
go_bp	GOBP_LEUKOCYTE_DIFFERENTIATION	DIRECTIONAL_CONSENSUS	1.3034468361787828	1					CITED2	RESISTANCE_ONLY
go_bp	GOBP_PROTEIN_LOCALIZATION_TO_PLASMA_MEMBRANE	DIRECTIONAL_CONSENSUS	1.3143159999810754	1	1.1345627666773053	0.422979797979798	1.1790939948616794	0.4906828162810647		RESISTANCE_ONLY
go_bp	GOBP_MUSCLE_CELL_DEVELOPMENT	DIRECTIONAL_CONSENSUS	1.4241656266458596	1	-1.6084060778632376	0.0085799885867696	-0.9559336405165884	0.8370970145546669		RESISTANCE_ONLY
reactome	REACTOME_CELL_SURFACE_INTERACTIONS_AT_THE_VASCULAR_WALL	DIRECTIONAL_CONSENSUS	1.6408179817949955	1	-0.9833203322216066	0.7689052587391755	-1.0968647772488398	0.5006993006993007		RESISTANCE_ONLY
go_bp	GOBP_DNA_REPLICATION	DIRECTIONAL_CONSENSUS	-1.2641958154004815	1	-1.640577170905901	0.0006978534096765	-1.3572596771846914	0.093152893701238		RESISTANCE_ONLY
go_bp	GOBP_NEURON_PROJECTION_ORGANIZATION	DIRECTIONAL_CONSENSUS	1.4014971172380144	1	-1.0446259639369928	0.6428895075435961	1.1928210327357571	0.5714688940092165		RESISTANCE_ONLY
reactome	REACTOME_HOMOLOGY_DIRECTED_REPAIR	DIRECTIONAL_CONSENSUS	-1.4082000410488518	1	-1.6316258351852269	0.0237129522243029	-1.2011474371926532	0.3682806090003366		RESISTANCE_ONLY
go_bp	GOBP_RESPONSE_TO_MECHANICAL_STIMULUS	DIRECTIONAL_CONSENSUS	1.338368542913304	1	-1.293766866166162	0.22083886698861	-0.933527959476848	0.8628571428571429	CITED2	RESISTANCE_ONLY
go_bp	GOBP_HEPARAN_SULFATE_PROTEOGLYCAN_BIOSYNTHETIC_PROCESS	DIRECTIONAL_CONSENSUS	1.7216518225589763	1	-0.7310627422625456	0.9455266138165344	-0.933078311022544	0.8183225806451614		RESISTANCE_ONLY
reactome	REACTOME_ELASTIC_FIBRE_FORMATION	DIRECTIONAL_CONSENSUS	1.6727349785725196	1	-1.4086067230817532	0.2748046875	1.443646673201967	0.2230783662092624		RESISTANCE_ONLY
go_bp	GOBP_EPITHELIAL_CELL_DIFFERENTIATION	DIRECTIONAL_CONSENSUS	1.4715514887057752	1					VEZF1	RESISTANCE_ONLY
go_bp	GOBP_REGULATION_OF_NEURON_PROJECTION_DEVELOPMENT	DIRECTIONAL_CONSENSUS	1.3043342754972254	1	0.8860943173601996	0.9328880724048206	1.063217830374867	0.6683216594752738		RESISTANCE_ONLY
go_bp	GOBP_PRODUCTION_OF_MOLECULAR_MEDIATOR_INVOLVED_IN_INFLAMMATORY_RESPONSE	DIRECTIONAL_CONSENSUS	1.6139961711798514	1	-0.8236500101672568	0.9203867483710326	-1.104393742932966	0.6601202920152961		RESISTANCE_ONLY
go_bp	GOBP_REGULATION_OF_TRANS_SYNAPTIC_SIGNALING	DIRECTIONAL_CONSENSUS	1.267688522238784	1	-1.0203608481338682	0.6713072155893166	1.3486612065880188	0.1221413195893787		RESISTANCE_ONLY
go_bp	GOBP_TERPENOID_METABOLIC_PROCESS	DIRECTIONAL_CONSENSUS	1.5297081979363902	1	1.4024519353520062	0.2268328269039795	1.1989731566877622	0.559294668861593		RESISTANCE_ONLY
reactome	REACTOME_RHO_GTPASE_CYCLE	DIRECTIONAL_CONSENSUS	1.3136890046835492	1	-1.4338926017700888	0.0090938425483837	1.065960782142085	0.5167132767692089		RESISTANCE_ONLY
go_bp	GOBP_ADENYLATE_CYCLASE_MODULATING_G_PROTEIN_COUPLED_RECEPTOR_SIGNALING_PATHWAY	DIRECTIONAL_CONSENSUS	1.306447780787119	1	-1.165150327823497	0.4418420457116994	1.1353257350732275	0.5784691746467164		RESISTANCE_ONLY
go_bp	GOBP_POSITIVE_REGULATION_OF_PROTEOLYSIS	DIRECTIONAL_CONSENSUS	1.29971190639377	1	1.1122999587566993	0.481111903064861	-1.0200988464615148	0.7126095966339976		RESISTANCE_ONLY
go_bp	GOBP_PROTON_TRANSMEMBRANE_TRANSPORT	DIRECTIONAL_CONSENSUS	1.4198852936779105	1	1.0381326589610964	0.6759531121685622	0.7282743155888871	0.9818341577714136		RESISTANCE_ONLY
hallmark	HALLMARK_GLYCOLYSIS	DIRECTIONAL_CONSENSUS	1.3218542815825869	1	1.443593059956482	0.0153316548308294	0.9530979590393835	0.699261579771761	CITED2	RESISTANCE_ONLY
go_bp	GOBP_MUCOPOLYSACCHARIDE_METABOLIC_PROCESS	DIRECTIONAL_CONSENSUS	1.5379441670946794	1	1.3446928551352897	0.2993455408700892	1.2240587617549357	0.5187553930530164		RESISTANCE_ONLY
go_bp	GOBP_REGULATION_OF_MYELOID_CELL_DIFFERENTIATION	DIRECTIONAL_CONSENSUS	1.4322179028371602	1	-0.901870600365561	0.882434679888711	-0.9715728525073728	0.8139418812584314		RESISTANCE_ONLY
go_bp	GOBP_PLATELET_DERIVED_GROWTH_FACTOR_RECEPTOR_SIGNALING_PATHWAY	DIRECTIONAL_CONSENSUS	1.4545764201300733	1	-1.0460365260750022	0.6703372212872757	1.5014490194698868	0.2361301777142699		RESISTANCE_ONLY
go_bp	GOBP_REGULATION_OF_CELL_MORPHOGENESIS	DIRECTIONAL_CONSENSUS	1.4457335218539638	1	-1.334119400395742	0.1226411893817923	1.1874629332149722	0.4795060276389297		RESISTANCE_ONLY
go_bp	GOBP_NEGATIVE_REGULATION_OF_GLIAL_CELL_DIFFERENTIATION	DIRECTIONAL_CONSENSUS	1.67610609785951	1	1.1067016547502322	0.644750254841998	1.1693858505915644	0.631923612209905		RESISTANCE_ONLY
go_bp	GOBP_SUPEROXIDE_METABOLIC_PROCESS	DIRECTIONAL_CONSENSUS	1.5882136061819456	1	-0.8163853790543399	0.9211122259849216	0.8245475149565102	0.8974268388666286		RESISTANCE_ONLY
go_bp	GOBP_CARDIAC_MUSCLE_CELL_DIFFERENTIATION	DIRECTIONAL_CONSENSUS	1.435348267043595	1	-1.3605489417857706	0.2083477855485482	0.8875156456781703	0.877754755258093		RESISTANCE_ONLY
go_bp	GOBP_MUSCLE_STRUCTURE_DEVELOPMENT	DIRECTIONAL_CONSENSUS	1.4225326425176577	1					CITED2	RESISTANCE_ONLY
go_bp	GOBP_PROTEIN_HYDROXYLATION	DIRECTIONAL_CONSENSUS	1.5991963056544911	1	-1.1495752327170026	0.5700509215447703	1.2382037556709842	0.579117862233854		RESISTANCE_ONLY
go_bp	GOBP_CHONDROCYTE_PROLIFERATION	DIRECTIONAL_CONSENSUS	1.6626046733344173	1	-0.8144032615441281	0.8696548879417022	0.7719991586242775	0.915228876960142		RESISTANCE_ONLY
go_bp	GOBP_REGULATION_OF_MEMBRANE_POTENTIAL	DIRECTIONAL_CONSENSUS	1.289837460992935	1	-1.0814319575837967	0.536164314516129	1.413814154716353	0.072717807936894		RESISTANCE_ONLY
go_bp	GOBP_ASTROCYTE_DIFFERENTIATION	DIRECTIONAL_CONSENSUS	1.5260555001997858	1	0.9106712891530908	0.8446697886433646	1.322323899333074	0.440054805021444		RESISTANCE_ONLY
go_bp	GOBP_VENTRICULAR_SEPTUM_DEVELOPMENT	DIRECTIONAL_CONSENSUS	1.5614104152931347	1	-0.887634115580354	0.8651215805471124	-1.0322007048469128	0.7396986883130846	CITED2	RESISTANCE_ONLY
go_bp	GOBP_VASOCONSTRICTION	DIRECTIONAL_CONSENSUS	1.6410116923750837	1	-1.542284287533996	0.0757685692916707	1.331766955427072	0.403020484375858		RESISTANCE_ONLY
go_bp	GOBP_RESPONSE_TO_TUMOR_NECROSIS_FACTOR	DIRECTIONAL_CONSENSUS	1.43473461473358	1	-1.1689463468593255	0.4136128928513998	1.2151499286414529	0.4566884454776831		RESISTANCE_ONLY
go_bp	GOBP_HORMONE_TRANSPORT	DIRECTIONAL_CONSENSUS	1.2863928592972744	1	-1.2180438457734468	0.3139266394612461	-0.8200070233457901	0.984464463220676		RESISTANCE_ONLY
go_bp	GOBP_PROTEOGLYCAN_METABOLIC_PROCESS	DIRECTIONAL_CONSENSUS	1.4220504119149755	1	1.261507941513875	0.3500862424055195	-1.012731584522219	0.7472101547651372		RESISTANCE_ONLY
go_bp	GOBP_NEGATIVE_REGULATION_OF_GLIOGENESIS	DIRECTIONAL_CONSENSUS	1.4831937480153166	1	1.0402814508084706	0.675966256316841	1.2252496499946015	0.5733453722468872		RESISTANCE_ONLY
go_bp	GOBP_REGULATION_OF_GTPASE_ACTIVITY	DIRECTIONAL_CONSENSUS	1.3946975011659593	1	1.0907580806160075	0.5446584348581398	1.4991405408606209	0.0515138187043147		RESISTANCE_ONLY
go_bp	GOBP_MUSCLE_SYSTEM_PROCESS	DIRECTIONAL_CONSENSUS	1.2747938596760582	1	-1.2934097582607789	0.087994966312931	0.8268481265039248	0.975868680909204		RESISTANCE_ONLY
go_bp	GOBP_EMBRYONIC_SKELETAL_SYSTEM_MORPHOGENESIS	DIRECTIONAL_CONSENSUS	1.538049032326511	1	-1.0602460581875484	0.628101290642918	-0.9541497256020764	0.8260882543697066		RESISTANCE_ONLY
go_bp	GOBP_NEGATIVE_REGULATION_OF_NERVOUS_SYSTEM_DEVELOPMENT	DIRECTIONAL_CONSENSUS	1.440184548636077	1	0.948682397924773	0.7956290882127062	1.5347828918276925	0.0977898394408802		RESISTANCE_ONLY
go_bp	GOBP_POSITIVE_REGULATION_OF_BIOMINERAL_TISSUE_DEVELOPMENT	DIRECTIONAL_CONSENSUS	1.6898321458773005	1	0.9005257787454838	0.8394927183283816	1.0798425662125175	0.6947615964009406		RESISTANCE_ONLY
go_bp	GOBP_DOPAMINERGIC_NEURON_DIFFERENTIATION	DIRECTIONAL_CONSENSUS	1.6318402109181036	1	-0.8867120291572123	0.8291689542739974	0.7119408046509251	0.9550542057233804		RESISTANCE_ONLY
go_bp	GOBP_RESPONSE_TO_KETONE	DIRECTIONAL_CONSENSUS	1.3338698208499942	1	-1.3385216853675417	0.1246612382784623	1.020236065946634	0.7373458852110537		RESISTANCE_ONLY
go_bp	GOBP_REGULATION_OF_ANATOMICAL_STRUCTURE_SIZE	DIRECTIONAL_CONSENSUS	1.260537664396893	1	-1.123529685971714	0.4136128928513998	1.1562875887972477	0.4770449266402184		RESISTANCE_ONLY
go_bp	GOBP_EPIDERMIS_DEVELOPMENT	DIRECTIONAL_CONSENSUS	1.314732678641623	1	-1.4694800344672854	0.0218745641918738	1.0211654848053595	0.7376371901073597		RESISTANCE_ONLY
go_bp	GOBP_MITOTIC_SISTER_CHROMATID_SEPARATION	DIRECTIONAL_CONSENSUS	-1.5820761728614574	1	-0.9821551137716265	0.7472869686980368	-1.124551903348246	0.6754848085744131		RESISTANCE_ONLY
reactome	REACTOME_NUCLEAR_EVENTS_KINASE_AND_TRANSCRIPTION_FACTOR_ACTIVATION	DIRECTIONAL_CONSENSUS	1.6433451203640068	1	0.9410999938981712	0.8299296953465014	-1.049671030531547	0.5837087339474215		RESISTANCE_ONLY
reactome	REACTOME_EARLY_SARS_COV_2_INFECTION_EVENTS	DIRECTIONAL_CONSENSUS	1.4063197022747929	1	0.6820160470272013	0.98629500180782	1.1112746694480042	0.5197822141560798		RESISTANCE_ONLY
go_bp	GOBP_NEGATIVE_REGULATION_OF_RESPONSE_TO_WOUNDING	DIRECTIONAL_CONSENSUS	1.7410183933727978	1	-1.1275436145430773	0.5189756980505029	1.3122794985735546	0.4108338020247468		RESISTANCE_ONLY
go_bp	GOBP_SMOOTH_MUSCLE_CELL_MIGRATION	DIRECTIONAL_CONSENSUS	1.6025203889427952	1	-1.0277166510247298	0.686653745246992	1.2944611165576658	0.4995536417581264		RESISTANCE_ONLY
go_bp	GOBP_CHROMOSOME_SEGREGATION	DIRECTIONAL_CONSENSUS	-1.268151334061932	1	-0.9630721370589628	0.8002383901341111	-1.0403956460853423	0.690302499756833		RESISTANCE_ONLY
go_bp	GOBP_POSITIVE_REGULATION_OF_LEUKOCYTE_CHEMOTAXIS	DIRECTIONAL_CONSENSUS	1.5409957133747298	1	-1.148192882956684	0.4820621699602591	-1.184235164437714	0.5468928707586733		RESISTANCE_ONLY
go_bp	GOBP_HORMONE_METABOLIC_PROCESS	DIRECTIONAL_CONSENSUS	1.5467523672085135	1	-1.0215467207476532	0.686653745246992	1.2183774352323598	0.4511114486809458		RESISTANCE_ONLY
reactome	REACTOME_IRE1ALPHA_ACTIVATES_CHAPERONES	DIRECTIONAL_CONSENSUS	1.6783675651871246	1	2.595049652242261	3.1878480132491127e-11	-1.6010303861780393	0.064599567646614		RESISTANCE_ONLY
go_bp	GOBP_ISOPRENOID_METABOLIC_PROCESS	DIRECTIONAL_CONSENSUS	1.4716928596187624	1	1.8021632224262043	0.0036120348691854	1.0751523559383316	0.6830499009187534		RESISTANCE_ONLY
go_bp	GOBP_NEGATIVE_REGULATION_OF_MUSCLE_HYPERTROPHY	DIRECTIONAL_CONSENSUS	1.6339528299946282	1	-0.7379256705811337	0.9441401880082148	1.1319457620812576	0.6722525921744555		RESISTANCE_ONLY
go_bp	GOBP_REGULATION_OF_EXTRACELLULAR_MATRIX_ORGANIZATION	DIRECTIONAL_CONSENSUS	1.759806982527042	1	0.7594702981968461	0.9623454477332334	1.1065026840672991	0.6803504380475595		RESISTANCE_ONLY
go_bp	GOBP_REGULATION_OF_ACTIN_FILAMENT_BUNDLE_ASSEMBLY	DIRECTIONAL_CONSENSUS	1.4123730176126	1	-1.3314235436445525	0.2759405975150076	1.494041713531327	0.1748934538160895		RESISTANCE_ONLY
go_bp	GOBP_ENDOCARDIAL_CUSHION_DEVELOPMENT	DIRECTIONAL_CONSENSUS	1.5733338370442502	1	-1.2618260247333617	0.4057177615571776	-1.097313257831224	0.6879038925540352	CITED2	RESISTANCE_ONLY
go_bp	GOBP_NEGATIVE_REGULATION_OF_WNT_SIGNALING_PATHWAY	DIRECTIONAL_CONSENSUS	1.4189467119391883	1	-0.9008613137712274	0.8731703428322548	-1.0950806889820668	0.6468109292041533		RESISTANCE_ONLY
reactome	REACTOME_ASSEMBLY_OF_COLLAGEN_FIBRILS_AND_OTHER_MULTIMERIC_STRUCTURES	DIRECTIONAL_CONSENSUS	1.5937800820553818	1	-1.5603706102584325	0.0874438931290916	0.8516288496624516	0.8424420640943319		RESISTANCE_ONLY
go_bp	GOBP_REGULATION_OF_MUSCLE_SYSTEM_PROCESS	DIRECTIONAL_CONSENSUS	1.4223995553487638	1	-1.2219962379134042	0.300274460351606	-0.913629465430328	0.8895272727272727		RESISTANCE_ONLY
go_bp	GOBP_REGULATION_OF_TRANSFERASE_ACTIVITY	DIRECTIONAL_CONSENSUS	1.3543667223042086	1						RESISTANCE_ONLY
go_bp	GOBP_ORGANIC_HYDROXY_COMPOUND_METABOLIC_PROCESS	DIRECTIONAL_CONSENSUS	1.3896186409227755	1	1.6322490925019562	7.876905189492671e-05				RESISTANCE_ONLY
go_bp	GOBP_NEGATIVE_REGULATION_OF_CELL_CELL_ADHESION	DIRECTIONAL_CONSENSUS	1.3151636695589066	1	0.9287303800994192	0.8314670933942733	1.03744637190211	0.7102822477922941		RESISTANCE_ONLY
reactome	REACTOME_SIGNALING_BY_GPCR	DIRECTIONAL_CONSENSUS	1.2629847036807698	1	-1.2592633826447777	0.1071102455158772				RESISTANCE_ONLY
go_bp	GOBP_CELLULAR_RESPONSE_TO_CALCIUM_ION	DIRECTIONAL_CONSENSUS	1.5265033180268943	1	-1.0424122828419309	0.6721637146960269	0.8807038630746735	0.8700340776611963		RESISTANCE_ONLY
go_bp	GOBP_NEGATIVE_REGULATION_OF_INTRACELLULAR_SIGNAL_TRANSDUCTION	DIRECTIONAL_CONSENSUS	1.3456150909161084	1						RESISTANCE_ONLY
go_bp	GOBP_CELL_PROLIFERATION_INVOLVED_IN_KIDNEY_DEVELOPMENT	DIRECTIONAL_CONSENSUS	1.5964228779294891	1	-0.9788741044762308	0.7420602605863192	-0.8501870245781037	0.8678187498085818		RESISTANCE_ONLY
go_bp	GOBP_REGULATION_OF_MONOATOMIC_ION_TRANSMEMBRANE_TRANSPORT	DIRECTIONAL_CONSENSUS	1.3567385545729749	1	-0.9467322508873004	0.827918742661797	1.4557810364972608	0.0708987282149621		RESISTANCE_ONLY
go_bp	GOBP_POSITIVE_REGULATION_OF_MORPHOGENESIS_OF_AN_EPITHELIUM	DIRECTIONAL_CONSENSUS	1.6323221758836084	1	0.8062511851514136	0.908636408195275	-0.7475572488562597	0.9509765625		RESISTANCE_ONLY
go_bp	GOBP_SIGNAL_RELEASE	DIRECTIONAL_CONSENSUS	1.3328893823887915	1	-1.1159990108343545	0.4432630922094753	0.916514738416678	0.8902810905031208		RESISTANCE_ONLY
go_bp	GOBP_ATTACHMENT_OF_SPINDLE_MICROTUBULES_TO_KINETOCHORE	DIRECTIONAL_CONSENSUS	-1.539641064854331	1	-0.884490877327468	0.8596526130839355	-1.7074068447873283	0.0751037818547715		RESISTANCE_ONLY
reactome	REACTOME_GLYCOSAMINOGLYCAN_METABOLISM	DIRECTIONAL_CONSENSUS	1.357138878123557	1	1.1784522388191436	0.4348504765034505	1.2971352563173228	0.2433805639043939		RESISTANCE_ONLY
go_bp	GOBP_NEGATIVE_REGULATION_OF_LYMPHOCYTE_ACTIVATION	DIRECTIONAL_CONSENSUS	1.3785111888621333	1	0.8934179116556232	0.8793546700081811	0.9694756835469832	0.8055043899785245		RESISTANCE_ONLY
go_bp	GOBP_CELLULAR_RESPONSE_TO_CHEMICAL_STRESS	DIRECTIONAL_CONSENSUS	1.4127914347404815	1	1.2889702348642107	0.1583924404161556	-1.0275264276888445	0.7154230038022814		RESISTANCE_ONLY
go_bp	GOBP_MUSCLE_ADAPTATION	DIRECTIONAL_CONSENSUS	1.5146289436225029	1	0.9722226298087986	0.762302305640244	0.8598424521129673	0.8889471290259698		RESISTANCE_ONLY
reactome	REACTOME_RECRUITMENT_OF_NUMA_TO_MITOTIC_CENTROSOMES	DIRECTIONAL_CONSENSUS	-1.4394828801196071	1	-0.976595524136976	0.7747770160695858	-1.2671769893122964	0.2852790816021194		RESISTANCE_ONLY
go_bp	GOBP_POSITIVE_REGULATION_OF_PROTEIN_KINASE_ACTIVITY	DIRECTIONAL_CONSENSUS	1.2869884199628252	1	-1.1825898697748007	0.3988289607026236	1.0780469520002416	0.6706032148618969		RESISTANCE_ONLY
hallmark	HALLMARK_APOPTOSIS	DIRECTIONAL_CONSENSUS	1.37784962420357	1	0.9655139161043348	0.6016042780748664	0.9294203541195768	0.720164609053498		RESISTANCE_ONLY
reactome	REACTOME_VISUAL_PHOTOTRANSDUCTION	DIRECTIONAL_CONSENSUS	1.5092569265210782	1	1.0955814551590073	0.6070797399279211	0.961938259686895	0.7108098176928922		RESISTANCE_ONLY
go_bp	GOBP_EPITHELIAL_TUBE_BRANCHING_INVOLVED_IN_LUNG_MORPHOGENESIS	DIRECTIONAL_CONSENSUS	1.6463753776623309	1	-1.4688934788886203	0.2813254543143982	-1.7370636932027843	0.0917209515877246		RESISTANCE_ONLY
go_bp	GOBP_APOPTOTIC_PROCESS_INVOLVED_IN_DEVELOPMENT	DIRECTIONAL_CONSENSUS	1.6308322776662996	1	-1.0025071698446315	0.7158363685001132	-0.5678625402633609	0.9967049163069795		RESISTANCE_ONLY
reactome	REACTOME_AURKA_ACTIVATION_BY_TPX2	DIRECTIONAL_CONSENSUS	-1.5319308675171797	1	-0.6859294375880232	1.0	-1.0983566920063423	0.5026751709264442		RESISTANCE_ONLY
go_bp	GOBP_NEGATIVE_REGULATION_OF_PROTEIN_LOCALIZATION	DIRECTIONAL_CONSENSUS	1.3370151794513023	1	1.3004066791661466	0.1964861870204971	1.322486889921358	0.1799110214151329		RESISTANCE_ONLY
go_bp	GOBP_AMINOGLYCAN_BIOSYNTHETIC_PROCESS	DIRECTIONAL_CONSENSUS	1.4129508263945565	1	1.286922586696878	0.3342868269524984	0.9863837638482972	0.7799735991276233		RESISTANCE_ONLY
go_bp	GOBP_NEGATIVE_REGULATION_OF_ERK1_AND_ERK2_CASCADE	DIRECTIONAL_CONSENSUS	1.502083763366867	1	0.8282656548348448	0.912696228582368	1.6242742430531067	0.112971072931783		RESISTANCE_ONLY
go_bp	GOBP_MESENCHYMAL_CELL_PROLIFERATION	DIRECTIONAL_CONSENSUS	1.684562683514376	1	-1.0505063435259183	0.6546077731058331	-1.1443598091916516	0.6525011446886447		RESISTANCE_ONLY
go_bp	GOBP_EXTRACELLULAR_MATRIX_DISASSEMBLY	DIRECTIONAL_CONSENSUS	1.5661999543418883	1	1.102450269473174	0.6098574644159764	1.4517101004564623	0.348844002265968		RESISTANCE_ONLY
go_bp	GOBP_MONONUCLEAR_CELL_DIFFERENTIATION	DIRECTIONAL_CONSENSUS	1.253590443903374	1	-1.000273974595511	0.7224918309703146				RESISTANCE_ONLY
go_bp	GOBP_GASTRULATION_WITH_MOUTH_FORMING_SECOND	DIRECTIONAL_CONSENSUS	1.629093919074208	1	-1.0352176525217047	0.6869658493046463	-1.0843135667400696	0.6936504695794201		RESISTANCE_ONLY
go_bp	GOBP_REGULATION_OF_ENDOTHELIAL_CELL_DIFFERENTIATION	DIRECTIONAL_CONSENSUS	1.57854951432975	1	-1.1017463122861455	0.5716975802655118	-1.0617293638240024	0.6952239617658852	VEZF1	RESISTANCE_ONLY
go_bp	GOBP_COGNITION	DIRECTIONAL_CONSENSUS	1.3468121405447695	1	1.2087160770600338	0.3194444444444444	1.251837296072703	0.3322644273460279		RESISTANCE_ONLY
go_bp	GOBP_SYNAPTIC_TRANSMISSION_GLUTAMATERGIC	DIRECTIONAL_CONSENSUS	1.4568003724176002	1	1.128631997450844	0.5226453761636664	1.530574515264714	0.112971072931783		RESISTANCE_ONLY
go_bp	GOBP_REGULATION_OF_CELL_CELL_ADHESION	DIRECTIONAL_CONSENSUS	1.3255120575821897	1	-1.0964521086267236	0.460944237286077	1.2485528367931804	0.2450327733312887	CITED2	RESISTANCE_ONLY
go_bp	GOBP_REGULATION_OF_ESTABLISHMENT_OR_MAINTENANCE_OF_CELL_POLARITY	DIRECTIONAL_CONSENSUS	-1.4492553491013227	1	-1.1525558190002767	0.5516317311706124	0.7755452359936278	0.9018944817105844		RESISTANCE_ONLY
go_bp	GOBP_CHEMOKINE_PRODUCTION	DIRECTIONAL_CONSENSUS	1.5294775890074022	1	0.9390640349948132	0.7944706488736428	0.9622889206043344	0.8102588836911992		RESISTANCE_ONLY
go_bp	GOBP_CELL_FATE_COMMITMENT_INVOLVED_IN_FORMATION_OF_PRIMARY_GERM_LAYER	DIRECTIONAL_CONSENSUS	1.6022165417686092	1	-1.0677383901140096	0.6546077731058331	1.0245466388037785	0.7342638451148132		RESISTANCE_ONLY
go_bp	GOBP_BLOOD_VESSEL_ENDOTHELIAL_CELL_MIGRATION	DIRECTIONAL_CONSENSUS	1.3866924821860602	1	-1.1176646691902972	0.5288720484822919	1.235182717093685	0.4982061158252844		RESISTANCE_ONLY
go_bp	GOBP_CHONDROITIN_SULFATE_METABOLIC_PROCESS	DIRECTIONAL_CONSENSUS	1.5700162800654005	1	1.644904120135406	0.0930112207432143	0.9315581446982728	0.8192723773284367		RESISTANCE_ONLY
go_bp	GOBP_POSITIVE_REGULATION_OF_PROTEIN_LOCALIZATION	DIRECTIONAL_CONSENSUS	1.258780902480776	1	-1.1807419309109692	0.2932734237864453	1.053401025290377	0.6808981966112805		RESISTANCE_ONLY
go_bp	GOBP_POSITIVE_REGULATION_OF_MIRNA_TRANSCRIPTION	DIRECTIONAL_CONSENSUS	1.5507720848862487	1	-1.196783627780187	0.4713486643112018	-1.1847645430720346	0.6008843036109064		RESISTANCE_ONLY
go_bp	GOBP_ENDOCRINE_SYSTEM_DEVELOPMENT	DIRECTIONAL_CONSENSUS	1.3594307043428246	1	-1.1856476399834863	0.452838697280008	1.5792012935252406	0.077919915279816	CITED2	RESISTANCE_ONLY
go_bp	GOBP_LEARNING	DIRECTIONAL_CONSENSUS	1.5536821476335752	1	1.0076794881898128	0.7177595849882467	1.0847415641126723	0.6633646308898268		RESISTANCE_ONLY
go_bp	GOBP_NEGATIVE_REGULATION_OF_TRANSMEMBRANE_RECEPTOR_PROTEIN_SERINE_THREONINE_KINASE_SIGNALING_PATHWAY	DIRECTIONAL_CONSENSUS	1.4351212127895103	1	1.3005592200224796	0.298637606329914	0.891408115224558	0.883253819215348		RESISTANCE_ONLY
go_bp	GOBP_COLLAGEN_CATABOLIC_PROCESS	DIRECTIONAL_CONSENSUS	1.5487087173779486	1	0.990763688322846	0.746914795157363	1.4641960212016665	0.3686054794520548		RESISTANCE_ONLY
go_bp	GOBP_POSITIVE_REGULATION_OF_EPITHELIAL_TO_MESENCHYMAL_TRANSITION	DIRECTIONAL_CONSENSUS	1.6554075348833042	1	-1.5482365404855676	0.0897028428320392	-1.1311247514574043	0.661244776119403		RESISTANCE_ONLY
reactome	REACTOME_PLATELET_ACTIVATION_SIGNALING_AND_AGGREGATION	DIRECTIONAL_CONSENSUS	1.4269789821915444	1	-1.232787057611735	0.2570575975748389	1.1022990103120265	0.4581093145521278		RESISTANCE_ONLY
go_bp	GOBP_NEGATIVE_REGULATION_OF_CHROMOSOME_SEGREGATION	DIRECTIONAL_CONSENSUS	-1.4799039619131824	1	-0.903870758324362	0.8394927183283816	-1.1968240959380287	0.5825097574574853		RESISTANCE_ONLY
reactome	REACTOME_INTEGRIN_CELL_SURFACE_INTERACTIONS	DIRECTIONAL_CONSENSUS	1.6392456760112184	1	-1.7653665496417106	0.0109048012715036	-1.032294514517865	0.6051034131801825		RESISTANCE_ONLY
go_bp	GOBP_REGULATION_OF_ENDOTHELIAL_CELL_MIGRATION	DIRECTIONAL_CONSENSUS	1.3438712281119094	1	-1.10058761175702	0.5208470902635892	1.079102686671453	0.671153648082271		RESISTANCE_ONLY
go_bp	GOBP_REGULATION_OF_CELL_ACTIVATION	DIRECTIONAL_CONSENSUS	1.2284366493487533	1						RESISTANCE_ONLY
reactome	REACTOME_SIGNALING_BY_TGF_BETA_RECEPTOR_COMPLEX	DIRECTIONAL_CONSENSUS	1.3238208789578276	1	-1.1470185559284565	0.4774678111587982	1.017676714873466	0.6644217281645362		RESISTANCE_ONLY
go_bp	GOBP_NEGATIVE_REGULATION_OF_NEURON_PROJECTION_DEVELOPMENT	DIRECTIONAL_CONSENSUS	1.384723278198446	1	-0.8012543796407926	0.9470729360144284	1.0521585063162096	0.707531576121215		RESISTANCE_ONLY
go_bp	GOBP_HETEROTYPIC_CELL_CELL_ADHESION	DIRECTIONAL_CONSENSUS	1.620432059226507	1	-1.2616354431807837	0.3907871115152362	0.9403506710916276	0.8150144542402097		RESISTANCE_ONLY
go_bp	GOBP_PROTEIN_LOCALIZATION_TO_CELL_PERIPHERY	DIRECTIONAL_CONSENSUS	1.245076404062352	1	1.0571839316522371	0.5925589149049026	1.0618359341664092	0.6808981966112805		RESISTANCE_ONLY
go_bp	GOBP_MYELOID_LEUKOCYTE_ACTIVATION	DIRECTIONAL_CONSENSUS	1.4120122676240416	1	-1.1783186271574788	0.3829828914718558	-0.9746320831777382	0.8035119665126268		RESISTANCE_ONLY
go_bp	GOBP_POSITIVE_REGULATION_OF_CELL_ADHESION	DIRECTIONAL_CONSENSUS	1.3493098728467832	1	-1.4205741204845324	0.0087463707988886	1.2543836554001642	0.2057213703088585	CITED2	RESISTANCE_ONLY
go_bp	GOBP_POSITIVE_REGULATION_OF_WNT_SIGNALING_PATHWAY	DIRECTIONAL_CONSENSUS	1.41989629769105	1	-0.9103020616055192	0.8558661912998459	-1.072789516954262	0.6947615964009406	USP34	RESISTANCE_ONLY
go_bp	GOBP_REGULATION_OF_OLIGODENDROCYTE_DIFFERENTIATION	DIRECTIONAL_CONSENSUS	1.5561756345263649	1	-1.3332673634126604	0.3709351083482392	1.207160032616044	0.5908695652173914		RESISTANCE_ONLY
go_bp	GOBP_TYPE_B_PANCREATIC_CELL_DIFFERENTIATION	DIRECTIONAL_CONSENSUS	1.55945326354935	1	-1.3008988920479752	0.4169138487904554	1.0415364536844876	0.7251067894810419		RESISTANCE_ONLY
reactome	REACTOME_ANCHORING_OF_THE_BASAL_BODY_TO_THE_PLASMA_MEMBRANE	DIRECTIONAL_CONSENSUS	-1.5809126016514874	1	-0.8332200157126648	0.950693948520508	-1.196365390643153	0.3742160278745644		RESISTANCE_ONLY
go_bp	GOBP_CELLULAR_RESPONSE_TO_HORMONE_STIMULUS	DIRECTIONAL_CONSENSUS	1.265737978404646	1	1.2113925454916648	0.2196848729524205				RESISTANCE_ONLY
reactome	REACTOME_WNT_LIGAND_BIOGENESIS_AND_TRAFFICKING	DIRECTIONAL_CONSENSUS	1.5968991538193436	1	-0.8962274494860858	0.8429314697120964	1.2346771056031511	0.4260313608362889		RESISTANCE_ONLY
go_bp	GOBP_GLAND_DEVELOPMENT	DIRECTIONAL_CONSENSUS	1.251700959835385	1	-1.4847759386718065	0.0046604919621438	1.162926584962134	0.4682636357900969	CITED2	RESISTANCE_ONLY
go_bp	GOBP_SUPEROXIDE_ANION_GENERATION	DIRECTIONAL_CONSENSUS	1.587500252535344	1	-0.8736990542901726	0.8576734306937227	1.2348945957619202	0.5825097574574853		RESISTANCE_ONLY
reactome	REACTOME_EGR2_AND_SOX10_MEDIATED_INITIATION_OF_SCHWANN_CELL_MYELINATION	DIRECTIONAL_CONSENSUS	1.5879701044272103	1	1.076312442451411	0.6674402565983207	1.0417078553752988	0.6093145598019496		RESISTANCE_ONLY
go_bp	GOBP_EMBRYONIC_PLACENTA_MORPHOGENESIS	DIRECTIONAL_CONSENSUS	1.5214409817231516	1	-0.9771028638848608	0.74382946366161	0.7643150247735387	0.9172314049586776		RESISTANCE_ONLY
go_bp	GOBP_REGULATION_OF_PROTEOLYSIS	DIRECTIONAL_CONSENSUS	1.2385639630224154	1						RESISTANCE_ONLY
go_bp	GOBP_DITERPENOID_METABOLIC_PROCESS	DIRECTIONAL_CONSENSUS	1.5154756017504216	1	-0.996033440724269	0.7289911435234487	1.2338760252628924	0.5139622117254793		RESISTANCE_ONLY
go_bp	GOBP_NEGATIVE_REGULATION_OF_SMOOTH_MUSCLE_CELL_MIGRATION	DIRECTIONAL_CONSENSUS	1.6008143857144443	1	-0.904534370416819	0.8099222177039083	1.790600560984423	0.072717807936894		RESISTANCE_ONLY
go_bp	GOBP_CELL_JUNCTION_ASSEMBLY	DIRECTIONAL_CONSENSUS	1.3636624370055028	1	-1.5376996568876562	0.0020454491856397	0.9764806363057442	0.8043739224227685		RESISTANCE_ONLY
go_bp	GOBP_STEM_CELL_DIFFERENTIATION	DIRECTIONAL_CONSENSUS	1.3207939287500778	1	-1.3889534229825626	0.0897028428320392	-1.3161789968035111	0.2174588568233843	CITED2	RESISTANCE_ONLY
go_bp	GOBP_REGULATION_OF_CHONDROCYTE_DIFFERENTIATION	DIRECTIONAL_CONSENSUS	1.6358263199803245	1	-1.2812150830277231	0.3851611420692825	1.029686617406085	0.7376371901073597		RESISTANCE_ONLY
go_bp	GOBP_INTEGRIN_MEDIATED_SIGNALING_PATHWAY	DIRECTIONAL_CONSENSUS	1.5962527204183568	1	-1.7333196440074472	0.0051840168645651	1.0325928957642834	0.7461679989060305		RESISTANCE_ONLY
go_bp	GOBP_SUBSTRATE_DEPENDENT_CELL_MIGRATION	DIRECTIONAL_CONSENSUS	1.5707393482790144	1	-0.9973162717231082	0.7269279393173198	1.068298142132719	0.7063409563409564		RESISTANCE_ONLY
go_bp	GOBP_POSITIVE_REGULATION_OF_SECRETION	DIRECTIONAL_CONSENSUS	1.331924770098206	1	-1.0331194548541554	0.655640243902439	0.9504217416090964	0.8346221901308428		RESISTANCE_ONLY
reactome	REACTOME_EPHRIN_SIGNALING	DIRECTIONAL_CONSENSUS	1.6165295572661833	1	0.9472939195487045	0.8100749795589368	1.264877493018358	0.4084174552063373		RESISTANCE_ONLY
go_bp	GOBP_CELLULAR_RESPONSE_TO_NITROGEN_COMPOUND	DIRECTIONAL_CONSENSUS	1.325197180190571	1						RESISTANCE_ONLY
go_bp	GOBP_POSITIVE_REGULATION_OF_BONE_MINERALIZATION	DIRECTIONAL_CONSENSUS	1.6550280740591268	1	-0.7536523128152874	0.948561868562735	0.9483462642833232	0.8027904556290832		RESISTANCE_ONLY
reactome	REACTOME_CILIUM_ASSEMBLY	DIRECTIONAL_CONSENSUS	-1.3227522601138766	1	-0.9637735545224436	0.8101781433664716	-0.9238076405003623	0.8109568603191354		RESISTANCE_ONLY
reactome	REACTOME_REGULATION_OF_PLK1_ACTIVITY_AT_G2_M_TRANSITION	DIRECTIONAL_CONSENSUS	-1.4015004652057677	1	0.7854479279545508	0.9787044821773352	-0.85052477832055	0.8765084981360964		RESISTANCE_ONLY
go_bp	GOBP_REGULATION_OF_CELL_MATRIX_ADHESION	DIRECTIONAL_CONSENSUS	1.5470511996300027	1	-1.4990881130924332	0.0584323758775352	1.6477614551522988	0.0601145415304049		RESISTANCE_ONLY
go_bp	GOBP_RESPIRATORY_BURST	DIRECTIONAL_CONSENSUS	1.6445328824545524	1	0.715665914245161	0.9664879576344826	-1.2965184000214445	0.5094001881822563		RESISTANCE_ONLY
go_bp	GOBP_NEGATIVE_REGULATION_OF_CELL_ADHESION	DIRECTIONAL_CONSENSUS	1.4410050191884582	1	-1.1870717169559477	0.3354357798165137	1.3763157953383465	0.1469188380935906		RESISTANCE_ONLY
go_bp	GOBP_NEGATIVE_REGULATION_OF_CHROMOSOME_ORGANIZATION	DIRECTIONAL_CONSENSUS	-1.5357778650171452	1	-1.13770921414928	0.5030790923004616	-1.2675947620019206	0.4516405164253056		RESISTANCE_ONLY
go_bp	GOBP_MEIOTIC_CELL_CYCLE	DIRECTIONAL_CONSENSUS	-1.236207457815232	1	-1.260507055993647	0.2130016649992455	1.035520989566052	0.718616350661591		RESISTANCE_ONLY
go_bp	GOBP_NEGATIVE_REGULATION_OF_TRANSPORT	DIRECTIONAL_CONSENSUS	1.405395722077183	1	1.2322724969877394	0.183293264055969	1.202118080119184	0.4124878048780488		RESISTANCE_ONLY
go_bp	GOBP_BRANCH_ELONGATION_OF_AN_EPITHELIUM	DIRECTIONAL_CONSENSUS	1.6626924875258149	1	-1.5460774137825737	0.183293264055969	-1.342627916766798	0.4889128728414442		RESISTANCE_ONLY
go_bp	GOBP_REGULATION_OF_HORMONE_SECRETION	DIRECTIONAL_CONSENSUS	1.3383649273923883	1	-1.1904608073910832	0.364724844577481	-0.9097911160047578	0.8902810905031208		RESISTANCE_ONLY
go_bp	GOBP_DEVELOPMENTAL_GROWTH_INVOLVED_IN_MORPHOGENESIS	DIRECTIONAL_CONSENSUS	1.3964919491770544	1	-1.3311266816649203	0.091308780569997	1.175289997439661	0.5139259175222645		RESISTANCE_ONLY
go_bp	GOBP_ANTIMICROBIAL_HUMORAL_RESPONSE	DIRECTIONAL_CONSENSUS	1.52424338987699	1	0.767060931886636	0.9731203635852872	0.941330182688786	0.8370970145546669		RESISTANCE_ONLY
go_bp	GOBP_SENSORY_ORGAN_MORPHOGENESIS	DIRECTIONAL_CONSENSUS	1.2668001609730066	1	-0.8844238617512167	0.912696228582368	1.1435346836395863	0.5662201703933222	CITED2	RESISTANCE_ONLY
go_bp	GOBP_NEUROINFLAMMATORY_RESPONSE	DIRECTIONAL_CONSENSUS	1.4714050762171007	1	0.983882586886449	0.7366241063820688	-0.927022574191394	0.8298326426805626		RESISTANCE_ONLY
go_bp	GOBP_CARDIAC_CONDUCTION	DIRECTIONAL_CONSENSUS	1.6033983534223433	1	-1.2019639063937837	0.4313270226826219	-1.0057006395590071	0.7683634020618557		RESISTANCE_ONLY
go_bp	GOBP_ENDOTHELIAL_CELL_MIGRATION	DIRECTIONAL_CONSENSUS	1.3995866644316677	1	-1.1833132426279207	0.4057177615571776	1.0402241870472622	0.7145242759947281		RESISTANCE_ONLY
go_bp	GOBP_POSITIVE_REGULATION_OF_NEUROBLAST_PROLIFERATION	DIRECTIONAL_CONSENSUS	1.6639484105990563	1	-1.0315050079928876	0.6836053965414429	-1.2411273036428336	0.5172992870705406		RESISTANCE_ONLY
go_bp	GOBP_POSITIVE_REGULATION_OF_NEUROGENESIS	DIRECTIONAL_CONSENSUS	1.424300520912175	1	-1.189685036404723	0.3810240963855422	1.1437239478131749	0.5714688940092165		RESISTANCE_ONLY
reactome	REACTOME_INTERLEUKIN_10_SIGNALING	DIRECTIONAL_CONSENSUS	1.7036848441344714	1	0.5256710344985005	1.0	1.0233622544654148	0.6238722535485126		RESISTANCE_ONLY
go_bp	GOBP_SPERM_FLAGELLUM_ASSEMBLY	DIRECTIONAL_CONSENSUS	-1.6447090627369905	1	-0.8224358780816765	0.9074583422345652	0.8752555128704312	0.8581530131856178		RESISTANCE_ONLY
go_bp	GOBP_CELL_FATE_SPECIFICATION	DIRECTIONAL_CONSENSUS	1.3777734208417918	1	-1.3379206711513394	0.2996836184673072	1.0801599929145236	0.6889640519967029		RESISTANCE_ONLY
go_bp	GOBP_HORMONE_BIOSYNTHETIC_PROCESS	DIRECTIONAL_CONSENSUS	1.5070277279137425	1	-1.2932703248302224	0.3534462954109414	1.2245968313029616	0.5653363251311012		RESISTANCE_ONLY
go_bp	GOBP_POSITIVE_REGULATION_OF_GLIOGENESIS	DIRECTIONAL_CONSENSUS	1.5187972083255663	1	-0.9927821896938608	0.7366241063820688	-0.939339002396887	0.8172387872713606		RESISTANCE_ONLY
go_bp	GOBP_CHROMOSOME_LOCALIZATION	DIRECTIONAL_CONSENSUS	-1.5321511817836024	1	-0.9020939830098628	0.868207600680658	-1.5961206282289953	0.0649503244865754		RESISTANCE_ONLY
go_bp	GOBP_MESONEPHRIC_TUBULE_MORPHOGENESIS	DIRECTIONAL_CONSENSUS	1.5406534238128056	1	-1.175238128675726	0.4835948407685659	1.012986868158015	0.7380678550891316		RESISTANCE_ONLY
go_bp	GOBP_CILIUM_OR_FLAGELLUM_DEPENDENT_CELL_MOTILITY	DIRECTIONAL_CONSENSUS	-1.3419120526992956	1	-1.035112492739357	0.6736686390532545	1.2221327719666002	0.4718789962652123		RESISTANCE_ONLY
go_bp	GOBP_POSITIVE_REGULATION_OF_EPITHELIAL_CELL_PROLIFERATION	DIRECTIONAL_CONSENSUS	1.3601402220735426	1	-1.2490325815708077	0.2809230583642226	-1.1666685846948432	0.4709515655577299		RESISTANCE_ONLY
reactome	REACTOME_SIGNALING_BY_NUCLEAR_RECEPTORS	DIRECTIONAL_CONSENSUS	-1.4128169528668315	1	-1.451537493535733	0.0344485832965485	-1.2268488320530535	0.2459839833199071		RESISTANCE_ONLY
go_bp	GOBP_PEPTIDYL_THREONINE_MODIFICATION	DIRECTIONAL_CONSENSUS	1.574049951603494	1	-0.7940595501001612	0.9564204070253696	-1.1627684710883686	0.5714688940092165		RESISTANCE_ONLY
go_bp	GOBP_APPENDAGE_MORPHOGENESIS	DIRECTIONAL_CONSENSUS	1.4136815205777673	1	-1.770950512221997	0.0023369562218334	0.7985461653612561	0.961348009394188		RESISTANCE_ONLY
go_bp	GOBP_REGULATION_OF_PROTEIN_CONTAINING_COMPLEX_ASSEMBLY	DIRECTIONAL_CONSENSUS	1.3446720603598248	1	-0.9379042547701352	0.8585319760579561	1.1192073523032988	0.5453819806841401		RESISTANCE_ONLY
go_bp	GOBP_REGULATION_OF_NERVOUS_SYSTEM_PROCESS	DIRECTIONAL_CONSENSUS	1.573651559480029	1	-1.1539990574895245	0.4820621699602591	1.0448751145069315	0.7203479670740833		RESISTANCE_ONLY
go_bp	GOBP_PROTEOGLYCAN_BIOSYNTHETIC_PROCESS	DIRECTIONAL_CONSENSUS	1.5138378429770631	1	1.4512272126013337	0.1281664737554052	-0.9045946339708058	0.8444161021150033		RESISTANCE_ONLY
go_bp	GOBP_AMINOGLYCAN_METABOLIC_PROCESS	DIRECTIONAL_CONSENSUS	1.40947029314482	1	1.3010704541991436	0.2907631095047872	0.9925232630417	0.7897336561743341		RESISTANCE_ONLY
go_bp	GOBP_EMBRYONIC_DIGESTIVE_TRACT_DEVELOPMENT	DIRECTIONAL_CONSENSUS	1.578454993124028	1	0.7417304429916819	0.9444981224821056	1.0273969802846754	0.7333248250198154		RESISTANCE_ONLY
go_bp	GOBP_WNT_SIGNALING_PATHWAY_PLANAR_CELL_POLARITY_PATHWAY	DIRECTIONAL_CONSENSUS	1.5795014009537844	1	-1.335394549919952	0.3178894010540071	-1.1335434339250925	0.6633646308898268		RESISTANCE_ONLY
go_bp	GOBP_NEGATIVE_REGULATION_OF_PROTEIN_SERINE_THREONINE_KINASE_ACTIVITY	DIRECTIONAL_CONSENSUS	1.62629608087399	1	-0.9556363394232876	0.7920275487843055	1.4388595858574935	0.2101937298416269		RESISTANCE_ONLY
go_bp	GOBP_GLUTAMATE_RECEPTOR_SIGNALING_PATHWAY	DIRECTIONAL_CONSENSUS	1.4290116452869257	1	-0.6109964838614537	0.9981903277098448	1.317369978390194	0.4889128728414442		RESISTANCE_ONLY
go_bp	GOBP_MOTILE_CILIUM_ASSEMBLY	DIRECTIONAL_CONSENSUS	-1.58819206335069	1	-1.095713791177807	0.6102747885673777	0.9538374334791002	0.7980233503780831		RESISTANCE_ONLY
go_bp	GOBP_SPERM_AXONEME_ASSEMBLY	DIRECTIONAL_CONSENSUS	-1.6368273656671888	1	0.7806324375300603	0.9211122259849216	1.1916625854069955	0.6095123859191656		RESISTANCE_ONLY
go_bp	GOBP_CELLULAR_RESPONSE_TO_KETONE	DIRECTIONAL_CONSENSUS	1.4313875854923943	1	-1.0986533574587265	0.5668294116803603	0.9546424789694212	0.8183225806451614		RESISTANCE_ONLY
go_bp	GOBP_REGULATION_OF_LEUKOCYTE_CHEMOTAXIS	DIRECTIONAL_CONSENSUS	1.475680494295114	1	-1.0321890193404073	0.6738186796499376	-1.070515425249513	0.6762771762813934		RESISTANCE_ONLY
reactome	REACTOME_HOMOLOGOUS_DNA_PAIRING_AND_STRAND_EXCHANGE	DIRECTIONAL_CONSENSUS	-1.4929460622184652	1	-1.8022533886765844	0.015185575600789	-1.1610831404024298	0.4539306846999155		RESISTANCE_ONLY
go_bp	GOBP_POSITIVE_REGULATION_OF_VASCULATURE_DEVELOPMENT	DIRECTIONAL_CONSENSUS	1.4530693594198196	1	-1.2308813663054363	0.346660279832457	1.1076249926085937	0.6269784938604586		RESISTANCE_ONLY
hallmark	HALLMARK_ANDROGEN_RESPONSE	DIRECTIONAL_CONSENSUS	1.4670086174532797	1	1.6305821292057725	0.008466656267628	-1.162069941561095	0.4323619995261786		RESISTANCE_ONLY
reactome	REACTOME_COLLAGEN_FORMATION	DIRECTIONAL_CONSENSUS	1.5902976881068578	1	-1.3842346505983434	0.2167317626270335	1.210016260827094	0.3742456640532193		RESISTANCE_ONLY
go_bp	GOBP_POSITIVE_REGULATION_OF_SODIUM_ION_TRANSPORT	DIRECTIONAL_CONSENSUS	1.6253551424969517	1	1.0831352263168936	0.6428895075435961	1.3836316602829073	0.4490010788496151		RESISTANCE_ONLY
go_bp	GOBP_REGULATION_OF_SYNAPSE_STRUCTURE_OR_ACTIVITY	DIRECTIONAL_CONSENSUS	1.3366897788398702	1	-1.2759724811689304	0.2228322857416146	0.9560998704306248	0.827077921477633		RESISTANCE_ONLY
go_bp	GOBP_SUBSTRATE_ADHESION_DEPENDENT_CELL_SPREADING	DIRECTIONAL_CONSENSUS	1.6033487775878126	1	-1.4499408401812497	0.1322793804825472	1.1808177534051325	0.5784691746467164		RESISTANCE_ONLY
go_bp	GOBP_ORGAN_INDUCTION	DIRECTIONAL_CONSENSUS	1.6262782406973626	1	-0.9445914347411664	0.7564553934235679	0.8422016697454737	0.877352687408009		RESISTANCE_ONLY
go_bp	GOBP_METANEPHROS_MORPHOGENESIS	DIRECTIONAL_CONSENSUS	1.6543124449476356	1	-0.798047355169207	0.9022727272727272	-0.8933835866901161	0.8433514712695767		RESISTANCE_ONLY
reactome	REACTOME_SYNDECAN_INTERACTIONS	DIRECTIONAL_CONSENSUS	1.7903110659445505	1	-1.497666551607824	0.201764698092654	-1.2824114972674296	0.3633371559633027		RESISTANCE_ONLY
reactome	REACTOME_G2_M_DNA_DAMAGE_CHECKPOINT	DIRECTIONAL_CONSENSUS	-1.645420522347792	1	-1.6666468698373604	0.0345298290906927	-1.050052359385404	0.5720031796502385		RESISTANCE_ONLY
go_bp	GOBP_C21_STEROID_HORMONE_METABOLIC_PROCESS	DIRECTIONAL_CONSENSUS	1.5790440823096872	1	-1.159753226896023	0.5430711839530332	1.3447351739417377	0.4889128728414442		RESISTANCE_ONLY
go_bp	GOBP_KIDNEY_MORPHOGENESIS	DIRECTIONAL_CONSENSUS	1.4631059923457888	1	-1.2157327776345828	0.3988289607026236	1.0928191750783225	0.6759823879442163		RESISTANCE_ONLY
go_bp	GOBP_REGULATION_OF_HORMONE_METABOLIC_PROCESS	DIRECTIONAL_CONSENSUS	1.4668734003635835	1	-1.4914127678968774	0.1598552909904546	1.1840668880801857	0.6196721311475409		RESISTANCE_ONLY
go_bp	GOBP_MITOTIC_METAPHASE_CHROMOSOME_ALIGNMENT	DIRECTIONAL_CONSENSUS	-1.445842690935069	1	-0.9550431785660156	0.780089474259084	-1.6900801950884907	0.0774666013474289		RESISTANCE_ONLY
go_bp	GOBP_COLUMNAR_CUBOIDAL_EPITHELIAL_CELL_DIFFERENTIATION	DIRECTIONAL_CONSENSUS	1.3806855466885786	1	-1.31401370445201	0.2813254543143982	-1.0542545324208454	0.690626764539808		RESISTANCE_ONLY
go_bp	GOBP_HEART_FORMATION	DIRECTIONAL_CONSENSUS	1.5045962822279673	1	-1.2853676974903452	0.4313270226826219	-0.8723122449754296	0.8628895359845393		RESISTANCE_ONLY
go_bp	GOBP_POSTSYNAPSE_ORGANIZATION	DIRECTIONAL_CONSENSUS	1.4594786401634756	1	-1.2972238606440178	0.1826750580230352	1.1704028215051825	0.5411610247675821		RESISTANCE_ONLY
go_bp	GOBP_INNER_EAR_MORPHOGENESIS	DIRECTIONAL_CONSENSUS	1.4580995138183128	1	-0.9469590188651886	0.7950510574331329	0.7494590238450062	0.9654768830713426		RESISTANCE_ONLY
go_bp	GOBP_POSITIVE_REGULATION_OF_CHROMOSOME_SEPARATION	DIRECTIONAL_CONSENSUS	-1.424753187523373	1	-0.5331969098477536	0.9981903277098448	-1.0376678960169436	0.7066424405922732		RESISTANCE_ONLY
go_bp	GOBP_MITOTIC_NUCLEAR_DIVISION	DIRECTIONAL_CONSENSUS	-1.279341166061444	1	-1.0688866123237053	0.5682028199591534	-1.3468184495738835	0.1364374512658092		RESISTANCE_ONLY
go_bp	GOBP_REGULATION_OF_SYNAPSE_ASSEMBLY	DIRECTIONAL_CONSENSUS	1.4346923769136086	1	-1.3745477465760028	0.1737571615485653	-0.7381454292599531	0.9836911036214344		RESISTANCE_ONLY
go_bp	GOBP_VASCULAR_ENDOTHELIAL_CELL_PROLIFERATION	DIRECTIONAL_CONSENSUS	1.7079392748328248	1	1.000014719362029	0.7205055314956589	0.8041122347289295	0.8936331576087261		RESISTANCE_ONLY
go_bp	GOBP_PITUITARY_GLAND_DEVELOPMENT	DIRECTIONAL_CONSENSUS	1.6229744297662374	1	-1.2035806346017528	0.5103227337446606	1.6515273111798825	0.1371893779429572		RESISTANCE_ONLY
go_bp	GOBP_GLYCOPROTEIN_METABOLIC_PROCESS	DIRECTIONAL_CONSENSUS	1.2757196156094617	1	1.5020742813157977	0.0060071169666139	1.0910519474298102	0.6018219776048587		RESISTANCE_ONLY
go_bp	GOBP_MICROTUBULE_ORGANIZING_CENTER_ORGANIZATION	DIRECTIONAL_CONSENSUS	-1.3946708256085296	1	-0.7533410649155897	0.9973978323943844	-1.3921779934547232	0.1994654286817431		RESISTANCE_ONLY
go_bp	GOBP_RETINAL_GANGLION_CELL_AXON_GUIDANCE	DIRECTIONAL_CONSENSUS	1.6894467682417815	1			1.1124218924327656	0.682570309356544		RESISTANCE_ONLY
go_bp	GOBP_REGULATION_OF_EPITHELIAL_CELL_MIGRATION	DIRECTIONAL_CONSENSUS	1.5094824596159238	1	-1.2498147354649984	0.2235277830219586	1.202715403860502	0.4682636357900969		RESISTANCE_ONLY
go_bp	GOBP_SEMAPHORIN_PLEXIN_SIGNALING_PATHWAY	DIRECTIONAL_CONSENSUS	1.5488969357246525	1	-1.893663718919352	0.0071093010416845	0.9805445625385892	0.7817781733994945		RESISTANCE_ONLY
go_bp	GOBP_RENAL_TUBULE_DEVELOPMENT	DIRECTIONAL_CONSENSUS	1.491849771026032	1	-1.342568946642975	0.1737233559225479	1.0358484607005118	0.7446103335915317		RESISTANCE_ONLY
reactome	REACTOME_NEUTROPHIL_DEGRANULATION	DIRECTIONAL_CONSENSUS	1.3193433350639785	1	1.0265049211658503	0.6589060778104816	-1.075587313710405	0.4260313608362889		RESISTANCE_ONLY
go_bp	GOBP_ANIMAL_ORGAN_FORMATION	DIRECTIONAL_CONSENSUS	1.4453441038475026	1	-1.200157424964396	0.4534749700511852	-0.9331352562257068	0.8150724685748401	CITED2	RESISTANCE_ONLY
go_bp	GOBP_POSITIVE_REGULATION_OF_PHOSPHATIDYLINOSITOL_3_KINASE_PROTEIN_KINASE_B_SIGNAL_TRANSDUCTION	DIRECTIONAL_CONSENSUS	1.356489971577012	1	1.0321482573037633	0.6672937131630647	1.1914603034341105	0.5139259175222645		RESISTANCE_ONLY
reactome	REACTOME_MISCELLANEOUS_TRANSPORT_AND_BINDING_EVENTS	DIRECTIONAL_CONSENSUS	1.669133361694075	0	0.7660210533283339	0.9376515184907656	1.0223401452318064	0.6524577162988607		RESISTANCE_ONLY
reactome	REACTOME_HSP90_CHAPERONE_CYCLE_FOR_STEROID_HORMONE_RECEPTORS_SHR_IN_THE_PRESENCE_OF_LIGAND	DIRECTIONAL_CONSENSUS	-1.4473409741242529	0	-1.2824005768251858	0.3228051391862955	-1.5788876300750243	0.0851788846408414		RESISTANCE_ONLY
go_bp	GOBP_REGULATION_OF_CELL_PROJECTION_ASSEMBLY	DIRECTIONAL_CONSENSUS	1.2577132609292514	0	0.974376328158215	0.7833071058322981	1.1071364080698685	0.626617297750454		RESISTANCE_ONLY
go_bp	GOBP_ENERGY_RESERVE_METABOLIC_PROCESS	DIRECTIONAL_CONSENSUS	1.5217872200936264	0	1.3096986221834706	0.2759405975150076	-1.1957777131695029	0.5359361135758651		RESISTANCE_ONLY
reactome	REACTOME_RESPIRATORY_SYNCYTIAL_VIRUS_RSV_ATTACHMENT_AND_ENTRY	DIRECTIONAL_CONSENSUS	1.5954854803824032	0	-1.0230227630633042	0.7114915391530262	0.8917520878439877	0.7620514757459667		RESISTANCE_ONLY
reactome	REACTOME_ACTIVATION_OF_ATR_IN_RESPONSE_TO_REPLICATION_STRESS	DIRECTIONAL_CONSENSUS	-1.5437756159483385	0	-1.8134792272722005	0.0255517509085222	-1.4739892220712338	0.1614427114750379		RESISTANCE_ONLY
go_bp	GOBP_ENDOTHELIAL_CELL_PROLIFERATION	DIRECTIONAL_CONSENSUS	1.336329102990225	0	0.9851201999879136	0.7437081462947973	1.2699333002243336	0.4247816448681002		RESISTANCE_ONLY
go_bp	GOBP_REGULATION_OF_INTRINSIC_APOPTOTIC_SIGNALING_PATHWAY_IN_RESPONSE_TO_DNA_DAMAGE_BY_P53_CLASS_MEDIATOR	DIRECTIONAL_CONSENSUS	-1.5450123972534686	0	0.701397588747108	0.9430914512922464	-1.844448098352518	0.0947743761319099		RESISTANCE_ONLY
go_bp	GOBP_VESICLE_MEDIATED_TRANSPORT_IN_SYNAPSE	DIRECTIONAL_CONSENSUS	1.37213181698244	0	0.8929525679337966	0.8981585858883938	-1.102484077683363	0.5795704159526407		RESISTANCE_ONLY
go_bp	GOBP_POSITIVE_REGULATION_OF_FIBROBLAST_PROLIFERATION	DIRECTIONAL_CONSENSUS	1.4636242540633075	0	-1.4637154419035698	0.186946734828156	-1.0538624372734922	0.7205865974539133		RESISTANCE_ONLY
go_bp	GOBP_REGULATION_OF_HEART_RATE	DIRECTIONAL_CONSENSUS	1.3830569376802988	0	-1.0487185379917454	0.6691045018690069	-0.9253778802090828	0.8410578721531521		RESISTANCE_ONLY
reactome	REACTOME_HDR_THROUGH_SINGLE_STRAND_ANNEALING_SSA	DIRECTIONAL_CONSENSUS	-1.5328677734014549	0	-1.614513863300144	0.0743143139784441	-1.2038767658064269	0.4250244283760015		RESISTANCE_ONLY
go_bp	GOBP_REGULATION_OF_MYOTUBE_DIFFERENTIATION	DIRECTIONAL_CONSENSUS	-1.4330642849308208	0	0.8627991801963891	0.8692177742345729	0.9047110625914674	0.8346567229655626		RESISTANCE_ONLY
go_bp	GOBP_CAMP_MEDIATED_SIGNALING	DIRECTIONAL_CONSENSUS	1.4681495866303276	0	-0.8828929093248423	0.8651215805471124	-0.9512864380063718	0.8027904556290832		RESISTANCE_ONLY
go_bp	GOBP_ENDODERM_FORMATION	DIRECTIONAL_CONSENSUS	1.6109485824297056	0	-1.014184522193596	0.7177595849882467	1.2548306431952605	0.5274954054252738		RESISTANCE_ONLY
reactome	REACTOME_PHASE_II_CONJUGATION_OF_COMPOUNDS	DIRECTIONAL_CONSENSUS	-1.3760250841262975	0	-0.8473860581362106	0.936212008895478	-1.509918117833313	0.0509092271035216		RESISTANCE_ONLY
go_bp	GOBP_RESPONSE_TO_OXIDATIVE_STRESS	DIRECTIONAL_CONSENSUS	1.2860219175209342	0	1.4533061781841907	0.0173204436059445	0.8680956500997749	0.9342328778797262		RESISTANCE_ONLY
go_bp	GOBP_STEM_CELL_PROLIFERATION	DIRECTIONAL_CONSENSUS	1.4668596714086428	0	-1.3958035316999486	0.131965285522583	1.5182477229345566	0.1299583817155425		RESISTANCE_ONLY
reactome	REACTOME_UNFOLDED_PROTEIN_RESPONSE_UPR	DIRECTIONAL_CONSENSUS	1.3949973391648611	0	2.6663400112584976	2.2834042765218044e-14	-1.4765818583708346	0.0660794731877502		RESISTANCE_ONLY
go_bp	GOBP_POSITIVE_CHEMOTAXIS	DIRECTIONAL_CONSENSUS	1.4301574443366778	0	-0.7883323532526726	0.9409090909090908	0.8077025531272786	0.9102862955057698		RESISTANCE_ONLY
go_bp	GOBP_REGULATION_OF_CALCIUM_ION_TRANSMEMBRANE_TRANSPORT	DIRECTIONAL_CONSENSUS	1.3419275185569606	0	-0.9767216342886944	0.7397228232267119	1.1041732162481062	0.6396929353037233		RESISTANCE_ONLY
go_bp	GOBP_POSITIVE_REGULATION_OF_CELL_PROJECTION_ORGANIZATION	DIRECTIONAL_CONSENSUS	1.3148141690885464	0	-1.0296864748048022	0.6557435567930321	1.0386239201818273	0.7093671194989017		RESISTANCE_ONLY
go_bp	GOBP_SKELETAL_MUSCLE_TISSUE_REGENERATION	DIRECTIONAL_CONSENSUS	1.456553843844893	0	-0.5735450106139353	0.9981903277098448	-1.2774939919077355	0.5139622117254793		RESISTANCE_ONLY
go_bp	GOBP_NEGATIVE_REGULATION_OF_SMOOTH_MUSCLE_CELL_PROLIFERATION	DIRECTIONAL_CONSENSUS	1.5075540963401974	0	-1.002362604343146	0.7056790247895248	1.6031764362426717	0.1238194120452821		RESISTANCE_ONLY
go_bp	GOBP_TRANSFORMING_GROWTH_FACTOR_BETA_PRODUCTION	DIRECTIONAL_CONSENSUS	1.486562440185986	0	-1.613408160512065	0.0708020139002199	-1.0015142068067888	0.7460701846418485		RESISTANCE_ONLY
reactome	REACTOME_DEACTIVATION_OF_THE_BETA_CATENIN_TRANSACTIVATING_COMPLEX	DIRECTIONAL_CONSENSUS	1.561779183500361	0	-1.0575316375568948	0.6537811010002831	1.076271557608022	0.588379454172048		RESISTANCE_ONLY
go_bp	GOBP_CARDIAC_MUSCLE_CELL_ACTION_POTENTIAL	DIRECTIONAL_CONSENSUS	1.4928809276361883	0	-1.1947705454776874	0.4608010377241145	1.2810508162015777	0.4931809384245306		RESISTANCE_ONLY
go_bp	GOBP_TYPE_B_PANCREATIC_CELL_DEVELOPMENT	DIRECTIONAL_CONSENSUS	1.5912827990225409	0	-1.3389776067762935	0.4027291389928752	1.0353001276414673	0.7572188657394763		RESISTANCE_ONLY
go_bp	GOBP_PROTEIN_TARGETING_TO_MEMBRANE	DIRECTIONAL_CONSENSUS	1.3498946026588432	0	1.860538507164706	0.0014425753258104	1.162045778790998	0.5727355338885206		RESISTANCE_ONLY
go_bp	GOBP_LENS_FIBER_CELL_DIFFERENTIATION	DIRECTIONAL_CONSENSUS	1.6985616648117474	0	0.9131865805145568	0.8202319326512286	1.7248484317347188	0.0776307620343396		RESISTANCE_ONLY
go_bp	GOBP_MIRNA_METABOLIC_PROCESS	DIRECTIONAL_CONSENSUS	1.4860810968605365	0	-1.325734024724827	0.2759405975150076	-1.0939589653456692	0.671153648082271		RESISTANCE_ONLY
go_bp	GOBP_CELLULAR_RESPONSE_TO_GLUCOCORTICOID_STIMULUS	DIRECTIONAL_CONSENSUS	1.4355180736174298	0	1.0611167687580452	0.6646091622053161	1.087427415845335	0.6763375304057089		RESISTANCE_ONLY
go_bp	GOBP_REGULATION_OF_JNK_CASCADE	DIRECTIONAL_CONSENSUS	1.4240263984680603	0	0.8931033381090968	0.8806300442593075	-0.9306743592206402	0.8503650544466872		RESISTANCE_ONLY
go_bp	GOBP_DEVELOPMENTAL_CELL_GROWTH	DIRECTIONAL_CONSENSUS	1.2780045697059954	0	-1.118912482346753	0.5107971097541798	1.4760031956504212	0.082829556727265		RESISTANCE_ONLY
go_bp	GOBP_PLACENTA_BLOOD_VESSEL_DEVELOPMENT	DIRECTIONAL_CONSENSUS	1.4350805109432878	0	1.367297869544969	0.3427549550444588	0.8249062219257328	0.8897131977083262		RESISTANCE_ONLY
go_bp	GOBP_INCLUSION_BODY_ASSEMBLY	DIRECTIONAL_CONSENSUS	-1.5786415460226564	0	1.3196078836681842	0.4113711483100544	0.8526650309789771	0.8793781774719691		RESISTANCE_ONLY
go_bp	GOBP_RESPONSE_TO_FATTY_ACID	DIRECTIONAL_CONSENSUS	1.38887295679028	0	1.2424137919398934	0.4179628725956651	0.9882511497617136	0.7702182780438127		RESISTANCE_ONLY
go_bp	GOBP_NEGATIVE_REGULATION_OF_CYTOSKELETON_ORGANIZATION	DIRECTIONAL_CONSENSUS	1.3242123443166849	0	0.8403630589096682	0.93087995890216	1.1962505927617155	0.5032192246656086		RESISTANCE_ONLY
go_bp	GOBP_REGULATION_OF_RELEASE_OF_SEQUESTERED_CALCIUM_ION_INTO_CYTOSOL	DIRECTIONAL_CONSENSUS	1.476084299270462	0	-0.8107160695115012	0.927792829149509	-0.7152058341983049	0.9818341577714136		RESISTANCE_ONLY
go_bp	GOBP_MEMBRANE_PROTEIN_PROTEOLYSIS	DIRECTIONAL_CONSENSUS	1.4170102667314906	0	-0.6894015239598194	0.9768158695439172	1.599989993229601	0.1313898047819932		RESISTANCE_ONLY
reactome	REACTOME_L1CAM_INTERACTIONS	DIRECTIONAL_CONSENSUS	1.3517796713667174	0	-1.3451127064031847	0.2287366663064608	0.9701708771510456	0.7170100074523582		RESISTANCE_ONLY
go_bp	GOBP_NEGATIVE_REGULATION_OF_ACTIN_FILAMENT_POLYMERIZATION	DIRECTIONAL_CONSENSUS	1.3795987575296351	0	-1.038044571065896	0.6744307788000719	1.485387468813444	0.2798594921190883		RESISTANCE_ONLY
go_bp	GOBP_ENDODERM_DEVELOPMENT	DIRECTIONAL_CONSENSUS	1.5006797015186333	0	-1.081089861068293	0.5941042209294938	-1.3154505447753553	0.3992687743809882		RESISTANCE_ONLY
go_bp	GOBP_SODIUM_ION_TRANSPORT	DIRECTIONAL_CONSENSUS	1.390210094369832	0	1.14134234581698	0.4588552380252718	1.0975450060114529	0.6409080880325065		RESISTANCE_ONLY
go_bp	GOBP_INFLAMMATORY_RESPONSE_TO_WOUNDING	DIRECTIONAL_CONSENSUS	1.5698766503715094	0	1.1443429241530665	0.5941042209294938	-0.8175254279069815	0.8902810905031208		RESISTANCE_ONLY
go_bp	GOBP_CENTROSOME_DUPLICATION	DIRECTIONAL_CONSENSUS	-1.461419919115284	0	0.7603940955733328	0.9650742626918064	-1.3057556237245176	0.4353051018433796		RESISTANCE_ONLY
go_bp	GOBP_SMOOTH_MUSCLE_CELL_PROLIFERATION	DIRECTIONAL_CONSENSUS	1.3547692460876697	0	-1.3475150314564757	0.1664243413352361	1.550765477072249	0.0778593714450997		RESISTANCE_ONLY
go_bp	GOBP_REGULATION_OF_FILOPODIUM_ASSEMBLY	DIRECTIONAL_CONSENSUS	1.4982419914079308	0	1.0746926289578993	0.6405908566377765	1.3554647430208744	0.4597771517064025		RESISTANCE_ONLY
go_bp	GOBP_REGULATION_OF_PEPTIDYL_THREONINE_PHOSPHORYLATION	DIRECTIONAL_CONSENSUS	1.623011490839401	0	1.093155949846855	0.6345244351024698	-0.9595757043800968	0.8008609710253592		RESISTANCE_ONLY
go_bp	GOBP_VASCULAR_ASSOCIATED_SMOOTH_MUSCLE_CELL_MIGRATION	DIRECTIONAL_CONSENSUS	1.563892265428826	0	-1.296223982481987	0.422979797979798	1.5142792793350786	0.3488342245989304		RESISTANCE_ONLY
go_bp	GOBP_SMAD_PROTEIN_SIGNAL_TRANSDUCTION	DIRECTIONAL_CONSENSUS	1.4990770148207042	0	-0.7938110430470162	0.954739299299032	1.0441836576088412	0.7126095966339976		RESISTANCE_ONLY
reactome	REACTOME_SMOOTH_MUSCLE_CONTRACTION	DIRECTIONAL_CONSENSUS	1.4065271597077242	0	-1.7973605707756106	0.0323933831487713	0.6501664559188182	0.9804609701125973		RESISTANCE_ONLY
reactome	REACTOME_DNA_REPAIR	DIRECTIONAL_CONSENSUS	-1.2096801513129247	0	-1.3576913905892702	0.0905118504229255	-1.298850317614741	0.0819209480779863		RESISTANCE_ONLY
go_bp	GOBP_ASSOCIATIVE_LEARNING	DIRECTIONAL_CONSENSUS	1.4262985538887454	0	1.0941646378101204	0.5925589149049026	1.3242301376941406	0.4219067509595846		RESISTANCE_ONLY
go_bp	GOBP_REGULATION_OF_MUSCLE_HYPERTROPHY	DIRECTIONAL_CONSENSUS	1.5016545644014323	0	-0.8783048624714835	0.868207600680658	0.8758913498090478	0.871182484631316		RESISTANCE_ONLY
go_bp	GOBP_REGULATION_OF_P38MAPK_CASCADE	DIRECTIONAL_CONSENSUS	1.4433499036889128	0	-0.8140962086414703	0.9097389857136196	0.8949494590299345	0.8433659274322203		RESISTANCE_ONLY
reactome	REACTOME_TCF_DEPENDENT_SIGNALING_IN_RESPONSE_TO_WNT	DIRECTIONAL_CONSENSUS	1.3236865681546277	0	-0.9690141408701524	0.8051071031008102	-1.288421308546044	0.1227741920464764	USP34	RESISTANCE_ONLY
go_bp	GOBP_RESPONSE_TO_CALCIUM_ION	DIRECTIONAL_CONSENSUS	1.377492378961685	0	-1.413073080924707	0.1432355508079096	1.245643403191426	0.4682636357900969		RESISTANCE_ONLY
go_bp	GOBP_REGULATION_OF_INTRINSIC_APOPTOTIC_SIGNALING_PATHWAY_IN_RESPONSE_TO_DNA_DAMAGE	DIRECTIONAL_CONSENSUS	-1.4753721660035672	0	0.9927646536474592	0.7394408417350293	-1.638523539865132	0.1391022749610636		RESISTANCE_ONLY
go_bp	GOBP_METANEPHRIC_TUBULE_DEVELOPMENT	DIRECTIONAL_CONSENSUS	1.525259141481654	0	-0.790658339923862	0.8901851851851851	-1.1726804662735677	0.6156750226517668		RESISTANCE_ONLY
go_bp	GOBP_NEGATIVE_REGULATION_OF_CELL_JUNCTION_ASSEMBLY	DIRECTIONAL_CONSENSUS	1.5836702917896694	0	-1.5792282508557054	0.1773768506175866	1.287189734399439	0.5172992870705406		RESISTANCE_ONLY
go_bp	GOBP_CELLULAR_RESPONSE_TO_INORGANIC_SUBSTANCE	DIRECTIONAL_CONSENSUS	1.334518300654574	0	1.0502190046805415	0.6499628574965953	0.8724844605720024	0.914548179844884		RESISTANCE_ONLY
go_bp	GOBP_CAMERA_TYPE_EYE_MORPHOGENESIS	DIRECTIONAL_CONSENSUS	1.3373966826109258	0	-0.7633613077598681	0.9861105767381017	1.240396890009671	0.4682636357900969	CITED2	RESISTANCE_ONLY
go_bp	GOBP_SEMI_LUNAR_VALVE_DEVELOPMENT	DIRECTIONAL_CONSENSUS	1.4401569808047758	0	-1.0278882291927225	0.6703703703703704	1.0655380888568071	0.7041664349733847		RESISTANCE_ONLY
go_bp	GOBP_REGULATION_OF_NITRIC_OXIDE_METABOLIC_PROCESS	DIRECTIONAL_CONSENSUS	-1.51330955097381	0	-1.4533138742221643	0.1879672427113119	1.3481563098447729	0.4587378640776699		RESISTANCE_ONLY
go_bp	GOBP_NEGATIVE_REGULATION_OF_NOTCH_SIGNALING_PATHWAY	DIRECTIONAL_CONSENSUS	1.532816573252883	0	1.070007307758721	0.6563192408406258	1.451492756914325	0.3893290750078915		RESISTANCE_ONLY
go_bp	GOBP_PERIPHERAL_NERVOUS_SYSTEM_DEVELOPMENT	DIRECTIONAL_CONSENSUS	1.3447449683274737	0	-0.9148526602127972	0.8277810826888756	1.0700584509199602	0.6947615964009406	CITED2	RESISTANCE_ONLY
go_bp	GOBP_HUMORAL_IMMUNE_RESPONSE	DIRECTIONAL_CONSENSUS	1.3261493906803878	0	0.8698860485136626	0.9192041522491348	1.300785767114888	0.2368621367994915		RESISTANCE_ONLY
reactome	REACTOME_FORMATION_OF_THE_BETA_CATENIN_TCF_TRANSACTIVATING_COMPLEX	DIRECTIONAL_CONSENSUS	1.5824790177991426	0	-1.5262389985199332	0.1512272865753922	0.8823037100419323	0.7692419121197489		RESISTANCE_ONLY
go_bp	GOBP_EPHRIN_RECEPTOR_SIGNALING_PATHWAY	DIRECTIONAL_CONSENSUS	1.5108004589552528	0	0.6988184503079637	0.9779158857413576	1.6751823540385848	0.0588494193823814		RESISTANCE_ONLY
go_bp	GOBP_POSITIVE_REGULATION_OF_EXOCYTOSIS	DIRECTIONAL_CONSENSUS	1.354836212260635	0	-0.9373318276160976	0.7954689362742743	1.1537508498144708	0.6309136008087052		RESISTANCE_ONLY
reactome	REACTOME_EPH_EPHRIN_SIGNALING	DIRECTIONAL_CONSENSUS	1.3821532938374703	0	-1.5676860938078363	0.053930187222734	1.04159514030945	0.6093145598019496		RESISTANCE_ONLY
go_bp	GOBP_POSITIVE_REGULATION_OF_SMALL_MOLECULE_METABOLIC_PROCESS	DIRECTIONAL_CONSENSUS	1.358962323336723	0	1.3524947544620445	0.1868443834371132	-0.973703292606622	0.8063042676271142		RESISTANCE_ONLY
go_bp	GOBP_STRESS_FIBER_ASSEMBLY	DIRECTIONAL_CONSENSUS	1.4419611317569287	0	-1.3781040515761414	0.1598552909904546	1.5106651074398412	0.1352590659742558		RESISTANCE_ONLY
go_bp	GOBP_STEROID_BIOSYNTHETIC_PROCESS	DIRECTIONAL_CONSENSUS	1.3621311694806495	0	1.8709964938021733	0.0002091807427115	1.287801432491596	0.3322644273460279		RESISTANCE_ONLY
reactome	REACTOME_REGULATION_OF_LIPID_METABOLISM_BY_PPARALPHA	DIRECTIONAL_CONSENSUS	1.3325851854018815	0	1.5088796838154903	0.066875812870246	-1.2152532388780688	0.3195590341516551		RESISTANCE_ONLY
go_bp	GOBP_NEGATIVE_REGULATION_OF_EPITHELIAL_CELL_DIFFERENTIATION	DIRECTIONAL_CONSENSUS	1.5790736601570166	0	-1.376290199404621	0.3379326004781813	1.098700105355742	0.6785266606957842		RESISTANCE_ONLY
go_bp	GOBP_RESPONSE_TO_THYROID_HORMONE	DIRECTIONAL_CONSENSUS	1.504223709748573	0	-0.928944935301077	0.7837024128148615	-1.0251220100761194	0.7298197901702921		RESISTANCE_ONLY
go_bp	GOBP_AROMATIC_AMINO_ACID_METABOLIC_PROCESS	DIRECTIONAL_CONSENSUS	-1.4289274613298433	0	-1.01746023418484	0.7070509204120436	1.1286534316375152	0.6633646308898268		RESISTANCE_ONLY
go_bp	GOBP_POSITIVE_REGULATION_OF_CYTOSKELETON_ORGANIZATION	DIRECTIONAL_CONSENSUS	1.3656245573757653	0	-1.0241591371653525	0.6748285303000368	1.1308097696167123	0.5955068672334859		RESISTANCE_ONLY
go_bp	GOBP_DNA_STRAND_ELONGATION	DIRECTIONAL_CONSENSUS	-1.4678380188651752	0	-1.6018994806657334	0.0803248425406931	-1.3287154285682437	0.4682636357900969		RESISTANCE_ONLY
go_bp	GOBP_POLYSACCHARIDE_METABOLIC_PROCESS	DIRECTIONAL_CONSENSUS	1.3874112886931242	0	1.3474326997065251	0.2759405975150076	-1.126893900035852	0.6156750226517668		RESISTANCE_ONLY
go_bp	GOBP_ACTIN_FILAMENT_BUNDLE_ORGANIZATION	DIRECTIONAL_CONSENSUS	1.3991877710089284	0	-1.5613382743617132	0.017331581329629	1.386426115325323	0.203497455352445		RESISTANCE_ONLY
go_bp	GOBP_POSITIVE_REGULATION_OF_EXTRACELLULAR_MATRIX_ORGANIZATION	DIRECTIONAL_CONSENSUS	1.5962703443550907	0	-0.9383321186685782	0.7758839085313006	1.094280694208307	0.6947615964009406		RESISTANCE_ONLY
reactome	REACTOME_ENDOGENOUS_STEROLS	DIRECTIONAL_CONSENSUS	1.5786710441953389	0	-1.2069321791147731	0.4774678111587982	-1.013100051835735	0.6567017592771535		RESISTANCE_ONLY
go_bp	GOBP_POSITIVE_REGULATION_OF_FAT_CELL_DIFFERENTIATION	DIRECTIONAL_CONSENSUS	1.4684286716357589	0	1.035881616374334	0.6751054852320675	-0.9492935781274964	0.8035119665126268		RESISTANCE_ONLY
go_bp	GOBP_REGULATION_OF_PROTEIN_TARGETING	DIRECTIONAL_CONSENSUS	1.467368071086177	0	1.4692252951864255	0.1437949563612429	1.447998705996489	0.2769963186817677		RESISTANCE_ONLY
go_bp	GOBP_REGULATION_OF_PEPTIDYL_SERINE_PHOSPHORYLATION	DIRECTIONAL_CONSENSUS	1.459307633600936	0	-0.7926311522798354	0.957715397443024	1.2949165975596617	0.4233644859813084		RESISTANCE_ONLY
go_bp	GOBP_NEGATIVE_REGULATION_OF_SUPRAMOLECULAR_FIBER_ORGANIZATION	DIRECTIONAL_CONSENSUS	1.3067069451485696	0	1.0549037303851136	0.6565455047280756	1.2470627198603663	0.4490010788496151		RESISTANCE_ONLY
go_bp	GOBP_NEGATIVE_REGULATION_OF_OSTEOBLAST_DIFFERENTIATION	DIRECTIONAL_CONSENSUS	1.5338355270677273	0	-1.0779824055316591	0.6236654149179001	0.9092696816141512	0.8389265169270104		RESISTANCE_ONLY
go_bp	GOBP_REGULATION_OF_SMALL_MOLECULE_METABOLIC_PROCESS	DIRECTIONAL_CONSENSUS	1.2799287764587126	0	1.3029835938780023	0.1543290518682228	-0.9264843063775324	0.882049225159526		RESISTANCE_ONLY
go_bp	GOBP_DEFENSE_RESPONSE_TO_GRAM_NEGATIVE_BACTERIUM	DIRECTIONAL_CONSENSUS	1.4661554801184666	0	1.0022057171709202	0.7272173270540142	0.8981916674652192	0.8603124881559553		RESISTANCE_ONLY
go_bp	GOBP_METANEPHRIC_EPITHELIUM_DEVELOPMENT	DIRECTIONAL_CONSENSUS	1.5611452719417986	0	-0.7965809949826204	0.8901851851851851	-1.118101860775281	0.6600304277438608		RESISTANCE_ONLY
go_bp	GOBP_REGULATION_OF_MUSCLE_TISSUE_DEVELOPMENT	DIRECTIONAL_CONSENSUS	1.469349337870688	0	-0.90287021322715	0.8291689542739974	0.9148040375412428	0.8309144955411786		RESISTANCE_ONLY
go_bp	GOBP_NEURON_FATE_COMMITMENT	DIRECTIONAL_CONSENSUS	1.5091281818121156	0	-0.8313842943351752	0.8960738255033557	1.0306527964831256	0.7102822477922941		RESISTANCE_ONLY
go_bp	GOBP_CHONDROITIN_SULFATE_BIOSYNTHETIC_PROCESS	DIRECTIONAL_CONSENSUS	1.494654443136803	0	1.7950962475924	0.0570136636760785	0.9238834887021464	0.8287645964930773		RESISTANCE_ONLY
go_bp	GOBP_POSITIVE_REGULATION_OF_MUSCLE_CELL_APOPTOTIC_PROCESS	DIRECTIONAL_CONSENSUS	1.5658694320351865	0	1.390547443767571	0.3142502258355916	-0.9546534046877776	0.7901783723049278		RESISTANCE_ONLY
go_bp	GOBP_REGULATION_OF_PLATELET_DERIVED_GROWTH_FACTOR_RECEPTOR_SIGNALING_PATHWAY	DIRECTIONAL_CONSENSUS	1.7104724527058677	0	1.0764793368827212	0.6691045018690069	1.1447446908497632	0.6633646308898268		RESISTANCE_ONLY
go_bp	GOBP_MIDBRAIN_DEVELOPMENT	DIRECTIONAL_CONSENSUS	1.3274757601685894	0	-1.080543511408514	0.6098574644159764	0.9574973932935033	0.8122703126987822		RESISTANCE_ONLY
go_bp	GOBP_MYOBLAST_DIFFERENTIATION	DIRECTIONAL_CONSENSUS	1.4280231329739703	0	-1.0376274543722273	0.6672937131630647	1.3951165602284348	0.2306652319734821		RESISTANCE_ONLY
go_bp	GOBP_CELLULAR_RESPONSE_TO_PEPTIDE_HORMONE_STIMULUS	DIRECTIONAL_CONSENSUS	1.295474481621708	0	1.4278666118452057	0.0421278051054322	0.9703646866608338	0.8009216990565629		RESISTANCE_ONLY
go_bp	GOBP_RECEPTOR_MEDIATED_ENDOCYTOSIS	DIRECTIONAL_CONSENSUS	1.3028872317547675	0	-0.9867710061421175	0.7318161831751434	-1.1679404314038906	0.4675622300578079		RESISTANCE_ONLY
reactome	REACTOME_TRANSCRIPTIONAL_REGULATION_OF_PLURIPOTENT_STEM_CELLS	DIRECTIONAL_CONSENSUS	1.5929022091795524	0	0.8863675064678277	0.8437037037037037	1.714502860078164	0.0509092271035216		RESISTANCE_ONLY
go_bp	GOBP_LENS_MORPHOGENESIS_IN_CAMERA_TYPE_EYE	DIRECTIONAL_CONSENSUS	1.6059776363691245	0	1.064259746920083	0.6738186796499376	-1.140776111604953	0.649088022454121	CITED2	RESISTANCE_ONLY
reactome	REACTOME_SEMAPHORIN_INTERACTIONS	DIRECTIONAL_CONSENSUS	1.4028355337308598	0	-1.509539164947712	0.1223908229852442	1.2915434749987358	0.3276450511945392		RESISTANCE_ONLY
go_bp	GOBP_POSITIVE_REGULATION_OF_BLOOD_VESSEL_ENDOTHELIAL_CELL_MIGRATION	DIRECTIONAL_CONSENSUS	1.434715487945747	0	-1.0258311240012528	0.6868212663029561	-1.073221804605884	0.7105298039254191		RESISTANCE_ONLY
go_bp	GOBP_P38MAPK_CASCADE	DIRECTIONAL_CONSENSUS	1.58503115667228	0	0.7097081842929053	0.9768158695439172	0.7405081059421548	0.952324033373		RESISTANCE_ONLY
go_bp	GOBP_REGULATION_OF_NON_CANONICAL_WNT_SIGNALING_PATHWAY	DIRECTIONAL_CONSENSUS	1.4739238556105174	0	-0.9107673381530464	0.8099222177039083	-1.2343866097881335	0.5714688940092165		RESISTANCE_ONLY
go_bp	GOBP_REGULATION_OF_DEPHOSPHORYLATION	DIRECTIONAL_CONSENSUS	1.3884901517507815	0	1.0361616342852766	0.6703372212872757	1.063298583616055	0.7093671194989017		RESISTANCE_ONLY
go_bp	GOBP_PERK_MEDIATED_UNFOLDED_PROTEIN_RESPONSE	DIRECTIONAL_CONSENSUS	1.521611567900771	0	1.732062188531864	0.0458185566158907	0.6276148819819852	0.9668647966823052		RESISTANCE_ONLY
go_bp	GOBP_CELL_SUBSTRATE_JUNCTION_ORGANIZATION	DIRECTIONAL_CONSENSUS	1.4461618691597025	0	-1.681290314587789	0.0177080259097428	1.282525605820887	0.4490010788496151		RESISTANCE_ONLY
go_bp	GOBP_LIMBIC_SYSTEM_DEVELOPMENT	DIRECTIONAL_CONSENSUS	1.3447630346565222	0	-1.5962977025381213	0.0393216552447251	1.5593542323030154	0.0830001733835537		RESISTANCE_ONLY
go_bp	GOBP_LIPOPOLYSACCHARIDE_MEDIATED_SIGNALING_PATHWAY	DIRECTIONAL_CONSENSUS	1.5550683794570463	0	-0.8145644735377132	0.9132559981756424	-0.8102607501495506	0.905243205037589		RESISTANCE_ONLY
reactome	REACTOME_SIGNALING_BY_TGFB_FAMILY_MEMBERS	DIRECTIONAL_CONSENSUS	1.5583388201092894	0	-1.1359396732033915	0.4480917665996908	-0.9935984251400284	0.6811381129464672		RESISTANCE_ONLY
go_bp	GOBP_REGULATION_OF_SODIUM_ION_TRANSPORT	DIRECTIONAL_CONSENSUS	1.4885688868374114	0	0.9584171166623624	0.7627232629435692	1.3323049837186962	0.4108338020247468		RESISTANCE_ONLY
go_bp	GOBP_METANEPHRIC_NEPHRON_DEVELOPMENT	DIRECTIONAL_CONSENSUS	1.4581544642048432	0	-1.3709015260905837	0.3534462954109414	1.0013611691372324	0.7603353445975607		RESISTANCE_ONLY
go_bp	GOBP_NEGATIVE_REGULATION_OF_INTRINSIC_APOPTOTIC_SIGNALING_PATHWAY_IN_RESPONSE_TO_DNA_DAMAGE	DIRECTIONAL_CONSENSUS	-1.4544645642043434	0	0.8273249951928906	0.8891488656278121	-1.825484834546416	0.0804163635281917		RESISTANCE_ONLY
go_bp	GOBP_REGULATION_OF_PROTEIN_TARGETING_TO_MEMBRANE	DIRECTIONAL_CONSENSUS	1.4982569432970818	0	-1.0475720792010936	0.6599587823004087	1.4178824915098178	0.4381952601395703		RESISTANCE_ONLY
reactome	REACTOME_DNA_DOUBLE_STRAND_BREAK_REPAIR	DIRECTIONAL_CONSENSUS	-1.3318014514348218	0	-1.5421684862365344	0.0391601037712115	-1.361698556164792	0.0932444106699355		RESISTANCE_ONLY
go_bp	GOBP_CHONDROITIN_SULFATE_PROTEOGLYCAN_BIOSYNTHETIC_PROCESS	DIRECTIONAL_CONSENSUS	1.5104587338418822	0	1.8643086325800131	0.016832171021306	0.8740640702843122	0.8609607683644099		RESISTANCE_ONLY
reactome	REACTOME_RAC2_GTPASE_CYCLE	DIRECTIONAL_CONSENSUS	1.3341050249293172	0	-1.290124173831387	0.3190698098208193	-1.07710658765816	0.5585045915199986		RESISTANCE_ONLY
reactome	REACTOME_NERVOUS_SYSTEM_DEVELOPMENT	DIRECTIONAL_CONSENSUS	1.2521184274189232	0						RESISTANCE_ONLY
go_bp	GOBP_ADIPOSE_TISSUE_DEVELOPMENT	DIRECTIONAL_CONSENSUS	1.5087799768860295	0	1.1577004980415404	0.5053531479705976	1.1128049124488226	0.6706032148618969		RESISTANCE_ONLY
go_bp	GOBP_NEGATIVE_REGULATION_OF_BMP_SIGNALING_PATHWAY	DIRECTIONAL_CONSENSUS	1.4347209081449297	0	0.7646282160649881	0.9470729360144284	1.0749577032546018	0.690626764539808		RESISTANCE_ONLY
go_bp	GOBP_NEGATIVE_REGULATION_OF_CELL_SUBSTRATE_ADHESION	DIRECTIONAL_CONSENSUS	1.4820939848743198	0	-1.3402269779900289	0.3362794660607782	1.775643329148149	0.0683928587623366		RESISTANCE_ONLY
go_bp	GOBP_REGULATION_OF_SODIUM_ION_TRANSMEMBRANE_TRANSPORTER_ACTIVITY	DIRECTIONAL_CONSENSUS	1.5087586056218223	0	0.9462101824224686	0.785656192236599	1.5360058230384863	0.2356151758454843		RESISTANCE_ONLY
go_bp	GOBP_REGULATION_OF_PROTEIN_POLYMERIZATION	DIRECTIONAL_CONSENSUS	1.2825035431473435	0	-0.7803374240500478	0.9953911870503596	1.1450641128278614	0.5768950879320801		RESISTANCE_ONLY
go_bp	GOBP_NEGATIVE_REGULATION_OF_PROTEIN_LOCALIZATION_TO_MEMBRANE	DIRECTIONAL_CONSENSUS	1.6681476943419578	0	0.9718158614135004	0.7460180527936991	1.2011966142415305	0.5972758359069887		RESISTANCE_ONLY
go_bp	GOBP_INTEGRATED_STRESS_RESPONSE_SIGNALING	DIRECTIONAL_CONSENSUS	1.5803800975726112	0	1.5886671925928224	0.1226411893817923	0.9219405203452512	0.8298326426805626		RESISTANCE_ONLY
go_bp	GOBP_REGULATION_OF_STEM_CELL_PROLIFERATION	DIRECTIONAL_CONSENSUS	1.4325144778314365	0	-1.098106596445024	0.5567623590879405	1.3453610954115904	0.4009319601042403		RESISTANCE_ONLY
reactome	REACTOME_RAC3_GTPASE_CYCLE	DIRECTIONAL_CONSENSUS	1.3768451683782423	0	-1.19525190345679	0.4131430584918957	0.9701779025682032	0.7036569819349623		RESISTANCE_ONLY
go_bp	GOBP_SKIN_DEVELOPMENT	DIRECTIONAL_CONSENSUS	1.335628682839573	0	-1.58973515333263	0.0036120348691854	1.223087186621477	0.4042088333357813		RESISTANCE_ONLY
go_bp	GOBP_TELENCEPHALON_DEVELOPMENT	DIRECTIONAL_CONSENSUS	1.2468359624908654	0	-1.3040174703109488	0.1685008618999378	1.389565042030931	0.1085867353160625		RESISTANCE_ONLY
go_bp	GOBP_ORGANIC_HYDROXY_COMPOUND_BIOSYNTHETIC_PROCESS	DIRECTIONAL_CONSENSUS	1.3212276099625706	0	1.857424853572174	3.704561877675133e-05	1.2881564843414193	0.3021638399487721		RESISTANCE_ONLY
go_bp	GOBP_REGULATION_OF_NEUROTRANSMITTER_SECRETION	DIRECTIONAL_CONSENSUS	1.4314190655329266	0	1.154572121604468	0.4822015012901712	1.4522540830887896	0.247737449674898		RESISTANCE_ONLY
go_bp	GOBP_SOMATIC_STEM_CELL_POPULATION_MAINTENANCE	DIRECTIONAL_CONSENSUS	1.4216131615958012	0	-0.8822282579199737	0.8651215805471124	-1.3125159978921517	0.4494238156209987		RESISTANCE_ONLY
go_bp	GOBP_POSITIVE_REGULATION_OF_RHO_PROTEIN_SIGNAL_TRANSDUCTION	DIRECTIONAL_CONSENSUS	1.5206076842620648	0	0.9265319126868886	0.7893716993195015	0.7848483413433976	0.9132963065815052		RESISTANCE_ONLY
go_bp	GOBP_POSITIVE_REGULATION_OF_STEM_CELL_PROLIFERATION	DIRECTIONAL_CONSENSUS	1.6423070456578737	0	-1.536096236934676	0.157169022284211	-1.4589736433978868	0.2773703717742202		RESISTANCE_ONLY
go_bp	GOBP_NEURON_INTRINSIC_APOPTOTIC_SIGNALING_PATHWAY_IN_RESPONSE_TO_OXIDATIVE_STRESS	DIRECTIONAL_CONSENSUS	1.516516361200098	0	0.946675918832185	0.7848205976631165	0.9582427226497072	0.8035119665126268		RESISTANCE_ONLY
reactome	REACTOME_THE_ROLE_OF_GTSE1_IN_G2_M_PROGRESSION_AFTER_G2_CHECKPOINT	DIRECTIONAL_CONSENSUS	-1.3578490803190253	0	-0.7559195176071691	0.983440726807012	-1.4762933398123104	0.1190613286873165		RESISTANCE_ONLY
go_bp	GOBP_REGULATION_OF_GLUCOSE_IMPORT	DIRECTIONAL_CONSENSUS	1.4476310603036668	0	0.9797703705319292	0.7505020080321285	-1.4685686879768332	0.2302621045474333		RESISTANCE_ONLY
go_bp	GOBP_CELLULAR_RESPONSE_TO_BIOTIC_STIMULUS	DIRECTIONAL_CONSENSUS	1.3287502409461591	0	-1.0409693954322374	0.661875367430923	1.008517454149087	0.7572188657394763		RESISTANCE_ONLY
go_bp	GOBP_NEGATIVE_REGULATION_OF_PROTEIN_CONTAINING_COMPLEX_ASSEMBLY	DIRECTIONAL_CONSENSUS	1.4327944989363222	0	-0.8220395431301115	0.9465028497777926	1.265061034076798	0.4490010788496151		RESISTANCE_ONLY
go_bp	GOBP_NEGATIVE_REGULATION_OF_MYELOID_CELL_DIFFERENTIATION	DIRECTIONAL_CONSENSUS	1.4520436319832637	0	-1.1733986224931665	0.4707672929568594	0.940551361152356	0.8167363908898887		RESISTANCE_ONLY
reactome	REACTOME_INTERLEUKIN_4_AND_INTERLEUKIN_13_SIGNALING	DIRECTIONAL_CONSENSUS	1.438378535019251	0	0.9167833607679984	0.8437037037037037	1.4380165741445112	0.1007926887601247		RESISTANCE_ONLY
go_bp	GOBP_POSITIVE_REGULATION_OF_PROTEIN_SERINE_THREONINE_KINASE_ACTIVITY	DIRECTIONAL_CONSENSUS	1.532092598688124	0	-1.0467419397965514	0.654965310137724	1.242825575332254	0.4889128728414442		RESISTANCE_ONLY
go_bp	GOBP_SYNCYTIUM_FORMATION	DIRECTIONAL_CONSENSUS	1.5334648297998257	0	-1.1356608679121618	0.5476908947782735	0.727403435451307	0.9634881247784476		RESISTANCE_ONLY
go_bp	GOBP_LABYRINTHINE_LAYER_DEVELOPMENT	DIRECTIONAL_CONSENSUS	1.418505490472231	0	-0.8047398773677873	0.9192041522491348	1.158694800772597	0.6320964739407902		RESISTANCE_ONLY
reactome	REACTOME_MEIOSIS	DIRECTIONAL_CONSENSUS	-1.536040391185678	0	-1.216006726867145	0.4392431323644246	-0.8095781649306109	0.89848072144568		RESISTANCE_ONLY
go_bp	GOBP_RESPONSE_TO_CHEMOKINE	DIRECTIONAL_CONSENSUS	1.4812664145866208	0	-1.0091721769004471	0.7177595849882467	-0.849110798516534	0.9018944817105844		RESISTANCE_ONLY
